timestamp,open,high,low,close,volume
2026-05-22 06:30:00,0.2511,0.2511,0.2507,0.2509,279223.3
2026-05-22 06:35:00,0.2508,0.2508,0.2504,0.2506,414871.8
2026-05-22 06:40:00,0.2506,0.2508,0.2504,0.2508,135649.8
2026-05-22 06:45:00,0.2507,0.2509,0.2505,0.2509,73256.2
2026-05-22 06:50:00,0.2508,0.2508,0.2505,0.2507,210292.2
2026-05-22 06:55:00,0.2507,0.2507,0.2502,0.2503,436636.9
2026-05-22 07:00:00,0.2504,0.2504,0.2494,0.25,624897.3
2026-05-22 07:05:00,0.25,0.2501,0.2498,0.25,250127.0
2026-05-22 07:10:00,0.25,0.2505,0.2499,0.2501,200961.4
2026-05-22 07:15:00,0.2502,0.2508,0.2502,0.2507,112551.8
2026-05-22 07:20:00,0.2508,0.251,0.2506,0.2508,183120.9
2026-05-22 07:25:00,0.2507,0.2513,0.2507,0.2513,167829.0
2026-05-22 07:30:00,0.2513,0.2517,0.251,0.251,215810.1
2026-05-22 07:35:00,0.251,0.2516,0.251,0.2515,386558.8
2026-05-22 07:40:00,0.2516,0.2521,0.2516,0.2519,854004.0
2026-05-22 07:45:00,0.2519,0.252,0.2517,0.252,261673.7
2026-05-22 07:50:00,0.252,0.252,0.2518,0.252,134609.8
2026-05-22 07:55:00,0.2519,0.252,0.2515,0.2516,230341.1
2026-05-22 08:00:00,0.2516,0.2521,0.2514,0.252,127974.7
2026-05-22 08:05:00,0.252,0.252,0.2516,0.252,484385.7
2026-05-22 08:10:00,0.252,0.2524,0.2519,0.252,567894.2
2026-05-22 08:15:00,0.252,0.2525,0.252,0.2522,184029.9
2026-05-22 08:20:00,0.2522,0.2525,0.2518,0.2523,443971.9
2026-05-22 08:25:00,0.2522,0.2525,0.2521,0.2525,89259.5
2026-05-22 08:30:00,0.2525,0.2527,0.2514,0.2517,683356.6
2026-05-22 08:35:00,0.2516,0.2516,0.2508,0.2514,615517.0
2026-05-22 08:40:00,0.2513,0.2515,0.251,0.2514,235298.8
2026-05-22 08:45:00,0.2514,0.2515,0.2513,0.2515,140085.5
2026-05-22 08:50:00,0.2514,0.2519,0.2512,0.2518,327720.3
2026-05-22 08:55:00,0.2519,0.2521,0.2516,0.2516,111752.3
2026-05-22 09:00:00,0.2516,0.2518,0.2512,0.2518,186647.0
2026-05-22 09:05:00,0.2519,0.252,0.2514,0.252,367644.2
2026-05-22 09:10:00,0.2521,0.2524,0.252,0.2521,390132.6
2026-05-22 09:15:00,0.2521,0.2523,0.2518,0.2521,193179.4
2026-05-22 09:20:00,0.252,0.2525,0.252,0.2523,160939.0
2026-05-22 09:25:00,0.2522,0.2522,0.252,0.252,122546.2
2026-05-22 09:30:00,0.2521,0.2521,0.2514,0.2515,437205.3
2026-05-22 09:35:00,0.2515,0.2515,0.2511,0.2514,205633.7
2026-05-22 09:40:00,0.2514,0.2517,0.2514,0.2516,95757.5
2026-05-22 09:45:00,0.2517,0.2517,0.2511,0.2514,190661.2
2026-05-22 09:50:00,0.2514,0.2517,0.2514,0.2516,81121.0
2026-05-22 09:55:00,0.2515,0.2516,0.2511,0.2512,85735.6
2026-05-22 10:00:00,0.2512,0.2516,0.251,0.2511,112804.1
2026-05-22 10:05:00,0.251,0.2515,0.251,0.2514,61979.3
2026-05-22 10:10:00,0.2514,0.2516,0.2512,0.2513,125914.7
2026-05-22 10:15:00,0.2513,0.2513,0.2507,0.251,216907.1
2026-05-22 10:20:00,0.2509,0.2514,0.2509,0.2513,220184.7
2026-05-22 10:25:00,0.2514,0.2515,0.2513,0.2514,85862.2
2026-05-22 10:30:00,0.2514,0.2518,0.2511,0.2516,93879.6
2026-05-22 10:35:00,0.2516,0.2517,0.2514,0.2516,282191.5
2026-05-22 10:40:00,0.2517,0.2518,0.2516,0.2517,187775.2
2026-05-22 10:45:00,0.2517,0.2518,0.2515,0.2516,69489.5
2026-05-22 10:50:00,0.2517,0.2517,0.2515,0.2516,53728.1
2026-05-22 10:55:00,0.2515,0.2515,0.2513,0.2514,76496.4
2026-05-22 11:00:00,0.2514,0.2521,0.2514,0.2519,180591.3
2026-05-22 11:05:00,0.2519,0.252,0.2517,0.2519,114721.1
2026-05-22 11:10:00,0.2519,0.2519,0.2515,0.2517,110260.2
2026-05-22 11:15:00,0.2517,0.2517,0.2511,0.2511,117028.6
2026-05-22 11:20:00,0.2511,0.2514,0.2509,0.2513,151879.9
2026-05-22 11:25:00,0.2513,0.2516,0.2511,0.2512,144737.4
2026-05-22 11:30:00,0.2512,0.2516,0.2512,0.2514,91429.3
2026-05-22 11:35:00,0.2514,0.2519,0.2514,0.2516,78845.1
2026-05-22 11:40:00,0.2515,0.2517,0.2513,0.2516,76037.3
2026-05-22 11:45:00,0.2516,0.2524,0.2515,0.2523,572929.0
2026-05-22 11:50:00,0.2522,0.2528,0.2522,0.2526,545662.7
2026-05-22 11:55:00,0.2526,0.2526,0.2524,0.2526,246744.9
2026-05-22 12:00:00,0.2526,0.2527,0.2523,0.2525,248336.8
2026-05-22 12:05:00,0.2524,0.2527,0.2524,0.2526,125293.9
2026-05-22 12:10:00,0.2526,0.2534,0.2525,0.253,1154224.1
2026-05-22 12:15:00,0.2531,0.2533,0.2526,0.2528,297776.6
2026-05-22 12:20:00,0.2527,0.2527,0.2521,0.2525,441238.8
2026-05-22 12:25:00,0.2525,0.2525,0.2522,0.2523,71566.0
2026-05-22 12:30:00,0.2523,0.2525,0.2521,0.2525,180752.8
2026-05-22 12:35:00,0.2525,0.2528,0.2522,0.2527,869943.4
2026-05-22 12:40:00,0.2527,0.2531,0.2526,0.2531,123800.1
2026-05-22 12:45:00,0.2531,0.2536,0.2531,0.2536,776400.8
2026-05-22 12:50:00,0.2537,0.2543,0.2537,0.2541,1290659.6
2026-05-22 12:55:00,0.2541,0.2542,0.2538,0.2542,727654.4
2026-05-22 13:00:00,0.2542,0.2545,0.254,0.2543,670053.7
2026-05-22 13:05:00,0.2543,0.2546,0.2539,0.2545,634495.2
2026-05-22 13:10:00,0.2546,0.2546,0.2539,0.254,896349.2
2026-05-22 13:15:00,0.2541,0.2546,0.2539,0.2539,653499.1
2026-05-22 13:20:00,0.2539,0.2539,0.2531,0.2536,774623.1
2026-05-22 13:25:00,0.2536,0.2536,0.253,0.2531,437308.3
2026-05-22 13:30:00,0.253,0.2537,0.2522,0.2526,1619327.2
2026-05-22 13:35:00,0.2527,0.2531,0.2527,0.2528,365257.7
2026-05-22 13:40:00,0.2529,0.2532,0.2521,0.2525,1247924.3
2026-05-22 13:45:00,0.2525,0.2528,0.2517,0.2521,230769.2
2026-05-22 13:50:00,0.2522,0.2522,0.2516,0.2521,224925.2
2026-05-22 13:55:00,0.2521,0.2525,0.2519,0.2525,510663.1
2026-05-22 14:00:00,0.2524,0.2524,0.2513,0.2513,1533875.4
2026-05-22 14:05:00,0.2513,0.2514,0.2505,0.2512,724940.7
2026-05-22 14:10:00,0.2512,0.2515,0.251,0.2513,192400.1
2026-05-22 14:15:00,0.2512,0.2515,0.2501,0.2502,1185809.4
2026-05-22 14:20:00,0.2502,0.2504,0.2493,0.25,3984128.0
2026-05-22 14:25:00,0.2501,0.2504,0.2499,0.2502,469486.6
2026-05-22 14:30:00,0.2502,0.2503,0.2499,0.2503,484271.7
2026-05-22 14:35:00,0.2503,0.2505,0.2501,0.2503,227701.5
2026-05-22 14:40:00,0.2504,0.2505,0.25,0.2502,201664.6
2026-05-22 14:45:00,0.2502,0.2503,0.2497,0.25,980055.3
2026-05-22 14:50:00,0.25,0.25,0.2489,0.2496,1352062.3
2026-05-22 14:55:00,0.2495,0.2498,0.2492,0.2495,293900.9
2026-05-22 15:00:00,0.2495,0.2498,0.2491,0.2498,972924.1
2026-05-22 15:05:00,0.2498,0.2499,0.2492,0.2494,1054615.5
2026-05-22 15:10:00,0.2493,0.2494,0.2487,0.2488,720622.4
2026-05-22 15:15:00,0.2489,0.2495,0.2489,0.2494,176084.5
2026-05-22 15:20:00,0.2495,0.2497,0.2484,0.2485,477696.9
2026-05-22 15:25:00,0.2484,0.2499,0.248,0.2497,1537682.8
2026-05-22 15:30:00,0.2496,0.2504,0.2495,0.2504,674068.3
2026-05-22 15:35:00,0.2503,0.2503,0.2493,0.2493,661610.8
2026-05-22 15:40:00,0.2493,0.2494,0.249,0.2492,512825.6
2026-05-22 15:45:00,0.2492,0.2495,0.2491,0.2493,425622.2
2026-05-22 15:50:00,0.2493,0.2498,0.249,0.2498,129676.4
2026-05-22 15:55:00,0.2498,0.25,0.2497,0.2497,101302.7
2026-05-22 16:00:00,0.2497,0.2503,0.2496,0.2501,255053.7
2026-05-22 16:05:00,0.2502,0.2502,0.2494,0.2495,213554.6
2026-05-22 16:10:00,0.2495,0.2497,0.2492,0.2495,220751.7
2026-05-22 16:15:00,0.2494,0.2494,0.2489,0.249,323790.2
2026-05-22 16:20:00,0.2491,0.2496,0.2489,0.2491,1314663.5
2026-05-22 16:25:00,0.249,0.2496,0.249,0.2494,453297.0
2026-05-22 16:30:00,0.2494,0.2497,0.249,0.249,185433.6
2026-05-22 16:35:00,0.2491,0.2493,0.2488,0.2489,114350.5
2026-05-22 16:40:00,0.249,0.2491,0.2485,0.2489,333877.8
2026-05-22 16:45:00,0.2489,0.2492,0.2488,0.2491,121004.0
2026-05-22 16:50:00,0.2492,0.2495,0.2491,0.2494,80247.3
2026-05-22 16:55:00,0.2495,0.2495,0.2491,0.2494,87452.4
2026-05-22 17:00:00,0.2494,0.2499,0.2494,0.2497,347270.5
2026-05-22 17:05:00,0.2498,0.2498,0.2495,0.2497,217899.1
2026-05-22 17:10:00,0.2496,0.2496,0.2493,0.2495,198065.4
2026-05-22 17:15:00,0.2495,0.2497,0.2487,0.2488,436350.2
2026-05-22 17:20:00,0.2487,0.2491,0.2484,0.2488,348129.5
2026-05-22 17:25:00,0.2487,0.2501,0.2487,0.25,990508.3
2026-05-22 17:30:00,0.2501,0.2502,0.2494,0.2497,125549.3
2026-05-22 17:35:00,0.2497,0.25,0.2496,0.25,68586.0
2026-05-22 17:40:00,0.25,0.2503,0.2499,0.2499,226255.5
2026-05-22 17:45:00,0.25,0.25,0.2491,0.2491,166170.3
2026-05-22 17:50:00,0.2492,0.2493,0.2489,0.2491,343741.5
2026-05-22 17:55:00,0.249,0.2492,0.2488,0.2489,233367.1
2026-05-22 18:00:00,0.2488,0.2489,0.248,0.2483,1377756.5
2026-05-22 18:05:00,0.2484,0.2485,0.2481,0.2481,583509.6
2026-05-22 18:10:00,0.2482,0.2484,0.2478,0.2484,592342.0
2026-05-22 18:15:00,0.2484,0.2489,0.2482,0.2488,280626.4
2026-05-22 18:20:00,0.2488,0.2492,0.2486,0.249,126767.9
2026-05-22 18:25:00,0.2489,0.249,0.2483,0.2486,162293.6
2026-05-22 18:30:00,0.2485,0.2486,0.2476,0.2477,406909.6
2026-05-22 18:35:00,0.2477,0.248,0.247,0.2476,3286181.7
2026-05-22 18:40:00,0.2475,0.2476,0.2468,0.2468,937635.5
2026-05-22 18:45:00,0.2469,0.2469,0.2427,0.2446,16129257.9
2026-05-22 18:50:00,0.2447,0.2457,0.2446,0.2456,514741.1
2026-05-22 18:55:00,0.2455,0.2459,0.2453,0.2457,616738.9
2026-05-22 19:00:00,0.2456,0.2461,0.2447,0.2449,1450065.2
2026-05-22 19:05:00,0.2449,0.2451,0.2442,0.2445,2390478.2
2026-05-22 19:10:00,0.2444,0.2451,0.2443,0.2447,511407.9
2026-05-22 19:15:00,0.2446,0.2452,0.2446,0.2452,621236.1
2026-05-22 19:20:00,0.2452,0.2455,0.2451,0.2452,637712.5
2026-05-22 19:25:00,0.2452,0.2454,0.2443,0.2446,754753.2
2026-05-22 19:30:00,0.2447,0.2447,0.2424,0.2437,4957641.7
2026-05-22 19:35:00,0.2437,0.244,0.2432,0.2436,486775.6
2026-05-22 19:40:00,0.2435,0.2435,0.2424,0.2433,2076868.7
2026-05-22 19:45:00,0.2432,0.2436,0.2429,0.2433,389417.8
2026-05-22 19:50:00,0.2433,0.2452,0.243,0.2448,2983280.4
2026-05-22 19:55:00,0.2448,0.245,0.2443,0.2443,381700.3
2026-05-22 20:00:00,0.2444,0.2453,0.2444,0.2449,459878.2
2026-05-22 20:05:00,0.245,0.2455,0.2449,0.2455,473604.4
2026-05-22 20:10:00,0.2455,0.2458,0.2451,0.2453,450187.8
2026-05-22 20:15:00,0.2453,0.2456,0.245,0.2453,161972.8
2026-05-22 20:20:00,0.2453,0.2455,0.2449,0.2453,193842.0
2026-05-22 20:25:00,0.2452,0.2454,0.2451,0.2453,111168.2
2026-05-22 20:30:00,0.2453,0.2453,0.2443,0.2449,881610.5
2026-05-22 20:35:00,0.2449,0.2451,0.2448,0.2451,160197.6
2026-05-22 20:40:00,0.2451,0.2454,0.245,0.2451,102994.3
2026-05-22 20:45:00,0.2451,0.2455,0.2448,0.2454,199731.4
2026-05-22 20:50:00,0.2454,0.2459,0.2452,0.2456,194973.3
2026-05-22 20:55:00,0.2455,0.2457,0.2452,0.2457,212174.6
2026-05-22 21:00:00,0.2456,0.2459,0.2455,0.2457,302645.4
2026-05-22 21:05:00,0.2457,0.246,0.2457,0.2459,602678.3
2026-05-22 21:10:00,0.2459,0.2463,0.2458,0.2461,238827.2
2026-05-22 21:15:00,0.246,0.2461,0.2458,0.2461,134546.8
2026-05-22 21:20:00,0.2461,0.2461,0.2459,0.246,121353.7
2026-05-22 21:25:00,0.246,0.2463,0.246,0.2463,23570.4
2026-05-22 21:30:00,0.2464,0.2467,0.2464,0.2465,400549.6
2026-05-22 21:35:00,0.2466,0.2467,0.2464,0.2466,90683.9
2026-05-22 21:40:00,0.2466,0.2468,0.2465,0.2468,186220.0
2026-05-22 21:45:00,0.2467,0.2468,0.2466,0.2467,48956.9
2026-05-22 21:50:00,0.2468,0.2468,0.2464,0.2464,96213.6
2026-05-22 21:55:00,0.2464,0.2464,0.246,0.246,12541.1
2026-05-22 22:00:00,0.246,0.2462,0.2459,0.246,129962.7
2026-05-22 22:05:00,0.2459,0.246,0.2456,0.2457,85396.8
2026-05-22 22:10:00,0.2458,0.2461,0.2454,0.246,343870.9
2026-05-22 22:15:00,0.246,0.2461,0.2456,0.2458,228544.6
2026-05-22 22:20:00,0.2457,0.2458,0.2455,0.2456,111553.4
2026-05-22 22:25:00,0.2456,0.2456,0.2454,0.2455,57371.3
2026-05-22 22:30:00,0.2454,0.2457,0.2451,0.2451,377782.6
2026-05-22 22:35:00,0.2451,0.2453,0.245,0.2453,71368.0
2026-05-22 22:40:00,0.2453,0.2453,0.2446,0.2451,344589.0
2026-05-22 22:45:00,0.2451,0.2453,0.245,0.2453,33085.8
2026-05-22 22:50:00,0.2453,0.2454,0.2452,0.2454,24885.7
2026-05-22 22:55:00,0.2453,0.2454,0.2453,0.2453,25044.0
2026-05-22 23:00:00,0.2453,0.2458,0.2453,0.2457,104144.9
2026-05-22 23:05:00,0.2456,0.2458,0.2455,0.2455,204198.9
2026-05-22 23:10:00,0.2456,0.2458,0.2455,0.2457,124294.8
2026-05-22 23:15:00,0.2456,0.2457,0.2449,0.2449,188330.0
2026-05-22 23:20:00,0.245,0.2451,0.2447,0.2449,121535.8
2026-05-22 23:25:00,0.2449,0.2449,0.2438,0.244,498600.5
2026-05-22 23:30:00,0.244,0.2446,0.2439,0.2446,148461.9
2026-05-22 23:35:00,0.2445,0.245,0.2445,0.2449,94634.7
2026-05-22 23:40:00,0.2449,0.2452,0.2449,0.2451,92832.1
2026-05-22 23:45:00,0.245,0.245,0.241,0.2421,8301448.0
2026-05-22 23:50:00,0.2422,0.2428,0.2418,0.2426,629529.2
2026-05-22 23:55:00,0.2426,0.2428,0.2424,0.2424,231963.6
2026-05-23 00:00:00,0.2424,0.243,0.2421,0.2426,617437.2
2026-05-23 00:05:00,0.2427,0.243,0.2425,0.2429,381362.5
2026-05-23 00:10:00,0.2429,0.2433,0.2424,0.2427,1037693.9
2026-05-23 00:15:00,0.2427,0.2431,0.2424,0.2428,774056.7
2026-05-23 00:20:00,0.2428,0.2429,0.2425,0.2428,152696.8
2026-05-23 00:25:00,0.2428,0.2429,0.2423,0.2427,422965.7
2026-05-23 00:30:00,0.2428,0.2431,0.2424,0.2429,669329.0
2026-05-23 00:35:00,0.2429,0.2429,0.2421,0.2425,924582.0
2026-05-23 00:40:00,0.2425,0.2425,0.2416,0.2424,1060694.6
2026-05-23 00:45:00,0.2423,0.2429,0.2421,0.2428,263686.7
2026-05-23 00:50:00,0.2428,0.2433,0.2427,0.2432,716994.6
2026-05-23 00:55:00,0.2432,0.2436,0.2432,0.2434,220468.9
2026-05-23 01:00:00,0.2434,0.244,0.2434,0.2436,311136.0
2026-05-23 01:05:00,0.2436,0.2436,0.2434,0.2435,65283.8
2026-05-23 01:10:00,0.2435,0.2435,0.2429,0.243,1281394.9
2026-05-23 01:15:00,0.243,0.2433,0.2426,0.2432,369306.2
2026-05-23 01:20:00,0.2432,0.2435,0.2432,0.2435,136382.7
2026-05-23 01:25:00,0.2435,0.2437,0.2434,0.2437,46987.9
2026-05-23 01:30:00,0.2436,0.2437,0.2435,0.2435,313115.1
2026-05-23 01:35:00,0.2435,0.2439,0.2434,0.2438,210064.8
2026-05-23 01:40:00,0.2438,0.2439,0.2435,0.2438,59611.8
2026-05-23 01:45:00,0.2437,0.2439,0.2433,0.2439,585033.6
2026-05-23 01:50:00,0.2438,0.2439,0.2435,0.2438,633373.1
2026-05-23 01:55:00,0.2438,0.2439,0.2437,0.2438,71248.7
2026-05-23 02:00:00,0.2439,0.2441,0.2436,0.2437,1058765.3
2026-05-23 02:05:00,0.2438,0.2441,0.2438,0.2439,142962.3
2026-05-23 02:10:00,0.244,0.2442,0.2438,0.2438,331276.1
2026-05-23 02:15:00,0.2439,0.244,0.2434,0.2436,113154.8
2026-05-23 02:20:00,0.2437,0.2439,0.2435,0.2438,27898.4
2026-05-23 02:25:00,0.2438,0.2438,0.2435,0.2437,40700.2
2026-05-23 02:30:00,0.2437,0.2437,0.2435,0.2435,73066.2
2026-05-23 02:35:00,0.2436,0.2437,0.2433,0.2437,346867.6
2026-05-23 02:40:00,0.2436,0.2438,0.2435,0.2437,186587.7
2026-05-23 02:45:00,0.2438,0.2439,0.2436,0.2438,101016.5
2026-05-23 02:50:00,0.2439,0.2439,0.2437,0.2437,52275.0
2026-05-23 02:55:00,0.2438,0.2439,0.2436,0.2438,89577.5
2026-05-23 03:00:00,0.2437,0.2439,0.2437,0.2438,115511.3
2026-05-23 03:05:00,0.2438,0.244,0.2437,0.2438,357040.4
2026-05-23 03:10:00,0.2439,0.2439,0.2437,0.2438,131382.0
2026-05-23 03:15:00,0.2439,0.244,0.2437,0.2438,193932.0
2026-05-23 03:20:00,0.2437,0.244,0.2437,0.2439,129689.7
2026-05-23 03:25:00,0.2438,0.2439,0.2436,0.2438,74224.5
2026-05-23 03:30:00,0.2439,0.2441,0.2438,0.244,189159.5
2026-05-23 03:35:00,0.244,0.2441,0.2439,0.2441,33472.6
2026-05-23 03:40:00,0.244,0.2441,0.2439,0.244,140462.3
2026-05-23 03:45:00,0.244,0.244,0.2439,0.244,41764.9
2026-05-23 03:50:00,0.244,0.244,0.2439,0.244,8679.5
2026-05-23 03:55:00,0.244,0.244,0.2436,0.2438,191201.0
2026-05-23 04:00:00,0.2438,0.2438,0.2434,0.2437,525768.1
2026-05-23 04:05:00,0.2437,0.2437,0.2434,0.2436,292033.9
2026-05-23 04:10:00,0.2436,0.2437,0.2435,0.2436,42445.5
2026-05-23 04:15:00,0.2436,0.2436,0.2431,0.2433,417811.5
2026-05-23 04:20:00,0.2433,0.2433,0.2428,0.2431,297021.2
2026-05-23 04:25:00,0.2431,0.2432,0.2428,0.243,325035.7
2026-05-23 04:30:00,0.243,0.2435,0.243,0.2432,74296.1
2026-05-23 04:35:00,0.2432,0.2432,0.2426,0.2426,210372.1
2026-05-23 04:40:00,0.2426,0.2427,0.2422,0.2424,217130.3
2026-05-23 04:45:00,0.2424,0.2427,0.2424,0.2427,61346.9
2026-05-23 04:50:00,0.2426,0.2428,0.2424,0.2425,118279.5
2026-05-23 04:55:00,0.2424,0.2425,0.2422,0.2424,178839.0
2026-05-23 05:00:00,0.2423,0.2423,0.2419,0.2422,366208.5
2026-05-23 05:05:00,0.2422,0.2424,0.2422,0.2422,78601.2
2026-05-23 05:10:00,0.2422,0.2422,0.242,0.2421,352900.6
2026-05-23 05:15:00,0.2421,0.2423,0.2416,0.2418,378409.0
2026-05-23 05:20:00,0.2417,0.2419,0.2413,0.2415,673521.2
2026-05-23 05:25:00,0.2416,0.2419,0.2415,0.2417,1047243.0
2026-05-23 05:30:00,0.2416,0.2417,0.2413,0.2414,410262.6
2026-05-23 05:35:00,0.2415,0.242,0.2415,0.2419,433951.8
2026-05-23 05:40:00,0.242,0.2422,0.2418,0.2422,140373.0
2026-05-23 05:45:00,0.2422,0.2423,0.2419,0.242,491639.7
2026-05-23 05:50:00,0.242,0.242,0.2419,0.242,45703.5
2026-05-23 05:55:00,0.242,0.2421,0.2417,0.2421,178920.1
2026-05-23 06:00:00,0.242,0.2423,0.2417,0.2419,247058.9
2026-05-23 06:05:00,0.2419,0.2421,0.2418,0.242,100782.4
2026-05-23 06:10:00,0.242,0.2421,0.2418,0.2419,155137.5
2026-05-23 06:15:00,0.242,0.2422,0.2419,0.2422,500617.0
2026-05-23 06:20:00,0.2422,0.2422,0.242,0.2422,47270.0
2026-05-23 06:25:00,0.2421,0.2421,0.2418,0.2418,255981.7
2026-05-23 06:30:00,0.2419,0.2424,0.2419,0.2421,161935.8
2026-05-23 06:35:00,0.2422,0.2423,0.2417,0.2418,315418.9
2026-05-23 06:40:00,0.2419,0.2421,0.2418,0.2419,227269.6
2026-05-23 06:45:00,0.2419,0.242,0.2415,0.2418,172478.6
2026-05-23 06:50:00,0.2418,0.2419,0.2417,0.2418,155571.5
2026-05-23 06:55:00,0.2417,0.2421,0.2417,0.2421,107466.0
2026-05-23 07:00:00,0.2422,0.2423,0.2417,0.2418,359569.2
2026-05-23 07:05:00,0.2417,0.2417,0.2411,0.2417,1033234.8
2026-05-23 07:10:00,0.2417,0.2419,0.2415,0.2416,87410.9
2026-05-23 07:15:00,0.2416,0.2417,0.2415,0.2415,386037.4
2026-05-23 07:20:00,0.2415,0.2417,0.2412,0.2416,694479.6
2026-05-23 07:25:00,0.2416,0.2416,0.2413,0.2416,155024.1
2026-05-23 07:30:00,0.2416,0.2416,0.2407,0.2414,797701.4
2026-05-23 07:35:00,0.2414,0.2418,0.2413,0.2416,195425.6
2026-05-23 07:40:00,0.2416,0.2416,0.2411,0.2412,250023.4
2026-05-23 07:45:00,0.2412,0.2412,0.239,0.2394,8500385.1
2026-05-23 07:50:00,0.2395,0.2395,0.2358,0.2371,12343503.9
2026-05-23 07:55:00,0.2371,0.238,0.237,0.2378,1597932.9
2026-05-23 08:00:00,0.2378,0.2383,0.2371,0.2374,1560297.1
2026-05-23 08:05:00,0.2375,0.238,0.2369,0.238,1526169.3
2026-05-23 08:10:00,0.238,0.2387,0.238,0.2385,594751.8
2026-05-23 08:15:00,0.2384,0.2389,0.2384,0.2386,628252.1
2026-05-23 08:20:00,0.2387,0.2389,0.2384,0.2389,1557786.0
2026-05-23 08:25:00,0.2388,0.2388,0.238,0.2381,783502.9
2026-05-23 08:30:00,0.238,0.2381,0.2377,0.2381,461329.8
2026-05-23 08:35:00,0.2381,0.2381,0.2374,0.2374,448150.9
2026-05-23 08:40:00,0.2375,0.2379,0.2373,0.2379,581925.9
2026-05-23 08:45:00,0.2378,0.2384,0.2377,0.2384,791844.8
2026-05-23 08:50:00,0.2384,0.2387,0.2382,0.2383,243234.3
2026-05-23 08:55:00,0.2383,0.2385,0.2382,0.2385,134645.8
2026-05-23 09:00:00,0.2385,0.2387,0.2383,0.2386,656533.5
2026-05-23 09:05:00,0.2386,0.2386,0.2381,0.2381,370288.2
2026-05-23 09:10:00,0.2381,0.2384,0.2381,0.2382,327851.5
2026-05-23 09:15:00,0.2382,0.2383,0.2374,0.2377,953058.3
2026-05-23 09:20:00,0.2378,0.238,0.2376,0.2378,304350.5
2026-05-23 09:25:00,0.2377,0.2379,0.2377,0.2379,115468.0
2026-05-23 09:30:00,0.2379,0.2381,0.2377,0.2381,217676.2
2026-05-23 09:35:00,0.238,0.2381,0.2379,0.238,221709.5
2026-05-23 09:40:00,0.2381,0.2383,0.238,0.2381,94803.0
2026-05-23 09:45:00,0.2382,0.2385,0.2381,0.2385,151282.2
2026-05-23 09:50:00,0.2384,0.2386,0.2383,0.2385,227982.7
2026-05-23 09:55:00,0.2385,0.2385,0.2383,0.2383,136876.6
2026-05-23 10:00:00,0.2384,0.2386,0.2384,0.2386,172534.9
2026-05-23 10:05:00,0.2385,0.2388,0.2385,0.2388,149690.7
2026-05-23 10:10:00,0.2388,0.2389,0.2386,0.2389,144457.1
2026-05-23 10:15:00,0.2389,0.239,0.2388,0.2389,142331.9
2026-05-23 10:20:00,0.2389,0.2389,0.2387,0.2388,275710.7
2026-05-23 10:25:00,0.2389,0.2391,0.2389,0.239,112977.4
2026-05-23 10:30:00,0.2391,0.2391,0.239,0.2391,108955.0
2026-05-23 10:35:00,0.2392,0.2393,0.2391,0.2393,227801.6
2026-05-23 10:40:00,0.2393,0.2394,0.2392,0.2393,202734.1
2026-05-23 10:45:00,0.2393,0.2394,0.2392,0.2392,622710.7
2026-05-23 10:50:00,0.2392,0.2394,0.2391,0.2393,941128.5
2026-05-23 10:55:00,0.2393,0.2393,0.239,0.2391,91565.6
2026-05-23 11:00:00,0.2391,0.2391,0.2389,0.2389,209214.4
2026-05-23 11:05:00,0.239,0.2393,0.2389,0.239,445529.9
2026-05-23 11:10:00,0.2391,0.2392,0.2389,0.2389,198707.6
2026-05-23 11:15:00,0.239,0.2391,0.2389,0.2391,181583.5
2026-05-23 11:20:00,0.2391,0.2391,0.2389,0.2391,78832.4
2026-05-23 11:25:00,0.2391,0.2391,0.239,0.2391,17223.2
2026-05-23 11:30:00,0.2391,0.2391,0.2388,0.2389,111984.2
2026-05-23 11:35:00,0.2389,0.2389,0.2385,0.2385,277055.6
2026-05-23 11:40:00,0.2386,0.2386,0.2384,0.2386,329482.8
2026-05-23 11:45:00,0.2386,0.2386,0.2382,0.2382,359498.6
2026-05-23 11:50:00,0.2383,0.2383,0.2381,0.2383,722495.8
2026-05-23 11:55:00,0.2383,0.2384,0.2381,0.2382,222192.0
2026-05-23 12:00:00,0.2381,0.2383,0.238,0.2381,624141.6
2026-05-23 12:05:00,0.238,0.2381,0.2378,0.2381,451418.6
2026-05-23 12:10:00,0.238,0.2382,0.2379,0.2381,325811.6
2026-05-23 12:15:00,0.238,0.2381,0.2379,0.2379,341027.4
2026-05-23 12:20:00,0.2379,0.238,0.2378,0.2379,346477.4
2026-05-23 12:25:00,0.238,0.2382,0.238,0.2381,377060.6
2026-05-23 12:30:00,0.2381,0.2383,0.238,0.2382,96902.2
2026-05-23 12:35:00,0.2382,0.2384,0.2382,0.2384,65302.7
2026-05-23 12:40:00,0.2384,0.2384,0.238,0.2381,147849.7
2026-05-23 12:45:00,0.2381,0.2381,0.2379,0.238,176190.2
2026-05-23 12:50:00,0.2379,0.238,0.2379,0.238,87433.6
2026-05-23 12:55:00,0.238,0.2382,0.2379,0.2382,726352.3
2026-05-23 13:00:00,0.2382,0.239,0.2382,0.2388,436444.6
2026-05-23 13:05:00,0.2387,0.2393,0.2385,0.2389,368644.1
2026-05-23 13:10:00,0.2389,0.2391,0.2389,0.2391,213212.1
2026-05-23 13:15:00,0.2391,0.2403,0.2391,0.2399,3613540.3
2026-05-23 13:20:00,0.2399,0.2411,0.2398,0.2406,1824138.6
2026-05-23 13:25:00,0.2406,0.2412,0.2406,0.2409,1064074.7
2026-05-23 13:30:00,0.2409,0.2412,0.2404,0.2404,253635.4
2026-05-23 13:35:00,0.2405,0.2405,0.2401,0.2404,94740.5
2026-05-23 13:40:00,0.2404,0.2404,0.2399,0.2402,64131.6
2026-05-23 13:45:00,0.2402,0.241,0.2402,0.2409,238410.4
2026-05-23 13:50:00,0.2408,0.2409,0.2404,0.2408,402573.7
2026-05-23 13:55:00,0.2408,0.241,0.2406,0.2408,330128.1
2026-05-23 14:00:00,0.2409,0.241,0.2405,0.2405,330140.0
2026-05-23 14:05:00,0.2405,0.241,0.2403,0.2408,817437.5
2026-05-23 14:10:00,0.2407,0.2408,0.2406,0.2407,23847.1
2026-05-23 14:15:00,0.2407,0.2407,0.2403,0.2405,196223.0
2026-05-23 14:20:00,0.2406,0.241,0.2405,0.2408,619287.6
2026-05-23 14:25:00,0.2408,0.2409,0.2404,0.2405,33003.2
2026-05-23 14:30:00,0.2405,0.241,0.2405,0.2409,153133.7
2026-05-23 14:35:00,0.2408,0.2412,0.2408,0.2411,1017879.5
2026-05-23 14:40:00,0.2411,0.2416,0.2411,0.2414,554363.6
2026-05-23 14:45:00,0.2414,0.2417,0.2412,0.2413,115890.9
2026-05-23 14:50:00,0.2413,0.2418,0.2412,0.2417,183645.1
2026-05-23 14:55:00,0.2417,0.243,0.2417,0.2427,1161265.0
2026-05-23 15:00:00,0.2428,0.2432,0.2424,0.2429,1104760.5
2026-05-23 15:05:00,0.2428,0.2438,0.2427,0.2436,1513484.5
2026-05-23 15:10:00,0.2437,0.2437,0.2434,0.2435,293621.8
2026-05-23 15:15:00,0.2435,0.2435,0.2429,0.2431,410746.1
2026-05-23 15:20:00,0.243,0.2431,0.2426,0.2427,1349551.0
2026-05-23 15:25:00,0.2427,0.2427,0.2421,0.2422,674544.4
2026-05-23 15:30:00,0.2422,0.2423,0.2417,0.2419,132305.4
2026-05-23 15:35:00,0.2418,0.2421,0.2416,0.2417,520163.3
2026-05-23 15:40:00,0.2417,0.2421,0.2417,0.2418,112516.5
2026-05-23 15:45:00,0.2418,0.2424,0.2418,0.2421,68007.8
2026-05-23 15:50:00,0.2421,0.2423,0.2419,0.2421,241138.0
2026-05-23 15:55:00,0.2421,0.2424,0.242,0.2423,27476.6
2026-05-23 16:00:00,0.2424,0.2427,0.2422,0.2425,252783.4
2026-05-23 16:05:00,0.2425,0.2425,0.2422,0.2423,162278.9
2026-05-23 16:10:00,0.2424,0.2424,0.2421,0.2421,241474.7
2026-05-23 16:15:00,0.2422,0.2424,0.2421,0.2423,122560.9
2026-05-23 16:20:00,0.2423,0.2424,0.242,0.2421,96440.3
2026-05-23 16:25:00,0.2421,0.2422,0.2418,0.2421,155954.2
2026-05-23 16:30:00,0.2421,0.2425,0.2421,0.2423,119883.9
2026-05-23 16:35:00,0.2423,0.2428,0.2422,0.2426,60357.0
2026-05-23 16:40:00,0.2426,0.2426,0.2422,0.2423,181161.1
2026-05-23 16:45:00,0.2424,0.2431,0.2423,0.2431,2095524.8
2026-05-23 16:50:00,0.243,0.2432,0.2429,0.2429,807696.4
2026-05-23 16:55:00,0.243,0.243,0.2426,0.2427,254650.4
2026-05-23 17:00:00,0.2427,0.2429,0.242,0.242,636855.7
2026-05-23 17:05:00,0.242,0.2425,0.2419,0.2422,212515.0
2026-05-23 17:10:00,0.2423,0.2423,0.2421,0.2422,198418.8
2026-05-23 17:15:00,0.2422,0.2425,0.2422,0.2423,126814.0
2026-05-23 17:20:00,0.2422,0.2423,0.242,0.2421,158416.9
2026-05-23 17:25:00,0.2421,0.2424,0.242,0.2424,269415.4
2026-05-23 17:30:00,0.2423,0.2425,0.2421,0.2421,117480.5
2026-05-23 17:35:00,0.2421,0.2424,0.2421,0.2424,359461.0
2026-05-23 17:40:00,0.2424,0.2427,0.2424,0.2427,152366.8
2026-05-23 17:45:00,0.2426,0.2426,0.2419,0.2423,151872.8
2026-05-23 17:50:00,0.2423,0.2426,0.2423,0.2425,59388.8
2026-05-23 17:55:00,0.2424,0.2427,0.2424,0.2426,123060.1
2026-05-23 18:00:00,0.2426,0.2428,0.2424,0.2428,78043.9
2026-05-23 18:05:00,0.2427,0.2432,0.2427,0.2432,144426.8
2026-05-23 18:10:00,0.2432,0.244,0.243,0.244,846968.0
2026-05-23 18:15:00,0.244,0.2442,0.2436,0.2441,322534.5
2026-05-23 18:20:00,0.244,0.2447,0.244,0.2442,718424.2
2026-05-23 18:25:00,0.2442,0.2443,0.244,0.2443,80683.2
2026-05-23 18:30:00,0.2444,0.2454,0.2443,0.2449,943427.4
2026-05-23 18:35:00,0.2449,0.2452,0.2445,0.2446,254043.9
2026-05-23 18:40:00,0.2447,0.245,0.2447,0.2447,246235.9
2026-05-23 18:45:00,0.2447,0.2447,0.2442,0.2442,182560.2
2026-05-23 18:50:00,0.2442,0.2444,0.2442,0.2443,55595.1
2026-05-23 18:55:00,0.2443,0.2445,0.244,0.2441,84415.2
2026-05-23 19:00:00,0.2442,0.2443,0.2436,0.2437,198059.1
2026-05-23 19:05:00,0.2438,0.2439,0.2435,0.2436,376323.2
2026-05-23 19:10:00,0.2436,0.2439,0.2436,0.2439,100666.3
2026-05-23 19:15:00,0.2439,0.2446,0.2439,0.2446,414295.9
2026-05-23 19:20:00,0.2445,0.2449,0.2441,0.2444,383641.3
2026-05-23 19:25:00,0.2444,0.2445,0.2443,0.2444,64292.7
2026-05-23 19:30:00,0.2445,0.2447,0.2443,0.2444,369094.5
2026-05-23 19:35:00,0.2445,0.2446,0.2442,0.2444,98455.0
2026-05-23 19:40:00,0.2444,0.2444,0.2441,0.2442,148080.0
2026-05-23 19:45:00,0.2442,0.2443,0.2441,0.2443,90781.7
2026-05-23 19:50:00,0.2444,0.2444,0.2439,0.244,122122.9
2026-05-23 19:55:00,0.2439,0.2445,0.2439,0.2443,312898.4
2026-05-23 20:00:00,0.2443,0.2443,0.244,0.244,412345.6
2026-05-23 20:05:00,0.244,0.2441,0.2438,0.244,86222.3
2026-05-23 20:10:00,0.244,0.2448,0.244,0.2443,859337.0
2026-05-23 20:15:00,0.2443,0.2443,0.2442,0.2442,127786.6
2026-05-23 20:20:00,0.2442,0.2445,0.244,0.2441,262885.0
2026-05-23 20:25:00,0.2441,0.2441,0.2439,0.244,97331.2
2026-05-23 20:30:00,0.2439,0.2454,0.2438,0.245,1051640.1
2026-05-23 20:35:00,0.245,0.2483,0.2448,0.2479,3097908.4
2026-05-23 20:40:00,0.248,0.2493,0.248,0.2487,997566.7
2026-05-23 20:45:00,0.2488,0.2496,0.2486,0.2494,1612637.1
2026-05-23 20:50:00,0.2493,0.2494,0.2486,0.2493,845809.5
2026-05-23 20:55:00,0.2494,0.25,0.2493,0.2499,1766759.0
2026-05-23 21:00:00,0.25,0.2508,0.2489,0.2495,1322366.4
2026-05-23 21:05:00,0.2495,0.2499,0.2492,0.2496,601217.3
2026-05-23 21:10:00,0.2496,0.25,0.2489,0.249,626876.6
2026-05-23 21:15:00,0.249,0.2491,0.2484,0.2488,474829.8
2026-05-23 21:20:00,0.2489,0.2495,0.2488,0.249,1738570.2
2026-05-23 21:25:00,0.2489,0.2489,0.2479,0.2479,1002785.8
2026-05-23 21:30:00,0.2479,0.2483,0.2471,0.2483,853206.6
2026-05-23 21:35:00,0.2484,0.2487,0.2477,0.2477,496310.5
2026-05-23 21:40:00,0.2476,0.2477,0.2471,0.2474,475875.7
2026-05-23 21:45:00,0.2474,0.2477,0.2469,0.2471,232018.9
2026-05-23 21:50:00,0.2471,0.2478,0.2471,0.2477,365798.1
2026-05-23 21:55:00,0.2476,0.2479,0.2476,0.2478,348952.5
2026-05-23 22:00:00,0.2478,0.2488,0.2478,0.2488,627014.3
2026-05-23 22:05:00,0.2488,0.2488,0.2479,0.2479,269097.9
2026-05-23 22:10:00,0.2479,0.248,0.2478,0.248,138017.5
2026-05-23 22:15:00,0.2479,0.2481,0.2477,0.248,448031.4
2026-05-23 22:20:00,0.248,0.2484,0.2476,0.2477,591620.0
2026-05-23 22:25:00,0.2477,0.248,0.2475,0.2475,186056.2
2026-05-23 22:30:00,0.2475,0.2477,0.2469,0.2475,691984.9
2026-05-23 22:35:00,0.2474,0.2474,0.2453,0.2461,2581242.2
2026-05-23 22:40:00,0.2462,0.2469,0.2462,0.2468,298198.1
2026-05-23 22:45:00,0.2467,0.247,0.2463,0.2467,1114274.3
2026-05-23 22:50:00,0.2467,0.2468,0.2466,0.2467,229895.3
2026-05-23 22:55:00,0.2466,0.2468,0.2464,0.2465,354811.4
2026-05-23 23:00:00,0.2465,0.2465,0.2461,0.2465,163243.3
2026-05-23 23:05:00,0.2464,0.2468,0.2462,0.2464,488087.9
2026-05-23 23:10:00,0.2465,0.2466,0.2464,0.2465,104272.9
2026-05-23 23:15:00,0.2465,0.2466,0.2463,0.2463,203916.1
2026-05-23 23:20:00,0.2463,0.2465,0.2461,0.2461,108805.3
2026-05-23 23:25:00,0.2462,0.2462,0.2459,0.2461,91932.1
2026-05-23 23:30:00,0.246,0.2465,0.246,0.2464,227742.9
2026-05-23 23:35:00,0.2464,0.2464,0.2461,0.2461,140554.1
2026-05-23 23:40:00,0.2461,0.2462,0.2459,0.2459,89831.0
2026-05-23 23:45:00,0.2459,0.246,0.2458,0.246,453854.1
2026-05-23 23:50:00,0.246,0.2461,0.2458,0.2461,261378.7
2026-05-23 23:55:00,0.2461,0.2463,0.246,0.246,63525.0
2026-05-24 00:00:00,0.2461,0.2463,0.2456,0.2457,450698.2
2026-05-24 00:05:00,0.2458,0.2459,0.2457,0.2458,113944.6
2026-05-24 00:10:00,0.2458,0.2461,0.2458,0.246,97695.6
2026-05-24 00:15:00,0.246,0.2462,0.2459,0.246,97360.2
2026-05-24 00:20:00,0.246,0.246,0.2457,0.2458,74417.8
2026-05-24 00:25:00,0.2458,0.2464,0.2458,0.2463,287632.3
2026-05-24 00:30:00,0.2464,0.2469,0.2463,0.2465,363482.2
2026-05-24 00:35:00,0.2465,0.2469,0.2464,0.2469,49526.3
2026-05-24 00:40:00,0.2468,0.2469,0.2464,0.2464,172447.8
2026-05-24 00:45:00,0.2464,0.247,0.2463,0.2465,522503.2
2026-05-24 00:50:00,0.2465,0.2465,0.246,0.246,74054.5
2026-05-24 00:55:00,0.246,0.2465,0.246,0.2462,114409.5
2026-05-24 01:00:00,0.2463,0.2467,0.2462,0.2463,172429.9
2026-05-24 01:05:00,0.2463,0.2463,0.246,0.2462,132521.0
2026-05-24 01:10:00,0.2462,0.2464,0.2461,0.2462,70689.3
2026-05-24 01:15:00,0.2462,0.2463,0.2459,0.2461,170462.1
2026-05-24 01:20:00,0.2462,0.2464,0.2461,0.2461,82218.3
2026-05-24 01:25:00,0.2461,0.2462,0.2459,0.2461,84249.3
2026-05-24 01:30:00,0.2461,0.2463,0.2459,0.2463,103090.1
2026-05-24 01:35:00,0.2462,0.2465,0.2462,0.2465,144535.2
2026-05-24 01:40:00,0.2466,0.2467,0.2463,0.2463,119548.8
2026-05-24 01:45:00,0.2464,0.2466,0.2463,0.2466,224801.0
2026-05-24 01:50:00,0.2465,0.2468,0.2465,0.2465,122719.7
2026-05-24 01:55:00,0.2466,0.2467,0.2463,0.2464,36359.4
2026-05-24 02:00:00,0.2465,0.2466,0.2461,0.2461,159982.9
2026-05-24 02:05:00,0.2462,0.2462,0.2458,0.246,337813.5
2026-05-24 02:10:00,0.2459,0.246,0.2458,0.2459,89624.0
2026-05-24 02:15:00,0.2459,0.2461,0.2459,0.2459,633553.2
2026-05-24 02:20:00,0.2459,0.2461,0.2449,0.2451,3971027.3
2026-05-24 02:25:00,0.2451,0.2452,0.2448,0.245,266186.7
2026-05-24 02:30:00,0.2451,0.2453,0.245,0.2452,203464.3
2026-05-24 02:35:00,0.2453,0.2453,0.2451,0.2453,105342.9
2026-05-24 02:40:00,0.2453,0.2455,0.2452,0.2454,38823.8
2026-05-24 02:45:00,0.2455,0.2457,0.2454,0.2455,445087.1
2026-05-24 02:50:00,0.2456,0.2458,0.2456,0.2456,21387.3
2026-05-24 02:55:00,0.2456,0.2458,0.2455,0.2457,20365.7
2026-05-24 03:00:00,0.2456,0.246,0.2454,0.246,226901.8
2026-05-24 03:05:00,0.2459,0.246,0.2458,0.246,90375.5
2026-05-24 03:10:00,0.246,0.2461,0.2455,0.2456,407678.9
2026-05-24 03:15:00,0.2456,0.2456,0.2454,0.2456,39930.1
2026-05-24 03:20:00,0.2457,0.2458,0.2455,0.2456,46069.8
2026-05-24 03:25:00,0.2457,0.2457,0.2455,0.2456,40670.0
2026-05-24 03:30:00,0.2455,0.2456,0.2453,0.2453,78884.5
2026-05-24 03:35:00,0.2454,0.2454,0.245,0.2451,160486.4
2026-05-24 03:40:00,0.245,0.2452,0.2448,0.245,59610.0
2026-05-24 03:45:00,0.245,0.2456,0.2449,0.2455,93433.7
2026-05-24 03:50:00,0.2455,0.2456,0.2452,0.2456,21349.4
2026-05-24 03:55:00,0.2455,0.2455,0.2454,0.2454,107187.8
2026-05-24 04:00:00,0.2454,0.2459,0.2454,0.2456,159060.4
2026-05-24 04:05:00,0.2457,0.2457,0.2454,0.2454,48410.2
2026-05-24 04:10:00,0.2454,0.2459,0.2453,0.2457,262517.8
2026-05-24 04:15:00,0.2458,0.246,0.2457,0.2458,92088.1
2026-05-24 04:20:00,0.2458,0.2459,0.2458,0.2459,38596.9
2026-05-24 04:25:00,0.2459,0.2459,0.2457,0.2458,50540.1
2026-05-24 04:30:00,0.2458,0.2459,0.2457,0.2458,17720.6
2026-05-24 04:35:00,0.2459,0.2461,0.2455,0.2457,836509.9
2026-05-24 04:40:00,0.2456,0.2458,0.2456,0.2458,77105.0
2026-05-24 04:45:00,0.2457,0.2457,0.2454,0.2456,56598.5
2026-05-24 04:50:00,0.2456,0.2458,0.2455,0.2457,48222.0
2026-05-24 04:55:00,0.2458,0.2458,0.2456,0.2458,145869.9
2026-05-24 05:00:00,0.2458,0.2459,0.2455,0.2458,68394.9
2026-05-24 05:05:00,0.2458,0.2458,0.2455,0.2456,92168.1
2026-05-24 05:10:00,0.2455,0.2457,0.2452,0.2455,128878.2
2026-05-24 05:15:00,0.2455,0.2455,0.2453,0.2454,255161.0
2026-05-24 05:20:00,0.2455,0.2456,0.2452,0.2452,263091.9
2026-05-24 05:25:00,0.2452,0.2453,0.2451,0.2453,29023.8
2026-05-24 05:30:00,0.2453,0.2456,0.2453,0.2456,30453.1
2026-05-24 05:35:00,0.2455,0.2456,0.2453,0.2454,107394.0
2026-05-24 05:40:00,0.2455,0.2455,0.2452,0.2452,168517.4
2026-05-24 05:45:00,0.2453,0.2458,0.2453,0.2458,120891.7
2026-05-24 05:50:00,0.2459,0.2461,0.2458,0.246,136150.3
2026-05-24 05:55:00,0.246,0.2461,0.2459,0.246,22345.6
2026-05-24 06:00:00,0.2461,0.2464,0.246,0.2461,73497.4
2026-05-24 06:05:00,0.2461,0.2463,0.2461,0.2462,71707.6
2026-05-24 06:10:00,0.2463,0.2464,0.2461,0.2464,56599.2
2026-05-24 06:15:00,0.2463,0.2463,0.246,0.2461,92576.7
2026-05-24 06:20:00,0.2462,0.2462,0.2458,0.2459,100883.9
2026-05-24 06:25:00,0.2458,0.2459,0.2456,0.2457,152616.6
2026-05-24 06:30:00,0.2457,0.2458,0.2455,0.2455,174302.9
2026-05-24 06:35:00,0.2455,0.2457,0.2453,0.2454,87775.6
2026-05-24 06:40:00,0.2453,0.2459,0.2453,0.2459,606587.5
2026-05-24 06:45:00,0.2459,0.2459,0.2456,0.2459,522327.1
2026-05-24 06:50:00,0.2459,0.2465,0.2459,0.2462,121139.8
2026-05-24 06:55:00,0.2462,0.2465,0.2462,0.2464,100615.1
2026-05-24 07:00:00,0.2464,0.2465,0.246,0.2463,233470.3
2026-05-24 07:05:00,0.2463,0.2463,0.246,0.2461,31293.4
2026-05-24 07:10:00,0.2462,0.2462,0.2458,0.2459,47205.7
2026-05-24 07:15:00,0.2459,0.2459,0.2456,0.2458,37837.4
2026-05-24 07:20:00,0.2458,0.2458,0.2454,0.2454,76537.0
2026-05-24 07:25:00,0.2454,0.2455,0.2453,0.2454,98825.8
2026-05-24 07:30:00,0.2454,0.2455,0.2453,0.2455,82262.6
2026-05-24 07:35:00,0.2455,0.2458,0.2454,0.2456,68463.9
2026-05-24 07:40:00,0.2456,0.2457,0.2455,0.2456,58981.4
2026-05-24 07:45:00,0.2455,0.2455,0.2452,0.2453,191593.8
2026-05-24 07:50:00,0.2453,0.2455,0.2452,0.2452,147052.6
2026-05-24 07:55:00,0.2452,0.2454,0.2451,0.2454,455147.7
2026-05-24 08:00:00,0.2455,0.2458,0.2452,0.2452,278148.5
2026-05-24 08:05:00,0.2453,0.2454,0.2451,0.2452,329341.9
2026-05-24 08:10:00,0.2452,0.2453,0.2451,0.2452,181505.0
2026-05-24 08:15:00,0.2453,0.2455,0.2452,0.2455,106143.2
2026-05-24 08:20:00,0.2455,0.2459,0.2454,0.2459,85291.4
2026-05-24 08:25:00,0.2459,0.2459,0.2456,0.2457,126835.9
2026-05-24 08:30:00,0.2456,0.2459,0.2456,0.2457,225087.2
2026-05-24 08:35:00,0.2457,0.2459,0.2456,0.2458,338117.9
2026-05-24 08:40:00,0.2458,0.2459,0.2457,0.2458,57343.6
2026-05-24 08:45:00,0.2458,0.246,0.2457,0.2458,91682.5
2026-05-24 08:50:00,0.2457,0.2459,0.2455,0.2457,610244.3
2026-05-24 08:55:00,0.2457,0.246,0.2456,0.2459,151172.1
2026-05-24 09:00:00,0.2459,0.2459,0.2455,0.2456,167667.8
2026-05-24 09:05:00,0.2456,0.2457,0.2455,0.2456,29236.6
2026-05-24 09:10:00,0.2457,0.2458,0.2456,0.2456,67785.8
2026-05-24 09:15:00,0.2456,0.2457,0.2455,0.2456,72076.7
2026-05-24 09:20:00,0.2456,0.2462,0.2455,0.2461,518431.8
2026-05-24 09:25:00,0.246,0.2461,0.2456,0.2458,203456.2
2026-05-24 09:30:00,0.2458,0.2459,0.2457,0.2459,50236.8
2026-05-24 09:35:00,0.2458,0.2462,0.2458,0.2459,253186.1
2026-05-24 09:40:00,0.2459,0.246,0.2458,0.2459,846690.4
2026-05-24 09:45:00,0.246,0.246,0.2458,0.2459,45808.2
2026-05-24 09:50:00,0.2459,0.2461,0.2459,0.2461,46922.3
2026-05-24 09:55:00,0.2461,0.2461,0.2458,0.2459,597610.9
2026-05-24 10:00:00,0.2459,0.246,0.2455,0.2456,502466.8
2026-05-24 10:05:00,0.2455,0.2458,0.2455,0.2455,70327.4
2026-05-24 10:10:00,0.2456,0.2457,0.2453,0.2455,242116.0
2026-05-24 10:15:00,0.2455,0.2456,0.2454,0.2456,104528.6
2026-05-24 10:20:00,0.2455,0.2456,0.2453,0.2455,138463.2
2026-05-24 10:25:00,0.2454,0.2467,0.2453,0.2459,1045041.6
2026-05-24 10:30:00,0.2459,0.2459,0.2453,0.2456,210505.6
2026-05-24 10:35:00,0.2457,0.2457,0.2453,0.2455,247185.6
2026-05-24 10:40:00,0.2454,0.2455,0.2453,0.2455,48455.3
2026-05-24 10:45:00,0.2454,0.2454,0.2451,0.2452,57792.4
2026-05-24 10:50:00,0.2451,0.2454,0.2451,0.2453,187023.8
2026-05-24 10:55:00,0.2453,0.2454,0.2452,0.2453,74211.3
2026-05-24 11:00:00,0.2452,0.2458,0.2452,0.2458,182547.2
2026-05-24 11:05:00,0.2458,0.2461,0.2458,0.246,219212.0
2026-05-24 11:10:00,0.246,0.246,0.2458,0.2459,126451.9
2026-05-24 11:15:00,0.2459,0.2459,0.2458,0.2458,75767.3
2026-05-24 11:20:00,0.2459,0.246,0.2456,0.2458,69405.5
2026-05-24 11:25:00,0.2457,0.2459,0.2454,0.2455,130152.2
2026-05-24 11:30:00,0.2455,0.2458,0.2455,0.2458,100326.1
2026-05-24 11:35:00,0.2458,0.2458,0.2456,0.2457,49876.0
2026-05-24 11:40:00,0.2457,0.2458,0.2456,0.2456,116738.7
2026-05-24 11:45:00,0.2456,0.2458,0.2456,0.2456,74548.2
2026-05-24 11:50:00,0.2456,0.2458,0.2455,0.2458,26251.2
2026-05-24 11:55:00,0.2457,0.246,0.2454,0.2457,500439.4
2026-05-24 12:00:00,0.2457,0.2457,0.2454,0.2454,19555.0
2026-05-24 12:05:00,0.2455,0.2455,0.2452,0.2453,143635.4
2026-05-24 12:10:00,0.2452,0.2452,0.245,0.2452,51788.3
2026-05-24 12:15:00,0.2451,0.2452,0.2448,0.2449,470959.1
2026-05-24 12:20:00,0.2448,0.2448,0.2446,0.2448,185911.2
2026-05-24 12:25:00,0.2448,0.2448,0.2443,0.2445,403295.5
2026-05-24 12:30:00,0.2445,0.2446,0.2444,0.2444,34939.0
2026-05-24 12:35:00,0.2444,0.245,0.2444,0.245,239160.8
2026-05-24 12:40:00,0.245,0.2452,0.2449,0.2452,71288.8
2026-05-24 12:45:00,0.2451,0.2451,0.245,0.2451,72272.7
2026-05-24 12:50:00,0.245,0.2452,0.2449,0.245,13861.7
2026-05-24 12:55:00,0.245,0.2451,0.2449,0.2451,106440.7
2026-05-24 13:00:00,0.245,0.2453,0.2449,0.245,90491.5
2026-05-24 13:05:00,0.2451,0.2451,0.2449,0.2451,109098.7
2026-05-24 13:10:00,0.245,0.245,0.2448,0.245,128657.8
2026-05-24 13:15:00,0.245,0.2452,0.245,0.245,24183.9
2026-05-24 13:20:00,0.2449,0.2451,0.2448,0.2449,92217.8
2026-05-24 13:25:00,0.2448,0.2449,0.2442,0.2442,380074.0
2026-05-24 13:30:00,0.2443,0.2447,0.2443,0.2445,217188.8
2026-05-24 13:35:00,0.2445,0.2447,0.2441,0.2444,379256.3
2026-05-24 13:40:00,0.2444,0.2448,0.2444,0.2447,246534.6
2026-05-24 13:45:00,0.2448,0.2449,0.2444,0.2444,146249.2
2026-05-24 13:50:00,0.2444,0.2444,0.2436,0.2436,234567.1
2026-05-24 13:55:00,0.2437,0.244,0.2433,0.2439,683162.7
2026-05-24 14:00:00,0.2439,0.2442,0.2435,0.2436,235168.8
2026-05-24 14:05:00,0.2437,0.2441,0.2437,0.2439,53421.4
2026-05-24 14:10:00,0.244,0.2442,0.2426,0.2431,2173814.5
2026-05-24 14:15:00,0.2431,0.2432,0.241,0.242,1742140.9
2026-05-24 14:20:00,0.242,0.243,0.2419,0.2429,501308.8
2026-05-24 14:25:00,0.2428,0.2429,0.2425,0.2426,192209.5
2026-05-24 14:30:00,0.2426,0.243,0.2426,0.2428,46348.3
2026-05-24 14:35:00,0.2428,0.2431,0.2426,0.2429,139882.7
2026-05-24 14:40:00,0.2429,0.2429,0.2427,0.2429,24866.3
2026-05-24 14:45:00,0.2429,0.2431,0.2428,0.243,115252.6
2026-05-24 14:50:00,0.2429,0.2433,0.2429,0.2429,124648.0
2026-05-24 14:55:00,0.243,0.2431,0.2428,0.2429,17836.4
2026-05-24 15:00:00,0.2429,0.243,0.2428,0.243,77299.5
2026-05-24 15:05:00,0.243,0.243,0.2425,0.2429,51795.5
2026-05-24 15:10:00,0.2428,0.2431,0.2428,0.2429,14762.8
2026-05-24 15:15:00,0.2429,0.243,0.2426,0.2428,57291.9
2026-05-24 15:20:00,0.2428,0.243,0.2425,0.2429,81122.2
2026-05-24 15:25:00,0.2428,0.2429,0.2427,0.2429,46220.3
2026-05-24 15:30:00,0.2428,0.2431,0.2427,0.243,100913.1
2026-05-24 15:35:00,0.243,0.2431,0.2429,0.2431,159613.3
2026-05-24 15:40:00,0.243,0.2431,0.2429,0.243,30678.2
2026-05-24 15:45:00,0.243,0.2432,0.2429,0.243,46586.0
2026-05-24 15:50:00,0.243,0.2431,0.2428,0.2431,194190.2
2026-05-24 15:55:00,0.2431,0.2431,0.2429,0.243,18661.2
2026-05-24 16:00:00,0.2429,0.2434,0.2428,0.2433,515052.1
2026-05-24 16:05:00,0.2432,0.2435,0.243,0.2432,100337.2
2026-05-24 16:10:00,0.2433,0.2434,0.2431,0.2433,16420.6
2026-05-24 16:15:00,0.2432,0.2436,0.2431,0.2433,453378.8
2026-05-24 16:20:00,0.2432,0.2434,0.2431,0.2432,23358.6
2026-05-24 16:25:00,0.2431,0.2431,0.2428,0.2431,167105.3
2026-05-24 16:30:00,0.2431,0.2431,0.2428,0.2428,62669.0
2026-05-24 16:35:00,0.2428,0.2429,0.2424,0.2427,148860.6
2026-05-24 16:40:00,0.2427,0.2428,0.2425,0.2426,23902.6
2026-05-24 16:45:00,0.2426,0.2429,0.2425,0.2429,14990.0
2026-05-24 16:50:00,0.2429,0.2431,0.2428,0.2431,42117.5
2026-05-24 16:55:00,0.243,0.2432,0.2429,0.2431,53776.6
2026-05-24 17:00:00,0.2431,0.2433,0.243,0.2431,110937.6
2026-05-24 17:05:00,0.2431,0.2434,0.2431,0.2433,941852.3
2026-05-24 17:10:00,0.2433,0.2434,0.243,0.243,23248.5
2026-05-24 17:15:00,0.2431,0.2432,0.2428,0.2428,34669.9
2026-05-24 17:20:00,0.2429,0.2431,0.2427,0.2431,49291.9
2026-05-24 17:25:00,0.2431,0.2431,0.2428,0.2429,94030.9
2026-05-24 17:30:00,0.2429,0.2432,0.2428,0.2431,85880.4
2026-05-24 17:35:00,0.2431,0.2433,0.243,0.2433,50037.4
2026-05-24 17:40:00,0.2432,0.2433,0.2431,0.2432,30275.2
2026-05-24 17:45:00,0.2432,0.2433,0.243,0.2433,62158.1
2026-05-24 17:50:00,0.2433,0.2434,0.2431,0.2433,54214.7
2026-05-24 17:55:00,0.2432,0.2433,0.2431,0.2432,12833.4
2026-05-24 18:00:00,0.2431,0.2432,0.2429,0.2429,108091.8
2026-05-24 18:05:00,0.2429,0.2434,0.2429,0.2434,38650.9
2026-05-24 18:10:00,0.2433,0.2434,0.2432,0.2433,28678.1
2026-05-24 18:15:00,0.2432,0.2434,0.2431,0.2432,59494.3
2026-05-24 18:20:00,0.2431,0.2433,0.2428,0.2429,157763.2
2026-05-24 18:25:00,0.2428,0.243,0.2426,0.2427,142924.0
2026-05-24 18:30:00,0.2428,0.2428,0.2425,0.2425,206233.3
2026-05-24 18:35:00,0.2425,0.2428,0.2425,0.2428,104619.1
2026-05-24 18:40:00,0.2428,0.2428,0.2424,0.2425,44922.7
2026-05-24 18:45:00,0.2424,0.2426,0.2421,0.2422,96609.7
2026-05-24 18:50:00,0.2421,0.2424,0.242,0.2423,59856.9
2026-05-24 18:55:00,0.2424,0.2425,0.2423,0.2424,214433.5
2026-05-24 19:00:00,0.2423,0.2427,0.2423,0.2423,149505.1
2026-05-24 19:05:00,0.2424,0.2426,0.2423,0.2426,45068.7
2026-05-24 19:10:00,0.2426,0.2426,0.2423,0.2424,254089.3
2026-05-24 19:15:00,0.2424,0.2427,0.2422,0.2427,178397.7
2026-05-24 19:20:00,0.2426,0.2427,0.2425,0.2425,56755.7
2026-05-24 19:25:00,0.2425,0.2426,0.2424,0.2424,36074.2
2026-05-24 19:30:00,0.2424,0.2426,0.2424,0.2425,97129.8
2026-05-24 19:35:00,0.2426,0.2428,0.2426,0.2427,15691.5
2026-05-24 19:40:00,0.2427,0.2429,0.2427,0.2429,43379.6
2026-05-24 19:45:00,0.2429,0.2432,0.2428,0.2431,140579.4
2026-05-24 19:50:00,0.243,0.243,0.2427,0.2428,5382.9
2026-05-24 19:55:00,0.2427,0.2428,0.2425,0.2425,71811.1
2026-05-24 20:00:00,0.2426,0.2428,0.2422,0.2422,291291.3
2026-05-24 20:05:00,0.2422,0.2426,0.242,0.2424,196566.5
2026-05-24 20:10:00,0.2423,0.2424,0.2421,0.2422,22921.0
2026-05-24 20:15:00,0.2421,0.2423,0.242,0.2422,70095.8
2026-05-24 20:20:00,0.2422,0.2424,0.242,0.2423,154190.7
2026-05-24 20:25:00,0.2422,0.2422,0.2419,0.2422,163574.2
2026-05-24 20:30:00,0.2422,0.2424,0.2421,0.2421,65316.9
2026-05-24 20:35:00,0.2422,0.2423,0.2419,0.2419,54667.1
2026-05-24 20:40:00,0.2419,0.2421,0.2419,0.2421,63965.1
2026-05-24 20:45:00,0.2421,0.2423,0.2413,0.2419,728854.6
2026-05-24 20:50:00,0.2418,0.2418,0.2417,0.2417,176821.5
2026-05-24 20:55:00,0.2418,0.242,0.2417,0.2419,254131.8
2026-05-24 21:00:00,0.2419,0.2422,0.2418,0.2422,45552.7
2026-05-24 21:05:00,0.2421,0.2422,0.242,0.2421,14614.2
2026-05-24 21:10:00,0.242,0.2421,0.2418,0.2421,196815.6
2026-05-24 21:15:00,0.2421,0.2421,0.242,0.2421,66402.1
2026-05-24 21:20:00,0.2421,0.2422,0.2419,0.2419,113234.4
2026-05-24 21:25:00,0.2419,0.2419,0.2406,0.2407,504109.4
2026-05-24 21:30:00,0.2408,0.2409,0.2396,0.24,2038959.6
2026-05-24 21:35:00,0.2399,0.2399,0.239,0.2396,1377385.3
2026-05-24 21:40:00,0.2396,0.2401,0.239,0.2392,1281496.7
2026-05-24 21:45:00,0.2393,0.2394,0.2385,0.2392,727794.4
2026-05-24 21:50:00,0.2392,0.2396,0.2391,0.2395,307840.7
2026-05-24 21:55:00,0.2396,0.2396,0.2391,0.2394,922182.5
2026-05-24 22:00:00,0.2393,0.2411,0.2393,0.241,825631.9
2026-05-24 22:05:00,0.241,0.242,0.2409,0.2419,516616.2
2026-05-24 22:10:00,0.2419,0.2422,0.2416,0.2419,284435.6
2026-05-24 22:15:00,0.2418,0.2421,0.2416,0.2417,1194597.9
2026-05-24 22:20:00,0.2418,0.2422,0.2416,0.2421,153214.6
2026-05-24 22:25:00,0.242,0.2421,0.2417,0.2417,79906.1
2026-05-24 22:30:00,0.2418,0.242,0.2414,0.2415,340047.9
2026-05-24 22:35:00,0.2414,0.2414,0.2406,0.241,877889.7
2026-05-24 22:40:00,0.2411,0.2411,0.2404,0.241,819339.0
2026-05-24 22:45:00,0.241,0.2418,0.241,0.2414,170767.1
2026-05-24 22:50:00,0.2414,0.2415,0.2411,0.2411,44515.5
2026-05-24 22:55:00,0.2411,0.2413,0.2408,0.2411,270000.9
2026-05-24 23:00:00,0.2411,0.2416,0.2411,0.2416,131164.7
2026-05-24 23:05:00,0.2415,0.2416,0.2414,0.2415,76452.6
2026-05-24 23:10:00,0.2416,0.2418,0.2415,0.2418,90271.8
2026-05-24 23:15:00,0.2419,0.242,0.2416,0.2416,108469.6
2026-05-24 23:20:00,0.2417,0.2419,0.2416,0.2416,99184.5
2026-05-24 23:25:00,0.2417,0.2417,0.2414,0.2416,64562.6
2026-05-24 23:30:00,0.2416,0.2422,0.2416,0.242,237914.6
2026-05-24 23:35:00,0.242,0.2425,0.2419,0.2423,216482.5
2026-05-24 23:40:00,0.2423,0.2428,0.242,0.2428,318166.8
2026-05-24 23:45:00,0.2427,0.2427,0.2423,0.2426,276919.2
2026-05-24 23:50:00,0.2426,0.2427,0.2424,0.2425,112223.9
2026-05-24 23:55:00,0.2425,0.2425,0.2422,0.2423,210228.9
2026-05-25 00:00:00,0.2424,0.2426,0.2422,0.2426,521964.6
2026-05-25 00:05:00,0.2426,0.2429,0.2424,0.2428,204494.9
2026-05-25 00:10:00,0.2429,0.243,0.2426,0.2426,140772.4
2026-05-25 00:15:00,0.2426,0.2428,0.2424,0.2427,113624.4
2026-05-25 00:20:00,0.2427,0.2429,0.2426,0.2428,134437.4
2026-05-25 00:25:00,0.2429,0.243,0.2427,0.2429,271330.8
2026-05-25 00:30:00,0.2429,0.2432,0.2427,0.2428,516696.6
2026-05-25 00:35:00,0.2428,0.2433,0.2428,0.2432,273475.1
2026-05-25 00:40:00,0.2431,0.2432,0.2427,0.2427,191756.3
2026-05-25 00:45:00,0.2427,0.2432,0.2425,0.2431,492102.4
2026-05-25 00:50:00,0.243,0.243,0.2427,0.2428,147616.6
2026-05-25 00:55:00,0.2428,0.2428,0.2426,0.2427,60725.1
2026-05-25 01:00:00,0.2428,0.243,0.2422,0.2424,539194.5
2026-05-25 01:05:00,0.2424,0.2426,0.2423,0.2425,42668.7
2026-05-25 01:10:00,0.2424,0.2425,0.2422,0.2424,153938.4
2026-05-25 01:15:00,0.2425,0.2427,0.2424,0.2427,101930.3
2026-05-25 01:20:00,0.2427,0.2428,0.2426,0.2428,74409.3
2026-05-25 01:25:00,0.2428,0.2428,0.2425,0.2426,48732.8
2026-05-25 01:30:00,0.2427,0.2428,0.2424,0.2427,147730.6
2026-05-25 01:35:00,0.2428,0.2428,0.2424,0.2425,103789.9
2026-05-25 01:40:00,0.2426,0.2426,0.2422,0.2422,152598.4
2026-05-25 01:45:00,0.2423,0.2425,0.2419,0.2421,220897.4
2026-05-25 01:50:00,0.2421,0.2421,0.2415,0.2415,164633.7
2026-05-25 01:55:00,0.2416,0.2417,0.2408,0.2409,372145.3
2026-05-25 02:00:00,0.241,0.2416,0.241,0.2416,111448.3
2026-05-25 02:05:00,0.2416,0.2428,0.2416,0.2426,323725.3
2026-05-25 02:10:00,0.2427,0.2429,0.2426,0.2426,105938.2
2026-05-25 02:15:00,0.2427,0.2427,0.2421,0.2423,232557.2
2026-05-25 02:20:00,0.2423,0.2425,0.242,0.242,124632.9
2026-05-25 02:25:00,0.242,0.242,0.2414,0.2416,241310.2
2026-05-25 02:30:00,0.2417,0.2418,0.2413,0.2414,114598.4
2026-05-25 02:35:00,0.2414,0.2415,0.2412,0.2414,67293.6
2026-05-25 02:40:00,0.2414,0.2415,0.2411,0.2413,124381.0
2026-05-25 02:45:00,0.2414,0.2415,0.2411,0.2413,214876.7
2026-05-25 02:50:00,0.2412,0.2414,0.2412,0.2412,85084.2
2026-05-25 02:55:00,0.2412,0.2415,0.2411,0.2413,43189.0
2026-05-25 03:00:00,0.2413,0.2415,0.2412,0.2413,97003.1
2026-05-25 03:05:00,0.2412,0.2414,0.2411,0.2414,154059.3
2026-05-25 03:10:00,0.2413,0.2415,0.2411,0.2412,66053.6
2026-05-25 03:15:00,0.2413,0.2413,0.2404,0.2408,946215.9
2026-05-25 03:20:00,0.2408,0.241,0.2407,0.2408,148182.2
2026-05-25 03:25:00,0.2407,0.2408,0.2405,0.2406,128085.3
2026-05-25 03:30:00,0.2407,0.2409,0.2406,0.2408,95785.7
2026-05-25 03:35:00,0.2409,0.2409,0.2407,0.2407,69154.5
2026-05-25 03:40:00,0.2407,0.2408,0.2405,0.2407,235415.4
2026-05-25 03:45:00,0.2407,0.241,0.2405,0.2409,187984.1
2026-05-25 03:50:00,0.241,0.241,0.2407,0.241,87358.1
2026-05-25 03:55:00,0.241,0.2411,0.2409,0.241,112670.5
2026-05-25 04:00:00,0.241,0.2413,0.2409,0.2409,241754.7
2026-05-25 04:05:00,0.2409,0.2411,0.2407,0.241,24376.0
2026-05-25 04:10:00,0.2411,0.2411,0.2409,0.2409,46969.1
2026-05-25 04:15:00,0.241,0.241,0.2408,0.2409,62185.9
2026-05-25 04:20:00,0.241,0.2411,0.2407,0.241,154592.3
2026-05-25 04:25:00,0.2411,0.2415,0.2411,0.2415,284842.8
2026-05-25 04:30:00,0.2415,0.242,0.2415,0.2416,440818.8
2026-05-25 04:35:00,0.2417,0.2419,0.2417,0.2418,190006.3
2026-05-25 04:40:00,0.2419,0.2424,0.2419,0.2424,687009.3
2026-05-25 04:45:00,0.2424,0.2429,0.2423,0.2426,871201.5
2026-05-25 04:50:00,0.2426,0.2431,0.2425,0.2427,615326.0
2026-05-25 04:55:00,0.2428,0.2429,0.2427,0.2427,79790.0
2026-05-25 05:00:00,0.2428,0.2428,0.2425,0.2428,111400.9
2026-05-25 05:05:00,0.2428,0.2434,0.2428,0.2432,215857.4
2026-05-25 05:10:00,0.2432,0.2434,0.2431,0.2434,46734.5
2026-05-25 05:15:00,0.2434,0.2435,0.2432,0.2433,119094.8
2026-05-25 05:20:00,0.2433,0.2433,0.243,0.243,357517.4
2026-05-25 05:25:00,0.243,0.2432,0.243,0.2432,33905.0
2026-05-25 05:30:00,0.2432,0.2434,0.243,0.2431,308903.3
2026-05-25 05:35:00,0.2432,0.2436,0.2432,0.2436,112248.2
2026-05-25 05:40:00,0.2436,0.2437,0.2435,0.2436,47625.6
2026-05-25 05:45:00,0.2437,0.2438,0.2435,0.2438,350067.2
2026-05-25 05:50:00,0.2437,0.2437,0.2435,0.2436,70039.9
2026-05-25 05:55:00,0.2435,0.2436,0.2432,0.2433,66226.8
2026-05-25 06:00:00,0.2433,0.2435,0.2432,0.2432,120119.1
2026-05-25 06:05:00,0.2432,0.2439,0.2432,0.2438,562482.1
2026-05-25 06:10:00,0.2437,0.2437,0.2431,0.2431,333449.9
2026-05-25 06:15:00,0.2431,0.2432,0.2427,0.243,556611.7
2026-05-25 06:20:00,0.2429,0.243,0.2427,0.2428,258582.4
2026-05-25 06:25:00,0.2429,0.243,0.2428,0.243,106991.8
2026-05-25 06:30:00,0.243,0.2435,0.243,0.2434,53880.8
2026-05-25 06:35:00,0.2435,0.2437,0.2434,0.2436,89131.2
2026-05-25 06:40:00,0.2436,0.2437,0.2436,0.2436,19267.3
2026-05-25 06:45:00,0.2436,0.2441,0.2436,0.244,205434.7
2026-05-25 06:50:00,0.2441,0.2442,0.244,0.2442,37784.5
2026-05-25 06:55:00,0.2441,0.2442,0.2439,0.244,156274.3
2026-05-25 07:00:00,0.2441,0.245,0.244,0.2448,2240154.2
2026-05-25 07:05:00,0.2448,0.2449,0.2446,0.2446,751513.0
2026-05-25 07:10:00,0.2447,0.2451,0.2445,0.2447,1689223.7
2026-05-25 07:15:00,0.2447,0.2449,0.2437,0.244,612840.3
2026-05-25 07:20:00,0.244,0.244,0.2438,0.244,71049.1
2026-05-25 07:25:00,0.2439,0.2439,0.2436,0.2438,115845.2
2026-05-25 07:30:00,0.2438,0.2443,0.2435,0.244,736530.0
2026-05-25 07:35:00,0.2441,0.2441,0.2439,0.2441,55117.1
2026-05-25 07:40:00,0.2441,0.2442,0.2439,0.2442,59198.3
2026-05-25 07:45:00,0.2442,0.2445,0.2441,0.2445,267609.3
2026-05-25 07:50:00,0.2445,0.2447,0.2444,0.2447,564205.1
2026-05-25 07:55:00,0.2447,0.2451,0.2446,0.2451,1895340.4
2026-05-25 08:00:00,0.2451,0.2451,0.2447,0.2449,449355.5
2026-05-25 08:05:00,0.2449,0.2449,0.2446,0.2447,77998.4
2026-05-25 08:10:00,0.2447,0.2448,0.2443,0.2443,228981.7
2026-05-25 08:15:00,0.2443,0.2443,0.244,0.2441,178976.9
2026-05-25 08:20:00,0.2441,0.2443,0.244,0.2443,423764.4
2026-05-25 08:25:00,0.2442,0.2443,0.2442,0.2442,125540.1
2026-05-25 08:30:00,0.2443,0.2446,0.2442,0.2446,212376.3
2026-05-25 08:35:00,0.2446,0.2451,0.2446,0.2446,419781.7
2026-05-25 08:40:00,0.2447,0.2451,0.2447,0.2448,475702.2
2026-05-25 08:45:00,0.2448,0.2457,0.2447,0.2453,1151291.9
2026-05-25 08:50:00,0.2454,0.2461,0.2453,0.246,3336586.2
2026-05-25 08:55:00,0.2459,0.2461,0.2457,0.246,356713.7
2026-05-25 09:00:00,0.246,0.2462,0.2456,0.2456,706496.7
2026-05-25 09:05:00,0.2455,0.2459,0.2454,0.2458,781520.9
2026-05-25 09:10:00,0.2458,0.2458,0.2453,0.2454,88724.7
2026-05-25 09:15:00,0.2453,0.2454,0.2453,0.2454,31545.4
2026-05-25 09:20:00,0.2454,0.2454,0.245,0.2453,92440.7
2026-05-25 09:25:00,0.2453,0.2454,0.2452,0.2453,63738.8
2026-05-25 09:30:00,0.2454,0.2457,0.2452,0.2454,376037.6
2026-05-25 09:35:00,0.2453,0.2455,0.2451,0.2454,435470.4
2026-05-25 09:40:00,0.2454,0.2454,0.2452,0.2453,30875.5
2026-05-25 09:45:00,0.2453,0.2453,0.2449,0.2451,331624.5
2026-05-25 09:50:00,0.2451,0.2453,0.2451,0.2451,45429.1
2026-05-25 09:55:00,0.2451,0.2452,0.2449,0.245,325204.3
2026-05-25 10:00:00,0.245,0.2451,0.2448,0.245,852032.3
2026-05-25 10:05:00,0.245,0.2451,0.2449,0.2451,79688.5
2026-05-25 10:10:00,0.2452,0.2453,0.2451,0.2452,141279.6
2026-05-25 10:15:00,0.2452,0.2459,0.2452,0.2459,995020.3
2026-05-25 10:20:00,0.2458,0.2459,0.2456,0.2458,374533.3
2026-05-25 10:25:00,0.2458,0.2459,0.2456,0.2458,193446.1
2026-05-25 10:30:00,0.2457,0.246,0.2456,0.2458,192774.8
2026-05-25 10:35:00,0.2459,0.2461,0.2457,0.2457,594982.5
2026-05-25 10:40:00,0.2458,0.2458,0.2456,0.2456,74499.6
2026-05-25 10:45:00,0.2456,0.2459,0.2456,0.2459,186775.0
2026-05-25 10:50:00,0.2459,0.2459,0.2457,0.2458,56572.9
2026-05-25 10:55:00,0.2458,0.246,0.2458,0.246,75525.3
2026-05-25 11:00:00,0.246,0.2461,0.2457,0.2459,771389.9
2026-05-25 11:05:00,0.2458,0.2459,0.2454,0.2459,380286.2
2026-05-25 11:10:00,0.2459,0.2459,0.2456,0.2456,69699.5
2026-05-25 11:15:00,0.2457,0.2458,0.2455,0.2455,72098.8
2026-05-25 11:20:00,0.2456,0.2458,0.2456,0.2457,104651.6
2026-05-25 11:25:00,0.2457,0.2457,0.2454,0.2455,27736.7
2026-05-25 11:30:00,0.2454,0.2456,0.2454,0.2456,122339.8
2026-05-25 11:35:00,0.2455,0.2456,0.2453,0.2455,52797.2
2026-05-25 11:40:00,0.2455,0.2455,0.2451,0.2451,73506.8
2026-05-25 11:45:00,0.2452,0.2455,0.2451,0.2451,475157.3
2026-05-25 11:50:00,0.2452,0.2452,0.2449,0.2449,98261.9
2026-05-25 11:55:00,0.2449,0.245,0.2447,0.2449,244407.7
2026-05-25 12:00:00,0.245,0.2451,0.2444,0.2446,592108.7
2026-05-25 12:05:00,0.2446,0.2448,0.2445,0.2447,87384.9
2026-05-25 12:10:00,0.2447,0.245,0.2446,0.2449,62076.1
2026-05-25 12:15:00,0.2449,0.2451,0.2447,0.2449,244023.5
2026-05-25 12:20:00,0.2448,0.2449,0.2444,0.2447,298453.5
2026-05-25 12:25:00,0.2448,0.245,0.2447,0.245,125693.5
2026-05-25 12:30:00,0.245,0.2455,0.245,0.2451,209991.1
2026-05-25 12:35:00,0.2452,0.2454,0.2449,0.2451,124337.8
2026-05-25 12:40:00,0.2451,0.2451,0.2449,0.2451,74610.8
2026-05-25 12:45:00,0.2451,0.2451,0.2446,0.2447,367070.0
2026-05-25 12:50:00,0.2447,0.245,0.2447,0.2449,97400.0
2026-05-25 12:55:00,0.245,0.2451,0.2446,0.2446,78635.9
2026-05-25 13:00:00,0.2446,0.2449,0.2445,0.2448,135233.8
2026-05-25 13:05:00,0.2448,0.245,0.2447,0.2448,65778.2
2026-05-25 13:10:00,0.2449,0.2449,0.2444,0.2445,36835.6
2026-05-25 13:15:00,0.2446,0.2448,0.2445,0.2445,72005.0
2026-05-25 13:20:00,0.2446,0.2448,0.2445,0.2448,48037.3
2026-05-25 13:25:00,0.2448,0.245,0.2446,0.2448,91148.4
2026-05-25 13:30:00,0.2448,0.2449,0.2447,0.2448,74250.5
2026-05-25 13:35:00,0.2449,0.245,0.2448,0.2449,103474.5
2026-05-25 13:40:00,0.2449,0.2452,0.2449,0.2451,74573.3
2026-05-25 13:45:00,0.2451,0.2454,0.245,0.2454,219736.4
2026-05-25 13:50:00,0.2454,0.2455,0.2451,0.2453,96191.0
2026-05-25 13:55:00,0.2454,0.2456,0.2452,0.2453,411646.1
2026-05-25 14:00:00,0.2453,0.2459,0.2453,0.2459,134827.6
2026-05-25 14:05:00,0.2458,0.246,0.2455,0.2457,247441.5
2026-05-25 14:10:00,0.2457,0.2459,0.2456,0.2457,149428.6
2026-05-25 14:15:00,0.2457,0.246,0.2456,0.2459,246004.9
2026-05-25 14:20:00,0.2459,0.2461,0.2458,0.2461,469038.6
2026-05-25 14:25:00,0.2461,0.2462,0.2458,0.2461,514851.5
2026-05-25 14:30:00,0.2461,0.2461,0.2457,0.2457,274474.9
2026-05-25 14:35:00,0.2458,0.246,0.2457,0.2457,818800.5
2026-05-25 14:40:00,0.2457,0.2461,0.2457,0.246,162104.2
2026-05-25 14:45:00,0.246,0.247,0.246,0.2466,358720.7
2026-05-25 14:50:00,0.2465,0.2466,0.2463,0.2463,848428.1
2026-05-25 14:55:00,0.2463,0.2464,0.2462,0.2462,151215.8
2026-05-25 15:00:00,0.2461,0.2463,0.2459,0.2462,175755.9
2026-05-25 15:05:00,0.2462,0.2464,0.2462,0.2464,195732.6
2026-05-25 15:10:00,0.2464,0.2473,0.2464,0.2464,546090.8
2026-05-25 15:15:00,0.2463,0.2464,0.2459,0.2461,68294.0
2026-05-25 15:20:00,0.246,0.2461,0.2454,0.2457,851672.9
2026-05-25 15:25:00,0.2458,0.2463,0.2458,0.2459,165155.4
2026-05-25 15:30:00,0.2459,0.2461,0.2456,0.246,500354.7
2026-05-25 15:35:00,0.2459,0.2463,0.2459,0.2461,201421.3
2026-05-25 15:40:00,0.2462,0.2462,0.2459,0.246,84683.8
2026-05-25 15:45:00,0.246,0.246,0.2456,0.2457,254536.1
2026-05-25 15:50:00,0.2457,0.2458,0.2454,0.2457,161504.3
2026-05-25 15:55:00,0.2458,0.2462,0.2458,0.2461,162291.0
2026-05-25 16:00:00,0.2461,0.2462,0.2459,0.246,166549.8
2026-05-25 16:05:00,0.246,0.2463,0.2459,0.246,213491.3
2026-05-25 16:10:00,0.246,0.2462,0.2458,0.2458,155687.9
2026-05-25 16:15:00,0.2458,0.246,0.2457,0.2459,465217.5
2026-05-25 16:20:00,0.246,0.2464,0.2459,0.2461,65609.3
2026-05-25 16:25:00,0.2461,0.2462,0.246,0.2461,81978.8
2026-05-25 16:30:00,0.2461,0.2464,0.2461,0.2464,16842.5
2026-05-25 16:35:00,0.2464,0.2469,0.2464,0.2468,138697.4
2026-05-25 16:40:00,0.2468,0.2473,0.2468,0.2472,198765.6
2026-05-25 16:45:00,0.2472,0.2478,0.2472,0.2477,465708.4
2026-05-25 16:50:00,0.2478,0.248,0.2472,0.2473,263132.7
2026-05-25 16:55:00,0.2473,0.2476,0.2472,0.2475,213390.5
2026-05-25 17:00:00,0.2476,0.2478,0.2471,0.2472,290698.4
2026-05-25 17:05:00,0.2473,0.2473,0.247,0.2472,131939.1
2026-05-25 17:10:00,0.2472,0.2472,0.2469,0.247,76477.2
2026-05-25 17:15:00,0.247,0.2471,0.2467,0.2469,799277.1
2026-05-25 17:20:00,0.247,0.247,0.2468,0.2469,52098.7
2026-05-25 17:25:00,0.2468,0.2471,0.2468,0.2471,117642.9
2026-05-25 17:30:00,0.2471,0.2471,0.2465,0.2466,249668.2
2026-05-25 17:35:00,0.2466,0.2467,0.2464,0.2466,153510.2
2026-05-25 17:40:00,0.2466,0.2467,0.2465,0.2467,111184.3
2026-05-25 17:45:00,0.2466,0.2467,0.2465,0.2466,95657.9
2026-05-25 17:50:00,0.2465,0.2466,0.2464,0.2464,56428.4
2026-05-25 17:55:00,0.2465,0.2466,0.2462,0.2466,831711.8
2026-05-25 18:00:00,0.2465,0.2471,0.2465,0.2469,316695.5
2026-05-25 18:05:00,0.247,0.2471,0.2469,0.2471,25135.8
2026-05-25 18:10:00,0.247,0.2472,0.2469,0.2469,62240.6
2026-05-25 18:15:00,0.2469,0.2476,0.2469,0.2472,482881.3
2026-05-25 18:20:00,0.2472,0.2472,0.2469,0.247,41896.0
2026-05-25 18:25:00,0.247,0.2472,0.247,0.2472,39560.0
2026-05-25 18:30:00,0.2471,0.2471,0.2468,0.2468,36541.5
2026-05-25 18:35:00,0.2468,0.2469,0.2467,0.2468,29856.6
2026-05-25 18:40:00,0.2468,0.2468,0.2466,0.2467,31832.7
2026-05-25 18:45:00,0.2467,0.2469,0.2464,0.2466,742879.8
2026-05-25 18:50:00,0.2467,0.2468,0.2464,0.2464,79873.4
2026-05-25 18:55:00,0.2465,0.2465,0.2462,0.2464,164647.6
2026-05-25 19:00:00,0.2463,0.2464,0.2458,0.2461,356606.9
2026-05-25 19:05:00,0.2461,0.2462,0.2459,0.246,184520.7
2026-05-25 19:10:00,0.246,0.2461,0.2459,0.246,123611.4
2026-05-25 19:15:00,0.246,0.2461,0.2458,0.2459,82141.2
2026-05-25 19:20:00,0.2458,0.2461,0.2458,0.246,45397.1
2026-05-25 19:25:00,0.246,0.2462,0.246,0.2462,39823.2
2026-05-25 19:30:00,0.2461,0.2463,0.2458,0.2459,258189.1
2026-05-25 19:35:00,0.2458,0.2458,0.245,0.2451,321645.6
2026-05-25 19:40:00,0.2451,0.2454,0.2451,0.2453,67448.0
2026-05-25 19:45:00,0.2453,0.2455,0.2451,0.2452,164183.5
2026-05-25 19:50:00,0.2453,0.2454,0.2452,0.2452,33242.7
2026-05-25 19:55:00,0.2452,0.2455,0.2452,0.2455,45134.3
2026-05-25 20:00:00,0.2454,0.2457,0.2452,0.2457,64314.9
2026-05-25 20:05:00,0.2456,0.2458,0.2456,0.2458,48151.6
2026-05-25 20:10:00,0.2459,0.2459,0.2458,0.2458,11062.9
2026-05-25 20:15:00,0.2459,0.2461,0.2458,0.246,123354.4
2026-05-25 20:20:00,0.246,0.246,0.2456,0.2457,25755.5
2026-05-25 20:25:00,0.2457,0.2458,0.2454,0.2454,45976.8
2026-05-25 20:30:00,0.2454,0.2455,0.2449,0.2449,993056.4
2026-05-25 20:35:00,0.245,0.245,0.2447,0.2448,151496.1
2026-05-25 20:40:00,0.2449,0.2449,0.244,0.2444,622528.1
2026-05-25 20:45:00,0.2445,0.2446,0.2443,0.2443,381906.4
2026-05-25 20:50:00,0.2443,0.2446,0.2443,0.2446,25527.0
2026-05-25 20:55:00,0.2446,0.2448,0.2443,0.2445,205521.2
2026-05-25 21:00:00,0.2445,0.245,0.2445,0.2449,81065.9
2026-05-25 21:05:00,0.245,0.245,0.2446,0.2446,58836.9
2026-05-25 21:10:00,0.2446,0.2448,0.2446,0.2448,69484.1
2026-05-25 21:15:00,0.2447,0.2447,0.2444,0.2446,83341.2
2026-05-25 21:20:00,0.2447,0.2448,0.2446,0.2446,111266.2
2026-05-25 21:25:00,0.2445,0.2449,0.2445,0.2448,78593.0
2026-05-25 21:30:00,0.2449,0.2452,0.2449,0.245,156404.5
2026-05-25 21:35:00,0.245,0.2452,0.2447,0.2448,163865.5
2026-05-25 21:40:00,0.2449,0.245,0.2446,0.2446,82528.2
2026-05-25 21:45:00,0.2446,0.2447,0.2445,0.2447,47837.5
2026-05-25 21:50:00,0.2447,0.245,0.2447,0.2449,37915.9
2026-05-25 21:55:00,0.2448,0.2449,0.2447,0.2447,51779.4
2026-05-25 22:00:00,0.2447,0.2447,0.2436,0.244,418446.7
2026-05-25 22:05:00,0.244,0.2443,0.2439,0.2439,202174.4
2026-05-25 22:10:00,0.244,0.2444,0.2439,0.2442,57091.2
2026-05-25 22:15:00,0.2442,0.2443,0.2439,0.244,62429.5
2026-05-25 22:20:00,0.244,0.2443,0.244,0.2442,259965.3
2026-05-25 22:25:00,0.2441,0.2442,0.2435,0.2437,60708.2
2026-05-25 22:30:00,0.2436,0.2436,0.2424,0.2427,794555.7
2026-05-25 22:35:00,0.2428,0.243,0.2423,0.243,221666.2
2026-05-25 22:40:00,0.243,0.2431,0.2427,0.2428,562720.9
2026-05-25 22:45:00,0.2429,0.2433,0.2429,0.2433,158829.2
2026-05-25 22:50:00,0.2433,0.2433,0.2432,0.2432,77790.1
2026-05-25 22:55:00,0.2432,0.2433,0.2427,0.2427,78515.7
2026-05-25 23:00:00,0.2426,0.2429,0.2424,0.2427,147069.7
2026-05-25 23:05:00,0.2427,0.2431,0.2427,0.243,31429.5
2026-05-25 23:10:00,0.243,0.2432,0.2429,0.2432,16160.2
2026-05-25 23:15:00,0.2432,0.2434,0.2432,0.2433,167998.6
2026-05-25 23:20:00,0.2433,0.2435,0.2432,0.2434,85644.1
2026-05-25 23:25:00,0.2434,0.2439,0.2433,0.2434,427290.4
2026-05-25 23:30:00,0.2434,0.244,0.2434,0.2438,249961.9
2026-05-25 23:35:00,0.2437,0.2438,0.2436,0.2438,49441.8
2026-05-25 23:40:00,0.2438,0.2441,0.2437,0.2438,269775.3
2026-05-25 23:45:00,0.2438,0.2439,0.2436,0.2437,115267.8
2026-05-25 23:50:00,0.2437,0.2438,0.2435,0.2438,77977.9
2026-05-25 23:55:00,0.2438,0.2438,0.2436,0.2437,36351.3
2026-05-26 00:00:00,0.2436,0.2438,0.2434,0.2435,112866.0
2026-05-26 00:05:00,0.2435,0.2436,0.2434,0.2436,80781.2
2026-05-26 00:10:00,0.2436,0.2437,0.2434,0.2437,62884.9
2026-05-26 00:15:00,0.2437,0.2438,0.2433,0.2435,884232.3
2026-05-26 00:20:00,0.2435,0.2436,0.2431,0.2431,249188.7
2026-05-26 00:25:00,0.2432,0.2433,0.243,0.243,204404.4
2026-05-26 00:30:00,0.2431,0.2434,0.2429,0.2431,352974.9
2026-05-26 00:35:00,0.2431,0.2431,0.2422,0.2427,356638.5
2026-05-26 00:40:00,0.2426,0.2428,0.2417,0.242,1210425.9
2026-05-26 00:45:00,0.2421,0.2424,0.2418,0.2421,357312.4
2026-05-26 00:50:00,0.2421,0.2421,0.2406,0.2417,961378.1
2026-05-26 00:55:00,0.2417,0.2422,0.2417,0.2421,177887.6
2026-05-26 01:00:00,0.242,0.242,0.241,0.2414,270835.4
2026-05-26 01:05:00,0.2413,0.2417,0.2412,0.2414,216897.3
2026-05-26 01:10:00,0.2414,0.2421,0.2412,0.2418,287653.2
2026-05-26 01:15:00,0.2418,0.242,0.2416,0.2417,227748.5
2026-05-26 01:20:00,0.2417,0.2419,0.2414,0.2414,727595.9
2026-05-26 01:25:00,0.2414,0.2414,0.2408,0.2411,242244.0
2026-05-26 01:30:00,0.2412,0.2412,0.24,0.2401,575543.4
2026-05-26 01:35:00,0.2402,0.2406,0.2401,0.2405,641385.3
2026-05-26 01:40:00,0.2404,0.2405,0.2401,0.2404,220515.2
2026-05-26 01:45:00,0.2404,0.2408,0.2403,0.2406,321586.7
2026-05-26 01:50:00,0.2406,0.241,0.2406,0.2408,142490.6
2026-05-26 01:55:00,0.2408,0.2412,0.2408,0.2409,343979.9
2026-05-26 02:00:00,0.2409,0.241,0.2404,0.2405,236223.7
2026-05-26 02:05:00,0.2405,0.2408,0.2405,0.2407,93022.9
2026-05-26 02:10:00,0.2407,0.241,0.2406,0.2408,227068.9
2026-05-26 02:15:00,0.2408,0.2408,0.2403,0.2407,2131295.7
2026-05-26 02:20:00,0.2406,0.2409,0.2402,0.2408,276059.1
2026-05-26 02:25:00,0.2407,0.2408,0.2404,0.2404,570144.9
2026-05-26 02:30:00,0.2404,0.2409,0.2403,0.2407,402815.9
2026-05-26 02:35:00,0.2407,0.241,0.2405,0.2407,389153.7
2026-05-26 02:40:00,0.2407,0.2407,0.2404,0.2405,43570.4
2026-05-26 02:45:00,0.2405,0.2409,0.2402,0.2408,281114.7
2026-05-26 02:50:00,0.2407,0.2409,0.2407,0.2407,171180.9
2026-05-26 02:55:00,0.2406,0.2407,0.2405,0.2407,111907.8
2026-05-26 03:00:00,0.2406,0.2406,0.2402,0.2402,156879.3
2026-05-26 03:05:00,0.2403,0.2404,0.24,0.2402,360454.3
2026-05-26 03:10:00,0.2401,0.2404,0.24,0.24,264115.1
2026-05-26 03:15:00,0.24,0.2402,0.2398,0.2401,208421.2
2026-05-26 03:20:00,0.2401,0.2402,0.2398,0.2399,184133.5
2026-05-26 03:25:00,0.2399,0.2399,0.2394,0.2399,620277.7
2026-05-26 03:30:00,0.2399,0.2405,0.2398,0.2404,144808.6
2026-05-26 03:35:00,0.2404,0.2407,0.2403,0.2405,131514.0
2026-05-26 03:40:00,0.2405,0.2405,0.2403,0.2404,104598.4
2026-05-26 03:45:00,0.2404,0.2408,0.2404,0.2408,242211.3
2026-05-26 03:50:00,0.2409,0.2411,0.2408,0.2409,458780.5
2026-05-26 03:55:00,0.241,0.241,0.2407,0.2408,233471.7
2026-05-26 04:00:00,0.2409,0.2414,0.2408,0.241,279676.3
2026-05-26 04:05:00,0.2411,0.2412,0.2408,0.2408,151654.5
2026-05-26 04:10:00,0.2408,0.2408,0.2406,0.2408,139167.9
2026-05-26 04:15:00,0.2408,0.2409,0.2405,0.2408,495477.5
2026-05-26 04:20:00,0.2408,0.2412,0.2407,0.2412,80200.8
2026-05-26 04:25:00,0.2411,0.2416,0.2411,0.2416,154596.6
2026-05-26 04:30:00,0.2415,0.2418,0.2415,0.2416,48659.5
2026-05-26 04:35:00,0.2417,0.2418,0.2415,0.2416,265839.3
2026-05-26 04:40:00,0.2415,0.2415,0.2412,0.2412,575139.7
2026-05-26 04:45:00,0.2413,0.2414,0.241,0.2413,159547.8
2026-05-26 04:50:00,0.2412,0.2413,0.2411,0.2413,150352.1
2026-05-26 04:55:00,0.2412,0.2415,0.2411,0.2411,179396.0
2026-05-26 05:00:00,0.2411,0.2414,0.2408,0.2413,583721.6
2026-05-26 05:05:00,0.2413,0.2416,0.2412,0.2415,213069.3
2026-05-26 05:10:00,0.2414,0.2418,0.2414,0.2417,365386.3
2026-05-26 05:15:00,0.2417,0.242,0.2417,0.2419,69921.8
2026-05-26 05:20:00,0.2419,0.2423,0.2419,0.2423,138615.1
2026-05-26 05:25:00,0.2423,0.2425,0.2422,0.2423,655302.1
2026-05-26 05:30:00,0.2423,0.2428,0.2423,0.2425,1112950.1
2026-05-26 05:35:00,0.2425,0.243,0.2425,0.2425,1522748.1
2026-05-26 05:40:00,0.2425,0.2426,0.2422,0.2426,110477.1
2026-05-26 05:45:00,0.2425,0.2425,0.242,0.242,141439.8
2026-05-26 05:50:00,0.242,0.242,0.2416,0.2417,507865.0
2026-05-26 05:55:00,0.2418,0.2422,0.2418,0.2422,393627.2
2026-05-26 06:00:00,0.2421,0.2421,0.2417,0.2419,126046.3
2026-05-26 06:05:00,0.2419,0.2423,0.2418,0.2422,244592.6
2026-05-26 06:10:00,0.2422,0.2422,0.2419,0.2421,124819.9
2026-05-26 06:15:00,0.242,0.2422,0.242,0.2421,158288.3
2026-05-26 06:20:00,0.2421,0.2421,0.2417,0.2419,214657.0
2026-05-26 06:25:00,0.2419,0.242,0.2413,0.2416,779368.9
2026-05-26 06:30:00,0.2417,0.2418,0.2415,0.2417,69680.3
2026-05-26 06:35:00,0.2418,0.2423,0.2417,0.2423,120160.1
2026-05-26 06:40:00,0.2423,0.2425,0.242,0.2423,113086.9
2026-05-26 06:45:00,0.2424,0.2425,0.2422,0.2422,55661.5
2026-05-26 06:50:00,0.2423,0.2424,0.2421,0.2422,186814.3
2026-05-26 06:55:00,0.2422,0.2423,0.242,0.2421,237484.6
2026-05-26 07:00:00,0.2422,0.2423,0.2419,0.242,129258.0
2026-05-26 07:05:00,0.2419,0.242,0.2416,0.2416,205097.2
2026-05-26 07:10:00,0.2416,0.2417,0.2412,0.2412,128316.8
2026-05-26 07:15:00,0.2412,0.2412,0.2407,0.2411,466825.3
2026-05-26 07:20:00,0.2412,0.2414,0.2411,0.2414,154404.5
2026-05-26 07:25:00,0.2414,0.2415,0.2413,0.2415,47716.5
2026-05-26 07:30:00,0.2414,0.2414,0.2407,0.2409,350349.8
2026-05-26 07:35:00,0.2409,0.241,0.2406,0.2408,628772.8
2026-05-26 07:40:00,0.2409,0.2413,0.2409,0.2412,71539.8
2026-05-26 07:45:00,0.2412,0.2416,0.2412,0.2416,435524.1
2026-05-26 07:50:00,0.2416,0.2418,0.2415,0.2417,43166.1
2026-05-26 07:55:00,0.2417,0.2417,0.2411,0.2412,451905.0
2026-05-26 08:00:00,0.2413,0.2417,0.2412,0.2417,346751.8
2026-05-26 08:05:00,0.2416,0.2422,0.2416,0.2422,235937.4
2026-05-26 08:10:00,0.2422,0.2423,0.242,0.2421,134305.6
2026-05-26 08:15:00,0.242,0.2423,0.2417,0.2423,136303.8
2026-05-26 08:20:00,0.2422,0.2423,0.2419,0.242,107632.8
2026-05-26 08:25:00,0.2419,0.2421,0.2417,0.2419,121536.6
2026-05-26 08:30:00,0.2418,0.2421,0.2416,0.2418,126137.8
2026-05-26 08:35:00,0.2418,0.2422,0.2416,0.2422,138945.5
2026-05-26 08:40:00,0.2421,0.2423,0.242,0.2422,729708.0
2026-05-26 08:45:00,0.2423,0.2423,0.2419,0.2419,80767.3
2026-05-26 08:50:00,0.2418,0.2423,0.2418,0.2423,150251.6
2026-05-26 08:55:00,0.2423,0.2425,0.2421,0.2421,69870.0
2026-05-26 09:00:00,0.2422,0.2423,0.2419,0.242,87548.1
2026-05-26 09:05:00,0.242,0.242,0.2418,0.2419,111850.1
2026-05-26 09:10:00,0.242,0.2424,0.242,0.2421,117226.0
2026-05-26 09:15:00,0.2422,0.2427,0.242,0.2423,263639.0
2026-05-26 09:20:00,0.2424,0.2425,0.2416,0.2417,155320.8
2026-05-26 09:25:00,0.2418,0.2423,0.2418,0.2421,50189.0
2026-05-26 09:30:00,0.2422,0.2424,0.242,0.2421,30603.3
2026-05-26 09:35:00,0.242,0.2421,0.2417,0.2419,92067.9
2026-05-26 09:40:00,0.2419,0.2422,0.2416,0.2421,420345.7
2026-05-26 09:45:00,0.2421,0.2422,0.2418,0.2419,106077.0
2026-05-26 09:50:00,0.2419,0.2422,0.2419,0.2421,41572.0
2026-05-26 09:55:00,0.2421,0.2423,0.2421,0.2423,57167.2
2026-05-26 10:00:00,0.2422,0.2422,0.2418,0.2418,107580.9
2026-05-26 10:05:00,0.2419,0.2421,0.2418,0.2421,41619.7
2026-05-26 10:10:00,0.2422,0.2426,0.2422,0.2425,176280.2
2026-05-26 10:15:00,0.2426,0.2439,0.2426,0.2437,410068.0
2026-05-26 10:20:00,0.2437,0.244,0.2434,0.2436,569634.4
2026-05-26 10:25:00,0.2436,0.2451,0.2435,0.2448,945341.6
2026-05-26 10:30:00,0.2449,0.2451,0.244,0.2446,2630725.4
2026-05-26 10:35:00,0.2446,0.2452,0.2445,0.245,943349.1
2026-05-26 10:40:00,0.2451,0.2456,0.245,0.2451,1016674.3
2026-05-26 10:45:00,0.2451,0.2455,0.2448,0.2455,168605.6
2026-05-26 10:50:00,0.2455,0.2457,0.245,0.2451,571625.2
2026-05-26 10:55:00,0.2452,0.2453,0.245,0.245,374882.9
2026-05-26 11:00:00,0.245,0.2451,0.2448,0.245,250335.3
2026-05-26 11:05:00,0.2451,0.2452,0.2449,0.245,292468.4
2026-05-26 11:10:00,0.245,0.245,0.2446,0.2446,223279.0
2026-05-26 11:15:00,0.2446,0.2448,0.2444,0.2446,299532.9
2026-05-26 11:20:00,0.2446,0.2446,0.2442,0.2444,398668.3
2026-05-26 11:25:00,0.2444,0.2447,0.2443,0.2446,259488.1
2026-05-26 11:30:00,0.2446,0.245,0.2445,0.2447,284451.8
2026-05-26 11:35:00,0.2447,0.2448,0.2444,0.2446,134040.3
2026-05-26 11:40:00,0.2446,0.2448,0.2446,0.2448,63337.8
2026-05-26 11:45:00,0.2447,0.2449,0.2446,0.2448,57250.7
2026-05-26 11:50:00,0.2448,0.2449,0.2446,0.2446,150907.1
2026-05-26 11:55:00,0.2446,0.2447,0.2443,0.2443,115002.4
2026-05-26 12:00:00,0.2443,0.2445,0.2441,0.2444,285197.5
2026-05-26 12:05:00,0.2444,0.2445,0.2434,0.2436,600017.5
2026-05-26 12:10:00,0.2435,0.244,0.2433,0.244,629192.7
2026-05-26 12:15:00,0.244,0.2442,0.2439,0.244,108993.7
2026-05-26 12:20:00,0.244,0.2441,0.2438,0.2438,89024.2
2026-05-26 12:25:00,0.2439,0.2443,0.2438,0.2443,127128.4
2026-05-26 12:30:00,0.2444,0.2447,0.2442,0.2445,272198.4
2026-05-26 12:35:00,0.2445,0.2446,0.2442,0.2443,93372.1
2026-05-26 12:40:00,0.2443,0.2445,0.2441,0.2444,117749.6
2026-05-26 12:45:00,0.2444,0.2445,0.2442,0.2444,153905.7
2026-05-26 12:50:00,0.2444,0.2447,0.2443,0.2446,208668.7
2026-05-26 12:55:00,0.2446,0.2452,0.2446,0.2448,374882.5
2026-05-26 13:00:00,0.2449,0.2452,0.2448,0.2451,819391.8
2026-05-26 13:05:00,0.2451,0.2451,0.2449,0.2449,237198.8
2026-05-26 13:10:00,0.245,0.2451,0.2449,0.245,94127.3
2026-05-26 13:15:00,0.245,0.2452,0.2447,0.2447,195137.9
2026-05-26 13:20:00,0.2447,0.2448,0.2443,0.2443,717913.2
2026-05-26 13:25:00,0.2443,0.2443,0.2438,0.2439,223526.0
2026-05-26 13:30:00,0.2439,0.2441,0.2434,0.2436,589661.6
2026-05-26 13:35:00,0.2436,0.2442,0.2434,0.244,138564.4
2026-05-26 13:40:00,0.2441,0.2447,0.244,0.2443,95645.8
2026-05-26 13:45:00,0.2443,0.2454,0.2443,0.2452,585460.3
2026-05-26 13:50:00,0.2453,0.2455,0.2447,0.2448,602393.6
2026-05-26 13:55:00,0.2449,0.2454,0.2449,0.2451,90831.3
2026-05-26 14:00:00,0.2452,0.2457,0.245,0.2452,652580.7
2026-05-26 14:05:00,0.2453,0.2457,0.2453,0.2455,264459.8
2026-05-26 14:10:00,0.2456,0.2458,0.2454,0.2457,117205.5
2026-05-26 14:15:00,0.2457,0.2464,0.2455,0.2458,685356.0
2026-05-26 14:20:00,0.2459,0.2467,0.2459,0.2464,377125.1
2026-05-26 14:25:00,0.2464,0.2473,0.2464,0.2471,995853.4
2026-05-26 14:30:00,0.2472,0.2473,0.2462,0.2463,254244.3
2026-05-26 14:35:00,0.2463,0.2463,0.244,0.244,1427716.0
2026-05-26 14:40:00,0.2441,0.2446,0.2432,0.2438,1525548.9
2026-05-26 14:45:00,0.2438,0.2441,0.2433,0.244,1207890.0
2026-05-26 14:50:00,0.2441,0.2446,0.2439,0.2444,571612.9
2026-05-26 14:55:00,0.2444,0.2444,0.244,0.244,525026.6
2026-05-26 15:00:00,0.244,0.2443,0.243,0.2435,794627.0
2026-05-26 15:05:00,0.2436,0.2438,0.2429,0.2435,865608.1
2026-05-26 15:10:00,0.2434,0.244,0.2432,0.244,339047.3
2026-05-26 15:15:00,0.2441,0.2442,0.2437,0.2438,251185.0
2026-05-26 15:20:00,0.2438,0.244,0.2424,0.2431,491880.1
2026-05-26 15:25:00,0.2432,0.2434,0.2427,0.243,289996.1
2026-05-26 15:30:00,0.2429,0.2431,0.2416,0.2423,1039311.5
2026-05-26 15:35:00,0.2422,0.2424,0.2418,0.2424,883011.2
2026-05-26 15:40:00,0.2424,0.2429,0.2421,0.2427,773003.9
2026-05-26 15:45:00,0.2427,0.2428,0.2422,0.2425,1394806.2
2026-05-26 15:50:00,0.2425,0.2426,0.2412,0.2417,3422056.9
2026-05-26 15:55:00,0.2417,0.2429,0.2416,0.2427,379495.9
2026-05-26 16:00:00,0.2427,0.2428,0.2422,0.2422,1406040.8
2026-05-26 16:05:00,0.2422,0.2422,0.2416,0.2419,2385867.9
2026-05-26 16:10:00,0.2419,0.2419,0.2408,0.2414,2231840.9
2026-05-26 16:15:00,0.2414,0.242,0.2413,0.2418,597537.2
2026-05-26 16:20:00,0.2418,0.242,0.2417,0.2419,811884.2
2026-05-26 16:25:00,0.2419,0.2421,0.2417,0.242,515410.1
2026-05-26 16:30:00,0.242,0.2421,0.2414,0.2418,412845.8
2026-05-26 16:35:00,0.2419,0.2422,0.2419,0.242,216269.9
2026-05-26 16:40:00,0.2419,0.242,0.2415,0.2418,184925.9
2026-05-26 16:45:00,0.2418,0.242,0.2413,0.2413,80315.3
2026-05-26 16:50:00,0.2413,0.2416,0.241,0.2415,516053.9
2026-05-26 16:55:00,0.2416,0.2418,0.2412,0.2413,728949.9
2026-05-26 17:00:00,0.2413,0.2419,0.2412,0.2416,316577.9
2026-05-26 17:05:00,0.2416,0.2416,0.2409,0.2415,413634.9
2026-05-26 17:10:00,0.2414,0.2415,0.2409,0.2409,182080.8
2026-05-26 17:15:00,0.241,0.2412,0.2404,0.2405,694022.3
2026-05-26 17:20:00,0.2405,0.2405,0.2395,0.2397,3341551.3
2026-05-26 17:25:00,0.2398,0.2398,0.2391,0.2392,1456422.9
2026-05-26 17:30:00,0.2392,0.2392,0.2381,0.2389,3046207.0
2026-05-26 17:35:00,0.2389,0.2397,0.2386,0.2394,1530160.3
2026-05-26 17:40:00,0.2394,0.2398,0.2391,0.2398,1082708.5
2026-05-26 17:45:00,0.2398,0.2405,0.2397,0.2402,764735.1
2026-05-26 17:50:00,0.2403,0.2405,0.24,0.2402,844057.9
2026-05-26 17:55:00,0.2401,0.2402,0.2396,0.2398,433696.3
2026-05-26 18:00:00,0.2399,0.2402,0.2396,0.2402,812374.9
2026-05-26 18:05:00,0.2402,0.2404,0.24,0.2403,267180.0
2026-05-26 18:10:00,0.2402,0.2403,0.2401,0.2402,100141.7
2026-05-26 18:15:00,0.2403,0.2411,0.2402,0.2411,359472.1
2026-05-26 18:20:00,0.2411,0.2416,0.241,0.2414,1107690.6
2026-05-26 18:25:00,0.2415,0.2415,0.2406,0.2409,177979.1
2026-05-26 18:30:00,0.2408,0.2411,0.2408,0.241,136430.6
2026-05-26 18:35:00,0.241,0.241,0.2404,0.2406,105738.5
2026-05-26 18:40:00,0.2407,0.2407,0.2395,0.2396,348028.3
2026-05-26 18:45:00,0.2395,0.2399,0.2395,0.2398,309883.6
2026-05-26 18:50:00,0.2398,0.2401,0.2396,0.24,134375.9
2026-05-26 18:55:00,0.24,0.24,0.2393,0.2396,221620.6
2026-05-26 19:00:00,0.2396,0.2399,0.2395,0.2397,176542.5
2026-05-26 19:05:00,0.2396,0.2399,0.2396,0.2398,192409.8
2026-05-26 19:10:00,0.2398,0.2399,0.2392,0.2393,131982.9
2026-05-26 19:15:00,0.2393,0.2395,0.239,0.2393,199389.2
2026-05-26 19:20:00,0.2394,0.2394,0.239,0.2391,117357.6
2026-05-26 19:25:00,0.2392,0.2394,0.2392,0.2393,81642.2
2026-05-26 19:30:00,0.2393,0.2397,0.2391,0.2394,211282.1
2026-05-26 19:35:00,0.2393,0.2397,0.2392,0.2397,77643.9
2026-05-26 19:40:00,0.2396,0.2405,0.2396,0.2403,169400.5
2026-05-26 19:45:00,0.2403,0.2404,0.2402,0.2403,68608.7
2026-05-26 19:50:00,0.2403,0.2407,0.2403,0.2405,244616.7
2026-05-26 19:55:00,0.2405,0.2406,0.2401,0.2402,153973.2
2026-05-26 20:00:00,0.2403,0.2404,0.2401,0.2403,128964.1
2026-05-26 20:05:00,0.2403,0.2403,0.2401,0.2403,69368.1
2026-05-26 20:10:00,0.2403,0.2404,0.2401,0.2403,76833.5
2026-05-26 20:15:00,0.2403,0.2404,0.2398,0.2398,96055.6
2026-05-26 20:20:00,0.2399,0.2399,0.2396,0.2396,147638.3
2026-05-26 20:25:00,0.2396,0.2402,0.2396,0.2401,81708.8
2026-05-26 20:30:00,0.2401,0.2402,0.2397,0.2398,120212.9
2026-05-26 20:35:00,0.2398,0.24,0.2396,0.24,39856.0
2026-05-26 20:40:00,0.2399,0.2401,0.2397,0.2401,53577.6
2026-05-26 20:45:00,0.2401,0.2404,0.24,0.2403,128599.6
2026-05-26 20:50:00,0.2402,0.2403,0.2401,0.2402,36080.5
2026-05-26 20:55:00,0.2402,0.2406,0.2402,0.2405,104850.2
2026-05-26 21:00:00,0.2405,0.2406,0.2401,0.2402,238241.2
2026-05-26 21:05:00,0.2402,0.2403,0.2401,0.2402,61796.0
2026-05-26 21:10:00,0.2401,0.2401,0.2393,0.2398,297392.3
2026-05-26 21:15:00,0.2397,0.2402,0.2396,0.2401,92003.2
2026-05-26 21:20:00,0.2402,0.2405,0.2402,0.2405,95299.9
2026-05-26 21:25:00,0.2405,0.2408,0.2405,0.2408,82021.8
2026-05-26 21:30:00,0.2408,0.241,0.2405,0.2405,678125.4
2026-05-26 21:35:00,0.2405,0.2407,0.2404,0.2405,105374.5
2026-05-26 21:40:00,0.2405,0.2408,0.2404,0.2407,145153.7
2026-05-26 21:45:00,0.2407,0.2409,0.2407,0.2407,128019.6
2026-05-26 21:50:00,0.2406,0.2406,0.2399,0.2399,183693.6
2026-05-26 21:55:00,0.2399,0.2401,0.2395,0.2397,424916.0
2026-05-26 22:00:00,0.2398,0.2403,0.2398,0.2399,144028.0
2026-05-26 22:05:00,0.2398,0.2398,0.2394,0.2396,425238.7
2026-05-26 22:10:00,0.2396,0.2398,0.2392,0.2397,255113.8
2026-05-26 22:15:00,0.2396,0.2398,0.2394,0.2396,241356.3
2026-05-26 22:20:00,0.2397,0.2399,0.2397,0.2398,102857.1
2026-05-26 22:25:00,0.2399,0.2401,0.2399,0.24,143805.0
2026-05-26 22:30:00,0.24,0.2403,0.24,0.2403,71260.3
2026-05-26 22:35:00,0.2404,0.2404,0.2401,0.2401,83672.6
2026-05-26 22:40:00,0.24,0.2401,0.2397,0.2399,117857.5
2026-05-26 22:45:00,0.2398,0.2398,0.2396,0.2398,88092.5
2026-05-26 22:50:00,0.2398,0.2399,0.2397,0.2399,146384.7
2026-05-26 22:55:00,0.2399,0.24,0.2397,0.24,49985.6
2026-05-26 23:00:00,0.24,0.2405,0.24,0.2403,130702.8
2026-05-26 23:05:00,0.2403,0.2406,0.2402,0.2406,253924.4
2026-05-26 23:10:00,0.2407,0.2407,0.2404,0.2406,159462.6
2026-05-26 23:15:00,0.2405,0.2408,0.2405,0.2406,210674.9
2026-05-26 23:20:00,0.2407,0.2407,0.2402,0.2402,48586.0
2026-05-26 23:25:00,0.2403,0.2403,0.24,0.2401,152800.5
2026-05-26 23:30:00,0.2402,0.2403,0.24,0.2401,10676.0
2026-05-26 23:35:00,0.2401,0.2405,0.2401,0.2403,51581.8
2026-05-26 23:40:00,0.2403,0.2404,0.2402,0.2402,70909.4
2026-05-26 23:45:00,0.2403,0.2404,0.2402,0.2402,228164.6
2026-05-26 23:50:00,0.2402,0.2402,0.24,0.24,147156.3
2026-05-26 23:55:00,0.2401,0.2401,0.24,0.2401,6635.1
2026-05-27 00:00:00,0.2401,0.241,0.24,0.2408,245154.6
2026-05-27 00:05:00,0.2408,0.2412,0.2408,0.2411,234011.8
2026-05-27 00:10:00,0.2412,0.2412,0.2408,0.2411,153696.6
2026-05-27 00:15:00,0.241,0.241,0.2406,0.2406,58475.5
2026-05-27 00:20:00,0.2407,0.241,0.2406,0.241,100805.2
2026-05-27 00:25:00,0.2409,0.2412,0.2409,0.2411,169387.6
2026-05-27 00:30:00,0.2411,0.2414,0.2411,0.2412,134922.0
2026-05-27 00:35:00,0.2412,0.2414,0.241,0.2411,203293.7
2026-05-27 00:40:00,0.2411,0.2414,0.241,0.2413,27539.8
2026-05-27 00:45:00,0.2413,0.2419,0.2413,0.2413,337535.2
2026-05-27 00:50:00,0.2414,0.2417,0.2413,0.2416,370459.4
2026-05-27 00:55:00,0.2416,0.2418,0.2416,0.2417,55009.1
2026-05-27 01:00:00,0.2417,0.2419,0.2415,0.2416,223438.1
2026-05-27 01:05:00,0.2416,0.2417,0.2414,0.2416,86362.0
2026-05-27 01:10:00,0.2416,0.2416,0.2413,0.2416,82211.7
2026-05-27 01:15:00,0.2416,0.2417,0.2412,0.2412,608549.2
2026-05-27 01:20:00,0.2411,0.2412,0.2408,0.2411,102791.7
2026-05-27 01:25:00,0.2412,0.2413,0.241,0.2412,159662.6
2026-05-27 01:30:00,0.2412,0.2414,0.2411,0.2411,170927.4
2026-05-27 01:35:00,0.2412,0.2412,0.2408,0.2412,128928.0
2026-05-27 01:40:00,0.2411,0.2411,0.2408,0.2408,144195.2
2026-05-27 01:45:00,0.2407,0.2412,0.2405,0.2411,305423.6
2026-05-27 01:50:00,0.2412,0.2412,0.2409,0.241,105009.2
2026-05-27 01:55:00,0.2409,0.241,0.2402,0.2405,82018.0
2026-05-27 02:00:00,0.2404,0.2406,0.24,0.2403,122264.3
2026-05-27 02:05:00,0.2403,0.2403,0.2399,0.24,185183.1
2026-05-27 02:10:00,0.24,0.2401,0.2398,0.24,1187434.1
2026-05-27 02:15:00,0.24,0.24,0.2392,0.2394,570892.9
2026-05-27 02:20:00,0.2395,0.2398,0.2395,0.2398,146706.1
2026-05-27 02:25:00,0.2398,0.2401,0.2396,0.2399,624935.3
2026-05-27 02:30:00,0.24,0.2403,0.2399,0.2403,117155.0
2026-05-27 02:35:00,0.2403,0.2404,0.2399,0.24,111576.8
2026-05-27 02:40:00,0.24,0.2401,0.2399,0.24,104332.0
2026-05-27 02:45:00,0.24,0.2403,0.24,0.24,112485.5
2026-05-27 02:50:00,0.24,0.2403,0.24,0.2402,177083.9
2026-05-27 02:55:00,0.2402,0.2407,0.2402,0.2407,312419.5
2026-05-27 03:00:00,0.2408,0.2408,0.2402,0.2406,280518.3
2026-05-27 03:05:00,0.2406,0.2408,0.2405,0.2407,167226.0
2026-05-27 03:10:00,0.2408,0.2408,0.2406,0.2407,156419.7
2026-05-27 03:15:00,0.2408,0.2408,0.2402,0.2402,451013.6
2026-05-27 03:20:00,0.2402,0.2403,0.24,0.2402,170537.1
2026-05-27 03:25:00,0.2403,0.2406,0.2403,0.2405,169723.0
2026-05-27 03:30:00,0.2406,0.2408,0.2404,0.2404,100240.8
2026-05-27 03:35:00,0.2404,0.2404,0.2402,0.2403,124377.8
2026-05-27 03:40:00,0.2403,0.2405,0.2402,0.2402,169046.8
2026-05-27 03:45:00,0.2403,0.2403,0.2397,0.2398,285321.4
2026-05-27 03:50:00,0.2397,0.2402,0.2397,0.2402,107387.3
2026-05-27 03:55:00,0.2401,0.2403,0.24,0.2401,182235.0
2026-05-27 04:00:00,0.2401,0.2402,0.2399,0.2401,127482.9
2026-05-27 04:05:00,0.2401,0.2404,0.2399,0.2403,225847.5
2026-05-27 04:10:00,0.2403,0.2404,0.2401,0.2402,179297.5
2026-05-27 04:15:00,0.2401,0.2402,0.2393,0.2394,491669.2
2026-05-27 04:20:00,0.2395,0.2395,0.2392,0.2393,140371.7
2026-05-27 04:25:00,0.2393,0.2396,0.2391,0.2391,461829.5
2026-05-27 04:30:00,0.2392,0.2392,0.237,0.2382,5377906.2
2026-05-27 04:35:00,0.2382,0.2386,0.2382,0.2386,322316.2
2026-05-27 04:40:00,0.2387,0.2387,0.2383,0.2385,717988.0
2026-05-27 04:45:00,0.2385,0.2394,0.2385,0.2394,225874.4
2026-05-27 04:50:00,0.2393,0.2397,0.2392,0.2395,1219240.8
2026-05-27 04:55:00,0.2395,0.2398,0.2395,0.2397,87540.6
2026-05-27 05:00:00,0.2397,0.2401,0.2397,0.2398,136906.3
2026-05-27 05:05:00,0.2399,0.24,0.2398,0.24,55285.5
2026-05-27 05:10:00,0.2399,0.24,0.2396,0.2399,51057.1
2026-05-27 05:15:00,0.2398,0.2399,0.2397,0.2397,187787.8
2026-05-27 05:20:00,0.2397,0.2401,0.2396,0.2401,320842.6
2026-05-27 05:25:00,0.2401,0.2406,0.2401,0.2402,1072046.9
2026-05-27 05:30:00,0.2403,0.2403,0.2401,0.2402,106118.1
2026-05-27 05:35:00,0.2401,0.2404,0.24,0.24,100792.4
2026-05-27 05:40:00,0.24,0.2401,0.2396,0.2398,109539.4
2026-05-27 05:45:00,0.2397,0.2399,0.2397,0.2398,93302.0
2026-05-27 05:50:00,0.2399,0.2401,0.2399,0.24,65885.7
2026-05-27 05:55:00,0.24,0.2402,0.2399,0.24,720941.7
2026-05-27 06:00:00,0.24,0.24,0.2397,0.2399,122656.5
2026-05-27 06:05:00,0.24,0.2405,0.2398,0.2404,83501.9
2026-05-27 06:10:00,0.2403,0.2403,0.2398,0.2401,325060.3
2026-05-27 06:15:00,0.24,0.24,0.2398,0.2399,90948.4
2026-05-27 06:20:00,0.24,0.2401,0.2396,0.2399,29400.7
2026-05-27 06:25:00,0.2399,0.2402,0.2398,0.2402,72376.8
2026-05-27 06:30:00,0.2403,0.2405,0.2402,0.2404,109184.3
2026-05-27 06:35:00,0.2404,0.2406,0.2403,0.2405,335347.3
2026-05-27 06:40:00,0.2405,0.2406,0.2404,0.2406,149245.1
2026-05-27 06:45:00,0.2406,0.2409,0.2406,0.2407,194667.6
2026-05-27 06:50:00,0.2408,0.2408,0.2405,0.2406,97713.3
2026-05-27 06:55:00,0.2405,0.2407,0.2402,0.2405,361301.3
2026-05-27 07:00:00,0.2405,0.2408,0.2404,0.2405,129093.3
2026-05-27 07:05:00,0.2406,0.2406,0.2402,0.2403,163172.8
2026-05-27 07:10:00,0.2402,0.2403,0.24,0.2401,147329.9
2026-05-27 07:15:00,0.2401,0.2401,0.2397,0.2399,160189.6
2026-05-27 07:20:00,0.24,0.2401,0.2397,0.24,99708.9
2026-05-27 07:25:00,0.24,0.2402,0.2399,0.2402,55137.7
2026-05-27 07:30:00,0.2401,0.2403,0.2399,0.2403,395679.5
2026-05-27 07:35:00,0.2403,0.2404,0.24,0.24,42330.8
2026-05-27 07:40:00,0.24,0.2402,0.2399,0.2402,59079.7
2026-05-27 07:45:00,0.2402,0.2403,0.2399,0.24,51703.2
2026-05-27 07:50:00,0.24,0.2402,0.2399,0.2402,89321.3
2026-05-27 07:55:00,0.2403,0.2404,0.2402,0.2404,600674.2
2026-05-27 08:00:00,0.2404,0.2408,0.2403,0.2408,380063.5
2026-05-27 08:05:00,0.2409,0.2412,0.2406,0.2406,323089.3
2026-05-27 08:10:00,0.2406,0.2408,0.2405,0.2407,29894.9
2026-05-27 08:15:00,0.2407,0.2407,0.2403,0.2405,97217.9
2026-05-27 08:20:00,0.2405,0.241,0.2404,0.2407,199536.9
2026-05-27 08:25:00,0.2407,0.2412,0.2407,0.241,240262.7
2026-05-27 08:30:00,0.241,0.2413,0.2408,0.2408,603995.3
2026-05-27 08:35:00,0.2407,0.2411,0.2407,0.241,16447.1
2026-05-27 08:40:00,0.2411,0.2411,0.2407,0.2409,87884.8
2026-05-27 08:45:00,0.2409,0.2409,0.2404,0.2404,55126.6
2026-05-27 08:50:00,0.2405,0.2406,0.2399,0.2401,182931.4
2026-05-27 08:55:00,0.2401,0.2402,0.2396,0.2399,779087.2
2026-05-27 09:00:00,0.2398,0.2399,0.2391,0.2394,157126.6
2026-05-27 09:05:00,0.2394,0.2396,0.2392,0.2393,100274.9
2026-05-27 09:10:00,0.2393,0.2396,0.2392,0.2393,153880.4
2026-05-27 09:15:00,0.2393,0.2394,0.2389,0.2392,166377.3
2026-05-27 09:20:00,0.2392,0.2396,0.2392,0.2395,269930.4
2026-05-27 09:25:00,0.2394,0.2395,0.239,0.2391,305625.2
2026-05-27 09:30:00,0.2391,0.2396,0.2391,0.2395,75507.0
2026-05-27 09:35:00,0.2395,0.2399,0.2395,0.2399,165085.0
2026-05-27 09:40:00,0.2398,0.2399,0.2395,0.2395,80936.5
2026-05-27 09:45:00,0.2396,0.2398,0.2395,0.2395,69429.2
2026-05-27 09:50:00,0.2396,0.2397,0.2392,0.2393,341551.8
2026-05-27 09:55:00,0.2393,0.2395,0.2393,0.2393,83483.5
2026-05-27 10:00:00,0.2394,0.2395,0.2391,0.2394,594006.3
2026-05-27 10:05:00,0.2394,0.2396,0.2393,0.2396,46619.1
2026-05-27 10:10:00,0.2396,0.2399,0.2394,0.2399,240052.3
2026-05-27 10:15:00,0.2398,0.2402,0.2397,0.2401,177321.5
2026-05-27 10:20:00,0.24,0.2401,0.2398,0.24,78998.3
2026-05-27 10:25:00,0.2401,0.2405,0.2401,0.2401,175784.4
2026-05-27 10:30:00,0.2402,0.2403,0.2399,0.2399,75816.0
2026-05-27 10:35:00,0.2399,0.2401,0.2397,0.2397,50968.5
2026-05-27 10:40:00,0.2397,0.2397,0.2394,0.2396,596186.2
2026-05-27 10:45:00,0.2396,0.2399,0.2396,0.2397,421409.3
2026-05-27 10:50:00,0.2397,0.2398,0.2396,0.2396,76294.1
2026-05-27 10:55:00,0.2396,0.2398,0.2395,0.2396,97627.6
2026-05-27 11:00:00,0.2395,0.2401,0.2394,0.2399,603576.5
2026-05-27 11:05:00,0.2398,0.24,0.2398,0.2398,35225.4
2026-05-27 11:10:00,0.2398,0.24,0.2397,0.2399,39517.1
2026-05-27 11:15:00,0.24,0.2403,0.2398,0.2399,266056.0
2026-05-27 11:20:00,0.2398,0.2402,0.2398,0.2401,47814.7
2026-05-27 11:25:00,0.2401,0.2402,0.24,0.24,52955.8
2026-05-27 11:30:00,0.2399,0.24,0.2395,0.2396,98625.4
2026-05-27 11:35:00,0.2397,0.2403,0.2397,0.24,97409.0
2026-05-27 11:40:00,0.2401,0.2401,0.2397,0.2399,332704.4
2026-05-27 11:45:00,0.2398,0.2399,0.2396,0.2396,53632.1
2026-05-27 11:50:00,0.2397,0.2398,0.2396,0.2396,24248.8
2026-05-27 11:55:00,0.2395,0.2398,0.2395,0.2396,155623.8
2026-05-27 12:00:00,0.2397,0.2397,0.2388,0.2391,686308.1
2026-05-27 12:05:00,0.2391,0.2392,0.2385,0.239,210859.1
2026-05-27 12:10:00,0.2389,0.2391,0.2387,0.239,384652.5
2026-05-27 12:15:00,0.239,0.24,0.2387,0.2399,479094.8
2026-05-27 12:20:00,0.2399,0.2415,0.2398,0.2405,879313.4
2026-05-27 12:25:00,0.2405,0.2408,0.2403,0.2407,98724.1
2026-05-27 12:30:00,0.2406,0.2409,0.2401,0.2401,388622.4
2026-05-27 12:35:00,0.2401,0.241,0.2401,0.2409,785565.7
2026-05-27 12:40:00,0.2409,0.241,0.2407,0.241,109037.0
2026-05-27 12:45:00,0.2409,0.241,0.2405,0.2408,231210.4
2026-05-27 12:50:00,0.2409,0.2409,0.2405,0.2408,68978.4
2026-05-27 12:55:00,0.2408,0.2408,0.2402,0.2402,45556.9
2026-05-27 13:00:00,0.2403,0.2405,0.2398,0.2398,224149.5
2026-05-27 13:05:00,0.2398,0.24,0.2392,0.2395,295526.4
2026-05-27 13:10:00,0.2395,0.2396,0.2393,0.2396,164423.0
2026-05-27 13:15:00,0.2396,0.2396,0.2392,0.2394,229353.7
2026-05-27 13:20:00,0.2394,0.2395,0.2391,0.2395,229716.9
2026-05-27 13:25:00,0.2395,0.2395,0.2386,0.2387,405220.8
2026-05-27 13:30:00,0.2388,0.239,0.2379,0.2388,1065917.6
2026-05-27 13:35:00,0.2388,0.239,0.2374,0.238,665117.3
2026-05-27 13:40:00,0.2379,0.2379,0.2375,0.2378,1141544.5
2026-05-27 13:45:00,0.2378,0.2385,0.2377,0.2383,1742380.7
2026-05-27 13:50:00,0.2383,0.239,0.238,0.2388,699321.6
2026-05-27 13:55:00,0.2387,0.2391,0.2386,0.2391,314995.7
2026-05-27 14:00:00,0.2392,0.2402,0.2392,0.2399,1712574.2
2026-05-27 14:05:00,0.2399,0.24,0.239,0.2393,1785333.8
2026-05-27 14:10:00,0.2392,0.2392,0.2388,0.239,434113.6
2026-05-27 14:15:00,0.239,0.2394,0.2388,0.2394,728818.7
2026-05-27 14:20:00,0.2394,0.2394,0.2384,0.2385,1052885.0
2026-05-27 14:25:00,0.2385,0.2388,0.2381,0.2387,984562.7
2026-05-27 14:30:00,0.2387,0.2395,0.2387,0.2393,1207383.4
2026-05-27 14:35:00,0.2393,0.2395,0.2386,0.2391,803558.4
2026-05-27 14:40:00,0.239,0.2391,0.2385,0.2389,390666.9
2026-05-27 14:45:00,0.239,0.2398,0.239,0.2397,656032.4
2026-05-27 14:50:00,0.2398,0.2401,0.2396,0.2401,387485.4
2026-05-27 14:55:00,0.2402,0.2403,0.2398,0.24,593981.6
2026-05-27 15:00:00,0.24,0.2408,0.2399,0.2405,532781.7
2026-05-27 15:05:00,0.2404,0.2409,0.2403,0.2408,114898.2
2026-05-27 15:10:00,0.2408,0.2415,0.2407,0.2414,1526876.1
2026-05-27 15:15:00,0.2413,0.2423,0.2413,0.2416,671624.3
2026-05-27 15:20:00,0.2416,0.2426,0.2416,0.2425,592226.6
2026-05-27 15:25:00,0.2424,0.2425,0.2421,0.2422,113550.3
2026-05-27 15:30:00,0.2423,0.2435,0.2422,0.2425,1013251.8
2026-05-27 15:35:00,0.2425,0.2428,0.2421,0.2423,580382.0
2026-05-27 15:40:00,0.2422,0.2424,0.2415,0.2417,344144.6
2026-05-27 15:45:00,0.2417,0.2419,0.2416,0.2417,31519.3
2026-05-27 15:50:00,0.2417,0.2418,0.241,0.2412,693789.8
2026-05-27 15:55:00,0.2412,0.2416,0.241,0.2415,276873.2
2026-05-27 16:00:00,0.2415,0.242,0.2414,0.2414,377417.5
2026-05-27 16:05:00,0.2415,0.2416,0.2412,0.2414,355392.0
2026-05-27 16:10:00,0.2415,0.2417,0.2413,0.2416,264887.9
2026-05-27 16:15:00,0.2415,0.2415,0.2406,0.2407,249570.0
2026-05-27 16:20:00,0.2408,0.2409,0.2406,0.2409,119744.8
2026-05-27 16:25:00,0.2409,0.2412,0.2408,0.2411,221594.9
2026-05-27 16:30:00,0.2411,0.2413,0.2406,0.2407,178821.0
2026-05-27 16:35:00,0.2407,0.2407,0.2401,0.2405,139596.4
2026-05-27 16:40:00,0.2404,0.241,0.2403,0.2409,211787.9
2026-05-27 16:45:00,0.2409,0.2411,0.2408,0.2409,280348.1
2026-05-27 16:50:00,0.2409,0.2414,0.2408,0.2411,282712.3
2026-05-27 16:55:00,0.2411,0.2413,0.241,0.2411,47061.8
2026-05-27 17:00:00,0.2412,0.2412,0.2403,0.2408,339629.6
2026-05-27 17:05:00,0.2408,0.2409,0.2399,0.2401,140620.7
2026-05-27 17:10:00,0.2401,0.2402,0.239,0.2392,488189.9
2026-05-27 17:15:00,0.2392,0.2396,0.2386,0.2394,929783.4
2026-05-27 17:20:00,0.2395,0.24,0.2394,0.2398,40899.0
2026-05-27 17:25:00,0.2397,0.2398,0.2391,0.2395,169850.8
2026-05-27 17:30:00,0.2395,0.2395,0.2392,0.2393,159214.9
2026-05-27 17:35:00,0.2392,0.2395,0.2389,0.2394,202016.3
2026-05-27 17:40:00,0.2395,0.2396,0.2388,0.239,212003.1
2026-05-27 17:45:00,0.239,0.2392,0.2387,0.2391,84366.6
2026-05-27 17:50:00,0.239,0.2392,0.2388,0.2389,71476.3
2026-05-27 17:55:00,0.2389,0.2389,0.2378,0.2384,1371246.1
2026-05-27 18:00:00,0.2384,0.2385,0.2379,0.238,147003.5
2026-05-27 18:05:00,0.2381,0.2387,0.2379,0.2383,132606.4
2026-05-27 18:10:00,0.2383,0.2385,0.2379,0.2383,229138.6
2026-05-27 18:15:00,0.2383,0.2388,0.2382,0.2387,118765.1
2026-05-27 18:20:00,0.2386,0.2388,0.2384,0.2388,266762.7
2026-05-27 18:25:00,0.2387,0.239,0.2383,0.2386,449287.3
2026-05-27 18:30:00,0.2386,0.2386,0.2383,0.2385,94571.1
2026-05-27 18:35:00,0.2385,0.2387,0.2382,0.2387,998918.5
2026-05-27 18:40:00,0.2386,0.2391,0.2386,0.2389,84626.5
2026-05-27 18:45:00,0.239,0.2392,0.2387,0.2391,363034.8
2026-05-27 18:50:00,0.2391,0.2395,0.2391,0.2392,161647.1
2026-05-27 18:55:00,0.2393,0.2399,0.2393,0.2398,182314.7
2026-05-27 19:00:00,0.2398,0.2402,0.2398,0.2402,817306.8
2026-05-27 19:05:00,0.2402,0.2407,0.2401,0.2406,96092.7
2026-05-27 19:10:00,0.2406,0.2411,0.2403,0.2411,271076.9
2026-05-27 19:15:00,0.241,0.2411,0.2406,0.2406,981415.9
2026-05-27 19:20:00,0.2406,0.2413,0.2406,0.2411,150095.8
2026-05-27 19:25:00,0.2411,0.2412,0.2408,0.2409,67668.0
2026-05-27 19:30:00,0.2409,0.2413,0.2408,0.241,193990.3
2026-05-27 19:35:00,0.241,0.2411,0.2408,0.241,357001.6
2026-05-27 19:40:00,0.2409,0.241,0.2404,0.2407,212233.0
2026-05-27 19:45:00,0.2406,0.2408,0.2403,0.2403,224263.1
2026-05-27 19:50:00,0.2403,0.241,0.2403,0.241,82884.8
2026-05-27 19:55:00,0.241,0.2411,0.2408,0.241,50590.2
2026-05-27 20:00:00,0.241,0.2412,0.2407,0.2409,159245.9
2026-05-27 20:05:00,0.2408,0.241,0.2407,0.241,738199.4
2026-05-27 20:10:00,0.2409,0.2411,0.2408,0.241,109314.7
2026-05-27 20:15:00,0.241,0.2411,0.2407,0.2411,274002.7
2026-05-27 20:20:00,0.2411,0.2413,0.2406,0.2406,156764.5
2026-05-27 20:25:00,0.2405,0.2406,0.2401,0.2401,887665.0
2026-05-27 20:30:00,0.2401,0.2404,0.2398,0.2398,1004606.9
2026-05-27 20:35:00,0.2399,0.2401,0.2399,0.2401,227384.7
2026-05-27 20:40:00,0.2401,0.2404,0.24,0.2404,286941.8
2026-05-27 20:45:00,0.2405,0.2406,0.2403,0.2405,164019.4
2026-05-27 20:50:00,0.2406,0.2406,0.2402,0.2402,105047.0
2026-05-27 20:55:00,0.2402,0.2406,0.2402,0.2404,160420.2
2026-05-27 21:00:00,0.2403,0.2403,0.24,0.2402,391629.7
2026-05-27 21:05:00,0.2401,0.2405,0.24,0.2404,116390.5
2026-05-27 21:10:00,0.2403,0.2408,0.2403,0.2405,279572.4
2026-05-27 21:15:00,0.2405,0.2406,0.2404,0.2404,106374.9
2026-05-27 21:20:00,0.2404,0.2406,0.2404,0.2404,33467.1
2026-05-27 21:25:00,0.2405,0.2405,0.24,0.24,220959.6
2026-05-27 21:30:00,0.24,0.24,0.2391,0.2393,2543225.9
2026-05-27 21:35:00,0.2393,0.2393,0.2387,0.2389,1619856.5
2026-05-27 21:40:00,0.2388,0.2388,0.2364,0.2378,2036918.3
2026-05-27 21:45:00,0.2377,0.2378,0.236,0.2372,1435491.6
2026-05-27 21:50:00,0.2372,0.2372,0.2366,0.2368,471861.5
2026-05-27 21:55:00,0.2369,0.2376,0.2364,0.2375,907766.4
2026-05-27 22:00:00,0.2375,0.2385,0.2368,0.2383,524433.8
2026-05-27 22:05:00,0.2384,0.2388,0.2376,0.2377,516299.2
2026-05-27 22:10:00,0.2378,0.2378,0.2371,0.2376,354694.7
2026-05-27 22:15:00,0.2375,0.2375,0.2362,0.2371,1430742.2
2026-05-27 22:20:00,0.2372,0.2377,0.2372,0.2374,498619.7
2026-05-27 22:25:00,0.2374,0.2379,0.2374,0.2378,155629.5
2026-05-27 22:30:00,0.2377,0.2377,0.2372,0.2377,193485.2
2026-05-27 22:35:00,0.2377,0.238,0.2377,0.238,104770.9
2026-05-27 22:40:00,0.238,0.2382,0.2377,0.2377,245673.1
2026-05-27 22:45:00,0.2377,0.2379,0.237,0.2372,1484379.5
2026-05-27 22:50:00,0.2371,0.2373,0.237,0.2372,294949.2
2026-05-27 22:55:00,0.2371,0.2374,0.2366,0.2367,177995.3
2026-05-27 23:00:00,0.2366,0.2369,0.2361,0.2369,351906.8
2026-05-27 23:05:00,0.237,0.2373,0.2366,0.2372,729066.8
2026-05-27 23:10:00,0.2372,0.2374,0.237,0.2374,152008.4
2026-05-27 23:15:00,0.2374,0.2377,0.2373,0.2376,1357041.6
2026-05-27 23:20:00,0.2377,0.2377,0.2365,0.2367,212481.5
2026-05-27 23:25:00,0.2366,0.2367,0.2363,0.2367,280744.3
2026-05-27 23:30:00,0.2366,0.2373,0.2365,0.2366,1745389.9
2026-05-27 23:35:00,0.2365,0.2368,0.2361,0.2368,454605.2
2026-05-27 23:40:00,0.2368,0.2371,0.2366,0.237,152673.7
2026-05-27 23:45:00,0.237,0.2375,0.237,0.2375,53532.5
2026-05-27 23:50:00,0.2374,0.2375,0.2369,0.2373,226655.9
2026-05-27 23:55:00,0.2374,0.2376,0.2372,0.2372,136189.4
2026-05-28 00:00:00,0.2372,0.2377,0.237,0.2376,196844.6
2026-05-28 00:05:00,0.2377,0.238,0.2376,0.2378,1422378.7
2026-05-28 00:10:00,0.2377,0.2379,0.2374,0.2378,186796.7
2026-05-28 00:15:00,0.2377,0.2384,0.2377,0.2381,270414.1
2026-05-28 00:20:00,0.2381,0.2384,0.2377,0.2378,343898.9
2026-05-28 00:25:00,0.2378,0.2378,0.2373,0.2376,623834.9
2026-05-28 00:30:00,0.2377,0.2381,0.2377,0.2381,110045.0
2026-05-28 00:35:00,0.238,0.2382,0.2379,0.238,324322.2
2026-05-28 00:40:00,0.2381,0.2384,0.238,0.2383,247860.4
2026-05-28 00:45:00,0.2382,0.2382,0.238,0.2381,72707.7
2026-05-28 00:50:00,0.238,0.2381,0.2377,0.2381,215603.2
2026-05-28 00:55:00,0.2381,0.2384,0.2377,0.2383,87404.9
2026-05-28 01:00:00,0.2383,0.2384,0.2382,0.2383,59868.8
2026-05-28 01:05:00,0.2382,0.2383,0.2379,0.238,50510.6
2026-05-28 01:10:00,0.238,0.2381,0.2375,0.2377,136605.7
2026-05-28 01:15:00,0.2377,0.2377,0.2362,0.237,634274.3
2026-05-28 01:20:00,0.2371,0.2378,0.2367,0.2375,238063.7
2026-05-28 01:25:00,0.2375,0.2375,0.236,0.2367,363191.6
2026-05-28 01:30:00,0.2366,0.2371,0.2364,0.2369,178786.3
2026-05-28 01:35:00,0.2368,0.2372,0.2366,0.2368,213773.6
2026-05-28 01:40:00,0.2369,0.2372,0.2362,0.2371,390692.3
2026-05-28 01:45:00,0.2371,0.2377,0.2371,0.2377,170532.8
2026-05-28 01:50:00,0.2377,0.2379,0.2373,0.2375,320503.7
2026-05-28 01:55:00,0.2375,0.2377,0.2372,0.2374,162086.2
2026-05-28 02:00:00,0.2375,0.2377,0.237,0.2371,216099.8
2026-05-28 02:05:00,0.2372,0.2377,0.2372,0.2376,347164.9
2026-05-28 02:10:00,0.2377,0.2378,0.2374,0.2376,103039.1
2026-05-28 02:15:00,0.2376,0.2377,0.2372,0.2373,189043.6
2026-05-28 02:20:00,0.2373,0.2373,0.2368,0.2372,187079.4
2026-05-28 02:25:00,0.2373,0.2374,0.237,0.2373,101871.4
2026-05-28 02:30:00,0.2373,0.2374,0.237,0.2374,170083.4
2026-05-28 02:35:00,0.2375,0.2376,0.2369,0.2376,200652.7
2026-05-28 02:40:00,0.2377,0.2378,0.2374,0.2376,168392.2
2026-05-28 02:45:00,0.2375,0.2377,0.2373,0.2375,101532.6
2026-05-28 02:50:00,0.2375,0.2375,0.237,0.2373,69810.6
2026-05-28 02:55:00,0.2374,0.2375,0.237,0.237,87656.4
2026-05-28 03:00:00,0.237,0.2372,0.2367,0.237,61639.7
2026-05-28 03:05:00,0.237,0.2373,0.2368,0.2368,172460.7
2026-05-28 03:10:00,0.2368,0.2368,0.2361,0.2367,272065.2
2026-05-28 03:15:00,0.2367,0.2368,0.2329,0.2346,7784526.1
2026-05-28 03:20:00,0.2345,0.2358,0.2344,0.2357,741994.4
2026-05-28 03:25:00,0.2357,0.2357,0.2347,0.2347,532640.9
2026-05-28 03:30:00,0.2347,0.2349,0.2344,0.2346,3727979.5
2026-05-28 03:35:00,0.2345,0.2345,0.2335,0.234,1357769.8
2026-05-28 03:40:00,0.234,0.2346,0.2337,0.2337,353513.7
2026-05-28 03:45:00,0.2337,0.2344,0.2335,0.2336,442709.6
2026-05-28 03:50:00,0.2336,0.2336,0.2323,0.2325,1598364.6
2026-05-28 03:55:00,0.2325,0.2325,0.2316,0.2322,1605928.6
2026-05-28 04:00:00,0.2322,0.2323,0.2291,0.2309,7284832.7
2026-05-28 04:05:00,0.2309,0.2318,0.2306,0.2315,952746.3
2026-05-28 04:10:00,0.2315,0.2318,0.2309,0.231,622415.4
2026-05-28 04:15:00,0.231,0.2313,0.2303,0.2306,619364.9
2026-05-28 04:20:00,0.2305,0.2306,0.2291,0.2295,1474210.6
2026-05-28 04:25:00,0.2296,0.23,0.2289,0.2297,687878.9
2026-05-28 04:30:00,0.2297,0.2306,0.2296,0.2305,510375.6
2026-05-28 04:35:00,0.2306,0.2311,0.2303,0.2308,533056.6
2026-05-28 04:40:00,0.2308,0.2312,0.2308,0.2311,1295834.9
2026-05-28 04:45:00,0.231,0.2311,0.2306,0.2309,218149.5
2026-05-28 04:50:00,0.2309,0.2309,0.2305,0.2308,293816.4
2026-05-28 04:55:00,0.2309,0.2312,0.2309,0.2312,321646.6
2026-05-28 05:00:00,0.2312,0.2313,0.2308,0.2309,452342.6
2026-05-28 05:05:00,0.2309,0.2309,0.2299,0.23,597996.9
2026-05-28 05:10:00,0.2301,0.2301,0.2284,0.2291,3054438.6
2026-05-28 05:15:00,0.229,0.229,0.228,0.2283,2315554.3
2026-05-28 05:20:00,0.2284,0.2288,0.228,0.2287,772120.0
2026-05-28 05:25:00,0.2287,0.229,0.2284,0.2286,845204.4
2026-05-28 05:30:00,0.2287,0.2297,0.2287,0.2296,787405.3
2026-05-28 05:35:00,0.2295,0.2299,0.2293,0.2299,216906.1
2026-05-28 05:40:00,0.23,0.23,0.2298,0.23,327320.9
2026-05-28 05:45:00,0.2299,0.2301,0.2293,0.2297,903284.9
2026-05-28 05:50:00,0.2296,0.2302,0.2296,0.2302,511100.9
2026-05-28 05:55:00,0.2301,0.2301,0.2294,0.2298,314608.0
2026-05-28 06:00:00,0.2297,0.23,0.2296,0.2298,171646.4
2026-05-28 06:05:00,0.2297,0.23,0.2294,0.2294,506592.3
2026-05-28 06:10:00,0.2293,0.2296,0.2292,0.2292,472470.3
2026-05-28 06:15:00,0.2293,0.2294,0.2291,0.2293,198660.8
2026-05-28 06:20:00,0.2292,0.2295,0.2288,0.2291,552338.3
2026-05-28 06:25:00,0.229,0.2295,0.2288,0.2294,268758.9
2026-05-28 06:30:00,0.2294,0.2296,0.2289,0.2291,281415.8
2026-05-28 06:35:00,0.2291,0.2293,0.2286,0.2291,746493.1
2026-05-28 06:40:00,0.2291,0.2294,0.2288,0.2293,372945.4
2026-05-28 06:45:00,0.2293,0.2305,0.2293,0.2302,944418.7
2026-05-28 06:50:00,0.2302,0.2303,0.23,0.23,204915.7
2026-05-28 06:55:00,0.2301,0.2305,0.23,0.2302,336664.7
2026-05-28 07:00:00,0.2303,0.2305,0.2299,0.23,282460.1
2026-05-28 07:05:00,0.23,0.2305,0.2297,0.2304,300588.3
2026-05-28 07:10:00,0.2303,0.2304,0.2299,0.2304,941337.7
2026-05-28 07:15:00,0.2304,0.2309,0.2304,0.2307,1159280.5
2026-05-28 07:20:00,0.2307,0.231,0.2305,0.2308,841492.4
2026-05-28 07:25:00,0.2307,0.2308,0.2304,0.2304,255523.0
2026-05-28 07:30:00,0.2305,0.2308,0.2304,0.2307,149522.2
2026-05-28 07:35:00,0.2307,0.2313,0.2307,0.2311,816539.6
2026-05-28 07:40:00,0.2312,0.2314,0.231,0.2314,412357.4
2026-05-28 07:45:00,0.2313,0.2313,0.231,0.2313,443892.1
2026-05-28 07:50:00,0.2313,0.2313,0.2311,0.2313,128304.8
2026-05-28 07:55:00,0.2313,0.2317,0.2311,0.2315,502566.4
2026-05-28 08:00:00,0.2315,0.2316,0.2308,0.231,660998.3
2026-05-28 08:05:00,0.2311,0.2315,0.231,0.2314,138684.3
2026-05-28 08:10:00,0.2314,0.2315,0.2311,0.2314,276439.7
2026-05-28 08:15:00,0.2314,0.2314,0.2309,0.231,883190.4
2026-05-28 08:20:00,0.2309,0.231,0.2305,0.2306,507946.6
2026-05-28 08:25:00,0.2306,0.2306,0.23,0.2302,272035.0
2026-05-28 08:30:00,0.2302,0.2302,0.2295,0.2299,728587.9
2026-05-28 08:35:00,0.23,0.2304,0.23,0.2304,343551.8
2026-05-28 08:40:00,0.2303,0.2304,0.2301,0.2301,512911.5
2026-05-28 08:45:00,0.2302,0.2306,0.2301,0.2303,274277.3
2026-05-28 08:50:00,0.2302,0.2304,0.2301,0.2302,138698.7
2026-05-28 08:55:00,0.2303,0.2303,0.2302,0.2302,58145.1
2026-05-28 09:00:00,0.2303,0.231,0.2303,0.2309,281536.7
2026-05-28 09:05:00,0.2309,0.231,0.2307,0.2307,237087.6
2026-05-28 09:10:00,0.2307,0.2309,0.2305,0.2308,342881.7
2026-05-28 09:15:00,0.2309,0.2311,0.2308,0.2311,211538.9
2026-05-28 09:20:00,0.2311,0.2313,0.231,0.2313,236521.4
2026-05-28 09:25:00,0.2313,0.2314,0.231,0.2312,173005.3
2026-05-28 09:30:00,0.2311,0.2312,0.2308,0.2311,156206.2
2026-05-28 09:35:00,0.2312,0.2314,0.231,0.2311,215309.7
2026-05-28 09:40:00,0.2311,0.2314,0.231,0.2314,129295.7
2026-05-28 09:45:00,0.2313,0.2319,0.2313,0.2319,237161.3
2026-05-28 09:50:00,0.2319,0.2321,0.2315,0.2316,623069.8
2026-05-28 09:55:00,0.2316,0.2318,0.2315,0.2316,206440.6
2026-05-28 10:00:00,0.2316,0.2318,0.2315,0.2315,250731.1
2026-05-28 10:05:00,0.2316,0.2318,0.2315,0.2316,420180.8
2026-05-28 10:10:00,0.2316,0.2321,0.2315,0.2315,676323.0
2026-05-28 10:15:00,0.2315,0.2316,0.2308,0.231,313347.7
2026-05-28 10:20:00,0.2309,0.231,0.2303,0.2303,356137.7
2026-05-28 10:25:00,0.2303,0.2307,0.2301,0.2307,631230.7
2026-05-28 10:30:00,0.2306,0.2308,0.2305,0.2307,134621.1
2026-05-28 10:35:00,0.2308,0.2313,0.2308,0.2311,189817.7
2026-05-28 10:40:00,0.2311,0.2311,0.2307,0.2308,163779.1
2026-05-28 10:45:00,0.2308,0.231,0.2306,0.2307,170729.7
2026-05-28 10:50:00,0.2307,0.2307,0.2298,0.2303,1078323.5
2026-05-28 10:55:00,0.2303,0.2304,0.2298,0.2299,340294.5
2026-05-28 11:00:00,0.2299,0.23,0.2296,0.2296,758302.1
2026-05-28 11:05:00,0.2296,0.23,0.2295,0.2297,285029.6
2026-05-28 11:10:00,0.2297,0.2302,0.2297,0.2301,275973.8
2026-05-28 11:15:00,0.2302,0.2305,0.2298,0.23,476706.5
2026-05-28 11:20:00,0.2299,0.2301,0.2297,0.2301,252110.7
2026-05-28 11:25:00,0.2301,0.2301,0.2294,0.2297,375375.6
2026-05-28 11:30:00,0.2298,0.23,0.2295,0.2299,445328.7
2026-05-28 11:35:00,0.2299,0.23,0.2297,0.23,209275.5
2026-05-28 11:40:00,0.23,0.2302,0.2297,0.2301,219134.2
2026-05-28 11:45:00,0.2301,0.2301,0.2298,0.23,176418.4
2026-05-28 11:50:00,0.2299,0.2303,0.2298,0.2302,636249.5
2026-05-28 11:55:00,0.2301,0.2303,0.23,0.2302,114425.3
2026-05-28 12:00:00,0.2302,0.2306,0.23,0.2301,237199.3
2026-05-28 12:05:00,0.2301,0.2302,0.2299,0.2301,75929.3
2026-05-28 12:10:00,0.2301,0.2301,0.2297,0.2299,148433.2
2026-05-28 12:15:00,0.2298,0.2299,0.2292,0.2295,708227.4
2026-05-28 12:20:00,0.2295,0.2297,0.2291,0.2292,658405.8
2026-05-28 12:25:00,0.2293,0.2299,0.2293,0.2297,389025.4
2026-05-28 12:30:00,0.2297,0.2307,0.2297,0.2305,381472.6
2026-05-28 12:35:00,0.2305,0.2312,0.2304,0.2312,369979.9
2026-05-28 12:40:00,0.2313,0.2316,0.2312,0.2313,424798.2
2026-05-28 12:45:00,0.2313,0.2316,0.2312,0.2314,289346.6
2026-05-28 12:50:00,0.2314,0.2317,0.2314,0.2316,181269.7
2026-05-28 12:55:00,0.2317,0.2318,0.2315,0.2318,100140.7
2026-05-28 13:00:00,0.2318,0.2326,0.2318,0.2323,606229.9
2026-05-28 13:05:00,0.2323,0.2323,0.2317,0.2317,497576.3
2026-05-28 13:10:00,0.2318,0.2318,0.2312,0.2316,1433222.0
2026-05-28 13:15:00,0.2315,0.2317,0.2312,0.2314,357827.3
2026-05-28 13:20:00,0.2315,0.2316,0.231,0.2312,625802.6
2026-05-28 13:25:00,0.2311,0.2318,0.2304,0.2316,657927.3
2026-05-28 13:30:00,0.2316,0.2318,0.2307,0.2307,819979.0
2026-05-28 13:35:00,0.2307,0.2308,0.2302,0.2307,443776.5
2026-05-28 13:40:00,0.2306,0.2314,0.2305,0.231,637566.8
2026-05-28 13:45:00,0.231,0.2312,0.2306,0.231,391996.6
2026-05-28 13:50:00,0.231,0.2323,0.2308,0.2318,1092816.0
2026-05-28 13:55:00,0.2319,0.2319,0.2313,0.2314,239533.0
2026-05-28 14:00:00,0.2314,0.2314,0.23,0.2306,680384.8
2026-05-28 14:05:00,0.2306,0.2308,0.2293,0.2307,1268321.6
2026-05-28 14:10:00,0.2308,0.2324,0.2296,0.2322,2722869.6
2026-05-28 14:15:00,0.2323,0.2341,0.2317,0.234,1395656.6
2026-05-28 14:20:00,0.2339,0.2341,0.2322,0.2326,672733.1
2026-05-28 14:25:00,0.2326,0.2334,0.2324,0.233,505397.6
2026-05-28 14:30:00,0.2329,0.2339,0.2328,0.2331,586395.1
2026-05-28 14:35:00,0.233,0.2335,0.2326,0.2331,688744.6
2026-05-28 14:40:00,0.2331,0.2336,0.2326,0.2329,858898.8
2026-05-28 14:45:00,0.233,0.2331,0.2324,0.2326,632942.5
2026-05-28 14:50:00,0.2327,0.2331,0.2325,0.2325,341415.1
2026-05-28 14:55:00,0.2325,0.2328,0.232,0.2322,444575.9
2026-05-28 15:00:00,0.2323,0.2323,0.2318,0.2321,344497.1
2026-05-28 15:05:00,0.2321,0.2328,0.2312,0.2314,426499.9
2026-05-28 15:10:00,0.2315,0.2317,0.231,0.231,372072.9
2026-05-28 15:15:00,0.2311,0.2312,0.2308,0.231,159929.9
2026-05-28 15:20:00,0.231,0.2321,0.2307,0.232,247919.6
2026-05-28 15:25:00,0.2319,0.2327,0.2319,0.2327,178497.2
2026-05-28 15:30:00,0.2328,0.2329,0.2322,0.2328,335123.7
2026-05-28 15:35:00,0.2327,0.2335,0.2327,0.2329,210365.7
2026-05-28 15:40:00,0.2329,0.2334,0.2329,0.2333,255568.1
2026-05-28 15:45:00,0.2334,0.234,0.2331,0.2331,899212.5
2026-05-28 15:50:00,0.2333,0.2334,0.2327,0.2328,112525.4
2026-05-28 15:55:00,0.2327,0.2332,0.2327,0.233,162310.4
2026-05-28 16:00:00,0.233,0.233,0.2317,0.2317,577868.6
2026-05-28 16:05:00,0.2317,0.2322,0.2316,0.2322,438889.9
2026-05-28 16:10:00,0.2323,0.2334,0.2322,0.2334,1290942.8
2026-05-28 16:15:00,0.2334,0.2341,0.2333,0.2337,341087.3
2026-05-28 16:20:00,0.2337,0.2347,0.2336,0.2344,596657.5
2026-05-28 16:25:00,0.2344,0.2346,0.2337,0.2337,688588.3
2026-05-28 16:30:00,0.2337,0.2339,0.2335,0.2339,292697.7
2026-05-28 16:35:00,0.234,0.2341,0.2338,0.2339,212656.6
2026-05-28 16:40:00,0.2338,0.2343,0.2337,0.2343,151181.3
2026-05-28 16:45:00,0.2344,0.235,0.2342,0.2346,1188281.4
2026-05-28 16:50:00,0.2346,0.2351,0.2345,0.2348,280711.9
2026-05-28 16:55:00,0.2348,0.2349,0.2344,0.2345,165984.1
2026-05-28 17:00:00,0.2345,0.2346,0.2338,0.234,121215.7
2026-05-28 17:05:00,0.234,0.2348,0.2339,0.2348,237387.4
2026-05-28 17:10:00,0.2348,0.2348,0.2344,0.2346,284614.2
2026-05-28 17:15:00,0.2346,0.2347,0.2343,0.2346,672338.0
2026-05-28 17:20:00,0.2347,0.2352,0.2343,0.2344,631949.6
2026-05-28 17:25:00,0.2344,0.2345,0.234,0.2342,60984.0
2026-05-28 17:30:00,0.2342,0.2345,0.234,0.2343,366887.1
2026-05-28 17:35:00,0.2344,0.2345,0.2338,0.2344,191339.4
2026-05-28 17:40:00,0.2343,0.2345,0.2342,0.2343,303552.3
2026-05-28 17:45:00,0.2343,0.2353,0.2342,0.2349,784470.0
2026-05-28 17:50:00,0.2348,0.2348,0.2344,0.2346,383187.4
2026-05-28 17:55:00,0.2345,0.2352,0.2343,0.2352,556816.4
2026-05-28 18:00:00,0.2352,0.237,0.235,0.2364,1686299.6
2026-05-28 18:05:00,0.2365,0.2369,0.2362,0.2368,756075.3
2026-05-28 18:10:00,0.2367,0.2372,0.2364,0.2369,857701.3
2026-05-28 18:15:00,0.237,0.2377,0.2368,0.2371,794123.5
2026-05-28 18:20:00,0.2371,0.2374,0.2366,0.237,666909.9
2026-05-28 18:25:00,0.237,0.237,0.2363,0.2363,346194.7
2026-05-28 18:30:00,0.2364,0.2368,0.2359,0.2363,667661.9
2026-05-28 18:35:00,0.2363,0.2363,0.2359,0.2361,158505.7
2026-05-28 18:40:00,0.2361,0.2362,0.2358,0.2359,324268.5
2026-05-28 18:45:00,0.236,0.2362,0.2358,0.236,237870.8
2026-05-28 18:50:00,0.236,0.2366,0.236,0.2365,342431.2
2026-05-28 18:55:00,0.2365,0.2367,0.2361,0.2364,323585.4
2026-05-28 19:00:00,0.2363,0.2363,0.2354,0.2358,178913.6
2026-05-28 19:05:00,0.2358,0.236,0.2356,0.2356,297636.2
2026-05-28 19:10:00,0.2356,0.2356,0.2352,0.2355,179245.1
2026-05-28 19:15:00,0.2356,0.2356,0.2353,0.2356,145300.4
2026-05-28 19:20:00,0.2356,0.2359,0.2355,0.2359,265560.0
2026-05-28 19:25:00,0.2359,0.2361,0.2358,0.236,157483.8
2026-05-28 19:30:00,0.236,0.2361,0.2353,0.2353,259197.9
2026-05-28 19:35:00,0.2353,0.2354,0.2351,0.2352,105853.2
2026-05-28 19:40:00,0.2351,0.2352,0.2346,0.2346,320053.2
2026-05-28 19:45:00,0.2346,0.2349,0.2345,0.2348,247945.5
2026-05-28 19:50:00,0.2348,0.2351,0.2346,0.2348,295873.8
2026-05-28 19:55:00,0.2349,0.2349,0.2344,0.2345,214685.0
2026-05-28 20:00:00,0.2345,0.2347,0.234,0.2342,204729.8
2026-05-28 20:05:00,0.2342,0.2342,0.2336,0.2341,714896.7
2026-05-28 20:10:00,0.2341,0.235,0.2341,0.2349,947084.0
2026-05-28 20:15:00,0.2348,0.2358,0.2348,0.2358,325941.7
2026-05-28 20:20:00,0.2358,0.2358,0.235,0.2351,277636.1
2026-05-28 20:25:00,0.2351,0.2355,0.2351,0.2355,83585.7
2026-05-28 20:30:00,0.2355,0.2358,0.2352,0.2355,164051.4
2026-05-28 20:35:00,0.2355,0.236,0.2355,0.2358,202541.1
2026-05-28 20:40:00,0.2357,0.2361,0.2357,0.2361,75661.4
2026-05-28 20:45:00,0.236,0.236,0.2357,0.236,59253.2
2026-05-28 20:50:00,0.236,0.2361,0.2358,0.2359,76023.5
2026-05-28 20:55:00,0.2358,0.2358,0.2353,0.2356,149791.6
2026-05-28 21:00:00,0.2356,0.2358,0.2353,0.2353,102926.7
2026-05-28 21:05:00,0.2353,0.2357,0.2351,0.2357,213430.5
2026-05-28 21:10:00,0.2357,0.2363,0.2357,0.236,292294.3
2026-05-28 21:15:00,0.236,0.2361,0.2357,0.2357,74705.7
2026-05-28 21:20:00,0.2357,0.2359,0.2356,0.2358,41100.7
2026-05-28 21:25:00,0.2358,0.236,0.2355,0.2355,76082.0
2026-05-28 21:30:00,0.2355,0.2357,0.2355,0.2356,78940.3
2026-05-28 21:35:00,0.2355,0.2359,0.2353,0.2358,208772.2
2026-05-28 21:40:00,0.2359,0.2361,0.2356,0.236,433039.7
2026-05-28 21:45:00,0.236,0.2361,0.2356,0.2356,126308.8
2026-05-28 21:50:00,0.2356,0.2358,0.2355,0.2357,146822.6
2026-05-28 21:55:00,0.2357,0.2359,0.2356,0.2356,142665.4
2026-05-28 22:00:00,0.2355,0.2362,0.2354,0.2355,355514.7
2026-05-28 22:05:00,0.2355,0.2356,0.2353,0.2356,285012.1
2026-05-28 22:10:00,0.2356,0.2357,0.2354,0.2357,53139.3
2026-05-28 22:15:00,0.2356,0.2356,0.235,0.2352,419350.4
2026-05-28 22:20:00,0.2352,0.2355,0.235,0.2354,342396.4
2026-05-28 22:25:00,0.2353,0.2355,0.2345,0.2345,691494.0
2026-05-28 22:30:00,0.2346,0.2347,0.2343,0.2344,214039.6
2026-05-28 22:35:00,0.2344,0.2345,0.2343,0.2343,70708.4
2026-05-28 22:40:00,0.2343,0.2344,0.2339,0.2341,144123.8
2026-05-28 22:45:00,0.234,0.2345,0.234,0.2344,200103.4
2026-05-28 22:50:00,0.2343,0.2346,0.2342,0.2343,116313.9
2026-05-28 22:55:00,0.2344,0.2344,0.2341,0.2342,105888.5
2026-05-28 23:00:00,0.2341,0.2346,0.234,0.2345,146906.7
2026-05-28 23:05:00,0.2345,0.2347,0.2344,0.2346,18769.1
2026-05-28 23:10:00,0.2346,0.2352,0.2346,0.2352,133594.7
2026-05-28 23:15:00,0.2352,0.2353,0.2349,0.2349,67840.5
2026-05-28 23:20:00,0.2349,0.2351,0.2348,0.235,71834.5
2026-05-28 23:25:00,0.2351,0.2356,0.235,0.2355,115240.5
2026-05-28 23:30:00,0.2354,0.2354,0.235,0.2351,105322.2
2026-05-28 23:35:00,0.2351,0.2352,0.2348,0.2348,73191.3
2026-05-28 23:40:00,0.2348,0.235,0.2346,0.2349,321034.2
2026-05-28 23:45:00,0.2349,0.2349,0.2344,0.2345,132979.2
2026-05-28 23:50:00,0.2345,0.2348,0.2345,0.2347,51165.2
2026-05-28 23:55:00,0.2347,0.2351,0.2347,0.2349,53778.8
2026-05-29 00:00:00,0.2349,0.2356,0.2349,0.2355,362544.3
2026-05-29 00:05:00,0.2354,0.2356,0.235,0.2352,185955.6
2026-05-29 00:10:00,0.2352,0.2354,0.2348,0.2352,355730.5
2026-05-29 00:15:00,0.2351,0.2355,0.2348,0.2352,156286.4
2026-05-29 00:20:00,0.2353,0.2356,0.2352,0.2355,167716.1
2026-05-29 00:25:00,0.2355,0.236,0.2354,0.2356,351825.3
2026-05-29 00:30:00,0.2355,0.2355,0.2352,0.2355,151341.2
2026-05-29 00:35:00,0.2354,0.2359,0.2354,0.2358,165754.5
2026-05-29 00:40:00,0.2358,0.2358,0.2353,0.2356,310567.6
2026-05-29 00:45:00,0.2356,0.2356,0.2353,0.2354,194929.2
2026-05-29 00:50:00,0.2354,0.2357,0.2351,0.2351,90928.5
2026-05-29 00:55:00,0.235,0.2352,0.235,0.2351,24245.3
2026-05-29 01:00:00,0.2351,0.2356,0.2351,0.2354,109463.7
2026-05-29 01:05:00,0.2354,0.2357,0.2354,0.2357,62478.9
2026-05-29 01:10:00,0.2356,0.2357,0.2351,0.2353,122085.7
2026-05-29 01:15:00,0.2353,0.2354,0.2349,0.2349,315749.0
2026-05-29 01:20:00,0.2349,0.2349,0.2345,0.2347,255577.9
2026-05-29 01:25:00,0.2346,0.2349,0.2345,0.2346,116344.8
2026-05-29 01:30:00,0.2347,0.2347,0.2344,0.2347,158333.2
2026-05-29 01:35:00,0.2346,0.2346,0.2345,0.2346,53555.6
2026-05-29 01:40:00,0.2346,0.2351,0.2346,0.2351,68806.0
2026-05-29 01:45:00,0.235,0.2353,0.2346,0.2346,343705.6
2026-05-29 01:50:00,0.2347,0.235,0.2347,0.235,542950.9
2026-05-29 01:55:00,0.235,0.2351,0.2349,0.2349,174810.8
2026-05-29 02:00:00,0.2349,0.2354,0.2347,0.2352,118768.6
2026-05-29 02:05:00,0.2352,0.2354,0.235,0.2353,53106.2
2026-05-29 02:10:00,0.2353,0.2354,0.2352,0.2353,76575.3
2026-05-29 02:15:00,0.2352,0.2353,0.2349,0.2351,62886.5
2026-05-29 02:20:00,0.2351,0.2351,0.2344,0.2344,163954.3
2026-05-29 02:25:00,0.2344,0.2346,0.234,0.2342,236713.5
2026-05-29 02:30:00,0.2341,0.2345,0.2339,0.2343,204816.2
2026-05-29 02:35:00,0.2343,0.2346,0.2342,0.2345,17134.8
2026-05-29 02:40:00,0.2345,0.2345,0.2335,0.2337,220145.5
2026-05-29 02:45:00,0.2337,0.2339,0.2335,0.2337,305880.9
2026-05-29 02:50:00,0.2337,0.2337,0.2329,0.2329,407288.3
2026-05-29 02:55:00,0.2329,0.2332,0.2328,0.2331,157128.4
2026-05-29 03:00:00,0.2331,0.2337,0.2331,0.2336,130677.9
2026-05-29 03:05:00,0.2336,0.2347,0.2336,0.2346,139022.4
2026-05-29 03:10:00,0.2345,0.2346,0.2344,0.2344,137587.6
2026-05-29 03:15:00,0.2344,0.2344,0.2341,0.2341,105041.6
2026-05-29 03:20:00,0.2342,0.2343,0.2338,0.2338,58197.7
2026-05-29 03:25:00,0.2339,0.2339,0.2337,0.2338,17620.3
2026-05-29 03:30:00,0.2338,0.234,0.2334,0.234,64779.0
2026-05-29 03:35:00,0.2339,0.234,0.2334,0.2334,112329.6
2026-05-29 03:40:00,0.2334,0.2337,0.2334,0.2336,164691.7
2026-05-29 03:45:00,0.2335,0.2335,0.2334,0.2335,69659.8
2026-05-29 03:50:00,0.2335,0.2337,0.2333,0.2336,90377.3
2026-05-29 03:55:00,0.2336,0.2337,0.2333,0.2334,45307.9
2026-05-29 04:00:00,0.2334,0.2336,0.2334,0.2336,60909.5
2026-05-29 04:05:00,0.2335,0.2336,0.2326,0.2327,225370.9
2026-05-29 04:10:00,0.2327,0.233,0.2325,0.2329,300705.5
2026-05-29 04:15:00,0.233,0.2331,0.2328,0.233,113205.5
2026-05-29 04:20:00,0.233,0.2335,0.233,0.2334,86969.6
2026-05-29 04:25:00,0.2335,0.2337,0.2335,0.2337,33809.3
2026-05-29 04:30:00,0.2337,0.234,0.2336,0.2338,230909.0
2026-05-29 04:35:00,0.2338,0.234,0.2338,0.2338,20836.6
2026-05-29 04:40:00,0.2339,0.2339,0.2338,0.2339,78903.3
2026-05-29 04:45:00,0.2339,0.2342,0.2339,0.2341,80317.8
2026-05-29 04:50:00,0.2341,0.2341,0.2338,0.234,129055.9
2026-05-29 04:55:00,0.2341,0.2345,0.2339,0.2345,206572.8
2026-05-29 05:00:00,0.2345,0.2351,0.2345,0.2348,183152.9
2026-05-29 05:05:00,0.2348,0.235,0.2347,0.2349,193137.3
2026-05-29 05:10:00,0.2349,0.2352,0.2349,0.235,84381.6
2026-05-29 05:15:00,0.235,0.2353,0.2348,0.2349,71257.3
2026-05-29 05:20:00,0.235,0.235,0.2346,0.2348,10903.7
2026-05-29 05:25:00,0.2348,0.2351,0.2348,0.2349,22578.7
2026-05-29 05:30:00,0.2349,0.2349,0.2346,0.2347,70579.0
2026-05-29 05:35:00,0.2346,0.2346,0.2344,0.2346,44998.9
2026-05-29 05:40:00,0.2345,0.2346,0.2343,0.2345,27272.9
2026-05-29 05:45:00,0.2345,0.2353,0.2345,0.235,226134.0
2026-05-29 05:50:00,0.235,0.2351,0.2348,0.235,269465.7
2026-05-29 05:55:00,0.235,0.2353,0.2347,0.2353,252238.7
2026-05-29 06:00:00,0.2353,0.2362,0.2353,0.2361,216763.6
2026-05-29 06:05:00,0.2361,0.2362,0.2357,0.236,315779.5
2026-05-29 06:10:00,0.236,0.2362,0.2359,0.2361,149961.0
2026-05-29 06:15:00,0.2362,0.2367,0.236,0.2362,558050.0
2026-05-29 06:20:00,0.2362,0.237,0.236,0.2365,281758.8
2026-05-29 06:25:00,0.2364,0.2364,0.236,0.236,152562.3
2026-05-29 06:30:00,0.236,0.236,0.2356,0.2357,76494.1
2026-05-29 06:35:00,0.2356,0.2357,0.2353,0.2354,83595.3
2026-05-29 06:40:00,0.2354,0.2356,0.2354,0.2356,92396.2
2026-05-29 06:45:00,0.2357,0.236,0.2356,0.2357,173437.6
2026-05-29 06:50:00,0.2358,0.2362,0.2358,0.2358,82130.2
2026-05-29 06:55:00,0.2358,0.236,0.2358,0.236,163775.3
2026-05-29 07:00:00,0.2359,0.236,0.2358,0.2359,39384.0
2026-05-29 07:05:00,0.2359,0.236,0.2358,0.2358,55103.2
2026-05-29 07:10:00,0.2359,0.2364,0.2359,0.2364,167405.5
2026-05-29 07:15:00,0.2363,0.2363,0.2359,0.2361,246816.5
2026-05-29 07:20:00,0.2361,0.2363,0.2359,0.236,196367.4
2026-05-29 07:25:00,0.236,0.236,0.2354,0.2354,138928.5
2026-05-29 07:30:00,0.2354,0.2354,0.2348,0.2349,225468.9
2026-05-29 07:35:00,0.2348,0.2348,0.2342,0.2342,346284.7
2026-05-29 07:40:00,0.2343,0.2343,0.2339,0.234,216485.3
2026-05-29 07:45:00,0.234,0.2344,0.2338,0.2344,131930.9
2026-05-29 07:50:00,0.2344,0.2345,0.2343,0.2344,122840.1
2026-05-29 07:55:00,0.2345,0.235,0.2345,0.2349,147696.3
2026-05-29 08:00:00,0.2349,0.2354,0.2349,0.2351,153323.6
2026-05-29 08:05:00,0.2351,0.2352,0.2347,0.2352,132826.7
2026-05-29 08:10:00,0.2352,0.2352,0.235,0.2351,49798.7
2026-05-29 08:15:00,0.2351,0.2352,0.2349,0.2352,146209.4
2026-05-29 08:20:00,0.2351,0.2357,0.2351,0.2355,414012.2
2026-05-29 08:25:00,0.2354,0.2357,0.2353,0.2353,56009.6
2026-05-29 08:30:00,0.2353,0.2353,0.2348,0.2352,113203.5
2026-05-29 08:35:00,0.2351,0.2354,0.235,0.2353,76030.5
2026-05-29 08:40:00,0.2354,0.2356,0.2353,0.2354,64786.0
2026-05-29 08:45:00,0.2354,0.2354,0.2352,0.2353,66147.6
2026-05-29 08:50:00,0.2353,0.2354,0.2351,0.2354,116999.7
2026-05-29 08:55:00,0.2354,0.2354,0.2351,0.2351,237290.4
2026-05-29 09:00:00,0.2352,0.2354,0.2351,0.2353,59655.8
2026-05-29 09:05:00,0.2353,0.2354,0.235,0.2352,180477.5
2026-05-29 09:10:00,0.2353,0.2356,0.2352,0.2353,104569.3
2026-05-29 09:15:00,0.2353,0.2358,0.2353,0.2358,196290.7
2026-05-29 09:20:00,0.2358,0.2358,0.2354,0.2357,489408.7
2026-05-29 09:25:00,0.2357,0.236,0.2355,0.236,79257.4
2026-05-29 09:30:00,0.236,0.236,0.2357,0.2359,47903.3
2026-05-29 09:35:00,0.2358,0.2359,0.2357,0.2358,133068.2
2026-05-29 09:40:00,0.2358,0.236,0.2356,0.2356,54337.2
2026-05-29 09:45:00,0.2357,0.2358,0.2355,0.2355,176889.7
2026-05-29 09:50:00,0.2355,0.2356,0.2353,0.2355,108294.7
2026-05-29 09:55:00,0.2355,0.2355,0.2353,0.2355,32105.1
2026-05-29 10:00:00,0.2354,0.2354,0.2349,0.2351,193367.9
2026-05-29 10:05:00,0.235,0.2352,0.2348,0.2348,107791.9
2026-05-29 10:10:00,0.2348,0.235,0.2347,0.235,101114.1
2026-05-29 10:15:00,0.235,0.235,0.2346,0.2347,37844.9
2026-05-29 10:20:00,0.2347,0.2348,0.2345,0.2346,136175.5
2026-05-29 10:25:00,0.2347,0.2347,0.2344,0.2346,101015.2
2026-05-29 10:30:00,0.2345,0.2346,0.2342,0.2346,70950.3
2026-05-29 10:35:00,0.2346,0.235,0.2345,0.2348,87076.5
2026-05-29 10:40:00,0.2348,0.2348,0.2346,0.2348,53220.0
2026-05-29 10:45:00,0.2347,0.235,0.2346,0.2349,40179.6
2026-05-29 10:50:00,0.2348,0.235,0.2347,0.2347,48087.3
2026-05-29 10:55:00,0.2347,0.2349,0.2347,0.2347,87243.4
2026-05-29 11:00:00,0.2347,0.2347,0.2344,0.2346,36479.5
2026-05-29 11:05:00,0.2346,0.2348,0.2346,0.2346,45487.7
2026-05-29 11:10:00,0.2345,0.2348,0.2345,0.2347,47652.3
2026-05-29 11:15:00,0.2346,0.2348,0.2346,0.2348,61478.2
2026-05-29 11:20:00,0.2348,0.2349,0.2345,0.2346,19659.0
2026-05-29 11:25:00,0.2346,0.2346,0.234,0.2341,147125.5
2026-05-29 11:30:00,0.2341,0.2342,0.2338,0.2341,217935.3
2026-05-29 11:35:00,0.2341,0.2341,0.2336,0.2337,59451.1
2026-05-29 11:40:00,0.2336,0.2339,0.2335,0.2338,126868.2
2026-05-29 11:45:00,0.2338,0.2338,0.2331,0.2332,139924.4
2026-05-29 11:50:00,0.2331,0.2333,0.2328,0.2332,253513.8
2026-05-29 11:55:00,0.2331,0.2335,0.2329,0.2335,137277.5
2026-05-29 12:00:00,0.2335,0.2337,0.2332,0.2333,135775.9
2026-05-29 12:05:00,0.2332,0.2332,0.2326,0.233,139930.1
2026-05-29 12:10:00,0.233,0.2331,0.2328,0.2329,121349.9
2026-05-29 12:15:00,0.233,0.2332,0.2326,0.2331,90608.7
2026-05-29 12:20:00,0.2332,0.2332,0.2328,0.2328,74816.3
2026-05-29 12:25:00,0.2329,0.233,0.2328,0.2328,28693.1
2026-05-29 12:30:00,0.2329,0.233,0.2319,0.2323,634153.7
2026-05-29 12:35:00,0.2323,0.2324,0.232,0.2322,183221.5
2026-05-29 12:40:00,0.2321,0.2324,0.2319,0.2324,191203.3
2026-05-29 12:45:00,0.2323,0.2325,0.2319,0.2322,289764.0
2026-05-29 12:50:00,0.2323,0.2329,0.2322,0.2328,249769.6
2026-05-29 12:55:00,0.2328,0.2328,0.2324,0.2325,383957.8
2026-05-29 13:00:00,0.2325,0.2325,0.2319,0.232,162879.9
2026-05-29 13:05:00,0.2321,0.2323,0.232,0.232,91748.1
2026-05-29 13:10:00,0.232,0.2321,0.2316,0.2319,440213.5
2026-05-29 13:15:00,0.2318,0.2322,0.2318,0.2321,152123.9
2026-05-29 13:20:00,0.2321,0.2323,0.232,0.2321,156125.8
2026-05-29 13:25:00,0.2321,0.2325,0.2319,0.2325,195103.1
2026-05-29 13:30:00,0.2324,0.2324,0.2316,0.2317,330027.8
2026-05-29 13:35:00,0.2317,0.233,0.2317,0.2326,376955.8
2026-05-29 13:40:00,0.2325,0.2328,0.2322,0.2327,177070.7
2026-05-29 13:45:00,0.2326,0.233,0.2325,0.2326,160063.4
2026-05-29 13:50:00,0.2326,0.2326,0.2322,0.2324,118835.3
2026-05-29 13:55:00,0.2324,0.2329,0.2324,0.2326,71687.5
2026-05-29 14:00:00,0.2327,0.233,0.2326,0.2328,255075.5
2026-05-29 14:05:00,0.2329,0.233,0.2321,0.2324,169747.3
2026-05-29 14:10:00,0.2324,0.2329,0.2323,0.2329,140651.2
2026-05-29 14:15:00,0.2329,0.233,0.232,0.2322,127983.3
2026-05-29 14:20:00,0.2321,0.2324,0.2313,0.2314,353443.9
2026-05-29 14:25:00,0.2314,0.2314,0.23,0.2314,1788808.1
2026-05-29 14:30:00,0.2314,0.2317,0.231,0.2316,747713.1
2026-05-29 14:35:00,0.2316,0.2316,0.2308,0.2309,171720.2
2026-05-29 14:40:00,0.2308,0.2311,0.2298,0.2304,713765.5
2026-05-29 14:45:00,0.2303,0.2316,0.2301,0.2312,619152.0
2026-05-29 14:50:00,0.2313,0.2334,0.2313,0.2324,1962913.8
2026-05-29 14:55:00,0.2324,0.2334,0.2324,0.2326,1090779.5
2026-05-29 15:00:00,0.2326,0.233,0.2322,0.2329,407138.8
2026-05-29 15:05:00,0.233,0.2342,0.2328,0.2339,1056567.0
2026-05-29 15:10:00,0.2339,0.2343,0.2339,0.234,312613.0
2026-05-29 15:15:00,0.234,0.2344,0.2334,0.2342,1072924.6
2026-05-29 15:20:00,0.2341,0.2343,0.2339,0.2342,150185.4
2026-05-29 15:25:00,0.2341,0.2357,0.2337,0.2355,2271695.0
2026-05-29 15:30:00,0.2355,0.2369,0.2354,0.2366,1492364.5
2026-05-29 15:35:00,0.2366,0.2381,0.2365,0.2377,3110504.5
2026-05-29 15:40:00,0.2377,0.2379,0.2357,0.2361,896981.3
2026-05-29 15:45:00,0.2361,0.2362,0.2355,0.2361,695652.9
2026-05-29 15:50:00,0.2361,0.2362,0.2353,0.2355,385231.0
2026-05-29 15:55:00,0.2355,0.2358,0.2355,0.2358,178055.3
2026-05-29 16:00:00,0.2358,0.2362,0.2355,0.2358,1355264.8
2026-05-29 16:05:00,0.2358,0.236,0.2357,0.2359,235878.4
2026-05-29 16:10:00,0.2359,0.2363,0.2356,0.2358,753966.9
2026-05-29 16:15:00,0.2359,0.236,0.2343,0.2346,647380.6
2026-05-29 16:20:00,0.2346,0.2346,0.2336,0.2337,326922.3
2026-05-29 16:25:00,0.2338,0.234,0.2336,0.2338,255678.7
2026-05-29 16:30:00,0.2339,0.2356,0.2339,0.2354,1254011.8
2026-05-29 16:35:00,0.2353,0.2358,0.235,0.2355,718409.1
2026-05-29 16:40:00,0.2355,0.236,0.2355,0.2356,171956.1
2026-05-29 16:45:00,0.2356,0.2358,0.2354,0.2355,265651.9
2026-05-29 16:50:00,0.2354,0.2356,0.235,0.2355,382539.9
2026-05-29 16:55:00,0.2354,0.2356,0.2351,0.2353,412029.3
2026-05-29 17:00:00,0.2353,0.2355,0.2344,0.2344,573293.6
2026-05-29 17:05:00,0.2345,0.235,0.2344,0.2349,245121.9
2026-05-29 17:10:00,0.2349,0.2358,0.2349,0.2357,886814.8
2026-05-29 17:15:00,0.2357,0.236,0.2354,0.2359,1272825.3
2026-05-29 17:20:00,0.2359,0.236,0.2355,0.236,558203.3
2026-05-29 17:25:00,0.2359,0.2363,0.2358,0.2359,1866649.2
2026-05-29 17:30:00,0.236,0.2361,0.2358,0.236,1040269.4
2026-05-29 17:35:00,0.236,0.2363,0.2356,0.2361,1000364.4
2026-05-29 17:40:00,0.2361,0.2361,0.2356,0.2357,803309.9
2026-05-29 17:45:00,0.2356,0.2357,0.235,0.235,448153.2
2026-05-29 17:50:00,0.235,0.2353,0.2347,0.235,398692.1
2026-05-29 17:55:00,0.2349,0.2349,0.2346,0.2349,243186.1
2026-05-29 18:00:00,0.2349,0.2349,0.2344,0.2346,540207.4
2026-05-29 18:05:00,0.2346,0.2349,0.2344,0.2346,369451.9
2026-05-29 18:10:00,0.2346,0.235,0.2345,0.2347,170604.7
2026-05-29 18:15:00,0.2346,0.2347,0.2339,0.234,313315.5
2026-05-29 18:20:00,0.234,0.2341,0.2336,0.2338,529879.5
2026-05-29 18:25:00,0.2338,0.2339,0.2333,0.2334,1105683.7
2026-05-29 18:30:00,0.2334,0.2335,0.2328,0.2331,1132235.7
2026-05-29 18:35:00,0.2331,0.2332,0.2327,0.2331,434049.8
2026-05-29 18:40:00,0.2331,0.2333,0.2327,0.2328,530677.9
2026-05-29 18:45:00,0.2328,0.2328,0.2312,0.232,1631935.3
2026-05-29 18:50:00,0.2321,0.2323,0.2311,0.2319,1366623.7
2026-05-29 18:55:00,0.2319,0.2322,0.2316,0.2322,538745.7
2026-05-29 19:00:00,0.2322,0.2324,0.2317,0.2323,309995.4
2026-05-29 19:05:00,0.2324,0.2326,0.2323,0.2323,318391.2
2026-05-29 19:10:00,0.2323,0.2324,0.2315,0.2315,209393.0
2026-05-29 19:15:00,0.2315,0.2317,0.2306,0.231,275689.8
2026-05-29 19:20:00,0.231,0.2315,0.231,0.2314,182636.0
2026-05-29 19:25:00,0.2315,0.2318,0.2315,0.2317,311644.7
2026-05-29 19:30:00,0.2318,0.2327,0.2318,0.2326,284364.6
2026-05-29 19:35:00,0.2327,0.2334,0.2327,0.2333,175050.5
2026-05-29 19:40:00,0.2333,0.2334,0.233,0.2331,204550.9
2026-05-29 19:45:00,0.2331,0.2332,0.2329,0.2329,158835.4
2026-05-29 19:50:00,0.2329,0.233,0.2327,0.2329,151243.2
2026-05-29 19:55:00,0.2329,0.2331,0.2328,0.2329,43401.3
2026-05-29 20:00:00,0.2329,0.2331,0.2327,0.2329,114817.3
2026-05-29 20:05:00,0.233,0.2332,0.2329,0.2332,91594.5
2026-05-29 20:10:00,0.2333,0.2334,0.233,0.2332,204677.9
2026-05-29 20:15:00,0.2331,0.2331,0.2327,0.233,83671.9
2026-05-29 20:20:00,0.233,0.2336,0.233,0.2336,113611.8
2026-05-29 20:25:00,0.2335,0.2336,0.2333,0.2334,59274.6
2026-05-29 20:30:00,0.2334,0.2336,0.2334,0.2335,134515.0
2026-05-29 20:35:00,0.2335,0.2336,0.2333,0.2334,131057.1
2026-05-29 20:40:00,0.2333,0.2335,0.2333,0.2335,31680.6
2026-05-29 20:45:00,0.2334,0.2336,0.2332,0.2333,46407.1
2026-05-29 20:50:00,0.2333,0.2333,0.2327,0.2329,276190.8
2026-05-29 20:55:00,0.2328,0.233,0.2325,0.233,515579.9
2026-05-29 21:00:00,0.233,0.233,0.2327,0.2328,16167.8
2026-05-29 21:05:00,0.2329,0.233,0.2328,0.233,75727.8
2026-05-29 21:10:00,0.233,0.2338,0.2329,0.2336,164289.2
2026-05-29 21:15:00,0.2335,0.2336,0.2333,0.2334,115922.6
2026-05-29 21:20:00,0.2334,0.2334,0.2329,0.233,708326.1
2026-05-29 21:25:00,0.233,0.233,0.2326,0.2327,154492.5
2026-05-29 21:30:00,0.2327,0.2331,0.2324,0.233,296674.8
2026-05-29 21:35:00,0.233,0.2334,0.2329,0.2334,137921.9
2026-05-29 21:40:00,0.2334,0.234,0.2334,0.2338,254220.9
2026-05-29 21:45:00,0.2339,0.234,0.2329,0.233,250318.1
2026-05-29 21:50:00,0.2329,0.233,0.2325,0.2325,63809.5
2026-05-29 21:55:00,0.2326,0.2326,0.2322,0.2322,188901.2
2026-05-29 22:00:00,0.2323,0.2329,0.2323,0.2325,308037.8
2026-05-29 22:05:00,0.2325,0.2325,0.2322,0.2323,139933.0
2026-05-29 22:10:00,0.2322,0.2328,0.2322,0.2327,164923.1
2026-05-29 22:15:00,0.2327,0.2331,0.2326,0.2331,108920.6
2026-05-29 22:20:00,0.2331,0.2335,0.2331,0.2331,100322.3
2026-05-29 22:25:00,0.2331,0.2333,0.233,0.2332,51495.7
2026-05-29 22:30:00,0.2332,0.2334,0.2332,0.2332,111562.2
2026-05-29 22:35:00,0.2331,0.2332,0.233,0.2332,47533.6
2026-05-29 22:40:00,0.2331,0.2333,0.2331,0.2333,82917.0
2026-05-29 22:45:00,0.2332,0.2334,0.2331,0.2331,59659.7
2026-05-29 22:50:00,0.2331,0.2332,0.2329,0.2329,61907.4
2026-05-29 22:55:00,0.233,0.2333,0.233,0.233,119348.0
2026-05-29 23:00:00,0.233,0.2331,0.2328,0.2331,64385.6
2026-05-29 23:05:00,0.2331,0.2335,0.2331,0.2335,306951.6
2026-05-29 23:10:00,0.2335,0.2338,0.2317,0.2322,2985046.4
2026-05-29 23:15:00,0.2322,0.2327,0.2322,0.2323,203850.9
2026-05-29 23:20:00,0.2323,0.2323,0.2319,0.2321,114430.6
2026-05-29 23:25:00,0.2321,0.2323,0.232,0.2322,245480.5
2026-05-29 23:30:00,0.2322,0.2324,0.2322,0.2323,202348.6
2026-05-29 23:35:00,0.2322,0.2324,0.232,0.2324,139664.7
2026-05-29 23:40:00,0.2324,0.2326,0.2323,0.2326,217118.2
2026-05-29 23:45:00,0.2325,0.2328,0.2324,0.2328,118284.2
2026-05-29 23:50:00,0.2328,0.2331,0.2328,0.233,161793.6
2026-05-29 23:55:00,0.233,0.233,0.2328,0.2329,84674.3
2026-05-30 00:00:00,0.233,0.2332,0.2327,0.2328,224825.1
2026-05-30 00:05:00,0.2327,0.2334,0.2327,0.2334,876208.7
2026-05-30 00:10:00,0.2334,0.2336,0.2332,0.2335,328431.5
2026-05-30 00:15:00,0.2336,0.2338,0.2335,0.2335,407055.5
2026-05-30 00:20:00,0.2336,0.234,0.2335,0.2338,159229.9
2026-05-30 00:25:00,0.2338,0.234,0.2337,0.2339,154262.5
2026-05-30 00:30:00,0.2339,0.2341,0.2336,0.2339,593845.8
2026-05-30 00:35:00,0.2338,0.2346,0.2337,0.2345,113913.4
2026-05-30 00:40:00,0.2346,0.2349,0.2344,0.2348,359303.3
2026-05-30 00:45:00,0.2348,0.2355,0.2347,0.2351,604346.4
2026-05-30 00:50:00,0.2352,0.2353,0.2347,0.235,533502.9
2026-05-30 00:55:00,0.235,0.2354,0.2349,0.2351,523714.5
2026-05-30 01:00:00,0.2352,0.2356,0.2346,0.235,2166338.3
2026-05-30 01:05:00,0.2349,0.2358,0.2346,0.2357,530358.6
2026-05-30 01:10:00,0.2358,0.2358,0.2352,0.2356,423506.6
2026-05-30 01:15:00,0.2356,0.2358,0.2353,0.2357,164398.4
2026-05-30 01:20:00,0.2357,0.2361,0.2354,0.2361,287522.6
2026-05-30 01:25:00,0.236,0.2365,0.236,0.2362,529839.2
2026-05-30 01:30:00,0.2361,0.2373,0.2358,0.2364,1616820.1
2026-05-30 01:35:00,0.2364,0.2369,0.2364,0.2365,241938.8
2026-05-30 01:40:00,0.2366,0.2368,0.2362,0.2368,252869.7
2026-05-30 01:45:00,0.2368,0.2377,0.2368,0.2375,429939.6
2026-05-30 01:50:00,0.2374,0.2374,0.2372,0.2374,385409.3
2026-05-30 01:55:00,0.2375,0.2378,0.2373,0.2378,366113.0
2026-05-30 02:00:00,0.2378,0.2383,0.2377,0.2379,956801.1
2026-05-30 02:05:00,0.238,0.2381,0.2372,0.2379,2011833.2
2026-05-30 02:10:00,0.2379,0.2388,0.2379,0.2384,439661.7
2026-05-30 02:15:00,0.2383,0.2387,0.2383,0.2385,374197.4
2026-05-30 02:20:00,0.2385,0.2386,0.2383,0.2383,291260.4
2026-05-30 02:25:00,0.2383,0.2384,0.2378,0.238,266161.0
2026-05-30 02:30:00,0.2379,0.2384,0.2378,0.2381,365058.9
2026-05-30 02:35:00,0.2382,0.2383,0.2373,0.2373,1616465.7
2026-05-30 02:40:00,0.2374,0.2379,0.2374,0.2377,845355.3
2026-05-30 02:45:00,0.2377,0.2381,0.2375,0.2379,604645.4
2026-05-30 02:50:00,0.2378,0.2385,0.2378,0.2385,458348.6
2026-05-30 02:55:00,0.2385,0.2386,0.2383,0.2386,742134.8
2026-05-30 03:00:00,0.2385,0.2394,0.2384,0.2386,1041969.0
2026-05-30 03:05:00,0.2386,0.239,0.2384,0.2389,359102.8
2026-05-30 03:10:00,0.239,0.2391,0.2387,0.2387,285594.9
2026-05-30 03:15:00,0.2386,0.2386,0.2383,0.2383,763033.8
2026-05-30 03:20:00,0.2383,0.2385,0.2377,0.2378,654191.2
2026-05-30 03:25:00,0.2378,0.2378,0.2373,0.2375,3543716.7
2026-05-30 03:30:00,0.2374,0.2376,0.2371,0.2373,646497.8
2026-05-30 03:35:00,0.2373,0.2374,0.2369,0.237,159207.1
2026-05-30 03:40:00,0.2369,0.2369,0.2362,0.2363,587567.6
2026-05-30 03:45:00,0.2362,0.2368,0.2362,0.2367,271434.4
2026-05-30 03:50:00,0.2367,0.2368,0.2366,0.2366,216127.9
2026-05-30 03:55:00,0.2367,0.2367,0.2364,0.2364,294391.7
2026-05-30 04:00:00,0.2365,0.2371,0.2364,0.2365,395047.1
2026-05-30 04:05:00,0.2364,0.2364,0.2357,0.2358,210064.0
2026-05-30 04:10:00,0.2358,0.2366,0.2357,0.2365,440504.2
2026-05-30 04:15:00,0.2366,0.2366,0.2357,0.2358,191987.2
2026-05-30 04:20:00,0.2358,0.2359,0.2349,0.2354,833205.9
2026-05-30 04:25:00,0.2354,0.2354,0.2341,0.2346,3608086.8
2026-05-30 04:30:00,0.2346,0.2347,0.2339,0.234,653417.6
2026-05-30 04:35:00,0.2341,0.2345,0.2339,0.2344,519731.6
2026-05-30 04:40:00,0.2345,0.2345,0.2342,0.2345,81501.9
2026-05-30 04:45:00,0.2345,0.2349,0.2343,0.2348,535590.4
2026-05-30 04:50:00,0.2348,0.2352,0.2348,0.235,767319.3
2026-05-30 04:55:00,0.235,0.2351,0.2348,0.2351,280380.3
2026-05-30 05:00:00,0.235,0.2352,0.2347,0.2348,487654.2
2026-05-30 05:05:00,0.2349,0.2359,0.2349,0.2355,1203902.3
2026-05-30 05:10:00,0.2354,0.2356,0.2353,0.2356,201048.4
2026-05-30 05:15:00,0.2356,0.2356,0.2353,0.2355,175304.6
2026-05-30 05:20:00,0.2355,0.2356,0.2353,0.2354,155457.4
2026-05-30 05:25:00,0.2353,0.2354,0.2348,0.235,519960.9
2026-05-30 05:30:00,0.2349,0.2352,0.2349,0.235,207739.9
2026-05-30 05:35:00,0.235,0.2354,0.235,0.2354,149374.7
2026-05-30 05:40:00,0.2354,0.2354,0.2352,0.2354,69382.6
2026-05-30 05:45:00,0.2355,0.2357,0.2353,0.2356,57227.9
2026-05-30 05:50:00,0.2356,0.2356,0.2355,0.2355,218622.2
2026-05-30 05:55:00,0.2356,0.2359,0.2355,0.2358,150854.5
2026-05-30 06:00:00,0.2358,0.2358,0.2355,0.2355,53309.6
2026-05-30 06:05:00,0.2355,0.2355,0.2352,0.2354,169455.5
2026-05-30 06:10:00,0.2355,0.2355,0.2352,0.2352,152298.6
2026-05-30 06:15:00,0.2352,0.2353,0.2351,0.2353,160620.3
2026-05-30 06:20:00,0.2354,0.2355,0.2353,0.2355,9909.9
2026-05-30 06:25:00,0.2355,0.2359,0.2353,0.2359,281621.0
2026-05-30 06:30:00,0.2359,0.2361,0.2358,0.2359,72329.6
2026-05-30 06:35:00,0.236,0.2363,0.2358,0.236,222164.7
2026-05-30 06:40:00,0.2359,0.236,0.2357,0.2359,83403.7
2026-05-30 06:45:00,0.236,0.236,0.2356,0.2356,187062.0
2026-05-30 06:50:00,0.2356,0.2357,0.2354,0.2356,104221.6
2026-05-30 06:55:00,0.2355,0.2355,0.2352,0.2354,150883.2
2026-05-30 07:00:00,0.2354,0.2354,0.2348,0.2349,172189.1
2026-05-30 07:05:00,0.2349,0.2352,0.2349,0.2351,114626.1
2026-05-30 07:10:00,0.2351,0.2352,0.235,0.2351,174853.6
2026-05-30 07:15:00,0.2351,0.2353,0.2351,0.2352,67692.6
2026-05-30 07:20:00,0.2352,0.2355,0.2352,0.2354,58039.3
2026-05-30 07:25:00,0.2354,0.2357,0.2353,0.2353,495882.0
2026-05-30 07:30:00,0.2353,0.2355,0.2352,0.2354,185082.0
2026-05-30 07:35:00,0.2354,0.2354,0.2347,0.2349,238898.0
2026-05-30 07:40:00,0.2349,0.2349,0.2347,0.2348,84682.3
2026-05-30 07:45:00,0.2348,0.235,0.2347,0.235,29082.0
2026-05-30 07:50:00,0.235,0.2352,0.2349,0.2351,222461.4
2026-05-30 07:55:00,0.2351,0.2354,0.235,0.2353,77824.2
2026-05-30 08:00:00,0.2353,0.2356,0.2352,0.2354,180452.0
2026-05-30 08:05:00,0.2354,0.2355,0.2353,0.2354,118792.4
2026-05-30 08:10:00,0.2354,0.2355,0.2352,0.2355,82855.4
2026-05-30 08:15:00,0.2355,0.2355,0.2352,0.2352,117897.7
2026-05-30 08:20:00,0.2351,0.2354,0.2351,0.2354,110932.3
2026-05-30 08:25:00,0.2354,0.2355,0.2352,0.2352,22798.6
2026-05-30 08:30:00,0.2353,0.2353,0.235,0.235,44213.7
2026-05-30 08:35:00,0.235,0.2352,0.2349,0.2349,232766.0
2026-05-30 08:40:00,0.235,0.2351,0.2348,0.2348,183947.7
2026-05-30 08:45:00,0.2348,0.2349,0.2346,0.2349,132510.6
2026-05-30 08:50:00,0.2348,0.235,0.2347,0.2349,518108.4
2026-05-30 08:55:00,0.2348,0.2348,0.2342,0.2343,272328.9
2026-05-30 09:00:00,0.2342,0.2344,0.234,0.2344,169684.6
2026-05-30 09:05:00,0.2343,0.2347,0.2341,0.2347,138591.9
2026-05-30 09:10:00,0.2347,0.2349,0.2346,0.2349,130523.1
2026-05-30 09:15:00,0.2348,0.235,0.2348,0.2348,56251.3
2026-05-30 09:20:00,0.2348,0.235,0.2348,0.2349,55905.8
2026-05-30 09:25:00,0.2349,0.2353,0.2349,0.2353,238841.0
2026-05-30 09:30:00,0.2353,0.2354,0.235,0.2351,38455.8
2026-05-30 09:35:00,0.2351,0.2352,0.2349,0.2351,100597.3
2026-05-30 09:40:00,0.235,0.235,0.2348,0.2349,108369.2
2026-05-30 09:45:00,0.235,0.2351,0.2349,0.2351,85820.8
2026-05-30 09:50:00,0.235,0.2355,0.235,0.2354,117526.5
2026-05-30 09:55:00,0.2354,0.2354,0.2351,0.2353,84109.4
2026-05-30 10:00:00,0.2353,0.2354,0.2351,0.2352,77623.8
2026-05-30 10:05:00,0.2352,0.2354,0.2351,0.2353,49547.5
2026-05-30 10:10:00,0.2353,0.2354,0.235,0.2352,259305.2
2026-05-30 10:15:00,0.2352,0.2356,0.2351,0.2355,216236.6
2026-05-30 10:20:00,0.2355,0.2356,0.2352,0.2352,229365.2
2026-05-30 10:25:00,0.2353,0.2353,0.2349,0.2349,108484.7
2026-05-30 10:30:00,0.2349,0.2351,0.2349,0.2351,106799.2
2026-05-30 10:35:00,0.2351,0.2352,0.235,0.235,118253.6
2026-05-30 10:40:00,0.2351,0.2354,0.2351,0.2354,229855.3
2026-05-30 10:45:00,0.2354,0.2355,0.2352,0.2353,220105.4
2026-05-30 10:50:00,0.2353,0.2354,0.2351,0.2352,196185.0
2026-05-30 10:55:00,0.2352,0.2352,0.2347,0.2349,295435.5
2026-05-30 11:00:00,0.2348,0.2352,0.2348,0.235,125648.5
2026-05-30 11:05:00,0.2349,0.235,0.2346,0.2346,74407.4
2026-05-30 11:10:00,0.2345,0.2347,0.2345,0.2347,62732.3
2026-05-30 11:15:00,0.2347,0.2347,0.2343,0.2344,90138.7
2026-05-30 11:20:00,0.2344,0.2346,0.2343,0.2346,74570.0
2026-05-30 11:25:00,0.2346,0.2348,0.2345,0.2346,62302.9
2026-05-30 11:30:00,0.2346,0.2349,0.2346,0.2349,31990.0
2026-05-30 11:35:00,0.2349,0.2353,0.2348,0.2352,130732.4
2026-05-30 11:40:00,0.2352,0.2353,0.235,0.2353,73067.1
2026-05-30 11:45:00,0.2353,0.2355,0.2351,0.2352,91134.6
2026-05-30 11:50:00,0.2352,0.2353,0.235,0.2353,103472.2
2026-05-30 11:55:00,0.2352,0.2353,0.2351,0.2353,32425.5
2026-05-30 12:00:00,0.2353,0.2353,0.2351,0.2352,70308.7
2026-05-30 12:05:00,0.2352,0.2353,0.2352,0.2352,18758.9
2026-05-30 12:10:00,0.2352,0.2352,0.2349,0.2352,149926.2
2026-05-30 12:15:00,0.2351,0.2353,0.2351,0.2353,52057.7
2026-05-30 12:20:00,0.2353,0.2355,0.2352,0.2354,51577.4
2026-05-30 12:25:00,0.2354,0.2356,0.2353,0.2354,92799.1
2026-05-30 12:30:00,0.2353,0.2356,0.2353,0.2355,214241.3
2026-05-30 12:35:00,0.2354,0.2354,0.2352,0.2352,162306.9
2026-05-30 12:40:00,0.2351,0.2353,0.2349,0.2352,170193.5
2026-05-30 12:45:00,0.2352,0.2352,0.2349,0.235,213850.6
2026-05-30 12:50:00,0.235,0.2351,0.2349,0.2351,108571.2
2026-05-30 12:55:00,0.2351,0.2354,0.2351,0.2354,99306.6
2026-05-30 13:00:00,0.2354,0.2358,0.2354,0.2355,146286.6
2026-05-30 13:05:00,0.2356,0.2358,0.2355,0.2356,121065.8
2026-05-30 13:10:00,0.2356,0.2358,0.2356,0.2357,165257.7
2026-05-30 13:15:00,0.2357,0.2357,0.2355,0.2357,118481.1
2026-05-30 13:20:00,0.2356,0.236,0.2356,0.2359,452881.6
2026-05-30 13:25:00,0.2358,0.2359,0.2357,0.2357,51879.1
2026-05-30 13:30:00,0.2357,0.2358,0.2352,0.2352,135531.9
2026-05-30 13:35:00,0.2353,0.2353,0.235,0.2352,155786.7
2026-05-30 13:40:00,0.2352,0.2355,0.2351,0.2355,123595.7
2026-05-30 13:45:00,0.2355,0.2356,0.2352,0.2353,742534.6
2026-05-30 13:50:00,0.2352,0.2358,0.2352,0.2358,233763.2
2026-05-30 13:55:00,0.2357,0.2359,0.2356,0.2359,22490.1
2026-05-30 14:00:00,0.2359,0.2362,0.2359,0.2361,726572.3
2026-05-30 14:05:00,0.236,0.2361,0.2357,0.2361,188152.2
2026-05-30 14:10:00,0.236,0.2365,0.2358,0.2359,300638.8
2026-05-30 14:15:00,0.2358,0.2362,0.2356,0.2362,157171.2
2026-05-30 14:20:00,0.2362,0.2363,0.236,0.2361,82718.2
2026-05-30 14:25:00,0.2361,0.2364,0.236,0.2363,654276.9
2026-05-30 14:30:00,0.2364,0.2366,0.2361,0.2365,607195.2
2026-05-30 14:35:00,0.2366,0.2367,0.2365,0.2366,81596.0
2026-05-30 14:40:00,0.2366,0.2368,0.236,0.2361,569607.5
2026-05-30 14:45:00,0.236,0.2361,0.2357,0.236,178368.8
2026-05-30 14:50:00,0.2359,0.236,0.2358,0.236,118415.4
2026-05-30 14:55:00,0.236,0.2362,0.2359,0.2361,115552.8
2026-05-30 15:00:00,0.2362,0.2365,0.2361,0.2363,125376.7
2026-05-30 15:05:00,0.2362,0.2364,0.2362,0.2364,55699.3
2026-05-30 15:10:00,0.2364,0.237,0.2364,0.237,347982.7
2026-05-30 15:15:00,0.2369,0.2369,0.2365,0.2367,360080.7
2026-05-30 15:20:00,0.2366,0.2367,0.2362,0.2365,156847.7
2026-05-30 15:25:00,0.2365,0.2368,0.2365,0.2367,150534.9
2026-05-30 15:30:00,0.2367,0.2368,0.2363,0.2365,455406.8
2026-05-30 15:35:00,0.2366,0.2368,0.2362,0.2363,599131.0
2026-05-30 15:40:00,0.2363,0.2367,0.2362,0.2363,225577.3
2026-05-30 15:45:00,0.2363,0.2368,0.2363,0.2368,94154.5
2026-05-30 15:50:00,0.2368,0.2369,0.2365,0.2366,172947.6
2026-05-30 15:55:00,0.2366,0.2368,0.2364,0.2365,163232.6
2026-05-30 16:00:00,0.2365,0.2366,0.2361,0.2365,147688.1
2026-05-30 16:05:00,0.2364,0.2369,0.2364,0.2367,121901.0
2026-05-30 16:10:00,0.2367,0.2372,0.2367,0.237,129114.6
2026-05-30 16:15:00,0.237,0.2371,0.2364,0.2367,228710.6
2026-05-30 16:20:00,0.2366,0.2368,0.2362,0.2362,186913.3
2026-05-30 16:25:00,0.2362,0.2366,0.2362,0.2365,150492.1
2026-05-30 16:30:00,0.2365,0.2369,0.2364,0.2368,176470.5
2026-05-30 16:35:00,0.2368,0.237,0.2366,0.2369,170529.5
2026-05-30 16:40:00,0.2368,0.2369,0.2366,0.2367,90525.4
2026-05-30 16:45:00,0.2367,0.2369,0.2364,0.2367,100959.6
2026-05-30 16:50:00,0.2367,0.2368,0.2366,0.2367,54495.7
2026-05-30 16:55:00,0.2367,0.2369,0.2367,0.2369,230551.4
2026-05-30 17:00:00,0.2369,0.2374,0.2369,0.2373,110773.2
2026-05-30 17:05:00,0.2373,0.2374,0.2367,0.2368,394475.4
2026-05-30 17:10:00,0.2369,0.237,0.2365,0.2366,128597.5
2026-05-30 17:15:00,0.2367,0.2368,0.2365,0.2366,69542.7
2026-05-30 17:20:00,0.2365,0.2369,0.2365,0.2367,151002.5
2026-05-30 17:25:00,0.2367,0.2367,0.2363,0.2363,106322.9
2026-05-30 17:30:00,0.2363,0.2363,0.2358,0.2359,701487.9
2026-05-30 17:35:00,0.236,0.2362,0.2358,0.2362,217487.0
2026-05-30 17:40:00,0.2362,0.2364,0.2362,0.2363,46111.0
2026-05-30 17:45:00,0.2363,0.2369,0.2363,0.2369,97152.1
2026-05-30 17:50:00,0.2369,0.2371,0.2368,0.237,253031.3
2026-05-30 17:55:00,0.237,0.2372,0.237,0.2371,50616.1
2026-05-30 18:00:00,0.2372,0.2373,0.2371,0.2371,106942.3
2026-05-30 18:05:00,0.2372,0.2374,0.2371,0.2374,76447.5
2026-05-30 18:10:00,0.2373,0.2374,0.2369,0.2369,206819.9
2026-05-30 18:15:00,0.2369,0.2373,0.2368,0.2372,366871.0
2026-05-30 18:20:00,0.2372,0.2374,0.237,0.237,106720.4
2026-05-30 18:25:00,0.2369,0.2369,0.2367,0.2368,259624.5
2026-05-30 18:30:00,0.2368,0.2372,0.2367,0.237,144057.7
2026-05-30 18:35:00,0.2371,0.2372,0.237,0.2371,147516.6
2026-05-30 18:40:00,0.2372,0.2375,0.2371,0.2375,94002.7
2026-05-30 18:45:00,0.2375,0.2379,0.2374,0.2375,145439.4
2026-05-30 18:50:00,0.2376,0.2376,0.2372,0.2374,891479.9
2026-05-30 18:55:00,0.2374,0.2378,0.2374,0.2377,151407.4
2026-05-30 19:00:00,0.2377,0.2377,0.2373,0.2374,60046.6
2026-05-30 19:05:00,0.2374,0.2375,0.2372,0.2373,101516.7
2026-05-30 19:10:00,0.2372,0.2373,0.2371,0.2373,45916.0
2026-05-30 19:15:00,0.2373,0.2377,0.2373,0.2375,172610.7
2026-05-30 19:20:00,0.2375,0.2376,0.2372,0.2372,64576.4
2026-05-30 19:25:00,0.2372,0.2372,0.237,0.237,61498.2
2026-05-30 19:30:00,0.2369,0.2371,0.2367,0.2369,167054.1
2026-05-30 19:35:00,0.237,0.2374,0.237,0.2374,39208.7
2026-05-30 19:40:00,0.2373,0.2374,0.2372,0.2373,17867.2
2026-05-30 19:45:00,0.2373,0.2377,0.2373,0.2374,86858.6
2026-05-30 19:50:00,0.2374,0.2376,0.2373,0.2375,70614.0
2026-05-30 19:55:00,0.2375,0.2376,0.2372,0.2372,212810.3
2026-05-30 20:00:00,0.2373,0.2376,0.2373,0.2373,410577.2
2026-05-30 20:05:00,0.2373,0.2375,0.2369,0.2373,2330280.2
2026-05-30 20:10:00,0.2373,0.2373,0.237,0.237,114475.6
2026-05-30 20:15:00,0.237,0.2372,0.237,0.2371,101828.8
2026-05-30 20:20:00,0.2371,0.2371,0.237,0.237,117526.6
2026-05-30 20:25:00,0.2371,0.2371,0.237,0.2371,100105.2
2026-05-30 20:30:00,0.237,0.2371,0.2368,0.2371,342378.2
2026-05-30 20:35:00,0.2371,0.2374,0.237,0.2373,143303.0
2026-05-30 20:40:00,0.2373,0.2373,0.2371,0.2372,15675.6
2026-05-30 20:45:00,0.2372,0.2374,0.2371,0.2374,44656.5
2026-05-30 20:50:00,0.2373,0.2377,0.2372,0.2376,136044.9
2026-05-30 20:55:00,0.2376,0.2377,0.2375,0.2377,31794.2
2026-05-30 21:00:00,0.2377,0.2378,0.2376,0.2377,180296.2
2026-05-30 21:05:00,0.2378,0.238,0.2376,0.238,101332.1
2026-05-30 21:10:00,0.238,0.2383,0.2378,0.2379,584264.4
2026-05-30 21:15:00,0.2378,0.238,0.2378,0.2379,131697.1
2026-05-30 21:20:00,0.238,0.2381,0.2379,0.2379,62437.7
2026-05-30 21:25:00,0.2379,0.2382,0.2379,0.2381,73085.2
2026-05-30 21:30:00,0.2381,0.2382,0.238,0.238,55271.3
2026-05-30 21:35:00,0.238,0.2384,0.238,0.2383,76060.2
2026-05-30 21:40:00,0.2382,0.2384,0.2382,0.2383,443883.5
2026-05-30 21:45:00,0.2382,0.2383,0.2381,0.2382,239187.0
2026-05-30 21:50:00,0.2381,0.2381,0.2376,0.2379,161232.8
2026-05-30 21:55:00,0.2378,0.2378,0.2376,0.2376,154098.6
2026-05-30 22:00:00,0.2375,0.2375,0.2362,0.2362,1271552.0
2026-05-30 22:05:00,0.2362,0.2364,0.2359,0.2364,397669.9
2026-05-30 22:10:00,0.2364,0.2367,0.2363,0.2366,190043.3
2026-05-30 22:15:00,0.2366,0.2368,0.2365,0.2366,204858.7
2026-05-30 22:20:00,0.2365,0.2365,0.2358,0.236,290925.6
2026-05-30 22:25:00,0.2361,0.2362,0.236,0.2362,182910.7
2026-05-30 22:30:00,0.2362,0.2363,0.2362,0.2363,138404.8
2026-05-30 22:35:00,0.2362,0.2364,0.2357,0.2357,190894.2
2026-05-30 22:40:00,0.2358,0.236,0.2355,0.2358,110847.2
2026-05-30 22:45:00,0.2357,0.2362,0.2357,0.2362,27560.6
2026-05-30 22:50:00,0.2361,0.2361,0.2358,0.2359,229442.0
2026-05-30 22:55:00,0.2359,0.2362,0.2359,0.2361,90149.1
2026-05-30 23:00:00,0.2361,0.2365,0.236,0.2365,43046.5
2026-05-30 23:05:00,0.2364,0.2364,0.236,0.236,44234.2
2026-05-30 23:10:00,0.236,0.2361,0.2358,0.2358,348516.6
2026-05-30 23:15:00,0.2358,0.2362,0.2356,0.236,577768.7
2026-05-30 23:20:00,0.2361,0.2361,0.2358,0.236,81460.8
2026-05-30 23:25:00,0.2361,0.2362,0.2359,0.2359,67211.0
2026-05-30 23:30:00,0.2359,0.2359,0.2356,0.2356,87463.1
2026-05-30 23:35:00,0.2355,0.2355,0.2353,0.2353,126263.5
2026-05-30 23:40:00,0.2354,0.2355,0.2353,0.2355,13675.0
2026-05-30 23:45:00,0.2355,0.2357,0.2354,0.2357,75385.3
2026-05-30 23:50:00,0.2358,0.2359,0.2358,0.2359,34265.2
2026-05-30 23:55:00,0.2358,0.236,0.2357,0.236,93057.6
2026-05-31 00:00:00,0.236,0.2362,0.2356,0.2357,292698.8
2026-05-31 00:05:00,0.2357,0.2358,0.2356,0.2358,95710.6
2026-05-31 00:10:00,0.2358,0.2363,0.2358,0.236,738532.8
2026-05-31 00:15:00,0.236,0.2362,0.236,0.2362,98669.7
2026-05-31 00:20:00,0.2363,0.2365,0.2363,0.2364,197599.3
2026-05-31 00:25:00,0.2365,0.2367,0.2362,0.2363,636176.1
2026-05-31 00:30:00,0.2363,0.2363,0.2361,0.2363,140624.3
2026-05-31 00:35:00,0.2363,0.2366,0.2361,0.2361,378513.9
2026-05-31 00:40:00,0.2361,0.2364,0.2361,0.2364,36269.1
2026-05-31 00:45:00,0.2364,0.2364,0.2362,0.2363,76349.8
2026-05-31 00:50:00,0.2363,0.2367,0.2363,0.2367,156062.2
2026-05-31 00:55:00,0.2367,0.2368,0.2365,0.2367,90073.4
2026-05-31 01:00:00,0.2367,0.2372,0.2367,0.2371,516377.4
2026-05-31 01:05:00,0.2371,0.2371,0.2364,0.2366,353342.6
2026-05-31 01:10:00,0.2366,0.2367,0.2365,0.2366,29324.5
2026-05-31 01:15:00,0.2367,0.2369,0.2366,0.2368,130528.5
2026-05-31 01:20:00,0.2368,0.2372,0.2368,0.2371,149529.1
2026-05-31 01:25:00,0.2371,0.2371,0.2366,0.2369,162319.3
2026-05-31 01:30:00,0.2369,0.2374,0.2368,0.2374,124683.4
2026-05-31 01:35:00,0.2374,0.2375,0.2371,0.2371,80208.4
2026-05-31 01:40:00,0.2372,0.2372,0.2366,0.2367,59689.1
2026-05-31 01:45:00,0.2368,0.2372,0.2368,0.2371,65849.1
2026-05-31 01:50:00,0.2371,0.2372,0.2369,0.2369,51456.7
2026-05-31 01:55:00,0.237,0.237,0.2368,0.2369,26873.8
2026-05-31 02:00:00,0.2369,0.2373,0.2369,0.2373,119377.9
2026-05-31 02:05:00,0.2373,0.2377,0.2373,0.2376,232211.5
2026-05-31 02:10:00,0.2376,0.2377,0.2374,0.2376,180987.9
2026-05-31 02:15:00,0.2377,0.2382,0.2377,0.2379,534135.9
2026-05-31 02:20:00,0.2379,0.2379,0.2376,0.2378,170906.3
2026-05-31 02:25:00,0.2377,0.2377,0.237,0.237,101911.6
2026-05-31 02:30:00,0.2369,0.2373,0.2367,0.2367,410981.4
2026-05-31 02:35:00,0.2367,0.237,0.2366,0.237,238814.6
2026-05-31 02:40:00,0.2369,0.2369,0.2367,0.2368,174751.0
2026-05-31 02:45:00,0.2369,0.237,0.2367,0.2369,183225.1
2026-05-31 02:50:00,0.2369,0.2371,0.2368,0.2371,190823.9
2026-05-31 02:55:00,0.237,0.2375,0.2369,0.2374,204307.7
2026-05-31 03:00:00,0.2374,0.2378,0.2374,0.2376,130270.4
2026-05-31 03:05:00,0.2376,0.2377,0.2375,0.2376,319668.8
2026-05-31 03:10:00,0.2376,0.2377,0.2374,0.2377,163719.6
2026-05-31 03:15:00,0.2376,0.2378,0.2374,0.2378,156117.3
2026-05-31 03:20:00,0.2378,0.2382,0.2377,0.2382,233741.2
2026-05-31 03:25:00,0.2382,0.2384,0.238,0.2384,247595.6
2026-05-31 03:30:00,0.2383,0.2385,0.2382,0.2385,165368.1
2026-05-31 03:35:00,0.2385,0.2385,0.238,0.238,88704.8
2026-05-31 03:40:00,0.238,0.2382,0.2379,0.2381,135830.0
2026-05-31 03:45:00,0.2382,0.2383,0.2381,0.2383,62136.5
2026-05-31 03:50:00,0.2383,0.2383,0.238,0.238,63959.2
2026-05-31 03:55:00,0.238,0.2383,0.238,0.2381,121621.2
2026-05-31 04:00:00,0.2381,0.2384,0.238,0.2383,119295.3
2026-05-31 04:05:00,0.2383,0.2383,0.2379,0.2379,38265.9
2026-05-31 04:10:00,0.2379,0.238,0.2378,0.2379,117312.5
2026-05-31 04:15:00,0.238,0.2381,0.2379,0.238,440541.5
2026-05-31 04:20:00,0.238,0.2383,0.238,0.2383,215184.5
2026-05-31 04:25:00,0.2383,0.2383,0.238,0.2381,15797.4
2026-05-31 04:30:00,0.2381,0.2382,0.2379,0.238,152561.5
2026-05-31 04:35:00,0.238,0.2385,0.238,0.2384,207450.4
2026-05-31 04:40:00,0.2384,0.2384,0.2381,0.2382,31966.9
2026-05-31 04:45:00,0.2383,0.2384,0.2382,0.2384,97522.6
2026-05-31 04:50:00,0.2384,0.2387,0.2384,0.2386,131235.2
2026-05-31 04:55:00,0.2386,0.2388,0.2386,0.2387,131295.3
2026-05-31 05:00:00,0.2386,0.2387,0.2383,0.2384,105974.0
2026-05-31 05:05:00,0.2384,0.2385,0.2383,0.2383,44431.4
2026-05-31 05:10:00,0.2383,0.2384,0.238,0.2381,126809.0
2026-05-31 05:15:00,0.2381,0.2384,0.2381,0.2383,96251.3
2026-05-31 05:20:00,0.2384,0.2384,0.2381,0.2381,31165.4
2026-05-31 05:25:00,0.2381,0.2383,0.2381,0.2383,63970.3
2026-05-31 05:30:00,0.2384,0.2385,0.2383,0.2383,54072.3
2026-05-31 05:35:00,0.2383,0.2385,0.2382,0.2383,57916.9
2026-05-31 05:40:00,0.2383,0.2383,0.238,0.238,244196.0
2026-05-31 05:45:00,0.2379,0.238,0.2376,0.2376,99209.5
2026-05-31 05:50:00,0.2376,0.2379,0.2375,0.2377,83040.6
2026-05-31 05:55:00,0.2377,0.2378,0.2377,0.2378,103386.0
2026-05-31 06:00:00,0.2378,0.2378,0.2373,0.2374,60176.9
2026-05-31 06:05:00,0.2374,0.2376,0.2373,0.2376,170326.6
2026-05-31 06:10:00,0.2377,0.2378,0.2375,0.2376,227128.9
2026-05-31 06:15:00,0.2375,0.2375,0.2373,0.2374,79681.7
2026-05-31 06:20:00,0.2375,0.2377,0.2374,0.2376,78761.7
2026-05-31 06:25:00,0.2376,0.2376,0.2373,0.2375,53967.5
2026-05-31 06:30:00,0.2375,0.2379,0.2375,0.2377,49050.7
2026-05-31 06:35:00,0.2376,0.2378,0.2376,0.2378,13893.2
2026-05-31 06:40:00,0.2378,0.2379,0.2376,0.2376,488191.1
2026-05-31 06:45:00,0.2377,0.2381,0.2376,0.2381,63296.1
2026-05-31 06:50:00,0.238,0.238,0.2378,0.2379,37916.1
2026-05-31 06:55:00,0.2379,0.238,0.2378,0.2379,67100.1
2026-05-31 07:00:00,0.2378,0.2378,0.2372,0.2373,545883.6
2026-05-31 07:05:00,0.2373,0.2376,0.2372,0.2375,80747.0
2026-05-31 07:10:00,0.2375,0.2376,0.2369,0.2371,161752.8
2026-05-31 07:15:00,0.2372,0.2374,0.2371,0.2373,100603.1
2026-05-31 07:20:00,0.2372,0.2373,0.2366,0.2367,223803.4
2026-05-31 07:25:00,0.2366,0.2369,0.2365,0.2369,160775.8
2026-05-31 07:30:00,0.2368,0.2369,0.2363,0.2365,149531.5
2026-05-31 07:35:00,0.2365,0.2368,0.2364,0.2366,202157.3
2026-05-31 07:40:00,0.2365,0.2367,0.2365,0.2365,45734.0
2026-05-31 07:45:00,0.2364,0.2367,0.2363,0.2364,19790.1
2026-05-31 07:50:00,0.2365,0.2367,0.2364,0.2366,193036.8
2026-05-31 07:55:00,0.2366,0.2368,0.2365,0.2366,87299.4
2026-05-31 08:00:00,0.2366,0.2375,0.2366,0.2375,497724.6
2026-05-31 08:05:00,0.2375,0.2376,0.2371,0.2371,130644.6
2026-05-31 08:10:00,0.2371,0.2372,0.2369,0.2371,82946.1
2026-05-31 08:15:00,0.2371,0.2374,0.2371,0.2373,102839.9
2026-05-31 08:20:00,0.2374,0.2376,0.2374,0.2375,22624.5
2026-05-31 08:25:00,0.2374,0.2374,0.2372,0.2372,56765.8
2026-05-31 08:30:00,0.2372,0.2373,0.2369,0.237,347424.0
2026-05-31 08:35:00,0.2371,0.2372,0.2369,0.2371,275960.3
2026-05-31 08:40:00,0.237,0.237,0.2368,0.237,95433.5
2026-05-31 08:45:00,0.237,0.237,0.2368,0.2368,47741.2
2026-05-31 08:50:00,0.2368,0.237,0.2366,0.2369,105968.1
2026-05-31 08:55:00,0.2369,0.2374,0.2369,0.237,142423.7
2026-05-31 09:00:00,0.2371,0.2372,0.2367,0.2367,38939.0
2026-05-31 09:05:00,0.2366,0.2369,0.2366,0.2368,51575.8
2026-05-31 09:10:00,0.2369,0.237,0.2368,0.2368,99817.3
2026-05-31 09:15:00,0.2367,0.2372,0.2367,0.2372,94328.7
2026-05-31 09:20:00,0.2372,0.2374,0.2371,0.2374,110985.0
2026-05-31 09:25:00,0.2373,0.2374,0.2372,0.2373,101295.5
2026-05-31 09:30:00,0.2373,0.2376,0.2373,0.2376,109296.4
2026-05-31 09:35:00,0.2375,0.2376,0.2372,0.2376,120547.6
2026-05-31 09:40:00,0.2375,0.2381,0.2375,0.2379,359162.3
2026-05-31 09:45:00,0.2378,0.2381,0.2378,0.2381,156866.5
2026-05-31 09:50:00,0.238,0.2381,0.2374,0.2376,324577.1
2026-05-31 09:55:00,0.2375,0.2375,0.237,0.2373,293696.2
2026-05-31 10:00:00,0.2373,0.2374,0.2366,0.2369,281552.1
2026-05-31 10:05:00,0.2368,0.237,0.2367,0.2368,99570.6
2026-05-31 10:10:00,0.2369,0.2369,0.2365,0.2367,143705.0
2026-05-31 10:15:00,0.2366,0.2367,0.2361,0.2362,283319.4
2026-05-31 10:20:00,0.2362,0.2362,0.2356,0.236,336654.1
2026-05-31 10:25:00,0.2359,0.2362,0.2359,0.2362,58688.8
2026-05-31 10:30:00,0.2361,0.2365,0.2361,0.2364,74923.6
2026-05-31 10:35:00,0.2364,0.2365,0.2361,0.2364,242320.1
2026-05-31 10:40:00,0.2363,0.2364,0.2362,0.2363,18089.9
2026-05-31 10:45:00,0.2364,0.2365,0.2362,0.2365,21883.8
2026-05-31 10:50:00,0.2365,0.2368,0.2364,0.2367,127423.9
2026-05-31 10:55:00,0.2367,0.2372,0.2367,0.2371,104420.4
2026-05-31 11:00:00,0.2372,0.2374,0.2371,0.2373,111052.5
2026-05-31 11:05:00,0.2374,0.2375,0.2373,0.2373,30821.8
2026-05-31 11:10:00,0.2372,0.2372,0.2371,0.2371,30389.2
2026-05-31 11:15:00,0.2372,0.2372,0.237,0.237,105807.6
2026-05-31 11:20:00,0.2369,0.2369,0.2367,0.2368,78102.1
2026-05-31 11:25:00,0.2368,0.2373,0.2368,0.2373,57272.4
2026-05-31 11:30:00,0.2372,0.2373,0.237,0.2372,99603.0
2026-05-31 11:35:00,0.2372,0.2375,0.237,0.2372,59552.9
2026-05-31 11:40:00,0.2373,0.2373,0.237,0.2371,27518.7
2026-05-31 11:45:00,0.2371,0.2371,0.2369,0.237,20764.3
2026-05-31 11:50:00,0.237,0.2371,0.2367,0.2369,88358.1
2026-05-31 11:55:00,0.2369,0.2371,0.2368,0.2371,25068.0
2026-05-31 12:00:00,0.2371,0.2372,0.2365,0.2366,144875.8
2026-05-31 12:05:00,0.2366,0.2367,0.2365,0.2365,90612.4
2026-05-31 12:10:00,0.2365,0.237,0.2365,0.237,86728.7
2026-05-31 12:15:00,0.237,0.2375,0.237,0.2375,200072.4
2026-05-31 12:20:00,0.2374,0.2375,0.2371,0.2373,42008.0
2026-05-31 12:25:00,0.2372,0.2376,0.2372,0.2376,45450.8
2026-05-31 12:30:00,0.2377,0.2378,0.2375,0.2376,118402.5
2026-05-31 12:35:00,0.2376,0.2378,0.2376,0.2377,70429.9
2026-05-31 12:40:00,0.2377,0.2379,0.2376,0.2378,87128.1
2026-05-31 12:45:00,0.2379,0.2379,0.2377,0.2379,110443.9
2026-05-31 12:50:00,0.2378,0.2381,0.2376,0.2376,133763.7
2026-05-31 12:55:00,0.2376,0.2379,0.2376,0.2377,92057.4
2026-05-31 13:00:00,0.2377,0.2378,0.2372,0.2372,103743.2
2026-05-31 13:05:00,0.2372,0.2375,0.2371,0.2374,145502.7
2026-05-31 13:10:00,0.2374,0.2375,0.2374,0.2375,30737.4
2026-05-31 13:15:00,0.2374,0.2377,0.2373,0.2377,132169.3
2026-05-31 13:20:00,0.2377,0.238,0.2376,0.2378,558242.7
2026-05-31 13:25:00,0.2379,0.2379,0.2376,0.2376,73790.5
2026-05-31 13:30:00,0.2377,0.2378,0.2375,0.2375,133848.2
2026-05-31 13:35:00,0.2376,0.2378,0.2371,0.2373,170275.3
2026-05-31 13:40:00,0.2374,0.2374,0.2369,0.2371,109122.7
2026-05-31 13:45:00,0.2371,0.2373,0.2368,0.2369,287773.1
2026-05-31 13:50:00,0.2369,0.2371,0.2367,0.2368,87946.2
2026-05-31 13:55:00,0.2368,0.237,0.2368,0.2368,154217.0
2026-05-31 14:00:00,0.2368,0.2369,0.2362,0.2366,266211.0
2026-05-31 14:05:00,0.2367,0.2369,0.2365,0.2369,97345.6
2026-05-31 14:10:00,0.2368,0.237,0.2356,0.2357,891534.1
2026-05-31 14:15:00,0.2357,0.236,0.2335,0.2343,3375860.8
2026-05-31 14:20:00,0.2342,0.2347,0.2339,0.2343,938358.3
2026-05-31 14:25:00,0.2343,0.2346,0.2341,0.2344,556356.5
2026-05-31 14:30:00,0.2343,0.2349,0.2342,0.2346,1169052.2
2026-05-31 14:35:00,0.2346,0.2349,0.2342,0.2345,1298045.9
2026-05-31 14:40:00,0.2345,0.2346,0.2339,0.234,2030741.9
2026-05-31 14:45:00,0.234,0.2346,0.234,0.2342,395809.1
2026-05-31 14:50:00,0.2341,0.2346,0.2341,0.2345,300665.1
2026-05-31 14:55:00,0.2345,0.2345,0.2338,0.234,518892.7
2026-05-31 15:00:00,0.234,0.2343,0.2339,0.2341,222540.5
2026-05-31 15:05:00,0.234,0.2342,0.2339,0.234,227665.7
2026-05-31 15:10:00,0.234,0.2343,0.2339,0.2342,669306.7
2026-05-31 15:15:00,0.2342,0.2344,0.2338,0.2344,655472.8
2026-05-31 15:20:00,0.2343,0.2348,0.2343,0.2348,210440.2
2026-05-31 15:25:00,0.2347,0.2351,0.2347,0.2348,384241.6
2026-05-31 15:30:00,0.2348,0.2349,0.2346,0.2349,136479.8
2026-05-31 15:35:00,0.2349,0.235,0.2346,0.2349,474014.2
2026-05-31 15:40:00,0.2349,0.2349,0.2341,0.2343,957407.3
2026-05-31 15:45:00,0.2343,0.2345,0.2342,0.2343,146622.9
2026-05-31 15:50:00,0.2342,0.2344,0.2341,0.2344,188362.3
2026-05-31 15:55:00,0.2343,0.2344,0.2336,0.2338,656520.5
2026-05-31 16:00:00,0.2339,0.2342,0.2338,0.2342,424138.2
2026-05-31 16:05:00,0.2341,0.2343,0.2337,0.2337,70546.7
2026-05-31 16:10:00,0.2337,0.2338,0.2333,0.2333,323929.1
2026-05-31 16:15:00,0.2334,0.2338,0.2334,0.2338,167154.2
2026-05-31 16:20:00,0.2337,0.2339,0.2331,0.2333,409419.8
2026-05-31 16:25:00,0.2333,0.2335,0.2328,0.2335,526497.9
2026-05-31 16:30:00,0.2335,0.2335,0.2324,0.2327,849031.3
2026-05-31 16:35:00,0.2328,0.2332,0.2325,0.2329,319813.7
2026-05-31 16:40:00,0.233,0.233,0.2326,0.233,583344.9
2026-05-31 16:45:00,0.2329,0.233,0.2325,0.2326,366559.0
2026-05-31 16:50:00,0.2326,0.233,0.2326,0.233,150519.7
2026-05-31 16:55:00,0.233,0.2331,0.2329,0.233,52821.9
2026-05-31 17:00:00,0.233,0.2333,0.2327,0.2328,265581.5
2026-05-31 17:05:00,0.2328,0.2331,0.2327,0.2328,348403.4
2026-05-31 17:10:00,0.2328,0.2329,0.232,0.2324,1317846.4
2026-05-31 17:15:00,0.2325,0.2329,0.2325,0.2326,530924.1
2026-05-31 17:20:00,0.2326,0.2329,0.2326,0.2328,209357.0
2026-05-31 17:25:00,0.2327,0.2331,0.2327,0.2328,66237.7
2026-05-31 17:30:00,0.2328,0.2333,0.2328,0.2331,253433.5
2026-05-31 17:35:00,0.2331,0.2336,0.2331,0.2336,240204.4
2026-05-31 17:40:00,0.2336,0.2336,0.2333,0.2334,216709.1
2026-05-31 17:45:00,0.2334,0.2335,0.2333,0.2335,41214.1
2026-05-31 17:50:00,0.2335,0.2335,0.2332,0.2334,144393.4
2026-05-31 17:55:00,0.2333,0.2335,0.2333,0.2335,115718.2
2026-05-31 18:00:00,0.2335,0.2335,0.2329,0.2331,80915.5
2026-05-31 18:05:00,0.233,0.2334,0.233,0.2332,268727.0
2026-05-31 18:10:00,0.2332,0.2334,0.2332,0.2332,132292.7
2026-05-31 18:15:00,0.2331,0.2331,0.2327,0.2329,286391.3
2026-05-31 18:20:00,0.233,0.233,0.2324,0.2328,1045875.8
2026-05-31 18:25:00,0.2328,0.233,0.2328,0.2328,50633.2
2026-05-31 18:30:00,0.2328,0.2334,0.2327,0.2332,211394.6
2026-05-31 18:35:00,0.2332,0.2332,0.2331,0.2332,42215.4
2026-05-31 18:40:00,0.2332,0.2333,0.2329,0.2332,394183.9
2026-05-31 18:45:00,0.2331,0.2333,0.233,0.2332,155927.3
2026-05-31 18:50:00,0.2332,0.2332,0.233,0.2332,27558.7
2026-05-31 18:55:00,0.2332,0.2334,0.2331,0.2331,98243.6
2026-05-31 19:00:00,0.2331,0.2335,0.2331,0.2332,82607.9
2026-05-31 19:05:00,0.2332,0.2332,0.2329,0.233,17886.3
2026-05-31 19:10:00,0.233,0.233,0.2324,0.2324,118946.5
2026-05-31 19:15:00,0.2324,0.2327,0.2323,0.2327,98570.3
2026-05-31 19:20:00,0.2327,0.2328,0.2324,0.2324,92999.6
2026-05-31 19:25:00,0.2325,0.2326,0.2321,0.2326,149244.1
2026-05-31 19:30:00,0.2326,0.2327,0.2319,0.2322,242614.8
2026-05-31 19:35:00,0.2321,0.2326,0.2321,0.2326,39887.7
2026-05-31 19:40:00,0.2327,0.2329,0.2326,0.2329,62908.1
2026-05-31 19:45:00,0.233,0.233,0.2328,0.2329,69810.7
2026-05-31 19:50:00,0.2328,0.233,0.2327,0.2329,211248.4
2026-05-31 19:55:00,0.233,0.233,0.2327,0.2328,221559.8
2026-05-31 20:00:00,0.2329,0.2334,0.2328,0.2331,184718.7
2026-05-31 20:05:00,0.2332,0.2336,0.2331,0.2335,634010.3
2026-05-31 20:10:00,0.2335,0.2335,0.2331,0.2334,213748.8
2026-05-31 20:15:00,0.2334,0.2336,0.2333,0.2335,174187.7
2026-05-31 20:20:00,0.2335,0.2338,0.2335,0.2335,164163.0
2026-05-31 20:25:00,0.2335,0.2337,0.2335,0.2336,62546.9
2026-05-31 20:30:00,0.2336,0.2338,0.2336,0.2336,239971.4
2026-05-31 20:35:00,0.2336,0.2337,0.2335,0.2336,145765.9
2026-05-31 20:40:00,0.2335,0.2336,0.2333,0.2334,107543.6
2026-05-31 20:45:00,0.2335,0.2335,0.2334,0.2335,15120.8
2026-05-31 20:50:00,0.2335,0.2338,0.2335,0.2337,23016.2
2026-05-31 20:55:00,0.2338,0.234,0.2338,0.2339,92448.4
2026-05-31 21:00:00,0.2339,0.2341,0.2337,0.2338,77563.7
2026-05-31 21:05:00,0.2338,0.2339,0.2336,0.2339,36264.3
2026-05-31 21:10:00,0.2338,0.234,0.2338,0.234,75454.7
2026-05-31 21:15:00,0.2339,0.2346,0.2339,0.2344,370080.9
2026-05-31 21:20:00,0.2344,0.2345,0.2342,0.2343,48309.0
2026-05-31 21:25:00,0.2343,0.2344,0.2341,0.2342,78735.2
2026-05-31 21:30:00,0.2342,0.2343,0.234,0.2343,35977.1
2026-05-31 21:35:00,0.2343,0.2345,0.2343,0.2344,108040.4
2026-05-31 21:40:00,0.2343,0.2346,0.2343,0.2346,198734.6
2026-05-31 21:45:00,0.2345,0.2354,0.2345,0.2352,213029.3
2026-05-31 21:50:00,0.2352,0.2352,0.2348,0.2351,265482.8
2026-05-31 21:55:00,0.2351,0.2352,0.2349,0.2349,239088.2
2026-05-31 22:00:00,0.235,0.2356,0.2342,0.2345,503075.5
2026-05-31 22:05:00,0.2344,0.2348,0.2344,0.2348,154382.2
2026-05-31 22:10:00,0.2348,0.2354,0.2348,0.2354,306158.6
2026-05-31 22:15:00,0.2354,0.236,0.2354,0.2354,163283.5
2026-05-31 22:20:00,0.2354,0.2354,0.2349,0.2352,331807.8
2026-05-31 22:25:00,0.2352,0.2358,0.2351,0.2354,134390.8
2026-05-31 22:30:00,0.2353,0.2359,0.2353,0.2359,96294.1
2026-05-31 22:35:00,0.236,0.236,0.2355,0.2357,85653.6
2026-05-31 22:40:00,0.2357,0.2358,0.2356,0.2356,70815.3
2026-05-31 22:45:00,0.2356,0.2361,0.2356,0.2358,70891.6
2026-05-31 22:50:00,0.2358,0.2359,0.2356,0.2357,186431.8
2026-05-31 22:55:00,0.2358,0.2361,0.2357,0.2359,394559.7
2026-05-31 23:00:00,0.2359,0.2371,0.2358,0.2365,487122.4
2026-05-31 23:05:00,0.2365,0.2365,0.2358,0.2361,66692.8
2026-05-31 23:10:00,0.2361,0.2362,0.2359,0.236,146406.6
2026-05-31 23:15:00,0.2359,0.2362,0.2359,0.236,92872.1
2026-05-31 23:20:00,0.236,0.236,0.2353,0.2354,225072.5
2026-05-31 23:25:00,0.2355,0.2355,0.2352,0.2352,81940.3
2026-05-31 23:30:00,0.2352,0.2352,0.2344,0.2351,662827.2
2026-05-31 23:35:00,0.235,0.2355,0.2346,0.2347,781507.2
2026-05-31 23:40:00,0.2347,0.2348,0.2344,0.2348,107454.4
2026-05-31 23:45:00,0.2348,0.2352,0.2348,0.2351,74551.9
2026-05-31 23:50:00,0.2352,0.2355,0.2352,0.2355,41345.7
2026-05-31 23:55:00,0.2355,0.2359,0.2355,0.2357,151594.1
2026-06-01 00:00:00,0.2357,0.2367,0.2357,0.2365,423664.0
2026-06-01 00:05:00,0.2365,0.2366,0.2359,0.2361,565812.9
2026-06-01 00:10:00,0.236,0.2362,0.2355,0.2361,943882.2
2026-06-01 00:15:00,0.2361,0.2363,0.2354,0.2357,618335.7
2026-06-01 00:20:00,0.2356,0.2363,0.2356,0.2361,332224.9
2026-06-01 00:25:00,0.2362,0.2367,0.2361,0.2366,125162.4
2026-06-01 00:30:00,0.2366,0.2371,0.2362,0.2366,480170.4
2026-06-01 00:35:00,0.2366,0.237,0.2364,0.2366,186301.5
2026-06-01 00:40:00,0.2366,0.237,0.2365,0.237,174837.4
2026-06-01 00:45:00,0.2369,0.2374,0.2369,0.2371,300862.1
2026-06-01 00:50:00,0.2372,0.2375,0.2369,0.237,159752.4
2026-06-01 00:55:00,0.237,0.237,0.2366,0.2367,151144.2
2026-06-01 01:00:00,0.2368,0.2369,0.2362,0.2363,434066.3
2026-06-01 01:05:00,0.2363,0.2366,0.2357,0.2358,364194.0
2026-06-01 01:10:00,0.2358,0.236,0.2357,0.2358,83751.9
2026-06-01 01:15:00,0.2358,0.2359,0.2353,0.2353,131638.9
2026-06-01 01:20:00,0.2353,0.2355,0.2349,0.235,303799.6
2026-06-01 01:25:00,0.2349,0.2352,0.2347,0.235,356478.9
2026-06-01 01:30:00,0.2349,0.235,0.2347,0.235,145106.8
2026-06-01 01:35:00,0.235,0.2351,0.2348,0.2348,139603.0
2026-06-01 01:40:00,0.2348,0.2351,0.234,0.2342,328613.9
2026-06-01 01:45:00,0.2342,0.2349,0.2341,0.2349,158742.8
2026-06-01 01:50:00,0.2349,0.2349,0.234,0.234,116031.6
2026-06-01 01:55:00,0.234,0.234,0.2333,0.2334,182325.2
2026-06-01 02:00:00,0.2333,0.2336,0.2328,0.2336,548373.8
2026-06-01 02:05:00,0.2336,0.2346,0.2336,0.2344,479354.0
2026-06-01 02:10:00,0.2345,0.2348,0.2345,0.2348,68790.8
2026-06-01 02:15:00,0.2348,0.2348,0.2343,0.2343,83698.1
2026-06-01 02:20:00,0.2343,0.2348,0.2342,0.2348,713022.4
2026-06-01 02:25:00,0.2348,0.235,0.2346,0.2349,215021.4
2026-06-01 02:30:00,0.235,0.235,0.2348,0.2349,135637.9
2026-06-01 02:35:00,0.235,0.2354,0.2348,0.2353,217352.0
2026-06-01 02:40:00,0.2354,0.2368,0.2353,0.2364,418690.5
2026-06-01 02:45:00,0.2363,0.2368,0.2361,0.2364,617394.3
2026-06-01 02:50:00,0.2365,0.2368,0.2363,0.2366,197854.4
2026-06-01 02:55:00,0.2365,0.2366,0.2363,0.2364,139440.0
2026-06-01 03:00:00,0.2364,0.2376,0.2364,0.2371,545898.0
2026-06-01 03:05:00,0.2371,0.2375,0.2369,0.2374,633504.7
2026-06-01 03:10:00,0.2373,0.2373,0.2367,0.2367,193153.4
2026-06-01 03:15:00,0.2368,0.237,0.2363,0.2366,537167.6
2026-06-01 03:20:00,0.2367,0.2371,0.2365,0.2369,264021.6
2026-06-01 03:25:00,0.237,0.2372,0.2368,0.2371,70662.6
2026-06-01 03:30:00,0.2371,0.2375,0.2371,0.2372,378730.4
2026-06-01 03:35:00,0.2373,0.2374,0.2367,0.2368,347442.0
2026-06-01 03:40:00,0.2368,0.2369,0.2365,0.2368,61208.6
2026-06-01 03:45:00,0.2368,0.237,0.2367,0.237,50151.0
2026-06-01 03:50:00,0.237,0.2372,0.2364,0.2364,248793.4
2026-06-01 03:55:00,0.2365,0.2369,0.2364,0.2369,182294.1
2026-06-01 04:00:00,0.2369,0.2376,0.2368,0.2372,296361.5
2026-06-01 04:05:00,0.2372,0.2372,0.2363,0.2363,300601.4
2026-06-01 04:10:00,0.2362,0.2363,0.2358,0.2361,307891.9
2026-06-01 04:15:00,0.2361,0.2363,0.2355,0.2356,147355.1
2026-06-01 04:20:00,0.2355,0.2356,0.235,0.2352,646229.9
2026-06-01 04:25:00,0.2351,0.2353,0.2348,0.2348,515228.2
2026-06-01 04:30:00,0.2349,0.235,0.2346,0.2348,362149.8
2026-06-01 04:35:00,0.2347,0.235,0.2347,0.2348,74637.9
2026-06-01 04:40:00,0.2348,0.235,0.2346,0.2347,282342.4
2026-06-01 04:45:00,0.2347,0.2347,0.2333,0.2337,706139.6
2026-06-01 04:50:00,0.2337,0.2344,0.2337,0.2344,261483.2
2026-06-01 04:55:00,0.2343,0.2347,0.2342,0.2345,122470.5
2026-06-01 05:00:00,0.2344,0.2347,0.2341,0.2347,379655.5
2026-06-01 05:05:00,0.2346,0.2347,0.2343,0.2343,320923.9
2026-06-01 05:10:00,0.2343,0.2345,0.234,0.2343,522047.0
2026-06-01 05:15:00,0.2343,0.2344,0.2339,0.234,322311.0
2026-06-01 05:20:00,0.2341,0.2348,0.2341,0.2344,243285.5
2026-06-01 05:25:00,0.2344,0.2344,0.2337,0.2339,401276.6
2026-06-01 05:30:00,0.2339,0.2343,0.2338,0.2341,167284.2
2026-06-01 05:35:00,0.234,0.2342,0.2334,0.234,423518.5
2026-06-01 05:40:00,0.234,0.2343,0.234,0.2343,142347.5
2026-06-01 05:45:00,0.2344,0.235,0.2342,0.2347,315437.0
2026-06-01 05:50:00,0.2347,0.2347,0.2344,0.2345,114954.5
2026-06-01 05:55:00,0.2345,0.2345,0.2339,0.234,132992.9
2026-06-01 06:00:00,0.234,0.2343,0.2338,0.2339,279656.3
2026-06-01 06:05:00,0.2338,0.2339,0.2331,0.2333,410580.7
2026-06-01 06:10:00,0.2333,0.2336,0.2332,0.2335,121066.6
2026-06-01 06:15:00,0.2335,0.2337,0.2333,0.2333,141492.7
2026-06-01 06:20:00,0.2332,0.2335,0.2328,0.2331,268708.4
2026-06-01 06:25:00,0.2331,0.2331,0.2327,0.2329,231253.5
2026-06-01 06:30:00,0.2328,0.233,0.2324,0.2329,206233.8
2026-06-01 06:35:00,0.2329,0.2329,0.2325,0.2328,345336.5
2026-06-01 06:40:00,0.2328,0.233,0.2321,0.2323,278895.2
2026-06-01 06:45:00,0.2323,0.2331,0.232,0.233,337160.7
2026-06-01 06:50:00,0.233,0.2332,0.2328,0.2329,196652.6
2026-06-01 06:55:00,0.2328,0.2331,0.2327,0.233,112632.0
2026-06-01 07:00:00,0.233,0.2332,0.2325,0.233,273350.4
2026-06-01 07:05:00,0.233,0.2333,0.233,0.2331,42266.2
2026-06-01 07:10:00,0.2331,0.2332,0.2327,0.233,224070.1
2026-06-01 07:15:00,0.233,0.233,0.2324,0.233,346449.3
2026-06-01 07:20:00,0.2331,0.2331,0.2326,0.2326,187363.9
2026-06-01 07:25:00,0.2327,0.2329,0.2325,0.2325,155821.3
2026-06-01 07:30:00,0.2324,0.2324,0.2318,0.2321,275477.2
2026-06-01 07:35:00,0.2321,0.2326,0.2319,0.2325,126398.3
2026-06-01 07:40:00,0.2325,0.2326,0.2316,0.2317,3659885.5
2026-06-01 07:45:00,0.2318,0.232,0.231,0.2312,1131021.0
2026-06-01 07:50:00,0.2312,0.2317,0.2307,0.2313,2310463.8
2026-06-01 07:55:00,0.2313,0.2315,0.2309,0.231,303130.5
2026-06-01 08:00:00,0.231,0.2312,0.2307,0.2311,307457.0
2026-06-01 08:05:00,0.2311,0.2316,0.231,0.2315,295040.7
2026-06-01 08:10:00,0.2315,0.2318,0.2312,0.2312,245079.1
2026-06-01 08:15:00,0.2312,0.2314,0.231,0.2313,263000.4
2026-06-01 08:20:00,0.2312,0.2316,0.2311,0.2313,652200.7
2026-06-01 08:25:00,0.2313,0.2314,0.2306,0.231,1114435.2
2026-06-01 08:30:00,0.2309,0.2314,0.2303,0.2311,471582.7
2026-06-01 08:35:00,0.2312,0.2316,0.2312,0.2314,249367.8
2026-06-01 08:40:00,0.2313,0.2313,0.2306,0.231,588224.6
2026-06-01 08:45:00,0.2311,0.2315,0.2311,0.2312,285620.6
2026-06-01 08:50:00,0.2312,0.2314,0.231,0.2312,108521.7
2026-06-01 08:55:00,0.2312,0.2315,0.2311,0.2314,305292.6
2026-06-01 09:00:00,0.2314,0.2318,0.2314,0.2317,269392.4
2026-06-01 09:05:00,0.2318,0.232,0.2317,0.2319,47449.4
2026-06-01 09:10:00,0.2319,0.2321,0.2318,0.2319,107689.9
2026-06-01 09:15:00,0.232,0.2321,0.2317,0.2321,71836.2
2026-06-01 09:20:00,0.2322,0.2324,0.2319,0.232,96099.2
2026-06-01 09:25:00,0.2321,0.2324,0.2317,0.2318,466377.0
2026-06-01 09:30:00,0.2318,0.2319,0.2314,0.2318,345132.5
2026-06-01 09:35:00,0.2318,0.2318,0.2313,0.2316,163269.4
2026-06-01 09:40:00,0.2316,0.2318,0.2314,0.2318,117283.3
2026-06-01 09:45:00,0.2318,0.2323,0.2317,0.2321,155838.4
2026-06-01 09:50:00,0.2321,0.2322,0.2313,0.2317,1282792.2
2026-06-01 09:55:00,0.2317,0.2318,0.2315,0.2318,597599.8
2026-06-01 10:00:00,0.2318,0.2319,0.2312,0.2313,797983.8
2026-06-01 10:05:00,0.2313,0.2315,0.2311,0.2312,376801.7
2026-06-01 10:10:00,0.2312,0.2313,0.2309,0.2311,252603.3
2026-06-01 10:15:00,0.231,0.2312,0.2309,0.2311,199392.7
2026-06-01 10:20:00,0.2311,0.2315,0.2309,0.2311,62541.1
2026-06-01 10:25:00,0.231,0.2312,0.2309,0.2311,65964.5
2026-06-01 10:30:00,0.2311,0.2316,0.2308,0.2308,254913.5
2026-06-01 10:35:00,0.2309,0.2311,0.2306,0.2309,945233.6
2026-06-01 10:40:00,0.231,0.2312,0.2309,0.2312,109685.5
2026-06-01 10:45:00,0.2312,0.2316,0.2312,0.2315,348751.7
2026-06-01 10:50:00,0.2315,0.2317,0.2314,0.2315,96301.5
2026-06-01 10:55:00,0.2316,0.2317,0.2312,0.2313,186752.2
2026-06-01 11:00:00,0.2314,0.2318,0.2313,0.2314,201359.2
2026-06-01 11:05:00,0.2315,0.2321,0.2313,0.232,136760.0
2026-06-01 11:10:00,0.232,0.232,0.2315,0.2317,188923.5
2026-06-01 11:15:00,0.2316,0.232,0.2315,0.232,78943.7
2026-06-01 11:20:00,0.232,0.2321,0.2317,0.232,266557.1
2026-06-01 11:25:00,0.2319,0.2319,0.2317,0.2317,86296.0
2026-06-01 11:30:00,0.2318,0.2318,0.2315,0.2317,179755.2
2026-06-01 11:35:00,0.2317,0.2318,0.2314,0.2315,953216.0
2026-06-01 11:40:00,0.2314,0.2318,0.2314,0.2314,1662869.1
2026-06-01 11:45:00,0.2315,0.2316,0.2306,0.2307,1676058.2
2026-06-01 11:50:00,0.2307,0.2309,0.2304,0.2305,1601443.3
2026-06-01 11:55:00,0.2305,0.2307,0.2294,0.2302,3592435.8
2026-06-01 12:00:00,0.2303,0.2311,0.2301,0.2309,1458575.7
2026-06-01 12:05:00,0.2309,0.231,0.23,0.2302,320471.6
2026-06-01 12:10:00,0.2302,0.2304,0.2291,0.2299,1074321.8
2026-06-01 12:15:00,0.23,0.2306,0.23,0.2301,947067.3
2026-06-01 12:20:00,0.2302,0.2311,0.2301,0.2309,396812.0
2026-06-01 12:25:00,0.2309,0.2312,0.2308,0.231,498873.2
2026-06-01 12:30:00,0.231,0.2311,0.2307,0.2309,159034.4
2026-06-01 12:35:00,0.2309,0.2316,0.2308,0.2315,440834.0
2026-06-01 12:40:00,0.2314,0.2314,0.2311,0.2314,148821.6
2026-06-01 12:45:00,0.2315,0.2316,0.2308,0.2308,642753.1
2026-06-01 12:50:00,0.2309,0.231,0.2306,0.2307,128914.4
2026-06-01 12:55:00,0.2307,0.2309,0.2305,0.2306,208634.9
2026-06-01 13:00:00,0.2306,0.2307,0.2299,0.23,416618.8
2026-06-01 13:05:00,0.2299,0.2301,0.2298,0.23,422262.8
2026-06-01 13:10:00,0.23,0.23,0.2285,0.2294,2135287.2
2026-06-01 13:15:00,0.2293,0.2305,0.2293,0.2302,1238487.3
2026-06-01 13:20:00,0.2303,0.2303,0.2295,0.2295,236912.2
2026-06-01 13:25:00,0.2295,0.2297,0.2291,0.2293,468490.1
2026-06-01 13:30:00,0.2293,0.2302,0.229,0.2298,896753.3
2026-06-01 13:35:00,0.2298,0.2303,0.2298,0.2299,618306.2
2026-06-01 13:40:00,0.2298,0.2299,0.2291,0.2294,658785.7
2026-06-01 13:45:00,0.2294,0.2298,0.2291,0.2291,340493.5
2026-06-01 13:50:00,0.2291,0.2295,0.2284,0.2287,1757705.3
2026-06-01 13:55:00,0.2286,0.2296,0.2271,0.2288,4916341.6
2026-06-01 14:00:00,0.2288,0.2293,0.2284,0.229,1135752.8
2026-06-01 14:05:00,0.229,0.229,0.2282,0.2283,505352.0
2026-06-01 14:10:00,0.2283,0.2283,0.2274,0.2279,1033015.0
2026-06-01 14:15:00,0.2278,0.2282,0.2271,0.2278,1175909.3
2026-06-01 14:20:00,0.2278,0.2282,0.2278,0.2279,400002.9
2026-06-01 14:25:00,0.2278,0.2282,0.2272,0.2273,793507.4
2026-06-01 14:30:00,0.2273,0.2276,0.2263,0.2271,1954794.2
2026-06-01 14:35:00,0.2272,0.2277,0.2272,0.2273,1120003.9
2026-06-01 14:40:00,0.2273,0.2278,0.2273,0.2276,501103.3
2026-06-01 14:45:00,0.2276,0.2277,0.2273,0.2274,429049.2
2026-06-01 14:50:00,0.2274,0.2281,0.227,0.2271,628420.4
2026-06-01 14:55:00,0.2271,0.2276,0.227,0.2276,283439.3
2026-06-01 15:00:00,0.2276,0.228,0.2274,0.228,381612.2
2026-06-01 15:05:00,0.2279,0.2281,0.2273,0.2277,700116.6
2026-06-01 15:10:00,0.2277,0.2279,0.2273,0.2276,355405.8
2026-06-01 15:15:00,0.2276,0.2276,0.2258,0.2265,2741867.7
2026-06-01 15:20:00,0.2266,0.2268,0.2258,0.2259,745804.5
2026-06-01 15:25:00,0.2259,0.2262,0.2254,0.2257,1215845.9
2026-06-01 15:30:00,0.2257,0.2278,0.2257,0.2276,2227742.1
2026-06-01 15:35:00,0.2276,0.2281,0.2273,0.2274,773218.3
2026-06-01 15:40:00,0.2274,0.2277,0.2272,0.2275,287168.7
2026-06-01 15:45:00,0.2275,0.2277,0.227,0.2274,498000.2
2026-06-01 15:50:00,0.2275,0.2275,0.2271,0.2271,50877.0
2026-06-01 15:55:00,0.2271,0.2273,0.2269,0.227,307631.4
2026-06-01 16:00:00,0.227,0.2274,0.2269,0.2273,636463.4
2026-06-01 16:05:00,0.2273,0.2273,0.2265,0.2267,779416.2
2026-06-01 16:10:00,0.2267,0.2271,0.2262,0.2271,367196.7
2026-06-01 16:15:00,0.2271,0.2276,0.2269,0.2274,682554.3
2026-06-01 16:20:00,0.2275,0.228,0.2274,0.2279,232293.4
2026-06-01 16:25:00,0.2278,0.2283,0.2278,0.2282,366597.9
2026-06-01 16:30:00,0.2283,0.2287,0.2281,0.2286,354068.1
2026-06-01 16:35:00,0.2285,0.2288,0.2284,0.2285,431551.1
2026-06-01 16:40:00,0.2284,0.2288,0.2282,0.2287,193604.4
2026-06-01 16:45:00,0.2288,0.2296,0.2288,0.2292,493819.5
2026-06-01 16:50:00,0.2293,0.2302,0.2292,0.2301,693250.1
2026-06-01 16:55:00,0.2301,0.2307,0.2301,0.2304,776225.2
2026-06-01 17:00:00,0.2305,0.2311,0.23,0.231,414678.6
2026-06-01 17:05:00,0.231,0.2312,0.2308,0.2309,256085.5
2026-06-01 17:10:00,0.2309,0.231,0.2306,0.2306,338094.9
2026-06-01 17:15:00,0.2305,0.2309,0.23,0.2302,345423.5
2026-06-01 17:20:00,0.2302,0.2305,0.23,0.2305,81667.4
2026-06-01 17:25:00,0.2304,0.2309,0.2301,0.2309,749659.6
2026-06-01 17:30:00,0.2309,0.2312,0.2305,0.2306,402660.6
2026-06-01 17:35:00,0.2305,0.2309,0.2304,0.2305,418825.6
2026-06-01 17:40:00,0.2305,0.2319,0.2304,0.2316,1580943.2
2026-06-01 17:45:00,0.2317,0.2319,0.2314,0.2316,320479.2
2026-06-01 17:50:00,0.2316,0.2318,0.2312,0.2312,427862.0
2026-06-01 17:55:00,0.2312,0.2315,0.231,0.2311,556639.5
2026-06-01 18:00:00,0.231,0.2311,0.2307,0.2308,186256.7
2026-06-01 18:05:00,0.2307,0.2307,0.2305,0.2306,285570.2
2026-06-01 18:10:00,0.2307,0.2308,0.2301,0.2303,304711.6
2026-06-01 18:15:00,0.2303,0.2306,0.2302,0.2306,134077.0
2026-06-01 18:20:00,0.2305,0.2308,0.2305,0.2307,98421.6
2026-06-01 18:25:00,0.2308,0.2312,0.2308,0.2312,135850.0
2026-06-01 18:30:00,0.2313,0.2318,0.2313,0.2317,112315.0
2026-06-01 18:35:00,0.2317,0.2319,0.2313,0.2315,620687.8
2026-06-01 18:40:00,0.2315,0.2317,0.2312,0.2313,91500.7
2026-06-01 18:45:00,0.2312,0.2313,0.2307,0.2307,108095.2
2026-06-01 18:50:00,0.2307,0.231,0.2306,0.2308,316055.3
2026-06-01 18:55:00,0.2308,0.2309,0.2305,0.2305,118964.2
2026-06-01 19:00:00,0.2305,0.2305,0.2301,0.2303,221936.3
2026-06-01 19:05:00,0.2302,0.2304,0.23,0.2303,108061.0
2026-06-01 19:10:00,0.2302,0.2304,0.23,0.2304,344216.3
2026-06-01 19:15:00,0.2304,0.2305,0.2301,0.2304,87907.3
2026-06-01 19:20:00,0.2304,0.2309,0.2304,0.2308,170830.5
2026-06-01 19:25:00,0.2308,0.2314,0.2308,0.2313,179444.3
2026-06-01 19:30:00,0.2313,0.2316,0.2312,0.2316,156076.1
2026-06-01 19:35:00,0.2316,0.2316,0.2312,0.2316,318867.1
2026-06-01 19:40:00,0.2317,0.2318,0.2314,0.2318,254291.0
2026-06-01 19:45:00,0.2317,0.2319,0.2316,0.2318,347918.2
2026-06-01 19:50:00,0.2317,0.2317,0.2314,0.2315,143260.6
2026-06-01 19:55:00,0.2316,0.2317,0.2313,0.2314,86649.0
2026-06-01 20:00:00,0.2314,0.2316,0.2311,0.2312,163341.2
2026-06-01 20:05:00,0.2312,0.2314,0.2308,0.2308,133650.2
2026-06-01 20:10:00,0.2307,0.2308,0.2303,0.2307,237001.8
2026-06-01 20:15:00,0.2308,0.2309,0.2304,0.2309,73560.8
2026-06-01 20:20:00,0.2309,0.2312,0.2308,0.2308,188974.5
2026-06-01 20:25:00,0.2308,0.2308,0.2304,0.2307,82360.0
2026-06-01 20:30:00,0.2307,0.2309,0.2306,0.2308,17823.0
2026-06-01 20:35:00,0.2309,0.2313,0.2309,0.231,39016.9
2026-06-01 20:40:00,0.231,0.2314,0.231,0.2314,57652.5
2026-06-01 20:45:00,0.2314,0.2315,0.2312,0.2312,134482.1
2026-06-01 20:50:00,0.2313,0.2313,0.2308,0.2309,41378.0
2026-06-01 20:55:00,0.2308,0.231,0.2306,0.231,38120.5
2026-06-01 21:00:00,0.231,0.231,0.2305,0.2307,226641.5
2026-06-01 21:05:00,0.2308,0.2308,0.2297,0.2297,430786.9
2026-06-01 21:10:00,0.2297,0.23,0.2296,0.2299,263392.3
2026-06-01 21:15:00,0.23,0.23,0.2291,0.2295,172479.9
2026-06-01 21:20:00,0.2295,0.2303,0.2295,0.2303,62054.4
2026-06-01 21:25:00,0.2302,0.2304,0.23,0.2301,177731.5
2026-06-01 21:30:00,0.2301,0.2303,0.2301,0.2302,116782.0
2026-06-01 21:35:00,0.2303,0.2304,0.23,0.2301,164664.6
2026-06-01 21:40:00,0.23,0.2303,0.2297,0.2299,168000.1
2026-06-01 21:45:00,0.2299,0.2301,0.2297,0.23,103237.2
2026-06-01 21:50:00,0.23,0.2302,0.2295,0.2296,136998.3
2026-06-01 21:55:00,0.2295,0.2297,0.2294,0.2295,87016.0
2026-06-01 22:00:00,0.2295,0.2295,0.2284,0.2288,716034.5
2026-06-01 22:05:00,0.2288,0.2293,0.2285,0.2288,353654.7
2026-06-01 22:10:00,0.2288,0.2291,0.2288,0.229,223692.7
2026-06-01 22:15:00,0.2291,0.2298,0.2289,0.2296,217496.3
2026-06-01 22:20:00,0.2296,0.2298,0.2295,0.2296,149162.9
2026-06-01 22:25:00,0.2296,0.2303,0.2296,0.2301,377227.5
2026-06-01 22:30:00,0.2301,0.2303,0.2297,0.2297,110401.3
2026-06-01 22:35:00,0.2297,0.2298,0.2291,0.2292,94267.8
2026-06-01 22:40:00,0.2292,0.2295,0.2292,0.2295,402188.8
2026-06-01 22:45:00,0.2294,0.2308,0.2292,0.2305,777827.2
2026-06-01 22:50:00,0.2305,0.2309,0.2303,0.2308,219324.4
2026-06-01 22:55:00,0.2309,0.231,0.2307,0.2309,234658.5
2026-06-01 23:00:00,0.2309,0.2311,0.2307,0.231,192685.3
2026-06-01 23:05:00,0.231,0.2313,0.2309,0.2312,175618.5
2026-06-01 23:10:00,0.2312,0.2316,0.2311,0.2311,390786.5
2026-06-01 23:15:00,0.2311,0.2317,0.2311,0.2314,482244.8
2026-06-01 23:20:00,0.2313,0.2313,0.2308,0.2309,66535.6
2026-06-01 23:25:00,0.2309,0.2309,0.2303,0.2304,117569.0
2026-06-01 23:30:00,0.2304,0.2307,0.2302,0.2307,57881.3
2026-06-01 23:35:00,0.2307,0.2317,0.2307,0.2312,320540.9
2026-06-01 23:40:00,0.2313,0.2315,0.2311,0.2311,191431.0
2026-06-01 23:45:00,0.2312,0.2314,0.2311,0.2313,262049.5
2026-06-01 23:50:00,0.2313,0.2313,0.2305,0.2306,146139.1
2026-06-01 23:55:00,0.2307,0.2312,0.2307,0.2311,139629.6
2026-06-02 00:00:00,0.2311,0.2313,0.2308,0.2311,382845.5
2026-06-02 00:05:00,0.231,0.2313,0.2307,0.2307,309797.8
2026-06-02 00:10:00,0.2308,0.2309,0.2305,0.2305,143828.4
2026-06-02 00:15:00,0.2305,0.2308,0.2301,0.2301,209541.4
2026-06-02 00:20:00,0.2301,0.2302,0.2298,0.2299,154026.8
2026-06-02 00:25:00,0.2299,0.23,0.2298,0.23,228312.0
2026-06-02 00:30:00,0.2301,0.2304,0.2301,0.2303,58192.9
2026-06-02 00:35:00,0.2304,0.2306,0.2299,0.2299,63476.8
2026-06-02 00:40:00,0.2299,0.23,0.2295,0.2298,162878.3
2026-06-02 00:45:00,0.2298,0.2299,0.2296,0.2298,65755.3
2026-06-02 00:50:00,0.2298,0.2301,0.2297,0.23,312914.9
2026-06-02 00:55:00,0.23,0.23,0.2296,0.2297,263867.6
2026-06-02 01:00:00,0.2297,0.2299,0.2293,0.2293,212590.1
2026-06-02 01:05:00,0.2294,0.2298,0.2292,0.2292,262494.9
2026-06-02 01:10:00,0.2292,0.2296,0.2291,0.2296,219187.4
2026-06-02 01:15:00,0.2295,0.2297,0.2291,0.2293,105340.7
2026-06-02 01:20:00,0.2293,0.2297,0.2293,0.2295,290739.6
2026-06-02 01:25:00,0.2295,0.2295,0.2285,0.2286,393059.9
2026-06-02 01:30:00,0.2285,0.2287,0.228,0.2282,443411.3
2026-06-02 01:35:00,0.2281,0.2282,0.2272,0.2276,391007.1
2026-06-02 01:40:00,0.2275,0.2285,0.2275,0.2282,509877.2
2026-06-02 01:45:00,0.2282,0.2283,0.2277,0.228,263106.3
2026-06-02 01:50:00,0.2279,0.228,0.2274,0.2274,136951.0
2026-06-02 01:55:00,0.2274,0.2277,0.2272,0.2272,236837.9
2026-06-02 02:00:00,0.2272,0.2276,0.2267,0.2268,433968.6
2026-06-02 02:05:00,0.2269,0.2269,0.225,0.2251,1858240.0
2026-06-02 02:10:00,0.2251,0.2257,0.2247,0.2256,1446709.1
2026-06-02 02:15:00,0.2256,0.2258,0.2254,0.2257,577135.2
2026-06-02 02:20:00,0.2257,0.2274,0.2257,0.2272,1089357.8
2026-06-02 02:25:00,0.2272,0.2275,0.2269,0.2272,647569.0
2026-06-02 02:30:00,0.2272,0.2273,0.227,0.2272,334468.3
2026-06-02 02:35:00,0.2271,0.2276,0.2269,0.227,1153622.7
2026-06-02 02:40:00,0.227,0.227,0.2262,0.2262,183248.5
2026-06-02 02:45:00,0.2263,0.2271,0.2262,0.2268,276226.8
2026-06-02 02:50:00,0.2268,0.2271,0.2266,0.2269,566229.6
2026-06-02 02:55:00,0.227,0.228,0.227,0.228,304793.8
2026-06-02 03:00:00,0.2281,0.2281,0.2276,0.2279,360671.2
2026-06-02 03:05:00,0.228,0.2286,0.228,0.2282,979902.5
2026-06-02 03:10:00,0.2282,0.2284,0.2279,0.2281,90164.4
2026-06-02 03:15:00,0.2281,0.2286,0.2278,0.2278,366714.5
2026-06-02 03:20:00,0.2279,0.2279,0.2274,0.2275,136519.7
2026-06-02 03:25:00,0.2276,0.2278,0.2274,0.2277,159366.4
2026-06-02 03:30:00,0.2278,0.2278,0.2274,0.2276,213683.8
2026-06-02 03:35:00,0.2275,0.2277,0.2272,0.2276,314208.3
2026-06-02 03:40:00,0.2276,0.2278,0.2275,0.2278,117286.3
2026-06-02 03:45:00,0.2278,0.2279,0.2271,0.2272,727054.0
2026-06-02 03:50:00,0.2273,0.2282,0.2273,0.2281,130863.0
2026-06-02 03:55:00,0.228,0.2281,0.2277,0.228,313228.3
2026-06-02 04:00:00,0.228,0.2286,0.228,0.2281,569634.9
2026-06-02 04:05:00,0.2281,0.2281,0.2264,0.2264,364501.4
2026-06-02 04:10:00,0.2265,0.2266,0.2261,0.2264,399338.6
2026-06-02 04:15:00,0.2264,0.2269,0.2264,0.2268,119012.9
2026-06-02 04:20:00,0.2269,0.2271,0.2266,0.2268,355530.2
2026-06-02 04:25:00,0.2268,0.2277,0.2266,0.2275,237670.4
2026-06-02 04:30:00,0.2275,0.2276,0.227,0.2274,174621.2
2026-06-02 04:35:00,0.2274,0.2277,0.227,0.2273,316543.8
2026-06-02 04:40:00,0.2273,0.2274,0.2268,0.2271,298612.5
2026-06-02 04:45:00,0.227,0.227,0.2263,0.2264,348341.7
2026-06-02 04:50:00,0.2264,0.2265,0.2262,0.2263,191272.2
2026-06-02 04:55:00,0.2263,0.2263,0.2257,0.226,406775.6
2026-06-02 05:00:00,0.2259,0.226,0.2251,0.2252,312120.2
2026-06-02 05:05:00,0.2251,0.2259,0.2251,0.2258,228959.6
2026-06-02 05:10:00,0.2258,0.2266,0.2257,0.2266,272114.9
2026-06-02 05:15:00,0.2265,0.2265,0.226,0.226,938584.0
2026-06-02 05:20:00,0.226,0.2261,0.2258,0.2258,126827.7
2026-06-02 05:25:00,0.2257,0.2257,0.225,0.2251,424539.4
2026-06-02 05:30:00,0.2251,0.2256,0.2249,0.2253,308218.8
2026-06-02 05:35:00,0.2253,0.2254,0.2238,0.2244,1282824.8
2026-06-02 05:40:00,0.2244,0.2248,0.2237,0.2248,1219290.4
2026-06-02 05:45:00,0.2247,0.2252,0.2243,0.225,1254479.8
2026-06-02 05:50:00,0.225,0.2251,0.2244,0.2247,346385.5
2026-06-02 05:55:00,0.2247,0.2248,0.2243,0.2246,580787.5
2026-06-02 06:00:00,0.2245,0.2248,0.2243,0.2246,477438.4
2026-06-02 06:05:00,0.2246,0.2248,0.2239,0.2243,1076836.7
2026-06-02 06:10:00,0.2243,0.2245,0.2233,0.2238,757546.5
2026-06-02 06:15:00,0.2238,0.2239,0.223,0.2234,2139376.5
2026-06-02 06:20:00,0.2234,0.2243,0.2232,0.2239,1138028.3
2026-06-02 06:25:00,0.224,0.2246,0.2239,0.2244,353411.4
2026-06-02 06:30:00,0.2245,0.2247,0.2244,0.2246,270141.4
2026-06-02 06:35:00,0.2246,0.2247,0.2244,0.2245,538339.7
2026-06-02 06:40:00,0.2244,0.2245,0.2241,0.2242,228010.4
2026-06-02 06:45:00,0.2242,0.2244,0.2232,0.2237,1157843.5
2026-06-02 06:50:00,0.2237,0.2242,0.2236,0.2239,609007.1
2026-06-02 06:55:00,0.2238,0.2239,0.2234,0.2239,460636.1
2026-06-02 07:00:00,0.2239,0.2241,0.2227,0.2232,1305877.8
2026-06-02 07:05:00,0.2232,0.224,0.2231,0.2237,489069.7
2026-06-02 07:10:00,0.2238,0.2243,0.2237,0.2243,765940.5
2026-06-02 07:15:00,0.2243,0.225,0.2243,0.2244,424217.8
2026-06-02 07:20:00,0.2245,0.2245,0.2239,0.224,110099.3
2026-06-02 07:25:00,0.2239,0.2239,0.2232,0.2236,293301.4
2026-06-02 07:30:00,0.2236,0.2244,0.2235,0.2242,283725.4
2026-06-02 07:35:00,0.2241,0.2247,0.224,0.2244,245447.6
2026-06-02 07:40:00,0.2245,0.2246,0.224,0.2242,473761.1
2026-06-02 07:45:00,0.2242,0.2244,0.2239,0.2242,434259.3
2026-06-02 07:50:00,0.2243,0.2245,0.2242,0.2243,219602.6
2026-06-02 07:55:00,0.2243,0.2245,0.224,0.224,232512.9
2026-06-02 08:00:00,0.224,0.2241,0.2237,0.2238,494142.2
2026-06-02 08:05:00,0.2237,0.2242,0.2237,0.224,284896.5
2026-06-02 08:10:00,0.2239,0.2243,0.2239,0.2243,122888.7
2026-06-02 08:15:00,0.2243,0.2246,0.224,0.224,403623.6
2026-06-02 08:20:00,0.2241,0.2242,0.2237,0.2238,340350.7
2026-06-02 08:25:00,0.2238,0.2244,0.2236,0.2241,237007.6
2026-06-02 08:30:00,0.2241,0.2243,0.2241,0.2241,49603.3
2026-06-02 08:35:00,0.2242,0.2243,0.224,0.2242,478598.1
2026-06-02 08:40:00,0.2242,0.2243,0.224,0.224,100011.5
2026-06-02 08:45:00,0.2241,0.2244,0.2237,0.2238,380607.7
2026-06-02 08:50:00,0.2238,0.2241,0.2237,0.2239,106947.6
2026-06-02 08:55:00,0.2239,0.2242,0.2238,0.224,68191.7
2026-06-02 09:00:00,0.224,0.2241,0.2234,0.2239,526779.1
2026-06-02 09:05:00,0.2239,0.2241,0.2235,0.2237,199874.6
2026-06-02 09:10:00,0.2237,0.2238,0.2232,0.2233,498075.3
2026-06-02 09:15:00,0.2233,0.2237,0.223,0.2237,469079.3
2026-06-02 09:20:00,0.2236,0.2236,0.2228,0.2232,742065.9
2026-06-02 09:25:00,0.2232,0.2232,0.2224,0.223,839043.8
2026-06-02 09:30:00,0.223,0.2236,0.2228,0.2236,300796.4
2026-06-02 09:35:00,0.2235,0.2236,0.2232,0.2233,200501.2
2026-06-02 09:40:00,0.2233,0.2235,0.2231,0.2234,373216.2
2026-06-02 09:45:00,0.2234,0.2239,0.2231,0.2235,304739.6
2026-06-02 09:50:00,0.2235,0.2235,0.2231,0.2233,311102.5
2026-06-02 09:55:00,0.2233,0.2235,0.2232,0.2233,129645.6
2026-06-02 10:00:00,0.2234,0.2234,0.2227,0.2231,435612.0
2026-06-02 10:05:00,0.2232,0.2238,0.223,0.2238,229865.1
2026-06-02 10:10:00,0.2238,0.2244,0.2238,0.2242,231380.3
2026-06-02 10:15:00,0.2241,0.2243,0.2241,0.2243,143724.8
2026-06-02 10:20:00,0.2243,0.2243,0.2237,0.2238,217242.4
2026-06-02 10:25:00,0.2239,0.2242,0.2237,0.2241,116856.3
2026-06-02 10:30:00,0.2242,0.2243,0.2236,0.2237,127169.5
2026-06-02 10:35:00,0.2238,0.224,0.2237,0.2238,60972.6
2026-06-02 10:40:00,0.2239,0.224,0.2238,0.2238,129112.6
2026-06-02 10:45:00,0.2239,0.2241,0.2238,0.224,114127.7
2026-06-02 10:50:00,0.224,0.2247,0.2238,0.2244,548654.7
2026-06-02 10:55:00,0.2243,0.2245,0.2242,0.2245,60008.9
2026-06-02 11:00:00,0.2244,0.2244,0.2241,0.2243,93712.7
2026-06-02 11:05:00,0.2243,0.2244,0.2242,0.2243,85694.1
2026-06-02 11:10:00,0.2244,0.2244,0.2237,0.224,292703.6
2026-06-02 11:15:00,0.224,0.224,0.2234,0.2235,174033.8
2026-06-02 11:20:00,0.2235,0.2236,0.2233,0.2236,92499.1
2026-06-02 11:25:00,0.2236,0.2236,0.2233,0.2234,232394.5
2026-06-02 11:30:00,0.2234,0.2235,0.223,0.2233,659521.5
2026-06-02 11:35:00,0.2234,0.2236,0.223,0.2233,477861.8
2026-06-02 11:40:00,0.2233,0.2235,0.2231,0.2232,102054.2
2026-06-02 11:45:00,0.2232,0.2235,0.2231,0.2233,129241.7
2026-06-02 11:50:00,0.2233,0.2235,0.2232,0.2235,268642.0
2026-06-02 11:55:00,0.2235,0.2235,0.2231,0.2232,229878.2
2026-06-02 12:00:00,0.2231,0.2232,0.2227,0.2231,760422.6
2026-06-02 12:05:00,0.223,0.223,0.2223,0.2228,608898.8
2026-06-02 12:10:00,0.2228,0.223,0.2227,0.2229,714015.3
2026-06-02 12:15:00,0.2229,0.2229,0.2218,0.2221,1591540.9
2026-06-02 12:20:00,0.2222,0.2229,0.2221,0.2227,466428.6
2026-06-02 12:25:00,0.2226,0.2228,0.2223,0.2225,224611.7
2026-06-02 12:30:00,0.2226,0.2226,0.2219,0.2222,201147.6
2026-06-02 12:35:00,0.2222,0.2223,0.222,0.2222,344783.5
2026-06-02 12:40:00,0.2221,0.2234,0.2221,0.2234,593077.4
2026-06-02 12:45:00,0.2234,0.2235,0.2232,0.2232,331840.5
2026-06-02 12:50:00,0.2232,0.2233,0.2228,0.2231,278551.4
2026-06-02 12:55:00,0.2231,0.2235,0.223,0.2233,463471.3
2026-06-02 13:00:00,0.2232,0.2235,0.2227,0.2234,697164.2
2026-06-02 13:05:00,0.2234,0.2236,0.223,0.2232,369769.4
2026-06-02 13:10:00,0.2232,0.2233,0.2227,0.2228,217268.4
2026-06-02 13:15:00,0.2227,0.2235,0.2227,0.2232,629567.5
2026-06-02 13:20:00,0.2233,0.2236,0.2232,0.2235,169192.8
2026-06-02 13:25:00,0.2235,0.2237,0.2232,0.2235,298461.1
2026-06-02 13:30:00,0.2236,0.2239,0.2233,0.2235,521182.8
2026-06-02 13:35:00,0.2235,0.2236,0.2229,0.2232,535284.3
2026-06-02 13:40:00,0.2232,0.2237,0.2229,0.2233,328677.3
2026-06-02 13:45:00,0.2234,0.2235,0.2228,0.2232,482290.9
2026-06-02 13:50:00,0.2231,0.2233,0.2226,0.2228,515325.8
2026-06-02 13:55:00,0.2228,0.223,0.2225,0.223,426404.9
2026-06-02 14:00:00,0.223,0.223,0.2223,0.2224,532365.0
2026-06-02 14:05:00,0.2224,0.223,0.2214,0.2215,1564409.0
2026-06-02 14:10:00,0.2215,0.2228,0.221,0.2225,1741807.4
2026-06-02 14:15:00,0.2225,0.2225,0.2214,0.2216,600309.1
2026-06-02 14:20:00,0.2215,0.2219,0.2193,0.2199,14122421.9
2026-06-02 14:25:00,0.2199,0.2213,0.2165,0.2184,13619552.2
2026-06-02 14:30:00,0.2184,0.22,0.2182,0.2196,3041474.2
2026-06-02 14:35:00,0.2196,0.2207,0.2196,0.2197,1722676.2
2026-06-02 14:40:00,0.2198,0.2198,0.2186,0.2191,1164278.0
2026-06-02 14:45:00,0.2191,0.2205,0.219,0.2203,904652.8
2026-06-02 14:50:00,0.2203,0.2207,0.2197,0.2198,859356.2
2026-06-02 14:55:00,0.2199,0.2201,0.2192,0.2195,629770.2
2026-06-02 15:00:00,0.2194,0.2197,0.218,0.2186,2092483.8
2026-06-02 15:05:00,0.2186,0.2194,0.2186,0.2192,808997.8
2026-06-02 15:10:00,0.2191,0.2193,0.2184,0.2186,926545.8
2026-06-02 15:15:00,0.2186,0.2186,0.2172,0.2178,2148195.4
2026-06-02 15:20:00,0.2178,0.2182,0.2163,0.2179,2587852.6
2026-06-02 15:25:00,0.2179,0.218,0.2158,0.2164,3220905.4
2026-06-02 15:30:00,0.2163,0.2169,0.2138,0.2154,7510910.4
2026-06-02 15:35:00,0.2153,0.216,0.2139,0.2155,3569015.7
2026-06-02 15:40:00,0.2155,0.216,0.2154,0.2155,1162608.2
2026-06-02 15:45:00,0.2156,0.2165,0.215,0.2152,1326380.5
2026-06-02 15:50:00,0.2151,0.2152,0.2142,0.2147,1095190.4
2026-06-02 15:55:00,0.2146,0.2155,0.2144,0.2154,926188.1
2026-06-02 16:00:00,0.2153,0.216,0.2148,0.216,970850.2
2026-06-02 16:05:00,0.216,0.2167,0.2157,0.2167,1691671.9
2026-06-02 16:10:00,0.2166,0.2184,0.2164,0.2183,2133637.1
2026-06-02 16:15:00,0.2183,0.2191,0.218,0.2186,1658748.1
2026-06-02 16:20:00,0.2187,0.2188,0.2178,0.2185,561371.2
2026-06-02 16:25:00,0.2185,0.219,0.2182,0.2189,696809.1
2026-06-02 16:30:00,0.2189,0.219,0.2185,0.219,881832.3
2026-06-02 16:35:00,0.2189,0.219,0.2182,0.2186,730100.2
2026-06-02 16:40:00,0.2186,0.2191,0.2183,0.2184,292020.6
2026-06-02 16:45:00,0.2185,0.2192,0.2185,0.219,222076.1
2026-06-02 16:50:00,0.2189,0.2191,0.2179,0.2183,1577208.7
2026-06-02 16:55:00,0.2183,0.2187,0.2178,0.2184,7147980.3
2026-06-02 17:00:00,0.2184,0.2191,0.2174,0.2177,13665809.0
2026-06-02 17:05:00,0.2177,0.2183,0.2174,0.2174,1603129.4
2026-06-02 17:10:00,0.2175,0.2179,0.2173,0.2179,674584.3
2026-06-02 17:15:00,0.2178,0.2179,0.2174,0.2178,795333.4
2026-06-02 17:20:00,0.2178,0.2185,0.2178,0.2184,565331.0
2026-06-02 17:25:00,0.2185,0.2187,0.2183,0.2186,468861.9
2026-06-02 17:30:00,0.2185,0.2188,0.218,0.2182,559740.2
2026-06-02 17:35:00,0.2183,0.2191,0.2182,0.2189,333454.3
2026-06-02 17:40:00,0.2189,0.2189,0.2183,0.2185,280107.7
2026-06-02 17:45:00,0.2185,0.2188,0.2184,0.2188,367075.9
2026-06-02 17:50:00,0.2188,0.2191,0.2185,0.2189,166536.5
2026-06-02 17:55:00,0.2188,0.219,0.2187,0.2187,511028.8
2026-06-02 18:00:00,0.2187,0.2193,0.2182,0.2185,386317.5
2026-06-02 18:05:00,0.2186,0.2189,0.2183,0.2185,415275.4
2026-06-02 18:10:00,0.2186,0.2189,0.2183,0.2183,325201.6
2026-06-02 18:15:00,0.2184,0.2185,0.2174,0.2176,532840.0
2026-06-02 18:20:00,0.2176,0.2177,0.2168,0.2169,526888.4
2026-06-02 18:25:00,0.217,0.2172,0.2163,0.2165,1043016.4
2026-06-02 18:30:00,0.2165,0.217,0.2164,0.2167,1056767.1
2026-06-02 18:35:00,0.2166,0.217,0.2163,0.2165,959323.2
2026-06-02 18:40:00,0.2164,0.2167,0.2162,0.2167,519175.6
2026-06-02 18:45:00,0.2167,0.2167,0.2162,0.2166,419704.5
2026-06-02 18:50:00,0.2165,0.2166,0.2155,0.2156,517177.0
2026-06-02 18:55:00,0.2157,0.2166,0.2157,0.2164,654586.3
2026-06-02 19:00:00,0.2163,0.2167,0.2157,0.2159,416106.5
2026-06-02 19:05:00,0.2159,0.2164,0.2157,0.2161,414866.1
2026-06-02 19:10:00,0.2162,0.2164,0.216,0.2161,276182.8
2026-06-02 19:15:00,0.2161,0.2162,0.215,0.2155,300920.5
2026-06-02 19:20:00,0.2154,0.2158,0.2149,0.215,665915.5
2026-06-02 19:25:00,0.215,0.2152,0.2145,0.2149,1438406.5
2026-06-02 19:30:00,0.2149,0.2151,0.2119,0.2132,5786811.4
2026-06-02 19:35:00,0.2132,0.2145,0.2132,0.2141,1790914.2
2026-06-02 19:40:00,0.2141,0.2148,0.2135,0.2147,407824.9
2026-06-02 19:45:00,0.2147,0.2164,0.2146,0.2163,657827.2
2026-06-02 19:50:00,0.2162,0.2169,0.216,0.216,2177888.7
2026-06-02 19:55:00,0.216,0.2162,0.2157,0.2157,1357410.6
2026-06-02 20:00:00,0.2157,0.2165,0.2155,0.2165,358542.0
2026-06-02 20:05:00,0.2165,0.2172,0.2164,0.2168,400325.7
2026-06-02 20:10:00,0.2167,0.2169,0.2162,0.2162,367662.6
2026-06-02 20:15:00,0.2163,0.2163,0.2149,0.215,707700.3
2026-06-02 20:20:00,0.215,0.2151,0.2141,0.2146,702941.5
2026-06-02 20:25:00,0.2146,0.2148,0.214,0.2142,501026.1
2026-06-02 20:30:00,0.2142,0.2156,0.2141,0.2149,926698.8
2026-06-02 20:35:00,0.2149,0.2158,0.2149,0.2156,251611.6
2026-06-02 20:40:00,0.2156,0.2156,0.2152,0.2154,176578.1
2026-06-02 20:45:00,0.2154,0.2162,0.2154,0.216,288779.7
2026-06-02 20:50:00,0.2159,0.2165,0.2159,0.2162,397945.2
2026-06-02 20:55:00,0.2162,0.217,0.2161,0.2164,1700476.6
2026-06-02 21:00:00,0.2164,0.2169,0.2162,0.2162,536936.1
2026-06-02 21:05:00,0.2163,0.2171,0.2163,0.2167,1050382.5
2026-06-02 21:10:00,0.2167,0.2167,0.2156,0.216,456894.3
2026-06-02 21:15:00,0.2161,0.2168,0.2161,0.2167,320236.2
2026-06-02 21:20:00,0.2168,0.2173,0.2168,0.2171,169675.6
2026-06-02 21:25:00,0.2171,0.2177,0.2171,0.2174,327973.3
2026-06-02 21:30:00,0.2174,0.2183,0.2174,0.2182,457439.5
2026-06-02 21:35:00,0.2182,0.2184,0.2172,0.2172,537997.2
2026-06-02 21:40:00,0.2173,0.2175,0.2171,0.2174,697901.6
2026-06-02 21:45:00,0.2174,0.2176,0.217,0.2171,108342.7
2026-06-02 21:50:00,0.217,0.2171,0.2167,0.2167,143276.6
2026-06-02 21:55:00,0.2167,0.217,0.2166,0.2168,373616.3
2026-06-02 22:00:00,0.2168,0.2168,0.2152,0.2154,550356.6
2026-06-02 22:05:00,0.2154,0.2159,0.2152,0.2153,736388.2
2026-06-02 22:10:00,0.2154,0.2156,0.215,0.2153,686012.4
2026-06-02 22:15:00,0.2154,0.2155,0.2139,0.2143,2258884.5
2026-06-02 22:20:00,0.2143,0.216,0.2143,0.2158,799934.1
2026-06-02 22:25:00,0.2158,0.2164,0.2157,0.2159,433662.0
2026-06-02 22:30:00,0.2159,0.216,0.2153,0.2153,355955.8
2026-06-02 22:35:00,0.2153,0.2159,0.2151,0.2152,553937.2
2026-06-02 22:40:00,0.2153,0.2154,0.2149,0.2152,423285.6
2026-06-02 22:45:00,0.2151,0.2151,0.2135,0.214,1115360.3
2026-06-02 22:50:00,0.214,0.2141,0.2111,0.2125,3172257.7
2026-06-02 22:55:00,0.2125,0.2134,0.2118,0.2123,975143.4
2026-06-02 23:00:00,0.2124,0.2127,0.2117,0.2126,2652956.5
2026-06-02 23:05:00,0.2127,0.2134,0.2122,0.2126,1155194.9
2026-06-02 23:10:00,0.2126,0.2133,0.2126,0.213,407747.7
2026-06-02 23:15:00,0.213,0.2134,0.2119,0.212,779187.8
2026-06-02 23:20:00,0.2119,0.2126,0.211,0.2113,1477786.3
2026-06-02 23:25:00,0.2113,0.2116,0.2094,0.2106,4778335.0
2026-06-02 23:30:00,0.2106,0.2122,0.21,0.2118,1269472.1
2026-06-02 23:35:00,0.2118,0.2121,0.211,0.2115,591830.6
2026-06-02 23:40:00,0.2115,0.2126,0.211,0.2124,662172.9
2026-06-02 23:45:00,0.2124,0.2127,0.2121,0.2127,497955.0
2026-06-02 23:50:00,0.2126,0.2128,0.2122,0.2128,463107.5
2026-06-02 23:55:00,0.2128,0.2131,0.2127,0.213,528933.0
2026-06-03 00:00:00,0.213,0.2134,0.2128,0.2131,656600.5
2026-06-03 00:05:00,0.2131,0.2135,0.2125,0.2135,771172.0
2026-06-03 00:10:00,0.2135,0.2138,0.2131,0.2133,1197744.3
2026-06-03 00:15:00,0.2133,0.2142,0.2133,0.2141,777252.5
2026-06-03 00:20:00,0.2141,0.2141,0.2132,0.2135,419065.9
2026-06-03 00:25:00,0.2135,0.2138,0.2133,0.2134,325265.3
2026-06-03 00:30:00,0.2134,0.2143,0.213,0.2141,634361.7
2026-06-03 00:35:00,0.2142,0.2143,0.2139,0.214,357099.0
2026-06-03 00:40:00,0.214,0.2143,0.2139,0.2143,207954.0
2026-06-03 00:45:00,0.2142,0.2144,0.2139,0.2141,176791.4
2026-06-03 00:50:00,0.214,0.2142,0.2137,0.2138,73185.6
2026-06-03 00:55:00,0.2139,0.214,0.2136,0.2137,265335.8
2026-06-03 01:00:00,0.2136,0.2138,0.213,0.2138,358477.8
2026-06-03 01:05:00,0.2138,0.2138,0.2135,0.2135,179984.9
2026-06-03 01:10:00,0.2135,0.2138,0.2133,0.2137,211487.0
2026-06-03 01:15:00,0.2137,0.2143,0.2137,0.2139,164912.4
2026-06-03 01:20:00,0.2138,0.2143,0.2138,0.2142,192138.8
2026-06-03 01:25:00,0.2141,0.2146,0.2141,0.2144,365149.2
2026-06-03 01:30:00,0.2144,0.2146,0.2138,0.214,291587.0
2026-06-03 01:35:00,0.214,0.2141,0.2131,0.2131,327650.8
2026-06-03 01:40:00,0.213,0.213,0.2123,0.2126,679241.2
2026-06-03 01:45:00,0.2126,0.213,0.2122,0.213,656695.2
2026-06-03 01:50:00,0.213,0.214,0.2127,0.214,1025379.8
2026-06-03 01:55:00,0.2139,0.214,0.2137,0.2139,403146.9
2026-06-03 02:00:00,0.2139,0.2139,0.2131,0.2138,257042.4
2026-06-03 02:05:00,0.2138,0.2138,0.2133,0.2136,291345.5
2026-06-03 02:10:00,0.2137,0.2138,0.2132,0.2132,205738.1
2026-06-03 02:15:00,0.2132,0.2134,0.2127,0.2131,843018.5
2026-06-03 02:20:00,0.2132,0.2132,0.2121,0.2123,564323.6
2026-06-03 02:25:00,0.2123,0.2127,0.2122,0.2123,605229.5
2026-06-03 02:30:00,0.2122,0.2125,0.2117,0.212,408858.6
2026-06-03 02:35:00,0.2119,0.2123,0.2118,0.2121,477891.6
2026-06-03 02:40:00,0.2122,0.2124,0.2119,0.212,396616.6
2026-06-03 02:45:00,0.2119,0.2122,0.2115,0.212,259929.8
2026-06-03 02:50:00,0.212,0.2124,0.212,0.2122,177650.1
2026-06-03 02:55:00,0.2122,0.2124,0.2119,0.2124,340790.3
2026-06-03 03:00:00,0.2124,0.2127,0.2123,0.2126,437894.1
2026-06-03 03:05:00,0.2126,0.2127,0.2118,0.212,875552.1
2026-06-03 03:10:00,0.212,0.2123,0.2118,0.2121,585182.8
2026-06-03 03:15:00,0.2122,0.2124,0.2112,0.2114,891719.2
2026-06-03 03:20:00,0.2114,0.212,0.2111,0.2118,365007.5
2026-06-03 03:25:00,0.2117,0.2118,0.2108,0.2111,1012394.4
2026-06-03 03:30:00,0.2111,0.2114,0.2103,0.2106,936136.0
2026-06-03 03:35:00,0.2106,0.2106,0.209,0.2092,1426071.8
2026-06-03 03:40:00,0.2091,0.2096,0.2081,0.2081,1702475.9
2026-06-03 03:45:00,0.2081,0.2093,0.2077,0.2079,2153091.6
2026-06-03 03:50:00,0.208,0.2094,0.2074,0.2093,1570501.0
2026-06-03 03:55:00,0.2094,0.2094,0.2086,0.2088,263879.9
2026-06-03 04:00:00,0.2088,0.211,0.2088,0.211,846019.8
2026-06-03 04:05:00,0.2109,0.2113,0.2103,0.2106,463606.9
2026-06-03 04:10:00,0.2105,0.2108,0.2102,0.2103,448019.0
2026-06-03 04:15:00,0.2103,0.2109,0.2102,0.2103,240836.1
2026-06-03 04:20:00,0.2103,0.2107,0.2103,0.2106,318358.7
2026-06-03 04:25:00,0.2106,0.2112,0.2105,0.2109,489753.9
2026-06-03 04:30:00,0.2109,0.211,0.2101,0.2108,622477.8
2026-06-03 04:35:00,0.2108,0.2111,0.2104,0.2109,958216.0
2026-06-03 04:40:00,0.211,0.2119,0.2109,0.2117,277458.5
2026-06-03 04:45:00,0.2117,0.2123,0.2117,0.2121,315330.8
2026-06-03 04:50:00,0.2122,0.2122,0.2109,0.2114,1320565.0
2026-06-03 04:55:00,0.2114,0.2122,0.2114,0.2119,672790.8
2026-06-03 05:00:00,0.212,0.2144,0.212,0.2142,1812484.0
2026-06-03 05:05:00,0.2142,0.2152,0.2139,0.2148,1655754.9
2026-06-03 05:10:00,0.2148,0.2153,0.2146,0.2149,1683237.3
2026-06-03 05:15:00,0.215,0.2153,0.2145,0.2149,721192.1
2026-06-03 05:20:00,0.2149,0.215,0.2143,0.2145,405085.4
2026-06-03 05:25:00,0.2144,0.2148,0.2142,0.2148,225539.3
2026-06-03 05:30:00,0.2148,0.2148,0.2137,0.2146,214809.2
2026-06-03 05:35:00,0.2146,0.2148,0.2142,0.2147,515146.4
2026-06-03 05:40:00,0.2147,0.215,0.2145,0.2147,351262.8
2026-06-03 05:45:00,0.2147,0.2147,0.2145,0.2147,53160.9
2026-06-03 05:50:00,0.2146,0.2153,0.2146,0.215,1192670.6
2026-06-03 05:55:00,0.215,0.2154,0.2149,0.215,1036312.4
2026-06-03 06:00:00,0.2151,0.2154,0.215,0.2152,799535.6
2026-06-03 06:05:00,0.2151,0.2152,0.2148,0.215,515821.3
2026-06-03 06:10:00,0.2149,0.2151,0.2147,0.215,254477.3
2026-06-03 06:15:00,0.2149,0.2153,0.2149,0.215,419244.6
2026-06-03 06:20:00,0.2151,0.2156,0.215,0.2154,1137456.1
2026-06-03 06:25:00,0.2154,0.2158,0.2153,0.2157,735061.1
2026-06-03 06:30:00,0.2156,0.2165,0.2155,0.2165,582473.7
2026-06-03 06:35:00,0.2165,0.2167,0.216,0.2167,425784.2
2026-06-03 06:40:00,0.2166,0.2169,0.2163,0.2164,467555.4
2026-06-03 06:45:00,0.2165,0.2165,0.2161,0.2162,772115.1
2026-06-03 06:50:00,0.2161,0.2162,0.2158,0.2158,478406.9
2026-06-03 06:55:00,0.2158,0.2159,0.2154,0.2154,136407.6
2026-06-03 07:00:00,0.2155,0.2158,0.2151,0.2158,338130.7
2026-06-03 07:05:00,0.2158,0.2166,0.2158,0.2164,1321304.9
2026-06-03 07:10:00,0.2163,0.2168,0.2163,0.2167,420319.5
2026-06-03 07:15:00,0.2166,0.2182,0.2165,0.218,1845828.5
2026-06-03 07:20:00,0.2179,0.218,0.2175,0.2178,301431.1
2026-06-03 07:25:00,0.2177,0.2178,0.2175,0.2177,275462.6
2026-06-03 07:30:00,0.2177,0.2178,0.2176,0.2178,350705.2
2026-06-03 07:35:00,0.2178,0.2181,0.2176,0.2177,525208.1
2026-06-03 07:40:00,0.2177,0.2177,0.2172,0.2175,207864.9
2026-06-03 07:45:00,0.2175,0.2177,0.2174,0.2177,201550.9
2026-06-03 07:50:00,0.2176,0.2176,0.2174,0.2175,77136.4
2026-06-03 07:55:00,0.2174,0.2175,0.217,0.2171,318402.8
2026-06-03 08:00:00,0.2172,0.2173,0.2168,0.2171,372333.6
2026-06-03 08:05:00,0.217,0.2171,0.2165,0.2166,249739.4
2026-06-03 08:10:00,0.2166,0.2168,0.2163,0.2164,243247.3
2026-06-03 08:15:00,0.2163,0.2167,0.2162,0.2165,539145.7
2026-06-03 08:20:00,0.2165,0.2165,0.216,0.2161,242295.7
2026-06-03 08:25:00,0.216,0.2169,0.216,0.2168,426026.6
2026-06-03 08:30:00,0.2168,0.2175,0.2168,0.217,265077.7
2026-06-03 08:35:00,0.217,0.2172,0.2166,0.2166,160227.2
2026-06-03 08:40:00,0.2165,0.2171,0.2165,0.2168,2101589.9
2026-06-03 08:45:00,0.2168,0.2169,0.2165,0.2168,219664.3
2026-06-03 08:50:00,0.2169,0.217,0.2164,0.2167,612090.4
2026-06-03 08:55:00,0.2167,0.2169,0.2166,0.2167,147477.9
2026-06-03 09:00:00,0.2166,0.2167,0.2159,0.2162,561112.2
2026-06-03 09:05:00,0.2163,0.2164,0.2159,0.2164,356573.5
2026-06-03 09:10:00,0.2163,0.2164,0.216,0.216,128614.7
2026-06-03 09:15:00,0.216,0.216,0.2154,0.2154,498496.0
2026-06-03 09:20:00,0.2155,0.2158,0.2155,0.2157,168503.1
2026-06-03 09:25:00,0.2157,0.216,0.2156,0.2159,441869.5
2026-06-03 09:30:00,0.2158,0.2165,0.2157,0.2164,603271.2
2026-06-03 09:35:00,0.2165,0.2166,0.2162,0.2164,327021.8
2026-06-03 09:40:00,0.2164,0.2165,0.2162,0.2162,371451.8
2026-06-03 09:45:00,0.2163,0.2165,0.2158,0.2164,2344365.6
2026-06-03 09:50:00,0.2164,0.2174,0.2164,0.217,2122602.2
2026-06-03 09:55:00,0.217,0.2172,0.2165,0.2165,299912.8
2026-06-03 10:00:00,0.2164,0.2169,0.2164,0.2167,1440127.4
2026-06-03 10:05:00,0.2166,0.2182,0.2166,0.2182,1808020.5
2026-06-03 10:10:00,0.2182,0.2184,0.2176,0.2179,530348.3
2026-06-03 10:15:00,0.2178,0.2181,0.2174,0.2176,1174143.9
2026-06-03 10:20:00,0.2175,0.2177,0.2174,0.2176,619725.8
2026-06-03 10:25:00,0.2175,0.2178,0.2175,0.2177,395856.9
2026-06-03 10:30:00,0.2178,0.2179,0.2174,0.2177,948087.2
2026-06-03 10:35:00,0.2177,0.218,0.2173,0.2178,673491.1
2026-06-03 10:40:00,0.2177,0.2177,0.2173,0.2174,489961.1
2026-06-03 10:45:00,0.2174,0.2175,0.2172,0.2175,659293.6
2026-06-03 10:50:00,0.2175,0.2176,0.2171,0.2174,617934.3
2026-06-03 10:55:00,0.2173,0.2178,0.2172,0.2176,693336.1
2026-06-03 11:00:00,0.2177,0.2182,0.2177,0.2179,698225.8
2026-06-03 11:05:00,0.2179,0.218,0.2177,0.2177,217347.2
2026-06-03 11:10:00,0.2178,0.2183,0.2177,0.2182,441414.9
2026-06-03 11:15:00,0.2182,0.2183,0.2179,0.2182,557219.1
2026-06-03 11:20:00,0.2183,0.2183,0.218,0.2183,459845.9
2026-06-03 11:25:00,0.2183,0.2184,0.2179,0.2183,398817.9
2026-06-03 11:30:00,0.2182,0.2182,0.2173,0.2173,289631.0
2026-06-03 11:35:00,0.2174,0.2174,0.2171,0.2171,397841.7
2026-06-03 11:40:00,0.2171,0.2174,0.2169,0.217,122754.8
2026-06-03 11:45:00,0.217,0.217,0.216,0.2161,736774.4
2026-06-03 11:50:00,0.2161,0.2163,0.2157,0.2162,1232523.3
2026-06-03 11:55:00,0.2163,0.2165,0.2161,0.2162,695654.9
2026-06-03 12:00:00,0.2161,0.2162,0.2154,0.2161,962320.8
2026-06-03 12:05:00,0.2161,0.2165,0.216,0.2164,643279.4
2026-06-03 12:10:00,0.2165,0.2165,0.2156,0.216,1131665.4
2026-06-03 12:15:00,0.2159,0.2159,0.215,0.2153,830587.2
2026-06-03 12:20:00,0.2153,0.2158,0.2151,0.2156,891352.2
2026-06-03 12:25:00,0.2156,0.2162,0.2155,0.2158,941466.5
2026-06-03 12:30:00,0.2158,0.2165,0.2157,0.2161,975616.0
2026-06-03 12:35:00,0.216,0.2162,0.2154,0.2156,1312784.8
2026-06-03 12:40:00,0.2155,0.2157,0.2153,0.2156,390626.3
2026-06-03 12:45:00,0.2155,0.2157,0.2153,0.2156,723218.0
2026-06-03 12:50:00,0.2156,0.2159,0.2155,0.2156,994325.5
2026-06-03 12:55:00,0.2157,0.2157,0.2154,0.2157,467689.8
2026-06-03 13:00:00,0.2157,0.2162,0.2154,0.2154,796134.3
2026-06-03 13:05:00,0.2154,0.2155,0.215,0.2153,993242.1
2026-06-03 13:10:00,0.2153,0.216,0.2153,0.2157,655260.7
2026-06-03 13:15:00,0.2157,0.2165,0.2156,0.2164,216344.7
2026-06-03 13:20:00,0.2163,0.2165,0.2155,0.2158,1073100.5
2026-06-03 13:25:00,0.2157,0.2157,0.215,0.2151,673720.7
2026-06-03 13:30:00,0.2151,0.2162,0.2151,0.2159,1646334.1
2026-06-03 13:35:00,0.2159,0.2159,0.2151,0.2157,719523.0
2026-06-03 13:40:00,0.2157,0.2159,0.2145,0.2147,732520.3
2026-06-03 13:45:00,0.2147,0.215,0.2144,0.215,1446809.9
2026-06-03 13:50:00,0.215,0.2158,0.2148,0.2154,870303.3
2026-06-03 13:55:00,0.2154,0.2156,0.215,0.2153,689075.1
2026-06-03 14:00:00,0.2152,0.2153,0.2147,0.215,1471972.9
2026-06-03 14:05:00,0.2151,0.2153,0.2148,0.2151,947522.9
2026-06-03 14:10:00,0.2151,0.2156,0.2151,0.2155,501869.1
2026-06-03 14:15:00,0.2156,0.2157,0.2138,0.2138,1557602.6
2026-06-03 14:20:00,0.2138,0.2144,0.2135,0.214,1300102.1
2026-06-03 14:25:00,0.2141,0.2142,0.2134,0.214,1294727.8
2026-06-03 14:30:00,0.2141,0.2143,0.2133,0.2136,1077628.1
2026-06-03 14:35:00,0.2136,0.2148,0.2136,0.2148,695218.8
2026-06-03 14:40:00,0.2148,0.2148,0.2139,0.214,748090.2
2026-06-03 14:45:00,0.214,0.2146,0.2139,0.2141,1193393.3
2026-06-03 14:50:00,0.2141,0.2143,0.2137,0.2143,745162.6
2026-06-03 14:55:00,0.2142,0.2145,0.214,0.214,1219868.8
2026-06-03 15:00:00,0.214,0.2147,0.2139,0.2144,730839.9
2026-06-03 15:05:00,0.2144,0.2144,0.2133,0.2138,882647.7
2026-06-03 15:10:00,0.2138,0.2141,0.2134,0.2137,315290.0
2026-06-03 15:15:00,0.2137,0.214,0.2134,0.2136,1179594.6
2026-06-03 15:20:00,0.2137,0.2139,0.2132,0.2139,642972.3
2026-06-03 15:25:00,0.2139,0.2142,0.2131,0.2139,2824544.9
2026-06-03 15:30:00,0.2139,0.2142,0.2123,0.2124,1118212.9
2026-06-03 15:35:00,0.2124,0.213,0.2121,0.2123,665088.9
2026-06-03 15:40:00,0.2123,0.2128,0.2121,0.2124,413994.1
2026-06-03 15:45:00,0.2124,0.2125,0.2116,0.2123,1172195.4
2026-06-03 15:50:00,0.2122,0.2124,0.2118,0.2119,279790.9
2026-06-03 15:55:00,0.2119,0.2123,0.2117,0.212,181835.2
2026-06-03 16:00:00,0.212,0.2122,0.2111,0.2118,1285449.5
2026-06-03 16:05:00,0.2118,0.2122,0.2104,0.2112,1059534.2
2026-06-03 16:10:00,0.2111,0.2115,0.2107,0.2111,464502.5
2026-06-03 16:15:00,0.211,0.2114,0.21,0.2103,2973471.7
2026-06-03 16:20:00,0.2103,0.2103,0.2078,0.2083,5363997.0
2026-06-03 16:25:00,0.2082,0.2093,0.2077,0.2088,2800755.4
2026-06-03 16:30:00,0.2088,0.2093,0.2086,0.2091,1589653.7
2026-06-03 16:35:00,0.209,0.2101,0.2088,0.2099,2673578.1
2026-06-03 16:40:00,0.2099,0.2099,0.2094,0.2095,1119761.3
2026-06-03 16:45:00,0.2094,0.2099,0.2091,0.2092,1318220.6
2026-06-03 16:50:00,0.2092,0.2095,0.2089,0.2093,1060400.1
2026-06-03 16:55:00,0.2092,0.2095,0.209,0.2095,894709.6
2026-06-03 17:00:00,0.2095,0.2099,0.2085,0.2085,514024.6
2026-06-03 17:05:00,0.2085,0.2085,0.2077,0.2081,1892292.6
2026-06-03 17:10:00,0.2081,0.2089,0.2081,0.2085,870509.0
2026-06-03 17:15:00,0.2086,0.2096,0.2086,0.2094,543754.2
2026-06-03 17:20:00,0.2094,0.2097,0.2091,0.2092,1305844.4
2026-06-03 17:25:00,0.2092,0.2097,0.2092,0.2097,413266.0
2026-06-03 17:30:00,0.2096,0.2109,0.2091,0.2108,1007847.4
2026-06-03 17:35:00,0.2108,0.2108,0.2102,0.2107,242034.9
2026-06-03 17:40:00,0.2107,0.2107,0.2101,0.2102,506450.9
2026-06-03 17:45:00,0.2102,0.2102,0.2096,0.2096,432082.4
2026-06-03 17:50:00,0.2097,0.2099,0.2091,0.2096,513817.2
2026-06-03 17:55:00,0.2096,0.21,0.2094,0.2099,240816.0
2026-06-03 18:00:00,0.2099,0.21,0.2094,0.2094,736206.4
2026-06-03 18:05:00,0.2095,0.2099,0.2095,0.2098,226490.6
2026-06-03 18:10:00,0.2097,0.2097,0.2087,0.2091,622372.7
2026-06-03 18:15:00,0.209,0.209,0.208,0.2081,473723.6
2026-06-03 18:20:00,0.208,0.2082,0.2071,0.2081,2597755.5
2026-06-03 18:25:00,0.208,0.2082,0.2078,0.2081,606896.5
2026-06-03 18:30:00,0.2082,0.2083,0.2077,0.2077,542633.5
2026-06-03 18:35:00,0.2078,0.2082,0.2073,0.2082,524015.7
2026-06-03 18:40:00,0.2082,0.2088,0.2081,0.2082,245570.1
2026-06-03 18:45:00,0.2082,0.2087,0.2082,0.2084,373950.0
2026-06-03 18:50:00,0.2084,0.2085,0.2082,0.2084,296896.1
2026-06-03 18:55:00,0.2083,0.2087,0.2082,0.2084,244233.4
2026-06-03 19:00:00,0.2084,0.2086,0.2083,0.2084,428667.0
2026-06-03 19:05:00,0.2084,0.2085,0.2079,0.2079,379656.6
2026-06-03 19:10:00,0.208,0.2084,0.2079,0.2081,647530.2
2026-06-03 19:15:00,0.2081,0.2082,0.2071,0.2074,1528318.3
2026-06-03 19:20:00,0.2074,0.2074,0.2064,0.2064,2068970.9
2026-06-03 19:25:00,0.2064,0.2066,0.2057,0.206,1276515.1
2026-06-03 19:30:00,0.206,0.2064,0.2055,0.2063,1362340.1
2026-06-03 19:35:00,0.2063,0.2071,0.2062,0.2068,261570.5
2026-06-03 19:40:00,0.2068,0.2072,0.2066,0.2067,281472.4
2026-06-03 19:45:00,0.2066,0.207,0.2065,0.2067,697137.6
2026-06-03 19:50:00,0.2066,0.2066,0.2049,0.2053,2887576.6
2026-06-03 19:55:00,0.2053,0.2054,0.2043,0.2048,2766523.4
2026-06-03 20:00:00,0.2048,0.2049,0.204,0.2045,1457006.7
2026-06-03 20:05:00,0.2045,0.2054,0.2045,0.2051,925063.3
2026-06-03 20:10:00,0.2052,0.2059,0.2052,0.2056,600821.5
2026-06-03 20:15:00,0.2056,0.2056,0.2028,0.2034,5540213.9
2026-06-03 20:20:00,0.2035,0.2043,0.2035,0.204,1784348.6
2026-06-03 20:25:00,0.2039,0.2045,0.2039,0.204,406927.1
2026-06-03 20:30:00,0.204,0.2044,0.2036,0.2039,1337272.9
2026-06-03 20:35:00,0.2039,0.2041,0.2032,0.2034,738773.0
2026-06-03 20:40:00,0.2035,0.2037,0.2025,0.2027,2215958.7
2026-06-03 20:45:00,0.2028,0.2031,0.2021,0.2025,1330623.4
2026-06-03 20:50:00,0.2025,0.2025,0.2018,0.2019,1770908.5
2026-06-03 20:55:00,0.2018,0.2023,0.2006,0.2023,6590482.6
2026-06-03 21:00:00,0.2022,0.2031,0.2018,0.2026,1650465.9
2026-06-03 21:05:00,0.2026,0.2037,0.2026,0.2035,977052.0
2026-06-03 21:10:00,0.2035,0.2035,0.2025,0.2027,997174.5
2026-06-03 21:15:00,0.2026,0.203,0.2026,0.2028,338828.8
2026-06-03 21:20:00,0.2027,0.2028,0.2024,0.2025,666833.7
2026-06-03 21:25:00,0.2026,0.203,0.2026,0.2027,730822.5
2026-06-03 21:30:00,0.2027,0.2039,0.2025,0.2036,1274673.0
2026-06-03 21:35:00,0.2036,0.2042,0.2034,0.2034,799417.1
2026-06-03 21:40:00,0.2033,0.2041,0.2029,0.2036,654008.7
2026-06-03 21:45:00,0.2037,0.205,0.2036,0.2046,833336.8
2026-06-03 21:50:00,0.2047,0.2049,0.2041,0.2048,723829.4
2026-06-03 21:55:00,0.2048,0.2056,0.2047,0.2055,840527.1
2026-06-03 22:00:00,0.2056,0.2066,0.2051,0.2056,2455673.5
2026-06-03 22:05:00,0.2057,0.2061,0.2048,0.2052,859643.9
2026-06-03 22:10:00,0.2052,0.2052,0.2039,0.2043,995043.2
2026-06-03 22:15:00,0.2043,0.2043,0.2034,0.204,826609.6
2026-06-03 22:20:00,0.2039,0.204,0.203,0.204,1054552.0
2026-06-03 22:25:00,0.2039,0.2042,0.2037,0.204,683411.8
2026-06-03 22:30:00,0.204,0.2042,0.2036,0.204,686084.2
2026-06-03 22:35:00,0.204,0.2042,0.203,0.2035,993464.7
2026-06-03 22:40:00,0.2035,0.2041,0.2035,0.2037,691874.6
2026-06-03 22:45:00,0.2037,0.2037,0.2024,0.2027,1957171.2
2026-06-03 22:50:00,0.2027,0.2029,0.2023,0.2023,932808.8
2026-06-03 22:55:00,0.2024,0.2033,0.2022,0.2026,1237808.5
2026-06-03 23:00:00,0.2026,0.2027,0.2007,0.2009,1325981.8
2026-06-03 23:05:00,0.2009,0.2015,0.2001,0.2004,1396235.8
2026-06-03 23:10:00,0.2004,0.2015,0.2001,0.2011,1361718.9
2026-06-03 23:15:00,0.201,0.2013,0.2002,0.2006,791176.4
2026-06-03 23:20:00,0.2006,0.2011,0.2004,0.2006,673532.9
2026-06-03 23:25:00,0.2006,0.2012,0.2006,0.2011,1033256.3
2026-06-03 23:30:00,0.2011,0.2018,0.201,0.2011,1252291.9
2026-06-03 23:35:00,0.2012,0.2012,0.2002,0.2005,929840.1
2026-06-03 23:40:00,0.2006,0.2012,0.2005,0.201,833478.6
2026-06-03 23:45:00,0.201,0.2013,0.2007,0.2009,1128075.0
2026-06-03 23:50:00,0.2009,0.2013,0.2008,0.2008,371597.7
2026-06-03 23:55:00,0.2008,0.2009,0.2003,0.2004,482119.8
2026-06-04 00:00:00,0.2004,0.2018,0.2003,0.2016,882271.3
2026-06-04 00:05:00,0.2015,0.2019,0.2008,0.2013,1025255.0
2026-06-04 00:10:00,0.2013,0.2016,0.2011,0.2014,619685.5
2026-06-04 00:15:00,0.2013,0.2016,0.2006,0.201,773942.0
2026-06-04 00:20:00,0.201,0.2016,0.2003,0.2006,838487.5
2026-06-04 00:25:00,0.2007,0.2008,0.1972,0.1972,9121035.3
2026-06-04 00:30:00,0.1972,0.1993,0.197,0.1983,3625514.6
2026-06-04 00:35:00,0.1983,0.1986,0.196,0.1962,3032910.6
2026-06-04 00:40:00,0.1962,0.1988,0.1961,0.1983,2418195.6
2026-06-04 00:45:00,0.1983,0.1983,0.1968,0.1971,1118663.5
2026-06-04 00:50:00,0.1971,0.1979,0.197,0.1972,942167.7
2026-06-04 00:55:00,0.1972,0.1979,0.1971,0.1978,848810.0
2026-06-04 01:00:00,0.1979,0.1989,0.1975,0.1988,2094347.2
2026-06-04 01:05:00,0.1987,0.1989,0.1974,0.1979,1089602.0
2026-06-04 01:10:00,0.1979,0.198,0.1972,0.1974,711459.5
2026-06-04 01:15:00,0.1975,0.1975,0.1955,0.1956,3965952.3
2026-06-04 01:20:00,0.1957,0.1962,0.1933,0.1933,6162874.2
2026-06-04 01:25:00,0.1933,0.1948,0.1925,0.1928,2962558.5
2026-06-04 01:30:00,0.1929,0.1949,0.1929,0.1947,2353640.8
2026-06-04 01:35:00,0.1947,0.1957,0.1944,0.1946,846417.5
2026-06-04 01:40:00,0.1946,0.1952,0.1945,0.1948,846080.5
2026-06-04 01:45:00,0.1947,0.1948,0.1937,0.1937,848873.2
2026-06-04 01:50:00,0.1936,0.1939,0.1916,0.1918,3056898.5
2026-06-04 01:55:00,0.1918,0.1927,0.1914,0.1924,2809167.0
2026-06-04 02:00:00,0.1925,0.1929,0.1877,0.1881,13231359.5
2026-06-04 02:05:00,0.1881,0.1926,0.188,0.191,11138736.9
2026-06-04 02:10:00,0.1911,0.193,0.1908,0.1921,1626098.7
2026-06-04 02:15:00,0.1922,0.1933,0.1913,0.1928,1987536.0
2026-06-04 02:20:00,0.1927,0.1947,0.1927,0.1947,3210311.6
2026-06-04 02:25:00,0.1947,0.1954,0.1941,0.1949,3379153.6
2026-06-04 02:30:00,0.1948,0.1964,0.1943,0.1954,4114527.9
2026-06-04 02:35:00,0.1953,0.1959,0.1947,0.1959,1303768.7
2026-06-04 02:40:00,0.1958,0.196,0.1952,0.1956,1200896.2
2026-06-04 02:45:00,0.1956,0.1959,0.1951,0.1958,1063722.6
2026-06-04 02:50:00,0.1958,0.1962,0.1953,0.1955,1035420.7
2026-06-04 02:55:00,0.1955,0.1957,0.1947,0.195,1168480.0
2026-06-04 03:00:00,0.195,0.1974,0.195,0.1972,2168762.5
2026-06-04 03:05:00,0.1971,0.1981,0.1964,0.1978,1419147.4
2026-06-04 03:10:00,0.1978,0.1982,0.1974,0.1977,1008813.7
2026-06-04 03:15:00,0.1976,0.1986,0.1975,0.1986,1437567.4
2026-06-04 03:20:00,0.1985,0.1985,0.1979,0.1981,2266468.0
2026-06-04 03:25:00,0.1982,0.1985,0.1977,0.1979,1763312.5
2026-06-04 03:30:00,0.1979,0.1991,0.1976,0.1988,3152546.7
2026-06-04 03:35:00,0.1987,0.1989,0.198,0.1989,1288173.4
2026-06-04 03:40:00,0.1989,0.1997,0.1987,0.1995,773131.3
2026-06-04 03:45:00,0.1994,0.1997,0.1991,0.1994,657941.6
2026-06-04 03:50:00,0.1994,0.2001,0.1993,0.2,656641.4
2026-06-04 03:55:00,0.2,0.2003,0.1997,0.1998,825366.2
2026-06-04 04:00:00,0.1999,0.2006,0.1997,0.2005,1147832.3
2026-06-04 04:05:00,0.2004,0.2012,0.2001,0.2003,1736490.4
2026-06-04 04:10:00,0.2002,0.2011,0.2002,0.2006,2316207.3
2026-06-04 04:15:00,0.2006,0.2008,0.1999,0.2002,373777.2
2026-06-04 04:20:00,0.2003,0.2005,0.2,0.2005,401253.4
2026-06-04 04:25:00,0.2005,0.2005,0.2,0.2,260955.1
2026-06-04 04:30:00,0.1999,0.2003,0.1989,0.1992,1772432.6
2026-06-04 04:35:00,0.1992,0.1995,0.1988,0.1994,393588.3
2026-06-04 04:40:00,0.1993,0.1998,0.1993,0.1995,857806.5
2026-06-04 04:45:00,0.1995,0.1998,0.1993,0.1994,858276.6
2026-06-04 04:50:00,0.1994,0.1994,0.199,0.1992,566145.6
2026-06-04 04:55:00,0.1991,0.1992,0.1988,0.199,404493.7
2026-06-04 05:00:00,0.1989,0.199,0.1974,0.1975,772132.7
2026-06-04 05:05:00,0.1975,0.1977,0.1963,0.1963,525681.7
2026-06-04 05:10:00,0.1963,0.1971,0.1959,0.1971,1630678.6
2026-06-04 05:15:00,0.1971,0.1971,0.1961,0.1963,385970.0
2026-06-04 05:20:00,0.1962,0.1966,0.1956,0.1963,1189658.4
2026-06-04 05:25:00,0.1964,0.1967,0.1961,0.1962,675216.2
2026-06-04 05:30:00,0.1962,0.1978,0.1957,0.1977,3172172.5
2026-06-04 05:35:00,0.1976,0.1978,0.197,0.1971,661808.1
2026-06-04 05:40:00,0.197,0.1981,0.1967,0.1978,693128.7
2026-06-04 05:45:00,0.1977,0.1978,0.1968,0.197,985403.6
2026-06-04 05:50:00,0.1969,0.1971,0.1963,0.1969,352609.9
2026-06-04 05:55:00,0.197,0.197,0.1963,0.1967,471035.5
2026-06-04 06:00:00,0.1966,0.1974,0.1963,0.1973,696291.3
2026-06-04 06:05:00,0.1973,0.1978,0.1971,0.1977,461295.0
2026-06-04 06:10:00,0.1978,0.1982,0.1977,0.1982,432845.8
2026-06-04 06:15:00,0.1981,0.1997,0.1981,0.1992,1361870.4
2026-06-04 06:20:00,0.1992,0.1994,0.1984,0.1986,1053159.8
2026-06-04 06:25:00,0.1985,0.1989,0.1985,0.1985,321296.4
2026-06-04 06:30:00,0.1986,0.1986,0.1977,0.1979,591261.0
2026-06-04 06:35:00,0.1979,0.1992,0.1979,0.199,327802.5
2026-06-04 06:40:00,0.199,0.1992,0.1987,0.199,505558.2
2026-06-04 06:45:00,0.1989,0.199,0.198,0.198,775327.9
2026-06-04 06:50:00,0.1981,0.1984,0.1975,0.1976,705744.0
2026-06-04 06:55:00,0.1976,0.1979,0.1973,0.1978,734612.6
2026-06-04 07:00:00,0.1978,0.198,0.1968,0.197,735074.9
2026-06-04 07:05:00,0.197,0.1972,0.1964,0.197,716899.5
2026-06-04 07:10:00,0.197,0.1972,0.1963,0.1967,403909.5
2026-06-04 07:15:00,0.1966,0.1968,0.1958,0.196,934716.6
2026-06-04 07:20:00,0.196,0.1961,0.1954,0.1958,569515.8
2026-06-04 07:25:00,0.1958,0.1966,0.1957,0.1964,442461.2
2026-06-04 07:30:00,0.1963,0.1969,0.196,0.1963,287315.2
2026-06-04 07:35:00,0.1964,0.1969,0.1963,0.1968,252034.1
2026-06-04 07:40:00,0.1969,0.197,0.1964,0.1964,417151.9
2026-06-04 07:45:00,0.1965,0.1966,0.1959,0.1963,210318.7
2026-06-04 07:50:00,0.1962,0.1963,0.1957,0.1957,302297.8
2026-06-04 07:55:00,0.1958,0.1959,0.1947,0.1948,779063.1
2026-06-04 08:00:00,0.1949,0.1957,0.1945,0.1955,956599.7
2026-06-04 08:05:00,0.1955,0.1957,0.1943,0.1944,374019.3
2026-06-04 08:10:00,0.1944,0.1947,0.1932,0.1933,1071629.1
2026-06-04 08:15:00,0.1933,0.1946,0.193,0.1946,1080523.9
2026-06-04 08:20:00,0.1946,0.1946,0.1935,0.1945,546416.1
2026-06-04 08:25:00,0.1945,0.1945,0.1937,0.194,683065.5
2026-06-04 08:30:00,0.1941,0.195,0.1934,0.1937,527372.2
2026-06-04 08:35:00,0.1938,0.1939,0.1934,0.1934,398418.1
2026-06-04 08:40:00,0.1934,0.1937,0.1929,0.1929,435913.5
2026-06-04 08:45:00,0.1929,0.1936,0.1928,0.1936,293601.3
2026-06-04 08:50:00,0.1937,0.194,0.1933,0.1938,385094.7
2026-06-04 08:55:00,0.1938,0.1943,0.1935,0.1936,556097.4
2026-06-04 09:00:00,0.1936,0.1936,0.1921,0.1924,1147749.1
2026-06-04 09:05:00,0.1924,0.1927,0.1917,0.192,970502.1
2026-06-04 09:10:00,0.1921,0.1923,0.1909,0.1916,1741769.6
2026-06-04 09:15:00,0.1915,0.1915,0.1907,0.1909,1196505.9
2026-06-04 09:20:00,0.1908,0.1912,0.1899,0.19,2506549.9
2026-06-04 09:25:00,0.1899,0.1901,0.1887,0.1889,2470930.1
2026-06-04 09:30:00,0.1889,0.1895,0.1884,0.1895,2640440.7
2026-06-04 09:35:00,0.1895,0.1895,0.188,0.1889,1761866.1
2026-06-04 09:40:00,0.189,0.19,0.189,0.1894,1043583.3
2026-06-04 09:45:00,0.1895,0.1907,0.1888,0.189,2688253.4
2026-06-04 09:50:00,0.1889,0.1895,0.1887,0.1895,2053125.2
2026-06-04 09:55:00,0.1894,0.1907,0.1892,0.1906,1684629.4
2026-06-04 10:00:00,0.1906,0.1907,0.1883,0.1885,1686316.3
2026-06-04 10:05:00,0.1885,0.1888,0.1878,0.1887,2288168.2
2026-06-04 10:10:00,0.1887,0.189,0.188,0.1885,1517125.5
2026-06-04 10:15:00,0.1886,0.1897,0.188,0.1895,513666.1
2026-06-04 10:20:00,0.1895,0.1895,0.1887,0.1894,1181982.7
2026-06-04 10:25:00,0.1895,0.1896,0.1884,0.1884,986133.4
2026-06-04 10:30:00,0.1884,0.1892,0.1881,0.1888,2023857.5
2026-06-04 10:35:00,0.1887,0.1899,0.1886,0.1893,7076442.6
2026-06-04 10:40:00,0.1893,0.1896,0.1884,0.1889,1190706.8
2026-06-04 10:45:00,0.1889,0.1892,0.1873,0.1878,2584664.1
2026-06-04 10:50:00,0.1879,0.1881,0.1871,0.1876,3694223.1
2026-06-04 10:55:00,0.1877,0.1882,0.1871,0.1879,1311498.8
2026-06-04 11:00:00,0.1878,0.1891,0.1874,0.189,1082427.6
2026-06-04 11:05:00,0.1891,0.1891,0.1881,0.1883,1210916.3
2026-06-04 11:10:00,0.1884,0.1886,0.1876,0.1879,753050.2
2026-06-04 11:15:00,0.1879,0.1895,0.1876,0.1893,1106775.0
2026-06-04 11:20:00,0.1893,0.1898,0.1886,0.1898,982453.7
2026-06-04 11:25:00,0.1898,0.1902,0.1896,0.1899,1005807.6
2026-06-04 11:30:00,0.1899,0.1905,0.1892,0.1894,1134442.4
2026-06-04 11:35:00,0.1894,0.1896,0.1882,0.1889,1202687.5
2026-06-04 11:40:00,0.1889,0.1889,0.1883,0.1887,279648.8
2026-06-04 11:45:00,0.1886,0.1899,0.1886,0.1899,793358.8
2026-06-04 11:50:00,0.19,0.1902,0.1895,0.1901,500353.8
2026-06-04 11:55:00,0.1901,0.1903,0.1899,0.1903,592705.4
2026-06-04 12:00:00,0.1902,0.1905,0.1894,0.1903,1295026.1
2026-06-04 12:05:00,0.1903,0.1906,0.1882,0.1889,2454252.9
2026-06-04 12:10:00,0.1889,0.1891,0.1885,0.1889,436873.1
2026-06-04 12:15:00,0.1889,0.1897,0.1889,0.1892,709780.3
2026-06-04 12:20:00,0.1892,0.1909,0.1892,0.1901,2685834.5
2026-06-04 12:25:00,0.1901,0.1904,0.1897,0.1901,836896.0
2026-06-04 12:30:00,0.1902,0.1924,0.1901,0.192,1686918.1
2026-06-04 12:35:00,0.1919,0.1925,0.1912,0.1925,2353590.3
2026-06-04 12:40:00,0.1924,0.1924,0.1917,0.1921,808594.5
2026-06-04 12:45:00,0.192,0.1927,0.1916,0.1923,1087622.9
2026-06-04 12:50:00,0.1923,0.1925,0.1918,0.1923,970161.6
2026-06-04 12:55:00,0.1923,0.1923,0.1913,0.1919,691523.5
2026-06-04 13:00:00,0.1919,0.1921,0.1914,0.1916,721018.9
2026-06-04 13:05:00,0.1916,0.1919,0.1907,0.1912,857894.2
2026-06-04 13:10:00,0.1912,0.1912,0.19,0.1901,1058031.4
2026-06-04 13:15:00,0.19,0.19,0.1887,0.1887,1230092.8
2026-06-04 13:20:00,0.1887,0.1888,0.1877,0.1878,1565959.2
2026-06-04 13:25:00,0.1877,0.1882,0.1871,0.1878,1846876.8
2026-06-04 13:30:00,0.1878,0.1898,0.1874,0.1891,1991153.9
2026-06-04 13:35:00,0.1892,0.1905,0.1886,0.1903,1732688.2
2026-06-04 13:40:00,0.1903,0.1904,0.1888,0.1891,2014232.9
2026-06-04 13:45:00,0.189,0.1894,0.1883,0.1888,2015043.7
2026-06-04 13:50:00,0.1887,0.1888,0.1875,0.1881,1325174.7
2026-06-04 13:55:00,0.188,0.1893,0.1878,0.1892,1565002.6
2026-06-04 14:00:00,0.1893,0.1898,0.1884,0.1885,1964967.5
2026-06-04 14:05:00,0.1884,0.1889,0.1879,0.1882,2119897.4
2026-06-04 14:10:00,0.1882,0.1891,0.1882,0.1889,1256076.9
2026-06-04 14:15:00,0.1888,0.1892,0.1883,0.1883,1973978.1
2026-06-04 14:20:00,0.1884,0.1887,0.1881,0.1887,903036.3
2026-06-04 14:25:00,0.1887,0.1891,0.1882,0.1889,1074284.7
2026-06-04 14:30:00,0.1889,0.1895,0.1884,0.1893,1031985.5
2026-06-04 14:35:00,0.1892,0.1892,0.1878,0.1883,1643553.1
2026-06-04 14:40:00,0.1884,0.1897,0.1884,0.1896,874545.8
2026-06-04 14:45:00,0.1895,0.1901,0.1888,0.1892,631980.7
2026-06-04 14:50:00,0.1893,0.1897,0.1886,0.1894,476494.3
2026-06-04 14:55:00,0.1893,0.1899,0.1893,0.1896,267830.1
2026-06-04 15:00:00,0.1897,0.1901,0.1891,0.1898,1403166.4
2026-06-04 15:05:00,0.1898,0.1919,0.1898,0.1915,2142157.6
2026-06-04 15:10:00,0.1915,0.1922,0.1912,0.1921,1201486.4
2026-06-04 15:15:00,0.192,0.1923,0.1906,0.1913,1086066.3
2026-06-04 15:20:00,0.1913,0.1913,0.1899,0.1905,573745.9
2026-06-04 15:25:00,0.1905,0.1911,0.1904,0.1905,746601.7
2026-06-04 15:30:00,0.1905,0.1913,0.1905,0.191,639327.2
2026-06-04 15:35:00,0.1911,0.1913,0.1898,0.1899,651353.7
2026-06-04 15:40:00,0.1898,0.1907,0.1895,0.1904,929464.4
2026-06-04 15:45:00,0.1904,0.1905,0.189,0.1892,1071943.0
2026-06-04 15:50:00,0.1893,0.1898,0.1891,0.1894,690886.9
2026-06-04 15:55:00,0.1895,0.1898,0.1888,0.1889,754856.1
2026-06-04 16:00:00,0.1889,0.189,0.188,0.1881,1428784.4
2026-06-04 16:05:00,0.188,0.1883,0.1876,0.1878,822573.7
2026-06-04 16:10:00,0.1878,0.1881,0.1873,0.1875,1385630.9
2026-06-04 16:15:00,0.1875,0.1882,0.1875,0.1881,570359.5
2026-06-04 16:20:00,0.188,0.1885,0.1878,0.1882,859678.1
2026-06-04 16:25:00,0.1882,0.1884,0.1864,0.1869,2597933.8
2026-06-04 16:30:00,0.1869,0.1872,0.186,0.1867,2192308.3
2026-06-04 16:35:00,0.1868,0.1886,0.1866,0.1883,739165.5
2026-06-04 16:40:00,0.1883,0.1888,0.188,0.1884,571195.0
2026-06-04 16:45:00,0.1884,0.1885,0.1877,0.1877,438140.8
2026-06-04 16:50:00,0.1877,0.188,0.1872,0.1872,302778.2
2026-06-04 16:55:00,0.1873,0.1873,0.1864,0.1872,1010152.7
2026-06-04 17:00:00,0.1872,0.1876,0.1868,0.1876,892579.0
2026-06-04 17:05:00,0.1876,0.1877,0.1872,0.1876,491131.3
2026-06-04 17:10:00,0.1876,0.1886,0.1876,0.1884,1210143.6
2026-06-04 17:15:00,0.1883,0.1883,0.1868,0.1871,703662.8
2026-06-04 17:20:00,0.1871,0.1882,0.187,0.1878,740765.1
2026-06-04 17:25:00,0.1878,0.1887,0.1876,0.1885,498672.4
2026-06-04 17:30:00,0.1885,0.1891,0.1878,0.1881,453151.4
2026-06-04 17:35:00,0.1882,0.1886,0.1878,0.1878,799198.6
2026-06-04 17:40:00,0.1877,0.1878,0.1866,0.187,977615.4
2026-06-04 17:45:00,0.1871,0.1875,0.1866,0.187,940863.3
2026-06-04 17:50:00,0.1871,0.1896,0.1871,0.1891,1265593.6
2026-06-04 17:55:00,0.1891,0.1891,0.1881,0.1883,453913.8
2026-06-04 18:00:00,0.1884,0.1886,0.1876,0.1876,547694.1
2026-06-04 18:05:00,0.1877,0.1878,0.1868,0.187,815006.0
2026-06-04 18:10:00,0.1869,0.1869,0.1857,0.1858,1100270.8
2026-06-04 18:15:00,0.1859,0.1873,0.1859,0.1869,815900.6
2026-06-04 18:20:00,0.1869,0.1886,0.1867,0.1885,862525.1
2026-06-04 18:25:00,0.1885,0.1899,0.1882,0.1899,1724289.8
2026-06-04 18:30:00,0.1899,0.1906,0.189,0.1899,1800833.7
2026-06-04 18:35:00,0.1899,0.1903,0.1894,0.1899,752821.4
2026-06-04 18:40:00,0.1898,0.1901,0.1896,0.19,421369.6
2026-06-04 18:45:00,0.1899,0.1902,0.1892,0.1893,1219536.4
2026-06-04 18:50:00,0.1893,0.1895,0.1879,0.1885,914321.7
2026-06-04 18:55:00,0.1885,0.1891,0.1882,0.1884,599597.1
2026-06-04 19:00:00,0.1884,0.189,0.1881,0.1886,904415.5
2026-06-04 19:05:00,0.1886,0.1887,0.1868,0.1871,1631584.1
2026-06-04 19:10:00,0.1871,0.1872,0.1863,0.1872,2002143.8
2026-06-04 19:15:00,0.1872,0.1882,0.1872,0.1877,975804.0
2026-06-04 19:20:00,0.1877,0.189,0.1871,0.1888,1553724.6
2026-06-04 19:25:00,0.1888,0.1896,0.1885,0.1894,1042402.5
2026-06-04 19:30:00,0.1894,0.1894,0.1884,0.189,295288.7
2026-06-04 19:35:00,0.189,0.1891,0.1878,0.1883,259409.2
2026-06-04 19:40:00,0.1882,0.1882,0.1867,0.1869,599010.8
2026-06-04 19:45:00,0.1869,0.187,0.1865,0.1868,573182.7
2026-06-04 19:50:00,0.1868,0.1869,0.1861,0.1867,622464.8
2026-06-04 19:55:00,0.1867,0.187,0.1862,0.1866,535479.1
2026-06-04 20:00:00,0.1866,0.1868,0.185,0.1852,1688424.3
2026-06-04 20:05:00,0.1851,0.1854,0.1841,0.1851,2569421.8
2026-06-04 20:10:00,0.1851,0.1856,0.1847,0.1847,917649.0
2026-06-04 20:15:00,0.1848,0.1855,0.1847,0.1855,766810.6
2026-06-04 20:20:00,0.1855,0.1857,0.185,0.1852,454448.6
2026-06-04 20:25:00,0.1852,0.1855,0.1847,0.185,472463.6
2026-06-04 20:30:00,0.1851,0.1863,0.1851,0.1862,529202.8
2026-06-04 20:35:00,0.1862,0.1862,0.1849,0.1851,396671.7
2026-06-04 20:40:00,0.1851,0.1858,0.1851,0.1853,443089.3
2026-06-04 20:45:00,0.1853,0.1855,0.1838,0.1844,1350583.4
2026-06-04 20:50:00,0.1844,0.1846,0.1838,0.184,1076394.4
2026-06-04 20:55:00,0.184,0.1849,0.1838,0.1845,1050452.2
2026-06-04 21:00:00,0.1844,0.1845,0.1833,0.184,1794984.0
2026-06-04 21:05:00,0.1839,0.1845,0.1839,0.1844,712498.6
2026-06-04 21:10:00,0.1843,0.1844,0.183,0.1842,1802222.0
2026-06-04 21:15:00,0.1843,0.1844,0.1828,0.1833,1531072.4
2026-06-04 21:20:00,0.1834,0.1834,0.1825,0.1829,1099752.2
2026-06-04 21:25:00,0.1828,0.1835,0.1822,0.1825,806546.4
2026-06-04 21:30:00,0.1825,0.1826,0.1804,0.1809,3871787.2
2026-06-04 21:35:00,0.181,0.1814,0.18,0.1806,2014193.3
2026-06-04 21:40:00,0.1805,0.1815,0.1788,0.1813,5722932.5
2026-06-04 21:45:00,0.1813,0.1818,0.181,0.1812,785799.2
2026-06-04 21:50:00,0.1812,0.1816,0.1807,0.1814,925175.7
2026-06-04 21:55:00,0.1813,0.1814,0.1804,0.1805,1030441.3
2026-06-04 22:00:00,0.1804,0.1815,0.18,0.1803,1150953.3
2026-06-04 22:05:00,0.1803,0.1815,0.18,0.1811,866648.8
2026-06-04 22:10:00,0.181,0.1818,0.1808,0.1813,915879.7
2026-06-04 22:15:00,0.1814,0.1817,0.1807,0.1817,858469.3
2026-06-04 22:20:00,0.1817,0.1822,0.1814,0.1819,832746.4
2026-06-04 22:25:00,0.1819,0.1819,0.1812,0.1816,677748.6
2026-06-04 22:30:00,0.1815,0.1815,0.1799,0.1801,2196685.1
2026-06-04 22:35:00,0.1802,0.1811,0.18,0.1809,793643.8
2026-06-04 22:40:00,0.1809,0.1814,0.1804,0.1808,797564.0
2026-06-04 22:45:00,0.1808,0.1812,0.1802,0.1812,507421.7
2026-06-04 22:50:00,0.1812,0.1815,0.1808,0.1814,1029130.5
2026-06-04 22:55:00,0.1815,0.1823,0.1812,0.1819,1364161.0
2026-06-04 23:00:00,0.1819,0.1831,0.1816,0.1829,743001.8
2026-06-04 23:05:00,0.1829,0.1834,0.1824,0.183,714898.1
2026-06-04 23:10:00,0.183,0.183,0.1821,0.1821,525505.9
2026-06-04 23:15:00,0.182,0.1823,0.1804,0.1804,1416836.4
2026-06-04 23:20:00,0.1804,0.1811,0.1804,0.1804,889978.5
2026-06-04 23:25:00,0.1804,0.1809,0.1802,0.1804,789909.7
2026-06-04 23:30:00,0.1804,0.1812,0.1803,0.1807,538696.0
2026-06-04 23:35:00,0.1807,0.1812,0.1803,0.1804,625774.5
2026-06-04 23:40:00,0.1804,0.1809,0.1801,0.1804,835791.3
2026-06-04 23:45:00,0.1804,0.1804,0.1794,0.1799,1465438.9
2026-06-04 23:50:00,0.18,0.1802,0.1794,0.1798,2040691.3
2026-06-04 23:55:00,0.1798,0.1804,0.1797,0.1798,1180913.0
2026-06-05 00:00:00,0.1798,0.1798,0.179,0.1791,2094150.6
2026-06-05 00:05:00,0.1791,0.1797,0.1782,0.1785,2329706.4
2026-06-05 00:10:00,0.1785,0.1785,0.175,0.1756,5614630.0
2026-06-05 00:15:00,0.1757,0.1763,0.1751,0.1756,4035464.9
2026-06-05 00:20:00,0.1756,0.1779,0.1755,0.1777,2405689.5
2026-06-05 00:25:00,0.1776,0.1781,0.1768,0.1779,1517717.5
2026-06-05 00:30:00,0.1779,0.1782,0.1773,0.1774,1447047.9
2026-06-05 00:35:00,0.1774,0.1775,0.1763,0.1775,1091390.7
2026-06-05 00:40:00,0.1775,0.1775,0.1762,0.177,1316620.0
2026-06-05 00:45:00,0.1769,0.1784,0.1768,0.1782,787829.1
2026-06-05 00:50:00,0.1782,0.1783,0.1758,0.1762,1739664.8
2026-06-05 00:55:00,0.1761,0.1763,0.1742,0.1747,2589219.2
2026-06-05 01:00:00,0.1746,0.1748,0.1724,0.1728,4658360.8
2026-06-05 01:05:00,0.1729,0.1744,0.1729,0.1734,1656833.5
2026-06-05 01:10:00,0.1734,0.1737,0.1721,0.1729,2189478.5
2026-06-05 01:15:00,0.1729,0.1736,0.1722,0.1723,3907965.3
2026-06-05 01:20:00,0.1723,0.1736,0.1716,0.1736,3124001.5
2026-06-05 01:25:00,0.1736,0.1736,0.1725,0.1732,2034064.1
2026-06-05 01:30:00,0.1732,0.1746,0.1732,0.1736,1545369.0
2026-06-05 01:35:00,0.1736,0.1744,0.1723,0.173,1452134.2
2026-06-05 01:40:00,0.1729,0.1742,0.1727,0.1742,1207592.5
2026-06-05 01:45:00,0.1742,0.1742,0.1728,0.1729,1413270.3
2026-06-05 01:50:00,0.1728,0.1736,0.1722,0.1722,2382798.7
2026-06-05 01:55:00,0.1722,0.1732,0.1718,0.1723,2193152.7
2026-06-05 02:00:00,0.1722,0.1723,0.1707,0.1711,6634140.9
2026-06-05 02:05:00,0.1712,0.1712,0.1697,0.1698,4101483.7
2026-06-05 02:10:00,0.1698,0.171,0.1698,0.1705,1841050.1
2026-06-05 02:15:00,0.1704,0.171,0.1692,0.1698,3668435.7
2026-06-05 02:20:00,0.1698,0.1699,0.1685,0.169,3357214.9
2026-06-05 02:25:00,0.169,0.1693,0.1677,0.1678,2221454.2
2026-06-05 02:30:00,0.1678,0.1692,0.1678,0.1679,2765941.1
2026-06-05 02:35:00,0.1678,0.1681,0.1663,0.1671,6727011.6
2026-06-05 02:40:00,0.1671,0.1673,0.1655,0.1658,3287516.2
2026-06-05 02:45:00,0.1657,0.1666,0.1653,0.1659,2843012.3
2026-06-05 02:50:00,0.1659,0.1664,0.1647,0.1647,2601398.1
2026-06-05 02:55:00,0.1648,0.1652,0.163,0.1636,7398629.0
2026-06-05 03:00:00,0.1636,0.1649,0.1635,0.1644,4767661.4
2026-06-05 03:05:00,0.1645,0.1647,0.1632,0.1641,2711403.7
2026-06-05 03:10:00,0.1642,0.1642,0.163,0.1635,2565986.2
2026-06-05 03:15:00,0.1635,0.1656,0.1634,0.1643,3905298.9
2026-06-05 03:20:00,0.1643,0.1645,0.1632,0.1634,2062615.8
2026-06-05 03:25:00,0.1634,0.1634,0.1609,0.162,5342240.0
2026-06-05 03:30:00,0.162,0.1627,0.1617,0.1617,2948684.0
2026-06-05 03:35:00,0.1618,0.162,0.1609,0.1613,5075006.1
2026-06-05 03:40:00,0.1613,0.1617,0.16,0.1604,3671664.6
2026-06-05 03:45:00,0.1605,0.1611,0.1596,0.1601,5434957.9
2026-06-05 03:50:00,0.16,0.1606,0.1589,0.159,4015311.3
2026-06-05 03:55:00,0.1591,0.1592,0.1581,0.1584,4116173.1
2026-06-05 04:00:00,0.1585,0.1597,0.1583,0.1596,3106766.8
2026-06-05 04:05:00,0.1597,0.1618,0.1593,0.1614,4108675.3
2026-06-05 04:10:00,0.1614,0.1644,0.1614,0.1644,5996212.5
2026-06-05 04:15:00,0.1644,0.1654,0.1639,0.1649,4068621.9
2026-06-05 04:20:00,0.1648,0.1662,0.1638,0.1657,2097156.1
2026-06-05 04:25:00,0.1657,0.1676,0.1657,0.1671,2286913.4
2026-06-05 04:30:00,0.1671,0.1672,0.1646,0.1658,2993116.7
2026-06-05 04:35:00,0.1657,0.1673,0.1647,0.1667,1366050.0
2026-06-05 04:40:00,0.1667,0.1669,0.165,0.1655,3301869.1
2026-06-05 04:45:00,0.1655,0.166,0.1643,0.1653,1830676.9
2026-06-05 04:50:00,0.1653,0.1679,0.1652,0.1679,2955259.5
2026-06-05 04:55:00,0.1679,0.1689,0.1671,0.1687,2744146.2
2026-06-05 05:00:00,0.1688,0.1692,0.1674,0.1676,2890822.7
2026-06-05 05:05:00,0.1676,0.1683,0.1668,0.1668,1240842.9
2026-06-05 05:10:00,0.1669,0.1678,0.1669,0.1674,1005356.1
2026-06-05 05:15:00,0.1675,0.1677,0.1665,0.167,1618681.0
2026-06-05 05:20:00,0.1671,0.1676,0.1667,0.1669,1070452.2
2026-06-05 05:25:00,0.1669,0.168,0.1667,0.1671,1358156.3
2026-06-05 05:30:00,0.167,0.1679,0.167,0.1672,1058049.7
2026-06-05 05:35:00,0.1672,0.1673,0.1657,0.1662,1987524.6
2026-06-05 05:40:00,0.1661,0.1664,0.1648,0.1649,1536997.5
2026-06-05 05:45:00,0.1648,0.1652,0.1637,0.1647,1833059.7
2026-06-05 05:50:00,0.1647,0.1657,0.1642,0.1643,729469.5
2026-06-05 05:55:00,0.1643,0.1649,0.1639,0.1646,1559292.2
2026-06-05 06:00:00,0.1646,0.165,0.1636,0.1643,2494350.3
2026-06-05 06:05:00,0.1643,0.1654,0.1643,0.1646,1719253.2
2026-06-05 06:10:00,0.1646,0.1646,0.1627,0.163,1747239.5
2026-06-05 06:15:00,0.1631,0.1635,0.1614,0.1615,2572454.5
2026-06-05 06:20:00,0.1614,0.1621,0.16,0.1615,4263973.2
2026-06-05 06:25:00,0.1615,0.1635,0.1613,0.1633,3114557.1
2026-06-05 06:30:00,0.1634,0.1638,0.1626,0.1626,2540751.1
2026-06-05 06:35:00,0.1626,0.1634,0.1619,0.1626,1494716.8
2026-06-05 06:40:00,0.1625,0.1638,0.1613,0.1636,2146179.1
2026-06-05 06:45:00,0.1635,0.1639,0.1615,0.1615,3085572.5
2026-06-05 06:50:00,0.1616,0.1623,0.161,0.1621,2020648.4
2026-06-05 06:55:00,0.162,0.1623,0.1613,0.1617,1559415.0
2026-06-05 07:00:00,0.1617,0.1622,0.1605,0.1605,1718447.2
2026-06-05 07:05:00,0.1605,0.1607,0.1594,0.1594,2689807.3
2026-06-05 07:10:00,0.1594,0.1602,0.1588,0.1589,1876061.6
2026-06-05 07:15:00,0.1588,0.1604,0.1588,0.1602,1848680.8
2026-06-05 07:20:00,0.1602,0.1617,0.1598,0.1611,2394271.4
2026-06-05 07:25:00,0.161,0.164,0.1606,0.1632,3347229.8
2026-06-05 07:30:00,0.1631,0.1645,0.1628,0.1641,2359568.9
2026-06-05 07:35:00,0.1641,0.165,0.1635,0.1643,1971415.7
2026-06-05 07:40:00,0.1644,0.1648,0.1637,0.1648,1746191.1
2026-06-05 07:45:00,0.1648,0.1658,0.1638,0.1648,3372509.6
2026-06-05 07:50:00,0.1647,0.1649,0.1639,0.1642,1438442.1
2026-06-05 07:55:00,0.1643,0.1644,0.1631,0.1635,1558611.2
2026-06-05 08:00:00,0.1634,0.1636,0.1626,0.1627,1655478.4
2026-06-05 08:05:00,0.1627,0.1631,0.1617,0.1618,870586.2
2026-06-05 08:10:00,0.1617,0.1618,0.1609,0.1612,1671175.7
2026-06-05 08:15:00,0.1612,0.1612,0.1604,0.1609,743335.9
2026-06-05 08:20:00,0.1609,0.161,0.16,0.1602,1282975.1
2026-06-05 08:25:00,0.1603,0.1608,0.1602,0.1604,1142502.8
2026-06-05 08:30:00,0.1604,0.1608,0.1595,0.1601,2628438.9
2026-06-05 08:35:00,0.1601,0.1604,0.1587,0.1589,2097827.3
2026-06-05 08:40:00,0.1589,0.1599,0.1587,0.1594,1559581.8
2026-06-05 08:45:00,0.1593,0.1602,0.1592,0.1601,1302194.3
2026-06-05 08:50:00,0.16,0.1603,0.1594,0.1602,1474318.0
2026-06-05 08:55:00,0.1601,0.1612,0.1598,0.1609,1338082.7
2026-06-05 09:00:00,0.161,0.1623,0.1608,0.1613,2946873.6
2026-06-05 09:05:00,0.1613,0.1624,0.1605,0.1623,1771710.4
2026-06-05 09:10:00,0.1622,0.1642,0.1619,0.1639,2800377.2
2026-06-05 09:15:00,0.164,0.1644,0.1629,0.1637,2450760.7
2026-06-05 09:20:00,0.1637,0.1645,0.1635,0.1642,2105003.8
2026-06-05 09:25:00,0.1642,0.1653,0.1642,0.1649,1536014.5
2026-06-05 09:30:00,0.1649,0.1649,0.1637,0.1639,1724215.6
2026-06-05 09:35:00,0.1639,0.1641,0.1633,0.1636,890455.3
2026-06-05 09:40:00,0.1636,0.1638,0.1625,0.1627,1006255.0
2026-06-05 09:45:00,0.1627,0.1633,0.1626,0.1629,822902.4
2026-06-05 09:50:00,0.1629,0.1635,0.1626,0.1631,1266192.8
2026-06-05 09:55:00,0.163,0.1644,0.163,0.164,996177.1
2026-06-05 10:00:00,0.1641,0.1646,0.164,0.1645,1089246.5
2026-06-05 10:05:00,0.1645,0.1648,0.1634,0.1634,871043.1
2026-06-05 10:10:00,0.1634,0.164,0.1629,0.164,1189567.5
2026-06-05 10:15:00,0.164,0.1643,0.1636,0.1637,1041006.1
2026-06-05 10:20:00,0.1638,0.1644,0.1636,0.1639,744914.8
2026-06-05 10:25:00,0.1639,0.1644,0.1639,0.1641,412830.5
2026-06-05 10:30:00,0.1641,0.1648,0.164,0.1647,970771.5
2026-06-05 10:35:00,0.1646,0.1652,0.1641,0.1646,2170568.0
2026-06-05 10:40:00,0.1646,0.1664,0.1646,0.1661,2081129.4
2026-06-05 10:45:00,0.1661,0.1662,0.1646,0.1648,988298.0
2026-06-05 10:50:00,0.1648,0.165,0.1637,0.1644,779164.5
2026-06-05 10:55:00,0.1644,0.1644,0.1639,0.164,581119.5
2026-06-05 11:00:00,0.1639,0.1639,0.1623,0.1625,2145206.4
2026-06-05 11:05:00,0.1626,0.1627,0.1619,0.162,1663097.5
2026-06-05 11:10:00,0.162,0.1629,0.1617,0.1618,4924840.6
2026-06-05 11:15:00,0.1617,0.163,0.1614,0.1627,1981671.9
2026-06-05 11:20:00,0.1627,0.163,0.1617,0.1619,2919949.1
2026-06-05 11:25:00,0.1618,0.164,0.1618,0.1639,1419052.9
2026-06-05 11:30:00,0.1639,0.1639,0.1629,0.1633,913799.4
2026-06-05 11:35:00,0.1633,0.1642,0.1632,0.1638,928759.7
2026-06-05 11:40:00,0.1638,0.1638,0.1627,0.1628,935151.5
2026-06-05 11:45:00,0.1627,0.1632,0.1617,0.1625,1653272.0
2026-06-05 11:50:00,0.1625,0.1633,0.1625,0.1626,492128.6
2026-06-05 11:55:00,0.1626,0.1627,0.1623,0.1624,605490.7
2026-06-05 12:00:00,0.1623,0.1624,0.1612,0.1617,1574141.1
2026-06-05 12:05:00,0.1617,0.1638,0.1617,0.1625,1589238.9
2026-06-05 12:10:00,0.1625,0.1635,0.1624,0.1628,764166.4
2026-06-05 12:15:00,0.1628,0.1636,0.1628,0.1633,952619.8
2026-06-05 12:20:00,0.1633,0.164,0.1626,0.164,840198.0
2026-06-05 12:25:00,0.1639,0.1639,0.1614,0.1618,1185027.9
2026-06-05 12:30:00,0.1618,0.163,0.1606,0.1608,2375088.5
2026-06-05 12:35:00,0.1608,0.1623,0.1608,0.1615,1841115.7
2026-06-05 12:40:00,0.1615,0.1622,0.1609,0.1616,573253.0
2026-06-05 12:45:00,0.1616,0.1623,0.1613,0.1618,738957.7
2026-06-05 12:50:00,0.1618,0.1622,0.1612,0.1616,651449.7
2026-06-05 12:55:00,0.1615,0.1628,0.1611,0.1628,2112533.1
2026-06-05 13:00:00,0.1628,0.1639,0.1627,0.1639,1423453.0
2026-06-05 13:05:00,0.1638,0.1645,0.1634,0.1644,2407062.1
2026-06-05 13:10:00,0.1644,0.165,0.1636,0.1637,2497596.3
2026-06-05 13:15:00,0.1638,0.1642,0.163,0.1638,1498061.9
2026-06-05 13:20:00,0.1638,0.1646,0.1636,0.1645,1078355.1
2026-06-05 13:25:00,0.1645,0.1652,0.1636,0.1637,2621324.8
2026-06-05 13:30:00,0.1637,0.1647,0.163,0.1641,1257126.6
2026-06-05 13:35:00,0.164,0.1646,0.1625,0.1626,1315745.0
2026-06-05 13:40:00,0.1626,0.163,0.1615,0.1621,1189296.8
2026-06-05 13:45:00,0.1621,0.1623,0.1601,0.1602,1737393.4
2026-06-05 13:50:00,0.1603,0.1614,0.1602,0.161,1635590.5
2026-06-05 13:55:00,0.161,0.1611,0.1595,0.1598,1945672.7
2026-06-05 14:00:00,0.1598,0.1606,0.1578,0.158,6620173.5
2026-06-05 14:05:00,0.158,0.162,0.158,0.1618,5209254.7
2026-06-05 14:10:00,0.1618,0.162,0.1604,0.1611,1366114.3
2026-06-05 14:15:00,0.1611,0.1624,0.161,0.1621,1540686.4
2026-06-05 14:20:00,0.1621,0.1626,0.1611,0.1615,1324372.8
2026-06-05 14:25:00,0.1616,0.1618,0.1609,0.1616,1535367.9
2026-06-05 14:30:00,0.1616,0.1624,0.1608,0.1624,1239065.5
2026-06-05 14:35:00,0.1624,0.1631,0.1616,0.1616,2369048.5
2026-06-05 14:40:00,0.1616,0.162,0.1608,0.1611,2872149.7
2026-06-05 14:45:00,0.1612,0.1621,0.16,0.1601,1642242.9
2026-06-05 14:50:00,0.1601,0.1607,0.16,0.16,549649.2
2026-06-05 14:55:00,0.16,0.1612,0.1598,0.1604,1422039.0
2026-06-05 15:00:00,0.1605,0.161,0.1592,0.1608,2112298.6
2026-06-05 15:05:00,0.1608,0.1608,0.1591,0.1594,1458358.6
2026-06-05 15:10:00,0.1595,0.1596,0.1581,0.1585,1741921.2
2026-06-05 15:15:00,0.1585,0.1594,0.1577,0.1592,4277574.0
2026-06-05 15:20:00,0.1592,0.16,0.1578,0.1594,1950673.8
2026-06-05 15:25:00,0.1594,0.1603,0.159,0.1593,1035254.8
2026-06-05 15:30:00,0.1592,0.1594,0.1585,0.1588,1239355.8
2026-06-05 15:35:00,0.1588,0.159,0.1575,0.1581,2817824.6
2026-06-05 15:40:00,0.158,0.1592,0.1577,0.1584,1500213.9
2026-06-05 15:45:00,0.1585,0.1588,0.1564,0.1585,3286267.5
2026-06-05 15:50:00,0.1585,0.1585,0.1572,0.1575,1338223.3
2026-06-05 15:55:00,0.1575,0.1581,0.157,0.1573,1047854.2
2026-06-05 16:00:00,0.1572,0.1572,0.1554,0.1561,3538553.0
2026-06-05 16:05:00,0.1561,0.1569,0.1554,0.1561,2505078.4
2026-06-05 16:10:00,0.1562,0.1583,0.1544,0.1577,8837228.4
2026-06-05 16:15:00,0.1577,0.16,0.1572,0.1595,7126709.5
2026-06-05 16:20:00,0.1594,0.1613,0.1594,0.16,6097951.6
2026-06-05 16:25:00,0.1601,0.1602,0.1589,0.1591,3427233.6
2026-06-05 16:30:00,0.1591,0.1604,0.1587,0.1601,2148898.3
2026-06-05 16:35:00,0.1601,0.1608,0.1592,0.1599,1737129.4
2026-06-05 16:40:00,0.1599,0.1602,0.1593,0.1596,1173358.9
2026-06-05 16:45:00,0.1596,0.1616,0.1596,0.1615,957553.4
2026-06-05 16:50:00,0.1616,0.1628,0.1613,0.1625,2575236.9
2026-06-05 16:55:00,0.1624,0.1634,0.1622,0.1629,3139275.8
2026-06-05 17:00:00,0.1629,0.1638,0.1623,0.1637,1675109.9
2026-06-05 17:05:00,0.1636,0.1637,0.1624,0.1633,1257153.3
2026-06-05 17:10:00,0.1632,0.1632,0.1616,0.1623,1548477.0
2026-06-05 17:15:00,0.1622,0.1623,0.1611,0.1613,1196516.3
2026-06-05 17:20:00,0.1613,0.1618,0.1612,0.1615,1569007.4
2026-06-05 17:25:00,0.1616,0.1616,0.1606,0.1608,995633.4
2026-06-05 17:30:00,0.1608,0.1616,0.1606,0.1616,598125.7
2026-06-05 17:35:00,0.1615,0.1618,0.161,0.1617,873698.1
2026-06-05 17:40:00,0.1617,0.1624,0.1609,0.1609,560756.9
2026-06-05 17:45:00,0.1609,0.1613,0.1597,0.1599,1842928.4
2026-06-05 17:50:00,0.16,0.1605,0.1599,0.1603,526659.2
2026-06-05 17:55:00,0.1602,0.161,0.1599,0.161,818258.8
2026-06-05 18:00:00,0.161,0.1618,0.1608,0.1617,1318218.4
2026-06-05 18:05:00,0.1616,0.1627,0.1616,0.1619,1239728.0
2026-06-05 18:10:00,0.1618,0.1622,0.1614,0.1617,701263.0
2026-06-05 18:15:00,0.1616,0.162,0.1607,0.1608,367722.2
2026-06-05 18:20:00,0.1607,0.1612,0.16,0.1602,932380.0
2026-06-05 18:25:00,0.1602,0.1603,0.1593,0.1596,959910.3
2026-06-05 18:30:00,0.1596,0.1598,0.1588,0.1595,1185108.4
2026-06-05 18:35:00,0.1595,0.1603,0.1588,0.1602,764287.3
2026-06-05 18:40:00,0.1603,0.1606,0.1585,0.1595,1143663.3
2026-06-05 18:45:00,0.1596,0.1596,0.158,0.1588,939936.7
2026-06-05 18:50:00,0.1587,0.1589,0.1573,0.1575,1549171.6
2026-06-05 18:55:00,0.1575,0.159,0.1573,0.1577,2140185.8
2026-06-05 19:00:00,0.1576,0.1578,0.1564,0.1566,1498209.3
2026-06-05 19:05:00,0.1566,0.1571,0.1559,0.157,2068393.3
2026-06-05 19:10:00,0.157,0.1576,0.1563,0.1566,830742.4
2026-06-05 19:15:00,0.1566,0.1567,0.1551,0.1557,1369487.2
2026-06-05 19:20:00,0.1558,0.1575,0.1557,0.1575,999842.2
2026-06-05 19:25:00,0.1575,0.1587,0.1572,0.1586,924614.6
2026-06-05 19:30:00,0.1586,0.159,0.1577,0.1589,1302761.0
2026-06-05 19:35:00,0.1589,0.1597,0.1588,0.1594,1359025.4
2026-06-05 19:40:00,0.1594,0.1599,0.1588,0.1596,1046827.3
2026-06-05 19:45:00,0.1596,0.1617,0.1594,0.1609,2668835.6
2026-06-05 19:50:00,0.1609,0.1616,0.1606,0.161,698987.3
2026-06-05 19:55:00,0.161,0.1612,0.1605,0.1606,893577.9
2026-06-05 20:00:00,0.1606,0.1613,0.1587,0.1591,2565258.1
2026-06-05 20:05:00,0.159,0.1613,0.1584,0.1609,2673407.5
2026-06-05 20:10:00,0.1609,0.1611,0.1601,0.1611,1253526.2
2026-06-05 20:15:00,0.1612,0.1615,0.1603,0.1612,1362946.0
2026-06-05 20:20:00,0.1611,0.1619,0.1607,0.1619,1820818.9
2026-06-05 20:25:00,0.162,0.1625,0.1617,0.162,1172314.8
2026-06-05 20:30:00,0.1619,0.1623,0.1612,0.1616,1094233.4
2026-06-05 20:35:00,0.1616,0.1624,0.1615,0.1624,697790.9
2026-06-05 20:40:00,0.1623,0.1627,0.162,0.1627,418802.2
2026-06-05 20:45:00,0.1626,0.163,0.1621,0.1627,2404023.7
2026-06-05 20:50:00,0.1629,0.1634,0.162,0.1621,1674539.5
2026-06-05 20:55:00,0.1621,0.1626,0.162,0.1624,1241550.2
2026-06-05 21:00:00,0.1624,0.1629,0.1619,0.1623,1225503.9
2026-06-05 21:05:00,0.1624,0.1629,0.1619,0.1629,577328.9
2026-06-05 21:10:00,0.1629,0.1632,0.1625,0.1628,595319.9
2026-06-05 21:15:00,0.1628,0.1631,0.1624,0.1626,864848.5
2026-06-05 21:20:00,0.1626,0.1626,0.162,0.1624,473306.1
2026-06-05 21:25:00,0.1624,0.1627,0.162,0.162,471919.6
2026-06-05 21:30:00,0.162,0.1621,0.1617,0.1618,534504.8
2026-06-05 21:35:00,0.1619,0.1623,0.1616,0.1622,408501.2
2026-06-05 21:40:00,0.1622,0.1628,0.1622,0.1628,740253.2
2026-06-05 21:45:00,0.1628,0.1637,0.1627,0.1637,1127162.1
2026-06-05 21:50:00,0.1636,0.1639,0.1628,0.1629,895337.0
2026-06-05 21:55:00,0.1629,0.1638,0.1625,0.1625,2217152.1
2026-06-05 22:00:00,0.1624,0.1624,0.1603,0.1603,1946779.2
2026-06-05 22:05:00,0.1602,0.1603,0.159,0.1598,1251007.4
2026-06-05 22:10:00,0.1598,0.1601,0.1594,0.16,1116363.9
2026-06-05 22:15:00,0.1599,0.1609,0.1596,0.1609,2510434.8
2026-06-05 22:20:00,0.1609,0.1609,0.1592,0.1595,1670454.3
2026-06-05 22:25:00,0.1594,0.1597,0.1588,0.1593,1032150.9
2026-06-05 22:30:00,0.1594,0.1599,0.1589,0.1597,641971.5
2026-06-05 22:35:00,0.1597,0.161,0.1594,0.1609,408663.9
2026-06-05 22:40:00,0.1609,0.1611,0.1604,0.1607,525218.2
2026-06-05 22:45:00,0.1606,0.1608,0.1598,0.1605,1363106.5
2026-06-05 22:50:00,0.1605,0.1605,0.1596,0.1602,3943001.2
2026-06-05 22:55:00,0.1602,0.1602,0.1595,0.1597,412984.4
2026-06-05 23:00:00,0.1597,0.1605,0.1591,0.1596,1654714.9
2026-06-05 23:05:00,0.1595,0.1599,0.1588,0.1589,829752.6
2026-06-05 23:10:00,0.1589,0.1592,0.1584,0.1585,1024461.2
2026-06-05 23:15:00,0.1585,0.1585,0.1573,0.1575,1322512.5
2026-06-05 23:20:00,0.1575,0.1582,0.1567,0.1569,1443092.9
2026-06-05 23:25:00,0.1569,0.1574,0.1564,0.1568,938971.8
2026-06-05 23:30:00,0.1567,0.1567,0.1551,0.1556,1531290.6
2026-06-05 23:35:00,0.1556,0.1564,0.1556,0.1558,786000.4
2026-06-05 23:40:00,0.1558,0.156,0.1552,0.1558,668453.6
2026-06-05 23:45:00,0.1558,0.1565,0.1552,0.1564,2498656.8
2026-06-05 23:50:00,0.1564,0.1572,0.1564,0.1568,501538.1
2026-06-05 23:55:00,0.1567,0.1568,0.1563,0.1567,914242.5
2026-06-06 00:00:00,0.1567,0.1587,0.1567,0.1583,2143087.0
2026-06-06 00:05:00,0.1582,0.1592,0.1579,0.159,1609572.4
2026-06-06 00:10:00,0.1591,0.1591,0.1585,0.1586,563902.6
2026-06-06 00:15:00,0.1586,0.1586,0.1581,0.1583,325794.3
2026-06-06 00:20:00,0.1583,0.1589,0.1579,0.158,867369.2
2026-06-06 00:25:00,0.1579,0.1596,0.1579,0.1595,628498.8
2026-06-06 00:30:00,0.1596,0.1604,0.1593,0.1603,882949.9
2026-06-06 00:35:00,0.1602,0.1606,0.1595,0.1606,390090.9
2026-06-06 00:40:00,0.1606,0.1607,0.16,0.1602,640392.4
2026-06-06 00:45:00,0.1602,0.1613,0.1601,0.161,1449352.2
2026-06-06 00:50:00,0.1611,0.1615,0.1609,0.1615,416868.6
2026-06-06 00:55:00,0.1614,0.1619,0.1611,0.1613,858876.5
2026-06-06 01:00:00,0.1614,0.1624,0.1614,0.1624,689828.5
2026-06-06 01:05:00,0.1624,0.1624,0.1613,0.1619,1018119.5
2026-06-06 01:10:00,0.1618,0.162,0.1607,0.1611,1124978.3
2026-06-06 01:15:00,0.1612,0.1614,0.16,0.16,737015.9
2026-06-06 01:20:00,0.1601,0.1602,0.159,0.1592,1763046.8
2026-06-06 01:25:00,0.1592,0.1602,0.1589,0.16,793845.1
2026-06-06 01:30:00,0.1599,0.1604,0.1595,0.1601,594554.9
2026-06-06 01:35:00,0.16,0.16,0.159,0.1596,603229.1
2026-06-06 01:40:00,0.1596,0.1596,0.1587,0.1593,577468.9
2026-06-06 01:45:00,0.1592,0.1597,0.1586,0.1587,433273.6
2026-06-06 01:50:00,0.1587,0.159,0.158,0.1589,655205.9
2026-06-06 01:55:00,0.159,0.1592,0.1586,0.1586,728074.6
2026-06-06 02:00:00,0.1585,0.1586,0.1574,0.1577,704489.4
2026-06-06 02:05:00,0.1577,0.1578,0.1569,0.1577,797950.4
2026-06-06 02:10:00,0.1577,0.1582,0.157,0.1572,1255520.6
2026-06-06 02:15:00,0.1572,0.1575,0.156,0.156,2390483.2
2026-06-06 02:20:00,0.156,0.1575,0.1559,0.1569,1096290.3
2026-06-06 02:25:00,0.1569,0.157,0.1565,0.1565,989816.1
2026-06-06 02:30:00,0.1564,0.1576,0.1561,0.1575,777617.2
2026-06-06 02:35:00,0.1575,0.1578,0.1568,0.1576,1235390.5
2026-06-06 02:40:00,0.1576,0.1577,0.1571,0.1572,575659.8
2026-06-06 02:45:00,0.1571,0.1574,0.1568,0.1572,839761.6
2026-06-06 02:50:00,0.1573,0.1575,0.1568,0.157,363953.7
2026-06-06 02:55:00,0.1569,0.1569,0.1552,0.1555,1692119.4
2026-06-06 03:00:00,0.1556,0.1557,0.1545,0.1548,1628113.7
2026-06-06 03:05:00,0.1548,0.1559,0.1546,0.1555,1444259.8
2026-06-06 03:10:00,0.1555,0.1561,0.1551,0.1558,679388.4
2026-06-06 03:15:00,0.1559,0.1561,0.1549,0.1555,786281.6
2026-06-06 03:20:00,0.1555,0.1556,0.1538,0.1543,1679519.2
2026-06-06 03:25:00,0.1543,0.1554,0.1541,0.1554,563500.2
2026-06-06 03:30:00,0.1553,0.1554,0.1547,0.155,854704.2
2026-06-06 03:35:00,0.155,0.1561,0.1545,0.1553,1995148.6
2026-06-06 03:40:00,0.1554,0.1554,0.1539,0.1546,2286145.2
2026-06-06 03:45:00,0.1546,0.1554,0.1542,0.1553,2805434.0
2026-06-06 03:50:00,0.1552,0.1556,0.1546,0.1549,580845.4
2026-06-06 03:55:00,0.1549,0.1555,0.1549,0.1552,460969.1
2026-06-06 04:00:00,0.1551,0.156,0.1544,0.1546,2471092.3
2026-06-06 04:05:00,0.1546,0.1546,0.1528,0.1528,2802528.3
2026-06-06 04:10:00,0.1529,0.1536,0.1514,0.1518,5673637.0
2026-06-06 04:15:00,0.1518,0.1528,0.1506,0.1507,2870467.5
2026-06-06 04:20:00,0.1507,0.1516,0.1505,0.1512,5021157.6
2026-06-06 04:25:00,0.1512,0.1519,0.1499,0.1503,7380951.9
2026-06-06 04:30:00,0.1504,0.1506,0.1495,0.1498,4486935.2
2026-06-06 04:35:00,0.1498,0.1508,0.1487,0.149,5028820.3
2026-06-06 04:40:00,0.149,0.15,0.149,0.1496,922080.7
2026-06-06 04:45:00,0.1495,0.1508,0.1492,0.1499,1994377.9
2026-06-06 04:50:00,0.15,0.1507,0.1494,0.1504,2707887.4
2026-06-06 04:55:00,0.1504,0.1505,0.1488,0.1498,1946373.2
2026-06-06 05:00:00,0.1499,0.15,0.1486,0.1496,2966627.7
2026-06-06 05:05:00,0.1496,0.1502,0.1486,0.15,2277925.4
2026-06-06 05:10:00,0.1501,0.1504,0.1492,0.1493,2244008.4
2026-06-06 05:15:00,0.1492,0.1498,0.1488,0.1496,2841762.6
2026-06-06 05:20:00,0.1496,0.1532,0.1495,0.153,19268690.6
2026-06-06 05:25:00,0.1529,0.1533,0.152,0.1528,3245663.5
2026-06-06 05:30:00,0.1528,0.1532,0.1521,0.1522,951506.7
2026-06-06 05:35:00,0.1522,0.1531,0.1521,0.1526,1838145.0
2026-06-06 05:40:00,0.1527,0.1533,0.1524,0.1531,1022800.9
2026-06-06 05:45:00,0.1531,0.1547,0.1529,0.1546,1782373.3
2026-06-06 05:50:00,0.1546,0.1549,0.1528,0.1532,2034599.8
2026-06-06 05:55:00,0.1532,0.154,0.1529,0.1538,1028419.7
2026-06-06 06:00:00,0.1539,0.1549,0.1536,0.1545,2872293.2
2026-06-06 06:05:00,0.1544,0.1549,0.1542,0.1547,2231917.1
2026-06-06 06:10:00,0.1548,0.1553,0.1541,0.1553,1025667.2
2026-06-06 06:15:00,0.1553,0.1553,0.1546,0.1551,1154548.4
2026-06-06 06:20:00,0.155,0.1564,0.155,0.1562,2687028.9
2026-06-06 06:25:00,0.1562,0.1563,0.1556,0.1561,862626.4
2026-06-06 06:30:00,0.1561,0.1563,0.1553,0.1554,2138714.9
2026-06-06 06:35:00,0.1554,0.1563,0.1553,0.1557,1333811.8
2026-06-06 06:40:00,0.1556,0.1559,0.1547,0.1547,865009.3
2026-06-06 06:45:00,0.1548,0.1553,0.1546,0.1549,1026816.2
2026-06-06 06:50:00,0.1549,0.155,0.1542,0.1546,1740695.5
2026-06-06 06:55:00,0.1547,0.1547,0.1539,0.1541,803159.0
2026-06-06 07:00:00,0.1541,0.1547,0.1541,0.1545,346137.8
2026-06-06 07:05:00,0.1545,0.1563,0.1545,0.1559,2207738.6
2026-06-06 07:10:00,0.1558,0.1568,0.1555,0.1568,2589761.4
2026-06-06 07:15:00,0.1568,0.1582,0.1568,0.1577,2907080.5
2026-06-06 07:20:00,0.1578,0.1581,0.1562,0.1566,1632933.1
2026-06-06 07:25:00,0.1566,0.1566,0.156,0.1563,591055.0
2026-06-06 07:30:00,0.1564,0.1573,0.1563,0.1573,821762.9
2026-06-06 07:35:00,0.1573,0.1575,0.1565,0.1572,1223813.3
2026-06-06 07:40:00,0.1572,0.158,0.157,0.1579,1828700.3
2026-06-06 07:45:00,0.158,0.1584,0.1578,0.158,1131449.0
2026-06-06 07:50:00,0.158,0.1581,0.1573,0.1574,1273727.1
2026-06-06 07:55:00,0.1575,0.1579,0.1572,0.1574,737452.8
2026-06-06 08:00:00,0.1574,0.1575,0.1566,0.1568,1202385.8
2026-06-06 08:05:00,0.1569,0.1578,0.1567,0.1578,597411.5
2026-06-06 08:10:00,0.1578,0.1583,0.1576,0.1582,528589.8
2026-06-06 08:15:00,0.1581,0.1584,0.1577,0.158,1083334.5
2026-06-06 08:20:00,0.1581,0.1589,0.158,0.1585,1466465.8
2026-06-06 08:25:00,0.1585,0.16,0.1584,0.1597,3218399.0
2026-06-06 08:30:00,0.1596,0.1599,0.1591,0.1598,1589673.5
2026-06-06 08:35:00,0.1598,0.1598,0.159,0.1593,562794.5
2026-06-06 08:40:00,0.1592,0.1594,0.1587,0.1591,687148.2
2026-06-06 08:45:00,0.159,0.1592,0.1585,0.1587,1029263.8
2026-06-06 08:50:00,0.1588,0.1598,0.1587,0.1593,1074968.5
2026-06-06 08:55:00,0.1593,0.1599,0.1593,0.1595,1080424.6
2026-06-06 09:00:00,0.1595,0.1603,0.1589,0.1592,1407611.0
2026-06-06 09:05:00,0.1592,0.1593,0.1586,0.1591,717814.3
2026-06-06 09:10:00,0.1591,0.1595,0.1589,0.1592,671176.6
2026-06-06 09:15:00,0.1591,0.1594,0.159,0.1592,241302.0
2026-06-06 09:20:00,0.1592,0.1593,0.1589,0.1592,704208.5
2026-06-06 09:25:00,0.1591,0.1598,0.1591,0.1593,2065104.9
2026-06-06 09:30:00,0.1593,0.1593,0.159,0.1591,535265.5
2026-06-06 09:35:00,0.1591,0.1596,0.1587,0.1592,1095265.0
2026-06-06 09:40:00,0.1591,0.1591,0.1581,0.1582,764753.1
2026-06-06 09:45:00,0.1582,0.1583,0.1567,0.1568,1496778.9
2026-06-06 09:50:00,0.1567,0.1573,0.1564,0.1565,1046489.5
2026-06-06 09:55:00,0.1565,0.1569,0.1563,0.1567,603640.8
2026-06-06 10:00:00,0.1567,0.1567,0.1545,0.1554,5286962.3
2026-06-06 10:05:00,0.1555,0.1556,0.155,0.1551,860253.0
2026-06-06 10:10:00,0.155,0.1553,0.1546,0.1549,1460999.7
2026-06-06 10:15:00,0.155,0.1555,0.1547,0.1548,846278.0
2026-06-06 10:20:00,0.1548,0.1558,0.1547,0.1556,634404.9
2026-06-06 10:25:00,0.1556,0.1557,0.1547,0.1548,310349.5
2026-06-06 10:30:00,0.1549,0.1552,0.1539,0.1546,3385765.7
2026-06-06 10:35:00,0.1545,0.1547,0.1536,0.1539,1438732.8
2026-06-06 10:40:00,0.1539,0.1549,0.1538,0.1546,1043015.3
2026-06-06 10:45:00,0.1545,0.1545,0.1538,0.1543,594046.1
2026-06-06 10:50:00,0.1542,0.1544,0.1539,0.1543,822387.5
2026-06-06 10:55:00,0.1542,0.1547,0.1541,0.1545,251296.3
2026-06-06 11:00:00,0.1544,0.1555,0.1544,0.1552,1396213.2
2026-06-06 11:05:00,0.1551,0.1555,0.155,0.1553,539820.0
2026-06-06 11:10:00,0.1552,0.1552,0.1545,0.1547,778845.0
2026-06-06 11:15:00,0.1546,0.1559,0.1544,0.1551,1116733.2
2026-06-06 11:20:00,0.1551,0.1555,0.1547,0.1553,456474.7
2026-06-06 11:25:00,0.1553,0.1559,0.1553,0.1558,161321.3
2026-06-06 11:30:00,0.1558,0.1561,0.1554,0.1557,318362.6
2026-06-06 11:35:00,0.1557,0.1561,0.1554,0.1561,880365.8
2026-06-06 11:40:00,0.1561,0.1561,0.1557,0.156,388317.2
2026-06-06 11:45:00,0.156,0.1566,0.1558,0.1563,432687.7
2026-06-06 11:50:00,0.1563,0.1567,0.1562,0.1565,913304.3
2026-06-06 11:55:00,0.1566,0.1566,0.1559,0.1563,346577.1
2026-06-06 12:00:00,0.1564,0.1566,0.1562,0.1563,665587.4
2026-06-06 12:05:00,0.1562,0.1563,0.1559,0.156,624742.9
2026-06-06 12:10:00,0.1561,0.1561,0.1556,0.1559,418337.1
2026-06-06 12:15:00,0.1559,0.1564,0.1555,0.1558,1021229.6
2026-06-06 12:20:00,0.1558,0.156,0.1553,0.1555,371754.8
2026-06-06 12:25:00,0.1555,0.1558,0.1552,0.1553,777882.3
2026-06-06 12:30:00,0.1552,0.1558,0.155,0.1557,518951.3
2026-06-06 12:35:00,0.1557,0.1559,0.1556,0.1556,537800.2
2026-06-06 12:40:00,0.1556,0.1565,0.1556,0.1564,739434.3
2026-06-06 12:45:00,0.1563,0.1579,0.1563,0.1579,1248089.5
2026-06-06 12:50:00,0.1578,0.1595,0.1576,0.1594,1949696.2
2026-06-06 12:55:00,0.1593,0.1594,0.1584,0.1584,497309.1
2026-06-06 13:00:00,0.1583,0.1591,0.1578,0.159,1302969.9
2026-06-06 13:05:00,0.1589,0.1589,0.1582,0.1586,559594.3
2026-06-06 13:10:00,0.1585,0.1592,0.1585,0.1586,290537.6
2026-06-06 13:15:00,0.1586,0.1587,0.158,0.1581,351206.0
2026-06-06 13:20:00,0.1581,0.1596,0.1581,0.1585,1536708.9
2026-06-06 13:25:00,0.1586,0.1588,0.1584,0.1585,596977.3
2026-06-06 13:30:00,0.1585,0.1586,0.1578,0.1583,831914.3
2026-06-06 13:35:00,0.1584,0.1587,0.1582,0.1584,505684.1
2026-06-06 13:40:00,0.1584,0.1588,0.1583,0.1588,259941.1
2026-06-06 13:45:00,0.1587,0.1595,0.1581,0.1582,1480496.6
2026-06-06 13:50:00,0.1583,0.1589,0.1583,0.1586,357415.1
2026-06-06 13:55:00,0.1587,0.1587,0.1582,0.1586,653472.5
2026-06-06 14:00:00,0.1586,0.1597,0.1583,0.1596,2186220.3
2026-06-06 14:05:00,0.1595,0.1607,0.1594,0.16,1974544.7
2026-06-06 14:10:00,0.16,0.1613,0.1598,0.161,2903606.0
2026-06-06 14:15:00,0.161,0.1617,0.1606,0.161,3223605.1
2026-06-06 14:20:00,0.161,0.1614,0.1605,0.1607,890011.6
2026-06-06 14:25:00,0.1606,0.1606,0.1598,0.1602,2263853.8
2026-06-06 14:30:00,0.1603,0.1604,0.1597,0.1603,1094749.2
2026-06-06 14:35:00,0.1603,0.1612,0.1602,0.1612,1451254.3
2026-06-06 14:40:00,0.1611,0.1615,0.1607,0.1614,1194404.4
2026-06-06 14:45:00,0.1613,0.1616,0.161,0.1615,1215462.8
2026-06-06 14:50:00,0.1614,0.1617,0.161,0.1614,1072187.0
2026-06-06 14:55:00,0.1614,0.1614,0.16,0.16,749797.7
2026-06-06 15:00:00,0.1601,0.1604,0.1584,0.1588,1985727.3
2026-06-06 15:05:00,0.1588,0.1589,0.1573,0.1582,3243565.3
2026-06-06 15:10:00,0.1581,0.1585,0.1578,0.1581,747429.4
2026-06-06 15:15:00,0.158,0.1584,0.1569,0.1574,1671597.0
2026-06-06 15:20:00,0.1574,0.1584,0.1574,0.1577,1912564.0
2026-06-06 15:25:00,0.1576,0.1584,0.1576,0.1583,860073.7
2026-06-06 15:30:00,0.1582,0.1587,0.1577,0.1585,1222475.0
2026-06-06 15:35:00,0.1585,0.1587,0.1578,0.1587,1034749.7
2026-06-06 15:40:00,0.1587,0.1594,0.1586,0.159,1406626.5
2026-06-06 15:45:00,0.159,0.1592,0.1581,0.1585,944845.9
2026-06-06 15:50:00,0.1585,0.1587,0.1578,0.1579,727696.1
2026-06-06 15:55:00,0.1579,0.1588,0.1578,0.1585,429698.7
2026-06-06 16:00:00,0.1584,0.1591,0.1583,0.1591,715205.4
2026-06-06 16:05:00,0.1592,0.1598,0.1591,0.1593,954450.8
2026-06-06 16:10:00,0.1592,0.1595,0.1587,0.1589,439252.7
2026-06-06 16:15:00,0.159,0.1594,0.1589,0.1593,431304.3
2026-06-06 16:20:00,0.1593,0.1593,0.1583,0.1587,422697.5
2026-06-06 16:25:00,0.1586,0.1592,0.1579,0.1582,955864.5
2026-06-06 16:30:00,0.1582,0.1587,0.1576,0.1579,1038758.8
2026-06-06 16:35:00,0.1578,0.1581,0.1575,0.1581,378965.0
2026-06-06 16:40:00,0.1581,0.159,0.1581,0.159,1070409.5
2026-06-06 16:45:00,0.159,0.1602,0.1589,0.16,1504390.6
2026-06-06 16:50:00,0.16,0.1602,0.1595,0.1599,579748.3
2026-06-06 16:55:00,0.1598,0.16,0.1594,0.16,440351.8
2026-06-06 17:00:00,0.16,0.1601,0.1594,0.1597,726999.0
2026-06-06 17:05:00,0.1597,0.1597,0.1588,0.1589,218396.3
2026-06-06 17:10:00,0.1589,0.1589,0.1583,0.1584,444792.9
2026-06-06 17:15:00,0.1584,0.1586,0.1575,0.1579,696482.9
2026-06-06 17:20:00,0.1579,0.1582,0.1572,0.1572,884736.5
2026-06-06 17:25:00,0.1573,0.1576,0.1572,0.1575,316187.4
2026-06-06 17:30:00,0.1575,0.1585,0.1575,0.1584,513935.6
2026-06-06 17:35:00,0.1584,0.1586,0.1575,0.1578,1139910.5
2026-06-06 17:40:00,0.1577,0.1585,0.1574,0.1584,865674.0
2026-06-06 17:45:00,0.1585,0.1588,0.1575,0.1577,1302134.7
2026-06-06 17:50:00,0.1577,0.1584,0.1577,0.1577,642724.1
2026-06-06 17:55:00,0.1577,0.158,0.1571,0.1577,570688.6
2026-06-06 18:00:00,0.1576,0.158,0.1575,0.1577,436904.9
2026-06-06 18:05:00,0.1576,0.1578,0.1574,0.1577,391953.6
2026-06-06 18:10:00,0.1577,0.1586,0.1577,0.1581,566660.5
2026-06-06 18:15:00,0.158,0.1583,0.1574,0.1581,2190354.9
2026-06-06 18:20:00,0.1581,0.1589,0.1581,0.1585,692415.9
2026-06-06 18:25:00,0.1584,0.1588,0.1583,0.1584,1044767.9
2026-06-06 18:30:00,0.1583,0.1583,0.1575,0.1577,1061138.7
2026-06-06 18:35:00,0.1577,0.1581,0.1573,0.1581,430043.1
2026-06-06 18:40:00,0.158,0.158,0.1577,0.1578,497850.5
2026-06-06 18:45:00,0.1578,0.1578,0.1572,0.1573,162756.4
2026-06-06 18:50:00,0.1573,0.1573,0.1567,0.1571,619119.1
2026-06-06 18:55:00,0.1571,0.1574,0.1569,0.1569,478630.7
2026-06-06 19:00:00,0.1569,0.1572,0.1568,0.1569,838261.2
2026-06-06 19:05:00,0.1568,0.1579,0.1568,0.1579,891649.6
2026-06-06 19:10:00,0.1578,0.1582,0.1577,0.1578,295071.0
2026-06-06 19:15:00,0.1577,0.1577,0.1572,0.1575,199386.0
2026-06-06 19:20:00,0.1575,0.1581,0.1571,0.1575,3334336.6
2026-06-06 19:25:00,0.1574,0.1575,0.1573,0.1575,167931.1
2026-06-06 19:30:00,0.1575,0.1575,0.157,0.1573,379877.5
2026-06-06 19:35:00,0.1572,0.1573,0.1569,0.1572,354543.2
2026-06-06 19:40:00,0.1571,0.1571,0.1568,0.1569,217570.9
2026-06-06 19:45:00,0.1569,0.1572,0.1568,0.1571,431291.3
2026-06-06 19:50:00,0.157,0.1571,0.1568,0.1569,598740.5
2026-06-06 19:55:00,0.1568,0.1573,0.1568,0.1569,162932.1
2026-06-06 20:00:00,0.1569,0.157,0.1562,0.1563,623796.3
2026-06-06 20:05:00,0.1564,0.1567,0.1561,0.1567,302698.1
2026-06-06 20:10:00,0.1568,0.1571,0.1566,0.157,181685.5
2026-06-06 20:15:00,0.157,0.1574,0.1567,0.1569,383866.9
2026-06-06 20:20:00,0.1568,0.1571,0.1567,0.157,566164.8
2026-06-06 20:25:00,0.1569,0.1571,0.1567,0.1568,219253.5
2026-06-06 20:30:00,0.1567,0.1569,0.1562,0.1568,904114.2
2026-06-06 20:35:00,0.1568,0.1575,0.1566,0.1568,506485.0
2026-06-06 20:40:00,0.1569,0.1572,0.1567,0.1571,580552.8
2026-06-06 20:45:00,0.157,0.1571,0.1566,0.1571,595033.7
2026-06-06 20:50:00,0.1571,0.1575,0.1571,0.1573,89803.7
2026-06-06 20:55:00,0.1573,0.1574,0.157,0.1571,700550.1
2026-06-06 21:00:00,0.157,0.1574,0.1569,0.1572,326791.2
2026-06-06 21:05:00,0.1572,0.1574,0.1571,0.1572,139166.7
2026-06-06 21:10:00,0.1573,0.1584,0.1573,0.1581,798396.7
2026-06-06 21:15:00,0.1582,0.1584,0.1579,0.158,861205.3
2026-06-06 21:20:00,0.1581,0.1587,0.158,0.1584,568229.5
2026-06-06 21:25:00,0.1584,0.1585,0.1579,0.1581,224752.1
2026-06-06 21:30:00,0.158,0.1587,0.158,0.1587,277880.8
2026-06-06 21:35:00,0.1587,0.1587,0.1578,0.1578,403276.6
2026-06-06 21:40:00,0.1579,0.1582,0.1578,0.158,218256.0
2026-06-06 21:45:00,0.158,0.158,0.1578,0.1579,128121.1
2026-06-06 21:50:00,0.158,0.1581,0.1578,0.1578,128985.5
2026-06-06 21:55:00,0.1578,0.1578,0.157,0.157,629538.9
2026-06-06 22:00:00,0.157,0.1573,0.1563,0.1564,636979.1
2026-06-06 22:05:00,0.1563,0.1564,0.1559,0.1559,522580.2
2026-06-06 22:10:00,0.1559,0.1564,0.1557,0.1564,606976.7
2026-06-06 22:15:00,0.1563,0.1571,0.1562,0.1569,465774.3
2026-06-06 22:20:00,0.1569,0.1571,0.1563,0.1563,420497.4
2026-06-06 22:25:00,0.1563,0.1566,0.1561,0.1563,498583.1
2026-06-06 22:30:00,0.1564,0.157,0.1563,0.1564,319269.6
2026-06-06 22:35:00,0.1564,0.1567,0.1562,0.1562,289669.3
2026-06-06 22:40:00,0.1562,0.1564,0.1561,0.1563,129977.2
2026-06-06 22:45:00,0.1563,0.1565,0.1561,0.1565,395102.2
2026-06-06 22:50:00,0.1565,0.1568,0.1563,0.1568,145762.9
2026-06-06 22:55:00,0.1568,0.1568,0.1559,0.1559,718711.0
2026-06-06 23:00:00,0.1559,0.1563,0.1556,0.1561,461992.6
2026-06-06 23:05:00,0.1562,0.1565,0.1561,0.1564,197316.7
2026-06-06 23:10:00,0.1565,0.1567,0.1563,0.1563,497027.2
2026-06-06 23:15:00,0.1563,0.1563,0.156,0.1561,505431.9
2026-06-06 23:20:00,0.1561,0.1564,0.1559,0.1559,555631.0
2026-06-06 23:25:00,0.1558,0.1564,0.1557,0.1563,733438.0
2026-06-06 23:30:00,0.1563,0.1565,0.1561,0.1565,829560.5
2026-06-06 23:35:00,0.1565,0.1569,0.1564,0.1569,566140.1
2026-06-06 23:40:00,0.1569,0.1577,0.1568,0.1573,1429815.8
2026-06-06 23:45:00,0.1573,0.1573,0.1567,0.1571,758245.0
2026-06-06 23:50:00,0.1572,0.1572,0.1569,0.1572,306388.4
2026-06-06 23:55:00,0.1573,0.1576,0.1571,0.1573,618678.4
2026-06-07 00:00:00,0.1574,0.158,0.1573,0.1577,726306.7
2026-06-07 00:05:00,0.1577,0.1577,0.1569,0.1571,393820.2
2026-06-07 00:10:00,0.1571,0.1571,0.1568,0.157,392120.5
2026-06-07 00:15:00,0.157,0.1575,0.157,0.1575,328902.4
2026-06-07 00:20:00,0.1574,0.1575,0.1571,0.1573,220815.8
2026-06-07 00:25:00,0.1573,0.1578,0.1572,0.1578,403766.7
2026-06-07 00:30:00,0.1579,0.1585,0.1579,0.1582,499332.8
2026-06-07 00:35:00,0.1582,0.1583,0.1577,0.1578,285525.5
2026-06-07 00:40:00,0.1578,0.1578,0.1571,0.1571,114204.6
2026-06-07 00:45:00,0.1571,0.1576,0.157,0.1574,219151.8
2026-06-07 00:50:00,0.1575,0.1578,0.1575,0.1578,104116.1
2026-06-07 00:55:00,0.1577,0.1577,0.1575,0.1575,193057.5
2026-06-07 01:00:00,0.1575,0.1589,0.1572,0.1589,689882.3
2026-06-07 01:05:00,0.1589,0.161,0.1588,0.1607,3877063.3
2026-06-07 01:10:00,0.1607,0.1608,0.1601,0.1605,960850.2
2026-06-07 01:15:00,0.1605,0.1615,0.1602,0.1612,1572942.6
2026-06-07 01:20:00,0.1612,0.1613,0.1604,0.161,792149.3
2026-06-07 01:25:00,0.161,0.162,0.1609,0.1616,957502.1
2026-06-07 01:30:00,0.1616,0.1617,0.1607,0.1615,1470655.9
2026-06-07 01:35:00,0.1614,0.162,0.1614,0.1615,1502228.3
2026-06-07 01:40:00,0.1615,0.1616,0.1611,0.1613,240795.4
2026-06-07 01:45:00,0.1613,0.1615,0.1606,0.161,1463982.9
2026-06-07 01:50:00,0.161,0.1612,0.1608,0.161,230687.8
2026-06-07 01:55:00,0.161,0.161,0.1606,0.161,598222.3
2026-06-07 02:00:00,0.161,0.1615,0.1608,0.1612,387185.8
2026-06-07 02:05:00,0.1612,0.1618,0.1612,0.1617,328808.8
2026-06-07 02:10:00,0.1617,0.1617,0.1611,0.1611,537313.0
2026-06-07 02:15:00,0.1611,0.1612,0.1601,0.1603,1623263.3
2026-06-07 02:20:00,0.1602,0.161,0.1595,0.1607,1509158.2
2026-06-07 02:25:00,0.1607,0.1608,0.1597,0.1601,600058.9
2026-06-07 02:30:00,0.16,0.1604,0.1597,0.16,1150564.0
2026-06-07 02:35:00,0.1601,0.1603,0.1598,0.1601,462836.8
2026-06-07 02:40:00,0.1601,0.1607,0.1601,0.1607,826688.2
2026-06-07 02:45:00,0.1607,0.1614,0.1606,0.1611,1106113.8
2026-06-07 02:50:00,0.1611,0.1614,0.1605,0.1608,381331.2
2026-06-07 02:55:00,0.1609,0.1612,0.1608,0.1609,268465.3
2026-06-07 03:00:00,0.1608,0.161,0.1604,0.161,683296.4
2026-06-07 03:05:00,0.161,0.1613,0.1608,0.1613,435547.5
2026-06-07 03:10:00,0.1612,0.1617,0.1611,0.1614,1196094.2
2026-06-07 03:15:00,0.1613,0.1621,0.161,0.162,1042211.3
2026-06-07 03:20:00,0.162,0.1622,0.1614,0.1617,772431.4
2026-06-07 03:25:00,0.1618,0.162,0.1613,0.162,683580.2
2026-06-07 03:30:00,0.162,0.162,0.1615,0.1615,948140.1
2026-06-07 03:35:00,0.1615,0.1617,0.1606,0.1608,318797.5
2026-06-07 03:40:00,0.1607,0.1609,0.1603,0.1609,335641.0
2026-06-07 03:45:00,0.1608,0.161,0.1606,0.1609,398205.9
2026-06-07 03:50:00,0.1609,0.1614,0.1608,0.1613,238378.1
2026-06-07 03:55:00,0.1613,0.1616,0.1613,0.1614,223328.1
2026-06-07 04:00:00,0.1614,0.1615,0.1611,0.1615,350422.9
2026-06-07 04:05:00,0.1615,0.1617,0.1612,0.1613,424731.7
2026-06-07 04:10:00,0.1612,0.1613,0.161,0.1611,642909.2
2026-06-07 04:15:00,0.161,0.1611,0.1603,0.1607,770492.0
2026-06-07 04:20:00,0.1606,0.1606,0.16,0.16,287534.3
2026-06-07 04:25:00,0.1599,0.1602,0.1597,0.16,285555.1
2026-06-07 04:30:00,0.16,0.1605,0.1599,0.1604,373812.3
2026-06-07 04:35:00,0.1604,0.1615,0.1604,0.1613,1088820.2
2026-06-07 04:40:00,0.1614,0.1624,0.1612,0.1618,1351477.3
2026-06-07 04:45:00,0.1618,0.1621,0.1613,0.1621,697859.6
2026-06-07 04:50:00,0.162,0.1624,0.1618,0.162,900412.1
2026-06-07 04:55:00,0.162,0.1629,0.1618,0.1622,3420879.3
2026-06-07 05:00:00,0.1622,0.1623,0.1613,0.1613,533890.7
2026-06-07 05:05:00,0.1613,0.1614,0.1609,0.161,255709.7
2026-06-07 05:10:00,0.1609,0.1617,0.1608,0.1612,1834714.3
2026-06-07 05:15:00,0.1611,0.162,0.1609,0.1615,1178679.5
2026-06-07 05:20:00,0.1615,0.1615,0.1607,0.1611,847470.1
2026-06-07 05:25:00,0.1611,0.1614,0.161,0.1612,228995.7
2026-06-07 05:30:00,0.1611,0.1614,0.1607,0.1613,389974.0
2026-06-07 05:35:00,0.1613,0.1618,0.1613,0.1616,335736.7
2026-06-07 05:40:00,0.1616,0.1618,0.1612,0.1617,779824.7
2026-06-07 05:45:00,0.1617,0.1617,0.1612,0.1612,275998.7
2026-06-07 05:50:00,0.1613,0.1614,0.1611,0.1612,478182.4
2026-06-07 05:55:00,0.1612,0.1614,0.161,0.1612,515653.5
2026-06-07 06:00:00,0.1612,0.1613,0.1604,0.1606,555990.3
2026-06-07 06:05:00,0.1605,0.1606,0.1601,0.1605,319628.0
2026-06-07 06:10:00,0.1605,0.1606,0.1601,0.1603,1348039.8
2026-06-07 06:15:00,0.1603,0.161,0.1602,0.1608,861959.7
2026-06-07 06:20:00,0.1608,0.1612,0.1605,0.1611,519249.8
2026-06-07 06:25:00,0.161,0.1617,0.1608,0.1616,781677.3
2026-06-07 06:30:00,0.1616,0.162,0.1614,0.162,898157.6
2026-06-07 06:35:00,0.162,0.1625,0.1617,0.1622,1620085.0
2026-06-07 06:40:00,0.1623,0.1631,0.162,0.1622,2520236.9
2026-06-07 06:45:00,0.1621,0.1623,0.1617,0.1618,260480.6
2026-06-07 06:50:00,0.1618,0.162,0.1611,0.1614,720155.6
2026-06-07 06:55:00,0.1614,0.1616,0.1612,0.1612,193753.5
2026-06-07 07:00:00,0.1612,0.1616,0.1607,0.1613,1052958.7
2026-06-07 07:05:00,0.1613,0.1621,0.1613,0.1621,1202042.2
2026-06-07 07:10:00,0.1621,0.1621,0.1614,0.1615,373610.8
2026-06-07 07:15:00,0.1615,0.1618,0.161,0.1613,387021.3
2026-06-07 07:20:00,0.1613,0.1619,0.1612,0.1619,1785323.5
2026-06-07 07:25:00,0.162,0.1622,0.1618,0.162,326986.6
2026-06-07 07:30:00,0.162,0.1621,0.1616,0.1618,566254.4
2026-06-07 07:35:00,0.1618,0.1621,0.1618,0.1621,265249.8
2026-06-07 07:40:00,0.1621,0.1624,0.162,0.1621,750671.8
2026-06-07 07:45:00,0.162,0.1626,0.1619,0.162,396293.6
2026-06-07 07:50:00,0.1619,0.1626,0.1619,0.1625,708686.6
2026-06-07 07:55:00,0.1625,0.1625,0.1621,0.1624,930710.3
2026-06-07 08:00:00,0.1624,0.1624,0.1619,0.162,554704.6
2026-06-07 08:05:00,0.1621,0.1623,0.1617,0.1622,1517061.7
2026-06-07 08:10:00,0.1622,0.1623,0.1619,0.1622,341117.2
2026-06-07 08:15:00,0.1623,0.1623,0.1618,0.1621,678895.9
2026-06-07 08:20:00,0.1621,0.1626,0.162,0.1626,345997.9
2026-06-07 08:25:00,0.1625,0.1631,0.1624,0.163,1762139.1
2026-06-07 08:30:00,0.1629,0.1632,0.1628,0.163,463543.3
2026-06-07 08:35:00,0.163,0.1644,0.1629,0.1638,2185006.0
2026-06-07 08:40:00,0.1637,0.1641,0.1631,0.1641,564684.4
2026-06-07 08:45:00,0.1641,0.165,0.1638,0.1647,2709540.2
2026-06-07 08:50:00,0.1647,0.1648,0.1644,0.1648,973687.7
2026-06-07 08:55:00,0.1647,0.1655,0.1644,0.1651,2311292.6
2026-06-07 09:00:00,0.165,0.1666,0.1649,0.1661,4587155.7
2026-06-07 09:05:00,0.166,0.1668,0.1659,0.1661,3964707.7
2026-06-07 09:10:00,0.1661,0.1665,0.1659,0.1664,1040803.6
2026-06-07 09:15:00,0.1664,0.167,0.1663,0.1666,2313461.2
2026-06-07 09:20:00,0.1665,0.1665,0.165,0.1652,2081876.7
2026-06-07 09:25:00,0.1652,0.166,0.1651,0.166,864231.2
2026-06-07 09:30:00,0.166,0.166,0.1648,0.1651,621575.8
2026-06-07 09:35:00,0.1651,0.1657,0.1651,0.1657,605155.9
2026-06-07 09:40:00,0.1656,0.1656,0.1649,0.1651,521920.2
2026-06-07 09:45:00,0.1652,0.1653,0.1647,0.165,835285.6
2026-06-07 09:50:00,0.1651,0.1656,0.1651,0.1654,403063.5
2026-06-07 09:55:00,0.1654,0.1654,0.1649,0.1651,229879.0
2026-06-07 10:00:00,0.1651,0.1653,0.1642,0.1645,1434347.5
2026-06-07 10:05:00,0.1645,0.1646,0.1635,0.1635,1150379.0
2026-06-07 10:10:00,0.1636,0.1645,0.1636,0.1642,389792.3
2026-06-07 10:15:00,0.1641,0.1653,0.1641,0.1652,582591.0
2026-06-07 10:20:00,0.1651,0.1658,0.1649,0.1658,686406.1
2026-06-07 10:25:00,0.1657,0.1658,0.1652,0.1658,785412.2
2026-06-07 10:30:00,0.1657,0.1661,0.1648,0.1649,941608.4
2026-06-07 10:35:00,0.165,0.1651,0.1647,0.1651,666531.3
2026-06-07 10:40:00,0.1652,0.1654,0.1649,0.1651,773119.4
2026-06-07 10:45:00,0.1651,0.1651,0.164,0.1643,1352403.6
2026-06-07 10:50:00,0.1643,0.1647,0.164,0.1644,193996.5
2026-06-07 10:55:00,0.1645,0.1649,0.1643,0.1643,693207.9
2026-06-07 11:00:00,0.1642,0.1646,0.1642,0.1642,1087811.7
2026-06-07 11:05:00,0.1641,0.1645,0.1639,0.1643,1048073.5
2026-06-07 11:10:00,0.1644,0.1644,0.1641,0.1643,1321678.6
2026-06-07 11:15:00,0.1642,0.1646,0.164,0.1642,574582.9
2026-06-07 11:20:00,0.1641,0.1644,0.164,0.1643,138383.1
2026-06-07 11:25:00,0.1642,0.1646,0.1641,0.1646,341405.5
2026-06-07 11:30:00,0.1646,0.1646,0.1639,0.1646,709612.8
2026-06-07 11:35:00,0.1646,0.1655,0.1646,0.1651,1857459.6
2026-06-07 11:40:00,0.1651,0.1653,0.165,0.1652,419688.8
2026-06-07 11:45:00,0.1652,0.1656,0.1649,0.1656,1461543.0
2026-06-07 11:50:00,0.1655,0.1655,0.1647,0.165,1201794.6
2026-06-07 11:55:00,0.165,0.165,0.1645,0.1647,559908.6
2026-06-07 12:00:00,0.1647,0.165,0.1643,0.1644,1041161.4
2026-06-07 12:05:00,0.1644,0.1645,0.163,0.1634,1215153.1
2026-06-07 12:10:00,0.1633,0.1634,0.1616,0.1619,1895581.4
2026-06-07 12:15:00,0.1619,0.1627,0.1613,0.1618,1414235.5
2026-06-07 12:20:00,0.1619,0.1623,0.1611,0.1613,1263249.4
2026-06-07 12:25:00,0.1614,0.162,0.1613,0.1619,948920.0
2026-06-07 12:30:00,0.1618,0.1621,0.1613,0.1617,1111299.5
2026-06-07 12:35:00,0.1618,0.1621,0.1616,0.1617,596314.5
2026-06-07 12:40:00,0.1617,0.162,0.1605,0.1609,2903912.0
2026-06-07 12:45:00,0.161,0.1617,0.1608,0.1617,561094.0
2026-06-07 12:50:00,0.1617,0.1619,0.1612,0.1616,740584.4
2026-06-07 12:55:00,0.1616,0.1619,0.1612,0.1616,420279.5
2026-06-07 13:00:00,0.1616,0.1617,0.1612,0.1614,751056.2
2026-06-07 13:05:00,0.1614,0.162,0.1612,0.1619,611520.2
2026-06-07 13:10:00,0.1618,0.1619,0.1615,0.1619,279637.2
2026-06-07 13:15:00,0.1619,0.1619,0.1612,0.1613,316767.8
2026-06-07 13:20:00,0.1613,0.1615,0.1612,0.1614,164379.4
2026-06-07 13:25:00,0.1614,0.162,0.1614,0.1616,676836.4
2026-06-07 13:30:00,0.1616,0.1618,0.1614,0.1617,380683.7
2026-06-07 13:35:00,0.1616,0.1616,0.1609,0.1611,278452.7
2026-06-07 13:40:00,0.1612,0.1617,0.161,0.1617,389560.7
2026-06-07 13:45:00,0.1617,0.1618,0.1615,0.1615,320011.6
2026-06-07 13:50:00,0.1615,0.1623,0.1615,0.1621,1136531.0
2026-06-07 13:55:00,0.1621,0.1623,0.1617,0.1619,1434070.6
2026-06-07 14:00:00,0.162,0.1628,0.1619,0.1625,517341.0
2026-06-07 14:05:00,0.1626,0.1626,0.1619,0.162,289576.0
2026-06-07 14:10:00,0.162,0.162,0.1618,0.1619,254541.4
2026-06-07 14:15:00,0.1619,0.1625,0.1618,0.1622,581982.9
2026-06-07 14:20:00,0.1623,0.1635,0.1623,0.1633,1470515.5
2026-06-07 14:25:00,0.1633,0.1639,0.1629,0.163,1751967.2
2026-06-07 14:30:00,0.1631,0.1638,0.1631,0.1637,1352446.2
2026-06-07 14:35:00,0.1637,0.1639,0.1631,0.1632,233095.0
2026-06-07 14:40:00,0.1631,0.1631,0.1624,0.1626,906825.6
2026-06-07 14:45:00,0.1626,0.1627,0.1618,0.1621,966265.1
2026-06-07 14:50:00,0.1621,0.1628,0.1619,0.1624,424290.1
2026-06-07 14:55:00,0.1623,0.1629,0.1621,0.1627,686412.2
2026-06-07 15:00:00,0.1626,0.1627,0.1619,0.1622,920875.3
2026-06-07 15:05:00,0.1622,0.1626,0.1619,0.1626,815949.8
2026-06-07 15:10:00,0.1625,0.1625,0.162,0.1624,318475.8
2026-06-07 15:15:00,0.1624,0.1627,0.1619,0.162,895651.4
2026-06-07 15:20:00,0.162,0.1623,0.1618,0.1623,247789.8
2026-06-07 15:25:00,0.1623,0.1626,0.1621,0.1625,324999.4
2026-06-07 15:30:00,0.1625,0.1626,0.1619,0.1623,664626.1
2026-06-07 15:35:00,0.1624,0.1625,0.162,0.1624,1356693.3
2026-06-07 15:40:00,0.1624,0.1629,0.1623,0.1628,187696.4
2026-06-07 15:45:00,0.1627,0.1627,0.162,0.1622,422749.3
2026-06-07 15:50:00,0.1621,0.1625,0.1619,0.162,962764.8
2026-06-07 15:55:00,0.1619,0.1622,0.1616,0.1622,653645.4
2026-06-07 16:00:00,0.1623,0.1626,0.1622,0.1624,665790.5
2026-06-07 16:05:00,0.1625,0.1627,0.1622,0.1624,804722.7
2026-06-07 16:10:00,0.1623,0.1627,0.162,0.1626,258068.1
2026-06-07 16:15:00,0.1627,0.163,0.1625,0.1627,210875.7
2026-06-07 16:20:00,0.1626,0.163,0.1623,0.1624,849120.4
2026-06-07 16:25:00,0.1623,0.1625,0.1621,0.1623,402675.0
2026-06-07 16:30:00,0.1624,0.163,0.1622,0.1629,283756.8
2026-06-07 16:35:00,0.1628,0.163,0.1627,0.1628,185729.8
2026-06-07 16:40:00,0.1628,0.1629,0.1624,0.1624,112724.9
2026-06-07 16:45:00,0.1624,0.163,0.1624,0.163,153653.2
2026-06-07 16:50:00,0.163,0.1631,0.1628,0.163,415831.7
2026-06-07 16:55:00,0.1629,0.1629,0.1621,0.1626,287714.9
2026-06-07 17:00:00,0.1626,0.1632,0.1622,0.1632,606115.4
2026-06-07 17:05:00,0.1631,0.1637,0.163,0.1636,302617.6
2026-06-07 17:10:00,0.1636,0.1638,0.1633,0.1634,450301.4
2026-06-07 17:15:00,0.1633,0.1637,0.1633,0.1636,425405.0
2026-06-07 17:20:00,0.1636,0.164,0.1635,0.1636,373933.8
2026-06-07 17:25:00,0.1636,0.1638,0.1634,0.1637,395018.1
2026-06-07 17:30:00,0.1637,0.1638,0.1634,0.1635,212516.4
2026-06-07 17:35:00,0.1635,0.1639,0.1633,0.1637,312138.0
2026-06-07 17:40:00,0.1637,0.1639,0.1636,0.1637,310077.1
2026-06-07 17:45:00,0.1636,0.1638,0.1629,0.1633,520252.5
2026-06-07 17:50:00,0.1633,0.1634,0.1625,0.163,340086.6
2026-06-07 17:55:00,0.163,0.1631,0.1628,0.163,737688.0
2026-06-07 18:00:00,0.163,0.1637,0.1629,0.163,1930554.4
2026-06-07 18:05:00,0.1631,0.1636,0.163,0.1636,820255.3
2026-06-07 18:10:00,0.1636,0.1637,0.1632,0.1634,325110.6
2026-06-07 18:15:00,0.1635,0.1636,0.1627,0.163,214280.0
2026-06-07 18:20:00,0.1629,0.163,0.1627,0.1627,313794.9
2026-06-07 18:25:00,0.1627,0.1627,0.1624,0.1626,349602.1
2026-06-07 18:30:00,0.1626,0.1631,0.1626,0.1627,696105.3
2026-06-07 18:35:00,0.1627,0.1627,0.1621,0.1623,483285.6
2026-06-07 18:40:00,0.1623,0.1624,0.1622,0.1624,142851.9
2026-06-07 18:45:00,0.1623,0.1627,0.1621,0.1621,114970.9
2026-06-07 18:50:00,0.1622,0.1626,0.1619,0.1626,282153.3
2026-06-07 18:55:00,0.1626,0.1626,0.1619,0.1619,341336.5
2026-06-07 19:00:00,0.162,0.162,0.1603,0.1612,1153963.3
2026-06-07 19:05:00,0.1611,0.1612,0.1599,0.1599,4214577.9
2026-06-07 19:10:00,0.1599,0.1611,0.1599,0.1604,1576698.1
2026-06-07 19:15:00,0.1603,0.1603,0.159,0.1592,4093220.0
2026-06-07 19:20:00,0.1592,0.1598,0.1591,0.1593,1062228.8
2026-06-07 19:25:00,0.1593,0.1595,0.1585,0.1595,2289361.6
2026-06-07 19:30:00,0.1594,0.1594,0.1586,0.1587,1210382.9
2026-06-07 19:35:00,0.1587,0.159,0.1584,0.1587,594622.0
2026-06-07 19:40:00,0.1587,0.1588,0.158,0.1584,1141541.5
2026-06-07 19:45:00,0.1584,0.1589,0.158,0.1587,661544.0
2026-06-07 19:50:00,0.1586,0.1591,0.1584,0.1587,1493416.5
2026-06-07 19:55:00,0.1588,0.1588,0.1585,0.1586,646785.9
2026-06-07 20:00:00,0.1585,0.1591,0.1581,0.1591,497823.3
2026-06-07 20:05:00,0.159,0.1594,0.1589,0.1593,476842.9
2026-06-07 20:10:00,0.1594,0.1599,0.1593,0.1594,648257.4
2026-06-07 20:15:00,0.1595,0.1599,0.1591,0.1598,933035.1
2026-06-07 20:20:00,0.1599,0.1609,0.1598,0.1604,1428779.4
2026-06-07 20:25:00,0.1604,0.1607,0.1602,0.1606,804734.6
2026-06-07 20:30:00,0.1605,0.1609,0.1605,0.1605,349220.8
2026-06-07 20:35:00,0.1606,0.1606,0.1602,0.1603,359958.5
2026-06-07 20:40:00,0.1602,0.1606,0.16,0.1606,241504.0
2026-06-07 20:45:00,0.1605,0.1605,0.1602,0.1604,414292.8
2026-06-07 20:50:00,0.1605,0.161,0.1605,0.1607,311766.9
2026-06-07 20:55:00,0.1607,0.1609,0.1605,0.1608,117929.9
2026-06-07 21:00:00,0.1608,0.161,0.1601,0.1602,847442.0
2026-06-07 21:05:00,0.1601,0.1604,0.1599,0.1601,462481.7
2026-06-07 21:10:00,0.1601,0.1615,0.1601,0.1608,987092.1
2026-06-07 21:15:00,0.1608,0.1609,0.1604,0.1605,311720.8
2026-06-07 21:20:00,0.1604,0.1605,0.1601,0.1603,504948.4
2026-06-07 21:25:00,0.1604,0.1608,0.1604,0.1605,151576.6
2026-06-07 21:30:00,0.1606,0.1606,0.1601,0.1602,231366.3
2026-06-07 21:35:00,0.1601,0.1605,0.16,0.1604,391320.2
2026-06-07 21:40:00,0.1604,0.1604,0.1599,0.1603,451794.5
2026-06-07 21:45:00,0.1603,0.1605,0.16,0.16,367523.5
2026-06-07 21:50:00,0.1601,0.1602,0.1596,0.1602,1121308.1
2026-06-07 21:55:00,0.1602,0.1609,0.1602,0.1607,273655.4
2026-06-07 22:00:00,0.1608,0.1614,0.1606,0.1609,636378.2
2026-06-07 22:05:00,0.1609,0.1615,0.1606,0.1615,437387.9
2026-06-07 22:10:00,0.1614,0.1672,0.1611,0.1669,7722542.8
2026-06-07 22:15:00,0.1669,0.1688,0.1659,0.1659,10942781.1
2026-06-07 22:20:00,0.1659,0.1662,0.1651,0.1656,2238954.8
2026-06-07 22:25:00,0.1655,0.1662,0.1651,0.1656,1344251.0
2026-06-07 22:30:00,0.1657,0.1662,0.1645,0.1654,2248911.6
2026-06-07 22:35:00,0.1654,0.1664,0.1649,0.165,2217667.8
2026-06-07 22:40:00,0.165,0.1656,0.1649,0.1656,717933.2
2026-06-07 22:45:00,0.1656,0.166,0.1653,0.1657,666509.4
2026-06-07 22:50:00,0.1656,0.1658,0.1649,0.165,745245.5
2026-06-07 22:55:00,0.165,0.1651,0.164,0.1646,824574.1
2026-06-07 23:00:00,0.1645,0.1654,0.1644,0.1649,1262562.4
2026-06-07 23:05:00,0.1649,0.1652,0.1646,0.1649,308432.5
2026-06-07 23:10:00,0.165,0.1656,0.165,0.1656,466111.3
2026-06-07 23:15:00,0.1656,0.1657,0.1645,0.1649,428011.6
2026-06-07 23:20:00,0.1648,0.1652,0.1646,0.1651,943406.2
2026-06-07 23:25:00,0.165,0.1661,0.165,0.1659,838613.1
2026-06-07 23:30:00,0.1659,0.1662,0.1655,0.1656,477497.1
2026-06-07 23:35:00,0.1656,0.1657,0.1651,0.1656,491524.8
2026-06-07 23:40:00,0.1657,0.1658,0.1651,0.1654,551683.2
2026-06-07 23:45:00,0.1654,0.1662,0.1653,0.1654,916193.7
2026-06-07 23:50:00,0.1654,0.1655,0.1649,0.1651,1175837.0
2026-06-07 23:55:00,0.165,0.1653,0.1648,0.1653,482140.0
2026-06-08 00:00:00,0.1653,0.1659,0.1649,0.1655,584151.0
2026-06-08 00:05:00,0.1654,0.1654,0.1645,0.1646,421280.4
2026-06-08 00:10:00,0.1646,0.1647,0.1642,0.1644,518193.4
2026-06-08 00:15:00,0.1644,0.1647,0.1643,0.1644,611950.9
2026-06-08 00:20:00,0.1644,0.1649,0.1642,0.1647,934748.7
2026-06-08 00:25:00,0.1647,0.1658,0.1646,0.1657,369542.8
2026-06-08 00:30:00,0.1656,0.1663,0.1653,0.1655,389150.7
2026-06-08 00:35:00,0.1654,0.1666,0.1653,0.1666,479113.9
2026-06-08 00:40:00,0.1665,0.1666,0.1657,0.1659,1058981.7
2026-06-08 00:45:00,0.1658,0.1662,0.1652,0.1661,1280785.9
2026-06-08 00:50:00,0.1661,0.1663,0.1656,0.1657,346835.3
2026-06-08 00:55:00,0.1658,0.1658,0.165,0.1654,810418.9
2026-06-08 01:00:00,0.1654,0.1654,0.1644,0.1646,516544.0
2026-06-08 01:05:00,0.1646,0.1646,0.1642,0.1642,313492.0
2026-06-08 01:10:00,0.1641,0.1642,0.1629,0.1629,695911.9
2026-06-08 01:15:00,0.1629,0.1631,0.1623,0.1627,1105157.6
2026-06-08 01:20:00,0.1627,0.163,0.1623,0.1623,460331.3
2026-06-08 01:25:00,0.1623,0.1629,0.1619,0.1621,725324.5
2026-06-08 01:30:00,0.1621,0.1623,0.1615,0.1621,775770.6
2026-06-08 01:35:00,0.1621,0.1626,0.1621,0.1624,808260.1
2026-06-08 01:40:00,0.1624,0.163,0.1624,0.1629,734032.5
2026-06-08 01:45:00,0.1629,0.1632,0.1626,0.1627,795522.8
2026-06-08 01:50:00,0.1626,0.163,0.1624,0.1629,344621.3
2026-06-08 01:55:00,0.163,0.1635,0.1629,0.1633,208677.5
2026-06-08 02:00:00,0.1634,0.1636,0.1631,0.1632,537134.1
2026-06-08 02:05:00,0.1633,0.1639,0.1633,0.1634,141681.2
2026-06-08 02:10:00,0.1635,0.164,0.1635,0.1639,335978.0
2026-06-08 02:15:00,0.1638,0.1639,0.1634,0.1634,217342.2
2026-06-08 02:20:00,0.1635,0.1641,0.1635,0.164,385526.9
2026-06-08 02:25:00,0.1641,0.1643,0.1634,0.1638,1234405.2
2026-06-08 02:30:00,0.1637,0.1639,0.1631,0.1632,560400.3
2026-06-08 02:35:00,0.1631,0.1636,0.1628,0.1633,514410.9
2026-06-08 02:40:00,0.1633,0.1638,0.1631,0.1638,223046.3
2026-06-08 02:45:00,0.1638,0.1639,0.1633,0.1637,354688.3
2026-06-08 02:50:00,0.1637,0.1639,0.1634,0.1637,645716.1
2026-06-08 02:55:00,0.1637,0.1637,0.1634,0.1636,258789.8
2026-06-08 03:00:00,0.1635,0.1642,0.1635,0.1639,971216.7
2026-06-08 03:05:00,0.1638,0.1645,0.1637,0.1644,737735.6
2026-06-08 03:10:00,0.1643,0.1651,0.1643,0.1645,1580345.8
2026-06-08 03:15:00,0.1644,0.1645,0.1639,0.1639,312693.0
2026-06-08 03:20:00,0.1638,0.1643,0.1636,0.1638,514358.6
2026-06-08 03:25:00,0.1637,0.1638,0.1631,0.1632,510911.4
2026-06-08 03:30:00,0.1631,0.1635,0.1631,0.1632,273512.9
2026-06-08 03:35:00,0.1633,0.1634,0.1629,0.1632,143860.7
2026-06-08 03:40:00,0.1632,0.1636,0.1632,0.1633,200664.7
2026-06-08 03:45:00,0.1634,0.1635,0.1633,0.1634,176119.7
2026-06-08 03:50:00,0.1634,0.1641,0.1633,0.1639,873173.4
2026-06-08 03:55:00,0.1639,0.1641,0.1638,0.1641,163665.3
2026-06-08 04:00:00,0.1641,0.1644,0.1634,0.1635,367837.0
2026-06-08 04:05:00,0.1634,0.1634,0.1627,0.1632,461906.7
2026-06-08 04:10:00,0.1633,0.1634,0.163,0.1633,196295.5
2026-06-08 04:15:00,0.1633,0.1633,0.1626,0.1626,400829.6
2026-06-08 04:20:00,0.1625,0.1625,0.1622,0.1624,484294.3
2026-06-08 04:25:00,0.1624,0.1628,0.1623,0.1626,247640.5
2026-06-08 04:30:00,0.1626,0.1627,0.1621,0.1622,442656.0
2026-06-08 04:35:00,0.1622,0.1623,0.1613,0.1616,1005288.1
2026-06-08 04:40:00,0.1616,0.1617,0.1614,0.1615,480756.2
2026-06-08 04:45:00,0.1615,0.162,0.1611,0.1616,507997.8
2026-06-08 04:50:00,0.1616,0.1619,0.1614,0.1618,440385.6
2026-06-08 04:55:00,0.1617,0.162,0.1615,0.1615,556880.7
2026-06-08 05:00:00,0.1614,0.162,0.1614,0.1615,478044.4
2026-06-08 05:05:00,0.1616,0.1616,0.1609,0.1612,563688.2
2026-06-08 05:10:00,0.1613,0.1614,0.1604,0.1605,559924.0
2026-06-08 05:15:00,0.1604,0.1612,0.1602,0.1611,1990134.3
2026-06-08 05:20:00,0.161,0.1614,0.1608,0.161,893742.6
2026-06-08 05:25:00,0.161,0.1615,0.1607,0.1613,781307.2
2026-06-08 05:30:00,0.1612,0.1612,0.1606,0.1607,313668.5
2026-06-08 05:35:00,0.1606,0.1608,0.1603,0.1603,339324.6
2026-06-08 05:40:00,0.1604,0.1605,0.16,0.1602,550291.8
2026-06-08 05:45:00,0.1602,0.1606,0.16,0.1603,571743.7
2026-06-08 05:50:00,0.1604,0.1609,0.1602,0.1608,462299.8
2026-06-08 05:55:00,0.1608,0.161,0.1606,0.1608,150335.2
2026-06-08 06:00:00,0.1609,0.1614,0.1607,0.1611,705432.5
2026-06-08 06:05:00,0.1611,0.1614,0.1608,0.1613,238318.8
2026-06-08 06:10:00,0.1613,0.1616,0.1612,0.1613,673779.7
2026-06-08 06:15:00,0.1613,0.162,0.1612,0.1618,562930.7
2026-06-08 06:20:00,0.1618,0.1622,0.1617,0.1618,409578.9
2026-06-08 06:25:00,0.1619,0.1625,0.1618,0.1623,668821.9
2026-06-08 06:30:00,0.1622,0.1623,0.162,0.1622,419551.9
2026-06-08 06:35:00,0.1622,0.1622,0.1618,0.1619,401354.9
2026-06-08 06:40:00,0.1619,0.1621,0.1616,0.162,275312.0
2026-06-08 06:45:00,0.1621,0.1621,0.1617,0.1617,211727.8
2026-06-08 06:50:00,0.1618,0.1619,0.1615,0.1618,344137.4
2026-06-08 06:55:00,0.1618,0.1618,0.1614,0.1618,208848.6
2026-06-08 07:00:00,0.1618,0.1619,0.1612,0.1613,208875.6
2026-06-08 07:05:00,0.1612,0.1616,0.1609,0.1615,210384.0
2026-06-08 07:10:00,0.1615,0.1623,0.1614,0.1619,432377.0
2026-06-08 07:15:00,0.162,0.1621,0.1616,0.1619,322303.8
2026-06-08 07:20:00,0.162,0.1625,0.162,0.1625,314515.5
2026-06-08 07:25:00,0.1625,0.1628,0.1624,0.1625,404449.0
2026-06-08 07:30:00,0.1625,0.163,0.1624,0.1626,397991.7
2026-06-08 07:35:00,0.1626,0.1629,0.1625,0.1628,550349.7
2026-06-08 07:40:00,0.1629,0.163,0.1627,0.1629,222852.7
2026-06-08 07:45:00,0.1629,0.1638,0.1629,0.1637,581664.7
2026-06-08 07:50:00,0.1637,0.1638,0.1635,0.1636,330672.2
2026-06-08 07:55:00,0.1635,0.164,0.1634,0.1639,361683.4
2026-06-08 08:00:00,0.1639,0.1639,0.1628,0.1632,1141100.1
2026-06-08 08:05:00,0.1633,0.1638,0.1632,0.1638,534251.8
2026-06-08 08:10:00,0.1639,0.1639,0.1634,0.1635,540465.4
2026-06-08 08:15:00,0.1635,0.1637,0.1629,0.1633,389602.4
2026-06-08 08:20:00,0.1632,0.1632,0.1626,0.1628,480614.3
2026-06-08 08:25:00,0.1628,0.1634,0.1625,0.1631,2382360.0
2026-06-08 08:30:00,0.1632,0.1635,0.1629,0.1632,2404239.5
2026-06-08 08:35:00,0.1632,0.1634,0.1631,0.1633,413279.7
2026-06-08 08:40:00,0.1632,0.1633,0.1629,0.1631,145285.2
2026-06-08 08:45:00,0.163,0.163,0.1625,0.1627,1146123.2
2026-06-08 08:50:00,0.1628,0.163,0.1623,0.1626,1702771.2
2026-06-08 08:55:00,0.1626,0.1636,0.1626,0.1634,472700.4
2026-06-08 09:00:00,0.1634,0.1639,0.1633,0.1638,497811.3
2026-06-08 09:05:00,0.1638,0.1638,0.163,0.163,236033.6
2026-06-08 09:10:00,0.163,0.164,0.1628,0.164,1120176.0
2026-06-08 09:15:00,0.164,0.165,0.1637,0.1643,1276257.7
2026-06-08 09:20:00,0.1644,0.1648,0.1643,0.1643,265333.2
2026-06-08 09:25:00,0.1643,0.1645,0.1643,0.1644,338542.7
2026-06-08 09:30:00,0.1643,0.1643,0.1633,0.1634,347745.5
2026-06-08 09:35:00,0.1633,0.1648,0.1633,0.1641,2301819.2
2026-06-08 09:40:00,0.1641,0.1643,0.1638,0.1643,533225.1
2026-06-08 09:45:00,0.1643,0.1646,0.1642,0.1646,350024.0
2026-06-08 09:50:00,0.1646,0.1651,0.1644,0.165,1106775.4
2026-06-08 09:55:00,0.1651,0.1655,0.1651,0.1653,305633.7
2026-06-08 10:00:00,0.1653,0.1659,0.1651,0.1654,823422.2
2026-06-08 10:05:00,0.1654,0.1655,0.1645,0.1646,651753.2
2026-06-08 10:10:00,0.1645,0.1649,0.1645,0.1645,614270.5
2026-06-08 10:15:00,0.1645,0.1645,0.1639,0.164,414484.4
2026-06-08 10:20:00,0.164,0.1643,0.1639,0.164,187968.5
2026-06-08 10:25:00,0.164,0.164,0.1636,0.1637,291024.9
2026-06-08 10:30:00,0.1637,0.1651,0.1636,0.1649,2187314.9
2026-06-08 10:35:00,0.1649,0.1649,0.1646,0.1646,465353.8
2026-06-08 10:40:00,0.1646,0.1648,0.1643,0.1645,374762.6
2026-06-08 10:45:00,0.1644,0.1645,0.164,0.1643,371679.3
2026-06-08 10:50:00,0.1642,0.1643,0.1639,0.1643,239245.4
2026-06-08 10:55:00,0.1643,0.1645,0.1642,0.1645,319936.4
2026-06-08 11:00:00,0.1644,0.1646,0.1641,0.1642,110289.2
2026-06-08 11:05:00,0.1642,0.1647,0.1642,0.1647,1096916.5
2026-06-08 11:10:00,0.1647,0.1658,0.1647,0.1654,1403859.8
2026-06-08 11:15:00,0.1654,0.1667,0.1653,0.1667,2196394.5
2026-06-08 11:20:00,0.1668,0.1674,0.1666,0.167,994829.0
2026-06-08 11:25:00,0.1671,0.1678,0.1671,0.1672,1475030.0
2026-06-08 11:30:00,0.1673,0.1676,0.1668,0.1674,1176433.6
2026-06-08 11:35:00,0.1673,0.168,0.1672,0.1678,2359566.0
2026-06-08 11:40:00,0.1677,0.1683,0.1675,0.1675,1673882.5
2026-06-08 11:45:00,0.1675,0.1676,0.1669,0.1671,415758.0
2026-06-08 11:50:00,0.1671,0.1678,0.1671,0.1675,498555.2
2026-06-08 11:55:00,0.1674,0.1679,0.1672,0.1676,533867.8
2026-06-08 12:00:00,0.1677,0.1684,0.1659,0.1659,1137890.7
2026-06-08 12:05:00,0.166,0.1664,0.1654,0.1662,1258229.2
2026-06-08 12:10:00,0.1662,0.1666,0.1649,0.165,688949.1
2026-06-08 12:15:00,0.165,0.166,0.165,0.1653,681914.4
2026-06-08 12:20:00,0.1653,0.1661,0.1653,0.1661,502776.4
2026-06-08 12:25:00,0.1661,0.1665,0.1659,0.1665,467908.6
2026-06-08 12:30:00,0.1665,0.1672,0.1663,0.1664,1090834.9
2026-06-08 12:35:00,0.1664,0.1671,0.1664,0.1667,897840.4
2026-06-08 12:40:00,0.1668,0.1676,0.1666,0.1676,1289747.6
2026-06-08 12:45:00,0.1676,0.1677,0.1669,0.167,679486.1
2026-06-08 12:50:00,0.167,0.1673,0.1668,0.167,632090.2
2026-06-08 12:55:00,0.167,0.168,0.1669,0.1677,1019471.8
2026-06-08 13:00:00,0.1678,0.1679,0.1671,0.1675,837864.4
2026-06-08 13:05:00,0.1676,0.1679,0.1675,0.1678,377690.8
2026-06-08 13:10:00,0.1677,0.1679,0.1672,0.1673,831985.4
2026-06-08 13:15:00,0.1673,0.1676,0.1668,0.1671,575907.9
2026-06-08 13:20:00,0.1672,0.1678,0.1671,0.1672,845382.4
2026-06-08 13:25:00,0.1671,0.1671,0.1661,0.1661,1694551.1
2026-06-08 13:30:00,0.1661,0.1664,0.1656,0.1663,577509.1
2026-06-08 13:35:00,0.1662,0.1668,0.1658,0.1658,1863983.9
2026-06-08 13:40:00,0.1658,0.1665,0.1658,0.1661,482138.2
2026-06-08 13:45:00,0.1662,0.1666,0.1658,0.1664,421260.4
2026-06-08 13:50:00,0.1664,0.1671,0.1662,0.1666,265601.9
2026-06-08 13:55:00,0.1666,0.1669,0.166,0.1663,351920.4
2026-06-08 14:00:00,0.1663,0.1666,0.1656,0.1657,498595.8
2026-06-08 14:05:00,0.1658,0.1664,0.1656,0.1664,842755.8
2026-06-08 14:10:00,0.1663,0.1666,0.166,0.1666,378646.9
2026-06-08 14:15:00,0.1666,0.1666,0.1659,0.1663,917786.8
2026-06-08 14:20:00,0.1663,0.1667,0.1661,0.1664,779256.9
2026-06-08 14:25:00,0.1664,0.167,0.1663,0.1668,581669.2
2026-06-08 14:30:00,0.1668,0.168,0.1668,0.1677,795210.7
2026-06-08 14:35:00,0.1676,0.1678,0.1671,0.1675,2067434.1
2026-06-08 14:40:00,0.1675,0.1676,0.1671,0.1675,469268.7
2026-06-08 14:45:00,0.1676,0.1681,0.1675,0.1678,1070022.0
2026-06-08 14:50:00,0.1678,0.1682,0.1676,0.1679,361187.3
2026-06-08 14:55:00,0.1678,0.1684,0.1676,0.1681,1455610.9
2026-06-08 15:00:00,0.1681,0.1692,0.1681,0.1689,2868463.9
2026-06-08 15:05:00,0.1689,0.1702,0.1688,0.1699,2311767.9
2026-06-08 15:10:00,0.1698,0.1714,0.1697,0.1711,1969960.0
2026-06-08 15:15:00,0.1711,0.1712,0.1698,0.171,1633022.5
2026-06-08 15:20:00,0.171,0.1711,0.1699,0.1705,2688923.3
2026-06-08 15:25:00,0.1705,0.1706,0.1695,0.1696,763251.3
2026-06-08 15:30:00,0.1695,0.1695,0.1686,0.1689,2023841.5
2026-06-08 15:35:00,0.1689,0.1697,0.1687,0.1693,747207.5
2026-06-08 15:40:00,0.1694,0.17,0.1692,0.1697,609838.2
2026-06-08 15:45:00,0.1698,0.1706,0.1695,0.1697,1328170.7
2026-06-08 15:50:00,0.1697,0.1707,0.1695,0.1698,1358479.4
2026-06-08 15:55:00,0.1698,0.1698,0.1689,0.1693,819923.6
2026-06-08 16:00:00,0.1694,0.1702,0.1692,0.1699,717425.7
2026-06-08 16:05:00,0.1699,0.1703,0.1697,0.17,595609.4
2026-06-08 16:10:00,0.17,0.1707,0.1698,0.1704,713719.7
2026-06-08 16:15:00,0.1704,0.1723,0.1704,0.1717,1457580.9
2026-06-08 16:20:00,0.1717,0.172,0.1713,0.1718,1989039.3
2026-06-08 16:25:00,0.1718,0.1722,0.1711,0.1711,1652279.4
2026-06-08 16:30:00,0.1711,0.1712,0.1699,0.17,1117957.4
2026-06-08 16:35:00,0.17,0.1703,0.1695,0.1697,2078139.0
2026-06-08 16:40:00,0.1697,0.1702,0.1696,0.1699,654870.5
2026-06-08 16:45:00,0.17,0.17,0.1688,0.1688,874092.4
2026-06-08 16:50:00,0.1688,0.169,0.1679,0.168,881751.6
2026-06-08 16:55:00,0.168,0.1683,0.1678,0.1679,473556.4
2026-06-08 17:00:00,0.1678,0.1682,0.1673,0.1681,697199.5
2026-06-08 17:05:00,0.168,0.1684,0.1674,0.1676,219714.5
2026-06-08 17:10:00,0.1676,0.1678,0.1672,0.1674,2174072.2
2026-06-08 17:15:00,0.1675,0.168,0.1674,0.1675,824450.5
2026-06-08 17:20:00,0.1676,0.1682,0.1676,0.168,612800.1
2026-06-08 17:25:00,0.1681,0.1688,0.168,0.1687,367363.5
2026-06-08 17:30:00,0.1687,0.1689,0.1677,0.1681,702130.9
2026-06-08 17:35:00,0.1681,0.1681,0.1676,0.1681,357712.3
2026-06-08 17:40:00,0.1682,0.1687,0.1678,0.1686,412678.7
2026-06-08 17:45:00,0.1686,0.1695,0.1686,0.1692,441817.5
2026-06-08 17:50:00,0.1693,0.1696,0.1692,0.1695,384962.9
2026-06-08 17:55:00,0.1694,0.17,0.1693,0.1699,870403.6
2026-06-08 18:00:00,0.17,0.171,0.17,0.1706,2189416.7
2026-06-08 18:05:00,0.1706,0.1716,0.1705,0.1712,742599.4
2026-06-08 18:10:00,0.1713,0.1713,0.1707,0.1709,757707.9
2026-06-08 18:15:00,0.1709,0.1711,0.1707,0.171,498507.0
2026-06-08 18:20:00,0.171,0.1715,0.1708,0.1713,336954.8
2026-06-08 18:25:00,0.1714,0.1721,0.1714,0.1721,699387.6
2026-06-08 18:30:00,0.1722,0.1727,0.1715,0.1715,900804.3
2026-06-08 18:35:00,0.1715,0.1717,0.171,0.1711,389192.7
2026-06-08 18:40:00,0.1711,0.1713,0.1707,0.1708,452368.3
2026-06-08 18:45:00,0.1708,0.171,0.1701,0.1703,446086.2
2026-06-08 18:50:00,0.1703,0.1708,0.1702,0.1707,196951.3
2026-06-08 18:55:00,0.1707,0.1715,0.1707,0.171,419700.4
2026-06-08 19:00:00,0.171,0.1721,0.1708,0.1717,1358035.6
2026-06-08 19:05:00,0.1717,0.1721,0.1715,0.1715,500112.1
2026-06-08 19:10:00,0.1715,0.1719,0.1712,0.1714,238286.8
2026-06-08 19:15:00,0.1714,0.1715,0.1708,0.1715,453624.3
2026-06-08 19:20:00,0.1716,0.1721,0.1713,0.1716,495214.9
2026-06-08 19:25:00,0.1717,0.172,0.1714,0.1718,210937.0
2026-06-08 19:30:00,0.1718,0.1726,0.1718,0.1723,400939.7
2026-06-08 19:35:00,0.1723,0.1725,0.1714,0.1715,328910.3
2026-06-08 19:40:00,0.1714,0.1717,0.1713,0.1715,347507.5
2026-06-08 19:45:00,0.1715,0.172,0.1714,0.172,528671.7
2026-06-08 19:50:00,0.172,0.1722,0.1716,0.1718,1030973.1
2026-06-08 19:55:00,0.1718,0.1722,0.1715,0.1719,243899.5
2026-06-08 20:00:00,0.1719,0.1719,0.1711,0.1713,165417.3
2026-06-08 20:05:00,0.1712,0.1715,0.17,0.17,755288.1
2026-06-08 20:10:00,0.1699,0.1702,0.1693,0.1698,626164.1
2026-06-08 20:15:00,0.1699,0.1699,0.1689,0.1692,559574.2
2026-06-08 20:20:00,0.1691,0.1696,0.1688,0.1695,726791.3
2026-06-08 20:25:00,0.1695,0.1697,0.1691,0.1692,307938.6
2026-06-08 20:30:00,0.1691,0.17,0.1691,0.1699,412604.7
2026-06-08 20:35:00,0.17,0.1703,0.1699,0.1701,290477.5
2026-06-08 20:40:00,0.1702,0.1708,0.1702,0.1708,464733.1
2026-06-08 20:45:00,0.1709,0.1709,0.1702,0.1707,886075.4
2026-06-08 20:50:00,0.1707,0.1708,0.1702,0.1705,88381.0
2026-06-08 20:55:00,0.1705,0.1708,0.1703,0.1708,229121.8
2026-06-08 21:00:00,0.1709,0.1718,0.1709,0.1717,430175.7
2026-06-08 21:05:00,0.1716,0.1727,0.1711,0.1726,1065311.7
2026-06-08 21:10:00,0.1726,0.1729,0.1722,0.1727,966450.1
2026-06-08 21:15:00,0.1727,0.1729,0.172,0.1723,651392.6
2026-06-08 21:20:00,0.1724,0.1728,0.1722,0.1728,615441.3
2026-06-08 21:25:00,0.1727,0.1744,0.1727,0.1738,999624.6
2026-06-08 21:30:00,0.1738,0.1741,0.1729,0.1736,923315.5
2026-06-08 21:35:00,0.1736,0.1745,0.1736,0.174,1051570.7
2026-06-08 21:40:00,0.1739,0.1741,0.1731,0.1737,431570.3
2026-06-08 21:45:00,0.1737,0.174,0.1728,0.1733,435746.1
2026-06-08 21:50:00,0.1733,0.1733,0.1721,0.1724,514474.6
2026-06-08 21:55:00,0.1724,0.1727,0.1717,0.1718,401004.5
2026-06-08 22:00:00,0.1717,0.1717,0.1707,0.1713,735079.1
2026-06-08 22:05:00,0.1713,0.1715,0.171,0.1712,217798.6
2026-06-08 22:10:00,0.1712,0.1714,0.1707,0.171,683676.4
2026-06-08 22:15:00,0.171,0.1711,0.1705,0.1708,477521.1
2026-06-08 22:20:00,0.1708,0.1717,0.1708,0.1714,658996.8
2026-06-08 22:25:00,0.1714,0.1717,0.1711,0.1712,596599.8
2026-06-08 22:30:00,0.1712,0.1716,0.1711,0.1711,821152.2
2026-06-08 22:35:00,0.1712,0.1717,0.1712,0.1716,284619.9
2026-06-08 22:40:00,0.1716,0.172,0.1715,0.172,171946.0
2026-06-08 22:45:00,0.1719,0.1719,0.1715,0.1719,352670.9
2026-06-08 22:50:00,0.1718,0.172,0.1717,0.1718,223772.7
2026-06-08 22:55:00,0.1718,0.1724,0.1718,0.1721,517682.8
2026-06-08 23:00:00,0.1722,0.1726,0.1718,0.1721,290953.0
2026-06-08 23:05:00,0.1721,0.173,0.172,0.1729,186853.3
2026-06-08 23:10:00,0.1728,0.1732,0.1724,0.1731,501545.3
2026-06-08 23:15:00,0.173,0.173,0.1712,0.1713,599987.7
2026-06-08 23:20:00,0.1713,0.1714,0.1709,0.1713,294716.3
2026-06-08 23:25:00,0.1714,0.1714,0.1704,0.1709,460081.0
2026-06-08 23:30:00,0.1709,0.1711,0.1704,0.1707,335871.0
2026-06-08 23:35:00,0.1708,0.1715,0.1708,0.1712,276887.2
2026-06-08 23:40:00,0.1711,0.1713,0.1709,0.1709,163990.2
2026-06-08 23:45:00,0.1709,0.1709,0.1699,0.17,652538.1
2026-06-08 23:50:00,0.1701,0.1707,0.17,0.1702,662072.5
2026-06-08 23:55:00,0.1703,0.1705,0.1702,0.1704,334956.3
2026-06-09 00:00:00,0.1704,0.1707,0.1703,0.1705,242502.4
2026-06-09 00:05:00,0.1705,0.1708,0.17,0.17,537041.6
2026-06-09 00:10:00,0.1701,0.1704,0.1695,0.1695,317934.6
2026-06-09 00:15:00,0.1696,0.1705,0.1695,0.1696,269285.9
2026-06-09 00:20:00,0.1697,0.1698,0.1681,0.1681,1159505.9
2026-06-09 00:25:00,0.1682,0.1686,0.1678,0.1682,2201385.7
2026-06-09 00:30:00,0.1681,0.1684,0.1674,0.1676,4147558.2
2026-06-09 00:35:00,0.1676,0.1677,0.1661,0.1663,3684275.6
2026-06-09 00:40:00,0.1663,0.1674,0.1662,0.1674,812550.7
2026-06-09 00:45:00,0.1673,0.1674,0.1664,0.1667,854665.4
2026-06-09 00:50:00,0.1666,0.1672,0.1663,0.1669,738218.5
2026-06-09 00:55:00,0.1669,0.1671,0.1666,0.1669,531288.1
2026-06-09 01:00:00,0.1669,0.1673,0.1667,0.1669,555944.5
2026-06-09 01:05:00,0.1669,0.1672,0.1664,0.1668,524388.4
2026-06-09 01:10:00,0.1668,0.1672,0.1668,0.1669,211200.1
2026-06-09 01:15:00,0.1668,0.1672,0.1666,0.1667,247778.8
2026-06-09 01:20:00,0.1667,0.1673,0.1665,0.167,818188.1
2026-06-09 01:25:00,0.1669,0.1671,0.1668,0.1669,430757.1
2026-06-09 01:30:00,0.1668,0.167,0.1666,0.167,351515.0
2026-06-09 01:35:00,0.1669,0.1669,0.1662,0.1664,181585.6
2026-06-09 01:40:00,0.1664,0.1668,0.1662,0.1663,205831.4
2026-06-09 01:45:00,0.1663,0.1671,0.1663,0.1667,316388.5
2026-06-09 01:50:00,0.1666,0.1669,0.1661,0.1668,220634.4
2026-06-09 01:55:00,0.1669,0.167,0.1668,0.1668,171555.6
2026-06-09 02:00:00,0.1668,0.1675,0.1668,0.1673,217391.1
2026-06-09 02:05:00,0.1672,0.1675,0.1669,0.1675,192008.6
2026-06-09 02:10:00,0.1675,0.1675,0.1667,0.1667,128540.7
2026-06-09 02:15:00,0.1668,0.1669,0.1661,0.1662,379746.4
2026-06-09 02:20:00,0.1661,0.1668,0.166,0.1666,552002.5
2026-06-09 02:25:00,0.1666,0.1668,0.1663,0.1668,134580.5
2026-06-09 02:30:00,0.1669,0.1671,0.1664,0.1665,414759.0
2026-06-09 02:35:00,0.1665,0.1665,0.1659,0.166,428895.4
2026-06-09 02:40:00,0.166,0.1669,0.166,0.1669,1257357.1
2026-06-09 02:45:00,0.1668,0.1671,0.1668,0.1668,198681.3
2026-06-09 02:50:00,0.1667,0.1669,0.1662,0.1669,181452.5
2026-06-09 02:55:00,0.1669,0.1676,0.1669,0.1675,277378.6
2026-06-09 03:00:00,0.1675,0.1676,0.1668,0.167,409739.7
2026-06-09 03:05:00,0.167,0.1672,0.1668,0.1669,289539.1
2026-06-09 03:10:00,0.167,0.1671,0.1668,0.1669,191541.1
2026-06-09 03:15:00,0.167,0.1674,0.1669,0.167,485521.1
2026-06-09 03:20:00,0.1669,0.167,0.1662,0.1662,266547.9
2026-06-09 03:25:00,0.1663,0.1665,0.1661,0.1663,317757.3
2026-06-09 03:30:00,0.1663,0.1664,0.1657,0.166,444553.2
2026-06-09 03:35:00,0.166,0.1663,0.1659,0.1659,138523.6
2026-06-09 03:40:00,0.166,0.1662,0.1658,0.166,320807.4
2026-06-09 03:45:00,0.166,0.1667,0.1658,0.1667,876586.6
2026-06-09 03:50:00,0.1666,0.1666,0.1659,0.1661,201682.3
2026-06-09 03:55:00,0.1661,0.1666,0.1661,0.1664,170105.0
2026-06-09 04:00:00,0.1663,0.1663,0.1659,0.1659,114619.2
2026-06-09 04:05:00,0.1658,0.1663,0.1658,0.1663,239565.7
2026-06-09 04:10:00,0.1664,0.1666,0.1661,0.1664,432735.8
2026-06-09 04:15:00,0.1664,0.1664,0.1661,0.1662,80194.0
2026-06-09 04:20:00,0.1662,0.1664,0.166,0.1661,582507.2
2026-06-09 04:25:00,0.1662,0.1662,0.1657,0.1658,222371.9
2026-06-09 04:30:00,0.1658,0.1674,0.1651,0.1674,2412100.2
2026-06-09 04:35:00,0.1674,0.1684,0.1674,0.1682,1006871.0
2026-06-09 04:40:00,0.1682,0.1686,0.1679,0.1682,896248.8
2026-06-09 04:45:00,0.1682,0.169,0.1679,0.169,1213358.2
2026-06-09 04:50:00,0.1689,0.1689,0.1679,0.1683,598665.8
2026-06-09 04:55:00,0.1683,0.1689,0.1683,0.1686,1058148.9
2026-06-09 05:00:00,0.1686,0.1689,0.1679,0.1684,419102.4
2026-06-09 05:05:00,0.1684,0.1685,0.1677,0.1678,254240.2
2026-06-09 05:10:00,0.1678,0.1684,0.1677,0.1684,228435.0
2026-06-09 05:15:00,0.1684,0.1692,0.1684,0.1691,408820.0
2026-06-09 05:20:00,0.1691,0.1698,0.1691,0.1694,447803.5
2026-06-09 05:25:00,0.1694,0.1695,0.1691,0.1693,147821.8
2026-06-09 05:30:00,0.1694,0.1703,0.169,0.17,859357.2
2026-06-09 05:35:00,0.17,0.1702,0.1697,0.1699,648832.1
2026-06-09 05:40:00,0.1698,0.17,0.1695,0.1699,435959.9
2026-06-09 05:45:00,0.1699,0.1701,0.1697,0.17,246006.4
2026-06-09 05:50:00,0.17,0.1702,0.1694,0.1699,370235.6
2026-06-09 05:55:00,0.1698,0.17,0.1697,0.17,95096.3
2026-06-09 06:00:00,0.17,0.17,0.1694,0.1697,650851.7
2026-06-09 06:05:00,0.1697,0.17,0.1695,0.1698,391722.4
2026-06-09 06:10:00,0.1697,0.1708,0.1697,0.1704,426978.8
2026-06-09 06:15:00,0.1704,0.1709,0.1703,0.1709,323030.7
2026-06-09 06:20:00,0.1709,0.171,0.1704,0.1704,436192.4
2026-06-09 06:25:00,0.1705,0.1705,0.1699,0.1701,327326.3
2026-06-09 06:30:00,0.1702,0.1702,0.1696,0.1697,351832.4
2026-06-09 06:35:00,0.1697,0.1699,0.1696,0.1699,137234.3
2026-06-09 06:40:00,0.1699,0.1703,0.1695,0.1701,642880.2
2026-06-09 06:45:00,0.1702,0.1705,0.1699,0.1699,342265.7
2026-06-09 06:50:00,0.1699,0.17,0.1693,0.1694,479019.9
2026-06-09 06:55:00,0.1694,0.1696,0.1694,0.1694,63455.3
2026-06-09 07:00:00,0.1695,0.17,0.1692,0.1699,319253.3
2026-06-09 07:05:00,0.17,0.1706,0.1698,0.1706,298404.0
2026-06-09 07:10:00,0.1705,0.1707,0.17,0.1702,338751.8
2026-06-09 07:15:00,0.1701,0.1711,0.17,0.1707,612067.6
2026-06-09 07:20:00,0.1706,0.1708,0.1701,0.1702,114242.3
2026-06-09 07:25:00,0.1702,0.1702,0.169,0.169,1019995.7
2026-06-09 07:30:00,0.1691,0.17,0.1691,0.1698,379399.8
2026-06-09 07:35:00,0.1698,0.1701,0.1697,0.17,131770.7
2026-06-09 07:40:00,0.17,0.1703,0.17,0.1703,120837.6
2026-06-09 07:45:00,0.1702,0.1705,0.1702,0.1702,208115.9
2026-06-09 07:50:00,0.1703,0.1704,0.1698,0.1701,395510.3
2026-06-09 07:55:00,0.1701,0.1704,0.1701,0.1703,241590.2
2026-06-09 08:00:00,0.1703,0.1705,0.1695,0.1695,571514.5
2026-06-09 08:05:00,0.1695,0.1695,0.1683,0.1687,1489372.8
2026-06-09 08:10:00,0.1687,0.169,0.1683,0.1689,341109.2
2026-06-09 08:15:00,0.1689,0.1689,0.1684,0.1688,198689.1
2026-06-09 08:20:00,0.1688,0.1693,0.1687,0.1692,276114.1
2026-06-09 08:25:00,0.1692,0.1693,0.169,0.1691,155152.7
2026-06-09 08:30:00,0.169,0.1696,0.1688,0.1694,289503.9
2026-06-09 08:35:00,0.1693,0.1699,0.1692,0.1698,298981.4
2026-06-09 08:40:00,0.1698,0.17,0.1693,0.1693,940805.2
2026-06-09 08:45:00,0.1693,0.1695,0.169,0.169,390750.2
2026-06-09 08:50:00,0.169,0.1697,0.169,0.1694,232646.5
2026-06-09 08:55:00,0.1693,0.1693,0.1689,0.1689,124730.6
2026-06-09 09:00:00,0.169,0.1691,0.1686,0.1686,285796.3
2026-06-09 09:05:00,0.1687,0.1689,0.1683,0.1688,368154.1
2026-06-09 09:10:00,0.1687,0.169,0.1687,0.169,241769.1
2026-06-09 09:15:00,0.169,0.1692,0.1688,0.169,241465.7
2026-06-09 09:20:00,0.1691,0.1693,0.1688,0.1689,148382.0
2026-06-09 09:25:00,0.1689,0.1689,0.1681,0.1681,614219.9
2026-06-09 09:30:00,0.1682,0.1682,0.1669,0.167,1054019.2
2026-06-09 09:35:00,0.1671,0.1673,0.1667,0.1668,515159.9
2026-06-09 09:40:00,0.1669,0.1672,0.1668,0.1672,259677.2
2026-06-09 09:45:00,0.1672,0.1676,0.1671,0.1675,302180.0
2026-06-09 09:50:00,0.1675,0.1678,0.1675,0.1677,180549.5
2026-06-09 09:55:00,0.1677,0.1679,0.1676,0.1678,165140.4
2026-06-09 10:00:00,0.1678,0.1683,0.1678,0.1683,1093646.8
2026-06-09 10:05:00,0.1682,0.1685,0.1671,0.1673,1570960.8
2026-06-09 10:10:00,0.1674,0.1677,0.1673,0.1677,364635.0
2026-06-09 10:15:00,0.1676,0.1676,0.1672,0.1673,274332.8
2026-06-09 10:20:00,0.1673,0.1675,0.1669,0.167,332944.2
2026-06-09 10:25:00,0.167,0.1675,0.1669,0.1672,461379.5
2026-06-09 10:30:00,0.1673,0.1674,0.1669,0.1672,404664.4
2026-06-09 10:35:00,0.1673,0.1678,0.1673,0.1675,482815.4
2026-06-09 10:40:00,0.1675,0.1676,0.1674,0.1676,98581.8
2026-06-09 10:45:00,0.1675,0.1679,0.1674,0.1677,278873.9
2026-06-09 10:50:00,0.1677,0.1681,0.1675,0.1677,907630.7
2026-06-09 10:55:00,0.1676,0.1679,0.1676,0.1678,177500.2
2026-06-09 11:00:00,0.1677,0.1679,0.1671,0.1674,902852.4
2026-06-09 11:05:00,0.1674,0.1678,0.1674,0.1677,107600.3
2026-06-09 11:10:00,0.1677,0.1678,0.167,0.167,164535.4
2026-06-09 11:15:00,0.1671,0.1674,0.1669,0.1674,113933.4
2026-06-09 11:20:00,0.1673,0.1675,0.167,0.1673,122515.5
2026-06-09 11:25:00,0.1673,0.1675,0.1669,0.1669,176728.6
2026-06-09 11:30:00,0.167,0.1673,0.1668,0.1672,338037.5
2026-06-09 11:35:00,0.1672,0.1673,0.1668,0.1671,283352.0
2026-06-09 11:40:00,0.167,0.1676,0.167,0.1673,455155.2
2026-06-09 11:45:00,0.1672,0.1676,0.1672,0.1675,106972.4
2026-06-09 11:50:00,0.1675,0.1676,0.1673,0.1676,219811.8
2026-06-09 11:55:00,0.1675,0.1679,0.1671,0.1674,691033.8
2026-06-09 12:00:00,0.1674,0.1683,0.1672,0.168,1551151.4
2026-06-09 12:05:00,0.1681,0.1685,0.1677,0.1684,340591.0
2026-06-09 12:10:00,0.1684,0.1685,0.168,0.1685,324055.6
2026-06-09 12:15:00,0.1684,0.1684,0.168,0.1682,418789.8
2026-06-09 12:20:00,0.1682,0.1682,0.1676,0.168,156286.6
2026-06-09 12:25:00,0.1679,0.1681,0.1677,0.1678,350075.9
2026-06-09 12:30:00,0.1678,0.1686,0.1678,0.1678,503430.9
2026-06-09 12:35:00,0.1678,0.1683,0.1675,0.1677,252772.2
2026-06-09 12:40:00,0.1677,0.1678,0.1672,0.1676,299285.1
2026-06-09 12:45:00,0.1676,0.1676,0.1672,0.1675,234809.0
2026-06-09 12:50:00,0.1675,0.168,0.1675,0.168,176864.4
2026-06-09 12:55:00,0.168,0.1689,0.168,0.1689,698470.1
2026-06-09 13:00:00,0.1688,0.1694,0.1688,0.1689,729836.5
2026-06-09 13:05:00,0.169,0.1695,0.169,0.1691,501858.9
2026-06-09 13:10:00,0.1692,0.1693,0.1687,0.1688,318294.8
2026-06-09 13:15:00,0.1687,0.1687,0.1675,0.1677,486558.9
2026-06-09 13:20:00,0.1677,0.168,0.1676,0.1678,466428.6
2026-06-09 13:25:00,0.1678,0.1679,0.1675,0.1677,208698.7
2026-06-09 13:30:00,0.1677,0.168,0.1673,0.1674,608862.7
2026-06-09 13:35:00,0.1674,0.1679,0.1671,0.1676,473829.6
2026-06-09 13:40:00,0.1676,0.1684,0.1675,0.1684,415151.5
2026-06-09 13:45:00,0.1684,0.1695,0.1682,0.1695,633799.7
2026-06-09 13:50:00,0.1694,0.1698,0.1689,0.1689,938300.0
2026-06-09 13:55:00,0.169,0.1691,0.1684,0.1684,553409.5
2026-06-09 14:00:00,0.1683,0.1689,0.1678,0.1681,443879.9
2026-06-09 14:05:00,0.1682,0.1691,0.168,0.1683,771644.5
2026-06-09 14:10:00,0.1683,0.1683,0.1673,0.1673,811142.2
2026-06-09 14:15:00,0.1673,0.1675,0.1659,0.1663,1665550.6
2026-06-09 14:20:00,0.1663,0.1664,0.1653,0.166,1024879.4
2026-06-09 14:25:00,0.166,0.1664,0.1649,0.1651,903292.2
2026-06-09 14:30:00,0.1652,0.1661,0.1646,0.1655,2114097.6
2026-06-09 14:35:00,0.1656,0.1661,0.1651,0.1657,702911.0
2026-06-09 14:40:00,0.1657,0.166,0.165,0.165,685456.3
2026-06-09 14:45:00,0.165,0.1651,0.1643,0.1647,1912618.0
2026-06-09 14:50:00,0.1646,0.1655,0.1646,0.1653,1721339.6
2026-06-09 14:55:00,0.1653,0.1664,0.1652,0.1663,665191.5
2026-06-09 15:00:00,0.1663,0.1665,0.1658,0.1662,894156.3
2026-06-09 15:05:00,0.1663,0.1667,0.1658,0.1667,1376568.8
2026-06-09 15:10:00,0.1667,0.1671,0.1663,0.1665,633365.0
2026-06-09 15:15:00,0.1664,0.1667,0.1657,0.1659,600756.4
2026-06-09 15:20:00,0.1658,0.1663,0.1649,0.165,508086.2
2026-06-09 15:25:00,0.165,0.1652,0.1641,0.1642,1058133.1
2026-06-09 15:30:00,0.1642,0.1646,0.1633,0.1642,2423518.0
2026-06-09 15:35:00,0.1643,0.1643,0.1634,0.164,1013225.1
2026-06-09 15:40:00,0.164,0.1643,0.1638,0.1639,689107.9
2026-06-09 15:45:00,0.164,0.1642,0.1637,0.164,408980.7
2026-06-09 15:50:00,0.1641,0.1642,0.1634,0.1634,1153159.6
2026-06-09 15:55:00,0.1635,0.1637,0.1627,0.1631,1466180.1
2026-06-09 16:00:00,0.163,0.1636,0.1627,0.163,1424720.4
2026-06-09 16:05:00,0.1629,0.1633,0.1623,0.1631,1718120.4
2026-06-09 16:10:00,0.1632,0.1635,0.1624,0.1625,935087.8
2026-06-09 16:15:00,0.1626,0.1627,0.1616,0.1617,1432753.4
2026-06-09 16:20:00,0.1616,0.1625,0.1615,0.1624,1064745.1
2026-06-09 16:25:00,0.1623,0.1627,0.1617,0.1627,729767.0
2026-06-09 16:30:00,0.1626,0.1631,0.1624,0.1627,683247.8
2026-06-09 16:35:00,0.1626,0.1632,0.1608,0.1609,3295783.8
2026-06-09 16:40:00,0.1609,0.1622,0.1608,0.1622,911061.4
2026-06-09 16:45:00,0.1622,0.1627,0.1614,0.1617,1295924.6
2026-06-09 16:50:00,0.1617,0.162,0.1615,0.1617,757850.4
2026-06-09 16:55:00,0.1616,0.1624,0.1616,0.162,349600.3
2026-06-09 17:00:00,0.1621,0.163,0.162,0.1627,773320.0
2026-06-09 17:05:00,0.1626,0.1629,0.1623,0.1627,562589.2
2026-06-09 17:10:00,0.1627,0.1636,0.1625,0.1634,1317750.3
2026-06-09 17:15:00,0.1635,0.1655,0.1635,0.1654,1048111.7
2026-06-09 17:20:00,0.1654,0.1656,0.165,0.1654,1394836.1
2026-06-09 17:25:00,0.1654,0.1657,0.1651,0.1656,476355.2
2026-06-09 17:30:00,0.1655,0.1662,0.1653,0.166,617082.0
2026-06-09 17:35:00,0.1659,0.1661,0.1655,0.1657,444279.5
2026-06-09 17:40:00,0.1657,0.1659,0.1648,0.1649,1826839.6
2026-06-09 17:45:00,0.165,0.1651,0.1646,0.1649,882580.2
2026-06-09 17:50:00,0.1649,0.1657,0.1649,0.1654,743180.0
2026-06-09 17:55:00,0.1654,0.1655,0.1651,0.1652,194983.6
2026-06-09 18:00:00,0.1652,0.1654,0.1645,0.1647,741018.2
2026-06-09 18:05:00,0.1647,0.1656,0.1646,0.1655,415371.8
2026-06-09 18:10:00,0.1656,0.1656,0.1649,0.1654,476648.5
2026-06-09 18:15:00,0.1653,0.1669,0.1653,0.1669,958792.2
2026-06-09 18:20:00,0.1669,0.167,0.1662,0.1663,820771.5
2026-06-09 18:25:00,0.1663,0.1663,0.1655,0.1659,189475.5
2026-06-09 18:30:00,0.1659,0.1664,0.1658,0.1663,312556.1
2026-06-09 18:35:00,0.1664,0.1668,0.1663,0.1666,204490.7
2026-06-09 18:40:00,0.1666,0.1667,0.1661,0.1661,581070.6
2026-06-09 18:45:00,0.1661,0.1666,0.1661,0.1664,425135.7
2026-06-09 18:50:00,0.1665,0.1669,0.1663,0.1665,414444.3
2026-06-09 18:55:00,0.1666,0.1677,0.1666,0.1669,1917176.5
2026-06-09 19:00:00,0.167,0.1679,0.1665,0.1679,441265.8
2026-06-09 19:05:00,0.1678,0.168,0.1671,0.1673,446937.9
2026-06-09 19:10:00,0.1672,0.1672,0.1667,0.1668,280255.2
2026-06-09 19:15:00,0.1669,0.1669,0.1663,0.1663,488278.2
2026-06-09 19:20:00,0.1663,0.167,0.1662,0.1669,391493.2
2026-06-09 19:25:00,0.167,0.1673,0.1667,0.1673,230679.0
2026-06-09 19:30:00,0.1674,0.1688,0.1674,0.1683,651973.2
2026-06-09 19:35:00,0.1682,0.1688,0.1682,0.1683,1198162.1
2026-06-09 19:40:00,0.1683,0.1683,0.1675,0.168,801745.7
2026-06-09 19:45:00,0.168,0.168,0.1672,0.1677,604640.7
2026-06-09 19:50:00,0.1677,0.1688,0.1677,0.1686,1539179.7
2026-06-09 19:55:00,0.1687,0.169,0.1685,0.1685,398615.9
2026-06-09 20:00:00,0.1686,0.1688,0.168,0.1684,508718.8
2026-06-09 20:05:00,0.1684,0.1686,0.168,0.1686,358426.6
2026-06-09 20:10:00,0.1685,0.1693,0.1684,0.1693,408797.2
2026-06-09 20:15:00,0.1692,0.1699,0.169,0.169,903493.9
2026-06-09 20:20:00,0.169,0.1691,0.1684,0.1685,451447.7
2026-06-09 20:25:00,0.1686,0.169,0.1685,0.1687,462545.9
2026-06-09 20:30:00,0.1687,0.1688,0.1684,0.1685,337217.4
2026-06-09 20:35:00,0.1685,0.1688,0.1684,0.1685,317612.7
2026-06-09 20:40:00,0.1686,0.1689,0.1684,0.1687,207286.4
2026-06-09 20:45:00,0.1686,0.1686,0.1681,0.1682,302437.1
2026-06-09 20:50:00,0.1681,0.1683,0.168,0.1683,188483.1
2026-06-09 20:55:00,0.1683,0.1683,0.1681,0.1681,301615.7
2026-06-09 21:00:00,0.1681,0.1682,0.1672,0.1673,413374.1
2026-06-09 21:05:00,0.1672,0.1676,0.1671,0.1673,611585.4
2026-06-09 21:10:00,0.1674,0.1674,0.1671,0.1673,318088.7
2026-06-09 21:15:00,0.1672,0.1672,0.1664,0.1664,232283.6
2026-06-09 21:20:00,0.1664,0.1664,0.166,0.1663,500896.8
2026-06-09 21:25:00,0.1662,0.1664,0.166,0.1662,374536.8
2026-06-09 21:30:00,0.1662,0.1668,0.1662,0.1666,214431.1
2026-06-09 21:35:00,0.1666,0.1672,0.1666,0.1667,324018.3
2026-06-09 21:40:00,0.1667,0.1667,0.1659,0.166,296676.8
2026-06-09 21:45:00,0.166,0.1663,0.1656,0.1659,369325.2
2026-06-09 21:50:00,0.166,0.166,0.1654,0.1656,202058.8
2026-06-09 21:55:00,0.1656,0.1661,0.1654,0.1661,148147.9
2026-06-09 22:00:00,0.1661,0.1662,0.1656,0.1656,134347.6
2026-06-09 22:05:00,0.1655,0.1657,0.1653,0.1656,510571.5
2026-06-09 22:10:00,0.1657,0.1659,0.1655,0.1657,623323.7
2026-06-09 22:15:00,0.1657,0.1661,0.1655,0.1661,194055.0
2026-06-09 22:20:00,0.1662,0.1663,0.1657,0.1658,394263.6
2026-06-09 22:25:00,0.1657,0.1657,0.1654,0.1657,225614.3
2026-06-09 22:30:00,0.1657,0.1661,0.1656,0.1659,152574.7
2026-06-09 22:35:00,0.1659,0.1661,0.1656,0.1658,278431.0
2026-06-09 22:40:00,0.1659,0.1659,0.1654,0.1655,201356.5
2026-06-09 22:45:00,0.1655,0.1659,0.1654,0.1654,284989.6
2026-06-09 22:50:00,0.1655,0.1655,0.165,0.1654,832333.0
2026-06-09 22:55:00,0.1655,0.1655,0.1651,0.1651,116278.6
2026-06-09 23:00:00,0.1652,0.1655,0.165,0.1652,767478.5
2026-06-09 23:05:00,0.1653,0.1655,0.1651,0.1651,141449.7
2026-06-09 23:10:00,0.165,0.1655,0.165,0.1654,316244.4
2026-06-09 23:15:00,0.1653,0.1657,0.1653,0.1656,232376.4
2026-06-09 23:20:00,0.1657,0.1659,0.1656,0.1657,334052.2
2026-06-09 23:25:00,0.1657,0.1658,0.1655,0.1656,103845.0
2026-06-09 23:30:00,0.1657,0.1657,0.1654,0.1654,115283.1
2026-06-09 23:35:00,0.1654,0.1654,0.1649,0.1652,615677.9
2026-06-09 23:40:00,0.1652,0.1654,0.1651,0.1654,182403.7
2026-06-09 23:45:00,0.1654,0.1655,0.165,0.165,172225.7
2026-06-09 23:50:00,0.1649,0.1657,0.1649,0.1653,292644.8
2026-06-09 23:55:00,0.1654,0.1655,0.1652,0.1653,47081.1
2026-06-10 00:00:00,0.1653,0.166,0.1653,0.166,387280.1
2026-06-10 00:05:00,0.166,0.1663,0.1658,0.1663,399626.0
2026-06-10 00:10:00,0.1663,0.1665,0.166,0.1664,230161.5
2026-06-10 00:15:00,0.1664,0.1664,0.1657,0.1658,273096.3
2026-06-10 00:20:00,0.1658,0.1662,0.1655,0.1662,140083.1
2026-06-10 00:25:00,0.1662,0.1663,0.1659,0.1663,276615.8
2026-06-10 00:30:00,0.1662,0.1663,0.1653,0.1653,568085.0
2026-06-10 00:35:00,0.1653,0.1655,0.165,0.1651,196874.3
2026-06-10 00:40:00,0.1652,0.1652,0.1644,0.1646,499261.0
2026-06-10 00:45:00,0.1646,0.1652,0.1646,0.1652,683699.2
2026-06-10 00:50:00,0.1651,0.1656,0.1647,0.1656,148648.9
2026-06-10 00:55:00,0.1656,0.1664,0.1655,0.1663,437517.4
2026-06-10 01:00:00,0.1663,0.1666,0.1662,0.1665,186141.3
2026-06-10 01:05:00,0.1664,0.1664,0.1654,0.1655,283479.6
2026-06-10 01:10:00,0.1654,0.1663,0.1653,0.1663,295789.3
2026-06-10 01:15:00,0.1662,0.1669,0.1661,0.1665,640239.2
2026-06-10 01:20:00,0.1665,0.1665,0.1658,0.1658,100303.8
2026-06-10 01:25:00,0.1658,0.1661,0.1657,0.1658,198216.1
2026-06-10 01:30:00,0.1658,0.1661,0.1654,0.1661,639814.7
2026-06-10 01:35:00,0.1661,0.1663,0.1654,0.1658,201596.7
2026-06-10 01:40:00,0.1656,0.1656,0.1646,0.1649,474451.4
2026-06-10 01:45:00,0.165,0.1656,0.1649,0.1654,300196.9
2026-06-10 01:50:00,0.1653,0.1655,0.1651,0.1653,351416.0
2026-06-10 01:55:00,0.1652,0.1654,0.1647,0.1648,491383.3
2026-06-10 02:00:00,0.1648,0.1653,0.1648,0.1649,627437.0
2026-06-10 02:05:00,0.1648,0.1653,0.1648,0.165,327100.8
2026-06-10 02:10:00,0.165,0.1651,0.1646,0.1647,104911.7
2026-06-10 02:15:00,0.1647,0.1648,0.1642,0.1642,343976.7
2026-06-10 02:20:00,0.1643,0.1646,0.1639,0.1639,485472.6
2026-06-10 02:25:00,0.1639,0.1642,0.1639,0.1641,128445.7
2026-06-10 02:30:00,0.1642,0.1643,0.1632,0.1634,280629.3
2026-06-10 02:35:00,0.1633,0.1635,0.1631,0.1632,121509.3
2026-06-10 02:40:00,0.1631,0.1633,0.1622,0.1628,2712355.3
2026-06-10 02:45:00,0.1628,0.1628,0.162,0.1623,898165.5
2026-06-10 02:50:00,0.1624,0.1624,0.1618,0.1619,398942.6
2026-06-10 02:55:00,0.162,0.1624,0.1619,0.1619,380542.7
2026-06-10 03:00:00,0.1619,0.1624,0.1618,0.1623,650318.0
2026-06-10 03:05:00,0.1624,0.163,0.1622,0.1623,515345.7
2026-06-10 03:10:00,0.1622,0.1622,0.1618,0.162,220511.7
2026-06-10 03:15:00,0.162,0.1624,0.1618,0.162,494379.6
2026-06-10 03:20:00,0.1621,0.1622,0.1618,0.162,732820.2
2026-06-10 03:25:00,0.162,0.1625,0.1619,0.1622,936438.8
2026-06-10 03:30:00,0.1623,0.1624,0.1618,0.1618,656570.1
2026-06-10 03:35:00,0.1619,0.1621,0.1613,0.1619,1185188.4
2026-06-10 03:40:00,0.1619,0.1621,0.1617,0.1621,434217.2
2026-06-10 03:45:00,0.1621,0.1623,0.1618,0.1623,238364.0
2026-06-10 03:50:00,0.1623,0.1625,0.1622,0.1625,662874.5
2026-06-10 03:55:00,0.1624,0.1624,0.1621,0.1624,361507.3
2026-06-10 04:00:00,0.1624,0.1625,0.162,0.1623,378426.6
2026-06-10 04:05:00,0.1624,0.1627,0.1623,0.1627,233298.0
2026-06-10 04:10:00,0.1627,0.1627,0.1622,0.1627,388561.2
2026-06-10 04:15:00,0.1627,0.163,0.1626,0.1628,241942.9
2026-06-10 04:20:00,0.1628,0.1628,0.1622,0.1626,554732.7
2026-06-10 04:25:00,0.1626,0.1628,0.1621,0.1622,269216.8
2026-06-10 04:30:00,0.1621,0.1621,0.1614,0.1617,564278.4
2026-06-10 04:35:00,0.1616,0.1617,0.1611,0.1614,640626.7
2026-06-10 04:40:00,0.1614,0.1618,0.1614,0.1614,299223.6
2026-06-10 04:45:00,0.1614,0.1619,0.1613,0.1618,473885.5
2026-06-10 04:50:00,0.1618,0.1618,0.1613,0.1614,559319.4
2026-06-10 04:55:00,0.1613,0.1616,0.1612,0.1615,194529.3
2026-06-10 05:00:00,0.1616,0.1621,0.1614,0.162,486534.0
2026-06-10 05:05:00,0.162,0.1621,0.1613,0.1615,571901.1
2026-06-10 05:10:00,0.1615,0.1615,0.161,0.1611,509445.4
2026-06-10 05:15:00,0.161,0.161,0.1603,0.1604,1660124.3
2026-06-10 05:20:00,0.1604,0.161,0.1604,0.161,311286.1
2026-06-10 05:25:00,0.1609,0.1614,0.1609,0.1613,220645.5
2026-06-10 05:30:00,0.1613,0.1615,0.1608,0.1611,254595.0
2026-06-10 05:35:00,0.1611,0.1611,0.1605,0.1606,462491.7
2026-06-10 05:40:00,0.1606,0.1608,0.1604,0.1608,677060.3
2026-06-10 05:45:00,0.1608,0.161,0.1604,0.1609,770329.1
2026-06-10 05:50:00,0.161,0.1611,0.1604,0.1607,3324181.8
2026-06-10 05:55:00,0.1607,0.1607,0.1602,0.1604,558182.9
2026-06-10 06:00:00,0.1605,0.1606,0.16,0.1603,467510.3
2026-06-10 06:05:00,0.1603,0.1605,0.16,0.1604,2413723.1
2026-06-10 06:10:00,0.1604,0.1606,0.1602,0.1606,224855.1
2026-06-10 06:15:00,0.1606,0.1609,0.1604,0.1608,586781.6
2026-06-10 06:20:00,0.1608,0.1608,0.1602,0.1603,479413.9
2026-06-10 06:25:00,0.1604,0.1608,0.1602,0.1603,543952.4
2026-06-10 06:30:00,0.1603,0.1604,0.1597,0.1602,1031248.8
2026-06-10 06:35:00,0.1603,0.1613,0.16,0.161,329493.6
2026-06-10 06:40:00,0.1609,0.1611,0.1608,0.1611,281468.3
2026-06-10 06:45:00,0.1611,0.1611,0.1607,0.1609,308555.9
2026-06-10 06:50:00,0.1608,0.1608,0.1605,0.1608,203192.2
2026-06-10 06:55:00,0.1608,0.1608,0.1605,0.1605,193670.4
2026-06-10 07:00:00,0.1605,0.1614,0.1605,0.1611,1044746.5
2026-06-10 07:05:00,0.1612,0.1616,0.161,0.1616,238834.8
2026-06-10 07:10:00,0.1615,0.1619,0.1614,0.1615,303900.7
2026-06-10 07:15:00,0.1615,0.1617,0.1611,0.1617,350814.2
2026-06-10 07:20:00,0.1617,0.1622,0.1616,0.1621,552712.9
2026-06-10 07:25:00,0.1622,0.1622,0.1616,0.1618,459712.5
2026-06-10 07:30:00,0.1618,0.1621,0.1614,0.1621,388249.9
2026-06-10 07:35:00,0.1621,0.1622,0.1619,0.162,331493.7
2026-06-10 07:40:00,0.162,0.1621,0.1618,0.1618,109994.9
2026-06-10 07:45:00,0.1619,0.1621,0.1616,0.1618,763626.1
2026-06-10 07:50:00,0.1617,0.1618,0.1614,0.1617,752507.2
2026-06-10 07:55:00,0.1618,0.1618,0.1613,0.1614,516117.1
2026-06-10 08:00:00,0.1613,0.1613,0.1603,0.1606,367820.2
2026-06-10 08:05:00,0.1606,0.1606,0.1601,0.1604,273319.4
2026-06-10 08:10:00,0.1605,0.161,0.1605,0.1608,275040.6
2026-06-10 08:15:00,0.1608,0.1616,0.1608,0.1613,215319.9
2026-06-10 08:20:00,0.1613,0.1615,0.1606,0.1606,610906.8
2026-06-10 08:25:00,0.1607,0.1609,0.1606,0.1607,308108.9
2026-06-10 08:30:00,0.1607,0.1611,0.159,0.159,2515267.0
2026-06-10 08:35:00,0.1591,0.1595,0.1588,0.1591,2095422.6
2026-06-10 08:40:00,0.1591,0.1594,0.159,0.1591,292161.3
2026-06-10 08:45:00,0.1592,0.1593,0.1589,0.1592,445469.7
2026-06-10 08:50:00,0.1592,0.1597,0.1592,0.1595,350149.4
2026-06-10 08:55:00,0.1595,0.1597,0.1593,0.1595,655703.8
2026-06-10 09:00:00,0.1595,0.1597,0.1593,0.1595,548421.5
2026-06-10 09:05:00,0.1594,0.16,0.1594,0.1598,267040.3
2026-06-10 09:10:00,0.1598,0.1602,0.1595,0.1595,448145.4
2026-06-10 09:15:00,0.1594,0.1596,0.1592,0.1592,425855.8
2026-06-10 09:20:00,0.1591,0.1592,0.1586,0.1592,1016076.4
2026-06-10 09:25:00,0.1591,0.16,0.1591,0.1598,513861.2
2026-06-10 09:30:00,0.1599,0.1603,0.1598,0.1602,537551.3
2026-06-10 09:35:00,0.1602,0.1606,0.1598,0.1605,1209948.4
2026-06-10 09:40:00,0.1605,0.1606,0.1603,0.1603,147735.5
2026-06-10 09:45:00,0.1604,0.1605,0.16,0.1601,432432.9
2026-06-10 09:50:00,0.1601,0.1604,0.16,0.1604,341044.1
2026-06-10 09:55:00,0.1603,0.1608,0.1603,0.1604,147513.4
2026-06-10 10:00:00,0.1603,0.1605,0.16,0.1601,637612.1
2026-06-10 10:05:00,0.16,0.16,0.1591,0.1596,832802.1
2026-06-10 10:10:00,0.1595,0.1599,0.1592,0.1597,524828.8
2026-06-10 10:15:00,0.1597,0.1598,0.1593,0.1593,485923.6
2026-06-10 10:20:00,0.1594,0.1598,0.1592,0.1596,349436.8
2026-06-10 10:25:00,0.1597,0.1602,0.1597,0.1601,212873.2
2026-06-10 10:30:00,0.1602,0.1609,0.1602,0.1607,474998.2
2026-06-10 10:35:00,0.1607,0.1608,0.1605,0.1608,163907.8
2026-06-10 10:40:00,0.1608,0.1608,0.1603,0.1606,177338.7
2026-06-10 10:45:00,0.1606,0.1606,0.1601,0.1604,186917.4
2026-06-10 10:50:00,0.1604,0.1605,0.1599,0.1601,384178.0
2026-06-10 10:55:00,0.1601,0.1609,0.1601,0.1607,220597.1
2026-06-10 11:00:00,0.1607,0.1607,0.1586,0.159,3325339.6
2026-06-10 11:05:00,0.159,0.1595,0.1587,0.1593,811961.7
2026-06-10 11:10:00,0.1593,0.1598,0.1592,0.1598,483099.9
2026-06-10 11:15:00,0.1598,0.1601,0.1593,0.1594,433003.4
2026-06-10 11:20:00,0.1595,0.1601,0.1594,0.1595,399980.3
2026-06-10 11:25:00,0.1595,0.1596,0.1588,0.1591,1008495.4
2026-06-10 11:30:00,0.1591,0.1594,0.1588,0.1594,448838.1
2026-06-10 11:35:00,0.1595,0.1597,0.1591,0.1593,249025.2
2026-06-10 11:40:00,0.1593,0.1599,0.1592,0.1598,178760.7
2026-06-10 11:45:00,0.1598,0.1602,0.1596,0.1599,600029.9
2026-06-10 11:50:00,0.1599,0.1601,0.1596,0.1597,184254.7
2026-06-10 11:55:00,0.1597,0.1598,0.1595,0.1596,67867.9
2026-06-10 12:00:00,0.1595,0.1595,0.1591,0.1595,286051.6
2026-06-10 12:05:00,0.1596,0.1598,0.1594,0.1598,168347.4
2026-06-10 12:10:00,0.1598,0.1603,0.1598,0.1601,599301.9
2026-06-10 12:15:00,0.16,0.1604,0.1593,0.1594,1236372.6
2026-06-10 12:20:00,0.1594,0.1598,0.1594,0.1598,238333.8
2026-06-10 12:25:00,0.1598,0.1601,0.1597,0.16,196271.0
2026-06-10 12:30:00,0.1601,0.1636,0.1598,0.1627,5051231.9
2026-06-10 12:35:00,0.1627,0.1631,0.1622,0.1625,1898085.1
2026-06-10 12:40:00,0.1626,0.1627,0.1617,0.1622,387746.0
2026-06-10 12:45:00,0.1622,0.1627,0.1619,0.1627,609979.0
2026-06-10 12:50:00,0.1627,0.1627,0.1621,0.1621,654931.2
2026-06-10 12:55:00,0.1622,0.1624,0.162,0.1621,1006769.2
2026-06-10 13:00:00,0.162,0.1624,0.1615,0.1617,542644.6
2026-06-10 13:05:00,0.1616,0.1617,0.1613,0.1617,389597.2
2026-06-10 13:10:00,0.1618,0.1622,0.1616,0.1621,477588.3
2026-06-10 13:15:00,0.1621,0.1624,0.1619,0.162,522379.3
2026-06-10 13:20:00,0.162,0.1621,0.1618,0.1619,419861.9
2026-06-10 13:25:00,0.1619,0.1622,0.1614,0.1621,866710.0
2026-06-10 13:30:00,0.162,0.1637,0.1618,0.1634,2995553.1
2026-06-10 13:35:00,0.1633,0.1645,0.1631,0.1645,1334403.8
2026-06-10 13:40:00,0.1645,0.1658,0.1643,0.1657,3107391.0
2026-06-10 13:45:00,0.1657,0.166,0.1651,0.1658,2246171.8
2026-06-10 13:50:00,0.1659,0.1659,0.1647,0.1652,1133924.9
2026-06-10 13:55:00,0.1651,0.1651,0.1646,0.1649,657344.1
2026-06-10 14:00:00,0.1649,0.1649,0.1642,0.1649,501142.5
2026-06-10 14:05:00,0.1649,0.1652,0.1647,0.165,513187.0
2026-06-10 14:10:00,0.1649,0.165,0.1635,0.1636,2159577.3
2026-06-10 14:15:00,0.1637,0.1639,0.1633,0.1635,983498.0
2026-06-10 14:20:00,0.1635,0.1641,0.1629,0.164,690475.8
2026-06-10 14:25:00,0.164,0.164,0.1633,0.1633,565314.6
2026-06-10 14:30:00,0.1633,0.1635,0.1624,0.1632,611891.2
2026-06-10 14:35:00,0.1633,0.1634,0.1626,0.1629,219517.7
2026-06-10 14:40:00,0.163,0.1641,0.163,0.1633,531106.5
2026-06-10 14:45:00,0.1633,0.1637,0.1629,0.1635,443382.1
2026-06-10 14:50:00,0.1636,0.1639,0.163,0.1633,780906.4
2026-06-10 14:55:00,0.1634,0.1639,0.163,0.1639,764664.1
2026-06-10 15:00:00,0.164,0.165,0.1637,0.1642,1004997.1
2026-06-10 15:05:00,0.1642,0.1642,0.1631,0.1635,729273.6
2026-06-10 15:10:00,0.1634,0.1638,0.1631,0.1637,881415.6
2026-06-10 15:15:00,0.1637,0.1644,0.1633,0.1644,509700.6
2026-06-10 15:20:00,0.1644,0.1659,0.1644,0.1655,1289921.0
2026-06-10 15:25:00,0.1656,0.1662,0.1656,0.1659,1458069.8
2026-06-10 15:30:00,0.1658,0.1663,0.1655,0.166,1926242.3
2026-06-10 15:35:00,0.1661,0.1662,0.1653,0.1657,1672112.4
2026-06-10 15:40:00,0.1657,0.1663,0.1653,0.1662,813478.4
2026-06-10 15:45:00,0.1663,0.1668,0.1638,0.1641,3366875.0
2026-06-10 15:50:00,0.1641,0.1658,0.1636,0.1658,1444621.1
2026-06-10 15:55:00,0.1657,0.1658,0.1648,0.165,545207.1
2026-06-10 16:00:00,0.165,0.1651,0.1645,0.1646,739429.4
2026-06-10 16:05:00,0.1645,0.1652,0.1643,0.1648,1344302.8
2026-06-10 16:10:00,0.1647,0.165,0.1643,0.1646,549852.9
2026-06-10 16:15:00,0.1647,0.1651,0.1643,0.1644,543180.5
2026-06-10 16:20:00,0.1644,0.1647,0.1639,0.1639,970770.9
2026-06-10 16:25:00,0.164,0.1643,0.1633,0.1639,1509921.6
2026-06-10 16:30:00,0.164,0.1642,0.1632,0.1642,871779.3
2026-06-10 16:35:00,0.1643,0.1645,0.1636,0.1637,792170.3
2026-06-10 16:40:00,0.1637,0.1639,0.1627,0.1628,513095.2
2026-06-10 16:45:00,0.1627,0.1627,0.1608,0.1609,1864695.0
2026-06-10 16:50:00,0.161,0.162,0.1606,0.1618,1203779.0
2026-06-10 16:55:00,0.1619,0.1622,0.1614,0.162,460356.4
2026-06-10 17:00:00,0.1621,0.1628,0.1619,0.1626,356071.0
2026-06-10 17:05:00,0.1627,0.1627,0.1621,0.1623,407566.5
2026-06-10 17:10:00,0.1624,0.1624,0.1617,0.1621,429933.3
2026-06-10 17:15:00,0.1621,0.1627,0.162,0.1623,279535.2
2026-06-10 17:20:00,0.1624,0.1624,0.1618,0.1619,289274.6
2026-06-10 17:25:00,0.162,0.1622,0.1606,0.1608,729637.8
2026-06-10 17:30:00,0.1608,0.1614,0.1604,0.1612,767833.9
2026-06-10 17:35:00,0.1611,0.1612,0.1605,0.1608,477140.7
2026-06-10 17:40:00,0.1608,0.1611,0.1603,0.1603,771110.9
2026-06-10 17:45:00,0.1604,0.1617,0.1603,0.1617,367681.5
2026-06-10 17:50:00,0.1617,0.1617,0.1607,0.161,1051571.6
2026-06-10 17:55:00,0.1611,0.1619,0.1611,0.1618,142748.4
2026-06-10 18:00:00,0.1617,0.1621,0.1617,0.162,216376.5
2026-06-10 18:05:00,0.162,0.1623,0.1618,0.1621,376300.2
2026-06-10 18:10:00,0.162,0.1624,0.1618,0.1621,251674.9
2026-06-10 18:15:00,0.1621,0.1621,0.1616,0.1617,189002.8
2026-06-10 18:20:00,0.1617,0.1619,0.1612,0.1617,471332.8
2026-06-10 18:25:00,0.1617,0.1624,0.1613,0.1624,559258.7
2026-06-10 18:30:00,0.1625,0.1625,0.1618,0.162,120797.1
2026-06-10 18:35:00,0.1619,0.1619,0.1613,0.1617,678986.9
2026-06-10 18:40:00,0.1616,0.1619,0.1615,0.1617,203243.7
2026-06-10 18:45:00,0.1618,0.1626,0.1616,0.1626,527596.9
2026-06-10 18:50:00,0.1626,0.1639,0.1619,0.1638,1523193.8
2026-06-10 18:55:00,0.1637,0.1647,0.1633,0.1647,1182205.2
2026-06-10 19:00:00,0.1647,0.1648,0.1639,0.1645,1535885.8
2026-06-10 19:05:00,0.1646,0.1646,0.1637,0.1644,1258498.2
2026-06-10 19:10:00,0.1643,0.1643,0.163,0.163,628094.3
2026-06-10 19:15:00,0.163,0.1632,0.1622,0.1623,561766.1
2026-06-10 19:20:00,0.1622,0.1622,0.1611,0.1617,516519.2
2026-06-10 19:25:00,0.1618,0.1619,0.161,0.1613,1290422.9
2026-06-10 19:30:00,0.1613,0.1619,0.161,0.1619,754773.3
2026-06-10 19:35:00,0.1619,0.1621,0.1611,0.1617,555240.8
2026-06-10 19:40:00,0.1618,0.1618,0.161,0.1611,436141.5
2026-06-10 19:45:00,0.1612,0.1612,0.1605,0.1611,765039.9
2026-06-10 19:50:00,0.161,0.1611,0.1604,0.1609,1517126.0
2026-06-10 19:55:00,0.1608,0.1612,0.1605,0.1608,609223.8
2026-06-10 20:00:00,0.1608,0.1612,0.1604,0.1609,562594.1
2026-06-10 20:05:00,0.1609,0.161,0.1597,0.1601,769113.6
2026-06-10 20:10:00,0.1601,0.1609,0.1601,0.1607,243503.2
2026-06-10 20:15:00,0.1608,0.1612,0.1603,0.161,738445.0
2026-06-10 20:20:00,0.161,0.1615,0.1606,0.1615,446967.5
2026-06-10 20:25:00,0.1615,0.1617,0.1613,0.1614,233546.5
2026-06-10 20:30:00,0.1614,0.1614,0.1607,0.1609,117970.1
2026-06-10 20:35:00,0.1609,0.161,0.1604,0.1605,448904.4
2026-06-10 20:40:00,0.1605,0.1608,0.1603,0.1603,567917.5
2026-06-10 20:45:00,0.1602,0.1607,0.16,0.1606,759258.0
2026-06-10 20:50:00,0.1606,0.1607,0.1597,0.1603,749939.4
2026-06-10 20:55:00,0.1603,0.1605,0.1598,0.1603,170364.2
2026-06-10 21:00:00,0.1603,0.1604,0.1599,0.1599,167481.7
2026-06-10 21:05:00,0.1599,0.1599,0.1592,0.1594,519688.8
2026-06-10 21:10:00,0.1594,0.1595,0.1588,0.1589,1414842.1
2026-06-10 21:15:00,0.159,0.1599,0.159,0.1596,456995.8
2026-06-10 21:20:00,0.1596,0.16,0.1592,0.1593,379771.8
2026-06-10 21:25:00,0.1594,0.1597,0.1594,0.1596,141018.6
2026-06-10 21:30:00,0.1596,0.16,0.1595,0.1598,214761.9
2026-06-10 21:35:00,0.1599,0.1601,0.1593,0.1594,999771.7
2026-06-10 21:40:00,0.1593,0.1601,0.1593,0.1601,225959.3
2026-06-10 21:45:00,0.1601,0.1605,0.16,0.1601,255675.5
2026-06-10 21:50:00,0.16,0.16,0.1582,0.1589,983804.7
2026-06-10 21:55:00,0.159,0.1595,0.1586,0.1595,681741.2
2026-06-10 22:00:00,0.1595,0.1597,0.1587,0.1593,590255.1
2026-06-10 22:05:00,0.1594,0.1597,0.1591,0.1596,294845.9
2026-06-10 22:10:00,0.1596,0.1597,0.1591,0.1596,380743.9
2026-06-10 22:15:00,0.1596,0.1598,0.1592,0.1593,367567.9
2026-06-10 22:20:00,0.1594,0.1597,0.1592,0.1594,417338.2
2026-06-10 22:25:00,0.1595,0.1598,0.1592,0.1594,285807.8
2026-06-10 22:30:00,0.1594,0.1603,0.1593,0.16,908769.6
2026-06-10 22:35:00,0.1601,0.1607,0.1601,0.1606,787132.3
2026-06-10 22:40:00,0.1607,0.1616,0.1606,0.161,605221.4
2026-06-10 22:45:00,0.161,0.161,0.1604,0.1606,293909.7
2026-06-10 22:50:00,0.1607,0.1609,0.1603,0.1606,260170.7
2026-06-10 22:55:00,0.1607,0.1609,0.1602,0.1602,267998.5
2026-06-10 23:00:00,0.1601,0.1601,0.1596,0.1598,650627.2
2026-06-10 23:05:00,0.1597,0.1599,0.1593,0.1594,256558.9
2026-06-10 23:10:00,0.1595,0.1599,0.1593,0.1597,750361.5
2026-06-10 23:15:00,0.1596,0.1608,0.1594,0.1606,1155990.1
2026-06-10 23:20:00,0.1606,0.1616,0.1605,0.161,487238.6
2026-06-10 23:25:00,0.1611,0.1614,0.1605,0.1613,391060.3
2026-06-10 23:30:00,0.1613,0.1614,0.1606,0.1608,325265.9
2026-06-10 23:35:00,0.1608,0.161,0.1605,0.1605,368871.2
2026-06-10 23:40:00,0.1605,0.1611,0.1603,0.1609,393811.0
2026-06-10 23:45:00,0.1609,0.1611,0.1605,0.1605,282300.7
2026-06-10 23:50:00,0.1605,0.1615,0.1605,0.161,484035.7
2026-06-10 23:55:00,0.1611,0.1611,0.1605,0.1607,223221.1
2026-06-11 00:00:00,0.1607,0.1615,0.1607,0.161,309304.3
2026-06-11 00:05:00,0.161,0.1614,0.1608,0.1614,783943.9
2026-06-11 00:10:00,0.1614,0.1616,0.1612,0.1616,142413.6
2026-06-11 00:15:00,0.1616,0.1624,0.1615,0.1622,705931.5
2026-06-11 00:20:00,0.1622,0.1622,0.1613,0.1615,311048.6
2026-06-11 00:25:00,0.1616,0.1617,0.1611,0.1617,218712.4
2026-06-11 00:30:00,0.1617,0.1619,0.1614,0.1616,921167.3
2026-06-11 00:35:00,0.1616,0.1616,0.161,0.1611,512630.5
2026-06-11 00:40:00,0.1611,0.1614,0.161,0.1611,131673.2
2026-06-11 00:45:00,0.1611,0.1618,0.1611,0.1616,434153.1
2026-06-11 00:50:00,0.1616,0.1616,0.1609,0.1609,133027.2
2026-06-11 00:55:00,0.1608,0.1616,0.1608,0.1613,1023828.7
2026-06-11 01:00:00,0.1613,0.1622,0.1612,0.1618,862085.5
2026-06-11 01:05:00,0.1618,0.1621,0.1615,0.1615,346642.2
2026-06-11 01:10:00,0.1616,0.1622,0.1615,0.162,429040.5
2026-06-11 01:15:00,0.162,0.1623,0.1619,0.1623,213047.8
2026-06-11 01:20:00,0.1622,0.1622,0.1618,0.162,493518.7
2026-06-11 01:25:00,0.162,0.1622,0.1617,0.1618,271470.1
2026-06-11 01:30:00,0.1619,0.1622,0.1616,0.1622,571048.2
2026-06-11 01:35:00,0.1622,0.1627,0.1618,0.1625,716297.9
2026-06-11 01:40:00,0.1625,0.1636,0.1624,0.1635,858881.4
2026-06-11 01:45:00,0.1635,0.1643,0.1635,0.164,790861.8
2026-06-11 01:50:00,0.164,0.1642,0.1633,0.1633,722513.4
2026-06-11 01:55:00,0.1633,0.1636,0.163,0.1635,267013.7
2026-06-11 02:00:00,0.1636,0.1638,0.1633,0.1637,343180.2
2026-06-11 02:05:00,0.1638,0.1638,0.1631,0.1631,261591.2
2026-06-11 02:10:00,0.1631,0.1631,0.1626,0.1628,986694.2
2026-06-11 02:15:00,0.1629,0.1632,0.1625,0.1631,339295.0
2026-06-11 02:20:00,0.1631,0.1631,0.1622,0.1627,192906.3
2026-06-11 02:25:00,0.1626,0.1629,0.1625,0.1628,734187.8
2026-06-11 02:30:00,0.1628,0.1629,0.1621,0.1622,300659.3
2026-06-11 02:35:00,0.1622,0.1626,0.1622,0.1622,178616.3
2026-06-11 02:40:00,0.1622,0.1625,0.1621,0.1623,293694.4
2026-06-11 02:45:00,0.1623,0.1624,0.1619,0.1623,407712.2
2026-06-11 02:50:00,0.1624,0.1629,0.1623,0.1626,330830.5
2026-06-11 02:55:00,0.1626,0.1634,0.1625,0.163,497898.1
2026-06-11 03:00:00,0.163,0.1633,0.1628,0.1628,207513.4
2026-06-11 03:05:00,0.1628,0.1628,0.1621,0.1627,777336.3
2026-06-11 03:10:00,0.1627,0.1628,0.1623,0.1626,845580.6
2026-06-11 03:15:00,0.1626,0.1629,0.1625,0.1627,139090.5
2026-06-11 03:20:00,0.1628,0.1628,0.1624,0.1627,231935.6
2026-06-11 03:25:00,0.1627,0.1632,0.1627,0.1632,308297.1
2026-06-11 03:30:00,0.1632,0.1647,0.1632,0.1643,1859843.7
2026-06-11 03:35:00,0.1643,0.1645,0.1639,0.1643,622263.9
2026-06-11 03:40:00,0.1642,0.1644,0.1641,0.1641,238043.1
2026-06-11 03:45:00,0.1641,0.1647,0.1641,0.1644,706792.1
2026-06-11 03:50:00,0.1644,0.1647,0.1643,0.1645,426411.9
2026-06-11 03:55:00,0.1645,0.1673,0.1645,0.1665,5891245.1
2026-06-11 04:00:00,0.1666,0.1668,0.1662,0.1663,1178520.3
2026-06-11 04:05:00,0.1663,0.1663,0.1652,0.1658,1380664.9
2026-06-11 04:10:00,0.1657,0.1664,0.1656,0.1663,1403851.0
2026-06-11 04:15:00,0.1663,0.1666,0.1663,0.1664,940788.2
2026-06-11 04:20:00,0.1665,0.1668,0.1663,0.1665,922596.6
2026-06-11 04:25:00,0.1665,0.1668,0.1662,0.1662,440355.8
2026-06-11 04:30:00,0.1662,0.1664,0.1658,0.1658,597351.3
2026-06-11 04:35:00,0.1658,0.1662,0.1656,0.1662,723280.9
2026-06-11 04:40:00,0.1663,0.1663,0.1659,0.1663,199705.7
2026-06-11 04:45:00,0.1664,0.1673,0.1664,0.1671,1016275.2
2026-06-11 04:50:00,0.1671,0.1678,0.167,0.1676,818455.5
2026-06-11 04:55:00,0.1676,0.1677,0.1666,0.1668,1099845.6
2026-06-11 05:00:00,0.1668,0.1668,0.1662,0.1663,646625.7
2026-06-11 05:05:00,0.1662,0.1665,0.1659,0.1663,409388.8
2026-06-11 05:10:00,0.1664,0.1667,0.1663,0.1663,454321.8
2026-06-11 05:15:00,0.1663,0.1667,0.1662,0.1663,263249.3
2026-06-11 05:20:00,0.1663,0.1665,0.166,0.166,410291.0
2026-06-11 05:25:00,0.166,0.166,0.1654,0.1658,289314.4
2026-06-11 05:30:00,0.1658,0.1659,0.1655,0.1657,70955.3
2026-06-11 05:35:00,0.1657,0.1661,0.1656,0.1658,505887.4
2026-06-11 05:40:00,0.1657,0.1664,0.1656,0.1663,590142.1
2026-06-11 05:45:00,0.1663,0.1666,0.1661,0.1662,640675.7
2026-06-11 05:50:00,0.1661,0.1663,0.1658,0.166,877296.4
2026-06-11 05:55:00,0.166,0.1663,0.1655,0.1655,383183.5
2026-06-11 06:00:00,0.1655,0.166,0.1655,0.1655,657938.2
2026-06-11 06:05:00,0.1656,0.1659,0.165,0.1651,529300.1
2026-06-11 06:10:00,0.1651,0.1658,0.1651,0.1657,532247.4
2026-06-11 06:15:00,0.1657,0.166,0.1655,0.1656,489612.8
2026-06-11 06:20:00,0.1655,0.1663,0.1655,0.1662,488710.1
2026-06-11 06:25:00,0.1663,0.1663,0.1654,0.1656,893134.8
2026-06-11 06:30:00,0.1656,0.1658,0.1655,0.1655,221180.1
2026-06-11 06:35:00,0.1656,0.1656,0.1653,0.1653,308636.6
2026-06-11 06:40:00,0.1653,0.1653,0.1648,0.1649,1224415.0
2026-06-11 06:45:00,0.1649,0.165,0.1646,0.1648,156443.4
2026-06-11 06:50:00,0.1647,0.1648,0.1643,0.1645,195190.4
2026-06-11 06:55:00,0.1645,0.1648,0.1641,0.1647,651373.0
2026-06-11 07:00:00,0.1647,0.1652,0.1644,0.1649,688607.0
2026-06-11 07:05:00,0.1649,0.1652,0.1649,0.1652,203862.1
2026-06-11 07:10:00,0.1652,0.1654,0.1646,0.1648,504814.5
2026-06-11 07:15:00,0.1647,0.1658,0.1647,0.1656,403008.6
2026-06-11 07:20:00,0.1657,0.1661,0.1655,0.1658,544312.4
2026-06-11 07:25:00,0.1658,0.1665,0.1658,0.1664,473946.6
2026-06-11 07:30:00,0.1665,0.1667,0.1662,0.1663,594288.0
2026-06-11 07:35:00,0.1663,0.1664,0.1658,0.166,349713.7
2026-06-11 07:40:00,0.166,0.1662,0.1658,0.1659,497956.5
2026-06-11 07:45:00,0.1659,0.1666,0.1659,0.1665,597062.5
2026-06-11 07:50:00,0.1665,0.1666,0.1663,0.1664,217527.1
2026-06-11 07:55:00,0.1663,0.1669,0.1663,0.1668,648040.3
2026-06-11 08:00:00,0.1668,0.1672,0.1667,0.167,566672.2
2026-06-11 08:05:00,0.167,0.1672,0.1668,0.167,475400.8
2026-06-11 08:10:00,0.1669,0.1678,0.1669,0.1676,304507.7
2026-06-11 08:15:00,0.1675,0.1677,0.1672,0.1676,508494.0
2026-06-11 08:20:00,0.1675,0.1681,0.1674,0.1679,774250.6
2026-06-11 08:25:00,0.1678,0.168,0.1673,0.1677,544570.6
2026-06-11 08:30:00,0.1678,0.168,0.1677,0.1678,310440.7
2026-06-11 08:35:00,0.1678,0.1681,0.1675,0.1679,610640.5
2026-06-11 08:40:00,0.1679,0.168,0.1675,0.1675,337283.6
2026-06-11 08:45:00,0.1675,0.1681,0.1675,0.1675,1168226.6
2026-06-11 08:50:00,0.1675,0.1679,0.1675,0.1677,865858.8
2026-06-11 08:55:00,0.1676,0.1677,0.1668,0.1669,611765.9
2026-06-11 09:00:00,0.1669,0.1671,0.1663,0.1664,693301.1
2026-06-11 09:05:00,0.1664,0.1665,0.166,0.1661,198169.8
2026-06-11 09:10:00,0.166,0.1665,0.1659,0.1663,813890.0
2026-06-11 09:15:00,0.1662,0.1662,0.1656,0.1662,374905.4
2026-06-11 09:20:00,0.1661,0.1662,0.1659,0.1661,437683.8
2026-06-11 09:25:00,0.1662,0.1664,0.166,0.1664,209314.0
2026-06-11 09:30:00,0.1663,0.1667,0.1662,0.1666,422946.2
2026-06-11 09:35:00,0.1665,0.1668,0.1664,0.1667,181404.8
2026-06-11 09:40:00,0.1667,0.1668,0.1665,0.1665,315414.3
2026-06-11 09:45:00,0.1666,0.1668,0.1664,0.1666,238823.9
2026-06-11 09:50:00,0.1665,0.1667,0.1664,0.1665,537723.6
2026-06-11 09:55:00,0.1665,0.1666,0.1664,0.1664,595177.4
2026-06-11 10:00:00,0.1665,0.1666,0.166,0.166,769652.1
2026-06-11 10:05:00,0.1659,0.1663,0.1658,0.1659,344749.7
2026-06-11 10:10:00,0.166,0.1661,0.1656,0.1658,562058.1
2026-06-11 10:15:00,0.1658,0.1659,0.1654,0.1656,570184.4
2026-06-11 10:20:00,0.1656,0.1657,0.1654,0.1655,389959.8
2026-06-11 10:25:00,0.1654,0.1657,0.1654,0.1655,501979.1
2026-06-11 10:30:00,0.1656,0.1659,0.1654,0.1654,270046.2
2026-06-11 10:35:00,0.1654,0.1657,0.1654,0.1656,379372.9
2026-06-11 10:40:00,0.1656,0.1658,0.1655,0.1657,193126.1
2026-06-11 10:45:00,0.1658,0.166,0.1657,0.1658,176801.7
2026-06-11 10:50:00,0.1659,0.1662,0.1657,0.1658,398971.6
2026-06-11 10:55:00,0.1658,0.1663,0.1656,0.1662,1344232.6
2026-06-11 11:00:00,0.1662,0.1663,0.1658,0.1662,981190.4
2026-06-11 11:05:00,0.1662,0.1662,0.1656,0.1658,1144293.3
2026-06-11 11:10:00,0.1659,0.1663,0.1658,0.1662,270635.0
2026-06-11 11:15:00,0.1662,0.1663,0.1657,0.1658,629419.0
2026-06-11 11:20:00,0.1658,0.1662,0.1657,0.1661,408114.4
2026-06-11 11:25:00,0.1661,0.1663,0.1657,0.166,366811.9
2026-06-11 11:30:00,0.166,0.1664,0.1659,0.1664,1112554.6
2026-06-11 11:35:00,0.1663,0.1663,0.1659,0.1661,567729.5
2026-06-11 11:40:00,0.1662,0.1664,0.1661,0.1663,420243.1
2026-06-11 11:45:00,0.1663,0.1667,0.1662,0.1667,278149.4
2026-06-11 11:50:00,0.1667,0.1675,0.1666,0.1671,1311625.0
2026-06-11 11:55:00,0.1671,0.1671,0.1668,0.1669,169842.6
2026-06-11 12:00:00,0.1669,0.167,0.1665,0.1666,777805.2
2026-06-11 12:05:00,0.1666,0.1668,0.1661,0.1663,442640.8
2026-06-11 12:10:00,0.1663,0.1667,0.1662,0.1665,429269.5
2026-06-11 12:15:00,0.1665,0.1668,0.1664,0.1665,325757.0
2026-06-11 12:20:00,0.1665,0.1665,0.1647,0.1648,2622949.4
2026-06-11 12:25:00,0.1648,0.1651,0.1648,0.1651,296657.9
2026-06-11 12:30:00,0.165,0.1659,0.1647,0.1652,2127655.3
2026-06-11 12:35:00,0.1653,0.1658,0.1652,0.1655,319306.9
2026-06-11 12:40:00,0.1655,0.1664,0.1654,0.1662,753721.9
2026-06-11 12:45:00,0.1661,0.1662,0.1656,0.1658,941057.5
2026-06-11 12:50:00,0.1659,0.166,0.1656,0.1658,658200.5
2026-06-11 12:55:00,0.1658,0.166,0.1656,0.1658,302523.5
2026-06-11 13:00:00,0.1657,0.1657,0.1651,0.1653,382561.8
2026-06-11 13:05:00,0.1652,0.1654,0.1651,0.1651,97303.1
2026-06-11 13:10:00,0.1652,0.1653,0.1646,0.1649,392454.0
2026-06-11 13:15:00,0.165,0.1655,0.1649,0.1654,379922.6
2026-06-11 13:20:00,0.1654,0.1654,0.1647,0.1647,415206.3
2026-06-11 13:25:00,0.1647,0.1651,0.1647,0.1648,456685.3
2026-06-11 13:30:00,0.1647,0.1648,0.1642,0.1647,1032267.3
2026-06-11 13:35:00,0.1646,0.1652,0.1646,0.165,324892.4
2026-06-11 13:40:00,0.1649,0.165,0.1645,0.165,268442.6
2026-06-11 13:45:00,0.1651,0.1661,0.165,0.1657,1151208.3
2026-06-11 13:50:00,0.1657,0.1663,0.1656,0.1659,1076880.6
2026-06-11 13:55:00,0.1659,0.1659,0.1655,0.1658,715308.0
2026-06-11 14:00:00,0.1659,0.1664,0.1658,0.1663,370769.5
2026-06-11 14:05:00,0.1662,0.1662,0.1657,0.1657,305891.3
2026-06-11 14:10:00,0.1658,0.1658,0.1652,0.1653,195321.1
2026-06-11 14:15:00,0.1652,0.1654,0.1647,0.1649,318225.8
2026-06-11 14:20:00,0.1648,0.1656,0.1648,0.1654,621156.0
2026-06-11 14:25:00,0.1654,0.1656,0.165,0.1653,448484.5
2026-06-11 14:30:00,0.1653,0.1658,0.165,0.1657,529379.3
2026-06-11 14:35:00,0.1658,0.1664,0.1656,0.1659,383066.3
2026-06-11 14:40:00,0.1659,0.1662,0.1657,0.1661,528964.4
2026-06-11 14:45:00,0.1661,0.1664,0.166,0.1662,387626.9
2026-06-11 14:50:00,0.1663,0.1667,0.1661,0.1665,1091317.5
2026-06-11 14:55:00,0.1664,0.1666,0.1654,0.1654,504666.3
2026-06-11 15:00:00,0.1653,0.1655,0.1647,0.1652,1259942.5
2026-06-11 15:05:00,0.1653,0.1659,0.1649,0.1657,1096001.0
2026-06-11 15:10:00,0.1656,0.1664,0.1654,0.1661,984851.4
2026-06-11 15:15:00,0.166,0.1663,0.1659,0.1663,284837.0
2026-06-11 15:20:00,0.1662,0.167,0.1661,0.1668,771935.9
2026-06-11 15:25:00,0.1667,0.1669,0.1665,0.1667,203882.9
2026-06-11 15:30:00,0.1668,0.1672,0.1664,0.167,564000.6
2026-06-11 15:35:00,0.1671,0.1674,0.1669,0.1669,567134.8
2026-06-11 15:40:00,0.167,0.1671,0.1662,0.1665,1120697.1
2026-06-11 15:45:00,0.1664,0.1665,0.1659,0.1661,387511.5
2026-06-11 15:50:00,0.1661,0.1661,0.1654,0.1657,362719.5
2026-06-11 15:55:00,0.1657,0.1662,0.1655,0.1662,669409.0
2026-06-11 16:00:00,0.1662,0.1664,0.1656,0.1656,772594.7
2026-06-11 16:05:00,0.1657,0.1666,0.1657,0.166,670859.5
2026-06-11 16:10:00,0.1659,0.1663,0.1659,0.1662,153478.3
2026-06-11 16:15:00,0.1663,0.1665,0.1661,0.1662,288057.3
2026-06-11 16:20:00,0.1662,0.1662,0.1651,0.1653,1121742.1
2026-06-11 16:25:00,0.1653,0.1657,0.1652,0.1655,625051.7
2026-06-11 16:30:00,0.1654,0.1662,0.1654,0.166,1110610.6
2026-06-11 16:35:00,0.166,0.1668,0.166,0.1661,561302.9
2026-06-11 16:40:00,0.1661,0.1663,0.1658,0.1659,181075.9
2026-06-11 16:45:00,0.166,0.166,0.1652,0.1652,794578.9
2026-06-11 16:50:00,0.1652,0.1654,0.1651,0.1653,279067.4
2026-06-11 16:55:00,0.1652,0.1653,0.165,0.1651,978795.2
2026-06-11 17:00:00,0.1652,0.1654,0.1644,0.1647,1479773.5
2026-06-11 17:05:00,0.1647,0.1653,0.1647,0.1651,312144.1
2026-06-11 17:10:00,0.1651,0.1652,0.1646,0.1648,256747.4
2026-06-11 17:15:00,0.1648,0.1649,0.1643,0.1644,403769.3
2026-06-11 17:20:00,0.1644,0.1645,0.1641,0.1643,382391.3
2026-06-11 17:25:00,0.1644,0.1669,0.1641,0.1669,3967341.0
2026-06-11 17:30:00,0.1669,0.1684,0.1666,0.1681,3739204.8
2026-06-11 17:35:00,0.1681,0.1685,0.1678,0.1681,1111859.9
2026-06-11 17:40:00,0.1681,0.1689,0.1679,0.1688,733664.4
2026-06-11 17:45:00,0.1688,0.1703,0.1686,0.1699,3302409.4
2026-06-11 17:50:00,0.1698,0.1706,0.1695,0.1702,1855620.8
2026-06-11 17:55:00,0.1702,0.1707,0.1698,0.1707,1515267.8
2026-06-11 18:00:00,0.1707,0.1719,0.1698,0.1698,2482042.3
2026-06-11 18:05:00,0.1699,0.1699,0.1693,0.1696,1011265.3
2026-06-11 18:10:00,0.1696,0.1705,0.1695,0.1703,1175381.8
2026-06-11 18:15:00,0.1703,0.1712,0.1701,0.1705,728957.5
2026-06-11 18:20:00,0.1704,0.1704,0.1691,0.1694,2189165.2
2026-06-11 18:25:00,0.1693,0.1695,0.1689,0.169,433497.0
2026-06-11 18:30:00,0.169,0.1693,0.1689,0.1691,2114131.0
2026-06-11 18:35:00,0.1691,0.1698,0.1691,0.1697,1495795.4
2026-06-11 18:40:00,0.1697,0.1698,0.1692,0.1696,551895.9
2026-06-11 18:45:00,0.1696,0.1698,0.1694,0.1696,1051090.5
2026-06-11 18:50:00,0.1696,0.1697,0.1691,0.1692,430471.3
2026-06-11 18:55:00,0.1693,0.1696,0.1692,0.1692,480304.4
2026-06-11 19:00:00,0.1691,0.1694,0.1688,0.1691,500328.5
2026-06-11 19:05:00,0.1692,0.1692,0.1681,0.1685,546937.5
2026-06-11 19:10:00,0.1685,0.1696,0.1684,0.1689,1212160.9
2026-06-11 19:15:00,0.169,0.1699,0.169,0.1699,553742.5
2026-06-11 19:20:00,0.1699,0.17,0.1695,0.17,370755.3
2026-06-11 19:25:00,0.1699,0.1703,0.1697,0.1698,582579.8
2026-06-11 19:30:00,0.1697,0.171,0.1696,0.1705,2372828.7
2026-06-11 19:35:00,0.1704,0.1705,0.1697,0.1698,567904.3
2026-06-11 19:40:00,0.1698,0.1703,0.1697,0.1699,741567.3
2026-06-11 19:45:00,0.1699,0.17,0.1696,0.1696,288241.5
2026-06-11 19:50:00,0.1696,0.1696,0.1692,0.1694,316331.1
2026-06-11 19:55:00,0.1694,0.1694,0.169,0.1694,385535.0
2026-06-11 20:00:00,0.1694,0.1695,0.1689,0.1692,335274.8
2026-06-11 20:05:00,0.1693,0.1697,0.1693,0.1695,190071.8
2026-06-11 20:10:00,0.1695,0.1695,0.1691,0.1694,174349.3
2026-06-11 20:15:00,0.1694,0.1696,0.1691,0.1696,127019.5
2026-06-11 20:20:00,0.1696,0.1696,0.1693,0.1695,211774.4
2026-06-11 20:25:00,0.1695,0.1695,0.168,0.1682,1735760.8
2026-06-11 20:30:00,0.1682,0.1683,0.168,0.1683,364345.6
2026-06-11 20:35:00,0.1682,0.1682,0.1675,0.1677,679624.7
2026-06-11 20:40:00,0.1677,0.168,0.1677,0.1678,550222.2
2026-06-11 20:45:00,0.1678,0.1681,0.1678,0.1679,475069.3
2026-06-11 20:50:00,0.1679,0.1684,0.1679,0.1682,118679.2
2026-06-11 20:55:00,0.1683,0.1686,0.1682,0.1684,155972.1
2026-06-11 21:00:00,0.1684,0.1689,0.1684,0.1688,112594.2
2026-06-11 21:05:00,0.1688,0.1691,0.1688,0.1691,135050.9
2026-06-11 21:10:00,0.1691,0.1701,0.1691,0.17,660587.5
2026-06-11 21:15:00,0.1699,0.17,0.1697,0.1699,504260.7
2026-06-11 21:20:00,0.1699,0.1702,0.1697,0.17,315193.3
2026-06-11 21:25:00,0.17,0.17,0.1698,0.1699,103890.0
2026-06-11 21:30:00,0.17,0.1702,0.17,0.17,104206.9
2026-06-11 21:35:00,0.17,0.1704,0.17,0.1704,513952.8
2026-06-11 21:40:00,0.1704,0.1705,0.1699,0.17,191298.2
2026-06-11 21:45:00,0.1701,0.1707,0.1701,0.1707,208762.4
2026-06-11 21:50:00,0.1707,0.171,0.1704,0.1704,582042.3
2026-06-11 21:55:00,0.1703,0.1705,0.1699,0.1701,907714.0
2026-06-11 22:00:00,0.1701,0.1706,0.17,0.1703,192062.0
2026-06-11 22:05:00,0.1703,0.1709,0.1701,0.1706,241741.3
2026-06-11 22:10:00,0.1706,0.1707,0.1701,0.1705,494937.8
2026-06-11 22:15:00,0.1705,0.1709,0.1705,0.1708,220398.7
2026-06-11 22:20:00,0.1709,0.171,0.1706,0.1707,366005.5
2026-06-11 22:25:00,0.1706,0.1707,0.1704,0.1706,334528.0
2026-06-11 22:30:00,0.1706,0.1713,0.1706,0.1707,391484.1
2026-06-11 22:35:00,0.1707,0.1711,0.1706,0.171,186405.0
2026-06-11 22:40:00,0.171,0.171,0.1704,0.1706,275091.7
2026-06-11 22:45:00,0.1706,0.171,0.1702,0.1709,220807.2
2026-06-11 22:50:00,0.1709,0.1711,0.1708,0.171,192054.8
2026-06-11 22:55:00,0.1711,0.1715,0.1711,0.1711,337424.3
2026-06-11 23:00:00,0.1711,0.1711,0.1703,0.1707,761991.3
2026-06-11 23:05:00,0.1707,0.1709,0.1701,0.1701,483525.8
2026-06-11 23:10:00,0.1702,0.1707,0.1702,0.1706,477113.3
2026-06-11 23:15:00,0.1705,0.1709,0.1704,0.1709,243137.7
2026-06-11 23:20:00,0.171,0.1714,0.1709,0.171,226500.0
2026-06-11 23:25:00,0.171,0.1713,0.1704,0.1706,1980393.3
2026-06-11 23:30:00,0.1707,0.1714,0.1706,0.171,2916075.4
2026-06-11 23:35:00,0.171,0.1712,0.1708,0.1712,183814.3
2026-06-11 23:40:00,0.1713,0.172,0.1713,0.1715,986057.4
2026-06-11 23:45:00,0.1714,0.1714,0.1707,0.1707,193930.1
2026-06-11 23:50:00,0.1707,0.1707,0.1702,0.1705,550356.9
2026-06-11 23:55:00,0.1706,0.1707,0.1701,0.1707,499382.1
2026-06-12 00:00:00,0.1707,0.1707,0.1702,0.1703,1699960.9
2026-06-12 00:05:00,0.1704,0.1713,0.1704,0.1708,1806057.1
2026-06-12 00:10:00,0.1709,0.1711,0.1705,0.1706,379088.0
2026-06-12 00:15:00,0.1705,0.1705,0.1699,0.1704,709182.1
2026-06-12 00:20:00,0.1704,0.1705,0.1701,0.1703,644467.4
2026-06-12 00:25:00,0.1703,0.1707,0.1702,0.1705,507371.3
2026-06-12 00:30:00,0.1705,0.1706,0.1701,0.1703,594785.7
2026-06-12 00:35:00,0.1702,0.1709,0.1701,0.1701,551079.3
2026-06-12 00:40:00,0.1701,0.1706,0.1701,0.1706,619773.1
2026-06-12 00:45:00,0.1706,0.1707,0.1702,0.1703,99054.6
2026-06-12 00:50:00,0.1703,0.1706,0.17,0.1705,352246.6
2026-06-12 00:55:00,0.1705,0.1707,0.1702,0.1702,391818.0
2026-06-12 01:00:00,0.1701,0.1701,0.1692,0.1697,627522.0
2026-06-12 01:05:00,0.1697,0.1699,0.1695,0.1698,197013.3
2026-06-12 01:10:00,0.1697,0.1698,0.1694,0.1694,232165.7
2026-06-12 01:15:00,0.1695,0.1696,0.1693,0.1694,74856.8
2026-06-12 01:20:00,0.1694,0.1694,0.1689,0.1692,338300.0
2026-06-12 01:25:00,0.1692,0.1693,0.1688,0.1691,314010.8
2026-06-12 01:30:00,0.169,0.1695,0.169,0.1692,176466.4
2026-06-12 01:35:00,0.1692,0.1693,0.169,0.1693,111132.1
2026-06-12 01:40:00,0.1693,0.1695,0.1692,0.1692,74589.4
2026-06-12 01:45:00,0.1692,0.1696,0.1692,0.1696,135131.2
2026-06-12 01:50:00,0.1696,0.1698,0.1694,0.1698,280842.4
2026-06-12 01:55:00,0.1697,0.1697,0.1693,0.1696,149908.1
2026-06-12 02:00:00,0.1697,0.1701,0.1697,0.1699,196174.3
2026-06-12 02:05:00,0.1699,0.1706,0.1699,0.1706,129087.3
2026-06-12 02:10:00,0.1707,0.1712,0.1705,0.1708,418126.6
2026-06-12 02:15:00,0.1708,0.1709,0.1702,0.1708,830997.5
2026-06-12 02:20:00,0.1708,0.1708,0.1704,0.1706,214783.7
2026-06-12 02:25:00,0.1706,0.1707,0.1703,0.1707,377344.3
2026-06-12 02:30:00,0.1708,0.1712,0.1708,0.1709,187680.6
2026-06-12 02:35:00,0.1709,0.1714,0.1709,0.1713,177983.1
2026-06-12 02:40:00,0.1714,0.1715,0.171,0.1714,444903.1
2026-06-12 02:45:00,0.1715,0.1715,0.171,0.1711,225306.0
2026-06-12 02:50:00,0.1711,0.1713,0.171,0.1711,681052.4
2026-06-12 02:55:00,0.1712,0.1712,0.1707,0.1711,268048.1
2026-06-12 03:00:00,0.1711,0.1713,0.171,0.1711,226342.9
2026-06-12 03:05:00,0.1711,0.1714,0.171,0.1713,151858.7
2026-06-12 03:10:00,0.1713,0.1715,0.1712,0.1713,204173.1
2026-06-12 03:15:00,0.1712,0.1714,0.171,0.1712,47373.5
2026-06-12 03:20:00,0.1712,0.1712,0.1709,0.1711,183954.1
2026-06-12 03:25:00,0.171,0.1715,0.1707,0.171,697528.3
2026-06-12 03:30:00,0.171,0.1715,0.171,0.1714,424227.0
2026-06-12 03:35:00,0.1715,0.1717,0.1711,0.1711,354455.4
2026-06-12 03:40:00,0.1711,0.1711,0.1708,0.1709,192492.5
2026-06-12 03:45:00,0.1709,0.1714,0.1709,0.1712,370554.4
2026-06-12 03:50:00,0.1712,0.1716,0.171,0.1715,299980.5
2026-06-12 03:55:00,0.1716,0.1719,0.1716,0.1718,218354.2
2026-06-12 04:00:00,0.1719,0.1719,0.1715,0.1716,359570.0
2026-06-12 04:05:00,0.1717,0.1718,0.1714,0.1717,228788.7
2026-06-12 04:10:00,0.1717,0.172,0.1716,0.1716,260531.5
2026-06-12 04:15:00,0.1715,0.1726,0.1715,0.1724,977028.2
2026-06-12 04:20:00,0.1723,0.1724,0.1721,0.1724,567997.1
2026-06-12 04:25:00,0.1724,0.1731,0.1724,0.1726,663666.0
2026-06-12 04:30:00,0.1727,0.1736,0.1727,0.1729,1121234.9
2026-06-12 04:35:00,0.1729,0.173,0.1722,0.1724,749685.1
2026-06-12 04:40:00,0.1724,0.1725,0.172,0.1722,287737.0
2026-06-12 04:45:00,0.1723,0.1725,0.1722,0.1724,725098.6
2026-06-12 04:50:00,0.1724,0.1725,0.1721,0.1723,139098.4
2026-06-12 04:55:00,0.1723,0.1723,0.1719,0.1723,330593.1
2026-06-12 05:00:00,0.1723,0.1724,0.1718,0.1719,271851.9
2026-06-12 05:05:00,0.172,0.1722,0.1717,0.172,206148.1
2026-06-12 05:10:00,0.172,0.172,0.1714,0.1717,423854.2
2026-06-12 05:15:00,0.1717,0.1721,0.1716,0.1718,134208.1
2026-06-12 05:20:00,0.1718,0.1719,0.1711,0.1714,416465.1
2026-06-12 05:25:00,0.1713,0.1714,0.1711,0.1712,107115.2
2026-06-12 05:30:00,0.1712,0.1719,0.1711,0.1715,561748.8
2026-06-12 05:35:00,0.1715,0.1716,0.1707,0.171,263788.9
2026-06-12 05:40:00,0.171,0.1711,0.1708,0.1709,890004.1
2026-06-12 05:45:00,0.1709,0.1712,0.1706,0.1708,152479.0
2026-06-12 05:50:00,0.1709,0.171,0.1702,0.1705,351666.2
2026-06-12 05:55:00,0.1705,0.1707,0.1702,0.1703,382355.6
2026-06-12 06:00:00,0.1702,0.1707,0.17,0.1707,239941.7
2026-06-12 06:05:00,0.1708,0.1708,0.1702,0.1705,628588.7
2026-06-12 06:10:00,0.1706,0.1706,0.17,0.1702,232463.2
2026-06-12 06:15:00,0.1702,0.1703,0.1696,0.1699,1325934.2
2026-06-12 06:20:00,0.1699,0.17,0.1694,0.1699,265367.7
2026-06-12 06:25:00,0.17,0.17,0.1695,0.1696,817072.5
2026-06-12 06:30:00,0.1696,0.1696,0.1683,0.1685,1205051.4
2026-06-12 06:35:00,0.1685,0.1687,0.1681,0.1687,451833.3
2026-06-12 06:40:00,0.1686,0.1688,0.1682,0.1683,216740.3
2026-06-12 06:45:00,0.1683,0.1687,0.1683,0.1684,651646.5
2026-06-12 06:50:00,0.1684,0.1685,0.1682,0.1684,260353.9
2026-06-12 06:55:00,0.1684,0.1688,0.1684,0.1684,334942.7
2026-06-12 07:00:00,0.1684,0.169,0.1684,0.1688,985214.0
2026-06-12 07:05:00,0.1688,0.1691,0.1688,0.1689,704188.3
2026-06-12 07:10:00,0.1689,0.1693,0.1687,0.1687,660665.6
2026-06-12 07:15:00,0.1687,0.1689,0.1684,0.1685,279819.3
2026-06-12 07:20:00,0.1686,0.1689,0.1684,0.1687,299889.2
2026-06-12 07:25:00,0.1688,0.1688,0.1685,0.1686,277897.3
2026-06-12 07:30:00,0.1686,0.1688,0.1683,0.1683,202424.8
2026-06-12 07:35:00,0.1683,0.169,0.1683,0.1688,227232.7
2026-06-12 07:40:00,0.1689,0.1691,0.1687,0.1687,187665.9
2026-06-12 07:45:00,0.1687,0.1688,0.1683,0.1685,181050.3
2026-06-12 07:50:00,0.1685,0.1687,0.1684,0.1686,169658.9
2026-06-12 07:55:00,0.1686,0.1695,0.1686,0.1692,1185907.3
2026-06-12 08:00:00,0.1692,0.1696,0.1692,0.1692,384586.3
2026-06-12 08:05:00,0.1692,0.1697,0.1692,0.1695,412322.2
2026-06-12 08:10:00,0.1694,0.1697,0.1694,0.1694,284490.1
2026-06-12 08:15:00,0.1693,0.17,0.1692,0.1699,746082.8
2026-06-12 08:20:00,0.1699,0.1704,0.1699,0.17,1359153.4
2026-06-12 08:25:00,0.17,0.17,0.1696,0.1699,638266.6
2026-06-12 08:30:00,0.17,0.1701,0.1697,0.17,195993.3
2026-06-12 08:35:00,0.17,0.17,0.1696,0.17,262393.9
2026-06-12 08:40:00,0.1701,0.1701,0.1695,0.1695,77816.5
2026-06-12 08:45:00,0.1695,0.17,0.1695,0.1699,290604.2
2026-06-12 08:50:00,0.1698,0.1703,0.1698,0.1702,232571.2
2026-06-12 08:55:00,0.1703,0.1706,0.1702,0.1704,334850.7
2026-06-12 09:00:00,0.1704,0.1705,0.1699,0.17,95598.6
2026-06-12 09:05:00,0.17,0.1703,0.1699,0.17,240765.7
2026-06-12 09:10:00,0.17,0.1706,0.1699,0.1704,298824.1
2026-06-12 09:15:00,0.1704,0.1706,0.1703,0.1705,260577.5
2026-06-12 09:20:00,0.1705,0.1716,0.1705,0.1714,520790.6
2026-06-12 09:25:00,0.1714,0.1716,0.1712,0.1712,277986.3
2026-06-12 09:30:00,0.1712,0.1718,0.1712,0.1715,445290.4
2026-06-12 09:35:00,0.1715,0.1717,0.1711,0.1712,420495.0
2026-06-12 09:40:00,0.1711,0.1719,0.171,0.1718,620060.0
2026-06-12 09:45:00,0.1717,0.1722,0.1714,0.172,698358.5
2026-06-12 09:50:00,0.172,0.1721,0.1716,0.1716,125147.1
2026-06-12 09:55:00,0.1717,0.1723,0.1716,0.1719,335178.2
2026-06-12 10:00:00,0.172,0.1723,0.1717,0.172,388337.2
2026-06-12 10:05:00,0.172,0.1723,0.1717,0.1719,304422.0
2026-06-12 10:10:00,0.1719,0.172,0.1713,0.1715,190532.9
2026-06-12 10:15:00,0.1716,0.1719,0.1714,0.1716,226240.6
2026-06-12 10:20:00,0.1716,0.1716,0.1712,0.1714,291343.6
2026-06-12 10:25:00,0.1715,0.1715,0.1708,0.171,499891.3
2026-06-12 10:30:00,0.1711,0.1722,0.1711,0.1721,510907.6
2026-06-12 10:35:00,0.1721,0.1722,0.1717,0.1719,889240.9
2026-06-12 10:40:00,0.1719,0.1719,0.1713,0.1715,334751.9
2026-06-12 10:45:00,0.1714,0.1716,0.1712,0.1716,348390.9
2026-06-12 10:50:00,0.1716,0.1717,0.1713,0.1714,409734.5
2026-06-12 10:55:00,0.1714,0.1718,0.1712,0.1713,1417669.4
2026-06-12 11:00:00,0.1713,0.1714,0.171,0.1711,1083108.2
2026-06-12 11:05:00,0.1712,0.1716,0.171,0.171,121347.9
2026-06-12 11:10:00,0.171,0.1715,0.171,0.1714,550968.2
2026-06-12 11:15:00,0.1713,0.1716,0.171,0.171,869148.5
2026-06-12 11:20:00,0.171,0.1712,0.171,0.1712,397690.6
2026-06-12 11:25:00,0.1712,0.1714,0.1711,0.1713,1001450.2
2026-06-12 11:30:00,0.1712,0.1714,0.171,0.1711,371467.9
2026-06-12 11:35:00,0.1711,0.1711,0.1707,0.1707,220115.2
2026-06-12 11:40:00,0.1708,0.1713,0.1708,0.1713,763491.1
2026-06-12 11:45:00,0.1712,0.1715,0.1712,0.1712,207778.1
2026-06-12 11:50:00,0.1712,0.1713,0.1708,0.1713,155324.1
2026-06-12 11:55:00,0.1713,0.1714,0.1711,0.1714,870745.4
2026-06-12 12:00:00,0.1713,0.1716,0.1709,0.1714,1895594.3
2026-06-12 12:05:00,0.1715,0.172,0.1713,0.1719,398895.7
2026-06-12 12:10:00,0.1719,0.1722,0.1715,0.1716,313333.2
2026-06-12 12:15:00,0.1717,0.1722,0.1717,0.1721,466543.9
2026-06-12 12:20:00,0.1721,0.1722,0.1717,0.1718,357950.0
2026-06-12 12:25:00,0.1717,0.1717,0.1712,0.1712,225728.3
2026-06-12 12:30:00,0.1712,0.1718,0.1712,0.1715,684740.2
2026-06-12 12:35:00,0.1715,0.1716,0.1708,0.171,431439.5
2026-06-12 12:40:00,0.1711,0.1713,0.1708,0.1711,432176.3
2026-06-12 12:45:00,0.171,0.1717,0.1708,0.1714,458529.2
2026-06-12 12:50:00,0.1714,0.1717,0.1711,0.1711,460902.8
2026-06-12 12:55:00,0.1711,0.1711,0.1706,0.1709,619448.8
2026-06-12 13:00:00,0.1708,0.171,0.1703,0.1703,464059.0
2026-06-12 13:05:00,0.1703,0.1707,0.1703,0.1706,540937.0
2026-06-12 13:10:00,0.1706,0.1706,0.1698,0.1704,872704.9
2026-06-12 13:15:00,0.1704,0.1707,0.1702,0.1707,202951.8
2026-06-12 13:20:00,0.1707,0.1707,0.1698,0.1701,499010.4
2026-06-12 13:25:00,0.17,0.1703,0.1698,0.1703,490411.7
2026-06-12 13:30:00,0.1703,0.1705,0.1692,0.1697,960791.0
2026-06-12 13:35:00,0.1697,0.1702,0.1696,0.1702,1122248.9
2026-06-12 13:40:00,0.1702,0.1703,0.1686,0.1691,2532947.7
2026-06-12 13:45:00,0.1691,0.1693,0.1684,0.1687,1161639.1
2026-06-12 13:50:00,0.1687,0.169,0.168,0.1682,2203687.3
2026-06-12 13:55:00,0.1682,0.1685,0.1677,0.1684,1051670.6
2026-06-12 14:00:00,0.1685,0.1693,0.1682,0.1687,2901084.0
2026-06-12 14:05:00,0.1687,0.1695,0.1684,0.1691,1744281.9
2026-06-12 14:10:00,0.1691,0.1694,0.1686,0.1693,1385549.3
2026-06-12 14:15:00,0.1694,0.1698,0.169,0.1691,934605.1
2026-06-12 14:20:00,0.169,0.17,0.1689,0.1692,1099830.4
2026-06-12 14:25:00,0.1693,0.1699,0.1691,0.1698,707670.3
2026-06-12 14:30:00,0.1698,0.1701,0.1693,0.1701,691987.5
2026-06-12 14:35:00,0.17,0.1717,0.17,0.171,1623732.1
2026-06-12 14:40:00,0.1711,0.1714,0.1702,0.1704,891589.3
2026-06-12 14:45:00,0.1705,0.171,0.1702,0.1704,615629.7
2026-06-12 14:50:00,0.1704,0.1729,0.1704,0.1727,3527957.6
2026-06-12 14:55:00,0.1727,0.1733,0.1721,0.1729,1431445.0
2026-06-12 15:00:00,0.1729,0.1738,0.172,0.1722,1846752.6
2026-06-12 15:05:00,0.1723,0.1733,0.1722,0.173,1642989.7
2026-06-12 15:10:00,0.173,0.1743,0.173,0.1741,2314283.3
2026-06-12 15:15:00,0.1742,0.1742,0.1734,0.1736,2034163.4
2026-06-12 15:20:00,0.1737,0.1737,0.1728,0.1735,1006170.1
2026-06-12 15:25:00,0.1735,0.174,0.1731,0.1731,972778.6
2026-06-12 15:30:00,0.173,0.1736,0.1726,0.1726,1319831.8
2026-06-12 15:35:00,0.1725,0.174,0.1716,0.1722,3605066.3
2026-06-12 15:40:00,0.1722,0.1724,0.1714,0.1723,575107.4
2026-06-12 15:45:00,0.1723,0.173,0.1713,0.1716,2372073.5
2026-06-12 15:50:00,0.1716,0.1724,0.1714,0.172,1329235.6
2026-06-12 15:55:00,0.1721,0.1721,0.1703,0.1705,2661718.6
2026-06-12 16:00:00,0.1705,0.171,0.1696,0.1707,1181891.2
2026-06-12 16:05:00,0.1707,0.1714,0.1706,0.1713,562809.4
2026-06-12 16:10:00,0.1714,0.1725,0.171,0.1722,2612582.9
2026-06-12 16:15:00,0.1721,0.1726,0.1717,0.1718,568412.8
2026-06-12 16:20:00,0.1718,0.1719,0.1706,0.1709,534374.7
2026-06-12 16:25:00,0.171,0.1718,0.1708,0.1716,411795.1
2026-06-12 16:30:00,0.1716,0.1721,0.1715,0.1718,328361.9
2026-06-12 16:35:00,0.1718,0.1725,0.1713,0.1725,223225.4
2026-06-12 16:40:00,0.1724,0.1726,0.1713,0.1719,647172.0
2026-06-12 16:45:00,0.1719,0.1728,0.1717,0.1728,351210.5
2026-06-12 16:50:00,0.1728,0.1731,0.1726,0.1728,1341571.1
2026-06-12 16:55:00,0.1729,0.1735,0.1727,0.1734,1517926.9
2026-06-12 17:00:00,0.1734,0.1738,0.1731,0.1737,1718431.1
2026-06-12 17:05:00,0.1738,0.1744,0.1737,0.1738,1758448.5
2026-06-12 17:10:00,0.1739,0.1739,0.1728,0.1731,800152.8
2026-06-12 17:15:00,0.1731,0.1731,0.1725,0.1727,621821.9
2026-06-12 17:20:00,0.1727,0.1729,0.1717,0.1722,801843.8
2026-06-12 17:25:00,0.1723,0.1723,0.1716,0.172,595381.2
2026-06-12 17:30:00,0.1721,0.1724,0.1715,0.1719,525354.0
2026-06-12 17:35:00,0.1719,0.1723,0.1717,0.1721,293710.7
2026-06-12 17:40:00,0.172,0.1722,0.1717,0.1721,370406.9
2026-06-12 17:45:00,0.1721,0.1726,0.172,0.1726,493326.8
2026-06-12 17:50:00,0.1725,0.1725,0.172,0.1722,748236.3
2026-06-12 17:55:00,0.1721,0.1723,0.1717,0.1719,501623.6
2026-06-12 18:00:00,0.1719,0.1723,0.1712,0.1712,824323.2
2026-06-12 18:05:00,0.1712,0.1714,0.1703,0.171,683990.0
2026-06-12 18:10:00,0.171,0.1714,0.1706,0.1706,1024421.7
2026-06-12 18:15:00,0.1706,0.1708,0.17,0.1702,867698.7
2026-06-12 18:20:00,0.1702,0.1708,0.1701,0.1707,273125.1
2026-06-12 18:25:00,0.1707,0.1712,0.1706,0.1712,497305.3
2026-06-12 18:30:00,0.1712,0.1716,0.1709,0.1713,223617.7
2026-06-12 18:35:00,0.1713,0.1719,0.1712,0.1719,193519.4
2026-06-12 18:40:00,0.1719,0.1723,0.1717,0.1719,644058.3
2026-06-12 18:45:00,0.1718,0.172,0.1714,0.1714,207678.2
2026-06-12 18:50:00,0.1714,0.1716,0.1712,0.1714,1317575.8
2026-06-12 18:55:00,0.1713,0.1714,0.1708,0.1711,589004.8
2026-06-12 19:00:00,0.171,0.1714,0.1709,0.1713,248766.1
2026-06-12 19:05:00,0.1714,0.172,0.1711,0.1718,320811.8
2026-06-12 19:10:00,0.1718,0.1725,0.1717,0.1724,354407.3
2026-06-12 19:15:00,0.1725,0.1727,0.172,0.1723,486339.6
2026-06-12 19:20:00,0.1723,0.1723,0.1718,0.1719,224501.8
2026-06-12 19:25:00,0.172,0.1725,0.172,0.1722,227696.8
2026-06-12 19:30:00,0.1722,0.1722,0.1713,0.1714,348746.4
2026-06-12 19:35:00,0.1713,0.1726,0.1711,0.1721,853327.3
2026-06-12 19:40:00,0.1721,0.1721,0.1714,0.1714,324998.2
2026-06-12 19:45:00,0.1715,0.1716,0.1709,0.1711,678922.1
2026-06-12 19:50:00,0.1712,0.1715,0.1705,0.1708,493164.8
2026-06-12 19:55:00,0.1707,0.171,0.1706,0.1708,250598.8
2026-06-12 20:00:00,0.1709,0.1709,0.1704,0.1709,596585.8
2026-06-12 20:05:00,0.1709,0.1709,0.1704,0.1707,862007.1
2026-06-12 20:10:00,0.1707,0.171,0.1705,0.171,233555.6
2026-06-12 20:15:00,0.171,0.171,0.1704,0.1705,112141.4
2026-06-12 20:20:00,0.1706,0.1708,0.1706,0.1707,183512.1
2026-06-12 20:25:00,0.1708,0.171,0.1705,0.171,161606.8
2026-06-12 20:30:00,0.171,0.1713,0.1707,0.1707,366423.0
2026-06-12 20:35:00,0.1708,0.1708,0.1702,0.1703,609549.1
2026-06-12 20:40:00,0.1703,0.1706,0.1702,0.1705,389685.2
2026-06-12 20:45:00,0.1705,0.1705,0.1697,0.1699,1548287.4
2026-06-12 20:50:00,0.1699,0.17,0.1694,0.1695,910818.6
2026-06-12 20:55:00,0.1694,0.1698,0.1694,0.1696,147792.1
2026-06-12 21:00:00,0.1697,0.1698,0.1693,0.1694,843707.8
2026-06-12 21:05:00,0.1695,0.1699,0.1694,0.1699,341254.1
2026-06-12 21:10:00,0.1699,0.1703,0.1698,0.1701,311110.5
2026-06-12 21:15:00,0.1701,0.1705,0.1701,0.1702,198586.2
2026-06-12 21:20:00,0.1702,0.1703,0.17,0.17,61584.8
2026-06-12 21:25:00,0.1699,0.1702,0.1698,0.1701,166483.8
2026-06-12 21:30:00,0.1702,0.1703,0.17,0.1701,131221.3
2026-06-12 21:35:00,0.17,0.1702,0.17,0.1702,46514.5
2026-06-12 21:40:00,0.1702,0.1702,0.1698,0.1699,132042.9
2026-06-12 21:45:00,0.1698,0.1698,0.1695,0.1696,220188.1
2026-06-12 21:50:00,0.1695,0.1696,0.1689,0.1694,436037.9
2026-06-12 21:55:00,0.1693,0.1694,0.1687,0.1694,425744.1
2026-06-12 22:00:00,0.1694,0.1698,0.1691,0.1693,730994.8
2026-06-12 22:05:00,0.1692,0.1694,0.1691,0.1694,174005.8
2026-06-12 22:10:00,0.1694,0.1697,0.1692,0.1697,401301.9
2026-06-12 22:15:00,0.1698,0.17,0.1696,0.1698,251028.0
2026-06-12 22:20:00,0.1698,0.1703,0.1698,0.1701,210757.7
2026-06-12 22:25:00,0.1701,0.1702,0.1698,0.1699,259662.3
2026-06-12 22:30:00,0.1699,0.1699,0.1694,0.1695,251532.9
2026-06-12 22:35:00,0.1694,0.1697,0.1694,0.1694,232698.8
2026-06-12 22:40:00,0.1694,0.1695,0.1691,0.1693,129550.8
2026-06-12 22:45:00,0.1693,0.1695,0.1691,0.1693,182315.5
2026-06-12 22:50:00,0.1693,0.1694,0.1692,0.1694,147627.6
2026-06-12 22:55:00,0.1695,0.1697,0.1695,0.1696,276561.3
2026-06-12 23:00:00,0.1696,0.1696,0.1691,0.1693,319483.4
2026-06-12 23:05:00,0.1693,0.1695,0.1691,0.1694,143750.4
2026-06-12 23:10:00,0.1694,0.1694,0.1692,0.1692,30241.8
2026-06-12 23:15:00,0.1692,0.1693,0.1689,0.1689,281851.5
2026-06-12 23:20:00,0.1688,0.1692,0.1687,0.1692,173805.2
2026-06-12 23:25:00,0.1693,0.1694,0.1689,0.1691,251880.3
2026-06-12 23:30:00,0.169,0.1693,0.1689,0.1691,408708.6
2026-06-12 23:35:00,0.1691,0.1697,0.1691,0.1697,938751.6
2026-06-12 23:40:00,0.1696,0.17,0.1695,0.1696,204852.6
2026-06-12 23:45:00,0.1696,0.1699,0.1696,0.1697,289996.3
2026-06-12 23:50:00,0.1698,0.17,0.1695,0.1699,289162.0
2026-06-12 23:55:00,0.17,0.1701,0.1696,0.1697,360797.1
2026-06-13 00:00:00,0.1697,0.1699,0.1695,0.1696,245939.4
2026-06-13 00:05:00,0.1696,0.17,0.1696,0.1698,155798.6
2026-06-13 00:10:00,0.1698,0.1701,0.1698,0.17,74091.5
2026-06-13 00:15:00,0.17,0.1702,0.1699,0.1699,280685.2
2026-06-13 00:20:00,0.1699,0.1702,0.1697,0.1701,81521.5
2026-06-13 00:25:00,0.1701,0.1701,0.1698,0.1698,123927.4
2026-06-13 00:30:00,0.1698,0.1701,0.1695,0.1697,481262.1
2026-06-13 00:35:00,0.1697,0.1702,0.1697,0.1702,613365.6
2026-06-13 00:40:00,0.1702,0.1703,0.17,0.1702,255898.5
2026-06-13 00:45:00,0.1702,0.1702,0.1699,0.17,356164.6
2026-06-13 00:50:00,0.1701,0.1704,0.1698,0.1704,288549.2
2026-06-13 00:55:00,0.1704,0.1706,0.1701,0.1701,324157.1
2026-06-13 01:00:00,0.1701,0.1701,0.1699,0.17,108867.4
2026-06-13 01:05:00,0.17,0.1706,0.1699,0.1706,874124.7
2026-06-13 01:10:00,0.1706,0.1714,0.1706,0.1711,1163234.6
2026-06-13 01:15:00,0.1711,0.1713,0.171,0.171,583206.4
2026-06-13 01:20:00,0.1709,0.1712,0.1709,0.1712,253113.0
2026-06-13 01:25:00,0.1712,0.1721,0.1712,0.1719,2405197.6
2026-06-13 01:30:00,0.1719,0.1724,0.1718,0.1723,488668.4
2026-06-13 01:35:00,0.1722,0.1725,0.172,0.1723,1060708.1
2026-06-13 01:40:00,0.1723,0.1731,0.1722,0.1725,1682447.4
2026-06-13 01:45:00,0.1725,0.1731,0.1725,0.173,466595.9
2026-06-13 01:50:00,0.173,0.1734,0.1728,0.1729,543800.4
2026-06-13 01:55:00,0.1729,0.173,0.1726,0.1728,492261.7
2026-06-13 02:00:00,0.1728,0.1731,0.1726,0.1727,568105.5
2026-06-13 02:05:00,0.1728,0.1731,0.1724,0.1731,311330.2
2026-06-13 02:10:00,0.1731,0.1731,0.1724,0.1726,565431.0
2026-06-13 02:15:00,0.1726,0.1726,0.1722,0.1726,323336.1
2026-06-13 02:20:00,0.1726,0.1726,0.172,0.1721,289283.2
2026-06-13 02:25:00,0.1722,0.1724,0.172,0.1723,269082.5
2026-06-13 02:30:00,0.1723,0.1724,0.1717,0.1719,691471.0
2026-06-13 02:35:00,0.1719,0.1726,0.1718,0.1724,98584.3
2026-06-13 02:40:00,0.1723,0.1725,0.1721,0.1722,542284.7
2026-06-13 02:45:00,0.1722,0.1724,0.1716,0.1717,288434.0
2026-06-13 02:50:00,0.1718,0.1719,0.1715,0.1718,130835.5
2026-06-13 02:55:00,0.1719,0.1722,0.1719,0.1719,391372.8
2026-06-13 03:00:00,0.1719,0.1722,0.1713,0.1717,2233426.5
2026-06-13 03:05:00,0.1717,0.1721,0.1717,0.172,233431.4
2026-06-13 03:10:00,0.172,0.1722,0.1713,0.1714,344704.1
2026-06-13 03:15:00,0.1714,0.1715,0.1709,0.171,283213.8
2026-06-13 03:20:00,0.1711,0.1711,0.1704,0.1707,398229.5
2026-06-13 03:25:00,0.1707,0.1708,0.17,0.1703,852239.7
2026-06-13 03:30:00,0.1704,0.1704,0.1701,0.1704,443819.3
2026-06-13 03:35:00,0.1704,0.1708,0.1704,0.1708,60727.3
2026-06-13 03:40:00,0.1709,0.1709,0.1705,0.1706,288061.0
2026-06-13 03:45:00,0.1705,0.1707,0.1704,0.1705,208867.9
2026-06-13 03:50:00,0.1705,0.1707,0.1702,0.1705,709304.0
2026-06-13 03:55:00,0.1706,0.1707,0.1704,0.1704,203139.9
2026-06-13 04:00:00,0.1705,0.1708,0.1702,0.1702,368923.4
2026-06-13 04:05:00,0.1702,0.1702,0.1697,0.17,826627.3
2026-06-13 04:10:00,0.17,0.1701,0.1699,0.1701,194929.1
2026-06-13 04:15:00,0.1701,0.1701,0.1697,0.1699,444504.9
2026-06-13 04:20:00,0.1699,0.1702,0.1698,0.1701,300670.0
2026-06-13 04:25:00,0.1701,0.1701,0.1699,0.1699,208100.6
2026-06-13 04:30:00,0.1698,0.1705,0.1698,0.1705,281835.5
2026-06-13 04:35:00,0.1705,0.1707,0.1704,0.1705,246474.7
2026-06-13 04:40:00,0.1706,0.1706,0.1704,0.1705,147635.1
2026-06-13 04:45:00,0.1705,0.1709,0.1705,0.1708,65683.8
2026-06-13 04:50:00,0.1709,0.1709,0.17,0.1707,2019146.4
2026-06-13 04:55:00,0.1707,0.1707,0.1703,0.1704,239079.0
2026-06-13 05:00:00,0.1704,0.1709,0.1703,0.1708,132898.8
2026-06-13 05:05:00,0.1707,0.1707,0.1703,0.1706,631953.7
2026-06-13 05:10:00,0.1706,0.1707,0.1703,0.1703,223651.8
2026-06-13 05:15:00,0.1703,0.1703,0.1697,0.1702,329799.2
2026-06-13 05:20:00,0.1702,0.1703,0.1699,0.1701,248214.4
2026-06-13 05:25:00,0.17,0.17,0.1696,0.1696,149438.1
2026-06-13 05:30:00,0.1697,0.1699,0.1695,0.1699,352125.8
2026-06-13 05:35:00,0.1699,0.17,0.1697,0.1699,216595.2
2026-06-13 05:40:00,0.1699,0.1701,0.1696,0.1696,197165.7
2026-06-13 05:45:00,0.1696,0.1697,0.1692,0.1694,309007.7
2026-06-13 05:50:00,0.1694,0.1694,0.169,0.1693,389325.8
2026-06-13 05:55:00,0.1694,0.1697,0.1693,0.1697,116838.2
2026-06-13 06:00:00,0.1698,0.1699,0.1696,0.1699,261363.3
2026-06-13 06:05:00,0.1699,0.1702,0.1699,0.1701,93539.9
2026-06-13 06:10:00,0.1702,0.1702,0.1698,0.1698,52474.7
2026-06-13 06:15:00,0.1698,0.1699,0.1696,0.1698,147979.4
2026-06-13 06:20:00,0.1699,0.1701,0.1695,0.1696,291799.9
2026-06-13 06:25:00,0.1695,0.1699,0.1694,0.1699,476936.3
2026-06-13 06:30:00,0.17,0.1705,0.1698,0.1704,279162.0
2026-06-13 06:35:00,0.1703,0.1707,0.1703,0.1706,777764.1
2026-06-13 06:40:00,0.1706,0.1708,0.1704,0.1708,91749.4
2026-06-13 06:45:00,0.1707,0.1716,0.1707,0.1714,714000.1
2026-06-13 06:50:00,0.1715,0.1721,0.1712,0.172,702742.6
2026-06-13 06:55:00,0.172,0.1721,0.1716,0.172,367815.8
2026-06-13 07:00:00,0.172,0.1721,0.1714,0.1716,473395.1
2026-06-13 07:05:00,0.1716,0.1717,0.1713,0.1716,503146.8
2026-06-13 07:10:00,0.1716,0.1722,0.1716,0.172,620187.6
2026-06-13 07:15:00,0.172,0.1722,0.1717,0.1722,420404.1
2026-06-13 07:20:00,0.1722,0.1728,0.1722,0.1725,1005381.2
2026-06-13 07:25:00,0.1724,0.1742,0.1724,0.1736,2597570.7
2026-06-13 07:30:00,0.1736,0.1739,0.1731,0.1732,738337.7
2026-06-13 07:35:00,0.1733,0.1734,0.1731,0.1733,327653.1
2026-06-13 07:40:00,0.1733,0.1735,0.1726,0.1732,462860.4
2026-06-13 07:45:00,0.1732,0.1736,0.1731,0.1736,734592.6
2026-06-13 07:50:00,0.1736,0.1738,0.1729,0.1732,516290.2
2026-06-13 07:55:00,0.1733,0.1734,0.1731,0.1732,191493.8
2026-06-13 08:00:00,0.1731,0.1734,0.173,0.1733,405150.0
2026-06-13 08:05:00,0.1734,0.1735,0.173,0.1734,575815.9
2026-06-13 08:10:00,0.1734,0.1736,0.173,0.1732,527467.0
2026-06-13 08:15:00,0.1732,0.1738,0.1731,0.1733,751462.4
2026-06-13 08:20:00,0.1734,0.1734,0.1728,0.1728,251973.9
2026-06-13 08:25:00,0.1728,0.1733,0.1728,0.173,196059.1
2026-06-13 08:30:00,0.173,0.1734,0.1729,0.1731,265775.7
2026-06-13 08:35:00,0.1731,0.1736,0.1731,0.1736,318132.1
2026-06-13 08:40:00,0.1735,0.1738,0.1734,0.1737,162212.0
2026-06-13 08:45:00,0.1737,0.1737,0.1731,0.1732,260627.3
2026-06-13 08:50:00,0.1731,0.1733,0.1729,0.1729,255119.5
2026-06-13 08:55:00,0.1729,0.1731,0.1728,0.1729,251375.0
2026-06-13 09:00:00,0.1729,0.1732,0.1727,0.1729,550940.5
2026-06-13 09:05:00,0.173,0.1733,0.1729,0.1729,386979.6
2026-06-13 09:10:00,0.1728,0.1733,0.1727,0.1731,853570.2
2026-06-13 09:15:00,0.1732,0.1733,0.173,0.1732,200452.5
2026-06-13 09:20:00,0.1732,0.1734,0.1731,0.1732,178895.4
2026-06-13 09:25:00,0.1732,0.1732,0.1727,0.1729,64504.6
2026-06-13 09:30:00,0.1729,0.173,0.1728,0.1728,380813.7
2026-06-13 09:35:00,0.1728,0.1729,0.1724,0.1726,432763.8
2026-06-13 09:40:00,0.1725,0.1726,0.1724,0.1724,682706.2
2026-06-13 09:45:00,0.1725,0.1727,0.1723,0.1727,235909.5
2026-06-13 09:50:00,0.1727,0.1728,0.1724,0.1726,130086.8
2026-06-13 09:55:00,0.1726,0.1728,0.1725,0.1725,130889.7
2026-06-13 10:00:00,0.1726,0.173,0.1726,0.1727,282364.1
2026-06-13 10:05:00,0.1728,0.1729,0.1724,0.1724,90950.4
2026-06-13 10:10:00,0.1723,0.1728,0.1723,0.1728,163200.6
2026-06-13 10:15:00,0.1728,0.1728,0.1724,0.1724,86776.4
2026-06-13 10:20:00,0.1724,0.1726,0.1724,0.1725,102067.5
2026-06-13 10:25:00,0.1726,0.1729,0.1724,0.1725,128119.9
2026-06-13 10:30:00,0.1725,0.1729,0.1725,0.1728,166132.3
2026-06-13 10:35:00,0.1729,0.173,0.1726,0.1727,198029.7
2026-06-13 10:40:00,0.1726,0.1729,0.1724,0.1728,435176.6
2026-06-13 10:45:00,0.1728,0.1731,0.1727,0.1728,358225.9
2026-06-13 10:50:00,0.1727,0.1728,0.1723,0.1725,262031.5
2026-06-13 10:55:00,0.1724,0.1725,0.1721,0.1724,112250.1
2026-06-13 11:00:00,0.1724,0.1726,0.1724,0.1726,79089.5
2026-06-13 11:05:00,0.1726,0.1732,0.1725,0.1731,179751.0
2026-06-13 11:10:00,0.1732,0.1735,0.173,0.1734,412794.1
2026-06-13 11:15:00,0.1735,0.1739,0.1735,0.1736,830768.5
2026-06-13 11:20:00,0.1736,0.1736,0.1733,0.1734,133247.6
2026-06-13 11:25:00,0.1734,0.1737,0.1734,0.1737,282435.8
2026-06-13 11:30:00,0.1737,0.1738,0.1733,0.1734,269084.2
2026-06-13 11:35:00,0.1734,0.1735,0.1733,0.1734,231069.2
2026-06-13 11:40:00,0.1734,0.1735,0.1732,0.1734,74488.9
2026-06-13 11:45:00,0.1734,0.1735,0.1733,0.1733,133812.1
2026-06-13 11:50:00,0.1733,0.1734,0.1731,0.1733,87749.6
2026-06-13 11:55:00,0.1732,0.1736,0.1731,0.1734,148415.5
2026-06-13 12:00:00,0.1735,0.1736,0.1732,0.1736,244150.3
2026-06-13 12:05:00,0.1736,0.1737,0.1733,0.1736,713132.0
2026-06-13 12:10:00,0.1736,0.1739,0.1735,0.1737,262103.8
2026-06-13 12:15:00,0.1737,0.1738,0.1736,0.1737,131034.3
2026-06-13 12:20:00,0.1736,0.1738,0.1735,0.1735,231781.0
2026-06-13 12:25:00,0.1735,0.1737,0.1732,0.1732,325570.1
2026-06-13 12:30:00,0.1733,0.1736,0.1733,0.1733,138551.7
2026-06-13 12:35:00,0.1734,0.1735,0.1731,0.1732,111363.3
2026-06-13 12:40:00,0.1731,0.1734,0.1731,0.1733,530409.8
2026-06-13 12:45:00,0.1732,0.174,0.1732,0.1737,374456.3
2026-06-13 12:50:00,0.1738,0.174,0.1737,0.174,217613.9
2026-06-13 12:55:00,0.1739,0.1744,0.1737,0.1737,696778.5
2026-06-13 13:00:00,0.1737,0.1738,0.1734,0.1736,151736.2
2026-06-13 13:05:00,0.1737,0.1738,0.1735,0.1736,135876.1
2026-06-13 13:10:00,0.1736,0.1737,0.1735,0.1735,178918.7
2026-06-13 13:15:00,0.1734,0.1737,0.1734,0.1735,118597.2
2026-06-13 13:20:00,0.1734,0.1739,0.1734,0.1738,192708.9
2026-06-13 13:25:00,0.1739,0.174,0.1737,0.1738,295048.2
2026-06-13 13:30:00,0.1738,0.1738,0.1735,0.1737,90138.7
2026-06-13 13:35:00,0.1737,0.1739,0.1736,0.1739,128352.2
2026-06-13 13:40:00,0.174,0.1742,0.1738,0.1739,138288.7
2026-06-13 13:45:00,0.1739,0.1741,0.1736,0.174,667509.9
2026-06-13 13:50:00,0.174,0.174,0.1736,0.1736,397721.2
2026-06-13 13:55:00,0.1736,0.1742,0.1735,0.1741,160249.1
2026-06-13 14:00:00,0.1741,0.1742,0.1739,0.174,358427.5
2026-06-13 14:05:00,0.1741,0.1745,0.1739,0.1745,864352.4
2026-06-13 14:10:00,0.1745,0.1746,0.1742,0.1743,701295.6
2026-06-13 14:15:00,0.1743,0.1748,0.1741,0.1741,446093.0
2026-06-13 14:20:00,0.1741,0.1742,0.1737,0.1739,293576.9
2026-06-13 14:25:00,0.1739,0.1742,0.1738,0.1739,223611.8
2026-06-13 14:30:00,0.1739,0.1741,0.1737,0.1738,98058.9
2026-06-13 14:35:00,0.1738,0.174,0.1737,0.1737,75224.2
2026-06-13 14:40:00,0.1737,0.1739,0.1736,0.1738,130221.3
2026-06-13 14:45:00,0.1737,0.1743,0.1737,0.1741,176503.5
2026-06-13 14:50:00,0.1742,0.1745,0.1741,0.1744,279966.8
2026-06-13 14:55:00,0.1744,0.1746,0.1742,0.1746,158778.6
2026-06-13 15:00:00,0.1746,0.1746,0.1742,0.1745,284802.6
2026-06-13 15:05:00,0.1745,0.1747,0.1743,0.1743,394385.1
2026-06-13 15:10:00,0.1743,0.1749,0.1742,0.1748,362635.3
2026-06-13 15:15:00,0.1749,0.1756,0.1747,0.1754,967710.7
2026-06-13 15:20:00,0.1753,0.1758,0.1752,0.1756,382808.2
2026-06-13 15:25:00,0.1756,0.1758,0.1751,0.1752,463183.1
2026-06-13 15:30:00,0.1752,0.1754,0.1749,0.1751,356681.8
2026-06-13 15:35:00,0.1751,0.1754,0.175,0.1754,147146.5
2026-06-13 15:40:00,0.1755,0.1756,0.175,0.1751,381006.9
2026-06-13 15:45:00,0.175,0.175,0.1747,0.1748,174279.4
2026-06-13 15:50:00,0.1747,0.1749,0.1746,0.1748,253558.3
2026-06-13 15:55:00,0.1748,0.175,0.1747,0.175,165616.3
2026-06-13 16:00:00,0.175,0.1751,0.1736,0.1737,822763.1
2026-06-13 16:05:00,0.1737,0.1739,0.1733,0.1739,1425829.4
2026-06-13 16:10:00,0.1738,0.174,0.1735,0.1737,400851.7
2026-06-13 16:15:00,0.1736,0.1737,0.1733,0.1734,218408.2
2026-06-13 16:20:00,0.1734,0.1734,0.1727,0.1728,462742.1
2026-06-13 16:25:00,0.1728,0.1735,0.1727,0.1729,476170.1
2026-06-13 16:30:00,0.1728,0.1732,0.1727,0.1731,520506.0
2026-06-13 16:35:00,0.173,0.1733,0.1728,0.1733,199491.0
2026-06-13 16:40:00,0.1733,0.1737,0.1732,0.1737,226310.0
2026-06-13 16:45:00,0.1737,0.1741,0.1729,0.1729,566944.4
2026-06-13 16:50:00,0.1729,0.1734,0.1728,0.1734,450537.8
2026-06-13 16:55:00,0.1734,0.1737,0.1733,0.1734,184542.9
2026-06-13 17:00:00,0.1734,0.1735,0.1728,0.1728,287278.6
2026-06-13 17:05:00,0.1728,0.1732,0.1727,0.1731,197213.3
2026-06-13 17:10:00,0.1731,0.1732,0.1728,0.1732,70671.6
2026-06-13 17:15:00,0.1732,0.1737,0.1731,0.1737,259581.3
2026-06-13 17:20:00,0.1737,0.1738,0.1734,0.1734,212241.5
2026-06-13 17:25:00,0.1733,0.1736,0.1733,0.1736,115130.4
2026-06-13 17:30:00,0.1737,0.1739,0.1734,0.1739,507346.3
2026-06-13 17:35:00,0.1739,0.174,0.1737,0.1738,130567.9
2026-06-13 17:40:00,0.1738,0.1739,0.1738,0.1738,45727.2
2026-06-13 17:45:00,0.1738,0.174,0.1736,0.1738,564203.4
2026-06-13 17:50:00,0.1737,0.1737,0.1724,0.1725,424763.4
2026-06-13 17:55:00,0.1724,0.1725,0.1718,0.1722,1295946.9
2026-06-13 18:00:00,0.1723,0.1725,0.1721,0.1724,195849.2
2026-06-13 18:05:00,0.1725,0.1729,0.1725,0.1728,232005.7
2026-06-13 18:10:00,0.1727,0.1729,0.1726,0.1728,79138.8
2026-06-13 18:15:00,0.1727,0.1729,0.1725,0.1726,53807.5
2026-06-13 18:20:00,0.1726,0.173,0.1725,0.1728,116201.5
2026-06-13 18:25:00,0.1729,0.1732,0.1727,0.1727,537596.4
2026-06-13 18:30:00,0.1727,0.173,0.1725,0.1726,214563.5
2026-06-13 18:35:00,0.1727,0.1727,0.1725,0.1727,122882.4
2026-06-13 18:40:00,0.1727,0.1731,0.1727,0.1728,101948.4
2026-06-13 18:45:00,0.1728,0.1729,0.1723,0.1723,118049.5
2026-06-13 18:50:00,0.1722,0.1723,0.1718,0.1719,194017.0
2026-06-13 18:55:00,0.1719,0.1721,0.1718,0.1721,93502.4
2026-06-13 19:00:00,0.1721,0.1724,0.172,0.1723,284552.8
2026-06-13 19:05:00,0.1723,0.1723,0.1721,0.1722,108595.6
2026-06-13 19:10:00,0.1722,0.1722,0.1719,0.1721,311371.3
2026-06-13 19:15:00,0.1721,0.1721,0.1715,0.1717,428151.2
2026-06-13 19:20:00,0.1717,0.1723,0.1716,0.1722,368846.2
2026-06-13 19:25:00,0.1722,0.1723,0.172,0.1721,92956.9
2026-06-13 19:30:00,0.172,0.1721,0.1718,0.1721,93809.7
2026-06-13 19:35:00,0.1721,0.1724,0.1719,0.1724,892331.1
2026-06-13 19:40:00,0.1725,0.1728,0.1724,0.1726,274095.6
2026-06-13 19:45:00,0.1726,0.1728,0.1725,0.1728,184296.9
2026-06-13 19:50:00,0.1728,0.1728,0.1725,0.1726,164104.6
2026-06-13 19:55:00,0.1725,0.1725,0.1722,0.1722,204162.1
2026-06-13 20:00:00,0.1721,0.1721,0.1718,0.172,225757.2
2026-06-13 20:05:00,0.172,0.1722,0.1717,0.1722,158122.8
2026-06-13 20:10:00,0.1723,0.1725,0.1721,0.1722,411274.6
2026-06-13 20:15:00,0.1722,0.1722,0.1718,0.1719,254074.9
2026-06-13 20:20:00,0.1718,0.1719,0.1715,0.1716,169507.8
2026-06-13 20:25:00,0.1716,0.1717,0.1714,0.1714,105293.6
2026-06-13 20:30:00,0.1715,0.1716,0.1712,0.1713,762228.4
2026-06-13 20:35:00,0.1714,0.1717,0.1714,0.1716,152340.9
2026-06-13 20:40:00,0.1716,0.1716,0.1714,0.1714,89124.8
2026-06-13 20:45:00,0.1715,0.1716,0.1713,0.1715,128471.6
2026-06-13 20:50:00,0.1715,0.1717,0.1714,0.1715,224602.7
2026-06-13 20:55:00,0.1716,0.1718,0.1716,0.1717,74317.1
2026-06-13 21:00:00,0.1717,0.1721,0.1716,0.1719,832453.1
2026-06-13 21:05:00,0.172,0.172,0.1717,0.1719,132111.9
2026-06-13 21:10:00,0.1719,0.1719,0.1715,0.1716,248324.2
2026-06-13 21:15:00,0.1716,0.1718,0.1714,0.1717,116346.8
2026-06-13 21:20:00,0.1717,0.1717,0.1714,0.1715,383828.2
2026-06-13 21:25:00,0.1715,0.1715,0.1714,0.1715,86716.8
2026-06-13 21:30:00,0.1715,0.1717,0.1715,0.1717,10234.4
2026-06-13 21:35:00,0.1717,0.1721,0.1717,0.1721,358456.8
2026-06-13 21:40:00,0.172,0.1734,0.1719,0.1729,515148.1
2026-06-13 21:45:00,0.1729,0.1735,0.1729,0.1731,817516.8
2026-06-13 21:50:00,0.173,0.1732,0.1727,0.1732,226844.3
2026-06-13 21:55:00,0.1731,0.1731,0.1725,0.1728,292166.5
2026-06-13 22:00:00,0.1728,0.1729,0.1724,0.1725,182655.3
2026-06-13 22:05:00,0.1724,0.1725,0.1723,0.1725,313196.1
2026-06-13 22:10:00,0.1724,0.1725,0.1719,0.1722,497535.7
2026-06-13 22:15:00,0.1722,0.1725,0.1721,0.1725,425250.2
2026-06-13 22:20:00,0.1725,0.1727,0.1723,0.1724,318983.2
2026-06-13 22:25:00,0.1724,0.1725,0.1724,0.1725,498928.6
2026-06-13 22:30:00,0.1724,0.1726,0.1721,0.1722,467620.7
2026-06-13 22:35:00,0.1721,0.1723,0.1719,0.1721,144210.0
2026-06-13 22:40:00,0.1722,0.1722,0.1719,0.1719,117576.4
2026-06-13 22:45:00,0.1719,0.172,0.1717,0.172,486200.0
2026-06-13 22:50:00,0.172,0.1721,0.1716,0.1718,217141.2
2026-06-13 22:55:00,0.1718,0.1719,0.1716,0.1716,420628.9
2026-06-13 23:00:00,0.1716,0.1718,0.1715,0.1718,623268.2
2026-06-13 23:05:00,0.1718,0.172,0.1717,0.1718,122446.8
2026-06-13 23:10:00,0.1719,0.1719,0.1717,0.1718,283343.4
2026-06-13 23:15:00,0.1718,0.1723,0.1718,0.1721,383571.8
2026-06-13 23:20:00,0.1722,0.173,0.1722,0.1722,1211388.0
2026-06-13 23:25:00,0.1722,0.1722,0.1719,0.172,150462.0
2026-06-13 23:30:00,0.1719,0.1721,0.1719,0.1721,153784.8
2026-06-13 23:35:00,0.1722,0.1722,0.172,0.1721,1001411.5
2026-06-13 23:40:00,0.1721,0.1722,0.1718,0.1718,81009.5
2026-06-13 23:45:00,0.1719,0.1719,0.1716,0.1716,304134.7
2026-06-13 23:50:00,0.1715,0.1717,0.1715,0.1716,70876.0
2026-06-13 23:55:00,0.1716,0.172,0.1716,0.1718,926815.0
2026-06-14 00:00:00,0.1718,0.1719,0.1717,0.1718,280018.8
2026-06-14 00:05:00,0.1719,0.172,0.1716,0.1718,1087098.5
2026-06-14 00:10:00,0.1719,0.172,0.1718,0.172,98452.3
2026-06-14 00:15:00,0.172,0.1723,0.172,0.172,153409.6
2026-06-14 00:20:00,0.172,0.1723,0.172,0.172,344049.3
2026-06-14 00:25:00,0.172,0.1725,0.172,0.1722,199563.6
2026-06-14 00:30:00,0.1722,0.1725,0.1721,0.1723,358667.2
2026-06-14 00:35:00,0.1723,0.1723,0.172,0.1722,146376.7
2026-06-14 00:40:00,0.1723,0.1724,0.1718,0.1718,278267.9
2026-06-14 00:45:00,0.1719,0.172,0.1716,0.1718,136241.4
2026-06-14 00:50:00,0.1717,0.1719,0.1715,0.1715,312273.7
2026-06-14 00:55:00,0.1715,0.1718,0.1715,0.1715,341225.0
2026-06-14 01:00:00,0.1715,0.1718,0.1714,0.1716,1103463.0
2026-06-14 01:05:00,0.1716,0.1725,0.1715,0.1722,714163.2
2026-06-14 01:10:00,0.1721,0.1726,0.1721,0.1725,1332113.9
2026-06-14 01:15:00,0.1725,0.1731,0.1723,0.1728,1224119.2
2026-06-14 01:20:00,0.1728,0.173,0.1726,0.1729,218372.5
2026-06-14 01:25:00,0.173,0.173,0.1728,0.173,161934.9
2026-06-14 01:30:00,0.1729,0.173,0.1726,0.1729,160780.8
2026-06-14 01:35:00,0.1729,0.1729,0.1726,0.1726,287436.2
2026-06-14 01:40:00,0.1726,0.173,0.1726,0.1729,244995.3
2026-06-14 01:45:00,0.1729,0.1731,0.1728,0.1731,925107.0
2026-06-14 01:50:00,0.1731,0.1733,0.173,0.1731,225364.3
2026-06-14 01:55:00,0.1731,0.1731,0.1727,0.1727,82674.3
2026-06-14 02:00:00,0.1727,0.173,0.1726,0.173,352242.2
2026-06-14 02:05:00,0.173,0.1732,0.1729,0.1731,220453.1
2026-06-14 02:10:00,0.173,0.1734,0.1729,0.1732,161352.1
2026-06-14 02:15:00,0.1733,0.1737,0.1731,0.1737,252317.2
2026-06-14 02:20:00,0.1737,0.1737,0.1731,0.1731,213237.4
2026-06-14 02:25:00,0.1731,0.1732,0.1729,0.173,218957.9
2026-06-14 02:30:00,0.173,0.1731,0.1728,0.173,218030.2
2026-06-14 02:35:00,0.1729,0.1731,0.1727,0.1727,201815.6
2026-06-14 02:40:00,0.1727,0.1727,0.1724,0.1726,431645.7
2026-06-14 02:45:00,0.1726,0.1726,0.1722,0.1723,230566.9
2026-06-14 02:50:00,0.1723,0.1725,0.1722,0.1723,121717.4
2026-06-14 02:55:00,0.1723,0.1724,0.1722,0.1723,125562.6
2026-06-14 03:00:00,0.1724,0.1725,0.172,0.1724,276553.8
2026-06-14 03:05:00,0.1724,0.1727,0.1723,0.1725,111840.0
2026-06-14 03:10:00,0.1726,0.1727,0.1725,0.1726,113314.2
2026-06-14 03:15:00,0.1726,0.173,0.1724,0.1728,231645.6
2026-06-14 03:20:00,0.1729,0.1731,0.1728,0.1729,69288.7
2026-06-14 03:25:00,0.1729,0.1732,0.1729,0.1731,155063.7
2026-06-14 03:30:00,0.1731,0.1732,0.1729,0.1731,421113.4
2026-06-14 03:35:00,0.1731,0.1732,0.1727,0.1729,107180.1
2026-06-14 03:40:00,0.1729,0.1732,0.1728,0.1728,132578.9
2026-06-14 03:45:00,0.1728,0.1731,0.1726,0.1731,269611.0
2026-06-14 03:50:00,0.1731,0.1734,0.1731,0.1734,190868.4
2026-06-14 03:55:00,0.1733,0.1735,0.173,0.1731,323361.1
2026-06-14 04:00:00,0.1731,0.1733,0.173,0.1732,184323.2
2026-06-14 04:05:00,0.1731,0.1731,0.1728,0.1729,52848.1
2026-06-14 04:10:00,0.1729,0.1729,0.1724,0.1729,188792.2
2026-06-14 04:15:00,0.1728,0.173,0.1727,0.1729,153172.8
2026-06-14 04:20:00,0.1729,0.1729,0.1725,0.1727,118016.3
2026-06-14 04:25:00,0.1726,0.1726,0.1721,0.1721,221291.4
2026-06-14 04:30:00,0.1721,0.1724,0.172,0.1722,167740.5
2026-06-14 04:35:00,0.1722,0.1723,0.1719,0.1722,259679.3
2026-06-14 04:40:00,0.1722,0.1722,0.1717,0.1719,351010.5
2026-06-14 04:45:00,0.1719,0.1719,0.1716,0.1719,1483425.8
2026-06-14 04:50:00,0.1719,0.172,0.1717,0.1718,231102.1
2026-06-14 04:55:00,0.1719,0.1721,0.1718,0.1719,232797.1
2026-06-14 05:00:00,0.172,0.1721,0.1719,0.172,243960.3
2026-06-14 05:05:00,0.172,0.1723,0.172,0.1723,34517.6
2026-06-14 05:10:00,0.1723,0.1723,0.1719,0.172,113280.9
2026-06-14 05:15:00,0.1721,0.1721,0.1717,0.1721,217668.7
2026-06-14 05:20:00,0.1721,0.1721,0.1719,0.1719,260562.2
2026-06-14 05:25:00,0.1718,0.1718,0.1713,0.1716,320860.0
2026-06-14 05:30:00,0.1716,0.1716,0.1713,0.1716,96372.7
2026-06-14 05:35:00,0.1716,0.172,0.1716,0.1719,411880.7
2026-06-14 05:40:00,0.172,0.1723,0.1719,0.172,492179.5
2026-06-14 05:45:00,0.172,0.1722,0.172,0.1722,34780.1
2026-06-14 05:50:00,0.1721,0.1724,0.1721,0.1723,83494.4
2026-06-14 05:55:00,0.1722,0.1722,0.172,0.1721,125100.7
2026-06-14 06:00:00,0.1721,0.1725,0.1721,0.1724,74990.8
2026-06-14 06:05:00,0.1724,0.1727,0.1724,0.1726,49514.2
2026-06-14 06:10:00,0.1726,0.1727,0.1726,0.1727,58385.8
2026-06-14 06:15:00,0.1727,0.1727,0.1723,0.1724,174945.2
2026-06-14 06:20:00,0.1724,0.1724,0.1722,0.1723,134183.4
2026-06-14 06:25:00,0.1724,0.1724,0.172,0.1723,138873.8
2026-06-14 06:30:00,0.1724,0.1725,0.1717,0.1719,294795.8
2026-06-14 06:35:00,0.1718,0.1719,0.1715,0.1716,304271.5
2026-06-14 06:40:00,0.1717,0.1718,0.1715,0.1715,96864.1
2026-06-14 06:45:00,0.1715,0.1715,0.1713,0.1714,210237.1
2026-06-14 06:50:00,0.1715,0.1715,0.1713,0.1713,112198.6
2026-06-14 06:55:00,0.1714,0.1715,0.1713,0.1715,141833.0
2026-06-14 07:00:00,0.1715,0.1716,0.1713,0.1714,89173.2
2026-06-14 07:05:00,0.1714,0.1714,0.171,0.1713,880722.5
2026-06-14 07:10:00,0.1713,0.1714,0.1712,0.1714,175995.5
2026-06-14 07:15:00,0.1713,0.1716,0.1713,0.1715,255025.0
2026-06-14 07:20:00,0.1715,0.1717,0.1714,0.1715,378153.0
2026-06-14 07:25:00,0.1715,0.1715,0.1714,0.1715,40120.1
2026-06-14 07:30:00,0.1714,0.1715,0.1712,0.1714,283481.9
2026-06-14 07:35:00,0.1714,0.1715,0.1712,0.1712,107109.6
2026-06-14 07:40:00,0.1712,0.1713,0.1709,0.1711,323654.9
2026-06-14 07:45:00,0.1711,0.1714,0.1711,0.1714,182058.8
2026-06-14 07:50:00,0.1714,0.1714,0.1712,0.1713,187515.1
2026-06-14 07:55:00,0.1713,0.1716,0.1711,0.1711,362893.8
2026-06-14 08:00:00,0.1711,0.1711,0.1707,0.1709,690232.2
2026-06-14 08:05:00,0.1708,0.1713,0.1708,0.1713,109269.0
2026-06-14 08:10:00,0.1712,0.1712,0.1711,0.1711,101775.6
2026-06-14 08:15:00,0.1711,0.1716,0.1711,0.1715,341530.1
2026-06-14 08:20:00,0.1715,0.1715,0.1714,0.1714,112209.0
2026-06-14 08:25:00,0.1714,0.1714,0.1711,0.1713,313532.4
2026-06-14 08:30:00,0.1713,0.1713,0.1709,0.171,157597.4
2026-06-14 08:35:00,0.1711,0.1712,0.1709,0.171,348849.1
2026-06-14 08:40:00,0.171,0.1714,0.171,0.1714,60378.2
2026-06-14 08:45:00,0.1713,0.1715,0.1713,0.1714,126711.0
2026-06-14 08:50:00,0.1714,0.1715,0.171,0.1711,86064.8
2026-06-14 08:55:00,0.1712,0.1713,0.1709,0.171,128218.1
2026-06-14 09:00:00,0.1711,0.1711,0.1706,0.171,347215.5
2026-06-14 09:05:00,0.171,0.171,0.1708,0.1708,187638.5
2026-06-14 09:10:00,0.1709,0.1709,0.1706,0.1706,775783.0
2026-06-14 09:15:00,0.1707,0.1707,0.17,0.1702,956126.9
2026-06-14 09:20:00,0.1702,0.1705,0.1702,0.1704,244870.5
2026-06-14 09:25:00,0.1703,0.1707,0.1702,0.1706,685745.6
2026-06-14 09:30:00,0.1706,0.1709,0.1705,0.1708,271552.2
2026-06-14 09:35:00,0.1708,0.1716,0.1708,0.1714,297229.8
2026-06-14 09:40:00,0.1715,0.1719,0.1714,0.1716,218954.6
2026-06-14 09:45:00,0.1717,0.1718,0.1715,0.1718,127045.8
2026-06-14 09:50:00,0.1718,0.1718,0.1714,0.1714,558456.3
2026-06-14 09:55:00,0.1715,0.1716,0.1711,0.1711,436536.3
2026-06-14 10:00:00,0.1712,0.1712,0.1706,0.1709,799397.6
2026-06-14 10:05:00,0.1709,0.1709,0.1706,0.1708,167477.0
2026-06-14 10:10:00,0.1709,0.1709,0.1704,0.1706,376148.4
2026-06-14 10:15:00,0.1706,0.1709,0.1706,0.1709,9299.4
2026-06-14 10:20:00,0.1708,0.1709,0.1707,0.1708,99991.1
2026-06-14 10:25:00,0.1709,0.1709,0.17,0.1703,2556026.4
2026-06-14 10:30:00,0.1703,0.1708,0.1702,0.1708,298660.0
2026-06-14 10:35:00,0.1707,0.1707,0.1705,0.1706,73492.2
2026-06-14 10:40:00,0.1706,0.1706,0.1702,0.1702,187330.7
2026-06-14 10:45:00,0.1703,0.1703,0.17,0.17,241374.2
2026-06-14 10:50:00,0.17,0.1702,0.17,0.1701,91025.7
2026-06-14 10:55:00,0.1702,0.1702,0.1697,0.1699,558453.6
2026-06-14 11:00:00,0.1698,0.17,0.1695,0.1697,501218.5
2026-06-14 11:05:00,0.1696,0.1698,0.1695,0.1698,253462.5
2026-06-14 11:10:00,0.1698,0.17,0.1698,0.1699,171345.3
2026-06-14 11:15:00,0.1699,0.17,0.1698,0.1699,244359.9
2026-06-14 11:20:00,0.1698,0.1701,0.1698,0.17,420780.5
2026-06-14 11:25:00,0.17,0.1702,0.1699,0.1701,427740.2
2026-06-14 11:30:00,0.1701,0.1702,0.17,0.1701,56209.2
2026-06-14 11:35:00,0.1702,0.1703,0.1701,0.1702,59185.8
2026-06-14 11:40:00,0.1702,0.1703,0.1701,0.1702,420955.2
2026-06-14 11:45:00,0.1703,0.1704,0.17,0.1701,275100.2
2026-06-14 11:50:00,0.17,0.1702,0.1699,0.1699,471606.5
2026-06-14 11:55:00,0.17,0.17,0.1697,0.1698,264840.7
2026-06-14 12:00:00,0.1698,0.17,0.1697,0.1699,228754.8
2026-06-14 12:05:00,0.1699,0.1699,0.1696,0.1696,263398.9
2026-06-14 12:10:00,0.1696,0.1698,0.1695,0.1696,844124.2
2026-06-14 12:15:00,0.1696,0.1697,0.1693,0.1696,992664.5
2026-06-14 12:20:00,0.1696,0.1697,0.1695,0.1696,229424.7
2026-06-14 12:25:00,0.1696,0.1697,0.1693,0.1693,161866.1
2026-06-14 12:30:00,0.1693,0.1696,0.169,0.1693,615997.3
2026-06-14 12:35:00,0.1693,0.1693,0.1683,0.1687,1438989.2
2026-06-14 12:40:00,0.1687,0.1688,0.1686,0.1686,913405.9
2026-06-14 12:45:00,0.1686,0.1688,0.1684,0.1685,217799.0
2026-06-14 12:50:00,0.1685,0.1685,0.1678,0.1682,1348367.8
2026-06-14 12:55:00,0.1682,0.1685,0.1682,0.1684,238315.9
2026-06-14 13:00:00,0.1683,0.1686,0.1682,0.1682,320021.5
2026-06-14 13:05:00,0.1682,0.1686,0.1682,0.1683,551463.2
2026-06-14 13:10:00,0.1683,0.1685,0.1681,0.1684,413385.0
2026-06-14 13:15:00,0.1684,0.1686,0.168,0.168,208336.9
2026-06-14 13:20:00,0.1681,0.1682,0.1678,0.1679,444818.6
2026-06-14 13:25:00,0.1679,0.1679,0.1671,0.1673,873183.7
2026-06-14 13:30:00,0.1673,0.1675,0.167,0.1673,1164923.1
2026-06-14 13:35:00,0.1672,0.1676,0.1671,0.1673,280905.7
2026-06-14 13:40:00,0.1672,0.168,0.1671,0.1678,879276.9
2026-06-14 13:45:00,0.1679,0.1681,0.1672,0.1674,1089624.2
2026-06-14 13:50:00,0.1674,0.1676,0.1674,0.1675,577179.8
2026-06-14 13:55:00,0.1676,0.1678,0.1675,0.1676,763522.5
2026-06-14 14:00:00,0.1677,0.1677,0.1673,0.1676,286487.2
2026-06-14 14:05:00,0.1675,0.1677,0.1675,0.1677,81761.1
2026-06-14 14:10:00,0.1676,0.1678,0.1675,0.1677,226002.4
2026-06-14 14:15:00,0.1677,0.1678,0.1675,0.1678,346996.0
2026-06-14 14:20:00,0.1678,0.168,0.1674,0.1674,508797.0
2026-06-14 14:25:00,0.1675,0.1675,0.1668,0.1669,987690.7
2026-06-14 14:30:00,0.1669,0.1669,0.1659,0.1661,1797433.9
2026-06-14 14:35:00,0.1661,0.1663,0.1654,0.1659,1702903.3
2026-06-14 14:40:00,0.166,0.1662,0.1659,0.1661,1288226.3
2026-06-14 14:45:00,0.1662,0.1665,0.1661,0.1663,468232.7
2026-06-14 14:50:00,0.1663,0.1668,0.1662,0.1666,342701.9
2026-06-14 14:55:00,0.1667,0.1669,0.1666,0.1669,394776.1
2026-06-14 15:00:00,0.167,0.1673,0.1669,0.167,761318.7
2026-06-14 15:05:00,0.1669,0.1671,0.1669,0.1671,297370.9
2026-06-14 15:10:00,0.1671,0.1671,0.1669,0.167,520991.8
2026-06-14 15:15:00,0.167,0.1673,0.1666,0.1667,1787836.9
2026-06-14 15:20:00,0.1667,0.1667,0.1665,0.1665,447856.4
2026-06-14 15:25:00,0.1665,0.1669,0.1664,0.1668,211361.4
2026-06-14 15:30:00,0.1668,0.167,0.1667,0.167,419718.5
2026-06-14 15:35:00,0.1671,0.1673,0.167,0.167,168637.3
2026-06-14 15:40:00,0.1671,0.1671,0.1669,0.167,37235.5
2026-06-14 15:45:00,0.1669,0.167,0.1667,0.167,370470.1
2026-06-14 15:50:00,0.167,0.167,0.1669,0.167,78319.0
2026-06-14 15:55:00,0.167,0.167,0.1668,0.167,197295.4
2026-06-14 16:00:00,0.167,0.1671,0.1668,0.167,318663.8
2026-06-14 16:05:00,0.167,0.1673,0.167,0.1672,282508.3
2026-06-14 16:10:00,0.1672,0.1674,0.1672,0.1673,448352.7
2026-06-14 16:15:00,0.1674,0.1676,0.1672,0.1675,209361.0
2026-06-14 16:20:00,0.1675,0.1676,0.1673,0.1675,452262.2
2026-06-14 16:25:00,0.1675,0.1676,0.1675,0.1675,56456.7
2026-06-14 16:30:00,0.1675,0.1677,0.1673,0.1674,1174265.2
2026-06-14 16:35:00,0.1674,0.1676,0.1673,0.1675,153467.5
2026-06-14 16:40:00,0.1675,0.1675,0.1672,0.1674,293818.0
2026-06-14 16:45:00,0.1674,0.1675,0.1671,0.1671,283496.1
2026-06-14 16:50:00,0.1671,0.1673,0.1669,0.1669,540586.5
2026-06-14 16:55:00,0.167,0.1672,0.1668,0.1671,215219.4
2026-06-14 17:00:00,0.1672,0.1672,0.1669,0.1672,309265.0
2026-06-14 17:05:00,0.1672,0.1674,0.1669,0.1669,127487.4
2026-06-14 17:10:00,0.1669,0.1672,0.1668,0.1672,257918.8
2026-06-14 17:15:00,0.1673,0.1674,0.1672,0.1674,363355.4
2026-06-14 17:20:00,0.1674,0.1674,0.1672,0.1672,164264.7
2026-06-14 17:25:00,0.1673,0.1673,0.167,0.1671,160871.7
2026-06-14 17:30:00,0.1671,0.1672,0.167,0.1672,104705.2
2026-06-14 17:35:00,0.1672,0.1672,0.1666,0.1666,241736.6
2026-06-14 17:40:00,0.1667,0.167,0.1667,0.1669,223410.4
2026-06-14 17:45:00,0.167,0.1671,0.1666,0.1667,422864.2
2026-06-14 17:50:00,0.1666,0.1666,0.1664,0.1665,232683.3
2026-06-14 17:55:00,0.1665,0.1667,0.1664,0.1667,390670.1
2026-06-14 18:00:00,0.1666,0.1667,0.1664,0.1667,192138.0
2026-06-14 18:05:00,0.1667,0.1668,0.1664,0.1665,276356.5
2026-06-14 18:10:00,0.1665,0.1669,0.1665,0.1669,181495.7
2026-06-14 18:15:00,0.1668,0.167,0.1666,0.1666,153986.0
2026-06-14 18:20:00,0.1667,0.1667,0.1661,0.1664,651001.8
2026-06-14 18:25:00,0.1663,0.1664,0.166,0.1661,376059.3
2026-06-14 18:30:00,0.1661,0.1664,0.1661,0.1662,731943.7
2026-06-14 18:35:00,0.1662,0.1664,0.1661,0.1663,528732.2
2026-06-14 18:40:00,0.1664,0.1666,0.1663,0.1665,215410.7
2026-06-14 18:45:00,0.1665,0.1666,0.1663,0.1663,95576.9
2026-06-14 18:50:00,0.1663,0.1664,0.1662,0.1663,76069.4
2026-06-14 18:55:00,0.1663,0.1663,0.1659,0.1661,892787.2
2026-06-14 19:00:00,0.166,0.1662,0.166,0.1661,1113891.7
2026-06-14 19:05:00,0.166,0.1662,0.1659,0.1661,401959.7
2026-06-14 19:10:00,0.1661,0.1665,0.1661,0.1664,65808.1
2026-06-14 19:15:00,0.1664,0.1666,0.1663,0.1664,460898.5
2026-06-14 19:20:00,0.1664,0.1665,0.1661,0.1664,412203.8
2026-06-14 19:25:00,0.1665,0.1665,0.1663,0.1664,283886.9
2026-06-14 19:30:00,0.1664,0.1667,0.1664,0.1665,238414.5
2026-06-14 19:35:00,0.1665,0.1666,0.1664,0.1664,71815.4
2026-06-14 19:40:00,0.1665,0.1665,0.166,0.1661,70356.7
2026-06-14 19:45:00,0.166,0.1662,0.1659,0.1661,396474.7
2026-06-14 19:50:00,0.166,0.1661,0.1658,0.166,414006.2
2026-06-14 19:55:00,0.166,0.1662,0.166,0.1661,206332.3
2026-06-14 20:00:00,0.1661,0.1664,0.1659,0.1659,203330.9
2026-06-14 20:05:00,0.1659,0.1661,0.1658,0.1661,209617.7
2026-06-14 20:10:00,0.1662,0.1663,0.166,0.1662,181367.3
2026-06-14 20:15:00,0.1662,0.1664,0.1661,0.1662,213042.4
2026-06-14 20:20:00,0.1663,0.1666,0.1663,0.1666,276042.7
2026-06-14 20:25:00,0.1666,0.1669,0.1665,0.1667,229907.2
2026-06-14 20:30:00,0.1667,0.1668,0.1666,0.1668,58376.7
2026-06-14 20:35:00,0.1669,0.1673,0.1669,0.1672,528362.6
2026-06-14 20:40:00,0.1672,0.1673,0.1671,0.1672,119370.0
2026-06-14 20:45:00,0.1672,0.1674,0.1672,0.1674,170998.6
2026-06-14 20:50:00,0.1674,0.1674,0.1671,0.1672,340217.8
2026-06-14 20:55:00,0.1672,0.1672,0.1669,0.1669,100257.4
2026-06-14 21:00:00,0.167,0.1671,0.1667,0.1668,248166.6
2026-06-14 21:05:00,0.1669,0.1672,0.1669,0.1671,235643.8
2026-06-14 21:10:00,0.1672,0.1676,0.1672,0.1676,399314.5
2026-06-14 21:15:00,0.1676,0.1702,0.1676,0.1698,2715368.5
2026-06-14 21:20:00,0.1699,0.1706,0.1699,0.1705,1109869.1
2026-06-14 21:25:00,0.1706,0.1717,0.1706,0.1712,1328094.5
2026-06-14 21:30:00,0.1713,0.1725,0.1708,0.1723,1832273.4
2026-06-14 21:35:00,0.1724,0.1728,0.1715,0.1728,2078751.4
2026-06-14 21:40:00,0.1728,0.1743,0.1727,0.1739,4239065.1
2026-06-14 21:45:00,0.1738,0.1745,0.1738,0.1744,1340836.7
2026-06-14 21:50:00,0.1744,0.176,0.1744,0.1755,3452550.2
2026-06-14 21:55:00,0.1755,0.1757,0.1739,0.1739,1658737.5
2026-06-14 22:00:00,0.174,0.175,0.1735,0.174,2061814.1
2026-06-14 22:05:00,0.174,0.1741,0.1728,0.1731,1320531.1
2026-06-14 22:10:00,0.1731,0.1747,0.173,0.1742,1298527.7
2026-06-14 22:15:00,0.1743,0.1747,0.1737,0.1747,1145220.2
2026-06-14 22:20:00,0.1747,0.1756,0.1746,0.1752,1845339.9
2026-06-14 22:25:00,0.1752,0.1755,0.1743,0.1755,1355540.9
2026-06-14 22:30:00,0.1755,0.176,0.1753,0.176,2133379.3
2026-06-14 22:35:00,0.176,0.1769,0.176,0.1762,1495138.0
2026-06-14 22:40:00,0.1763,0.1769,0.1759,0.1764,1306623.6
2026-06-14 22:45:00,0.1765,0.1765,0.1752,0.1754,1609031.5
2026-06-14 22:50:00,0.1754,0.176,0.1754,0.1755,882268.0
2026-06-14 22:55:00,0.1754,0.1758,0.1747,0.175,1314407.5
2026-06-14 23:00:00,0.1751,0.1753,0.1741,0.1741,1978061.4
2026-06-14 23:05:00,0.1742,0.1756,0.174,0.1753,938055.3
2026-06-14 23:10:00,0.1753,0.1764,0.1753,0.1761,596066.5
2026-06-14 23:15:00,0.176,0.1767,0.176,0.1765,728406.3
2026-06-14 23:20:00,0.1764,0.1771,0.1761,0.177,936718.7
2026-06-14 23:25:00,0.177,0.1788,0.177,0.1785,2596114.1
2026-06-14 23:30:00,0.1785,0.1792,0.1782,0.179,1193926.4
2026-06-14 23:35:00,0.179,0.179,0.1782,0.1787,1799418.4
2026-06-14 23:40:00,0.1786,0.1794,0.1786,0.1794,1046376.5
2026-06-14 23:45:00,0.1794,0.1833,0.1793,0.183,5208193.8
2026-06-14 23:50:00,0.183,0.1839,0.1825,0.183,3564673.5
2026-06-14 23:55:00,0.183,0.1835,0.1826,0.183,3022193.7
2026-06-15 00:00:00,0.183,0.1848,0.183,0.1844,5206534.6
2026-06-15 00:05:00,0.1844,0.1857,0.1844,0.1854,3472484.9
2026-06-15 00:10:00,0.1854,0.187,0.185,0.1868,2927937.8
2026-06-15 00:15:00,0.1868,0.1869,0.1838,0.1841,4186764.5
2026-06-15 00:20:00,0.1841,0.1847,0.1831,0.1837,2170325.4
2026-06-15 00:25:00,0.1837,0.1847,0.1835,0.1839,952707.7
2026-06-15 00:30:00,0.1838,0.1839,0.1826,0.1831,1834555.9
2026-06-15 00:35:00,0.183,0.1833,0.1815,0.1822,3236975.4
2026-06-15 00:40:00,0.1823,0.1826,0.1816,0.1822,2875887.3
2026-06-15 00:45:00,0.1823,0.1829,0.1818,0.1825,1702298.3
2026-06-15 00:50:00,0.1824,0.1827,0.182,0.1826,624878.4
2026-06-15 00:55:00,0.1827,0.1833,0.1823,0.1831,1311509.3
2026-06-15 01:00:00,0.1832,0.1833,0.1808,0.1808,1727211.0
2026-06-15 01:05:00,0.1809,0.1823,0.1806,0.1818,1615048.9
2026-06-15 01:10:00,0.1818,0.1823,0.1814,0.1822,735215.7
2026-06-15 01:15:00,0.1822,0.1823,0.1811,0.1813,721192.1
2026-06-15 01:20:00,0.1813,0.1814,0.1807,0.1813,732486.1
2026-06-15 01:25:00,0.1813,0.1816,0.1806,0.1811,1072577.5
2026-06-15 01:30:00,0.1812,0.1819,0.1809,0.1815,1196752.7
2026-06-15 01:35:00,0.1816,0.1833,0.1815,0.1827,1159235.6
2026-06-15 01:40:00,0.1827,0.1827,0.1821,0.1824,497106.9
2026-06-15 01:45:00,0.1824,0.1824,0.1813,0.1814,714217.9
2026-06-15 01:50:00,0.1813,0.1816,0.1808,0.1809,571452.8
2026-06-15 01:55:00,0.1809,0.1812,0.1801,0.1805,1420330.8
2026-06-15 02:00:00,0.1805,0.1808,0.1801,0.1807,872340.2
2026-06-15 02:05:00,0.1807,0.1815,0.1807,0.1809,621933.2
2026-06-15 02:10:00,0.1808,0.1818,0.1808,0.1816,1282720.1
2026-06-15 02:15:00,0.1817,0.1825,0.1817,0.1822,860195.8
2026-06-15 02:20:00,0.1822,0.1823,0.1818,0.182,326835.7
2026-06-15 02:25:00,0.182,0.1821,0.1815,0.1815,2144459.6
2026-06-15 02:30:00,0.1814,0.1815,0.1806,0.1807,432490.3
2026-06-15 02:35:00,0.1807,0.1811,0.1805,0.1806,888969.0
2026-06-15 02:40:00,0.1806,0.1808,0.18,0.18,1752131.2
2026-06-15 02:45:00,0.18,0.1803,0.1794,0.1802,1688684.3
2026-06-15 02:50:00,0.1803,0.1806,0.1801,0.1804,464694.2
2026-06-15 02:55:00,0.1804,0.1804,0.1799,0.1801,243882.9
2026-06-15 03:00:00,0.18,0.1804,0.1796,0.1803,399835.8
2026-06-15 03:05:00,0.1804,0.1808,0.1802,0.1806,497420.6
2026-06-15 03:10:00,0.1806,0.1813,0.1806,0.1811,274561.9
2026-06-15 03:15:00,0.1811,0.1813,0.1809,0.1812,187561.1
2026-06-15 03:20:00,0.1811,0.1812,0.1806,0.1807,255529.1
2026-06-15 03:25:00,0.1806,0.181,0.1804,0.1809,786082.1
2026-06-15 03:30:00,0.181,0.181,0.1805,0.1808,243297.2
2026-06-15 03:35:00,0.1808,0.1812,0.1806,0.1807,358451.3
2026-06-15 03:40:00,0.1807,0.1819,0.1807,0.1817,593314.4
2026-06-15 03:45:00,0.1818,0.1821,0.1813,0.1814,1850365.5
2026-06-15 03:50:00,0.1815,0.1816,0.1812,0.1815,637701.3
2026-06-15 03:55:00,0.1816,0.1817,0.1813,0.1813,504118.7
2026-06-15 04:00:00,0.1812,0.1813,0.1806,0.1807,254162.6
2026-06-15 04:05:00,0.1806,0.181,0.1805,0.181,296386.6
2026-06-15 04:10:00,0.181,0.1813,0.1808,0.1812,256507.3
2026-06-15 04:15:00,0.1812,0.1816,0.181,0.1816,169351.0
2026-06-15 04:20:00,0.1816,0.1818,0.1813,0.1816,295103.2
2026-06-15 04:25:00,0.1816,0.1818,0.1812,0.1812,221599.3
2026-06-15 04:30:00,0.1811,0.1811,0.1806,0.1807,228722.0
2026-06-15 04:35:00,0.1806,0.1806,0.1801,0.1801,641932.5
2026-06-15 04:40:00,0.1801,0.1802,0.1799,0.1801,212315.3
2026-06-15 04:45:00,0.18,0.1803,0.1798,0.1801,364945.0
2026-06-15 04:50:00,0.18,0.1803,0.1798,0.1801,715356.3
2026-06-15 04:55:00,0.18,0.18,0.1796,0.1797,532888.7
2026-06-15 05:00:00,0.1796,0.1801,0.1796,0.1798,185429.2
2026-06-15 05:05:00,0.1797,0.1801,0.1795,0.1798,474109.4
2026-06-15 05:10:00,0.1799,0.1804,0.1798,0.1804,319712.6
2026-06-15 05:15:00,0.1804,0.1804,0.1802,0.1804,372973.1
2026-06-15 05:20:00,0.1803,0.1808,0.1803,0.1806,600664.2
2026-06-15 05:25:00,0.1807,0.1815,0.1807,0.1811,910288.0
2026-06-15 05:30:00,0.1812,0.1812,0.1809,0.181,177640.2
2026-06-15 05:35:00,0.181,0.1811,0.1802,0.1805,418364.4
2026-06-15 05:40:00,0.1805,0.1807,0.1804,0.1804,203753.4
2026-06-15 05:45:00,0.1804,0.1809,0.1804,0.1808,159314.0
2026-06-15 05:50:00,0.1808,0.1811,0.1808,0.181,432020.8
2026-06-15 05:55:00,0.181,0.1813,0.1808,0.181,281798.2
2026-06-15 06:00:00,0.181,0.1811,0.1808,0.181,230491.1
2026-06-15 06:05:00,0.181,0.1811,0.1807,0.1807,430317.5
2026-06-15 06:10:00,0.1807,0.1814,0.1807,0.1812,443635.8
2026-06-15 06:15:00,0.1812,0.1816,0.1812,0.1812,392871.8
2026-06-15 06:20:00,0.1812,0.1816,0.1812,0.1816,281094.3
2026-06-15 06:25:00,0.1816,0.182,0.1815,0.1817,688668.2
2026-06-15 06:30:00,0.1817,0.1819,0.1808,0.1809,273077.6
2026-06-15 06:35:00,0.181,0.1811,0.1807,0.1809,427115.9
2026-06-15 06:40:00,0.181,0.1812,0.1808,0.1812,81524.9
2026-06-15 06:45:00,0.1811,0.1817,0.181,0.1817,416172.2
2026-06-15 06:50:00,0.1816,0.1817,0.1813,0.1815,147679.1
2026-06-15 06:55:00,0.1815,0.1816,0.1812,0.1813,345777.5
2026-06-15 07:00:00,0.1812,0.1813,0.1808,0.181,382752.1
2026-06-15 07:05:00,0.1809,0.1811,0.1803,0.1808,1885853.6
2026-06-15 07:10:00,0.1807,0.1816,0.1806,0.1814,975073.1
2026-06-15 07:15:00,0.1814,0.182,0.1814,0.1818,226562.0
2026-06-15 07:20:00,0.1817,0.1817,0.1812,0.1817,238368.1
2026-06-15 07:25:00,0.1817,0.1817,0.1811,0.1816,1000452.4
2026-06-15 07:30:00,0.1815,0.1816,0.1806,0.1808,587857.3
2026-06-15 07:35:00,0.1808,0.181,0.1806,0.1808,290271.2
2026-06-15 07:40:00,0.1808,0.1809,0.1806,0.1807,264734.7
2026-06-15 07:45:00,0.1806,0.1806,0.1803,0.1803,571213.5
2026-06-15 07:50:00,0.1803,0.1807,0.1801,0.1807,265241.4
2026-06-15 07:55:00,0.1807,0.1807,0.18,0.1802,909378.9
2026-06-15 08:00:00,0.1803,0.1809,0.18,0.1809,781788.6
2026-06-15 08:05:00,0.1808,0.1812,0.1807,0.1809,652878.1
2026-06-15 08:10:00,0.1809,0.1809,0.1806,0.1808,279994.7
2026-06-15 08:15:00,0.1809,0.1812,0.1808,0.1809,229176.8
2026-06-15 08:20:00,0.1808,0.1808,0.1801,0.1802,303822.3
2026-06-15 08:25:00,0.1801,0.1808,0.18,0.1808,350065.1
2026-06-15 08:30:00,0.1808,0.1813,0.1807,0.1812,187518.1
2026-06-15 08:35:00,0.1812,0.1813,0.1809,0.1811,304837.3
2026-06-15 08:40:00,0.181,0.1815,0.1809,0.1814,209561.7
2026-06-15 08:45:00,0.1814,0.1818,0.1812,0.1813,258441.7
2026-06-15 08:50:00,0.1813,0.1817,0.181,0.1812,781680.0
2026-06-15 08:55:00,0.1813,0.1814,0.1811,0.1812,434473.0
2026-06-15 09:00:00,0.1812,0.1817,0.1811,0.1814,258467.2
2026-06-15 09:05:00,0.1813,0.1819,0.1813,0.1816,1760972.0
2026-06-15 09:10:00,0.1816,0.1816,0.1812,0.1813,208082.1
2026-06-15 09:15:00,0.1814,0.1816,0.1811,0.1816,593022.3
2026-06-15 09:20:00,0.1816,0.1819,0.1813,0.1814,461947.5
2026-06-15 09:25:00,0.1814,0.1819,0.1813,0.1817,901045.5
2026-06-15 09:30:00,0.1816,0.1816,0.1809,0.181,407603.1
2026-06-15 09:35:00,0.181,0.1812,0.1806,0.1812,745291.6
2026-06-15 09:40:00,0.1811,0.1818,0.1811,0.1818,405603.8
2026-06-15 09:45:00,0.1819,0.1819,0.1811,0.1814,293958.9
2026-06-15 09:50:00,0.1813,0.1817,0.1813,0.1815,176568.7
2026-06-15 09:55:00,0.1814,0.1817,0.1814,0.1814,164702.0
2026-06-15 10:00:00,0.1815,0.1818,0.1814,0.1816,292982.1
2026-06-15 10:05:00,0.1817,0.182,0.1814,0.1815,326851.7
2026-06-15 10:10:00,0.1814,0.1818,0.1812,0.1815,704881.2
2026-06-15 10:15:00,0.1814,0.1819,0.1813,0.1815,669700.4
2026-06-15 10:20:00,0.1815,0.1816,0.1808,0.1808,486940.9
2026-06-15 10:25:00,0.1808,0.181,0.1805,0.1809,806678.8
2026-06-15 10:30:00,0.1809,0.1818,0.1809,0.1817,843413.0
2026-06-15 10:35:00,0.1817,0.182,0.1816,0.1817,269873.6
2026-06-15 10:40:00,0.1817,0.1819,0.1813,0.1814,249077.6
2026-06-15 10:45:00,0.1813,0.1813,0.1808,0.1811,412003.0
2026-06-15 10:50:00,0.181,0.183,0.1808,0.1823,2998819.2
2026-06-15 10:55:00,0.1823,0.183,0.1821,0.1828,1393736.8
2026-06-15 11:00:00,0.1828,0.1831,0.1823,0.1827,1466734.5
2026-06-15 11:05:00,0.1827,0.1832,0.1827,0.1832,819471.4
2026-06-15 11:10:00,0.1832,0.1833,0.1828,0.1829,543746.6
2026-06-15 11:15:00,0.1829,0.1841,0.1828,0.184,598818.3
2026-06-15 11:20:00,0.184,0.185,0.1838,0.1849,1190133.3
2026-06-15 11:25:00,0.1849,0.1855,0.1845,0.185,2152326.6
2026-06-15 11:30:00,0.185,0.1856,0.1846,0.1848,910571.9
2026-06-15 11:35:00,0.1847,0.1848,0.1838,0.1846,1705480.9
2026-06-15 11:40:00,0.1846,0.1847,0.1836,0.1837,658248.1
2026-06-15 11:45:00,0.1837,0.1845,0.1835,0.1844,907448.9
2026-06-15 11:50:00,0.1845,0.185,0.1845,0.1848,625965.7
2026-06-15 11:55:00,0.1847,0.1855,0.1845,0.1852,2139525.6
2026-06-15 12:00:00,0.1852,0.1855,0.1846,0.1846,550545.6
2026-06-15 12:05:00,0.1845,0.1854,0.1844,0.1854,1348342.5
2026-06-15 12:10:00,0.1854,0.1859,0.1853,0.1856,662517.4
2026-06-15 12:15:00,0.1856,0.1857,0.185,0.1853,1550771.4
2026-06-15 12:20:00,0.1854,0.1866,0.1849,0.1864,1305550.4
2026-06-15 12:25:00,0.1865,0.1867,0.1862,0.1866,798050.0
2026-06-15 12:30:00,0.1865,0.1867,0.1857,0.1867,1243775.9
2026-06-15 12:35:00,0.1867,0.1874,0.1866,0.1871,2345656.2
2026-06-15 12:40:00,0.1871,0.1893,0.1871,0.1892,3241546.1
2026-06-15 12:45:00,0.1892,0.1895,0.1879,0.188,2324282.5
2026-06-15 12:50:00,0.188,0.1884,0.1876,0.1882,1525069.2
2026-06-15 12:55:00,0.1881,0.1882,0.1869,0.1873,1381475.2
2026-06-15 13:00:00,0.1873,0.1876,0.1864,0.1866,1873906.2
2026-06-15 13:05:00,0.1865,0.1868,0.1859,0.1862,1828384.5
2026-06-15 13:10:00,0.1863,0.1875,0.1863,0.1873,1527676.8
2026-06-15 13:15:00,0.1872,0.1895,0.1871,0.1891,3487353.8
2026-06-15 13:20:00,0.1891,0.1894,0.1882,0.189,1833829.2
2026-06-15 13:25:00,0.189,0.1891,0.1878,0.1888,2062482.8
2026-06-15 13:30:00,0.1888,0.1889,0.1875,0.188,2176243.1
2026-06-15 13:35:00,0.188,0.1884,0.1871,0.1874,815875.0
2026-06-15 13:40:00,0.1873,0.1882,0.1868,0.1881,2744834.5
2026-06-15 13:45:00,0.188,0.1887,0.1877,0.1881,1034855.9
2026-06-15 13:50:00,0.1881,0.19,0.188,0.1892,2756524.3
2026-06-15 13:55:00,0.1892,0.1894,0.1888,0.1893,893913.6
2026-06-15 14:00:00,0.1893,0.1896,0.1879,0.1883,1351392.0
2026-06-15 14:05:00,0.1883,0.189,0.1877,0.188,1331571.4
2026-06-15 14:10:00,0.1881,0.1883,0.1875,0.1881,836227.6
2026-06-15 14:15:00,0.1881,0.1887,0.188,0.1885,847472.3
2026-06-15 14:20:00,0.1885,0.1886,0.1876,0.1876,655496.4
2026-06-15 14:25:00,0.1877,0.1885,0.1876,0.1885,501016.9
2026-06-15 14:30:00,0.1885,0.1887,0.1882,0.1884,352631.5
2026-06-15 14:35:00,0.1885,0.1887,0.1875,0.1875,459419.6
2026-06-15 14:40:00,0.1875,0.1885,0.1875,0.188,691931.1
2026-06-15 14:45:00,0.188,0.1887,0.1878,0.1882,909491.5
2026-06-15 14:50:00,0.1882,0.1886,0.1874,0.1875,927718.3
2026-06-15 14:55:00,0.1874,0.1877,0.1872,0.1874,561123.2
2026-06-15 15:00:00,0.1874,0.188,0.1872,0.1874,684243.0
2026-06-15 15:05:00,0.1874,0.1874,0.1864,0.1868,779601.0
2026-06-15 15:10:00,0.1867,0.1874,0.1867,0.1871,489496.6
2026-06-15 15:15:00,0.1871,0.1876,0.1869,0.1874,1181183.2
2026-06-15 15:20:00,0.1873,0.1875,0.1869,0.1874,829461.0
2026-06-15 15:25:00,0.1875,0.1884,0.1874,0.1875,1050468.7
2026-06-15 15:30:00,0.1875,0.1878,0.1859,0.1866,1986840.0
2026-06-15 15:35:00,0.1865,0.1873,0.1863,0.187,621438.4
2026-06-15 15:40:00,0.1871,0.188,0.187,0.1878,846817.5
2026-06-15 15:45:00,0.1878,0.1888,0.1877,0.1883,1509904.3
2026-06-15 15:50:00,0.1883,0.1894,0.1883,0.1888,1652675.8
2026-06-15 15:55:00,0.1887,0.1889,0.1883,0.1889,1014704.8
2026-06-15 16:00:00,0.1889,0.1889,0.188,0.1883,975379.3
2026-06-15 16:05:00,0.1883,0.1883,0.1875,0.1881,956875.7
2026-06-15 16:10:00,0.1881,0.1882,0.1875,0.1878,890923.2
2026-06-15 16:15:00,0.1877,0.1878,0.187,0.1872,577018.7
2026-06-15 16:20:00,0.1873,0.1892,0.1871,0.1892,1476782.4
2026-06-15 16:25:00,0.1892,0.1893,0.1889,0.1891,817781.4
2026-06-15 16:30:00,0.1892,0.1897,0.1889,0.1893,1160988.0
2026-06-15 16:35:00,0.1893,0.1896,0.1882,0.1884,773086.3
2026-06-15 16:40:00,0.1884,0.1894,0.1883,0.1889,437165.4
2026-06-15 16:45:00,0.189,0.1891,0.188,0.188,432236.0
2026-06-15 16:50:00,0.1881,0.1887,0.188,0.1886,734563.2
2026-06-15 16:55:00,0.1886,0.1888,0.1875,0.1877,817607.9
2026-06-15 17:00:00,0.1878,0.1878,0.1862,0.1864,1190484.2
2026-06-15 17:05:00,0.1864,0.1871,0.1862,0.1863,2475749.3
2026-06-15 17:10:00,0.1863,0.1869,0.1861,0.1868,681465.9
2026-06-15 17:15:00,0.1868,0.1875,0.1864,0.1872,265172.8
2026-06-15 17:20:00,0.1872,0.1872,0.1865,0.1871,299442.5
2026-06-15 17:25:00,0.1872,0.1874,0.1868,0.187,241372.6
2026-06-15 17:30:00,0.1869,0.1873,0.1857,0.1863,2535241.4
2026-06-15 17:35:00,0.1863,0.1878,0.1863,0.1876,974823.8
2026-06-15 17:40:00,0.1877,0.1877,0.1871,0.1871,539366.8
2026-06-15 17:45:00,0.1871,0.1878,0.187,0.1878,494897.0
2026-06-15 17:50:00,0.1879,0.1882,0.1877,0.188,834022.8
2026-06-15 17:55:00,0.1879,0.1879,0.1873,0.1876,570564.3
2026-06-15 18:00:00,0.1876,0.1879,0.1871,0.1873,604824.6
2026-06-15 18:05:00,0.1872,0.1878,0.187,0.1871,639065.0
2026-06-15 18:10:00,0.1871,0.1876,0.1868,0.1875,365388.0
2026-06-15 18:15:00,0.1876,0.188,0.1875,0.188,232605.9
2026-06-15 18:20:00,0.1879,0.1884,0.1878,0.1883,186760.0
2026-06-15 18:25:00,0.1883,0.1883,0.1878,0.1879,226521.8
2026-06-15 18:30:00,0.1878,0.1883,0.1872,0.1881,538751.1
2026-06-15 18:35:00,0.1882,0.1882,0.1875,0.1877,266046.3
2026-06-15 18:40:00,0.1877,0.1879,0.1875,0.1877,478184.4
2026-06-15 18:45:00,0.1877,0.1887,0.1877,0.1886,390446.2
2026-06-15 18:50:00,0.1885,0.1886,0.1877,0.1878,461096.5
2026-06-15 18:55:00,0.1878,0.188,0.1872,0.1873,214503.3
2026-06-15 19:00:00,0.1873,0.1883,0.187,0.1883,479822.4
2026-06-15 19:05:00,0.1882,0.1885,0.1881,0.1882,428094.5
2026-06-15 19:10:00,0.1882,0.1886,0.1881,0.1882,243910.7
2026-06-15 19:15:00,0.1883,0.1886,0.1853,0.1855,1827095.0
2026-06-15 19:20:00,0.1854,0.1862,0.185,0.1862,983823.1
2026-06-15 19:25:00,0.1861,0.1867,0.1854,0.1854,1008761.6
2026-06-15 19:30:00,0.1855,0.1859,0.1853,0.1858,348314.9
2026-06-15 19:35:00,0.1859,0.1865,0.1856,0.1862,547341.1
2026-06-15 19:40:00,0.1863,0.1868,0.1861,0.1868,443679.9
2026-06-15 19:45:00,0.1869,0.1869,0.1856,0.1861,592751.7
2026-06-15 19:50:00,0.1861,0.1862,0.1856,0.1861,741825.6
2026-06-15 19:55:00,0.1861,0.1863,0.1855,0.1862,900868.9
2026-06-15 20:00:00,0.1862,0.1865,0.1854,0.1865,338064.5
2026-06-15 20:05:00,0.1864,0.1866,0.1858,0.186,574141.8
2026-06-15 20:10:00,0.186,0.186,0.1854,0.1859,545870.1
2026-06-15 20:15:00,0.186,0.186,0.1849,0.1852,514316.9
2026-06-15 20:20:00,0.1851,0.1851,0.1844,0.1847,946514.4
2026-06-15 20:25:00,0.1846,0.1849,0.1844,0.1845,1413777.5
2026-06-15 20:30:00,0.1846,0.1848,0.1839,0.1842,796871.0
2026-06-15 20:35:00,0.1842,0.1843,0.1837,0.1839,724379.8
2026-06-15 20:40:00,0.1839,0.1843,0.1834,0.1835,634559.6
2026-06-15 20:45:00,0.1835,0.1837,0.181,0.1811,5359784.5
2026-06-15 20:50:00,0.1811,0.1812,0.1801,0.1803,1860508.0
2026-06-15 20:55:00,0.1803,0.1808,0.1798,0.1807,2860469.8
2026-06-15 21:00:00,0.1806,0.1807,0.18,0.1801,868955.6
2026-06-15 21:05:00,0.1801,0.1806,0.1797,0.1801,1220607.1
2026-06-15 21:10:00,0.1802,0.1808,0.1798,0.1808,1700034.8
2026-06-15 21:15:00,0.1808,0.1813,0.1806,0.181,1251432.4
2026-06-15 21:20:00,0.181,0.1814,0.1808,0.1814,1334861.5
2026-06-15 21:25:00,0.1814,0.1814,0.1805,0.1805,1353924.9
2026-06-15 21:30:00,0.1806,0.1807,0.1803,0.1803,477760.3
2026-06-15 21:35:00,0.1803,0.1805,0.1803,0.1804,171215.1
2026-06-15 21:40:00,0.1804,0.1806,0.1803,0.1803,147622.2
2026-06-15 21:45:00,0.1803,0.1807,0.1803,0.1807,337931.3
2026-06-15 21:50:00,0.1807,0.1808,0.1804,0.1805,259229.5
2026-06-15 21:55:00,0.1804,0.1805,0.1793,0.1794,775807.4
2026-06-15 22:00:00,0.1794,0.1799,0.1794,0.1796,847349.2
2026-06-15 22:05:00,0.1797,0.1803,0.1797,0.1803,664731.8
2026-06-15 22:10:00,0.1803,0.1805,0.1799,0.1799,516950.7
2026-06-15 22:15:00,0.1799,0.1802,0.1797,0.1802,272715.8
2026-06-15 22:20:00,0.1802,0.1802,0.179,0.179,2099377.4
2026-06-15 22:25:00,0.1791,0.1792,0.1777,0.1778,2215487.4
2026-06-15 22:30:00,0.1777,0.1784,0.1768,0.1782,1515084.1
2026-06-15 22:35:00,0.1782,0.1788,0.178,0.1787,366143.0
2026-06-15 22:40:00,0.1788,0.1792,0.1783,0.1785,983686.9
2026-06-15 22:45:00,0.1786,0.179,0.1781,0.1782,444176.9
2026-06-15 22:50:00,0.1783,0.1788,0.1781,0.1785,262055.2
2026-06-15 22:55:00,0.1784,0.1784,0.1781,0.1783,686751.4
2026-06-15 23:00:00,0.1783,0.1783,0.1778,0.1782,537208.0
2026-06-15 23:05:00,0.1782,0.1787,0.1782,0.1785,330120.2
2026-06-15 23:10:00,0.1786,0.1787,0.1783,0.1785,440958.5
2026-06-15 23:15:00,0.1785,0.1786,0.178,0.1784,404929.9
2026-06-15 23:20:00,0.1785,0.1786,0.1781,0.1781,216398.7
2026-06-15 23:25:00,0.1781,0.1788,0.178,0.1785,256068.5
2026-06-15 23:30:00,0.1785,0.1785,0.1779,0.1779,538727.1
2026-06-15 23:35:00,0.1779,0.1781,0.1774,0.178,477987.3
2026-06-15 23:40:00,0.1779,0.1785,0.1778,0.1784,320404.2
2026-06-15 23:45:00,0.1784,0.1786,0.1782,0.1784,205274.8
2026-06-15 23:50:00,0.1783,0.1788,0.1783,0.1785,288602.6
2026-06-15 23:55:00,0.1786,0.1788,0.1785,0.1786,169344.9
2026-06-16 00:00:00,0.1785,0.1786,0.178,0.1783,703759.4
2026-06-16 00:05:00,0.1782,0.1791,0.178,0.1791,1033283.5
2026-06-16 00:10:00,0.1791,0.1792,0.1789,0.1791,122562.5
2026-06-16 00:15:00,0.1791,0.1793,0.1782,0.1784,870535.2
2026-06-16 00:20:00,0.1784,0.1784,0.1777,0.1778,450958.7
2026-06-16 00:25:00,0.1778,0.1781,0.1776,0.1779,526783.3
2026-06-16 00:30:00,0.1778,0.1784,0.1778,0.1783,391245.0
2026-06-16 00:35:00,0.1783,0.1789,0.1783,0.1789,454369.6
2026-06-16 00:40:00,0.1789,0.179,0.1786,0.1786,747202.5
2026-06-16 00:45:00,0.1786,0.1786,0.1782,0.1782,262871.0
2026-06-16 00:50:00,0.1781,0.1783,0.178,0.1781,337023.7
2026-06-16 00:55:00,0.1781,0.1781,0.1777,0.1779,783932.4
2026-06-16 01:00:00,0.178,0.1784,0.1777,0.1783,413326.4
2026-06-16 01:05:00,0.1783,0.1786,0.1779,0.1781,1141909.8
2026-06-16 01:10:00,0.178,0.1781,0.1776,0.1779,233563.9
2026-06-16 01:15:00,0.1779,0.1781,0.1776,0.1779,248342.3
2026-06-16 01:20:00,0.178,0.1782,0.1778,0.1778,377552.8
2026-06-16 01:25:00,0.1778,0.178,0.1777,0.1778,77992.5
2026-06-16 01:30:00,0.1778,0.1778,0.1772,0.1775,427446.8
2026-06-16 01:35:00,0.1775,0.1779,0.1772,0.1778,407588.2
2026-06-16 01:40:00,0.1779,0.178,0.1775,0.1779,410821.2
2026-06-16 01:45:00,0.1779,0.178,0.1777,0.178,302143.3
2026-06-16 01:50:00,0.1779,0.1781,0.1774,0.1774,213287.8
2026-06-16 01:55:00,0.1774,0.1775,0.177,0.1773,253552.8
2026-06-16 02:00:00,0.1772,0.1775,0.1768,0.1773,467255.8
2026-06-16 02:05:00,0.1774,0.1777,0.1772,0.1774,267054.7
2026-06-16 02:10:00,0.1774,0.1775,0.1762,0.1764,882838.0
2026-06-16 02:15:00,0.1764,0.177,0.1764,0.1765,392542.8
2026-06-16 02:20:00,0.1766,0.1768,0.1764,0.1767,1040865.8
2026-06-16 02:25:00,0.1768,0.1769,0.1755,0.1757,1090055.3
2026-06-16 02:30:00,0.1758,0.1765,0.1755,0.1759,630858.4
2026-06-16 02:35:00,0.1758,0.1762,0.1755,0.1761,654523.6
2026-06-16 02:40:00,0.1762,0.1764,0.176,0.1762,425042.6
2026-06-16 02:45:00,0.1762,0.1766,0.1761,0.1766,349815.5
2026-06-16 02:50:00,0.1766,0.1768,0.1764,0.1764,645457.5
2026-06-16 02:55:00,0.1765,0.1765,0.1759,0.1762,409094.0
2026-06-16 03:00:00,0.1762,0.1764,0.176,0.1763,193315.7
2026-06-16 03:05:00,0.1764,0.1765,0.1757,0.176,640044.2
2026-06-16 03:10:00,0.1761,0.1764,0.176,0.1764,296121.9
2026-06-16 03:15:00,0.1765,0.1765,0.1761,0.1762,125193.9
2026-06-16 03:20:00,0.1762,0.1764,0.1758,0.1764,262770.7
2026-06-16 03:25:00,0.1765,0.1773,0.1765,0.1773,319527.0
2026-06-16 03:30:00,0.1773,0.1775,0.177,0.1773,191786.8
2026-06-16 03:35:00,0.1772,0.1775,0.1771,0.1774,164136.6
2026-06-16 03:40:00,0.1773,0.1775,0.1773,0.1774,93819.2
2026-06-16 03:45:00,0.1774,0.1775,0.1772,0.1773,175239.0
2026-06-16 03:50:00,0.1772,0.1773,0.1771,0.1772,94308.8
2026-06-16 03:55:00,0.1772,0.1773,0.1771,0.1772,97568.8
2026-06-16 04:00:00,0.1773,0.1773,0.1771,0.1773,337139.9
2026-06-16 04:05:00,0.1773,0.1774,0.177,0.177,190616.1
2026-06-16 04:10:00,0.177,0.1771,0.1768,0.1769,213254.6
2026-06-16 04:15:00,0.1769,0.1771,0.1767,0.177,158415.2
2026-06-16 04:20:00,0.1769,0.177,0.1766,0.1769,391589.9
2026-06-16 04:25:00,0.1769,0.1771,0.1765,0.1765,172685.3
2026-06-16 04:30:00,0.1764,0.1765,0.1759,0.1762,462561.0
2026-06-16 04:35:00,0.1762,0.1762,0.176,0.1761,24491.4
2026-06-16 04:40:00,0.1762,0.1764,0.1759,0.1759,321765.3
2026-06-16 04:45:00,0.176,0.176,0.1757,0.1759,96587.7
2026-06-16 04:50:00,0.1759,0.176,0.1757,0.1758,148317.8
2026-06-16 04:55:00,0.1757,0.1761,0.1757,0.176,285367.8
2026-06-16 05:00:00,0.176,0.1767,0.1759,0.1766,289279.0
2026-06-16 05:05:00,0.1767,0.1768,0.1764,0.1766,193462.3
2026-06-16 05:10:00,0.1765,0.1768,0.1764,0.1765,467050.8
2026-06-16 05:15:00,0.1764,0.1765,0.1761,0.1765,253585.1
2026-06-16 05:20:00,0.1765,0.1768,0.1764,0.1767,571552.4
2026-06-16 05:25:00,0.1768,0.177,0.1767,0.1769,161043.8
2026-06-16 05:30:00,0.1769,0.177,0.1766,0.1767,303960.5
2026-06-16 05:35:00,0.1767,0.1771,0.1767,0.1771,227156.7
2026-06-16 05:40:00,0.1771,0.1772,0.1769,0.177,163512.9
2026-06-16 05:45:00,0.1771,0.1773,0.1769,0.177,309194.1
2026-06-16 05:50:00,0.177,0.1772,0.1769,0.177,226121.5
2026-06-16 05:55:00,0.1769,0.1772,0.1769,0.1769,275798.8
2026-06-16 06:00:00,0.177,0.1776,0.1769,0.1776,303733.0
2026-06-16 06:05:00,0.1776,0.178,0.1775,0.1779,535925.4
2026-06-16 06:10:00,0.178,0.178,0.1777,0.1778,76845.9
2026-06-16 06:15:00,0.1778,0.1781,0.1777,0.1777,957431.2
2026-06-16 06:20:00,0.1777,0.1779,0.1774,0.1774,510953.7
2026-06-16 06:25:00,0.1774,0.1777,0.1772,0.1774,379330.8
2026-06-16 06:30:00,0.1774,0.1778,0.1773,0.1778,587009.9
2026-06-16 06:35:00,0.1778,0.1783,0.1778,0.1782,489779.0
2026-06-16 06:40:00,0.1782,0.1784,0.1781,0.1783,281432.3
2026-06-16 06:45:00,0.1783,0.1785,0.1782,0.1783,708500.9
2026-06-16 06:50:00,0.1783,0.1786,0.1782,0.1786,205860.8
2026-06-16 06:55:00,0.1785,0.1787,0.1783,0.1783,193020.5
2026-06-16 07:00:00,0.1784,0.1784,0.178,0.1783,323851.7
2026-06-16 07:05:00,0.1784,0.179,0.1783,0.1787,374628.2
2026-06-16 07:10:00,0.1788,0.1789,0.178,0.178,821976.2
2026-06-16 07:15:00,0.178,0.1781,0.1777,0.1777,327675.1
2026-06-16 07:20:00,0.1777,0.1781,0.1775,0.1781,836273.4
2026-06-16 07:25:00,0.1781,0.1784,0.1779,0.1783,290778.4
2026-06-16 07:30:00,0.1783,0.1793,0.1782,0.1791,857152.9
2026-06-16 07:35:00,0.1792,0.1793,0.1785,0.1788,776526.9
2026-06-16 07:40:00,0.1788,0.1791,0.1784,0.1785,348472.4
2026-06-16 07:45:00,0.1786,0.1789,0.1784,0.1788,204554.0
2026-06-16 07:50:00,0.1787,0.1789,0.1786,0.1789,175966.4
2026-06-16 07:55:00,0.1789,0.1789,0.1786,0.1788,136118.9
2026-06-16 08:00:00,0.1787,0.1789,0.1786,0.1787,287138.1
2026-06-16 08:05:00,0.1787,0.1788,0.1783,0.1787,2225938.1
2026-06-16 08:10:00,0.1787,0.1794,0.1787,0.1794,654580.3
2026-06-16 08:15:00,0.1794,0.1799,0.1792,0.1795,1582018.1
2026-06-16 08:20:00,0.1794,0.1794,0.1789,0.1791,418083.4
2026-06-16 08:25:00,0.1791,0.1796,0.1791,0.1795,220589.9
2026-06-16 08:30:00,0.1795,0.1797,0.1789,0.179,617749.2
2026-06-16 08:35:00,0.179,0.1794,0.1789,0.1794,863576.8
2026-06-16 08:40:00,0.1794,0.18,0.1793,0.1799,1011821.9
2026-06-16 08:45:00,0.1799,0.1799,0.1796,0.1799,777344.6
2026-06-16 08:50:00,0.1799,0.1813,0.1799,0.1813,1211710.3
2026-06-16 08:55:00,0.1813,0.1814,0.1808,0.181,818129.7
2026-06-16 09:00:00,0.181,0.1812,0.1807,0.181,708725.4
2026-06-16 09:05:00,0.1809,0.1809,0.1803,0.1806,899116.3
2026-06-16 09:10:00,0.1807,0.1807,0.1805,0.1806,354101.6
2026-06-16 09:15:00,0.1805,0.1805,0.1797,0.1797,572136.5
2026-06-16 09:20:00,0.1797,0.1803,0.1792,0.1802,801977.3
2026-06-16 09:25:00,0.1803,0.1805,0.18,0.18,726344.8
2026-06-16 09:30:00,0.18,0.1803,0.1799,0.1801,431513.6
2026-06-16 09:35:00,0.1801,0.1801,0.1794,0.1799,516656.7
2026-06-16 09:40:00,0.1798,0.1801,0.1798,0.1801,378704.0
2026-06-16 09:45:00,0.1801,0.1802,0.1795,0.1795,537747.2
2026-06-16 09:50:00,0.1795,0.18,0.1793,0.18,360468.2
2026-06-16 09:55:00,0.1799,0.1802,0.1799,0.1799,373297.5
2026-06-16 10:00:00,0.1799,0.1802,0.1794,0.1795,722966.1
2026-06-16 10:05:00,0.1796,0.1798,0.1795,0.1796,221364.7
2026-06-16 10:10:00,0.1796,0.1797,0.1794,0.1795,67282.8
2026-06-16 10:15:00,0.1794,0.1801,0.1794,0.1799,283467.6
2026-06-16 10:20:00,0.1799,0.1802,0.1799,0.18,420103.8
2026-06-16 10:25:00,0.18,0.1803,0.1798,0.1802,256721.7
2026-06-16 10:30:00,0.1802,0.1804,0.1798,0.1803,101144.8
2026-06-16 10:35:00,0.1804,0.1806,0.1803,0.1803,312023.1
2026-06-16 10:40:00,0.1803,0.1804,0.1801,0.1802,269062.4
2026-06-16 10:45:00,0.1802,0.1802,0.1797,0.1797,255174.5
2026-06-16 10:50:00,0.1797,0.18,0.1796,0.1799,512080.1
2026-06-16 10:55:00,0.1798,0.1798,0.1793,0.1795,225873.1
2026-06-16 11:00:00,0.1794,0.1797,0.1793,0.1795,114686.7
2026-06-16 11:05:00,0.1795,0.1795,0.179,0.1792,291474.7
2026-06-16 11:10:00,0.1793,0.1793,0.1788,0.1792,190963.8
2026-06-16 11:15:00,0.1792,0.1795,0.179,0.1795,349029.5
2026-06-16 11:20:00,0.1796,0.1797,0.1787,0.1788,295417.5
2026-06-16 11:25:00,0.1789,0.1789,0.1784,0.1787,293129.8
2026-06-16 11:30:00,0.1787,0.1788,0.1783,0.1785,411302.7
2026-06-16 11:35:00,0.1784,0.1786,0.1783,0.1784,142341.5
2026-06-16 11:40:00,0.1784,0.1788,0.1784,0.1784,175989.8
2026-06-16 11:45:00,0.1784,0.1786,0.1783,0.1786,260919.9
2026-06-16 11:50:00,0.1787,0.1787,0.1783,0.1785,447356.4
2026-06-16 11:55:00,0.1786,0.1789,0.1785,0.1788,188632.9
2026-06-16 12:00:00,0.1789,0.1789,0.1785,0.1787,240172.4
2026-06-16 12:05:00,0.1787,0.1794,0.1785,0.1794,272391.5
2026-06-16 12:10:00,0.1793,0.1797,0.1791,0.1795,516929.7
2026-06-16 12:15:00,0.1796,0.1802,0.1796,0.1802,620996.0
2026-06-16 12:20:00,0.1801,0.1803,0.1797,0.1797,138287.4
2026-06-16 12:25:00,0.1797,0.1802,0.1796,0.1801,255478.6
2026-06-16 12:30:00,0.1801,0.1814,0.1799,0.1812,1157217.4
2026-06-16 12:35:00,0.1811,0.1812,0.1806,0.1807,483370.9
2026-06-16 12:40:00,0.1807,0.1807,0.18,0.1805,402031.0
2026-06-16 12:45:00,0.1804,0.1804,0.1795,0.1798,418228.1
2026-06-16 12:50:00,0.1797,0.1798,0.1793,0.1796,272039.7
2026-06-16 12:55:00,0.1796,0.1802,0.1796,0.18,307964.2
2026-06-16 13:00:00,0.1801,0.1803,0.1799,0.1799,211419.0
2026-06-16 13:05:00,0.1799,0.1799,0.1783,0.1784,489138.6
2026-06-16 13:10:00,0.1783,0.1785,0.177,0.1781,2655229.0
2026-06-16 13:15:00,0.178,0.1783,0.1779,0.1781,172593.4
2026-06-16 13:20:00,0.1782,0.1782,0.1773,0.1779,480754.4
2026-06-16 13:25:00,0.1778,0.1778,0.177,0.1772,425772.9
2026-06-16 13:30:00,0.1771,0.1779,0.1768,0.1769,616759.5
2026-06-16 13:35:00,0.1769,0.1777,0.1766,0.1775,1017080.9
2026-06-16 13:40:00,0.1775,0.1778,0.1773,0.1776,215183.0
2026-06-16 13:45:00,0.1776,0.1778,0.1774,0.1777,295085.3
2026-06-16 13:50:00,0.1777,0.1777,0.1768,0.1769,564462.0
2026-06-16 13:55:00,0.1769,0.1774,0.1769,0.1771,499483.2
2026-06-16 14:00:00,0.1772,0.1776,0.1769,0.1775,314077.0
2026-06-16 14:05:00,0.1776,0.1777,0.1767,0.177,1625071.2
2026-06-16 14:10:00,0.177,0.1774,0.1769,0.177,580233.0
2026-06-16 14:15:00,0.1771,0.1772,0.1756,0.1757,1451235.6
2026-06-16 14:20:00,0.1757,0.176,0.1745,0.1753,2433362.7
2026-06-16 14:25:00,0.1753,0.1753,0.1739,0.1741,1291064.1
2026-06-16 14:30:00,0.174,0.1744,0.1728,0.1738,2339338.2
2026-06-16 14:35:00,0.1738,0.174,0.1733,0.1737,2242868.9
2026-06-16 14:40:00,0.1737,0.1743,0.1736,0.1742,1161782.8
2026-06-16 14:45:00,0.1742,0.1748,0.1741,0.1744,797033.1
2026-06-16 14:50:00,0.1745,0.1747,0.1741,0.1742,134681.0
2026-06-16 14:55:00,0.1742,0.1744,0.1738,0.1741,136329.6
2026-06-16 15:00:00,0.1741,0.1746,0.1738,0.1742,531761.0
2026-06-16 15:05:00,0.1742,0.1749,0.1742,0.1745,520935.3
2026-06-16 15:10:00,0.1745,0.1748,0.1744,0.1747,248107.8
2026-06-16 15:15:00,0.1748,0.1749,0.1742,0.1744,655533.1
2026-06-16 15:20:00,0.1743,0.1743,0.174,0.1743,292845.0
2026-06-16 15:25:00,0.1743,0.1745,0.1739,0.1745,335946.0
2026-06-16 15:30:00,0.1745,0.1747,0.174,0.1742,164751.5
2026-06-16 15:35:00,0.1742,0.1748,0.1739,0.1742,1215576.1
2026-06-16 15:40:00,0.1743,0.1745,0.1738,0.1739,388201.9
2026-06-16 15:45:00,0.1739,0.1739,0.1733,0.1738,742844.7
2026-06-16 15:50:00,0.1739,0.1744,0.1738,0.1743,318821.2
2026-06-16 15:55:00,0.1742,0.1747,0.1741,0.1741,211418.1
2026-06-16 16:00:00,0.1741,0.1746,0.1739,0.1743,268061.0
2026-06-16 16:05:00,0.1743,0.1745,0.1741,0.1743,765185.7
2026-06-16 16:10:00,0.1744,0.1747,0.1743,0.1746,267922.9
2026-06-16 16:15:00,0.1746,0.1749,0.1745,0.1746,401277.3
2026-06-16 16:20:00,0.1746,0.1747,0.1738,0.1741,1611300.4
2026-06-16 16:25:00,0.1741,0.1742,0.1735,0.1738,1183259.5
2026-06-16 16:30:00,0.1739,0.174,0.1732,0.1733,690317.9
2026-06-16 16:35:00,0.1733,0.1736,0.173,0.1735,285884.5
2026-06-16 16:40:00,0.1736,0.1737,0.1733,0.1736,185455.0
2026-06-16 16:45:00,0.1736,0.1736,0.1729,0.1732,343069.9
2026-06-16 16:50:00,0.1731,0.1734,0.173,0.1732,190092.3
2026-06-16 16:55:00,0.1732,0.1732,0.1729,0.1731,294411.5
2026-06-16 17:00:00,0.1732,0.1737,0.1732,0.1734,285330.7
2026-06-16 17:05:00,0.1733,0.1736,0.1731,0.1733,370065.1
2026-06-16 17:10:00,0.1734,0.1738,0.1733,0.1734,142299.2
2026-06-16 17:15:00,0.1733,0.1741,0.1733,0.1737,160047.2
2026-06-16 17:20:00,0.1737,0.1737,0.173,0.1736,189461.2
2026-06-16 17:25:00,0.1735,0.1737,0.1733,0.1736,269811.8
2026-06-16 17:30:00,0.1735,0.1738,0.1731,0.1737,237290.5
2026-06-16 17:35:00,0.1736,0.1736,0.173,0.173,708226.9
2026-06-16 17:40:00,0.173,0.1735,0.1729,0.1735,366679.3
2026-06-16 17:45:00,0.1734,0.1742,0.173,0.1741,1277012.5
2026-06-16 17:50:00,0.1742,0.1747,0.1742,0.1745,391411.7
2026-06-16 17:55:00,0.1745,0.1747,0.1743,0.1747,317942.0
2026-06-16 18:00:00,0.1747,0.1766,0.1746,0.1762,1436048.4
2026-06-16 18:05:00,0.1761,0.1762,0.1757,0.1759,655260.6
2026-06-16 18:10:00,0.1759,0.1763,0.1757,0.1762,358120.2
2026-06-16 18:15:00,0.1762,0.1762,0.1757,0.1761,290005.1
2026-06-16 18:20:00,0.1762,0.1762,0.1754,0.1758,520412.3
2026-06-16 18:25:00,0.1757,0.1758,0.1749,0.175,1917333.5
2026-06-16 18:30:00,0.1751,0.1756,0.175,0.1755,627461.9
2026-06-16 18:35:00,0.1756,0.1756,0.1748,0.1749,1137092.3
2026-06-16 18:40:00,0.1749,0.1749,0.174,0.1743,915063.5
2026-06-16 18:45:00,0.1744,0.1748,0.1741,0.1748,576159.8
2026-06-16 18:50:00,0.1749,0.175,0.1746,0.1748,305052.5
2026-06-16 18:55:00,0.1748,0.1754,0.1746,0.175,618546.1
2026-06-16 19:00:00,0.1749,0.1749,0.1741,0.1742,365349.4
2026-06-16 19:05:00,0.1743,0.1744,0.174,0.1743,170058.7
2026-06-16 19:10:00,0.1744,0.1744,0.1732,0.1732,1192985.3
2026-06-16 19:15:00,0.1733,0.1733,0.1719,0.1725,2652998.8
2026-06-16 19:20:00,0.1726,0.173,0.1726,0.1729,560315.7
2026-06-16 19:25:00,0.1729,0.1732,0.1727,0.1732,352257.4
2026-06-16 19:30:00,0.1732,0.1741,0.1732,0.1737,1010062.8
2026-06-16 19:35:00,0.1737,0.1738,0.173,0.1732,522820.5
2026-06-16 19:40:00,0.1732,0.1737,0.173,0.1736,484563.2
2026-06-16 19:45:00,0.1736,0.174,0.1735,0.1736,401406.7
2026-06-16 19:50:00,0.1736,0.1738,0.1733,0.1734,1119561.1
2026-06-16 19:55:00,0.1733,0.1733,0.1726,0.1732,477916.2
2026-06-16 20:00:00,0.1733,0.1733,0.1723,0.1724,690425.9
2026-06-16 20:05:00,0.1724,0.173,0.1723,0.173,337676.9
2026-06-16 20:10:00,0.1729,0.1741,0.1729,0.1736,548500.8
2026-06-16 20:15:00,0.1737,0.1742,0.1737,0.1742,532627.5
2026-06-16 20:20:00,0.1743,0.1747,0.1743,0.1746,625986.1
2026-06-16 20:25:00,0.1745,0.1746,0.1743,0.1746,109943.0
2026-06-16 20:30:00,0.1746,0.1748,0.1744,0.1748,452138.5
2026-06-16 20:35:00,0.1748,0.175,0.1745,0.1749,785028.7
2026-06-16 20:40:00,0.175,0.1753,0.1748,0.175,520857.1
2026-06-16 20:45:00,0.175,0.1753,0.1745,0.1751,595514.7
2026-06-16 20:50:00,0.175,0.1756,0.175,0.1752,626524.2
2026-06-16 20:55:00,0.1753,0.1754,0.1749,0.175,228393.3
2026-06-16 21:00:00,0.1751,0.1751,0.1744,0.1746,428541.7
2026-06-16 21:05:00,0.1747,0.1752,0.1742,0.175,646579.8
2026-06-16 21:10:00,0.1749,0.1749,0.1743,0.1746,1037210.7
2026-06-16 21:15:00,0.1745,0.1746,0.1737,0.174,1017183.7
2026-06-16 21:20:00,0.174,0.1741,0.1739,0.1739,79762.0
2026-06-16 21:25:00,0.1738,0.1739,0.1735,0.1738,571071.0
2026-06-16 21:30:00,0.1737,0.1739,0.1735,0.1736,347238.0
2026-06-16 21:35:00,0.1737,0.1737,0.1733,0.1733,317846.5
2026-06-16 21:40:00,0.1734,0.1742,0.1734,0.1742,348118.4
2026-06-16 21:45:00,0.1742,0.1742,0.1737,0.1741,647188.9
2026-06-16 21:50:00,0.1741,0.1742,0.1736,0.1737,208643.6
2026-06-16 21:55:00,0.1738,0.1739,0.1737,0.1738,174863.1
2026-06-16 22:00:00,0.1738,0.1738,0.1734,0.1735,275532.9
2026-06-16 22:05:00,0.1736,0.1738,0.1735,0.1737,133593.9
2026-06-16 22:10:00,0.1738,0.1742,0.1733,0.1735,1853720.1
2026-06-16 22:15:00,0.1735,0.1737,0.1734,0.1737,495120.8
2026-06-16 22:20:00,0.1736,0.1736,0.1731,0.1732,752198.2
2026-06-16 22:25:00,0.1731,0.1734,0.1731,0.1734,290974.6
2026-06-16 22:30:00,0.1734,0.1734,0.1729,0.1731,388433.5
2026-06-16 22:35:00,0.1731,0.1734,0.173,0.1733,190327.6
2026-06-16 22:40:00,0.1733,0.1734,0.173,0.1731,748212.1
2026-06-16 22:45:00,0.1731,0.1731,0.1726,0.1729,868453.0
2026-06-16 22:50:00,0.1729,0.1731,0.1729,0.1731,114231.8
2026-06-16 22:55:00,0.1731,0.1734,0.173,0.1734,158067.2
2026-06-16 23:00:00,0.1734,0.1736,0.173,0.1731,2002572.5
2026-06-16 23:05:00,0.173,0.1731,0.1728,0.1728,374315.0
2026-06-16 23:10:00,0.1729,0.1729,0.1725,0.1728,597485.4
2026-06-16 23:15:00,0.1728,0.1729,0.1722,0.1724,754704.1
2026-06-16 23:20:00,0.1723,0.1723,0.172,0.1721,644865.5
2026-06-16 23:25:00,0.1721,0.1725,0.172,0.1725,132726.3
2026-06-16 23:30:00,0.1725,0.1727,0.1724,0.1727,1237453.5
2026-06-16 23:35:00,0.1727,0.173,0.1727,0.173,243450.1
2026-06-16 23:40:00,0.173,0.173,0.1727,0.1729,225317.8
2026-06-16 23:45:00,0.1728,0.1728,0.1724,0.1724,873403.4
2026-06-16 23:50:00,0.1724,0.1725,0.1721,0.1725,342486.2
2026-06-16 23:55:00,0.1725,0.1725,0.1721,0.1724,629905.1
2026-06-17 00:00:00,0.1723,0.1728,0.1723,0.1723,981709.3
2026-06-17 00:05:00,0.1724,0.1726,0.1722,0.1725,539311.3
2026-06-17 00:10:00,0.1726,0.1729,0.1725,0.1725,632841.2
2026-06-17 00:15:00,0.1724,0.1728,0.1722,0.1728,523830.3
2026-06-17 00:20:00,0.1727,0.1727,0.1723,0.1724,792655.8
2026-06-17 00:25:00,0.1723,0.1725,0.1723,0.1724,306588.4
2026-06-17 00:30:00,0.1724,0.1729,0.1722,0.1728,856464.0
2026-06-17 00:35:00,0.1728,0.173,0.1725,0.1727,391636.8
2026-06-17 00:40:00,0.1727,0.173,0.1726,0.1728,663797.2
2026-06-17 00:45:00,0.1728,0.1733,0.1728,0.1728,467413.0
2026-06-17 00:50:00,0.1728,0.1728,0.1718,0.1719,759915.0
2026-06-17 00:55:00,0.172,0.1723,0.1719,0.172,527848.3
2026-06-17 01:00:00,0.172,0.1727,0.1716,0.1724,627469.4
2026-06-17 01:05:00,0.1723,0.1729,0.1721,0.1726,368854.4
2026-06-17 01:10:00,0.1725,0.1728,0.1723,0.1725,1038560.4
2026-06-17 01:15:00,0.1725,0.1725,0.1718,0.1719,590382.2
2026-06-17 01:20:00,0.1719,0.172,0.171,0.1718,1204030.2
2026-06-17 01:25:00,0.1717,0.1718,0.1716,0.1718,276537.7
2026-06-17 01:30:00,0.1718,0.1718,0.1713,0.1715,444857.4
2026-06-17 01:35:00,0.1715,0.1721,0.1714,0.172,700290.0
2026-06-17 01:40:00,0.172,0.1728,0.172,0.1724,301737.4
2026-06-17 01:45:00,0.1725,0.1735,0.1724,0.1735,473959.2
2026-06-17 01:50:00,0.1735,0.1739,0.1731,0.1736,1190672.8
2026-06-17 01:55:00,0.1737,0.174,0.1736,0.1736,490740.5
2026-06-17 02:00:00,0.1736,0.1738,0.1733,0.1734,1110922.7
2026-06-17 02:05:00,0.1734,0.1736,0.1734,0.1734,326808.9
2026-06-17 02:10:00,0.1733,0.1737,0.1733,0.1736,406491.9
2026-06-17 02:15:00,0.1736,0.1739,0.1735,0.1737,379696.4
2026-06-17 02:20:00,0.1736,0.175,0.1736,0.1748,2061544.3
2026-06-17 02:25:00,0.1749,0.1749,0.1744,0.1748,640670.8
2026-06-17 02:30:00,0.1749,0.1749,0.1742,0.1742,627749.5
2026-06-17 02:35:00,0.1741,0.1743,0.1734,0.1734,1006075.2
2026-06-17 02:40:00,0.1734,0.174,0.1734,0.1739,245842.1
2026-06-17 02:45:00,0.174,0.174,0.1737,0.174,174615.7
2026-06-17 02:50:00,0.174,0.1742,0.1738,0.174,208382.2
2026-06-17 02:55:00,0.174,0.1744,0.174,0.1744,197341.2
2026-06-17 03:00:00,0.1744,0.1744,0.174,0.1743,392220.2
2026-06-17 03:05:00,0.1742,0.1745,0.174,0.174,1316699.4
2026-06-17 03:10:00,0.1739,0.1739,0.1737,0.1737,148292.4
2026-06-17 03:15:00,0.1737,0.1738,0.1731,0.1734,1033724.1
2026-06-17 03:20:00,0.1734,0.1735,0.1731,0.1732,336355.4
2026-06-17 03:25:00,0.1731,0.1734,0.1729,0.1733,466345.4
2026-06-17 03:30:00,0.1733,0.1738,0.1733,0.1736,474807.7
2026-06-17 03:35:00,0.1736,0.1736,0.1732,0.1732,82634.2
2026-06-17 03:40:00,0.1732,0.1732,0.1727,0.1728,290827.4
2026-06-17 03:45:00,0.1728,0.1729,0.1724,0.1726,542179.6
2026-06-17 03:50:00,0.1726,0.173,0.1726,0.173,170559.7
2026-06-17 03:55:00,0.173,0.1731,0.1728,0.173,170886.8
2026-06-17 04:00:00,0.1731,0.1735,0.173,0.1735,470986.7
2026-06-17 04:05:00,0.1735,0.1736,0.1731,0.1732,219068.2
2026-06-17 04:10:00,0.1733,0.1737,0.1729,0.173,364520.9
2026-06-17 04:15:00,0.1729,0.1731,0.1726,0.1727,107194.2
2026-06-17 04:20:00,0.1727,0.1732,0.1725,0.1731,191276.6
2026-06-17 04:25:00,0.1731,0.1732,0.1729,0.1732,344127.9
2026-06-17 04:30:00,0.1731,0.1734,0.1729,0.1734,626841.5
2026-06-17 04:35:00,0.1733,0.1736,0.1732,0.1734,190933.8
2026-06-17 04:40:00,0.1734,0.1734,0.173,0.173,158785.6
2026-06-17 04:45:00,0.1731,0.1737,0.173,0.1737,257827.9
2026-06-17 04:50:00,0.1737,0.1738,0.173,0.1731,222622.3
2026-06-17 04:55:00,0.173,0.1731,0.1729,0.1729,118169.3
2026-06-17 05:00:00,0.1729,0.173,0.1725,0.173,685162.5
2026-06-17 05:05:00,0.1731,0.1732,0.1724,0.1724,292440.9
2026-06-17 05:10:00,0.1723,0.1727,0.1723,0.1726,342481.7
2026-06-17 05:15:00,0.1726,0.1726,0.1721,0.1721,520922.6
2026-06-17 05:20:00,0.1721,0.1724,0.1719,0.1724,340777.1
2026-06-17 05:25:00,0.1724,0.1732,0.1724,0.1729,647772.9
2026-06-17 05:30:00,0.1728,0.173,0.1726,0.1729,147178.2
2026-06-17 05:35:00,0.173,0.173,0.1728,0.1729,102746.0
2026-06-17 05:40:00,0.173,0.1733,0.173,0.1732,209635.4
2026-06-17 05:45:00,0.1732,0.1734,0.1728,0.1729,332344.1
2026-06-17 05:50:00,0.1729,0.173,0.1724,0.1724,139177.0
2026-06-17 05:55:00,0.1725,0.1729,0.1723,0.1727,275054.1
2026-06-17 06:00:00,0.1728,0.1729,0.1725,0.1727,433377.2
2026-06-17 06:05:00,0.1727,0.1729,0.1726,0.1728,299945.5
2026-06-17 06:10:00,0.1728,0.173,0.1726,0.1729,338733.0
2026-06-17 06:15:00,0.1729,0.1731,0.1726,0.173,491727.1
2026-06-17 06:20:00,0.173,0.1731,0.1728,0.1728,133834.4
2026-06-17 06:25:00,0.1727,0.1728,0.1718,0.1718,468615.2
2026-06-17 06:30:00,0.1718,0.1719,0.1713,0.1718,803901.1
2026-06-17 06:35:00,0.1718,0.1721,0.1715,0.1716,537263.0
2026-06-17 06:40:00,0.1716,0.1716,0.1713,0.1715,370333.1
2026-06-17 06:45:00,0.1715,0.1717,0.1712,0.1716,660058.9
2026-06-17 06:50:00,0.1716,0.1718,0.1714,0.1714,503318.5
2026-06-17 06:55:00,0.1714,0.1715,0.1712,0.1715,297098.4
2026-06-17 07:00:00,0.1714,0.1714,0.1708,0.171,526307.3
2026-06-17 07:05:00,0.171,0.1715,0.1709,0.1715,1302758.5
2026-06-17 07:10:00,0.1715,0.1719,0.1714,0.1717,578150.3
2026-06-17 07:15:00,0.1718,0.1721,0.1717,0.1717,490653.6
2026-06-17 07:20:00,0.1717,0.1717,0.1711,0.1711,629488.9
2026-06-17 07:25:00,0.1711,0.1712,0.171,0.171,590390.3
2026-06-17 07:30:00,0.1711,0.1711,0.1705,0.1707,1584214.3
2026-06-17 07:35:00,0.1708,0.1713,0.1707,0.171,872324.9
2026-06-17 07:40:00,0.1709,0.1713,0.1709,0.1712,656568.2
2026-06-17 07:45:00,0.1711,0.1714,0.1709,0.1711,451623.5
2026-06-17 07:50:00,0.1711,0.1713,0.1703,0.1703,1289357.9
2026-06-17 07:55:00,0.1704,0.1714,0.1703,0.1713,1513799.5
2026-06-17 08:00:00,0.1713,0.1714,0.1706,0.1708,2206740.9
2026-06-17 08:05:00,0.1709,0.171,0.1706,0.1706,954768.4
2026-06-17 08:10:00,0.1706,0.1706,0.17,0.1702,731434.7
2026-06-17 08:15:00,0.1702,0.1703,0.1698,0.1701,1666433.5
2026-06-17 08:20:00,0.1701,0.1703,0.1696,0.1701,1140539.3
2026-06-17 08:25:00,0.1701,0.1703,0.17,0.1701,759982.9
2026-06-17 08:30:00,0.17,0.17,0.1695,0.1696,1605383.7
2026-06-17 08:35:00,0.1696,0.1698,0.1691,0.1692,2239626.9
2026-06-17 08:40:00,0.1692,0.1695,0.1689,0.1691,1390930.4
2026-06-17 08:45:00,0.169,0.1695,0.1689,0.1691,817006.2
2026-06-17 08:50:00,0.1692,0.1693,0.1686,0.1692,1024705.5
2026-06-17 08:55:00,0.1691,0.1697,0.169,0.1691,887465.2
2026-06-17 09:00:00,0.169,0.1693,0.1689,0.169,905171.2
2026-06-17 09:05:00,0.169,0.1691,0.1688,0.169,1344364.9
2026-06-17 09:10:00,0.1691,0.1694,0.169,0.1692,551070.2
2026-06-17 09:15:00,0.1692,0.1695,0.169,0.1694,497955.4
2026-06-17 09:20:00,0.1694,0.1695,0.1686,0.1689,692195.1
2026-06-17 09:25:00,0.1688,0.1692,0.1688,0.169,330187.6
2026-06-17 09:30:00,0.169,0.1691,0.1688,0.169,264625.5
2026-06-17 09:35:00,0.1691,0.1694,0.1689,0.1693,520928.4
2026-06-17 09:40:00,0.1693,0.1696,0.1692,0.1696,518859.0
2026-06-17 09:45:00,0.1695,0.1697,0.1693,0.1696,725946.3
2026-06-17 09:50:00,0.1697,0.1698,0.1689,0.1689,429359.7
2026-06-17 09:55:00,0.169,0.1693,0.1688,0.1693,473347.0
2026-06-17 10:00:00,0.1693,0.1695,0.1689,0.1689,382343.5
2026-06-17 10:05:00,0.169,0.1693,0.1689,0.1692,181554.8
2026-06-17 10:10:00,0.1692,0.1698,0.1692,0.1694,201074.0
2026-06-17 10:15:00,0.1694,0.1695,0.169,0.169,482356.1
2026-06-17 10:20:00,0.169,0.1696,0.1688,0.1695,433520.3
2026-06-17 10:25:00,0.1695,0.1695,0.1692,0.1694,124763.7
2026-06-17 10:30:00,0.1694,0.1697,0.1693,0.1695,158117.9
2026-06-17 10:35:00,0.1695,0.1695,0.1691,0.1691,231830.3
2026-06-17 10:40:00,0.1691,0.1693,0.1689,0.1692,77463.7
2026-06-17 10:45:00,0.1692,0.1694,0.1691,0.1692,218281.1
2026-06-17 10:50:00,0.1693,0.1695,0.1691,0.1692,303496.4
2026-06-17 10:55:00,0.1692,0.1692,0.169,0.1692,271413.4
2026-06-17 11:00:00,0.1692,0.1694,0.1684,0.1686,743580.9
2026-06-17 11:05:00,0.1685,0.1688,0.1678,0.1687,1418145.6
2026-06-17 11:10:00,0.1687,0.169,0.1686,0.1688,333893.5
2026-06-17 11:15:00,0.1688,0.1689,0.1681,0.1686,290822.2
2026-06-17 11:20:00,0.1686,0.169,0.1684,0.1684,428243.7
2026-06-17 11:25:00,0.1683,0.169,0.1683,0.1688,358276.9
2026-06-17 11:30:00,0.1688,0.1692,0.1687,0.169,379605.2
2026-06-17 11:35:00,0.1689,0.1691,0.1688,0.1689,358472.0
2026-06-17 11:40:00,0.1689,0.1693,0.1689,0.1692,388362.2
2026-06-17 11:45:00,0.1693,0.1695,0.1692,0.1693,418710.2
2026-06-17 11:50:00,0.1693,0.1695,0.1691,0.1691,357857.3
2026-06-17 11:55:00,0.1692,0.1693,0.1688,0.1688,132629.8
2026-06-17 12:00:00,0.1689,0.169,0.1684,0.1688,381979.1
2026-06-17 12:05:00,0.1689,0.1692,0.1689,0.1692,279672.3
2026-06-17 12:10:00,0.1691,0.1693,0.1689,0.1693,132939.2
2026-06-17 12:15:00,0.1692,0.1693,0.1688,0.169,477337.5
2026-06-17 12:20:00,0.169,0.169,0.1679,0.1682,1704087.6
2026-06-17 12:25:00,0.1681,0.1683,0.1678,0.1679,490819.8
2026-06-17 12:30:00,0.1679,0.1685,0.1674,0.1683,841289.8
2026-06-17 12:35:00,0.1683,0.1687,0.1683,0.1685,565457.0
2026-06-17 12:40:00,0.1685,0.1691,0.1683,0.169,492292.6
2026-06-17 12:45:00,0.169,0.1694,0.169,0.169,523656.7
2026-06-17 12:50:00,0.169,0.1691,0.1688,0.1689,116398.3
2026-06-17 12:55:00,0.1689,0.1697,0.1689,0.1695,1676463.6
2026-06-17 13:00:00,0.1694,0.1694,0.169,0.1691,307057.0
2026-06-17 13:05:00,0.1691,0.1693,0.169,0.1692,296526.3
2026-06-17 13:10:00,0.1692,0.1695,0.1691,0.1694,280467.9
2026-06-17 13:15:00,0.1693,0.1694,0.169,0.1692,328774.5
2026-06-17 13:20:00,0.1692,0.1692,0.1687,0.1687,857699.8
2026-06-17 13:25:00,0.1687,0.1689,0.1683,0.1688,2826732.5
2026-06-17 13:30:00,0.1687,0.1689,0.1682,0.1687,1522557.2
2026-06-17 13:35:00,0.1687,0.1695,0.1685,0.169,1887615.3
2026-06-17 13:40:00,0.1691,0.1693,0.1688,0.1693,2090557.6
2026-06-17 13:45:00,0.1694,0.1696,0.169,0.1691,1317951.3
2026-06-17 13:50:00,0.169,0.1691,0.1686,0.1688,1246029.5
2026-06-17 13:55:00,0.1687,0.1688,0.1682,0.1682,1061010.3
2026-06-17 14:00:00,0.1682,0.1684,0.1676,0.1676,1476736.2
2026-06-17 14:05:00,0.1676,0.1684,0.1675,0.1676,1057524.9
2026-06-17 14:10:00,0.1676,0.1688,0.1675,0.1687,2270867.1
2026-06-17 14:15:00,0.1688,0.1693,0.1686,0.1688,1246379.0
2026-06-17 14:20:00,0.1687,0.1688,0.1684,0.1687,896860.1
2026-06-17 14:25:00,0.1687,0.169,0.1684,0.169,959711.9
2026-06-17 14:30:00,0.169,0.1691,0.1687,0.1689,1250031.0
2026-06-17 14:35:00,0.1689,0.1691,0.1687,0.1687,746817.2
2026-06-17 14:40:00,0.1688,0.169,0.1683,0.1686,606262.1
2026-06-17 14:45:00,0.1687,0.1689,0.167,0.168,3919317.7
2026-06-17 14:50:00,0.168,0.1686,0.1679,0.1685,1098731.3
2026-06-17 14:55:00,0.1684,0.1684,0.1678,0.168,615057.2
2026-06-17 15:00:00,0.1679,0.1686,0.1679,0.1685,704280.6
2026-06-17 15:05:00,0.1684,0.1685,0.1678,0.1678,550221.7
2026-06-17 15:10:00,0.1678,0.1685,0.1678,0.1685,609909.5
2026-06-17 15:15:00,0.1684,0.169,0.1682,0.1684,1062568.1
2026-06-17 15:20:00,0.1685,0.169,0.1685,0.169,1989090.0
2026-06-17 15:25:00,0.169,0.1693,0.1689,0.1691,881653.1
2026-06-17 15:30:00,0.1691,0.1692,0.1688,0.1692,779205.4
2026-06-17 15:35:00,0.1692,0.1697,0.1689,0.1696,952473.2
2026-06-17 15:40:00,0.1695,0.1696,0.1693,0.1694,1367203.3
2026-06-17 15:45:00,0.1695,0.1702,0.1694,0.1702,1250996.4
2026-06-17 15:50:00,0.1702,0.1707,0.1702,0.1706,1217380.6
2026-06-17 15:55:00,0.1706,0.1715,0.1704,0.1714,596197.9
2026-06-17 16:00:00,0.1714,0.1716,0.1712,0.1715,798788.0
2026-06-17 16:05:00,0.1715,0.1716,0.1711,0.1712,650635.0
2026-06-17 16:10:00,0.1712,0.1716,0.1708,0.1714,1030990.7
2026-06-17 16:15:00,0.1713,0.1719,0.1712,0.1713,516726.8
2026-06-17 16:20:00,0.1713,0.1713,0.1709,0.1713,316097.6
2026-06-17 16:25:00,0.1713,0.1729,0.1713,0.1727,1006245.2
2026-06-17 16:30:00,0.1726,0.1727,0.1713,0.1713,1061422.9
2026-06-17 16:35:00,0.1714,0.1719,0.1713,0.1718,758056.3
2026-06-17 16:40:00,0.1718,0.1718,0.1714,0.1715,466091.4
2026-06-17 16:45:00,0.1714,0.1716,0.1709,0.1711,503525.6
2026-06-17 16:50:00,0.1712,0.1713,0.1707,0.1711,388042.7
2026-06-17 16:55:00,0.1711,0.1712,0.1709,0.171,172681.3
2026-06-17 17:00:00,0.1711,0.1712,0.1708,0.171,211519.1
2026-06-17 17:05:00,0.1709,0.1713,0.1704,0.1707,1451221.0
2026-06-17 17:10:00,0.1706,0.1708,0.1705,0.1705,326747.9
2026-06-17 17:15:00,0.1704,0.171,0.1704,0.171,153809.1
2026-06-17 17:20:00,0.171,0.1716,0.1708,0.1716,297320.7
2026-06-17 17:25:00,0.1717,0.1719,0.1716,0.1717,137990.3
2026-06-17 17:30:00,0.1718,0.1721,0.1717,0.1719,644613.4
2026-06-17 17:35:00,0.1718,0.1718,0.1709,0.171,720893.8
2026-06-17 17:40:00,0.171,0.1713,0.1707,0.1708,778065.0
2026-06-17 17:45:00,0.1709,0.1709,0.1705,0.1707,1238173.6
2026-06-17 17:50:00,0.1707,0.1722,0.1707,0.1719,887136.8
2026-06-17 17:55:00,0.172,0.1725,0.1718,0.1724,990301.5
2026-06-17 18:00:00,0.1724,0.1724,0.1689,0.169,9840978.3
2026-06-17 18:05:00,0.1691,0.1696,0.1675,0.1696,3496341.7
2026-06-17 18:10:00,0.1695,0.1698,0.1688,0.1691,773966.6
2026-06-17 18:15:00,0.1691,0.1693,0.1684,0.1691,648504.9
2026-06-17 18:20:00,0.1691,0.1693,0.1685,0.1685,840370.4
2026-06-17 18:25:00,0.1685,0.1688,0.1682,0.1686,515080.2
2026-06-17 18:30:00,0.1687,0.1695,0.168,0.1682,2936323.0
2026-06-17 18:35:00,0.1682,0.1702,0.1682,0.1698,841056.9
2026-06-17 18:40:00,0.1698,0.1719,0.1698,0.1717,2068599.0
2026-06-17 18:45:00,0.1716,0.1716,0.1707,0.1712,1786084.3
2026-06-17 18:50:00,0.1712,0.1717,0.171,0.1711,899656.7
2026-06-17 18:55:00,0.171,0.171,0.1694,0.1697,725945.3
2026-06-17 19:00:00,0.1696,0.1701,0.1691,0.1694,447499.7
2026-06-17 19:05:00,0.1694,0.1695,0.1687,0.1689,679095.1
2026-06-17 19:10:00,0.1689,0.17,0.1684,0.1699,1169967.8
2026-06-17 19:15:00,0.1699,0.17,0.1676,0.1676,1134945.6
2026-06-17 19:20:00,0.1676,0.168,0.1664,0.1667,3014288.8
2026-06-17 19:25:00,0.1667,0.1679,0.1656,0.1665,1972706.6
2026-06-17 19:30:00,0.1664,0.167,0.1658,0.1664,957279.8
2026-06-17 19:35:00,0.1664,0.1672,0.1659,0.166,1050253.7
2026-06-17 19:40:00,0.166,0.1661,0.1648,0.1653,2160205.5
2026-06-17 19:45:00,0.1653,0.1662,0.1651,0.1661,2318584.7
2026-06-17 19:50:00,0.166,0.1668,0.1652,0.1657,3591964.1
2026-06-17 19:55:00,0.1657,0.1664,0.1653,0.1656,1109056.5
2026-06-17 20:00:00,0.1655,0.1663,0.1651,0.1663,1364328.4
2026-06-17 20:05:00,0.1662,0.1665,0.1659,0.1663,1155761.0
2026-06-17 20:10:00,0.1664,0.167,0.1662,0.1662,927213.7
2026-06-17 20:15:00,0.1662,0.1669,0.1662,0.1668,543854.9
2026-06-17 20:20:00,0.1669,0.167,0.1666,0.1669,261713.8
2026-06-17 20:25:00,0.167,0.1673,0.1668,0.167,299495.9
2026-06-17 20:30:00,0.167,0.1675,0.1669,0.1671,231173.6
2026-06-17 20:35:00,0.1671,0.1675,0.1667,0.1667,512249.3
2026-06-17 20:40:00,0.1667,0.1668,0.166,0.1662,471832.8
2026-06-17 20:45:00,0.1661,0.1666,0.1659,0.1665,375856.2
2026-06-17 20:50:00,0.1665,0.1667,0.1662,0.1663,191451.8
2026-06-17 20:55:00,0.1663,0.1675,0.1663,0.1673,696289.0
2026-06-17 21:00:00,0.1672,0.1673,0.1669,0.1673,402829.9
2026-06-17 21:05:00,0.1673,0.1673,0.1668,0.1671,437356.0
2026-06-17 21:10:00,0.1671,0.1673,0.1667,0.1667,286448.8
2026-06-17 21:15:00,0.1666,0.167,0.1666,0.1669,246824.4
2026-06-17 21:20:00,0.167,0.1673,0.1667,0.1667,333302.6
2026-06-17 21:25:00,0.1667,0.1669,0.1666,0.1668,281524.1
2026-06-17 21:30:00,0.1668,0.1669,0.1666,0.1669,151863.0
2026-06-17 21:35:00,0.167,0.1672,0.167,0.1672,185102.0
2026-06-17 21:40:00,0.1671,0.1671,0.1662,0.1663,388161.1
2026-06-17 21:45:00,0.1663,0.1664,0.1656,0.1659,480774.6
2026-06-17 21:50:00,0.1659,0.166,0.1657,0.1659,158727.7
2026-06-17 21:55:00,0.1659,0.1661,0.1656,0.1661,236458.1
2026-06-17 22:00:00,0.1661,0.1662,0.1637,0.1646,3924152.3
2026-06-17 22:05:00,0.1645,0.1657,0.1645,0.1655,1144740.2
2026-06-17 22:10:00,0.1655,0.1662,0.1655,0.1656,477736.4
2026-06-17 22:15:00,0.1656,0.1664,0.1654,0.1664,623372.1
2026-06-17 22:20:00,0.1664,0.1666,0.1661,0.1664,386637.1
2026-06-17 22:25:00,0.1665,0.1669,0.1665,0.1669,850517.3
2026-06-17 22:30:00,0.1668,0.1671,0.1666,0.1671,984205.7
2026-06-17 22:35:00,0.1671,0.1674,0.1666,0.1667,355296.6
2026-06-17 22:40:00,0.1667,0.1671,0.1665,0.1667,191205.1
2026-06-17 22:45:00,0.1667,0.1672,0.1667,0.1671,529855.2
2026-06-17 22:50:00,0.167,0.1673,0.167,0.1671,295607.6
2026-06-17 22:55:00,0.1671,0.1671,0.1667,0.1667,120437.1
2026-06-17 23:00:00,0.1667,0.1671,0.1666,0.167,131946.6
2026-06-17 23:05:00,0.167,0.167,0.1665,0.1667,296309.6
2026-06-17 23:10:00,0.1667,0.1671,0.1665,0.1666,956865.2
2026-06-17 23:15:00,0.1667,0.1672,0.1666,0.1672,363963.4
2026-06-17 23:20:00,0.1672,0.1674,0.1668,0.167,225338.8
2026-06-17 23:25:00,0.1671,0.1672,0.1669,0.167,191806.9
2026-06-17 23:30:00,0.167,0.167,0.1667,0.1667,251583.0
2026-06-17 23:35:00,0.1667,0.1668,0.1666,0.1667,358569.2
2026-06-17 23:40:00,0.1667,0.1668,0.1664,0.1667,435254.0
2026-06-17 23:45:00,0.1667,0.1668,0.1663,0.1666,433462.5
2026-06-17 23:50:00,0.1667,0.167,0.1666,0.167,144914.9
2026-06-17 23:55:00,0.167,0.167,0.1667,0.1669,256856.2
2026-06-18 00:00:00,0.1669,0.1674,0.1667,0.1674,212452.3
2026-06-18 00:05:00,0.1674,0.1676,0.1674,0.1675,363354.7
2026-06-18 00:10:00,0.1676,0.1677,0.1673,0.1675,403753.6
2026-06-18 00:15:00,0.1675,0.1676,0.1673,0.1675,62039.3
2026-06-18 00:20:00,0.1675,0.1675,0.1671,0.1673,287579.4
2026-06-18 00:25:00,0.1672,0.1675,0.1671,0.1674,55467.3
2026-06-18 00:30:00,0.1674,0.168,0.1673,0.1675,522904.7
2026-06-18 00:35:00,0.1675,0.1676,0.1673,0.1675,130890.5
2026-06-18 00:40:00,0.1674,0.1676,0.1672,0.1676,186043.7
2026-06-18 00:45:00,0.1676,0.1679,0.1676,0.1679,236360.0
2026-06-18 00:50:00,0.1679,0.1679,0.1674,0.1674,298612.3
2026-06-18 00:55:00,0.1674,0.1675,0.1671,0.1672,175558.2
2026-06-18 01:00:00,0.1671,0.1679,0.1671,0.1679,139093.1
2026-06-18 01:05:00,0.1679,0.1682,0.1677,0.1681,195876.3
2026-06-18 01:10:00,0.168,0.1684,0.168,0.1681,721947.7
2026-06-18 01:15:00,0.1682,0.1682,0.1679,0.168,72378.9
2026-06-18 01:20:00,0.168,0.1684,0.168,0.1682,216207.0
2026-06-18 01:25:00,0.1681,0.1683,0.1681,0.1682,137348.2
2026-06-18 01:30:00,0.1682,0.1684,0.1681,0.1682,183248.9
2026-06-18 01:35:00,0.1682,0.1682,0.168,0.168,47785.0
2026-06-18 01:40:00,0.1681,0.1681,0.1677,0.1678,214640.6
2026-06-18 01:45:00,0.1678,0.1679,0.1675,0.1678,117590.3
2026-06-18 01:50:00,0.1678,0.1679,0.1675,0.1679,135414.0
2026-06-18 01:55:00,0.1678,0.1681,0.1678,0.1679,233369.8
2026-06-18 02:00:00,0.168,0.1683,0.168,0.1683,397014.6
2026-06-18 02:05:00,0.1683,0.1685,0.1681,0.1682,335291.7
2026-06-18 02:10:00,0.1682,0.1682,0.1679,0.1679,163097.0
2026-06-18 02:15:00,0.1679,0.168,0.1676,0.168,117652.0
2026-06-18 02:20:00,0.168,0.1685,0.168,0.1684,441040.0
2026-06-18 02:25:00,0.1685,0.1687,0.1685,0.1686,196470.4
2026-06-18 02:30:00,0.1687,0.1687,0.1682,0.1683,76757.8
2026-06-18 02:35:00,0.1683,0.1686,0.1682,0.1686,106449.3
2026-06-18 02:40:00,0.1685,0.1689,0.1685,0.1686,198240.8
2026-06-18 02:45:00,0.1686,0.1688,0.1685,0.1686,115839.3
2026-06-18 02:50:00,0.1686,0.1686,0.1683,0.1683,72666.6
2026-06-18 02:55:00,0.1684,0.1686,0.1683,0.1685,423832.9
2026-06-18 03:00:00,0.1686,0.1686,0.1682,0.1684,146209.9
2026-06-18 03:05:00,0.1684,0.1687,0.1684,0.1685,409787.8
2026-06-18 03:10:00,0.1684,0.1685,0.1681,0.1682,43180.1
2026-06-18 03:15:00,0.1681,0.1682,0.168,0.168,80296.3
2026-06-18 03:20:00,0.168,0.1681,0.1674,0.1674,116852.8
2026-06-18 03:25:00,0.1674,0.1675,0.1668,0.167,311998.5
2026-06-18 03:30:00,0.1669,0.1672,0.1668,0.167,243385.9
2026-06-18 03:35:00,0.167,0.1671,0.1666,0.1669,186242.0
2026-06-18 03:40:00,0.1669,0.167,0.1665,0.1667,703150.8
2026-06-18 03:45:00,0.1666,0.1672,0.1666,0.167,435597.9
2026-06-18 03:50:00,0.1671,0.1673,0.167,0.1672,86485.4
2026-06-18 03:55:00,0.1672,0.1672,0.1668,0.1669,145320.2
2026-06-18 04:00:00,0.1669,0.167,0.1661,0.1663,364636.9
2026-06-18 04:05:00,0.1663,0.1667,0.166,0.1663,1593917.1
2026-06-18 04:10:00,0.1663,0.1663,0.1654,0.1658,941534.1
2026-06-18 04:15:00,0.1658,0.1663,0.1654,0.1654,446036.3
2026-06-18 04:20:00,0.1654,0.166,0.1651,0.1659,480393.2
2026-06-18 04:25:00,0.1658,0.1662,0.1657,0.1659,208357.5
2026-06-18 04:30:00,0.1658,0.166,0.1656,0.1658,327072.9
2026-06-18 04:35:00,0.1659,0.166,0.1657,0.1657,136706.9
2026-06-18 04:40:00,0.1657,0.1659,0.1656,0.1658,187172.8
2026-06-18 04:45:00,0.1657,0.1658,0.1654,0.1656,158832.0
2026-06-18 04:50:00,0.1657,0.1659,0.1654,0.1659,195690.9
2026-06-18 04:55:00,0.1659,0.166,0.1655,0.1655,272019.6
2026-06-18 05:00:00,0.1655,0.1656,0.1644,0.1645,882449.9
2026-06-18 05:05:00,0.1646,0.1648,0.1641,0.1644,2258810.3
2026-06-18 05:10:00,0.1645,0.1652,0.1645,0.1647,589004.4
2026-06-18 05:15:00,0.1648,0.1649,0.1643,0.1647,513802.0
2026-06-18 05:20:00,0.1647,0.1648,0.1645,0.1647,412830.3
2026-06-18 05:25:00,0.1646,0.1651,0.1645,0.1647,162412.9
2026-06-18 05:30:00,0.1648,0.1652,0.1641,0.1644,760753.1
2026-06-18 05:35:00,0.1645,0.1648,0.1639,0.1643,439379.8
2026-06-18 05:40:00,0.1644,0.1646,0.1644,0.1644,290318.2
2026-06-18 05:45:00,0.1644,0.1647,0.1644,0.1645,375695.9
2026-06-18 05:50:00,0.1646,0.1646,0.1643,0.1645,206849.7
2026-06-18 05:55:00,0.1646,0.1651,0.1646,0.165,39432.2
2026-06-18 06:00:00,0.1651,0.1654,0.1646,0.1653,244161.5
2026-06-18 06:05:00,0.1653,0.1653,0.1647,0.1648,338504.9
2026-06-18 06:10:00,0.1647,0.1649,0.1645,0.1649,180573.2
2026-06-18 06:15:00,0.1649,0.1651,0.1644,0.1645,292818.6
2026-06-18 06:20:00,0.1645,0.165,0.1645,0.1647,273740.0
2026-06-18 06:25:00,0.1648,0.1649,0.1646,0.1647,211922.3
2026-06-18 06:30:00,0.1648,0.1651,0.1648,0.1649,371136.3
2026-06-18 06:35:00,0.1649,0.165,0.1648,0.1648,108625.1
2026-06-18 06:40:00,0.1648,0.1653,0.1648,0.1652,90259.1
2026-06-18 06:45:00,0.1652,0.1654,0.1651,0.1654,361035.3
2026-06-18 06:50:00,0.1654,0.1657,0.1653,0.1654,486817.3
2026-06-18 06:55:00,0.1654,0.1658,0.1654,0.1655,235010.4
2026-06-18 07:00:00,0.1655,0.1656,0.165,0.1653,144382.3
2026-06-18 07:05:00,0.1653,0.1653,0.1651,0.1652,51442.4
2026-06-18 07:10:00,0.1652,0.1654,0.1649,0.1654,322535.4
2026-06-18 07:15:00,0.1653,0.1658,0.1652,0.1657,346873.4
2026-06-18 07:20:00,0.1658,0.1664,0.1657,0.1663,295969.1
2026-06-18 07:25:00,0.1663,0.1668,0.1662,0.1667,443465.1
2026-06-18 07:30:00,0.1667,0.1667,0.1664,0.1665,223912.7
2026-06-18 07:35:00,0.1666,0.1671,0.1665,0.1669,257938.3
2026-06-18 07:40:00,0.1669,0.1671,0.1668,0.167,529138.8
2026-06-18 07:45:00,0.1669,0.1673,0.1667,0.167,1178306.2
2026-06-18 07:50:00,0.1671,0.1671,0.1668,0.1669,1033857.5
2026-06-18 07:55:00,0.1668,0.1669,0.1666,0.1669,53753.1
2026-06-18 08:00:00,0.1669,0.1669,0.1663,0.1663,209041.2
2026-06-18 08:05:00,0.1663,0.1673,0.1663,0.1672,563471.1
2026-06-18 08:10:00,0.1672,0.1673,0.1667,0.1669,383036.9
2026-06-18 08:15:00,0.1669,0.1671,0.1668,0.1669,88077.4
2026-06-18 08:20:00,0.167,0.1671,0.1667,0.1671,109805.4
2026-06-18 08:25:00,0.1671,0.1673,0.167,0.1673,115310.6
2026-06-18 08:30:00,0.1673,0.1675,0.1672,0.1672,151794.2
2026-06-18 08:35:00,0.1672,0.1674,0.167,0.1671,194307.1
2026-06-18 08:40:00,0.1671,0.1671,0.1669,0.167,128464.5
2026-06-18 08:45:00,0.1671,0.1673,0.167,0.1672,163033.2
2026-06-18 08:50:00,0.1672,0.1673,0.1669,0.1669,378774.5
2026-06-18 08:55:00,0.1669,0.1671,0.1666,0.1667,618822.6
2026-06-18 09:00:00,0.1667,0.167,0.1664,0.1669,130141.3
2026-06-18 09:05:00,0.1669,0.1671,0.1668,0.1671,82323.5
2026-06-18 09:10:00,0.167,0.167,0.1667,0.1669,352358.6
2026-06-18 09:15:00,0.167,0.1673,0.167,0.1672,262895.4
2026-06-18 09:20:00,0.1673,0.1673,0.1672,0.1673,78913.5
2026-06-18 09:25:00,0.1672,0.1672,0.1665,0.1665,385617.8
2026-06-18 09:30:00,0.1666,0.1669,0.1663,0.1668,317468.8
2026-06-18 09:35:00,0.1668,0.167,0.1665,0.1669,170253.5
2026-06-18 09:40:00,0.1669,0.1673,0.1668,0.1672,1240150.5
2026-06-18 09:45:00,0.1673,0.1675,0.1673,0.1674,120755.4
2026-06-18 09:50:00,0.1674,0.1674,0.1672,0.1673,265792.8
2026-06-18 09:55:00,0.1672,0.1674,0.167,0.1673,317566.2
2026-06-18 10:00:00,0.1673,0.1674,0.1669,0.167,477380.4
2026-06-18 10:05:00,0.167,0.167,0.1661,0.1663,718197.2
2026-06-18 10:10:00,0.1662,0.1663,0.1661,0.1661,265089.0
2026-06-18 10:15:00,0.1661,0.1664,0.166,0.166,441278.1
2026-06-18 10:20:00,0.1661,0.1665,0.1661,0.1663,554375.1
2026-06-18 10:25:00,0.1663,0.1668,0.1661,0.1667,553162.1
2026-06-18 10:30:00,0.1666,0.1669,0.1666,0.1669,302784.7
2026-06-18 10:35:00,0.1668,0.1669,0.1665,0.1667,502450.2
2026-06-18 10:40:00,0.1667,0.1668,0.1665,0.1666,289011.6
2026-06-18 10:45:00,0.1666,0.1666,0.1664,0.1666,310513.2
2026-06-18 10:50:00,0.1666,0.1672,0.1665,0.1668,345173.0
2026-06-18 10:55:00,0.1668,0.1669,0.1666,0.1666,386070.1
2026-06-18 11:00:00,0.1665,0.1669,0.1665,0.1666,193818.2
2026-06-18 11:05:00,0.1667,0.1667,0.1662,0.1663,235978.3
2026-06-18 11:10:00,0.1662,0.1662,0.1658,0.1661,419479.9
2026-06-18 11:15:00,0.1661,0.1663,0.1658,0.1658,820117.8
2026-06-18 11:20:00,0.1658,0.1658,0.165,0.1653,1047205.8
2026-06-18 11:25:00,0.1653,0.1657,0.1652,0.1654,416923.2
2026-06-18 11:30:00,0.1654,0.1657,0.1652,0.1656,220326.8
2026-06-18 11:35:00,0.1657,0.1657,0.1652,0.1654,340648.2
2026-06-18 11:40:00,0.1653,0.1653,0.1647,0.1652,881178.0
2026-06-18 11:45:00,0.1652,0.1654,0.1646,0.1647,384072.8
2026-06-18 11:50:00,0.1648,0.165,0.1647,0.1649,360163.4
2026-06-18 11:55:00,0.1648,0.1651,0.1648,0.165,187896.9
2026-06-18 12:00:00,0.1651,0.1652,0.165,0.1651,343501.0
2026-06-18 12:05:00,0.1651,0.1651,0.1647,0.165,542752.6
2026-06-18 12:10:00,0.165,0.1652,0.165,0.1651,467748.4
2026-06-18 12:15:00,0.1651,0.1655,0.1651,0.1653,464358.4
2026-06-18 12:20:00,0.1653,0.1657,0.1653,0.1656,544817.3
2026-06-18 12:25:00,0.1656,0.1661,0.1656,0.1659,682800.1
2026-06-18 12:30:00,0.166,0.1663,0.1658,0.1659,907914.1
2026-06-18 12:35:00,0.1659,0.1662,0.1653,0.1654,759711.1
2026-06-18 12:40:00,0.1654,0.1659,0.1654,0.1659,216890.4
2026-06-18 12:45:00,0.1659,0.166,0.1658,0.166,405273.7
2026-06-18 12:50:00,0.166,0.166,0.1655,0.1658,176593.8
2026-06-18 12:55:00,0.1658,0.1661,0.1658,0.1659,643162.3
2026-06-18 13:00:00,0.1659,0.166,0.1655,0.1659,550098.1
2026-06-18 13:05:00,0.1659,0.1662,0.1659,0.1659,196367.4
2026-06-18 13:10:00,0.166,0.1662,0.1658,0.1659,249713.1
2026-06-18 13:15:00,0.166,0.1662,0.1657,0.1659,226906.0
2026-06-18 13:20:00,0.1659,0.1661,0.1656,0.1657,358732.6
2026-06-18 13:25:00,0.1658,0.1665,0.1658,0.1664,716029.6
2026-06-18 13:30:00,0.1663,0.1665,0.1654,0.1656,974389.4
2026-06-18 13:35:00,0.1655,0.1655,0.1644,0.1646,1067536.1
2026-06-18 13:40:00,0.1645,0.1646,0.1639,0.164,658827.8
2026-06-18 13:45:00,0.1639,0.1653,0.1637,0.1652,1174521.9
2026-06-18 13:50:00,0.1652,0.1654,0.165,0.1652,384540.5
2026-06-18 13:55:00,0.1652,0.1654,0.1643,0.1648,512966.3
2026-06-18 14:00:00,0.1649,0.1654,0.1645,0.1649,569405.4
2026-06-18 14:05:00,0.1648,0.1652,0.1645,0.1651,596862.9
2026-06-18 14:10:00,0.1651,0.1651,0.1644,0.1645,304865.4
2026-06-18 14:15:00,0.1645,0.1654,0.164,0.1652,811308.5
2026-06-18 14:20:00,0.1652,0.1662,0.1651,0.1658,449489.2
2026-06-18 14:25:00,0.1657,0.1657,0.165,0.1652,458265.7
2026-06-18 14:30:00,0.1651,0.1656,0.165,0.1651,553923.0
2026-06-18 14:35:00,0.1651,0.1656,0.1646,0.1656,400505.2
2026-06-18 14:40:00,0.1657,0.1657,0.1647,0.1648,153049.8
2026-06-18 14:45:00,0.1648,0.1653,0.1648,0.1653,159610.8
2026-06-18 14:50:00,0.1652,0.1653,0.1639,0.1643,736889.8
2026-06-18 14:55:00,0.1643,0.165,0.1643,0.1647,300595.1
2026-06-18 15:00:00,0.1647,0.1647,0.1635,0.1642,547767.0
2026-06-18 15:05:00,0.1642,0.1643,0.1638,0.1639,142171.6
2026-06-18 15:10:00,0.164,0.1643,0.1638,0.1638,276776.3
2026-06-18 15:15:00,0.1638,0.164,0.1625,0.1632,3888135.8
2026-06-18 15:20:00,0.1633,0.1639,0.1626,0.1627,3330910.0
2026-06-18 15:25:00,0.1626,0.163,0.162,0.1625,2675191.1
2026-06-18 15:30:00,0.1624,0.1629,0.1621,0.1626,659442.4
2026-06-18 15:35:00,0.1626,0.1626,0.1614,0.1618,2877160.7
2026-06-18 15:40:00,0.1618,0.1618,0.1608,0.161,3178208.3
2026-06-18 15:45:00,0.161,0.1614,0.1607,0.161,2086434.6
2026-06-18 15:50:00,0.161,0.1613,0.1602,0.1603,1363525.3
2026-06-18 15:55:00,0.1603,0.1608,0.1598,0.1604,1971466.5
2026-06-18 16:00:00,0.1603,0.1613,0.1602,0.1609,1210225.1
2026-06-18 16:05:00,0.161,0.1615,0.161,0.1614,1106484.5
2026-06-18 16:10:00,0.1614,0.1617,0.1613,0.1613,527492.0
2026-06-18 16:15:00,0.1612,0.1613,0.1601,0.1605,628037.9
2026-06-18 16:20:00,0.1606,0.1614,0.1606,0.1613,778222.9
2026-06-18 16:25:00,0.1613,0.1614,0.1608,0.1609,445265.7
2026-06-18 16:30:00,0.1608,0.161,0.1602,0.1609,1109983.6
2026-06-18 16:35:00,0.1609,0.1611,0.1604,0.161,421659.1
2026-06-18 16:40:00,0.161,0.1613,0.1606,0.1612,600191.8
2026-06-18 16:45:00,0.1612,0.1614,0.161,0.1613,493680.1
2026-06-18 16:50:00,0.1612,0.1624,0.1612,0.1621,799622.4
2026-06-18 16:55:00,0.1622,0.1624,0.162,0.1622,388689.6
2026-06-18 17:00:00,0.1623,0.1625,0.1616,0.1617,390200.6
2026-06-18 17:05:00,0.1618,0.1621,0.1615,0.1615,175514.8
2026-06-18 17:10:00,0.1615,0.1615,0.1608,0.1612,657382.3
2026-06-18 17:15:00,0.1612,0.1616,0.161,0.1615,485473.2
2026-06-18 17:20:00,0.1615,0.1616,0.1606,0.1606,472302.1
2026-06-18 17:25:00,0.1607,0.1615,0.1604,0.1612,1948478.8
2026-06-18 17:30:00,0.1612,0.1621,0.1612,0.1617,989113.2
2026-06-18 17:35:00,0.1617,0.1617,0.161,0.161,273729.5
2026-06-18 17:40:00,0.161,0.1615,0.1609,0.1613,919715.2
2026-06-18 17:45:00,0.1613,0.1614,0.1611,0.1614,333557.2
2026-06-18 17:50:00,0.1613,0.1617,0.1611,0.1611,385037.7
2026-06-18 17:55:00,0.1612,0.1615,0.1609,0.1614,365417.3
2026-06-18 18:00:00,0.1614,0.1616,0.161,0.1612,446373.7
2026-06-18 18:05:00,0.1611,0.1614,0.1611,0.1613,214632.8
2026-06-18 18:10:00,0.1613,0.1614,0.1611,0.1612,241209.7
2026-06-18 18:15:00,0.1611,0.1619,0.1608,0.1617,991174.2
2026-06-18 18:20:00,0.1617,0.1622,0.1617,0.1622,319227.2
2026-06-18 18:25:00,0.1623,0.1624,0.162,0.1621,457799.4
2026-06-18 18:30:00,0.1621,0.1622,0.1618,0.1621,660621.3
2026-06-18 18:35:00,0.162,0.162,0.1615,0.1617,276495.6
2026-06-18 18:40:00,0.1617,0.1624,0.1617,0.1623,120296.0
2026-06-18 18:45:00,0.1624,0.1624,0.1622,0.1624,283222.4
2026-06-18 18:50:00,0.1624,0.1628,0.1621,0.1622,373029.8
2026-06-18 18:55:00,0.1622,0.1624,0.1619,0.1622,312024.3
2026-06-18 19:00:00,0.1622,0.1623,0.1618,0.1618,289360.5
2026-06-18 19:05:00,0.1617,0.1619,0.1616,0.1618,275250.4
2026-06-18 19:10:00,0.1617,0.1618,0.1614,0.1618,272239.9
2026-06-18 19:15:00,0.1618,0.162,0.1617,0.162,195954.7
2026-06-18 19:20:00,0.162,0.1625,0.162,0.1623,173994.8
2026-06-18 19:25:00,0.1624,0.1628,0.1623,0.1624,202150.8
2026-06-18 19:30:00,0.1625,0.1628,0.1624,0.1624,172147.9
2026-06-18 19:35:00,0.1624,0.1627,0.1623,0.1626,379490.6
2026-06-18 19:40:00,0.1626,0.1632,0.1625,0.1631,171719.2
2026-06-18 19:45:00,0.163,0.1633,0.163,0.163,135715.8
2026-06-18 19:50:00,0.1631,0.1634,0.163,0.1634,290074.8
2026-06-18 19:55:00,0.1634,0.1634,0.163,0.163,84807.4
2026-06-18 20:00:00,0.1631,0.164,0.163,0.1639,897817.2
2026-06-18 20:05:00,0.1639,0.164,0.1635,0.1635,225298.6
2026-06-18 20:10:00,0.1635,0.1636,0.1634,0.1636,243468.4
2026-06-18 20:15:00,0.1635,0.1639,0.1634,0.1638,354468.6
2026-06-18 20:20:00,0.1639,0.1641,0.1636,0.1637,206207.5
2026-06-18 20:25:00,0.1638,0.1641,0.1637,0.164,109634.4
2026-06-18 20:30:00,0.164,0.1642,0.1638,0.164,379263.7
2026-06-18 20:35:00,0.164,0.164,0.1636,0.1637,251103.3
2026-06-18 20:40:00,0.1636,0.1638,0.1635,0.1636,309806.1
2026-06-18 20:45:00,0.1636,0.1637,0.1632,0.1633,348730.9
2026-06-18 20:50:00,0.1632,0.1636,0.1632,0.1636,298236.1
2026-06-18 20:55:00,0.1635,0.1636,0.1635,0.1635,70804.1
2026-06-18 21:00:00,0.1635,0.1636,0.1634,0.1634,117727.6
2026-06-18 21:05:00,0.1634,0.1635,0.1631,0.1633,501697.8
2026-06-18 21:10:00,0.1633,0.1634,0.1628,0.1628,317435.2
2026-06-18 21:15:00,0.1628,0.163,0.1624,0.1629,300075.9
2026-06-18 21:20:00,0.1629,0.1631,0.1628,0.163,107336.8
2026-06-18 21:25:00,0.163,0.1631,0.1627,0.163,191340.2
2026-06-18 21:30:00,0.163,0.1633,0.1629,0.1633,45182.1
2026-06-18 21:35:00,0.1633,0.1633,0.1628,0.1629,157843.8
2026-06-18 21:40:00,0.1629,0.1629,0.1627,0.1629,322091.5
2026-06-18 21:45:00,0.1628,0.1629,0.1628,0.1628,74837.3
2026-06-18 21:50:00,0.1629,0.163,0.1627,0.1629,134274.8
2026-06-18 21:55:00,0.1629,0.1634,0.1629,0.1632,190571.8
2026-06-18 22:00:00,0.1632,0.1633,0.1629,0.1629,154786.6
2026-06-18 22:05:00,0.163,0.1631,0.163,0.1631,32979.7
2026-06-18 22:10:00,0.1631,0.1632,0.1628,0.1629,96932.2
2026-06-18 22:15:00,0.163,0.163,0.1626,0.1626,125858.9
2026-06-18 22:20:00,0.1627,0.1629,0.1626,0.1628,311484.8
2026-06-18 22:25:00,0.1627,0.163,0.1627,0.1627,107906.5
2026-06-18 22:30:00,0.1628,0.1628,0.1624,0.1627,183653.7
2026-06-18 22:35:00,0.1627,0.1629,0.1626,0.1628,91325.2
2026-06-18 22:40:00,0.1628,0.163,0.1627,0.163,74322.4
2026-06-18 22:45:00,0.163,0.1633,0.1628,0.1632,942560.2
2026-06-18 22:50:00,0.1633,0.1634,0.1632,0.1632,240448.0
2026-06-18 22:55:00,0.1633,0.1633,0.163,0.1631,211492.8
2026-06-18 23:00:00,0.1631,0.1632,0.1629,0.1629,89579.2
2026-06-18 23:05:00,0.1628,0.163,0.1626,0.1627,248225.7
2026-06-18 23:10:00,0.1627,0.1629,0.1625,0.1625,566309.6
2026-06-18 23:15:00,0.1624,0.1628,0.1624,0.1628,104123.7
2026-06-18 23:20:00,0.1628,0.1629,0.1628,0.1629,53431.8
2026-06-18 23:25:00,0.1629,0.1632,0.1628,0.1632,79205.1
2026-06-18 23:30:00,0.1632,0.1634,0.1632,0.1632,59401.3
2026-06-18 23:35:00,0.1631,0.1633,0.163,0.1633,115120.8
2026-06-18 23:40:00,0.1632,0.1635,0.1632,0.1634,80396.1
2026-06-18 23:45:00,0.1633,0.1634,0.1632,0.1634,88519.3
2026-06-18 23:50:00,0.1634,0.1637,0.1634,0.1637,47032.4
2026-06-18 23:55:00,0.1638,0.1639,0.1636,0.1637,98606.7
2026-06-19 00:00:00,0.1637,0.1637,0.1633,0.1637,245240.6
2026-06-19 00:05:00,0.1636,0.1639,0.1634,0.1635,166163.8
2026-06-19 00:10:00,0.1635,0.1636,0.1634,0.1634,69282.2
2026-06-19 00:15:00,0.1635,0.164,0.1633,0.1639,144264.8
2026-06-19 00:20:00,0.1639,0.164,0.1637,0.164,69941.4
2026-06-19 00:25:00,0.164,0.1643,0.1639,0.164,431602.1
2026-06-19 00:30:00,0.164,0.1642,0.164,0.1642,57904.6
2026-06-19 00:35:00,0.1641,0.1641,0.1639,0.1639,43743.5
2026-06-19 00:40:00,0.164,0.1644,0.164,0.1643,284098.4
2026-06-19 00:45:00,0.1644,0.1644,0.164,0.1642,1004930.9
2026-06-19 00:50:00,0.1642,0.1643,0.1641,0.1641,39539.0
2026-06-19 00:55:00,0.1641,0.1641,0.1638,0.164,105902.1
2026-06-19 01:00:00,0.164,0.1651,0.1638,0.1647,2766376.3
2026-06-19 01:05:00,0.1647,0.165,0.1642,0.1642,493164.3
2026-06-19 01:10:00,0.1642,0.1643,0.1638,0.1641,594346.3
2026-06-19 01:15:00,0.1641,0.1647,0.164,0.1643,254582.4
2026-06-19 01:20:00,0.1643,0.1647,0.1643,0.1645,153641.9
2026-06-19 01:25:00,0.1645,0.1646,0.1641,0.1641,307293.3
2026-06-19 01:30:00,0.1641,0.1643,0.1638,0.1638,399159.0
2026-06-19 01:35:00,0.1638,0.1641,0.1637,0.1639,332823.5
2026-06-19 01:40:00,0.164,0.1643,0.164,0.1642,137082.5
2026-06-19 01:45:00,0.1642,0.1644,0.1641,0.1643,178855.8
2026-06-19 01:50:00,0.1644,0.1647,0.1644,0.1646,160272.7
2026-06-19 01:55:00,0.1646,0.1648,0.1645,0.1646,47440.1
2026-06-19 02:00:00,0.1646,0.1649,0.1644,0.1649,122223.3
2026-06-19 02:05:00,0.1648,0.1649,0.1645,0.1645,131159.9
2026-06-19 02:10:00,0.1645,0.1646,0.1643,0.1644,113915.0
2026-06-19 02:15:00,0.1644,0.1646,0.164,0.164,122263.8
2026-06-19 02:20:00,0.164,0.1641,0.1637,0.164,161683.6
2026-06-19 02:25:00,0.1641,0.1642,0.1636,0.1636,248145.3
2026-06-19 02:30:00,0.1636,0.1638,0.1635,0.1637,224247.6
2026-06-19 02:35:00,0.1638,0.1639,0.1635,0.1637,173821.9
2026-06-19 02:40:00,0.1637,0.1639,0.1637,0.1638,35940.1
2026-06-19 02:45:00,0.1638,0.164,0.1635,0.1639,247789.3
2026-06-19 02:50:00,0.1639,0.1643,0.1638,0.1642,86584.5
2026-06-19 02:55:00,0.1643,0.1644,0.1642,0.1643,41143.3
2026-06-19 03:00:00,0.1644,0.1645,0.1642,0.1642,159555.6
2026-06-19 03:05:00,0.1643,0.1643,0.164,0.1641,117939.8
2026-06-19 03:10:00,0.1641,0.1641,0.1632,0.1633,518415.5
2026-06-19 03:15:00,0.1633,0.1634,0.1611,0.1618,4350048.3
2026-06-19 03:20:00,0.1618,0.1627,0.1616,0.1627,974063.5
2026-06-19 03:25:00,0.1628,0.1628,0.1624,0.1626,266254.5
2026-06-19 03:30:00,0.1626,0.1626,0.1621,0.1622,225351.8
2026-06-19 03:35:00,0.1622,0.1624,0.1619,0.1619,199436.4
2026-06-19 03:40:00,0.162,0.1624,0.1619,0.1623,260881.3
2026-06-19 03:45:00,0.1622,0.1622,0.162,0.1621,137998.7
2026-06-19 03:50:00,0.1621,0.1624,0.1621,0.1624,171530.1
2026-06-19 03:55:00,0.1623,0.1623,0.162,0.1621,122211.0
2026-06-19 04:00:00,0.1622,0.1623,0.1612,0.1612,482962.0
2026-06-19 04:05:00,0.1613,0.1618,0.1613,0.1617,254092.7
2026-06-19 04:10:00,0.1618,0.1622,0.1618,0.1621,122311.0
2026-06-19 04:15:00,0.1621,0.1624,0.1616,0.1616,422186.1
2026-06-19 04:20:00,0.1615,0.1615,0.1611,0.1614,293332.4
2026-06-19 04:25:00,0.1614,0.1615,0.161,0.1613,344914.7
2026-06-19 04:30:00,0.1613,0.1614,0.1596,0.16,2195185.0
2026-06-19 04:35:00,0.1601,0.1601,0.1596,0.1597,800758.6
2026-06-19 04:40:00,0.1596,0.1602,0.1596,0.1602,318441.3
2026-06-19 04:45:00,0.1602,0.1604,0.16,0.1604,422736.4
2026-06-19 04:50:00,0.1605,0.1606,0.1598,0.1599,484208.4
2026-06-19 04:55:00,0.1599,0.1603,0.1597,0.1601,138404.7
2026-06-19 05:00:00,0.1602,0.1607,0.16,0.1606,314285.7
2026-06-19 05:05:00,0.1606,0.1611,0.1606,0.1611,209796.3
2026-06-19 05:10:00,0.1612,0.1612,0.1608,0.161,689796.4
2026-06-19 05:15:00,0.1609,0.1609,0.1605,0.1608,342752.9
2026-06-19 05:20:00,0.1608,0.1608,0.1604,0.1607,333897.0
2026-06-19 05:25:00,0.1607,0.161,0.1607,0.1608,156621.2
2026-06-19 05:30:00,0.1609,0.161,0.1602,0.1604,366467.5
2026-06-19 05:35:00,0.1604,0.1605,0.1602,0.1604,524626.8
2026-06-19 05:40:00,0.1605,0.1607,0.1603,0.1607,135086.2
2026-06-19 05:45:00,0.1607,0.161,0.1606,0.1609,108061.7
2026-06-19 05:50:00,0.1608,0.161,0.1606,0.1609,388861.9
2026-06-19 05:55:00,0.1609,0.161,0.1608,0.161,58965.5
2026-06-19 06:00:00,0.1609,0.161,0.1607,0.1609,141548.0
2026-06-19 06:05:00,0.1609,0.1611,0.1608,0.1609,116375.1
2026-06-19 06:10:00,0.1609,0.161,0.1607,0.161,74598.7
2026-06-19 06:15:00,0.1609,0.1609,0.1606,0.1609,661994.2
2026-06-19 06:20:00,0.1609,0.161,0.1606,0.161,160472.5
2026-06-19 06:25:00,0.1609,0.1611,0.1607,0.1608,65954.2
2026-06-19 06:30:00,0.1608,0.1609,0.1606,0.1609,193105.9
2026-06-19 06:35:00,0.1608,0.1608,0.1603,0.1604,690649.8
2026-06-19 06:40:00,0.1605,0.1608,0.1604,0.1608,402250.5
2026-06-19 06:45:00,0.1608,0.1608,0.1602,0.1604,133671.1
2026-06-19 06:50:00,0.1604,0.1606,0.1602,0.1606,145778.4
2026-06-19 06:55:00,0.1606,0.161,0.1603,0.1608,511677.9
2026-06-19 07:00:00,0.1607,0.1609,0.1605,0.1606,139739.5
2026-06-19 07:05:00,0.1605,0.1607,0.1604,0.1605,164504.2
2026-06-19 07:10:00,0.1605,0.1606,0.1603,0.1603,132241.0
2026-06-19 07:15:00,0.1603,0.1605,0.1601,0.1602,149182.4
2026-06-19 07:20:00,0.1601,0.1604,0.1601,0.1603,564089.2
2026-06-19 07:25:00,0.1603,0.1605,0.1601,0.1601,199736.5
2026-06-19 07:30:00,0.1602,0.1605,0.1595,0.1598,1157745.4
2026-06-19 07:35:00,0.1598,0.1599,0.1586,0.159,2495879.6
2026-06-19 07:40:00,0.1591,0.1595,0.1589,0.1594,488769.8
2026-06-19 07:45:00,0.1595,0.1595,0.1588,0.1591,490729.2
2026-06-19 07:50:00,0.159,0.1597,0.159,0.1594,633969.8
2026-06-19 07:55:00,0.1594,0.1596,0.1594,0.1596,113212.2
2026-06-19 08:00:00,0.1597,0.1601,0.1596,0.1599,600105.1
2026-06-19 08:05:00,0.1599,0.16,0.1597,0.1597,120983.3
2026-06-19 08:10:00,0.1598,0.1602,0.1596,0.16,1983898.9
2026-06-19 08:15:00,0.1599,0.1602,0.1598,0.1601,357832.7
2026-06-19 08:20:00,0.1602,0.1604,0.1601,0.1602,95759.2
2026-06-19 08:25:00,0.1602,0.1603,0.1601,0.1603,113642.8
2026-06-19 08:30:00,0.1603,0.1607,0.1603,0.1605,114975.6
2026-06-19 08:35:00,0.1606,0.1611,0.1606,0.161,109657.5
2026-06-19 08:40:00,0.161,0.161,0.1603,0.1604,201220.1
2026-06-19 08:45:00,0.1605,0.1606,0.1604,0.1604,214579.4
2026-06-19 08:50:00,0.1605,0.1606,0.1603,0.1604,301308.1
2026-06-19 08:55:00,0.1603,0.1606,0.1603,0.1606,117086.3
2026-06-19 09:00:00,0.1607,0.1608,0.1602,0.1603,393359.1
2026-06-19 09:05:00,0.1602,0.1602,0.1597,0.1597,213430.0
2026-06-19 09:10:00,0.1597,0.1597,0.1594,0.1597,515308.1
2026-06-19 09:15:00,0.1597,0.16,0.1597,0.1599,305485.7
2026-06-19 09:20:00,0.1599,0.1599,0.1595,0.1598,154356.5
2026-06-19 09:25:00,0.1598,0.1599,0.1596,0.1598,417160.7
2026-06-19 09:30:00,0.1598,0.1604,0.1598,0.1603,207038.0
2026-06-19 09:35:00,0.1602,0.1603,0.1601,0.1603,181454.8
2026-06-19 09:40:00,0.1603,0.1603,0.1599,0.16,546463.0
2026-06-19 09:45:00,0.1599,0.16,0.1596,0.1596,131316.0
2026-06-19 09:50:00,0.1596,0.1598,0.1593,0.1595,492460.9
2026-06-19 09:55:00,0.1596,0.1598,0.1596,0.1597,149486.2
2026-06-19 10:00:00,0.1597,0.1598,0.1594,0.1596,257258.9
2026-06-19 10:05:00,0.1595,0.1599,0.1593,0.1598,165640.3
2026-06-19 10:10:00,0.1598,0.1599,0.1596,0.1598,167430.1
2026-06-19 10:15:00,0.1598,0.1598,0.1591,0.1593,345779.3
2026-06-19 10:20:00,0.1593,0.1597,0.1592,0.1595,158632.3
2026-06-19 10:25:00,0.1595,0.1599,0.1595,0.1599,68595.3
2026-06-19 10:30:00,0.1599,0.1599,0.1595,0.1596,89291.9
2026-06-19 10:35:00,0.1596,0.1597,0.1594,0.1595,210795.8
2026-06-19 10:40:00,0.1594,0.1597,0.1593,0.1596,181689.4
2026-06-19 10:45:00,0.1595,0.1599,0.1594,0.1598,70835.0
2026-06-19 10:50:00,0.1598,0.1604,0.1597,0.1602,307625.0
2026-06-19 10:55:00,0.1602,0.1605,0.1601,0.1603,210731.0
2026-06-19 11:00:00,0.1602,0.1604,0.1601,0.1602,207975.0
2026-06-19 11:05:00,0.1601,0.1601,0.1597,0.1599,422606.2
2026-06-19 11:10:00,0.1598,0.1601,0.1597,0.16,289253.7
2026-06-19 11:15:00,0.16,0.1601,0.1597,0.1601,132515.5
2026-06-19 11:20:00,0.1601,0.1604,0.16,0.1602,163595.3
2026-06-19 11:25:00,0.1602,0.1602,0.1598,0.1601,359886.5
2026-06-19 11:30:00,0.16,0.1602,0.1598,0.16,289046.3
2026-06-19 11:35:00,0.16,0.16,0.1598,0.16,270201.0
2026-06-19 11:40:00,0.16,0.1603,0.16,0.1602,132990.6
2026-06-19 11:45:00,0.1602,0.1605,0.1601,0.1602,482770.8
2026-06-19 11:50:00,0.1603,0.1603,0.1599,0.1601,153451.2
2026-06-19 11:55:00,0.1602,0.1602,0.1598,0.1599,80009.2
2026-06-19 12:00:00,0.1599,0.1602,0.1599,0.1601,74359.7
2026-06-19 12:05:00,0.1601,0.1602,0.1599,0.1602,138842.6
2026-06-19 12:10:00,0.1602,0.1602,0.1599,0.16,218657.3
2026-06-19 12:15:00,0.1599,0.1599,0.1595,0.1598,216346.2
2026-06-19 12:20:00,0.1597,0.1598,0.1595,0.1595,303339.5
2026-06-19 12:25:00,0.1594,0.1595,0.1593,0.1595,134407.4
2026-06-19 12:30:00,0.1594,0.1597,0.159,0.1592,476930.0
2026-06-19 12:35:00,0.1592,0.1596,0.159,0.1595,969342.8
2026-06-19 12:40:00,0.1596,0.1597,0.1594,0.1594,145507.0
2026-06-19 12:45:00,0.1594,0.1594,0.1587,0.1591,361237.7
2026-06-19 12:50:00,0.1592,0.1606,0.1592,0.1605,348978.1
2026-06-19 12:55:00,0.1605,0.1608,0.1605,0.1607,248762.3
2026-06-19 13:00:00,0.1608,0.1609,0.1605,0.1609,402679.2
2026-06-19 13:05:00,0.1608,0.1611,0.1608,0.1609,542077.7
2026-06-19 13:10:00,0.1608,0.1608,0.1606,0.1607,101207.0
2026-06-19 13:15:00,0.1607,0.1608,0.1603,0.1607,335343.9
2026-06-19 13:20:00,0.1607,0.161,0.1606,0.1609,137002.0
2026-06-19 13:25:00,0.1609,0.1611,0.1608,0.161,277202.6
2026-06-19 13:30:00,0.1611,0.1612,0.1609,0.1612,204398.7
2026-06-19 13:35:00,0.1612,0.1617,0.1612,0.1613,404260.4
2026-06-19 13:40:00,0.1613,0.1618,0.1613,0.1617,328663.4
2026-06-19 13:45:00,0.1617,0.1629,0.1616,0.1626,1499879.3
2026-06-19 13:50:00,0.1625,0.1627,0.1622,0.1624,830775.7
2026-06-19 13:55:00,0.1624,0.1627,0.1622,0.1623,274816.1
2026-06-19 14:00:00,0.1623,0.1626,0.162,0.1624,535986.4
2026-06-19 14:05:00,0.1625,0.1625,0.1618,0.1621,311674.2
2026-06-19 14:10:00,0.1622,0.1624,0.1619,0.162,1775885.9
2026-06-19 14:15:00,0.162,0.162,0.1616,0.1618,306022.2
2026-06-19 14:20:00,0.1618,0.1618,0.1615,0.1618,196028.3
2026-06-19 14:25:00,0.1618,0.1626,0.1618,0.1624,599264.7
2026-06-19 14:30:00,0.1624,0.1625,0.1621,0.1623,51737.9
2026-06-19 14:35:00,0.1623,0.1627,0.1623,0.1625,307083.5
2026-06-19 14:40:00,0.1625,0.1626,0.1623,0.1624,55816.1
2026-06-19 14:45:00,0.1624,0.1625,0.1621,0.1622,193174.4
2026-06-19 14:50:00,0.1622,0.1622,0.1618,0.1619,124794.5
2026-06-19 14:55:00,0.1619,0.162,0.1617,0.1618,221325.3
2026-06-19 15:00:00,0.1618,0.1618,0.1613,0.1614,510464.7
2026-06-19 15:05:00,0.1614,0.1618,0.1614,0.1617,198727.3
2026-06-19 15:10:00,0.1617,0.1621,0.1617,0.162,162005.4
2026-06-19 15:15:00,0.1619,0.162,0.1614,0.1615,196442.8
2026-06-19 15:20:00,0.1615,0.1617,0.161,0.1612,462120.6
2026-06-19 15:25:00,0.1611,0.1614,0.1611,0.1613,167401.2
2026-06-19 15:30:00,0.1614,0.1619,0.1613,0.1619,776368.0
2026-06-19 15:35:00,0.1618,0.1618,0.1616,0.1616,329912.1
2026-06-19 15:40:00,0.1616,0.1622,0.1616,0.162,156462.0
2026-06-19 15:45:00,0.162,0.1622,0.1618,0.1619,149614.9
2026-06-19 15:50:00,0.1618,0.1619,0.1617,0.1618,52799.8
2026-06-19 15:55:00,0.1619,0.162,0.1616,0.1618,180955.1
2026-06-19 16:00:00,0.1619,0.162,0.1616,0.1618,246736.9
2026-06-19 16:05:00,0.1618,0.162,0.1616,0.1616,102787.3
2026-06-19 16:10:00,0.1616,0.1624,0.1616,0.1623,246618.5
2026-06-19 16:15:00,0.1624,0.1624,0.1619,0.162,328982.6
2026-06-19 16:20:00,0.1619,0.1622,0.1619,0.162,762400.4
2026-06-19 16:25:00,0.1619,0.1621,0.1618,0.1621,273704.4
2026-06-19 16:30:00,0.162,0.1621,0.1617,0.1619,394307.7
2026-06-19 16:35:00,0.1618,0.162,0.1617,0.1618,173621.7
2026-06-19 16:40:00,0.1617,0.1618,0.1616,0.1617,408153.2
2026-06-19 16:45:00,0.1616,0.1617,0.1613,0.1613,348385.7
2026-06-19 16:50:00,0.1613,0.1614,0.161,0.161,336033.5
2026-06-19 16:55:00,0.1611,0.1611,0.1604,0.1605,1143450.1
2026-06-19 17:00:00,0.1606,0.1607,0.1604,0.1604,276246.4
2026-06-19 17:05:00,0.1604,0.1608,0.1603,0.1606,138894.7
2026-06-19 17:10:00,0.1605,0.1608,0.1605,0.1608,75101.8
2026-06-19 17:15:00,0.1608,0.1615,0.1608,0.1614,185832.1
2026-06-19 17:20:00,0.1615,0.1615,0.1611,0.1611,102410.1
2026-06-19 17:25:00,0.1611,0.1611,0.1608,0.161,60959.8
2026-06-19 17:30:00,0.161,0.1617,0.161,0.1617,154636.4
2026-06-19 17:35:00,0.1616,0.1617,0.1615,0.1616,44198.1
2026-06-19 17:40:00,0.1617,0.1619,0.1617,0.1618,84714.4
2026-06-19 17:45:00,0.1617,0.1622,0.1616,0.162,177284.7
2026-06-19 17:50:00,0.162,0.1621,0.1616,0.1619,326473.3
2026-06-19 17:55:00,0.1619,0.162,0.1618,0.1618,86054.3
2026-06-19 18:00:00,0.1618,0.162,0.1616,0.1619,208280.9
2026-06-19 18:05:00,0.1618,0.1619,0.1616,0.1618,94096.0
2026-06-19 18:10:00,0.1617,0.162,0.1617,0.162,125253.2
2026-06-19 18:15:00,0.1619,0.162,0.1616,0.1617,77081.6
2026-06-19 18:20:00,0.1618,0.1619,0.1617,0.1617,53161.3
2026-06-19 18:25:00,0.1618,0.162,0.1616,0.1617,87833.8
2026-06-19 18:30:00,0.1616,0.1617,0.1612,0.1616,156102.3
2026-06-19 18:35:00,0.1615,0.1617,0.1608,0.1608,218845.1
2026-06-19 18:40:00,0.1609,0.1609,0.1603,0.1607,698147.8
2026-06-19 18:45:00,0.1607,0.161,0.1606,0.1609,187948.5
2026-06-19 18:50:00,0.1609,0.1611,0.1607,0.1609,329593.5
2026-06-19 18:55:00,0.1609,0.1614,0.1608,0.1614,167219.2
2026-06-19 19:00:00,0.1613,0.1615,0.161,0.1615,232429.1
2026-06-19 19:05:00,0.1615,0.1616,0.1607,0.1608,389243.1
2026-06-19 19:10:00,0.1608,0.1611,0.1606,0.1611,212120.4
2026-06-19 19:15:00,0.161,0.1611,0.1608,0.1608,116886.0
2026-06-19 19:20:00,0.1607,0.161,0.1607,0.161,63216.8
2026-06-19 19:25:00,0.161,0.161,0.1605,0.1607,125378.6
2026-06-19 19:30:00,0.1607,0.1608,0.1605,0.1606,93426.2
2026-06-19 19:35:00,0.1606,0.1608,0.1604,0.1606,69567.8
2026-06-19 19:40:00,0.1606,0.1609,0.1606,0.1608,110349.7
2026-06-19 19:45:00,0.1608,0.1612,0.1607,0.161,391543.1
2026-06-19 19:50:00,0.1609,0.1614,0.1609,0.1611,141059.4
2026-06-19 19:55:00,0.1612,0.1613,0.1608,0.1608,263163.3
2026-06-19 20:00:00,0.1609,0.1612,0.1609,0.161,87823.5
2026-06-19 20:05:00,0.1609,0.1613,0.1609,0.161,53204.4
2026-06-19 20:10:00,0.1611,0.1613,0.1609,0.1613,164366.0
2026-06-19 20:15:00,0.1613,0.1613,0.1607,0.1608,236374.8
2026-06-19 20:20:00,0.1608,0.1609,0.1604,0.1607,191339.1
2026-06-19 20:25:00,0.1608,0.1611,0.1608,0.1611,96396.0
2026-06-19 20:30:00,0.161,0.1612,0.1606,0.1607,154128.0
2026-06-19 20:35:00,0.1607,0.1609,0.1607,0.1607,91901.9
2026-06-19 20:40:00,0.1607,0.161,0.1607,0.161,52636.0
2026-06-19 20:45:00,0.161,0.1615,0.1609,0.1615,155627.5
2026-06-19 20:50:00,0.1615,0.1618,0.1614,0.1618,162305.5
2026-06-19 20:55:00,0.1617,0.1621,0.1617,0.1619,379843.4
2026-06-19 21:00:00,0.162,0.162,0.1615,0.1617,252516.3
2026-06-19 21:05:00,0.1616,0.1617,0.1613,0.1615,301042.2
2026-06-19 21:10:00,0.1616,0.162,0.1616,0.162,130690.1
2026-06-19 21:15:00,0.1619,0.162,0.1617,0.1618,81511.6
2026-06-19 21:20:00,0.1618,0.1619,0.1615,0.1616,76088.3
2026-06-19 21:25:00,0.1615,0.1615,0.1613,0.1614,145776.6
2026-06-19 21:30:00,0.1614,0.1614,0.1611,0.1612,97922.6
2026-06-19 21:35:00,0.1612,0.1612,0.1609,0.1609,75788.5
2026-06-19 21:40:00,0.1609,0.1609,0.1607,0.1609,110336.4
2026-06-19 21:45:00,0.1608,0.161,0.1608,0.161,13188.9
2026-06-19 21:50:00,0.161,0.161,0.1605,0.1607,633529.1
2026-06-19 21:55:00,0.1607,0.1608,0.1605,0.1608,87543.0
2026-06-19 22:00:00,0.1607,0.1611,0.1605,0.1607,170264.4
2026-06-19 22:05:00,0.1607,0.1608,0.1606,0.1608,80099.0
2026-06-19 22:10:00,0.1607,0.161,0.1606,0.161,13233.7
2026-06-19 22:15:00,0.1609,0.1612,0.1609,0.1612,14446.1
2026-06-19 22:20:00,0.1612,0.1614,0.1612,0.1613,126932.0
2026-06-19 22:25:00,0.1613,0.1616,0.1613,0.1615,122202.7
2026-06-19 22:30:00,0.1615,0.1616,0.1614,0.1616,120029.6
2026-06-19 22:35:00,0.1615,0.1617,0.1614,0.1617,102813.8
2026-06-19 22:40:00,0.1617,0.1618,0.1615,0.1618,424220.9
2026-06-19 22:45:00,0.1618,0.162,0.1616,0.1619,180816.5
2026-06-19 22:50:00,0.1619,0.162,0.1617,0.1618,288185.8
2026-06-19 22:55:00,0.1618,0.1618,0.1617,0.1618,113417.3
2026-06-19 23:00:00,0.1618,0.1618,0.1614,0.1615,88524.3
2026-06-19 23:05:00,0.1615,0.1615,0.1613,0.1614,68704.9
2026-06-19 23:10:00,0.1613,0.1613,0.1611,0.1613,203778.7
2026-06-19 23:15:00,0.1613,0.1616,0.1613,0.1616,76582.0
2026-06-19 23:20:00,0.1616,0.1616,0.1615,0.1616,58267.5
2026-06-19 23:25:00,0.1616,0.162,0.1616,0.162,60036.8
2026-06-19 23:30:00,0.1619,0.1622,0.1618,0.1621,110903.7
2026-06-19 23:35:00,0.1621,0.1623,0.1619,0.1619,476147.5
2026-06-19 23:40:00,0.1618,0.1619,0.1616,0.1617,166349.9
2026-06-19 23:45:00,0.1617,0.1617,0.1615,0.1616,43411.4
2026-06-19 23:50:00,0.1616,0.1617,0.1615,0.1615,37600.8
2026-06-19 23:55:00,0.1616,0.1624,0.1616,0.1621,960045.7
2026-06-20 00:00:00,0.1621,0.1625,0.162,0.162,246011.6
2026-06-20 00:05:00,0.162,0.1623,0.1618,0.1622,176700.3
2026-06-20 00:10:00,0.1621,0.1624,0.1621,0.1624,96207.3
2026-06-20 00:15:00,0.1624,0.1626,0.1623,0.1624,60332.7
2026-06-20 00:20:00,0.1625,0.1627,0.1623,0.1626,217883.8
2026-06-20 00:25:00,0.1627,0.1636,0.1626,0.1634,566648.6
2026-06-20 00:30:00,0.1633,0.164,0.163,0.164,723425.2
2026-06-20 00:35:00,0.164,0.164,0.1632,0.1632,175990.5
2026-06-20 00:40:00,0.1632,0.1635,0.1631,0.1634,131401.8
2026-06-20 00:45:00,0.1635,0.1635,0.1631,0.1633,110379.2
2026-06-20 00:50:00,0.1632,0.1632,0.1626,0.1629,240817.7
2026-06-20 00:55:00,0.1628,0.1628,0.1623,0.1624,112606.2
2026-06-20 01:00:00,0.1624,0.1626,0.1623,0.1623,204506.8
2026-06-20 01:05:00,0.1623,0.1624,0.162,0.1621,121348.1
2026-06-20 01:10:00,0.162,0.1623,0.1619,0.1623,100068.4
2026-06-20 01:15:00,0.1622,0.1624,0.1622,0.1624,603263.6
2026-06-20 01:20:00,0.1625,0.1626,0.1621,0.1621,95409.0
2026-06-20 01:25:00,0.1621,0.1622,0.1619,0.1622,264863.7
2026-06-20 01:30:00,0.1621,0.1625,0.162,0.1624,231812.7
2026-06-20 01:35:00,0.1625,0.1629,0.1624,0.1628,542634.0
2026-06-20 01:40:00,0.1627,0.1627,0.1622,0.1623,308904.6
2026-06-20 01:45:00,0.1623,0.1626,0.1623,0.1625,121017.4
2026-06-20 01:50:00,0.1626,0.1627,0.1625,0.1627,146702.3
2026-06-20 01:55:00,0.1626,0.1626,0.1623,0.1624,138454.5
2026-06-20 02:00:00,0.1624,0.1625,0.1621,0.1621,395441.9
2026-06-20 02:05:00,0.1621,0.1621,0.1618,0.1619,213779.0
2026-06-20 02:10:00,0.1619,0.1622,0.1619,0.1621,339122.9
2026-06-20 02:15:00,0.162,0.162,0.1616,0.1619,177009.5
2026-06-20 02:20:00,0.1619,0.1621,0.1619,0.1619,28325.1
2026-06-20 02:25:00,0.162,0.162,0.1618,0.1619,103779.6
2026-06-20 02:30:00,0.1619,0.1622,0.1619,0.1622,49783.2
2026-06-20 02:35:00,0.1622,0.1622,0.1619,0.162,207810.5
2026-06-20 02:40:00,0.162,0.1621,0.1617,0.1619,91125.8
2026-06-20 02:45:00,0.1619,0.1623,0.1618,0.1621,242604.6
2026-06-20 02:50:00,0.1621,0.1622,0.1618,0.1621,372488.4
2026-06-20 02:55:00,0.1621,0.1622,0.162,0.1621,133200.4
2026-06-20 03:00:00,0.1621,0.1623,0.1621,0.1623,67395.6
2026-06-20 03:05:00,0.1623,0.1623,0.1621,0.1622,143701.3
2026-06-20 03:10:00,0.1621,0.1623,0.1618,0.1619,357634.5
2026-06-20 03:15:00,0.1619,0.1622,0.1619,0.1621,199180.6
2026-06-20 03:20:00,0.162,0.1621,0.1618,0.1619,184382.8
2026-06-20 03:25:00,0.162,0.1621,0.1619,0.162,27450.8
2026-06-20 03:30:00,0.1621,0.1623,0.162,0.1621,47669.6
2026-06-20 03:35:00,0.1621,0.1625,0.162,0.1624,55014.4
2026-06-20 03:40:00,0.1624,0.1626,0.1622,0.1624,199681.9
2026-06-20 03:45:00,0.1624,0.1624,0.1622,0.1624,109313.9
2026-06-20 03:50:00,0.1624,0.1625,0.1623,0.1623,38416.9
2026-06-20 03:55:00,0.1623,0.1626,0.1622,0.1625,128897.7
2026-06-20 04:00:00,0.1625,0.1625,0.1623,0.1623,102048.1
2026-06-20 04:05:00,0.1624,0.1626,0.1623,0.1623,71632.3
2026-06-20 04:10:00,0.1623,0.1625,0.1623,0.1624,30054.8
2026-06-20 04:15:00,0.1625,0.1627,0.1623,0.1627,190279.9
2026-06-20 04:20:00,0.1627,0.1627,0.1625,0.1627,241164.9
2026-06-20 04:25:00,0.1626,0.163,0.1626,0.1629,219940.7
2026-06-20 04:30:00,0.163,0.1631,0.1626,0.1627,197142.7
2026-06-20 04:35:00,0.1627,0.1629,0.1626,0.1628,121973.5
2026-06-20 04:40:00,0.1629,0.1631,0.1629,0.163,99981.2
2026-06-20 04:45:00,0.163,0.163,0.1626,0.1628,111019.0
2026-06-20 04:50:00,0.1629,0.163,0.1628,0.1629,124499.1
2026-06-20 04:55:00,0.1629,0.1631,0.1627,0.1631,123038.8
2026-06-20 05:00:00,0.1631,0.1632,0.163,0.1631,57912.1
2026-06-20 05:05:00,0.1631,0.1635,0.1628,0.1635,785747.5
2026-06-20 05:10:00,0.1635,0.1651,0.1635,0.1644,2245046.8
2026-06-20 05:15:00,0.1644,0.1646,0.1639,0.164,242105.9
2026-06-20 05:20:00,0.164,0.164,0.1637,0.1638,141505.9
2026-06-20 05:25:00,0.1637,0.1638,0.1634,0.1635,208785.7
2026-06-20 05:30:00,0.1636,0.1637,0.1633,0.1634,170043.9
2026-06-20 05:35:00,0.1634,0.1636,0.1633,0.1636,160799.5
2026-06-20 05:40:00,0.1635,0.1637,0.1635,0.1636,24326.7
2026-06-20 05:45:00,0.1636,0.1637,0.1631,0.1633,358023.0
2026-06-20 05:50:00,0.1634,0.1635,0.163,0.1635,301998.8
2026-06-20 05:55:00,0.1634,0.1636,0.1634,0.1636,36562.5
2026-06-20 06:00:00,0.1636,0.1637,0.1633,0.1634,96042.7
2026-06-20 06:05:00,0.1634,0.1635,0.1632,0.1633,64531.6
2026-06-20 06:10:00,0.1633,0.1634,0.1632,0.1634,86127.5
2026-06-20 06:15:00,0.1634,0.1635,0.1631,0.1635,381373.8
2026-06-20 06:20:00,0.1634,0.1639,0.1633,0.1637,105166.6
2026-06-20 06:25:00,0.1637,0.1638,0.1635,0.1636,262639.2
2026-06-20 06:30:00,0.1636,0.1637,0.1633,0.1634,96329.1
2026-06-20 06:35:00,0.1634,0.1636,0.1633,0.1636,37399.8
2026-06-20 06:40:00,0.1636,0.1637,0.1635,0.1637,133824.7
2026-06-20 06:45:00,0.1637,0.1638,0.1635,0.1637,551359.2
2026-06-20 06:50:00,0.1637,0.1638,0.1635,0.1636,86605.4
2026-06-20 06:55:00,0.1636,0.1637,0.1634,0.1637,401121.8
2026-06-20 07:00:00,0.1638,0.1639,0.1632,0.1633,257281.5
2026-06-20 07:05:00,0.1632,0.1633,0.1629,0.1632,192780.5
2026-06-20 07:10:00,0.1632,0.1634,0.1631,0.1633,88242.9
2026-06-20 07:15:00,0.1633,0.1635,0.1631,0.1634,177101.7
2026-06-20 07:20:00,0.1634,0.1637,0.1633,0.1636,99000.3
2026-06-20 07:25:00,0.1636,0.1638,0.1636,0.1638,340157.1
2026-06-20 07:30:00,0.1638,0.1639,0.1634,0.1634,211543.0
2026-06-20 07:35:00,0.1635,0.1635,0.1633,0.1635,96242.1
2026-06-20 07:40:00,0.1635,0.1635,0.1631,0.1633,362488.8
2026-06-20 07:45:00,0.1632,0.1634,0.1631,0.1631,64798.3
2026-06-20 07:50:00,0.1631,0.1633,0.163,0.163,339219.9
2026-06-20 07:55:00,0.1631,0.1631,0.1628,0.1629,266008.3
2026-06-20 08:00:00,0.1629,0.163,0.1622,0.1628,536545.6
2026-06-20 08:05:00,0.1628,0.1628,0.1623,0.1624,198192.9
2026-06-20 08:10:00,0.1625,0.163,0.1625,0.163,423076.4
2026-06-20 08:15:00,0.1629,0.1632,0.1629,0.1631,52768.1
2026-06-20 08:20:00,0.1631,0.1632,0.1629,0.1631,14724.3
2026-06-20 08:25:00,0.1631,0.1631,0.1629,0.163,269840.8
2026-06-20 08:30:00,0.163,0.163,0.1627,0.1628,80445.4
2026-06-20 08:35:00,0.1629,0.1629,0.1625,0.1627,436787.8
2026-06-20 08:40:00,0.1628,0.1629,0.1627,0.1629,31455.5
2026-06-20 08:45:00,0.1629,0.163,0.1626,0.1627,103705.8
2026-06-20 08:50:00,0.1627,0.1628,0.1626,0.1626,245091.3
2026-06-20 08:55:00,0.1627,0.163,0.1627,0.1628,143645.5
2026-06-20 09:00:00,0.1629,0.1632,0.1629,0.1631,169326.3
2026-06-20 09:05:00,0.1632,0.1633,0.163,0.1631,157847.0
2026-06-20 09:10:00,0.1631,0.1632,0.163,0.1632,26440.1
2026-06-20 09:15:00,0.1633,0.1634,0.1632,0.1633,168260.7
2026-06-20 09:20:00,0.1634,0.1634,0.1632,0.1632,98169.0
2026-06-20 09:25:00,0.1632,0.1632,0.163,0.1631,163375.4
2026-06-20 09:30:00,0.1632,0.1635,0.1631,0.1635,196176.2
2026-06-20 09:35:00,0.1635,0.1637,0.1634,0.1636,76626.2
2026-06-20 09:40:00,0.1635,0.1637,0.1633,0.1637,359816.2
2026-06-20 09:45:00,0.1636,0.1637,0.1635,0.1635,47072.6
2026-06-20 09:50:00,0.1636,0.164,0.1636,0.164,218257.6
2026-06-20 09:55:00,0.1639,0.1639,0.1638,0.1639,123287.8
2026-06-20 10:00:00,0.1638,0.1638,0.1634,0.1637,416586.0
2026-06-20 10:05:00,0.1637,0.1637,0.1636,0.1636,37540.7
2026-06-20 10:10:00,0.1636,0.1637,0.1636,0.1637,79408.1
2026-06-20 10:15:00,0.1637,0.1637,0.1636,0.1637,83127.3
2026-06-20 10:20:00,0.1637,0.1637,0.1631,0.1633,259650.5
2026-06-20 10:25:00,0.1632,0.1634,0.1631,0.1634,70294.1
2026-06-20 10:30:00,0.1634,0.1634,0.163,0.1631,114881.9
2026-06-20 10:35:00,0.163,0.1631,0.1629,0.163,220249.7
2026-06-20 10:40:00,0.163,0.1631,0.1628,0.1628,110137.9
2026-06-20 10:45:00,0.1628,0.1631,0.1627,0.1631,178716.4
2026-06-20 10:50:00,0.1631,0.1631,0.1629,0.163,125755.5
2026-06-20 10:55:00,0.163,0.1632,0.163,0.1631,59044.9
2026-06-20 11:00:00,0.1632,0.1633,0.1631,0.1631,258752.9
2026-06-20 11:05:00,0.163,0.163,0.1625,0.1627,185604.8
2026-06-20 11:10:00,0.1627,0.1627,0.1625,0.1627,34543.8
2026-06-20 11:15:00,0.1626,0.1628,0.1624,0.1626,58347.2
2026-06-20 11:20:00,0.1625,0.1629,0.1625,0.1629,257825.1
2026-06-20 11:25:00,0.1629,0.1629,0.1627,0.1628,334057.8
2026-06-20 11:30:00,0.1628,0.1629,0.1627,0.1628,29528.5
2026-06-20 11:35:00,0.1628,0.163,0.1628,0.1629,231420.7
2026-06-20 11:40:00,0.163,0.1631,0.1629,0.1631,12876.8
2026-06-20 11:45:00,0.1631,0.1632,0.163,0.1631,100951.1
2026-06-20 11:50:00,0.1631,0.1633,0.1628,0.1628,88916.5
2026-06-20 11:55:00,0.1629,0.163,0.1629,0.1629,45080.1
2026-06-20 12:00:00,0.1629,0.163,0.1627,0.1629,46234.3
2026-06-20 12:05:00,0.1629,0.1632,0.1629,0.1631,229453.5
2026-06-20 12:10:00,0.1631,0.1632,0.163,0.1632,268308.5
2026-06-20 12:15:00,0.1631,0.1631,0.1628,0.163,259791.3
2026-06-20 12:20:00,0.1629,0.1631,0.1628,0.163,265403.4
2026-06-20 12:25:00,0.1631,0.1631,0.1629,0.1631,110615.4
2026-06-20 12:30:00,0.163,0.1631,0.1629,0.1629,20497.8
2026-06-20 12:35:00,0.1629,0.163,0.1626,0.1628,523383.8
2026-06-20 12:40:00,0.1628,0.1628,0.1627,0.1628,34635.0
2026-06-20 12:45:00,0.1628,0.1629,0.1625,0.1626,156315.6
2026-06-20 12:50:00,0.1625,0.1626,0.1623,0.1626,243681.4
2026-06-20 12:55:00,0.1626,0.1627,0.1625,0.1627,344707.5
2026-06-20 13:00:00,0.1627,0.1627,0.1624,0.1625,32959.4
2026-06-20 13:05:00,0.1625,0.1626,0.1624,0.1626,106334.0
2026-06-20 13:10:00,0.1627,0.1627,0.1624,0.1624,267022.2
2026-06-20 13:15:00,0.1625,0.1626,0.1623,0.1624,432528.5
2026-06-20 13:20:00,0.1623,0.1623,0.1614,0.1615,1168848.3
2026-06-20 13:25:00,0.1615,0.1617,0.1612,0.1613,423224.3
2026-06-20 13:30:00,0.1614,0.1614,0.1611,0.1614,243289.7
2026-06-20 13:35:00,0.1614,0.1616,0.1612,0.1614,234123.0
2026-06-20 13:40:00,0.1614,0.1617,0.1614,0.1615,426449.9
2026-06-20 13:45:00,0.1616,0.1618,0.1614,0.1617,223299.6
2026-06-20 13:50:00,0.1618,0.1618,0.1615,0.1615,75631.2
2026-06-20 13:55:00,0.1614,0.1615,0.1613,0.1614,68569.7
2026-06-20 14:00:00,0.1614,0.1614,0.1607,0.1611,731869.5
2026-06-20 14:05:00,0.161,0.161,0.16,0.1602,1442671.5
2026-06-20 14:10:00,0.1603,0.1603,0.16,0.16,837093.9
2026-06-20 14:15:00,0.1601,0.1605,0.1601,0.1605,644180.5
2026-06-20 14:20:00,0.1604,0.1607,0.1603,0.1607,351783.1
2026-06-20 14:25:00,0.1607,0.1608,0.1605,0.1608,70584.5
2026-06-20 14:30:00,0.1608,0.1609,0.1605,0.1608,258123.5
2026-06-20 14:35:00,0.1608,0.161,0.1607,0.1608,216099.6
2026-06-20 14:40:00,0.1608,0.1609,0.1603,0.1609,150276.3
2026-06-20 14:45:00,0.1608,0.1632,0.1608,0.1626,1675151.2
2026-06-20 14:50:00,0.1626,0.1627,0.1619,0.1619,509553.3
2026-06-20 14:55:00,0.162,0.1622,0.1618,0.162,647812.8
2026-06-20 15:00:00,0.1621,0.1625,0.1616,0.1624,653473.0
2026-06-20 15:05:00,0.1625,0.1625,0.1616,0.1618,166135.0
2026-06-20 15:10:00,0.1618,0.1622,0.1616,0.1622,261429.6
2026-06-20 15:15:00,0.1622,0.1632,0.1617,0.1629,2422372.7
2026-06-20 15:20:00,0.1629,0.1633,0.1624,0.1628,964915.6
2026-06-20 15:25:00,0.1628,0.1628,0.1624,0.1627,861844.6
2026-06-20 15:30:00,0.1627,0.1628,0.1622,0.1623,361831.9
2026-06-20 15:35:00,0.1624,0.1624,0.1621,0.1623,214836.1
2026-06-20 15:40:00,0.1622,0.1622,0.1619,0.162,287485.8
2026-06-20 15:45:00,0.162,0.1624,0.162,0.1622,283837.2
2026-06-20 15:50:00,0.1621,0.1622,0.162,0.1621,41119.6
2026-06-20 15:55:00,0.1621,0.1623,0.162,0.1623,131903.4
2026-06-20 16:00:00,0.1623,0.1623,0.1617,0.1621,423281.3
2026-06-20 16:05:00,0.1621,0.1624,0.162,0.1624,358356.3
2026-06-20 16:10:00,0.1624,0.1625,0.1622,0.1623,31669.8
2026-06-20 16:15:00,0.1623,0.1624,0.1621,0.1622,400023.0
2026-06-20 16:20:00,0.1622,0.1623,0.1618,0.1618,713881.9
2026-06-20 16:25:00,0.1618,0.1618,0.1613,0.1615,190767.5
2026-06-20 16:30:00,0.1616,0.1616,0.1609,0.1613,717417.0
2026-06-20 16:35:00,0.1613,0.1617,0.1612,0.1617,229840.8
2026-06-20 16:40:00,0.1616,0.1617,0.1614,0.1614,205941.4
2026-06-20 16:45:00,0.1615,0.1617,0.1614,0.1617,158502.3
2026-06-20 16:50:00,0.1617,0.1619,0.1616,0.1619,104238.5
2026-06-20 16:55:00,0.1619,0.162,0.1617,0.1618,179001.0
2026-06-20 17:00:00,0.1619,0.162,0.1617,0.1619,58373.2
2026-06-20 17:05:00,0.162,0.162,0.1616,0.1616,180520.8
2026-06-20 17:10:00,0.1616,0.1617,0.1615,0.1617,70302.2
2026-06-20 17:15:00,0.1617,0.1617,0.1612,0.1614,454368.6
2026-06-20 17:20:00,0.1614,0.1615,0.1612,0.1612,136176.1
2026-06-20 17:25:00,0.1612,0.1614,0.1611,0.1614,81742.9
2026-06-20 17:30:00,0.1614,0.1615,0.1611,0.1612,165422.9
2026-06-20 17:35:00,0.1611,0.1612,0.1601,0.1607,1453099.7
2026-06-20 17:40:00,0.1607,0.161,0.1605,0.161,195750.5
2026-06-20 17:45:00,0.161,0.161,0.1607,0.1609,123323.1
2026-06-20 17:50:00,0.1609,0.1611,0.1609,0.1611,89631.0
2026-06-20 17:55:00,0.1611,0.1613,0.161,0.161,75778.8
2026-06-20 18:00:00,0.1611,0.1615,0.1611,0.1614,111123.3
2026-06-20 18:05:00,0.1613,0.1614,0.161,0.1612,106642.0
2026-06-20 18:10:00,0.1612,0.1614,0.1612,0.1612,67371.8
2026-06-20 18:15:00,0.1612,0.1615,0.1611,0.1612,686308.2
2026-06-20 18:20:00,0.1612,0.1612,0.161,0.1611,404704.8
2026-06-20 18:25:00,0.1611,0.1613,0.161,0.1612,725315.3
2026-06-20 18:30:00,0.1613,0.1614,0.1611,0.1612,492374.1
2026-06-20 18:35:00,0.1612,0.1612,0.1611,0.1612,393383.3
2026-06-20 18:40:00,0.1611,0.1611,0.1609,0.1609,111388.9
2026-06-20 18:45:00,0.161,0.1612,0.161,0.1611,125087.4
2026-06-20 18:50:00,0.1611,0.1612,0.1609,0.1609,45837.4
2026-06-20 18:55:00,0.1609,0.1611,0.1608,0.1609,53048.0
2026-06-20 19:00:00,0.1609,0.1611,0.1608,0.161,75594.9
2026-06-20 19:05:00,0.1609,0.1612,0.1609,0.1612,101733.4
2026-06-20 19:10:00,0.1612,0.1614,0.161,0.1611,145899.2
2026-06-20 19:15:00,0.161,0.1611,0.1607,0.1608,1186175.2
2026-06-20 19:20:00,0.1609,0.161,0.1608,0.161,358867.0
2026-06-20 19:25:00,0.161,0.1611,0.1608,0.1609,167399.6
2026-06-20 19:30:00,0.1609,0.1614,0.1609,0.1612,70384.5
2026-06-20 19:35:00,0.1612,0.1614,0.1611,0.1614,616846.0
2026-06-20 19:40:00,0.1613,0.1615,0.1613,0.1614,99296.2
2026-06-20 19:45:00,0.1613,0.1615,0.1613,0.1615,190948.8
2026-06-20 19:50:00,0.1615,0.1615,0.1613,0.1613,555360.4
2026-06-20 19:55:00,0.1613,0.1614,0.1612,0.1613,123771.4
2026-06-20 20:00:00,0.1614,0.1615,0.1613,0.1614,170464.0
2026-06-20 20:05:00,0.1614,0.1614,0.1613,0.1614,333756.4
2026-06-20 20:10:00,0.1613,0.1615,0.1613,0.1614,44323.5
2026-06-20 20:15:00,0.1613,0.1615,0.1612,0.1614,66999.7
2026-06-20 20:20:00,0.1614,0.1617,0.1614,0.1615,416258.9
2026-06-20 20:25:00,0.1616,0.1617,0.1614,0.1614,206359.0
2026-06-20 20:30:00,0.1614,0.1615,0.1612,0.1614,140726.0
2026-06-20 20:35:00,0.1613,0.1614,0.1612,0.1614,68761.9
2026-06-20 20:40:00,0.1614,0.1614,0.1612,0.1614,74138.1
2026-06-20 20:45:00,0.1614,0.1616,0.1614,0.1616,235840.2
2026-06-20 20:50:00,0.1615,0.1617,0.1614,0.1615,80478.1
2026-06-20 20:55:00,0.1616,0.1617,0.1614,0.1614,345815.2
2026-06-20 21:00:00,0.1615,0.1616,0.1614,0.1615,52430.3
2026-06-20 21:05:00,0.1614,0.1616,0.1614,0.1615,36436.8
2026-06-20 21:10:00,0.1616,0.1627,0.1616,0.1623,2357915.2
2026-06-20 21:15:00,0.1623,0.1624,0.1622,0.1623,124649.8
2026-06-20 21:20:00,0.1623,0.1624,0.1621,0.1623,134104.2
2026-06-20 21:25:00,0.1623,0.1623,0.162,0.162,80627.9
2026-06-20 21:30:00,0.162,0.1621,0.162,0.162,31496.8
2026-06-20 21:35:00,0.162,0.1622,0.162,0.1622,79810.0
2026-06-20 21:40:00,0.1622,0.1625,0.1622,0.1624,111494.8
2026-06-20 21:45:00,0.1624,0.1625,0.1623,0.1623,172430.3
2026-06-20 21:50:00,0.1623,0.1624,0.1619,0.1619,167064.3
2026-06-20 21:55:00,0.1619,0.1622,0.1618,0.1621,99440.9
2026-06-20 22:00:00,0.1622,0.1622,0.1619,0.1621,104277.6
2026-06-20 22:05:00,0.1622,0.1625,0.1621,0.1624,186209.2
2026-06-20 22:10:00,0.1625,0.1634,0.1623,0.163,394145.1
2026-06-20 22:15:00,0.163,0.163,0.1626,0.1627,155581.3
2026-06-20 22:20:00,0.1627,0.1632,0.1627,0.1632,229272.0
2026-06-20 22:25:00,0.1632,0.1634,0.1629,0.1633,179462.5
2026-06-20 22:30:00,0.1632,0.1636,0.1631,0.1634,141398.9
2026-06-20 22:35:00,0.1633,0.1634,0.163,0.1633,161927.7
2026-06-20 22:40:00,0.1633,0.1635,0.1631,0.1632,513781.5
2026-06-20 22:45:00,0.1633,0.1634,0.163,0.1632,47762.7
2026-06-20 22:50:00,0.1632,0.1636,0.1631,0.1634,148433.6
2026-06-20 22:55:00,0.1634,0.1634,0.1632,0.1632,105382.2
2026-06-20 23:00:00,0.1632,0.1634,0.163,0.1633,105472.0
2026-06-20 23:05:00,0.1633,0.1634,0.1632,0.1634,128475.8
2026-06-20 23:10:00,0.1634,0.1635,0.1633,0.1634,74923.8
2026-06-20 23:15:00,0.1634,0.1639,0.1634,0.1638,247972.9
2026-06-20 23:20:00,0.1638,0.1638,0.1634,0.1634,100609.1
2026-06-20 23:25:00,0.1634,0.1635,0.1632,0.1633,504934.1
2026-06-20 23:30:00,0.1634,0.1636,0.1634,0.1635,36265.6
2026-06-20 23:35:00,0.1634,0.1635,0.1634,0.1635,67762.0
2026-06-20 23:40:00,0.1635,0.1635,0.1633,0.1635,95510.6
2026-06-20 23:45:00,0.1634,0.1634,0.163,0.1632,104586.1
2026-06-20 23:50:00,0.1632,0.1633,0.1631,0.1632,18415.3
2026-06-20 23:55:00,0.1632,0.1633,0.1631,0.1633,42877.4
2026-06-21 00:00:00,0.1633,0.1634,0.1631,0.1633,238036.2
2026-06-21 00:05:00,0.1633,0.1634,0.1632,0.1633,257081.2
2026-06-21 00:10:00,0.1633,0.1636,0.1633,0.1635,37127.9
2026-06-21 00:15:00,0.1635,0.1636,0.1633,0.1635,173245.6
2026-06-21 00:20:00,0.1635,0.1635,0.1631,0.1631,328658.4
2026-06-21 00:25:00,0.1631,0.1633,0.163,0.1633,18914.6
2026-06-21 00:30:00,0.1633,0.1633,0.163,0.1631,438969.3
2026-06-21 00:35:00,0.1631,0.1633,0.163,0.1633,43500.3
2026-06-21 00:40:00,0.1632,0.1632,0.163,0.1631,392672.1
2026-06-21 00:45:00,0.1632,0.1633,0.163,0.1633,240624.5
2026-06-21 00:50:00,0.1633,0.1634,0.1633,0.1633,211608.4
2026-06-21 00:55:00,0.1633,0.1636,0.1631,0.1634,142366.0
2026-06-21 01:00:00,0.1635,0.1635,0.1631,0.1631,373090.1
2026-06-21 01:05:00,0.1631,0.1631,0.1629,0.163,78174.1
2026-06-21 01:10:00,0.163,0.163,0.1628,0.1629,46083.0
2026-06-21 01:15:00,0.1628,0.1631,0.1628,0.1631,72229.7
2026-06-21 01:20:00,0.1631,0.1632,0.163,0.1632,33952.8
2026-06-21 01:25:00,0.1632,0.1632,0.1628,0.1628,155739.9
2026-06-21 01:30:00,0.1628,0.163,0.1625,0.163,440487.9
2026-06-21 01:35:00,0.163,0.1633,0.1629,0.163,122084.8
2026-06-21 01:40:00,0.1629,0.163,0.1628,0.163,161063.4
2026-06-21 01:45:00,0.163,0.1631,0.1628,0.163,315774.7
2026-06-21 01:50:00,0.163,0.1631,0.1629,0.1631,22307.3
2026-06-21 01:55:00,0.163,0.1631,0.163,0.163,23197.9
2026-06-21 02:00:00,0.163,0.163,0.1627,0.1629,178079.6
2026-06-21 02:05:00,0.1629,0.163,0.1627,0.1628,208912.4
2026-06-21 02:10:00,0.1627,0.1629,0.1627,0.1627,84755.8
2026-06-21 02:15:00,0.1628,0.1628,0.1625,0.1627,130954.2
2026-06-21 02:20:00,0.1626,0.1626,0.1625,0.1625,73930.4
2026-06-21 02:25:00,0.1625,0.1626,0.1624,0.1625,22131.2
2026-06-21 02:30:00,0.1626,0.1626,0.1623,0.1623,87058.0
2026-06-21 02:35:00,0.1624,0.1625,0.1623,0.1624,42689.5
2026-06-21 02:40:00,0.1623,0.1625,0.1623,0.1624,65777.9
2026-06-21 02:45:00,0.1624,0.1627,0.1623,0.1626,193925.6
2026-06-21 02:50:00,0.1626,0.1627,0.1623,0.1623,290131.4
2026-06-21 02:55:00,0.1624,0.1625,0.1623,0.1623,64017.5
2026-06-21 03:00:00,0.1624,0.1624,0.162,0.1622,277304.9
2026-06-21 03:05:00,0.1622,0.1624,0.1621,0.1621,36771.9
2026-06-21 03:10:00,0.1621,0.1624,0.162,0.1624,125382.8
2026-06-21 03:15:00,0.1624,0.1626,0.1621,0.1626,226926.9
2026-06-21 03:20:00,0.1626,0.1633,0.1625,0.1629,634253.2
2026-06-21 03:25:00,0.163,0.1631,0.1628,0.1629,128486.5
2026-06-21 03:30:00,0.1629,0.163,0.1625,0.1627,299076.2
2026-06-21 03:35:00,0.1627,0.1628,0.1625,0.1625,376308.9
2026-06-21 03:40:00,0.1625,0.1628,0.1624,0.1627,521678.6
2026-06-21 03:45:00,0.1628,0.1628,0.1626,0.1627,195953.1
2026-06-21 03:50:00,0.1628,0.1628,0.1626,0.1626,46079.1
2026-06-21 03:55:00,0.1625,0.1627,0.1624,0.1626,309270.2
2026-06-21 04:00:00,0.1627,0.1628,0.1623,0.1623,347040.2
2026-06-21 04:05:00,0.1624,0.1624,0.1621,0.1622,106093.5
2026-06-21 04:10:00,0.1621,0.1622,0.1618,0.162,241156.5
2026-06-21 04:15:00,0.1619,0.1621,0.1618,0.1619,342586.2
2026-06-21 04:20:00,0.1619,0.1621,0.1617,0.1618,212012.6
2026-06-21 04:25:00,0.1619,0.162,0.1618,0.1618,143934.4
2026-06-21 04:30:00,0.1618,0.1618,0.1617,0.1618,217676.3
2026-06-21 04:35:00,0.1618,0.162,0.1616,0.1618,863750.5
2026-06-21 04:40:00,0.1619,0.1619,0.1615,0.1616,133660.2
2026-06-21 04:45:00,0.1616,0.1616,0.1612,0.1614,209933.1
2026-06-21 04:50:00,0.1614,0.1614,0.1606,0.1611,1773854.2
2026-06-21 04:55:00,0.161,0.1611,0.1608,0.161,246440.0
2026-06-21 05:00:00,0.161,0.161,0.1605,0.1607,544173.6
2026-06-21 05:05:00,0.1607,0.1607,0.1605,0.1606,240702.4
2026-06-21 05:10:00,0.1606,0.1607,0.1603,0.1604,532536.5
2026-06-21 05:15:00,0.1604,0.1605,0.1601,0.1604,871969.5
2026-06-21 05:20:00,0.1604,0.1606,0.1602,0.1606,603020.9
2026-06-21 05:25:00,0.1605,0.1607,0.1604,0.1607,118887.8
2026-06-21 05:30:00,0.1607,0.1609,0.1606,0.1609,354507.4
2026-06-21 05:35:00,0.1609,0.161,0.1607,0.1607,1023168.2
2026-06-21 05:40:00,0.1607,0.1609,0.1606,0.1608,336281.1
2026-06-21 05:45:00,0.1608,0.1608,0.1603,0.1606,255629.4
2026-06-21 05:50:00,0.1605,0.1606,0.1603,0.1604,162695.9
2026-06-21 05:55:00,0.1604,0.1606,0.1603,0.1606,73356.5
2026-06-21 06:00:00,0.1606,0.1608,0.1605,0.1607,159329.5
2026-06-21 06:05:00,0.1608,0.1609,0.1607,0.1607,268154.9
2026-06-21 06:10:00,0.1607,0.1608,0.1606,0.1607,50985.8
2026-06-21 06:15:00,0.1607,0.1609,0.1606,0.1609,167666.8
2026-06-21 06:20:00,0.1608,0.1608,0.1607,0.1608,86313.2
2026-06-21 06:25:00,0.1608,0.161,0.1608,0.161,116511.3
2026-06-21 06:30:00,0.161,0.161,0.1608,0.1609,50012.1
2026-06-21 06:35:00,0.1609,0.1612,0.1609,0.1612,143039.0
2026-06-21 06:40:00,0.1612,0.1614,0.1612,0.1613,236777.0
2026-06-21 06:45:00,0.1613,0.1613,0.161,0.1611,139690.1
2026-06-21 06:50:00,0.1612,0.1614,0.1612,0.1614,76927.2
2026-06-21 06:55:00,0.1614,0.1616,0.1613,0.1615,92830.5
2026-06-21 07:00:00,0.1615,0.1616,0.1612,0.1612,327332.0
2026-06-21 07:05:00,0.1613,0.1616,0.1611,0.1611,373768.1
2026-06-21 07:10:00,0.1611,0.1613,0.1611,0.1611,137948.4
2026-06-21 07:15:00,0.1611,0.1613,0.161,0.1612,100654.1
2026-06-21 07:20:00,0.1611,0.1611,0.1609,0.1609,123783.8
2026-06-21 07:25:00,0.1609,0.1612,0.1609,0.1612,336344.6
2026-06-21 07:30:00,0.1612,0.1618,0.1612,0.1618,242809.0
2026-06-21 07:35:00,0.1618,0.1619,0.1618,0.1618,149149.8
2026-06-21 07:40:00,0.1618,0.1621,0.1618,0.1621,277427.4
2026-06-21 07:45:00,0.1621,0.1623,0.1619,0.162,1564893.5
2026-06-21 07:50:00,0.1619,0.1619,0.1615,0.1616,463105.1
2026-06-21 07:55:00,0.1616,0.1616,0.1615,0.1616,49415.2
2026-06-21 08:00:00,0.1616,0.1616,0.1614,0.1615,42114.6
2026-06-21 08:05:00,0.1614,0.1617,0.1614,0.1615,166469.3
2026-06-21 08:10:00,0.1615,0.1615,0.1613,0.1613,112630.4
2026-06-21 08:15:00,0.1613,0.1613,0.1609,0.1609,221383.4
2026-06-21 08:20:00,0.1609,0.161,0.1608,0.161,145383.7
2026-06-21 08:25:00,0.1609,0.1609,0.1606,0.1607,162254.7
2026-06-21 08:30:00,0.1606,0.1608,0.1605,0.1605,362942.7
2026-06-21 08:35:00,0.1604,0.1607,0.16,0.1606,1077482.5
2026-06-21 08:40:00,0.1605,0.1609,0.1605,0.1609,95298.6
2026-06-21 08:45:00,0.1608,0.1608,0.1605,0.1606,137268.5
2026-06-21 08:50:00,0.1606,0.1609,0.1605,0.1609,67253.5
2026-06-21 08:55:00,0.1609,0.1611,0.1609,0.1611,92673.7
2026-06-21 09:00:00,0.1611,0.1612,0.1608,0.161,575061.8
2026-06-21 09:05:00,0.161,0.1612,0.1608,0.1609,385086.8
2026-06-21 09:10:00,0.1608,0.1609,0.1607,0.1609,94968.3
2026-06-21 09:15:00,0.1608,0.1612,0.1607,0.1611,119800.5
2026-06-21 09:20:00,0.161,0.1612,0.1609,0.1609,42885.2
2026-06-21 09:25:00,0.161,0.1612,0.1607,0.1609,319788.1
2026-06-21 09:30:00,0.1609,0.1613,0.1609,0.1611,64953.6
2026-06-21 09:35:00,0.1612,0.1617,0.1611,0.1616,460663.3
2026-06-21 09:40:00,0.1616,0.1619,0.1615,0.1616,419810.6
2026-06-21 09:45:00,0.1617,0.1619,0.1616,0.1618,206856.5
2026-06-21 09:50:00,0.1618,0.1618,0.1616,0.1617,631173.6
2026-06-21 09:55:00,0.1618,0.162,0.1618,0.162,158277.5
2026-06-21 10:00:00,0.1619,0.1621,0.1618,0.1618,200402.2
2026-06-21 10:05:00,0.1619,0.1621,0.1619,0.1621,93414.7
2026-06-21 10:10:00,0.1622,0.1624,0.162,0.1623,194513.5
2026-06-21 10:15:00,0.1623,0.1625,0.1622,0.1624,328963.5
2026-06-21 10:20:00,0.1623,0.1626,0.1621,0.1625,1171079.2
2026-06-21 10:25:00,0.1624,0.1624,0.1622,0.1622,178670.7
2026-06-21 10:30:00,0.1621,0.1622,0.162,0.1621,98940.3
2026-06-21 10:35:00,0.162,0.1622,0.1619,0.1621,628438.1
2026-06-21 10:40:00,0.1622,0.1623,0.1621,0.1621,206645.6
2026-06-21 10:45:00,0.1622,0.1623,0.1621,0.1621,33872.7
2026-06-21 10:50:00,0.1622,0.1622,0.1618,0.1618,266799.9
2026-06-21 10:55:00,0.1617,0.1617,0.1613,0.1614,645210.2
2026-06-21 11:00:00,0.1615,0.1616,0.1612,0.1612,198187.2
2026-06-21 11:05:00,0.1613,0.1615,0.1612,0.1614,107129.8
2026-06-21 11:10:00,0.1614,0.162,0.1614,0.1618,680575.0
2026-06-21 11:15:00,0.1618,0.1618,0.1608,0.1612,568925.4
2026-06-21 11:20:00,0.1612,0.1615,0.1612,0.1614,138633.9
2026-06-21 11:25:00,0.1613,0.1617,0.1613,0.1617,155078.1
2026-06-21 11:30:00,0.1616,0.1617,0.1612,0.1613,101040.0
2026-06-21 11:35:00,0.1613,0.1615,0.1612,0.1614,359673.0
2026-06-21 11:40:00,0.1613,0.1615,0.1612,0.1615,63987.5
2026-06-21 11:45:00,0.1615,0.1615,0.1613,0.1615,70568.0
2026-06-21 11:50:00,0.1615,0.1615,0.161,0.1612,101255.5
2026-06-21 11:55:00,0.1612,0.1613,0.1608,0.161,321973.3
2026-06-21 12:00:00,0.1609,0.1611,0.1608,0.161,113031.1
2026-06-21 12:05:00,0.161,0.1612,0.161,0.1612,112791.5
2026-06-21 12:10:00,0.1611,0.1612,0.1608,0.1609,166275.6
2026-06-21 12:15:00,0.1609,0.1609,0.1606,0.1607,927504.2
2026-06-21 12:20:00,0.1607,0.1607,0.1605,0.1606,95962.6
2026-06-21 12:25:00,0.1607,0.1608,0.1606,0.1606,272147.0
2026-06-21 12:30:00,0.1607,0.1609,0.1605,0.1606,136524.2
2026-06-21 12:35:00,0.1606,0.1606,0.1603,0.1605,437888.4
2026-06-21 12:40:00,0.1605,0.1607,0.1604,0.1605,158912.7
2026-06-21 12:45:00,0.1606,0.1607,0.1605,0.1606,231317.5
2026-06-21 12:50:00,0.1606,0.1611,0.1605,0.161,323726.6
2026-06-21 12:55:00,0.1609,0.1613,0.1608,0.1612,162221.7
2026-06-21 13:00:00,0.1612,0.1612,0.1609,0.161,126574.5
2026-06-21 13:05:00,0.1611,0.1617,0.1611,0.1616,163224.1
2026-06-21 13:10:00,0.1617,0.1617,0.1614,0.1614,74399.5
2026-06-21 13:15:00,0.1615,0.1618,0.1615,0.1617,69063.5
2026-06-21 13:20:00,0.1618,0.1618,0.1614,0.1614,87862.2
2026-06-21 13:25:00,0.1615,0.1617,0.1614,0.1617,72253.3
2026-06-21 13:30:00,0.1618,0.1619,0.1615,0.1616,158137.3
2026-06-21 13:35:00,0.1616,0.1616,0.1615,0.1615,55244.0
2026-06-21 13:40:00,0.1615,0.1617,0.1615,0.1615,78309.5
2026-06-21 13:45:00,0.1614,0.1616,0.1614,0.1614,152923.1
2026-06-21 13:50:00,0.1614,0.1616,0.1613,0.1615,92639.3
2026-06-21 13:55:00,0.1616,0.1618,0.1615,0.1618,188801.5
2026-06-21 14:00:00,0.1617,0.1619,0.1617,0.1619,148960.7
2026-06-21 14:05:00,0.1618,0.1619,0.1617,0.1618,99797.7
2026-06-21 14:10:00,0.1618,0.1618,0.1615,0.1615,67624.0
2026-06-21 14:15:00,0.1615,0.1617,0.1614,0.1615,237523.6
2026-06-21 14:20:00,0.1615,0.1622,0.1615,0.1622,99583.3
2026-06-21 14:25:00,0.1622,0.1622,0.1617,0.1617,57891.4
2026-06-21 14:30:00,0.1618,0.1621,0.1617,0.162,215065.6
2026-06-21 14:35:00,0.162,0.1621,0.1617,0.1618,265103.4
2026-06-21 14:40:00,0.1618,0.1619,0.1617,0.1618,60081.2
2026-06-21 14:45:00,0.1619,0.1619,0.1617,0.1618,60239.9
2026-06-21 14:50:00,0.1619,0.162,0.1618,0.162,90363.1
2026-06-21 14:55:00,0.162,0.1622,0.162,0.1621,59479.5
2026-06-21 15:00:00,0.1622,0.1626,0.1621,0.1626,465372.1
2026-06-21 15:05:00,0.1626,0.1629,0.1623,0.1624,191349.9
2026-06-21 15:10:00,0.1623,0.1626,0.1622,0.1622,274264.6
2026-06-21 15:15:00,0.1623,0.1626,0.1623,0.1624,116315.8
2026-06-21 15:20:00,0.1624,0.1624,0.1621,0.1622,110718.3
2026-06-21 15:25:00,0.1623,0.1626,0.1622,0.1624,147829.7
2026-06-21 15:30:00,0.1624,0.1625,0.1622,0.1623,60171.0
2026-06-21 15:35:00,0.1622,0.1624,0.1622,0.1623,180177.5
2026-06-21 15:40:00,0.1624,0.1627,0.1622,0.1625,794545.2
2026-06-21 15:45:00,0.1625,0.1626,0.1623,0.1623,375225.5
2026-06-21 15:50:00,0.1623,0.1624,0.1622,0.1624,66092.4
2026-06-21 15:55:00,0.1623,0.1625,0.1622,0.1623,131338.0
2026-06-21 16:00:00,0.1624,0.1624,0.1622,0.1624,62067.5
2026-06-21 16:05:00,0.1624,0.1624,0.1621,0.1621,131994.1
2026-06-21 16:10:00,0.1621,0.1622,0.1617,0.1618,183933.4
2026-06-21 16:15:00,0.1617,0.1619,0.1617,0.1617,201593.9
2026-06-21 16:20:00,0.1616,0.1617,0.1615,0.1617,102672.7
2026-06-21 16:25:00,0.1617,0.1618,0.1616,0.1617,70251.8
2026-06-21 16:30:00,0.1616,0.1617,0.1609,0.161,320759.2
2026-06-21 16:35:00,0.161,0.1613,0.1609,0.161,116716.3
2026-06-21 16:40:00,0.161,0.1615,0.161,0.1614,121442.9
2026-06-21 16:45:00,0.1614,0.1616,0.1613,0.1614,183280.7
2026-06-21 16:50:00,0.1614,0.1619,0.1614,0.1616,449433.8
2026-06-21 16:55:00,0.1616,0.1618,0.1615,0.1616,322208.6
2026-06-21 17:00:00,0.1615,0.1621,0.1614,0.162,222469.8
2026-06-21 17:05:00,0.1621,0.1622,0.162,0.1621,175897.2
2026-06-21 17:10:00,0.1621,0.1624,0.162,0.1623,38321.8
2026-06-21 17:15:00,0.1623,0.1624,0.1619,0.1619,234681.8
2026-06-21 17:20:00,0.162,0.1621,0.1619,0.162,114825.3
2026-06-21 17:25:00,0.162,0.1621,0.162,0.162,35750.5
2026-06-21 17:30:00,0.162,0.162,0.1617,0.1618,48748.9
2026-06-21 17:35:00,0.1618,0.1618,0.1615,0.1615,89857.0
2026-06-21 17:40:00,0.1615,0.1617,0.1612,0.1616,150658.7
2026-06-21 17:45:00,0.1617,0.1619,0.1617,0.1618,35904.3
2026-06-21 17:50:00,0.1618,0.162,0.1617,0.1619,85906.6
2026-06-21 17:55:00,0.1619,0.1619,0.1615,0.1615,88105.4
2026-06-21 18:00:00,0.1614,0.1616,0.1609,0.1609,165806.7
2026-06-21 18:05:00,0.161,0.1613,0.1609,0.161,146051.9
2026-06-21 18:10:00,0.161,0.1613,0.161,0.1612,91377.3
2026-06-21 18:15:00,0.1613,0.1614,0.1612,0.1613,255263.8
2026-06-21 18:20:00,0.1613,0.1614,0.1612,0.1613,40274.7
2026-06-21 18:25:00,0.1613,0.1615,0.1613,0.1613,123422.0
2026-06-21 18:30:00,0.1614,0.1621,0.1613,0.1619,109085.3
2026-06-21 18:35:00,0.1619,0.162,0.1617,0.1618,65749.3
2026-06-21 18:40:00,0.1618,0.1619,0.1617,0.1618,46474.0
2026-06-21 18:45:00,0.1618,0.162,0.1616,0.1619,219049.5
2026-06-21 18:50:00,0.162,0.162,0.1617,0.162,79034.1
2026-06-21 18:55:00,0.162,0.1621,0.1619,0.1621,88180.2
2026-06-21 19:00:00,0.1622,0.1625,0.162,0.1622,458729.9
2026-06-21 19:05:00,0.1622,0.1623,0.1621,0.1622,144548.7
2026-06-21 19:10:00,0.1622,0.1625,0.1622,0.1624,60983.1
2026-06-21 19:15:00,0.1624,0.1624,0.1621,0.1621,51956.5
2026-06-21 19:20:00,0.1622,0.1622,0.1619,0.162,159014.6
2026-06-21 19:25:00,0.162,0.1621,0.1619,0.1621,115767.9
2026-06-21 19:30:00,0.1621,0.1621,0.1618,0.1618,86276.7
2026-06-21 19:35:00,0.1619,0.1619,0.1617,0.1618,376702.1
2026-06-21 19:40:00,0.1618,0.1621,0.1618,0.1621,57668.8
2026-06-21 19:45:00,0.1621,0.1621,0.162,0.1621,13655.0
2026-06-21 19:50:00,0.1621,0.1622,0.162,0.162,70631.2
2026-06-21 19:55:00,0.162,0.1621,0.162,0.162,26194.2
2026-06-21 20:00:00,0.162,0.1622,0.1618,0.1619,109366.1
2026-06-21 20:05:00,0.162,0.1623,0.1619,0.162,230144.8
2026-06-21 20:10:00,0.1619,0.1619,0.1616,0.1616,142482.9
2026-06-21 20:15:00,0.1617,0.1618,0.1612,0.1613,217199.0
2026-06-21 20:20:00,0.1612,0.1615,0.1612,0.1614,47694.1
2026-06-21 20:25:00,0.1614,0.1616,0.1614,0.1616,87082.6
2026-06-21 20:30:00,0.1616,0.1616,0.1612,0.1612,172162.1
2026-06-21 20:35:00,0.1613,0.1614,0.1612,0.1613,70402.6
2026-06-21 20:40:00,0.1612,0.1612,0.1611,0.1612,141882.6
2026-06-21 20:45:00,0.1611,0.1612,0.1604,0.1606,530694.1
2026-06-21 20:50:00,0.1607,0.1608,0.1604,0.1607,337404.3
2026-06-21 20:55:00,0.1608,0.1609,0.1605,0.1607,111626.7
2026-06-21 21:00:00,0.1606,0.1608,0.1605,0.1606,65981.3
2026-06-21 21:05:00,0.1606,0.1606,0.1585,0.1588,3505502.9
2026-06-21 21:10:00,0.1588,0.1596,0.1587,0.1594,706776.9
2026-06-21 21:15:00,0.1594,0.1595,0.1586,0.1592,1951251.8
2026-06-21 21:20:00,0.1591,0.1598,0.159,0.1597,588810.2
2026-06-21 21:25:00,0.1597,0.1597,0.1589,0.1592,475027.3
2026-06-21 21:30:00,0.1592,0.1596,0.1592,0.1593,816959.7
2026-06-21 21:35:00,0.1593,0.1601,0.1586,0.1601,1514292.2
2026-06-21 21:40:00,0.1601,0.1606,0.16,0.1601,996082.7
2026-06-21 21:45:00,0.1601,0.1601,0.1596,0.1601,857053.8
2026-06-21 21:50:00,0.1601,0.1602,0.1596,0.1596,82823.9
2026-06-21 21:55:00,0.1596,0.1597,0.1593,0.1596,413391.5
2026-06-21 22:00:00,0.1596,0.1599,0.1589,0.1598,718776.6
2026-06-21 22:05:00,0.1598,0.1599,0.159,0.159,364503.1
2026-06-21 22:10:00,0.1591,0.1595,0.159,0.1593,357280.7
2026-06-21 22:15:00,0.1593,0.1596,0.1592,0.1595,620786.4
2026-06-21 22:20:00,0.1594,0.1599,0.1593,0.1593,500759.0
2026-06-21 22:25:00,0.1593,0.1595,0.1591,0.1593,567858.8
2026-06-21 22:30:00,0.1592,0.1592,0.1581,0.1584,1891200.1
2026-06-21 22:35:00,0.1584,0.1586,0.1583,0.1584,388742.3
2026-06-21 22:40:00,0.1584,0.1589,0.1584,0.1587,344285.2
2026-06-21 22:45:00,0.1587,0.1588,0.1585,0.1587,293865.3
2026-06-21 22:50:00,0.1588,0.1593,0.1588,0.1593,147949.7
2026-06-21 22:55:00,0.1593,0.1594,0.159,0.159,443702.2
2026-06-21 23:00:00,0.159,0.1591,0.1584,0.1587,808564.4
2026-06-21 23:05:00,0.1588,0.159,0.1586,0.1588,239608.8
2026-06-21 23:10:00,0.1588,0.1588,0.1577,0.1581,1851498.3
2026-06-21 23:15:00,0.158,0.1584,0.1578,0.1582,782320.2
2026-06-21 23:20:00,0.1582,0.1588,0.1582,0.1586,216286.8
2026-06-21 23:25:00,0.1587,0.1587,0.1582,0.1584,428100.4
2026-06-21 23:30:00,0.1583,0.1584,0.157,0.1572,2133483.0
2026-06-21 23:35:00,0.1573,0.1576,0.157,0.1573,1307982.6
2026-06-21 23:40:00,0.1573,0.1575,0.1573,0.1574,206497.4
2026-06-21 23:45:00,0.1573,0.1576,0.1571,0.1575,537385.5
2026-06-21 23:50:00,0.1575,0.1575,0.1571,0.1571,462409.1
2026-06-21 23:55:00,0.157,0.157,0.1563,0.1566,1773515.7
2026-06-22 00:00:00,0.1566,0.1573,0.1566,0.1573,1304473.6
2026-06-22 00:05:00,0.1572,0.1575,0.1571,0.1575,806758.9
2026-06-22 00:10:00,0.1575,0.1575,0.157,0.1573,1044437.5
2026-06-22 00:15:00,0.1572,0.1584,0.1571,0.1581,415768.4
2026-06-22 00:20:00,0.1581,0.1583,0.1579,0.1583,469490.8
2026-06-22 00:25:00,0.1583,0.1586,0.1582,0.1585,309511.8
2026-06-22 00:30:00,0.1586,0.1588,0.1584,0.1584,448172.1
2026-06-22 00:35:00,0.1584,0.1596,0.1584,0.1592,1883136.5
2026-06-22 00:40:00,0.1593,0.1594,0.1591,0.1592,201357.2
2026-06-22 00:45:00,0.1592,0.1594,0.1591,0.1592,1003819.8
2026-06-22 00:50:00,0.1591,0.1591,0.1589,0.1591,143232.2
2026-06-22 00:55:00,0.1591,0.1597,0.1591,0.1595,253225.8
2026-06-22 01:00:00,0.1595,0.16,0.1595,0.1597,391796.8
2026-06-22 01:05:00,0.1597,0.1597,0.1593,0.1594,961320.9
2026-06-22 01:10:00,0.1593,0.1595,0.1591,0.1593,302773.3
2026-06-22 01:15:00,0.1593,0.1603,0.1593,0.16,607766.5
2026-06-22 01:20:00,0.16,0.1611,0.16,0.161,812862.6
2026-06-22 01:25:00,0.161,0.163,0.161,0.1618,2902679.2
2026-06-22 01:30:00,0.1618,0.1619,0.1609,0.1611,646755.7
2026-06-22 01:35:00,0.1611,0.1613,0.1607,0.1612,407220.9
2026-06-22 01:40:00,0.1613,0.1615,0.1611,0.1612,354427.5
2026-06-22 01:45:00,0.1612,0.1613,0.1609,0.1612,241417.7
2026-06-22 01:50:00,0.1612,0.1613,0.1609,0.1612,232579.9
2026-06-22 01:55:00,0.1612,0.1612,0.161,0.1612,177995.8
2026-06-22 02:00:00,0.1612,0.1613,0.1607,0.1611,413385.6
2026-06-22 02:05:00,0.1611,0.1611,0.1604,0.1606,712241.3
2026-06-22 02:10:00,0.1605,0.1606,0.1603,0.1604,217459.3
2026-06-22 02:15:00,0.1603,0.161,0.1603,0.1608,578386.1
2026-06-22 02:20:00,0.1608,0.1608,0.1604,0.1606,178559.1
2026-06-22 02:25:00,0.1606,0.1609,0.1605,0.1605,176220.6
2026-06-22 02:30:00,0.1606,0.1606,0.1603,0.1604,152773.4
2026-06-22 02:35:00,0.1603,0.1606,0.1603,0.1606,119845.5
2026-06-22 02:40:00,0.1605,0.1608,0.1603,0.1604,222032.3
2026-06-22 02:45:00,0.1604,0.1604,0.16,0.1602,398582.4
2026-06-22 02:50:00,0.1601,0.1601,0.1598,0.16,245557.0
2026-06-22 02:55:00,0.16,0.1601,0.1597,0.1597,36729.2
2026-06-22 03:00:00,0.1597,0.1598,0.1588,0.1595,365156.0
2026-06-22 03:05:00,0.1596,0.1596,0.159,0.1592,180760.0
2026-06-22 03:10:00,0.1592,0.1595,0.1591,0.1592,169546.8
2026-06-22 03:15:00,0.1591,0.1598,0.1591,0.1598,201441.4
2026-06-22 03:20:00,0.1598,0.1599,0.1596,0.1597,204968.1
2026-06-22 03:25:00,0.1597,0.1601,0.1596,0.1597,730412.3
2026-06-22 03:30:00,0.1597,0.1602,0.1597,0.1598,221974.7
2026-06-22 03:35:00,0.1598,0.1599,0.1594,0.1595,49263.2
2026-06-22 03:40:00,0.1594,0.1595,0.1588,0.1589,207575.9
2026-06-22 03:45:00,0.1589,0.1589,0.1585,0.1588,577583.0
2026-06-22 03:50:00,0.1588,0.1588,0.1585,0.1586,378295.1
2026-06-22 03:55:00,0.1585,0.1586,0.1579,0.1582,562549.0
2026-06-22 04:00:00,0.1582,0.1584,0.1579,0.1584,426506.2
2026-06-22 04:05:00,0.1583,0.1586,0.1582,0.1586,125281.4
2026-06-22 04:10:00,0.1586,0.1588,0.1585,0.1586,94561.0
2026-06-22 04:15:00,0.1586,0.1588,0.1585,0.1585,197454.5
2026-06-22 04:20:00,0.1585,0.159,0.1585,0.1589,153749.7
2026-06-22 04:25:00,0.1588,0.1589,0.1586,0.1589,83672.6
2026-06-22 04:30:00,0.1589,0.1592,0.1588,0.159,130045.4
2026-06-22 04:35:00,0.159,0.1591,0.1588,0.1588,40268.7
2026-06-22 04:40:00,0.1587,0.1589,0.1584,0.1585,322527.1
2026-06-22 04:45:00,0.1585,0.1591,0.1585,0.1591,110759.0
2026-06-22 04:50:00,0.1591,0.1592,0.1589,0.1592,213688.8
2026-06-22 04:55:00,0.1592,0.1594,0.1591,0.1593,47310.1
2026-06-22 05:00:00,0.1593,0.1594,0.1592,0.1593,182923.4
2026-06-22 05:05:00,0.1593,0.16,0.1593,0.1599,191473.1
2026-06-22 05:10:00,0.1598,0.1601,0.1598,0.1599,561430.5
2026-06-22 05:15:00,0.16,0.1601,0.1597,0.1599,204052.1
2026-06-22 05:20:00,0.16,0.16,0.1599,0.16,161216.8
2026-06-22 05:25:00,0.16,0.1602,0.1599,0.1599,251937.9
2026-06-22 05:30:00,0.1599,0.1603,0.1598,0.16,127705.1
2026-06-22 05:35:00,0.1601,0.1603,0.1601,0.1601,255160.2
2026-06-22 05:40:00,0.1602,0.1604,0.1601,0.1603,64167.1
2026-06-22 05:45:00,0.1603,0.1607,0.1602,0.1606,558241.5
2026-06-22 05:50:00,0.1607,0.1607,0.1604,0.1606,127444.8
2026-06-22 05:55:00,0.1606,0.1606,0.1604,0.1606,326527.5
2026-06-22 06:00:00,0.1607,0.1608,0.1603,0.1603,683624.2
2026-06-22 06:05:00,0.1604,0.1605,0.16,0.1605,558173.9
2026-06-22 06:10:00,0.1605,0.1606,0.1603,0.1603,90138.9
2026-06-22 06:15:00,0.1603,0.1604,0.1599,0.1601,229318.7
2026-06-22 06:20:00,0.16,0.1603,0.1598,0.1602,430512.1
2026-06-22 06:25:00,0.1601,0.1604,0.1601,0.1602,66014.8
2026-06-22 06:30:00,0.1602,0.1605,0.1599,0.1603,758244.3
2026-06-22 06:35:00,0.1603,0.1605,0.1602,0.1604,72064.6
2026-06-22 06:40:00,0.1605,0.1605,0.1603,0.1603,131142.8
2026-06-22 06:45:00,0.1603,0.1604,0.1601,0.1602,610321.6
2026-06-22 06:50:00,0.1603,0.1604,0.1601,0.1604,75886.3
2026-06-22 06:55:00,0.1603,0.1606,0.1603,0.1604,202911.2
2026-06-22 07:00:00,0.1603,0.1609,0.1602,0.1608,267018.5
2026-06-22 07:05:00,0.1608,0.1611,0.1607,0.161,127680.6
2026-06-22 07:10:00,0.161,0.1616,0.1609,0.1614,569808.0
2026-06-22 07:15:00,0.1614,0.1616,0.1613,0.1615,362882.2
2026-06-22 07:20:00,0.1614,0.1616,0.1614,0.1615,135422.4
2026-06-22 07:25:00,0.1615,0.162,0.1614,0.1618,375056.3
2026-06-22 07:30:00,0.1618,0.1621,0.1615,0.1616,1255359.1
2026-06-22 07:35:00,0.1616,0.1617,0.1615,0.1616,21825.5
2026-06-22 07:40:00,0.1616,0.1617,0.1613,0.1614,65973.2
2026-06-22 07:45:00,0.1613,0.1617,0.1613,0.1616,115423.4
2026-06-22 07:50:00,0.1616,0.1619,0.1615,0.1616,329439.8
2026-06-22 07:55:00,0.1616,0.1618,0.1615,0.1618,143673.0
2026-06-22 08:00:00,0.1618,0.1618,0.1611,0.1611,307503.5
2026-06-22 08:05:00,0.1612,0.1614,0.1609,0.1613,202428.2
2026-06-22 08:10:00,0.1613,0.1615,0.1611,0.1615,291610.5
2026-06-22 08:15:00,0.1614,0.1615,0.1611,0.1613,322615.3
2026-06-22 08:20:00,0.1613,0.1616,0.1613,0.1616,81424.3
2026-06-22 08:25:00,0.1616,0.1618,0.1612,0.1612,320401.1
2026-06-22 08:30:00,0.1612,0.1613,0.1611,0.1613,148851.1
2026-06-22 08:35:00,0.1613,0.1613,0.1607,0.1609,420736.5
2026-06-22 08:40:00,0.1609,0.1614,0.1609,0.1613,190105.2
2026-06-22 08:45:00,0.1613,0.1616,0.1611,0.1612,144804.1
2026-06-22 08:50:00,0.1613,0.1614,0.1612,0.1613,24746.6
2026-06-22 08:55:00,0.1613,0.1613,0.1612,0.1612,26585.8
2026-06-22 09:00:00,0.1613,0.1613,0.161,0.1612,152709.6
2026-06-22 09:05:00,0.1612,0.1612,0.1608,0.1609,239295.8
2026-06-22 09:10:00,0.1609,0.161,0.1607,0.1607,128285.8
2026-06-22 09:15:00,0.1607,0.1608,0.1603,0.1604,503340.0
2026-06-22 09:20:00,0.1604,0.1605,0.1603,0.1604,251132.4
2026-06-22 09:25:00,0.1605,0.1606,0.1603,0.1603,92298.7
2026-06-22 09:30:00,0.1603,0.1608,0.1602,0.1606,242605.1
2026-06-22 09:35:00,0.1606,0.1606,0.1602,0.1602,612147.4
2026-06-22 09:40:00,0.1602,0.1604,0.1601,0.1604,138408.4
2026-06-22 09:45:00,0.1604,0.1605,0.1603,0.1604,147469.0
2026-06-22 09:50:00,0.1604,0.1605,0.1603,0.1605,145798.1
2026-06-22 09:55:00,0.1604,0.1605,0.1603,0.1604,101253.1
2026-06-22 10:00:00,0.1604,0.1606,0.1603,0.1604,199788.1
2026-06-22 10:05:00,0.1605,0.1608,0.1604,0.1607,301195.3
2026-06-22 10:10:00,0.1606,0.1608,0.1606,0.1607,609316.0
2026-06-22 10:15:00,0.1607,0.1608,0.1605,0.1605,110279.7
2026-06-22 10:20:00,0.1604,0.1607,0.1604,0.1606,111821.5
2026-06-22 10:25:00,0.1606,0.1607,0.1605,0.1607,348385.4
2026-06-22 10:30:00,0.1607,0.1607,0.1603,0.1605,191663.7
2026-06-22 10:35:00,0.1605,0.1605,0.1602,0.1603,331416.8
2026-06-22 10:40:00,0.1602,0.1602,0.1598,0.1599,337847.5
2026-06-22 10:45:00,0.1599,0.1603,0.1599,0.1603,543410.2
2026-06-22 10:50:00,0.1602,0.1605,0.1602,0.1604,164362.5
2026-06-22 10:55:00,0.1604,0.1605,0.1602,0.1603,126401.4
2026-06-22 11:00:00,0.1603,0.1604,0.16,0.1603,130861.1
2026-06-22 11:05:00,0.1603,0.1616,0.1603,0.1615,928246.7
2026-06-22 11:10:00,0.1614,0.1615,0.161,0.1613,105979.9
2026-06-22 11:15:00,0.1613,0.1613,0.1609,0.161,172206.1
2026-06-22 11:20:00,0.161,0.1614,0.1609,0.1614,666189.6
2026-06-22 11:25:00,0.1613,0.1619,0.1612,0.1614,1198930.3
2026-06-22 11:30:00,0.1614,0.1622,0.1614,0.162,470837.2
2026-06-22 11:35:00,0.162,0.1624,0.1618,0.162,1025120.5
2026-06-22 11:40:00,0.162,0.162,0.1617,0.162,287002.8
2026-06-22 11:45:00,0.162,0.1622,0.1617,0.1622,433885.7
2026-06-22 11:50:00,0.1622,0.1622,0.1616,0.1617,393454.1
2026-06-22 11:55:00,0.1617,0.1618,0.1615,0.1617,170283.0
2026-06-22 12:00:00,0.1617,0.1622,0.1614,0.1619,1605133.5
2026-06-22 12:05:00,0.1619,0.1619,0.1615,0.1617,131873.3
2026-06-22 12:10:00,0.1617,0.162,0.1615,0.1619,297113.3
2026-06-22 12:15:00,0.1618,0.1621,0.1618,0.1618,255370.5
2026-06-22 12:20:00,0.1618,0.1621,0.1618,0.1621,293885.6
2026-06-22 12:25:00,0.1621,0.1623,0.1619,0.1619,293516.8
2026-06-22 12:30:00,0.1619,0.162,0.1616,0.1619,174491.7
2026-06-22 12:35:00,0.1619,0.1623,0.1619,0.1623,223634.5
2026-06-22 12:40:00,0.1622,0.1625,0.1619,0.1619,522891.6
2026-06-22 12:45:00,0.162,0.1621,0.1617,0.1619,296086.9
2026-06-22 12:50:00,0.162,0.1622,0.1618,0.1619,345545.3
2026-06-22 12:55:00,0.1619,0.1622,0.1618,0.1619,640137.8
2026-06-22 13:00:00,0.1619,0.162,0.1616,0.1618,342391.2
2026-06-22 13:05:00,0.1618,0.1618,0.1613,0.1614,252070.8
2026-06-22 13:10:00,0.1615,0.1619,0.1615,0.1617,645834.6
2026-06-22 13:15:00,0.1617,0.162,0.1616,0.1618,358954.9
2026-06-22 13:20:00,0.1619,0.1622,0.1618,0.162,237917.9
2026-06-22 13:25:00,0.162,0.162,0.1615,0.1616,175683.9
2026-06-22 13:30:00,0.1616,0.1627,0.1616,0.1619,893489.6
2026-06-22 13:35:00,0.1619,0.1629,0.1619,0.1626,931072.0
2026-06-22 13:40:00,0.1626,0.1626,0.1621,0.1625,260311.1
2026-06-22 13:45:00,0.1625,0.1629,0.1625,0.1628,624426.6
2026-06-22 13:50:00,0.1628,0.1633,0.1627,0.1629,946507.3
2026-06-22 13:55:00,0.1629,0.1631,0.1629,0.163,223271.1
2026-06-22 14:00:00,0.1631,0.1632,0.1624,0.1625,761912.4
2026-06-22 14:05:00,0.1625,0.1625,0.1619,0.162,467358.4
2026-06-22 14:10:00,0.1621,0.1622,0.1617,0.1618,708275.7
2026-06-22 14:15:00,0.1618,0.1618,0.1612,0.1614,841226.3
2026-06-22 14:20:00,0.1613,0.1616,0.1611,0.1613,398341.5
2026-06-22 14:25:00,0.1614,0.1615,0.1606,0.1607,583601.5
2026-06-22 14:30:00,0.1607,0.1609,0.1601,0.1607,725817.8
2026-06-22 14:35:00,0.1606,0.1607,0.1597,0.1601,589508.9
2026-06-22 14:40:00,0.1601,0.1603,0.1599,0.16,278940.2
2026-06-22 14:45:00,0.16,0.1603,0.1595,0.1603,295403.5
2026-06-22 14:50:00,0.1603,0.1605,0.1599,0.1599,598842.3
2026-06-22 14:55:00,0.16,0.1604,0.1597,0.1602,271721.9
2026-06-22 15:00:00,0.1602,0.1606,0.1602,0.1604,270740.6
2026-06-22 15:05:00,0.1604,0.1604,0.1595,0.16,887888.9
2026-06-22 15:10:00,0.16,0.1603,0.1598,0.1603,435338.1
2026-06-22 15:15:00,0.1602,0.1603,0.1598,0.1598,219879.9
2026-06-22 15:20:00,0.1598,0.1601,0.1597,0.16,655073.2
2026-06-22 15:25:00,0.1601,0.1601,0.1597,0.1599,978797.3
2026-06-22 15:30:00,0.1599,0.1603,0.1598,0.1601,619542.3
2026-06-22 15:35:00,0.16,0.1602,0.1598,0.1598,97165.8
2026-06-22 15:40:00,0.1599,0.1601,0.1598,0.1599,93253.8
2026-06-22 15:45:00,0.1599,0.1601,0.1589,0.1591,527582.5
2026-06-22 15:50:00,0.1592,0.1595,0.1592,0.1593,186291.0
2026-06-22 15:55:00,0.1593,0.1596,0.1592,0.1595,146528.9
2026-06-22 16:00:00,0.1596,0.1596,0.1588,0.1589,761791.4
2026-06-22 16:05:00,0.1589,0.1591,0.1588,0.1589,268938.0
2026-06-22 16:10:00,0.159,0.1592,0.1587,0.1589,789581.7
2026-06-22 16:15:00,0.1589,0.1595,0.1586,0.1595,309661.2
2026-06-22 16:20:00,0.1594,0.1596,0.1593,0.1594,199044.4
2026-06-22 16:25:00,0.1593,0.1595,0.1591,0.1594,207449.1
2026-06-22 16:30:00,0.1595,0.1595,0.1591,0.1594,155056.7
2026-06-22 16:35:00,0.1593,0.1594,0.159,0.1593,41163.4
2026-06-22 16:40:00,0.1592,0.1592,0.1589,0.1591,240037.7
2026-06-22 16:45:00,0.1591,0.1593,0.1587,0.1591,360430.0
2026-06-22 16:50:00,0.1591,0.1593,0.159,0.1593,139202.2
2026-06-22 16:55:00,0.1593,0.1597,0.1591,0.1595,1191542.2
2026-06-22 17:00:00,0.1595,0.1598,0.1592,0.1596,873074.6
2026-06-22 17:05:00,0.1596,0.1596,0.1591,0.1591,495434.0
2026-06-22 17:10:00,0.1591,0.1593,0.159,0.1592,141418.9
2026-06-22 17:15:00,0.1592,0.1593,0.1591,0.1591,18313.6
2026-06-22 17:20:00,0.1591,0.1592,0.1588,0.159,296593.7
2026-06-22 17:25:00,0.159,0.1591,0.1588,0.1588,318132.2
2026-06-22 17:30:00,0.1587,0.1588,0.1583,0.1588,492597.2
2026-06-22 17:35:00,0.1587,0.159,0.1585,0.1588,145927.2
2026-06-22 17:40:00,0.1588,0.1591,0.1587,0.1591,133420.4
2026-06-22 17:45:00,0.1591,0.1597,0.1591,0.1595,164252.1
2026-06-22 17:50:00,0.1596,0.1599,0.1594,0.1599,89419.6
2026-06-22 17:55:00,0.1599,0.16,0.1595,0.1596,408521.0
2026-06-22 18:00:00,0.1595,0.1599,0.1595,0.1598,104946.7
2026-06-22 18:05:00,0.1599,0.1601,0.1598,0.1598,142745.7
2026-06-22 18:10:00,0.1598,0.1599,0.1598,0.1599,73625.0
2026-06-22 18:15:00,0.1599,0.1601,0.1597,0.1597,126357.5
2026-06-22 18:20:00,0.1598,0.1599,0.1597,0.1598,123104.6
2026-06-22 18:25:00,0.1598,0.1599,0.1593,0.1595,446420.1
2026-06-22 18:30:00,0.1595,0.1595,0.1593,0.1593,219744.6
2026-06-22 18:35:00,0.1593,0.1599,0.1593,0.1596,167317.9
2026-06-22 18:40:00,0.1595,0.1598,0.1595,0.1597,75638.8
2026-06-22 18:45:00,0.1596,0.1597,0.159,0.159,317453.5
2026-06-22 18:50:00,0.1591,0.1592,0.1586,0.1588,284118.3
2026-06-22 18:55:00,0.1587,0.1587,0.1584,0.1584,231912.5
2026-06-22 19:00:00,0.1585,0.1586,0.1582,0.1583,400286.2
2026-06-22 19:05:00,0.1583,0.1583,0.1577,0.1578,1275828.0
2026-06-22 19:10:00,0.1579,0.1584,0.1577,0.1583,1326877.5
2026-06-22 19:15:00,0.1583,0.1586,0.1582,0.1586,229028.2
2026-06-22 19:20:00,0.1587,0.1587,0.1583,0.1587,129512.2
2026-06-22 19:25:00,0.1587,0.1587,0.1583,0.1585,79490.1
2026-06-22 19:30:00,0.1586,0.1589,0.1584,0.1587,224978.3
2026-06-22 19:35:00,0.1588,0.1589,0.1587,0.1587,171141.6
2026-06-22 19:40:00,0.1587,0.1588,0.1586,0.1588,120034.9
2026-06-22 19:45:00,0.1587,0.1587,0.1582,0.1584,156114.1
2026-06-22 19:50:00,0.1584,0.1589,0.1583,0.1588,304026.2
2026-06-22 19:55:00,0.1588,0.1591,0.1588,0.159,196742.2
2026-06-22 20:00:00,0.159,0.1597,0.1589,0.1596,532918.0
2026-06-22 20:05:00,0.1596,0.1596,0.1592,0.1593,125693.0
2026-06-22 20:10:00,0.1593,0.1595,0.1591,0.1594,272882.7
2026-06-22 20:15:00,0.1594,0.1595,0.1593,0.1593,246350.6
2026-06-22 20:20:00,0.1593,0.1593,0.159,0.159,75650.3
2026-06-22 20:25:00,0.159,0.1591,0.1588,0.1591,69174.0
2026-06-22 20:30:00,0.1592,0.1594,0.1591,0.1593,135134.2
2026-06-22 20:35:00,0.1593,0.1594,0.1592,0.1593,139640.2
2026-06-22 20:40:00,0.1593,0.1594,0.1592,0.1592,53316.1
2026-06-22 20:45:00,0.1592,0.1593,0.1591,0.1593,140759.2
2026-06-22 20:50:00,0.1592,0.1592,0.1587,0.159,106001.1
2026-06-22 20:55:00,0.159,0.1592,0.159,0.1591,71246.0
2026-06-22 21:00:00,0.1592,0.1593,0.1591,0.1591,28117.7
2026-06-22 21:05:00,0.1592,0.1592,0.159,0.159,85467.6
2026-06-22 21:10:00,0.1591,0.1591,0.1588,0.159,209184.7
2026-06-22 21:15:00,0.159,0.1591,0.1589,0.1589,62620.0
2026-06-22 21:20:00,0.159,0.159,0.1586,0.1587,99837.6
2026-06-22 21:25:00,0.1587,0.1589,0.1587,0.1588,80099.7
2026-06-22 21:30:00,0.1588,0.1588,0.1586,0.1588,83679.8
2026-06-22 21:35:00,0.1589,0.159,0.1582,0.1584,125377.8
2026-06-22 21:40:00,0.1584,0.1586,0.1583,0.1585,107601.6
2026-06-22 21:45:00,0.1585,0.1589,0.1584,0.1589,89910.5
2026-06-22 21:50:00,0.1589,0.1591,0.1589,0.1591,107685.2
2026-06-22 21:55:00,0.1591,0.1594,0.1591,0.1594,224740.4
2026-06-22 22:00:00,0.1594,0.1601,0.1594,0.1598,421071.1
2026-06-22 22:05:00,0.1598,0.1598,0.1593,0.1597,130353.5
2026-06-22 22:10:00,0.1596,0.1598,0.1595,0.1597,582236.3
2026-06-22 22:15:00,0.1597,0.1597,0.1594,0.1595,70571.2
2026-06-22 22:20:00,0.1595,0.1597,0.1592,0.1595,585858.0
2026-06-22 22:25:00,0.1595,0.1595,0.1581,0.1582,1126344.8
2026-06-22 22:30:00,0.1582,0.1584,0.1577,0.1583,760012.4
2026-06-22 22:35:00,0.1584,0.1584,0.1572,0.1578,1835096.8
2026-06-22 22:40:00,0.1578,0.158,0.1575,0.1577,511984.5
2026-06-22 22:45:00,0.1577,0.1579,0.1577,0.1579,247080.7
2026-06-22 22:50:00,0.1579,0.1581,0.1578,0.158,171060.4
2026-06-22 22:55:00,0.158,0.1582,0.1579,0.158,90909.4
2026-06-22 23:00:00,0.158,0.1581,0.1578,0.158,468191.5
2026-06-22 23:05:00,0.158,0.1582,0.1578,0.1582,261752.3
2026-06-22 23:10:00,0.1582,0.1582,0.1578,0.1578,127050.6
2026-06-22 23:15:00,0.1579,0.1581,0.1577,0.158,404962.9
2026-06-22 23:20:00,0.1581,0.1586,0.1581,0.1584,535998.4
2026-06-22 23:25:00,0.1584,0.1587,0.1584,0.1586,95233.2
2026-06-22 23:30:00,0.1585,0.1585,0.1582,0.1584,96384.4
2026-06-22 23:35:00,0.1583,0.1586,0.1583,0.1585,108015.1
2026-06-22 23:40:00,0.1584,0.1585,0.1583,0.1584,102027.5
2026-06-22 23:45:00,0.1584,0.1585,0.1583,0.1583,95050.1
2026-06-22 23:50:00,0.1584,0.1586,0.1583,0.1586,42212.4
2026-06-22 23:55:00,0.1586,0.1587,0.1585,0.1585,84289.5
2026-06-23 00:00:00,0.1586,0.1587,0.1584,0.1586,602756.0
2026-06-23 00:05:00,0.1586,0.1587,0.1585,0.1586,345811.6
2026-06-23 00:10:00,0.1585,0.1587,0.1583,0.1586,177244.0
2026-06-23 00:15:00,0.1587,0.1588,0.1585,0.1586,33842.5
2026-06-23 00:20:00,0.1585,0.1585,0.1581,0.1582,217520.7
2026-06-23 00:25:00,0.1583,0.1583,0.158,0.1583,486287.8
2026-06-23 00:30:00,0.1582,0.1591,0.1582,0.1588,680802.0
2026-06-23 00:35:00,0.1589,0.1589,0.1585,0.1587,177496.8
2026-06-23 00:40:00,0.1587,0.159,0.1587,0.159,134974.8
2026-06-23 00:45:00,0.1591,0.1591,0.1588,0.1591,132255.9
2026-06-23 00:50:00,0.1591,0.1593,0.1589,0.1591,195046.0
2026-06-23 00:55:00,0.159,0.1592,0.159,0.1592,277992.5
2026-06-23 01:00:00,0.1592,0.1597,0.1592,0.1594,399003.2
2026-06-23 01:05:00,0.1595,0.1595,0.1593,0.1593,177185.4
2026-06-23 01:10:00,0.1593,0.1594,0.1592,0.1593,132627.6
2026-06-23 01:15:00,0.1593,0.1594,0.1592,0.1592,61530.3
2026-06-23 01:20:00,0.1592,0.1596,0.1591,0.1594,190653.9
2026-06-23 01:25:00,0.1594,0.1596,0.1594,0.1596,124060.8
2026-06-23 01:30:00,0.1597,0.1597,0.1595,0.1595,285707.0
2026-06-23 01:35:00,0.1594,0.1594,0.1582,0.1585,924583.6
2026-06-23 01:40:00,0.1584,0.1587,0.1584,0.1585,446164.7
2026-06-23 01:45:00,0.1585,0.1585,0.1579,0.158,658122.6
2026-06-23 01:50:00,0.1579,0.1588,0.1576,0.1587,547249.3
2026-06-23 01:55:00,0.1587,0.1592,0.1587,0.1589,757606.3
2026-06-23 02:00:00,0.159,0.1591,0.1588,0.159,231741.6
2026-06-23 02:05:00,0.159,0.1591,0.1586,0.1587,88158.9
2026-06-23 02:10:00,0.1588,0.1588,0.1583,0.1588,1232557.6
2026-06-23 02:15:00,0.1588,0.1591,0.1587,0.1588,70379.8
2026-06-23 02:20:00,0.1588,0.1591,0.1587,0.159,378882.1
2026-06-23 02:25:00,0.1589,0.1591,0.1589,0.159,104880.2
2026-06-23 02:30:00,0.159,0.1592,0.1588,0.1592,40529.0
2026-06-23 02:35:00,0.1591,0.1591,0.1589,0.159,38858.8
2026-06-23 02:40:00,0.1591,0.1594,0.1591,0.1593,67640.7
2026-06-23 02:45:00,0.1592,0.1592,0.159,0.1591,146304.5
2026-06-23 02:50:00,0.1591,0.1594,0.1591,0.1593,25945.6
2026-06-23 02:55:00,0.1594,0.1595,0.1592,0.1593,182056.3
2026-06-23 03:00:00,0.1593,0.1594,0.1589,0.159,214254.2
2026-06-23 03:05:00,0.159,0.1591,0.1588,0.1588,140049.6
2026-06-23 03:10:00,0.1588,0.1592,0.1587,0.1592,64754.1
2026-06-23 03:15:00,0.1592,0.1595,0.159,0.1593,170247.7
2026-06-23 03:20:00,0.1592,0.1592,0.1589,0.1589,103215.4
2026-06-23 03:25:00,0.159,0.1593,0.159,0.1593,140761.3
2026-06-23 03:30:00,0.1592,0.1596,0.159,0.1593,253678.7
2026-06-23 03:35:00,0.1592,0.1595,0.1592,0.1593,142766.4
2026-06-23 03:40:00,0.1594,0.1595,0.1593,0.1594,299817.2
2026-06-23 03:45:00,0.1594,0.1598,0.1594,0.1596,354108.0
2026-06-23 03:50:00,0.1596,0.1599,0.1596,0.1597,768117.5
2026-06-23 03:55:00,0.1596,0.16,0.1596,0.1599,130660.1
2026-06-23 04:00:00,0.16,0.16,0.1598,0.1599,187678.1
2026-06-23 04:05:00,0.1599,0.1601,0.1598,0.1599,73134.9
2026-06-23 04:10:00,0.1599,0.1599,0.1594,0.1599,309743.9
2026-06-23 04:15:00,0.1598,0.1598,0.1594,0.1595,268448.3
2026-06-23 04:20:00,0.1594,0.1596,0.1592,0.1594,265137.5
2026-06-23 04:25:00,0.1595,0.1595,0.1593,0.1594,363252.8
2026-06-23 04:30:00,0.1595,0.1595,0.1589,0.1589,180173.9
2026-06-23 04:35:00,0.1588,0.1589,0.1586,0.1587,327713.1
2026-06-23 04:40:00,0.1588,0.1588,0.1585,0.1585,199862.0
2026-06-23 04:45:00,0.1585,0.1587,0.1584,0.1586,79431.4
2026-06-23 04:50:00,0.1585,0.1585,0.1581,0.1583,580553.3
2026-06-23 04:55:00,0.1584,0.1586,0.1582,0.1583,365783.1
2026-06-23 05:00:00,0.1584,0.1587,0.1584,0.1586,227835.9
2026-06-23 05:05:00,0.1587,0.1588,0.1584,0.1587,83083.3
2026-06-23 05:10:00,0.1587,0.1588,0.1586,0.1586,75551.1
2026-06-23 05:15:00,0.1585,0.1589,0.1583,0.1583,196539.0
2026-06-23 05:20:00,0.1584,0.1586,0.1581,0.1581,414673.8
2026-06-23 05:25:00,0.1581,0.1581,0.1578,0.1579,331353.2
2026-06-23 05:30:00,0.1578,0.158,0.1576,0.1578,302074.5
2026-06-23 05:35:00,0.1578,0.158,0.1574,0.1576,798704.5
2026-06-23 05:40:00,0.1576,0.1578,0.1575,0.1577,86016.4
2026-06-23 05:45:00,0.1577,0.1578,0.1574,0.1577,369364.7
2026-06-23 05:50:00,0.1577,0.1578,0.1574,0.1576,487133.0
2026-06-23 05:55:00,0.1575,0.1578,0.1574,0.1577,126153.6
2026-06-23 06:00:00,0.1578,0.1578,0.1574,0.1576,309303.9
2026-06-23 06:05:00,0.1575,0.1576,0.1564,0.1571,1191610.1
2026-06-23 06:10:00,0.1571,0.1573,0.1567,0.157,303322.2
2026-06-23 06:15:00,0.157,0.1572,0.1558,0.1563,1830028.0
2026-06-23 06:20:00,0.1562,0.1562,0.1536,0.1543,11053075.1
2026-06-23 06:25:00,0.1543,0.1548,0.154,0.1547,2399121.8
2026-06-23 06:30:00,0.1546,0.155,0.1539,0.1548,1203528.4
2026-06-23 06:35:00,0.1548,0.1549,0.1546,0.1548,612562.2
2026-06-23 06:40:00,0.1548,0.1549,0.1545,0.1547,353464.8
2026-06-23 06:45:00,0.1546,0.1551,0.1545,0.1545,597540.5
2026-06-23 06:50:00,0.1545,0.1547,0.1544,0.1547,986826.3
2026-06-23 06:55:00,0.1546,0.1549,0.1545,0.1548,312867.8
2026-06-23 07:00:00,0.1547,0.155,0.1546,0.1549,331689.1
2026-06-23 07:05:00,0.1549,0.1554,0.1549,0.1554,281983.6
2026-06-23 07:10:00,0.1554,0.1557,0.1552,0.1557,215323.9
2026-06-23 07:15:00,0.1556,0.1559,0.1555,0.1558,449208.0
2026-06-23 07:20:00,0.1557,0.1559,0.1554,0.1555,342671.0
2026-06-23 07:25:00,0.1556,0.1558,0.1555,0.1556,1646693.1
2026-06-23 07:30:00,0.1556,0.1557,0.155,0.1553,470544.4
2026-06-23 07:35:00,0.1553,0.1556,0.155,0.1556,232239.1
2026-06-23 07:40:00,0.1556,0.1556,0.1551,0.1552,136274.4
2026-06-23 07:45:00,0.1552,0.1554,0.1551,0.1552,341528.9
2026-06-23 07:50:00,0.1552,0.1553,0.1549,0.1552,258311.8
2026-06-23 07:55:00,0.1551,0.1553,0.1546,0.1546,249449.2
2026-06-23 08:00:00,0.1547,0.1548,0.1541,0.1543,936069.4
2026-06-23 08:05:00,0.1543,0.1544,0.1541,0.1543,680985.8
2026-06-23 08:10:00,0.1544,0.1547,0.1538,0.1541,680722.0
2026-06-23 08:15:00,0.1541,0.1541,0.1521,0.1522,4177379.9
2026-06-23 08:20:00,0.1523,0.153,0.1512,0.152,2857202.0
2026-06-23 08:25:00,0.1519,0.1525,0.1508,0.1514,3400468.6
2026-06-23 08:30:00,0.1514,0.1527,0.1513,0.1527,1823653.2
2026-06-23 08:35:00,0.1526,0.1531,0.1526,0.1528,1248196.9
2026-06-23 08:40:00,0.1528,0.153,0.1527,0.1527,931597.7
2026-06-23 08:45:00,0.1527,0.1528,0.1522,0.1522,706435.7
2026-06-23 08:50:00,0.1523,0.1527,0.152,0.1526,621804.8
2026-06-23 08:55:00,0.1526,0.1528,0.1524,0.1525,187576.4
2026-06-23 09:00:00,0.1526,0.1529,0.1525,0.1528,339132.2
2026-06-23 09:05:00,0.1528,0.1529,0.1525,0.1526,419977.8
2026-06-23 09:10:00,0.1526,0.153,0.1525,0.1527,500078.9
2026-06-23 09:15:00,0.1527,0.1531,0.1527,0.1529,4895445.6
2026-06-23 09:20:00,0.1529,0.1532,0.1528,0.1531,754924.9
2026-06-23 09:25:00,0.1531,0.1532,0.1529,0.1531,390676.6
2026-06-23 09:30:00,0.1531,0.1532,0.1529,0.153,154845.1
2026-06-23 09:35:00,0.153,0.153,0.1525,0.1525,778071.5
2026-06-23 09:40:00,0.1525,0.1525,0.1521,0.1524,894559.9
2026-06-23 09:45:00,0.1523,0.1526,0.1522,0.1524,854399.7
2026-06-23 09:50:00,0.1524,0.1527,0.1523,0.1526,190234.1
2026-06-23 09:55:00,0.1526,0.1528,0.1524,0.1526,519521.7
2026-06-23 10:00:00,0.1526,0.1534,0.1526,0.1532,823735.7
2026-06-23 10:05:00,0.1532,0.1534,0.153,0.153,422074.7
2026-06-23 10:10:00,0.1531,0.1531,0.1529,0.153,122268.1
2026-06-23 10:15:00,0.1529,0.1529,0.1526,0.1529,215882.0
2026-06-23 10:20:00,0.1529,0.1531,0.1528,0.1528,771846.3
2026-06-23 10:25:00,0.1528,0.1528,0.1526,0.1528,625033.6
2026-06-23 10:30:00,0.1528,0.1528,0.1525,0.1525,247834.6
2026-06-23 10:35:00,0.1526,0.1528,0.1525,0.1526,198974.1
2026-06-23 10:40:00,0.1527,0.1527,0.1524,0.1525,116540.0
2026-06-23 10:45:00,0.1525,0.1528,0.1525,0.1526,271457.3
2026-06-23 10:50:00,0.1526,0.1527,0.1524,0.1526,458982.7
2026-06-23 10:55:00,0.1525,0.1528,0.1525,0.1528,176877.7
2026-06-23 11:00:00,0.1528,0.1531,0.1527,0.1531,151560.6
2026-06-23 11:05:00,0.153,0.1533,0.1529,0.1531,310357.0
2026-06-23 11:10:00,0.1532,0.1534,0.1532,0.1533,213233.0
2026-06-23 11:15:00,0.1532,0.1535,0.1532,0.1535,277086.6
2026-06-23 11:20:00,0.1534,0.1541,0.1533,0.1538,1825208.4
2026-06-23 11:25:00,0.1537,0.154,0.1536,0.1539,164950.4
2026-06-23 11:30:00,0.154,0.1541,0.1539,0.1539,274908.6
2026-06-23 11:35:00,0.154,0.1541,0.1539,0.154,265762.8
2026-06-23 11:40:00,0.154,0.154,0.1537,0.1538,422336.1
2026-06-23 11:45:00,0.1538,0.1538,0.1534,0.1534,418432.5
2026-06-23 11:50:00,0.1535,0.1536,0.1532,0.1535,509746.7
2026-06-23 11:55:00,0.1536,0.1537,0.1535,0.1537,169764.9
2026-06-23 12:00:00,0.1536,0.1537,0.1531,0.1531,3975119.3
2026-06-23 12:05:00,0.1531,0.1531,0.1526,0.1528,3554137.1
2026-06-23 12:10:00,0.1527,0.1528,0.1524,0.1525,919172.4
2026-06-23 12:15:00,0.1525,0.1525,0.1521,0.1521,1166054.4
2026-06-23 12:20:00,0.1521,0.1521,0.1514,0.1516,1378637.2
2026-06-23 12:25:00,0.1516,0.1519,0.1514,0.1518,743322.9
2026-06-23 12:30:00,0.1519,0.1523,0.1519,0.152,567633.0
2026-06-23 12:35:00,0.1519,0.1521,0.1518,0.1518,479808.0
2026-06-23 12:40:00,0.1518,0.1519,0.1517,0.1517,82869.2
2026-06-23 12:45:00,0.1517,0.1517,0.151,0.1513,1205237.3
2026-06-23 12:50:00,0.1513,0.1515,0.1509,0.1511,2340169.6
2026-06-23 12:55:00,0.151,0.1511,0.1502,0.1503,2593990.2
2026-06-23 13:00:00,0.1503,0.1504,0.1498,0.1501,7521385.6
2026-06-23 13:05:00,0.1501,0.1506,0.1499,0.1503,1253298.2
2026-06-23 13:10:00,0.1503,0.1509,0.1502,0.1508,1066191.7
2026-06-23 13:15:00,0.1508,0.1508,0.1505,0.1508,612491.2
2026-06-23 13:20:00,0.1508,0.1508,0.1504,0.1507,884692.3
2026-06-23 13:25:00,0.1506,0.1509,0.1504,0.1508,811139.5
2026-06-23 13:30:00,0.1507,0.1523,0.1503,0.152,4417416.1
2026-06-23 13:35:00,0.152,0.1522,0.1517,0.1519,1636830.4
2026-06-23 13:40:00,0.1519,0.1521,0.1515,0.1518,719105.0
2026-06-23 13:45:00,0.1517,0.1525,0.1515,0.1519,654110.0
2026-06-23 13:50:00,0.1519,0.1522,0.1516,0.1516,398511.4
2026-06-23 13:55:00,0.1516,0.1519,0.1514,0.1517,454845.4
2026-06-23 14:00:00,0.1517,0.1519,0.1514,0.1515,468904.2
2026-06-23 14:05:00,0.1514,0.1516,0.151,0.1516,573491.3
2026-06-23 14:10:00,0.1515,0.1521,0.1511,0.1521,822415.6
2026-06-23 14:15:00,0.152,0.1523,0.1518,0.1521,1680756.9
2026-06-23 14:20:00,0.1521,0.1523,0.1516,0.1517,390695.1
2026-06-23 14:25:00,0.1517,0.1519,0.1515,0.1517,325181.3
2026-06-23 14:30:00,0.1518,0.1521,0.1514,0.1519,1084967.2
2026-06-23 14:35:00,0.1519,0.1526,0.1519,0.152,394021.1
2026-06-23 14:40:00,0.152,0.1521,0.1516,0.1516,191071.2
2026-06-23 14:45:00,0.1517,0.1517,0.1513,0.1515,523118.2
2026-06-23 14:50:00,0.1515,0.1516,0.151,0.1511,273440.3
2026-06-23 14:55:00,0.1512,0.1513,0.1509,0.151,974659.3
2026-06-23 15:00:00,0.151,0.1513,0.1509,0.1513,316845.5
2026-06-23 15:05:00,0.1512,0.1513,0.1505,0.1509,846950.7
2026-06-23 15:10:00,0.1509,0.151,0.1505,0.151,657923.2
2026-06-23 15:15:00,0.1509,0.1511,0.1507,0.151,343954.5
2026-06-23 15:20:00,0.1509,0.151,0.1505,0.1507,968587.2
2026-06-23 15:25:00,0.1507,0.1508,0.1503,0.1505,1206515.7
2026-06-23 15:30:00,0.1505,0.1513,0.1504,0.1511,163381.5
2026-06-23 15:35:00,0.1511,0.1513,0.1506,0.1508,459188.3
2026-06-23 15:40:00,0.1508,0.1508,0.1505,0.1505,301993.9
2026-06-23 15:45:00,0.1505,0.1507,0.1501,0.1504,497693.4
2026-06-23 15:50:00,0.1503,0.1506,0.1503,0.1506,470085.7
2026-06-23 15:55:00,0.1506,0.1511,0.1506,0.151,783181.7
2026-06-23 16:00:00,0.151,0.1511,0.1506,0.1506,1358988.4
2026-06-23 16:05:00,0.1507,0.1518,0.1507,0.1518,2303568.2
2026-06-23 16:10:00,0.1517,0.152,0.1516,0.1518,1170599.1
2026-06-23 16:15:00,0.1518,0.1518,0.1512,0.1513,1466025.5
2026-06-23 16:20:00,0.1513,0.1514,0.151,0.1511,1406037.0
2026-06-23 16:25:00,0.1511,0.1512,0.1509,0.1511,1432580.2
2026-06-23 16:30:00,0.151,0.1512,0.1509,0.1511,603121.3
2026-06-23 16:35:00,0.1512,0.1513,0.151,0.1511,726826.0
2026-06-23 16:40:00,0.1512,0.1513,0.1511,0.1511,501247.2
2026-06-23 16:45:00,0.1512,0.1513,0.1511,0.1512,216632.1
2026-06-23 16:50:00,0.1511,0.1512,0.1508,0.151,758047.7
2026-06-23 16:55:00,0.1511,0.1512,0.1509,0.151,680995.7
2026-06-23 17:00:00,0.151,0.151,0.15,0.1505,3703854.7
2026-06-23 17:05:00,0.1504,0.1505,0.1501,0.1502,789396.8
2026-06-23 17:10:00,0.1502,0.1505,0.1501,0.1502,916114.5
2026-06-23 17:15:00,0.1502,0.1506,0.1502,0.1506,525984.8
2026-06-23 17:20:00,0.1507,0.1508,0.1505,0.1507,477545.1
2026-06-23 17:25:00,0.1506,0.151,0.1506,0.1508,203965.7
2026-06-23 17:30:00,0.1509,0.1509,0.1504,0.1508,977849.4
2026-06-23 17:35:00,0.1509,0.1512,0.1508,0.1508,314846.5
2026-06-23 17:40:00,0.1509,0.1509,0.1505,0.1505,381304.8
2026-06-23 17:45:00,0.1506,0.1507,0.1504,0.1505,231109.6
2026-06-23 17:50:00,0.1505,0.1505,0.1501,0.1501,314763.4
2026-06-23 17:55:00,0.15,0.1504,0.15,0.1503,1215259.1
2026-06-23 18:00:00,0.1502,0.1504,0.1502,0.1503,911852.6
2026-06-23 18:05:00,0.1502,0.1504,0.15,0.1502,971832.9
2026-06-23 18:10:00,0.1501,0.1504,0.15,0.1503,700634.5
2026-06-23 18:15:00,0.1504,0.1506,0.1502,0.1506,456629.3
2026-06-23 18:20:00,0.1505,0.1508,0.1504,0.1507,338832.4
2026-06-23 18:25:00,0.1507,0.1507,0.1505,0.1506,800283.3
2026-06-23 18:30:00,0.1505,0.1505,0.1503,0.1504,621987.1
2026-06-23 18:35:00,0.1504,0.1504,0.1499,0.1501,390600.5
2026-06-23 18:40:00,0.15,0.1501,0.1493,0.1495,1566371.3
2026-06-23 18:45:00,0.1496,0.1498,0.1493,0.1498,1238548.8
2026-06-23 18:50:00,0.1498,0.1502,0.1498,0.1502,543198.3
2026-06-23 18:55:00,0.1502,0.1502,0.15,0.1501,243010.9
2026-06-23 19:00:00,0.15,0.1504,0.1499,0.1504,464060.8
2026-06-23 19:05:00,0.1504,0.1507,0.1503,0.1505,380416.3
2026-06-23 19:10:00,0.1505,0.1505,0.1502,0.1503,336613.8
2026-06-23 19:15:00,0.1503,0.1504,0.1502,0.1502,333120.2
2026-06-23 19:20:00,0.1502,0.1505,0.1499,0.1502,704274.2
2026-06-23 19:25:00,0.1502,0.1506,0.1501,0.1506,296399.9
2026-06-23 19:30:00,0.1506,0.1507,0.15,0.15,595704.4
2026-06-23 19:35:00,0.15,0.1501,0.1496,0.1498,362530.7
2026-06-23 19:40:00,0.1497,0.15,0.1497,0.1498,521836.1
2026-06-23 19:45:00,0.1498,0.1498,0.1496,0.1497,462746.2
2026-06-23 19:50:00,0.1497,0.1503,0.1497,0.1503,467212.0
2026-06-23 19:55:00,0.1502,0.1503,0.15,0.1501,161507.1
2026-06-23 20:00:00,0.1502,0.1507,0.1502,0.1504,455768.8
2026-06-23 20:05:00,0.1503,0.1507,0.1503,0.1506,104548.3
2026-06-23 20:10:00,0.1506,0.1507,0.1503,0.1505,454318.6
2026-06-23 20:15:00,0.1505,0.1509,0.1505,0.1509,280899.8
2026-06-23 20:20:00,0.1509,0.1509,0.1505,0.1505,472011.1
2026-06-23 20:25:00,0.1505,0.1506,0.1504,0.1506,127077.4
2026-06-23 20:30:00,0.1505,0.1507,0.1504,0.1506,225431.1
2026-06-23 20:35:00,0.1506,0.1506,0.1503,0.1506,253741.0
2026-06-23 20:40:00,0.1505,0.1506,0.1502,0.1504,872363.3
2026-06-23 20:45:00,0.1503,0.1503,0.15,0.1501,188710.8
2026-06-23 20:50:00,0.15,0.1503,0.15,0.15,438466.0
2026-06-23 20:55:00,0.1501,0.1503,0.15,0.15,527934.9
2026-06-23 21:00:00,0.1501,0.1506,0.1499,0.1504,698771.3
2026-06-23 21:05:00,0.1505,0.1506,0.1504,0.1505,166522.0
2026-06-23 21:10:00,0.1505,0.1507,0.1504,0.1507,328641.8
2026-06-23 21:15:00,0.1507,0.1508,0.1504,0.1504,206075.2
2026-06-23 21:20:00,0.1504,0.1505,0.1503,0.1504,421927.9
2026-06-23 21:25:00,0.1504,0.1504,0.15,0.1504,488752.0
2026-06-23 21:30:00,0.1504,0.1507,0.1504,0.1506,37528.1
2026-06-23 21:35:00,0.1506,0.1508,0.1506,0.1507,77104.3
2026-06-23 21:40:00,0.1506,0.1509,0.1506,0.1509,156272.2
2026-06-23 21:45:00,0.151,0.1514,0.1509,0.1512,457356.1
2026-06-23 21:50:00,0.1513,0.1515,0.1513,0.1514,174263.9
2026-06-23 21:55:00,0.1514,0.1515,0.1513,0.1515,223122.2
2026-06-23 22:00:00,0.1514,0.1518,0.1514,0.1516,706823.1
2026-06-23 22:05:00,0.1516,0.152,0.1514,0.1518,848434.3
2026-06-23 22:10:00,0.1519,0.1521,0.1518,0.1521,83921.1
2026-06-23 22:15:00,0.1521,0.1524,0.152,0.152,318450.1
2026-06-23 22:20:00,0.1521,0.1521,0.1517,0.1519,274625.1
2026-06-23 22:25:00,0.1519,0.1519,0.1515,0.1519,622862.1
2026-06-23 22:30:00,0.1519,0.1521,0.1516,0.1517,520828.5
2026-06-23 22:35:00,0.1517,0.1517,0.1514,0.1517,261535.0
2026-06-23 22:40:00,0.1516,0.1517,0.1515,0.1515,58761.4
2026-06-23 22:45:00,0.1515,0.1517,0.1515,0.1517,32079.3
2026-06-23 22:50:00,0.1517,0.1518,0.1514,0.1516,530816.7
2026-06-23 22:55:00,0.1515,0.1518,0.1515,0.1517,67457.8
2026-06-23 23:00:00,0.1517,0.1517,0.1511,0.1512,249597.9
2026-06-23 23:05:00,0.1511,0.1511,0.1508,0.1509,233292.9
2026-06-23 23:10:00,0.1509,0.1512,0.1509,0.1511,248147.3
2026-06-23 23:15:00,0.1511,0.1513,0.1511,0.1513,172639.3
2026-06-23 23:20:00,0.1513,0.1515,0.1511,0.1515,284688.9
2026-06-23 23:25:00,0.1515,0.1516,0.1512,0.1513,98355.7
2026-06-23 23:30:00,0.1513,0.1515,0.1512,0.1514,170594.7
2026-06-23 23:35:00,0.1515,0.1515,0.151,0.151,238037.9
2026-06-23 23:40:00,0.1511,0.1512,0.151,0.1511,382518.8
2026-06-23 23:45:00,0.1511,0.1518,0.1511,0.1516,1200161.4
2026-06-23 23:50:00,0.1515,0.1517,0.1514,0.1515,370897.8
2026-06-23 23:55:00,0.1515,0.1516,0.1514,0.1515,131810.7
2026-06-24 00:00:00,0.1514,0.1517,0.1512,0.1514,504027.6
2026-06-24 00:05:00,0.1513,0.152,0.1512,0.1519,508220.6
2026-06-24 00:10:00,0.1518,0.152,0.1516,0.152,343405.5
2026-06-24 00:15:00,0.1521,0.1521,0.1519,0.152,151297.3
2026-06-24 00:20:00,0.1519,0.1521,0.1518,0.1521,196550.1
2026-06-24 00:25:00,0.1521,0.1523,0.1519,0.1521,283540.9
2026-06-24 00:30:00,0.1521,0.1523,0.152,0.1523,343189.5
2026-06-24 00:35:00,0.1523,0.1532,0.1523,0.1531,1781238.3
2026-06-24 00:40:00,0.1531,0.1531,0.1527,0.1527,479612.7
2026-06-24 00:45:00,0.1528,0.1529,0.1526,0.1529,263725.8
2026-06-24 00:50:00,0.1528,0.153,0.1528,0.1529,217801.1
2026-06-24 00:55:00,0.1529,0.153,0.1527,0.1529,694213.0
2026-06-24 01:00:00,0.153,0.153,0.1527,0.1528,315313.6
2026-06-24 01:05:00,0.1528,0.1529,0.1525,0.1528,230508.3
2026-06-24 01:10:00,0.1528,0.1532,0.1527,0.1529,303489.7
2026-06-24 01:15:00,0.1528,0.1528,0.1524,0.1524,423710.9
2026-06-24 01:20:00,0.1525,0.1532,0.1524,0.153,778768.2
2026-06-24 01:25:00,0.1531,0.1532,0.153,0.1532,330610.8
2026-06-24 01:30:00,0.1533,0.1541,0.1532,0.154,1549760.7
2026-06-24 01:35:00,0.154,0.1544,0.1538,0.1541,543456.0
2026-06-24 01:40:00,0.154,0.154,0.1538,0.1538,316836.1
2026-06-24 01:45:00,0.1538,0.1541,0.1535,0.1535,1260383.6
2026-06-24 01:50:00,0.1536,0.1537,0.1533,0.1535,409043.6
2026-06-24 01:55:00,0.1534,0.1535,0.1529,0.153,445185.9
2026-06-24 02:00:00,0.153,0.1531,0.1526,0.1527,377032.4
2026-06-24 02:05:00,0.1527,0.1528,0.1524,0.1526,741295.6
2026-06-24 02:10:00,0.1526,0.1528,0.1526,0.1528,201535.4
2026-06-24 02:15:00,0.1527,0.1527,0.1525,0.1525,152671.3
2026-06-24 02:20:00,0.1525,0.1527,0.1522,0.1522,367868.0
2026-06-24 02:25:00,0.1522,0.1528,0.1522,0.1528,586091.7
2026-06-24 02:30:00,0.1528,0.153,0.1527,0.1528,169183.0
2026-06-24 02:35:00,0.1528,0.1528,0.1524,0.1526,192713.5
2026-06-24 02:40:00,0.1526,0.153,0.1526,0.1529,221927.2
2026-06-24 02:45:00,0.1529,0.1531,0.1529,0.1531,187690.6
2026-06-24 02:50:00,0.1531,0.1531,0.1524,0.1525,673034.6
2026-06-24 02:55:00,0.1526,0.1528,0.1525,0.1526,650260.7
2026-06-24 03:00:00,0.1526,0.1528,0.1523,0.1523,131000.6
2026-06-24 03:05:00,0.1524,0.1525,0.1523,0.1524,46750.8
2026-06-24 03:10:00,0.1524,0.1528,0.1523,0.1526,134765.8
2026-06-24 03:15:00,0.1525,0.1525,0.1515,0.1515,877960.5
2026-06-24 03:20:00,0.1515,0.152,0.1514,0.1518,349141.3
2026-06-24 03:25:00,0.1517,0.1521,0.1517,0.1521,260908.6
2026-06-24 03:30:00,0.1522,0.1525,0.1522,0.1524,50455.9
2026-06-24 03:35:00,0.1524,0.1527,0.1524,0.1527,230775.1
2026-06-24 03:40:00,0.1526,0.1528,0.1524,0.1524,794880.1
2026-06-24 03:45:00,0.1524,0.1525,0.1523,0.1523,51150.0
2026-06-24 03:50:00,0.1524,0.1524,0.1522,0.1522,74624.0
2026-06-24 03:55:00,0.1522,0.1523,0.1521,0.1522,23021.1
2026-06-24 04:00:00,0.1522,0.1524,0.1519,0.1519,321122.1
2026-06-24 04:05:00,0.1519,0.152,0.1518,0.1518,56246.8
2026-06-24 04:10:00,0.1519,0.152,0.1518,0.1519,93227.7
2026-06-24 04:15:00,0.1519,0.1521,0.1516,0.1517,671001.8
2026-06-24 04:20:00,0.1516,0.1517,0.1506,0.1507,326206.9
2026-06-24 04:25:00,0.1507,0.1512,0.1507,0.1511,341282.8
2026-06-24 04:30:00,0.1511,0.1515,0.1507,0.1515,569525.9
2026-06-24 04:35:00,0.1514,0.1517,0.1514,0.1515,77062.2
2026-06-24 04:40:00,0.1514,0.1517,0.1513,0.1516,107663.0
2026-06-24 04:45:00,0.1517,0.1524,0.1517,0.1524,263702.9
2026-06-24 04:50:00,0.1524,0.1525,0.1522,0.1523,375624.5
2026-06-24 04:55:00,0.1523,0.1525,0.1522,0.1524,174164.4
2026-06-24 05:00:00,0.1524,0.1526,0.1524,0.1525,1228210.8
2026-06-24 05:05:00,0.1524,0.1525,0.1521,0.1524,424845.1
2026-06-24 05:10:00,0.1524,0.1525,0.1523,0.1524,99509.3
2026-06-24 05:15:00,0.1525,0.1527,0.1524,0.1526,140241.8
2026-06-24 05:20:00,0.1525,0.1527,0.1524,0.1527,252997.2
2026-06-24 05:25:00,0.1526,0.1528,0.1526,0.1528,75309.8
2026-06-24 05:30:00,0.1528,0.1529,0.1527,0.1527,163714.6
2026-06-24 05:35:00,0.1527,0.1531,0.1527,0.1528,223792.4
2026-06-24 05:40:00,0.1527,0.1528,0.1526,0.1527,119094.2
2026-06-24 05:45:00,0.1526,0.1527,0.1525,0.1525,137636.9
2026-06-24 05:50:00,0.1525,0.1525,0.1521,0.1522,270675.8
2026-06-24 05:55:00,0.1522,0.1523,0.1521,0.1523,524374.0
2026-06-24 06:00:00,0.1523,0.1523,0.1517,0.1517,320674.0
2026-06-24 06:05:00,0.1517,0.1518,0.1516,0.1517,163348.2
2026-06-24 06:10:00,0.1517,0.1518,0.1514,0.1516,947385.5
2026-06-24 06:15:00,0.1515,0.1516,0.1512,0.1514,752879.7
2026-06-24 06:20:00,0.1514,0.1516,0.1513,0.1515,95589.8
2026-06-24 06:25:00,0.1516,0.1517,0.1513,0.1514,301156.4
2026-06-24 06:30:00,0.1514,0.1514,0.1512,0.1514,247338.8
2026-06-24 06:35:00,0.1514,0.1518,0.1514,0.1515,362175.8
2026-06-24 06:40:00,0.1516,0.1516,0.1513,0.1513,351117.8
2026-06-24 06:45:00,0.1512,0.1515,0.1512,0.1515,144997.5
2026-06-24 06:50:00,0.1516,0.1518,0.1516,0.1516,60390.0
2026-06-24 06:55:00,0.1516,0.1516,0.1515,0.1515,126129.3
2026-06-24 07:00:00,0.1515,0.1516,0.151,0.1514,534922.1
2026-06-24 07:05:00,0.1513,0.1513,0.1509,0.1509,438833.0
2026-06-24 07:10:00,0.1509,0.1513,0.1509,0.1513,463933.1
2026-06-24 07:15:00,0.1512,0.1512,0.1509,0.1511,377782.8
2026-06-24 07:20:00,0.151,0.151,0.1507,0.151,826496.6
2026-06-24 07:25:00,0.151,0.151,0.1507,0.1508,171521.0
2026-06-24 07:30:00,0.1508,0.151,0.1507,0.151,152177.7
2026-06-24 07:35:00,0.1509,0.1509,0.1505,0.1506,336788.4
2026-06-24 07:40:00,0.1507,0.1507,0.1505,0.1507,145393.4
2026-06-24 07:45:00,0.1506,0.1508,0.1504,0.1505,417806.1
2026-06-24 07:50:00,0.1505,0.1505,0.1502,0.1503,464696.1
2026-06-24 07:55:00,0.1504,0.1506,0.1504,0.1506,220548.1
2026-06-24 08:00:00,0.1506,0.1508,0.1505,0.1506,404738.3
2026-06-24 08:05:00,0.1506,0.1507,0.1504,0.1507,105873.9
2026-06-24 08:10:00,0.1506,0.1508,0.1504,0.1508,233222.4
2026-06-24 08:15:00,0.1508,0.151,0.1507,0.1507,206890.0
2026-06-24 08:20:00,0.1508,0.151,0.1507,0.151,192894.8
2026-06-24 08:25:00,0.1509,0.1509,0.1505,0.1506,487730.2
2026-06-24 08:30:00,0.1507,0.1511,0.1506,0.1507,244048.0
2026-06-24 08:35:00,0.1508,0.1508,0.1505,0.1505,85819.1
2026-06-24 08:40:00,0.1505,0.151,0.1504,0.1509,316210.3
2026-06-24 08:45:00,0.1509,0.1509,0.1506,0.1507,108932.6
2026-06-24 08:50:00,0.1508,0.151,0.1507,0.151,127642.2
2026-06-24 08:55:00,0.1511,0.1513,0.1511,0.1512,112102.2
2026-06-24 09:00:00,0.1512,0.1512,0.1508,0.151,565094.1
2026-06-24 09:05:00,0.151,0.1511,0.1507,0.1507,132764.7
2026-06-24 09:10:00,0.1507,0.1508,0.1505,0.1507,358606.2
2026-06-24 09:15:00,0.1508,0.1508,0.1503,0.1504,302235.6
2026-06-24 09:20:00,0.1504,0.1506,0.1503,0.1505,221849.0
2026-06-24 09:25:00,0.1505,0.1507,0.1502,0.1503,964703.9
2026-06-24 09:30:00,0.1503,0.1504,0.1501,0.1503,418902.2
2026-06-24 09:35:00,0.1503,0.1504,0.1501,0.1502,315989.5
2026-06-24 09:40:00,0.1502,0.1504,0.15,0.1502,315890.7
2026-06-24 09:45:00,0.1502,0.1504,0.1502,0.1504,162372.7
2026-06-24 09:50:00,0.1504,0.1505,0.1501,0.1502,685236.6
2026-06-24 09:55:00,0.1503,0.1505,0.1503,0.1504,251118.8
2026-06-24 10:00:00,0.1503,0.1503,0.15,0.1501,226804.6
2026-06-24 10:05:00,0.1501,0.1502,0.15,0.1501,193016.7
2026-06-24 10:10:00,0.15,0.1501,0.1472,0.1477,14588146.2
2026-06-24 10:15:00,0.1477,0.1478,0.1458,0.1461,14054108.8
2026-06-24 10:20:00,0.1461,0.1474,0.146,0.1473,2591607.0
2026-06-24 10:25:00,0.1474,0.1478,0.147,0.1474,1756656.7
2026-06-24 10:30:00,0.1474,0.1475,0.1468,0.1472,1655023.1
2026-06-24 10:35:00,0.1473,0.1474,0.1472,0.1473,371735.2
2026-06-24 10:40:00,0.1473,0.1478,0.147,0.1477,977679.5
2026-06-24 10:45:00,0.1476,0.1477,0.1471,0.1475,1513139.8
2026-06-24 10:50:00,0.1474,0.1475,0.1471,0.1472,879603.3
2026-06-24 10:55:00,0.1471,0.1472,0.1468,0.1472,704521.4
2026-06-24 11:00:00,0.1471,0.1474,0.1469,0.1472,1969629.4
2026-06-24 11:05:00,0.1471,0.1472,0.1465,0.1466,1212299.7
2026-06-24 11:10:00,0.1466,0.1469,0.1463,0.1465,1189934.0
2026-06-24 11:15:00,0.1465,0.1471,0.1463,0.1468,1061487.2
2026-06-24 11:20:00,0.1468,0.1471,0.1466,0.1471,356003.3
2026-06-24 11:25:00,0.1471,0.1471,0.1468,0.1469,375639.5
2026-06-24 11:30:00,0.1469,0.1472,0.1469,0.147,507677.9
2026-06-24 11:35:00,0.1471,0.1477,0.147,0.1476,807060.5
2026-06-24 11:40:00,0.1476,0.1478,0.1474,0.1477,921481.0
2026-06-24 11:45:00,0.1477,0.1497,0.1476,0.1495,2646191.8
2026-06-24 11:50:00,0.1495,0.1496,0.1486,0.1486,792702.7
2026-06-24 11:55:00,0.1486,0.1486,0.1481,0.1483,658732.2
2026-06-24 12:00:00,0.1483,0.1484,0.148,0.1484,654689.7
2026-06-24 12:05:00,0.1484,0.1485,0.148,0.1485,810413.5
2026-06-24 12:10:00,0.1484,0.1486,0.1481,0.1485,337357.3
2026-06-24 12:15:00,0.1485,0.1487,0.1482,0.1486,507533.8
2026-06-24 12:20:00,0.1486,0.1488,0.1485,0.1488,759248.3
2026-06-24 12:25:00,0.1488,0.1489,0.1483,0.1487,847766.8
2026-06-24 12:30:00,0.1488,0.1488,0.1485,0.1487,868667.0
2026-06-24 12:35:00,0.1487,0.1489,0.1484,0.1488,543320.6
2026-06-24 12:40:00,0.1488,0.1489,0.1484,0.1486,501353.8
2026-06-24 12:45:00,0.1486,0.1486,0.1482,0.1483,394841.1
2026-06-24 12:50:00,0.1483,0.1483,0.1479,0.1481,1063452.4
2026-06-24 12:55:00,0.1481,0.1482,0.1479,0.148,677772.0
2026-06-24 13:00:00,0.1481,0.1481,0.1474,0.1476,756045.0
2026-06-24 13:05:00,0.1475,0.1476,0.1464,0.1467,2509992.6
2026-06-24 13:10:00,0.1467,0.1467,0.1458,0.1463,2151965.6
2026-06-24 13:15:00,0.1463,0.1468,0.1461,0.1467,1428639.6
2026-06-24 13:20:00,0.1466,0.1466,0.1451,0.1458,6365630.0
2026-06-24 13:25:00,0.1457,0.1461,0.1456,0.1459,1483641.1
2026-06-24 13:30:00,0.1458,0.1472,0.145,0.1466,6838918.8
2026-06-24 13:35:00,0.1466,0.147,0.1463,0.1465,539989.7
2026-06-24 13:40:00,0.1464,0.1466,0.1455,0.1459,872536.8
2026-06-24 13:45:00,0.1459,0.146,0.1445,0.1454,6167407.3
2026-06-24 13:50:00,0.1454,0.146,0.1454,0.1457,1630812.3
2026-06-24 13:55:00,0.1457,0.1457,0.1452,0.1454,1337047.4
2026-06-24 14:00:00,0.1453,0.1455,0.145,0.1452,1170178.1
2026-06-24 14:05:00,0.1452,0.1461,0.1451,0.1459,3312131.9
2026-06-24 14:10:00,0.1458,0.1462,0.1456,0.1459,1540810.0
2026-06-24 14:15:00,0.1459,0.146,0.1452,0.1455,1006393.6
2026-06-24 14:20:00,0.1455,0.1458,0.1451,0.1458,996272.4
2026-06-24 14:25:00,0.1458,0.1458,0.1454,0.1456,443190.3
2026-06-24 14:30:00,0.1457,0.1463,0.1457,0.146,2228513.6
2026-06-24 14:35:00,0.1459,0.1463,0.1455,0.1455,371581.6
2026-06-24 14:40:00,0.1455,0.1458,0.1451,0.1456,893169.4
2026-06-24 14:45:00,0.1456,0.1459,0.1455,0.1455,696539.0
2026-06-24 14:50:00,0.1455,0.1457,0.1451,0.1451,443582.1
2026-06-24 14:55:00,0.1451,0.1456,0.145,0.1454,882461.7
2026-06-24 15:00:00,0.1454,0.1455,0.1448,0.1452,589631.5
2026-06-24 15:05:00,0.1451,0.1455,0.1448,0.145,265786.3
2026-06-24 15:10:00,0.145,0.1453,0.1448,0.1449,316038.1
2026-06-24 15:15:00,0.1449,0.1454,0.1448,0.1451,739133.4
2026-06-24 15:20:00,0.1452,0.1455,0.1449,0.1449,637966.0
2026-06-24 15:25:00,0.145,0.1453,0.1447,0.1448,512137.2
2026-06-24 15:30:00,0.1448,0.1449,0.144,0.1443,1214092.4
2026-06-24 15:35:00,0.1443,0.1444,0.1441,0.1442,908988.7
2026-06-24 15:40:00,0.1442,0.1445,0.1438,0.1441,1170113.9
2026-06-24 15:45:00,0.144,0.144,0.1435,0.1438,1256222.0
2026-06-24 15:50:00,0.1438,0.1442,0.1437,0.1437,915169.5
2026-06-24 15:55:00,0.1438,0.1439,0.1436,0.1439,775764.5
2026-06-24 16:00:00,0.1439,0.1442,0.1437,0.144,655362.1
2026-06-24 16:05:00,0.144,0.1442,0.1435,0.1436,693190.0
2026-06-24 16:10:00,0.1437,0.1445,0.1437,0.1442,418943.9
2026-06-24 16:15:00,0.1442,0.1444,0.1441,0.1444,327341.1
2026-06-24 16:20:00,0.1444,0.1445,0.1438,0.1444,1217655.4
2026-06-24 16:25:00,0.1443,0.1444,0.1436,0.1441,1523081.9
2026-06-24 16:30:00,0.1441,0.1441,0.1437,0.144,235467.3
2026-06-24 16:35:00,0.144,0.1441,0.1432,0.1435,1028160.4
2026-06-24 16:40:00,0.1435,0.1436,0.143,0.1434,2567179.9
2026-06-24 16:45:00,0.1434,0.1434,0.1418,0.142,4162630.1
2026-06-24 16:50:00,0.142,0.1422,0.1407,0.1411,7962502.1
2026-06-24 16:55:00,0.1412,0.1418,0.141,0.1416,1837144.9
2026-06-24 17:00:00,0.1415,0.1425,0.1415,0.1424,1457640.4
2026-06-24 17:05:00,0.1424,0.1425,0.1418,0.1422,971311.1
2026-06-24 17:10:00,0.1422,0.1425,0.1419,0.1422,1509354.0
2026-06-24 17:15:00,0.1423,0.1424,0.1414,0.1414,1735284.8
2026-06-24 17:20:00,0.1414,0.1414,0.1401,0.1403,3489312.8
2026-06-24 17:25:00,0.1403,0.1411,0.1399,0.1405,4088749.0
2026-06-24 17:30:00,0.1405,0.1409,0.1401,0.1408,1737402.1
2026-06-24 17:35:00,0.1408,0.1409,0.1404,0.1406,997466.9
2026-06-24 17:40:00,0.1405,0.1407,0.1403,0.1405,1127343.1
2026-06-24 17:45:00,0.1406,0.1406,0.1396,0.1404,2138262.4
2026-06-24 17:50:00,0.1404,0.1406,0.14,0.14,1003251.9
2026-06-24 17:55:00,0.14,0.1404,0.1399,0.1401,1253415.6
2026-06-24 18:00:00,0.14,0.1406,0.1397,0.1405,861138.9
2026-06-24 18:05:00,0.1404,0.1411,0.1404,0.141,888677.3
2026-06-24 18:10:00,0.141,0.1412,0.1406,0.1409,659160.7
2026-06-24 18:15:00,0.1409,0.1421,0.1409,0.1419,1604750.8
2026-06-24 18:20:00,0.142,0.1424,0.142,0.1424,1115127.9
2026-06-24 18:25:00,0.1424,0.1427,0.1421,0.1421,1156158.9
2026-06-24 18:30:00,0.1422,0.1424,0.1419,0.1422,566842.8
2026-06-24 18:35:00,0.1422,0.1422,0.1419,0.142,316199.8
2026-06-24 18:40:00,0.142,0.1421,0.1417,0.142,553441.5
2026-06-24 18:45:00,0.142,0.1422,0.1416,0.1417,1876028.8
2026-06-24 18:50:00,0.1418,0.1418,0.1414,0.1416,726621.9
2026-06-24 18:55:00,0.1415,0.1419,0.1413,0.1417,1111512.3
2026-06-24 19:00:00,0.1417,0.142,0.1414,0.1419,250113.2
2026-06-24 19:05:00,0.1418,0.1422,0.1416,0.142,1726111.8
2026-06-24 19:10:00,0.142,0.142,0.1408,0.1408,4388357.0
2026-06-24 19:15:00,0.1408,0.1408,0.1401,0.1405,1093593.1
2026-06-24 19:20:00,0.1405,0.1409,0.1401,0.1408,1136567.8
2026-06-24 19:25:00,0.1408,0.1412,0.1408,0.1411,3079220.2
2026-06-24 19:30:00,0.141,0.1411,0.1406,0.1408,471458.8
2026-06-24 19:35:00,0.1408,0.1411,0.1405,0.1407,746567.7
2026-06-24 19:40:00,0.1408,0.1409,0.1404,0.1405,753829.1
2026-06-24 19:45:00,0.1405,0.1406,0.1404,0.1406,403103.9
2026-06-24 19:50:00,0.1406,0.1412,0.1402,0.1412,4843999.5
2026-06-24 19:55:00,0.1412,0.1413,0.1409,0.1412,3660408.7
2026-06-24 20:00:00,0.1412,0.1428,0.1408,0.1424,6996875.6
2026-06-24 20:05:00,0.1425,0.1436,0.1423,0.1435,3511564.0
2026-06-24 20:10:00,0.1435,0.1437,0.143,0.1435,1686416.9
2026-06-24 20:15:00,0.1435,0.1439,0.1431,0.1437,1028942.8
2026-06-24 20:20:00,0.1436,0.1442,0.1434,0.1439,1314607.4
2026-06-24 20:25:00,0.1439,0.1442,0.1438,0.144,692503.2
2026-06-24 20:30:00,0.144,0.1445,0.1436,0.144,1122577.8
2026-06-24 20:35:00,0.144,0.1444,0.1439,0.1441,1097584.2
2026-06-24 20:40:00,0.1442,0.1445,0.1442,0.1443,959436.3
2026-06-24 20:45:00,0.1444,0.1455,0.1444,0.1455,2567161.7
2026-06-24 20:50:00,0.1455,0.1456,0.145,0.1451,1563189.2
2026-06-24 20:55:00,0.1451,0.1454,0.1451,0.1452,603820.4
2026-06-24 21:00:00,0.1453,0.1455,0.145,0.1451,871932.1
2026-06-24 21:05:00,0.1451,0.1453,0.1448,0.1452,542435.0
2026-06-24 21:10:00,0.1453,0.1457,0.1452,0.1454,696105.3
2026-06-24 21:15:00,0.1454,0.1459,0.1453,0.1458,432430.7
2026-06-24 21:20:00,0.1458,0.1459,0.1456,0.1459,443238.4
2026-06-24 21:25:00,0.1459,0.1462,0.1458,0.1461,312765.9
2026-06-24 21:30:00,0.1462,0.1462,0.1459,0.1462,282975.4
2026-06-24 21:35:00,0.1461,0.1465,0.1458,0.1465,1198406.0
2026-06-24 21:40:00,0.1465,0.1466,0.1461,0.1463,545755.6
2026-06-24 21:45:00,0.1462,0.1464,0.1461,0.1461,234595.3
2026-06-24 21:50:00,0.1461,0.1464,0.146,0.1463,517601.3
2026-06-24 21:55:00,0.1463,0.1474,0.1463,0.1471,1326222.9
2026-06-24 22:00:00,0.1471,0.1494,0.147,0.1483,5547763.8
2026-06-24 22:05:00,0.1483,0.1484,0.1479,0.1483,944617.5
2026-06-24 22:10:00,0.1483,0.1485,0.148,0.1481,776477.5
2026-06-24 22:15:00,0.1482,0.1482,0.1478,0.1478,1291895.7
2026-06-24 22:20:00,0.1478,0.148,0.1475,0.1477,820028.5
2026-06-24 22:25:00,0.1477,0.1477,0.1473,0.1475,988904.7
2026-06-24 22:30:00,0.1475,0.1478,0.1475,0.1478,521039.4
2026-06-24 22:35:00,0.1478,0.1479,0.1473,0.1473,181785.6
2026-06-24 22:40:00,0.1474,0.1478,0.1474,0.1477,579771.1
2026-06-24 22:45:00,0.1477,0.1478,0.147,0.1471,442856.2
2026-06-24 22:50:00,0.1471,0.1471,0.1469,0.1471,1559863.8
2026-06-24 22:55:00,0.1472,0.1473,0.1471,0.1472,283321.6
2026-06-24 23:00:00,0.1472,0.1473,0.1469,0.1473,1324296.2
2026-06-24 23:05:00,0.1473,0.1477,0.1473,0.1476,210485.1
2026-06-24 23:10:00,0.1476,0.1478,0.1475,0.1477,121808.4
2026-06-24 23:15:00,0.1478,0.1479,0.1475,0.1475,303140.7
2026-06-24 23:20:00,0.1476,0.148,0.1475,0.1479,351873.5
2026-06-24 23:25:00,0.1479,0.1481,0.1476,0.1477,134078.0
2026-06-24 23:30:00,0.1477,0.1479,0.1476,0.1477,290799.0
2026-06-24 23:35:00,0.1477,0.1479,0.1476,0.1478,519060.3
2026-06-24 23:40:00,0.1477,0.1478,0.1475,0.1478,481710.3
2026-06-24 23:45:00,0.1478,0.148,0.1476,0.1478,390740.1
2026-06-24 23:50:00,0.1477,0.1477,0.1474,0.1477,210028.0
2026-06-24 23:55:00,0.1476,0.1479,0.1476,0.1477,152816.8
2026-06-25 00:00:00,0.1477,0.1492,0.1477,0.1491,3621573.8
2026-06-25 00:05:00,0.1491,0.1492,0.1483,0.1483,1843463.4
2026-06-25 00:10:00,0.1484,0.1488,0.1482,0.1485,1336186.8
2026-06-25 00:15:00,0.1485,0.1485,0.1478,0.1481,2516975.2
2026-06-25 00:20:00,0.148,0.1482,0.1479,0.1479,584489.5
2026-06-25 00:25:00,0.1479,0.148,0.1476,0.148,560538.2
2026-06-25 00:30:00,0.1479,0.1482,0.1478,0.1479,516128.0
2026-06-25 00:35:00,0.1479,0.1481,0.1477,0.148,462251.6
2026-06-25 00:40:00,0.148,0.1481,0.1477,0.1478,246504.4
2026-06-25 00:45:00,0.1478,0.148,0.1477,0.1479,221801.8
2026-06-25 00:50:00,0.148,0.1482,0.1478,0.1478,166261.1
2026-06-25 00:55:00,0.1478,0.148,0.1473,0.1476,577407.7
2026-06-25 01:00:00,0.1477,0.1481,0.1475,0.1476,309896.1
2026-06-25 01:05:00,0.1476,0.1476,0.147,0.1473,447791.2
2026-06-25 01:10:00,0.1473,0.1477,0.1473,0.1476,547222.5
2026-06-25 01:15:00,0.1476,0.1479,0.1474,0.1477,465686.2
2026-06-25 01:20:00,0.1478,0.1481,0.1477,0.148,481506.5
2026-06-25 01:25:00,0.148,0.148,0.1477,0.1479,161536.5
2026-06-25 01:30:00,0.1478,0.1481,0.1478,0.148,147506.4
2026-06-25 01:35:00,0.1481,0.1482,0.1477,0.1482,351711.9
2026-06-25 01:40:00,0.1481,0.1482,0.1479,0.148,250381.8
2026-06-25 01:45:00,0.148,0.148,0.1478,0.148,171506.2
2026-06-25 01:50:00,0.1481,0.1483,0.148,0.1481,285601.4
2026-06-25 01:55:00,0.148,0.1481,0.1478,0.1478,260624.5
2026-06-25 02:00:00,0.1477,0.148,0.1476,0.1478,303344.0
2026-06-25 02:05:00,0.1477,0.1481,0.1477,0.1478,565105.8
2026-06-25 02:10:00,0.1477,0.1478,0.1473,0.1474,343241.7
2026-06-25 02:15:00,0.1475,0.1476,0.1474,0.1476,303822.9
2026-06-25 02:20:00,0.1477,0.1479,0.1476,0.1476,380323.5
2026-06-25 02:25:00,0.1477,0.1481,0.1477,0.1481,340094.8
2026-06-25 02:30:00,0.148,0.148,0.1478,0.148,598964.6
2026-06-25 02:35:00,0.1479,0.148,0.1478,0.1478,369424.2
2026-06-25 02:40:00,0.1479,0.1479,0.1475,0.1476,257018.1
2026-06-25 02:45:00,0.1475,0.1478,0.1475,0.1477,176295.3
2026-06-25 02:50:00,0.1477,0.1477,0.1474,0.1477,513770.7
2026-06-25 02:55:00,0.1477,0.1479,0.1477,0.1478,115400.7
2026-06-25 03:00:00,0.1479,0.1482,0.1479,0.148,234032.2
2026-06-25 03:05:00,0.1481,0.1482,0.1479,0.148,155098.0
2026-06-25 03:10:00,0.148,0.148,0.1477,0.1478,153390.3
2026-06-25 03:15:00,0.1478,0.1478,0.1474,0.1475,661759.1
2026-06-25 03:20:00,0.1475,0.1476,0.1473,0.1476,244066.9
2026-06-25 03:25:00,0.1475,0.1476,0.1474,0.1474,101047.1
2026-06-25 03:30:00,0.1474,0.1477,0.1474,0.1474,351294.1
2026-06-25 03:35:00,0.1474,0.1476,0.1473,0.1474,271810.3
2026-06-25 03:40:00,0.1474,0.1476,0.1472,0.1472,393965.6
2026-06-25 03:45:00,0.1472,0.1474,0.1471,0.1472,310552.6
2026-06-25 03:50:00,0.1472,0.1475,0.1471,0.1474,244633.4
2026-06-25 03:55:00,0.1474,0.1476,0.1474,0.1475,110443.8
2026-06-25 04:00:00,0.1475,0.1477,0.1473,0.1474,564521.9
2026-06-25 04:05:00,0.1474,0.1475,0.1472,0.1473,457275.1
2026-06-25 04:10:00,0.1474,0.1474,0.1471,0.1472,463633.5
2026-06-25 04:15:00,0.1472,0.1473,0.1471,0.1471,483651.5
2026-06-25 04:20:00,0.1472,0.1476,0.1472,0.1474,401088.9
2026-06-25 04:25:00,0.1475,0.1475,0.1473,0.1473,81852.1
2026-06-25 04:30:00,0.1473,0.1474,0.1471,0.1472,83785.3
2026-06-25 04:35:00,0.1472,0.1474,0.1471,0.1474,182008.2
2026-06-25 04:40:00,0.1474,0.1476,0.1472,0.1476,264919.5
2026-06-25 04:45:00,0.1477,0.148,0.1476,0.1479,474105.9
2026-06-25 04:50:00,0.1479,0.1484,0.1479,0.1483,399167.6
2026-06-25 04:55:00,0.1484,0.1492,0.1483,0.1491,936605.1
2026-06-25 05:00:00,0.1491,0.1503,0.1489,0.15,2295431.5
2026-06-25 05:05:00,0.1501,0.1506,0.15,0.1503,880465.5
2026-06-25 05:10:00,0.1504,0.1505,0.1499,0.1501,453752.1
2026-06-25 05:15:00,0.1501,0.1503,0.1497,0.1501,1221019.7
2026-06-25 05:20:00,0.1501,0.1508,0.15,0.1505,711832.0
2026-06-25 05:25:00,0.1505,0.1505,0.1502,0.1504,578319.8
2026-06-25 05:30:00,0.1504,0.1506,0.1501,0.1505,243771.1
2026-06-25 05:35:00,0.1506,0.1507,0.1501,0.1501,589477.2
2026-06-25 05:40:00,0.1501,0.1502,0.1499,0.15,219319.8
2026-06-25 05:45:00,0.15,0.1501,0.1498,0.1499,155865.0
2026-06-25 05:50:00,0.15,0.1502,0.1499,0.1501,210269.4
2026-06-25 05:55:00,0.15,0.1501,0.15,0.15,135561.0
2026-06-25 06:00:00,0.1499,0.1502,0.1498,0.15,275524.9
2026-06-25 06:05:00,0.15,0.1502,0.1498,0.1502,106909.1
2026-06-25 06:10:00,0.1502,0.1504,0.1501,0.1501,210611.9
2026-06-25 06:15:00,0.1502,0.1505,0.1501,0.1503,290382.7
2026-06-25 06:20:00,0.1502,0.1503,0.1497,0.15,378520.8
2026-06-25 06:25:00,0.15,0.15,0.1497,0.1497,129556.7
2026-06-25 06:30:00,0.1497,0.1498,0.1495,0.1497,262432.0
2026-06-25 06:35:00,0.1498,0.1499,0.1496,0.1498,128936.4
2026-06-25 06:40:00,0.1499,0.15,0.1497,0.1499,111424.7
2026-06-25 06:45:00,0.1499,0.1501,0.1499,0.15,182211.3
2026-06-25 06:50:00,0.15,0.1501,0.1499,0.1499,222139.9
2026-06-25 06:55:00,0.1499,0.1503,0.1498,0.1498,609967.4
2026-06-25 07:00:00,0.1498,0.1502,0.1496,0.1497,1189590.9
2026-06-25 07:05:00,0.1498,0.1498,0.1491,0.1495,420714.1
2026-06-25 07:10:00,0.1495,0.1495,0.1493,0.1493,181415.1
2026-06-25 07:15:00,0.1493,0.1497,0.1492,0.1496,688074.9
2026-06-25 07:20:00,0.1496,0.1498,0.1495,0.1498,185690.1
2026-06-25 07:25:00,0.1497,0.1498,0.1495,0.1495,156504.7
2026-06-25 07:30:00,0.1495,0.1497,0.1495,0.1495,176639.6
2026-06-25 07:35:00,0.1495,0.1496,0.1495,0.1496,472919.7
2026-06-25 07:40:00,0.1496,0.1498,0.1496,0.1497,192789.9
2026-06-25 07:45:00,0.1497,0.1497,0.1494,0.1494,193489.2
2026-06-25 07:50:00,0.1494,0.1498,0.1494,0.1497,279847.3
2026-06-25 07:55:00,0.1497,0.1499,0.1496,0.1499,591848.2
2026-06-25 08:00:00,0.1499,0.1501,0.1496,0.1496,690362.3
2026-06-25 08:05:00,0.1496,0.1497,0.1494,0.1496,198677.1
2026-06-25 08:10:00,0.1495,0.1496,0.1494,0.1494,107659.3
2026-06-25 08:15:00,0.1494,0.1495,0.1492,0.1494,327430.3
2026-06-25 08:20:00,0.1494,0.1496,0.1494,0.1495,241363.2
2026-06-25 08:25:00,0.1495,0.1497,0.1493,0.1496,162082.1
2026-06-25 08:30:00,0.1497,0.1499,0.1494,0.1495,398307.9
2026-06-25 08:35:00,0.1494,0.1496,0.1494,0.1496,268820.2
2026-06-25 08:40:00,0.1496,0.1497,0.1495,0.1496,24119.3
2026-06-25 08:45:00,0.1497,0.1498,0.1495,0.1497,235180.3
2026-06-25 08:50:00,0.1497,0.1497,0.1493,0.1493,200767.3
2026-06-25 08:55:00,0.1493,0.1494,0.1491,0.1493,333109.2
2026-06-25 09:00:00,0.1493,0.1494,0.1492,0.1494,194376.2
2026-06-25 09:05:00,0.1493,0.1495,0.1493,0.1494,181955.2
2026-06-25 09:10:00,0.1494,0.1496,0.1494,0.1494,164004.6
2026-06-25 09:15:00,0.1494,0.1495,0.1492,0.1492,69638.2
2026-06-25 09:20:00,0.1492,0.1493,0.1489,0.1491,377019.0
2026-06-25 09:25:00,0.1491,0.1493,0.149,0.1493,107234.8
2026-06-25 09:30:00,0.1492,0.1494,0.1491,0.1492,251340.3
2026-06-25 09:35:00,0.1492,0.1494,0.1492,0.1493,23741.4
2026-06-25 09:40:00,0.1493,0.1495,0.1493,0.1494,169605.1
2026-06-25 09:45:00,0.1493,0.1495,0.1493,0.1493,119067.9
2026-06-25 09:50:00,0.1494,0.1494,0.1492,0.1492,101292.2
2026-06-25 09:55:00,0.1492,0.1493,0.1491,0.1492,192032.5
2026-06-25 10:00:00,0.1492,0.1495,0.1491,0.1493,385292.9
2026-06-25 10:05:00,0.1492,0.1493,0.149,0.1491,170856.4
2026-06-25 10:10:00,0.1491,0.1492,0.149,0.149,131726.3
2026-06-25 10:15:00,0.1489,0.1492,0.1487,0.1488,292429.4
2026-06-25 10:20:00,0.1487,0.1488,0.1485,0.1486,471538.4
2026-06-25 10:25:00,0.1486,0.1486,0.1484,0.1485,323825.8
2026-06-25 10:30:00,0.1484,0.1486,0.1483,0.1484,244006.6
2026-06-25 10:35:00,0.1483,0.1485,0.1482,0.1483,258246.5
2026-06-25 10:40:00,0.1483,0.1484,0.1482,0.1483,147381.9
2026-06-25 10:45:00,0.1483,0.1483,0.148,0.1481,808544.9
2026-06-25 10:50:00,0.1482,0.1484,0.1481,0.1483,327709.9
2026-06-25 10:55:00,0.1482,0.1483,0.1481,0.1482,250482.7
2026-06-25 11:00:00,0.1481,0.1484,0.148,0.1481,948957.8
2026-06-25 11:05:00,0.1482,0.1482,0.1476,0.1476,432868.5
2026-06-25 11:10:00,0.1477,0.1481,0.1477,0.148,1297370.9
2026-06-25 11:15:00,0.148,0.1482,0.1475,0.1475,667582.4
2026-06-25 11:20:00,0.1475,0.1477,0.1475,0.1475,277226.2
2026-06-25 11:25:00,0.1476,0.1478,0.1475,0.1476,406659.6
2026-06-25 11:30:00,0.1476,0.1479,0.1474,0.1477,512359.8
2026-06-25 11:35:00,0.1477,0.1481,0.1477,0.148,252522.3
2026-06-25 11:40:00,0.1479,0.148,0.1478,0.1478,81591.5
2026-06-25 11:45:00,0.1478,0.1479,0.1473,0.1473,232948.3
2026-06-25 11:50:00,0.1474,0.1476,0.1473,0.1475,402315.0
2026-06-25 11:55:00,0.1475,0.1477,0.1475,0.1476,218000.3
2026-06-25 12:00:00,0.1477,0.1479,0.1475,0.1476,242835.0
2026-06-25 12:05:00,0.1475,0.1478,0.1474,0.1477,214235.0
2026-06-25 12:10:00,0.1476,0.1477,0.1474,0.1475,302527.0
2026-06-25 12:15:00,0.1476,0.1476,0.147,0.1471,953572.8
2026-06-25 12:20:00,0.1471,0.1472,0.1468,0.1468,398711.8
2026-06-25 12:25:00,0.1468,0.147,0.1462,0.1464,518348.0
2026-06-25 12:30:00,0.1464,0.1486,0.1464,0.1481,4737459.9
2026-06-25 12:35:00,0.1481,0.1482,0.1477,0.1478,992413.4
2026-06-25 12:40:00,0.1478,0.1479,0.1476,0.1478,457997.7
2026-06-25 12:45:00,0.1478,0.1482,0.1475,0.148,1541862.2
2026-06-25 12:50:00,0.1479,0.1481,0.1478,0.1478,303466.5
2026-06-25 12:55:00,0.1479,0.1483,0.1476,0.1483,514061.0
2026-06-25 13:00:00,0.1483,0.1486,0.1482,0.1483,962467.6
2026-06-25 13:05:00,0.1483,0.1485,0.1482,0.1484,494225.1
2026-06-25 13:10:00,0.1485,0.1487,0.1482,0.1482,921923.9
2026-06-25 13:15:00,0.1483,0.1483,0.148,0.1483,218086.5
2026-06-25 13:20:00,0.1484,0.1484,0.1481,0.1481,157968.9
2026-06-25 13:25:00,0.1481,0.1484,0.1481,0.1482,366429.6
2026-06-25 13:30:00,0.1482,0.1489,0.1471,0.1472,4438921.0
2026-06-25 13:35:00,0.1472,0.1472,0.1464,0.1465,1074078.0
2026-06-25 13:40:00,0.1464,0.1466,0.145,0.1452,1656926.0
2026-06-25 13:45:00,0.1452,0.1457,0.1425,0.1435,6693351.1
2026-06-25 13:50:00,0.1434,0.1435,0.1404,0.1407,4929793.8
2026-06-25 13:55:00,0.1408,0.1411,0.1382,0.1389,7478634.7
2026-06-25 14:00:00,0.139,0.1418,0.139,0.141,5432373.1
2026-06-25 14:05:00,0.1411,0.1429,0.141,0.1427,3027228.9
2026-06-25 14:10:00,0.1427,0.1435,0.1426,0.1428,1871366.6
2026-06-25 14:15:00,0.1429,0.1433,0.1414,0.1424,2753222.9
2026-06-25 14:20:00,0.1424,0.1437,0.1424,0.1426,1617385.5
2026-06-25 14:25:00,0.1426,0.1435,0.1425,0.1428,596919.9
2026-06-25 14:30:00,0.1428,0.1456,0.1424,0.1444,4705325.3
2026-06-25 14:35:00,0.1445,0.1445,0.1431,0.1435,1335172.5
2026-06-25 14:40:00,0.1434,0.1435,0.1427,0.1429,486726.6
2026-06-25 14:45:00,0.1429,0.1431,0.1424,0.1429,545555.4
2026-06-25 14:50:00,0.1429,0.144,0.1429,0.1438,992495.6
2026-06-25 14:55:00,0.1437,0.1438,0.1427,0.1428,1766839.9
2026-06-25 15:00:00,0.1429,0.1429,0.1419,0.1427,1237094.7
2026-06-25 15:05:00,0.1428,0.1429,0.142,0.1425,1658776.2
2026-06-25 15:10:00,0.1425,0.1425,0.1417,0.1418,795428.7
2026-06-25 15:15:00,0.1418,0.1425,0.1411,0.1423,1273519.4
2026-06-25 15:20:00,0.1423,0.1425,0.1419,0.1425,1000194.9
2026-06-25 15:25:00,0.1424,0.1425,0.1421,0.1423,813165.9
2026-06-25 15:30:00,0.1423,0.1427,0.1422,0.1424,418567.9
2026-06-25 15:35:00,0.1425,0.1431,0.1423,0.1424,424064.3
2026-06-25 15:40:00,0.1424,0.1426,0.142,0.1424,201349.1
2026-06-25 15:45:00,0.1424,0.1429,0.1423,0.1425,283573.0
2026-06-25 15:50:00,0.1425,0.1431,0.1425,0.1429,212485.8
2026-06-25 15:55:00,0.1428,0.1434,0.1428,0.1432,417462.3
2026-06-25 16:00:00,0.1432,0.1433,0.1429,0.1432,529063.6
2026-06-25 16:05:00,0.1431,0.1449,0.1431,0.1449,885548.1
2026-06-25 16:10:00,0.1449,0.1452,0.1442,0.1443,787095.2
2026-06-25 16:15:00,0.1443,0.1443,0.1439,0.1441,458409.0
2026-06-25 16:20:00,0.1442,0.1442,0.1436,0.1437,384576.8
2026-06-25 16:25:00,0.1437,0.1439,0.1436,0.1438,201822.7
2026-06-25 16:30:00,0.1437,0.1437,0.1426,0.1428,970895.8
2026-06-25 16:35:00,0.1428,0.1432,0.1425,0.1427,484910.4
2026-06-25 16:40:00,0.1427,0.1428,0.1423,0.1425,272077.9
2026-06-25 16:45:00,0.1425,0.1427,0.142,0.1426,1073848.4
2026-06-25 16:50:00,0.1426,0.1429,0.1426,0.1429,147842.3
2026-06-25 16:55:00,0.1429,0.143,0.1425,0.1428,206983.6
2026-06-25 17:00:00,0.1428,0.143,0.1424,0.1425,377408.7
2026-06-25 17:05:00,0.1424,0.1428,0.1424,0.1428,235338.1
2026-06-25 17:10:00,0.1428,0.1438,0.1427,0.1438,489543.6
2026-06-25 17:15:00,0.1438,0.1444,0.1437,0.1439,851584.1
2026-06-25 17:20:00,0.1439,0.1443,0.1436,0.1441,712520.6
2026-06-25 17:25:00,0.1441,0.1447,0.1441,0.1445,545521.4
2026-06-25 17:30:00,0.1445,0.1446,0.1441,0.1442,180054.5
2026-06-25 17:35:00,0.1443,0.1447,0.1442,0.1446,873186.2
2026-06-25 17:40:00,0.1446,0.1447,0.1443,0.1443,269511.4
2026-06-25 17:45:00,0.1443,0.1443,0.1439,0.1441,240899.2
2026-06-25 17:50:00,0.144,0.1441,0.1437,0.144,150897.1
2026-06-25 17:55:00,0.144,0.1446,0.1437,0.1446,480228.5
2026-06-25 18:00:00,0.1446,0.1447,0.1438,0.1442,604410.8
2026-06-25 18:05:00,0.1442,0.1442,0.1439,0.1442,253311.4
2026-06-25 18:10:00,0.1441,0.1442,0.1433,0.1434,450514.6
2026-06-25 18:15:00,0.1434,0.1445,0.1432,0.1442,1109499.7
2026-06-25 18:20:00,0.1442,0.1444,0.1433,0.1434,486784.0
2026-06-25 18:25:00,0.1434,0.1437,0.1434,0.1436,804317.8
2026-06-25 18:30:00,0.1435,0.1435,0.1423,0.1423,623655.4
2026-06-25 18:35:00,0.1424,0.1426,0.1422,0.1424,720303.9
2026-06-25 18:40:00,0.1424,0.1425,0.1423,0.1423,284067.4
2026-06-25 18:45:00,0.1423,0.1424,0.1419,0.1422,412098.9
2026-06-25 18:50:00,0.1422,0.1424,0.142,0.1421,408177.3
2026-06-25 18:55:00,0.1422,0.1425,0.1421,0.1423,187580.3
2026-06-25 19:00:00,0.1422,0.1422,0.1414,0.1414,611444.2
2026-06-25 19:05:00,0.1413,0.1416,0.1413,0.1415,247242.7
2026-06-25 19:10:00,0.1416,0.1416,0.1411,0.1413,256863.0
2026-06-25 19:15:00,0.1412,0.1414,0.1411,0.1412,326565.0
2026-06-25 19:20:00,0.1412,0.1414,0.1406,0.1411,1708561.7
2026-06-25 19:25:00,0.1411,0.1414,0.1411,0.1412,1214932.4
2026-06-25 19:30:00,0.1413,0.1414,0.141,0.1414,417257.1
2026-06-25 19:35:00,0.1413,0.1414,0.1411,0.1414,219149.8
2026-06-25 19:40:00,0.1414,0.1414,0.1412,0.1412,442991.2
2026-06-25 19:45:00,0.1412,0.1413,0.1407,0.1409,1180056.5
2026-06-25 19:50:00,0.141,0.1411,0.1406,0.1409,552726.6
2026-06-25 19:55:00,0.1409,0.1412,0.1409,0.1411,340189.4
2026-06-25 20:00:00,0.1412,0.1421,0.1412,0.1419,1658585.0
2026-06-25 20:05:00,0.1419,0.1421,0.1416,0.1416,406732.2
2026-06-25 20:10:00,0.1416,0.1418,0.1414,0.1416,196137.7
2026-06-25 20:15:00,0.1416,0.1419,0.1415,0.1418,272609.6
2026-06-25 20:20:00,0.1418,0.1419,0.1417,0.1418,291604.1
2026-06-25 20:25:00,0.1418,0.1419,0.1417,0.1418,276542.2
2026-06-25 20:30:00,0.1418,0.1418,0.1412,0.1416,466357.6
2026-06-25 20:35:00,0.1415,0.1418,0.1415,0.1416,103541.5
2026-06-25 20:40:00,0.1416,0.1417,0.1415,0.1416,83209.5
2026-06-25 20:45:00,0.1416,0.1417,0.1413,0.1415,139535.2
2026-06-25 20:50:00,0.1415,0.1415,0.1412,0.1413,276545.9
2026-06-25 20:55:00,0.1412,0.1415,0.1412,0.1415,356224.0
2026-06-25 21:00:00,0.1415,0.1418,0.1415,0.1418,208905.3
2026-06-25 21:05:00,0.1418,0.1419,0.1416,0.1419,181595.1
2026-06-25 21:10:00,0.1419,0.1423,0.1419,0.1423,230497.1
2026-06-25 21:15:00,0.1422,0.1424,0.1422,0.1423,210429.0
2026-06-25 21:20:00,0.1423,0.1424,0.1422,0.1424,81136.5
2026-06-25 21:25:00,0.1424,0.1429,0.1423,0.1428,248811.9
2026-06-25 21:30:00,0.1428,0.1438,0.1428,0.1438,696800.5
2026-06-25 21:35:00,0.1437,0.1441,0.1436,0.1438,269561.9
2026-06-25 21:40:00,0.1438,0.1439,0.1434,0.1436,190370.5
2026-06-25 21:45:00,0.1435,0.1438,0.1433,0.1433,353776.4
2026-06-25 21:50:00,0.1434,0.1438,0.1433,0.1438,222568.0
2026-06-25 21:55:00,0.1438,0.1442,0.1435,0.1439,519870.9
2026-06-25 22:00:00,0.144,0.1442,0.1437,0.144,545670.2
2026-06-25 22:05:00,0.144,0.144,0.1435,0.1435,243266.4
2026-06-25 22:10:00,0.1435,0.1436,0.1431,0.1435,604864.4
2026-06-25 22:15:00,0.1435,0.1439,0.1435,0.1436,288260.9
2026-06-25 22:20:00,0.1435,0.1435,0.1433,0.1435,77059.7
2026-06-25 22:25:00,0.1435,0.1437,0.1434,0.1436,124641.7
2026-06-25 22:30:00,0.1435,0.1437,0.1434,0.1436,254375.9
2026-06-25 22:35:00,0.1436,0.1438,0.1435,0.1436,361166.7
2026-06-25 22:40:00,0.1436,0.1437,0.1435,0.1437,163884.2
2026-06-25 22:45:00,0.1436,0.1438,0.1433,0.1433,252720.7
2026-06-25 22:50:00,0.1433,0.1435,0.1433,0.1435,177690.8
2026-06-25 22:55:00,0.1435,0.1435,0.1433,0.1434,218952.8
2026-06-25 23:00:00,0.1434,0.1436,0.1433,0.1435,101306.0
2026-06-25 23:05:00,0.1435,0.1435,0.1432,0.1432,160647.8
2026-06-25 23:10:00,0.1432,0.1436,0.1431,0.1436,247468.1
2026-06-25 23:15:00,0.1436,0.1439,0.1435,0.1439,352309.8
2026-06-25 23:20:00,0.1439,0.1441,0.1438,0.144,760103.3
2026-06-25 23:25:00,0.144,0.1442,0.1439,0.1441,369807.2
2026-06-25 23:30:00,0.144,0.1444,0.144,0.1443,487447.2
2026-06-25 23:35:00,0.1443,0.1444,0.1439,0.1439,483207.8
2026-06-25 23:40:00,0.1439,0.144,0.1438,0.144,247833.4
2026-06-25 23:45:00,0.1439,0.1439,0.1437,0.1438,101585.7
2026-06-25 23:50:00,0.1437,0.1437,0.1436,0.1437,237473.5
2026-06-25 23:55:00,0.1437,0.1438,0.1435,0.1438,268658.6
2026-06-26 00:00:00,0.1438,0.1442,0.1436,0.144,635305.6
2026-06-26 00:05:00,0.144,0.1442,0.1439,0.1442,515551.6
2026-06-26 00:10:00,0.1441,0.1444,0.144,0.1444,176631.1
2026-06-26 00:15:00,0.1443,0.1443,0.1437,0.1439,795858.2
2026-06-26 00:20:00,0.1439,0.144,0.1437,0.1438,241048.2
2026-06-26 00:25:00,0.1437,0.1437,0.1434,0.1436,293280.2
2026-06-26 00:30:00,0.1436,0.1436,0.1433,0.1435,193229.8
2026-06-26 00:35:00,0.1435,0.1437,0.1434,0.1437,257373.7
2026-06-26 00:40:00,0.1437,0.1439,0.1434,0.1436,341734.2
2026-06-26 00:45:00,0.1435,0.1437,0.1435,0.1435,356703.5
2026-06-26 00:50:00,0.1436,0.1437,0.1432,0.1432,264997.3
2026-06-26 00:55:00,0.1432,0.1434,0.1431,0.1432,378367.8
2026-06-26 01:00:00,0.1431,0.1434,0.143,0.143,208907.7
2026-06-26 01:05:00,0.143,0.143,0.1427,0.143,379041.7
2026-06-26 01:10:00,0.1429,0.1433,0.1429,0.143,219844.7
2026-06-26 01:15:00,0.1429,0.1434,0.1429,0.1431,247518.3
2026-06-26 01:20:00,0.1431,0.1433,0.1429,0.143,215128.7
2026-06-26 01:25:00,0.143,0.143,0.1424,0.1425,353178.2
2026-06-26 01:30:00,0.1425,0.1426,0.142,0.1421,903788.0
2026-06-26 01:35:00,0.1421,0.1422,0.1419,0.1421,336966.0
2026-06-26 01:40:00,0.1422,0.1423,0.1419,0.142,182075.7
2026-06-26 01:45:00,0.142,0.1421,0.1419,0.1421,63272.0
2026-06-26 01:50:00,0.1421,0.1423,0.142,0.1421,400826.4
2026-06-26 01:55:00,0.1421,0.1422,0.142,0.1422,121121.1
2026-06-26 02:00:00,0.1422,0.1423,0.142,0.1421,250853.9
2026-06-26 02:05:00,0.1421,0.1422,0.1418,0.1418,759804.6
2026-06-26 02:10:00,0.1418,0.1421,0.1393,0.1396,4327968.8
2026-06-26 02:15:00,0.1397,0.1407,0.1393,0.1398,2537189.2
2026-06-26 02:20:00,0.1398,0.1399,0.139,0.1394,1372535.3
2026-06-26 02:25:00,0.1393,0.1408,0.1393,0.1407,736784.5
2026-06-26 02:30:00,0.1407,0.1409,0.1401,0.1409,506120.0
2026-06-26 02:35:00,0.1409,0.1411,0.1403,0.1406,384593.3
2026-06-26 02:40:00,0.1406,0.1407,0.1403,0.1405,208478.4
2026-06-26 02:45:00,0.1405,0.1405,0.1399,0.14,789317.5
2026-06-26 02:50:00,0.1401,0.1403,0.1395,0.1396,414946.0
2026-06-26 02:55:00,0.1396,0.1396,0.1391,0.1396,580317.4
2026-06-26 03:00:00,0.1396,0.1397,0.1385,0.1394,2098044.2
2026-06-26 03:05:00,0.1394,0.1397,0.1391,0.1396,825074.0
2026-06-26 03:10:00,0.1395,0.1406,0.1395,0.1406,371149.3
2026-06-26 03:15:00,0.1405,0.1406,0.1401,0.1403,285783.7
2026-06-26 03:20:00,0.1403,0.1404,0.1397,0.1398,253890.9
2026-06-26 03:25:00,0.1398,0.1407,0.1397,0.1406,1100755.0
2026-06-26 03:30:00,0.1406,0.1408,0.1399,0.1406,562543.0
2026-06-26 03:35:00,0.1405,0.1414,0.1404,0.1412,836318.5
2026-06-26 03:40:00,0.1412,0.1414,0.1409,0.1414,908650.5
2026-06-26 03:45:00,0.1413,0.1423,0.1413,0.142,1165985.3
2026-06-26 03:50:00,0.1421,0.1424,0.142,0.1422,410726.0
2026-06-26 03:55:00,0.1422,0.1432,0.1422,0.1427,1209574.6
2026-06-26 04:00:00,0.1428,0.1428,0.1422,0.1427,570877.4
2026-06-26 04:05:00,0.1426,0.143,0.1425,0.1426,223079.3
2026-06-26 04:10:00,0.1426,0.1429,0.1425,0.1425,208487.4
2026-06-26 04:15:00,0.1425,0.1433,0.1424,0.1426,308950.1
2026-06-26 04:20:00,0.1426,0.1426,0.1423,0.1424,157457.2
2026-06-26 04:25:00,0.1423,0.1426,0.1421,0.1425,832702.6
2026-06-26 04:30:00,0.1425,0.1427,0.1423,0.1424,124514.1
2026-06-26 04:35:00,0.1424,0.1425,0.1422,0.1424,119698.4
2026-06-26 04:40:00,0.1424,0.1426,0.1423,0.1424,131243.4
2026-06-26 04:45:00,0.1425,0.1425,0.1421,0.1421,225244.7
2026-06-26 04:50:00,0.1421,0.1422,0.1417,0.1419,123069.0
2026-06-26 04:55:00,0.1418,0.1419,0.1417,0.1418,233645.1
2026-06-26 05:00:00,0.1418,0.1419,0.1415,0.1417,927210.1
2026-06-26 05:05:00,0.1417,0.1421,0.1416,0.1417,1111601.8
2026-06-26 05:10:00,0.1418,0.1422,0.1418,0.1422,416265.3
2026-06-26 05:15:00,0.1422,0.1424,0.1421,0.1422,241137.8
2026-06-26 05:20:00,0.1422,0.1423,0.1418,0.1418,183721.3
2026-06-26 05:25:00,0.1418,0.1425,0.1418,0.1424,258282.2
2026-06-26 05:30:00,0.1425,0.143,0.1424,0.143,1107336.1
2026-06-26 05:35:00,0.143,0.1432,0.1428,0.1431,1703122.5
2026-06-26 05:40:00,0.1431,0.1431,0.1427,0.1428,279195.0
2026-06-26 05:45:00,0.1428,0.1429,0.1426,0.1429,141153.8
2026-06-26 05:50:00,0.1429,0.1433,0.1428,0.1431,241602.9
2026-06-26 05:55:00,0.1432,0.1433,0.1429,0.1429,247973.2
2026-06-26 06:00:00,0.1429,0.1429,0.1422,0.1423,1169570.6
2026-06-26 06:05:00,0.1423,0.1425,0.1423,0.1424,195963.1
2026-06-26 06:10:00,0.1424,0.1426,0.1423,0.1423,326258.1
2026-06-26 06:15:00,0.1422,0.1428,0.1422,0.1427,250578.5
2026-06-26 06:20:00,0.1426,0.144,0.1426,0.1437,1299512.7
2026-06-26 06:25:00,0.1437,0.1438,0.1435,0.1437,183409.0
2026-06-26 06:30:00,0.1438,0.1439,0.1435,0.1436,560171.7
2026-06-26 06:35:00,0.1437,0.1448,0.1437,0.1443,1359281.2
2026-06-26 06:40:00,0.1443,0.1452,0.144,0.1451,1106813.9
2026-06-26 06:45:00,0.145,0.1453,0.1446,0.1448,1610208.4
2026-06-26 06:50:00,0.1448,0.1451,0.1446,0.1451,429875.1
2026-06-26 06:55:00,0.145,0.1453,0.145,0.1452,492787.0
2026-06-26 07:00:00,0.1452,0.1458,0.1451,0.1457,1054748.5
2026-06-26 07:05:00,0.1457,0.1462,0.1456,0.1459,1208681.4
2026-06-26 07:10:00,0.1459,0.1473,0.1459,0.147,1737414.3
2026-06-26 07:15:00,0.1469,0.1473,0.1468,0.1468,659030.3
2026-06-26 07:20:00,0.1469,0.147,0.1466,0.147,477659.8
2026-06-26 07:25:00,0.147,0.1471,0.1464,0.1465,1971591.9
2026-06-26 07:30:00,0.1465,0.147,0.1463,0.1463,1332303.2
2026-06-26 07:35:00,0.1463,0.147,0.1462,0.1469,676077.1
2026-06-26 07:40:00,0.1468,0.1469,0.1463,0.1463,276327.0
2026-06-26 07:45:00,0.1462,0.1465,0.146,0.1462,491398.2
2026-06-26 07:50:00,0.1461,0.1465,0.1461,0.1465,138582.1
2026-06-26 07:55:00,0.1465,0.1467,0.1464,0.1466,444099.7
2026-06-26 08:00:00,0.1467,0.1469,0.1463,0.1463,1171688.3
2026-06-26 08:05:00,0.1463,0.1463,0.1459,0.1459,483805.2
2026-06-26 08:10:00,0.146,0.146,0.1454,0.1454,637105.5
2026-06-26 08:15:00,0.1455,0.1455,0.145,0.145,436152.1
2026-06-26 08:20:00,0.145,0.1454,0.145,0.1453,305298.1
2026-06-26 08:25:00,0.1454,0.1455,0.1449,0.1451,848390.4
2026-06-26 08:30:00,0.1451,0.1451,0.1446,0.1448,343161.8
2026-06-26 08:35:00,0.1447,0.145,0.1446,0.1448,163658.6
2026-06-26 08:40:00,0.1449,0.1451,0.1448,0.1448,127407.4
2026-06-26 08:45:00,0.1448,0.1449,0.1446,0.1447,326503.1
2026-06-26 08:50:00,0.1448,0.1452,0.1447,0.1448,964435.4
2026-06-26 08:55:00,0.1448,0.145,0.1447,0.1449,153299.2
2026-06-26 09:00:00,0.145,0.1451,0.1446,0.1447,322317.6
2026-06-26 09:05:00,0.1448,0.1449,0.1445,0.1446,391027.9
2026-06-26 09:10:00,0.1446,0.1447,0.1443,0.1447,213470.8
2026-06-26 09:15:00,0.1447,0.1448,0.1442,0.1445,1116844.9
2026-06-26 09:20:00,0.1445,0.1447,0.1444,0.1446,152180.4
2026-06-26 09:25:00,0.1446,0.1447,0.1445,0.1446,155367.9
2026-06-26 09:30:00,0.1447,0.1447,0.1446,0.1446,231980.8
2026-06-26 09:35:00,0.1446,0.1452,0.1446,0.1449,739074.9
2026-06-26 09:40:00,0.1449,0.1453,0.1447,0.1448,255991.6
2026-06-26 09:45:00,0.1448,0.1449,0.1444,0.1444,419234.4
2026-06-26 09:50:00,0.1444,0.1445,0.1436,0.1441,347321.5
2026-06-26 09:55:00,0.1441,0.1443,0.1435,0.1438,1243311.1
2026-06-26 10:00:00,0.1438,0.1439,0.1435,0.1439,1492004.1
2026-06-26 10:05:00,0.1438,0.144,0.1436,0.144,1067708.7
2026-06-26 10:10:00,0.144,0.1444,0.1439,0.1441,106577.3
2026-06-26 10:15:00,0.1441,0.1444,0.144,0.144,76703.0
2026-06-26 10:20:00,0.1441,0.1442,0.1439,0.144,69124.1
2026-06-26 10:25:00,0.144,0.1443,0.144,0.1442,26442.5
2026-06-26 10:30:00,0.1441,0.1444,0.144,0.1443,133989.8
2026-06-26 10:35:00,0.1443,0.1445,0.1435,0.1437,256255.7
2026-06-26 10:40:00,0.1436,0.1438,0.1434,0.1438,221365.3
2026-06-26 10:45:00,0.1438,0.1439,0.1435,0.1437,176022.9
2026-06-26 10:50:00,0.1437,0.1438,0.1435,0.1438,195327.4
2026-06-26 10:55:00,0.1438,0.1439,0.1436,0.1437,227226.7
2026-06-26 11:00:00,0.1438,0.1445,0.1436,0.1444,608953.9
2026-06-26 11:05:00,0.1444,0.1446,0.1442,0.1442,254399.8
2026-06-26 11:10:00,0.1442,0.1444,0.1441,0.1442,274712.0
2026-06-26 11:15:00,0.1441,0.1441,0.1437,0.144,294840.1
2026-06-26 11:20:00,0.1439,0.1441,0.1438,0.144,133375.3
2026-06-26 11:25:00,0.144,0.1441,0.1436,0.1436,122895.4
2026-06-26 11:30:00,0.1436,0.144,0.1436,0.144,81916.9
2026-06-26 11:35:00,0.1439,0.144,0.1437,0.1437,134243.5
2026-06-26 11:40:00,0.1438,0.1439,0.1433,0.1433,254483.9
2026-06-26 11:45:00,0.1433,0.1436,0.1432,0.1435,333139.3
2026-06-26 11:50:00,0.1435,0.1435,0.1427,0.1429,476644.5
2026-06-26 11:55:00,0.1429,0.1434,0.1429,0.1433,359261.0
2026-06-26 12:00:00,0.1434,0.1436,0.1433,0.1435,454276.0
2026-06-26 12:05:00,0.1435,0.1438,0.1434,0.1435,529641.8
2026-06-26 12:10:00,0.1435,0.1437,0.1434,0.1436,386196.0
2026-06-26 12:15:00,0.1436,0.1443,0.1436,0.144,739298.8
2026-06-26 12:20:00,0.144,0.1442,0.1438,0.1441,216715.9
2026-06-26 12:25:00,0.1442,0.1443,0.1439,0.1443,512176.9
2026-06-26 12:30:00,0.1442,0.1452,0.144,0.1448,1280443.5
2026-06-26 12:35:00,0.1448,0.1448,0.1435,0.1436,937910.3
2026-06-26 12:40:00,0.1436,0.1436,0.1425,0.1428,1547836.4
2026-06-26 12:45:00,0.1429,0.1439,0.1426,0.143,1364360.2
2026-06-26 12:50:00,0.1431,0.1434,0.1428,0.1429,365040.5
2026-06-26 12:55:00,0.1429,0.1431,0.1427,0.1427,301572.4
2026-06-26 13:00:00,0.1428,0.143,0.1427,0.1428,165079.7
2026-06-26 13:05:00,0.1428,0.1429,0.1426,0.1426,228965.3
2026-06-26 13:10:00,0.1426,0.1435,0.1425,0.1428,376406.9
2026-06-26 13:15:00,0.1427,0.143,0.1412,0.1418,2026801.4
2026-06-26 13:20:00,0.1419,0.1425,0.1418,0.1422,1443160.9
2026-06-26 13:25:00,0.1422,0.1426,0.1421,0.1424,1052911.9
2026-06-26 13:30:00,0.1424,0.1431,0.1423,0.1429,1895244.0
2026-06-26 13:35:00,0.1428,0.1439,0.1427,0.1437,2108845.3
2026-06-26 13:40:00,0.1437,0.1441,0.1433,0.1439,1137109.2
2026-06-26 13:45:00,0.1438,0.1442,0.1435,0.1438,380734.0
2026-06-26 13:50:00,0.1438,0.1445,0.1437,0.1443,457365.2
2026-06-26 13:55:00,0.1444,0.146,0.1444,0.1458,2919975.4
2026-06-26 14:00:00,0.1457,0.1461,0.1449,0.1452,1288380.6
2026-06-26 14:05:00,0.1453,0.1453,0.1444,0.1451,605269.0
2026-06-26 14:10:00,0.145,0.1453,0.1448,0.1452,555879.7
2026-06-26 14:15:00,0.1452,0.1454,0.1446,0.1447,1382406.9
2026-06-26 14:20:00,0.1446,0.1458,0.1446,0.1457,1779887.1
2026-06-26 14:25:00,0.1458,0.1462,0.1456,0.1458,879842.0
2026-06-26 14:30:00,0.1458,0.1463,0.145,0.1451,2989182.2
2026-06-26 14:35:00,0.1451,0.1451,0.1444,0.1444,716598.3
2026-06-26 14:40:00,0.1445,0.145,0.1443,0.1448,604039.5
2026-06-26 14:45:00,0.1448,0.1457,0.1446,0.1452,557937.8
2026-06-26 14:50:00,0.1452,0.1455,0.145,0.1451,299345.1
2026-06-26 14:55:00,0.1451,0.1451,0.1445,0.1446,398483.7
2026-06-26 15:00:00,0.1445,0.1447,0.1441,0.1442,672847.1
2026-06-26 15:05:00,0.1442,0.1457,0.144,0.1455,1403643.3
2026-06-26 15:10:00,0.1455,0.1455,0.1448,0.1448,315819.7
2026-06-26 15:15:00,0.1448,0.1455,0.1447,0.1454,336620.4
2026-06-26 15:20:00,0.1453,0.147,0.1453,0.147,1222532.6
2026-06-26 15:25:00,0.147,0.1473,0.1465,0.1469,893433.4
2026-06-26 15:30:00,0.147,0.1473,0.1467,0.1472,816115.3
2026-06-26 15:35:00,0.1472,0.1482,0.1472,0.1481,634275.7
2026-06-26 15:40:00,0.1481,0.1483,0.1478,0.148,608082.4
2026-06-26 15:45:00,0.1481,0.1482,0.1474,0.1476,980910.8
2026-06-26 15:50:00,0.1476,0.148,0.1464,0.1473,2993890.7
2026-06-26 15:55:00,0.1473,0.1482,0.1472,0.1481,486187.5
2026-06-26 16:00:00,0.1481,0.15,0.1481,0.1493,3210000.5
2026-06-26 16:05:00,0.1492,0.1493,0.1484,0.1488,754751.7
2026-06-26 16:10:00,0.1487,0.1489,0.1481,0.1482,592358.0
2026-06-26 16:15:00,0.1483,0.1488,0.1478,0.1479,589370.6
2026-06-26 16:20:00,0.1479,0.148,0.147,0.1477,2119330.3
2026-06-26 16:25:00,0.1477,0.1481,0.1476,0.1478,662575.4
2026-06-26 16:30:00,0.1479,0.1487,0.1479,0.1485,1393576.0
2026-06-26 16:35:00,0.1486,0.1491,0.1484,0.1486,903940.8
2026-06-26 16:40:00,0.1486,0.1487,0.1479,0.148,311782.3
2026-06-26 16:45:00,0.1479,0.1485,0.1479,0.1483,740846.4
2026-06-26 16:50:00,0.1483,0.1488,0.148,0.1483,1276763.4
2026-06-26 16:55:00,0.1483,0.1485,0.1479,0.148,428852.2
2026-06-26 17:00:00,0.148,0.1483,0.1479,0.1482,817575.2
2026-06-26 17:05:00,0.1481,0.1485,0.148,0.1485,234073.3
2026-06-26 17:10:00,0.1486,0.1491,0.1486,0.1489,1132467.0
2026-06-26 17:15:00,0.1488,0.1489,0.1482,0.1486,923312.5
2026-06-26 17:20:00,0.1486,0.1487,0.1482,0.1486,377420.2
2026-06-26 17:25:00,0.1486,0.1488,0.1483,0.1487,231377.3
2026-06-26 17:30:00,0.1486,0.1489,0.1485,0.1485,350327.0
2026-06-26 17:35:00,0.1485,0.1485,0.1482,0.1485,408154.1
2026-06-26 17:40:00,0.1484,0.1488,0.1482,0.1485,459884.6
2026-06-26 17:45:00,0.1486,0.1487,0.1483,0.1483,150300.3
2026-06-26 17:50:00,0.1483,0.1484,0.1481,0.1482,127655.9
2026-06-26 17:55:00,0.1482,0.1483,0.1479,0.1481,825487.0
2026-06-26 18:00:00,0.1481,0.1486,0.1481,0.1485,473064.5
2026-06-26 18:05:00,0.1484,0.1488,0.1483,0.1486,763522.9
2026-06-26 18:10:00,0.1486,0.1488,0.1484,0.1484,266893.1
2026-06-26 18:15:00,0.1484,0.1484,0.1481,0.1483,186727.2
2026-06-26 18:20:00,0.1483,0.1484,0.1479,0.1479,246147.0
2026-06-26 18:25:00,0.148,0.1481,0.1473,0.1473,391695.1
2026-06-26 18:30:00,0.1472,0.1476,0.1471,0.1475,372283.4
2026-06-26 18:35:00,0.1475,0.1476,0.1471,0.1471,113906.2
2026-06-26 18:40:00,0.1472,0.1474,0.1471,0.1473,225023.9
2026-06-26 18:45:00,0.1473,0.1474,0.1468,0.147,477146.7
2026-06-26 18:50:00,0.147,0.1471,0.1468,0.1469,80539.7
2026-06-26 18:55:00,0.1469,0.1472,0.1467,0.1469,167806.8
2026-06-26 19:00:00,0.1469,0.1469,0.1465,0.1467,105727.0
2026-06-26 19:05:00,0.1467,0.1482,0.1467,0.1482,538686.1
2026-06-26 19:10:00,0.1481,0.1482,0.1478,0.1478,106023.6
2026-06-26 19:15:00,0.1477,0.1477,0.1474,0.1477,119202.9
2026-06-26 19:20:00,0.1477,0.148,0.1475,0.1479,998233.2
2026-06-26 19:25:00,0.1479,0.148,0.1477,0.1479,272856.5
2026-06-26 19:30:00,0.148,0.1485,0.1479,0.1482,264581.5
2026-06-26 19:35:00,0.1482,0.1482,0.1479,0.1481,127163.3
2026-06-26 19:40:00,0.1481,0.1485,0.1481,0.1483,239821.8
2026-06-26 19:45:00,0.1483,0.1485,0.1481,0.1482,176057.0
2026-06-26 19:50:00,0.1482,0.1483,0.1479,0.148,1938960.6
2026-06-26 19:55:00,0.1481,0.1485,0.1475,0.1477,1630385.8
2026-06-26 20:00:00,0.1477,0.1494,0.1477,0.1485,4156293.3
2026-06-26 20:05:00,0.1484,0.1485,0.148,0.148,244125.9
2026-06-26 20:10:00,0.1481,0.1483,0.1479,0.1482,843494.7
2026-06-26 20:15:00,0.1483,0.1485,0.1481,0.1484,746093.9
2026-06-26 20:20:00,0.1483,0.1486,0.1481,0.1484,623250.1
2026-06-26 20:25:00,0.1485,0.1487,0.1483,0.1484,142960.7
2026-06-26 20:30:00,0.1483,0.1484,0.1474,0.1476,563771.1
2026-06-26 20:35:00,0.1476,0.1478,0.1472,0.1477,1945812.4
2026-06-26 20:40:00,0.1477,0.1477,0.1473,0.1474,364834.7
2026-06-26 20:45:00,0.1473,0.1476,0.1472,0.1476,434671.3
2026-06-26 20:50:00,0.1475,0.1477,0.1473,0.1473,388512.5
2026-06-26 20:55:00,0.1474,0.1475,0.1471,0.1474,730254.8
2026-06-26 21:00:00,0.1473,0.1475,0.1469,0.147,372751.7
2026-06-26 21:05:00,0.1471,0.1472,0.1469,0.1472,385966.0
2026-06-26 21:10:00,0.1472,0.1474,0.1472,0.1474,437553.5
2026-06-26 21:15:00,0.1473,0.1473,0.147,0.147,104260.4
2026-06-26 21:20:00,0.1471,0.1475,0.147,0.1472,91911.8
2026-06-26 21:25:00,0.1473,0.1475,0.1472,0.1475,147853.0
2026-06-26 21:30:00,0.1475,0.1478,0.1475,0.1477,148483.5
2026-06-26 21:35:00,0.1477,0.1478,0.1476,0.1477,128147.8
2026-06-26 21:40:00,0.1477,0.1481,0.1477,0.148,249488.8
2026-06-26 21:45:00,0.1479,0.1482,0.1476,0.1477,127669.4
2026-06-26 21:50:00,0.1477,0.1478,0.1475,0.1477,52747.8
2026-06-26 21:55:00,0.1476,0.1476,0.1472,0.1472,230071.4
2026-06-26 22:00:00,0.1471,0.1472,0.1464,0.1466,312815.6
2026-06-26 22:05:00,0.1467,0.147,0.1465,0.147,118532.7
2026-06-26 22:10:00,0.147,0.1473,0.1469,0.1471,249431.9
2026-06-26 22:15:00,0.1471,0.1472,0.147,0.1471,421195.9
2026-06-26 22:20:00,0.1471,0.1471,0.147,0.147,77119.0
2026-06-26 22:25:00,0.147,0.1471,0.1468,0.147,314364.0
2026-06-26 22:30:00,0.147,0.1471,0.1469,0.1471,346844.1
2026-06-26 22:35:00,0.147,0.1473,0.147,0.1472,188279.2
2026-06-26 22:40:00,0.1473,0.1473,0.1472,0.1473,28703.5
2026-06-26 22:45:00,0.1473,0.1473,0.1471,0.1473,589459.2
2026-06-26 22:50:00,0.1472,0.1481,0.1472,0.1481,777414.3
2026-06-26 22:55:00,0.1481,0.1482,0.148,0.148,481583.0
2026-06-26 23:00:00,0.1481,0.1484,0.148,0.1482,435451.9
2026-06-26 23:05:00,0.1481,0.1482,0.1479,0.148,248349.8
2026-06-26 23:10:00,0.148,0.1494,0.148,0.149,3739581.8
2026-06-26 23:15:00,0.149,0.1493,0.1488,0.1488,516695.3
2026-06-26 23:20:00,0.1488,0.1489,0.1485,0.1487,527578.4
2026-06-26 23:25:00,0.1486,0.1487,0.1484,0.1484,121193.6
2026-06-26 23:30:00,0.1484,0.1486,0.1483,0.1486,272548.7
2026-06-26 23:35:00,0.1485,0.1486,0.1484,0.1484,159763.4
2026-06-26 23:40:00,0.1484,0.1487,0.1484,0.1485,142957.8
2026-06-26 23:45:00,0.1486,0.1488,0.1486,0.1486,218227.2
2026-06-26 23:50:00,0.1487,0.1487,0.1484,0.1484,235112.3
2026-06-26 23:55:00,0.1484,0.1485,0.1483,0.1484,538600.6
2026-06-27 00:00:00,0.1485,0.1488,0.1485,0.1486,778470.7
2026-06-27 00:05:00,0.1486,0.1491,0.1485,0.1488,599455.8
2026-06-27 00:10:00,0.1488,0.149,0.1486,0.1487,1021186.4
2026-06-27 00:15:00,0.1488,0.1488,0.1484,0.1484,363776.5
2026-06-27 00:20:00,0.1484,0.1485,0.1482,0.1482,374508.4
2026-06-27 00:25:00,0.1482,0.1483,0.1481,0.1481,40727.0
2026-06-27 00:30:00,0.1481,0.1481,0.1473,0.1474,472523.8
2026-06-27 00:35:00,0.1475,0.1477,0.1474,0.1477,151864.2
2026-06-27 00:40:00,0.1477,0.1477,0.1475,0.1476,159239.9
2026-06-27 00:45:00,0.1476,0.1479,0.1474,0.1479,220800.1
2026-06-27 00:50:00,0.1479,0.1483,0.1479,0.1483,286670.7
2026-06-27 00:55:00,0.1483,0.1483,0.1481,0.1482,187440.1
2026-06-27 01:00:00,0.1482,0.1482,0.1478,0.1479,552324.3
2026-06-27 01:05:00,0.1478,0.148,0.1478,0.1478,103659.1
2026-06-27 01:10:00,0.1478,0.1479,0.1477,0.1478,364257.6
2026-06-27 01:15:00,0.1478,0.148,0.1477,0.148,259119.4
2026-06-27 01:20:00,0.148,0.1481,0.1479,0.1481,162374.5
2026-06-27 01:25:00,0.1482,0.1483,0.148,0.1482,142919.1
2026-06-27 01:30:00,0.1482,0.1484,0.1479,0.1484,361515.2
2026-06-27 01:35:00,0.1485,0.1485,0.1482,0.1484,262959.7
2026-06-27 01:40:00,0.1484,0.1485,0.1483,0.1485,84789.3
2026-06-27 01:45:00,0.1484,0.1485,0.1483,0.1484,25620.5
2026-06-27 01:50:00,0.1483,0.1484,0.1481,0.1481,70874.7
2026-06-27 01:55:00,0.1482,0.1483,0.1481,0.1482,41140.7
2026-06-27 02:00:00,0.1482,0.1483,0.1478,0.1479,2251811.9
2026-06-27 02:05:00,0.1479,0.1482,0.1478,0.1482,269072.0
2026-06-27 02:10:00,0.1482,0.1485,0.148,0.1485,404790.6
2026-06-27 02:15:00,0.1485,0.1489,0.1484,0.1488,1591089.6
2026-06-27 02:20:00,0.1488,0.1496,0.1488,0.1494,338778.0
2026-06-27 02:25:00,0.1494,0.1495,0.1491,0.1492,362130.8
2026-06-27 02:30:00,0.1491,0.1492,0.1488,0.1491,714559.7
2026-06-27 02:35:00,0.1491,0.1494,0.1488,0.1494,119784.3
2026-06-27 02:40:00,0.1494,0.1497,0.1493,0.1494,838309.7
2026-06-27 02:45:00,0.1494,0.1495,0.1493,0.1493,112668.8
2026-06-27 02:50:00,0.1493,0.1494,0.1492,0.1493,691838.2
2026-06-27 02:55:00,0.1493,0.1493,0.1489,0.149,990257.4
2026-06-27 03:00:00,0.149,0.1493,0.1488,0.1488,2008169.1
2026-06-27 03:05:00,0.1487,0.1487,0.1482,0.1484,475611.3
2026-06-27 03:10:00,0.1483,0.1486,0.1483,0.1485,239013.4
2026-06-27 03:15:00,0.1485,0.1489,0.1484,0.1489,103710.3
2026-06-27 03:20:00,0.1489,0.1491,0.1488,0.149,550815.6
2026-06-27 03:25:00,0.1491,0.1491,0.1487,0.1488,86416.9
2026-06-27 03:30:00,0.1487,0.1488,0.1483,0.1487,515553.9
2026-06-27 03:35:00,0.1488,0.1488,0.1485,0.1487,507315.4
2026-06-27 03:40:00,0.1487,0.1487,0.1485,0.1485,116576.5
2026-06-27 03:45:00,0.1485,0.1488,0.1483,0.1486,680185.8
2026-06-27 03:50:00,0.1486,0.1486,0.1481,0.1481,105571.1
2026-06-27 03:55:00,0.1482,0.1484,0.1482,0.1483,187827.5
2026-06-27 04:00:00,0.1483,0.1486,0.1482,0.1486,536716.1
2026-06-27 04:05:00,0.1486,0.1487,0.1486,0.1486,345276.0
2026-06-27 04:10:00,0.1485,0.1488,0.1485,0.1488,126830.8
2026-06-27 04:15:00,0.1488,0.1489,0.1487,0.1488,186166.5
2026-06-27 04:20:00,0.1488,0.149,0.1487,0.149,1015737.3
2026-06-27 04:25:00,0.149,0.1491,0.1486,0.1487,310147.2
2026-06-27 04:30:00,0.1486,0.1486,0.1484,0.1485,110756.6
2026-06-27 04:35:00,0.1485,0.1486,0.1484,0.1485,152472.5
2026-06-27 04:40:00,0.1485,0.1485,0.1484,0.1484,63222.7
2026-06-27 04:45:00,0.1483,0.1486,0.1483,0.1483,238597.0
2026-06-27 04:50:00,0.1482,0.1485,0.1482,0.1484,184687.1
2026-06-27 04:55:00,0.1483,0.1484,0.1482,0.1483,759239.4
2026-06-27 05:00:00,0.1483,0.1485,0.148,0.1481,113530.1
2026-06-27 05:05:00,0.148,0.1481,0.1478,0.148,286107.4
2026-06-27 05:10:00,0.1479,0.1482,0.1478,0.1481,137991.5
2026-06-27 05:15:00,0.1481,0.1481,0.1476,0.1478,227032.0
2026-06-27 05:20:00,0.1477,0.1478,0.1476,0.1476,176661.0
2026-06-27 05:25:00,0.1477,0.1478,0.1473,0.1473,709139.6
2026-06-27 05:30:00,0.1473,0.1478,0.1473,0.1478,184177.3
2026-06-27 05:35:00,0.1477,0.1478,0.1476,0.1478,382274.8
2026-06-27 05:40:00,0.1477,0.148,0.1477,0.148,184083.8
2026-06-27 05:45:00,0.1479,0.1481,0.1478,0.1479,239576.5
2026-06-27 05:50:00,0.1478,0.1482,0.1478,0.1481,446569.3
2026-06-27 05:55:00,0.1481,0.1482,0.1479,0.1479,244801.8
2026-06-27 06:00:00,0.1479,0.148,0.1475,0.1477,229707.1
2026-06-27 06:05:00,0.1477,0.1477,0.1475,0.1475,176734.9
2026-06-27 06:10:00,0.1474,0.1475,0.1471,0.1474,524262.2
2026-06-27 06:15:00,0.1473,0.1475,0.1472,0.1474,201184.0
2026-06-27 06:20:00,0.1475,0.1476,0.1474,0.1475,204137.3
2026-06-27 06:25:00,0.1475,0.1476,0.1474,0.1475,198933.8
2026-06-27 06:30:00,0.1475,0.1478,0.1474,0.1475,283422.3
2026-06-27 06:35:00,0.1475,0.1479,0.1474,0.1478,525115.5
2026-06-27 06:40:00,0.1478,0.1482,0.1477,0.1479,544077.9
2026-06-27 06:45:00,0.148,0.1483,0.148,0.1481,263463.5
2026-06-27 06:50:00,0.148,0.148,0.1476,0.1478,200650.4
2026-06-27 06:55:00,0.1477,0.1479,0.1477,0.1479,62897.6
2026-06-27 07:00:00,0.1479,0.148,0.1477,0.1478,74842.6
2026-06-27 07:05:00,0.1478,0.1478,0.1477,0.1477,118405.7
2026-06-27 07:10:00,0.1476,0.1478,0.1476,0.1477,313594.2
2026-06-27 07:15:00,0.1477,0.1479,0.1477,0.1479,102338.8
2026-06-27 07:20:00,0.1479,0.1481,0.1479,0.1479,256694.0
2026-06-27 07:25:00,0.1479,0.148,0.1478,0.1478,137231.7
2026-06-27 07:30:00,0.1478,0.1479,0.1477,0.1478,107992.8
2026-06-27 07:35:00,0.1479,0.1479,0.1477,0.1477,57413.5
2026-06-27 07:40:00,0.1478,0.148,0.1477,0.1478,357359.7
2026-06-27 07:45:00,0.1479,0.1479,0.1478,0.1478,38661.1
2026-06-27 07:50:00,0.1479,0.148,0.1476,0.1477,100529.5
2026-06-27 07:55:00,0.1477,0.148,0.1476,0.1476,263374.3
2026-06-27 08:00:00,0.1476,0.1477,0.1474,0.1475,240563.8
2026-06-27 08:05:00,0.1476,0.1477,0.1475,0.1475,63547.3
2026-06-27 08:10:00,0.1476,0.1476,0.1474,0.1476,566889.4
2026-06-27 08:15:00,0.1475,0.1476,0.1473,0.1475,328669.7
2026-06-27 08:20:00,0.1475,0.1477,0.1474,0.1476,77633.2
2026-06-27 08:25:00,0.1475,0.1477,0.1475,0.1477,295744.6
2026-06-27 08:30:00,0.1476,0.1478,0.1476,0.1476,145392.1
2026-06-27 08:35:00,0.1476,0.1476,0.1473,0.1473,140853.2
2026-06-27 08:40:00,0.1474,0.1474,0.1471,0.1472,154984.8
2026-06-27 08:45:00,0.1471,0.1474,0.1471,0.1474,601099.0
2026-06-27 08:50:00,0.1474,0.1478,0.1474,0.1475,895750.4
2026-06-27 08:55:00,0.1475,0.1475,0.1473,0.1473,176592.7
2026-06-27 09:00:00,0.1473,0.1474,0.1472,0.1473,91476.6
2026-06-27 09:05:00,0.1473,0.1476,0.1473,0.1475,71706.2
2026-06-27 09:10:00,0.1474,0.1474,0.1469,0.147,382635.7
2026-06-27 09:15:00,0.1469,0.147,0.1467,0.1469,220531.9
2026-06-27 09:20:00,0.1469,0.147,0.1468,0.1468,45826.0
2026-06-27 09:25:00,0.1469,0.1471,0.1468,0.1468,92390.8
2026-06-27 09:30:00,0.1469,0.1472,0.1469,0.1472,275435.9
2026-06-27 09:35:00,0.1471,0.1472,0.1469,0.147,55019.1
2026-06-27 09:40:00,0.147,0.1471,0.1469,0.147,55436.3
2026-06-27 09:45:00,0.147,0.1471,0.1469,0.147,120614.3
2026-06-27 09:50:00,0.147,0.1472,0.147,0.1471,51408.3
2026-06-27 09:55:00,0.1471,0.1473,0.1471,0.1472,313727.9
2026-06-27 10:00:00,0.1472,0.1474,0.1471,0.1472,404627.5
2026-06-27 10:05:00,0.1473,0.1474,0.1472,0.1474,242105.3
2026-06-27 10:10:00,0.1474,0.1475,0.1473,0.1473,243922.1
2026-06-27 10:15:00,0.1473,0.1474,0.1472,0.1472,149547.0
2026-06-27 10:20:00,0.1473,0.1474,0.1472,0.1473,113506.6
2026-06-27 10:25:00,0.1473,0.1473,0.1471,0.1471,37916.7
2026-06-27 10:30:00,0.1471,0.1473,0.1471,0.1473,290913.9
2026-06-27 10:35:00,0.1472,0.1474,0.1472,0.1474,99728.9
2026-06-27 10:40:00,0.1474,0.1475,0.1472,0.1474,214334.6
2026-06-27 10:45:00,0.1474,0.1475,0.1473,0.1475,38425.7
2026-06-27 10:50:00,0.1474,0.1475,0.1473,0.1473,108303.0
2026-06-27 10:55:00,0.1473,0.1475,0.1473,0.1475,52089.0
2026-06-27 11:00:00,0.1474,0.1476,0.1474,0.1474,187489.9
2026-06-27 11:05:00,0.1475,0.1475,0.1471,0.1472,387791.1
2026-06-27 11:10:00,0.1472,0.1474,0.1472,0.1474,105542.4
2026-06-27 11:15:00,0.1474,0.1474,0.1469,0.1469,319323.1
2026-06-27 11:20:00,0.1469,0.1471,0.1469,0.1469,556307.6
2026-06-27 11:25:00,0.147,0.147,0.1464,0.1465,1234638.3
2026-06-27 11:30:00,0.1464,0.1469,0.1464,0.1469,376725.3
2026-06-27 11:35:00,0.1469,0.147,0.1467,0.1469,698484.4
2026-06-27 11:40:00,0.1469,0.1469,0.1468,0.1469,293961.6
2026-06-27 11:45:00,0.1469,0.1472,0.1469,0.1471,70109.0
2026-06-27 11:50:00,0.1471,0.1471,0.147,0.147,18706.5
2026-06-27 11:55:00,0.147,0.1473,0.147,0.1472,52158.5
2026-06-27 12:00:00,0.1473,0.1473,0.1472,0.1472,34291.5
2026-06-27 12:05:00,0.1472,0.1472,0.1469,0.1469,42142.2
2026-06-27 12:10:00,0.1469,0.147,0.1467,0.1468,227887.1
2026-06-27 12:15:00,0.1469,0.147,0.1468,0.147,68275.8
2026-06-27 12:20:00,0.147,0.1471,0.1469,0.1469,260109.4
2026-06-27 12:25:00,0.1469,0.147,0.1468,0.1469,350334.6
2026-06-27 12:30:00,0.147,0.147,0.1468,0.1468,57713.9
2026-06-27 12:35:00,0.1468,0.1469,0.1467,0.1468,571583.6
2026-06-27 12:40:00,0.1467,0.147,0.1467,0.1469,95988.8
2026-06-27 12:45:00,0.147,0.1471,0.1468,0.147,121309.9
2026-06-27 12:50:00,0.1471,0.1473,0.1471,0.1473,135378.7
2026-06-27 12:55:00,0.1473,0.1474,0.1472,0.1474,223290.3
2026-06-27 13:00:00,0.1474,0.1476,0.1472,0.1474,236103.1
2026-06-27 13:05:00,0.1473,0.1475,0.1473,0.1475,62514.9
2026-06-27 13:10:00,0.1474,0.1475,0.1474,0.1475,104027.5
2026-06-27 13:15:00,0.1475,0.1475,0.1473,0.1473,115850.4
2026-06-27 13:20:00,0.1473,0.1476,0.1473,0.1475,110627.2
2026-06-27 13:25:00,0.1476,0.1478,0.1476,0.1477,111281.3
2026-06-27 13:30:00,0.1478,0.1479,0.1476,0.1478,268894.1
2026-06-27 13:35:00,0.1478,0.1483,0.1477,0.1483,261248.6
2026-06-27 13:40:00,0.1482,0.1483,0.148,0.1482,138666.9
2026-06-27 13:45:00,0.1483,0.1484,0.1479,0.1479,219047.7
2026-06-27 13:50:00,0.148,0.1481,0.1479,0.1479,160059.0
2026-06-27 13:55:00,0.148,0.1481,0.1479,0.1481,101811.4
2026-06-27 14:00:00,0.1481,0.1481,0.1477,0.148,154525.5
2026-06-27 14:05:00,0.1479,0.1484,0.1479,0.1482,103050.1
2026-06-27 14:10:00,0.1483,0.1487,0.1482,0.1487,419488.8
2026-06-27 14:15:00,0.1486,0.1487,0.1484,0.1486,1494829.8
2026-06-27 14:20:00,0.1487,0.149,0.1486,0.1488,616833.9
2026-06-27 14:25:00,0.1488,0.1488,0.1485,0.1487,724636.1
2026-06-27 14:30:00,0.1486,0.1488,0.1486,0.1486,99967.2
2026-06-27 14:35:00,0.1487,0.1487,0.1482,0.1485,306021.7
2026-06-27 14:40:00,0.1486,0.1488,0.1485,0.1488,685056.7
2026-06-27 14:45:00,0.1487,0.1491,0.1487,0.1489,924961.4
2026-06-27 14:50:00,0.1489,0.1489,0.1485,0.1485,168487.6
2026-06-27 14:55:00,0.1484,0.1486,0.1484,0.1485,175560.8
2026-06-27 15:00:00,0.1486,0.1487,0.1484,0.1484,74727.5
2026-06-27 15:05:00,0.1485,0.1489,0.1485,0.1488,132333.7
2026-06-27 15:10:00,0.1487,0.1494,0.1486,0.1492,1443080.6
2026-06-27 15:15:00,0.1491,0.1491,0.1487,0.1488,246857.3
2026-06-27 15:20:00,0.1488,0.149,0.1485,0.149,354638.7
2026-06-27 15:25:00,0.1489,0.1491,0.1487,0.1491,193602.7
2026-06-27 15:30:00,0.149,0.1491,0.1488,0.1489,150981.6
2026-06-27 15:35:00,0.149,0.1493,0.1489,0.1491,279373.3
2026-06-27 15:40:00,0.1491,0.1492,0.149,0.1491,304543.9
2026-06-27 15:45:00,0.149,0.1491,0.1489,0.1491,824676.3
2026-06-27 15:50:00,0.149,0.149,0.1487,0.1489,377036.0
2026-06-27 15:55:00,0.1489,0.1489,0.1487,0.1489,100355.4
2026-06-27 16:00:00,0.1489,0.1489,0.1486,0.1487,305880.2
2026-06-27 16:05:00,0.1488,0.1491,0.1486,0.1489,193407.5
2026-06-27 16:10:00,0.1489,0.1489,0.1486,0.1486,140718.9
2026-06-27 16:15:00,0.1486,0.1487,0.1482,0.1483,234217.5
2026-06-27 16:20:00,0.1483,0.1485,0.1482,0.1483,515568.7
2026-06-27 16:25:00,0.1482,0.1486,0.1482,0.1486,141982.7
2026-06-27 16:30:00,0.1486,0.1487,0.1484,0.1485,199512.5
2026-06-27 16:35:00,0.1486,0.1486,0.1483,0.1486,68189.7
2026-06-27 16:40:00,0.1486,0.1486,0.1484,0.1484,59795.2
2026-06-27 16:45:00,0.1485,0.1486,0.1482,0.1486,97077.4
2026-06-27 16:50:00,0.1486,0.1486,0.1484,0.1484,59863.5
2026-06-27 16:55:00,0.1485,0.1486,0.1484,0.1484,204495.4
2026-06-27 17:00:00,0.1485,0.1485,0.1469,0.1471,2448460.4
2026-06-27 17:05:00,0.1471,0.1477,0.1471,0.1473,2558884.4
2026-06-27 17:10:00,0.1472,0.1475,0.1472,0.1475,337546.3
2026-06-27 17:15:00,0.1475,0.1476,0.1471,0.1474,746784.6
2026-06-27 17:20:00,0.1475,0.1475,0.1473,0.1475,184584.7
2026-06-27 17:25:00,0.1474,0.1474,0.147,0.1472,904114.3
2026-06-27 17:30:00,0.1472,0.1474,0.147,0.1472,635340.4
2026-06-27 17:35:00,0.1472,0.1475,0.1471,0.1471,517377.0
2026-06-27 17:40:00,0.1472,0.1474,0.1471,0.1473,232931.0
2026-06-27 17:45:00,0.1473,0.1473,0.147,0.147,133967.9
2026-06-27 17:50:00,0.147,0.1472,0.1469,0.147,175388.9
2026-06-27 17:55:00,0.1469,0.147,0.1466,0.1467,316319.3
2026-06-27 18:00:00,0.1467,0.1468,0.1465,0.1466,635008.2
2026-06-27 18:05:00,0.1467,0.1467,0.1465,0.1467,232344.0
2026-06-27 18:10:00,0.1467,0.1468,0.1466,0.1467,95827.5
2026-06-27 18:15:00,0.1467,0.1469,0.1466,0.1466,282540.3
2026-06-27 18:20:00,0.1467,0.1468,0.1464,0.1465,469297.3
2026-06-27 18:25:00,0.1465,0.1467,0.1463,0.1466,284515.3
2026-06-27 18:30:00,0.1465,0.1468,0.1465,0.1467,537459.1
2026-06-27 18:35:00,0.1468,0.1469,0.1467,0.1468,551755.4
2026-06-27 18:40:00,0.1468,0.1468,0.1465,0.1467,216008.3
2026-06-27 18:45:00,0.1468,0.1468,0.1467,0.1468,142364.1
2026-06-27 18:50:00,0.1468,0.1469,0.1467,0.1469,94277.7
2026-06-27 18:55:00,0.147,0.1471,0.1469,0.1469,292612.9
2026-06-27 19:00:00,0.1469,0.147,0.1469,0.1469,96911.3
2026-06-27 19:05:00,0.147,0.147,0.1468,0.1469,183790.2
2026-06-27 19:10:00,0.1469,0.147,0.1468,0.1468,51214.4
2026-06-27 19:15:00,0.1469,0.1469,0.1464,0.1464,231152.6
2026-06-27 19:20:00,0.1464,0.1466,0.1462,0.1462,220102.5
2026-06-27 19:25:00,0.1462,0.1462,0.1455,0.146,1128186.5
2026-06-27 19:30:00,0.1459,0.1459,0.1451,0.1454,1062235.8
2026-06-27 19:35:00,0.1454,0.1455,0.1448,0.1453,393310.6
2026-06-27 19:40:00,0.1454,0.1455,0.1453,0.1454,53265.3
2026-06-27 19:45:00,0.1455,0.1457,0.1454,0.1457,82706.0
2026-06-27 19:50:00,0.1456,0.1456,0.1453,0.1454,107289.5
2026-06-27 19:55:00,0.1454,0.1455,0.1453,0.1453,90302.7
2026-06-27 20:00:00,0.1453,0.1456,0.1453,0.1456,242958.8
2026-06-27 20:05:00,0.1456,0.1458,0.1455,0.1458,71183.7
2026-06-27 20:10:00,0.1457,0.1459,0.1457,0.1457,10139.8
2026-06-27 20:15:00,0.1458,0.1459,0.1455,0.1457,293995.5
2026-06-27 20:20:00,0.1457,0.1458,0.1456,0.1456,9536.1
2026-06-27 20:25:00,0.1456,0.1457,0.1455,0.1456,163071.4
2026-06-27 20:30:00,0.1456,0.1458,0.1456,0.1458,51017.1
2026-06-27 20:35:00,0.1457,0.1458,0.1457,0.1458,19247.0
2026-06-27 20:40:00,0.1458,0.1458,0.1455,0.1455,93490.5
2026-06-27 20:45:00,0.1456,0.1457,0.1455,0.1456,30234.5
2026-06-27 20:50:00,0.1455,0.1456,0.1454,0.1454,59755.2
2026-06-27 20:55:00,0.1454,0.1456,0.1454,0.1456,59412.5
2026-06-27 21:00:00,0.1456,0.1459,0.1456,0.1458,131857.1
2026-06-27 21:05:00,0.1458,0.1459,0.1457,0.1459,136255.5
2026-06-27 21:10:00,0.1458,0.146,0.1458,0.1459,166190.0
2026-06-27 21:15:00,0.1459,0.146,0.1459,0.146,105343.7
2026-06-27 21:20:00,0.146,0.146,0.1457,0.1457,151380.2
2026-06-27 21:25:00,0.1458,0.146,0.1458,0.146,117480.5
2026-06-27 21:30:00,0.146,0.1461,0.1459,0.146,90792.6
2026-06-27 21:35:00,0.146,0.146,0.1454,0.1454,355382.5
2026-06-27 21:40:00,0.1455,0.1455,0.1447,0.1451,620868.3
2026-06-27 21:45:00,0.1451,0.1454,0.145,0.1452,53825.4
2026-06-27 21:50:00,0.1452,0.1452,0.1447,0.145,159101.2
2026-06-27 21:55:00,0.1449,0.1451,0.1448,0.1449,24819.5
2026-06-27 22:00:00,0.1449,0.145,0.1444,0.1448,667918.7
2026-06-27 22:05:00,0.1449,0.1451,0.1448,0.1449,53410.8
2026-06-27 22:10:00,0.1449,0.145,0.1448,0.1449,346952.1
2026-06-27 22:15:00,0.1448,0.1448,0.1438,0.1443,1280813.6
2026-06-27 22:20:00,0.1443,0.1447,0.1443,0.1445,567430.8
2026-06-27 22:25:00,0.1444,0.1449,0.1443,0.1448,367401.4
2026-06-27 22:30:00,0.1448,0.1453,0.1447,0.1453,1160643.7
2026-06-27 22:35:00,0.1452,0.1454,0.1451,0.1453,148359.1
2026-06-27 22:40:00,0.1454,0.1454,0.145,0.1452,196496.7
2026-06-27 22:45:00,0.1452,0.1453,0.1451,0.1453,321987.0
2026-06-27 22:50:00,0.1452,0.1455,0.1451,0.1454,330181.7
2026-06-27 22:55:00,0.1453,0.1457,0.1453,0.1456,26086.5
2026-06-27 23:00:00,0.1456,0.1458,0.1456,0.1457,74863.3
2026-06-27 23:05:00,0.1457,0.1459,0.1457,0.1457,164776.7
2026-06-27 23:10:00,0.1457,0.146,0.1452,0.1453,329313.3
2026-06-27 23:15:00,0.1454,0.1456,0.1452,0.1455,87046.8
2026-06-27 23:20:00,0.1454,0.1455,0.1452,0.1452,159104.2
2026-06-27 23:25:00,0.1452,0.1453,0.1451,0.1451,91860.8
2026-06-27 23:30:00,0.1452,0.1455,0.1451,0.1455,96452.6
2026-06-27 23:35:00,0.1454,0.1454,0.1452,0.1454,213408.0
2026-06-27 23:40:00,0.1455,0.1456,0.1454,0.1455,61779.5
2026-06-27 23:45:00,0.1454,0.1455,0.1453,0.1455,70915.7
2026-06-27 23:50:00,0.1455,0.1456,0.1454,0.1454,123305.9
2026-06-27 23:55:00,0.1454,0.1454,0.1452,0.1453,251000.7
2026-06-28 00:00:00,0.1453,0.1454,0.1452,0.1453,106194.0
2026-06-28 00:05:00,0.1453,0.1456,0.1451,0.1456,77945.6
2026-06-28 00:10:00,0.1455,0.1456,0.1454,0.1455,40664.4
2026-06-28 00:15:00,0.1455,0.1459,0.1455,0.1459,112701.7
2026-06-28 00:20:00,0.1459,0.1459,0.1456,0.1457,132884.0
2026-06-28 00:25:00,0.1456,0.146,0.1456,0.1457,179968.3
2026-06-28 00:30:00,0.1458,0.1458,0.1456,0.1456,45238.5
2026-06-28 00:35:00,0.1457,0.1459,0.1455,0.1459,178177.6
2026-06-28 00:40:00,0.1459,0.146,0.1457,0.146,154225.0
2026-06-28 00:45:00,0.146,0.146,0.1458,0.1458,100720.4
2026-06-28 00:50:00,0.1458,0.1458,0.1456,0.1456,33997.1
2026-06-28 00:55:00,0.1457,0.1458,0.1456,0.1456,116200.7
2026-06-28 01:00:00,0.1456,0.1456,0.1453,0.1453,190767.0
2026-06-28 01:05:00,0.1453,0.1454,0.1452,0.1452,174632.1
2026-06-28 01:10:00,0.1451,0.1452,0.1449,0.1451,225491.9
2026-06-28 01:15:00,0.1451,0.1453,0.145,0.1451,28862.6
2026-06-28 01:20:00,0.1452,0.1455,0.1452,0.1454,168656.9
2026-06-28 01:25:00,0.1454,0.1455,0.1453,0.1454,39597.1
2026-06-28 01:30:00,0.1454,0.1456,0.1453,0.1455,202991.6
2026-06-28 01:35:00,0.1456,0.1456,0.1453,0.1453,49016.0
2026-06-28 01:40:00,0.1453,0.1455,0.1453,0.1454,97612.2
2026-06-28 01:45:00,0.1454,0.1455,0.1453,0.1454,148998.6
2026-06-28 01:50:00,0.1454,0.1455,0.1452,0.1455,168633.3
2026-06-28 01:55:00,0.1454,0.1455,0.1454,0.1455,154421.5
2026-06-28 02:00:00,0.1455,0.1457,0.1455,0.1456,55923.6
2026-06-28 02:05:00,0.1456,0.1457,0.1455,0.1456,75850.9
2026-06-28 02:10:00,0.1455,0.1458,0.1455,0.1456,122746.7
2026-06-28 02:15:00,0.1457,0.1458,0.1455,0.1455,405602.7
2026-06-28 02:20:00,0.1456,0.1456,0.1447,0.1448,315396.3
2026-06-28 02:25:00,0.1448,0.1451,0.1448,0.1449,94825.7
2026-06-28 02:30:00,0.145,0.145,0.1449,0.145,4125.1
2026-06-28 02:35:00,0.145,0.1451,0.1449,0.145,132442.7
2026-06-28 02:40:00,0.145,0.1451,0.1448,0.145,73845.1
2026-06-28 02:45:00,0.1449,0.145,0.1446,0.1448,370825.3
2026-06-28 02:50:00,0.1448,0.145,0.1448,0.145,39587.9
2026-06-28 02:55:00,0.145,0.145,0.1449,0.1449,19166.7
2026-06-28 03:00:00,0.1448,0.1452,0.1448,0.1452,115294.8
2026-06-28 03:05:00,0.1452,0.1453,0.1452,0.1453,51719.1
2026-06-28 03:10:00,0.1453,0.1455,0.1453,0.1454,69611.9
2026-06-28 03:15:00,0.1453,0.1454,0.1451,0.1453,325395.3
2026-06-28 03:20:00,0.1453,0.1454,0.1453,0.1453,10261.4
2026-06-28 03:25:00,0.1452,0.1453,0.1452,0.1452,21391.3
2026-06-28 03:30:00,0.1453,0.1453,0.1451,0.1451,156776.3
2026-06-28 03:35:00,0.1451,0.1451,0.145,0.1451,64033.0
2026-06-28 03:40:00,0.145,0.1452,0.145,0.1452,23905.1
2026-06-28 03:45:00,0.1451,0.1453,0.145,0.1453,239919.2
2026-06-28 03:50:00,0.1453,0.1454,0.1452,0.1454,80193.6
2026-06-28 03:55:00,0.1454,0.1455,0.1453,0.1454,219029.9
2026-06-28 04:00:00,0.1454,0.1456,0.1451,0.1453,145216.6
2026-06-28 04:05:00,0.1453,0.1454,0.1452,0.1453,36073.7
2026-06-28 04:10:00,0.1452,0.1452,0.1451,0.1452,52292.4
2026-06-28 04:15:00,0.1452,0.1453,0.1451,0.1452,21041.1
2026-06-28 04:20:00,0.1452,0.1454,0.1451,0.1453,26084.7
2026-06-28 04:25:00,0.1453,0.1455,0.1453,0.1453,72090.8
2026-06-28 04:30:00,0.1452,0.1452,0.1449,0.145,182359.2
2026-06-28 04:35:00,0.1449,0.1451,0.1449,0.145,163533.9
2026-06-28 04:40:00,0.1451,0.1453,0.1451,0.1453,82168.7
2026-06-28 04:45:00,0.1453,0.1454,0.1452,0.1453,47884.0
2026-06-28 04:50:00,0.1452,0.1453,0.145,0.1451,62357.8
2026-06-28 04:55:00,0.145,0.1452,0.1449,0.1451,423137.7
2026-06-28 05:00:00,0.1451,0.1452,0.1446,0.1447,310057.1
2026-06-28 05:05:00,0.1447,0.1449,0.1446,0.1448,73537.6
2026-06-28 05:10:00,0.1448,0.1449,0.1447,0.1448,75549.0
2026-06-28 05:15:00,0.1448,0.1449,0.1444,0.1447,253631.7
2026-06-28 05:20:00,0.1446,0.1447,0.1442,0.1443,121171.2
2026-06-28 05:25:00,0.1443,0.1444,0.1439,0.1442,511594.6
2026-06-28 05:30:00,0.1442,0.1445,0.144,0.1445,113606.2
2026-06-28 05:35:00,0.1445,0.1445,0.1444,0.1445,26495.4
2026-06-28 05:40:00,0.1444,0.1445,0.1444,0.1445,13803.1
2026-06-28 05:45:00,0.1444,0.1445,0.1443,0.1445,329790.7
2026-06-28 05:50:00,0.1444,0.1445,0.1443,0.1444,70334.0
2026-06-28 05:55:00,0.1444,0.1446,0.1444,0.1445,171670.8
2026-06-28 06:00:00,0.1446,0.1447,0.1443,0.1444,235910.2
2026-06-28 06:05:00,0.1443,0.1444,0.1442,0.1444,41974.0
2026-06-28 06:10:00,0.1443,0.1443,0.1434,0.1435,589706.8
2026-06-28 06:15:00,0.1435,0.1439,0.1434,0.1438,557960.1
2026-06-28 06:20:00,0.1438,0.144,0.1438,0.1439,124192.5
2026-06-28 06:25:00,0.1439,0.144,0.1438,0.1439,172844.1
2026-06-28 06:30:00,0.1439,0.1443,0.1439,0.1442,152901.8
2026-06-28 06:35:00,0.1441,0.1442,0.1441,0.1441,5279.4
2026-06-28 06:40:00,0.1442,0.1442,0.144,0.144,100164.0
2026-06-28 06:45:00,0.144,0.1441,0.144,0.144,149953.1
2026-06-28 06:50:00,0.1441,0.1443,0.144,0.1443,151526.8
2026-06-28 06:55:00,0.1443,0.1443,0.144,0.1443,623318.7
2026-06-28 07:00:00,0.1443,0.145,0.1442,0.1447,556366.3
2026-06-28 07:05:00,0.1446,0.1447,0.1445,0.1446,115921.9
2026-06-28 07:10:00,0.1447,0.1449,0.1446,0.1449,63471.8
2026-06-28 07:15:00,0.1449,0.1449,0.1447,0.1448,106397.1
2026-06-28 07:20:00,0.1447,0.1449,0.1447,0.1448,106831.5
2026-06-28 07:25:00,0.1447,0.1447,0.1445,0.1445,67683.7
2026-06-28 07:30:00,0.1446,0.1448,0.1444,0.1448,105207.1
2026-06-28 07:35:00,0.1448,0.1451,0.1447,0.1449,83254.1
2026-06-28 07:40:00,0.145,0.145,0.1449,0.145,40906.6
2026-06-28 07:45:00,0.1449,0.1453,0.1449,0.145,655987.8
2026-06-28 07:50:00,0.145,0.1451,0.1449,0.145,82301.9
2026-06-28 07:55:00,0.145,0.1453,0.145,0.1452,96238.0
2026-06-28 08:00:00,0.1453,0.1456,0.1452,0.1453,150090.6
2026-06-28 08:05:00,0.1454,0.1454,0.145,0.1451,171784.6
2026-06-28 08:10:00,0.145,0.1452,0.145,0.1452,39702.2
2026-06-28 08:15:00,0.1452,0.1453,0.1451,0.1451,99698.3
2026-06-28 08:20:00,0.1452,0.1453,0.1451,0.1451,15339.2
2026-06-28 08:25:00,0.1452,0.1452,0.145,0.1451,75377.1
2026-06-28 08:30:00,0.145,0.1453,0.145,0.1453,256601.4
2026-06-28 08:35:00,0.1454,0.1465,0.1452,0.1463,613273.8
2026-06-28 08:40:00,0.1464,0.1465,0.146,0.1463,473681.2
2026-06-28 08:45:00,0.1463,0.1464,0.146,0.1461,336694.5
2026-06-28 08:50:00,0.146,0.1461,0.1458,0.1458,124185.9
2026-06-28 08:55:00,0.1459,0.146,0.1458,0.1458,103455.2
2026-06-28 09:00:00,0.1459,0.1459,0.1455,0.1455,313124.1
2026-06-28 09:05:00,0.1456,0.146,0.1456,0.1458,121402.2
2026-06-28 09:10:00,0.1458,0.1462,0.1458,0.1458,85934.2
2026-06-28 09:15:00,0.1459,0.146,0.1457,0.1459,141819.0
2026-06-28 09:20:00,0.1458,0.146,0.1458,0.146,17343.7
2026-06-28 09:25:00,0.1459,0.1459,0.1457,0.1457,181980.1
2026-06-28 09:30:00,0.1458,0.1458,0.1456,0.1457,64573.6
2026-06-28 09:35:00,0.1457,0.1458,0.1456,0.1456,387168.9
2026-06-28 09:40:00,0.1457,0.1459,0.1456,0.1458,189118.0
2026-06-28 09:45:00,0.1459,0.1459,0.1453,0.1453,191369.3
2026-06-28 09:50:00,0.1453,0.1453,0.1449,0.1449,540009.8
2026-06-28 09:55:00,0.145,0.145,0.1447,0.1448,287513.4
2026-06-28 10:00:00,0.1448,0.1448,0.1446,0.1446,226873.4
2026-06-28 10:05:00,0.1446,0.1448,0.1445,0.1446,269359.5
2026-06-28 10:10:00,0.1447,0.1451,0.1447,0.1451,89121.7
2026-06-28 10:15:00,0.1451,0.1452,0.1447,0.1447,182844.3
2026-06-28 10:20:00,0.1448,0.1449,0.1446,0.1446,76160.7
2026-06-28 10:25:00,0.1446,0.1446,0.1443,0.1443,132325.0
2026-06-28 10:30:00,0.1444,0.1446,0.1444,0.1446,31759.0
2026-06-28 10:35:00,0.1446,0.1447,0.1445,0.1445,82773.7
2026-06-28 10:40:00,0.1446,0.1448,0.1446,0.1447,77968.9
2026-06-28 10:45:00,0.1446,0.1448,0.1446,0.1447,134815.1
2026-06-28 10:50:00,0.1448,0.1449,0.1446,0.1448,170315.3
2026-06-28 10:55:00,0.1448,0.145,0.1448,0.145,68886.2
2026-06-28 11:00:00,0.145,0.1452,0.1447,0.1451,346553.0
2026-06-28 11:05:00,0.1451,0.1451,0.1448,0.1448,83806.1
2026-06-28 11:10:00,0.1448,0.1448,0.1446,0.1446,115969.2
2026-06-28 11:15:00,0.1446,0.1449,0.1446,0.1449,42240.8
2026-06-28 11:20:00,0.1449,0.1453,0.1448,0.145,234694.9
2026-06-28 11:25:00,0.1451,0.1453,0.145,0.1452,276477.0
2026-06-28 11:30:00,0.1452,0.1452,0.1449,0.145,60192.6
2026-06-28 11:35:00,0.1449,0.1451,0.1447,0.1451,96443.9
2026-06-28 11:40:00,0.1451,0.1453,0.1451,0.1453,63498.6
2026-06-28 11:45:00,0.1454,0.1455,0.145,0.1451,95775.5
2026-06-28 11:50:00,0.1452,0.1456,0.1451,0.1456,60034.2
2026-06-28 11:55:00,0.1456,0.1456,0.1453,0.1454,59907.6
2026-06-28 12:00:00,0.1453,0.1454,0.1451,0.1452,147391.1
2026-06-28 12:05:00,0.1451,0.1454,0.1451,0.1452,84674.0
2026-06-28 12:10:00,0.1452,0.1452,0.1449,0.1449,344627.5
2026-06-28 12:15:00,0.145,0.1451,0.1445,0.1446,124818.9
2026-06-28 12:20:00,0.1446,0.1449,0.1446,0.1448,86033.6
2026-06-28 12:25:00,0.1449,0.1454,0.1448,0.1454,109410.3
2026-06-28 12:30:00,0.1453,0.1457,0.1451,0.1452,115929.0
2026-06-28 12:35:00,0.1451,0.1451,0.1448,0.1449,118193.5
2026-06-28 12:40:00,0.1449,0.145,0.1447,0.1447,208618.9
2026-06-28 12:45:00,0.1448,0.145,0.1448,0.1449,74571.6
2026-06-28 12:50:00,0.1449,0.1451,0.1449,0.1449,76162.6
2026-06-28 12:55:00,0.145,0.145,0.1448,0.1449,60612.8
2026-06-28 13:00:00,0.1448,0.1448,0.1441,0.1444,1048958.0
2026-06-28 13:05:00,0.1443,0.1445,0.1441,0.1443,751340.2
2026-06-28 13:10:00,0.1443,0.1446,0.1442,0.1446,114162.2
2026-06-28 13:15:00,0.1446,0.1446,0.1443,0.1443,605606.5
2026-06-28 13:20:00,0.1443,0.1446,0.1443,0.1446,224451.9
2026-06-28 13:25:00,0.1446,0.1446,0.1444,0.1445,202044.3
2026-06-28 13:30:00,0.1444,0.1447,0.1443,0.1446,88239.8
2026-06-28 13:35:00,0.1447,0.1448,0.1446,0.1448,103883.5
2026-06-28 13:40:00,0.1447,0.1447,0.1444,0.1447,520691.5
2026-06-28 13:45:00,0.1448,0.1448,0.1445,0.1446,99211.2
2026-06-28 13:50:00,0.1446,0.1446,0.1443,0.1444,105735.3
2026-06-28 13:55:00,0.1444,0.1444,0.1442,0.1444,123283.3
2026-06-28 14:00:00,0.1444,0.1445,0.1442,0.1442,1142850.3
2026-06-28 14:05:00,0.1442,0.1446,0.1441,0.1446,209379.7
2026-06-28 14:10:00,0.1446,0.1447,0.1445,0.1447,70366.1
2026-06-28 14:15:00,0.1447,0.1454,0.1447,0.1454,343350.7
2026-06-28 14:20:00,0.1454,0.1454,0.145,0.145,175483.6
2026-06-28 14:25:00,0.145,0.145,0.1448,0.1449,65857.9
2026-06-28 14:30:00,0.1449,0.1451,0.1448,0.145,315239.7
2026-06-28 14:35:00,0.145,0.1451,0.1448,0.1448,115512.4
2026-06-28 14:40:00,0.1449,0.145,0.1447,0.1448,153619.9
2026-06-28 14:45:00,0.1448,0.145,0.1447,0.1448,134012.7
2026-06-28 14:50:00,0.1449,0.145,0.1448,0.1448,76532.3
2026-06-28 14:55:00,0.1448,0.1449,0.1445,0.1446,99833.5
2026-06-28 15:00:00,0.1446,0.1449,0.1444,0.1449,136668.9
2026-06-28 15:05:00,0.1449,0.145,0.1444,0.1445,94664.9
2026-06-28 15:10:00,0.1444,0.1448,0.1442,0.1448,86798.5
2026-06-28 15:15:00,0.1448,0.145,0.1446,0.1448,182025.1
2026-06-28 15:20:00,0.1447,0.1449,0.1447,0.1448,79761.3
2026-06-28 15:25:00,0.1448,0.1449,0.1447,0.1449,329780.6
2026-06-28 15:30:00,0.1449,0.1452,0.1448,0.1451,144867.0
2026-06-28 15:35:00,0.1451,0.1452,0.1445,0.1447,297721.1
2026-06-28 15:40:00,0.1447,0.1449,0.1445,0.1447,78999.1
2026-06-28 15:45:00,0.1447,0.1448,0.1444,0.1444,259784.8
2026-06-28 15:50:00,0.1444,0.1448,0.1441,0.1444,667337.9
2026-06-28 15:55:00,0.1444,0.1445,0.1442,0.1445,182880.4
2026-06-28 16:00:00,0.1446,0.1447,0.1442,0.1445,431908.3
2026-06-28 16:05:00,0.1444,0.1446,0.1442,0.1443,133569.1
2026-06-28 16:10:00,0.1443,0.1445,0.1442,0.1443,337050.4
2026-06-28 16:15:00,0.1443,0.1444,0.1442,0.1442,170302.2
2026-06-28 16:20:00,0.1443,0.1443,0.1439,0.144,712581.2
2026-06-28 16:25:00,0.144,0.144,0.1436,0.1439,358983.9
2026-06-28 16:30:00,0.1439,0.144,0.1431,0.1432,652146.8
2026-06-28 16:35:00,0.1433,0.1435,0.1432,0.1434,819733.5
2026-06-28 16:40:00,0.1434,0.1439,0.1433,0.1434,314963.8
2026-06-28 16:45:00,0.1434,0.1437,0.1433,0.1436,214643.0
2026-06-28 16:50:00,0.1435,0.1437,0.1435,0.1435,51282.7
2026-06-28 16:55:00,0.1436,0.1437,0.1435,0.1437,143125.0
2026-06-28 17:00:00,0.1437,0.1439,0.1436,0.1436,338233.1
2026-06-28 17:05:00,0.1436,0.1442,0.1435,0.1437,370919.4
2026-06-28 17:10:00,0.1437,0.1437,0.1432,0.1434,493641.4
2026-06-28 17:15:00,0.1434,0.1436,0.1431,0.1432,587921.5
2026-06-28 17:20:00,0.1432,0.1433,0.1431,0.1432,450492.6
2026-06-28 17:25:00,0.1432,0.1433,0.1429,0.1431,321330.3
2026-06-28 17:30:00,0.143,0.1433,0.143,0.1431,152391.3
2026-06-28 17:35:00,0.1431,0.1431,0.1427,0.143,455711.6
2026-06-28 17:40:00,0.143,0.1435,0.143,0.1435,117445.8
2026-06-28 17:45:00,0.1434,0.1435,0.1431,0.1432,102685.1
2026-06-28 17:50:00,0.1432,0.1434,0.1431,0.1434,156292.0
2026-06-28 17:55:00,0.1435,0.1436,0.1434,0.1435,131096.9
2026-06-28 18:00:00,0.1435,0.1439,0.1434,0.1436,538008.1
2026-06-28 18:05:00,0.1436,0.1437,0.1434,0.1435,609947.6
2026-06-28 18:10:00,0.1435,0.1435,0.1432,0.1433,24358.2
2026-06-28 18:15:00,0.1433,0.1433,0.1431,0.1432,200632.7
2026-06-28 18:20:00,0.1431,0.1433,0.1431,0.1433,24031.4
2026-06-28 18:25:00,0.1433,0.1433,0.1429,0.1431,220268.4
2026-06-28 18:30:00,0.1431,0.1433,0.143,0.143,60055.3
2026-06-28 18:35:00,0.143,0.1432,0.1429,0.143,438290.9
2026-06-28 18:40:00,0.1431,0.1433,0.1431,0.1432,196879.1
2026-06-28 18:45:00,0.1431,0.1433,0.143,0.1431,34941.2
2026-06-28 18:50:00,0.1431,0.1435,0.1431,0.1432,221082.7
2026-06-28 18:55:00,0.1432,0.1434,0.1431,0.1433,98095.0
2026-06-28 19:00:00,0.1432,0.1433,0.1429,0.1431,161924.1
2026-06-28 19:05:00,0.1431,0.1432,0.143,0.1432,177152.8
2026-06-28 19:10:00,0.1431,0.1433,0.1431,0.1432,78356.0
2026-06-28 19:15:00,0.1431,0.1433,0.143,0.143,53532.4
2026-06-28 19:20:00,0.143,0.1432,0.1429,0.1431,95116.9
2026-06-28 19:25:00,0.1431,0.1433,0.1431,0.1432,90199.3
2026-06-28 19:30:00,0.1433,0.1438,0.1432,0.1436,411080.8
2026-06-28 19:35:00,0.1436,0.1436,0.1431,0.1432,266685.0
2026-06-28 19:40:00,0.1432,0.1433,0.1432,0.1432,98181.8
2026-06-28 19:45:00,0.1431,0.1431,0.1422,0.1428,1594376.3
2026-06-28 19:50:00,0.1427,0.143,0.1426,0.143,310831.3
2026-06-28 19:55:00,0.1429,0.143,0.1427,0.1429,206075.2
2026-06-28 20:00:00,0.1428,0.1431,0.1427,0.143,75412.3
2026-06-28 20:05:00,0.143,0.1432,0.1429,0.143,387498.7
2026-06-28 20:10:00,0.1431,0.1436,0.1431,0.1434,196068.1
2026-06-28 20:15:00,0.1435,0.1439,0.1435,0.1436,71665.2
2026-06-28 20:20:00,0.1436,0.1438,0.1435,0.1438,119336.0
2026-06-28 20:25:00,0.1438,0.1439,0.1435,0.1436,70321.3
2026-06-28 20:30:00,0.1437,0.1438,0.1435,0.1437,343169.2
2026-06-28 20:35:00,0.1437,0.1437,0.1435,0.1436,137206.1
2026-06-28 20:40:00,0.1436,0.1437,0.1434,0.1436,86751.1
2026-06-28 20:45:00,0.1436,0.1438,0.1435,0.1437,53853.4
2026-06-28 20:50:00,0.1437,0.1437,0.1434,0.1434,139510.7
2026-06-28 20:55:00,0.1435,0.1435,0.1433,0.1433,115751.4
2026-06-28 21:00:00,0.1434,0.1436,0.1433,0.1435,119268.8
2026-06-28 21:05:00,0.1435,0.1437,0.1434,0.1436,151664.8
2026-06-28 21:10:00,0.1437,0.1437,0.1436,0.1437,161542.4
2026-06-28 21:15:00,0.1437,0.1437,0.1434,0.1434,79031.4
2026-06-28 21:20:00,0.1435,0.1436,0.1432,0.1434,40970.0
2026-06-28 21:25:00,0.1433,0.1434,0.1431,0.1432,68263.3
2026-06-28 21:30:00,0.1432,0.1433,0.143,0.143,486137.2
2026-06-28 21:35:00,0.143,0.1432,0.1428,0.1429,225438.7
2026-06-28 21:40:00,0.1429,0.1431,0.1428,0.1429,152565.8
2026-06-28 21:45:00,0.143,0.143,0.1418,0.1419,1475484.5
2026-06-28 21:50:00,0.1419,0.1424,0.1415,0.1422,322670.8
2026-06-28 21:55:00,0.1421,0.1422,0.1418,0.1421,760957.0
2026-06-28 22:00:00,0.1422,0.1442,0.1422,0.1439,1425259.4
2026-06-28 22:05:00,0.1438,0.1442,0.1436,0.1436,280945.1
2026-06-28 22:10:00,0.1436,0.1436,0.1433,0.1434,349663.2
2026-06-28 22:15:00,0.1433,0.1434,0.1425,0.1428,209842.2
2026-06-28 22:20:00,0.1428,0.1433,0.1422,0.1431,412757.8
2026-06-28 22:25:00,0.143,0.143,0.1426,0.1428,127749.4
2026-06-28 22:30:00,0.1428,0.1432,0.1427,0.1427,264413.2
2026-06-28 22:35:00,0.1427,0.143,0.1426,0.1428,245828.0
2026-06-28 22:40:00,0.1427,0.1427,0.1424,0.1426,237413.9
2026-06-28 22:45:00,0.1426,0.1427,0.1422,0.1424,162256.0
2026-06-28 22:50:00,0.1424,0.1424,0.1412,0.1417,977573.9
2026-06-28 22:55:00,0.1418,0.1421,0.1418,0.142,141390.9
2026-06-28 23:00:00,0.1419,0.1429,0.1418,0.1425,313785.5
2026-06-28 23:05:00,0.1426,0.1429,0.1424,0.1429,196098.1
2026-06-28 23:10:00,0.1429,0.143,0.1427,0.1427,193239.7
2026-06-28 23:15:00,0.1427,0.1431,0.1426,0.143,119919.9
2026-06-28 23:20:00,0.1431,0.1431,0.1428,0.143,280784.8
2026-06-28 23:25:00,0.143,0.1435,0.143,0.1434,75036.8
2026-06-28 23:30:00,0.1434,0.1437,0.1434,0.1437,204990.8
2026-06-28 23:35:00,0.1437,0.1445,0.1436,0.1441,1081909.4
2026-06-28 23:40:00,0.1441,0.1443,0.1441,0.1441,129714.8
2026-06-28 23:45:00,0.144,0.1443,0.1439,0.1442,159501.2
2026-06-28 23:50:00,0.1443,0.1443,0.1437,0.1437,157180.7
2026-06-28 23:55:00,0.1437,0.144,0.1437,0.1438,204217.2
2026-06-29 00:00:00,0.1438,0.1438,0.1432,0.1435,326534.0
2026-06-29 00:05:00,0.1435,0.1435,0.1431,0.1434,322027.4
2026-06-29 00:10:00,0.1435,0.1441,0.1434,0.1438,121227.3
2026-06-29 00:15:00,0.1438,0.1438,0.143,0.1433,117980.9
2026-06-29 00:20:00,0.1432,0.1432,0.1425,0.1429,429686.1
2026-06-29 00:25:00,0.1429,0.1429,0.1425,0.1425,259857.2
2026-06-29 00:30:00,0.1424,0.1426,0.1419,0.1426,620644.1
2026-06-29 00:35:00,0.1426,0.1426,0.1421,0.1423,180001.5
2026-06-29 00:40:00,0.1423,0.1432,0.1423,0.1432,200648.3
2026-06-29 00:45:00,0.1432,0.1432,0.1427,0.1431,672002.8
2026-06-29 00:50:00,0.1431,0.1436,0.1431,0.1436,119383.0
2026-06-29 00:55:00,0.1437,0.1441,0.1437,0.1441,231105.4
2026-06-29 01:00:00,0.1441,0.1441,0.1435,0.1436,101604.1
2026-06-29 01:05:00,0.1436,0.144,0.1436,0.1437,85953.7
2026-06-29 01:10:00,0.1436,0.1437,0.1435,0.1436,46774.1
2026-06-29 01:15:00,0.1435,0.1436,0.143,0.1432,151654.2
2026-06-29 01:20:00,0.1433,0.1434,0.1431,0.1433,131139.8
2026-06-29 01:25:00,0.1433,0.1434,0.1431,0.1431,57882.0
2026-06-29 01:30:00,0.1431,0.1434,0.1429,0.1431,438865.9
2026-06-29 01:35:00,0.143,0.1438,0.143,0.1438,149089.5
2026-06-29 01:40:00,0.1438,0.144,0.1438,0.1438,152395.0
2026-06-29 01:45:00,0.1439,0.1442,0.1438,0.1441,369819.6
2026-06-29 01:50:00,0.1442,0.1443,0.1438,0.1438,243982.5
2026-06-29 01:55:00,0.1438,0.1438,0.1436,0.1437,22935.0
2026-06-29 02:00:00,0.1436,0.1437,0.1433,0.1434,92099.2
2026-06-29 02:05:00,0.1435,0.1435,0.1431,0.1431,154883.2
2026-06-29 02:10:00,0.1431,0.1432,0.142,0.1422,1674197.9
2026-06-29 02:15:00,0.1423,0.1427,0.1422,0.1425,211882.3
2026-06-29 02:20:00,0.1426,0.1433,0.1426,0.1431,95844.7
2026-06-29 02:25:00,0.143,0.1439,0.143,0.1438,826298.0
2026-06-29 02:30:00,0.1438,0.1438,0.1435,0.1436,331997.7
2026-06-29 02:35:00,0.1436,0.1441,0.1436,0.1439,464733.1
2026-06-29 02:40:00,0.1439,0.1444,0.1439,0.1443,186480.3
2026-06-29 02:45:00,0.1442,0.1445,0.1442,0.1445,241119.2
2026-06-29 02:50:00,0.1444,0.1445,0.144,0.144,141251.9
2026-06-29 02:55:00,0.144,0.1444,0.144,0.1443,266592.8
2026-06-29 03:00:00,0.1443,0.1448,0.1443,0.1447,158863.7
2026-06-29 03:05:00,0.1447,0.1454,0.1447,0.1453,397177.5
2026-06-29 03:10:00,0.1453,0.1456,0.1452,0.1452,226178.6
2026-06-29 03:15:00,0.1452,0.1452,0.1449,0.1451,1353842.5
2026-06-29 03:20:00,0.1451,0.1455,0.1451,0.1455,278826.9
2026-06-29 03:25:00,0.1455,0.1459,0.1454,0.1459,73375.2
2026-06-29 03:30:00,0.1459,0.146,0.1451,0.1453,1125351.9
2026-06-29 03:35:00,0.1453,0.1454,0.1447,0.1449,329458.4
2026-06-29 03:40:00,0.1449,0.1451,0.1447,0.1449,404818.5
2026-06-29 03:45:00,0.1448,0.1451,0.1447,0.145,107326.5
2026-06-29 03:50:00,0.145,0.1453,0.1449,0.145,514126.7
2026-06-29 03:55:00,0.145,0.1452,0.1449,0.1452,264030.8
2026-06-29 04:00:00,0.1451,0.1452,0.1448,0.1449,477841.0
2026-06-29 04:05:00,0.1448,0.145,0.1446,0.1448,112411.2
2026-06-29 04:10:00,0.1448,0.1448,0.1444,0.1445,17164.1
2026-06-29 04:15:00,0.1445,0.1447,0.1443,0.1445,91129.1
2026-06-29 04:20:00,0.1445,0.1447,0.1443,0.1446,48485.3
2026-06-29 04:25:00,0.1447,0.1449,0.1446,0.1447,31140.2
2026-06-29 04:30:00,0.1448,0.1449,0.1445,0.1445,697919.8
2026-06-29 04:35:00,0.1445,0.1447,0.1443,0.1444,162299.1
2026-06-29 04:40:00,0.1443,0.1443,0.1441,0.1442,322489.0
2026-06-29 04:45:00,0.1442,0.1442,0.1437,0.144,256350.5
2026-06-29 04:50:00,0.1439,0.1444,0.1439,0.1441,372665.0
2026-06-29 04:55:00,0.1441,0.1441,0.1438,0.144,164268.1
2026-06-29 05:00:00,0.1441,0.1441,0.1436,0.1436,429115.8
2026-06-29 05:05:00,0.1436,0.1436,0.143,0.1431,425030.9
2026-06-29 05:10:00,0.1431,0.1433,0.1427,0.1432,273148.3
2026-06-29 05:15:00,0.1432,0.1436,0.1432,0.1433,3432787.6
2026-06-29 05:20:00,0.1433,0.1437,0.1433,0.1435,719765.7
2026-06-29 05:25:00,0.1436,0.1437,0.1434,0.1436,94361.8
2026-06-29 05:30:00,0.1436,0.1439,0.1434,0.1439,144673.5
2026-06-29 05:35:00,0.1439,0.1441,0.1437,0.1439,106996.2
2026-06-29 05:40:00,0.1439,0.1446,0.1437,0.1445,159948.5
2026-06-29 05:45:00,0.1444,0.1446,0.1444,0.1445,185966.0
2026-06-29 05:50:00,0.1445,0.1447,0.1443,0.1447,154680.5
2026-06-29 05:55:00,0.1447,0.1451,0.1447,0.145,131885.1
2026-06-29 06:00:00,0.1451,0.1455,0.1451,0.1452,231582.5
2026-06-29 06:05:00,0.1452,0.1458,0.1451,0.1458,216066.4
2026-06-29 06:10:00,0.1459,0.146,0.1456,0.146,477161.7
2026-06-29 06:15:00,0.146,0.1464,0.1458,0.1463,536657.7
2026-06-29 06:20:00,0.1463,0.1464,0.1461,0.1462,94431.5
2026-06-29 06:25:00,0.1462,0.1464,0.1458,0.1458,440736.0
2026-06-29 06:30:00,0.1458,0.146,0.1454,0.1454,182539.2
2026-06-29 06:35:00,0.1455,0.1455,0.1451,0.1451,51462.7
2026-06-29 06:40:00,0.1451,0.1456,0.1451,0.1453,335046.1
2026-06-29 06:45:00,0.1453,0.1454,0.145,0.145,221103.5
2026-06-29 06:50:00,0.145,0.1454,0.145,0.1453,96401.9
2026-06-29 06:55:00,0.1453,0.1453,0.1451,0.1452,27307.1
2026-06-29 07:00:00,0.1452,0.1452,0.1446,0.1449,165268.1
2026-06-29 07:05:00,0.1449,0.145,0.1448,0.1449,84834.6
2026-06-29 07:10:00,0.145,0.1452,0.1449,0.1452,84485.2
2026-06-29 07:15:00,0.1452,0.1455,0.145,0.145,195850.0
2026-06-29 07:20:00,0.145,0.1451,0.1449,0.1449,27852.7
2026-06-29 07:25:00,0.145,0.1453,0.1448,0.1451,148511.0
2026-06-29 07:30:00,0.1451,0.1452,0.1449,0.1449,149250.7
2026-06-29 07:35:00,0.1449,0.1452,0.1449,0.1451,102456.1
2026-06-29 07:40:00,0.1451,0.1452,0.1449,0.145,97222.5
2026-06-29 07:45:00,0.145,0.1452,0.1448,0.1451,160874.6
2026-06-29 07:50:00,0.1452,0.1454,0.1452,0.1453,109718.3
2026-06-29 07:55:00,0.1453,0.1453,0.145,0.1451,83548.7
2026-06-29 08:00:00,0.145,0.1453,0.145,0.1452,174349.1
2026-06-29 08:05:00,0.1452,0.1452,0.1445,0.1448,240290.7
2026-06-29 08:10:00,0.1447,0.1449,0.1446,0.1447,96827.3
2026-06-29 08:15:00,0.1447,0.1451,0.1447,0.1449,498892.6
2026-06-29 08:20:00,0.1448,0.1448,0.1441,0.1442,856005.0
2026-06-29 08:25:00,0.1443,0.1444,0.1438,0.144,450265.7
2026-06-29 08:30:00,0.1439,0.1443,0.1437,0.1443,117938.1
2026-06-29 08:35:00,0.1443,0.1444,0.1441,0.1443,91529.6
2026-06-29 08:40:00,0.1443,0.1443,0.144,0.1442,153500.3
2026-06-29 08:45:00,0.1442,0.1445,0.1442,0.1444,404718.7
2026-06-29 08:50:00,0.1444,0.1446,0.1443,0.1444,115063.8
2026-06-29 08:55:00,0.1443,0.1443,0.144,0.1441,202885.1
2026-06-29 09:00:00,0.1441,0.1443,0.144,0.1442,141940.9
2026-06-29 09:05:00,0.1442,0.1443,0.1441,0.1443,127745.1
2026-06-29 09:10:00,0.1443,0.1445,0.1443,0.1444,42269.3
2026-06-29 09:15:00,0.1445,0.1451,0.1445,0.1447,433689.4
2026-06-29 09:20:00,0.1448,0.1451,0.1445,0.1446,75111.8
2026-06-29 09:25:00,0.1446,0.1449,0.1442,0.1448,173937.3
2026-06-29 09:30:00,0.1449,0.145,0.1448,0.145,76061.5
2026-06-29 09:35:00,0.1449,0.1449,0.1445,0.1447,326702.8
2026-06-29 09:40:00,0.1447,0.1449,0.1446,0.1448,66179.1
2026-06-29 09:45:00,0.1448,0.1451,0.1447,0.1447,107136.9
2026-06-29 09:50:00,0.1448,0.1449,0.1445,0.1449,879440.3
2026-06-29 09:55:00,0.1449,0.1452,0.1448,0.1451,294920.3
2026-06-29 10:00:00,0.1451,0.1456,0.1451,0.1454,207002.7
2026-06-29 10:05:00,0.1453,0.1455,0.1451,0.1455,233616.8
2026-06-29 10:10:00,0.1456,0.1457,0.1455,0.1457,253310.6
2026-06-29 10:15:00,0.1456,0.1458,0.1455,0.1458,277040.8
2026-06-29 10:20:00,0.1458,0.1459,0.1456,0.1456,130560.7
2026-06-29 10:25:00,0.1456,0.1457,0.1454,0.1457,307631.3
2026-06-29 10:30:00,0.1456,0.1456,0.1452,0.1452,228455.1
2026-06-29 10:35:00,0.1452,0.1454,0.1451,0.1452,66635.6
2026-06-29 10:40:00,0.1453,0.1454,0.1451,0.1451,226689.4
2026-06-29 10:45:00,0.1451,0.1452,0.1449,0.1451,979761.5
2026-06-29 10:50:00,0.1451,0.1454,0.1451,0.1453,78216.3
2026-06-29 10:55:00,0.1453,0.1454,0.1453,0.1454,82930.0
2026-06-29 11:00:00,0.1454,0.1454,0.145,0.1452,273660.7
2026-06-29 11:05:00,0.1452,0.1452,0.1449,0.1449,563264.7
2026-06-29 11:10:00,0.1449,0.1449,0.1445,0.1446,1328945.6
2026-06-29 11:15:00,0.1446,0.1446,0.1443,0.1443,501229.4
2026-06-29 11:20:00,0.1444,0.1445,0.1443,0.1445,65026.3
2026-06-29 11:25:00,0.1446,0.1449,0.1446,0.1448,78902.7
2026-06-29 11:30:00,0.1448,0.146,0.1446,0.1451,3313343.0
2026-06-29 11:35:00,0.1452,0.1454,0.1447,0.1448,272947.5
2026-06-29 11:40:00,0.1449,0.145,0.1447,0.1447,313414.8
2026-06-29 11:45:00,0.1448,0.1449,0.1446,0.1447,116935.2
2026-06-29 11:50:00,0.1448,0.145,0.1446,0.1446,103953.1
2026-06-29 11:55:00,0.1447,0.145,0.1447,0.1449,331070.8
2026-06-29 12:00:00,0.1449,0.1459,0.144,0.1457,2471237.9
2026-06-29 12:05:00,0.1458,0.1468,0.1458,0.1461,1284380.4
2026-06-29 12:10:00,0.1462,0.1469,0.1461,0.1466,3323816.6
2026-06-29 12:15:00,0.1466,0.1467,0.1463,0.1466,304437.6
2026-06-29 12:20:00,0.1466,0.1467,0.146,0.146,384460.3
2026-06-29 12:25:00,0.1461,0.1465,0.1461,0.1465,787686.1
2026-06-29 12:30:00,0.1464,0.1464,0.146,0.1463,1135130.7
2026-06-29 12:35:00,0.1463,0.1466,0.145,0.1452,871846.0
2026-06-29 12:40:00,0.1452,0.1452,0.1447,0.145,725174.4
2026-06-29 12:45:00,0.145,0.1454,0.145,0.1451,427115.0
2026-06-29 12:50:00,0.145,0.145,0.1445,0.1449,440824.1
2026-06-29 12:55:00,0.1449,0.1451,0.1448,0.145,81924.5
2026-06-29 13:00:00,0.145,0.1456,0.145,0.1455,189783.0
2026-06-29 13:05:00,0.1456,0.1457,0.1451,0.1453,478536.3
2026-06-29 13:10:00,0.1453,0.1461,0.1452,0.1457,763682.1
2026-06-29 13:15:00,0.1457,0.1458,0.1457,0.1457,215715.7
2026-06-29 13:20:00,0.1458,0.1458,0.1451,0.1451,284462.3
2026-06-29 13:25:00,0.1451,0.1452,0.1446,0.1446,893960.0
2026-06-29 13:30:00,0.1446,0.1456,0.144,0.1453,1688111.4
2026-06-29 13:35:00,0.1453,0.1454,0.1444,0.1444,513552.5
2026-06-29 13:40:00,0.1443,0.1445,0.1438,0.1441,1524757.0
2026-06-29 13:45:00,0.144,0.1443,0.1436,0.1441,3278709.0
2026-06-29 13:50:00,0.144,0.1447,0.1438,0.1444,550300.6
2026-06-29 13:55:00,0.1443,0.1448,0.144,0.1448,406278.4
2026-06-29 14:00:00,0.1449,0.1449,0.1444,0.1448,560612.9
2026-06-29 14:05:00,0.1447,0.1447,0.1438,0.1442,558179.2
2026-06-29 14:10:00,0.1442,0.1445,0.1436,0.1436,1150488.0
2026-06-29 14:15:00,0.1436,0.1441,0.1432,0.1435,1696839.9
2026-06-29 14:20:00,0.1434,0.1437,0.1432,0.1436,385703.3
2026-06-29 14:25:00,0.1436,0.1445,0.1436,0.1444,601554.6
2026-06-29 14:30:00,0.1443,0.1453,0.1441,0.1448,412437.8
2026-06-29 14:35:00,0.1449,0.145,0.1446,0.1447,315648.6
2026-06-29 14:40:00,0.1447,0.1447,0.1441,0.1442,112482.1
2026-06-29 14:45:00,0.1442,0.1443,0.1439,0.1442,179490.8
2026-06-29 14:50:00,0.1442,0.1451,0.144,0.1449,315560.5
2026-06-29 14:55:00,0.1448,0.145,0.1446,0.145,264152.6
2026-06-29 15:00:00,0.1451,0.1451,0.1442,0.1442,124738.6
2026-06-29 15:05:00,0.1442,0.1443,0.1438,0.144,426568.1
2026-06-29 15:10:00,0.1441,0.1442,0.1436,0.144,175907.9
2026-06-29 15:15:00,0.1441,0.1445,0.1441,0.1444,75409.1
2026-06-29 15:20:00,0.1444,0.1445,0.1439,0.1441,535948.7
2026-06-29 15:25:00,0.1442,0.145,0.1442,0.1449,377784.7
2026-06-29 15:30:00,0.145,0.1455,0.145,0.1451,546882.3
2026-06-29 15:35:00,0.145,0.1457,0.145,0.1456,406277.0
2026-06-29 15:40:00,0.1456,0.1459,0.1453,0.1458,404338.7
2026-06-29 15:45:00,0.1457,0.1458,0.1453,0.1456,1858033.8
2026-06-29 15:50:00,0.1456,0.146,0.1455,0.146,874045.5
2026-06-29 15:55:00,0.1459,0.1459,0.1455,0.1455,106317.1
2026-06-29 16:00:00,0.1455,0.1456,0.1453,0.1454,49229.0
2026-06-29 16:05:00,0.1455,0.1458,0.1454,0.1456,90464.7
2026-06-29 16:10:00,0.1455,0.1458,0.1453,0.1453,167203.7
2026-06-29 16:15:00,0.1454,0.1455,0.1453,0.1453,52286.9
2026-06-29 16:20:00,0.1454,0.1454,0.145,0.145,54196.4
2026-06-29 16:25:00,0.145,0.1451,0.1447,0.1448,79723.5
2026-06-29 16:30:00,0.1448,0.1451,0.1447,0.1449,56828.0
2026-06-29 16:35:00,0.1448,0.1452,0.1447,0.1452,583676.7
2026-06-29 16:40:00,0.1452,0.1456,0.1451,0.1455,302539.3
2026-06-29 16:45:00,0.1454,0.1459,0.1452,0.1459,375321.5
2026-06-29 16:50:00,0.1458,0.1459,0.1454,0.1455,164697.8
2026-06-29 16:55:00,0.1456,0.1457,0.1454,0.1454,255121.4
2026-06-29 17:00:00,0.1455,0.1461,0.1454,0.1461,147498.8
2026-06-29 17:05:00,0.1461,0.1467,0.1461,0.1463,622548.7
2026-06-29 17:10:00,0.1463,0.1479,0.1463,0.1477,671080.0
2026-06-29 17:15:00,0.1478,0.1487,0.1476,0.1484,1323319.7
2026-06-29 17:20:00,0.1484,0.1485,0.1475,0.1477,787822.7
2026-06-29 17:25:00,0.1477,0.1484,0.1477,0.1484,277085.3
2026-06-29 17:30:00,0.1484,0.1488,0.1479,0.148,622155.0
2026-06-29 17:35:00,0.1479,0.1479,0.1476,0.1478,328354.7
2026-06-29 17:40:00,0.1477,0.1484,0.1477,0.1483,511162.3
2026-06-29 17:45:00,0.1482,0.1485,0.1479,0.1481,742266.9
2026-06-29 17:50:00,0.1482,0.1482,0.1478,0.148,149522.0
2026-06-29 17:55:00,0.148,0.1481,0.1477,0.1478,205931.5
2026-06-29 18:00:00,0.1478,0.148,0.1476,0.1479,186776.3
2026-06-29 18:05:00,0.1479,0.1482,0.1478,0.1479,426658.5
2026-06-29 18:10:00,0.1479,0.1481,0.1478,0.1479,178412.2
2026-06-29 18:15:00,0.1478,0.1479,0.1475,0.1478,438308.7
2026-06-29 18:20:00,0.1477,0.1479,0.1476,0.1477,122088.9
2026-06-29 18:25:00,0.1477,0.1477,0.1472,0.1472,280814.7
2026-06-29 18:30:00,0.1472,0.1475,0.1472,0.1472,82635.7
2026-06-29 18:35:00,0.1473,0.1475,0.1471,0.1473,226622.0
2026-06-29 18:40:00,0.1474,0.1476,0.1474,0.1476,290713.8
2026-06-29 18:45:00,0.1476,0.1476,0.1474,0.1475,148382.7
2026-06-29 18:50:00,0.1474,0.1474,0.1472,0.1474,138987.2
2026-06-29 18:55:00,0.1473,0.1473,0.1471,0.1473,686694.1
2026-06-29 19:00:00,0.1473,0.1473,0.147,0.147,246636.8
2026-06-29 19:05:00,0.147,0.1472,0.1469,0.1472,170371.0
2026-06-29 19:10:00,0.1471,0.1472,0.1469,0.147,190432.7
2026-06-29 19:15:00,0.1469,0.1474,0.1469,0.1474,168237.2
2026-06-29 19:20:00,0.1473,0.1477,0.1473,0.1477,101059.1
2026-06-29 19:25:00,0.1476,0.148,0.1475,0.1478,223441.6
2026-06-29 19:30:00,0.1478,0.1479,0.1475,0.1475,204070.1
2026-06-29 19:35:00,0.1475,0.1477,0.1474,0.1477,178150.7
2026-06-29 19:40:00,0.1476,0.1479,0.1475,0.1478,90128.8
2026-06-29 19:45:00,0.1478,0.148,0.1476,0.1478,915289.7
2026-06-29 19:50:00,0.1479,0.1479,0.1474,0.1476,736596.9
2026-06-29 19:55:00,0.1475,0.1477,0.1474,0.1477,90816.0
2026-06-29 20:00:00,0.1476,0.1477,0.1475,0.1475,276927.0
2026-06-29 20:05:00,0.1475,0.1477,0.1474,0.1475,209007.9
2026-06-29 20:10:00,0.1474,0.1475,0.1473,0.1475,68410.2
2026-06-29 20:15:00,0.1474,0.1474,0.1472,0.1474,126158.3
2026-06-29 20:20:00,0.1474,0.1475,0.1473,0.1474,364616.6
2026-06-29 20:25:00,0.1474,0.1476,0.1471,0.1472,227909.5
2026-06-29 20:30:00,0.1472,0.1474,0.1471,0.1474,63533.5
2026-06-29 20:35:00,0.1474,0.1474,0.1471,0.1473,238388.9
2026-06-29 20:40:00,0.1473,0.1473,0.1471,0.1473,192716.8
2026-06-29 20:45:00,0.1473,0.1473,0.147,0.1472,90057.0
2026-06-29 20:50:00,0.1472,0.1472,0.147,0.147,33654.0
2026-06-29 20:55:00,0.1471,0.1471,0.1469,0.1469,174100.0
2026-06-29 21:00:00,0.1469,0.1471,0.1467,0.1467,271864.4
2026-06-29 21:05:00,0.1468,0.1469,0.1466,0.1468,64453.6
2026-06-29 21:10:00,0.1468,0.1475,0.1468,0.1473,221102.5
2026-06-29 21:15:00,0.1473,0.1473,0.1469,0.1469,78553.2
2026-06-29 21:20:00,0.1469,0.1472,0.1469,0.147,151548.1
2026-06-29 21:25:00,0.147,0.1473,0.147,0.1473,146147.9
2026-06-29 21:30:00,0.1473,0.1476,0.1473,0.1475,69790.1
2026-06-29 21:35:00,0.1475,0.1477,0.1474,0.1477,128425.8
2026-06-29 21:40:00,0.1476,0.1478,0.1475,0.1475,92346.7
2026-06-29 21:45:00,0.1475,0.1477,0.1475,0.1475,92996.0
2026-06-29 21:50:00,0.1476,0.1477,0.1475,0.1477,82765.2
2026-06-29 21:55:00,0.1476,0.1476,0.1472,0.1473,76255.9
2026-06-29 22:00:00,0.1473,0.1475,0.1471,0.1473,141791.4
2026-06-29 22:05:00,0.1474,0.1475,0.1471,0.1472,93437.5
2026-06-29 22:10:00,0.1472,0.1473,0.1469,0.147,132020.9
2026-06-29 22:15:00,0.1471,0.1472,0.1469,0.147,139592.6
2026-06-29 22:20:00,0.147,0.1473,0.1469,0.1469,286533.0
2026-06-29 22:25:00,0.1469,0.1471,0.1468,0.1468,367469.6
2026-06-29 22:30:00,0.1468,0.1469,0.1466,0.1467,389162.8
2026-06-29 22:35:00,0.1466,0.1466,0.1464,0.1466,150762.8
2026-06-29 22:40:00,0.1466,0.1467,0.1464,0.1467,171243.5
2026-06-29 22:45:00,0.1466,0.1467,0.1465,0.1466,38983.3
2026-06-29 22:50:00,0.1465,0.1467,0.1462,0.1466,267417.4
2026-06-29 22:55:00,0.1466,0.1466,0.1462,0.1463,455987.9
2026-06-29 23:00:00,0.1462,0.1464,0.1462,0.1462,36380.3
2026-06-29 23:05:00,0.1462,0.1464,0.1462,0.1464,79832.5
2026-06-29 23:10:00,0.1463,0.1464,0.146,0.1461,404821.3
2026-06-29 23:15:00,0.1462,0.1463,0.146,0.1461,76027.6
2026-06-29 23:20:00,0.146,0.1461,0.1457,0.1459,404418.3
2026-06-29 23:25:00,0.1459,0.146,0.1457,0.1458,106660.3
2026-06-29 23:30:00,0.1458,0.1458,0.1455,0.1458,273305.0
2026-06-29 23:35:00,0.1457,0.1459,0.1457,0.1459,119685.1
2026-06-29 23:40:00,0.1459,0.1459,0.1458,0.1459,56676.6
2026-06-29 23:45:00,0.1458,0.1462,0.1458,0.1459,781115.7
2026-06-29 23:50:00,0.146,0.146,0.1457,0.1457,196485.6
2026-06-29 23:55:00,0.1458,0.1459,0.1456,0.1458,241359.8
2026-06-30 00:00:00,0.1458,0.1459,0.1457,0.1459,112850.9
2026-06-30 00:05:00,0.1459,0.146,0.1455,0.1455,255250.8
2026-06-30 00:10:00,0.1456,0.1459,0.1454,0.1459,153197.3
2026-06-30 00:15:00,0.1459,0.146,0.1456,0.1457,190010.0
2026-06-30 00:20:00,0.1457,0.1457,0.1455,0.1456,341821.9
2026-06-30 00:25:00,0.1455,0.1456,0.1451,0.1452,366067.2
2026-06-30 00:30:00,0.1452,0.1452,0.1445,0.1447,813040.6
2026-06-30 00:35:00,0.1447,0.1448,0.1445,0.1446,424148.8
2026-06-30 00:40:00,0.1447,0.1448,0.1444,0.1446,187529.4
2026-06-30 00:45:00,0.1447,0.1448,0.1446,0.1448,105606.6
2026-06-30 00:50:00,0.1448,0.145,0.1445,0.1446,257508.4
2026-06-30 00:55:00,0.1447,0.1447,0.1444,0.1444,128548.1
2026-06-30 01:00:00,0.1444,0.1446,0.1441,0.1446,344280.9
2026-06-30 01:05:00,0.1445,0.1446,0.1441,0.1441,372949.8
2026-06-30 01:10:00,0.1441,0.1442,0.144,0.1442,511586.9
2026-06-30 01:15:00,0.1441,0.1445,0.1441,0.1445,219984.3
2026-06-30 01:20:00,0.1444,0.1446,0.1443,0.1444,83710.7
2026-06-30 01:25:00,0.1444,0.1447,0.1444,0.1446,158978.9
2026-06-30 01:30:00,0.1447,0.1447,0.1445,0.1446,318264.8
2026-06-30 01:35:00,0.1445,0.1445,0.144,0.1442,237584.0
2026-06-30 01:40:00,0.1442,0.1443,0.144,0.1441,452448.5
2026-06-30 01:45:00,0.1442,0.1443,0.1441,0.1442,328976.4
2026-06-30 01:50:00,0.1442,0.1444,0.1441,0.1443,153801.0
2026-06-30 01:55:00,0.1443,0.1445,0.1442,0.1444,173956.7
2026-06-30 02:00:00,0.1444,0.1444,0.144,0.1442,730715.3
2026-06-30 02:05:00,0.1442,0.1442,0.144,0.1441,57604.9
2026-06-30 02:10:00,0.1441,0.1441,0.1437,0.1438,447912.0
2026-06-30 02:15:00,0.1438,0.1439,0.1437,0.1439,365861.2
2026-06-30 02:20:00,0.1439,0.1443,0.1439,0.1443,211311.8
2026-06-30 02:25:00,0.1443,0.1444,0.1442,0.1443,126069.2
2026-06-30 02:30:00,0.1443,0.1443,0.1441,0.1442,219347.0
2026-06-30 02:35:00,0.1443,0.1445,0.1442,0.1444,43368.8
2026-06-30 02:40:00,0.1445,0.1446,0.1445,0.1445,75570.2
2026-06-30 02:45:00,0.1445,0.1448,0.1445,0.1447,64339.8
2026-06-30 02:50:00,0.1447,0.145,0.1447,0.1448,389242.0
2026-06-30 02:55:00,0.1447,0.1448,0.1445,0.1446,239061.5
2026-06-30 03:00:00,0.1446,0.1448,0.1445,0.1448,281283.1
2026-06-30 03:05:00,0.1448,0.1449,0.1447,0.1448,260784.5
2026-06-30 03:10:00,0.1448,0.1449,0.1448,0.1448,46555.3
2026-06-30 03:15:00,0.1448,0.1451,0.1448,0.1451,47051.2
2026-06-30 03:20:00,0.1451,0.1452,0.1447,0.1447,62387.3
2026-06-30 03:25:00,0.1447,0.1449,0.1447,0.1449,47855.0
2026-06-30 03:30:00,0.1449,0.1449,0.1445,0.1445,142399.2
2026-06-30 03:35:00,0.1446,0.1448,0.1446,0.1447,245952.6
2026-06-30 03:40:00,0.1446,0.1447,0.1445,0.1447,46181.7
2026-06-30 03:45:00,0.1447,0.1447,0.1445,0.1446,197664.3
2026-06-30 03:50:00,0.1446,0.1447,0.1444,0.1444,103429.6
2026-06-30 03:55:00,0.1444,0.1445,0.1443,0.1443,132557.1
2026-06-30 04:00:00,0.1443,0.1446,0.1441,0.1445,641049.7
2026-06-30 04:05:00,0.1445,0.1446,0.1443,0.1443,65549.7
2026-06-30 04:10:00,0.1443,0.1447,0.1442,0.1446,265002.8
2026-06-30 04:15:00,0.1446,0.1447,0.1443,0.1443,187046.1
2026-06-30 04:20:00,0.1443,0.1445,0.1442,0.1444,661399.5
2026-06-30 04:25:00,0.1443,0.1447,0.1443,0.1447,119218.8
2026-06-30 04:30:00,0.1446,0.1449,0.1446,0.1448,118995.8
2026-06-30 04:35:00,0.1448,0.1449,0.1447,0.1447,79900.8
2026-06-30 04:40:00,0.1447,0.1448,0.1445,0.1447,252407.5
2026-06-30 04:45:00,0.1448,0.1448,0.1446,0.1447,52369.7
2026-06-30 04:50:00,0.1447,0.1448,0.1447,0.1447,79474.3
2026-06-30 04:55:00,0.1448,0.1448,0.1446,0.1447,744158.2
2026-06-30 05:00:00,0.1447,0.1447,0.1445,0.1446,258960.9
2026-06-30 05:05:00,0.1446,0.1446,0.1444,0.1446,424867.8
2026-06-30 05:10:00,0.1446,0.1446,0.1443,0.1445,178622.3
2026-06-30 05:15:00,0.1445,0.1445,0.1442,0.1443,319617.4
2026-06-30 05:20:00,0.1444,0.1445,0.1443,0.1445,129864.3
2026-06-30 05:25:00,0.1445,0.1445,0.144,0.1442,506121.3
2026-06-30 05:30:00,0.1441,0.1443,0.1441,0.1442,165649.9
2026-06-30 05:35:00,0.1441,0.1443,0.144,0.1442,196700.5
2026-06-30 05:40:00,0.1442,0.1445,0.1442,0.1444,153311.9
2026-06-30 05:45:00,0.1443,0.1446,0.1443,0.1445,190004.0
2026-06-30 05:50:00,0.1445,0.1448,0.1445,0.1448,39809.7
2026-06-30 05:55:00,0.1447,0.145,0.1447,0.1449,254401.0
2026-06-30 06:00:00,0.145,0.1451,0.1448,0.145,216086.5
2026-06-30 06:05:00,0.1449,0.1449,0.1448,0.1449,29166.7
2026-06-30 06:10:00,0.1449,0.145,0.1447,0.145,86919.6
2026-06-30 06:15:00,0.1449,0.1451,0.1448,0.1449,227740.9
2026-06-30 06:20:00,0.1449,0.1452,0.1448,0.1451,360079.6
2026-06-30 06:25:00,0.1451,0.1455,0.145,0.1454,131460.9
2026-06-30 06:30:00,0.1455,0.1456,0.1454,0.1455,336405.9
2026-06-30 06:35:00,0.1454,0.1457,0.1454,0.1456,277451.3
2026-06-30 06:40:00,0.1456,0.1456,0.1453,0.1454,244754.4
2026-06-30 06:45:00,0.1454,0.1455,0.1453,0.1455,186512.3
2026-06-30 06:50:00,0.1455,0.1455,0.1453,0.1454,212840.4
2026-06-30 06:55:00,0.1454,0.1456,0.1454,0.1456,76151.1
2026-06-30 07:00:00,0.1456,0.1457,0.1455,0.1455,118406.8
2026-06-30 07:05:00,0.1455,0.1455,0.1453,0.1453,120474.1
2026-06-30 07:10:00,0.1453,0.1455,0.1452,0.1455,42241.3
2026-06-30 07:15:00,0.1455,0.1457,0.1452,0.1452,634364.8
2026-06-30 07:20:00,0.1452,0.1453,0.1452,0.1453,45291.2
2026-06-30 07:25:00,0.1452,0.1453,0.1451,0.1452,205305.6
2026-06-30 07:30:00,0.1452,0.1453,0.145,0.145,132740.1
2026-06-30 07:35:00,0.1451,0.1453,0.1451,0.1451,198628.4
2026-06-30 07:40:00,0.1451,0.1451,0.1449,0.1449,389528.6
2026-06-30 07:45:00,0.1449,0.1452,0.1448,0.1451,315301.0
2026-06-30 07:50:00,0.1451,0.1452,0.1449,0.145,334255.9
2026-06-30 07:55:00,0.1451,0.1451,0.145,0.145,147508.4
2026-06-30 08:00:00,0.1451,0.1452,0.1449,0.145,152099.5
2026-06-30 08:05:00,0.145,0.1452,0.1449,0.145,197836.7
2026-06-30 08:10:00,0.1449,0.1452,0.1449,0.145,53938.8
2026-06-30 08:15:00,0.1449,0.145,0.1448,0.1449,326865.3
2026-06-30 08:20:00,0.1449,0.145,0.1448,0.145,235918.4
2026-06-30 08:25:00,0.1449,0.145,0.1447,0.1448,166694.0
2026-06-30 08:30:00,0.1448,0.1449,0.1445,0.1445,385434.2
2026-06-30 08:35:00,0.1445,0.1446,0.1441,0.1442,1126243.0
2026-06-30 08:40:00,0.1442,0.1446,0.1442,0.1445,84237.7
2026-06-30 08:45:00,0.1444,0.1445,0.1441,0.1443,322268.7
2026-06-30 08:50:00,0.1442,0.1447,0.1441,0.1447,454888.0
2026-06-30 08:55:00,0.1446,0.1446,0.1443,0.1446,191061.6
2026-06-30 09:00:00,0.1446,0.1449,0.1445,0.1448,402026.0
2026-06-30 09:05:00,0.1448,0.1448,0.1445,0.1446,228818.6
2026-06-30 09:10:00,0.1446,0.1448,0.1445,0.1447,164064.0
2026-06-30 09:15:00,0.1447,0.1448,0.1443,0.1445,2388899.2
2026-06-30 09:20:00,0.1444,0.1445,0.1443,0.1445,399653.9
2026-06-30 09:25:00,0.1445,0.1446,0.1444,0.1444,67226.0
2026-06-30 09:30:00,0.1445,0.1445,0.1442,0.1444,82272.5
2026-06-30 09:35:00,0.1444,0.1446,0.1444,0.1445,137912.7
2026-06-30 09:40:00,0.1444,0.1447,0.1444,0.1445,129409.3
2026-06-30 09:45:00,0.1446,0.1447,0.1445,0.1447,47751.2
2026-06-30 09:50:00,0.1448,0.145,0.1448,0.1448,163413.1
2026-06-30 09:55:00,0.1449,0.145,0.1448,0.1448,434141.0
2026-06-30 10:00:00,0.1449,0.145,0.1448,0.1448,152550.6
2026-06-30 10:05:00,0.1448,0.1449,0.1447,0.1447,416188.2
2026-06-30 10:10:00,0.1448,0.145,0.1446,0.1449,470600.7
2026-06-30 10:15:00,0.145,0.145,0.1448,0.1449,400100.6
2026-06-30 10:20:00,0.1449,0.145,0.1448,0.145,150579.9
2026-06-30 10:25:00,0.145,0.145,0.1448,0.1449,49948.6
2026-06-30 10:30:00,0.1449,0.145,0.1448,0.1449,267814.0
2026-06-30 10:35:00,0.1449,0.145,0.1447,0.1448,731875.4
2026-06-30 10:40:00,0.1447,0.1448,0.1447,0.1448,431646.6
2026-06-30 10:45:00,0.1447,0.1449,0.1447,0.1448,143342.5
2026-06-30 10:50:00,0.1448,0.145,0.1446,0.1449,124610.4
2026-06-30 10:55:00,0.1448,0.145,0.1447,0.1448,68626.8
2026-06-30 11:00:00,0.1448,0.1448,0.1446,0.1447,87384.4
2026-06-30 11:05:00,0.1448,0.1449,0.1446,0.1447,86600.2
2026-06-30 11:10:00,0.1447,0.1448,0.1446,0.1448,319357.9
2026-06-30 11:15:00,0.1448,0.1449,0.1443,0.1445,126363.0
2026-06-30 11:20:00,0.1445,0.1446,0.1443,0.1443,115170.8
2026-06-30 11:25:00,0.1443,0.1444,0.1442,0.1443,276153.4
2026-06-30 11:30:00,0.1443,0.1444,0.1439,0.1441,201779.2
2026-06-30 11:35:00,0.1441,0.1443,0.1441,0.1442,53752.3
2026-06-30 11:40:00,0.1442,0.1444,0.1441,0.1444,118719.9
2026-06-30 11:45:00,0.1443,0.1446,0.1443,0.1445,375078.4
2026-06-30 11:50:00,0.1446,0.1447,0.1442,0.1443,456561.3
2026-06-30 11:55:00,0.1442,0.1442,0.1438,0.144,237863.3
2026-06-30 12:00:00,0.144,0.144,0.1436,0.1436,236215.5
2026-06-30 12:05:00,0.1436,0.1437,0.1433,0.1436,363786.6
2026-06-30 12:10:00,0.1436,0.1438,0.1434,0.1434,145873.2
2026-06-30 12:15:00,0.1433,0.1435,0.1432,0.1432,368277.5
2026-06-30 12:20:00,0.1433,0.1433,0.1424,0.1425,823172.1
2026-06-30 12:25:00,0.1425,0.1431,0.1425,0.1427,712046.9
2026-06-30 12:30:00,0.1428,0.143,0.1424,0.1425,941625.5
2026-06-30 12:35:00,0.1425,0.1428,0.1424,0.1427,438842.6
2026-06-30 12:40:00,0.1427,0.1427,0.1424,0.1427,214064.0
2026-06-30 12:45:00,0.1427,0.1427,0.1422,0.1422,1117193.1
2026-06-30 12:50:00,0.1423,0.1426,0.1421,0.1426,2280957.0
2026-06-30 12:55:00,0.1426,0.1429,0.1421,0.1421,1518709.1
2026-06-30 13:00:00,0.1422,0.1426,0.1421,0.1426,923565.7
2026-06-30 13:05:00,0.1425,0.1432,0.1425,0.1432,1432457.0
2026-06-30 13:10:00,0.1432,0.1432,0.1427,0.1429,415633.2
2026-06-30 13:15:00,0.1428,0.1431,0.1428,0.143,192535.3
2026-06-30 13:20:00,0.143,0.1431,0.1429,0.143,128179.5
2026-06-30 13:25:00,0.1429,0.1431,0.1428,0.1429,67711.7
2026-06-30 13:30:00,0.143,0.1437,0.1425,0.1428,1217458.8
2026-06-30 13:35:00,0.1428,0.143,0.1426,0.1429,432822.5
2026-06-30 13:40:00,0.1429,0.1435,0.1429,0.1435,278565.1
2026-06-30 13:45:00,0.1435,0.1435,0.1431,0.1433,151268.2
2026-06-30 13:50:00,0.1432,0.1442,0.1432,0.1439,2008151.1
2026-06-30 13:55:00,0.144,0.1441,0.1438,0.1441,250624.2
2026-06-30 14:00:00,0.144,0.1456,0.1439,0.1451,2152167.7
2026-06-30 14:05:00,0.145,0.1451,0.1448,0.1448,501283.5
2026-06-30 14:10:00,0.1448,0.1451,0.1446,0.1449,345047.4
2026-06-30 14:15:00,0.1449,0.1451,0.1447,0.1449,303184.1
2026-06-30 14:20:00,0.1449,0.1452,0.1448,0.1449,1387542.5
2026-06-30 14:25:00,0.1449,0.1451,0.1447,0.1451,1003876.1
2026-06-30 14:30:00,0.1451,0.1453,0.1448,0.1452,533192.7
2026-06-30 14:35:00,0.1452,0.1453,0.1443,0.1444,623781.0
2026-06-30 14:40:00,0.1445,0.1448,0.1444,0.1448,220789.1
2026-06-30 14:45:00,0.1448,0.1448,0.144,0.1441,548186.1
2026-06-30 14:50:00,0.1441,0.1442,0.1435,0.1436,421887.1
2026-06-30 14:55:00,0.1436,0.1439,0.1435,0.1438,186343.3
2026-06-30 15:00:00,0.1438,0.1441,0.1434,0.1434,458211.3
2026-06-30 15:05:00,0.1434,0.1435,0.143,0.1434,526296.5
2026-06-30 15:10:00,0.1433,0.1443,0.1433,0.1441,2109225.3
2026-06-30 15:15:00,0.144,0.1445,0.1436,0.1439,2425622.6
2026-06-30 15:20:00,0.1439,0.1444,0.1439,0.1443,426193.0
2026-06-30 15:25:00,0.1443,0.1444,0.1439,0.1439,859657.1
2026-06-30 15:30:00,0.1439,0.1442,0.1438,0.1441,1863708.3
2026-06-30 15:35:00,0.1441,0.1442,0.1437,0.1438,529744.8
2026-06-30 15:40:00,0.1438,0.1443,0.1438,0.1443,126916.8
2026-06-30 15:45:00,0.1443,0.1453,0.1442,0.1448,734309.7
2026-06-30 15:50:00,0.1448,0.145,0.1446,0.1447,689695.6
2026-06-30 15:55:00,0.1447,0.1449,0.1442,0.1444,690300.9
2026-06-30 16:00:00,0.1444,0.1445,0.1442,0.1443,331130.3
2026-06-30 16:05:00,0.1443,0.1448,0.1443,0.1445,1662674.9
2026-06-30 16:10:00,0.1445,0.1447,0.144,0.144,241106.3
2026-06-30 16:15:00,0.144,0.1444,0.1437,0.1443,697303.8
2026-06-30 16:20:00,0.1443,0.1444,0.1439,0.1439,455510.5
2026-06-30 16:25:00,0.1439,0.1439,0.1436,0.1439,538191.2
2026-06-30 16:30:00,0.1439,0.1441,0.1436,0.144,823633.5
2026-06-30 16:35:00,0.144,0.1447,0.1439,0.1447,1150174.3
2026-06-30 16:40:00,0.1448,0.1448,0.1445,0.1445,346093.4
2026-06-30 16:45:00,0.1446,0.1449,0.1446,0.1449,240231.1
2026-06-30 16:50:00,0.1449,0.1456,0.1447,0.1455,1105720.4
2026-06-30 16:55:00,0.1455,0.1458,0.1453,0.1455,442046.8
2026-06-30 17:00:00,0.1455,0.1458,0.1454,0.1457,426034.2
2026-06-30 17:05:00,0.1457,0.1465,0.1456,0.1463,1157342.7
2026-06-30 17:10:00,0.1462,0.1462,0.1459,0.146,426181.9
2026-06-30 17:15:00,0.146,0.1462,0.1459,0.1459,479383.5
2026-06-30 17:20:00,0.146,0.146,0.1454,0.1455,745962.5
2026-06-30 17:25:00,0.1455,0.1456,0.1452,0.1452,272461.5
2026-06-30 17:30:00,0.1453,0.1455,0.1449,0.1454,593418.8
2026-06-30 17:35:00,0.1453,0.1455,0.1451,0.1451,144132.1
2026-06-30 17:40:00,0.1451,0.1453,0.1451,0.1451,58165.2
2026-06-30 17:45:00,0.1451,0.1451,0.1446,0.1447,1112104.1
2026-06-30 17:50:00,0.1446,0.1449,0.1446,0.1448,176869.8
2026-06-30 17:55:00,0.1449,0.145,0.1445,0.1446,555271.5
2026-06-30 18:00:00,0.1446,0.1447,0.1442,0.1445,433471.5
2026-06-30 18:05:00,0.1445,0.1449,0.1444,0.1448,73941.5
2026-06-30 18:10:00,0.1448,0.145,0.1447,0.1449,252217.2
2026-06-30 18:15:00,0.1449,0.1461,0.1448,0.1459,612619.6
2026-06-30 18:20:00,0.1458,0.1459,0.145,0.145,302150.8
2026-06-30 18:25:00,0.145,0.1452,0.1449,0.1451,140039.2
2026-06-30 18:30:00,0.1452,0.1452,0.1449,0.1449,360764.1
2026-06-30 18:35:00,0.145,0.1451,0.1446,0.1446,224230.5
2026-06-30 18:40:00,0.1447,0.1448,0.1446,0.1448,96592.5
2026-06-30 18:45:00,0.1448,0.1456,0.1448,0.1456,642566.1
2026-06-30 18:50:00,0.1456,0.1459,0.1455,0.1455,573726.0
2026-06-30 18:55:00,0.1455,0.1456,0.1454,0.1455,209749.7
2026-06-30 19:00:00,0.1454,0.1456,0.1453,0.1454,517052.2
2026-06-30 19:05:00,0.1454,0.1456,0.1453,0.1455,294946.7
2026-06-30 19:10:00,0.1454,0.1456,0.145,0.1452,879727.1
2026-06-30 19:15:00,0.1452,0.1452,0.1449,0.1449,285408.3
2026-06-30 19:20:00,0.1449,0.1449,0.1446,0.1446,407966.6
2026-06-30 19:25:00,0.1446,0.1449,0.1445,0.1449,220738.1
2026-06-30 19:30:00,0.1449,0.1455,0.1448,0.1454,767675.2
2026-06-30 19:35:00,0.1455,0.1457,0.1452,0.1452,424699.5
2026-06-30 19:40:00,0.1453,0.1453,0.1451,0.1452,104729.8
2026-06-30 19:45:00,0.1452,0.1452,0.1449,0.145,237347.6
2026-06-30 19:50:00,0.145,0.1451,0.1446,0.1448,434484.5
2026-06-30 19:55:00,0.1448,0.1451,0.1448,0.1449,332225.7
2026-06-30 20:00:00,0.1448,0.145,0.1446,0.1448,774298.5
2026-06-30 20:05:00,0.1448,0.1449,0.1447,0.1448,139859.2
2026-06-30 20:10:00,0.1449,0.145,0.1446,0.1448,571745.2
2026-06-30 20:15:00,0.1449,0.1449,0.1445,0.1446,380404.8
2026-06-30 20:20:00,0.1445,0.1445,0.1442,0.1442,415662.3
2026-06-30 20:25:00,0.1442,0.1443,0.1441,0.1442,135221.8
2026-06-30 20:30:00,0.1442,0.1442,0.1438,0.144,567178.3
2026-06-30 20:35:00,0.144,0.1441,0.1439,0.144,210576.6
2026-06-30 20:40:00,0.1441,0.1441,0.1437,0.1437,330341.2
2026-06-30 20:45:00,0.1437,0.1442,0.1437,0.144,275780.2
2026-06-30 20:50:00,0.1439,0.144,0.1437,0.1438,118974.0
2026-06-30 20:55:00,0.1438,0.1439,0.1437,0.1439,114908.0
2026-06-30 21:00:00,0.1438,0.144,0.1438,0.1438,114843.9
2026-06-30 21:05:00,0.1437,0.1439,0.1437,0.1438,193570.1
2026-06-30 21:10:00,0.1437,0.1439,0.1435,0.1438,145007.2
2026-06-30 21:15:00,0.1437,0.1439,0.1437,0.1438,140550.4
2026-06-30 21:20:00,0.1438,0.1439,0.1437,0.1438,70338.3
2026-06-30 21:25:00,0.1437,0.1439,0.1436,0.1439,258100.4
2026-06-30 21:30:00,0.1439,0.1441,0.1439,0.1441,90759.9
2026-06-30 21:35:00,0.1441,0.1444,0.1441,0.1444,92240.4
2026-06-30 21:40:00,0.1444,0.1444,0.1438,0.1438,162238.2
2026-06-30 21:45:00,0.1438,0.144,0.1438,0.1438,111103.9
2026-06-30 21:50:00,0.1438,0.1441,0.1438,0.144,142845.6
2026-06-30 21:55:00,0.144,0.1442,0.144,0.1442,78978.6
2026-06-30 22:00:00,0.1442,0.1447,0.1442,0.1445,385593.9
2026-06-30 22:05:00,0.1446,0.1447,0.1444,0.1445,371013.0
2026-06-30 22:10:00,0.1444,0.1445,0.1441,0.1445,262398.8
2026-06-30 22:15:00,0.1444,0.1446,0.1443,0.1446,178670.8
2026-06-30 22:20:00,0.1445,0.1445,0.1442,0.1443,35062.5
2026-06-30 22:25:00,0.1442,0.1443,0.1441,0.1441,322625.0
2026-06-30 22:30:00,0.144,0.144,0.1436,0.1438,329603.5
2026-06-30 22:35:00,0.1438,0.144,0.1437,0.1439,116206.3
2026-06-30 22:40:00,0.1439,0.144,0.1438,0.1439,52186.5
2026-06-30 22:45:00,0.1439,0.1441,0.1438,0.1441,102896.6
2026-06-30 22:50:00,0.1441,0.1442,0.1438,0.1439,198323.4
2026-06-30 22:55:00,0.1439,0.1442,0.1439,0.1442,74024.9
2026-06-30 23:00:00,0.1442,0.1442,0.1439,0.1439,109795.3
2026-06-30 23:05:00,0.144,0.1443,0.144,0.1441,184021.9
2026-06-30 23:10:00,0.1441,0.1441,0.144,0.144,15712.6
2026-06-30 23:15:00,0.1441,0.1444,0.144,0.1442,303756.7
2026-06-30 23:20:00,0.1442,0.1443,0.144,0.1442,257484.6
2026-06-30 23:25:00,0.1442,0.1443,0.1442,0.1442,9844.0
2026-06-30 23:30:00,0.1441,0.1442,0.144,0.1441,209759.8
2026-06-30 23:35:00,0.1441,0.1443,0.144,0.144,130389.9
2026-06-30 23:40:00,0.144,0.1443,0.144,0.1443,254388.7
2026-06-30 23:45:00,0.1443,0.1445,0.1442,0.1445,189226.0
2026-06-30 23:50:00,0.1444,0.1445,0.1443,0.1443,90089.9
2026-06-30 23:55:00,0.1444,0.1445,0.1443,0.1444,52896.7
2026-07-01 00:00:00,0.1444,0.1445,0.1443,0.1445,323649.2
2026-07-01 00:05:00,0.1444,0.1444,0.1441,0.1441,165114.5
2026-07-01 00:10:00,0.1441,0.1442,0.144,0.1442,179284.4
2026-07-01 00:15:00,0.1442,0.1442,0.1438,0.1439,194530.5
2026-07-01 00:20:00,0.1439,0.144,0.1436,0.1436,299691.8
2026-07-01 00:25:00,0.1437,0.1438,0.1434,0.1437,401336.7
2026-07-01 00:30:00,0.1437,0.1445,0.1437,0.1444,605521.7
2026-07-01 00:35:00,0.1444,0.1444,0.1441,0.1442,114124.4
2026-07-01 00:40:00,0.1441,0.1444,0.1441,0.1444,50142.6
2026-07-01 00:45:00,0.1444,0.1445,0.1443,0.1443,118652.4
2026-07-01 00:50:00,0.1444,0.1446,0.1443,0.1443,405232.0
2026-07-01 00:55:00,0.1444,0.1446,0.1443,0.1445,528770.7
2026-07-01 01:00:00,0.1446,0.1446,0.1442,0.1442,203259.7
2026-07-01 01:05:00,0.1442,0.1443,0.144,0.1441,656148.5
2026-07-01 01:10:00,0.144,0.144,0.142,0.143,2439135.5
2026-07-01 01:15:00,0.1431,0.1437,0.1426,0.1436,1176481.4
2026-07-01 01:20:00,0.1435,0.1439,0.1432,0.1433,778330.3
2026-07-01 01:25:00,0.1434,0.1438,0.1433,0.1437,283463.4
2026-07-01 01:30:00,0.1436,0.1441,0.1435,0.1437,1087614.3
2026-07-01 01:35:00,0.1438,0.1452,0.1438,0.1448,1015096.9
2026-07-01 01:40:00,0.1447,0.1454,0.1446,0.1451,585005.3
2026-07-01 01:45:00,0.1451,0.1452,0.1447,0.1447,352606.0
2026-07-01 01:50:00,0.1447,0.145,0.1445,0.145,175640.2
2026-07-01 01:55:00,0.1451,0.1452,0.1449,0.145,433314.9
2026-07-01 02:00:00,0.145,0.1452,0.1448,0.145,133157.1
2026-07-01 02:05:00,0.1449,0.145,0.1447,0.1449,490215.6
2026-07-01 02:10:00,0.145,0.1456,0.1449,0.1454,1212649.7
2026-07-01 02:15:00,0.1454,0.1458,0.1453,0.1454,1223118.0
2026-07-01 02:20:00,0.1454,0.146,0.1454,0.1457,778653.3
2026-07-01 02:25:00,0.1457,0.1459,0.1456,0.1458,203302.2
2026-07-01 02:30:00,0.1459,0.1464,0.1458,0.1463,1362624.5
2026-07-01 02:35:00,0.1463,0.1466,0.1462,0.1464,1132732.3
2026-07-01 02:40:00,0.1464,0.1468,0.1462,0.1465,688455.3
2026-07-01 02:45:00,0.1465,0.1466,0.1461,0.1462,1039007.6
2026-07-01 02:50:00,0.1463,0.1464,0.1461,0.1464,983550.0
2026-07-01 02:55:00,0.1464,0.1466,0.1464,0.1465,332340.6
2026-07-01 03:00:00,0.1466,0.1469,0.1466,0.1467,420780.9
2026-07-01 03:05:00,0.1467,0.1481,0.1467,0.1475,1806068.5
2026-07-01 03:10:00,0.1475,0.1475,0.147,0.1471,813012.4
2026-07-01 03:15:00,0.1471,0.1472,0.1467,0.1467,673792.7
2026-07-01 03:20:00,0.1468,0.1471,0.1466,0.147,781806.4
2026-07-01 03:25:00,0.147,0.1471,0.1465,0.1471,977362.1
2026-07-01 03:30:00,0.1471,0.1473,0.1469,0.1472,514055.7
2026-07-01 03:35:00,0.1472,0.15,0.1472,0.149,7192053.8
2026-07-01 03:40:00,0.1491,0.1492,0.1485,0.149,2307388.9
2026-07-01 03:45:00,0.1491,0.1509,0.149,0.1498,3233447.0
2026-07-01 03:50:00,0.1499,0.1504,0.1496,0.1503,2436919.0
2026-07-01 03:55:00,0.1502,0.1505,0.1494,0.1495,3412377.4
2026-07-01 04:00:00,0.1495,0.1498,0.149,0.1497,1263149.2
2026-07-01 04:05:00,0.1498,0.1499,0.1495,0.1498,1593522.6
2026-07-01 04:10:00,0.1497,0.1497,0.1491,0.1491,366631.5
2026-07-01 04:15:00,0.1491,0.1494,0.149,0.1494,909812.3
2026-07-01 04:20:00,0.1494,0.15,0.1493,0.1499,1110061.1
2026-07-01 04:25:00,0.15,0.153,0.1499,0.1523,8339688.9
2026-07-01 04:30:00,0.1524,0.1525,0.1509,0.1512,2702787.2
2026-07-01 04:35:00,0.1511,0.1523,0.1507,0.1522,3138756.1
2026-07-01 04:40:00,0.1521,0.1524,0.1517,0.1519,1171265.3
2026-07-01 04:45:00,0.1519,0.1525,0.1517,0.1524,1757278.1
2026-07-01 04:50:00,0.1523,0.1524,0.1507,0.1508,1632207.5
2026-07-01 04:55:00,0.1509,0.1512,0.1507,0.151,751629.7
2026-07-01 05:00:00,0.151,0.1516,0.1509,0.1514,1467247.5
2026-07-01 05:05:00,0.1515,0.1524,0.1513,0.1514,1812022.7
2026-07-01 05:10:00,0.1513,0.1513,0.1507,0.1511,1064279.1
2026-07-01 05:15:00,0.151,0.1515,0.1509,0.1512,942346.4
2026-07-01 05:20:00,0.1512,0.1514,0.151,0.1513,833659.9
2026-07-01 05:25:00,0.1514,0.1516,0.1512,0.1515,459200.3
2026-07-01 05:30:00,0.1515,0.1519,0.1509,0.151,1638142.3
2026-07-01 05:35:00,0.151,0.1511,0.1506,0.1507,597146.0
2026-07-01 05:40:00,0.1506,0.1509,0.1504,0.1507,737029.3
2026-07-01 05:45:00,0.1507,0.1507,0.1505,0.1507,277931.2
2026-07-01 05:50:00,0.1506,0.1513,0.1506,0.1508,2722402.0
2026-07-01 05:55:00,0.1507,0.1516,0.1506,0.1515,1417759.8
2026-07-01 06:00:00,0.1516,0.1518,0.1511,0.1511,1534880.7
2026-07-01 06:05:00,0.1512,0.1512,0.1508,0.1508,753936.3
2026-07-01 06:10:00,0.1509,0.1512,0.1506,0.1511,665580.1
2026-07-01 06:15:00,0.151,0.1514,0.1508,0.1508,1962231.5
2026-07-01 06:20:00,0.1508,0.1509,0.1498,0.1503,1320398.6
2026-07-01 06:25:00,0.1503,0.1505,0.1501,0.1503,538603.4
2026-07-01 06:30:00,0.1504,0.1505,0.1495,0.1501,3102956.3
2026-07-01 06:35:00,0.1501,0.1501,0.1491,0.1497,989407.3
2026-07-01 06:40:00,0.1496,0.1498,0.1493,0.1495,397490.1
2026-07-01 06:45:00,0.1495,0.1495,0.1488,0.1493,597467.4
2026-07-01 06:50:00,0.1493,0.1499,0.1493,0.1498,601948.5
2026-07-01 06:55:00,0.1498,0.1504,0.1498,0.1504,1603648.4
2026-07-01 07:00:00,0.1504,0.1505,0.1499,0.15,891873.1
2026-07-01 07:05:00,0.1499,0.1502,0.1498,0.1502,370323.1
2026-07-01 07:10:00,0.1502,0.1504,0.1499,0.1503,299848.4
2026-07-01 07:15:00,0.1503,0.1507,0.15,0.1502,1093857.7
2026-07-01 07:20:00,0.1501,0.1508,0.1499,0.1508,438913.2
2026-07-01 07:25:00,0.1508,0.1508,0.1503,0.1503,94423.4
2026-07-01 07:30:00,0.1503,0.1504,0.1499,0.1503,563110.8
2026-07-01 07:35:00,0.1503,0.1505,0.15,0.15,1197237.8
2026-07-01 07:40:00,0.15,0.1503,0.1499,0.1499,315480.3
2026-07-01 07:45:00,0.1499,0.1504,0.1495,0.1504,1295570.2
2026-07-01 07:50:00,0.1503,0.1506,0.15,0.1502,745058.5
2026-07-01 07:55:00,0.1502,0.1504,0.1501,0.1501,359749.4
2026-07-01 08:00:00,0.1501,0.1505,0.1499,0.1505,1016702.6
2026-07-01 08:05:00,0.1504,0.1509,0.1502,0.1506,700762.5
2026-07-01 08:10:00,0.1506,0.1509,0.1504,0.1506,801232.3
2026-07-01 08:15:00,0.1505,0.1505,0.1498,0.1501,1549332.2
2026-07-01 08:20:00,0.15,0.1501,0.1494,0.1495,759008.5
2026-07-01 08:25:00,0.1495,0.1498,0.1493,0.1494,1275853.9
2026-07-01 08:30:00,0.1494,0.1497,0.149,0.1496,1782464.7
2026-07-01 08:35:00,0.1496,0.1497,0.1494,0.1496,679604.1
2026-07-01 08:40:00,0.1495,0.1501,0.1495,0.1501,1215217.6
2026-07-01 08:45:00,0.1501,0.1501,0.1497,0.1499,565062.5
2026-07-01 08:50:00,0.1499,0.1503,0.1499,0.1501,245056.8
2026-07-01 08:55:00,0.1501,0.1508,0.1501,0.1507,723606.0
2026-07-01 09:00:00,0.1506,0.1506,0.1501,0.1503,651921.4
2026-07-01 09:05:00,0.1503,0.1509,0.1502,0.1507,569522.2
2026-07-01 09:10:00,0.1507,0.151,0.1506,0.1506,522048.6
2026-07-01 09:15:00,0.1506,0.1513,0.1506,0.1512,616328.8
2026-07-01 09:20:00,0.1511,0.1511,0.1508,0.1511,603524.6
2026-07-01 09:25:00,0.151,0.1511,0.1509,0.1511,99398.6
2026-07-01 09:30:00,0.1511,0.1512,0.1508,0.151,144634.1
2026-07-01 09:35:00,0.151,0.151,0.1506,0.1507,217737.9
2026-07-01 09:40:00,0.1507,0.151,0.1505,0.1505,762596.7
2026-07-01 09:45:00,0.1505,0.1507,0.1501,0.1502,401816.9
2026-07-01 09:50:00,0.1503,0.1504,0.15,0.1504,276198.1
2026-07-01 09:55:00,0.1504,0.1505,0.1503,0.1504,267715.3
2026-07-01 10:00:00,0.1504,0.1511,0.1503,0.151,969114.5
2026-07-01 10:05:00,0.1509,0.151,0.1506,0.1508,265919.7
2026-07-01 10:10:00,0.1508,0.1508,0.15,0.15,1456879.8
2026-07-01 10:15:00,0.1501,0.1506,0.1499,0.1506,219261.5
2026-07-01 10:20:00,0.1506,0.1507,0.1504,0.1505,236473.8
2026-07-01 10:25:00,0.1505,0.1505,0.15,0.1505,501359.2
2026-07-01 10:30:00,0.1505,0.1506,0.1504,0.1506,147882.5
2026-07-01 10:35:00,0.1505,0.1511,0.1504,0.151,581294.5
2026-07-01 10:40:00,0.1509,0.1512,0.1506,0.1507,453857.9
2026-07-01 10:45:00,0.1506,0.1511,0.1506,0.1511,92657.2
2026-07-01 10:50:00,0.1511,0.1514,0.151,0.1512,593785.4
2026-07-01 10:55:00,0.1512,0.1515,0.1508,0.1509,577348.1
2026-07-01 11:00:00,0.1509,0.1513,0.1505,0.1513,395313.2
2026-07-01 11:05:00,0.1512,0.152,0.151,0.1518,997479.7
2026-07-01 11:10:00,0.1517,0.1523,0.1517,0.1522,662698.4
2026-07-01 11:15:00,0.1522,0.1524,0.1519,0.1519,555592.0
2026-07-01 11:20:00,0.1518,0.1519,0.1512,0.1513,480416.9
2026-07-01 11:25:00,0.1514,0.1517,0.1513,0.1513,274775.6
2026-07-01 11:30:00,0.1513,0.1515,0.1505,0.1508,1537795.5
2026-07-01 11:35:00,0.1508,0.1512,0.1507,0.1508,540235.8
2026-07-01 11:40:00,0.1508,0.1509,0.1505,0.1509,167621.3
2026-07-01 11:45:00,0.151,0.1512,0.1507,0.1507,491831.0
2026-07-01 11:50:00,0.1506,0.1509,0.1505,0.1508,430878.2
2026-07-01 11:55:00,0.1508,0.1509,0.1504,0.1508,512555.9
2026-07-01 12:00:00,0.1508,0.1511,0.1505,0.1507,443801.5
2026-07-01 12:05:00,0.1507,0.151,0.1506,0.1509,518173.3
2026-07-01 12:10:00,0.151,0.151,0.1503,0.1505,349286.5
2026-07-01 12:15:00,0.1506,0.151,0.1506,0.1508,210872.6
2026-07-01 12:20:00,0.1508,0.1512,0.1506,0.1512,647231.7
2026-07-01 12:25:00,0.1511,0.1513,0.1508,0.1512,535686.5
2026-07-01 12:30:00,0.1511,0.1525,0.1508,0.1515,4880818.3
2026-07-01 12:35:00,0.1515,0.1518,0.1513,0.1516,406363.8
2026-07-01 12:40:00,0.1516,0.152,0.1515,0.1516,229895.0
2026-07-01 12:45:00,0.1516,0.1517,0.1512,0.1515,468121.4
2026-07-01 12:50:00,0.1515,0.1518,0.1511,0.1514,330548.8
2026-07-01 12:55:00,0.1514,0.1516,0.1514,0.1516,682759.1
2026-07-01 13:00:00,0.1516,0.1524,0.1516,0.1518,2514424.8
2026-07-01 13:05:00,0.1518,0.1518,0.1512,0.1514,508729.6
2026-07-01 13:10:00,0.1514,0.1523,0.1514,0.1522,1363979.2
2026-07-01 13:15:00,0.1523,0.1526,0.1522,0.1522,1181720.0
2026-07-01 13:20:00,0.1522,0.1529,0.1522,0.1526,727738.2
2026-07-01 13:25:00,0.1525,0.153,0.1523,0.1529,423057.7
2026-07-01 13:30:00,0.1528,0.1528,0.1509,0.1523,3097335.2
2026-07-01 13:35:00,0.1524,0.1529,0.1519,0.1524,822556.9
2026-07-01 13:40:00,0.1523,0.1527,0.1521,0.1525,1007711.8
2026-07-01 13:45:00,0.1524,0.1538,0.1521,0.1534,1842391.5
2026-07-01 13:50:00,0.1533,0.154,0.1532,0.1535,1098875.5
2026-07-01 13:55:00,0.1535,0.1539,0.153,0.1539,814705.8
2026-07-01 14:00:00,0.1538,0.1547,0.1536,0.1545,1266641.8
2026-07-01 14:05:00,0.1545,0.1549,0.1539,0.1545,2640640.2
2026-07-01 14:10:00,0.1546,0.157,0.1546,0.1568,4994707.8
2026-07-01 14:15:00,0.1569,0.1575,0.1561,0.1565,3958082.4
2026-07-01 14:20:00,0.1565,0.1567,0.1554,0.1555,1698759.0
2026-07-01 14:25:00,0.1555,0.1557,0.1544,0.1545,1820435.4
2026-07-01 14:30:00,0.1545,0.1551,0.1535,0.1541,3180401.0
2026-07-01 14:35:00,0.154,0.1547,0.1535,0.1546,1232724.2
2026-07-01 14:40:00,0.1546,0.1553,0.1544,0.1549,2074861.1
2026-07-01 14:45:00,0.155,0.1556,0.1541,0.1553,997630.0
2026-07-01 14:50:00,0.1553,0.1558,0.1552,0.1555,873341.3
2026-07-01 14:55:00,0.1555,0.1559,0.1553,0.1557,1256509.0
2026-07-01 15:00:00,0.1556,0.1567,0.1556,0.1565,1610527.6
2026-07-01 15:05:00,0.1566,0.1571,0.1563,0.1564,2552240.3
2026-07-01 15:10:00,0.1563,0.1565,0.156,0.1563,769397.9
2026-07-01 15:15:00,0.1563,0.157,0.1562,0.1568,711441.5
2026-07-01 15:20:00,0.1569,0.1581,0.1565,0.1575,4055823.8
2026-07-01 15:25:00,0.1576,0.1577,0.1568,0.157,2207475.5
2026-07-01 15:30:00,0.157,0.157,0.1564,0.1564,765341.1
2026-07-01 15:35:00,0.1564,0.1564,0.1555,0.1556,1182679.8
2026-07-01 15:40:00,0.1556,0.1562,0.1555,0.1561,1324973.1
2026-07-01 15:45:00,0.1561,0.1562,0.1555,0.1556,791143.9
2026-07-01 15:50:00,0.1555,0.1557,0.1552,0.1552,682776.2
2026-07-01 15:55:00,0.1553,0.1554,0.155,0.1553,466493.6
2026-07-01 16:00:00,0.1553,0.1554,0.155,0.1552,724190.2
2026-07-01 16:05:00,0.1552,0.1555,0.155,0.1552,451543.7
2026-07-01 16:10:00,0.1552,0.1559,0.1551,0.1558,1143091.5
2026-07-01 16:15:00,0.1558,0.1559,0.1554,0.1554,1041772.0
2026-07-01 16:20:00,0.1554,0.1556,0.155,0.1555,910888.6
2026-07-01 16:25:00,0.1555,0.1559,0.1553,0.1557,648736.7
2026-07-01 16:30:00,0.1556,0.1557,0.1554,0.1554,547305.9
2026-07-01 16:35:00,0.1554,0.1556,0.1552,0.1553,376953.3
2026-07-01 16:40:00,0.1552,0.1554,0.1552,0.1553,215714.6
2026-07-01 16:45:00,0.1553,0.1554,0.155,0.155,311965.6
2026-07-01 16:50:00,0.155,0.1552,0.1545,0.1547,909610.4
2026-07-01 16:55:00,0.1547,0.1551,0.1546,0.1551,460973.1
2026-07-01 17:00:00,0.1551,0.1552,0.1543,0.1544,831850.1
2026-07-01 17:05:00,0.1544,0.1545,0.1539,0.1542,2032487.5
2026-07-01 17:10:00,0.1542,0.1543,0.1539,0.154,817209.8
2026-07-01 17:15:00,0.154,0.1544,0.154,0.1543,632585.6
2026-07-01 17:20:00,0.1543,0.1548,0.1543,0.1548,759332.6
2026-07-01 17:25:00,0.1548,0.1549,0.1545,0.1546,516514.6
2026-07-01 17:30:00,0.1545,0.1547,0.1542,0.1544,939160.9
2026-07-01 17:35:00,0.1543,0.1545,0.1542,0.1542,279986.3
2026-07-01 17:40:00,0.1543,0.1544,0.1542,0.1542,298858.4
2026-07-01 17:45:00,0.1543,0.1549,0.1542,0.1547,611665.8
2026-07-01 17:50:00,0.1546,0.1551,0.1546,0.155,555888.2
2026-07-01 17:55:00,0.155,0.1551,0.1548,0.1549,181282.6
2026-07-01 18:00:00,0.1548,0.155,0.1548,0.155,335451.8
2026-07-01 18:05:00,0.155,0.155,0.1545,0.1548,170907.9
2026-07-01 18:10:00,0.1548,0.1548,0.1542,0.1545,476721.4
2026-07-01 18:15:00,0.1545,0.1546,0.1542,0.1545,667568.6
2026-07-01 18:20:00,0.1545,0.1546,0.1541,0.1546,976451.8
2026-07-01 18:25:00,0.1546,0.1547,0.1545,0.1546,270261.5
2026-07-01 18:30:00,0.1545,0.1546,0.1543,0.1546,91587.6
2026-07-01 18:35:00,0.1545,0.1546,0.1541,0.1543,240862.1
2026-07-01 18:40:00,0.1543,0.1544,0.1541,0.1544,333905.4
2026-07-01 18:45:00,0.1544,0.1544,0.1539,0.1541,213495.5
2026-07-01 18:50:00,0.1542,0.1543,0.1536,0.1538,618795.0
2026-07-01 18:55:00,0.1538,0.1541,0.1538,0.1541,148402.5
2026-07-01 19:00:00,0.1541,0.1545,0.154,0.1544,317249.3
2026-07-01 19:05:00,0.1545,0.1546,0.1544,0.1545,60689.0
2026-07-01 19:10:00,0.1546,0.1548,0.1545,0.1546,536464.0
2026-07-01 19:15:00,0.1546,0.1548,0.1545,0.1545,149090.5
2026-07-01 19:20:00,0.1546,0.1546,0.154,0.1541,282176.5
2026-07-01 19:25:00,0.154,0.1543,0.1535,0.1535,454425.6
2026-07-01 19:30:00,0.1535,0.1536,0.153,0.1534,985499.9
2026-07-01 19:35:00,0.1534,0.1535,0.1532,0.1534,362925.5
2026-07-01 19:40:00,0.1534,0.1534,0.153,0.1531,364561.5
2026-07-01 19:45:00,0.1532,0.1532,0.1528,0.1531,265384.3
2026-07-01 19:50:00,0.1532,0.1535,0.1529,0.153,543238.1
2026-07-01 19:55:00,0.1529,0.1535,0.1527,0.1534,397474.4
2026-07-01 20:00:00,0.1535,0.1537,0.1531,0.1535,786059.0
2026-07-01 20:05:00,0.1536,0.1537,0.1533,0.1535,395462.1
2026-07-01 20:10:00,0.1534,0.1538,0.1534,0.1537,323929.4
2026-07-01 20:15:00,0.1537,0.1537,0.1531,0.1531,238361.1
2026-07-01 20:20:00,0.1531,0.1534,0.1529,0.1533,400764.6
2026-07-01 20:25:00,0.1533,0.1536,0.1533,0.1536,539993.9
2026-07-01 20:30:00,0.1535,0.1536,0.1534,0.1535,322194.2
2026-07-01 20:35:00,0.1535,0.1535,0.1532,0.1533,119275.0
2026-07-01 20:40:00,0.1533,0.1537,0.1533,0.1537,664860.5
2026-07-01 20:45:00,0.1538,0.1541,0.1537,0.154,402512.7
2026-07-01 20:50:00,0.1539,0.1539,0.1537,0.1539,170271.2
2026-07-01 20:55:00,0.1539,0.1541,0.1538,0.1541,190754.7
2026-07-01 21:00:00,0.1541,0.1545,0.154,0.1545,472938.8
2026-07-01 21:05:00,0.1545,0.1548,0.1544,0.1546,296907.3
2026-07-01 21:10:00,0.1546,0.1554,0.1545,0.1551,718188.9
2026-07-01 21:15:00,0.1551,0.1556,0.1548,0.1554,503628.7
2026-07-01 21:20:00,0.1554,0.1557,0.1554,0.1556,280912.5
2026-07-01 21:25:00,0.1555,0.156,0.1553,0.1559,370092.4
2026-07-01 21:30:00,0.156,0.1576,0.1559,0.1575,901078.2
2026-07-01 21:35:00,0.1576,0.1576,0.1571,0.1572,305606.1
2026-07-01 21:40:00,0.1571,0.1574,0.1565,0.1573,573807.0
2026-07-01 21:45:00,0.1574,0.1576,0.1573,0.1576,224309.9
2026-07-01 21:50:00,0.1575,0.158,0.1572,0.1575,720923.9
2026-07-01 21:55:00,0.1575,0.1579,0.1574,0.1574,442233.7
2026-07-01 22:00:00,0.1574,0.1579,0.1573,0.1573,422502.9
2026-07-01 22:05:00,0.1573,0.1573,0.1567,0.1568,355878.1
2026-07-01 22:10:00,0.1568,0.1573,0.1568,0.1569,1067483.0
2026-07-01 22:15:00,0.1568,0.1568,0.1565,0.1566,823707.6
2026-07-01 22:20:00,0.1566,0.1579,0.1566,0.157,4813528.3
2026-07-01 22:25:00,0.157,0.1573,0.156,0.1562,1991908.5
2026-07-01 22:30:00,0.1562,0.1565,0.1562,0.1563,308231.5
2026-07-01 22:35:00,0.1562,0.1563,0.156,0.1562,168208.1
2026-07-01 22:40:00,0.1562,0.1565,0.1561,0.1562,501567.0
2026-07-01 22:45:00,0.1561,0.1562,0.1558,0.156,315947.2
2026-07-01 22:50:00,0.156,0.156,0.1557,0.1558,366956.5
2026-07-01 22:55:00,0.1558,0.1562,0.1557,0.1559,189654.1
2026-07-01 23:00:00,0.1559,0.1559,0.155,0.1554,596791.6
2026-07-01 23:05:00,0.1554,0.1555,0.1551,0.1553,459191.0
2026-07-01 23:10:00,0.1553,0.1554,0.1548,0.1551,189810.2
2026-07-01 23:15:00,0.1552,0.1552,0.1548,0.1551,499787.5
2026-07-01 23:20:00,0.1551,0.1551,0.1549,0.155,197689.0
2026-07-01 23:25:00,0.155,0.1551,0.1546,0.1548,192133.1
2026-07-01 23:30:00,0.1548,0.1549,0.1544,0.1545,266436.8
2026-07-01 23:35:00,0.1545,0.1546,0.1541,0.1544,263014.4
2026-07-01 23:40:00,0.1544,0.1547,0.1543,0.1543,317637.0
2026-07-01 23:45:00,0.1544,0.1545,0.1541,0.1542,1219539.4
2026-07-01 23:50:00,0.1543,0.1544,0.1539,0.1543,407775.2
2026-07-01 23:55:00,0.1543,0.1544,0.1539,0.1539,209079.8
2026-07-02 00:00:00,0.1539,0.1541,0.1536,0.1536,918071.4
2026-07-02 00:05:00,0.1536,0.1539,0.1535,0.1537,572713.2
2026-07-02 00:10:00,0.1537,0.1539,0.1534,0.1536,480777.3
2026-07-02 00:15:00,0.1535,0.1537,0.153,0.153,392335.1
2026-07-02 00:20:00,0.1531,0.1537,0.153,0.1536,237587.4
2026-07-02 00:25:00,0.1537,0.1538,0.1532,0.1534,537134.1
2026-07-02 00:30:00,0.1533,0.1533,0.1529,0.153,555227.3
2026-07-02 00:35:00,0.1531,0.1532,0.1528,0.1529,318422.0
2026-07-02 00:40:00,0.1529,0.153,0.1526,0.1527,413483.2
2026-07-02 00:45:00,0.1528,0.153,0.1527,0.153,108129.0
2026-07-02 00:50:00,0.1531,0.1533,0.1527,0.1531,749497.5
2026-07-02 00:55:00,0.1531,0.1532,0.1529,0.153,293618.8
2026-07-02 01:00:00,0.1531,0.1533,0.153,0.1531,414159.5
2026-07-02 01:05:00,0.1531,0.1534,0.153,0.1534,127821.7
2026-07-02 01:10:00,0.1534,0.1539,0.1533,0.1539,316013.4
2026-07-02 01:15:00,0.1539,0.154,0.1536,0.1539,177727.9
2026-07-02 01:20:00,0.154,0.1541,0.1536,0.1538,220833.9
2026-07-02 01:25:00,0.1539,0.1541,0.1538,0.1539,165907.6
2026-07-02 01:30:00,0.154,0.1547,0.154,0.1546,458625.6
2026-07-02 01:35:00,0.1546,0.1549,0.1545,0.1549,230882.3
2026-07-02 01:40:00,0.1549,0.1554,0.1546,0.1549,199733.9
2026-07-02 01:45:00,0.1548,0.1554,0.1547,0.1553,683455.6
2026-07-02 01:50:00,0.1553,0.1553,0.1547,0.1547,1191727.3
2026-07-02 01:55:00,0.1548,0.1548,0.1546,0.1547,251286.4
2026-07-02 02:00:00,0.1547,0.1552,0.1544,0.1552,1398154.9
2026-07-02 02:05:00,0.1551,0.1553,0.1548,0.1549,950804.1
2026-07-02 02:10:00,0.1548,0.1548,0.1543,0.1545,1628962.2
2026-07-02 02:15:00,0.1546,0.1549,0.1545,0.1549,286692.7
2026-07-02 02:20:00,0.1549,0.1549,0.1545,0.1545,210676.2
2026-07-02 02:25:00,0.1546,0.1546,0.1542,0.1543,138735.6
2026-07-02 02:30:00,0.1543,0.1546,0.1542,0.1546,555243.4
2026-07-02 02:35:00,0.1546,0.155,0.1546,0.1548,514198.7
2026-07-02 02:40:00,0.1548,0.1551,0.1547,0.1551,352331.9
2026-07-02 02:45:00,0.1551,0.1551,0.1547,0.1547,336472.0
2026-07-02 02:50:00,0.1546,0.1547,0.1544,0.1545,768525.3
2026-07-02 02:55:00,0.1546,0.1548,0.1545,0.1547,266623.0
2026-07-02 03:00:00,0.1547,0.1548,0.1543,0.1544,407852.1
2026-07-02 03:05:00,0.1544,0.1544,0.1541,0.1543,637280.4
2026-07-02 03:10:00,0.1542,0.1544,0.1541,0.1544,337866.0
2026-07-02 03:15:00,0.1544,0.1544,0.1541,0.1541,962094.8
2026-07-02 03:20:00,0.1542,0.1542,0.1538,0.1538,274923.5
2026-07-02 03:25:00,0.1538,0.1554,0.1538,0.155,3346952.5
2026-07-02 03:30:00,0.1549,0.1551,0.1547,0.155,580976.9
2026-07-02 03:35:00,0.1551,0.1556,0.1548,0.1556,1087034.6
2026-07-02 03:40:00,0.1556,0.1559,0.1555,0.1557,746778.1
2026-07-02 03:45:00,0.1557,0.1559,0.1554,0.1557,303301.5
2026-07-02 03:50:00,0.1558,0.1566,0.1558,0.1562,1359013.6
2026-07-02 03:55:00,0.1562,0.1565,0.1558,0.1563,1224025.3
2026-07-02 04:00:00,0.1563,0.1563,0.1557,0.1557,277929.4
2026-07-02 04:05:00,0.1557,0.1557,0.1552,0.1556,934568.4
2026-07-02 04:10:00,0.1555,0.1556,0.1554,0.1555,160806.9
2026-07-02 04:15:00,0.1555,0.1555,0.155,0.1551,177926.3
2026-07-02 04:20:00,0.1551,0.1552,0.1548,0.1548,236653.1
2026-07-02 04:25:00,0.1548,0.1551,0.1548,0.1551,268495.7
2026-07-02 04:30:00,0.155,0.155,0.1548,0.155,127746.3
2026-07-02 04:35:00,0.155,0.1552,0.155,0.1551,281417.0
2026-07-02 04:40:00,0.155,0.1556,0.1549,0.1555,1005286.1
2026-07-02 04:45:00,0.1556,0.1557,0.1555,0.1555,257892.6
2026-07-02 04:50:00,0.1556,0.156,0.1555,0.1559,610754.5
2026-07-02 04:55:00,0.1559,0.1561,0.1558,0.156,143451.1
2026-07-02 05:00:00,0.156,0.156,0.1556,0.1557,143357.4
2026-07-02 05:05:00,0.1557,0.1559,0.1556,0.1559,73849.4
2026-07-02 05:10:00,0.1559,0.1559,0.1557,0.1559,134213.8
2026-07-02 05:15:00,0.1558,0.1559,0.1556,0.1556,94805.5
2026-07-02 05:20:00,0.1556,0.1556,0.1552,0.1552,54085.1
2026-07-02 05:25:00,0.1552,0.1552,0.155,0.155,60881.1
2026-07-02 05:30:00,0.155,0.1551,0.1548,0.1551,203921.4
2026-07-02 05:35:00,0.155,0.1551,0.1546,0.1548,245920.7
2026-07-02 05:40:00,0.1547,0.1549,0.1543,0.1544,353179.8
2026-07-02 05:45:00,0.1545,0.1546,0.1543,0.1544,161895.7
2026-07-02 05:50:00,0.1545,0.1547,0.1544,0.1547,55872.7
2026-07-02 05:55:00,0.1547,0.1548,0.1544,0.1544,196574.6
2026-07-02 06:00:00,0.1545,0.1546,0.1542,0.1542,163596.6
2026-07-02 06:05:00,0.1542,0.1544,0.1542,0.1543,164134.0
2026-07-02 06:10:00,0.1542,0.1545,0.1542,0.1544,174400.0
2026-07-02 06:15:00,0.1544,0.1549,0.1544,0.1548,310176.0
2026-07-02 06:20:00,0.1549,0.1551,0.1547,0.1547,304643.0
2026-07-02 06:25:00,0.1547,0.1549,0.1547,0.1547,228395.2
2026-07-02 06:30:00,0.1548,0.1554,0.1548,0.1553,175833.2
2026-07-02 06:35:00,0.1554,0.1555,0.1552,0.1554,83647.5
2026-07-02 06:40:00,0.1555,0.1558,0.1555,0.1558,152418.2
2026-07-02 06:45:00,0.1557,0.1557,0.1548,0.155,715025.6
2026-07-02 06:50:00,0.1549,0.1549,0.1544,0.1548,352876.2
2026-07-02 06:55:00,0.1548,0.1549,0.1546,0.1547,247367.8
2026-07-02 07:00:00,0.1546,0.1549,0.1545,0.1546,107293.9
2026-07-02 07:05:00,0.1545,0.1548,0.1545,0.1547,124138.5
2026-07-02 07:10:00,0.1547,0.1548,0.1545,0.1547,382729.4
2026-07-02 07:15:00,0.1547,0.155,0.1547,0.1548,293929.8
2026-07-02 07:20:00,0.1548,0.1549,0.1547,0.1547,469053.6
2026-07-02 07:25:00,0.1547,0.155,0.1544,0.1549,149515.6
2026-07-02 07:30:00,0.1549,0.1556,0.1548,0.1555,1323253.3
2026-07-02 07:35:00,0.1555,0.1558,0.1554,0.1558,294603.3
2026-07-02 07:40:00,0.1558,0.1559,0.1556,0.1558,515862.4
2026-07-02 07:45:00,0.1557,0.1558,0.1552,0.1554,402396.1
2026-07-02 07:50:00,0.1554,0.1555,0.1552,0.1552,166496.8
2026-07-02 07:55:00,0.1552,0.1553,0.1549,0.1551,784444.0
2026-07-02 08:00:00,0.1552,0.1555,0.1549,0.1555,494858.7
2026-07-02 08:05:00,0.1555,0.1563,0.1555,0.1561,2981144.3
2026-07-02 08:10:00,0.1561,0.1561,0.1555,0.1558,1065335.7
2026-07-02 08:15:00,0.1558,0.1559,0.1557,0.1559,136618.0
2026-07-02 08:20:00,0.1559,0.1561,0.1558,0.156,39064.2
2026-07-02 08:25:00,0.1561,0.1562,0.156,0.156,358751.3
2026-07-02 08:30:00,0.1559,0.1563,0.1557,0.1562,840180.5
2026-07-02 08:35:00,0.1563,0.1566,0.1561,0.1565,2344573.3
2026-07-02 08:40:00,0.1565,0.1566,0.1564,0.1565,67679.7
2026-07-02 08:45:00,0.1565,0.1568,0.1564,0.1566,595180.5
2026-07-02 08:50:00,0.1566,0.1566,0.1563,0.1566,163521.1
2026-07-02 08:55:00,0.1566,0.1567,0.1566,0.1566,22992.9
2026-07-02 09:00:00,0.1566,0.1567,0.1562,0.1563,329530.6
2026-07-02 09:05:00,0.1563,0.1563,0.1558,0.1559,733847.6
2026-07-02 09:10:00,0.156,0.1561,0.1557,0.1558,397631.6
2026-07-02 09:15:00,0.1558,0.156,0.1558,0.1559,324471.6
2026-07-02 09:20:00,0.156,0.1563,0.156,0.1561,133096.1
2026-07-02 09:25:00,0.156,0.1566,0.156,0.1564,268439.9
2026-07-02 09:30:00,0.1565,0.1575,0.1564,0.1572,931955.7
2026-07-02 09:35:00,0.1572,0.1582,0.1572,0.158,1818771.3
2026-07-02 09:40:00,0.158,0.1585,0.1576,0.1578,1259198.7
2026-07-02 09:45:00,0.1577,0.1577,0.1571,0.1575,825387.8
2026-07-02 09:50:00,0.1574,0.1582,0.1573,0.158,677610.1
2026-07-02 09:55:00,0.158,0.1583,0.1577,0.1578,743398.0
2026-07-02 10:00:00,0.1577,0.158,0.1576,0.1579,326393.5
2026-07-02 10:05:00,0.1578,0.1582,0.1577,0.1578,309929.8
2026-07-02 10:10:00,0.1578,0.1584,0.1578,0.158,629108.5
2026-07-02 10:15:00,0.158,0.1581,0.1577,0.1579,891881.7
2026-07-02 10:20:00,0.1578,0.158,0.1577,0.158,415864.5
2026-07-02 10:25:00,0.158,0.1583,0.1579,0.1583,734754.5
2026-07-02 10:30:00,0.1584,0.1593,0.1584,0.1593,1784551.8
2026-07-02 10:35:00,0.1593,0.1594,0.1588,0.159,746200.9
2026-07-02 10:40:00,0.159,0.1591,0.1585,0.1586,279132.8
2026-07-02 10:45:00,0.1585,0.1592,0.1583,0.1589,372788.9
2026-07-02 10:50:00,0.159,0.1591,0.1586,0.1591,668617.3
2026-07-02 10:55:00,0.159,0.1593,0.1589,0.1591,222714.3
2026-07-02 11:00:00,0.1592,0.1593,0.1589,0.1591,647933.2
2026-07-02 11:05:00,0.159,0.1592,0.1589,0.1591,844316.3
2026-07-02 11:10:00,0.1592,0.1599,0.1592,0.1594,935990.3
2026-07-02 11:15:00,0.1593,0.1594,0.159,0.159,293592.0
2026-07-02 11:20:00,0.159,0.1597,0.1587,0.1595,1000534.0
2026-07-02 11:25:00,0.1594,0.1594,0.1591,0.1594,731119.9
2026-07-02 11:30:00,0.1595,0.1598,0.1594,0.1596,298154.5
2026-07-02 11:35:00,0.1596,0.1597,0.1593,0.1596,898930.1
2026-07-02 11:40:00,0.1597,0.16,0.1595,0.1599,1735672.7
2026-07-02 11:45:00,0.1599,0.1603,0.1592,0.1593,2212289.8
2026-07-02 11:50:00,0.1593,0.1595,0.1591,0.1594,1092676.3
2026-07-02 11:55:00,0.1594,0.1597,0.1589,0.1597,867321.1
2026-07-02 12:00:00,0.1596,0.1599,0.1594,0.1598,753446.8
2026-07-02 12:05:00,0.1598,0.1602,0.1598,0.1599,393227.2
2026-07-02 12:10:00,0.16,0.1613,0.16,0.1612,1268260.2
2026-07-02 12:15:00,0.1613,0.1614,0.1596,0.1597,1555520.6
2026-07-02 12:20:00,0.1597,0.1603,0.1596,0.1601,351070.7
2026-07-02 12:25:00,0.16,0.1606,0.16,0.1605,666925.0
2026-07-02 12:30:00,0.1606,0.1618,0.1605,0.1609,4687644.4
2026-07-02 12:35:00,0.1609,0.1612,0.1607,0.161,537887.9
2026-07-02 12:40:00,0.1609,0.1611,0.1605,0.1607,714129.4
2026-07-02 12:45:00,0.1607,0.1609,0.1605,0.1608,383506.9
2026-07-02 12:50:00,0.1608,0.161,0.1606,0.1609,283437.4
2026-07-02 12:55:00,0.1609,0.1609,0.1602,0.1603,425086.3
2026-07-02 13:00:00,0.1603,0.1607,0.1599,0.16,867831.9
2026-07-02 13:05:00,0.1601,0.1609,0.16,0.1608,506107.0
2026-07-02 13:10:00,0.1608,0.1611,0.1606,0.1608,385152.5
2026-07-02 13:15:00,0.1609,0.1614,0.1609,0.1611,562789.6
2026-07-02 13:20:00,0.1612,0.1619,0.161,0.1618,631959.3
2026-07-02 13:25:00,0.1618,0.1624,0.1608,0.1609,1515059.4
2026-07-02 13:30:00,0.161,0.1628,0.1605,0.1627,1124715.2
2026-07-02 13:35:00,0.1626,0.1627,0.162,0.1623,1484194.7
2026-07-02 13:40:00,0.1623,0.1625,0.1618,0.1621,712139.7
2026-07-02 13:45:00,0.162,0.1621,0.1616,0.1619,579013.6
2026-07-02 13:50:00,0.1619,0.1622,0.1617,0.162,411167.7
2026-07-02 13:55:00,0.1619,0.162,0.1617,0.1618,180434.0
2026-07-02 14:00:00,0.1619,0.1623,0.1613,0.1615,961673.8
2026-07-02 14:05:00,0.1616,0.1617,0.1612,0.1612,229737.5
2026-07-02 14:10:00,0.1612,0.1624,0.161,0.1621,1065802.0
2026-07-02 14:15:00,0.162,0.1622,0.1605,0.1606,664462.5
2026-07-02 14:20:00,0.1606,0.1609,0.16,0.1605,1331989.3
2026-07-02 14:25:00,0.1604,0.1605,0.1599,0.1601,539184.1
2026-07-02 14:30:00,0.1601,0.1607,0.1599,0.1599,909443.0
2026-07-02 14:35:00,0.1599,0.1602,0.1595,0.1598,976572.7
2026-07-02 14:40:00,0.1597,0.16,0.1596,0.1597,441242.8
2026-07-02 14:45:00,0.1597,0.1603,0.1595,0.1603,462624.1
2026-07-02 14:50:00,0.1603,0.1605,0.1597,0.1598,440231.3
2026-07-02 14:55:00,0.1598,0.16,0.1596,0.16,307424.9
2026-07-02 15:00:00,0.16,0.16,0.1592,0.1594,322503.1
2026-07-02 15:05:00,0.1594,0.1595,0.1587,0.1594,480973.5
2026-07-02 15:10:00,0.1594,0.1597,0.1592,0.1595,400384.7
2026-07-02 15:15:00,0.1596,0.1598,0.1592,0.1594,662030.6
2026-07-02 15:20:00,0.1594,0.1602,0.1593,0.1601,466509.9
2026-07-02 15:25:00,0.1601,0.1606,0.1601,0.1602,341832.6
2026-07-02 15:30:00,0.1602,0.1609,0.1602,0.1609,268534.8
2026-07-02 15:35:00,0.161,0.1611,0.1606,0.1609,392170.2
2026-07-02 15:40:00,0.1608,0.1613,0.1608,0.1608,625573.6
2026-07-02 15:45:00,0.1609,0.161,0.1607,0.1607,389608.0
2026-07-02 15:50:00,0.1606,0.1609,0.1604,0.1608,255123.3
2026-07-02 15:55:00,0.1608,0.1609,0.1607,0.1608,100982.5
2026-07-02 16:00:00,0.1608,0.1614,0.1604,0.1613,490704.5
2026-07-02 16:05:00,0.1613,0.1627,0.1612,0.1618,2774141.0
2026-07-02 16:10:00,0.1618,0.1619,0.1611,0.1612,868056.4
2026-07-02 16:15:00,0.1612,0.1612,0.1604,0.1604,686844.6
2026-07-02 16:20:00,0.1604,0.1605,0.1597,0.16,999597.4
2026-07-02 16:25:00,0.16,0.1602,0.1594,0.1595,1144074.2
2026-07-02 16:30:00,0.1596,0.1602,0.1596,0.16,627970.0
2026-07-02 16:35:00,0.1599,0.1601,0.1598,0.1599,222186.9
2026-07-02 16:40:00,0.1599,0.1602,0.1598,0.16,308446.0
2026-07-02 16:45:00,0.16,0.1606,0.1599,0.1604,1157801.6
2026-07-02 16:50:00,0.1604,0.1606,0.1601,0.1602,345564.0
2026-07-02 16:55:00,0.1602,0.1602,0.1599,0.1599,184448.0
2026-07-02 17:00:00,0.1599,0.1601,0.1597,0.1598,465393.8
2026-07-02 17:05:00,0.1598,0.1602,0.1596,0.1599,285546.9
2026-07-02 17:10:00,0.1599,0.1601,0.1598,0.16,228989.8
2026-07-02 17:15:00,0.1601,0.1601,0.1597,0.1598,160878.4
2026-07-02 17:20:00,0.1598,0.1601,0.1597,0.1598,1084895.3
2026-07-02 17:25:00,0.1598,0.16,0.1598,0.1598,204885.7
2026-07-02 17:30:00,0.1598,0.1599,0.1594,0.1595,315074.7
2026-07-02 17:35:00,0.1595,0.1595,0.1589,0.1594,438068.4
2026-07-02 17:40:00,0.1594,0.1596,0.1593,0.1595,157173.6
2026-07-02 17:45:00,0.1596,0.1596,0.1589,0.1591,208280.7
2026-07-02 17:50:00,0.1592,0.1596,0.1589,0.1593,975371.5
2026-07-02 17:55:00,0.1592,0.1593,0.159,0.159,163092.6
2026-07-02 18:00:00,0.159,0.1595,0.1589,0.1592,321390.8
2026-07-02 18:05:00,0.1593,0.1598,0.1593,0.1597,262532.6
2026-07-02 18:10:00,0.1597,0.1598,0.1596,0.1598,220011.8
2026-07-02 18:15:00,0.1597,0.1597,0.1594,0.1595,387336.9
2026-07-02 18:20:00,0.1596,0.1597,0.1595,0.1596,281594.9
2026-07-02 18:25:00,0.1595,0.1598,0.1595,0.1598,272380.5
2026-07-02 18:30:00,0.1598,0.1599,0.1596,0.1596,464936.0
2026-07-02 18:35:00,0.1597,0.1599,0.1595,0.1598,62451.1
2026-07-02 18:40:00,0.1598,0.1599,0.1597,0.1598,162663.4
2026-07-02 18:45:00,0.1598,0.1599,0.1596,0.1597,281035.6
2026-07-02 18:50:00,0.1597,0.1611,0.1597,0.16,3349168.9
2026-07-02 18:55:00,0.16,0.16,0.1596,0.1597,237712.4
2026-07-02 19:00:00,0.1598,0.1599,0.1596,0.1596,221992.4
2026-07-02 19:05:00,0.1596,0.1596,0.1593,0.1593,140363.1
2026-07-02 19:10:00,0.1593,0.1596,0.1592,0.1596,340098.6
2026-07-02 19:15:00,0.1596,0.1596,0.1589,0.159,671801.1
2026-07-02 19:20:00,0.159,0.1592,0.1589,0.1591,364793.2
2026-07-02 19:25:00,0.1592,0.1592,0.159,0.1591,127661.2
2026-07-02 19:30:00,0.1591,0.1594,0.1591,0.1592,61884.1
2026-07-02 19:35:00,0.1593,0.1593,0.1591,0.1593,213192.1
2026-07-02 19:40:00,0.1593,0.1597,0.1593,0.1595,46438.9
2026-07-02 19:45:00,0.1595,0.1598,0.1595,0.1597,209912.0
2026-07-02 19:50:00,0.1597,0.1603,0.1597,0.16,881781.2
2026-07-02 19:55:00,0.1599,0.1599,0.1596,0.1597,239139.7
2026-07-02 20:00:00,0.1598,0.1599,0.1596,0.1598,369059.6
2026-07-02 20:05:00,0.1598,0.1602,0.1597,0.16,460537.1
2026-07-02 20:10:00,0.16,0.1603,0.1599,0.1602,32718.7
2026-07-02 20:15:00,0.1603,0.161,0.1603,0.1608,700778.4
2026-07-02 20:20:00,0.1607,0.1608,0.1603,0.1603,288159.6
2026-07-02 20:25:00,0.1603,0.1608,0.1603,0.1605,2036882.5
2026-07-02 20:30:00,0.1606,0.1621,0.1606,0.1616,2092237.9
2026-07-02 20:35:00,0.1616,0.1617,0.1614,0.1616,460823.9
2026-07-02 20:40:00,0.1616,0.1619,0.1615,0.1616,721860.8
2026-07-02 20:45:00,0.1615,0.1621,0.1615,0.162,1858985.6
2026-07-02 20:50:00,0.1621,0.1621,0.1615,0.1616,266674.7
2026-07-02 20:55:00,0.1615,0.1619,0.1612,0.1612,1059398.1
2026-07-02 21:00:00,0.1613,0.1614,0.1612,0.1613,546044.6
2026-07-02 21:05:00,0.1613,0.1613,0.1611,0.1611,52976.7
2026-07-02 21:10:00,0.1612,0.1618,0.1611,0.1617,373218.2
2026-07-02 21:15:00,0.1618,0.1619,0.1615,0.1616,106305.6
2026-07-02 21:20:00,0.1615,0.1619,0.1615,0.1619,126899.4
2026-07-02 21:25:00,0.1618,0.1619,0.1616,0.1616,113968.0
2026-07-02 21:30:00,0.1616,0.1617,0.1615,0.1615,182871.0
2026-07-02 21:35:00,0.1615,0.1616,0.1614,0.1615,181261.2
2026-07-02 21:40:00,0.1615,0.1615,0.1606,0.1608,220698.7
2026-07-02 21:45:00,0.1607,0.1608,0.1606,0.1606,101470.5
2026-07-02 21:50:00,0.1606,0.161,0.1606,0.1608,123618.7
2026-07-02 21:55:00,0.1608,0.1611,0.1607,0.1611,178540.6
2026-07-02 22:00:00,0.161,0.1613,0.1608,0.161,289571.7
2026-07-02 22:05:00,0.161,0.1612,0.1607,0.1607,260035.4
2026-07-02 22:10:00,0.1607,0.1608,0.1606,0.1606,463389.7
2026-07-02 22:15:00,0.1606,0.1608,0.1606,0.1608,266267.0
2026-07-02 22:20:00,0.1608,0.1608,0.1605,0.1607,128684.4
2026-07-02 22:25:00,0.1607,0.1607,0.1607,0.1607,958.0
