timestamp,open,high,low,close,volume
2026-02-28 07:00:00,8.54,8.64,8.49,8.63,98833.65
2026-02-28 07:15:00,8.63,8.65,8.54,8.56,38801.16
2026-02-28 07:30:00,8.56,8.73,8.55,8.71,52418.05
2026-02-28 07:45:00,8.7,8.7,8.62,8.63,25062.61
2026-02-28 08:00:00,8.62,8.63,8.55,8.56,35648.61
2026-02-28 08:15:00,8.55,8.58,8.51,8.52,54923.6
2026-02-28 08:30:00,8.53,8.55,8.5,8.51,34134.97
2026-02-28 08:45:00,8.51,8.52,8.47,8.49,39188.84
2026-02-28 09:00:00,8.48,8.51,8.42,8.49,58213.18
2026-02-28 09:15:00,8.49,8.5,8.46,8.5,34951.25
2026-02-28 09:30:00,8.49,8.5,8.45,8.46,20779.3
2026-02-28 09:45:00,8.46,8.49,8.43,8.48,29105.26
2026-02-28 10:00:00,8.48,8.48,8.44,8.46,29515.95
2026-02-28 10:15:00,8.46,8.52,8.46,8.5,51904.24
2026-02-28 10:30:00,8.51,8.56,8.5,8.53,17811.15
2026-02-28 10:45:00,8.53,8.53,8.5,8.51,20662.09
2026-02-28 11:00:00,8.51,8.55,8.5,8.53,27457.92
2026-02-28 11:15:00,8.53,8.56,8.5,8.55,15261.5
2026-02-28 11:30:00,8.55,8.57,8.52,8.52,16883.63
2026-02-28 11:45:00,8.52,8.54,8.47,8.47,30632.81
2026-02-28 12:00:00,8.47,8.51,8.46,8.49,43558.62
2026-02-28 12:15:00,8.49,8.51,8.47,8.5,65312.92
2026-02-28 12:30:00,8.5,8.51,8.49,8.49,48190.75
2026-02-28 12:45:00,8.5,8.52,8.48,8.51,42309.24
2026-02-28 13:00:00,8.51,8.56,8.5,8.56,24372.26
2026-02-28 13:15:00,8.55,8.58,8.52,8.52,27940.98
2026-02-28 13:30:00,8.53,8.54,8.49,8.52,20517.02
2026-02-28 13:45:00,8.52,8.71,8.52,8.7,195025.81
2026-02-28 14:00:00,8.7,8.75,8.64,8.66,88173.12
2026-02-28 14:15:00,8.66,8.7,8.63,8.67,79446.2
2026-02-28 14:30:00,8.67,8.71,8.63,8.68,42831.27
2026-02-28 14:45:00,8.68,8.7,8.58,8.6,72726.79
2026-02-28 15:00:00,8.61,8.63,8.55,8.56,30081.72
2026-02-28 15:15:00,8.56,8.67,8.56,8.65,38539.04
2026-02-28 15:30:00,8.64,8.66,8.61,8.64,28809.07
2026-02-28 15:45:00,8.64,8.65,8.62,8.64,8009.99
2026-02-28 16:00:00,8.63,8.66,8.61,8.65,16127.3
2026-02-28 16:15:00,8.65,8.66,8.62,8.65,13658.86
2026-02-28 16:30:00,8.65,8.69,8.62,8.68,18635.52
2026-02-28 16:45:00,8.68,8.69,8.65,8.68,19073.52
2026-02-28 17:00:00,8.68,8.69,8.64,8.65,22529.92
2026-02-28 17:15:00,8.65,8.7,8.64,8.7,51025.82
2026-02-28 17:30:00,8.69,8.72,8.65,8.65,59596.28
2026-02-28 17:45:00,8.66,8.75,8.64,8.73,31909.9
2026-02-28 18:00:00,8.73,8.75,8.71,8.73,15340.5
2026-02-28 18:15:00,8.74,8.75,8.72,8.74,12283.76
2026-02-28 18:30:00,8.74,8.86,8.74,8.84,76867.77
2026-02-28 18:45:00,8.85,8.96,8.85,8.89,73607.92
2026-02-28 19:00:00,8.9,8.91,8.82,8.85,39211.33
2026-02-28 19:15:00,8.85,8.87,8.84,8.86,33987.79
2026-02-28 19:30:00,8.85,8.99,8.85,8.94,103954.22
2026-02-28 19:45:00,8.94,8.96,8.91,8.94,96504.9
2026-02-28 20:00:00,8.93,9.03,8.91,9.0,127180.96
2026-02-28 20:15:00,9.01,9.13,9.0,9.09,161777.78
2026-02-28 20:30:00,9.09,9.12,9.06,9.11,66413.72
2026-02-28 20:45:00,9.11,9.17,9.1,9.15,78107.07
2026-02-28 21:00:00,9.15,9.19,9.08,9.16,73358.75
2026-02-28 21:15:00,9.15,9.16,9.12,9.13,74653.59
2026-02-28 21:30:00,9.13,9.18,9.1,9.13,71683.26
2026-02-28 21:45:00,9.13,9.16,9.12,9.13,28727.49
2026-02-28 22:00:00,9.13,9.16,9.12,9.14,26751.15
2026-02-28 22:15:00,9.13,9.22,9.13,9.2,89130.54
2026-02-28 22:30:00,9.2,9.27,9.18,9.19,123539.76
2026-02-28 22:45:00,9.19,9.23,9.18,9.2,59848.48
2026-02-28 23:00:00,9.2,9.21,9.17,9.18,31350.15
2026-02-28 23:15:00,9.18,9.19,9.13,9.15,97174.31
2026-02-28 23:30:00,9.15,9.16,9.12,9.14,26090.57
2026-02-28 23:45:00,9.14,9.18,9.13,9.16,71423.49
2026-03-01 00:00:00,9.17,9.22,9.17,9.19,74811.64
2026-03-01 00:15:00,9.19,9.22,9.18,9.19,37282.49
2026-03-01 00:30:00,9.18,9.2,9.15,9.17,15100.71
2026-03-01 00:45:00,9.17,9.18,9.13,9.14,22512.53
2026-03-01 01:00:00,9.13,9.13,9.05,9.07,74922.53
2026-03-01 01:15:00,9.07,9.14,9.06,9.13,31731.19
2026-03-01 01:30:00,9.13,9.21,9.1,9.18,34681.9
2026-03-01 01:45:00,9.19,9.34,9.19,9.27,110296.2
2026-03-01 02:00:00,9.26,9.41,9.26,9.39,123197.89
2026-03-01 02:15:00,9.39,9.43,9.34,9.37,77620.64
2026-03-01 02:30:00,9.37,9.38,9.34,9.38,53690.0
2026-03-01 02:45:00,9.38,9.39,9.33,9.35,54910.14
2026-03-01 03:00:00,9.35,9.38,9.31,9.31,40181.64
2026-03-01 03:15:00,9.31,9.32,9.27,9.29,75242.76
2026-03-01 03:30:00,9.29,9.29,9.26,9.28,14682.75
2026-03-01 03:45:00,9.28,9.29,9.23,9.26,36182.99
2026-03-01 04:00:00,9.26,9.29,9.24,9.24,21033.97
2026-03-01 04:15:00,9.24,9.25,9.18,9.23,49875.4
2026-03-01 04:30:00,9.23,9.27,9.23,9.26,14242.8
2026-03-01 04:45:00,9.26,9.27,9.25,9.26,12979.36
2026-03-01 05:00:00,9.27,9.31,9.26,9.26,23998.5
2026-03-01 05:15:00,9.26,9.3,9.26,9.28,10738.31
2026-03-01 05:30:00,9.29,9.3,9.28,9.28,7533.51
2026-03-01 05:45:00,9.28,9.3,9.26,9.26,10536.27
2026-03-01 06:00:00,9.27,9.27,9.18,9.2,30299.06
2026-03-01 06:15:00,9.21,9.25,9.21,9.22,18615.03
2026-03-01 06:30:00,9.22,9.22,9.16,9.19,25123.5
2026-03-01 06:45:00,9.19,9.21,9.16,9.18,11355.44
2026-03-01 07:00:00,9.18,9.21,9.16,9.2,9290.66
2026-03-01 07:15:00,9.2,9.22,9.18,9.19,4687.54
2026-03-01 07:30:00,9.19,9.23,9.17,9.21,23231.94
2026-03-01 07:45:00,9.21,9.24,9.21,9.22,13422.23
2026-03-01 08:00:00,9.22,9.26,9.19,9.26,41629.75
2026-03-01 08:15:00,9.26,9.26,9.2,9.23,102690.12
2026-03-01 08:30:00,9.23,9.25,9.21,9.21,23291.86
2026-03-01 08:45:00,9.22,9.23,9.12,9.14,93767.15
2026-03-01 09:00:00,9.14,9.19,9.1,9.18,37452.94
2026-03-01 09:15:00,9.18,9.23,9.18,9.19,33108.97
2026-03-01 09:30:00,9.19,9.19,9.14,9.15,24086.57
2026-03-01 09:45:00,9.15,9.16,9.13,9.14,49048.52
2026-03-01 10:00:00,9.14,9.16,9.1,9.14,35659.55
2026-03-01 10:15:00,9.14,9.15,9.12,9.13,7714.54
2026-03-01 10:30:00,9.14,9.2,9.13,9.15,28119.48
2026-03-01 10:45:00,9.16,9.18,9.15,9.16,20626.82
2026-03-01 11:00:00,9.17,9.18,9.15,9.15,12405.17
2026-03-01 11:15:00,9.16,9.18,9.16,9.16,16436.93
2026-03-01 11:30:00,9.17,9.17,9.12,9.12,13572.04
2026-03-01 11:45:00,9.13,9.13,9.11,9.12,11900.64
2026-03-01 12:00:00,9.12,9.15,9.12,9.12,16976.95
2026-03-01 12:15:00,9.13,9.15,9.11,9.11,10585.71
2026-03-01 12:30:00,9.11,9.13,9.08,9.1,22208.44
2026-03-01 12:45:00,9.1,9.11,9.06,9.07,31787.36
2026-03-01 13:00:00,9.07,9.09,9.06,9.07,14825.96
2026-03-01 13:15:00,9.07,9.09,9.03,9.06,39501.46
2026-03-01 13:30:00,9.06,9.06,9.04,9.04,11162.14
2026-03-01 13:45:00,9.05,9.22,9.04,9.16,144267.54
2026-03-01 14:00:00,9.16,9.24,9.14,9.2,49652.93
2026-03-01 14:15:00,9.2,9.2,9.13,9.16,22168.98
2026-03-01 14:30:00,9.16,9.19,9.11,9.13,27029.42
2026-03-01 14:45:00,9.13,9.16,9.12,9.14,12982.81
2026-03-01 15:00:00,9.14,9.18,9.13,9.17,38592.56
2026-03-01 15:15:00,9.17,9.2,9.15,9.16,53083.8
2026-03-01 15:30:00,9.17,9.21,9.17,9.18,27209.83
2026-03-01 15:45:00,9.18,9.2,9.13,9.13,30590.08
2026-03-01 16:00:00,9.13,9.17,9.11,9.14,30287.89
2026-03-01 16:15:00,9.14,9.16,9.11,9.15,21924.92
2026-03-01 16:30:00,9.15,9.16,9.13,9.13,14995.34
2026-03-01 16:45:00,9.13,9.13,8.97,9.02,141824.89
2026-03-01 17:00:00,9.03,9.04,9.0,9.03,47752.52
2026-03-01 17:15:00,9.02,9.03,8.95,9.0,39409.01
2026-03-01 17:30:00,9.0,9.05,9.0,9.03,21108.89
2026-03-01 17:45:00,9.03,9.05,9.0,9.01,43543.56
2026-03-01 18:00:00,9.01,9.1,9.0,9.07,38032.71
2026-03-01 18:15:00,9.07,9.1,9.06,9.07,15209.03
2026-03-01 18:30:00,9.07,9.07,9.04,9.06,14009.84
2026-03-01 18:45:00,9.06,9.07,9.03,9.03,14876.72
2026-03-01 19:00:00,9.03,9.04,8.99,8.99,23248.92
2026-03-01 19:15:00,8.99,9.0,8.97,8.98,17403.88
2026-03-01 19:30:00,8.98,9.0,8.95,8.96,36713.05
2026-03-01 19:45:00,8.96,8.97,8.94,8.96,16661.32
2026-03-01 20:00:00,8.95,8.96,8.89,8.89,51188.72
2026-03-01 20:15:00,8.89,8.92,8.87,8.87,36658.64
2026-03-01 20:30:00,8.88,8.89,8.85,8.87,72992.44
2026-03-01 20:45:00,8.86,8.89,8.85,8.87,44426.94
2026-03-01 21:00:00,8.87,8.89,8.86,8.88,31308.73
2026-03-01 21:15:00,8.88,8.94,8.87,8.93,27905.91
2026-03-01 21:30:00,8.93,8.95,8.92,8.94,20020.9
2026-03-01 21:45:00,8.95,8.95,8.93,8.95,11246.07
2026-03-01 22:00:00,8.94,9.08,8.93,9.02,168889.16
2026-03-01 22:15:00,9.01,9.04,8.97,9.0,61258.63
2026-03-01 22:30:00,9.0,9.02,8.94,8.99,41164.92
2026-03-01 22:45:00,8.99,8.99,8.96,8.96,23142.33
2026-03-01 23:00:00,8.96,9.07,8.95,9.03,37611.92
2026-03-01 23:15:00,9.03,9.04,9.0,9.0,27005.98
2026-03-01 23:30:00,9.0,9.06,8.99,9.05,41102.89
2026-03-01 23:45:00,9.04,9.06,9.02,9.04,16501.24
2026-03-02 00:00:00,9.03,9.06,9.02,9.04,37736.07
2026-03-02 00:15:00,9.03,9.04,9.0,9.02,34588.77
2026-03-02 00:30:00,9.02,9.1,9.01,9.1,47020.06
2026-03-02 00:45:00,9.1,9.14,9.07,9.09,81395.84
2026-03-02 01:00:00,9.1,9.2,9.08,9.17,65919.86
2026-03-02 01:15:00,9.18,9.19,9.09,9.1,34315.77
2026-03-02 01:30:00,9.11,9.13,9.1,9.11,22635.5
2026-03-02 01:45:00,9.1,9.12,9.08,9.1,25944.97
2026-03-02 02:00:00,9.11,9.12,9.02,9.04,47390.1
2026-03-02 02:15:00,9.05,9.06,9.03,9.05,20030.25
2026-03-02 02:30:00,9.06,9.09,9.04,9.05,11563.25
2026-03-02 02:45:00,9.05,9.08,9.03,9.05,33007.72
2026-03-02 03:00:00,9.05,9.1,9.03,9.09,37546.67
2026-03-02 03:15:00,9.09,9.13,9.09,9.13,15561.54
2026-03-02 03:30:00,9.13,9.14,9.1,9.12,36522.77
2026-03-02 03:45:00,9.12,9.15,9.11,9.12,11532.08
2026-03-02 04:00:00,9.12,9.13,9.11,9.13,14328.59
2026-03-02 04:15:00,9.12,9.14,9.1,9.14,22874.26
2026-03-02 04:30:00,9.14,9.14,9.11,9.11,15127.9
2026-03-02 04:45:00,9.11,9.11,9.08,9.09,12349.66
2026-03-02 05:00:00,9.1,9.11,9.05,9.07,14364.26
2026-03-02 05:15:00,9.06,9.08,9.05,9.08,9994.96
2026-03-02 05:30:00,9.08,9.12,9.07,9.11,20379.34
2026-03-02 05:45:00,9.1,9.11,9.05,9.07,17498.08
2026-03-02 06:00:00,9.07,9.07,9.02,9.03,11116.58
2026-03-02 06:15:00,9.04,9.04,8.93,8.98,38788.1
2026-03-02 06:30:00,8.98,8.99,8.96,8.98,13465.37
2026-03-02 06:45:00,8.97,8.97,8.94,8.96,16448.67
2026-03-02 07:00:00,8.95,8.95,8.88,8.9,59672.8
2026-03-02 07:15:00,8.9,8.95,8.89,8.93,47128.07
2026-03-02 07:30:00,8.92,8.95,8.91,8.94,7647.19
2026-03-02 07:45:00,8.95,8.95,8.93,8.93,5892.46
2026-03-02 08:00:00,8.93,8.93,8.87,8.93,54055.44
2026-03-02 08:15:00,8.93,8.94,8.86,8.87,36955.75
2026-03-02 08:30:00,8.88,8.94,8.88,8.93,13377.09
2026-03-02 08:45:00,8.92,8.99,8.92,8.97,13518.49
2026-03-02 09:00:00,8.97,9.03,8.97,9.01,48350.23
2026-03-02 09:15:00,9.01,9.04,8.98,8.99,25074.31
2026-03-02 09:30:00,8.99,9.02,8.98,8.99,23722.37
2026-03-02 09:45:00,8.99,8.99,8.96,8.96,16314.2
2026-03-02 10:00:00,8.96,8.98,8.93,8.95,52300.31
2026-03-02 10:15:00,8.95,8.96,8.94,8.96,9032.12
2026-03-02 10:30:00,8.96,8.97,8.94,8.95,23182.78
2026-03-02 10:45:00,8.95,8.97,8.94,8.96,14769.75
2026-03-02 11:00:00,8.96,8.97,8.93,8.95,18562.24
2026-03-02 11:15:00,8.95,8.98,8.93,8.96,22237.93
2026-03-02 11:30:00,8.95,8.99,8.95,8.97,13814.05
2026-03-02 11:45:00,8.98,9.01,8.97,8.98,29942.68
2026-03-02 12:00:00,8.98,8.99,8.96,8.99,10715.17
2026-03-02 12:15:00,8.98,8.99,8.94,8.96,18400.2
2026-03-02 12:30:00,8.96,8.97,8.94,8.95,19430.69
2026-03-02 12:45:00,8.96,8.97,8.94,8.96,5167.94
2026-03-02 13:00:00,8.96,8.96,8.92,8.93,15099.8
2026-03-02 13:15:00,8.94,8.98,8.92,8.94,20315.18
2026-03-02 13:30:00,8.93,8.97,8.92,8.94,26276.67
2026-03-02 13:45:00,8.93,8.94,8.9,8.91,12446.62
2026-03-02 14:00:00,8.91,8.94,8.9,8.93,22500.03
2026-03-02 14:15:00,8.93,8.96,8.91,8.94,26898.5
2026-03-02 14:30:00,8.94,9.08,8.94,9.07,97047.53
2026-03-02 14:45:00,9.07,9.16,9.05,9.14,57234.56
2026-03-02 15:00:00,9.15,9.33,9.13,9.32,151699.47
2026-03-02 15:15:00,9.32,9.38,9.3,9.33,190453.62
2026-03-02 15:30:00,9.33,9.39,9.25,9.38,132533.27
2026-03-02 15:45:00,9.38,9.4,9.27,9.3,62374.1
2026-03-02 16:00:00,9.31,9.45,9.31,9.44,136051.87
2026-03-02 16:15:00,9.44,9.47,9.38,9.38,78284.96
2026-03-02 16:30:00,9.38,9.45,9.32,9.45,121705.81
2026-03-02 16:45:00,9.44,9.48,9.37,9.37,59795.54
2026-03-02 17:00:00,9.37,9.38,9.32,9.33,49861.35
2026-03-02 17:15:00,9.34,9.36,9.28,9.29,37668.42
2026-03-02 17:30:00,9.3,9.32,9.19,9.21,132567.25
2026-03-02 17:45:00,9.2,9.29,9.19,9.28,67957.58
2026-03-02 18:00:00,9.27,9.3,9.2,9.29,43559.73
2026-03-02 18:15:00,9.29,9.3,9.26,9.27,39634.04
2026-03-02 18:30:00,9.27,9.29,9.24,9.26,19605.14
2026-03-02 18:45:00,9.26,9.3,9.22,9.23,45036.61
2026-03-02 19:00:00,9.24,9.24,9.19,9.21,46411.64
2026-03-02 19:15:00,9.21,9.24,9.2,9.22,21772.65
2026-03-02 19:30:00,9.22,9.25,9.2,9.22,33043.62
2026-03-02 19:45:00,9.21,9.26,9.21,9.23,28001.08
2026-03-02 20:00:00,9.24,9.29,9.19,9.2,56182.88
2026-03-02 20:15:00,9.2,9.24,9.2,9.22,26098.0
2026-03-02 20:30:00,9.22,9.24,9.21,9.24,11719.52
2026-03-02 20:45:00,9.24,9.26,9.22,9.22,17934.5
2026-03-02 21:00:00,9.22,9.22,9.17,9.21,32833.84
2026-03-02 21:15:00,9.21,9.22,9.17,9.21,38794.92
2026-03-02 21:30:00,9.22,9.23,9.2,9.22,39291.49
2026-03-02 21:45:00,9.23,9.23,9.21,9.21,9062.9
2026-03-02 22:00:00,9.22,9.26,9.21,9.23,30581.95
2026-03-02 22:15:00,9.23,9.27,9.22,9.27,26264.31
2026-03-02 22:30:00,9.27,9.29,9.25,9.28,33071.54
2026-03-02 22:45:00,9.28,9.28,9.25,9.26,23860.67
2026-03-02 23:00:00,9.26,9.28,9.22,9.22,30423.74
2026-03-02 23:15:00,9.22,9.24,9.19,9.19,30753.27
2026-03-02 23:30:00,9.19,9.19,9.15,9.16,49259.84
2026-03-02 23:45:00,9.16,9.18,9.15,9.17,16940.29
2026-03-03 00:00:00,9.18,9.19,9.15,9.17,27348.02
2026-03-03 00:15:00,9.17,9.18,9.15,9.18,44141.97
2026-03-03 00:30:00,9.18,9.24,9.15,9.23,35796.1
2026-03-03 00:45:00,9.23,9.24,9.19,9.22,18956.62
2026-03-03 01:00:00,9.22,9.26,9.19,9.25,35920.38
2026-03-03 01:15:00,9.24,9.24,9.2,9.22,31339.87
2026-03-03 01:30:00,9.21,9.23,9.18,9.22,40750.93
2026-03-03 01:45:00,9.21,9.21,9.16,9.17,31737.85
2026-03-03 02:00:00,9.16,9.16,9.1,9.12,44659.6
2026-03-03 02:15:00,9.12,9.14,9.08,9.12,41146.33
2026-03-03 02:30:00,9.13,9.16,9.12,9.15,16508.92
2026-03-03 02:45:00,9.15,9.18,9.15,9.16,19083.73
2026-03-03 03:00:00,9.16,9.17,9.12,9.15,13234.35
2026-03-03 03:15:00,9.15,9.15,9.11,9.14,21345.54
2026-03-03 03:30:00,9.14,9.18,9.13,9.17,10107.34
2026-03-03 03:45:00,9.17,9.17,9.14,9.16,11406.88
2026-03-03 04:00:00,9.15,9.18,9.15,9.16,15312.2
2026-03-03 04:15:00,9.17,9.18,9.15,9.16,10137.4
2026-03-03 04:30:00,9.16,9.17,9.12,9.15,15202.05
2026-03-03 04:45:00,9.14,9.14,9.11,9.12,14616.4
2026-03-03 05:00:00,9.11,9.16,9.08,9.16,34603.83
2026-03-03 05:15:00,9.16,9.2,9.15,9.17,28311.05
2026-03-03 05:30:00,9.17,9.17,9.11,9.14,13402.78
2026-03-03 05:45:00,9.13,9.14,9.07,9.1,31852.05
2026-03-03 06:00:00,9.1,9.12,9.09,9.11,15115.5
2026-03-03 06:15:00,9.11,9.12,9.09,9.11,21398.49
2026-03-03 06:30:00,9.1,9.12,9.09,9.11,10847.62
2026-03-03 06:45:00,9.1,9.11,9.07,9.1,19449.17
2026-03-03 07:00:00,9.1,9.13,9.09,9.13,22686.33
2026-03-03 07:15:00,9.13,9.14,9.12,9.14,14833.32
2026-03-03 07:30:00,9.13,9.13,9.1,9.12,14034.97
2026-03-03 07:45:00,9.12,9.13,9.1,9.12,6983.16
2026-03-03 08:00:00,9.11,9.13,9.08,9.08,32228.1
2026-03-03 08:15:00,9.08,9.1,9.05,9.07,23408.67
2026-03-03 08:30:00,9.06,9.08,9.0,9.01,115559.85
2026-03-03 08:45:00,9.01,9.02,8.99,9.0,34424.2
2026-03-03 09:00:00,9.01,9.05,8.99,9.04,47748.41
2026-03-03 09:15:00,9.04,9.05,8.97,8.99,31744.23
2026-03-03 09:30:00,8.99,9.03,8.96,9.0,49709.24
2026-03-03 09:45:00,9.0,9.01,8.98,9.0,29545.86
2026-03-03 10:00:00,8.99,8.99,8.96,8.97,48683.63
2026-03-03 10:15:00,8.97,8.98,8.95,8.96,57951.84
2026-03-03 10:30:00,8.96,8.98,8.94,8.98,20042.05
2026-03-03 10:45:00,8.98,9.01,8.97,8.99,41202.65
2026-03-03 11:00:00,8.99,9.01,8.98,9.0,19432.38
2026-03-03 11:15:00,8.99,9.02,8.97,9.0,12927.21
2026-03-03 11:30:00,9.0,9.02,8.98,9.01,15681.8
2026-03-03 11:45:00,9.01,9.03,9.0,9.01,12481.77
2026-03-03 12:00:00,9.02,9.12,9.01,9.09,24762.32
2026-03-03 12:15:00,9.09,9.1,9.05,9.06,15882.98
2026-03-03 12:30:00,9.06,9.07,9.04,9.06,11195.73
2026-03-03 12:45:00,9.05,9.07,9.04,9.06,12296.98
2026-03-03 13:00:00,9.06,9.07,8.99,8.99,22155.63
2026-03-03 13:15:00,9.0,9.02,8.99,9.01,5299.18
2026-03-03 13:30:00,9.0,9.0,8.96,8.98,24155.69
2026-03-03 13:45:00,8.98,8.98,8.95,8.97,34809.85
2026-03-03 14:00:00,8.97,9.0,8.94,8.98,25837.65
2026-03-03 14:15:00,8.98,9.02,8.97,9.01,18732.57
2026-03-03 14:30:00,9.01,9.08,8.93,8.95,56485.24
2026-03-03 14:45:00,8.94,9.0,8.9,8.97,77252.55
2026-03-03 15:00:00,8.97,9.01,8.96,9.0,40540.64
2026-03-03 15:15:00,9.01,9.03,8.94,9.0,23176.62
2026-03-03 15:30:00,9.0,9.13,9.0,9.08,51826.92
2026-03-03 15:45:00,9.08,9.19,9.08,9.17,94021.47
2026-03-03 16:00:00,9.16,9.3,9.14,9.29,95520.49
2026-03-03 16:15:00,9.29,9.34,9.25,9.29,69270.4
2026-03-03 16:30:00,9.29,9.29,9.09,9.14,78764.75
2026-03-03 16:45:00,9.14,9.24,9.13,9.2,36690.24
2026-03-03 17:00:00,9.2,9.21,9.14,9.18,50040.04
2026-03-03 17:15:00,9.17,9.21,9.15,9.2,14757.78
2026-03-03 17:30:00,9.2,9.2,9.15,9.19,36166.34
2026-03-03 17:45:00,9.2,9.25,9.19,9.24,35530.62
2026-03-03 18:00:00,9.24,9.27,9.21,9.22,41228.26
2026-03-03 18:15:00,9.23,9.3,9.23,9.26,32263.08
2026-03-03 18:30:00,9.27,9.32,9.26,9.27,47088.12
2026-03-03 18:45:00,9.27,9.29,9.24,9.24,26911.53
2026-03-03 19:00:00,9.25,9.25,9.17,9.2,42308.55
2026-03-03 19:15:00,9.2,9.22,9.18,9.22,27219.3
2026-03-03 19:30:00,9.21,9.23,9.16,9.21,40672.83
2026-03-03 19:45:00,9.21,9.22,9.17,9.18,32448.41
2026-03-03 20:00:00,9.18,9.19,9.14,9.14,39908.23
2026-03-03 20:15:00,9.13,9.17,9.13,9.16,20314.85
2026-03-03 20:30:00,9.15,9.18,9.14,9.18,22961.79
2026-03-03 20:45:00,9.17,9.18,9.13,9.14,34045.34
2026-03-03 21:00:00,9.14,9.15,9.1,9.1,26605.29
2026-03-03 21:15:00,9.1,9.12,9.07,9.08,53723.38
2026-03-03 21:30:00,9.08,9.1,9.08,9.1,15359.24
2026-03-03 21:45:00,9.1,9.12,9.1,9.11,7994.46
2026-03-03 22:00:00,9.12,9.17,9.1,9.14,26751.1
2026-03-03 22:15:00,9.15,9.18,9.14,9.16,11682.26
2026-03-03 22:30:00,9.16,9.21,9.16,9.2,29776.23
2026-03-03 22:45:00,9.2,9.2,9.16,9.17,12628.27
2026-03-03 23:00:00,9.17,9.25,9.17,9.21,22563.95
2026-03-03 23:15:00,9.22,9.23,9.2,9.21,26868.82
2026-03-03 23:30:00,9.21,9.21,9.18,9.19,12707.18
2026-03-03 23:45:00,9.19,9.2,9.17,9.18,16066.48
2026-03-04 00:00:00,9.18,9.19,9.16,9.19,31512.45
2026-03-04 00:15:00,9.18,9.21,9.18,9.19,28030.74
2026-03-04 00:30:00,9.19,9.2,9.14,9.15,28059.07
2026-03-04 00:45:00,9.15,9.2,9.14,9.18,20081.48
2026-03-04 01:00:00,9.18,9.2,9.14,9.16,27836.45
2026-03-04 01:15:00,9.16,9.2,9.15,9.19,22877.4
2026-03-04 01:30:00,9.18,9.25,9.17,9.23,37402.72
2026-03-04 01:45:00,9.23,9.23,9.18,9.19,13139.83
2026-03-04 02:00:00,9.19,9.2,9.15,9.19,14552.71
2026-03-04 02:15:00,9.18,9.2,9.17,9.17,10413.28
2026-03-04 02:30:00,9.17,9.2,9.16,9.2,15537.63
2026-03-04 02:45:00,9.19,9.23,9.19,9.22,10869.26
2026-03-04 03:00:00,9.21,9.22,9.18,9.21,20076.59
2026-03-04 03:15:00,9.21,9.23,9.16,9.16,25732.61
2026-03-04 03:30:00,9.17,9.17,9.1,9.12,48045.67
2026-03-04 03:45:00,9.12,9.18,9.1,9.18,10800.07
2026-03-04 04:00:00,9.18,9.2,9.14,9.18,25427.52
2026-03-04 04:15:00,9.17,9.18,9.08,9.1,63710.75
2026-03-04 04:30:00,9.09,9.1,9.06,9.1,24624.35
2026-03-04 04:45:00,9.1,9.12,9.07,9.11,38800.94
2026-03-04 05:00:00,9.11,9.12,9.07,9.08,68998.85
2026-03-04 05:15:00,9.08,9.08,9.01,9.02,181177.4
2026-03-04 05:30:00,9.03,9.08,9.0,9.07,150378.28
2026-03-04 05:45:00,9.06,9.09,9.04,9.05,68933.04
2026-03-04 06:00:00,9.04,9.06,9.03,9.04,38487.36
2026-03-04 06:15:00,9.03,9.04,9.0,9.01,105914.6
2026-03-04 06:30:00,9.01,9.1,9.01,9.1,31988.95
2026-03-04 06:45:00,9.1,9.1,9.06,9.08,27052.19
2026-03-04 07:00:00,9.08,9.09,9.05,9.06,31015.16
2026-03-04 07:15:00,9.06,9.11,9.05,9.11,15645.13
2026-03-04 07:30:00,9.1,9.13,9.09,9.12,23394.06
2026-03-04 07:45:00,9.12,9.2,9.11,9.18,51034.35
2026-03-04 08:00:00,9.18,9.23,9.17,9.21,74603.53
2026-03-04 08:15:00,9.21,9.21,9.16,9.16,25515.05
2026-03-04 08:30:00,9.16,9.23,9.16,9.23,36407.55
2026-03-04 08:45:00,9.23,9.42,9.22,9.38,190888.42
2026-03-04 09:00:00,9.38,9.42,9.35,9.4,84705.81
2026-03-04 09:15:00,9.4,9.44,9.4,9.41,93279.8
2026-03-04 09:30:00,9.42,9.5,9.41,9.46,121433.3
2026-03-04 09:45:00,9.46,9.47,9.38,9.39,79666.0
2026-03-04 10:00:00,9.39,9.43,9.39,9.42,63405.03
2026-03-04 10:15:00,9.43,9.43,9.34,9.36,67626.4
2026-03-04 10:30:00,9.35,9.36,9.33,9.34,50007.27
2026-03-04 10:45:00,9.34,9.37,9.33,9.34,46861.89
2026-03-04 11:00:00,9.34,9.38,9.34,9.36,25247.23
2026-03-04 11:15:00,9.37,9.38,9.35,9.36,8100.64
2026-03-04 11:30:00,9.35,9.37,9.27,9.3,78518.63
2026-03-04 11:45:00,9.3,9.32,9.29,9.3,23068.78
2026-03-04 12:00:00,9.3,9.32,9.29,9.3,23711.15
2026-03-04 12:15:00,9.3,9.32,9.26,9.26,42776.65
2026-03-04 12:30:00,9.27,9.31,9.24,9.3,31716.22
2026-03-04 12:45:00,9.3,9.33,9.29,9.32,30574.38
2026-03-04 13:00:00,9.32,9.38,9.31,9.35,38297.8
2026-03-04 13:15:00,9.35,9.36,9.32,9.35,29296.35
2026-03-04 13:30:00,9.34,9.37,9.34,9.35,22653.67
2026-03-04 13:45:00,9.35,9.37,9.34,9.35,38347.49
2026-03-04 14:00:00,9.35,9.41,9.35,9.41,62420.53
2026-03-04 14:15:00,9.4,9.42,9.37,9.39,30171.91
2026-03-04 14:30:00,9.39,9.52,9.37,9.37,176756.49
2026-03-04 14:45:00,9.37,9.4,9.34,9.38,81627.45
2026-03-04 15:00:00,9.38,9.45,9.38,9.42,90311.64
2026-03-04 15:15:00,9.42,9.6,9.41,9.6,99760.89
2026-03-04 15:30:00,9.59,9.62,9.55,9.59,91940.05
2026-03-04 15:45:00,9.59,9.73,9.58,9.72,132342.19
2026-03-04 16:00:00,9.71,9.75,9.61,9.61,152813.91
2026-03-04 16:15:00,9.62,9.63,9.53,9.59,76607.1
2026-03-04 16:30:00,9.58,9.63,9.58,9.61,36914.67
2026-03-04 16:45:00,9.6,9.62,9.57,9.57,25084.16
2026-03-04 17:00:00,9.57,9.63,9.55,9.61,62073.45
2026-03-04 17:15:00,9.61,9.65,9.51,9.53,83610.11
2026-03-04 17:30:00,9.52,9.6,9.52,9.59,39530.29
2026-03-04 17:45:00,9.59,9.64,9.58,9.61,73389.45
2026-03-04 18:00:00,9.61,9.62,9.53,9.55,71714.11
2026-03-04 18:15:00,9.55,9.61,9.54,9.6,38933.94
2026-03-04 18:30:00,9.6,9.61,9.54,9.59,25231.97
2026-03-04 18:45:00,9.59,9.64,9.59,9.63,51831.43
2026-03-04 19:00:00,9.63,9.71,9.62,9.69,111726.38
2026-03-04 19:15:00,9.68,9.78,9.67,9.68,131446.0
2026-03-04 19:30:00,9.68,9.74,9.66,9.71,38160.46
2026-03-04 19:45:00,9.72,9.72,9.66,9.67,24394.09
2026-03-04 20:00:00,9.66,9.68,9.61,9.63,35458.15
2026-03-04 20:15:00,9.64,9.67,9.61,9.66,16355.48
2026-03-04 20:30:00,9.66,9.66,9.63,9.64,26492.43
2026-03-04 20:45:00,9.64,9.66,9.58,9.58,34312.03
2026-03-04 21:00:00,9.58,9.59,9.56,9.57,23953.77
2026-03-04 21:15:00,9.56,9.57,9.53,9.54,87490.15
2026-03-04 21:30:00,9.54,9.57,9.51,9.53,117594.45
2026-03-04 21:45:00,9.54,9.55,9.52,9.55,49336.37
2026-03-04 22:00:00,9.55,9.61,9.54,9.59,40450.72
2026-03-04 22:15:00,9.58,9.6,9.57,9.59,11646.84
2026-03-04 22:30:00,9.58,9.58,9.5,9.51,54066.59
2026-03-04 22:45:00,9.51,9.52,9.46,9.48,31083.23
2026-03-04 23:00:00,9.48,9.5,9.47,9.49,23170.19
2026-03-04 23:15:00,9.5,9.51,9.43,9.46,71360.79
2026-03-04 23:30:00,9.46,9.52,9.43,9.52,35112.46
2026-03-04 23:45:00,9.52,9.53,9.49,9.5,13993.69
2026-03-05 00:00:00,9.49,9.51,9.45,9.47,20333.19
2026-03-05 00:15:00,9.47,9.49,9.45,9.46,31861.82
2026-03-05 00:30:00,9.46,9.49,9.45,9.47,13471.08
2026-03-05 00:45:00,9.48,9.5,9.46,9.47,26114.11
2026-03-05 01:00:00,9.47,9.54,9.46,9.53,26776.28
2026-03-05 01:15:00,9.52,9.54,9.47,9.49,12362.84
2026-03-05 01:30:00,9.49,9.5,9.43,9.44,71292.48
2026-03-05 01:45:00,9.44,9.45,9.41,9.44,31108.7
2026-03-05 02:00:00,9.43,9.52,9.43,9.51,30021.49
2026-03-05 02:15:00,9.5,9.52,9.49,9.49,6178.52
2026-03-05 02:30:00,9.5,9.5,9.43,9.44,14548.88
2026-03-05 02:45:00,9.44,9.48,9.44,9.48,14388.11
2026-03-05 03:00:00,9.48,9.5,9.48,9.49,5605.4
2026-03-05 03:15:00,9.49,9.49,9.45,9.45,15377.95
2026-03-05 03:30:00,9.45,9.45,9.43,9.44,21205.3
2026-03-05 03:45:00,9.44,9.47,9.44,9.45,8732.53
2026-03-05 04:00:00,9.46,9.47,9.44,9.45,16264.08
2026-03-05 04:15:00,9.45,9.47,9.44,9.47,7701.97
2026-03-05 04:30:00,9.46,9.49,9.44,9.49,16992.28
2026-03-05 04:45:00,9.49,9.51,9.46,9.48,28989.73
2026-03-05 05:00:00,9.47,9.49,9.46,9.48,10217.19
2026-03-05 05:15:00,9.48,9.49,9.41,9.43,27489.18
2026-03-05 05:30:00,9.43,9.43,9.39,9.41,16148.51
2026-03-05 05:45:00,9.4,9.41,9.4,9.41,10867.03
2026-03-05 06:00:00,9.42,9.42,9.36,9.38,34414.48
2026-03-05 06:15:00,9.38,9.43,9.36,9.42,26084.95
2026-03-05 06:30:00,9.41,9.42,9.4,9.41,12872.85
2026-03-05 06:45:00,9.41,9.47,9.4,9.45,12999.15
2026-03-05 07:00:00,9.44,9.45,9.42,9.44,7271.21
2026-03-05 07:15:00,9.44,9.44,9.42,9.42,4480.39
2026-03-05 07:30:00,9.42,9.43,9.39,9.4,15855.65
2026-03-05 07:45:00,9.39,9.4,9.34,9.38,30721.87
2026-03-05 08:00:00,9.39,9.39,9.36,9.37,10970.72
2026-03-05 08:15:00,9.38,9.4,9.37,9.39,10121.09
2026-03-05 08:30:00,9.38,9.44,9.37,9.43,11015.93
2026-03-05 08:45:00,9.42,9.44,9.41,9.43,10641.03
2026-03-05 09:00:00,9.44,9.51,9.43,9.49,32273.47
2026-03-05 09:15:00,9.49,9.5,9.46,9.48,8122.77
2026-03-05 09:30:00,9.48,9.51,9.45,9.46,13579.97
2026-03-05 09:45:00,9.46,9.47,9.45,9.47,4752.77
2026-03-05 10:00:00,9.46,9.47,9.45,9.46,17392.65
2026-03-05 10:15:00,9.46,9.52,9.44,9.51,34570.72
2026-03-05 10:30:00,9.51,9.58,9.5,9.55,36476.73
2026-03-05 10:45:00,9.55,9.58,9.54,9.56,19704.47
2026-03-05 11:00:00,9.55,9.56,9.5,9.52,23561.58
2026-03-05 11:15:00,9.52,9.52,9.48,9.5,13720.24
2026-03-05 11:30:00,9.5,9.5,9.43,9.44,10200.09
2026-03-05 11:45:00,9.44,9.46,9.43,9.46,12058.8
2026-03-05 12:00:00,9.45,9.48,9.44,9.46,12252.4
2026-03-05 12:15:00,9.45,9.48,9.44,9.46,16801.66
2026-03-05 12:30:00,9.47,9.5,9.45,9.5,19945.8
2026-03-05 12:45:00,9.49,9.53,9.49,9.5,30270.52
2026-03-05 13:00:00,9.51,9.52,9.45,9.46,18208.0
2026-03-05 13:15:00,9.46,9.48,9.41,9.44,22386.68
2026-03-05 13:30:00,9.44,9.44,9.38,9.42,29552.62
2026-03-05 13:45:00,9.42,9.45,9.41,9.44,20416.77
2026-03-05 14:00:00,9.44,9.46,9.42,9.46,12262.16
2026-03-05 14:15:00,9.45,9.45,9.43,9.45,13677.37
2026-03-05 14:30:00,9.45,9.51,9.42,9.44,50051.56
2026-03-05 14:45:00,9.43,9.53,9.42,9.5,23990.02
2026-03-05 15:00:00,9.51,9.52,9.38,9.42,46688.52
2026-03-05 15:15:00,9.41,9.42,9.36,9.36,61104.13
2026-03-05 15:30:00,9.37,9.44,9.34,9.42,42711.54
2026-03-05 15:45:00,9.42,9.43,9.38,9.41,29362.14
2026-03-05 16:00:00,9.41,9.41,9.28,9.32,65243.12
2026-03-05 16:15:00,9.32,9.36,9.31,9.35,46390.54
2026-03-05 16:30:00,9.35,9.4,9.34,9.38,23153.13
2026-03-05 16:45:00,9.38,9.39,9.36,9.38,12867.64
2026-03-05 17:00:00,9.37,9.43,9.35,9.36,32863.59
2026-03-05 17:15:00,9.35,9.36,9.31,9.31,56838.78
2026-03-05 17:30:00,9.31,9.32,9.28,9.31,41212.08
2026-03-05 17:45:00,9.31,9.31,9.26,9.27,64603.74
2026-03-05 18:00:00,9.27,9.33,9.26,9.33,25283.5
2026-03-05 18:15:00,9.33,9.35,9.3,9.31,18370.0
2026-03-05 18:30:00,9.31,9.35,9.31,9.35,8483.76
2026-03-05 18:45:00,9.34,9.36,9.33,9.35,10432.41
2026-03-05 19:00:00,9.35,9.42,9.35,9.42,14191.27
2026-03-05 19:15:00,9.41,9.46,9.4,9.41,11310.54
2026-03-05 19:30:00,9.4,9.41,9.37,9.39,34219.43
2026-03-05 19:45:00,9.39,9.41,9.37,9.39,11686.5
2026-03-05 20:00:00,9.39,9.43,9.37,9.43,17439.55
2026-03-05 20:15:00,9.43,9.48,9.43,9.47,22224.14
2026-03-05 20:30:00,9.47,9.51,9.46,9.47,13482.81
2026-03-05 20:45:00,9.47,9.49,9.45,9.47,22351.03
2026-03-05 21:00:00,9.47,9.49,9.45,9.47,52632.52
2026-03-05 21:15:00,9.47,9.5,9.47,9.5,35852.55
2026-03-05 21:30:00,9.5,9.51,9.43,9.44,23581.0
2026-03-05 21:45:00,9.45,9.46,9.42,9.44,8306.42
2026-03-05 22:00:00,9.44,9.44,9.39,9.4,16997.19
2026-03-05 22:15:00,9.41,9.42,9.4,9.41,5052.17
2026-03-05 22:30:00,9.42,9.44,9.41,9.42,7960.52
2026-03-05 22:45:00,9.42,9.43,9.41,9.42,5188.85
2026-03-05 23:00:00,9.41,9.42,9.39,9.4,16359.52
2026-03-05 23:15:00,9.4,9.43,9.4,9.42,3784.56
2026-03-05 23:30:00,9.42,9.42,9.37,9.4,18338.76
2026-03-05 23:45:00,9.39,9.4,9.37,9.39,12816.39
2026-03-06 00:00:00,9.38,9.4,9.37,9.4,17455.47
2026-03-06 00:15:00,9.39,9.39,9.37,9.37,19948.86
2026-03-06 00:30:00,9.37,9.39,9.37,9.39,8192.21
2026-03-06 00:45:00,9.38,9.39,9.36,9.38,11507.45
2026-03-06 01:00:00,9.39,9.39,9.37,9.37,13393.05
2026-03-06 01:15:00,9.37,9.37,9.33,9.34,7879.02
2026-03-06 01:30:00,9.34,9.43,9.34,9.43,22552.19
2026-03-06 01:45:00,9.43,9.44,9.41,9.44,15080.54
2026-03-06 02:00:00,9.44,9.45,9.4,9.43,27652.38
2026-03-06 02:15:00,9.42,9.43,9.4,9.41,19121.86
2026-03-06 02:30:00,9.42,9.42,9.39,9.42,9347.39
2026-03-06 02:45:00,9.42,9.42,9.38,9.4,4913.34
2026-03-06 03:00:00,9.4,9.42,9.38,9.38,11056.01
2026-03-06 03:15:00,9.39,9.42,9.38,9.41,3794.49
2026-03-06 03:30:00,9.41,9.42,9.39,9.4,6667.01
2026-03-06 03:45:00,9.4,9.42,9.4,9.42,2127.52
2026-03-06 04:00:00,9.42,9.43,9.39,9.41,14969.3
2026-03-06 04:15:00,9.4,9.41,9.39,9.4,3462.66
2026-03-06 04:30:00,9.39,9.41,9.33,9.35,15634.21
2026-03-06 04:45:00,9.36,9.38,9.34,9.37,8045.25
2026-03-06 05:00:00,9.36,9.37,9.34,9.37,8317.2
2026-03-06 05:15:00,9.37,9.38,9.33,9.34,7028.3
2026-03-06 05:30:00,9.35,9.35,9.31,9.31,13830.01
2026-03-06 05:45:00,9.31,9.38,9.31,9.37,14954.14
2026-03-06 06:00:00,9.37,9.38,9.35,9.37,5868.39
2026-03-06 06:15:00,9.36,9.38,9.34,9.36,10567.48
2026-03-06 06:30:00,9.35,9.37,9.34,9.37,3447.18
2026-03-06 06:45:00,9.37,9.4,9.36,9.36,6641.51
2026-03-06 07:00:00,9.37,9.39,9.34,9.37,14935.41
2026-03-06 07:15:00,9.37,9.45,9.36,9.44,27245.7
2026-03-06 07:30:00,9.44,9.45,9.43,9.45,12181.71
2026-03-06 07:45:00,9.44,9.46,9.44,9.46,8704.53
2026-03-06 08:00:00,9.46,9.46,9.42,9.43,9978.36
2026-03-06 08:15:00,9.43,9.44,9.41,9.43,7416.91
2026-03-06 08:30:00,9.42,9.43,9.39,9.41,9171.65
2026-03-06 08:45:00,9.41,9.43,9.39,9.4,9019.66
2026-03-06 09:00:00,9.41,9.41,9.33,9.33,8094.17
2026-03-06 09:15:00,9.34,9.34,9.3,9.31,37729.48
2026-03-06 09:30:00,9.3,9.31,9.28,9.31,69131.14
2026-03-06 09:45:00,9.31,9.33,9.29,9.32,15659.2
2026-03-06 10:00:00,9.31,9.37,9.31,9.35,9259.14
2026-03-06 10:15:00,9.35,9.38,9.34,9.36,6517.46
2026-03-06 10:30:00,9.36,9.37,9.35,9.36,7053.46
2026-03-06 10:45:00,9.35,9.36,9.33,9.33,10476.51
2026-03-06 11:00:00,9.33,9.34,9.3,9.33,22569.51
2026-03-06 11:15:00,9.32,9.32,9.3,9.31,20378.46
2026-03-06 11:30:00,9.31,9.32,9.27,9.27,23668.24
2026-03-06 11:45:00,9.27,9.28,9.24,9.26,34872.14
2026-03-06 12:00:00,9.25,9.26,9.17,9.19,72893.85
2026-03-06 12:15:00,9.2,9.24,9.2,9.22,34351.08
2026-03-06 12:30:00,9.21,9.23,9.17,9.18,44240.91
2026-03-06 12:45:00,9.19,9.23,9.17,9.21,40435.34
2026-03-06 13:00:00,9.21,9.23,9.2,9.2,22502.47
2026-03-06 13:15:00,9.2,9.22,9.17,9.2,61806.98
2026-03-06 13:30:00,9.2,9.24,9.1,9.19,205015.85
2026-03-06 13:45:00,9.19,9.2,9.08,9.09,107322.15
2026-03-06 14:00:00,9.09,9.1,9.0,9.02,200269.95
2026-03-06 14:15:00,9.02,9.05,9.01,9.03,90512.13
2026-03-06 14:30:00,9.03,9.04,8.94,8.99,145313.42
2026-03-06 14:45:00,8.98,9.01,8.92,8.96,91110.27
2026-03-06 15:00:00,8.96,9.02,8.95,9.0,94669.85
2026-03-06 15:15:00,9.0,9.03,8.98,9.01,18978.17
2026-03-06 15:30:00,9.02,9.05,9.0,9.01,31932.53
2026-03-06 15:45:00,9.0,9.0,8.95,8.98,31383.59
2026-03-06 16:00:00,8.97,9.0,8.93,8.95,76852.37
2026-03-06 16:15:00,8.94,8.98,8.93,8.97,54904.52
2026-03-06 16:30:00,8.96,9.01,8.95,8.99,43515.55
2026-03-06 16:45:00,9.0,9.01,8.96,8.97,35929.38
2026-03-06 17:00:00,8.97,8.99,8.96,8.96,36971.11
2026-03-06 17:15:00,8.96,8.98,8.93,8.95,48631.98
2026-03-06 17:30:00,8.95,8.95,8.88,8.9,104847.26
2026-03-06 17:45:00,8.9,8.93,8.9,8.92,65891.98
2026-03-06 18:00:00,8.92,8.97,8.91,8.97,27193.74
2026-03-06 18:15:00,8.96,8.97,8.95,8.95,18793.78
2026-03-06 18:30:00,8.96,8.98,8.96,8.97,25012.08
2026-03-06 18:45:00,8.96,8.98,8.95,8.96,24396.65
2026-03-06 19:00:00,8.96,9.0,8.96,8.99,19391.32
2026-03-06 19:15:00,9.0,9.0,8.95,8.96,35765.28
2026-03-06 19:30:00,8.96,8.97,8.95,8.96,19849.21
2026-03-06 19:45:00,8.95,8.97,8.95,8.96,10816.57
2026-03-06 20:00:00,8.97,8.98,8.94,8.95,26262.45
2026-03-06 20:15:00,8.95,8.96,8.92,8.93,23518.13
2026-03-06 20:30:00,8.93,8.96,8.92,8.95,20768.47
2026-03-06 20:45:00,8.95,8.97,8.94,8.95,24719.05
2026-03-06 21:00:00,8.96,9.03,8.95,9.01,143122.81
2026-03-06 21:15:00,9.01,9.02,9.0,9.01,17185.0
2026-03-06 21:30:00,9.01,9.03,9.0,9.03,6627.54
2026-03-06 21:45:00,9.03,9.04,9.01,9.04,20888.91
2026-03-06 22:00:00,9.04,9.04,9.01,9.02,14120.75
2026-03-06 22:15:00,9.02,9.06,9.02,9.06,12670.72
2026-03-06 22:30:00,9.05,9.07,9.04,9.05,8620.73
2026-03-06 22:45:00,9.06,9.07,9.05,9.06,4299.0
2026-03-06 23:00:00,9.07,9.07,9.04,9.05,19523.58
2026-03-06 23:15:00,9.06,9.07,9.04,9.06,23638.15
2026-03-06 23:30:00,9.05,9.06,9.03,9.03,37479.13
2026-03-06 23:45:00,9.03,9.05,9.01,9.01,32068.85
2026-03-07 00:00:00,9.01,9.05,9.0,9.04,26494.61
2026-03-07 00:15:00,9.04,9.05,9.03,9.04,17233.23
2026-03-07 00:30:00,9.05,9.07,9.04,9.04,9038.62
2026-03-07 00:45:00,9.04,9.05,9.04,9.05,5491.02
2026-03-07 01:00:00,9.04,9.05,9.03,9.04,5668.33
2026-03-07 01:15:00,9.04,9.04,9.03,9.04,1480.04
2026-03-07 01:30:00,9.04,9.04,9.03,9.04,846.08
2026-03-07 01:45:00,9.04,9.05,9.03,9.03,1648.76
2026-03-07 02:00:00,9.04,9.05,9.03,9.04,4170.49
2026-03-07 02:15:00,9.03,9.05,9.02,9.03,11078.9
2026-03-07 02:30:00,9.03,9.03,9.02,9.02,13366.29
2026-03-07 02:45:00,9.02,9.05,9.02,9.05,8303.29
2026-03-07 03:00:00,9.04,9.08,9.03,9.08,12631.19
2026-03-07 03:15:00,9.08,9.08,9.04,9.05,11118.26
2026-03-07 03:30:00,9.04,9.05,9.03,9.04,6031.86
2026-03-07 03:45:00,9.04,9.04,9.02,9.03,9205.71
2026-03-07 04:00:00,9.03,9.03,8.98,8.99,36607.41
2026-03-07 04:15:00,8.99,9.01,8.99,9.0,17900.99
2026-03-07 04:30:00,9.0,9.03,9.0,9.02,11818.65
2026-03-07 04:45:00,9.01,9.02,9.0,9.0,10138.82
2026-03-07 05:00:00,9.0,9.02,9.0,9.0,14270.85
2026-03-07 05:15:00,9.0,9.02,8.99,9.01,13695.37
2026-03-07 05:30:00,9.01,9.02,8.99,9.02,13580.37
2026-03-07 05:45:00,9.01,9.03,9.01,9.01,26259.39
2026-03-07 06:00:00,9.02,9.02,8.99,8.99,20313.8
2026-03-07 06:15:00,9.0,9.0,8.97,8.98,10255.65
2026-03-07 06:30:00,8.99,8.99,8.98,8.99,5911.0
2026-03-07 06:45:00,9.0,9.0,8.98,8.98,4269.76
2026-03-07 07:00:00,8.98,8.99,8.96,8.99,16681.48
2026-03-07 07:15:00,8.98,9.0,8.97,9.0,1485.98
2026-03-07 07:30:00,9.0,9.01,8.99,9.01,5455.73
2026-03-07 07:45:00,9.01,9.02,9.01,9.01,3587.67
2026-03-07 08:00:00,9.01,9.03,9.01,9.02,1316.84
2026-03-07 08:15:00,9.03,9.05,9.02,9.05,4312.14
2026-03-07 08:30:00,9.05,9.05,9.03,9.03,2564.55
2026-03-07 08:45:00,9.03,9.04,9.0,9.01,1914.27
2026-03-07 09:00:00,9.0,9.0,8.98,8.99,6601.35
2026-03-07 09:15:00,9.0,9.02,8.99,9.02,1769.79
2026-03-07 09:30:00,9.02,9.02,9.01,9.02,2838.24
2026-03-07 09:45:00,9.02,9.03,9.01,9.02,2651.36
2026-03-07 10:00:00,9.03,9.03,9.02,9.02,3733.22
2026-03-07 10:15:00,9.02,9.02,9.0,9.01,6725.69
2026-03-07 10:30:00,9.0,9.02,9.0,9.01,7929.69
2026-03-07 10:45:00,9.01,9.02,9.0,9.01,5289.74
2026-03-07 11:00:00,9.0,9.05,8.99,9.05,14215.04
2026-03-07 11:15:00,9.04,9.06,9.03,9.03,8132.85
2026-03-07 11:30:00,9.04,9.04,9.01,9.03,8855.69
2026-03-07 11:45:00,9.03,9.03,9.01,9.02,2692.15
2026-03-07 12:00:00,9.01,9.03,9.0,9.01,7491.08
2026-03-07 12:15:00,9.01,9.02,9.0,9.01,5769.06
2026-03-07 12:30:00,9.01,9.02,9.0,9.0,10894.22
2026-03-07 12:45:00,9.01,9.01,8.98,8.99,18300.69
2026-03-07 13:00:00,8.99,9.0,8.98,8.99,11914.46
2026-03-07 13:15:00,9.0,9.0,8.99,9.0,8169.79
2026-03-07 13:30:00,9.0,9.01,8.99,9.0,11878.69
2026-03-07 13:45:00,9.0,9.0,8.99,8.99,9132.32
2026-03-07 14:00:00,9.0,9.0,8.94,8.95,43085.97
2026-03-07 14:15:00,8.95,8.96,8.94,8.95,11945.76
2026-03-07 14:30:00,8.96,9.01,8.94,9.0,34016.19
2026-03-07 14:45:00,9.0,9.01,8.98,8.99,17234.73
2026-03-07 15:00:00,8.99,9.0,8.98,8.99,17248.52
2026-03-07 15:15:00,8.99,9.01,8.99,9.0,7724.31
2026-03-07 15:30:00,9.0,9.01,8.95,8.97,22222.14
2026-03-07 15:45:00,8.97,8.97,8.95,8.97,10431.97
2026-03-07 16:00:00,8.96,8.98,8.96,8.98,8759.28
2026-03-07 16:15:00,8.97,8.98,8.96,8.98,7252.36
2026-03-07 16:30:00,8.98,8.98,8.96,8.97,3119.89
2026-03-07 16:45:00,8.97,8.99,8.96,8.98,4638.03
2026-03-07 17:00:00,8.98,9.0,8.98,8.98,4498.16
2026-03-07 17:15:00,8.98,9.01,8.98,9.01,4780.78
2026-03-07 17:30:00,9.0,9.01,9.0,9.01,2193.05
2026-03-07 17:45:00,9.01,9.02,8.99,8.99,8038.35
2026-03-07 18:00:00,9.0,9.0,8.92,8.95,67479.62
2026-03-07 18:15:00,8.96,8.97,8.94,8.95,12920.54
2026-03-07 18:30:00,8.95,8.96,8.93,8.95,12478.14
2026-03-07 18:45:00,8.96,8.96,8.93,8.94,6502.68
2026-03-07 19:00:00,8.94,8.95,8.92,8.93,19440.82
2026-03-07 19:15:00,8.93,8.94,8.91,8.91,35518.71
2026-03-07 19:30:00,8.92,8.93,8.9,8.91,21583.39
2026-03-07 19:45:00,8.91,8.92,8.87,8.89,50235.4
2026-03-07 20:00:00,8.89,8.92,8.88,8.92,20915.12
2026-03-07 20:15:00,8.91,8.92,8.9,8.91,10428.43
2026-03-07 20:30:00,8.91,8.93,8.91,8.93,10857.76
2026-03-07 20:45:00,8.93,8.93,8.91,8.93,4247.28
2026-03-07 21:00:00,8.93,8.94,8.92,8.92,16624.74
2026-03-07 21:15:00,8.93,8.94,8.92,8.93,5220.91
2026-03-07 21:30:00,8.93,8.94,8.91,8.91,5096.53
2026-03-07 21:45:00,8.92,8.94,8.91,8.94,6968.61
2026-03-07 22:00:00,8.94,8.94,8.91,8.91,7480.26
2026-03-07 22:15:00,8.91,8.92,8.89,8.9,22020.11
2026-03-07 22:30:00,8.9,8.91,8.87,8.9,18600.4
2026-03-07 22:45:00,8.9,8.91,8.88,8.89,11325.58
2026-03-07 23:00:00,8.9,8.91,8.88,8.89,5672.08
2026-03-07 23:15:00,8.9,8.91,8.89,8.9,10703.33
2026-03-07 23:30:00,8.91,8.92,8.9,8.9,7705.07
2026-03-07 23:45:00,8.91,8.91,8.9,8.91,581.33
2026-03-08 00:00:00,8.91,8.92,8.9,8.92,10817.45
2026-03-08 00:15:00,8.92,8.92,8.9,8.91,8840.95
2026-03-08 00:30:00,8.9,8.91,8.89,8.89,2812.51
2026-03-08 00:45:00,8.9,8.9,8.88,8.89,25419.17
2026-03-08 01:00:00,8.89,8.91,8.88,8.9,10605.2
2026-03-08 01:15:00,8.9,8.92,8.9,8.9,1697.29
2026-03-08 01:30:00,8.9,8.91,8.88,8.91,10000.97
2026-03-08 01:45:00,8.91,8.92,8.9,8.91,7220.6
2026-03-08 02:00:00,8.91,8.91,8.88,8.9,11042.44
2026-03-08 02:15:00,8.9,8.9,8.87,8.88,12640.98
2026-03-08 02:30:00,8.87,8.9,8.83,8.89,31213.31
2026-03-08 02:45:00,8.89,8.89,8.81,8.83,62357.77
2026-03-08 03:00:00,8.83,8.85,8.81,8.84,28806.77
2026-03-08 03:15:00,8.85,8.87,8.84,8.86,6201.84
2026-03-08 03:30:00,8.86,8.87,8.85,8.85,10939.21
2026-03-08 03:45:00,8.86,8.87,8.85,8.85,6544.28
2026-03-08 04:00:00,8.86,8.87,8.84,8.85,13436.39
2026-03-08 04:15:00,8.85,8.87,8.84,8.86,10154.65
2026-03-08 04:30:00,8.86,8.86,8.84,8.85,14673.23
2026-03-08 04:45:00,8.86,8.86,8.79,8.82,34207.73
2026-03-08 05:00:00,8.82,8.87,8.82,8.86,8241.35
2026-03-08 05:15:00,8.87,8.88,8.85,8.88,8987.31
2026-03-08 05:30:00,8.88,8.88,8.86,8.87,4225.77
2026-03-08 05:45:00,8.88,8.89,8.86,8.86,3811.31
2026-03-08 06:00:00,8.86,8.87,8.85,8.85,8542.3
2026-03-08 06:15:00,8.85,8.85,8.83,8.84,4249.05
2026-03-08 06:30:00,8.84,8.86,8.83,8.86,4254.01
2026-03-08 06:45:00,8.86,8.87,8.85,8.87,1676.39
2026-03-08 07:00:00,8.86,8.9,8.86,8.9,7676.04
2026-03-08 07:15:00,8.9,8.91,8.88,8.89,6255.08
2026-03-08 07:30:00,8.9,8.9,8.88,8.89,4241.94
2026-03-08 07:45:00,8.88,8.89,8.87,8.89,3691.11
2026-03-08 08:00:00,8.89,8.89,8.85,8.86,10862.86
2026-03-08 08:15:00,8.86,8.86,8.84,8.85,14178.56
2026-03-08 08:30:00,8.85,8.88,8.84,8.87,13613.06
2026-03-08 08:45:00,8.87,8.88,8.87,8.88,5282.75
2026-03-08 09:00:00,8.87,8.91,8.86,8.89,14144.96
2026-03-08 09:15:00,8.89,8.94,8.89,8.94,19114.51
2026-03-08 09:30:00,8.94,8.94,8.92,8.94,18719.28
2026-03-08 09:45:00,8.94,8.95,8.93,8.93,8585.18
2026-03-08 10:00:00,8.93,8.95,8.93,8.95,3603.33
2026-03-08 10:15:00,8.94,9.02,8.93,9.0,20353.36
2026-03-08 10:30:00,9.0,9.01,8.98,8.99,12434.63
2026-03-08 10:45:00,9.0,9.0,8.97,8.98,9748.49
2026-03-08 11:00:00,8.98,8.99,8.9,8.91,20106.78
2026-03-08 11:15:00,8.9,8.92,8.9,8.92,5257.91
2026-03-08 11:30:00,8.91,8.93,8.89,8.9,12899.07
2026-03-08 11:45:00,8.9,8.92,8.89,8.91,7898.14
2026-03-08 12:00:00,8.92,8.93,8.86,8.86,23837.56
2026-03-08 12:15:00,8.87,8.99,8.85,8.99,29239.46
2026-03-08 12:30:00,8.99,9.02,8.95,8.97,18679.48
2026-03-08 12:45:00,8.96,9.0,8.95,8.96,39239.16
2026-03-08 13:00:00,8.95,8.97,8.87,8.88,31718.46
2026-03-08 13:15:00,8.87,8.91,8.84,8.89,31054.74
2026-03-08 13:30:00,8.89,8.9,8.86,8.88,20131.34
2026-03-08 13:45:00,8.88,8.91,8.88,8.9,10996.47
2026-03-08 14:00:00,8.89,8.92,8.89,8.91,4047.0
2026-03-08 14:15:00,8.91,8.93,8.88,8.89,11638.98
2026-03-08 14:30:00,8.89,8.92,8.87,8.88,16406.27
2026-03-08 14:45:00,8.87,8.9,8.86,8.9,5825.9
2026-03-08 15:00:00,8.9,8.9,8.87,8.89,10552.24
2026-03-08 15:15:00,8.88,8.9,8.86,8.86,6253.23
2026-03-08 15:30:00,8.86,8.87,8.84,8.86,10296.41
2026-03-08 15:45:00,8.86,8.88,8.85,8.88,11340.66
2026-03-08 16:00:00,8.87,8.88,8.85,8.85,5782.56
2026-03-08 16:15:00,8.86,8.86,8.84,8.85,9831.21
2026-03-08 16:30:00,8.86,8.86,8.82,8.85,16434.42
2026-03-08 16:45:00,8.85,8.85,8.82,8.83,11161.11
2026-03-08 17:00:00,8.84,8.89,8.83,8.86,10100.91
2026-03-08 17:15:00,8.87,8.88,8.86,8.86,4185.11
2026-03-08 17:30:00,8.86,8.86,8.85,8.85,4163.66
2026-03-08 17:45:00,8.85,8.87,8.85,8.86,5277.36
2026-03-08 18:00:00,8.86,8.87,8.84,8.85,9478.14
2026-03-08 18:15:00,8.84,8.86,8.82,8.84,15520.21
2026-03-08 18:30:00,8.84,8.86,8.83,8.83,4366.97
2026-03-08 18:45:00,8.83,8.86,8.82,8.85,6681.68
2026-03-08 19:00:00,8.86,8.91,8.85,8.9,18040.44
2026-03-08 19:15:00,8.91,8.97,8.9,8.96,25181.37
2026-03-08 19:30:00,8.96,8.98,8.95,8.98,22004.87
2026-03-08 19:45:00,8.98,8.98,8.95,8.96,5251.84
2026-03-08 20:00:00,8.96,8.97,8.93,8.94,10682.72
2026-03-08 20:15:00,8.94,8.95,8.92,8.93,8820.49
2026-03-08 20:30:00,8.92,8.99,8.92,8.97,19061.45
2026-03-08 20:45:00,8.97,8.97,8.94,8.94,4145.43
2026-03-08 21:00:00,8.94,8.95,8.86,8.88,26770.95
2026-03-08 21:15:00,8.88,8.9,8.87,8.89,10329.48
2026-03-08 21:30:00,8.89,8.92,8.89,8.91,3893.81
2026-03-08 21:45:00,8.91,8.92,8.9,8.91,2439.59
2026-03-08 22:00:00,8.9,8.9,8.69,8.79,246178.56
2026-03-08 22:15:00,8.79,8.81,8.72,8.79,59685.31
2026-03-08 22:30:00,8.79,8.85,8.75,8.82,75582.8
2026-03-08 22:45:00,8.82,8.87,8.82,8.85,19260.5
2026-03-08 23:00:00,8.85,8.89,8.83,8.85,28273.73
2026-03-08 23:15:00,8.85,8.88,8.84,8.88,14674.7
2026-03-08 23:30:00,8.88,8.88,8.82,8.82,22808.0
2026-03-08 23:45:00,8.82,8.84,8.8,8.82,23802.47
2026-03-09 00:00:00,8.82,8.89,8.82,8.88,18752.5
2026-03-09 00:15:00,8.89,8.9,8.83,8.89,10599.03
2026-03-09 00:30:00,8.9,8.98,8.89,8.93,36115.18
2026-03-09 00:45:00,8.94,8.95,8.89,8.91,8714.3
2026-03-09 01:00:00,8.9,8.91,8.85,8.87,15200.95
2026-03-09 01:15:00,8.87,8.93,8.87,8.89,11036.56
2026-03-09 01:30:00,8.9,8.93,8.88,8.92,18555.09
2026-03-09 01:45:00,8.91,8.92,8.84,8.84,14716.04
2026-03-09 02:00:00,8.84,8.87,8.82,8.84,17050.79
2026-03-09 02:15:00,8.84,8.85,8.81,8.84,7709.54
2026-03-09 02:30:00,8.84,8.94,8.82,8.93,21884.33
2026-03-09 02:45:00,8.93,8.94,8.91,8.92,8980.68
2026-03-09 03:00:00,8.91,9.07,8.91,9.06,109531.12
2026-03-09 03:15:00,9.06,9.09,8.97,8.98,38984.29
2026-03-09 03:30:00,8.99,9.01,8.95,8.96,23937.37
2026-03-09 03:45:00,8.95,8.98,8.95,8.97,7746.08
2026-03-09 04:00:00,8.98,9.0,8.98,8.98,7834.23
2026-03-09 04:15:00,8.98,9.04,8.97,9.04,14172.45
2026-03-09 04:30:00,9.03,9.04,9.02,9.04,11443.51
2026-03-09 04:45:00,9.04,9.04,8.99,8.99,16921.19
2026-03-09 05:00:00,8.99,9.01,8.98,8.99,12626.05
2026-03-09 05:15:00,8.99,9.05,8.99,9.04,17810.13
2026-03-09 05:30:00,9.05,9.21,9.04,9.18,103970.67
2026-03-09 05:45:00,9.17,9.26,9.17,9.21,167351.54
2026-03-09 06:00:00,9.21,9.25,9.21,9.24,121489.35
2026-03-09 06:15:00,9.24,9.29,9.22,9.24,113649.43
2026-03-09 06:30:00,9.25,9.25,9.14,9.16,71348.51
2026-03-09 06:45:00,9.15,9.15,9.12,9.12,26623.82
2026-03-09 07:00:00,9.13,9.13,9.05,9.05,68146.03
2026-03-09 07:15:00,9.05,9.09,9.02,9.08,45525.67
2026-03-09 07:30:00,9.07,9.12,9.07,9.11,17652.93
2026-03-09 07:45:00,9.11,9.11,9.05,9.08,14384.39
2026-03-09 08:00:00,9.08,9.15,9.07,9.13,43123.84
2026-03-09 08:15:00,9.13,9.16,9.09,9.15,26882.7
2026-03-09 08:30:00,9.15,9.16,9.1,9.12,28748.14
2026-03-09 08:45:00,9.11,9.13,9.08,9.09,16538.76
2026-03-09 09:00:00,9.08,9.09,9.05,9.08,27160.47
2026-03-09 09:15:00,9.08,9.12,9.07,9.1,13555.71
2026-03-09 09:30:00,9.1,9.18,9.09,9.16,55856.56
2026-03-09 09:45:00,9.16,9.18,9.1,9.11,26489.01
2026-03-09 10:00:00,9.11,9.12,9.09,9.1,12443.62
2026-03-09 10:15:00,9.1,9.1,9.08,9.08,11641.6
2026-03-09 10:30:00,9.08,9.09,9.04,9.06,19163.49
2026-03-09 10:45:00,9.06,9.07,9.04,9.07,11477.59
2026-03-09 11:00:00,9.06,9.08,9.05,9.06,6533.68
2026-03-09 11:15:00,9.06,9.06,9.02,9.02,27285.39
2026-03-09 11:30:00,9.02,9.1,9.02,9.08,17686.09
2026-03-09 11:45:00,9.09,9.1,9.06,9.09,8718.92
2026-03-09 12:00:00,9.08,9.12,9.08,9.09,10136.76
2026-03-09 12:15:00,9.1,9.15,9.09,9.14,21337.57
2026-03-09 12:30:00,9.15,9.17,9.11,9.15,45080.71
2026-03-09 12:45:00,9.15,9.16,9.12,9.14,10499.27
2026-03-09 13:00:00,9.13,9.18,9.12,9.17,11428.94
2026-03-09 13:15:00,9.17,9.23,9.15,9.21,35553.41
2026-03-09 13:30:00,9.2,9.29,9.19,9.28,78374.12
2026-03-09 13:45:00,9.28,9.33,9.26,9.29,77217.9
2026-03-09 14:00:00,9.28,9.3,9.2,9.23,65987.39
2026-03-09 14:15:00,9.24,9.32,9.24,9.29,92288.84
2026-03-09 14:30:00,9.28,9.32,9.27,9.29,57674.15
2026-03-09 14:45:00,9.3,9.3,9.25,9.25,28306.51
2026-03-09 15:00:00,9.26,9.27,9.22,9.26,25300.99
2026-03-09 15:15:00,9.26,9.28,9.23,9.24,19105.4
2026-03-09 15:30:00,9.24,9.27,9.21,9.24,16123.42
2026-03-09 15:45:00,9.24,9.29,9.24,9.28,21427.41
2026-03-09 16:00:00,9.27,9.32,9.27,9.3,34659.18
2026-03-09 16:15:00,9.31,9.34,9.28,9.33,40165.88
2026-03-09 16:30:00,9.33,9.33,9.27,9.3,29718.03
2026-03-09 16:45:00,9.3,9.33,9.27,9.29,19189.89
2026-03-09 17:00:00,9.29,9.32,9.28,9.31,21557.2
2026-03-09 17:15:00,9.32,9.33,9.28,9.3,31095.11
2026-03-09 17:30:00,9.3,9.31,9.23,9.25,46016.76
2026-03-09 17:45:00,9.26,9.29,9.24,9.25,25524.91
2026-03-09 18:00:00,9.26,9.26,9.21,9.25,14932.86
2026-03-09 18:15:00,9.24,9.28,9.23,9.27,21936.8
2026-03-09 18:30:00,9.27,9.31,9.27,9.29,20269.46
2026-03-09 18:45:00,9.28,9.3,9.24,9.25,12766.41
2026-03-09 19:00:00,9.25,9.27,9.23,9.24,18956.79
2026-03-09 19:15:00,9.24,9.48,9.23,9.47,150154.11
2026-03-09 19:30:00,9.48,9.53,9.38,9.41,119571.03
2026-03-09 19:45:00,9.4,9.41,9.36,9.39,31442.55
2026-03-09 20:00:00,9.39,9.42,9.36,9.4,32833.94
2026-03-09 20:15:00,9.4,9.43,9.39,9.4,32506.49
2026-03-09 20:30:00,9.4,9.42,9.35,9.39,35671.17
2026-03-09 20:45:00,9.39,9.39,9.34,9.37,38275.84
2026-03-09 21:00:00,9.36,9.4,9.36,9.37,15641.54
2026-03-09 21:15:00,9.37,9.38,9.34,9.35,32967.08
2026-03-09 21:30:00,9.34,9.37,9.33,9.34,39893.7
2026-03-09 21:45:00,9.34,9.37,9.33,9.36,12923.89
2026-03-09 22:00:00,9.35,9.38,9.31,9.33,17993.2
2026-03-09 22:15:00,9.34,9.34,9.3,9.32,8170.55
2026-03-09 22:30:00,9.32,9.32,9.27,9.28,24028.87
2026-03-09 22:45:00,9.28,9.28,9.23,9.26,35060.02
2026-03-09 23:00:00,9.25,9.29,9.24,9.29,12226.79
2026-03-09 23:15:00,9.29,9.29,9.24,9.24,5825.34
2026-03-09 23:30:00,9.24,9.27,9.24,9.25,4391.48
2026-03-09 23:45:00,9.25,9.28,9.23,9.26,16210.26
2026-03-10 00:00:00,9.26,9.28,9.25,9.26,17646.01
2026-03-10 00:15:00,9.27,9.34,9.27,9.34,16252.88
2026-03-10 00:30:00,9.33,9.37,9.31,9.36,31177.75
2026-03-10 00:45:00,9.36,9.37,9.32,9.32,23770.92
2026-03-10 01:00:00,9.32,9.37,9.32,9.37,11552.91
2026-03-10 01:15:00,9.37,9.38,9.33,9.34,14576.47
2026-03-10 01:30:00,9.34,9.36,9.31,9.32,14894.68
2026-03-10 01:45:00,9.32,9.38,9.32,9.35,16573.64
2026-03-10 02:00:00,9.35,9.36,9.32,9.34,12905.3
2026-03-10 02:15:00,9.34,9.36,9.32,9.35,16933.09
2026-03-10 02:30:00,9.36,9.5,9.35,9.48,68843.21
2026-03-10 02:45:00,9.48,9.51,9.44,9.45,26610.34
2026-03-10 03:00:00,9.45,9.47,9.43,9.45,17683.88
2026-03-10 03:15:00,9.45,9.46,9.42,9.43,21831.81
2026-03-10 03:30:00,9.43,9.43,9.36,9.38,29650.16
2026-03-10 03:45:00,9.37,9.37,9.31,9.33,24742.53
2026-03-10 04:00:00,9.33,9.41,9.33,9.41,23587.77
2026-03-10 04:15:00,9.4,9.48,9.4,9.46,21723.59
2026-03-10 04:30:00,9.45,9.46,9.43,9.44,8757.92
2026-03-10 04:45:00,9.43,9.44,9.42,9.44,6693.61
2026-03-10 05:00:00,9.43,9.43,9.4,9.4,20787.82
2026-03-10 05:15:00,9.4,9.43,9.4,9.4,9434.72
2026-03-10 05:30:00,9.4,9.41,9.38,9.38,13045.79
2026-03-10 05:45:00,9.39,9.4,9.37,9.39,4269.21
2026-03-10 06:00:00,9.38,9.39,9.36,9.37,10422.72
2026-03-10 06:15:00,9.36,9.37,9.33,9.37,7773.92
2026-03-10 06:30:00,9.36,9.38,9.35,9.36,10623.19
2026-03-10 06:45:00,9.36,9.37,9.34,9.35,15964.9
2026-03-10 07:00:00,9.35,9.38,9.34,9.36,27530.76
2026-03-10 07:15:00,9.36,9.41,9.36,9.39,12727.61
2026-03-10 07:30:00,9.38,9.4,9.37,9.39,9987.07
2026-03-10 07:45:00,9.38,9.41,9.38,9.41,7123.8
2026-03-10 08:00:00,9.41,9.45,9.4,9.44,19741.03
2026-03-10 08:15:00,9.44,9.46,9.4,9.41,18597.0
2026-03-10 08:30:00,9.42,9.47,9.42,9.45,27339.2
2026-03-10 08:45:00,9.45,9.45,9.42,9.43,6435.47
2026-03-10 09:00:00,9.44,9.49,9.43,9.47,16246.78
2026-03-10 09:15:00,9.48,9.56,9.46,9.56,50056.67
2026-03-10 09:30:00,9.56,9.57,9.54,9.55,24639.24
2026-03-10 09:45:00,9.56,9.6,9.54,9.58,26036.84
2026-03-10 10:00:00,9.57,9.59,9.54,9.55,20882.86
2026-03-10 10:15:00,9.55,9.55,9.52,9.53,6999.87
2026-03-10 10:30:00,9.53,9.55,9.49,9.49,14893.64
2026-03-10 10:45:00,9.5,9.55,9.49,9.53,21997.01
2026-03-10 11:00:00,9.54,9.55,9.49,9.52,26099.86
2026-03-10 11:15:00,9.53,9.59,9.52,9.55,35638.36
2026-03-10 11:30:00,9.55,9.57,9.53,9.53,12457.9
2026-03-10 11:45:00,9.53,9.53,9.48,9.5,30047.56
2026-03-10 12:00:00,9.49,9.5,9.43,9.43,21846.61
2026-03-10 12:15:00,9.43,9.45,9.42,9.42,6714.92
2026-03-10 12:30:00,9.42,9.45,9.4,9.42,9202.44
2026-03-10 12:45:00,9.42,9.45,9.42,9.44,11435.79
2026-03-10 13:00:00,9.44,9.49,9.43,9.46,9469.18
2026-03-10 13:15:00,9.47,9.48,9.45,9.46,6898.05
2026-03-10 13:30:00,9.46,9.46,9.33,9.37,56704.15
2026-03-10 13:45:00,9.37,9.42,9.37,9.38,20687.78
2026-03-10 14:00:00,9.38,9.41,9.31,9.33,39391.35
2026-03-10 14:15:00,9.33,9.41,9.31,9.39,20559.22
2026-03-10 14:30:00,9.4,9.49,9.39,9.48,47459.63
2026-03-10 14:45:00,9.49,9.67,9.47,9.65,121235.82
2026-03-10 15:00:00,9.64,9.81,9.64,9.71,452489.87
2026-03-10 15:15:00,9.71,9.74,9.62,9.66,96989.37
2026-03-10 15:30:00,9.65,9.71,9.64,9.66,51033.61
2026-03-10 15:45:00,9.66,9.77,9.65,9.77,58814.74
2026-03-10 16:00:00,9.77,9.78,9.69,9.75,46631.32
2026-03-10 16:15:00,9.74,9.96,9.74,9.89,287235.83
2026-03-10 16:30:00,9.9,9.93,9.85,9.87,83338.03
2026-03-10 16:45:00,9.87,9.87,9.79,9.84,59055.51
2026-03-10 17:00:00,9.83,9.88,9.82,9.86,69586.74
2026-03-10 17:15:00,9.87,9.96,9.86,9.9,99715.1
2026-03-10 17:30:00,9.9,9.94,9.83,9.85,100864.65
2026-03-10 17:45:00,9.85,9.89,9.82,9.88,48182.15
2026-03-10 18:00:00,9.87,9.89,9.77,9.79,72274.09
2026-03-10 18:15:00,9.79,9.82,9.73,9.73,79967.78
2026-03-10 18:30:00,9.73,9.75,9.64,9.67,57616.36
2026-03-10 18:45:00,9.67,9.68,9.61,9.63,44755.68
2026-03-10 19:00:00,9.63,9.65,9.58,9.59,37953.89
2026-03-10 19:15:00,9.6,9.64,9.56,9.58,34516.8
2026-03-10 19:30:00,9.57,9.63,9.55,9.61,31273.08
2026-03-10 19:45:00,9.6,9.62,9.57,9.6,15800.47
2026-03-10 20:00:00,9.6,9.66,9.59,9.63,17773.37
2026-03-10 20:15:00,9.63,9.66,9.61,9.65,16977.88
2026-03-10 20:30:00,9.64,9.66,9.61,9.62,10852.71
2026-03-10 20:45:00,9.62,9.63,9.6,9.63,15361.34
2026-03-10 21:00:00,9.63,9.66,9.61,9.62,20097.0
2026-03-10 21:15:00,9.62,9.63,9.56,9.58,14923.76
2026-03-10 21:30:00,9.58,9.59,9.54,9.56,29843.05
2026-03-10 21:45:00,9.55,9.55,9.51,9.54,27315.71
2026-03-10 22:00:00,9.55,9.57,9.51,9.54,21003.46
2026-03-10 22:15:00,9.53,9.59,9.51,9.56,14326.6
2026-03-10 22:30:00,9.56,9.56,9.53,9.54,14393.74
2026-03-10 22:45:00,9.54,9.54,9.5,9.5,6588.98
2026-03-10 23:00:00,9.5,9.54,9.5,9.52,20899.28
2026-03-10 23:15:00,9.52,9.53,9.49,9.5,19914.09
2026-03-10 23:30:00,9.5,9.52,9.49,9.51,13392.03
2026-03-10 23:45:00,9.51,9.54,9.5,9.53,9359.93
2026-03-11 00:00:00,9.53,9.55,9.52,9.53,28203.29
2026-03-11 00:15:00,9.52,9.54,9.52,9.54,11608.8
2026-03-11 00:30:00,9.54,9.55,9.5,9.51,19448.31
2026-03-11 00:45:00,9.51,9.59,9.51,9.56,28509.94
2026-03-11 01:00:00,9.56,9.56,9.52,9.54,12794.42
2026-03-11 01:15:00,9.53,9.53,9.5,9.53,10940.62
2026-03-11 01:30:00,9.52,9.54,9.5,9.54,16755.71
2026-03-11 01:45:00,9.53,9.57,9.52,9.56,20508.99
2026-03-11 02:00:00,9.56,9.56,9.53,9.53,7448.59
2026-03-11 02:15:00,9.54,9.56,9.53,9.54,8297.8
2026-03-11 02:30:00,9.54,9.54,9.48,9.5,26195.35
2026-03-11 02:45:00,9.5,9.57,9.49,9.57,12586.84
2026-03-11 03:00:00,9.56,9.6,9.56,9.57,21305.45
2026-03-11 03:15:00,9.57,9.59,9.55,9.56,18518.54
2026-03-11 03:30:00,9.56,9.56,9.54,9.56,9572.87
2026-03-11 03:45:00,9.56,9.56,9.54,9.54,7392.01
2026-03-11 04:00:00,9.55,9.56,9.52,9.56,13262.57
2026-03-11 04:15:00,9.57,9.65,9.56,9.64,24772.03
2026-03-11 04:30:00,9.65,9.66,9.63,9.65,17035.58
2026-03-11 04:45:00,9.65,9.7,9.64,9.7,21622.97
2026-03-11 05:00:00,9.69,9.74,9.65,9.65,21228.64
2026-03-11 05:15:00,9.66,9.67,9.59,9.61,19886.08
2026-03-11 05:30:00,9.61,9.61,9.5,9.52,19616.88
2026-03-11 05:45:00,9.53,9.53,9.49,9.5,20205.96
2026-03-11 06:00:00,9.5,9.53,9.49,9.52,10902.17
2026-03-11 06:15:00,9.52,9.59,9.52,9.58,15101.99
2026-03-11 06:30:00,9.57,9.62,9.57,9.6,21923.71
2026-03-11 06:45:00,9.59,9.63,9.57,9.62,21798.52
2026-03-11 07:00:00,9.62,9.62,9.58,9.6,20562.03
2026-03-11 07:15:00,9.59,9.59,9.55,9.56,5207.59
2026-03-11 07:30:00,9.55,9.56,9.49,9.5,13157.18
2026-03-11 07:45:00,9.5,9.53,9.5,9.51,9997.79
2026-03-11 08:00:00,9.51,9.54,9.51,9.53,13064.5
2026-03-11 08:15:00,9.52,9.53,9.49,9.51,16431.04
2026-03-11 08:30:00,9.51,9.57,9.51,9.55,35162.26
2026-03-11 08:45:00,9.55,9.56,9.53,9.55,5061.88
2026-03-11 09:00:00,9.55,9.57,9.53,9.56,7857.4
2026-03-11 09:15:00,9.56,9.57,9.55,9.55,4417.56
2026-03-11 09:30:00,9.55,9.55,9.51,9.54,18060.46
2026-03-11 09:45:00,9.54,9.56,9.5,9.52,6682.27
2026-03-11 10:00:00,9.52,9.55,9.51,9.54,10322.36
2026-03-11 10:15:00,9.55,9.57,9.53,9.56,4034.78
2026-03-11 10:30:00,9.57,9.6,9.56,9.59,11331.2
2026-03-11 10:45:00,9.6,9.6,9.57,9.58,4947.2
2026-03-11 11:00:00,9.58,9.62,9.57,9.61,10456.79
2026-03-11 11:15:00,9.62,9.62,9.55,9.56,8369.99
2026-03-11 11:30:00,9.56,9.58,9.54,9.55,6058.18
2026-03-11 11:45:00,9.55,9.59,9.55,9.55,14039.34
2026-03-11 12:00:00,9.56,9.57,9.52,9.56,15798.64
2026-03-11 12:15:00,9.57,9.62,9.55,9.61,14425.27
2026-03-11 12:30:00,9.62,9.68,9.58,9.6,75057.08
2026-03-11 12:45:00,9.6,9.61,9.57,9.6,20473.72
2026-03-11 13:00:00,9.61,9.71,9.6,9.69,21165.34
2026-03-11 13:15:00,9.68,9.72,9.67,9.71,33737.92
2026-03-11 13:30:00,9.71,9.86,9.71,9.77,71735.83
2026-03-11 13:45:00,9.78,9.79,9.66,9.72,38499.1
2026-03-11 14:00:00,9.71,9.77,9.65,9.68,48119.75
2026-03-11 14:15:00,9.68,9.75,9.67,9.73,21905.21
2026-03-11 14:30:00,9.73,9.77,9.69,9.75,27589.92
2026-03-11 14:45:00,9.76,9.79,9.68,9.68,23893.78
2026-03-11 15:00:00,9.69,9.7,9.57,9.6,42754.89
2026-03-11 15:15:00,9.6,9.64,9.57,9.59,20615.38
2026-03-11 15:30:00,9.59,9.6,9.51,9.57,35934.46
2026-03-11 15:45:00,9.56,9.61,9.53,9.6,27344.72
2026-03-11 16:00:00,9.6,9.62,9.57,9.61,23478.19
2026-03-11 16:15:00,9.61,9.63,9.59,9.61,22522.27
2026-03-11 16:30:00,9.61,9.67,9.59,9.66,43183.6
2026-03-11 16:45:00,9.65,9.68,9.62,9.64,15209.77
2026-03-11 17:00:00,9.64,9.7,9.63,9.69,21021.95
2026-03-11 17:15:00,9.69,9.75,9.68,9.73,39786.67
2026-03-11 17:30:00,9.72,9.73,9.61,9.66,26069.02
2026-03-11 17:45:00,9.66,9.68,9.63,9.68,28676.22
2026-03-11 18:00:00,9.68,9.72,9.67,9.7,33324.35
2026-03-11 18:15:00,9.71,9.74,9.69,9.72,33070.05
2026-03-11 18:30:00,9.72,9.75,9.69,9.71,71459.26
2026-03-11 18:45:00,9.71,9.76,9.7,9.74,17168.34
2026-03-11 19:00:00,9.74,9.75,9.7,9.71,14879.9
2026-03-11 19:15:00,9.71,9.73,9.69,9.71,10910.85
2026-03-11 19:30:00,9.71,9.74,9.69,9.71,10557.01
2026-03-11 19:45:00,9.71,9.72,9.69,9.7,20453.09
2026-03-11 20:00:00,9.7,9.71,9.67,9.67,7535.0
2026-03-11 20:15:00,9.68,9.69,9.65,9.65,8233.55
2026-03-11 20:30:00,9.66,9.67,9.64,9.65,7453.38
2026-03-11 20:45:00,9.66,9.68,9.64,9.67,36264.85
2026-03-11 21:00:00,9.67,9.67,9.63,9.64,17778.14
2026-03-11 21:15:00,9.63,9.64,9.61,9.63,13630.58
2026-03-11 21:30:00,9.63,9.66,9.63,9.63,16085.04
2026-03-11 21:45:00,9.62,9.66,9.62,9.65,21668.45
2026-03-11 22:00:00,9.64,9.66,9.59,9.64,34910.42
2026-03-11 22:15:00,9.65,9.65,9.6,9.61,10206.15
2026-03-11 22:30:00,9.61,9.62,9.58,9.6,32816.59
2026-03-11 22:45:00,9.6,9.62,9.59,9.6,5732.04
2026-03-11 23:00:00,9.61,9.62,9.59,9.6,10342.91
2026-03-11 23:15:00,9.6,9.6,9.57,9.58,8131.77
2026-03-11 23:30:00,9.58,9.58,9.55,9.55,6592.75
2026-03-11 23:45:00,9.55,9.56,9.53,9.55,19814.93
2026-03-12 00:00:00,9.56,9.57,9.54,9.55,18100.61
2026-03-12 00:15:00,9.54,9.56,9.53,9.54,25677.95
2026-03-12 00:30:00,9.54,9.55,9.52,9.54,18327.15
2026-03-12 00:45:00,9.54,9.55,9.54,9.55,4241.83
2026-03-12 01:00:00,9.54,9.55,9.5,9.52,10906.29
2026-03-12 01:15:00,9.52,9.53,9.51,9.52,7791.26
2026-03-12 01:30:00,9.52,9.53,9.49,9.53,16529.43
2026-03-12 01:45:00,9.53,9.53,9.5,9.51,22597.1
2026-03-12 02:00:00,9.51,9.53,9.49,9.51,11920.14
2026-03-12 02:15:00,9.51,9.52,9.47,9.5,17090.64
2026-03-12 02:30:00,9.49,9.5,9.47,9.5,34266.33
2026-03-12 02:45:00,9.5,9.52,9.43,9.45,29531.1
2026-03-12 03:00:00,9.45,9.47,9.44,9.46,13254.73
2026-03-12 03:15:00,9.46,9.49,9.46,9.48,7557.65
2026-03-12 03:30:00,9.49,9.52,9.48,9.5,14475.4
2026-03-12 03:45:00,9.5,9.51,9.47,9.49,10534.1
2026-03-12 04:00:00,9.49,9.53,9.48,9.51,12227.48
2026-03-12 04:15:00,9.51,9.52,9.49,9.49,8228.37
2026-03-12 04:30:00,9.49,9.5,9.47,9.49,7190.28
2026-03-12 04:45:00,9.5,9.5,9.47,9.48,11412.24
2026-03-12 05:00:00,9.48,9.5,9.46,9.46,5450.3
2026-03-12 05:15:00,9.46,9.48,9.45,9.45,7837.03
2026-03-12 05:30:00,9.45,9.48,9.45,9.47,7494.58
2026-03-12 05:45:00,9.48,9.48,9.46,9.47,2000.52
2026-03-12 06:00:00,9.47,9.5,9.46,9.5,7727.66
2026-03-12 06:15:00,9.5,9.52,9.49,9.51,14912.47
2026-03-12 06:30:00,9.51,9.54,9.51,9.54,13269.47
2026-03-12 06:45:00,9.54,9.55,9.52,9.53,8014.34
2026-03-12 07:00:00,9.53,9.54,9.5,9.52,13880.93
2026-03-12 07:15:00,9.53,9.54,9.52,9.53,33348.35
2026-03-12 07:30:00,9.52,9.57,9.52,9.57,10730.04
2026-03-12 07:45:00,9.57,9.59,9.56,9.59,13049.9
2026-03-12 08:00:00,9.58,9.62,9.58,9.59,16382.69
2026-03-12 08:15:00,9.58,9.65,9.58,9.6,17463.05
2026-03-12 08:30:00,9.6,9.61,9.54,9.56,9486.94
2026-03-12 08:45:00,9.56,9.58,9.56,9.58,4388.33
2026-03-12 09:00:00,9.58,9.6,9.55,9.56,16094.61
2026-03-12 09:15:00,9.56,9.56,9.51,9.53,13056.26
2026-03-12 09:30:00,9.53,9.64,9.53,9.62,23330.32
2026-03-12 09:45:00,9.63,9.64,9.56,9.59,20547.16
2026-03-12 10:00:00,9.58,9.6,9.57,9.58,20019.36
2026-03-12 10:15:00,9.58,9.63,9.58,9.63,15153.23
2026-03-12 10:30:00,9.62,9.66,9.59,9.64,39440.05
2026-03-12 10:45:00,9.63,9.65,9.6,9.62,9611.48
2026-03-12 11:00:00,9.61,9.63,9.56,9.56,11035.89
2026-03-12 11:15:00,9.57,9.6,9.56,9.59,3988.12
2026-03-12 11:30:00,9.59,9.61,9.58,9.6,9714.28
2026-03-12 11:45:00,9.6,9.61,9.55,9.57,25634.32
2026-03-12 12:00:00,9.58,9.58,9.54,9.57,11462.16
2026-03-12 12:15:00,9.57,9.61,9.56,9.6,13803.98
2026-03-12 12:30:00,9.6,9.61,9.57,9.61,8520.83
2026-03-12 12:45:00,9.61,9.65,9.6,9.61,23395.14
2026-03-12 13:00:00,9.61,9.63,9.59,9.6,6057.94
2026-03-12 13:15:00,9.59,9.59,9.53,9.58,16091.57
2026-03-12 13:30:00,9.57,9.64,9.55,9.59,34888.12
2026-03-12 13:45:00,9.58,9.6,9.51,9.57,34963.0
2026-03-12 14:00:00,9.57,9.61,9.56,9.59,51981.41
2026-03-12 14:15:00,9.6,9.64,9.52,9.52,49316.16
2026-03-12 14:30:00,9.52,9.53,9.44,9.48,41315.37
2026-03-12 14:45:00,9.48,9.51,9.46,9.51,25602.73
2026-03-12 15:00:00,9.5,9.54,9.49,9.54,19111.72
2026-03-12 15:15:00,9.54,9.61,9.52,9.6,25155.97
2026-03-12 15:30:00,9.6,9.63,9.58,9.61,22842.56
2026-03-12 15:45:00,9.61,9.62,9.56,9.59,21355.69
2026-03-12 16:00:00,9.59,9.61,9.53,9.58,14640.13
2026-03-12 16:15:00,9.58,9.62,9.56,9.56,20883.28
2026-03-12 16:30:00,9.56,9.62,9.55,9.62,25137.66
2026-03-12 16:45:00,9.62,9.62,9.58,9.59,15487.91
2026-03-12 17:00:00,9.6,9.61,9.57,9.6,8908.66
2026-03-12 17:15:00,9.59,9.6,9.56,9.57,9298.85
2026-03-12 17:30:00,9.57,9.59,9.56,9.57,4564.63
2026-03-12 17:45:00,9.56,9.59,9.52,9.55,10376.16
2026-03-12 18:00:00,9.56,9.58,9.53,9.58,6244.7
2026-03-12 18:15:00,9.58,9.59,9.54,9.58,8150.86
2026-03-12 18:30:00,9.58,9.59,9.55,9.55,11429.27
2026-03-12 18:45:00,9.55,9.57,9.53,9.54,7390.49
2026-03-12 19:00:00,9.54,9.57,9.52,9.56,10557.37
2026-03-12 19:15:00,9.56,9.61,9.55,9.61,11745.75
2026-03-12 19:30:00,9.6,9.62,9.58,9.59,22686.29
2026-03-12 19:45:00,9.59,9.62,9.58,9.61,9239.09
2026-03-12 20:00:00,9.6,9.62,9.59,9.61,9879.74
2026-03-12 20:15:00,9.61,9.62,9.59,9.61,15998.03
2026-03-12 20:30:00,9.61,9.62,9.59,9.61,8530.93
2026-03-12 20:45:00,9.6,9.61,9.59,9.61,1982.79
2026-03-12 21:00:00,9.61,9.66,9.61,9.65,18613.68
2026-03-12 21:15:00,9.65,9.65,9.62,9.63,7210.44
2026-03-12 21:30:00,9.63,9.63,9.61,9.63,4532.59
2026-03-12 21:45:00,9.63,9.67,9.63,9.66,10696.14
2026-03-12 22:00:00,9.65,9.69,9.64,9.68,24118.69
2026-03-12 22:15:00,9.69,9.69,9.64,9.65,9699.63
2026-03-12 22:30:00,9.65,9.66,9.64,9.65,9151.62
2026-03-12 22:45:00,9.65,9.66,9.62,9.65,24014.92
2026-03-12 23:00:00,9.65,9.74,9.65,9.73,73943.98
2026-03-12 23:15:00,9.73,9.73,9.66,9.69,42152.05
2026-03-12 23:30:00,9.68,9.69,9.66,9.68,15006.02
2026-03-12 23:45:00,9.69,9.7,9.66,9.67,9990.0
2026-03-13 00:00:00,9.67,9.72,9.65,9.72,27506.47
2026-03-13 00:15:00,9.72,9.91,9.72,9.86,146932.09
2026-03-13 00:30:00,9.87,9.95,9.82,9.83,98675.56
2026-03-13 00:45:00,9.83,9.84,9.78,9.82,56085.91
2026-03-13 01:00:00,9.82,9.89,9.82,9.89,50438.6
2026-03-13 01:15:00,9.89,9.92,9.87,9.89,44756.28
2026-03-13 01:30:00,9.89,9.94,9.85,9.94,34957.71
2026-03-13 01:45:00,9.94,9.97,9.92,9.95,38509.21
2026-03-13 02:00:00,9.96,10.01,9.92,10.0,111944.73
2026-03-13 02:15:00,10.0,10.01,9.95,9.95,47697.81
2026-03-13 02:30:00,9.96,9.97,9.89,9.9,43142.82
2026-03-13 02:45:00,9.9,9.91,9.86,9.89,39225.63
2026-03-13 03:00:00,9.9,9.93,9.87,9.91,45040.06
2026-03-13 03:15:00,9.91,9.95,9.88,9.9,38286.71
2026-03-13 03:30:00,9.89,9.92,9.85,9.88,30027.29
2026-03-13 03:45:00,9.88,9.98,9.87,9.95,41306.62
2026-03-13 04:00:00,9.95,9.95,9.91,9.91,39045.76
2026-03-13 04:15:00,9.91,9.92,9.89,9.9,20739.6
2026-03-13 04:30:00,9.9,9.91,9.87,9.9,13795.34
2026-03-13 04:45:00,9.9,9.91,9.88,9.91,5965.71
2026-03-13 05:00:00,9.92,9.92,9.88,9.91,21117.68
2026-03-13 05:15:00,9.91,9.98,9.91,9.95,30497.46
2026-03-13 05:30:00,9.95,10.0,9.94,9.98,21938.3
2026-03-13 05:45:00,9.98,9.99,9.94,9.95,12628.97
2026-03-13 06:00:00,9.96,9.97,9.91,9.92,22917.24
2026-03-13 06:15:00,9.91,9.93,9.82,9.83,33890.9
2026-03-13 06:30:00,9.83,9.86,9.82,9.85,20543.7
2026-03-13 06:45:00,9.85,9.87,9.83,9.86,14770.49
2026-03-13 07:00:00,9.85,9.89,9.83,9.88,14866.4
2026-03-13 07:15:00,9.87,9.88,9.84,9.85,6738.33
2026-03-13 07:30:00,9.85,9.86,9.82,9.84,15666.92
2026-03-13 07:45:00,9.84,9.87,9.83,9.85,7759.63
2026-03-13 08:00:00,9.86,9.86,9.8,9.83,19183.25
2026-03-13 08:15:00,9.82,9.87,9.82,9.84,11332.52
2026-03-13 08:30:00,9.84,9.94,9.84,9.89,36616.84
2026-03-13 08:45:00,9.89,9.9,9.84,9.85,21842.53
2026-03-13 09:00:00,9.84,9.87,9.84,9.85,20388.33
2026-03-13 09:15:00,9.84,9.88,9.81,9.87,3850.6
2026-03-13 09:30:00,9.86,9.94,9.86,9.93,24862.57
2026-03-13 09:45:00,9.93,9.97,9.92,9.95,10956.26
2026-03-13 10:00:00,9.95,10.0,9.94,9.98,29971.21
2026-03-13 10:15:00,9.99,10.0,9.96,9.99,27356.12
2026-03-13 10:30:00,10.0,10.02,9.98,9.99,28638.71
2026-03-13 10:45:00,9.99,10.04,9.98,10.01,19228.93
2026-03-13 11:00:00,10.02,10.02,9.98,9.99,32061.57
2026-03-13 11:15:00,10.0,10.02,9.98,10.0,26130.58
2026-03-13 11:30:00,10.01,10.01,9.99,10.01,14381.54
2026-03-13 11:45:00,10.01,10.02,9.99,10.01,15832.18
2026-03-13 12:00:00,10.01,10.06,9.99,10.0,62054.47
2026-03-13 12:15:00,10.0,10.06,9.99,10.06,89854.38
2026-03-13 12:30:00,10.06,10.14,10.06,10.1,139951.69
2026-03-13 12:45:00,10.11,10.18,10.09,10.09,57033.01
2026-03-13 13:00:00,10.09,10.17,10.07,10.13,60633.37
2026-03-13 13:15:00,10.14,10.24,10.12,10.18,181481.71
2026-03-13 13:30:00,10.18,10.28,10.15,10.27,93645.53
2026-03-13 13:45:00,10.27,10.29,10.18,10.22,122970.07
2026-03-13 14:00:00,10.22,10.27,10.16,10.21,56625.33
2026-03-13 14:15:00,10.2,10.23,10.17,10.18,43106.44
2026-03-13 14:30:00,10.18,10.21,10.07,10.09,59602.86
2026-03-13 14:45:00,10.08,10.09,9.94,9.97,190757.48
2026-03-13 15:00:00,9.97,10.04,9.95,10.02,58385.04
2026-03-13 15:15:00,10.02,10.04,9.96,9.98,30335.11
2026-03-13 15:30:00,9.97,10.01,9.9,9.92,60095.79
2026-03-13 15:45:00,9.93,9.96,9.87,9.89,51367.65
2026-03-13 16:00:00,9.89,9.92,9.86,9.89,30901.1
2026-03-13 16:15:00,9.89,9.89,9.83,9.86,38282.29
2026-03-13 16:30:00,9.87,9.92,9.87,9.91,25187.85
2026-03-13 16:45:00,9.91,9.93,9.89,9.89,28887.46
2026-03-13 17:00:00,9.89,9.91,9.88,9.89,18282.32
2026-03-13 17:15:00,9.9,9.92,9.83,9.83,31450.03
2026-03-13 17:30:00,9.84,9.85,9.76,9.77,42795.84
2026-03-13 17:45:00,9.78,9.78,9.73,9.76,52617.28
2026-03-13 18:00:00,9.76,9.79,9.75,9.78,23529.93
2026-03-13 18:15:00,9.78,9.79,9.74,9.78,23954.98
2026-03-13 18:30:00,9.78,9.83,9.78,9.81,25263.5
2026-03-13 18:45:00,9.81,9.81,9.76,9.79,9377.99
2026-03-13 19:00:00,9.79,9.79,9.75,9.77,13510.8
2026-03-13 19:15:00,9.78,9.79,9.74,9.75,29036.2
2026-03-13 19:30:00,9.75,9.78,9.75,9.77,7251.98
2026-03-13 19:45:00,9.77,9.79,9.76,9.77,38296.41
2026-03-13 20:00:00,9.78,9.8,9.75,9.8,8845.32
2026-03-13 20:15:00,9.79,9.81,9.78,9.78,12368.03
2026-03-13 20:30:00,9.79,9.79,9.77,9.78,16506.64
2026-03-13 20:45:00,9.79,9.8,9.78,9.79,14727.59
2026-03-13 21:00:00,9.8,9.83,9.79,9.81,16319.72
2026-03-13 21:15:00,9.81,9.82,9.76,9.76,15102.66
2026-03-13 21:30:00,9.76,9.77,9.74,9.77,14433.11
2026-03-13 21:45:00,9.76,9.78,9.76,9.76,4209.1
2026-03-13 22:00:00,9.76,9.77,9.69,9.72,57532.43
2026-03-13 22:15:00,9.73,9.73,9.68,9.69,33902.76
2026-03-13 22:30:00,9.69,9.71,9.67,9.69,21361.95
2026-03-13 22:45:00,9.69,9.72,9.68,9.71,9905.48
2026-03-13 23:00:00,9.71,9.72,9.69,9.71,5360.04
2026-03-13 23:15:00,9.71,9.73,9.71,9.72,15166.6
2026-03-13 23:30:00,9.72,9.73,9.72,9.72,5751.51
2026-03-13 23:45:00,9.72,9.73,9.71,9.72,18562.76
2026-03-14 00:00:00,9.72,9.72,9.69,9.71,31574.49
2026-03-14 00:15:00,9.72,9.72,9.69,9.71,9518.13
2026-03-14 00:30:00,9.72,9.72,9.67,9.68,24691.08
2026-03-14 00:45:00,9.67,9.68,9.65,9.67,27697.55
2026-03-14 01:00:00,9.66,9.69,9.65,9.66,22478.61
2026-03-14 01:15:00,9.67,9.7,9.67,9.68,16844.15
2026-03-14 01:30:00,9.69,9.69,9.63,9.68,24207.92
2026-03-14 01:45:00,9.69,9.71,9.68,9.7,11700.92
2026-03-14 02:00:00,9.7,9.71,9.69,9.7,7422.14
2026-03-14 02:15:00,9.7,9.71,9.68,9.68,17136.89
2026-03-14 02:30:00,9.68,9.7,9.67,9.68,14473.83
2026-03-14 02:45:00,9.68,9.73,9.68,9.71,12412.35
2026-03-14 03:00:00,9.71,9.73,9.7,9.71,9650.51
2026-03-14 03:15:00,9.71,9.74,9.71,9.74,17309.41
2026-03-14 03:30:00,9.74,9.76,9.73,9.74,26377.06
2026-03-14 03:45:00,9.73,9.75,9.73,9.74,15906.19
2026-03-14 04:00:00,9.74,9.74,9.72,9.73,27352.03
2026-03-14 04:15:00,9.73,9.75,9.71,9.74,18217.36
2026-03-14 04:30:00,9.74,9.77,9.73,9.76,15985.5
2026-03-14 04:45:00,9.76,9.78,9.7,9.71,45519.58
2026-03-14 05:00:00,9.72,9.72,9.68,9.68,25542.82
2026-03-14 05:15:00,9.68,9.7,9.67,9.68,22995.49
2026-03-14 05:30:00,9.68,9.68,9.64,9.65,20950.41
2026-03-14 05:45:00,9.66,9.68,9.65,9.67,4075.01
2026-03-14 06:00:00,9.67,9.67,9.65,9.67,7774.42
2026-03-14 06:15:00,9.66,9.66,9.62,9.62,8185.19
2026-03-14 06:30:00,9.63,9.63,9.58,9.59,43385.32
2026-03-14 06:45:00,9.6,9.63,9.59,9.62,13797.54
2026-03-14 07:00:00,9.62,9.62,9.59,9.61,7015.69
2026-03-14 07:15:00,9.61,9.61,9.59,9.61,10371.56
2026-03-14 07:30:00,9.61,9.62,9.59,9.59,9090.9
2026-03-14 07:45:00,9.59,9.61,9.59,9.59,3207.37
2026-03-14 08:00:00,9.59,9.61,9.58,9.6,15622.73
2026-03-14 08:15:00,9.61,9.62,9.58,9.61,8938.5
2026-03-14 08:30:00,9.61,9.62,9.59,9.59,12408.63
2026-03-14 08:45:00,9.59,9.61,9.59,9.59,3797.58
2026-03-14 09:00:00,9.6,9.62,9.58,9.6,8650.73
2026-03-14 09:15:00,9.6,9.61,9.59,9.59,3881.13
2026-03-14 09:30:00,9.59,9.6,9.57,9.59,7911.84
2026-03-14 09:45:00,9.58,9.58,9.55,9.56,17269.38
2026-03-14 10:00:00,9.56,9.57,9.52,9.55,70359.89
2026-03-14 10:15:00,9.55,9.56,9.53,9.55,51573.53
2026-03-14 10:30:00,9.55,9.56,9.54,9.55,17591.87
2026-03-14 10:45:00,9.56,9.57,9.55,9.55,13164.72
2026-03-14 11:00:00,9.55,9.57,9.54,9.55,13779.12
2026-03-14 11:15:00,9.55,9.57,9.55,9.56,11017.34
2026-03-14 11:30:00,9.56,9.58,9.56,9.58,5820.26
2026-03-14 11:45:00,9.57,9.59,9.56,9.58,19302.44
2026-03-14 12:00:00,9.57,9.58,9.56,9.56,7101.17
2026-03-14 12:15:00,9.56,9.57,9.55,9.55,5964.24
2026-03-14 12:30:00,9.55,9.57,9.54,9.55,15117.9
2026-03-14 12:45:00,9.55,9.57,9.54,9.56,10485.94
2026-03-14 13:00:00,9.57,9.57,9.55,9.56,22242.23
2026-03-14 13:15:00,9.57,9.59,9.56,9.58,6954.56
2026-03-14 13:30:00,9.58,9.59,9.57,9.57,4221.18
2026-03-14 13:45:00,9.58,9.58,9.56,9.58,9354.46
2026-03-14 14:00:00,9.58,9.59,9.56,9.56,3328.87
2026-03-14 14:15:00,9.56,9.58,9.56,9.58,5461.57
2026-03-14 14:30:00,9.58,9.59,9.54,9.54,13472.17
2026-03-14 14:45:00,9.55,9.56,9.54,9.55,5447.99
2026-03-14 15:00:00,9.55,9.57,9.54,9.55,7996.39
2026-03-14 15:15:00,9.55,9.57,9.55,9.56,5137.75
2026-03-14 15:30:00,9.56,9.57,9.54,9.55,8921.82
2026-03-14 15:45:00,9.56,9.58,9.56,9.56,8073.8
2026-03-14 16:00:00,9.56,9.57,9.55,9.56,4713.4
2026-03-14 16:15:00,9.57,9.59,9.56,9.59,3291.92
2026-03-14 16:30:00,9.59,9.6,9.58,9.59,4844.22
2026-03-14 16:45:00,9.59,9.61,9.59,9.6,2308.94
2026-03-14 17:00:00,9.61,9.61,9.59,9.59,5274.87
2026-03-14 17:15:00,9.6,9.6,9.59,9.59,3840.74
2026-03-14 17:30:00,9.59,9.6,9.58,9.58,1729.05
2026-03-14 17:45:00,9.59,9.59,9.57,9.58,3884.49
2026-03-14 18:00:00,9.58,9.58,9.56,9.56,5395.79
2026-03-14 18:15:00,9.56,9.57,9.55,9.56,14027.29
2026-03-14 18:30:00,9.57,9.59,9.56,9.58,3821.24
2026-03-14 18:45:00,9.58,9.59,9.57,9.57,7329.78
2026-03-14 19:00:00,9.57,9.58,9.56,9.56,1651.31
2026-03-14 19:15:00,9.56,9.58,9.56,9.57,7172.7
2026-03-14 19:30:00,9.57,9.58,9.56,9.58,4750.3
2026-03-14 19:45:00,9.58,9.58,9.57,9.57,532.65
2026-03-14 20:00:00,9.57,9.59,9.56,9.57,9313.35
2026-03-14 20:15:00,9.58,9.58,9.57,9.57,2818.7
2026-03-14 20:30:00,9.58,9.6,9.56,9.6,5923.36
2026-03-14 20:45:00,9.6,9.6,9.59,9.59,6959.44
2026-03-14 21:00:00,9.59,9.6,9.57,9.58,12676.53
2026-03-14 21:15:00,9.59,9.6,9.57,9.57,4192.42
2026-03-14 21:30:00,9.58,9.59,9.57,9.58,2150.3
2026-03-14 21:45:00,9.59,9.62,9.58,9.61,8056.22
2026-03-14 22:00:00,9.62,9.64,9.61,9.61,25861.75
2026-03-14 22:15:00,9.61,9.63,9.61,9.62,4025.98
2026-03-14 22:30:00,9.62,9.63,9.62,9.63,1129.44
2026-03-14 22:45:00,9.63,9.63,9.62,9.62,9415.76
2026-03-14 23:00:00,9.63,9.72,9.63,9.7,40825.59
2026-03-14 23:15:00,9.7,9.71,9.67,9.69,11740.24
2026-03-14 23:30:00,9.69,9.7,9.67,9.7,10242.16
2026-03-14 23:45:00,9.7,9.73,9.7,9.73,12235.8
2026-03-15 00:00:00,9.73,9.74,9.69,9.72,29093.98
2026-03-15 00:15:00,9.72,9.73,9.68,9.69,22357.38
2026-03-15 00:30:00,9.69,9.71,9.68,9.71,8639.26
2026-03-15 00:45:00,9.7,9.7,9.68,9.69,6709.18
2026-03-15 01:00:00,9.69,9.7,9.65,9.66,14578.36
2026-03-15 01:15:00,9.66,9.69,9.66,9.69,3846.65
2026-03-15 01:30:00,9.69,9.71,9.68,9.7,9672.03
2026-03-15 01:45:00,9.7,9.73,9.69,9.71,6542.55
2026-03-15 02:00:00,9.72,9.76,9.71,9.75,22148.42
2026-03-15 02:15:00,9.75,9.75,9.71,9.72,12104.75
2026-03-15 02:30:00,9.71,9.76,9.7,9.75,9693.21
2026-03-15 02:45:00,9.76,9.8,9.75,9.78,25981.79
2026-03-15 03:00:00,9.79,9.81,9.76,9.79,19359.64
2026-03-15 03:15:00,9.8,9.81,9.74,9.74,28225.97
2026-03-15 03:30:00,9.74,9.75,9.72,9.73,10052.52
2026-03-15 03:45:00,9.72,9.72,9.69,9.71,7927.16
2026-03-15 04:00:00,9.71,9.76,9.71,9.74,3619.07
2026-03-15 04:15:00,9.75,9.75,9.69,9.71,7656.14
2026-03-15 04:30:00,9.7,9.71,9.68,9.7,5931.38
2026-03-15 04:45:00,9.71,9.72,9.69,9.72,8275.04
2026-03-15 05:00:00,9.71,9.72,9.69,9.69,5015.66
2026-03-15 05:15:00,9.69,9.76,9.69,9.72,11655.34
2026-03-15 05:30:00,9.72,9.74,9.7,9.73,11884.97
2026-03-15 05:45:00,9.73,9.73,9.71,9.71,9726.85
2026-03-15 06:00:00,9.72,9.73,9.7,9.7,6314.58
2026-03-15 06:15:00,9.7,9.71,9.69,9.69,6097.81
2026-03-15 06:30:00,9.7,9.7,9.66,9.68,10897.46
2026-03-15 06:45:00,9.67,9.71,9.67,9.7,3470.82
2026-03-15 07:00:00,9.71,9.75,9.7,9.73,7273.93
2026-03-15 07:15:00,9.74,9.74,9.71,9.72,7912.4
2026-03-15 07:30:00,9.71,9.71,9.7,9.71,4561.2
2026-03-15 07:45:00,9.7,9.72,9.7,9.72,3157.32
2026-03-15 08:00:00,9.72,9.76,9.71,9.75,9935.54
2026-03-15 08:15:00,9.75,9.77,9.75,9.76,8036.27
2026-03-15 08:30:00,9.75,9.77,9.74,9.75,9984.63
2026-03-15 08:45:00,9.76,9.79,9.76,9.78,9921.45
2026-03-15 09:00:00,9.79,9.83,9.79,9.82,23787.21
2026-03-15 09:15:00,9.82,9.84,9.81,9.83,12990.79
2026-03-15 09:30:00,9.82,9.87,9.82,9.84,31436.54
2026-03-15 09:45:00,9.84,9.85,9.78,9.78,19934.38
2026-03-15 10:00:00,9.78,9.8,9.78,9.79,11865.91
2026-03-15 10:15:00,9.8,9.83,9.79,9.83,6482.28
2026-03-15 10:30:00,9.82,9.83,9.8,9.82,6688.2
2026-03-15 10:45:00,9.82,9.82,9.8,9.8,5260.84
2026-03-15 11:00:00,9.81,9.82,9.79,9.8,6367.33
2026-03-15 11:15:00,9.81,9.82,9.8,9.81,7200.43
2026-03-15 11:30:00,9.81,9.82,9.79,9.81,14518.18
2026-03-15 11:45:00,9.81,9.82,9.79,9.8,15571.85
2026-03-15 12:00:00,9.8,9.82,9.79,9.82,19495.57
2026-03-15 12:15:00,9.82,9.86,9.81,9.86,7926.81
2026-03-15 12:30:00,9.85,9.88,9.83,9.85,15153.87
2026-03-15 12:45:00,9.85,9.86,9.82,9.84,7295.87
2026-03-15 13:00:00,9.84,9.85,9.72,9.75,20464.41
2026-03-15 13:15:00,9.75,9.76,9.72,9.75,15734.34
2026-03-15 13:30:00,9.76,9.76,9.7,9.73,18524.88
2026-03-15 13:45:00,9.73,9.76,9.71,9.76,8582.0
2026-03-15 14:00:00,9.76,9.81,9.75,9.78,14502.82
2026-03-15 14:15:00,9.78,9.78,9.72,9.73,7242.66
2026-03-15 14:30:00,9.73,9.74,9.71,9.74,8035.6
2026-03-15 14:45:00,9.74,9.76,9.72,9.75,13552.36
2026-03-15 15:00:00,9.76,9.76,9.73,9.74,3527.88
2026-03-15 15:15:00,9.73,9.75,9.71,9.73,4501.01
2026-03-15 15:30:00,9.72,9.73,9.71,9.72,8997.27
2026-03-15 15:45:00,9.72,9.73,9.71,9.71,3747.73
2026-03-15 16:00:00,9.71,9.74,9.7,9.74,14306.13
2026-03-15 16:15:00,9.74,9.74,9.69,9.71,6700.23
2026-03-15 16:30:00,9.71,9.74,9.7,9.73,4009.07
2026-03-15 16:45:00,9.73,9.73,9.68,9.7,5848.99
2026-03-15 17:00:00,9.7,9.75,9.7,9.73,13967.71
2026-03-15 17:15:00,9.74,9.75,9.72,9.72,11598.02
2026-03-15 17:30:00,9.72,9.73,9.69,9.71,13460.9
2026-03-15 17:45:00,9.71,9.8,9.7,9.77,14769.34
2026-03-15 18:00:00,9.77,9.8,9.76,9.77,10921.45
2026-03-15 18:15:00,9.78,9.78,9.76,9.76,4099.89
2026-03-15 18:30:00,9.77,9.79,9.76,9.77,8353.59
2026-03-15 18:45:00,9.77,9.77,9.67,9.69,10780.05
2026-03-15 19:00:00,9.7,9.73,9.68,9.73,9849.06
2026-03-15 19:15:00,9.72,9.75,9.71,9.74,3264.31
2026-03-15 19:30:00,9.73,9.76,9.73,9.74,18377.89
2026-03-15 19:45:00,9.74,9.78,9.73,9.77,17632.7
2026-03-15 20:00:00,9.76,9.78,9.75,9.75,5567.64
2026-03-15 20:15:00,9.75,9.76,9.73,9.74,5199.18
2026-03-15 20:30:00,9.75,9.84,9.75,9.81,22994.23
2026-03-15 20:45:00,9.82,9.82,9.79,9.79,13628.82
2026-03-15 21:00:00,9.8,9.81,9.76,9.76,18896.46
2026-03-15 21:15:00,9.76,9.8,9.76,9.79,12197.35
2026-03-15 21:30:00,9.79,9.87,9.78,9.85,20838.04
2026-03-15 21:45:00,9.85,9.86,9.82,9.84,17189.79
2026-03-15 22:00:00,9.85,9.92,9.8,9.81,32180.58
2026-03-15 22:15:00,9.81,9.83,9.79,9.83,14419.63
2026-03-15 22:30:00,9.83,9.96,9.83,9.93,62236.63
2026-03-15 22:45:00,9.94,10.02,9.94,9.97,90563.41
2026-03-15 23:00:00,9.98,10.04,9.98,10.01,80015.66
2026-03-15 23:15:00,10.01,10.03,9.89,9.89,57780.57
2026-03-15 23:30:00,9.89,9.94,9.87,9.93,46469.35
2026-03-15 23:45:00,9.93,9.95,9.91,9.95,29606.41
2026-03-16 00:00:00,9.94,10.0,9.94,9.97,47895.18
2026-03-16 00:15:00,9.97,9.98,9.9,9.9,22639.89
2026-03-16 00:30:00,9.91,9.94,9.89,9.93,26356.86
2026-03-16 00:45:00,9.93,9.96,9.93,9.94,16426.78
2026-03-16 01:00:00,9.94,9.95,9.88,9.89,14768.95
2026-03-16 01:15:00,9.89,9.97,9.89,9.96,25101.63
2026-03-16 01:30:00,9.95,9.97,9.91,9.97,19143.85
2026-03-16 01:45:00,9.97,10.04,9.96,10.01,29788.71
2026-03-16 02:00:00,10.0,10.03,9.98,9.99,28240.56
2026-03-16 02:15:00,9.99,10.01,9.89,9.9,19495.79
2026-03-16 02:30:00,9.91,9.93,9.9,9.93,6443.46
2026-03-16 02:45:00,9.94,9.99,9.93,9.96,15117.69
2026-03-16 03:00:00,9.96,10.03,9.95,10.0,28449.6
2026-03-16 03:15:00,10.0,10.11,9.98,10.1,66187.27
2026-03-16 03:30:00,10.1,10.41,10.1,10.3,394224.47
2026-03-16 03:45:00,10.3,10.33,10.24,10.26,80558.49
2026-03-16 04:00:00,10.27,10.35,10.26,10.34,48913.89
2026-03-16 04:15:00,10.33,10.4,10.32,10.34,86824.92
2026-03-16 04:30:00,10.34,10.39,10.32,10.36,81855.21
2026-03-16 04:45:00,10.37,10.47,10.36,10.43,86363.37
2026-03-16 05:00:00,10.42,10.46,10.4,10.41,81323.6
2026-03-16 05:15:00,10.41,10.48,10.38,10.46,122238.75
2026-03-16 05:30:00,10.46,10.49,10.41,10.47,55197.97
2026-03-16 05:45:00,10.47,10.52,10.44,10.49,56976.46
2026-03-16 06:00:00,10.49,10.5,10.39,10.41,56019.18
2026-03-16 06:15:00,10.41,10.45,10.39,10.41,38739.78
2026-03-16 06:30:00,10.41,10.45,10.39,10.44,26480.15
2026-03-16 06:45:00,10.43,10.45,10.41,10.41,21015.49
2026-03-16 07:00:00,10.41,10.46,10.4,10.43,33826.25
2026-03-16 07:15:00,10.43,10.43,10.39,10.41,44336.49
2026-03-16 07:30:00,10.42,10.42,10.37,10.38,38874.03
2026-03-16 07:45:00,10.39,10.4,10.34,10.37,26246.36
2026-03-16 08:00:00,10.37,10.45,10.37,10.42,33904.55
2026-03-16 08:15:00,10.42,10.43,10.33,10.33,48372.45
2026-03-16 08:30:00,10.33,10.35,10.29,10.3,45501.56
2026-03-16 08:45:00,10.29,10.32,10.23,10.24,74227.25
2026-03-16 09:00:00,10.24,10.28,10.24,10.27,15627.41
2026-03-16 09:15:00,10.26,10.31,10.26,10.3,24479.16
2026-03-16 09:30:00,10.3,10.31,10.28,10.28,13569.95
2026-03-16 09:45:00,10.29,10.31,10.27,10.27,11982.23
2026-03-16 10:00:00,10.27,10.3,10.25,10.27,43072.18
2026-03-16 10:15:00,10.28,10.3,10.25,10.25,22279.19
2026-03-16 10:30:00,10.26,10.26,10.19,10.21,50558.93
2026-03-16 10:45:00,10.2,10.27,10.2,10.27,32063.75
2026-03-16 11:00:00,10.27,10.29,10.24,10.25,30689.62
2026-03-16 11:15:00,10.25,10.26,10.2,10.2,16133.95
2026-03-16 11:30:00,10.2,10.23,10.18,10.21,17624.81
2026-03-16 11:45:00,10.22,10.23,10.2,10.22,7278.29
2026-03-16 12:00:00,10.21,10.27,10.19,10.24,27987.14
2026-03-16 12:15:00,10.24,10.28,10.2,10.26,69395.32
2026-03-16 12:30:00,10.26,10.28,10.22,10.23,40376.76
2026-03-16 12:45:00,10.23,10.25,10.16,10.18,128715.71
2026-03-16 13:00:00,10.17,10.2,10.15,10.19,107370.11
2026-03-16 13:15:00,10.19,10.2,10.15,10.17,22517.97
2026-03-16 13:30:00,10.17,10.28,10.17,10.2,128136.28
2026-03-16 13:45:00,10.2,10.25,10.16,10.19,66024.59
2026-03-16 14:00:00,10.2,10.24,10.17,10.21,56501.48
2026-03-16 14:15:00,10.2,10.23,10.13,10.13,40917.21
2026-03-16 14:30:00,10.13,10.13,10.04,10.08,127088.59
2026-03-16 14:45:00,10.08,10.17,10.04,10.14,70138.3
2026-03-16 15:00:00,10.15,10.17,10.11,10.15,32679.88
2026-03-16 15:15:00,10.14,10.2,10.12,10.16,73977.69
2026-03-16 15:30:00,10.16,10.19,10.09,10.1,74899.72
2026-03-16 15:45:00,10.11,10.13,10.07,10.08,21901.78
2026-03-16 16:00:00,10.08,10.14,10.07,10.1,17654.77
2026-03-16 16:15:00,10.11,10.17,10.11,10.17,33502.02
2026-03-16 16:30:00,10.16,10.25,10.14,10.23,60504.65
2026-03-16 16:45:00,10.23,10.27,10.21,10.25,62377.07
2026-03-16 17:00:00,10.25,10.27,10.22,10.25,30959.8
2026-03-16 17:15:00,10.25,10.26,10.21,10.23,13337.6
2026-03-16 17:30:00,10.23,10.29,10.22,10.27,26350.88
2026-03-16 17:45:00,10.27,10.31,10.24,10.26,34398.52
2026-03-16 18:00:00,10.25,10.3,10.23,10.28,45058.92
2026-03-16 18:15:00,10.29,10.34,10.28,10.29,39998.4
2026-03-16 18:30:00,10.29,10.31,10.26,10.3,42391.43
2026-03-16 18:45:00,10.29,10.29,10.24,10.24,11458.6
2026-03-16 19:00:00,10.24,10.33,10.19,10.31,65260.02
2026-03-16 19:15:00,10.31,10.33,10.27,10.31,48465.74
2026-03-16 19:30:00,10.31,10.33,10.29,10.31,34116.02
2026-03-16 19:45:00,10.31,10.31,10.27,10.27,57150.37
2026-03-16 20:00:00,10.28,10.31,10.26,10.3,23445.25
2026-03-16 20:15:00,10.3,10.37,10.29,10.34,24469.9
2026-03-16 20:30:00,10.34,10.38,10.33,10.34,25601.43
2026-03-16 20:45:00,10.34,10.35,10.32,10.33,15710.78
2026-03-16 21:00:00,10.33,10.38,10.32,10.34,81089.28
2026-03-16 21:15:00,10.34,10.36,10.32,10.34,37103.46
2026-03-16 21:30:00,10.34,10.45,10.34,10.41,49654.73
2026-03-16 21:45:00,10.4,10.42,10.37,10.38,26981.08
2026-03-16 22:00:00,10.38,10.47,10.37,10.45,76078.84
2026-03-16 22:15:00,10.45,10.46,10.4,10.45,34130.2
2026-03-16 22:30:00,10.45,10.49,10.44,10.49,22981.33
2026-03-16 22:45:00,10.48,10.51,10.47,10.5,31207.1
2026-03-16 23:00:00,10.5,10.5,10.35,10.39,76101.41
2026-03-16 23:15:00,10.39,10.46,10.38,10.46,19513.87
2026-03-16 23:30:00,10.45,10.51,10.44,10.5,23206.21
2026-03-16 23:45:00,10.51,10.51,10.46,10.49,54633.32
2026-03-17 00:00:00,10.48,10.55,10.45,10.52,115843.48
2026-03-17 00:15:00,10.52,10.53,10.45,10.51,125977.13
2026-03-17 00:30:00,10.52,10.52,10.47,10.48,58036.67
2026-03-17 00:45:00,10.49,10.51,10.47,10.5,19457.22
2026-03-17 01:00:00,10.51,10.52,10.44,10.49,92776.31
2026-03-17 01:15:00,10.49,10.5,10.46,10.5,33129.45
2026-03-17 01:30:00,10.5,10.51,10.45,10.48,48848.23
2026-03-17 01:45:00,10.48,10.5,10.46,10.5,22855.63
2026-03-17 02:00:00,10.5,10.51,10.45,10.47,43590.61
2026-03-17 02:15:00,10.47,10.47,10.45,10.46,34071.8
2026-03-17 02:30:00,10.47,10.51,10.46,10.48,25392.41
2026-03-17 02:45:00,10.48,10.5,10.47,10.48,39918.78
2026-03-17 03:00:00,10.47,10.48,10.4,10.41,30657.38
2026-03-17 03:15:00,10.41,10.42,10.38,10.4,20814.05
2026-03-17 03:30:00,10.41,10.41,10.29,10.3,60258.29
2026-03-17 03:45:00,10.3,10.37,10.28,10.35,57158.52
2026-03-17 04:00:00,10.35,10.39,10.35,10.39,40290.94
2026-03-17 04:15:00,10.39,10.39,10.32,10.33,45563.06
2026-03-17 04:30:00,10.34,10.34,10.25,10.28,54136.22
2026-03-17 04:45:00,10.29,10.32,10.28,10.29,21552.63
2026-03-17 05:00:00,10.29,10.32,10.26,10.29,25024.97
2026-03-17 05:15:00,10.3,10.33,10.29,10.32,7750.66
2026-03-17 05:30:00,10.31,10.32,10.25,10.26,33363.06
2026-03-17 05:45:00,10.26,10.29,10.24,10.28,39260.48
2026-03-17 06:00:00,10.29,10.33,10.25,10.33,28876.3
2026-03-17 06:15:00,10.32,10.38,10.32,10.37,19983.98
2026-03-17 06:30:00,10.37,10.37,10.28,10.3,20423.61
2026-03-17 06:45:00,10.29,10.31,10.28,10.3,17670.29
2026-03-17 07:00:00,10.29,10.36,10.29,10.35,18610.58
2026-03-17 07:15:00,10.35,10.39,10.35,10.38,26564.52
2026-03-17 07:30:00,10.37,10.37,10.33,10.34,8728.31
2026-03-17 07:45:00,10.34,10.35,10.31,10.31,13687.65
2026-03-17 08:00:00,10.32,10.36,10.3,10.34,30553.77
2026-03-17 08:15:00,10.33,10.34,10.3,10.32,33165.24
2026-03-17 08:30:00,10.32,10.34,10.31,10.33,19003.76
2026-03-17 08:45:00,10.33,10.34,10.27,10.29,22213.95
2026-03-17 09:00:00,10.29,10.3,10.26,10.27,53635.28
2026-03-17 09:15:00,10.27,10.31,10.25,10.29,54365.06
2026-03-17 09:30:00,10.28,10.29,10.26,10.28,15508.82
2026-03-17 09:45:00,10.28,10.29,10.25,10.27,21589.6
2026-03-17 10:00:00,10.27,10.3,10.24,10.28,56283.78
2026-03-17 10:15:00,10.27,10.28,10.23,10.24,90398.03
2026-03-17 10:30:00,10.24,10.28,10.23,10.27,38564.88
2026-03-17 10:45:00,10.26,10.27,10.24,10.26,11493.28
2026-03-17 11:00:00,10.27,10.29,10.26,10.28,25666.02
2026-03-17 11:15:00,10.29,10.31,10.27,10.3,27885.54
2026-03-17 11:30:00,10.29,10.3,10.28,10.29,9367.55
2026-03-17 11:45:00,10.29,10.29,10.26,10.26,15489.3
2026-03-17 12:00:00,10.26,10.28,10.25,10.25,22600.41
2026-03-17 12:15:00,10.25,10.28,10.23,10.24,39696.94
2026-03-17 12:30:00,10.25,10.25,10.21,10.24,64967.83
2026-03-17 12:45:00,10.24,10.26,10.22,10.24,32737.29
2026-03-17 13:00:00,10.25,10.26,10.23,10.25,15243.02
2026-03-17 13:15:00,10.26,10.26,10.23,10.25,30861.87
2026-03-17 13:30:00,10.25,10.3,10.24,10.25,66743.29
2026-03-17 13:45:00,10.24,10.27,10.23,10.25,61498.32
2026-03-17 14:00:00,10.26,10.28,10.23,10.27,35164.17
2026-03-17 14:15:00,10.26,10.28,10.23,10.27,36503.37
2026-03-17 14:30:00,10.27,10.31,10.27,10.28,30741.85
2026-03-17 14:45:00,10.28,10.29,10.26,10.28,27859.57
2026-03-17 15:00:00,10.28,10.34,10.24,10.26,66027.34
2026-03-17 15:15:00,10.25,10.27,10.24,10.26,24391.94
2026-03-17 15:30:00,10.25,10.26,10.22,10.26,65233.78
2026-03-17 15:45:00,10.25,10.28,10.24,10.27,21340.65
2026-03-17 16:00:00,10.27,10.29,10.25,10.28,21791.14
2026-03-17 16:15:00,10.28,10.33,10.27,10.3,34723.44
2026-03-17 16:30:00,10.3,10.3,10.26,10.27,27995.78
2026-03-17 16:45:00,10.27,10.29,10.25,10.27,17471.94
2026-03-17 17:00:00,10.26,10.3,10.25,10.28,18610.84
2026-03-17 17:15:00,10.28,10.29,10.26,10.27,19498.4
2026-03-17 17:30:00,10.27,10.28,10.25,10.28,11759.53
2026-03-17 17:45:00,10.28,10.31,10.26,10.29,6004.37
2026-03-17 18:00:00,10.29,10.33,10.28,10.32,12742.37
2026-03-17 18:15:00,10.31,10.32,10.27,10.27,17543.18
2026-03-17 18:30:00,10.28,10.31,10.28,10.3,10525.97
2026-03-17 18:45:00,10.29,10.31,10.28,10.3,6149.34
2026-03-17 19:00:00,10.3,10.31,10.28,10.3,12272.29
2026-03-17 19:15:00,10.29,10.3,10.26,10.28,12852.92
2026-03-17 19:30:00,10.27,10.3,10.26,10.27,6451.83
2026-03-17 19:45:00,10.28,10.28,10.24,10.25,16365.65
2026-03-17 20:00:00,10.25,10.27,10.24,10.25,16259.28
2026-03-17 20:15:00,10.24,10.3,10.24,10.28,6115.88
2026-03-17 20:30:00,10.29,10.29,10.26,10.28,6898.23
2026-03-17 20:45:00,10.28,10.29,10.27,10.28,6162.28
2026-03-17 21:00:00,10.28,10.32,10.27,10.31,16984.81
2026-03-17 21:15:00,10.31,10.32,10.29,10.3,17274.66
2026-03-17 21:30:00,10.29,10.33,10.27,10.31,18783.76
2026-03-17 21:45:00,10.32,10.32,10.29,10.3,9104.23
2026-03-17 22:00:00,10.3,10.34,10.3,10.3,8118.52
2026-03-17 22:15:00,10.31,10.31,10.28,10.28,9461.5
2026-03-17 22:30:00,10.28,10.28,10.22,10.24,34315.19
2026-03-17 22:45:00,10.24,10.27,10.24,10.27,10942.63
2026-03-17 23:00:00,10.26,10.27,10.25,10.26,14427.4
2026-03-17 23:15:00,10.25,10.26,10.23,10.25,31710.72
2026-03-17 23:30:00,10.25,10.25,10.18,10.19,70870.03
2026-03-17 23:45:00,10.2,10.22,10.19,10.2,12797.32
2026-03-18 00:00:00,10.2,10.23,10.19,10.2,46558.96
2026-03-18 00:15:00,10.2,10.21,10.18,10.2,33230.47
2026-03-18 00:30:00,10.2,10.21,10.16,10.21,61219.83
2026-03-18 00:45:00,10.21,10.23,10.2,10.2,16140.64
2026-03-18 01:00:00,10.21,10.24,10.2,10.21,11063.47
2026-03-18 01:15:00,10.21,10.23,10.21,10.22,9525.2
2026-03-18 01:30:00,10.23,10.25,10.22,10.23,9928.45
2026-03-18 01:45:00,10.23,10.24,10.21,10.23,8972.3
2026-03-18 02:00:00,10.22,10.26,10.22,10.25,14761.29
2026-03-18 02:15:00,10.25,10.27,10.24,10.26,10934.04
2026-03-18 02:30:00,10.25,10.3,10.25,10.29,33940.96
2026-03-18 02:45:00,10.28,10.29,10.26,10.26,7675.62
2026-03-18 03:00:00,10.27,10.29,10.26,10.27,17226.5
2026-03-18 03:15:00,10.28,10.34,10.27,10.33,25990.55
2026-03-18 03:30:00,10.33,10.36,10.31,10.33,24185.17
2026-03-18 03:45:00,10.33,10.33,10.3,10.32,5753.73
2026-03-18 04:00:00,10.32,10.32,10.28,10.29,11074.25
2026-03-18 04:15:00,10.29,10.3,10.25,10.25,8769.98
2026-03-18 04:30:00,10.25,10.25,10.23,10.24,7326.35
2026-03-18 04:45:00,10.24,10.26,10.24,10.25,6171.15
2026-03-18 05:00:00,10.26,10.33,10.24,10.33,15368.63
2026-03-18 05:15:00,10.33,10.33,10.28,10.28,10045.83
2026-03-18 05:30:00,10.28,10.29,10.26,10.26,3273.99
2026-03-18 05:45:00,10.26,10.27,10.22,10.24,22385.48
2026-03-18 06:00:00,10.25,10.29,10.24,10.29,4546.08
2026-03-18 06:15:00,10.28,10.31,10.27,10.3,9805.67
2026-03-18 06:30:00,10.3,10.32,10.25,10.26,13870.54
2026-03-18 06:45:00,10.26,10.29,10.26,10.26,4414.49
2026-03-18 07:00:00,10.26,10.26,10.23,10.25,10764.5
2026-03-18 07:15:00,10.25,10.26,10.23,10.24,7986.65
2026-03-18 07:30:00,10.24,10.25,10.22,10.24,13147.97
2026-03-18 07:45:00,10.23,10.26,10.23,10.25,6857.39
2026-03-18 08:00:00,10.25,10.29,10.25,10.26,9951.3
2026-03-18 08:15:00,10.26,10.27,10.24,10.26,7082.42
2026-03-18 08:30:00,10.25,10.26,10.24,10.26,13058.22
2026-03-18 08:45:00,10.25,10.27,10.24,10.25,6421.59
2026-03-18 09:00:00,10.24,10.26,10.24,10.26,5027.23
2026-03-18 09:15:00,10.26,10.27,10.25,10.27,9092.48
2026-03-18 09:30:00,10.27,10.28,10.26,10.26,11247.57
2026-03-18 09:45:00,10.27,10.27,10.24,10.25,9272.14
2026-03-18 10:00:00,10.25,10.26,10.23,10.24,6622.94
2026-03-18 10:15:00,10.25,10.25,10.23,10.23,11084.12
2026-03-18 10:30:00,10.23,10.25,10.21,10.21,27642.52
2026-03-18 10:45:00,10.21,10.22,10.2,10.21,8868.59
2026-03-18 11:00:00,10.21,10.25,10.19,10.22,30505.43
2026-03-18 11:15:00,10.23,10.23,10.13,10.14,74769.47
2026-03-18 11:30:00,10.14,10.16,9.93,10.02,214553.02
2026-03-18 11:45:00,10.01,10.02,9.97,9.98,65492.77
2026-03-18 12:00:00,9.98,9.98,9.86,9.9,203592.46
2026-03-18 12:15:00,9.9,9.92,9.87,9.88,65616.88
2026-03-18 12:30:00,9.88,9.88,9.73,9.81,141465.47
2026-03-18 12:45:00,9.8,9.82,9.77,9.81,52458.55
2026-03-18 13:00:00,9.8,9.84,9.75,9.8,60376.91
2026-03-18 13:15:00,9.8,9.81,9.77,9.8,38473.6
2026-03-18 13:30:00,9.81,9.84,9.78,9.81,62356.16
2026-03-18 13:45:00,9.8,9.83,9.78,9.8,34206.39
2026-03-18 14:00:00,9.8,9.81,9.74,9.75,48218.42
2026-03-18 14:15:00,9.74,9.76,9.61,9.65,99455.07
2026-03-18 14:30:00,9.65,9.67,9.61,9.62,131073.9
2026-03-18 14:45:00,9.62,9.65,9.56,9.57,88082.67
2026-03-18 15:00:00,9.57,9.59,9.48,9.53,154518.19
2026-03-18 15:15:00,9.53,9.56,9.52,9.55,30917.67
2026-03-18 15:30:00,9.55,9.59,9.53,9.55,33686.73
2026-03-18 15:45:00,9.54,9.58,9.53,9.57,29680.05
2026-03-18 16:00:00,9.56,9.56,9.51,9.53,77593.34
2026-03-18 16:15:00,9.52,9.53,9.5,9.5,31051.5
2026-03-18 16:30:00,9.5,9.54,9.49,9.52,38378.62
2026-03-18 16:45:00,9.53,9.57,9.51,9.54,29158.82
2026-03-18 17:00:00,9.54,9.56,9.52,9.54,19863.32
2026-03-18 17:15:00,9.54,9.59,9.52,9.58,35724.28
2026-03-18 17:30:00,9.58,9.65,9.55,9.62,54208.18
2026-03-18 17:45:00,9.62,9.65,9.61,9.62,41358.26
2026-03-18 18:00:00,9.63,9.72,9.63,9.7,82013.09
2026-03-18 18:15:00,9.7,9.71,9.6,9.63,79567.66
2026-03-18 18:30:00,9.63,9.68,9.62,9.66,70409.78
2026-03-18 18:45:00,9.65,9.65,9.56,9.6,51832.3
2026-03-18 19:00:00,9.6,9.66,9.59,9.64,32740.7
2026-03-18 19:15:00,9.65,9.68,9.63,9.65,17859.03
2026-03-18 19:30:00,9.66,9.66,9.62,9.63,37033.37
2026-03-18 19:45:00,9.63,9.64,9.6,9.62,21396.21
2026-03-18 20:00:00,9.62,9.62,9.54,9.6,38647.94
2026-03-18 20:15:00,9.6,9.63,9.59,9.62,23748.47
2026-03-18 20:30:00,9.62,9.68,9.61,9.66,11636.7
2026-03-18 20:45:00,9.66,9.67,9.64,9.66,26134.7
2026-03-18 21:00:00,9.66,9.7,9.66,9.68,19482.0
2026-03-18 21:15:00,9.69,9.72,9.68,9.71,20243.82
2026-03-18 21:30:00,9.72,9.74,9.69,9.73,25492.69
2026-03-18 21:45:00,9.73,9.73,9.72,9.72,5406.63
2026-03-18 22:00:00,9.72,9.72,9.66,9.68,24093.5
2026-03-18 22:15:00,9.67,9.7,9.67,9.7,9702.82
2026-03-18 22:30:00,9.7,9.71,9.68,9.7,18593.29
2026-03-18 22:45:00,9.69,9.71,9.69,9.69,13109.17
2026-03-18 23:00:00,9.7,9.71,9.66,9.66,13190.87
2026-03-18 23:15:00,9.66,9.67,9.63,9.67,14276.14
2026-03-18 23:30:00,9.67,9.69,9.65,9.66,13588.32
2026-03-18 23:45:00,9.66,9.69,9.66,9.69,12428.84
2026-03-19 00:00:00,9.68,9.69,9.65,9.69,12360.58
2026-03-19 00:15:00,9.69,9.69,9.66,9.69,7524.7
2026-03-19 00:30:00,9.7,9.7,9.66,9.67,9512.29
2026-03-19 00:45:00,9.67,9.68,9.65,9.66,7197.92
2026-03-19 01:00:00,9.67,9.69,9.65,9.66,8804.26
2026-03-19 01:15:00,9.66,9.68,9.65,9.67,6177.13
2026-03-19 01:30:00,9.66,9.69,9.66,9.69,3838.45
2026-03-19 01:45:00,9.69,9.69,9.66,9.66,2073.48
2026-03-19 02:00:00,9.66,9.67,9.62,9.65,24417.89
2026-03-19 02:15:00,9.65,9.67,9.64,9.64,3633.21
2026-03-19 02:30:00,9.65,9.66,9.64,9.64,7816.1
2026-03-19 02:45:00,9.65,9.65,9.61,9.62,23006.74
2026-03-19 03:00:00,9.63,9.68,9.62,9.67,43093.07
2026-03-19 03:15:00,9.67,9.75,9.66,9.73,38558.54
2026-03-19 03:30:00,9.74,9.74,9.66,9.68,17061.77
2026-03-19 03:45:00,9.67,9.69,9.66,9.67,7895.7
2026-03-19 04:00:00,9.66,9.67,9.62,9.63,11991.74
2026-03-19 04:15:00,9.64,9.65,9.61,9.63,14616.88
2026-03-19 04:30:00,9.63,9.64,9.61,9.63,8222.27
2026-03-19 04:45:00,9.63,9.64,9.61,9.62,3784.83
2026-03-19 05:00:00,9.62,9.64,9.6,9.61,6623.48
2026-03-19 05:15:00,9.61,9.63,9.6,9.6,9847.53
2026-03-19 05:30:00,9.6,9.62,9.59,9.62,6968.31
2026-03-19 05:45:00,9.61,9.62,9.6,9.6,4780.13
2026-03-19 06:00:00,9.61,9.61,9.58,9.61,12599.61
2026-03-19 06:15:00,9.6,9.62,9.58,9.59,20073.06
2026-03-19 06:30:00,9.58,9.61,9.57,9.61,14875.83
2026-03-19 06:45:00,9.61,9.63,9.59,9.6,5619.52
2026-03-19 07:00:00,9.6,9.61,9.53,9.53,25429.68
2026-03-19 07:15:00,9.54,9.55,9.44,9.5,70484.18
2026-03-19 07:30:00,9.5,9.57,9.5,9.55,12418.11
2026-03-19 07:45:00,9.54,9.55,9.51,9.51,20096.64
2026-03-19 08:00:00,9.52,9.54,9.5,9.5,18170.96
2026-03-19 08:15:00,9.51,9.52,9.48,9.49,15226.02
2026-03-19 08:30:00,9.49,9.55,9.48,9.53,12288.1
2026-03-19 08:45:00,9.52,9.54,9.52,9.52,8305.17
2026-03-19 09:00:00,9.52,9.54,9.51,9.52,6686.35
2026-03-19 09:15:00,9.52,9.59,9.51,9.55,25727.78
2026-03-19 09:30:00,9.55,9.58,9.54,9.57,23663.75
2026-03-19 09:45:00,9.58,9.61,9.57,9.6,11254.21
2026-03-19 10:00:00,9.6,9.61,9.59,9.59,9099.64
2026-03-19 10:15:00,9.6,9.62,9.58,9.58,5383.4
2026-03-19 10:30:00,9.58,9.59,9.55,9.55,7952.27
2026-03-19 10:45:00,9.56,9.56,9.54,9.55,2205.78
2026-03-19 11:00:00,9.54,9.56,9.53,9.55,7573.11
2026-03-19 11:15:00,9.55,9.57,9.53,9.57,7815.16
2026-03-19 11:30:00,9.57,9.58,9.54,9.56,8284.88
2026-03-19 11:45:00,9.55,9.56,9.54,9.54,6498.76
2026-03-19 12:00:00,9.55,9.55,9.51,9.52,12444.75
2026-03-19 12:15:00,9.52,9.52,9.48,9.49,10578.81
2026-03-19 12:30:00,9.49,9.52,9.48,9.5,13902.77
2026-03-19 12:45:00,9.5,9.5,9.43,9.44,25170.92
2026-03-19 13:00:00,9.43,9.45,9.36,9.37,43689.47
2026-03-19 13:15:00,9.37,9.45,9.37,9.42,41962.24
2026-03-19 13:30:00,9.42,9.48,9.38,9.46,32879.8
2026-03-19 13:45:00,9.47,9.49,9.44,9.47,13160.32
2026-03-19 14:00:00,9.48,9.51,9.43,9.43,32525.04
2026-03-19 14:15:00,9.44,9.44,9.37,9.38,16052.11
2026-03-19 14:30:00,9.38,9.42,9.37,9.42,15269.48
2026-03-19 14:45:00,9.41,9.45,9.4,9.43,10452.21
2026-03-19 15:00:00,9.43,9.48,9.43,9.44,13009.84
2026-03-19 15:15:00,9.44,9.46,9.36,9.36,21904.23
2026-03-19 15:30:00,9.37,9.39,9.34,9.35,32343.62
2026-03-19 15:45:00,9.35,9.43,9.33,9.4,20934.34
2026-03-19 16:00:00,9.41,9.41,9.37,9.37,16016.81
2026-03-19 16:15:00,9.38,9.4,9.36,9.37,12274.71
2026-03-19 16:30:00,9.38,9.4,9.36,9.39,13559.71
2026-03-19 16:45:00,9.39,9.39,9.35,9.37,10871.91
2026-03-19 17:00:00,9.38,9.38,9.34,9.35,9600.43
2026-03-19 17:15:00,9.35,9.45,9.33,9.43,15458.29
2026-03-19 17:30:00,9.44,9.45,9.4,9.42,19492.01
2026-03-19 17:45:00,9.41,9.48,9.41,9.46,7548.95
2026-03-19 18:00:00,9.47,9.47,9.44,9.46,7048.78
2026-03-19 18:15:00,9.45,9.46,9.43,9.44,6791.89
2026-03-19 18:30:00,9.43,9.44,9.42,9.42,5368.3
2026-03-19 18:45:00,9.43,9.46,9.42,9.46,9977.1
2026-03-19 19:00:00,9.46,9.58,9.45,9.54,34742.74
2026-03-19 19:15:00,9.53,9.58,9.52,9.52,21050.31
2026-03-19 19:30:00,9.52,9.54,9.5,9.54,10597.7
2026-03-19 19:45:00,9.54,9.54,9.5,9.51,11492.18
2026-03-19 20:00:00,9.51,9.53,9.49,9.52,5103.77
2026-03-19 20:15:00,9.52,9.54,9.51,9.52,14554.07
2026-03-19 20:30:00,9.52,9.55,9.5,9.53,11954.0
2026-03-19 20:45:00,9.53,9.53,9.5,9.5,9444.99
2026-03-19 21:00:00,9.51,9.53,9.5,9.53,4873.2
2026-03-19 21:15:00,9.52,9.53,9.51,9.53,8478.18
2026-03-19 21:30:00,9.52,9.53,9.5,9.51,5016.58
2026-03-19 21:45:00,9.51,9.52,9.5,9.52,4980.85
2026-03-19 22:00:00,9.52,9.52,9.48,9.5,13474.64
2026-03-19 22:15:00,9.5,9.5,9.47,9.48,8479.87
2026-03-19 22:30:00,9.47,9.48,9.42,9.43,20274.78
2026-03-19 22:45:00,9.43,9.46,9.43,9.46,6786.49
2026-03-19 23:00:00,9.47,9.5,9.46,9.49,11423.77
2026-03-19 23:15:00,9.49,9.49,9.45,9.47,7036.58
2026-03-19 23:30:00,9.48,9.49,9.44,9.45,7008.12
2026-03-19 23:45:00,9.45,9.49,9.44,9.48,7323.17
2026-03-20 00:00:00,9.48,9.49,9.46,9.48,11084.59
2026-03-20 00:15:00,9.49,9.51,9.48,9.5,7150.71
2026-03-20 00:30:00,9.49,9.52,9.49,9.52,4497.0
2026-03-20 00:45:00,9.52,9.53,9.51,9.52,4653.92
2026-03-20 01:00:00,9.53,9.56,9.52,9.55,7475.52
2026-03-20 01:15:00,9.55,9.55,9.53,9.54,6351.62
2026-03-20 01:30:00,9.54,9.6,9.54,9.59,14722.57
2026-03-20 01:45:00,9.59,9.59,9.55,9.56,4273.27
2026-03-20 02:00:00,9.56,9.57,9.53,9.53,7100.77
2026-03-20 02:15:00,9.53,9.54,9.51,9.52,4449.76
2026-03-20 02:30:00,9.52,9.55,9.5,9.55,13241.96
2026-03-20 02:45:00,9.55,9.56,9.53,9.55,8706.17
2026-03-20 03:00:00,9.54,9.54,9.52,9.52,2018.19
2026-03-20 03:15:00,9.52,9.57,9.52,9.57,4993.42
2026-03-20 03:30:00,9.57,9.58,9.55,9.55,8228.08
2026-03-20 03:45:00,9.55,9.58,9.54,9.57,15220.13
2026-03-20 04:00:00,9.57,9.58,9.55,9.58,7608.24
2026-03-20 04:15:00,9.58,9.58,9.56,9.57,10209.04
2026-03-20 04:30:00,9.58,9.58,9.52,9.53,4122.23
2026-03-20 04:45:00,9.53,9.58,9.52,9.58,2271.7
2026-03-20 05:00:00,9.57,9.6,9.57,9.59,8051.11
2026-03-20 05:15:00,9.59,9.6,9.56,9.56,6623.31
2026-03-20 05:30:00,9.56,9.6,9.55,9.59,3122.9
2026-03-20 05:45:00,9.6,9.6,9.56,9.57,3310.72
2026-03-20 06:00:00,9.56,9.56,9.54,9.56,7047.97
2026-03-20 06:15:00,9.55,9.56,9.53,9.55,3231.14
2026-03-20 06:30:00,9.55,9.56,9.52,9.53,6160.98
2026-03-20 06:45:00,9.54,9.55,9.51,9.51,4210.29
2026-03-20 07:00:00,9.51,9.51,9.45,9.46,17252.04
2026-03-20 07:15:00,9.46,9.52,9.46,9.49,4773.05
2026-03-20 07:30:00,9.5,9.55,9.49,9.55,5393.8
2026-03-20 07:45:00,9.55,9.56,9.52,9.53,21863.82
2026-03-20 08:00:00,9.53,9.61,9.52,9.6,52589.67
2026-03-20 08:15:00,9.59,9.6,9.57,9.58,9901.25
2026-03-20 08:30:00,9.57,9.59,9.55,9.58,17542.29
2026-03-20 08:45:00,9.57,9.59,9.57,9.58,6655.67
2026-03-20 09:00:00,9.57,9.57,9.52,9.52,7087.96
2026-03-20 09:15:00,9.53,9.53,9.49,9.5,13340.48
2026-03-20 09:30:00,9.51,9.55,9.5,9.54,20290.23
2026-03-20 09:45:00,9.54,9.54,9.5,9.53,6041.22
2026-03-20 10:00:00,9.53,9.53,9.49,9.5,5556.93
2026-03-20 10:15:00,9.5,9.52,9.49,9.5,6548.24
2026-03-20 10:30:00,9.5,9.55,9.5,9.53,7490.15
2026-03-20 10:45:00,9.54,9.56,9.53,9.54,8120.68
2026-03-20 11:00:00,9.55,9.58,9.54,9.58,4590.46
2026-03-20 11:15:00,9.59,9.59,9.54,9.55,17961.39
2026-03-20 11:30:00,9.55,9.55,9.49,9.51,14405.34
2026-03-20 11:45:00,9.5,9.52,9.49,9.52,6828.01
2026-03-20 12:00:00,9.52,9.55,9.51,9.52,16618.14
2026-03-20 12:15:00,9.52,9.52,9.5,9.51,9521.65
2026-03-20 12:30:00,9.5,9.51,9.47,9.49,7744.28
2026-03-20 12:45:00,9.5,9.5,9.47,9.49,3579.7
2026-03-20 13:00:00,9.49,9.51,9.48,9.49,10402.91
2026-03-20 13:15:00,9.5,9.54,9.49,9.52,9103.07
2026-03-20 13:30:00,9.52,9.53,9.44,9.5,36356.7
2026-03-20 13:45:00,9.51,9.51,9.44,9.46,19360.91
2026-03-20 14:00:00,9.45,9.51,9.42,9.45,21538.37
2026-03-20 14:15:00,9.46,9.5,9.43,9.48,22744.22
2026-03-20 14:30:00,9.49,9.54,9.49,9.5,15490.75
2026-03-20 14:45:00,9.49,9.51,9.44,9.45,26250.8
2026-03-20 15:00:00,9.45,9.47,9.42,9.45,12970.66
2026-03-20 15:15:00,9.46,9.5,9.43,9.47,18394.4
2026-03-20 15:30:00,9.47,9.5,9.46,9.47,8879.12
2026-03-20 15:45:00,9.47,9.5,9.46,9.49,4743.99
2026-03-20 16:00:00,9.49,9.5,9.46,9.48,11572.09
2026-03-20 16:15:00,9.47,9.51,9.46,9.49,9829.24
2026-03-20 16:30:00,9.49,9.49,9.45,9.47,10463.61
2026-03-20 16:45:00,9.47,9.5,9.45,9.48,12364.9
2026-03-20 17:00:00,9.47,9.5,9.46,9.48,10975.08
2026-03-20 17:15:00,9.48,9.49,9.45,9.47,8734.3
2026-03-20 17:30:00,9.46,9.47,9.41,9.43,15990.64
2026-03-20 17:45:00,9.43,9.5,9.43,9.5,6465.78
2026-03-20 18:00:00,9.5,9.5,9.48,9.48,10434.16
2026-03-20 18:15:00,9.49,9.54,9.48,9.49,127709.29
2026-03-20 18:30:00,9.49,9.5,9.44,9.46,35990.93
2026-03-20 18:45:00,9.46,9.49,9.45,9.47,26492.77
2026-03-20 19:00:00,9.47,9.51,9.46,9.49,22631.71
2026-03-20 19:15:00,9.48,9.49,9.45,9.47,13643.98
2026-03-20 19:30:00,9.48,9.5,9.43,9.5,21520.53
2026-03-20 19:45:00,9.5,9.54,9.49,9.53,22178.48
2026-03-20 20:00:00,9.54,9.55,9.52,9.54,19093.93
2026-03-20 20:15:00,9.53,9.53,9.5,9.51,18189.03
2026-03-20 20:30:00,9.5,9.5,9.45,9.49,12706.01
2026-03-20 20:45:00,9.49,9.52,9.48,9.52,13236.95
2026-03-20 21:00:00,9.51,9.52,9.48,9.5,9471.71
2026-03-20 21:15:00,9.51,9.58,9.5,9.57,29203.86
2026-03-20 21:30:00,9.57,9.61,9.54,9.55,38570.35
2026-03-20 21:45:00,9.54,9.58,9.53,9.57,10607.97
2026-03-20 22:00:00,9.58,9.65,9.58,9.63,40559.88
2026-03-20 22:15:00,9.63,9.65,9.61,9.62,7677.99
2026-03-20 22:30:00,9.62,9.62,9.59,9.61,10123.43
2026-03-20 22:45:00,9.6,9.61,9.57,9.59,60858.57
2026-03-20 23:00:00,9.58,9.59,9.54,9.54,14115.24
2026-03-20 23:15:00,9.54,9.56,9.53,9.56,14948.79
2026-03-20 23:30:00,9.56,9.58,9.55,9.56,9280.94
2026-03-20 23:45:00,9.57,9.58,9.56,9.56,5472.85
2026-03-21 00:00:00,9.57,9.6,9.57,9.59,16853.23
2026-03-21 00:15:00,9.58,9.61,9.57,9.58,18868.02
2026-03-21 00:30:00,9.58,9.58,9.54,9.55,11511.29
2026-03-21 00:45:00,9.55,9.57,9.53,9.56,7821.74
2026-03-21 01:00:00,9.56,9.59,9.56,9.57,11686.25
2026-03-21 01:15:00,9.57,9.58,9.56,9.56,10986.41
2026-03-21 01:30:00,9.57,9.57,9.54,9.55,5161.55
2026-03-21 01:45:00,9.54,9.56,9.53,9.55,2953.88
2026-03-21 02:00:00,9.55,9.55,9.53,9.54,8930.13
2026-03-21 02:15:00,9.54,9.59,9.54,9.58,4488.31
2026-03-21 02:30:00,9.58,9.6,9.56,9.6,9376.71
2026-03-21 02:45:00,9.6,9.61,9.59,9.61,8285.34
2026-03-21 03:00:00,9.61,9.62,9.59,9.61,10758.53
2026-03-21 03:15:00,9.6,9.6,9.58,9.59,7268.11
2026-03-21 03:30:00,9.58,9.59,9.57,9.59,2948.26
2026-03-21 03:45:00,9.59,9.6,9.58,9.59,3048.02
2026-03-21 04:00:00,9.59,9.62,9.58,9.59,6546.28
2026-03-21 04:15:00,9.59,9.6,9.58,9.59,9710.71
2026-03-21 04:30:00,9.59,9.59,9.56,9.57,4454.76
2026-03-21 04:45:00,9.56,9.57,9.55,9.57,3051.93
2026-03-21 05:00:00,9.57,9.59,9.56,9.57,13174.23
2026-03-21 05:15:00,9.58,9.6,9.57,9.59,2250.02
2026-03-21 05:30:00,9.59,9.62,9.59,9.6,5532.27
2026-03-21 05:45:00,9.59,9.6,9.58,9.59,2288.3
2026-03-21 06:00:00,9.59,9.6,9.58,9.6,9955.5
2026-03-21 06:15:00,9.6,9.63,9.59,9.63,3953.86
2026-03-21 06:30:00,9.62,9.64,9.62,9.63,8184.93
2026-03-21 06:45:00,9.62,9.63,9.61,9.62,10624.18
2026-03-21 07:00:00,9.62,9.63,9.6,9.6,9543.69
2026-03-21 07:15:00,9.61,9.63,9.61,9.62,15067.42
2026-03-21 07:30:00,9.62,9.63,9.59,9.61,9201.63
2026-03-21 07:45:00,9.6,9.6,9.58,9.59,5301.16
2026-03-21 08:00:00,9.59,9.59,9.55,9.56,93360.43
2026-03-21 08:15:00,9.56,9.57,9.54,9.54,18585.38
2026-03-21 08:30:00,9.54,9.56,9.54,9.56,16696.86
2026-03-21 08:45:00,9.56,9.57,9.55,9.57,12043.97
2026-03-21 09:00:00,9.57,9.6,9.57,9.58,23011.34
2026-03-21 09:15:00,9.58,9.58,9.55,9.56,4947.13
2026-03-21 09:30:00,9.56,9.56,9.54,9.55,7487.28
2026-03-21 09:45:00,9.55,9.56,9.54,9.55,4685.28
2026-03-21 10:00:00,9.54,9.55,9.5,9.51,17639.35
2026-03-21 10:15:00,9.51,9.51,9.49,9.51,12050.2
2026-03-21 10:30:00,9.5,9.51,9.5,9.51,2989.38
2026-03-21 10:45:00,9.5,9.51,9.49,9.5,8038.4
2026-03-21 11:00:00,9.5,9.51,9.49,9.49,2606.99
2026-03-21 11:15:00,9.5,9.52,9.49,9.5,4361.04
2026-03-21 11:30:00,9.5,9.51,9.5,9.5,6018.57
2026-03-21 11:45:00,9.5,9.51,9.5,9.51,2876.9
2026-03-21 12:00:00,9.5,9.52,9.5,9.51,8591.02
2026-03-21 12:15:00,9.5,9.52,9.49,9.51,19466.14
2026-03-21 12:30:00,9.52,9.52,9.5,9.51,7723.45
2026-03-21 12:45:00,9.5,9.51,9.5,9.51,1789.99
2026-03-21 13:00:00,9.5,9.51,9.5,9.51,1955.38
2026-03-21 13:15:00,9.5,9.51,9.48,9.48,4730.7
2026-03-21 13:30:00,9.49,9.5,9.48,9.49,4030.5
2026-03-21 13:45:00,9.49,9.5,9.48,9.49,585.61
2026-03-21 14:00:00,9.5,9.55,9.49,9.54,12092.51
2026-03-21 14:15:00,9.54,9.55,9.52,9.53,5402.51
2026-03-21 14:30:00,9.52,9.55,9.5,9.51,10328.55
2026-03-21 14:45:00,9.51,9.51,9.46,9.47,19229.07
2026-03-21 15:00:00,9.47,9.49,9.47,9.48,8072.24
2026-03-21 15:15:00,9.48,9.51,9.47,9.51,6162.78
2026-03-21 15:30:00,9.52,9.54,9.51,9.52,7188.76
2026-03-21 15:45:00,9.52,9.55,9.52,9.54,3340.71
2026-03-21 16:00:00,9.54,9.57,9.54,9.54,12470.46
2026-03-21 16:15:00,9.55,9.56,9.5,9.52,18922.71
2026-03-21 16:30:00,9.52,9.53,9.49,9.52,7747.59
2026-03-21 16:45:00,9.51,9.53,9.49,9.49,4392.77
2026-03-21 17:00:00,9.5,9.51,9.48,9.48,9314.4
2026-03-21 17:15:00,9.48,9.51,9.48,9.5,8653.44
2026-03-21 17:30:00,9.5,9.51,9.49,9.51,4089.78
2026-03-21 17:45:00,9.51,9.51,9.49,9.5,4713.31
2026-03-21 18:00:00,9.5,9.5,9.48,9.49,2736.9
2026-03-21 18:15:00,9.49,9.5,9.48,9.49,4539.7
2026-03-21 18:30:00,9.49,9.51,9.48,9.5,5408.91
2026-03-21 18:45:00,9.5,9.5,9.49,9.49,5199.48
2026-03-21 19:00:00,9.49,9.5,9.48,9.49,4467.51
2026-03-21 19:15:00,9.49,9.5,9.48,9.49,2478.4
2026-03-21 19:30:00,9.49,9.49,9.47,9.49,4510.17
2026-03-21 19:45:00,9.48,9.5,9.48,9.5,3371.74
2026-03-21 20:00:00,9.5,9.51,9.49,9.51,7385.76
2026-03-21 20:15:00,9.51,9.53,9.49,9.52,2302.07
2026-03-21 20:30:00,9.52,9.53,9.51,9.53,8779.13
2026-03-21 20:45:00,9.52,9.53,9.52,9.53,2520.12
2026-03-21 21:00:00,9.53,9.53,9.51,9.51,6567.8
2026-03-21 21:15:00,9.52,9.52,9.51,9.52,1419.79
2026-03-21 21:30:00,9.52,9.52,9.51,9.51,3727.97
2026-03-21 21:45:00,9.52,9.53,9.5,9.5,5982.78
2026-03-21 22:00:00,9.5,9.51,9.48,9.5,9203.43
2026-03-21 22:15:00,9.5,9.5,9.49,9.49,4850.22
2026-03-21 22:30:00,9.49,9.52,9.49,9.5,3725.65
2026-03-21 22:45:00,9.49,9.5,9.49,9.5,5797.59
2026-03-21 23:00:00,9.5,9.5,9.47,9.48,7522.02
2026-03-21 23:15:00,9.48,9.49,9.46,9.47,14451.79
2026-03-21 23:30:00,9.47,9.48,9.46,9.48,2351.32
2026-03-21 23:45:00,9.47,9.47,9.15,9.21,236343.18
2026-03-22 00:00:00,9.21,9.22,9.05,9.15,133776.14
2026-03-22 00:15:00,9.15,9.23,9.15,9.22,28197.03
2026-03-22 00:30:00,9.22,9.27,9.22,9.24,17921.5
2026-03-22 00:45:00,9.24,9.27,9.2,9.22,22813.67
2026-03-22 01:00:00,9.23,9.26,9.21,9.23,16473.45
2026-03-22 01:15:00,9.23,9.26,9.22,9.23,15648.45
2026-03-22 01:30:00,9.23,9.25,9.2,9.2,18111.76
2026-03-22 01:45:00,9.21,9.24,9.21,9.23,11261.66
2026-03-22 02:00:00,9.23,9.25,9.23,9.25,6573.83
2026-03-22 02:15:00,9.25,9.32,9.22,9.3,17298.09
2026-03-22 02:30:00,9.31,9.31,9.27,9.28,12325.22
2026-03-22 02:45:00,9.28,9.3,9.27,9.29,9330.73
2026-03-22 03:00:00,9.28,9.29,9.25,9.28,8793.92
2026-03-22 03:15:00,9.27,9.34,9.27,9.32,15181.68
2026-03-22 03:30:00,9.32,9.36,9.3,9.3,14296.37
2026-03-22 03:45:00,9.3,9.3,9.28,9.28,1355.09
2026-03-22 04:00:00,9.28,9.3,9.27,9.3,12957.5
2026-03-22 04:15:00,9.3,9.32,9.26,9.27,13914.41
2026-03-22 04:30:00,9.27,9.32,9.26,9.3,13031.56
2026-03-22 04:45:00,9.3,9.32,9.3,9.3,9872.74
2026-03-22 05:00:00,9.3,9.31,9.28,9.29,5952.2
2026-03-22 05:15:00,9.29,9.29,9.26,9.26,15717.86
2026-03-22 05:30:00,9.27,9.28,9.25,9.25,5946.61
2026-03-22 05:45:00,9.26,9.27,9.24,9.25,8033.19
2026-03-22 06:00:00,9.24,9.25,9.22,9.22,7764.17
2026-03-22 06:15:00,9.22,9.24,9.21,9.24,6351.38
2026-03-22 06:30:00,9.24,9.25,9.23,9.24,5183.56
2026-03-22 06:45:00,9.24,9.25,9.23,9.24,7071.81
2026-03-22 07:00:00,9.24,9.26,9.23,9.25,7875.52
2026-03-22 07:15:00,9.25,9.26,9.24,9.24,14647.86
2026-03-22 07:30:00,9.24,9.25,9.21,9.22,14998.86
2026-03-22 07:45:00,9.22,9.23,9.19,9.19,12417.94
2026-03-22 08:00:00,9.19,9.19,9.12,9.14,34995.12
2026-03-22 08:15:00,9.14,9.15,9.1,9.11,28608.91
2026-03-22 08:30:00,9.11,9.16,9.11,9.16,24877.64
2026-03-22 08:45:00,9.15,9.17,9.14,9.15,4132.64
2026-03-22 09:00:00,9.16,9.19,9.15,9.17,6094.5
2026-03-22 09:15:00,9.18,9.18,9.12,9.13,22080.24
2026-03-22 09:30:00,9.13,9.15,9.13,9.14,6533.91
2026-03-22 09:45:00,9.14,9.15,9.13,9.14,1969.34
2026-03-22 10:00:00,9.14,9.14,9.1,9.11,18200.8
2026-03-22 10:15:00,9.12,9.14,9.11,9.12,4421.24
2026-03-22 10:30:00,9.13,9.13,9.1,9.1,18236.55
2026-03-22 10:45:00,9.1,9.12,9.09,9.11,7310.48
2026-03-22 11:00:00,9.11,9.12,9.09,9.11,4503.24
2026-03-22 11:15:00,9.1,9.11,9.06,9.09,28877.19
2026-03-22 11:30:00,9.09,9.11,9.07,9.09,6606.63
2026-03-22 11:45:00,9.1,9.1,9.06,9.07,7975.26
2026-03-22 12:00:00,9.06,9.1,9.06,9.08,8522.17
2026-03-22 12:15:00,9.08,9.14,9.08,9.14,24004.48
2026-03-22 12:30:00,9.14,9.14,9.11,9.11,3858.78
2026-03-22 12:45:00,9.11,9.13,9.1,9.12,7701.12
2026-03-22 13:00:00,9.12,9.14,9.11,9.14,18990.3
2026-03-22 13:15:00,9.13,9.14,9.12,9.12,10789.92
2026-03-22 13:30:00,9.13,9.14,9.07,9.1,13152.77
2026-03-22 13:45:00,9.09,9.12,9.08,9.1,7358.9
2026-03-22 14:00:00,9.1,9.12,9.07,9.12,13450.91
2026-03-22 14:15:00,9.11,9.14,9.1,9.11,9964.42
2026-03-22 14:30:00,9.12,9.13,9.1,9.12,10314.95
2026-03-22 14:45:00,9.12,9.12,9.07,9.08,17916.1
2026-03-22 15:00:00,9.09,9.11,9.09,9.1,14655.21
2026-03-22 15:15:00,9.1,9.1,9.07,9.09,12939.68
2026-03-22 15:30:00,9.09,9.1,9.07,9.09,8323.6
2026-03-22 15:45:00,9.08,9.1,9.08,9.1,8872.03
2026-03-22 16:00:00,9.1,9.11,9.09,9.1,15396.91
2026-03-22 16:15:00,9.11,9.11,9.09,9.09,13897.9
2026-03-22 16:30:00,9.09,9.1,9.08,9.08,5821.16
2026-03-22 16:45:00,9.08,9.1,9.08,9.08,4053.42
2026-03-22 17:00:00,9.08,9.09,9.06,9.08,13031.51
2026-03-22 17:15:00,9.07,9.1,9.06,9.08,10133.87
2026-03-22 17:30:00,9.08,9.09,9.06,9.07,6653.97
2026-03-22 17:45:00,9.07,9.09,9.07,9.08,4112.5
2026-03-22 18:00:00,9.07,9.08,9.04,9.08,23746.97
2026-03-22 18:15:00,9.07,9.08,9.05,9.08,8093.28
2026-03-22 18:30:00,9.07,9.09,8.99,9.02,49686.93
2026-03-22 18:45:00,9.02,9.05,9.01,9.04,16614.79
2026-03-22 19:00:00,9.04,9.04,8.98,8.99,35414.88
2026-03-22 19:15:00,8.99,9.0,8.97,8.99,18325.65
2026-03-22 19:30:00,8.99,9.02,8.97,9.02,12274.17
2026-03-22 19:45:00,9.01,9.02,8.95,8.98,26534.43
2026-03-22 20:00:00,8.98,9.01,8.97,9.01,12293.63
2026-03-22 20:15:00,9.01,9.03,8.98,8.99,36533.91
2026-03-22 20:30:00,8.99,9.01,8.97,9.0,15176.58
2026-03-22 20:45:00,8.99,9.0,8.96,8.99,22614.8
2026-03-22 21:00:00,8.99,8.99,8.89,8.93,60928.54
2026-03-22 21:15:00,8.93,8.96,8.87,8.96,32480.78
2026-03-22 21:30:00,8.96,8.99,8.92,8.97,16680.64
2026-03-22 21:45:00,8.97,8.98,8.94,8.98,8815.43
2026-03-22 22:00:00,8.98,9.01,8.93,8.96,33264.16
2026-03-22 22:15:00,8.97,9.09,8.96,9.07,36118.48
2026-03-22 22:30:00,9.07,9.08,9.02,9.04,65098.1
2026-03-22 22:45:00,9.03,9.08,9.03,9.05,36059.5
2026-03-22 23:00:00,9.05,9.09,9.04,9.06,14487.83
2026-03-22 23:15:00,9.06,9.07,9.04,9.06,10428.26
2026-03-22 23:30:00,9.05,9.06,9.04,9.06,6968.42
2026-03-22 23:45:00,9.05,9.05,9.01,9.03,8961.37
2026-03-23 00:00:00,9.03,9.07,9.01,9.03,12173.56
2026-03-23 00:15:00,9.04,9.07,9.02,9.04,11470.49
2026-03-23 00:30:00,9.04,9.05,8.99,9.03,22167.33
2026-03-23 00:45:00,9.04,9.07,9.03,9.05,10693.84
2026-03-23 01:00:00,9.04,9.08,9.03,9.07,9056.21
2026-03-23 01:15:00,9.07,9.11,9.07,9.1,15487.53
2026-03-23 01:30:00,9.1,9.11,9.07,9.09,9205.99
2026-03-23 01:45:00,9.09,9.11,9.07,9.07,11476.97
2026-03-23 02:00:00,9.07,9.1,9.05,9.05,10908.68
2026-03-23 02:15:00,9.05,9.14,9.05,9.13,21167.37
2026-03-23 02:30:00,9.13,9.14,9.11,9.12,5199.53
2026-03-23 02:45:00,9.11,9.12,9.1,9.12,4866.68
2026-03-23 03:00:00,9.12,9.19,9.12,9.13,20376.28
2026-03-23 03:15:00,9.14,9.14,9.11,9.11,5424.85
2026-03-23 03:30:00,9.11,9.11,9.09,9.11,3723.67
2026-03-23 03:45:00,9.1,9.11,9.09,9.1,7887.95
2026-03-23 04:00:00,9.11,9.12,9.1,9.11,7638.53
2026-03-23 04:15:00,9.12,9.12,9.1,9.12,8885.14
2026-03-23 04:30:00,9.12,9.13,9.1,9.12,6180.61
2026-03-23 04:45:00,9.12,9.16,9.11,9.16,5675.87
2026-03-23 05:00:00,9.15,9.18,9.15,9.18,4952.41
2026-03-23 05:15:00,9.17,9.17,9.14,9.14,10253.33
2026-03-23 05:30:00,9.14,9.15,9.11,9.13,11510.33
2026-03-23 05:45:00,9.13,9.17,9.12,9.16,5371.31
2026-03-23 06:00:00,9.16,9.16,9.1,9.1,5912.23
2026-03-23 06:15:00,9.1,9.12,9.09,9.11,11510.89
2026-03-23 06:30:00,9.12,9.12,9.01,9.01,28920.85
2026-03-23 06:45:00,9.01,9.03,8.99,9.03,12508.94
2026-03-23 07:00:00,9.03,9.04,8.97,9.02,27424.56
2026-03-23 07:15:00,9.01,9.02,8.95,8.97,18533.05
2026-03-23 07:30:00,8.97,9.06,8.97,9.06,14619.39
2026-03-23 07:45:00,9.06,9.06,9.02,9.02,9940.23
2026-03-23 08:00:00,9.03,9.06,9.02,9.05,6687.34
2026-03-23 08:15:00,9.06,9.06,9.03,9.03,12082.54
2026-03-23 08:30:00,9.03,9.05,9.01,9.01,20096.25
2026-03-23 08:45:00,9.01,9.02,8.97,8.98,12653.91
2026-03-23 09:00:00,8.99,8.99,8.94,8.97,12252.31
2026-03-23 09:15:00,8.97,8.99,8.96,8.98,9038.94
2026-03-23 09:30:00,8.98,8.98,8.92,8.97,22784.94
2026-03-23 09:45:00,8.96,9.02,8.96,9.0,15455.53
2026-03-23 10:00:00,9.01,9.06,9.0,9.03,13331.94
2026-03-23 10:15:00,9.03,9.04,8.99,9.0,8510.41
2026-03-23 10:30:00,9.0,9.0,8.98,9.0,9340.67
2026-03-23 10:45:00,9.0,9.01,8.98,9.0,8170.62
2026-03-23 11:00:00,9.01,9.59,9.0,9.45,797395.21
2026-03-23 11:15:00,9.46,9.53,9.36,9.44,142669.45
2026-03-23 11:30:00,9.43,9.52,9.41,9.45,64427.24
2026-03-23 11:45:00,9.45,9.48,9.36,9.38,46172.98
2026-03-23 12:00:00,9.39,9.48,9.34,9.43,120250.75
2026-03-23 12:15:00,9.43,9.49,9.41,9.43,52606.78
2026-03-23 12:30:00,9.43,9.49,9.39,9.48,38752.26
2026-03-23 12:45:00,9.48,9.49,9.43,9.47,20251.55
2026-03-23 13:00:00,9.47,9.5,9.44,9.45,31856.62
2026-03-23 13:15:00,9.46,9.48,9.44,9.45,10709.72
2026-03-23 13:30:00,9.45,9.56,9.43,9.53,42979.01
2026-03-23 13:45:00,9.52,9.64,9.51,9.62,82641.48
2026-03-23 14:00:00,9.63,9.76,9.62,9.72,121882.32
2026-03-23 14:15:00,9.71,9.75,9.65,9.67,68446.21
2026-03-23 14:30:00,9.67,9.69,9.6,9.6,62745.63
2026-03-23 14:45:00,9.61,9.65,9.59,9.64,34641.86
2026-03-23 15:00:00,9.64,9.67,9.63,9.65,38371.88
2026-03-23 15:15:00,9.64,9.64,9.57,9.57,45508.36
2026-03-23 15:30:00,9.57,9.58,9.49,9.51,45941.17
2026-03-23 15:45:00,9.51,9.55,9.4,9.42,70042.25
2026-03-23 16:00:00,9.42,9.47,9.41,9.46,32967.08
2026-03-23 16:15:00,9.46,9.46,9.38,9.39,23908.83
2026-03-23 16:30:00,9.38,9.43,9.36,9.41,17720.19
2026-03-23 16:45:00,9.42,9.48,9.42,9.46,14403.26
2026-03-23 17:00:00,9.46,9.5,9.45,9.47,23874.95
2026-03-23 17:15:00,9.47,9.48,9.43,9.46,7863.05
2026-03-23 17:30:00,9.47,9.56,9.46,9.51,35129.71
2026-03-23 17:45:00,9.52,9.53,9.5,9.52,14064.08
2026-03-23 18:00:00,9.53,9.55,9.46,9.46,33681.89
2026-03-23 18:15:00,9.46,9.47,9.43,9.44,10485.62
2026-03-23 18:30:00,9.43,9.51,9.43,9.48,16029.19
2026-03-23 18:45:00,9.48,9.54,9.48,9.53,35153.49
2026-03-23 19:00:00,9.53,9.58,9.51,9.52,36415.29
2026-03-23 19:15:00,9.53,9.53,9.49,9.51,5874.18
2026-03-23 19:30:00,9.5,9.51,9.47,9.48,8223.19
2026-03-23 19:45:00,9.49,9.5,9.45,9.47,7223.61
2026-03-23 20:00:00,9.46,9.51,9.44,9.5,16444.41
2026-03-23 20:15:00,9.5,9.51,9.49,9.49,8082.28
2026-03-23 20:30:00,9.49,9.53,9.49,9.53,7986.64
2026-03-23 20:45:00,9.53,9.54,9.51,9.54,5053.84
2026-03-23 21:00:00,9.54,9.55,9.53,9.53,14062.53
2026-03-23 21:15:00,9.54,9.55,9.52,9.52,3534.57
2026-03-23 21:30:00,9.52,9.58,9.52,9.55,12660.83
2026-03-23 21:45:00,9.56,9.58,9.55,9.57,11950.0
2026-03-23 22:00:00,9.57,9.58,9.52,9.55,20829.22
2026-03-23 22:15:00,9.54,9.55,9.53,9.54,5009.48
2026-03-23 22:30:00,9.54,9.58,9.51,9.55,52254.64
2026-03-23 22:45:00,9.56,9.57,9.54,9.56,9694.87
2026-03-23 23:00:00,9.56,9.56,9.49,9.51,12517.34
2026-03-23 23:15:00,9.51,9.54,9.51,9.54,20838.42
2026-03-23 23:30:00,9.53,9.54,9.51,9.53,13113.79
2026-03-23 23:45:00,9.53,9.57,9.51,9.56,8085.49
2026-03-24 00:00:00,9.56,9.59,9.55,9.57,29882.05
2026-03-24 00:15:00,9.56,9.57,9.52,9.52,27650.95
2026-03-24 00:30:00,9.52,9.54,9.48,9.52,32392.3
2026-03-24 00:45:00,9.53,9.56,9.53,9.54,11574.14
2026-03-24 01:00:00,9.53,9.54,9.5,9.51,23243.32
2026-03-24 01:15:00,9.51,9.54,9.5,9.52,5849.43
2026-03-24 01:30:00,9.52,9.53,9.46,9.47,22689.34
2026-03-24 01:45:00,9.47,9.51,9.45,9.5,7206.03
2026-03-24 02:00:00,9.51,9.57,9.5,9.54,13039.95
2026-03-24 02:15:00,9.54,9.56,9.52,9.52,10420.13
2026-03-24 02:30:00,9.53,9.55,9.49,9.54,14241.39
2026-03-24 02:45:00,9.53,9.55,9.5,9.52,19503.91
2026-03-24 03:00:00,9.52,9.54,9.51,9.53,9158.15
2026-03-24 03:15:00,9.52,9.56,9.52,9.55,12477.14
2026-03-24 03:30:00,9.55,9.56,9.51,9.55,12608.18
2026-03-24 03:45:00,9.55,9.6,9.54,9.57,15411.36
2026-03-24 04:00:00,9.58,9.62,9.56,9.56,15353.06
2026-03-24 04:15:00,9.57,9.57,9.54,9.54,7084.3
2026-03-24 04:30:00,9.54,9.54,9.5,9.52,9077.25
2026-03-24 04:45:00,9.53,9.54,9.51,9.52,8683.57
2026-03-24 05:00:00,9.52,9.52,9.47,9.48,6264.26
2026-03-24 05:15:00,9.49,9.54,9.49,9.51,15627.83
2026-03-24 05:30:00,9.51,9.55,9.5,9.54,6238.84
2026-03-24 05:45:00,9.54,9.56,9.52,9.53,9629.15
2026-03-24 06:00:00,9.53,9.55,9.52,9.54,13905.33
2026-03-24 06:15:00,9.54,9.54,9.49,9.51,10941.01
2026-03-24 06:30:00,9.52,9.54,9.51,9.51,9446.7
2026-03-24 06:45:00,9.52,9.55,9.51,9.55,8481.89
2026-03-24 07:00:00,9.55,9.61,9.54,9.6,43885.04
2026-03-24 07:15:00,9.59,9.61,9.56,9.56,14383.44
2026-03-24 07:30:00,9.57,9.58,9.54,9.55,12530.3
2026-03-24 07:45:00,9.55,9.62,9.54,9.6,24788.58
2026-03-24 08:00:00,9.61,9.64,9.59,9.61,14535.74
2026-03-24 08:15:00,9.6,9.6,9.58,9.6,9547.3
2026-03-24 08:30:00,9.6,9.63,9.59,9.63,4081.2
2026-03-24 08:45:00,9.63,9.63,9.56,9.59,33934.7
2026-03-24 09:00:00,9.59,9.59,9.55,9.56,10003.5
2026-03-24 09:15:00,9.56,9.58,9.54,9.57,18561.34
2026-03-24 09:30:00,9.56,9.62,9.55,9.6,9218.33
2026-03-24 09:45:00,9.61,9.61,9.58,9.6,13478.6
2026-03-24 10:00:00,9.59,9.6,9.56,9.58,15092.85
2026-03-24 10:15:00,9.57,9.58,9.55,9.56,11516.89
2026-03-24 10:30:00,9.55,9.58,9.55,9.56,13032.52
2026-03-24 10:45:00,9.57,9.58,9.55,9.57,4466.91
2026-03-24 11:00:00,9.57,9.57,9.52,9.53,17262.48
2026-03-24 11:15:00,9.53,9.54,9.51,9.54,6715.14
2026-03-24 11:30:00,9.53,9.57,9.53,9.56,8574.65
2026-03-24 11:45:00,9.57,9.57,9.53,9.55,15291.85
2026-03-24 12:00:00,9.55,9.55,9.52,9.54,6902.65
2026-03-24 12:15:00,9.54,9.55,9.52,9.54,6273.34
2026-03-24 12:30:00,9.53,9.56,9.51,9.55,16465.53
2026-03-24 12:45:00,9.55,9.56,9.54,9.55,3974.84
2026-03-24 13:00:00,9.55,9.56,9.52,9.53,9570.77
2026-03-24 13:15:00,9.54,9.55,9.52,9.53,6831.43
2026-03-24 13:30:00,9.54,9.54,9.46,9.46,37718.4
2026-03-24 13:45:00,9.47,9.49,9.43,9.45,69204.66
2026-03-24 14:00:00,9.45,9.49,9.41,9.43,24824.82
2026-03-24 14:15:00,9.43,9.46,9.41,9.46,16208.72
2026-03-24 14:30:00,9.45,9.47,9.41,9.43,38543.62
2026-03-24 14:45:00,9.42,9.5,9.39,9.47,50485.07
2026-03-24 15:00:00,9.47,9.5,9.46,9.47,19751.77
2026-03-24 15:15:00,9.47,9.49,9.45,9.47,31621.09
2026-03-24 15:30:00,9.47,9.49,9.44,9.47,11047.49
2026-03-24 15:45:00,9.47,9.47,9.44,9.44,8273.7
2026-03-24 16:00:00,9.44,9.46,9.43,9.46,9181.19
2026-03-24 16:15:00,9.46,9.48,9.43,9.44,9848.34
2026-03-24 16:30:00,9.45,9.45,9.4,9.42,29113.66
2026-03-24 16:45:00,9.42,9.43,9.4,9.4,8732.22
2026-03-24 17:00:00,9.4,9.42,9.35,9.38,18516.43
2026-03-24 17:15:00,9.38,9.4,9.37,9.38,7345.44
2026-03-24 17:30:00,9.39,9.41,9.35,9.36,18172.51
2026-03-24 17:45:00,9.36,9.4,9.35,9.39,14622.72
2026-03-24 18:00:00,9.39,9.4,9.38,9.4,11056.97
2026-03-24 18:15:00,9.39,9.41,9.38,9.4,4369.63
2026-03-24 18:30:00,9.4,9.45,9.4,9.43,9212.17
2026-03-24 18:45:00,9.42,9.43,9.41,9.41,6211.64
2026-03-24 19:00:00,9.41,9.42,9.4,9.41,8171.08
2026-03-24 19:15:00,9.42,9.43,9.4,9.41,6745.2
2026-03-24 19:30:00,9.4,9.4,9.38,9.4,5610.4
2026-03-24 19:45:00,9.39,9.4,9.38,9.39,5388.83
2026-03-24 20:00:00,9.39,9.42,9.38,9.42,4771.68
2026-03-24 20:15:00,9.41,9.58,9.41,9.52,56570.81
2026-03-24 20:30:00,9.52,9.56,9.52,9.54,30382.46
2026-03-24 20:45:00,9.54,9.57,9.53,9.56,20542.79
2026-03-24 21:00:00,9.56,9.58,9.52,9.52,29562.59
2026-03-24 21:15:00,9.53,9.54,9.51,9.54,16898.64
2026-03-24 21:30:00,9.54,9.56,9.52,9.54,17341.71
2026-03-24 21:45:00,9.54,9.57,9.53,9.56,22349.15
2026-03-24 22:00:00,9.56,9.59,9.54,9.58,20535.58
2026-03-24 22:15:00,9.57,9.58,9.55,9.56,20212.47
2026-03-24 22:30:00,9.55,9.6,9.54,9.58,24030.5
2026-03-24 22:45:00,9.57,9.58,9.57,9.57,6091.68
2026-03-24 23:00:00,9.58,9.59,9.56,9.59,7425.21
2026-03-24 23:15:00,9.59,9.63,9.58,9.63,34706.85
2026-03-24 23:30:00,9.63,9.65,9.6,9.6,26362.83
2026-03-24 23:45:00,9.61,9.63,9.6,9.62,13259.63
2026-03-25 00:00:00,9.63,9.66,9.62,9.64,24499.66
2026-03-25 00:15:00,9.63,9.63,9.61,9.63,11758.69
2026-03-25 00:30:00,9.62,9.66,9.58,9.64,42020.69
2026-03-25 00:45:00,9.65,9.66,9.63,9.64,16701.22
2026-03-25 01:00:00,9.64,9.65,9.62,9.63,24384.17
2026-03-25 01:15:00,9.62,9.63,9.61,9.63,5418.18
2026-03-25 01:30:00,9.62,9.64,9.6,9.63,19245.78
2026-03-25 01:45:00,9.62,9.63,9.6,9.6,8090.18
2026-03-25 02:00:00,9.6,9.61,9.59,9.61,19279.51
2026-03-25 02:15:00,9.61,9.61,9.59,9.6,10238.12
2026-03-25 02:30:00,9.59,9.61,9.59,9.61,1784.57
2026-03-25 02:45:00,9.6,9.62,9.58,9.58,13490.34
2026-03-25 03:00:00,9.58,9.6,9.56,9.58,16658.35
2026-03-25 03:15:00,9.58,9.59,9.56,9.58,8774.05
2026-03-25 03:30:00,9.59,9.61,9.58,9.59,8104.23
2026-03-25 03:45:00,9.59,9.63,9.59,9.62,14055.65
2026-03-25 04:00:00,9.62,9.65,9.6,9.63,18960.63
2026-03-25 04:15:00,9.63,9.63,9.61,9.62,7527.8
2026-03-25 04:30:00,9.61,9.62,9.6,9.61,8690.15
2026-03-25 04:45:00,9.62,9.66,9.61,9.64,10783.63
2026-03-25 05:00:00,9.64,9.69,9.62,9.66,61462.99
2026-03-25 05:15:00,9.67,9.67,9.64,9.66,6930.01
2026-03-25 05:30:00,9.66,9.67,9.64,9.65,18201.22
2026-03-25 05:45:00,9.65,9.65,9.64,9.64,6956.73
2026-03-25 06:00:00,9.64,9.65,9.62,9.62,14206.13
2026-03-25 06:15:00,9.62,9.66,9.61,9.66,27539.41
2026-03-25 06:30:00,9.67,9.69,9.65,9.65,28524.27
2026-03-25 06:45:00,9.66,9.67,9.63,9.64,18323.18
2026-03-25 07:00:00,9.65,9.67,9.63,9.67,8670.18
2026-03-25 07:15:00,9.67,9.67,9.65,9.66,19035.35
2026-03-25 07:30:00,9.67,9.71,9.66,9.69,26713.4
2026-03-25 07:45:00,9.68,9.68,9.64,9.64,19253.83
2026-03-25 08:00:00,9.65,9.67,9.62,9.64,18463.25
2026-03-25 08:15:00,9.63,9.7,9.63,9.68,53811.48
2026-03-25 08:30:00,9.68,9.74,9.68,9.71,29752.3
2026-03-25 08:45:00,9.72,9.72,9.69,9.7,13129.23
2026-03-25 09:00:00,9.69,9.7,9.67,9.69,6412.5
2026-03-25 09:15:00,9.69,9.7,9.67,9.68,17247.13
2026-03-25 09:30:00,9.68,9.68,9.65,9.67,6575.71
2026-03-25 09:45:00,9.68,9.72,9.67,9.71,13343.48
2026-03-25 10:00:00,9.7,9.72,9.69,9.7,20561.89
2026-03-25 10:15:00,9.7,9.73,9.69,9.73,19716.2
2026-03-25 10:30:00,9.72,9.73,9.71,9.72,10507.04
2026-03-25 10:45:00,9.72,9.74,9.71,9.71,14281.12
2026-03-25 11:00:00,9.72,9.73,9.69,9.72,19350.92
2026-03-25 11:15:00,9.72,9.75,9.72,9.74,34577.58
2026-03-25 11:30:00,9.74,9.78,9.74,9.75,66812.33
2026-03-25 11:45:00,9.76,9.76,9.7,9.75,54733.06
2026-03-25 12:00:00,9.75,9.8,9.75,9.77,35900.33
2026-03-25 12:15:00,9.77,9.77,9.69,9.7,42294.37
2026-03-25 12:30:00,9.7,9.72,9.67,9.69,28695.95
2026-03-25 12:45:00,9.69,9.76,9.68,9.74,28459.61
2026-03-25 13:00:00,9.73,9.76,9.71,9.74,35545.59
2026-03-25 13:15:00,9.74,9.76,9.73,9.73,24715.13
2026-03-25 13:30:00,9.74,9.77,9.74,9.74,48471.84
2026-03-25 13:45:00,9.74,9.76,9.72,9.73,17337.72
2026-03-25 14:00:00,9.73,9.74,9.69,9.7,21496.13
2026-03-25 14:15:00,9.71,9.73,9.7,9.72,22911.87
2026-03-25 14:30:00,9.72,9.73,9.7,9.71,19419.92
2026-03-25 14:45:00,9.71,9.73,9.69,9.7,12389.82
2026-03-25 15:00:00,9.7,9.71,9.64,9.64,29315.28
2026-03-25 15:15:00,9.64,9.67,9.59,9.66,32824.3
2026-03-25 15:30:00,9.66,9.68,9.63,9.64,15813.21
2026-03-25 15:45:00,9.65,9.68,9.64,9.67,9818.15
2026-03-25 16:00:00,9.67,9.68,9.65,9.67,22856.69
2026-03-25 16:15:00,9.66,9.76,9.65,9.73,79407.01
2026-03-25 16:30:00,9.72,9.74,9.71,9.72,22863.47
2026-03-25 16:45:00,9.72,9.73,9.69,9.7,17774.83
2026-03-25 17:00:00,9.71,9.71,9.67,9.69,10764.06
2026-03-25 17:15:00,9.68,9.71,9.66,9.69,15733.51
2026-03-25 17:30:00,9.69,9.69,9.66,9.67,17830.14
2026-03-25 17:45:00,9.66,9.68,9.63,9.65,16363.03
2026-03-25 18:00:00,9.65,9.68,9.65,9.66,14704.19
2026-03-25 18:15:00,9.67,9.7,9.67,9.68,16368.73
2026-03-25 18:30:00,9.69,9.7,9.66,9.66,6172.17
2026-03-25 18:45:00,9.67,9.69,9.65,9.66,10724.03
2026-03-25 19:00:00,9.66,9.68,9.65,9.67,9174.36
2026-03-25 19:15:00,9.68,9.69,9.67,9.68,5489.55
2026-03-25 19:30:00,9.69,9.71,9.67,9.69,11116.16
2026-03-25 19:45:00,9.68,9.7,9.66,9.68,20956.37
2026-03-25 20:00:00,9.68,9.69,9.66,9.66,9053.14
2026-03-25 20:15:00,9.66,9.68,9.62,9.62,13916.64
2026-03-25 20:30:00,9.62,9.65,9.61,9.65,7686.94
2026-03-25 20:45:00,9.64,9.66,9.64,9.65,3051.55
2026-03-25 21:00:00,9.65,9.67,9.63,9.67,7894.42
2026-03-25 21:15:00,9.67,9.68,9.63,9.64,13587.38
2026-03-25 21:30:00,9.64,9.66,9.63,9.65,4219.16
2026-03-25 21:45:00,9.64,9.66,9.63,9.64,7997.61
2026-03-25 22:00:00,9.65,9.67,9.64,9.65,10745.54
2026-03-25 22:15:00,9.65,9.67,9.64,9.65,6324.9
2026-03-25 22:30:00,9.65,9.73,9.65,9.7,30506.74
2026-03-25 22:45:00,9.7,9.7,9.68,9.68,3693.83
2026-03-25 23:00:00,9.68,9.69,9.67,9.68,7764.12
2026-03-25 23:15:00,9.67,9.7,9.67,9.69,5757.2
2026-03-25 23:30:00,9.68,9.69,9.66,9.66,3911.44
2026-03-25 23:45:00,9.66,9.69,9.66,9.68,10133.29
2026-03-26 00:00:00,9.69,9.69,9.66,9.67,11494.96
2026-03-26 00:15:00,9.67,9.69,9.67,9.67,3848.08
2026-03-26 00:30:00,9.67,9.69,9.67,9.68,6132.06
2026-03-26 00:45:00,9.68,9.69,9.65,9.68,15976.0
2026-03-26 01:00:00,9.68,9.69,9.66,9.67,5649.03
2026-03-26 01:15:00,9.67,9.68,9.64,9.67,16965.04
2026-03-26 01:30:00,9.67,9.69,9.67,9.68,3163.97
2026-03-26 01:45:00,9.68,9.68,9.65,9.67,5931.58
2026-03-26 02:00:00,9.66,9.67,9.61,9.61,8217.87
2026-03-26 02:15:00,9.62,9.62,9.58,9.59,17447.1
2026-03-26 02:30:00,9.6,9.6,9.56,9.58,11436.4
2026-03-26 02:45:00,9.58,9.6,9.57,9.6,5450.53
2026-03-26 03:00:00,9.59,9.61,9.56,9.61,13589.63
2026-03-26 03:15:00,9.61,9.61,9.54,9.55,17976.08
2026-03-26 03:30:00,9.56,9.58,9.55,9.56,2868.03
2026-03-26 03:45:00,9.56,9.58,9.56,9.57,6064.42
2026-03-26 04:00:00,9.57,9.57,9.53,9.54,9888.42
2026-03-26 04:15:00,9.53,9.56,9.53,9.56,5738.42
2026-03-26 04:30:00,9.56,9.57,9.55,9.55,14933.95
2026-03-26 04:45:00,9.55,9.57,9.55,9.55,8443.83
2026-03-26 05:00:00,9.55,9.56,9.51,9.51,30806.4
2026-03-26 05:15:00,9.52,9.52,9.5,9.51,12023.82
2026-03-26 05:30:00,9.51,9.52,9.46,9.48,27670.5
2026-03-26 05:45:00,9.48,9.49,9.44,9.45,34899.17
2026-03-26 06:00:00,9.44,9.46,9.42,9.44,28593.8
2026-03-26 06:15:00,9.45,9.46,9.42,9.43,21880.29
2026-03-26 06:30:00,9.44,9.46,9.43,9.44,9993.43
2026-03-26 06:45:00,9.43,9.46,9.42,9.43,12101.25
2026-03-26 07:00:00,9.43,9.46,9.43,9.43,16974.15
2026-03-26 07:15:00,9.43,9.45,9.41,9.43,19551.16
2026-03-26 07:30:00,9.42,9.44,9.42,9.42,6962.07
2026-03-26 07:45:00,9.43,9.46,9.42,9.44,12447.65
2026-03-26 08:00:00,9.45,9.45,9.41,9.41,15145.51
2026-03-26 08:15:00,9.41,9.42,9.39,9.4,13484.41
2026-03-26 08:30:00,9.39,9.41,9.38,9.4,20922.2
2026-03-26 08:45:00,9.4,9.42,9.39,9.41,20628.82
2026-03-26 09:00:00,9.41,9.42,9.39,9.4,28396.84
2026-03-26 09:15:00,9.4,9.4,9.38,9.38,20532.27
2026-03-26 09:30:00,9.38,9.39,9.27,9.29,103682.36
2026-03-26 09:45:00,9.28,9.3,9.27,9.29,17808.75
2026-03-26 10:00:00,9.29,9.3,9.24,9.24,49796.01
2026-03-26 10:15:00,9.25,9.28,9.25,9.27,27171.55
2026-03-26 10:30:00,9.27,9.28,9.25,9.25,15153.69
2026-03-26 10:45:00,9.26,9.27,9.26,9.26,11294.79
2026-03-26 11:00:00,9.27,9.29,9.25,9.26,23341.27
2026-03-26 11:15:00,9.26,9.27,9.23,9.24,24641.57
2026-03-26 11:30:00,9.25,9.26,9.23,9.25,23067.71
2026-03-26 11:45:00,9.25,9.25,9.23,9.23,10989.75
2026-03-26 12:00:00,9.23,9.24,9.21,9.22,33932.08
2026-03-26 12:15:00,9.23,9.25,9.22,9.24,9772.86
2026-03-26 12:30:00,9.24,9.26,9.22,9.23,28172.17
2026-03-26 12:45:00,9.23,9.26,9.23,9.25,18118.15
2026-03-26 13:00:00,9.25,9.28,9.24,9.26,16579.83
2026-03-26 13:15:00,9.26,9.28,9.25,9.27,15485.65
2026-03-26 13:30:00,9.26,9.28,9.24,9.28,21246.57
2026-03-26 13:45:00,9.29,9.34,9.28,9.3,33191.82
2026-03-26 14:00:00,9.3,9.32,9.26,9.27,19046.56
2026-03-26 14:15:00,9.27,9.28,9.25,9.26,18452.86
2026-03-26 14:30:00,9.26,9.29,9.25,9.26,18109.5
2026-03-26 14:45:00,9.25,9.27,9.22,9.24,22025.44
2026-03-26 15:00:00,9.24,9.25,9.15,9.16,34608.16
2026-03-26 15:15:00,9.15,9.19,9.13,9.17,33250.72
2026-03-26 15:30:00,9.17,9.19,9.16,9.16,18514.95
2026-03-26 15:45:00,9.17,9.2,9.16,9.18,30111.44
2026-03-26 16:00:00,9.19,9.2,9.17,9.19,15350.94
2026-03-26 16:15:00,9.19,9.21,9.17,9.17,10874.26
2026-03-26 16:30:00,9.18,9.2,9.17,9.18,13646.72
2026-03-26 16:45:00,9.19,9.19,9.13,9.14,23316.03
2026-03-26 17:00:00,9.14,9.17,9.12,9.12,21076.91
2026-03-26 17:15:00,9.13,9.15,9.12,9.14,11473.25
2026-03-26 17:30:00,9.14,9.16,9.13,9.13,5519.26
2026-03-26 17:45:00,9.13,9.14,9.03,9.06,114252.56
2026-03-26 18:00:00,9.06,9.07,9.04,9.05,48158.25
2026-03-26 18:15:00,9.05,9.05,9.01,9.01,48402.63
2026-03-26 18:30:00,9.01,9.03,8.99,9.01,45507.56
2026-03-26 18:45:00,9.01,9.03,9.01,9.02,24660.89
2026-03-26 19:00:00,9.03,9.03,9.0,9.01,22606.39
2026-03-26 19:15:00,9.02,9.03,9.0,9.01,12325.05
2026-03-26 19:30:00,9.01,9.03,8.99,9.02,29837.45
2026-03-26 19:45:00,9.02,9.04,9.01,9.02,21140.74
2026-03-26 20:00:00,9.01,9.14,9.0,9.11,153408.42
2026-03-26 20:15:00,9.11,9.15,9.09,9.12,40981.8
2026-03-26 20:30:00,9.12,9.14,9.11,9.13,9663.09
2026-03-26 20:45:00,9.12,9.13,9.09,9.1,8242.86
2026-03-26 21:00:00,9.09,9.11,9.08,9.1,18131.36
2026-03-26 21:15:00,9.1,9.15,9.09,9.14,23725.51
2026-03-26 21:30:00,9.13,9.15,9.12,9.14,16943.73
2026-03-26 21:45:00,9.14,9.14,9.1,9.11,6388.58
2026-03-26 22:00:00,9.11,9.12,9.08,9.12,13736.02
2026-03-26 22:15:00,9.11,9.12,9.07,9.1,28649.36
2026-03-26 22:30:00,9.1,9.1,9.08,9.1,5258.57
2026-03-26 22:45:00,9.09,9.12,9.09,9.12,4615.34
2026-03-26 23:00:00,9.12,9.14,9.11,9.12,12789.75
2026-03-26 23:15:00,9.12,9.12,9.09,9.1,12207.19
2026-03-26 23:30:00,9.09,9.1,9.08,9.09,11916.01
2026-03-26 23:45:00,9.1,9.12,9.09,9.11,7103.74
2026-03-27 00:00:00,9.1,9.12,9.08,9.11,22583.45
2026-03-27 00:15:00,9.11,9.12,9.08,9.09,16162.75
2026-03-27 00:30:00,9.09,9.11,9.08,9.1,7837.68
2026-03-27 00:45:00,9.09,9.12,9.08,9.11,3549.94
2026-03-27 01:00:00,9.11,9.13,9.1,9.11,14643.88
2026-03-27 01:15:00,9.11,9.11,9.07,9.1,24697.82
2026-03-27 01:30:00,9.11,9.12,9.1,9.12,6503.13
2026-03-27 01:45:00,9.12,9.14,9.11,9.14,8350.14
2026-03-27 02:00:00,9.14,9.14,9.13,9.14,9437.07
2026-03-27 02:15:00,9.13,9.13,9.11,9.13,6132.12
2026-03-27 02:30:00,9.13,9.15,9.12,9.12,4658.03
2026-03-27 02:45:00,9.13,9.13,9.12,9.13,2212.76
2026-03-27 03:00:00,9.13,9.13,9.07,9.08,14793.3
2026-03-27 03:15:00,9.08,9.09,9.07,9.09,4328.01
2026-03-27 03:30:00,9.09,9.1,9.09,9.1,5440.09
2026-03-27 03:45:00,9.1,9.1,9.08,9.08,7023.83
2026-03-27 04:00:00,9.07,9.08,9.0,9.02,23104.2
2026-03-27 04:15:00,9.01,9.04,9.0,9.04,15090.34
2026-03-27 04:30:00,9.03,9.06,9.02,9.06,10610.73
2026-03-27 04:45:00,9.06,9.07,9.04,9.06,5996.35
2026-03-27 05:00:00,9.05,9.09,9.05,9.09,5110.43
2026-03-27 05:15:00,9.08,9.1,9.04,9.05,12974.07
2026-03-27 05:30:00,9.06,9.07,9.04,9.07,7528.26
2026-03-27 05:45:00,9.07,9.08,9.06,9.08,4329.43
2026-03-27 06:00:00,9.07,9.08,9.05,9.07,8712.62
2026-03-27 06:15:00,9.07,9.1,9.06,9.08,29911.99
2026-03-27 06:30:00,9.08,9.09,9.07,9.09,6870.87
2026-03-27 06:45:00,9.08,9.09,9.07,9.09,9259.55
2026-03-27 07:00:00,9.08,9.09,9.05,9.08,16032.93
2026-03-27 07:15:00,9.08,9.1,9.07,9.09,14218.19
2026-03-27 07:30:00,9.09,9.09,9.03,9.05,15090.54
2026-03-27 07:45:00,9.05,9.07,9.05,9.07,12503.19
2026-03-27 08:00:00,9.07,9.08,9.04,9.05,28273.55
2026-03-27 08:15:00,9.04,9.05,9.02,9.03,12126.75
2026-03-27 08:30:00,9.03,9.04,8.91,8.95,106828.49
2026-03-27 08:45:00,8.95,9.0,8.94,8.98,19462.51
2026-03-27 09:00:00,8.98,8.99,8.91,8.94,40511.51
2026-03-27 09:15:00,8.94,8.98,8.94,8.96,20997.47
2026-03-27 09:30:00,8.96,8.98,8.93,8.95,27250.84
2026-03-27 09:45:00,8.95,8.96,8.93,8.94,11618.14
2026-03-27 10:00:00,8.93,8.95,8.91,8.94,20874.42
2026-03-27 10:15:00,8.94,8.96,8.93,8.95,9321.19
2026-03-27 10:30:00,8.94,8.95,8.76,8.82,171932.58
2026-03-27 10:45:00,8.82,8.82,8.7,8.72,140215.71
2026-03-27 11:00:00,8.72,8.73,8.66,8.71,94195.08
2026-03-27 11:15:00,8.71,8.73,8.7,8.73,39550.27
2026-03-27 11:30:00,8.72,8.75,8.72,8.74,35136.32
2026-03-27 11:45:00,8.74,8.77,8.73,8.76,31576.04
2026-03-27 12:00:00,8.76,8.77,8.73,8.76,42355.93
2026-03-27 12:15:00,8.76,8.77,8.74,8.76,34430.78
2026-03-27 12:30:00,8.76,8.77,8.73,8.76,28083.58
2026-03-27 12:45:00,8.76,8.79,8.73,8.78,16755.23
2026-03-27 13:00:00,8.79,8.81,8.78,8.8,26802.08
2026-03-27 13:15:00,8.8,8.84,8.8,8.83,27284.91
2026-03-27 13:30:00,8.82,8.84,8.75,8.82,86693.47
2026-03-27 13:45:00,8.82,8.83,8.76,8.79,21154.22
2026-03-27 14:00:00,8.78,8.83,8.78,8.82,27593.5
2026-03-27 14:15:00,8.82,8.83,8.73,8.74,48633.53
2026-03-27 14:30:00,8.73,8.76,8.73,8.75,14808.44
2026-03-27 14:45:00,8.76,8.8,8.75,8.8,21085.87
2026-03-27 15:00:00,8.8,8.82,8.8,8.81,16735.02
2026-03-27 15:15:00,8.8,8.86,8.78,8.83,51241.23
2026-03-27 15:30:00,8.83,8.89,8.82,8.84,19310.51
2026-03-27 15:45:00,8.85,8.86,8.8,8.8,25146.82
2026-03-27 16:00:00,8.81,8.81,8.76,8.79,19869.01
2026-03-27 16:15:00,8.78,8.8,8.76,8.78,13714.61
2026-03-27 16:30:00,8.78,8.79,8.75,8.78,7990.3
2026-03-27 16:45:00,8.78,8.8,8.76,8.77,19424.92
2026-03-27 17:00:00,8.77,8.82,8.76,8.81,24071.37
2026-03-27 17:15:00,8.81,8.82,8.76,8.76,23596.45
2026-03-27 17:30:00,8.76,8.79,8.74,8.76,16409.8
2026-03-27 17:45:00,8.75,8.76,8.72,8.73,16865.48
2026-03-27 18:00:00,8.72,8.73,8.69,8.7,29504.25
2026-03-27 18:15:00,8.69,8.73,8.66,8.69,31648.19
2026-03-27 18:30:00,8.69,8.72,8.68,8.71,12810.44
2026-03-27 18:45:00,8.72,8.74,8.71,8.72,22583.67
2026-03-27 19:00:00,8.72,8.73,8.69,8.71,10905.76
2026-03-27 19:15:00,8.72,8.76,8.71,8.75,20219.8
2026-03-27 19:30:00,8.74,8.77,8.73,8.75,10004.82
2026-03-27 19:45:00,8.75,8.77,8.74,8.77,16873.67
2026-03-27 20:00:00,8.77,8.78,8.76,8.77,7559.98
2026-03-27 20:15:00,8.77,8.78,8.72,8.74,18111.5
2026-03-27 20:30:00,8.74,8.76,8.73,8.75,5838.02
2026-03-27 20:45:00,8.75,8.78,8.74,8.77,3100.33
2026-03-27 21:00:00,8.77,8.79,8.77,8.79,2773.54
2026-03-27 21:15:00,8.79,8.8,8.78,8.78,2908.51
2026-03-27 21:30:00,8.79,8.81,8.78,8.79,11423.08
2026-03-27 21:45:00,8.8,8.8,8.77,8.77,9159.2
2026-03-27 22:00:00,8.78,8.79,8.75,8.77,6772.73
2026-03-27 22:15:00,8.77,8.77,8.75,8.76,4371.15
2026-03-27 22:30:00,8.76,8.77,8.74,8.75,8155.98
2026-03-27 22:45:00,8.76,8.77,8.76,8.77,2048.09
2026-03-27 23:00:00,8.77,8.77,8.74,8.76,27223.42
2026-03-27 23:15:00,8.77,8.78,8.75,8.77,8136.01
2026-03-27 23:30:00,8.76,8.79,8.76,8.79,3965.85
2026-03-27 23:45:00,8.79,8.8,8.79,8.79,9467.39
2026-03-28 00:00:00,8.79,8.79,8.76,8.76,7195.31
2026-03-28 00:15:00,8.77,8.78,8.76,8.77,3099.72
2026-03-28 00:30:00,8.77,8.79,8.77,8.79,11761.02
2026-03-28 00:45:00,8.79,8.79,8.76,8.77,7573.53
2026-03-28 01:00:00,8.77,8.77,8.72,8.73,17065.29
2026-03-28 01:15:00,8.73,8.75,8.72,8.73,6799.48
2026-03-28 01:30:00,8.73,8.75,8.7,8.73,10744.91
2026-03-28 01:45:00,8.73,8.76,8.72,8.74,18094.06
2026-03-28 02:00:00,8.75,8.78,8.74,8.76,17796.52
2026-03-28 02:15:00,8.76,8.77,8.73,8.74,8193.22
2026-03-28 02:30:00,8.73,8.74,8.72,8.74,10805.01
2026-03-28 02:45:00,8.74,8.74,8.72,8.74,2013.67
2026-03-28 03:00:00,8.74,8.75,8.73,8.74,6072.86
2026-03-28 03:15:00,8.73,8.75,8.73,8.74,3551.41
2026-03-28 03:30:00,8.75,8.76,8.74,8.74,4282.9
2026-03-28 03:45:00,8.75,8.75,8.73,8.74,4368.46
2026-03-28 04:00:00,8.74,8.75,8.71,8.72,9988.51
2026-03-28 04:15:00,8.72,8.75,8.71,8.75,5744.6
2026-03-28 04:30:00,8.74,8.75,8.73,8.74,1730.32
2026-03-28 04:45:00,8.74,8.75,8.73,8.74,5828.24
2026-03-28 05:00:00,8.74,8.75,8.72,8.73,3753.23
2026-03-28 05:15:00,8.74,8.77,8.73,8.77,5320.91
2026-03-28 05:30:00,8.77,8.77,8.75,8.76,3631.46
2026-03-28 05:45:00,8.77,8.77,8.76,8.77,1805.21
2026-03-28 06:00:00,8.76,8.77,8.75,8.76,3995.86
2026-03-28 06:15:00,8.76,8.8,8.75,8.8,19082.8
2026-03-28 06:30:00,8.8,8.8,8.78,8.78,3489.51
2026-03-28 06:45:00,8.78,8.79,8.77,8.79,3812.18
2026-03-28 07:00:00,8.79,8.8,8.77,8.79,9515.95
2026-03-28 07:15:00,8.8,8.82,8.79,8.81,11399.32
2026-03-28 07:30:00,8.81,8.82,8.81,8.82,1691.97
2026-03-28 07:45:00,8.82,8.83,8.81,8.83,4450.96
2026-03-28 08:00:00,8.84,8.85,8.81,8.82,15840.12
2026-03-28 08:15:00,8.83,8.84,8.82,8.82,5261.4
2026-03-28 08:30:00,8.82,8.84,8.82,8.83,4888.24
2026-03-28 08:45:00,8.82,8.83,8.8,8.81,8514.42
2026-03-28 09:00:00,8.81,8.82,8.79,8.81,9103.81
2026-03-28 09:15:00,8.8,8.81,8.79,8.81,4355.45
2026-03-28 09:30:00,8.81,8.81,8.79,8.8,3186.3
2026-03-28 09:45:00,8.79,8.8,8.79,8.8,5398.1
2026-03-28 10:00:00,8.8,8.84,8.79,8.81,11523.92
2026-03-28 10:15:00,8.82,8.82,8.77,8.79,8224.14
2026-03-28 10:30:00,8.78,8.79,8.77,8.79,7984.65
2026-03-28 10:45:00,8.79,8.8,8.78,8.8,1032.26
2026-03-28 11:00:00,8.8,8.81,8.79,8.8,2711.62
2026-03-28 11:15:00,8.8,8.81,8.79,8.8,6883.88
2026-03-28 11:30:00,8.8,8.82,8.8,8.8,10752.42
2026-03-28 11:45:00,8.81,8.82,8.8,8.82,3000.21
2026-03-28 12:00:00,8.82,8.82,8.79,8.81,5444.19
2026-03-28 12:15:00,8.82,8.84,8.81,8.83,10605.6
2026-03-28 12:30:00,8.83,8.83,8.78,8.8,13034.41
2026-03-28 12:45:00,8.8,8.81,8.78,8.79,8220.57
2026-03-28 13:00:00,8.79,8.79,8.77,8.79,12870.59
2026-03-28 13:15:00,8.79,8.81,8.78,8.81,9568.16
2026-03-28 13:30:00,8.8,8.94,8.8,8.91,98016.35
2026-03-28 13:45:00,8.91,8.92,8.87,8.89,24211.75
2026-03-28 14:00:00,8.9,8.9,8.86,8.87,22237.43
2026-03-28 14:15:00,8.86,8.89,8.85,8.88,11411.8
2026-03-28 14:30:00,8.88,8.92,8.87,8.91,14677.84
2026-03-28 14:45:00,8.92,8.93,8.86,8.88,14830.55
2026-03-28 15:00:00,8.88,8.91,8.87,8.91,8737.55
2026-03-28 15:15:00,8.91,8.99,8.91,8.93,54938.37
2026-03-28 15:30:00,8.93,8.96,8.92,8.94,24917.03
2026-03-28 15:45:00,8.95,8.95,8.92,8.94,5720.19
2026-03-28 16:00:00,8.94,8.95,8.91,8.93,7993.54
2026-03-28 16:15:00,8.93,8.95,8.92,8.93,8761.09
2026-03-28 16:30:00,8.94,8.94,8.91,8.92,12424.72
2026-03-28 16:45:00,8.92,8.92,8.89,8.91,6296.63
2026-03-28 17:00:00,8.92,8.94,8.91,8.92,5544.15
2026-03-28 17:15:00,8.92,8.92,8.88,8.89,4684.04
2026-03-28 17:30:00,8.88,8.9,8.86,8.87,11054.86
2026-03-28 17:45:00,8.87,8.89,8.86,8.88,9245.19
2026-03-28 18:00:00,8.89,8.91,8.87,8.91,3919.76
2026-03-28 18:15:00,8.9,8.91,8.89,8.9,5922.29
2026-03-28 18:30:00,8.9,8.92,8.9,8.92,4352.91
2026-03-28 18:45:00,8.92,8.92,8.9,8.91,9829.62
2026-03-28 19:00:00,8.9,8.91,8.86,8.87,5170.55
2026-03-28 19:15:00,8.87,8.88,8.86,8.87,7350.84
2026-03-28 19:30:00,8.87,8.88,8.86,8.87,3083.97
2026-03-28 19:45:00,8.87,8.89,8.86,8.89,4645.53
2026-03-28 20:00:00,8.88,8.91,8.87,8.91,9282.19
2026-03-28 20:15:00,8.91,8.91,8.89,8.9,3523.9
2026-03-28 20:30:00,8.9,8.9,8.87,8.89,7641.86
2026-03-28 20:45:00,8.89,8.9,8.88,8.89,5223.9
2026-03-28 21:00:00,8.88,8.89,8.85,8.88,8411.25
2026-03-28 21:15:00,8.87,8.88,8.86,8.87,4838.8
2026-03-28 21:30:00,8.88,8.88,8.86,8.88,6623.76
2026-03-28 21:45:00,8.88,8.88,8.82,8.84,14608.32
2026-03-28 22:00:00,8.83,8.84,8.81,8.82,7717.51
2026-03-28 22:15:00,8.82,8.85,8.81,8.84,10116.95
2026-03-28 22:30:00,8.85,8.85,8.82,8.83,8154.01
2026-03-28 22:45:00,8.83,8.84,8.83,8.83,5221.78
2026-03-28 23:00:00,8.84,8.84,8.73,8.75,39261.68
2026-03-28 23:15:00,8.76,8.77,8.74,8.75,13782.27
2026-03-28 23:30:00,8.75,8.77,8.74,8.75,8294.21
2026-03-28 23:45:00,8.74,8.76,8.73,8.75,4108.4
2026-03-29 00:00:00,8.76,8.78,8.75,8.76,14377.99
2026-03-29 00:15:00,8.75,8.76,8.73,8.74,10234.44
2026-03-29 00:30:00,8.74,8.75,8.73,8.73,11704.01
2026-03-29 00:45:00,8.74,8.75,8.73,8.75,5522.37
2026-03-29 01:00:00,8.75,8.78,8.74,8.76,14935.98
2026-03-29 01:15:00,8.77,8.78,8.75,8.76,7636.99
2026-03-29 01:30:00,8.76,8.77,8.73,8.76,18192.01
2026-03-29 01:45:00,8.76,8.77,8.74,8.77,5281.09
2026-03-29 02:00:00,8.76,8.78,8.75,8.78,4790.28
2026-03-29 02:15:00,8.77,8.78,8.76,8.77,3560.97
2026-03-29 02:30:00,8.77,8.79,8.75,8.78,7695.89
2026-03-29 02:45:00,8.78,8.79,8.76,8.78,5917.2
2026-03-29 03:00:00,8.78,8.78,8.76,8.77,5438.79
2026-03-29 03:15:00,8.77,8.82,8.77,8.81,16574.83
2026-03-29 03:30:00,8.81,8.81,8.78,8.79,2543.71
2026-03-29 03:45:00,8.8,8.8,8.79,8.8,8300.58
2026-03-29 04:00:00,8.79,8.81,8.79,8.81,7147.25
2026-03-29 04:15:00,8.8,8.8,8.77,8.78,5244.67
2026-03-29 04:30:00,8.78,8.79,8.77,8.78,1834.61
2026-03-29 04:45:00,8.78,8.79,8.76,8.78,5262.04
2026-03-29 05:00:00,8.77,8.78,8.74,8.75,2541.96
2026-03-29 05:15:00,8.75,8.77,8.74,8.76,18774.23
2026-03-29 05:30:00,8.76,8.77,8.75,8.76,1984.16
2026-03-29 05:45:00,8.76,8.78,8.75,8.77,8616.36
2026-03-29 06:00:00,8.77,8.79,8.76,8.78,3108.12
2026-03-29 06:15:00,8.79,8.79,8.76,8.76,2361.37
2026-03-29 06:30:00,8.76,8.76,8.75,8.76,1981.52
2026-03-29 06:45:00,8.76,8.77,8.75,8.76,8704.02
2026-03-29 07:00:00,8.75,8.76,8.72,8.74,10558.9
2026-03-29 07:15:00,8.73,8.75,8.73,8.74,8871.16
2026-03-29 07:30:00,8.75,8.76,8.73,8.74,4734.0
2026-03-29 07:45:00,8.74,8.76,8.73,8.75,10182.11
2026-03-29 08:00:00,8.75,8.76,8.74,8.74,2439.08
2026-03-29 08:15:00,8.74,8.75,8.73,8.75,5235.89
2026-03-29 08:30:00,8.75,8.76,8.74,8.75,3442.16
2026-03-29 08:45:00,8.75,8.75,8.74,8.75,1171.2
2026-03-29 09:00:00,8.75,8.76,8.73,8.74,5739.74
2026-03-29 09:15:00,8.73,8.75,8.73,8.74,2607.31
2026-03-29 09:30:00,8.73,8.75,8.72,8.73,13028.05
2026-03-29 09:45:00,8.72,8.74,8.72,8.73,6812.86
2026-03-29 10:00:00,8.72,8.72,8.69,8.7,9532.31
2026-03-29 10:15:00,8.71,8.71,8.68,8.69,7784.74
2026-03-29 10:30:00,8.68,8.7,8.67,8.69,6574.75
2026-03-29 10:45:00,8.69,8.71,8.68,8.7,5846.63
2026-03-29 11:00:00,8.7,8.75,8.69,8.74,8266.03
2026-03-29 11:15:00,8.74,8.74,8.72,8.74,7814.56
2026-03-29 11:30:00,8.73,8.75,8.73,8.75,4721.28
2026-03-29 11:45:00,8.74,8.75,8.72,8.73,3519.72
2026-03-29 12:00:00,8.72,8.73,8.7,8.7,5919.38
2026-03-29 12:15:00,8.7,8.72,8.69,8.71,9342.0
2026-03-29 12:30:00,8.7,8.71,8.69,8.69,2407.27
2026-03-29 12:45:00,8.69,8.71,8.68,8.7,8606.84
2026-03-29 13:00:00,8.71,8.71,8.62,8.64,45353.26
2026-03-29 13:15:00,8.64,8.68,8.62,8.67,13975.26
2026-03-29 13:30:00,8.67,8.69,8.67,8.68,7596.73
2026-03-29 13:45:00,8.68,8.69,8.64,8.65,11425.66
2026-03-29 14:00:00,8.65,8.71,8.64,8.69,19829.4
2026-03-29 14:15:00,8.69,8.7,8.67,8.68,7449.11
2026-03-29 14:30:00,8.68,8.69,8.67,8.68,5272.56
2026-03-29 14:45:00,8.68,8.69,8.67,8.69,16341.44
2026-03-29 15:00:00,8.69,8.71,8.67,8.69,20898.67
2026-03-29 15:15:00,8.7,8.71,8.65,8.66,13431.55
2026-03-29 15:30:00,8.66,8.66,8.63,8.65,23366.58
2026-03-29 15:45:00,8.65,8.67,8.65,8.66,4790.68
2026-03-29 16:00:00,8.66,8.67,8.65,8.65,9938.37
2026-03-29 16:15:00,8.64,8.68,8.64,8.67,10761.88
2026-03-29 16:30:00,8.67,8.67,8.64,8.64,8880.1
2026-03-29 16:45:00,8.63,8.64,8.63,8.63,6274.78
2026-03-29 17:00:00,8.63,8.65,8.63,8.63,5990.09
2026-03-29 17:15:00,8.63,8.63,8.57,8.59,45480.67
2026-03-29 17:30:00,8.59,8.63,8.59,8.62,10542.25
2026-03-29 17:45:00,8.63,8.63,8.61,8.61,3808.52
2026-03-29 18:00:00,8.61,8.62,8.59,8.61,4817.88
2026-03-29 18:15:00,8.61,8.63,8.59,8.6,9437.47
2026-03-29 18:30:00,8.6,8.64,8.6,8.63,7870.86
2026-03-29 18:45:00,8.62,8.63,8.61,8.62,1750.15
2026-03-29 19:00:00,8.62,8.63,8.61,8.62,2812.69
2026-03-29 19:15:00,8.62,8.64,8.61,8.61,12569.68
2026-03-29 19:30:00,8.62,8.63,8.61,8.61,5470.26
2026-03-29 19:45:00,8.61,8.63,8.6,8.61,4039.09
2026-03-29 20:00:00,8.61,8.64,8.6,8.62,6283.22
2026-03-29 20:15:00,8.63,8.68,8.62,8.67,13791.27
2026-03-29 20:30:00,8.67,8.68,8.64,8.65,4574.21
2026-03-29 20:45:00,8.65,8.65,8.64,8.65,3434.17
2026-03-29 21:00:00,8.65,8.67,8.64,8.65,4790.86
2026-03-29 21:15:00,8.65,8.67,8.65,8.65,6166.87
2026-03-29 21:30:00,8.65,8.67,8.65,8.66,5442.83
2026-03-29 21:45:00,8.65,8.67,8.65,8.67,1380.94
2026-03-29 22:00:00,8.66,8.66,8.6,8.61,25239.95
2026-03-29 22:15:00,8.62,8.63,8.61,8.62,12085.62
2026-03-29 22:30:00,8.63,8.63,8.49,8.52,67759.02
2026-03-29 22:45:00,8.51,8.58,8.37,8.56,140422.95
2026-03-29 23:00:00,8.56,8.62,8.53,8.58,56982.14
2026-03-29 23:15:00,8.59,8.62,8.57,8.59,21836.28
2026-03-29 23:30:00,8.58,8.61,8.58,8.61,15722.2
2026-03-29 23:45:00,8.61,8.63,8.57,8.6,25211.5
2026-03-30 00:00:00,8.6,8.62,8.57,8.57,12765.29
2026-03-30 00:15:00,8.57,8.76,8.56,8.69,80239.05
2026-03-30 00:30:00,8.69,8.72,8.63,8.65,15895.68
2026-03-30 00:45:00,8.64,8.68,8.63,8.67,11169.32
2026-03-30 01:00:00,8.67,8.73,8.67,8.68,11630.75
2026-03-30 01:15:00,8.69,8.72,8.67,8.71,15616.9
2026-03-30 01:30:00,8.71,8.73,8.69,8.71,10800.47
2026-03-30 01:45:00,8.72,8.75,8.71,8.73,14493.73
2026-03-30 02:00:00,8.73,8.78,8.72,8.78,18416.15
2026-03-30 02:15:00,8.78,8.79,8.73,8.73,8615.5
2026-03-30 02:30:00,8.74,8.78,8.72,8.77,7895.0
2026-03-30 02:45:00,8.78,8.86,8.77,8.8,70932.81
2026-03-30 03:00:00,8.8,8.8,8.76,8.76,9736.61
2026-03-30 03:15:00,8.77,8.81,8.77,8.8,10855.03
2026-03-30 03:30:00,8.8,8.81,8.78,8.79,9336.94
2026-03-30 03:45:00,8.8,8.83,8.79,8.81,4509.57
2026-03-30 04:00:00,8.81,8.84,8.81,8.82,11863.22
2026-03-30 04:15:00,8.83,8.86,8.82,8.84,14092.81
2026-03-30 04:30:00,8.84,8.86,8.81,8.82,14544.09
2026-03-30 04:45:00,8.83,8.86,8.83,8.85,16373.2
2026-03-30 05:00:00,8.85,8.89,8.85,8.86,26936.56
2026-03-30 05:15:00,8.86,8.88,8.85,8.86,14477.25
2026-03-30 05:30:00,8.86,8.87,8.83,8.84,6277.51
2026-03-30 05:45:00,8.84,8.85,8.82,8.84,3310.3
2026-03-30 06:00:00,8.84,8.86,8.83,8.83,4921.18
2026-03-30 06:15:00,8.83,8.84,8.81,8.83,13431.1
2026-03-30 06:30:00,8.83,8.84,8.8,8.82,5618.72
2026-03-30 06:45:00,8.82,8.84,8.81,8.82,6570.13
2026-03-30 07:00:00,8.82,8.86,8.81,8.85,5535.17
2026-03-30 07:15:00,8.85,8.85,8.83,8.84,5830.68
2026-03-30 07:30:00,8.84,8.85,8.82,8.84,3800.04
2026-03-30 07:45:00,8.83,8.92,8.83,8.92,29885.27
2026-03-30 08:00:00,8.92,8.97,8.91,8.96,35932.66
2026-03-30 08:15:00,8.96,8.97,8.95,8.96,13437.92
2026-03-30 08:30:00,8.96,9.08,8.95,9.03,117127.75
2026-03-30 08:45:00,9.03,9.04,9.0,9.0,19367.41
2026-03-30 09:00:00,9.01,9.02,8.97,8.97,10219.77
2026-03-30 09:15:00,8.98,8.99,8.95,8.95,13246.58
2026-03-30 09:30:00,8.95,8.95,8.92,8.94,9950.44
2026-03-30 09:45:00,8.93,8.94,8.91,8.92,4729.18
2026-03-30 10:00:00,8.91,8.93,8.9,8.92,10244.59
2026-03-30 10:15:00,8.91,8.93,8.91,8.91,11114.83
2026-03-30 10:30:00,8.91,8.91,8.89,8.9,11994.38
2026-03-30 10:45:00,8.9,8.94,8.89,8.94,6364.85
2026-03-30 11:00:00,8.93,8.97,8.93,8.96,8169.27
2026-03-30 11:15:00,8.96,9.05,8.95,8.98,128552.87
2026-03-30 11:30:00,8.98,9.0,8.97,8.98,21432.2
2026-03-30 11:45:00,8.97,9.01,8.97,8.99,8146.53
2026-03-30 12:00:00,8.99,9.01,8.98,8.99,5154.92
2026-03-30 12:15:00,8.98,9.0,8.96,8.97,6941.39
2026-03-30 12:30:00,8.97,8.99,8.96,8.98,9600.37
2026-03-30 12:45:00,8.98,9.0,8.96,9.0,17049.74
2026-03-30 13:00:00,9.01,9.01,8.99,8.99,10674.36
2026-03-30 13:15:00,9.0,9.03,8.99,8.99,27691.0
2026-03-30 13:30:00,8.99,9.02,8.97,8.98,24818.32
2026-03-30 13:45:00,8.98,8.99,8.93,8.94,21780.78
2026-03-30 14:00:00,8.95,8.97,8.93,8.96,11677.52
2026-03-30 14:15:00,8.96,8.97,8.9,8.92,12008.55
2026-03-30 14:30:00,8.92,8.94,8.87,8.88,31848.97
2026-03-30 14:45:00,8.88,8.98,8.88,8.98,36984.9
2026-03-30 15:00:00,8.98,8.99,8.92,8.92,13330.05
2026-03-30 15:15:00,8.93,8.94,8.9,8.93,8620.48
2026-03-30 15:30:00,8.93,8.98,8.92,8.97,14527.39
2026-03-30 15:45:00,8.97,8.97,8.94,8.94,5617.29
2026-03-30 16:00:00,8.95,8.96,8.91,8.95,19615.79
2026-03-30 16:15:00,8.95,8.95,8.91,8.91,23426.44
2026-03-30 16:30:00,8.92,8.94,8.91,8.92,26780.64
2026-03-30 16:45:00,8.92,8.93,8.88,8.92,21511.41
2026-03-30 17:00:00,8.91,8.94,8.89,8.89,8208.54
2026-03-30 17:15:00,8.89,8.9,8.82,8.84,34619.4
2026-03-30 17:30:00,8.84,8.87,8.83,8.87,24911.29
2026-03-30 17:45:00,8.87,8.88,8.83,8.84,18332.18
2026-03-30 18:00:00,8.85,8.86,8.81,8.83,31698.84
2026-03-30 18:15:00,8.83,8.84,8.78,8.8,25754.85
2026-03-30 18:30:00,8.81,8.83,8.79,8.81,9603.76
2026-03-30 18:45:00,8.8,8.82,8.77,8.79,15199.0
2026-03-30 19:00:00,8.78,8.79,8.75,8.78,11613.54
2026-03-30 19:15:00,8.77,8.78,8.74,8.75,9680.0
2026-03-30 19:30:00,8.76,8.78,8.74,8.77,9518.32
2026-03-30 19:45:00,8.76,8.81,8.76,8.8,7613.02
2026-03-30 20:00:00,8.8,8.83,8.79,8.81,7380.22
2026-03-30 20:15:00,8.81,8.82,8.79,8.8,3318.51
2026-03-30 20:30:00,8.79,8.8,8.78,8.8,5706.37
2026-03-30 20:45:00,8.8,8.82,8.79,8.8,5329.06
2026-03-30 21:00:00,8.8,8.84,8.78,8.84,15031.83
2026-03-30 21:15:00,8.84,8.88,8.83,8.85,12718.57
2026-03-30 21:30:00,8.85,8.87,8.84,8.85,10990.99
2026-03-30 21:45:00,8.85,8.86,8.84,8.85,2619.6
2026-03-30 22:00:00,8.84,8.86,8.8,8.82,12300.59
2026-03-30 22:15:00,8.82,8.84,8.81,8.83,11244.4
2026-03-30 22:30:00,8.82,8.85,8.82,8.84,4445.87
2026-03-30 22:45:00,8.84,8.84,8.81,8.83,1250.2
2026-03-30 23:00:00,8.82,8.82,8.76,8.78,17111.26
2026-03-30 23:15:00,8.78,8.81,8.77,8.81,3445.02
2026-03-30 23:30:00,8.8,8.81,8.79,8.8,4564.49
2026-03-30 23:45:00,8.8,8.82,8.79,8.81,13024.63
2026-03-31 00:00:00,8.81,8.82,8.8,8.81,6315.92
2026-03-31 00:15:00,8.8,8.83,8.79,8.83,10114.91
2026-03-31 00:30:00,8.83,8.84,8.81,8.84,11978.06
2026-03-31 00:45:00,8.84,8.88,8.83,8.86,29172.21
2026-03-31 01:00:00,8.86,8.89,8.84,8.89,16053.85
2026-03-31 01:15:00,8.89,8.97,8.88,8.96,22251.37
2026-03-31 01:30:00,8.97,9.07,8.96,8.99,35437.49
2026-03-31 01:45:00,8.98,9.01,8.96,9.01,8956.58
2026-03-31 02:00:00,9.01,9.03,8.98,9.03,12076.11
2026-03-31 02:15:00,9.03,9.07,9.03,9.05,20618.89
2026-03-31 02:30:00,9.06,9.06,9.01,9.05,15077.35
2026-03-31 02:45:00,9.05,9.06,9.02,9.03,5563.69
2026-03-31 03:00:00,9.02,9.04,9.0,9.0,6319.21
2026-03-31 03:15:00,9.0,9.01,8.97,8.99,8128.01
2026-03-31 03:30:00,8.99,9.0,8.96,8.97,3536.52
2026-03-31 03:45:00,8.98,8.98,8.96,8.97,9016.06
2026-03-31 04:00:00,8.98,8.98,8.94,8.97,12808.04
2026-03-31 04:15:00,8.97,9.0,8.94,8.94,10731.45
2026-03-31 04:30:00,8.94,8.96,8.94,8.95,4575.13
2026-03-31 04:45:00,8.94,8.96,8.93,8.93,5941.88
2026-03-31 05:00:00,8.93,8.93,8.9,8.91,3802.29
2026-03-31 05:15:00,8.91,8.95,8.9,8.94,4755.66
2026-03-31 05:30:00,8.93,8.94,8.92,8.93,6573.05
2026-03-31 05:45:00,8.93,8.96,8.93,8.94,5822.2
2026-03-31 06:00:00,8.95,8.95,8.92,8.93,6403.03
2026-03-31 06:15:00,8.92,8.94,8.9,8.92,9459.42
2026-03-31 06:30:00,8.92,8.94,8.91,8.93,4128.74
2026-03-31 06:45:00,8.94,8.97,8.94,8.96,7238.7
2026-03-31 07:00:00,8.96,8.96,8.92,8.92,2974.08
2026-03-31 07:15:00,8.92,8.93,8.88,8.91,12777.39
2026-03-31 07:30:00,8.91,8.93,8.9,8.91,7613.04
2026-03-31 07:45:00,8.92,8.94,8.91,8.92,4393.68
2026-03-31 08:00:00,8.92,8.92,8.88,8.88,13419.04
2026-03-31 08:15:00,8.88,8.92,8.88,8.9,7657.56
2026-03-31 08:30:00,8.9,8.9,8.82,8.83,14476.75
2026-03-31 08:45:00,8.82,8.84,8.8,8.81,11078.27
2026-03-31 09:00:00,8.81,8.84,8.79,8.8,9690.94
2026-03-31 09:15:00,8.8,8.8,8.75,8.76,16449.15
2026-03-31 09:30:00,8.76,8.79,8.75,8.77,10555.66
2026-03-31 09:45:00,8.78,8.78,8.69,8.72,41377.4
2026-03-31 10:00:00,8.72,8.75,8.71,8.74,7396.09
2026-03-31 10:15:00,8.74,8.75,8.72,8.74,10798.38
2026-03-31 10:30:00,8.74,8.75,8.71,8.73,13712.2
2026-03-31 10:45:00,8.73,8.75,8.72,8.72,6639.76
2026-03-31 11:00:00,8.73,8.77,8.71,8.76,40714.78
2026-03-31 11:15:00,8.76,8.8,8.73,8.75,43058.9
2026-03-31 11:30:00,8.75,8.78,8.75,8.77,8038.57
2026-03-31 11:45:00,8.78,8.78,8.75,8.77,4919.03
2026-03-31 12:00:00,8.77,8.79,8.75,8.75,13458.86
2026-03-31 12:15:00,8.76,8.78,8.74,8.78,20209.91
2026-03-31 12:30:00,8.79,8.81,8.78,8.79,13555.76
2026-03-31 12:45:00,8.79,8.81,8.76,8.78,7197.96
2026-03-31 13:00:00,8.77,8.81,8.77,8.8,10329.8
2026-03-31 13:15:00,8.8,8.82,8.79,8.79,5404.96
2026-03-31 13:30:00,8.8,8.85,8.79,8.81,30943.1
2026-03-31 13:45:00,8.81,8.9,8.81,8.87,21904.97
2026-03-31 14:00:00,8.87,8.93,8.86,8.89,24490.97
2026-03-31 14:15:00,8.89,8.96,8.89,8.93,22326.5
2026-03-31 14:30:00,8.93,8.93,8.83,8.85,8338.51
2026-03-31 14:45:00,8.86,8.86,8.74,8.77,28583.16
2026-03-31 15:00:00,8.78,8.88,8.77,8.87,26792.27
2026-03-31 15:15:00,8.87,8.88,8.8,8.8,65175.93
2026-03-31 15:30:00,8.8,8.8,8.77,8.77,54161.92
2026-03-31 15:45:00,8.78,8.79,8.74,8.74,18009.0
2026-03-31 16:00:00,8.75,8.78,8.72,8.75,24630.55
2026-03-31 16:15:00,8.75,8.78,8.74,8.77,7552.56
2026-03-31 16:30:00,8.76,8.91,8.74,8.86,52841.95
2026-03-31 16:45:00,8.86,8.88,8.83,8.86,26172.44
2026-03-31 17:00:00,8.87,8.95,8.84,8.95,35583.98
2026-03-31 17:15:00,8.95,8.96,8.89,8.91,25240.43
2026-03-31 17:30:00,8.91,8.92,8.82,8.84,30275.03
2026-03-31 17:45:00,8.84,8.84,8.8,8.82,17952.51
2026-03-31 18:00:00,8.83,8.88,8.83,8.86,39864.69
2026-03-31 18:15:00,8.86,8.89,8.84,8.86,16581.66
2026-03-31 18:30:00,8.86,8.9,8.84,8.9,31066.29
2026-03-31 18:45:00,8.9,8.91,8.88,8.9,18974.83
2026-03-31 19:00:00,8.91,8.93,8.9,8.92,8628.62
2026-03-31 19:15:00,8.92,8.92,8.89,8.9,12096.9
2026-03-31 19:30:00,8.9,8.9,8.88,8.89,14116.7
2026-03-31 19:45:00,8.89,8.91,8.88,8.91,7146.89
2026-03-31 20:00:00,8.9,8.96,8.9,8.95,13858.06
2026-03-31 20:15:00,8.95,8.95,8.92,8.94,14411.79
2026-03-31 20:30:00,8.93,8.94,8.91,8.91,31448.13
2026-03-31 20:45:00,8.92,8.96,8.92,8.94,26770.65
2026-03-31 21:00:00,8.94,8.95,8.88,8.9,50999.03
2026-03-31 21:15:00,8.89,8.9,8.87,8.88,36393.87
2026-03-31 21:30:00,8.89,8.91,8.89,8.89,16684.43
2026-03-31 21:45:00,8.9,8.94,8.89,8.9,13612.6
2026-03-31 22:00:00,8.9,8.91,8.88,8.89,19688.73
2026-03-31 22:15:00,8.89,8.91,8.88,8.88,5986.74
2026-03-31 22:30:00,8.89,8.91,8.85,8.9,19714.33
2026-03-31 22:45:00,8.89,8.9,8.88,8.89,5146.3
2026-03-31 23:00:00,8.89,8.91,8.88,8.9,4593.67
2026-03-31 23:15:00,8.9,8.93,8.88,8.91,16040.85
2026-03-31 23:30:00,8.91,8.92,8.89,8.9,7175.5
2026-03-31 23:45:00,8.9,8.93,8.9,8.91,24206.74
2026-04-01 00:00:00,8.91,8.93,8.9,8.91,12147.42
2026-04-01 00:15:00,8.91,8.93,8.9,8.92,8454.1
2026-04-01 00:30:00,8.93,8.93,8.89,8.92,7531.6
2026-04-01 00:45:00,8.92,8.98,8.9,8.97,27775.2
2026-04-01 01:00:00,8.97,8.98,8.96,8.96,23491.37
2026-04-01 01:15:00,8.96,8.96,8.92,8.92,9714.51
2026-04-01 01:30:00,8.91,8.93,8.89,8.91,14071.68
2026-04-01 01:45:00,8.91,8.92,8.9,8.9,4875.38
2026-04-01 02:00:00,8.91,8.92,8.89,8.91,10780.57
2026-04-01 02:15:00,8.9,8.92,8.87,8.87,6757.38
2026-04-01 02:30:00,8.87,8.9,8.87,8.89,5483.81
2026-04-01 02:45:00,8.89,8.89,8.87,8.88,6698.74
2026-04-01 03:00:00,8.89,8.99,8.89,8.95,13905.64
2026-04-01 03:15:00,8.96,8.96,8.93,8.94,3204.02
2026-04-01 03:30:00,8.94,8.96,8.93,8.96,7125.25
2026-04-01 03:45:00,8.95,8.98,8.95,8.96,13469.67
2026-04-01 04:00:00,8.96,8.98,8.95,8.96,15265.79
2026-04-01 04:15:00,8.96,8.98,8.95,8.96,10067.98
2026-04-01 04:30:00,8.96,8.99,8.96,8.97,7061.66
2026-04-01 04:45:00,8.97,8.98,8.96,8.97,9458.11
2026-04-01 05:00:00,8.97,8.99,8.95,8.99,6954.72
2026-04-01 05:15:00,8.98,9.12,8.97,9.07,118117.98
2026-04-01 05:30:00,9.08,9.1,9.07,9.09,35303.95
2026-04-01 05:45:00,9.09,9.11,9.08,9.09,34494.6
2026-04-01 06:00:00,9.09,9.3,9.09,9.25,285855.46
2026-04-01 06:15:00,9.25,9.3,9.23,9.29,66719.15
2026-04-01 06:30:00,9.29,9.43,9.27,9.39,260690.65
2026-04-01 06:45:00,9.4,9.43,9.34,9.39,162942.49
2026-04-01 07:00:00,9.39,9.48,9.38,9.45,143329.72
2026-04-01 07:15:00,9.45,9.45,9.37,9.37,154279.09
2026-04-01 07:30:00,9.38,9.4,9.36,9.38,59358.21
2026-04-01 07:45:00,9.38,9.39,9.33,9.34,44835.66
2026-04-01 08:00:00,9.34,9.36,9.3,9.33,49696.94
2026-04-01 08:15:00,9.32,9.33,9.28,9.3,26317.96
2026-04-01 08:30:00,9.29,9.31,9.28,9.29,21269.42
2026-04-01 08:45:00,9.29,9.31,9.24,9.24,27814.13
2026-04-01 09:00:00,9.24,9.25,9.18,9.19,29913.98
2026-04-01 09:15:00,9.2,9.21,9.18,9.2,19490.84
2026-04-01 09:30:00,9.2,9.23,9.19,9.19,20296.6
2026-04-01 09:45:00,9.2,9.23,9.2,9.21,9680.52
2026-04-01 10:00:00,9.22,9.23,9.19,9.19,15052.25
2026-04-01 10:15:00,9.19,9.2,9.16,9.16,21439.81
2026-04-01 10:30:00,9.17,9.18,9.15,9.17,14663.22
2026-04-01 10:45:00,9.17,9.19,9.16,9.17,11717.22
2026-04-01 11:00:00,9.18,9.2,9.16,9.18,32741.43
2026-04-01 11:15:00,9.18,9.2,9.16,9.17,28267.75
2026-04-01 11:30:00,9.17,9.19,9.16,9.19,7781.31
2026-04-01 11:45:00,9.19,9.23,9.18,9.21,17759.64
2026-04-01 12:00:00,9.2,9.24,9.2,9.22,36460.68
2026-04-01 12:15:00,9.23,9.25,9.21,9.23,17845.29
2026-04-01 12:30:00,9.24,9.31,9.19,9.28,84194.67
2026-04-01 12:45:00,9.28,9.3,9.22,9.23,76589.68
2026-04-01 13:00:00,9.24,9.24,9.18,9.22,39605.55
2026-04-01 13:15:00,9.23,9.26,9.22,9.24,13233.31
2026-04-01 13:30:00,9.24,9.24,9.14,9.18,47956.98
2026-04-01 13:45:00,9.18,9.19,9.14,9.17,34266.14
2026-04-01 14:00:00,9.16,9.19,9.15,9.18,15291.11
2026-04-01 14:15:00,9.19,9.21,9.18,9.19,18987.23
2026-04-01 14:30:00,9.2,9.21,9.15,9.17,19479.36
2026-04-01 14:45:00,9.18,9.22,9.17,9.2,14314.79
2026-04-01 15:00:00,9.21,9.22,9.18,9.18,9096.37
2026-04-01 15:15:00,9.19,9.23,9.17,9.19,18720.44
2026-04-01 15:30:00,9.19,9.22,9.18,9.2,12490.03
2026-04-01 15:45:00,9.19,9.22,9.19,9.22,7238.4
2026-04-01 16:00:00,9.22,9.22,9.17,9.17,9202.32
2026-04-01 16:15:00,9.17,9.23,9.17,9.22,22456.1
2026-04-01 16:30:00,9.23,9.26,9.2,9.24,24245.77
2026-04-01 16:45:00,9.25,9.26,9.22,9.23,26190.2
2026-04-01 17:00:00,9.24,9.31,9.23,9.26,47652.15
2026-04-01 17:15:00,9.26,9.29,9.22,9.23,22750.5
2026-04-01 17:30:00,9.22,9.24,9.2,9.23,14602.8
2026-04-01 17:45:00,9.22,9.22,9.18,9.19,15268.89
2026-04-01 18:00:00,9.19,9.19,9.13,9.17,18540.89
2026-04-01 18:15:00,9.16,9.17,9.14,9.16,12954.59
2026-04-01 18:30:00,9.15,9.18,9.14,9.16,11652.69
2026-04-01 18:45:00,9.17,9.17,9.12,9.12,11817.46
2026-04-01 19:00:00,9.13,9.15,9.12,9.14,6831.67
2026-04-01 19:15:00,9.13,9.18,9.12,9.17,8200.42
2026-04-01 19:30:00,9.18,9.19,9.16,9.16,7278.43
2026-04-01 19:45:00,9.16,9.19,9.16,9.16,8936.2
2026-04-01 20:00:00,9.17,9.17,9.11,9.11,17236.17
2026-04-01 20:15:00,9.11,9.14,9.11,9.11,6173.18
2026-04-01 20:30:00,9.11,9.14,9.09,9.14,8775.01
2026-04-01 20:45:00,9.13,9.15,9.12,9.13,4656.34
2026-04-01 21:00:00,9.13,9.19,9.12,9.17,9754.11
2026-04-01 21:15:00,9.17,9.21,9.16,9.19,34101.24
2026-04-01 21:30:00,9.2,9.2,9.17,9.17,6855.79
2026-04-01 21:45:00,9.17,9.2,9.16,9.18,11361.63
2026-04-01 22:00:00,9.18,9.19,9.14,9.16,14543.88
2026-04-01 22:15:00,9.16,9.16,9.13,9.13,19972.0
2026-04-01 22:30:00,9.13,9.15,9.12,9.14,15091.9
2026-04-01 22:45:00,9.13,9.15,9.11,9.12,4330.89
2026-04-01 23:00:00,9.12,9.14,9.11,9.13,11945.35
2026-04-01 23:15:00,9.13,9.13,9.11,9.13,8969.75
2026-04-01 23:30:00,9.13,9.14,9.1,9.12,18817.8
2026-04-01 23:45:00,9.12,9.14,9.11,9.13,25760.74
2026-04-02 00:00:00,9.13,9.15,9.12,9.15,15699.17
2026-04-02 00:15:00,9.15,9.15,9.13,9.14,9352.83
2026-04-02 00:30:00,9.14,9.18,9.13,9.18,10364.62
2026-04-02 00:45:00,9.18,9.19,9.15,9.19,10656.02
2026-04-02 01:00:00,9.18,9.19,9.03,9.12,124802.45
2026-04-02 01:15:00,9.11,9.11,8.96,8.99,102884.52
2026-04-02 01:30:00,9.0,9.0,8.86,8.89,152234.37
2026-04-02 01:45:00,8.89,8.93,8.87,8.93,45190.28
2026-04-02 02:00:00,8.92,8.94,8.87,8.87,58939.47
2026-04-02 02:15:00,8.87,8.87,8.82,8.84,53942.68
2026-04-02 02:30:00,8.83,8.85,8.77,8.77,34441.28
2026-04-02 02:45:00,8.78,8.82,8.77,8.81,25996.27
2026-04-02 03:00:00,8.8,8.82,8.77,8.78,44926.53
2026-04-02 03:15:00,8.77,8.82,8.76,8.81,33891.07
2026-04-02 03:30:00,8.82,8.83,8.73,8.75,58336.22
2026-04-02 03:45:00,8.75,8.78,8.73,8.78,33494.81
2026-04-02 04:00:00,8.77,8.79,8.73,8.74,30649.79
2026-04-02 04:15:00,8.74,8.76,8.73,8.75,25695.73
2026-04-02 04:30:00,8.75,8.76,8.66,8.68,80412.72
2026-04-02 04:45:00,8.68,8.7,8.67,8.68,26653.64
2026-04-02 05:00:00,8.68,8.7,8.66,8.68,41269.39
2026-04-02 05:15:00,8.69,8.7,8.66,8.68,64178.3
2026-04-02 05:30:00,8.68,8.72,8.67,8.71,26808.64
2026-04-02 05:45:00,8.7,8.72,8.68,8.71,20651.91
2026-04-02 06:00:00,8.71,8.72,8.69,8.69,18734.7
2026-04-02 06:15:00,8.69,8.74,8.69,8.71,20971.35
2026-04-02 06:30:00,8.71,8.72,8.7,8.71,15384.57
2026-04-02 06:45:00,8.71,8.73,8.7,8.71,10507.16
2026-04-02 07:00:00,8.7,8.71,8.67,8.7,49188.51
2026-04-02 07:15:00,8.7,8.73,8.69,8.71,17413.74
2026-04-02 07:30:00,8.71,8.75,8.7,8.74,25220.24
2026-04-02 07:45:00,8.74,8.75,8.73,8.75,13785.91
2026-04-02 08:00:00,8.74,8.74,8.7,8.72,16050.58
2026-04-02 08:15:00,8.71,8.72,8.7,8.72,18056.12
2026-04-02 08:30:00,8.72,8.73,8.67,8.67,22960.35
2026-04-02 08:45:00,8.67,8.69,8.66,8.67,26412.34
2026-04-02 09:00:00,8.67,8.68,8.64,8.66,29948.57
2026-04-02 09:15:00,8.67,8.68,8.64,8.66,25775.75
2026-04-02 09:30:00,8.66,8.68,8.65,8.67,22510.95
2026-04-02 09:45:00,8.67,8.67,8.65,8.67,6147.24
2026-04-02 10:00:00,8.66,8.69,8.63,8.65,20435.25
2026-04-02 10:15:00,8.65,8.67,8.64,8.66,8428.42
2026-04-02 10:30:00,8.66,8.69,8.65,8.67,11202.51
2026-04-02 10:45:00,8.67,8.69,8.67,8.68,8026.3
2026-04-02 11:00:00,8.68,8.69,8.66,8.68,13058.81
2026-04-02 11:15:00,8.67,8.7,8.64,8.69,24052.97
2026-04-02 11:30:00,8.69,8.7,8.67,8.7,17592.04
2026-04-02 11:45:00,8.69,8.7,8.67,8.69,9345.57
2026-04-02 12:00:00,8.68,8.68,8.65,8.68,15043.15
2026-04-02 12:15:00,8.68,8.7,8.66,8.68,15361.62
2026-04-02 12:30:00,8.67,8.68,8.65,8.68,15425.8
2026-04-02 12:45:00,8.68,8.68,8.65,8.66,9529.84
2026-04-02 13:00:00,8.66,8.67,8.62,8.63,35856.97
2026-04-02 13:15:00,8.63,8.67,8.62,8.67,25777.2
2026-04-02 13:30:00,8.66,8.68,8.62,8.63,47218.71
2026-04-02 13:45:00,8.63,8.69,8.62,8.69,41678.41
2026-04-02 14:00:00,8.69,8.7,8.66,8.69,41137.83
2026-04-02 14:15:00,8.68,8.72,8.66,8.69,29137.57
2026-04-02 14:30:00,8.7,8.85,8.69,8.84,93249.14
2026-04-02 14:45:00,8.83,8.85,8.77,8.82,38624.81
2026-04-02 15:00:00,8.81,8.82,8.78,8.79,30961.33
2026-04-02 15:15:00,8.78,8.78,8.71,8.75,34529.08
2026-04-02 15:30:00,8.75,8.78,8.73,8.77,16169.93
2026-04-02 15:45:00,8.77,8.77,8.72,8.73,25043.36
2026-04-02 16:00:00,8.74,8.74,8.71,8.73,18923.34
2026-04-02 16:15:00,8.72,8.73,8.69,8.72,34750.51
2026-04-02 16:30:00,8.71,8.79,8.71,8.77,34504.67
2026-04-02 16:45:00,8.77,8.77,8.73,8.73,8712.89
2026-04-02 17:00:00,8.73,8.77,8.69,8.76,29411.23
2026-04-02 17:15:00,8.75,8.78,8.75,8.76,12682.46
2026-04-02 17:30:00,8.75,8.75,8.69,8.7,28055.68
2026-04-02 17:45:00,8.71,8.71,8.64,8.65,24653.1
2026-04-02 18:00:00,8.65,8.68,8.64,8.67,21374.7
2026-04-02 18:15:00,8.67,8.68,8.65,8.65,12856.98
2026-04-02 18:30:00,8.65,8.68,8.65,8.67,9623.12
2026-04-02 18:45:00,8.68,8.72,8.67,8.7,11694.43
2026-04-02 19:00:00,8.69,8.7,8.67,8.69,16984.12
2026-04-02 19:15:00,8.69,8.71,8.68,8.7,22462.89
2026-04-02 19:30:00,8.7,8.7,8.66,8.69,12862.93
2026-04-02 19:45:00,8.69,8.72,8.69,8.71,13811.83
2026-04-02 20:00:00,8.7,8.71,8.67,8.68,18970.62
2026-04-02 20:15:00,8.69,8.73,8.69,8.73,12039.08
2026-04-02 20:30:00,8.73,8.75,8.72,8.73,7277.83
2026-04-02 20:45:00,8.74,8.74,8.71,8.71,7637.1
2026-04-02 21:00:00,8.71,8.73,8.68,8.7,22871.63
2026-04-02 21:15:00,8.69,8.72,8.68,8.71,6963.98
2026-04-02 21:30:00,8.7,8.71,8.69,8.7,9338.29
2026-04-02 21:45:00,8.7,8.73,8.7,8.73,6185.09
2026-04-02 22:00:00,8.72,8.74,8.71,8.73,11075.65
2026-04-02 22:15:00,8.73,8.74,8.7,8.72,14104.26
2026-04-02 22:30:00,8.72,8.75,8.72,8.74,9356.41
2026-04-02 22:45:00,8.75,8.75,8.73,8.73,8927.37
2026-04-02 23:00:00,8.73,8.74,8.71,8.73,16251.84
2026-04-02 23:15:00,8.73,8.77,8.73,8.73,21689.66
2026-04-02 23:30:00,8.74,8.76,8.74,8.75,10436.99
2026-04-02 23:45:00,8.75,8.76,8.74,8.75,18067.12
2026-04-03 00:00:00,8.75,8.77,8.74,8.76,26812.81
2026-04-03 00:15:00,8.76,8.77,8.74,8.75,11417.98
2026-04-03 00:30:00,8.76,8.77,8.75,8.77,6608.84
2026-04-03 00:45:00,8.76,8.78,8.75,8.78,7946.58
2026-04-03 01:00:00,8.78,8.8,8.77,8.79,8376.2
2026-04-03 01:15:00,8.79,8.79,8.76,8.79,6512.72
2026-04-03 01:30:00,8.79,8.81,8.74,8.76,13948.83
2026-04-03 01:45:00,8.76,8.77,8.74,8.76,3101.68
2026-04-03 02:00:00,8.76,8.77,8.74,8.77,8841.86
2026-04-03 02:15:00,8.77,8.82,8.77,8.77,13474.2
2026-04-03 02:30:00,8.77,8.78,8.73,8.74,10460.94
2026-04-03 02:45:00,8.74,8.79,8.74,8.78,13391.35
2026-04-03 03:00:00,8.78,8.81,8.76,8.8,26276.0
2026-04-03 03:15:00,8.8,8.82,8.8,8.8,7181.07
2026-04-03 03:30:00,8.8,8.81,8.78,8.8,12184.45
2026-04-03 03:45:00,8.8,8.82,8.8,8.81,5978.77
2026-04-03 04:00:00,8.81,8.81,8.8,8.81,5433.16
2026-04-03 04:15:00,8.81,8.82,8.78,8.79,6551.63
2026-04-03 04:30:00,8.79,8.8,8.77,8.8,4893.84
2026-04-03 04:45:00,8.8,8.85,8.8,8.83,16354.06
2026-04-03 05:00:00,8.83,8.84,8.81,8.83,27075.83
2026-04-03 05:15:00,8.84,8.87,8.8,8.85,22239.08
2026-04-03 05:30:00,8.86,8.95,8.86,8.92,32491.04
2026-04-03 05:45:00,8.92,8.92,8.89,8.89,16377.15
2026-04-03 06:00:00,8.9,8.91,8.86,8.88,19999.95
2026-04-03 06:15:00,8.89,8.91,8.87,8.89,31024.98
2026-04-03 06:30:00,8.89,8.95,8.87,8.94,30733.93
2026-04-03 06:45:00,8.94,8.95,8.9,8.92,10842.47
2026-04-03 07:00:00,8.91,8.93,8.9,8.91,13351.59
2026-04-03 07:15:00,8.9,8.91,8.88,8.89,10688.45
2026-04-03 07:30:00,8.89,8.95,8.89,8.91,30839.41
2026-04-03 07:45:00,8.91,8.91,8.88,8.9,8554.85
2026-04-03 08:00:00,8.9,8.92,8.89,8.9,9607.75
2026-04-03 08:15:00,8.89,8.91,8.89,8.9,8402.01
2026-04-03 08:30:00,8.91,8.93,8.89,8.89,17133.26
2026-04-03 08:45:00,8.9,8.92,8.88,8.91,8575.95
2026-04-03 09:00:00,8.91,8.92,8.89,8.92,6506.76
2026-04-03 09:15:00,8.92,8.93,8.9,8.9,11971.88
2026-04-03 09:30:00,8.91,8.96,8.91,8.94,8675.64
2026-04-03 09:45:00,8.95,8.96,8.92,8.93,5168.73
2026-04-03 10:00:00,8.93,8.95,8.93,8.94,10797.69
2026-04-03 10:15:00,8.94,8.95,8.92,8.92,8207.17
2026-04-03 10:30:00,8.92,8.94,8.91,8.94,13161.44
2026-04-03 10:45:00,8.94,8.96,8.93,8.94,6611.78
2026-04-03 11:00:00,8.95,8.95,8.92,8.93,12230.46
2026-04-03 11:15:00,8.93,8.95,8.93,8.94,6148.53
2026-04-03 11:30:00,8.94,8.95,8.93,8.95,4570.48
2026-04-03 11:45:00,8.95,8.97,8.94,8.96,14161.41
2026-04-03 12:00:00,8.96,8.98,8.94,8.97,15042.25
2026-04-03 12:15:00,8.97,9.0,8.94,8.99,27309.96
2026-04-03 12:30:00,9.0,9.07,8.96,8.97,95166.65
2026-04-03 12:45:00,8.98,8.99,8.94,8.96,26219.94
2026-04-03 13:00:00,8.97,8.97,8.93,8.95,16098.09
2026-04-03 13:15:00,8.95,8.97,8.93,8.96,14238.58
2026-04-03 13:30:00,8.96,8.98,8.95,8.97,15672.73
2026-04-03 13:45:00,8.96,8.99,8.93,8.99,13416.57
2026-04-03 14:00:00,8.98,8.99,8.96,8.99,10550.01
2026-04-03 14:15:00,8.99,9.04,8.98,9.02,18768.21
2026-04-03 14:30:00,9.02,9.04,8.98,8.98,26252.58
2026-04-03 14:45:00,8.98,9.05,8.98,9.03,26086.46
2026-04-03 15:00:00,9.03,9.04,9.02,9.03,28945.33
2026-04-03 15:15:00,9.03,9.04,9.0,9.03,15200.1
2026-04-03 15:30:00,9.02,9.06,9.01,9.01,24141.88
2026-04-03 15:45:00,9.01,9.03,9.0,9.01,26896.78
2026-04-03 16:00:00,9.01,9.05,9.01,9.05,26419.72
2026-04-03 16:15:00,9.05,9.08,9.03,9.06,37969.91
2026-04-03 16:30:00,9.06,9.07,9.04,9.05,21510.28
2026-04-03 16:45:00,9.05,9.13,9.05,9.12,43870.29
2026-04-03 17:00:00,9.12,9.15,9.09,9.12,50545.38
2026-04-03 17:15:00,9.12,9.13,9.07,9.07,36419.87
2026-04-03 17:30:00,9.07,9.09,9.02,9.03,18199.76
2026-04-03 17:45:00,9.02,9.04,9.0,9.03,13269.7
2026-04-03 18:00:00,9.03,9.05,9.01,9.03,16601.5
2026-04-03 18:15:00,9.03,9.05,9.0,9.0,18967.02
2026-04-03 18:30:00,8.99,9.02,8.98,8.99,18087.3
2026-04-03 18:45:00,8.98,9.01,8.98,8.99,10175.68
2026-04-03 19:00:00,9.0,9.01,8.94,8.95,18352.0
2026-04-03 19:15:00,8.95,8.96,8.93,8.96,11645.51
2026-04-03 19:30:00,8.95,8.97,8.93,8.94,15145.61
2026-04-03 19:45:00,8.94,8.98,8.94,8.96,7307.62
2026-04-03 20:00:00,8.96,8.99,8.95,8.97,5378.96
2026-04-03 20:15:00,8.98,8.98,8.95,8.95,10172.47
2026-04-03 20:30:00,8.95,8.97,8.94,8.95,23134.94
2026-04-03 20:45:00,8.95,8.96,8.94,8.94,3902.52
2026-04-03 21:00:00,8.94,8.98,8.93,8.97,14245.07
2026-04-03 21:15:00,8.97,8.97,8.94,8.96,4243.55
2026-04-03 21:30:00,8.95,8.97,8.94,8.94,6599.86
2026-04-03 21:45:00,8.95,8.96,8.94,8.94,3406.27
2026-04-03 22:00:00,8.94,8.96,8.91,8.91,12746.5
2026-04-03 22:15:00,8.92,8.93,8.91,8.92,10268.78
2026-04-03 22:30:00,8.92,8.93,8.92,8.93,6202.98
2026-04-03 22:45:00,8.92,8.92,8.9,8.91,12503.1
2026-04-03 23:00:00,8.9,8.91,8.89,8.89,12121.09
2026-04-03 23:15:00,8.89,8.9,8.87,8.89,10934.6
2026-04-03 23:30:00,8.89,8.9,8.88,8.89,12794.56
2026-04-03 23:45:00,8.89,8.92,8.89,8.91,4655.75
2026-04-04 00:00:00,8.91,8.92,8.9,8.92,9933.21
2026-04-04 00:15:00,8.92,8.92,8.88,8.89,8977.08
2026-04-04 00:30:00,8.89,8.9,8.88,8.89,3168.98
2026-04-04 00:45:00,8.89,8.89,8.85,8.87,7854.18
2026-04-04 01:00:00,8.86,8.89,8.86,8.87,6044.96
2026-04-04 01:15:00,8.87,8.87,8.86,8.87,1504.02
2026-04-04 01:30:00,8.87,8.88,8.86,8.88,3826.01
2026-04-04 01:45:00,8.88,8.9,8.87,8.9,3431.24
2026-04-04 02:00:00,8.9,8.91,8.88,8.88,2968.92
2026-04-04 02:15:00,8.88,8.9,8.88,8.9,902.15
2026-04-04 02:30:00,8.9,8.92,8.88,8.88,3669.82
2026-04-04 02:45:00,8.89,8.9,8.88,8.89,10321.8
2026-04-04 03:00:00,8.9,8.92,8.89,8.9,2864.61
2026-04-04 03:15:00,8.9,8.9,8.88,8.89,2216.92
2026-04-04 03:30:00,8.89,8.9,8.89,8.9,4467.98
2026-04-04 03:45:00,8.9,8.91,8.89,8.9,1815.43
2026-04-04 04:00:00,8.9,8.9,8.88,8.88,3621.06
2026-04-04 04:15:00,8.88,8.9,8.87,8.9,2563.69
2026-04-04 04:30:00,8.9,8.91,8.89,8.91,2341.54
2026-04-04 04:45:00,8.92,8.92,8.9,8.91,3089.83
2026-04-04 05:00:00,8.9,8.91,8.88,8.88,5406.48
2026-04-04 05:15:00,8.89,8.9,8.87,8.88,2829.32
2026-04-04 05:30:00,8.88,8.9,8.87,8.88,4074.31
2026-04-04 05:45:00,8.88,8.88,8.86,8.87,3741.78
2026-04-04 06:00:00,8.87,8.88,8.85,8.87,5358.98
2026-04-04 06:15:00,8.88,8.89,8.87,8.88,3190.29
2026-04-04 06:30:00,8.88,8.89,8.87,8.89,5989.18
2026-04-04 06:45:00,8.88,8.91,8.88,8.9,9320.08
2026-04-04 07:00:00,8.91,8.91,8.88,8.9,4371.04
2026-04-04 07:15:00,8.9,8.9,8.87,8.88,3202.06
2026-04-04 07:30:00,8.89,8.9,8.87,8.89,3151.94
2026-04-04 07:45:00,8.88,8.89,8.87,8.87,2911.47
2026-04-04 08:00:00,8.88,8.89,8.86,8.88,6228.56
2026-04-04 08:15:00,8.89,8.89,8.88,8.88,682.02
2026-04-04 08:30:00,8.88,8.88,8.86,8.87,4918.52
2026-04-04 08:45:00,8.88,8.88,8.84,8.86,6860.11
2026-04-04 09:00:00,8.85,8.86,8.85,8.85,1274.37
2026-04-04 09:15:00,8.85,8.87,8.84,8.86,7742.23
2026-04-04 09:30:00,8.87,8.89,8.86,8.87,7713.76
2026-04-04 09:45:00,8.87,8.87,8.85,8.85,943.26
2026-04-04 10:00:00,8.85,8.87,8.85,8.85,2270.04
2026-04-04 10:15:00,8.85,8.87,8.85,8.86,7433.34
2026-04-04 10:30:00,8.86,8.9,8.86,8.88,8057.42
2026-04-04 10:45:00,8.89,8.9,8.88,8.89,6394.15
2026-04-04 11:00:00,8.9,8.91,8.89,8.89,3976.78
2026-04-04 11:15:00,8.89,8.9,8.88,8.88,5869.28
2026-04-04 11:30:00,8.88,8.89,8.87,8.88,1899.19
2026-04-04 11:45:00,8.89,8.9,8.89,8.89,2371.61
2026-04-04 12:00:00,8.89,8.9,8.88,8.89,11946.92
2026-04-04 12:15:00,8.89,8.91,8.89,8.89,5809.37
2026-04-04 12:30:00,8.89,8.91,8.88,8.88,2068.07
2026-04-04 12:45:00,8.88,8.9,8.88,8.89,3906.14
2026-04-04 13:00:00,8.9,8.9,8.89,8.9,4283.94
2026-04-04 13:15:00,8.89,8.9,8.87,8.89,9284.44
2026-04-04 13:30:00,8.88,8.91,8.87,8.88,6210.8
2026-04-04 13:45:00,8.88,8.89,8.85,8.87,10978.08
2026-04-04 14:00:00,8.87,8.88,8.86,8.87,9074.65
2026-04-04 14:15:00,8.87,8.88,8.86,8.87,3161.09
2026-04-04 14:30:00,8.87,8.87,8.83,8.86,6008.75
2026-04-04 14:45:00,8.87,8.89,8.86,8.89,5886.68
2026-04-04 15:00:00,8.89,8.97,8.88,8.95,47267.67
2026-04-04 15:15:00,8.96,8.96,8.92,8.92,13782.15
2026-04-04 15:30:00,8.92,8.94,8.92,8.93,4533.55
2026-04-04 15:45:00,8.93,8.96,8.93,8.95,4788.85
2026-04-04 16:00:00,8.95,8.98,8.94,8.95,28811.04
2026-04-04 16:15:00,8.94,9.01,8.93,9.0,10424.54
2026-04-04 16:30:00,9.01,9.02,8.98,8.99,10189.29
2026-04-04 16:45:00,8.99,8.99,8.93,8.93,12661.55
2026-04-04 17:00:00,8.94,8.98,8.92,8.97,21110.2
2026-04-04 17:15:00,8.98,9.01,8.96,9.0,13841.06
2026-04-04 17:30:00,9.0,9.03,9.0,9.03,15926.19
2026-04-04 17:45:00,9.02,9.05,9.02,9.04,9011.28
2026-04-04 18:00:00,9.05,9.06,9.02,9.03,22329.72
2026-04-04 18:15:00,9.04,9.07,9.03,9.06,17281.27
2026-04-04 18:30:00,9.06,9.06,9.01,9.02,11337.5
2026-04-04 18:45:00,9.02,9.04,9.01,9.03,6926.77
2026-04-04 19:00:00,9.03,9.11,9.01,9.09,18559.15
2026-04-04 19:15:00,9.1,9.1,9.04,9.05,18276.34
2026-04-04 19:30:00,9.04,9.05,9.01,9.02,9678.89
2026-04-04 19:45:00,9.01,9.03,9.01,9.02,6646.12
2026-04-04 20:00:00,9.02,9.04,8.99,9.0,22224.99
2026-04-04 20:15:00,9.01,9.02,8.99,8.99,5126.51
2026-04-04 20:30:00,8.99,9.01,8.98,9.0,8934.08
2026-04-04 20:45:00,9.0,9.01,8.98,9.0,5333.29
2026-04-04 21:00:00,8.99,9.0,8.98,8.99,2734.11
2026-04-04 21:15:00,8.99,9.01,8.99,9.0,3100.17
2026-04-04 21:30:00,9.0,9.01,8.99,9.0,9196.14
2026-04-04 21:45:00,8.99,9.03,8.99,9.0,26701.18
2026-04-04 22:00:00,9.0,9.01,8.99,9.0,5018.8
2026-04-04 22:15:00,8.99,9.01,8.99,9.0,4246.96
2026-04-04 22:30:00,8.99,9.01,8.99,9.01,8380.84
2026-04-04 22:45:00,9.02,9.02,8.99,8.99,4322.19
2026-04-04 23:00:00,8.99,9.0,8.97,8.98,4678.54
2026-04-04 23:15:00,8.98,8.98,8.96,8.97,5214.26
2026-04-04 23:30:00,8.97,8.98,8.97,8.98,5163.77
2026-04-04 23:45:00,8.98,8.99,8.97,8.99,2911.81
2026-04-05 00:00:00,8.99,9.02,8.98,9.01,12327.74
2026-04-05 00:15:00,9.0,9.01,8.98,9.0,4105.22
2026-04-05 00:30:00,9.0,9.01,8.98,9.0,2551.0
2026-04-05 00:45:00,8.99,9.01,8.99,9.01,4244.26
2026-04-05 01:00:00,9.01,9.03,8.99,9.0,12788.71
2026-04-05 01:15:00,8.99,9.0,8.97,8.97,2909.46
2026-04-05 01:30:00,8.97,8.99,8.97,8.99,3804.25
2026-04-05 01:45:00,8.98,9.0,8.97,8.98,3980.74
2026-04-05 02:00:00,8.97,8.98,8.96,8.96,6897.3
2026-04-05 02:15:00,8.96,8.99,8.95,8.98,15163.22
2026-04-05 02:30:00,8.98,9.0,8.98,8.98,3876.38
2026-04-05 02:45:00,8.98,8.98,8.96,8.97,5586.99
2026-04-05 03:00:00,8.97,8.98,8.97,8.98,6175.94
2026-04-05 03:15:00,8.99,8.99,8.96,8.96,3532.24
2026-04-05 03:30:00,8.97,8.97,8.94,8.96,13223.39
2026-04-05 03:45:00,8.96,8.96,8.95,8.95,2262.09
2026-04-05 04:00:00,8.95,8.96,8.94,8.94,4498.21
2026-04-05 04:15:00,8.94,8.96,8.94,8.96,5360.52
2026-04-05 04:30:00,8.95,8.96,8.94,8.95,1742.57
2026-04-05 04:45:00,8.95,8.95,8.93,8.94,2932.65
2026-04-05 05:00:00,8.93,8.93,8.92,8.92,1760.25
2026-04-05 05:15:00,8.92,8.92,8.9,8.91,6535.89
2026-04-05 05:30:00,8.91,8.92,8.9,8.91,3952.43
2026-04-05 05:45:00,8.9,8.91,8.87,8.87,8091.11
2026-04-05 06:00:00,8.87,8.88,8.8,8.81,25811.15
2026-04-05 06:15:00,8.81,8.83,8.79,8.82,14064.47
2026-04-05 06:30:00,8.81,8.85,8.81,8.83,10681.42
2026-04-05 06:45:00,8.83,8.83,8.82,8.82,5274.91
2026-04-05 07:00:00,8.82,8.84,8.81,8.82,10187.96
2026-04-05 07:15:00,8.83,8.83,8.8,8.82,8660.91
2026-04-05 07:30:00,8.81,8.82,8.78,8.8,8432.94
2026-04-05 07:45:00,8.8,8.81,8.79,8.8,5174.23
2026-04-05 08:00:00,8.8,8.81,8.79,8.81,1914.73
2026-04-05 08:15:00,8.81,8.83,8.8,8.81,12530.82
2026-04-05 08:30:00,8.8,8.83,8.8,8.81,6083.42
2026-04-05 08:45:00,8.82,8.84,8.81,8.82,7875.59
2026-04-05 09:00:00,8.83,8.85,8.81,8.83,6985.6
2026-04-05 09:15:00,8.83,8.83,8.82,8.83,3463.0
2026-04-05 09:30:00,8.82,8.83,8.8,8.82,6257.7
2026-04-05 09:45:00,8.83,8.83,8.82,8.83,1529.56
2026-04-05 10:00:00,8.83,8.83,8.81,8.81,1798.79
2026-04-05 10:15:00,8.81,8.82,8.81,8.82,4043.95
2026-04-05 10:30:00,8.82,8.86,8.81,8.83,6778.14
2026-04-05 10:45:00,8.83,8.84,8.8,8.81,4483.93
2026-04-05 11:00:00,8.81,8.82,8.8,8.81,8498.22
2026-04-05 11:15:00,8.81,8.81,8.79,8.8,9920.0
2026-04-05 11:30:00,8.81,8.82,8.8,8.82,3243.72
2026-04-05 11:45:00,8.81,8.83,8.81,8.82,916.39
2026-04-05 12:00:00,8.82,8.82,8.8,8.82,4362.26
2026-04-05 12:15:00,8.81,8.82,8.79,8.8,11301.98
2026-04-05 12:30:00,8.79,8.8,8.75,8.77,25472.43
2026-04-05 12:45:00,8.76,8.8,8.74,8.79,7593.85
2026-04-05 13:00:00,8.78,8.8,8.77,8.77,3289.14
2026-04-05 13:15:00,8.78,8.79,8.75,8.75,6868.57
2026-04-05 13:30:00,8.75,8.8,8.75,8.8,2287.05
2026-04-05 13:45:00,8.8,8.82,8.8,8.81,15578.47
2026-04-05 14:00:00,8.82,8.84,8.81,8.81,9190.51
2026-04-05 14:15:00,8.82,8.84,8.8,8.83,5974.22
2026-04-05 14:30:00,8.83,8.84,8.82,8.83,5637.11
2026-04-05 14:45:00,8.83,8.83,8.81,8.82,2269.87
2026-04-05 15:00:00,8.81,8.83,8.8,8.83,7444.6
2026-04-05 15:15:00,8.82,8.92,8.81,8.9,24021.24
2026-04-05 15:30:00,8.9,8.95,8.87,8.9,52320.79
2026-04-05 15:45:00,8.9,8.9,8.87,8.87,10509.35
2026-04-05 16:00:00,8.88,8.89,8.86,8.88,9237.8
2026-04-05 16:15:00,8.87,8.88,8.86,8.87,7459.05
2026-04-05 16:30:00,8.86,8.88,8.85,8.86,8776.45
2026-04-05 16:45:00,8.86,8.87,8.84,8.84,4355.86
2026-04-05 17:00:00,8.84,8.86,8.82,8.84,8913.02
2026-04-05 17:15:00,8.84,8.85,8.81,8.84,6605.26
2026-04-05 17:30:00,8.84,8.87,8.83,8.87,2447.33
2026-04-05 17:45:00,8.86,8.87,8.85,8.87,5526.59
2026-04-05 18:00:00,8.87,8.87,8.83,8.84,11296.32
2026-04-05 18:15:00,8.83,8.84,8.83,8.84,3084.65
2026-04-05 18:30:00,8.83,8.87,8.83,8.85,6362.9
2026-04-05 18:45:00,8.86,8.87,8.84,8.85,7882.69
2026-04-05 19:00:00,8.86,8.86,8.83,8.85,5145.1
2026-04-05 19:15:00,8.85,8.89,8.85,8.88,7749.43
2026-04-05 19:30:00,8.88,8.88,8.82,8.83,11815.27
2026-04-05 19:45:00,8.82,8.85,8.82,8.85,2430.5
2026-04-05 20:00:00,8.85,8.87,8.85,8.86,4332.73
2026-04-05 20:15:00,8.85,8.88,8.85,8.87,4415.22
2026-04-05 20:30:00,8.87,8.9,8.86,8.86,13893.43
2026-04-05 20:45:00,8.87,8.89,8.87,8.89,3629.78
2026-04-05 21:00:00,8.88,8.89,8.85,8.86,12802.06
2026-04-05 21:15:00,8.86,8.87,8.84,8.84,4670.75
2026-04-05 21:30:00,8.85,8.85,8.83,8.84,12402.92
2026-04-05 21:45:00,8.84,8.88,8.84,8.86,5014.69
2026-04-05 22:00:00,8.86,8.89,8.83,8.84,13665.52
2026-04-05 22:15:00,8.84,8.85,8.81,8.84,10254.42
2026-04-05 22:30:00,8.84,8.92,8.84,8.91,19433.64
2026-04-05 22:45:00,8.9,8.97,8.9,8.96,24645.05
2026-04-05 23:00:00,8.96,9.0,8.94,9.0,22827.04
2026-04-05 23:15:00,9.0,9.07,9.0,9.03,51586.07
2026-04-05 23:30:00,9.03,9.09,9.02,9.05,22910.67
2026-04-05 23:45:00,9.05,9.07,9.04,9.06,15268.25
2026-04-06 00:00:00,9.07,9.2,9.07,9.19,83023.46
2026-04-06 00:15:00,9.19,9.29,9.17,9.27,110642.52
2026-04-06 00:30:00,9.26,9.34,9.24,9.32,113960.35
2026-04-06 00:45:00,9.32,9.43,9.32,9.42,148504.94
2026-04-06 01:00:00,9.42,9.61,9.42,9.47,300805.41
2026-04-06 01:15:00,9.48,9.51,9.42,9.48,86127.03
2026-04-06 01:30:00,9.49,9.51,9.4,9.41,116056.51
2026-04-06 01:45:00,9.42,9.47,9.39,9.43,73850.26
2026-04-06 02:00:00,9.43,9.61,9.42,9.54,118158.08
2026-04-06 02:15:00,9.55,9.61,9.54,9.59,70097.23
2026-04-06 02:30:00,9.59,9.66,9.58,9.6,149785.28
2026-04-06 02:45:00,9.6,9.62,9.58,9.59,51490.17
2026-04-06 03:00:00,9.6,9.62,9.57,9.58,70764.85
2026-04-06 03:15:00,9.59,9.6,9.54,9.55,45369.68
2026-04-06 03:30:00,9.56,9.56,9.48,9.49,35734.43
2026-04-06 03:45:00,9.49,9.5,9.44,9.45,57451.02
2026-04-06 04:00:00,9.45,9.5,9.42,9.45,52238.93
2026-04-06 04:15:00,9.45,9.45,9.41,9.43,13549.6
2026-04-06 04:30:00,9.43,9.5,9.4,9.49,36159.73
2026-04-06 04:45:00,9.49,9.52,9.48,9.48,18251.48
2026-04-06 05:00:00,9.49,9.49,9.46,9.47,29000.2
2026-04-06 05:15:00,9.47,9.54,9.47,9.5,44688.92
2026-04-06 05:30:00,9.51,9.52,9.49,9.5,31486.93
2026-04-06 05:45:00,9.5,9.52,9.46,9.47,25659.66
2026-04-06 06:00:00,9.47,9.52,9.43,9.51,58044.89
2026-04-06 06:15:00,9.51,9.51,9.4,9.42,42787.48
2026-04-06 06:30:00,9.41,9.42,9.38,9.41,21754.32
2026-04-06 06:45:00,9.41,9.44,9.37,9.39,46831.11
2026-04-06 07:00:00,9.4,9.41,9.37,9.39,17408.88
2026-04-06 07:15:00,9.4,9.43,9.39,9.4,18559.6
2026-04-06 07:30:00,9.4,9.41,9.37,9.38,13584.21
2026-04-06 07:45:00,9.38,9.41,9.37,9.39,20767.09
2026-04-06 08:00:00,9.39,9.42,9.38,9.4,11254.2
2026-04-06 08:15:00,9.4,9.44,9.39,9.41,26278.07
2026-04-06 08:30:00,9.41,9.45,9.4,9.43,23477.78
2026-04-06 08:45:00,9.42,9.43,9.4,9.42,12325.88
2026-04-06 09:00:00,9.41,9.47,9.41,9.45,25749.84
2026-04-06 09:15:00,9.44,9.51,9.43,9.43,43148.38
2026-04-06 09:30:00,9.44,9.45,9.41,9.43,28053.91
2026-04-06 09:45:00,9.42,9.46,9.41,9.45,21813.33
2026-04-06 10:00:00,9.45,9.49,9.44,9.46,10657.7
2026-04-06 10:15:00,9.47,9.49,9.46,9.48,10748.86
2026-04-06 10:30:00,9.48,9.5,9.47,9.47,12994.58
2026-04-06 10:45:00,9.47,9.48,9.44,9.46,29091.17
2026-04-06 11:00:00,9.45,9.47,9.44,9.44,11019.84
2026-04-06 11:15:00,9.45,9.47,9.44,9.46,13361.54
2026-04-06 11:30:00,9.46,9.47,9.44,9.46,10644.66
2026-04-06 11:45:00,9.46,9.46,9.44,9.44,5615.47
2026-04-06 12:00:00,9.45,9.46,9.44,9.46,12556.91
2026-04-06 12:15:00,9.45,9.46,9.44,9.44,10990.1
2026-04-06 12:30:00,9.45,9.45,9.42,9.42,8464.15
2026-04-06 12:45:00,9.42,9.43,9.4,9.41,10604.08
2026-04-06 13:00:00,9.41,9.41,9.39,9.39,4734.42
2026-04-06 13:15:00,9.39,9.4,9.37,9.37,14826.89
2026-04-06 13:30:00,9.38,9.4,9.33,9.35,47682.38
2026-04-06 13:45:00,9.35,9.37,9.34,9.36,24420.33
2026-04-06 14:00:00,9.36,9.4,9.34,9.36,25914.25
2026-04-06 14:15:00,9.37,9.4,9.36,9.38,15742.09
2026-04-06 14:30:00,9.38,9.4,9.33,9.35,39222.97
2026-04-06 14:45:00,9.34,9.37,9.33,9.36,23293.82
2026-04-06 15:00:00,9.36,9.36,9.34,9.35,19725.71
2026-04-06 15:15:00,9.35,9.37,9.34,9.35,13204.52
2026-04-06 15:30:00,9.36,9.37,9.35,9.37,7904.84
2026-04-06 15:45:00,9.36,9.39,9.36,9.39,9328.73
2026-04-06 16:00:00,9.38,9.39,9.36,9.39,17264.34
2026-04-06 16:15:00,9.39,9.39,9.35,9.36,10556.13
2026-04-06 16:30:00,9.35,9.37,9.35,9.37,5992.95
2026-04-06 16:45:00,9.37,9.4,9.32,9.33,31379.56
2026-04-06 17:00:00,9.34,9.34,9.28,9.28,41647.97
2026-04-06 17:15:00,9.29,9.35,9.27,9.34,20469.21
2026-04-06 17:30:00,9.34,9.35,9.31,9.31,7644.77
2026-04-06 17:45:00,9.31,9.33,9.3,9.33,7992.86
2026-04-06 18:00:00,9.32,9.35,9.3,9.33,16356.83
2026-04-06 18:15:00,9.34,9.36,9.32,9.34,8793.64
2026-04-06 18:30:00,9.35,9.36,9.34,9.35,14073.72
2026-04-06 18:45:00,9.34,9.36,9.34,9.34,4931.11
2026-04-06 19:00:00,9.34,9.34,9.29,9.32,26052.26
2026-04-06 19:15:00,9.32,9.33,9.31,9.32,16607.79
2026-04-06 19:30:00,9.31,9.32,9.3,9.31,8959.59
2026-04-06 19:45:00,9.3,9.33,9.29,9.32,9541.15
2026-04-06 20:00:00,9.32,9.33,9.31,9.31,8865.53
2026-04-06 20:15:00,9.32,9.36,9.31,9.35,9765.66
2026-04-06 20:30:00,9.35,9.36,9.33,9.35,8830.74
2026-04-06 20:45:00,9.35,9.36,9.33,9.34,5780.74
2026-04-06 21:00:00,9.33,9.33,9.31,9.31,7485.88
2026-04-06 21:15:00,9.31,9.31,9.29,9.29,2689.44
2026-04-06 21:30:00,9.29,9.31,9.27,9.28,13612.22
2026-04-06 21:45:00,9.28,9.29,9.26,9.28,10688.19
2026-04-06 22:00:00,9.27,9.27,9.24,9.27,44496.99
2026-04-06 22:15:00,9.27,9.27,9.23,9.24,23794.04
2026-04-06 22:30:00,9.24,9.25,9.21,9.21,22714.03
2026-04-06 22:45:00,9.22,9.22,9.12,9.12,61966.17
2026-04-06 23:00:00,9.12,9.12,8.88,8.92,395539.06
2026-04-06 23:15:00,8.91,8.91,8.85,8.86,123511.19
2026-04-06 23:30:00,8.85,8.89,8.81,8.88,106068.81
2026-04-06 23:45:00,8.87,8.92,8.87,8.91,42311.75
2026-04-07 00:00:00,8.9,8.93,8.86,8.88,66651.02
2026-04-07 00:15:00,8.89,8.91,8.84,8.86,75818.3
2026-04-07 00:30:00,8.85,8.87,8.81,8.83,49865.51
2026-04-07 00:45:00,8.82,8.85,8.81,8.83,31375.01
2026-04-07 01:00:00,8.83,8.83,8.77,8.78,75206.93
2026-04-07 01:15:00,8.79,8.82,8.77,8.78,55779.64
2026-04-07 01:30:00,8.79,8.79,8.72,8.75,100215.26
2026-04-07 01:45:00,8.74,8.76,8.69,8.71,58964.32
2026-04-07 02:00:00,8.71,8.72,8.68,8.69,105944.33
2026-04-07 02:15:00,8.69,8.7,8.64,8.68,116843.55
2026-04-07 02:30:00,8.68,8.7,8.65,8.67,99103.75
2026-04-07 02:45:00,8.68,8.68,8.63,8.67,122904.93
2026-04-07 03:00:00,8.67,8.68,8.64,8.65,68974.48
2026-04-07 03:15:00,8.66,8.7,8.65,8.7,46286.32
2026-04-07 03:30:00,8.7,8.71,8.66,8.68,66945.42
2026-04-07 03:45:00,8.68,8.69,8.67,8.69,37624.81
2026-04-07 04:00:00,8.68,8.69,8.66,8.68,100905.24
2026-04-07 04:15:00,8.68,8.71,8.65,8.67,91205.36
2026-04-07 04:30:00,8.66,8.71,8.66,8.71,52877.35
2026-04-07 04:45:00,8.7,8.73,8.7,8.71,48835.84
2026-04-07 05:00:00,8.7,8.71,8.67,8.69,73833.95
2026-04-07 05:15:00,8.68,8.69,8.64,8.65,89871.03
2026-04-07 05:30:00,8.65,8.66,8.56,8.58,162767.43
2026-04-07 05:45:00,8.57,8.59,8.53,8.56,189459.58
2026-04-07 06:00:00,8.56,8.56,8.46,8.52,234152.97
2026-04-07 06:15:00,8.52,8.55,8.5,8.54,113116.19
2026-04-07 06:30:00,8.53,8.54,8.5,8.53,93414.8
2026-04-07 06:45:00,8.53,8.59,8.53,8.58,71821.92
2026-04-07 07:00:00,8.59,8.62,8.57,8.62,99524.23
2026-04-07 07:15:00,8.62,8.66,8.61,8.63,83742.11
2026-04-07 07:30:00,8.63,8.66,8.63,8.64,54211.59
2026-04-07 07:45:00,8.65,8.66,8.63,8.65,48625.88
2026-04-07 08:00:00,8.65,8.7,8.64,8.67,57508.35
2026-04-07 08:15:00,8.67,8.7,8.65,8.69,45538.95
2026-04-07 08:30:00,8.69,8.71,8.68,8.7,32167.26
2026-04-07 08:45:00,8.7,8.71,8.69,8.69,12672.5
2026-04-07 09:00:00,8.7,8.73,8.69,8.72,50320.68
2026-04-07 09:15:00,8.72,8.72,8.67,8.68,27068.67
2026-04-07 09:30:00,8.68,8.7,8.67,8.7,18673.93
2026-04-07 09:45:00,8.7,8.7,8.68,8.7,18505.4
2026-04-07 10:00:00,8.7,8.71,8.63,8.66,104197.99
2026-04-07 10:15:00,8.67,8.71,8.65,8.66,48513.79
2026-04-07 10:30:00,8.66,8.67,8.64,8.64,66150.47
2026-04-07 10:45:00,8.64,8.65,8.61,8.63,40904.67
2026-04-07 11:00:00,8.63,8.63,8.6,8.62,72631.63
2026-04-07 11:15:00,8.62,8.63,8.6,8.61,45729.25
2026-04-07 11:30:00,8.61,8.64,8.58,8.64,54185.73
2026-04-07 11:45:00,8.64,8.64,8.61,8.62,26838.79
2026-04-07 12:00:00,8.61,8.62,8.55,8.61,90275.07
2026-04-07 12:15:00,8.61,8.63,8.59,8.63,58186.9
2026-04-07 12:30:00,8.62,8.64,8.59,8.61,36565.59
2026-04-07 12:45:00,8.61,8.69,8.6,8.66,50741.51
2026-04-07 13:00:00,8.66,8.69,8.63,8.65,113876.82
2026-04-07 13:15:00,8.65,8.65,8.6,8.61,51781.6
2026-04-07 13:30:00,8.61,8.65,8.6,8.61,49770.53
2026-04-07 13:45:00,8.62,8.62,8.6,8.6,28674.38
2026-04-07 14:00:00,8.61,8.62,8.52,8.55,81319.69
2026-04-07 14:15:00,8.55,8.6,8.53,8.59,24657.3
2026-04-07 14:30:00,8.59,8.61,8.56,8.57,47959.22
2026-04-07 14:45:00,8.57,8.6,8.56,8.56,31410.75
2026-04-07 15:00:00,8.56,8.58,8.54,8.56,42875.73
2026-04-07 15:15:00,8.56,8.62,8.56,8.6,53671.86
2026-04-07 15:30:00,8.6,8.61,8.58,8.59,19214.83
2026-04-07 15:45:00,8.58,8.6,8.56,8.59,18410.55
2026-04-07 16:00:00,8.59,8.64,8.58,8.59,49349.01
2026-04-07 16:15:00,8.59,8.61,8.57,8.61,35809.19
2026-04-07 16:30:00,8.61,8.62,8.59,8.61,26716.37
2026-04-07 16:45:00,8.6,8.61,8.56,8.57,12318.19
2026-04-07 17:00:00,8.57,8.59,8.56,8.57,29422.8
2026-04-07 17:15:00,8.57,8.61,8.56,8.6,47936.93
2026-04-07 17:30:00,8.6,8.7,8.59,8.62,54325.65
2026-04-07 17:45:00,8.62,8.63,8.6,8.61,35015.68
2026-04-07 18:00:00,8.6,8.64,8.6,8.63,23652.94
2026-04-07 18:15:00,8.64,8.66,8.62,8.65,32625.78
2026-04-07 18:30:00,8.64,8.66,8.62,8.65,30946.7
2026-04-07 18:45:00,8.64,8.65,8.62,8.64,33685.24
2026-04-07 19:00:00,8.64,8.67,8.63,8.67,26351.09
2026-04-07 19:15:00,8.67,8.73,8.67,8.7,42639.38
2026-04-07 19:30:00,8.69,8.7,8.65,8.69,25381.92
2026-04-07 19:45:00,8.69,8.81,8.69,8.79,176119.02
2026-04-07 20:00:00,8.8,8.89,8.8,8.8,173562.11
2026-04-07 20:15:00,8.8,8.82,8.75,8.82,55626.01
2026-04-07 20:30:00,8.82,8.83,8.77,8.79,37816.36
2026-04-07 20:45:00,8.79,8.79,8.74,8.76,30506.13
2026-04-07 21:00:00,8.77,8.93,8.75,8.9,110466.32
2026-04-07 21:15:00,8.9,8.93,8.84,8.86,31872.47
2026-04-07 21:30:00,8.87,9.0,8.87,8.99,38095.36
2026-04-07 21:45:00,8.99,9.13,8.98,9.04,131274.13
2026-04-07 22:00:00,9.05,9.16,9.04,9.15,147101.74
2026-04-07 22:15:00,9.14,9.15,9.11,9.13,80151.2
2026-04-07 22:30:00,9.12,9.3,9.11,9.23,248255.24
2026-04-07 22:45:00,9.23,9.36,9.22,9.35,96234.87
2026-04-07 23:00:00,9.35,9.48,9.35,9.44,203574.85
2026-04-07 23:15:00,9.45,9.59,9.4,9.58,193375.63
2026-04-07 23:30:00,9.59,9.62,9.49,9.52,186080.21
2026-04-07 23:45:00,9.51,9.57,9.42,9.43,128311.25
2026-04-08 00:00:00,9.43,9.48,9.42,9.47,66851.8
2026-04-08 00:15:00,9.46,9.48,9.38,9.39,52213.43
2026-04-08 00:30:00,9.38,9.43,9.34,9.38,57406.92
2026-04-08 00:45:00,9.39,9.39,9.34,9.37,36786.06
2026-04-08 01:00:00,9.37,9.4,9.32,9.4,36550.54
2026-04-08 01:15:00,9.39,9.39,9.34,9.38,62037.37
2026-04-08 01:30:00,9.38,9.42,9.37,9.41,29265.46
2026-04-08 01:45:00,9.41,9.45,9.4,9.41,19679.73
2026-04-08 02:00:00,9.42,9.51,9.41,9.51,70413.74
2026-04-08 02:15:00,9.5,9.52,9.43,9.46,66347.66
2026-04-08 02:30:00,9.46,9.46,9.41,9.42,39073.49
2026-04-08 02:45:00,9.42,9.44,9.41,9.43,19387.07
2026-04-08 03:00:00,9.43,9.46,9.42,9.45,54278.21
2026-04-08 03:15:00,9.45,9.48,9.43,9.48,39548.06
2026-04-08 03:30:00,9.47,9.48,9.44,9.44,37296.02
2026-04-08 03:45:00,9.45,9.46,9.42,9.44,33310.89
2026-04-08 04:00:00,9.43,9.54,9.43,9.47,109698.13
2026-04-08 04:15:00,9.47,9.56,9.46,9.55,51449.33
2026-04-08 04:30:00,9.55,9.56,9.52,9.53,58733.35
2026-04-08 04:45:00,9.54,9.55,9.45,9.46,53179.72
2026-04-08 05:00:00,9.46,9.46,9.43,9.44,50394.61
2026-04-08 05:15:00,9.43,9.52,9.42,9.51,27929.97
2026-04-08 05:30:00,9.5,9.5,9.45,9.47,39565.18
2026-04-08 05:45:00,9.47,9.49,9.43,9.46,39719.04
2026-04-08 06:00:00,9.46,9.48,9.44,9.46,41459.35
2026-04-08 06:15:00,9.46,9.48,9.43,9.43,42807.72
2026-04-08 06:30:00,9.44,9.44,9.4,9.42,41178.08
2026-04-08 06:45:00,9.42,9.44,9.4,9.41,33815.69
2026-04-08 07:00:00,9.41,9.41,9.38,9.41,46395.56
2026-04-08 07:15:00,9.41,9.45,9.39,9.4,87997.25
2026-04-08 07:30:00,9.4,9.4,9.37,9.39,19054.65
2026-04-08 07:45:00,9.39,9.42,9.39,9.39,12901.92
2026-04-08 08:00:00,9.4,9.4,9.37,9.38,22367.69
2026-04-08 08:15:00,9.38,9.4,9.37,9.38,15028.63
2026-04-08 08:30:00,9.37,9.4,9.36,9.36,20634.58
2026-04-08 08:45:00,9.36,9.38,9.36,9.38,12046.34
2026-04-08 09:00:00,9.38,9.41,9.36,9.39,25371.17
2026-04-08 09:15:00,9.39,9.4,9.37,9.38,22448.2
2026-04-08 09:30:00,9.38,9.4,9.36,9.36,12889.08
2026-04-08 09:45:00,9.36,9.38,9.35,9.36,26719.33
2026-04-08 10:00:00,9.36,9.38,9.34,9.36,24557.98
2026-04-08 10:15:00,9.36,9.39,9.35,9.38,23623.2
2026-04-08 10:30:00,9.39,9.39,9.36,9.37,8763.97
2026-04-08 10:45:00,9.37,9.39,9.36,9.36,15113.82
2026-04-08 11:00:00,9.35,9.36,9.33,9.34,24097.92
2026-04-08 11:15:00,9.35,9.36,9.32,9.36,25013.2
2026-04-08 11:30:00,9.35,9.35,9.28,9.29,46772.68
2026-04-08 11:45:00,9.29,9.33,9.28,9.3,35347.32
2026-04-08 12:00:00,9.3,9.35,9.27,9.34,97711.86
2026-04-08 12:15:00,9.34,9.35,9.31,9.32,37423.33
2026-04-08 12:30:00,9.33,9.37,9.32,9.35,16900.69
2026-04-08 12:45:00,9.35,9.37,9.35,9.36,17968.17
2026-04-08 13:00:00,9.35,9.44,9.35,9.43,60560.6
2026-04-08 13:15:00,9.42,9.44,9.37,9.39,31311.99
2026-04-08 13:30:00,9.39,9.41,9.32,9.33,63819.58
2026-04-08 13:45:00,9.33,9.38,9.31,9.32,44152.22
2026-04-08 14:00:00,9.33,9.34,9.26,9.28,55846.24
2026-04-08 14:15:00,9.28,9.3,9.23,9.24,59365.25
2026-04-08 14:30:00,9.25,9.26,9.17,9.19,82335.63
2026-04-08 14:45:00,9.2,9.2,9.14,9.18,76568.73
2026-04-08 15:00:00,9.18,9.23,9.17,9.22,35259.6
2026-04-08 15:15:00,9.22,9.22,9.18,9.19,24290.02
2026-04-08 15:30:00,9.2,9.22,9.18,9.2,33110.16
2026-04-08 15:45:00,9.21,9.23,9.2,9.22,7827.81
2026-04-08 16:00:00,9.21,9.24,9.21,9.23,9949.19
2026-04-08 16:15:00,9.23,9.25,9.2,9.2,15946.16
2026-04-08 16:30:00,9.2,9.22,9.17,9.21,30136.53
2026-04-08 16:45:00,9.21,9.24,9.2,9.22,13470.43
2026-04-08 17:00:00,9.23,9.27,9.21,9.25,10223.55
2026-04-08 17:15:00,9.26,9.26,9.2,9.21,17991.5
2026-04-08 17:30:00,9.22,9.29,9.21,9.27,29058.74
2026-04-08 17:45:00,9.27,9.28,9.26,9.27,17196.75
2026-04-08 18:00:00,9.27,9.29,9.25,9.27,18765.42
2026-04-08 18:15:00,9.27,9.27,9.2,9.21,33995.72
2026-04-08 18:30:00,9.2,9.24,9.19,9.19,14500.26
2026-04-08 18:45:00,9.19,9.21,9.12,9.14,32711.81
2026-04-08 19:00:00,9.14,9.17,9.12,9.14,28456.74
2026-04-08 19:15:00,9.15,9.16,9.12,9.13,19623.27
2026-04-08 19:30:00,9.13,9.17,9.12,9.17,13546.77
2026-04-08 19:45:00,9.17,9.19,9.16,9.19,13546.54
2026-04-08 20:00:00,9.19,9.22,9.17,9.18,14300.85
2026-04-08 20:15:00,9.18,9.19,9.16,9.16,15934.1
2026-04-08 20:30:00,9.17,9.17,9.13,9.14,13271.84
2026-04-08 20:45:00,9.14,9.16,9.13,9.15,6480.04
2026-04-08 21:00:00,9.14,9.19,9.13,9.17,13953.94
2026-04-08 21:15:00,9.17,9.22,9.16,9.19,25004.04
2026-04-08 21:30:00,9.2,9.22,9.18,9.19,18500.34
2026-04-08 21:45:00,9.18,9.2,9.18,9.2,10236.07
2026-04-08 22:00:00,9.19,9.19,9.15,9.16,4741.53
2026-04-08 22:15:00,9.16,9.16,9.12,9.12,24462.13
2026-04-08 22:30:00,9.13,9.17,9.12,9.16,17446.74
2026-04-08 22:45:00,9.15,9.17,9.11,9.12,73845.68
2026-04-08 23:00:00,9.12,9.12,9.06,9.1,50190.98
2026-04-08 23:15:00,9.11,9.12,9.06,9.07,40323.41
2026-04-08 23:30:00,9.06,9.08,9.05,9.06,33285.29
2026-04-08 23:45:00,9.05,9.07,9.04,9.05,23224.32
2026-04-09 00:00:00,9.05,9.06,9.01,9.03,40464.66
2026-04-09 00:15:00,9.03,9.03,8.98,8.99,45531.09
2026-04-09 00:30:00,8.98,8.99,8.94,8.95,51118.3
2026-04-09 00:45:00,8.95,8.98,8.94,8.97,24185.21
2026-04-09 01:00:00,8.96,8.97,8.92,8.97,50113.24
2026-04-09 01:15:00,8.97,8.98,8.93,8.95,22309.24
2026-04-09 01:30:00,8.95,8.99,8.94,8.96,34909.03
2026-04-09 01:45:00,8.97,8.99,8.94,8.99,9690.78
2026-04-09 02:00:00,8.99,9.0,8.96,8.96,24897.88
2026-04-09 02:15:00,8.97,9.04,8.96,9.03,26101.99
2026-04-09 02:30:00,9.03,9.05,9.01,9.02,21066.06
2026-04-09 02:45:00,9.03,9.06,9.02,9.04,18010.22
2026-04-09 03:00:00,9.03,9.05,9.02,9.04,9828.32
2026-04-09 03:15:00,9.05,9.06,9.01,9.02,13466.84
2026-04-09 03:30:00,9.03,9.05,9.03,9.03,15846.3
2026-04-09 03:45:00,9.03,9.05,9.02,9.03,6205.5
2026-04-09 04:00:00,9.02,9.05,9.01,9.03,11191.38
2026-04-09 04:15:00,9.03,9.05,9.02,9.04,4517.29
2026-04-09 04:30:00,9.04,9.07,9.04,9.06,9867.08
2026-04-09 04:45:00,9.06,9.07,9.04,9.04,7456.16
2026-04-09 05:00:00,9.05,9.06,9.03,9.03,9975.22
2026-04-09 05:15:00,9.03,9.04,9.02,9.03,4241.04
2026-04-09 05:30:00,9.03,9.06,9.03,9.03,10351.39
2026-04-09 05:45:00,9.03,9.04,9.0,9.02,7307.49
2026-04-09 06:00:00,9.01,9.05,9.01,9.04,15289.33
2026-04-09 06:15:00,9.04,9.04,9.01,9.02,6804.3
2026-04-09 06:30:00,9.03,9.05,9.01,9.03,1872.38
2026-04-09 06:45:00,9.04,9.06,9.03,9.05,3216.08
2026-04-09 07:00:00,9.06,9.09,9.05,9.09,5837.3
2026-04-09 07:15:00,9.08,9.09,9.07,9.07,6315.66
2026-04-09 07:30:00,9.08,9.09,9.06,9.07,7898.77
2026-04-09 07:45:00,9.07,9.09,9.07,9.08,5354.6
2026-04-09 08:00:00,9.08,9.09,9.05,9.06,9402.72
2026-04-09 08:15:00,9.06,9.1,9.05,9.1,7288.88
2026-04-09 08:30:00,9.1,9.15,9.09,9.14,33766.32
2026-04-09 08:45:00,9.14,9.17,9.12,9.16,23354.99
2026-04-09 09:00:00,9.16,9.16,9.06,9.09,72794.17
2026-04-09 09:15:00,9.09,9.13,9.09,9.1,12336.42
2026-04-09 09:30:00,9.11,9.13,9.08,9.09,9536.8
2026-04-09 09:45:00,9.1,9.14,9.09,9.13,22785.32
2026-04-09 10:00:00,9.13,9.13,9.1,9.12,12543.54
2026-04-09 10:15:00,9.13,9.16,9.12,9.13,13192.9
2026-04-09 10:30:00,9.13,9.14,9.1,9.13,11300.49
2026-04-09 10:45:00,9.13,9.13,9.1,9.1,10829.61
2026-04-09 11:00:00,9.1,9.11,9.07,9.08,11847.85
2026-04-09 11:15:00,9.08,9.09,9.06,9.06,9713.28
2026-04-09 11:30:00,9.07,9.09,9.04,9.07,24727.19
2026-04-09 11:45:00,9.08,9.09,9.07,9.08,4082.0
2026-04-09 12:00:00,9.09,9.11,9.08,9.09,6843.78
2026-04-09 12:15:00,9.09,9.11,9.06,9.09,20386.87
2026-04-09 12:30:00,9.09,9.13,9.07,9.11,19583.84
2026-04-09 12:45:00,9.1,9.11,9.09,9.1,7986.1
2026-04-09 13:00:00,9.11,9.12,9.08,9.1,15400.22
2026-04-09 13:15:00,9.1,9.11,9.06,9.08,17028.56
2026-04-09 13:30:00,9.09,9.1,9.06,9.09,21679.64
2026-04-09 13:45:00,9.09,9.11,9.07,9.1,23190.57
2026-04-09 14:00:00,9.1,9.14,9.08,9.13,17436.82
2026-04-09 14:15:00,9.13,9.14,9.06,9.07,21043.66
2026-04-09 14:30:00,9.07,9.11,9.07,9.1,8647.51
2026-04-09 14:45:00,9.11,9.18,9.11,9.16,40607.52
2026-04-09 15:00:00,9.16,9.21,9.13,9.2,27262.5
2026-04-09 15:15:00,9.2,9.23,9.16,9.17,34532.2
2026-04-09 15:30:00,9.16,9.32,9.16,9.31,112178.93
2026-04-09 15:45:00,9.31,9.37,9.3,9.34,78313.21
2026-04-09 16:00:00,9.34,9.39,9.33,9.35,57543.43
2026-04-09 16:15:00,9.35,9.39,9.32,9.32,42496.0
2026-04-09 16:30:00,9.32,9.33,9.25,9.28,37445.98
2026-04-09 16:45:00,9.29,9.3,9.24,9.29,43481.92
2026-04-09 17:00:00,9.29,9.36,9.28,9.33,51678.05
2026-04-09 17:15:00,9.34,9.37,9.3,9.32,23200.08
2026-04-09 17:30:00,9.31,9.38,9.28,9.37,45632.97
2026-04-09 17:45:00,9.38,9.39,9.35,9.36,36255.37
2026-04-09 18:00:00,9.36,9.37,9.27,9.29,27443.03
2026-04-09 18:15:00,9.3,9.32,9.26,9.3,27293.17
2026-04-09 18:30:00,9.3,9.31,9.26,9.27,14310.69
2026-04-09 18:45:00,9.27,9.29,9.26,9.28,20004.72
2026-04-09 19:00:00,9.28,9.32,9.26,9.3,51423.75
2026-04-09 19:15:00,9.31,9.32,9.25,9.27,22753.82
2026-04-09 19:30:00,9.28,9.33,9.28,9.33,39350.38
2026-04-09 19:45:00,9.33,9.35,9.28,9.31,23127.16
2026-04-09 20:00:00,9.31,9.33,9.29,9.33,18728.4
2026-04-09 20:15:00,9.33,9.35,9.28,9.31,87802.29
2026-04-09 20:30:00,9.31,9.33,9.3,9.32,31079.38
2026-04-09 20:45:00,9.33,9.34,9.31,9.33,10010.63
2026-04-09 21:00:00,9.33,9.39,9.31,9.34,24332.98
2026-04-09 21:15:00,9.34,9.36,9.32,9.33,8321.76
2026-04-09 21:30:00,9.33,9.4,9.33,9.39,43082.83
2026-04-09 21:45:00,9.39,9.46,9.39,9.42,56279.51
2026-04-09 22:00:00,9.42,9.45,9.39,9.45,66644.54
2026-04-09 22:15:00,9.44,9.7,9.44,9.55,267412.59
2026-04-09 22:30:00,9.56,9.6,9.55,9.56,112053.93
2026-04-09 22:45:00,9.55,9.58,9.46,9.48,97329.11
2026-04-09 23:00:00,9.48,9.52,9.46,9.48,70975.68
2026-04-09 23:15:00,9.48,9.5,9.4,9.4,86834.51
2026-04-09 23:30:00,9.4,9.4,9.34,9.38,51583.89
2026-04-09 23:45:00,9.37,9.37,9.34,9.37,31941.11
2026-04-10 00:00:00,9.37,9.41,9.33,9.35,45409.67
2026-04-10 00:15:00,9.35,9.35,9.31,9.35,48919.6
2026-04-10 00:30:00,9.35,9.38,9.32,9.32,31132.98
2026-04-10 00:45:00,9.33,9.34,9.31,9.34,11674.48
2026-04-10 01:00:00,9.33,9.36,9.31,9.34,13082.21
2026-04-10 01:15:00,9.34,9.35,9.27,9.32,27188.55
2026-04-10 01:30:00,9.32,9.42,9.32,9.35,24841.69
2026-04-10 01:45:00,9.35,9.37,9.33,9.35,17826.48
2026-04-10 02:00:00,9.35,9.38,9.34,9.34,12657.65
2026-04-10 02:15:00,9.35,9.38,9.34,9.37,12403.96
2026-04-10 02:30:00,9.38,9.38,9.32,9.33,9567.82
2026-04-10 02:45:00,9.33,9.33,9.31,9.33,11931.46
2026-04-10 03:00:00,9.33,9.36,9.31,9.33,15615.17
2026-04-10 03:15:00,9.32,9.33,9.28,9.29,29399.29
2026-04-10 03:30:00,9.29,9.33,9.28,9.32,8184.06
2026-04-10 03:45:00,9.33,9.34,9.31,9.31,14145.32
2026-04-10 04:00:00,9.31,9.33,9.3,9.32,18189.26
2026-04-10 04:15:00,9.33,9.37,9.33,9.34,19278.52
2026-04-10 04:30:00,9.34,9.37,9.33,9.33,20254.54
2026-04-10 04:45:00,9.33,9.4,9.33,9.38,17282.13
2026-04-10 05:00:00,9.39,9.41,9.37,9.4,23913.45
2026-04-10 05:15:00,9.4,9.42,9.37,9.41,15787.6
2026-04-10 05:30:00,9.41,9.42,9.36,9.36,18080.82
2026-04-10 05:45:00,9.36,9.39,9.36,9.37,26833.57
2026-04-10 06:00:00,9.38,9.4,9.36,9.38,8823.82
2026-04-10 06:15:00,9.38,9.39,9.34,9.35,23139.75
2026-04-10 06:30:00,9.35,9.35,9.31,9.32,15151.16
2026-04-10 06:45:00,9.31,9.32,9.28,9.3,21822.45
2026-04-10 07:00:00,9.31,9.32,9.28,9.28,36199.12
2026-04-10 07:15:00,9.28,9.3,9.28,9.3,28052.42
2026-04-10 07:30:00,9.3,9.31,9.28,9.3,12335.04
2026-04-10 07:45:00,9.3,9.3,9.27,9.28,16126.46
2026-04-10 08:00:00,9.28,9.28,9.25,9.26,42400.97
2026-04-10 08:15:00,9.26,9.29,9.25,9.28,7272.66
2026-04-10 08:30:00,9.29,9.33,9.29,9.3,20398.22
2026-04-10 08:45:00,9.29,9.3,9.25,9.27,20048.21
2026-04-10 09:00:00,9.27,9.3,9.27,9.28,7305.74
2026-04-10 09:15:00,9.27,9.33,9.27,9.3,18663.83
2026-04-10 09:30:00,9.31,9.32,9.29,9.3,7857.73
2026-04-10 09:45:00,9.3,9.31,9.29,9.31,14745.03
2026-04-10 10:00:00,9.31,9.31,9.29,9.3,11545.05
2026-04-10 10:15:00,9.29,9.31,9.28,9.29,15605.21
2026-04-10 10:30:00,9.3,9.3,9.26,9.27,10542.65
2026-04-10 10:45:00,9.26,9.28,9.26,9.28,10657.04
2026-04-10 11:00:00,9.28,9.32,9.26,9.32,16646.83
2026-04-10 11:15:00,9.32,9.33,9.31,9.33,5842.86
2026-04-10 11:30:00,9.33,9.34,9.3,9.32,28022.13
2026-04-10 11:45:00,9.32,9.34,9.3,9.3,11715.65
2026-04-10 12:00:00,9.31,9.34,9.3,9.33,11317.3
2026-04-10 12:15:00,9.33,9.37,9.3,9.35,41901.79
2026-04-10 12:30:00,9.35,9.38,9.33,9.37,53093.36
2026-04-10 12:45:00,9.37,9.38,9.34,9.38,16480.57
2026-04-10 13:00:00,9.38,9.41,9.38,9.39,13053.67
2026-04-10 13:15:00,9.39,9.42,9.36,9.37,26575.51
2026-04-10 13:30:00,9.38,9.38,9.32,9.34,25308.73
2026-04-10 13:45:00,9.35,9.38,9.35,9.37,15244.22
2026-04-10 14:00:00,9.37,9.4,9.33,9.39,28370.1
2026-04-10 14:15:00,9.39,9.46,9.39,9.43,39581.41
2026-04-10 14:30:00,9.44,9.47,9.41,9.44,42098.87
2026-04-10 14:45:00,9.43,9.45,9.41,9.44,19921.28
2026-04-10 15:00:00,9.45,9.48,9.43,9.47,22546.9
2026-04-10 15:15:00,9.46,9.51,9.44,9.45,37143.34
2026-04-10 15:30:00,9.45,9.46,9.39,9.43,38007.08
2026-04-10 15:45:00,9.42,9.44,9.4,9.42,16099.01
2026-04-10 16:00:00,9.42,9.46,9.42,9.44,15491.84
2026-04-10 16:15:00,9.44,9.46,9.41,9.42,24396.71
2026-04-10 16:30:00,9.42,9.43,9.4,9.41,14893.59
2026-04-10 16:45:00,9.41,9.43,9.41,9.42,9184.15
2026-04-10 17:00:00,9.42,9.42,9.39,9.39,13798.64
2026-04-10 17:15:00,9.39,9.4,9.39,9.39,7608.13
2026-04-10 17:30:00,9.39,9.39,9.35,9.38,18739.98
2026-04-10 17:45:00,9.38,9.4,9.37,9.4,8542.83
2026-04-10 18:00:00,9.4,9.42,9.38,9.41,6469.31
2026-04-10 18:15:00,9.41,9.53,9.4,9.45,124841.61
2026-04-10 18:30:00,9.46,9.49,9.44,9.49,32906.37
2026-04-10 18:45:00,9.49,9.53,9.49,9.52,24926.74
2026-04-10 19:00:00,9.52,9.56,9.5,9.55,39110.17
2026-04-10 19:15:00,9.54,9.55,9.49,9.51,23562.09
2026-04-10 19:30:00,9.51,9.52,9.5,9.5,7994.75
2026-04-10 19:45:00,9.51,9.53,9.5,9.53,6159.95
2026-04-10 20:00:00,9.53,9.54,9.5,9.54,20065.39
2026-04-10 20:15:00,9.53,9.56,9.52,9.53,15768.84
2026-04-10 20:30:00,9.53,9.55,9.49,9.51,29453.73
2026-04-10 20:45:00,9.51,9.53,9.49,9.51,20445.73
2026-04-10 21:00:00,9.51,9.52,9.44,9.44,36918.24
2026-04-10 21:15:00,9.44,9.45,9.42,9.43,9568.04
2026-04-10 21:30:00,9.43,9.44,9.4,9.41,20598.66
2026-04-10 21:45:00,9.42,9.47,9.4,9.45,11161.17
2026-04-10 22:00:00,9.45,9.46,9.42,9.43,5780.04
2026-04-10 22:15:00,9.43,9.44,9.41,9.43,12338.01
2026-04-10 22:30:00,9.42,9.43,9.39,9.41,18827.78
2026-04-10 22:45:00,9.41,9.42,9.4,9.42,9198.67
2026-04-10 23:00:00,9.42,9.42,9.38,9.39,24975.99
2026-04-10 23:15:00,9.38,9.41,9.38,9.4,9700.85
2026-04-10 23:30:00,9.4,9.41,9.39,9.4,6067.15
2026-04-10 23:45:00,9.4,9.41,9.39,9.39,17043.49
2026-04-11 00:00:00,9.39,9.4,9.37,9.37,24923.71
2026-04-11 00:15:00,9.37,9.39,9.37,9.38,12183.46
2026-04-11 00:30:00,9.37,9.38,9.36,9.37,9777.68
2026-04-11 00:45:00,9.36,9.37,9.35,9.35,3858.36
2026-04-11 01:00:00,9.35,9.36,9.33,9.34,19683.43
2026-04-11 01:15:00,9.34,9.34,9.31,9.32,18276.83
2026-04-11 01:30:00,9.33,9.34,9.32,9.32,3921.93
2026-04-11 01:45:00,9.33,9.36,9.32,9.35,5699.53
2026-04-11 02:00:00,9.35,9.36,9.33,9.36,14692.18
2026-04-11 02:15:00,9.36,9.37,9.35,9.37,3387.9
2026-04-11 02:30:00,9.37,9.38,9.34,9.35,65692.24
2026-04-11 02:45:00,9.35,9.35,9.33,9.35,8852.51
2026-04-11 03:00:00,9.34,9.37,9.34,9.37,10288.7
2026-04-11 03:15:00,9.36,9.37,9.36,9.36,14666.83
2026-04-11 03:30:00,9.35,9.37,9.34,9.36,7770.06
2026-04-11 03:45:00,9.36,9.36,9.31,9.33,26858.6
2026-04-11 04:00:00,9.32,9.35,9.31,9.32,21499.12
2026-04-11 04:15:00,9.32,9.32,9.3,9.31,15485.48
2026-04-11 04:30:00,9.31,9.32,9.3,9.32,5106.17
2026-04-11 04:45:00,9.32,9.32,9.3,9.31,5669.55
2026-04-11 05:00:00,9.3,9.31,9.27,9.28,15614.6
2026-04-11 05:15:00,9.28,9.29,9.26,9.28,16071.97
2026-04-11 05:30:00,9.29,9.3,9.27,9.29,10031.52
2026-04-11 05:45:00,9.28,9.29,9.25,9.26,23259.28
2026-04-11 06:00:00,9.26,9.27,9.23,9.25,18994.34
2026-04-11 06:15:00,9.25,9.27,9.24,9.26,11957.07
2026-04-11 06:30:00,9.26,9.29,9.26,9.28,11309.68
2026-04-11 06:45:00,9.27,9.28,9.27,9.28,5391.83
2026-04-11 07:00:00,9.28,9.3,9.26,9.29,12152.12
2026-04-11 07:15:00,9.29,9.3,9.28,9.29,6732.03
2026-04-11 07:30:00,9.29,9.31,9.28,9.29,8738.0
2026-04-11 07:45:00,9.28,9.29,9.27,9.28,5048.09
2026-04-11 08:00:00,9.29,9.32,9.28,9.32,8864.72
2026-04-11 08:15:00,9.31,9.31,9.29,9.29,16996.99
2026-04-11 08:30:00,9.3,9.31,9.28,9.3,9316.42
2026-04-11 08:45:00,9.3,9.3,9.27,9.28,9375.46
2026-04-11 09:00:00,9.28,9.29,9.26,9.27,12569.48
2026-04-11 09:15:00,9.27,9.32,9.27,9.28,16093.6
2026-04-11 09:30:00,9.28,9.29,9.26,9.27,8450.92
2026-04-11 09:45:00,9.27,9.29,9.26,9.28,11532.28
2026-04-11 10:00:00,9.28,9.29,9.26,9.27,13379.5
2026-04-11 10:15:00,9.27,9.28,9.25,9.26,9884.02
2026-04-11 10:30:00,9.26,9.27,9.26,9.27,851.16
2026-04-11 10:45:00,9.27,9.28,9.26,9.27,7616.48
2026-04-11 11:00:00,9.26,9.28,9.25,9.28,8030.61
2026-04-11 11:15:00,9.27,9.28,9.26,9.26,4558.21
2026-04-11 11:30:00,9.26,9.28,9.26,9.27,1783.95
2026-04-11 11:45:00,9.28,9.29,9.27,9.28,18421.95
2026-04-11 12:00:00,9.28,9.29,9.27,9.28,10564.8
2026-04-11 12:15:00,9.28,9.29,9.26,9.28,4521.05
2026-04-11 12:30:00,9.28,9.29,9.27,9.29,6325.88
2026-04-11 12:45:00,9.29,9.3,9.27,9.27,8806.8
2026-04-11 13:00:00,9.27,9.28,9.21,9.23,33526.69
2026-04-11 13:15:00,9.22,9.24,9.21,9.21,21816.35
2026-04-11 13:30:00,9.21,9.24,9.19,9.24,25235.28
2026-04-11 13:45:00,9.24,9.24,9.23,9.24,5243.21
2026-04-11 14:00:00,9.23,9.28,9.23,9.27,8917.26
2026-04-11 14:15:00,9.27,9.28,9.26,9.28,5565.62
2026-04-11 14:30:00,9.28,9.28,9.26,9.27,11338.09
2026-04-11 14:45:00,9.28,9.28,9.26,9.27,4222.0
2026-04-11 15:00:00,9.28,9.29,9.27,9.29,5124.87
2026-04-11 15:15:00,9.29,9.33,9.28,9.32,18490.62
2026-04-11 15:30:00,9.32,9.33,9.31,9.32,19775.44
2026-04-11 15:45:00,9.32,9.34,9.31,9.34,10336.76
2026-04-11 16:00:00,9.33,9.38,9.33,9.37,15821.18
2026-04-11 16:15:00,9.36,9.38,9.35,9.37,17707.7
2026-04-11 16:30:00,9.37,9.47,9.35,9.45,47353.75
2026-04-11 16:45:00,9.45,9.46,9.44,9.44,20528.43
2026-04-11 17:00:00,9.45,9.46,9.38,9.39,11968.3
2026-04-11 17:15:00,9.39,9.41,9.38,9.39,11736.84
2026-04-11 17:30:00,9.4,9.44,9.39,9.4,33634.9
2026-04-11 17:45:00,9.41,9.41,9.38,9.39,6526.93
2026-04-11 18:00:00,9.39,9.39,9.36,9.38,21537.21
2026-04-11 18:15:00,9.38,9.41,9.37,9.41,16429.85
2026-04-11 18:30:00,9.41,9.51,9.41,9.49,81715.16
2026-04-11 18:45:00,9.48,9.53,9.47,9.5,30599.98
2026-04-11 19:00:00,9.49,9.56,9.48,9.52,36052.68
2026-04-11 19:15:00,9.51,9.57,9.5,9.56,39671.45
2026-04-11 19:30:00,9.57,9.61,9.57,9.59,47705.03
2026-04-11 19:45:00,9.59,9.59,9.56,9.58,13820.67
2026-04-11 20:00:00,9.58,9.61,9.54,9.56,43748.99
2026-04-11 20:15:00,9.56,9.58,9.52,9.52,45800.02
2026-04-11 20:30:00,9.53,9.53,9.43,9.46,36287.9
2026-04-11 20:45:00,9.46,9.5,9.45,9.46,14390.93
2026-04-11 21:00:00,9.46,9.47,9.44,9.45,24764.51
2026-04-11 21:15:00,9.46,9.47,9.44,9.45,17279.35
2026-04-11 21:30:00,9.44,9.48,9.43,9.47,18667.08
2026-04-11 21:45:00,9.48,9.5,9.45,9.47,8191.21
2026-04-11 22:00:00,9.46,9.49,9.46,9.49,14662.99
2026-04-11 22:15:00,9.49,9.52,9.46,9.48,23136.66
2026-04-11 22:30:00,9.48,9.48,9.4,9.42,60938.23
2026-04-11 22:45:00,9.42,9.43,9.39,9.42,16211.94
2026-04-11 23:00:00,9.41,9.42,9.33,9.37,38459.6
2026-04-11 23:15:00,9.36,9.4,9.36,9.38,4472.06
2026-04-11 23:30:00,9.38,9.39,9.37,9.38,6879.29
2026-04-11 23:45:00,9.37,9.38,9.36,9.38,11419.63
2026-04-12 00:00:00,9.37,9.38,9.32,9.34,21834.88
2026-04-12 00:15:00,9.33,9.36,9.32,9.35,9349.35
2026-04-12 00:30:00,9.35,9.36,9.33,9.35,24898.34
2026-04-12 00:45:00,9.34,9.37,9.34,9.37,4823.13
2026-04-12 01:00:00,9.37,9.39,9.35,9.36,13049.06
2026-04-12 01:15:00,9.36,9.37,9.34,9.36,3272.53
2026-04-12 01:30:00,9.35,9.36,9.1,9.13,162693.2
2026-04-12 01:45:00,9.12,9.12,9.03,9.09,179536.12
2026-04-12 02:00:00,9.08,9.12,9.03,9.09,95329.65
2026-04-12 02:15:00,9.1,9.13,9.08,9.09,44706.64
2026-04-12 02:30:00,9.1,9.14,9.1,9.14,20805.08
2026-04-12 02:45:00,9.14,9.14,9.12,9.13,10291.49
2026-04-12 03:00:00,9.13,9.13,9.1,9.11,32998.39
2026-04-12 03:15:00,9.11,9.13,9.09,9.11,16506.56
2026-04-12 03:30:00,9.11,9.12,9.08,9.1,34030.08
2026-04-12 03:45:00,9.1,9.11,9.08,9.09,26057.89
2026-04-12 04:00:00,9.08,9.1,9.06,9.08,41274.39
2026-04-12 04:15:00,9.09,9.1,9.06,9.06,40425.62
2026-04-12 04:30:00,9.06,9.09,9.06,9.08,11015.16
2026-04-12 04:45:00,9.08,9.08,9.06,9.07,13891.67
2026-04-12 05:00:00,9.08,9.08,9.05,9.05,47060.76
2026-04-12 05:15:00,9.06,9.08,9.05,9.08,10761.8
2026-04-12 05:30:00,9.07,9.08,9.05,9.06,20771.96
2026-04-12 05:45:00,9.05,9.09,9.05,9.07,15950.9
2026-04-12 06:00:00,9.07,9.09,9.06,9.08,8690.45
2026-04-12 06:15:00,9.08,9.08,9.06,9.08,7651.46
2026-04-12 06:30:00,9.07,9.07,9.05,9.05,12255.76
2026-04-12 06:45:00,9.05,9.06,9.04,9.05,20173.04
2026-04-12 07:00:00,9.05,9.05,9.03,9.04,23006.15
2026-04-12 07:15:00,9.05,9.05,9.0,9.01,47223.67
2026-04-12 07:30:00,9.01,9.05,9.01,9.02,8932.8
2026-04-12 07:45:00,9.02,9.03,9.01,9.02,14198.27
2026-04-12 08:00:00,9.02,9.03,9.0,9.03,25553.34
2026-04-12 08:15:00,9.02,9.05,9.02,9.05,10163.77
2026-04-12 08:30:00,9.05,9.05,9.04,9.04,5345.45
2026-04-12 08:45:00,9.05,9.05,9.03,9.04,11454.89
2026-04-12 09:00:00,9.04,9.05,9.03,9.04,12628.41
2026-04-12 09:15:00,9.05,9.05,9.02,9.02,13044.05
2026-04-12 09:30:00,9.02,9.03,9.01,9.01,9832.96
2026-04-12 09:45:00,9.02,9.03,9.0,9.03,13537.82
2026-04-12 10:00:00,9.02,9.05,9.02,9.02,23801.39
2026-04-12 10:15:00,9.02,9.04,9.02,9.04,11613.59
2026-04-12 10:30:00,9.04,9.04,9.03,9.04,4473.38
2026-04-12 10:45:00,9.03,9.04,8.98,9.0,40870.65
2026-04-12 11:00:00,8.99,9.05,8.98,9.04,25148.21
2026-04-12 11:15:00,9.03,9.04,9.03,9.04,5424.84
2026-04-12 11:30:00,9.04,9.04,9.02,9.03,12796.07
2026-04-12 11:45:00,9.03,9.04,9.02,9.03,9963.58
2026-04-12 12:00:00,9.03,9.03,9.01,9.03,12626.56
2026-04-12 12:15:00,9.02,9.04,9.02,9.04,8468.0
2026-04-12 12:30:00,9.04,9.06,9.01,9.06,28447.45
2026-04-12 12:45:00,9.06,9.06,9.0,9.02,45741.19
2026-04-12 13:00:00,9.02,9.05,9.0,9.01,50288.83
2026-04-12 13:15:00,9.01,9.04,9.01,9.02,15413.44
2026-04-12 13:30:00,9.02,9.02,8.98,9.0,20679.7
2026-04-12 13:45:00,8.99,9.0,8.96,8.97,21948.67
2026-04-12 14:00:00,8.96,8.99,8.96,8.97,18579.81
2026-04-12 14:15:00,8.98,9.01,8.97,9.0,18446.76
2026-04-12 14:30:00,9.0,9.0,8.96,8.98,15907.86
2026-04-12 14:45:00,8.97,9.0,8.97,8.98,12394.03
2026-04-12 15:00:00,8.98,8.99,8.96,8.99,6945.39
2026-04-12 15:15:00,8.99,8.99,8.96,8.96,16773.42
2026-04-12 15:30:00,8.96,8.97,8.92,8.95,31697.33
2026-04-12 15:45:00,8.95,8.98,8.95,8.96,20072.23
2026-04-12 16:00:00,8.96,8.99,8.95,8.99,28738.32
2026-04-12 16:15:00,8.98,8.99,8.96,8.99,20530.23
2026-04-12 16:30:00,8.98,9.01,8.98,9.01,6816.6
2026-04-12 16:45:00,9.0,9.02,9.0,9.02,21370.55
2026-04-12 17:00:00,9.02,9.05,9.01,9.02,11958.85
2026-04-12 17:15:00,9.02,9.04,9.01,9.03,8602.1
2026-04-12 17:30:00,9.04,9.07,9.04,9.06,22304.51
2026-04-12 17:45:00,9.07,9.13,9.04,9.11,35484.64
2026-04-12 18:00:00,9.12,9.17,9.1,9.15,42919.3
2026-04-12 18:15:00,9.14,9.16,9.12,9.13,27689.99
2026-04-12 18:30:00,9.12,9.15,9.11,9.11,9799.82
2026-04-12 18:45:00,9.11,9.12,9.09,9.11,9289.64
2026-04-12 19:00:00,9.11,9.11,9.09,9.09,14930.56
2026-04-12 19:15:00,9.1,9.11,9.09,9.1,15088.26
2026-04-12 19:30:00,9.1,9.1,9.06,9.08,12369.44
2026-04-12 19:45:00,9.08,9.09,9.07,9.08,6591.35
2026-04-12 20:00:00,9.09,9.11,9.08,9.09,15100.3
2026-04-12 20:15:00,9.09,9.09,9.06,9.07,2917.85
2026-04-12 20:30:00,9.08,9.15,9.07,9.13,27444.57
2026-04-12 20:45:00,9.14,9.15,9.11,9.13,18812.84
2026-04-12 21:00:00,9.14,9.17,9.11,9.13,23680.85
2026-04-12 21:15:00,9.12,9.15,9.11,9.15,11480.21
2026-04-12 21:30:00,9.15,9.16,9.12,9.14,20709.91
2026-04-12 21:45:00,9.15,9.16,9.13,9.15,12230.03
2026-04-12 22:00:00,9.15,9.15,9.04,9.08,63599.71
2026-04-12 22:15:00,9.08,9.08,9.02,9.04,31933.68
2026-04-12 22:30:00,9.04,9.08,9.02,9.06,19594.52
2026-04-12 22:45:00,9.06,9.07,9.04,9.06,5045.87
2026-04-12 23:00:00,9.06,9.06,9.01,9.02,21737.32
2026-04-12 23:15:00,9.02,9.03,9.01,9.02,16737.02
2026-04-12 23:30:00,9.02,9.03,9.01,9.03,20646.4
2026-04-12 23:45:00,9.04,9.05,9.01,9.03,11362.66
2026-04-13 00:00:00,9.04,9.06,9.02,9.05,46041.81
2026-04-13 00:15:00,9.05,9.08,9.03,9.07,9528.75
2026-04-13 00:30:00,9.07,9.08,9.06,9.07,14352.91
2026-04-13 00:45:00,9.07,9.12,9.06,9.1,9501.01
2026-04-13 01:00:00,9.1,9.14,9.09,9.11,17196.25
2026-04-13 01:15:00,9.11,9.14,9.11,9.13,20561.15
2026-04-13 01:30:00,9.13,9.17,9.12,9.15,34053.13
2026-04-13 01:45:00,9.15,9.16,9.12,9.14,11935.65
2026-04-13 02:00:00,9.14,9.15,9.09,9.09,12076.13
2026-04-13 02:15:00,9.1,9.14,9.09,9.12,8504.53
2026-04-13 02:30:00,9.12,9.13,9.07,9.08,16611.29
2026-04-13 02:45:00,9.07,9.07,9.05,9.06,14460.96
2026-04-13 03:00:00,9.06,9.07,9.04,9.05,15895.33
2026-04-13 03:15:00,9.06,9.08,9.05,9.06,8046.69
2026-04-13 03:30:00,9.05,9.08,9.05,9.08,10114.22
2026-04-13 03:45:00,9.07,9.08,9.07,9.07,1306.17
2026-04-13 04:00:00,9.07,9.09,9.06,9.07,5720.85
2026-04-13 04:15:00,9.08,9.09,9.06,9.09,6276.57
2026-04-13 04:30:00,9.08,9.12,9.08,9.11,8716.49
2026-04-13 04:45:00,9.1,9.1,9.05,9.05,21480.91
2026-04-13 05:00:00,9.05,9.06,9.01,9.02,15057.97
2026-04-13 05:15:00,9.03,9.05,9.02,9.04,6282.24
2026-04-13 05:30:00,9.04,9.05,9.01,9.04,16469.33
2026-04-13 05:45:00,9.04,9.07,9.03,9.07,9916.0
2026-04-13 06:00:00,9.07,9.13,9.06,9.12,20729.19
2026-04-13 06:15:00,9.13,9.2,9.12,9.17,80112.74
2026-04-13 06:30:00,9.18,9.18,9.12,9.14,16351.7
2026-04-13 06:45:00,9.14,9.17,9.13,9.15,12713.77
2026-04-13 07:00:00,9.16,9.16,9.12,9.12,15837.86
2026-04-13 07:15:00,9.12,9.13,9.05,9.07,22015.18
2026-04-13 07:30:00,9.07,9.07,9.04,9.05,21524.9
2026-04-13 07:45:00,9.06,9.09,9.05,9.06,12607.34
2026-04-13 08:00:00,9.06,9.07,9.03,9.03,16808.21
2026-04-13 08:15:00,9.04,9.06,9.03,9.06,8190.85
2026-04-13 08:30:00,9.05,9.06,9.02,9.02,31164.9
2026-04-13 08:45:00,9.03,9.04,9.01,9.03,16299.31
2026-04-13 09:00:00,9.02,9.07,9.02,9.05,19502.24
2026-04-13 09:15:00,9.05,9.09,9.04,9.08,5099.12
2026-04-13 09:30:00,9.08,9.09,9.07,9.07,10932.51
2026-04-13 09:45:00,9.08,9.09,9.07,9.08,11970.94
2026-04-13 10:00:00,9.08,9.09,9.06,9.08,8119.17
2026-04-13 10:15:00,9.08,9.09,9.06,9.06,24577.15
2026-04-13 10:30:00,9.06,9.06,9.02,9.03,19046.94
2026-04-13 10:45:00,9.03,9.03,8.98,8.99,19733.84
2026-04-13 11:00:00,9.0,9.05,8.97,9.05,94055.48
2026-04-13 11:15:00,9.04,9.06,9.03,9.03,19873.4
2026-04-13 11:30:00,9.04,9.07,9.04,9.07,17169.74
2026-04-13 11:45:00,9.07,9.08,9.06,9.07,10062.75
2026-04-13 12:00:00,9.06,9.08,9.05,9.07,16273.57
2026-04-13 12:15:00,9.07,9.08,9.04,9.04,12508.39
2026-04-13 12:30:00,9.04,9.08,9.03,9.08,16956.39
2026-04-13 12:45:00,9.07,9.19,9.07,9.15,58145.31
2026-04-13 13:00:00,9.16,9.17,9.11,9.14,43639.66
2026-04-13 13:15:00,9.15,9.16,9.13,9.15,31875.65
2026-04-13 13:30:00,9.15,9.17,9.1,9.14,39104.25
2026-04-13 13:45:00,9.14,9.28,9.13,9.26,171262.64
2026-04-13 14:00:00,9.27,9.28,9.17,9.19,63167.05
2026-04-13 14:15:00,9.18,9.19,9.15,9.17,37230.4
2026-04-13 14:30:00,9.18,9.26,9.17,9.24,41004.72
2026-04-13 14:45:00,9.25,9.33,9.23,9.31,64354.77
2026-04-13 15:00:00,9.32,9.33,9.25,9.29,68855.75
2026-04-13 15:15:00,9.29,9.3,9.25,9.27,50819.67
2026-04-13 15:30:00,9.26,9.26,9.15,9.19,33104.99
2026-04-13 15:45:00,9.19,9.21,9.17,9.21,38031.91
2026-04-13 16:00:00,9.21,9.24,9.15,9.24,60009.37
2026-04-13 16:15:00,9.24,9.28,9.2,9.27,35641.22
2026-04-13 16:30:00,9.28,9.3,9.26,9.29,46201.44
2026-04-13 16:45:00,9.29,9.31,9.26,9.28,43433.21
2026-04-13 17:00:00,9.29,9.3,9.25,9.28,34316.5
2026-04-13 17:15:00,9.27,9.34,9.26,9.34,35088.11
2026-04-13 17:30:00,9.33,9.39,9.31,9.33,51580.95
2026-04-13 17:45:00,9.33,9.34,9.26,9.26,26392.88
2026-04-13 18:00:00,9.26,9.26,9.21,9.23,42591.63
2026-04-13 18:15:00,9.23,9.24,9.18,9.2,26802.19
2026-04-13 18:30:00,9.2,9.27,9.2,9.25,18368.05
2026-04-13 18:45:00,9.25,9.27,9.24,9.26,17997.57
2026-04-13 19:00:00,9.27,9.28,9.26,9.26,17274.07
2026-04-13 19:15:00,9.26,9.35,9.26,9.34,55181.75
2026-04-13 19:30:00,9.33,9.4,9.33,9.37,58386.89
2026-04-13 19:45:00,9.37,9.42,9.37,9.4,44095.42
2026-04-13 20:00:00,9.41,9.42,9.36,9.37,46931.62
2026-04-13 20:15:00,9.37,9.38,9.31,9.32,24953.0
2026-04-13 20:30:00,9.32,9.33,9.28,9.31,31539.7
2026-04-13 20:45:00,9.32,9.33,9.27,9.3,17754.43
2026-04-13 21:00:00,9.3,9.3,9.25,9.29,35393.76
2026-04-13 21:15:00,9.29,9.31,9.28,9.3,14373.66
2026-04-13 21:30:00,9.3,9.33,9.28,9.32,19072.3
2026-04-13 21:45:00,9.32,9.33,9.3,9.32,15737.8
2026-04-13 22:00:00,9.31,9.44,9.31,9.42,41190.86
2026-04-13 22:15:00,9.42,9.54,9.41,9.51,249258.63
2026-04-13 22:30:00,9.51,9.57,9.51,9.55,112470.45
2026-04-13 22:45:00,9.55,9.62,9.53,9.59,106475.88
2026-04-13 23:00:00,9.6,9.65,9.56,9.62,103696.95
2026-04-13 23:15:00,9.63,9.71,9.57,9.69,186108.96
2026-04-13 23:30:00,9.7,9.71,9.66,9.66,66480.75
2026-04-13 23:45:00,9.66,9.68,9.64,9.66,73483.51
2026-04-14 00:00:00,9.66,9.71,9.62,9.63,88978.39
2026-04-14 00:15:00,9.62,9.63,9.53,9.54,44888.83
2026-04-14 00:30:00,9.54,9.57,9.5,9.54,42652.45
2026-04-14 00:45:00,9.55,9.55,9.49,9.51,36979.03
2026-04-14 01:00:00,9.51,9.51,9.46,9.5,36514.23
2026-04-14 01:15:00,9.5,9.51,9.48,9.5,13258.38
2026-04-14 01:30:00,9.5,9.53,9.48,9.53,41170.75
2026-04-14 01:45:00,9.52,9.54,9.49,9.5,14669.07
2026-04-14 02:00:00,9.5,9.5,9.47,9.48,39571.79
2026-04-14 02:15:00,9.47,9.49,9.46,9.46,28785.4
2026-04-14 02:30:00,9.46,9.48,9.43,9.48,31957.64
2026-04-14 02:45:00,9.47,9.48,9.46,9.46,32675.65
2026-04-14 03:00:00,9.45,9.47,9.45,9.45,3239.95
2026-04-14 03:15:00,9.45,9.47,9.43,9.46,19665.6
2026-04-14 03:30:00,9.46,9.49,9.45,9.48,33768.18
2026-04-14 03:45:00,9.49,9.49,9.45,9.46,9900.73
2026-04-14 04:00:00,9.45,9.47,9.44,9.45,16002.6
2026-04-14 04:15:00,9.45,9.47,9.44,9.46,13472.59
2026-04-14 04:30:00,9.45,9.46,9.43,9.43,12705.69
2026-04-14 04:45:00,9.44,9.46,9.43,9.45,25490.46
2026-04-14 05:00:00,9.45,9.45,9.42,9.42,27630.25
2026-04-14 05:15:00,9.41,9.43,9.4,9.42,18465.79
2026-04-14 05:30:00,9.43,9.43,9.4,9.41,20800.28
2026-04-14 05:45:00,9.41,9.42,9.37,9.39,30652.53
2026-04-14 06:00:00,9.38,9.41,9.38,9.39,27593.7
2026-04-14 06:15:00,9.39,9.42,9.39,9.41,10316.9
2026-04-14 06:30:00,9.4,9.44,9.39,9.41,16022.44
2026-04-14 06:45:00,9.41,9.44,9.4,9.42,16583.38
2026-04-14 07:00:00,9.42,9.46,9.4,9.45,44655.08
2026-04-14 07:15:00,9.45,9.46,9.41,9.42,27268.78
2026-04-14 07:30:00,9.43,9.44,9.4,9.4,19666.45
2026-04-14 07:45:00,9.41,9.42,9.39,9.42,17042.04
2026-04-14 08:00:00,9.42,9.42,9.39,9.4,13082.34
2026-04-14 08:15:00,9.4,9.41,9.39,9.41,16128.91
2026-04-14 08:30:00,9.41,9.46,9.4,9.43,45153.08
2026-04-14 08:45:00,9.43,9.45,9.42,9.45,34277.22
2026-04-14 09:00:00,9.44,9.45,9.42,9.42,12060.42
2026-04-14 09:15:00,9.42,9.42,9.39,9.4,35302.72
2026-04-14 09:30:00,9.4,9.43,9.39,9.41,20233.96
2026-04-14 09:45:00,9.41,9.43,9.39,9.43,11626.43
2026-04-14 10:00:00,9.42,9.43,9.4,9.42,7292.17
2026-04-14 10:15:00,9.42,9.45,9.42,9.43,18698.81
2026-04-14 10:30:00,9.43,9.45,9.41,9.42,24284.34
2026-04-14 10:45:00,9.42,9.42,9.4,9.41,8546.88
2026-04-14 11:00:00,9.41,9.41,9.39,9.4,18505.49
2026-04-14 11:15:00,9.41,9.41,9.39,9.39,13267.86
2026-04-14 11:30:00,9.39,9.4,9.38,9.39,19484.38
2026-04-14 11:45:00,9.39,9.41,9.38,9.39,34656.2
2026-04-14 12:00:00,9.39,9.39,9.37,9.38,21682.4
2026-04-14 12:15:00,9.38,9.4,9.38,9.38,14133.16
2026-04-14 12:30:00,9.39,9.4,9.37,9.38,20229.89
2026-04-14 12:45:00,9.38,9.39,9.36,9.38,15152.09
2026-04-14 13:00:00,9.38,9.41,9.37,9.39,26060.81
2026-04-14 13:15:00,9.39,9.42,9.37,9.39,50242.6
2026-04-14 13:30:00,9.4,9.48,9.39,9.47,57221.17
2026-04-14 13:45:00,9.47,9.5,9.45,9.49,55796.1
2026-04-14 14:00:00,9.5,9.53,9.44,9.47,69507.26
2026-04-14 14:15:00,9.48,9.5,9.45,9.48,47924.84
2026-04-14 14:30:00,9.48,9.54,9.4,9.41,103335.87
2026-04-14 14:45:00,9.41,9.44,9.39,9.39,34238.44
2026-04-14 15:00:00,9.4,9.4,9.28,9.31,121683.74
2026-04-14 15:15:00,9.32,9.34,9.29,9.31,72795.78
2026-04-14 15:30:00,9.31,9.43,9.31,9.43,34850.69
2026-04-14 15:45:00,9.43,9.47,9.42,9.42,22662.14
2026-04-14 16:00:00,9.42,9.49,9.42,9.47,55562.26
2026-04-14 16:15:00,9.47,9.48,9.42,9.45,40952.73
2026-04-14 16:30:00,9.45,9.48,9.43,9.46,54984.6
2026-04-14 16:45:00,9.46,9.47,9.37,9.39,42045.06
2026-04-14 17:00:00,9.39,9.44,9.38,9.41,25160.49
2026-04-14 17:15:00,9.41,9.45,9.39,9.39,14118.28
2026-04-14 17:30:00,9.39,9.4,9.32,9.36,52391.32
2026-04-14 17:45:00,9.35,9.38,9.34,9.38,23148.87
2026-04-14 18:00:00,9.38,9.4,9.36,9.37,14492.13
2026-04-14 18:15:00,9.37,9.37,9.3,9.32,36172.41
2026-04-14 18:30:00,9.31,9.34,9.27,9.29,44543.94
2026-04-14 18:45:00,9.3,9.31,9.21,9.25,108575.77
2026-04-14 19:00:00,9.25,9.32,9.25,9.3,42836.95
2026-04-14 19:15:00,9.3,9.32,9.25,9.32,30780.54
2026-04-14 19:30:00,9.32,9.34,9.31,9.33,45693.42
2026-04-14 19:45:00,9.33,9.35,9.33,9.35,16039.3
2026-04-14 20:00:00,9.36,9.38,9.33,9.36,41188.62
2026-04-14 20:15:00,9.37,9.37,9.31,9.34,18956.1
2026-04-14 20:30:00,9.33,9.34,9.3,9.32,10048.68
2026-04-14 20:45:00,9.33,9.34,9.31,9.32,20750.68
2026-04-14 21:00:00,9.33,9.38,9.32,9.38,43300.86
2026-04-14 21:15:00,9.38,9.39,9.35,9.37,208014.48
2026-04-14 21:30:00,9.38,9.38,9.35,9.37,49990.31
2026-04-14 21:45:00,9.36,9.38,9.35,9.37,44602.03
2026-04-14 22:00:00,9.36,9.39,9.33,9.37,61888.23
2026-04-14 22:15:00,9.37,9.38,9.33,9.33,28363.06
2026-04-14 22:30:00,9.33,9.34,9.29,9.29,52861.12
2026-04-14 22:45:00,9.29,9.32,9.29,9.31,17876.34
2026-04-14 23:00:00,9.31,9.32,9.27,9.29,20780.05
2026-04-14 23:15:00,9.29,9.33,9.29,9.31,25692.62
2026-04-14 23:30:00,9.31,9.33,9.3,9.32,9317.65
2026-04-14 23:45:00,9.32,9.33,9.3,9.31,11748.86
2026-04-15 00:00:00,9.3,9.38,9.3,9.34,31871.75
2026-04-15 00:15:00,9.34,9.36,9.32,9.34,17330.21
2026-04-15 00:30:00,9.35,9.35,9.32,9.34,14581.26
2026-04-15 00:45:00,9.34,9.35,9.31,9.34,19894.9
2026-04-15 01:00:00,9.33,9.37,9.32,9.35,25564.66
2026-04-15 01:15:00,9.36,9.36,9.33,9.35,11756.44
2026-04-15 01:30:00,9.35,9.36,9.33,9.36,23035.96
2026-04-15 01:45:00,9.37,9.39,9.35,9.36,15021.06
2026-04-15 02:00:00,9.37,9.39,9.35,9.36,12380.42
2026-04-15 02:15:00,9.36,9.37,9.33,9.34,10400.17
2026-04-15 02:30:00,9.34,9.34,9.28,9.3,13422.0
2026-04-15 02:45:00,9.3,9.33,9.29,9.32,14623.69
2026-04-15 03:00:00,9.32,9.32,9.29,9.3,15175.19
2026-04-15 03:15:00,9.3,9.36,9.29,9.34,12061.63
2026-04-15 03:30:00,9.35,9.35,9.3,9.32,16784.99
2026-04-15 03:45:00,9.32,9.35,9.32,9.35,14401.87
2026-04-15 04:00:00,9.35,9.4,9.34,9.4,35687.68
2026-04-15 04:15:00,9.4,9.45,9.37,9.39,88003.63
2026-04-15 04:30:00,9.39,9.42,9.37,9.39,58765.62
2026-04-15 04:45:00,9.38,9.41,9.38,9.41,18433.29
2026-04-15 05:00:00,9.41,9.45,9.39,9.4,25708.66
2026-04-15 05:15:00,9.39,9.41,9.36,9.38,23199.79
2026-04-15 05:30:00,9.37,9.37,9.32,9.33,33986.74
2026-04-15 05:45:00,9.34,9.35,9.32,9.35,9839.52
2026-04-15 06:00:00,9.34,9.34,9.31,9.33,24161.39
2026-04-15 06:15:00,9.33,9.33,9.29,9.32,17111.9
2026-04-15 06:30:00,9.32,9.33,9.3,9.31,7342.97
2026-04-15 06:45:00,9.31,9.32,9.29,9.31,5834.01
2026-04-15 07:00:00,9.31,9.33,9.28,9.33,31908.37
2026-04-15 07:15:00,9.32,9.32,9.27,9.31,24433.9
2026-04-15 07:30:00,9.31,9.31,9.27,9.27,36331.13
2026-04-15 07:45:00,9.28,9.29,9.26,9.27,27395.05
2026-04-15 08:00:00,9.27,9.3,9.26,9.3,21535.62
2026-04-15 08:15:00,9.3,9.36,9.3,9.35,15215.64
2026-04-15 08:30:00,9.34,9.4,9.34,9.36,28675.61
2026-04-15 08:45:00,9.36,9.37,9.34,9.35,24990.01
2026-04-15 09:00:00,9.36,9.37,9.32,9.35,19696.51
2026-04-15 09:15:00,9.35,9.35,9.31,9.32,9117.03
2026-04-15 09:30:00,9.33,9.33,9.3,9.32,11483.76
2026-04-15 09:45:00,9.31,9.33,9.31,9.32,7874.12
2026-04-15 10:00:00,9.32,9.37,9.32,9.34,13991.8
2026-04-15 10:15:00,9.35,9.35,9.31,9.31,7709.8
2026-04-15 10:30:00,9.31,9.36,9.29,9.35,14967.89
2026-04-15 10:45:00,9.36,9.4,9.33,9.34,23924.34
2026-04-15 11:00:00,9.34,9.39,9.34,9.38,9299.31
2026-04-15 11:15:00,9.38,9.39,9.36,9.37,10694.15
2026-04-15 11:30:00,9.37,9.39,9.35,9.39,11048.01
2026-04-15 11:45:00,9.38,9.46,9.38,9.43,78290.45
2026-04-15 12:00:00,9.42,9.44,9.38,9.39,36895.49
2026-04-15 12:15:00,9.39,9.41,9.39,9.41,9559.15
2026-04-15 12:30:00,9.4,9.44,9.4,9.43,20346.83
2026-04-15 12:45:00,9.43,9.44,9.42,9.44,23257.49
2026-04-15 13:00:00,9.43,9.44,9.39,9.41,19730.18
2026-04-15 13:15:00,9.41,9.45,9.4,9.44,11264.71
2026-04-15 13:30:00,9.44,9.44,9.36,9.37,40186.42
2026-04-15 13:45:00,9.37,9.42,9.36,9.39,25320.42
2026-04-15 14:00:00,9.39,9.41,9.38,9.41,22053.27
2026-04-15 14:15:00,9.41,9.45,9.4,9.45,19686.45
2026-04-15 14:30:00,9.44,9.47,9.38,9.39,27624.81
2026-04-15 14:45:00,9.4,9.46,9.39,9.45,21376.55
2026-04-15 15:00:00,9.46,9.46,9.38,9.43,28903.08
2026-04-15 15:15:00,9.44,9.44,9.38,9.39,15847.51
2026-04-15 15:30:00,9.39,9.39,9.33,9.35,40100.48
2026-04-15 15:45:00,9.34,9.37,9.33,9.37,27673.33
2026-04-15 16:00:00,9.36,9.43,9.36,9.43,18502.27
2026-04-15 16:15:00,9.44,9.45,9.42,9.44,19774.81
2026-04-15 16:30:00,9.43,9.46,9.42,9.44,23157.47
2026-04-15 16:45:00,9.43,9.45,9.4,9.43,21843.17
2026-04-15 17:00:00,9.44,9.48,9.43,9.45,22775.11
2026-04-15 17:15:00,9.44,9.48,9.43,9.45,31782.1
2026-04-15 17:30:00,9.46,9.47,9.4,9.42,10464.33
2026-04-15 17:45:00,9.42,9.47,9.42,9.45,14577.43
2026-04-15 18:00:00,9.45,9.5,9.44,9.48,42648.58
2026-04-15 18:15:00,9.47,9.49,9.44,9.45,35079.89
2026-04-15 18:30:00,9.45,9.47,9.45,9.47,9622.58
2026-04-15 18:45:00,9.47,9.49,9.46,9.47,14152.18
2026-04-15 19:00:00,9.47,9.5,9.45,9.48,24563.21
2026-04-15 19:15:00,9.48,9.49,9.47,9.48,21110.66
2026-04-15 19:30:00,9.48,9.57,9.48,9.53,61961.44
2026-04-15 19:45:00,9.53,9.55,9.52,9.53,52371.16
2026-04-15 20:00:00,9.53,9.54,9.46,9.49,22416.09
2026-04-15 20:15:00,9.48,9.49,9.45,9.49,22314.59
2026-04-15 20:30:00,9.49,9.52,9.47,9.49,23891.87
2026-04-15 20:45:00,9.48,9.49,9.47,9.47,11758.24
2026-04-15 21:00:00,9.47,9.48,9.46,9.46,7581.31
2026-04-15 21:15:00,9.46,9.46,9.43,9.44,14499.82
2026-04-15 21:30:00,9.44,9.49,9.44,9.47,6953.0
2026-04-15 21:45:00,9.47,9.51,9.47,9.5,9469.12
2026-04-15 22:00:00,9.5,9.56,9.49,9.53,55284.97
2026-04-15 22:15:00,9.53,9.53,9.49,9.5,9581.83
2026-04-15 22:30:00,9.5,9.56,9.49,9.52,31361.59
2026-04-15 22:45:00,9.51,9.53,9.48,9.49,17228.8
2026-04-15 23:00:00,9.48,9.48,9.44,9.45,16032.6
2026-04-15 23:15:00,9.44,9.44,9.4,9.42,36246.21
2026-04-15 23:30:00,9.41,9.42,9.39,9.4,25690.73
2026-04-15 23:45:00,9.41,9.44,9.41,9.43,10959.14
2026-04-16 00:00:00,9.44,9.45,9.4,9.4,18274.08
2026-04-16 00:15:00,9.4,9.41,9.37,9.39,4093.78
2026-04-16 00:30:00,9.39,9.42,9.39,9.41,14285.55
2026-04-16 00:45:00,9.41,9.41,9.38,9.4,31859.56
2026-04-16 01:00:00,9.41,9.41,9.35,9.37,22992.78
2026-04-16 01:15:00,9.36,9.39,9.35,9.36,25170.83
2026-04-16 01:30:00,9.36,9.4,9.36,9.38,14363.01
2026-04-16 01:45:00,9.39,9.39,9.35,9.37,18690.33
2026-04-16 02:00:00,9.37,9.41,9.37,9.39,19756.45
2026-04-16 02:15:00,9.38,9.43,9.37,9.43,8893.41
2026-04-16 02:30:00,9.43,9.49,9.43,9.49,26447.33
2026-04-16 02:45:00,9.48,9.49,9.43,9.44,46681.91
2026-04-16 03:00:00,9.44,9.47,9.43,9.47,31599.66
2026-04-16 03:15:00,9.47,9.48,9.42,9.43,39420.79
2026-04-16 03:30:00,9.42,9.47,9.41,9.46,46737.27
2026-04-16 03:45:00,9.46,9.51,9.45,9.49,22668.48
2026-04-16 04:00:00,9.49,9.54,9.48,9.52,33535.92
2026-04-16 04:15:00,9.52,9.53,9.5,9.51,17424.68
2026-04-16 04:30:00,9.51,9.55,9.5,9.53,25606.01
2026-04-16 04:45:00,9.53,9.54,9.47,9.48,55537.5
2026-04-16 05:00:00,9.49,9.5,9.46,9.46,13710.61
2026-04-16 05:15:00,9.47,9.5,9.46,9.5,15368.06
2026-04-16 05:30:00,9.5,9.52,9.48,9.49,15695.22
2026-04-16 05:45:00,9.5,9.52,9.49,9.49,9314.47
2026-04-16 06:00:00,9.5,9.54,9.5,9.52,20837.95
2026-04-16 06:15:00,9.51,9.53,9.5,9.51,12818.78
2026-04-16 06:30:00,9.52,9.54,9.51,9.52,11647.5
2026-04-16 06:45:00,9.52,9.57,9.52,9.56,23713.09
2026-04-16 07:00:00,9.57,9.61,9.55,9.59,52171.55
2026-04-16 07:15:00,9.58,9.62,9.56,9.56,65216.69
2026-04-16 07:30:00,9.56,9.57,9.53,9.55,24767.16
2026-04-16 07:45:00,9.55,9.55,9.49,9.51,29671.26
2026-04-16 08:00:00,9.51,9.52,9.47,9.47,25990.76
2026-04-16 08:15:00,9.47,9.51,9.47,9.49,25842.19
2026-04-16 08:30:00,9.48,9.5,9.46,9.48,18252.49
2026-04-16 08:45:00,9.48,9.5,9.44,9.45,25833.91
2026-04-16 09:00:00,9.44,9.47,9.43,9.47,12034.34
2026-04-16 09:15:00,9.47,9.51,9.47,9.48,18972.28
2026-04-16 09:30:00,9.49,9.49,9.44,9.45,5406.61
2026-04-16 09:45:00,9.44,9.46,9.43,9.43,13551.87
2026-04-16 10:00:00,9.43,9.45,9.36,9.36,45330.91
2026-04-16 10:15:00,9.37,9.4,9.35,9.38,33284.99
2026-04-16 10:30:00,9.38,9.42,9.38,9.41,17080.72
2026-04-16 10:45:00,9.41,9.42,9.39,9.41,13969.1
2026-04-16 11:00:00,9.41,9.41,9.38,9.39,14906.69
2026-04-16 11:15:00,9.39,9.42,9.39,9.42,14656.94
2026-04-16 11:30:00,9.42,9.45,9.41,9.43,32494.58
2026-04-16 11:45:00,9.44,9.48,9.43,9.46,17787.99
2026-04-16 12:00:00,9.47,9.56,9.47,9.55,58561.92
2026-04-16 12:15:00,9.55,9.56,9.5,9.51,29993.32
2026-04-16 12:30:00,9.51,9.53,9.48,9.53,26742.32
2026-04-16 12:45:00,9.53,9.53,9.49,9.5,13699.46
2026-04-16 13:00:00,9.51,9.6,9.49,9.59,42526.52
2026-04-16 13:15:00,9.59,9.62,9.57,9.58,55822.12
2026-04-16 13:30:00,9.58,9.59,9.54,9.56,59940.63
2026-04-16 13:45:00,9.56,9.56,9.31,9.41,127848.5
2026-04-16 14:00:00,9.41,9.42,9.35,9.35,87909.78
2026-04-16 14:15:00,9.35,9.37,9.26,9.31,106960.14
2026-04-16 14:30:00,9.31,9.37,9.3,9.35,35498.43
2026-04-16 14:45:00,9.36,9.42,9.35,9.4,25734.0
2026-04-16 15:00:00,9.4,9.52,9.39,9.48,69541.21
2026-04-16 15:15:00,9.48,9.53,9.47,9.47,80382.98
2026-04-16 15:30:00,9.47,9.6,9.46,9.57,106952.73
2026-04-16 15:45:00,9.57,9.61,9.55,9.58,78479.95
2026-04-16 16:00:00,9.59,9.65,9.58,9.59,95351.73
2026-04-16 16:15:00,9.59,9.63,9.52,9.53,66234.37
2026-04-16 16:30:00,9.53,9.55,9.47,9.49,52451.08
2026-04-16 16:45:00,9.49,9.5,9.42,9.46,58885.55
2026-04-16 17:00:00,9.46,9.48,9.43,9.43,63478.5
2026-04-16 17:15:00,9.43,9.52,9.41,9.51,33810.66
2026-04-16 17:30:00,9.51,9.55,9.48,9.53,24020.73
2026-04-16 17:45:00,9.54,9.55,9.5,9.53,37399.41
2026-04-16 18:00:00,9.52,9.55,9.49,9.52,51907.89
2026-04-16 18:15:00,9.52,9.59,9.51,9.59,101718.63
2026-04-16 18:30:00,9.59,9.68,9.56,9.66,100594.54
2026-04-16 18:45:00,9.67,9.85,9.66,9.78,249667.27
2026-04-16 19:00:00,9.78,9.8,9.75,9.77,100367.97
2026-04-16 19:15:00,9.77,9.79,9.74,9.77,76813.66
2026-04-16 19:30:00,9.77,9.86,9.77,9.84,76292.09
2026-04-16 19:45:00,9.83,9.87,9.82,9.86,65083.57
2026-04-16 20:00:00,9.85,9.89,9.79,9.82,89273.77
2026-04-16 20:15:00,9.81,9.82,9.7,9.73,51857.9
2026-04-16 20:30:00,9.74,9.74,9.67,9.68,55715.84
2026-04-16 20:45:00,9.67,9.71,9.66,9.7,21721.45
2026-04-16 21:00:00,9.7,9.74,9.69,9.71,33421.18
2026-04-16 21:15:00,9.71,9.74,9.65,9.69,37860.89
2026-04-16 21:30:00,9.68,9.72,9.68,9.71,39992.11
2026-04-16 21:45:00,9.7,9.73,9.69,9.73,20219.15
2026-04-16 22:00:00,9.73,9.77,9.72,9.73,27459.62
2026-04-16 22:15:00,9.73,9.74,9.68,9.73,19783.68
2026-04-16 22:30:00,9.73,9.74,9.71,9.73,16645.6
2026-04-16 22:45:00,9.72,9.76,9.71,9.71,11345.76
2026-04-16 23:00:00,9.71,9.72,9.69,9.71,13366.74
2026-04-16 23:15:00,9.7,9.74,9.69,9.72,16905.88
2026-04-16 23:30:00,9.72,9.78,9.72,9.75,22509.63
2026-04-16 23:45:00,9.74,9.74,9.71,9.73,18494.0
2026-04-17 00:00:00,9.72,9.75,9.68,9.69,26314.71
2026-04-17 00:15:00,9.69,9.71,9.67,9.67,19310.9
2026-04-17 00:30:00,9.67,9.7,9.67,9.68,17558.02
2026-04-17 00:45:00,9.68,9.7,9.67,9.69,17200.73
2026-04-17 01:00:00,9.69,9.72,9.69,9.69,14489.9
2026-04-17 01:15:00,9.7,9.71,9.63,9.64,66341.13
2026-04-17 01:30:00,9.64,9.68,9.6,9.63,30862.69
2026-04-17 01:45:00,9.64,9.66,9.6,9.64,28502.41
2026-04-17 02:00:00,9.63,9.65,9.61,9.63,21380.82
2026-04-17 02:15:00,9.63,9.63,9.56,9.56,30852.64
2026-04-17 02:30:00,9.56,9.62,9.55,9.61,27154.29
2026-04-17 02:45:00,9.6,9.62,9.58,9.59,20749.01
2026-04-17 03:00:00,9.58,9.59,9.55,9.58,17639.21
2026-04-17 03:15:00,9.58,9.59,9.56,9.56,9705.02
2026-04-17 03:30:00,9.56,9.59,9.54,9.58,11929.73
2026-04-17 03:45:00,9.58,9.59,9.55,9.55,7487.35
2026-04-17 04:00:00,9.55,9.57,9.54,9.55,16186.14
2026-04-17 04:15:00,9.56,9.58,9.55,9.56,11866.22
2026-04-17 04:30:00,9.56,9.59,9.55,9.56,12421.63
2026-04-17 04:45:00,9.56,9.57,9.53,9.55,28021.94
2026-04-17 05:00:00,9.55,9.56,9.45,9.48,48664.26
2026-04-17 05:15:00,9.47,9.49,9.46,9.47,19851.55
2026-04-17 05:30:00,9.46,9.49,9.45,9.47,17708.88
2026-04-17 05:45:00,9.47,9.48,9.45,9.45,12872.95
2026-04-17 06:00:00,9.45,9.48,9.45,9.46,14621.36
2026-04-17 06:15:00,9.46,9.49,9.46,9.49,33863.3
2026-04-17 06:30:00,9.49,9.55,9.48,9.54,18052.42
2026-04-17 06:45:00,9.53,9.58,9.53,9.56,27945.03
2026-04-17 07:00:00,9.57,9.61,9.56,9.6,39020.25
2026-04-17 07:15:00,9.6,9.62,9.58,9.62,12559.34
2026-04-17 07:30:00,9.62,9.62,9.59,9.61,19308.4
2026-04-17 07:45:00,9.6,9.63,9.59,9.62,13079.08
2026-04-17 08:00:00,9.63,9.66,9.62,9.65,23346.42
2026-04-17 08:15:00,9.65,9.65,9.62,9.63,12162.6
2026-04-17 08:30:00,9.63,9.69,9.63,9.66,17415.84
2026-04-17 08:45:00,9.66,9.71,9.65,9.67,41437.58
2026-04-17 09:00:00,9.67,9.67,9.61,9.63,32002.72
2026-04-17 09:15:00,9.64,9.74,9.6,9.71,88678.85
2026-04-17 09:30:00,9.72,9.72,9.6,9.65,38457.1
2026-04-17 09:45:00,9.65,9.69,9.63,9.68,17877.99
2026-04-17 10:00:00,9.68,9.71,9.62,9.64,22908.72
2026-04-17 10:15:00,9.64,9.66,9.57,9.57,37417.56
2026-04-17 10:30:00,9.58,9.59,9.51,9.52,40520.95
2026-04-17 10:45:00,9.52,9.56,9.5,9.55,26541.38
2026-04-17 11:00:00,9.54,9.57,9.53,9.54,21235.48
2026-04-17 11:15:00,9.55,9.63,9.55,9.63,27125.62
2026-04-17 11:30:00,9.64,9.67,9.63,9.64,23924.41
2026-04-17 11:45:00,9.64,9.68,9.64,9.65,20698.92
2026-04-17 12:00:00,9.66,9.68,9.61,9.65,21638.29
2026-04-17 12:15:00,9.65,9.68,9.62,9.65,22193.89
2026-04-17 12:30:00,9.65,9.67,9.63,9.66,26071.44
2026-04-17 12:45:00,9.66,9.76,9.65,9.74,77643.12
2026-04-17 13:00:00,9.73,9.85,9.71,9.84,97448.68
2026-04-17 13:15:00,9.84,9.92,9.82,9.87,102496.88
2026-04-17 13:30:00,9.88,9.91,9.8,9.89,146025.14
2026-04-17 13:45:00,9.89,9.91,9.82,9.9,119064.64
2026-04-17 14:00:00,9.89,9.94,9.87,9.89,95561.18
2026-04-17 14:15:00,9.89,9.91,9.86,9.87,82592.77
2026-04-17 14:30:00,9.87,10.01,9.87,9.95,103851.96
2026-04-17 14:45:00,9.96,9.97,9.9,9.94,66282.55
2026-04-17 15:00:00,9.94,9.94,9.83,9.87,48994.27
2026-04-17 15:15:00,9.88,9.91,9.83,9.84,41682.43
2026-04-17 15:30:00,9.84,9.84,9.75,9.77,41774.23
2026-04-17 15:45:00,9.78,9.82,9.77,9.82,40311.31
2026-04-17 16:00:00,9.81,9.85,9.8,9.81,45582.26
2026-04-17 16:15:00,9.82,9.9,9.8,9.86,79337.15
2026-04-17 16:30:00,9.86,9.91,9.85,9.91,53299.53
2026-04-17 16:45:00,9.91,9.95,9.91,9.92,39424.0
2026-04-17 17:00:00,9.93,9.93,9.82,9.85,86015.76
2026-04-17 17:15:00,9.85,9.89,9.77,9.82,52587.58
2026-04-17 17:30:00,9.82,9.88,9.82,9.84,33290.2
2026-04-17 17:45:00,9.84,9.88,9.82,9.84,28252.44
2026-04-17 18:00:00,9.84,9.85,9.74,9.75,58567.99
2026-04-17 18:15:00,9.75,9.8,9.74,9.78,31657.63
2026-04-17 18:30:00,9.78,9.82,9.77,9.81,21576.39
2026-04-17 18:45:00,9.81,9.82,9.75,9.77,9448.15
2026-04-17 19:00:00,9.77,9.79,9.75,9.79,25414.36
2026-04-17 19:15:00,9.79,9.83,9.78,9.81,18413.06
2026-04-17 19:30:00,9.81,9.84,9.8,9.81,10874.58
2026-04-17 19:45:00,9.81,9.81,9.78,9.79,20398.0
2026-04-17 20:00:00,9.79,9.83,9.79,9.82,26560.49
2026-04-17 20:15:00,9.82,9.82,9.79,9.79,5061.89
2026-04-17 20:30:00,9.79,9.79,9.72,9.75,38823.8
2026-04-17 20:45:00,9.74,9.79,9.74,9.79,10495.05
2026-04-17 21:00:00,9.78,9.83,9.78,9.81,14858.92
2026-04-17 21:15:00,9.8,9.85,9.79,9.81,16014.78
2026-04-17 21:30:00,9.81,9.82,9.76,9.8,17986.08
2026-04-17 21:45:00,9.8,9.81,9.79,9.79,15409.22
2026-04-17 22:00:00,9.79,9.81,9.78,9.79,17067.56
2026-04-17 22:15:00,9.8,9.81,9.77,9.8,15491.32
2026-04-17 22:30:00,9.8,9.85,9.8,9.83,12652.28
2026-04-17 22:45:00,9.83,9.83,9.8,9.8,9219.12
2026-04-17 23:00:00,9.8,9.8,9.77,9.78,13043.78
2026-04-17 23:15:00,9.78,9.78,9.69,9.71,40426.57
2026-04-17 23:30:00,9.71,9.74,9.71,9.73,20620.24
2026-04-17 23:45:00,9.72,9.75,9.72,9.72,10714.69
2026-04-18 00:00:00,9.72,9.75,9.7,9.73,22116.05
2026-04-18 00:15:00,9.73,9.77,9.73,9.77,8410.06
2026-04-18 00:30:00,9.76,9.77,9.7,9.72,17301.84
2026-04-18 00:45:00,9.72,9.76,9.72,9.74,3445.79
2026-04-18 01:00:00,9.75,9.79,9.73,9.78,8431.22
2026-04-18 01:15:00,9.79,9.79,9.75,9.76,7596.15
2026-04-18 01:30:00,9.76,9.76,9.69,9.7,17235.33
2026-04-18 01:45:00,9.7,9.73,9.68,9.7,20105.35
2026-04-18 02:00:00,9.7,9.71,9.68,9.7,13226.5
2026-04-18 02:15:00,9.7,9.73,9.7,9.72,9246.32
2026-04-18 02:30:00,9.72,9.75,9.7,9.74,10149.61
2026-04-18 02:45:00,9.73,9.74,9.71,9.71,9334.43
2026-04-18 03:00:00,9.71,9.71,9.68,9.71,4116.58
2026-04-18 03:15:00,9.7,9.72,9.69,9.69,11249.58
2026-04-18 03:30:00,9.69,9.71,9.68,9.71,9726.48
2026-04-18 03:45:00,9.71,9.71,9.63,9.64,49359.97
2026-04-18 04:00:00,9.65,9.68,9.62,9.68,64801.93
2026-04-18 04:15:00,9.67,9.68,9.65,9.66,12036.95
2026-04-18 04:30:00,9.65,9.67,9.63,9.64,15973.01
2026-04-18 04:45:00,9.64,9.67,9.64,9.66,8546.96
2026-04-18 05:00:00,9.66,9.72,9.66,9.71,15500.07
2026-04-18 05:15:00,9.72,9.72,9.69,9.7,6308.79
2026-04-18 05:30:00,9.7,9.71,9.66,9.68,16627.32
2026-04-18 05:45:00,9.68,9.72,9.67,9.7,16447.12
2026-04-18 06:00:00,9.69,9.72,9.69,9.7,8003.74
2026-04-18 06:15:00,9.7,9.7,9.65,9.67,13260.98
2026-04-18 06:30:00,9.67,9.71,9.67,9.71,6171.6
2026-04-18 06:45:00,9.72,9.73,9.69,9.69,8249.73
2026-04-18 07:00:00,9.69,9.71,9.68,9.71,18054.38
2026-04-18 07:15:00,9.71,9.72,9.69,9.71,15363.24
2026-04-18 07:30:00,9.71,9.74,9.7,9.72,11342.91
2026-04-18 07:45:00,9.72,9.73,9.69,9.7,21195.36
2026-04-18 08:00:00,9.7,9.71,9.67,9.67,12423.96
2026-04-18 08:15:00,9.67,9.67,9.57,9.58,74091.43
2026-04-18 08:30:00,9.58,9.6,9.51,9.53,65753.3
2026-04-18 08:45:00,9.52,9.58,9.52,9.56,23241.3
2026-04-18 09:00:00,9.56,9.56,9.48,9.51,40703.6
2026-04-18 09:15:00,9.51,9.55,9.49,9.54,40245.82
2026-04-18 09:30:00,9.55,9.57,9.53,9.55,11948.13
2026-04-18 09:45:00,9.55,9.56,9.52,9.53,11773.63
2026-04-18 10:00:00,9.53,9.53,9.42,9.46,88040.06
2026-04-18 10:15:00,9.45,9.47,9.44,9.45,34873.45
2026-04-18 10:30:00,9.44,9.46,9.42,9.43,28834.7
2026-04-18 10:45:00,9.44,9.45,9.42,9.43,30445.84
2026-04-18 11:00:00,9.44,9.44,9.37,9.37,59969.16
2026-04-18 11:15:00,9.38,9.42,9.37,9.42,18685.41
2026-04-18 11:30:00,9.41,9.43,9.35,9.37,42902.47
2026-04-18 11:45:00,9.37,9.41,9.36,9.4,16005.98
2026-04-18 12:00:00,9.39,9.42,9.38,9.41,25254.27
2026-04-18 12:15:00,9.4,9.41,9.38,9.4,17661.76
2026-04-18 12:30:00,9.4,9.42,9.38,9.4,13880.8
2026-04-18 12:45:00,9.4,9.42,9.38,9.41,22617.93
2026-04-18 13:00:00,9.42,9.43,9.39,9.39,17666.56
2026-04-18 13:15:00,9.4,9.41,9.37,9.39,19336.79
2026-04-18 13:30:00,9.38,9.39,9.33,9.35,32916.33
2026-04-18 13:45:00,9.35,9.41,9.35,9.4,14149.29
2026-04-18 14:00:00,9.39,9.41,9.38,9.4,14296.61
2026-04-18 14:15:00,9.41,9.42,9.37,9.41,34653.51
2026-04-18 14:30:00,9.41,9.44,9.41,9.41,16635.38
2026-04-18 14:45:00,9.42,9.43,9.41,9.43,11907.95
2026-04-18 15:00:00,9.42,9.45,9.41,9.43,20613.5
2026-04-18 15:15:00,9.43,9.44,9.42,9.43,40073.88
2026-04-18 15:30:00,9.43,9.43,9.4,9.41,9851.82
2026-04-18 15:45:00,9.41,9.42,9.39,9.4,12922.3
2026-04-18 16:00:00,9.41,9.42,9.38,9.41,12521.16
2026-04-18 16:15:00,9.41,9.44,9.36,9.41,54018.91
2026-04-18 16:30:00,9.42,9.43,9.39,9.41,11942.92
2026-04-18 16:45:00,9.4,9.41,9.37,9.39,20491.61
2026-04-18 17:00:00,9.39,9.39,9.35,9.36,21507.25
2026-04-18 17:15:00,9.37,9.4,9.37,9.4,23793.51
2026-04-18 17:30:00,9.39,9.41,9.39,9.4,6776.86
2026-04-18 17:45:00,9.41,9.42,9.39,9.39,14594.59
2026-04-18 18:00:00,9.39,9.4,9.37,9.39,14668.81
2026-04-18 18:15:00,9.39,9.39,9.36,9.37,19569.97
2026-04-18 18:30:00,9.37,9.38,9.3,9.33,62379.93
2026-04-18 18:45:00,9.33,9.37,9.32,9.34,42862.28
2026-04-18 19:00:00,9.33,9.4,9.33,9.39,23133.69
2026-04-18 19:15:00,9.38,9.4,9.36,9.37,9213.11
2026-04-18 19:30:00,9.37,9.37,9.35,9.36,10919.89
2026-04-18 19:45:00,9.36,9.39,9.35,9.38,7122.26
2026-04-18 20:00:00,9.38,9.38,9.35,9.37,13927.47
2026-04-18 20:15:00,9.38,9.38,9.36,9.38,15146.51
2026-04-18 20:30:00,9.38,9.39,9.36,9.38,27822.72
2026-04-18 20:45:00,9.38,9.42,9.38,9.4,20845.62
2026-04-18 21:00:00,9.4,9.41,9.38,9.38,7464.49
2026-04-18 21:15:00,9.38,9.4,9.37,9.39,16833.1
2026-04-18 21:30:00,9.39,9.4,9.37,9.39,16964.14
2026-04-18 21:45:00,9.39,9.4,9.38,9.39,8208.08
2026-04-18 22:00:00,9.4,9.4,9.35,9.35,13688.1
2026-04-18 22:15:00,9.36,9.37,9.35,9.37,10242.05
2026-04-18 22:30:00,9.37,9.39,9.36,9.37,15633.76
2026-04-18 22:45:00,9.37,9.4,9.37,9.39,7038.54
2026-04-18 23:00:00,9.38,9.4,9.38,9.38,18515.78
2026-04-18 23:15:00,9.38,9.38,9.36,9.36,11995.61
2026-04-18 23:30:00,9.36,9.37,9.33,9.34,13750.91
2026-04-18 23:45:00,9.34,9.35,9.32,9.33,8521.11
2026-04-19 00:00:00,9.33,9.34,9.32,9.32,9038.1
2026-04-19 00:15:00,9.32,9.32,9.28,9.29,33443.55
2026-04-19 00:30:00,9.29,9.3,9.27,9.27,21096.31
2026-04-19 00:45:00,9.28,9.31,9.28,9.3,10477.37
2026-04-19 01:00:00,9.3,9.33,9.28,9.3,29910.39
2026-04-19 01:15:00,9.29,9.3,9.27,9.27,7247.89
2026-04-19 01:30:00,9.27,9.28,9.25,9.27,20022.46
2026-04-19 01:45:00,9.27,9.29,9.26,9.28,10568.74
2026-04-19 02:00:00,9.28,9.28,9.26,9.26,13492.96
2026-04-19 02:15:00,9.27,9.28,9.21,9.22,46958.25
2026-04-19 02:30:00,9.23,9.29,9.21,9.28,37992.47
2026-04-19 02:45:00,9.27,9.29,9.26,9.27,33530.32
2026-04-19 03:00:00,9.28,9.3,9.24,9.29,41454.47
2026-04-19 03:15:00,9.3,9.32,9.29,9.3,16478.21
2026-04-19 03:30:00,9.3,9.33,9.29,9.32,18342.82
2026-04-19 03:45:00,9.32,9.33,9.29,9.3,20101.07
2026-04-19 04:00:00,9.29,9.32,9.29,9.32,12769.96
2026-04-19 04:15:00,9.31,9.33,9.31,9.31,4896.85
2026-04-19 04:30:00,9.31,9.31,9.25,9.26,40692.44
2026-04-19 04:45:00,9.27,9.31,9.26,9.29,14738.17
2026-04-19 05:00:00,9.3,9.32,9.28,9.28,29049.25
2026-04-19 05:15:00,9.29,9.3,9.28,9.3,2070.72
2026-04-19 05:30:00,9.29,9.31,9.29,9.29,12675.28
2026-04-19 05:45:00,9.29,9.29,9.26,9.27,10532.64
2026-04-19 06:00:00,9.27,9.28,9.24,9.24,19183.83
2026-04-19 06:15:00,9.24,9.28,9.23,9.27,23939.91
2026-04-19 06:30:00,9.27,9.31,9.27,9.3,11671.18
2026-04-19 06:45:00,9.31,9.31,9.28,9.28,5491.22
2026-04-19 07:00:00,9.28,9.28,9.22,9.24,23986.08
2026-04-19 07:15:00,9.23,9.24,9.14,9.15,78135.27
2026-04-19 07:30:00,9.15,9.2,9.13,9.19,94378.67
2026-04-19 07:45:00,9.18,9.23,9.18,9.22,25256.19
2026-04-19 08:00:00,9.21,9.22,9.19,9.21,21051.42
2026-04-19 08:15:00,9.2,9.21,9.18,9.18,11611.19
2026-04-19 08:30:00,9.19,9.21,9.18,9.21,19689.91
2026-04-19 08:45:00,9.2,9.21,9.18,9.2,10941.51
2026-04-19 09:00:00,9.2,9.22,9.2,9.21,11169.62
2026-04-19 09:15:00,9.21,9.21,9.17,9.19,37001.68
2026-04-19 09:30:00,9.19,9.2,9.17,9.19,18540.85
2026-04-19 09:45:00,9.18,9.19,9.17,9.18,4479.09
2026-04-19 10:00:00,9.17,9.18,9.15,9.16,16249.43
2026-04-19 10:15:00,9.16,9.19,9.15,9.17,19687.03
2026-04-19 10:30:00,9.17,9.19,9.17,9.19,12802.64
2026-04-19 10:45:00,9.18,9.2,9.18,9.18,13366.86
2026-04-19 11:00:00,9.18,9.28,9.17,9.25,58894.18
2026-04-19 11:15:00,9.25,9.27,9.23,9.23,18428.19
2026-04-19 11:30:00,9.24,9.26,9.23,9.23,18039.5
2026-04-19 11:45:00,9.24,9.25,9.22,9.25,20143.24
2026-04-19 12:00:00,9.25,9.27,9.24,9.26,34163.93
2026-04-19 12:15:00,9.26,9.28,9.24,9.25,24435.13
2026-04-19 12:30:00,9.24,9.26,9.24,9.25,8611.42
2026-04-19 12:45:00,9.26,9.29,9.25,9.27,13750.5
2026-04-19 13:00:00,9.27,9.3,9.26,9.29,19168.77
2026-04-19 13:15:00,9.29,9.36,9.28,9.33,48984.05
2026-04-19 13:30:00,9.34,9.35,9.3,9.32,20257.26
2026-04-19 13:45:00,9.32,9.32,9.29,9.29,13341.15
2026-04-19 14:00:00,9.3,9.3,9.24,9.28,37463.42
2026-04-19 14:15:00,9.28,9.34,9.27,9.32,27142.32
2026-04-19 14:30:00,9.33,9.34,9.29,9.33,27192.17
2026-04-19 14:45:00,9.33,9.36,9.31,9.32,24109.77
2026-04-19 15:00:00,9.31,9.32,9.28,9.28,27221.0
2026-04-19 15:15:00,9.29,9.32,9.27,9.29,18184.92
2026-04-19 15:30:00,9.29,9.3,9.2,9.24,41904.55
2026-04-19 15:45:00,9.24,9.28,9.22,9.28,23494.48
2026-04-19 16:00:00,9.29,9.29,9.25,9.26,32951.08
2026-04-19 16:15:00,9.27,9.27,9.23,9.25,28206.93
2026-04-19 16:30:00,9.25,9.27,9.24,9.25,21373.88
2026-04-19 16:45:00,9.25,9.27,9.21,9.22,37155.76
2026-04-19 17:00:00,9.22,9.24,9.17,9.21,52678.03
2026-04-19 17:15:00,9.21,9.22,9.19,9.2,19964.59
2026-04-19 17:30:00,9.2,9.22,9.16,9.19,38949.31
2026-04-19 17:45:00,9.19,9.2,9.14,9.15,53256.58
2026-04-19 18:00:00,9.15,9.18,9.13,9.16,30819.8
2026-04-19 18:15:00,9.17,9.19,9.15,9.18,43926.34
2026-04-19 18:30:00,9.18,9.18,9.15,9.17,18009.99
2026-04-19 18:45:00,9.16,9.18,9.14,9.18,16497.54
2026-04-19 19:00:00,9.18,9.22,9.17,9.21,31817.17
2026-04-19 19:15:00,9.21,9.24,9.2,9.22,22347.41
2026-04-19 19:30:00,9.22,9.22,9.18,9.18,18379.0
2026-04-19 19:45:00,9.18,9.2,9.18,9.2,9598.91
2026-04-19 20:00:00,9.19,9.2,9.15,9.16,12053.66
2026-04-19 20:15:00,9.16,9.17,9.15,9.17,17203.91
2026-04-19 20:30:00,9.16,9.19,9.13,9.14,30102.99
2026-04-19 20:45:00,9.15,9.17,9.12,9.15,19912.47
2026-04-19 21:00:00,9.15,9.16,9.14,9.15,19801.6
2026-04-19 21:15:00,9.15,9.17,9.13,9.17,9544.13
2026-04-19 21:30:00,9.16,9.18,9.15,9.16,15776.82
2026-04-19 21:45:00,9.16,9.17,9.11,9.13,25902.84
2026-04-19 22:00:00,9.12,9.12,9.03,9.04,191849.23
2026-04-19 22:15:00,9.04,9.05,8.96,9.0,178256.77
2026-04-19 22:30:00,8.99,9.05,8.99,9.03,99252.96
2026-04-19 22:45:00,9.03,9.04,9.0,9.01,41162.13
2026-04-19 23:00:00,9.0,9.01,8.97,8.99,50230.96
2026-04-19 23:15:00,8.99,9.01,8.97,9.0,59951.64
2026-04-19 23:30:00,8.99,9.01,8.97,9.01,24611.83
2026-04-19 23:45:00,9.01,9.02,9.0,9.0,9242.29
2026-04-20 00:00:00,9.0,9.04,8.98,9.02,96173.95
2026-04-20 00:15:00,9.02,9.1,9.02,9.09,81644.0
2026-04-20 00:30:00,9.09,9.1,9.07,9.08,19657.36
2026-04-20 00:45:00,9.09,9.1,9.08,9.08,28959.0
2026-04-20 01:00:00,9.07,9.11,9.07,9.1,13203.69
2026-04-20 01:15:00,9.11,9.11,9.07,9.1,9746.62
2026-04-20 01:30:00,9.09,9.13,9.09,9.13,36483.6
2026-04-20 01:45:00,9.13,9.14,9.12,9.13,6735.85
2026-04-20 02:00:00,9.13,9.13,9.08,9.08,17502.38
2026-04-20 02:15:00,9.08,9.11,9.07,9.11,17915.36
2026-04-20 02:30:00,9.11,9.13,9.1,9.12,19917.72
2026-04-20 02:45:00,9.12,9.14,9.11,9.11,29769.86
2026-04-20 03:00:00,9.11,9.14,9.11,9.13,14422.95
2026-04-20 03:15:00,9.13,9.14,9.11,9.14,16434.61
2026-04-20 03:30:00,9.14,9.15,9.13,9.14,8656.84
2026-04-20 03:45:00,9.13,9.17,9.13,9.15,15417.2
2026-04-20 04:00:00,9.16,9.17,9.13,9.14,16398.23
2026-04-20 04:15:00,9.13,9.14,9.11,9.13,9902.81
2026-04-20 04:30:00,9.14,9.14,9.11,9.12,16681.72
2026-04-20 04:45:00,9.13,9.15,9.12,9.14,8274.93
2026-04-20 05:00:00,9.14,9.14,9.08,9.1,47238.83
2026-04-20 05:15:00,9.1,9.1,9.06,9.06,27977.45
2026-04-20 05:30:00,9.07,9.07,9.05,9.06,17103.68
2026-04-20 05:45:00,9.05,9.09,9.05,9.08,13358.23
2026-04-20 06:00:00,9.08,9.1,9.06,9.06,19102.88
2026-04-20 06:15:00,9.07,9.09,9.06,9.08,9851.78
2026-04-20 06:30:00,9.09,9.17,9.09,9.16,27970.44
2026-04-20 06:45:00,9.16,9.17,9.14,9.15,38582.41
2026-04-20 07:00:00,9.15,9.18,9.14,9.17,24631.84
2026-04-20 07:15:00,9.17,9.33,9.16,9.29,77541.74
2026-04-20 07:30:00,9.29,9.3,9.21,9.22,70664.47
2026-04-20 07:45:00,9.21,9.25,9.18,9.22,78554.77
2026-04-20 08:00:00,9.23,9.23,9.19,9.21,34839.15
2026-04-20 08:15:00,9.21,9.24,9.17,9.18,50185.12
2026-04-20 08:30:00,9.18,9.19,9.16,9.19,34900.87
2026-04-20 08:45:00,9.19,9.2,9.16,9.16,34455.8
2026-04-20 09:00:00,9.17,9.22,9.16,9.21,47347.37
2026-04-20 09:15:00,9.2,9.25,9.19,9.22,61565.3
2026-04-20 09:30:00,9.22,9.24,9.21,9.23,27635.29
2026-04-20 09:45:00,9.23,9.24,9.2,9.21,20358.71
2026-04-20 10:00:00,9.2,9.26,9.2,9.26,49653.3
2026-04-20 10:15:00,9.26,9.28,9.24,9.24,24053.2
2026-04-20 10:30:00,9.24,9.24,9.21,9.22,11439.49
2026-04-20 10:45:00,9.21,9.24,9.21,9.22,16311.94
2026-04-20 11:00:00,9.21,9.22,9.17,9.21,49487.98
2026-04-20 11:15:00,9.22,9.23,9.19,9.22,26206.39
2026-04-20 11:30:00,9.21,9.23,9.2,9.21,31109.07
2026-04-20 11:45:00,9.2,9.22,9.2,9.22,29525.87
2026-04-20 12:00:00,9.22,9.25,9.19,9.23,23924.45
2026-04-20 12:15:00,9.24,9.27,9.22,9.25,43314.37
2026-04-20 12:30:00,9.25,9.27,9.23,9.25,47224.39
2026-04-20 12:45:00,9.25,9.27,9.24,9.25,16883.11
2026-04-20 13:00:00,9.26,9.29,9.23,9.26,104077.85
2026-04-20 13:15:00,9.26,9.26,9.23,9.26,20043.28
2026-04-20 13:30:00,9.27,9.28,9.22,9.25,39283.1
2026-04-20 13:45:00,9.25,9.28,9.22,9.26,37339.19
2026-04-20 14:00:00,9.25,9.26,9.23,9.24,23896.52
2026-04-20 14:15:00,9.23,9.3,9.22,9.26,38589.96
2026-04-20 14:30:00,9.26,9.28,9.18,9.22,64671.64
2026-04-20 14:45:00,9.22,9.25,9.17,9.2,96809.91
2026-04-20 15:00:00,9.21,9.22,9.15,9.17,163417.0
2026-04-20 15:15:00,9.17,9.25,9.16,9.24,50141.64
2026-04-20 15:30:00,9.24,9.24,9.18,9.21,79994.3
2026-04-20 15:45:00,9.21,9.23,9.2,9.23,21661.35
2026-04-20 16:00:00,9.23,9.24,9.2,9.2,22579.95
2026-04-20 16:15:00,9.2,9.21,9.17,9.2,20011.37
2026-04-20 16:30:00,9.2,9.22,9.18,9.21,35712.84
2026-04-20 16:45:00,9.21,9.22,9.16,9.17,32694.92
2026-04-20 17:00:00,9.18,9.23,9.17,9.22,24583.65
2026-04-20 17:15:00,9.22,9.27,9.22,9.23,22257.65
2026-04-20 17:30:00,9.24,9.24,9.21,9.22,16311.79
2026-04-20 17:45:00,9.22,9.27,9.22,9.26,22689.44
2026-04-20 18:00:00,9.27,9.34,9.27,9.31,84189.0
2026-04-20 18:15:00,9.31,9.33,9.3,9.31,27172.37
2026-04-20 18:30:00,9.3,9.32,9.27,9.3,43488.26
2026-04-20 18:45:00,9.31,9.35,9.29,9.33,58796.07
2026-04-20 19:00:00,9.32,9.36,9.32,9.35,41505.83
2026-04-20 19:15:00,9.34,9.34,9.3,9.3,8135.86
2026-04-20 19:30:00,9.31,9.33,9.3,9.3,19596.25
2026-04-20 19:45:00,9.3,9.33,9.3,9.31,9540.09
2026-04-20 20:00:00,9.32,9.32,9.29,9.31,37918.37
2026-04-20 20:15:00,9.32,9.38,9.3,9.35,70088.99
2026-04-20 20:30:00,9.35,9.37,9.34,9.36,14866.01
2026-04-20 20:45:00,9.35,9.4,9.35,9.38,21715.13
2026-04-20 21:00:00,9.38,9.44,9.35,9.37,104090.11
2026-04-20 21:15:00,9.38,9.39,9.36,9.39,31873.05
2026-04-20 21:30:00,9.39,9.41,9.37,9.39,51873.19
2026-04-20 21:45:00,9.38,9.42,9.38,9.4,23515.68
2026-04-20 22:00:00,9.4,9.42,9.4,9.4,20349.18
2026-04-20 22:15:00,9.41,9.41,9.37,9.37,22410.58
2026-04-20 22:30:00,9.38,9.39,9.34,9.35,23963.89
2026-04-20 22:45:00,9.35,9.37,9.35,9.37,5659.81
2026-04-20 23:00:00,9.36,9.36,9.3,9.31,31444.47
2026-04-20 23:15:00,9.3,9.3,9.27,9.27,12951.78
2026-04-20 23:30:00,9.27,9.29,9.26,9.28,11235.42
2026-04-20 23:45:00,9.29,9.29,9.26,9.27,10868.73
2026-04-21 00:00:00,9.27,9.3,9.27,9.28,13349.99
2026-04-21 00:15:00,9.28,9.3,9.28,9.3,11130.44
2026-04-21 00:30:00,9.3,9.31,9.29,9.3,5879.43
2026-04-21 00:45:00,9.3,9.34,9.3,9.33,34785.63
2026-04-21 01:00:00,9.32,9.36,9.31,9.35,21841.63
2026-04-21 01:15:00,9.35,9.35,9.33,9.34,14646.97
2026-04-21 01:30:00,9.35,9.37,9.34,9.36,13716.49
2026-04-21 01:45:00,9.35,9.36,9.31,9.31,6392.88
2026-04-21 02:00:00,9.31,9.32,9.28,9.29,11067.6
2026-04-21 02:15:00,9.29,9.31,9.27,9.3,8650.89
2026-04-21 02:30:00,9.29,9.31,9.29,9.29,16745.51
2026-04-21 02:45:00,9.29,9.29,9.27,9.28,18023.99
2026-04-21 03:00:00,9.27,9.28,9.25,9.27,22194.7
2026-04-21 03:15:00,9.27,9.3,9.25,9.29,16207.27
2026-04-21 03:30:00,9.28,9.31,9.27,9.29,19579.94
2026-04-21 03:45:00,9.29,9.32,9.28,9.29,11265.73
2026-04-21 04:00:00,9.28,9.3,9.26,9.27,18880.29
2026-04-21 04:15:00,9.27,9.3,9.26,9.29,9661.47
2026-04-21 04:30:00,9.29,9.32,9.28,9.3,10507.45
2026-04-21 04:45:00,9.31,9.33,9.3,9.32,8698.21
2026-04-21 05:00:00,9.32,9.38,9.31,9.35,18763.54
2026-04-21 05:15:00,9.35,9.38,9.34,9.36,45367.42
2026-04-21 05:30:00,9.37,9.38,9.35,9.38,9691.32
2026-04-21 05:45:00,9.37,9.38,9.36,9.36,15528.73
2026-04-21 06:00:00,9.37,9.38,9.34,9.35,18174.39
2026-04-21 06:15:00,9.35,9.36,9.3,9.31,14951.75
2026-04-21 06:30:00,9.31,9.38,9.3,9.34,29158.64
2026-04-21 06:45:00,9.34,9.35,9.32,9.33,20399.01
2026-04-21 07:00:00,9.32,9.32,9.28,9.31,23449.08
2026-04-21 07:15:00,9.31,9.36,9.31,9.34,14383.54
2026-04-21 07:30:00,9.34,9.37,9.31,9.35,27324.54
2026-04-21 07:45:00,9.36,9.38,9.33,9.34,23959.19
2026-04-21 08:00:00,9.34,9.35,9.33,9.35,28237.61
2026-04-21 08:15:00,9.35,9.39,9.35,9.38,20004.83
2026-04-21 08:30:00,9.37,9.39,9.35,9.38,28898.83
2026-04-21 08:45:00,9.37,9.43,9.36,9.37,43138.33
2026-04-21 09:00:00,9.37,9.37,9.34,9.36,14739.34
2026-04-21 09:15:00,9.36,9.38,9.36,9.37,30592.99
2026-04-21 09:30:00,9.36,9.41,9.36,9.4,16545.41
2026-04-21 09:45:00,9.4,9.42,9.39,9.39,13697.24
2026-04-21 10:00:00,9.39,9.41,9.39,9.4,10092.13
2026-04-21 10:15:00,9.41,9.42,9.39,9.39,29104.57
2026-04-21 10:30:00,9.39,9.41,9.39,9.4,5955.6
2026-04-21 10:45:00,9.41,9.44,9.4,9.41,16825.93
2026-04-21 11:00:00,9.42,9.42,9.38,9.4,39822.47
2026-04-21 11:15:00,9.39,9.47,9.38,9.46,42400.81
2026-04-21 11:30:00,9.46,9.53,9.46,9.46,137042.46
2026-04-21 11:45:00,9.47,9.47,9.43,9.44,23731.33
2026-04-21 12:00:00,9.44,9.46,9.36,9.36,75100.14
2026-04-21 12:15:00,9.35,9.44,9.34,9.44,68327.58
2026-04-21 12:30:00,9.43,9.45,9.35,9.37,58883.77
2026-04-21 12:45:00,9.36,9.41,9.35,9.4,29927.75
2026-04-21 13:00:00,9.39,9.4,9.35,9.36,45903.69
2026-04-21 13:15:00,9.36,9.37,9.34,9.36,26543.74
2026-04-21 13:30:00,9.36,9.4,9.33,9.37,41928.78
2026-04-21 13:45:00,9.38,9.39,9.36,9.37,11911.12
2026-04-21 14:00:00,9.38,9.39,9.34,9.36,25803.43
2026-04-21 14:15:00,9.35,9.43,9.35,9.4,26678.52
2026-04-21 14:30:00,9.4,9.47,9.4,9.45,30081.5
2026-04-21 14:45:00,9.44,9.45,9.36,9.36,33257.36
2026-04-21 15:00:00,9.36,9.37,9.32,9.37,68020.35
2026-04-21 15:15:00,9.37,9.4,9.34,9.35,26475.65
2026-04-21 15:30:00,9.35,9.37,9.33,9.36,17383.94
2026-04-21 15:45:00,9.35,9.39,9.35,9.39,16157.36
2026-04-21 16:00:00,9.39,9.44,9.36,9.38,31721.9
2026-04-21 16:15:00,9.38,9.4,9.35,9.36,27697.44
2026-04-21 16:30:00,9.36,9.4,9.34,9.36,22783.5
2026-04-21 16:45:00,9.37,9.38,9.31,9.33,14919.93
2026-04-21 17:00:00,9.33,9.34,9.28,9.3,38006.1
2026-04-21 17:15:00,9.3,9.3,9.21,9.25,56543.54
2026-04-21 17:30:00,9.26,9.39,9.24,9.35,95749.05
2026-04-21 17:45:00,9.36,9.37,9.32,9.33,23312.72
2026-04-21 18:00:00,9.33,9.35,9.31,9.32,16034.9
2026-04-21 18:15:00,9.32,9.33,9.28,9.29,22758.18
2026-04-21 18:30:00,9.29,9.32,9.29,9.3,12227.14
2026-04-21 18:45:00,9.3,9.32,9.26,9.32,30113.67
2026-04-21 19:00:00,9.32,9.34,9.28,9.28,27524.28
2026-04-21 19:15:00,9.29,9.35,9.28,9.32,29621.38
2026-04-21 19:30:00,9.31,9.32,9.18,9.19,55767.51
2026-04-21 19:45:00,9.19,9.22,9.17,9.2,34966.81
2026-04-21 20:00:00,9.21,9.31,9.2,9.3,90113.34
2026-04-21 20:15:00,9.3,9.35,9.29,9.33,43958.89
2026-04-21 20:30:00,9.33,9.36,9.31,9.32,15771.57
2026-04-21 20:45:00,9.31,9.33,9.29,9.31,23321.97
2026-04-21 21:00:00,9.3,9.33,9.3,9.32,29741.56
2026-04-21 21:15:00,9.32,9.33,9.3,9.32,10965.2
2026-04-21 21:30:00,9.31,9.32,9.29,9.3,13278.67
2026-04-21 21:45:00,9.29,9.32,9.29,9.3,5800.8
2026-04-21 22:00:00,9.3,9.32,9.29,9.31,7000.47
2026-04-21 22:15:00,9.31,9.32,9.27,9.28,15032.92
2026-04-21 22:30:00,9.29,9.3,9.26,9.3,14463.75
2026-04-21 22:45:00,9.3,9.3,9.28,9.3,4422.68
2026-04-21 23:00:00,9.3,9.35,9.3,9.34,11222.22
2026-04-21 23:15:00,9.34,9.35,9.33,9.33,5720.89
2026-04-21 23:30:00,9.33,9.37,9.32,9.37,14772.35
2026-04-21 23:45:00,9.37,9.4,9.37,9.39,23240.3
2026-04-22 00:00:00,9.4,9.43,9.38,9.41,61134.73
2026-04-22 00:15:00,9.4,9.43,9.39,9.42,32641.55
2026-04-22 00:30:00,9.42,9.43,9.4,9.42,24881.42
2026-04-22 00:45:00,9.42,9.43,9.4,9.42,18997.68
2026-04-22 01:00:00,9.42,9.43,9.38,9.4,40876.45
2026-04-22 01:15:00,9.4,9.4,9.36,9.38,18756.88
2026-04-22 01:30:00,9.38,9.41,9.38,9.39,9463.22
2026-04-22 01:45:00,9.39,9.41,9.38,9.39,19076.46
2026-04-22 02:00:00,9.4,9.49,9.38,9.46,61776.84
2026-04-22 02:15:00,9.47,9.58,9.47,9.55,130152.15
2026-04-22 02:30:00,9.56,9.59,9.54,9.58,80906.86
2026-04-22 02:45:00,9.59,9.59,9.55,9.58,35995.89
2026-04-22 03:00:00,9.59,9.61,9.57,9.59,51497.22
2026-04-22 03:15:00,9.6,9.6,9.55,9.56,19923.91
2026-04-22 03:30:00,9.56,9.57,9.5,9.53,38458.93
2026-04-22 03:45:00,9.54,9.58,9.52,9.56,18897.98
2026-04-22 04:00:00,9.57,9.58,9.54,9.55,20566.42
2026-04-22 04:15:00,9.55,9.56,9.53,9.54,10983.33
2026-04-22 04:30:00,9.55,9.59,9.54,9.57,26453.55
2026-04-22 04:45:00,9.57,9.57,9.53,9.56,13455.15
2026-04-22 05:00:00,9.56,9.57,9.54,9.57,16893.6
2026-04-22 05:15:00,9.56,9.66,9.56,9.64,140266.68
2026-04-22 05:30:00,9.64,9.68,9.62,9.64,50540.83
2026-04-22 05:45:00,9.63,9.66,9.61,9.62,62697.0
2026-04-22 06:00:00,9.61,9.62,9.58,9.58,57576.77
2026-04-22 06:15:00,9.58,9.61,9.58,9.6,18836.83
2026-04-22 06:30:00,9.6,9.61,9.58,9.6,12828.34
2026-04-22 06:45:00,9.61,9.62,9.59,9.61,15217.69
2026-04-22 07:00:00,9.61,9.61,9.58,9.59,35642.84
2026-04-22 07:15:00,9.58,9.59,9.56,9.56,25790.19
2026-04-22 07:30:00,9.56,9.58,9.55,9.57,24292.96
2026-04-22 07:45:00,9.57,9.58,9.56,9.57,15219.07
2026-04-22 08:00:00,9.58,9.59,9.57,9.57,7979.31
2026-04-22 08:15:00,9.58,9.59,9.56,9.57,19896.75
2026-04-22 08:30:00,9.57,9.57,9.54,9.55,19157.83
2026-04-22 08:45:00,9.55,9.57,9.53,9.56,12578.99
2026-04-22 09:00:00,9.56,9.59,9.54,9.57,21749.12
2026-04-22 09:15:00,9.57,9.6,9.57,9.59,16952.6
2026-04-22 09:30:00,9.59,9.62,9.59,9.62,25832.47
2026-04-22 09:45:00,9.62,9.64,9.59,9.6,46750.32
2026-04-22 10:00:00,9.61,9.64,9.6,9.62,61431.83
2026-04-22 10:15:00,9.62,9.64,9.55,9.59,131158.14
2026-04-22 10:30:00,9.58,9.6,9.57,9.58,14166.57
2026-04-22 10:45:00,9.58,9.6,9.57,9.58,13290.31
2026-04-22 11:00:00,9.58,9.6,9.57,9.59,15400.74
2026-04-22 11:15:00,9.59,9.6,9.57,9.58,22487.1
2026-04-22 11:30:00,9.58,9.6,9.57,9.57,19557.16
2026-04-22 11:45:00,9.57,9.59,9.56,9.58,19232.5
2026-04-22 12:00:00,9.57,9.59,9.56,9.56,18429.89
2026-04-22 12:15:00,9.57,9.57,9.52,9.53,18522.0
2026-04-22 12:30:00,9.52,9.53,9.51,9.53,13039.03
2026-04-22 12:45:00,9.53,9.55,9.51,9.53,13617.88
2026-04-22 13:00:00,9.52,9.57,9.49,9.54,31343.55
2026-04-22 13:15:00,9.55,9.57,9.54,9.54,20195.56
2026-04-22 13:30:00,9.54,9.56,9.52,9.55,43957.17
2026-04-22 13:45:00,9.56,9.57,9.54,9.55,20967.99
2026-04-22 14:00:00,9.56,9.59,9.54,9.59,28328.08
2026-04-22 14:15:00,9.59,9.6,9.54,9.55,49525.58
2026-04-22 14:30:00,9.55,9.56,9.52,9.53,18858.65
2026-04-22 14:45:00,9.53,9.57,9.52,9.57,15245.5
2026-04-22 15:00:00,9.57,9.58,9.54,9.57,40975.75
2026-04-22 15:15:00,9.57,9.58,9.55,9.58,18984.88
2026-04-22 15:30:00,9.58,9.59,9.54,9.58,38115.76
2026-04-22 15:45:00,9.57,9.58,9.54,9.54,16453.37
2026-04-22 16:00:00,9.55,9.57,9.53,9.54,21353.49
2026-04-22 16:15:00,9.54,9.55,9.49,9.51,16346.27
2026-04-22 16:30:00,9.5,9.52,9.49,9.51,24310.49
2026-04-22 16:45:00,9.51,9.51,9.49,9.49,11394.2
2026-04-22 17:00:00,9.5,9.55,9.49,9.53,18590.68
2026-04-22 17:15:00,9.53,9.53,9.5,9.51,10085.22
2026-04-22 17:30:00,9.51,9.52,9.5,9.52,6920.32
2026-04-22 17:45:00,9.52,9.55,9.5,9.52,21433.29
2026-04-22 18:00:00,9.53,9.58,9.53,9.56,16178.17
2026-04-22 18:15:00,9.57,9.58,9.54,9.54,7315.38
2026-04-22 18:30:00,9.55,9.55,9.53,9.54,6994.1
2026-04-22 18:45:00,9.53,9.55,9.51,9.51,6992.59
2026-04-22 19:00:00,9.52,9.52,9.49,9.5,13534.57
2026-04-22 19:15:00,9.5,9.53,9.5,9.51,12741.29
2026-04-22 19:30:00,9.51,9.51,9.43,9.46,48691.5
2026-04-22 19:45:00,9.45,9.48,9.45,9.48,6337.26
2026-04-22 20:00:00,9.48,9.48,9.46,9.47,7355.57
2026-04-22 20:15:00,9.47,9.48,9.43,9.47,17320.72
2026-04-22 20:30:00,9.46,9.47,9.44,9.45,14632.61
2026-04-22 20:45:00,9.45,9.46,9.43,9.44,9212.71
2026-04-22 21:00:00,9.44,9.47,9.44,9.46,16871.29
2026-04-22 21:15:00,9.46,9.46,9.45,9.45,2143.32
2026-04-22 21:30:00,9.46,9.49,9.46,9.49,22810.53
2026-04-22 21:45:00,9.49,9.49,9.47,9.48,25517.72
2026-04-22 22:00:00,9.47,9.49,9.46,9.48,34208.39
2026-04-22 22:15:00,9.47,9.47,9.43,9.44,9156.06
2026-04-22 22:30:00,9.44,9.46,9.44,9.44,6264.37
2026-04-22 22:45:00,9.44,9.45,9.42,9.43,13465.91
2026-04-22 23:00:00,9.43,9.43,9.39,9.42,28696.94
2026-04-22 23:15:00,9.42,9.43,9.37,9.4,24912.13
2026-04-22 23:30:00,9.39,9.39,9.34,9.35,40919.62
2026-04-22 23:45:00,9.35,9.37,9.33,9.33,25113.32
2026-04-23 00:00:00,9.33,9.36,9.27,9.27,67865.95
2026-04-23 00:15:00,9.27,9.34,9.21,9.31,121213.61
2026-04-23 00:30:00,9.31,9.34,9.26,9.33,69738.24
2026-04-23 00:45:00,9.33,9.36,9.31,9.35,24555.14
2026-04-23 01:00:00,9.35,9.35,9.31,9.31,17923.4
2026-04-23 01:15:00,9.31,9.33,9.29,9.29,24948.15
2026-04-23 01:30:00,9.29,9.35,9.28,9.33,23482.38
2026-04-23 01:45:00,9.33,9.35,9.32,9.33,17008.06
2026-04-23 02:00:00,9.34,9.34,9.3,9.3,18658.49
2026-04-23 02:15:00,9.3,9.33,9.28,9.3,33616.19
2026-04-23 02:30:00,9.29,9.31,9.27,9.29,40865.27
2026-04-23 02:45:00,9.29,9.31,9.28,9.31,29248.45
2026-04-23 03:00:00,9.31,9.31,9.27,9.27,25038.79
2026-04-23 03:15:00,9.27,9.28,9.26,9.27,21970.57
2026-04-23 03:30:00,9.26,9.27,9.22,9.25,34772.64
2026-04-23 03:45:00,9.25,9.27,9.24,9.27,14521.67
2026-04-23 04:00:00,9.27,9.29,9.26,9.29,12184.74
2026-04-23 04:15:00,9.28,9.3,9.28,9.3,5518.35
2026-04-23 04:30:00,9.3,9.32,9.29,9.3,4028.3
2026-04-23 04:45:00,9.3,9.32,9.3,9.32,23736.43
2026-04-23 05:00:00,9.32,9.35,9.28,9.29,120894.52
2026-04-23 05:15:00,9.29,9.31,9.27,9.28,30353.18
2026-04-23 05:30:00,9.27,9.28,9.25,9.26,23712.75
2026-04-23 05:45:00,9.26,9.28,9.26,9.28,17382.31
2026-04-23 06:00:00,9.28,9.31,9.27,9.29,34035.99
2026-04-23 06:15:00,9.29,9.33,9.27,9.33,100685.22
2026-04-23 06:30:00,9.33,9.34,9.3,9.31,16576.19
2026-04-23 06:45:00,9.31,9.33,9.3,9.33,8341.12
2026-04-23 07:00:00,9.32,9.33,9.3,9.31,11747.93
2026-04-23 07:15:00,9.3,9.31,9.29,9.29,7802.12
2026-04-23 07:30:00,9.29,9.31,9.28,9.3,15189.12
2026-04-23 07:45:00,9.3,9.31,9.27,9.28,20367.63
2026-04-23 08:00:00,9.29,9.29,9.26,9.28,33944.74
2026-04-23 08:15:00,9.28,9.29,9.26,9.27,11907.91
2026-04-23 08:30:00,9.27,9.28,9.24,9.25,13326.51
2026-04-23 08:45:00,9.25,9.29,9.25,9.29,2698.25
2026-04-23 09:00:00,9.29,9.29,9.22,9.23,28740.88
2026-04-23 09:15:00,9.23,9.27,9.23,9.26,16701.82
2026-04-23 09:30:00,9.26,9.26,9.25,9.26,7654.33
2026-04-23 09:45:00,9.26,9.26,9.22,9.24,16239.86
2026-04-23 10:00:00,9.25,9.26,9.2,9.21,41840.77
2026-04-23 10:15:00,9.2,9.23,9.19,9.22,20858.63
2026-04-23 10:30:00,9.23,9.24,9.21,9.23,18086.71
2026-04-23 10:45:00,9.23,9.24,9.21,9.22,8733.01
2026-04-23 11:00:00,9.23,9.25,9.22,9.24,13709.86
2026-04-23 11:15:00,9.23,9.25,9.23,9.24,10152.75
2026-04-23 11:30:00,9.24,9.28,9.24,9.28,18220.02
2026-04-23 11:45:00,9.28,9.3,9.27,9.27,22793.0
2026-04-23 12:00:00,9.28,9.31,9.27,9.29,12406.26
2026-04-23 12:15:00,9.3,9.31,9.28,9.29,19745.71
2026-04-23 12:30:00,9.29,9.31,9.29,9.29,16095.36
2026-04-23 12:45:00,9.29,9.31,9.26,9.29,63417.47
2026-04-23 13:00:00,9.3,9.31,9.28,9.29,13922.25
2026-04-23 13:15:00,9.28,9.29,9.27,9.27,6855.44
2026-04-23 13:30:00,9.27,9.29,9.27,9.27,11135.57
2026-04-23 13:45:00,9.27,9.29,9.26,9.28,6766.91
2026-04-23 14:00:00,9.27,9.28,9.24,9.27,14075.27
2026-04-23 14:15:00,9.28,9.32,9.27,9.29,22906.92
2026-04-23 14:30:00,9.3,9.33,9.29,9.32,16906.35
2026-04-23 14:45:00,9.32,9.36,9.31,9.36,25063.4
2026-04-23 15:00:00,9.36,9.38,9.34,9.37,27641.59
2026-04-23 15:15:00,9.37,9.45,9.36,9.39,78066.68
2026-04-23 15:30:00,9.39,9.42,9.38,9.4,20243.9
2026-04-23 15:45:00,9.4,9.41,9.37,9.4,19583.16
2026-04-23 16:00:00,9.4,9.41,9.36,9.37,38477.01
2026-04-23 16:15:00,9.37,9.4,9.37,9.38,10990.16
2026-04-23 16:30:00,9.38,9.4,9.37,9.37,9112.43
2026-04-23 16:45:00,9.38,9.38,9.33,9.33,16892.93
2026-04-23 17:00:00,9.33,9.35,9.27,9.29,49758.81
2026-04-23 17:15:00,9.29,9.29,9.24,9.26,53433.21
2026-04-23 17:30:00,9.25,9.27,9.16,9.21,70124.12
2026-04-23 17:45:00,9.21,9.28,9.17,9.26,88675.19
2026-04-23 18:00:00,9.26,9.3,9.26,9.27,49376.15
2026-04-23 18:15:00,9.27,9.3,9.26,9.27,19889.86
2026-04-23 18:30:00,9.27,9.31,9.27,9.3,19316.73
2026-04-23 18:45:00,9.3,9.31,9.25,9.26,13941.34
2026-04-23 19:00:00,9.26,9.27,9.24,9.27,18823.9
2026-04-23 19:15:00,9.28,9.31,9.28,9.3,13330.68
2026-04-23 19:30:00,9.29,9.3,9.26,9.27,14437.91
2026-04-23 19:45:00,9.27,9.29,9.24,9.28,40730.63
2026-04-23 20:00:00,9.27,9.31,9.27,9.3,18323.43
2026-04-23 20:15:00,9.29,9.3,9.28,9.28,7923.39
2026-04-23 20:30:00,9.29,9.35,9.29,9.35,26068.07
2026-04-23 20:45:00,9.35,9.35,9.31,9.32,8447.43
2026-04-23 21:00:00,9.32,9.33,9.31,9.31,7377.41
2026-04-23 21:15:00,9.31,9.33,9.3,9.33,16323.59
2026-04-23 21:30:00,9.34,9.36,9.33,9.36,25512.72
2026-04-23 21:45:00,9.36,9.37,9.34,9.34,16186.37
2026-04-23 22:00:00,9.34,9.36,9.34,9.34,19579.57
2026-04-23 22:15:00,9.35,9.38,9.34,9.36,19111.89
2026-04-23 22:30:00,9.36,9.37,9.35,9.37,5446.54
2026-04-23 22:45:00,9.37,9.38,9.35,9.36,14860.56
2026-04-23 23:00:00,9.35,9.36,9.34,9.35,3176.74
2026-04-23 23:15:00,9.35,9.36,9.34,9.36,2836.62
2026-04-23 23:30:00,9.36,9.4,9.35,9.39,5109.4
2026-04-23 23:45:00,9.39,9.41,9.38,9.38,19899.25
2026-04-24 00:00:00,9.39,9.42,9.39,9.4,21711.71
2026-04-24 00:15:00,9.4,9.41,9.39,9.39,14069.62
2026-04-24 00:30:00,9.4,9.41,9.39,9.39,6388.07
2026-04-24 00:45:00,9.39,9.42,9.39,9.41,18274.95
2026-04-24 01:00:00,9.42,9.42,9.38,9.39,9182.86
2026-04-24 01:15:00,9.39,9.4,9.36,9.38,5619.91
2026-04-24 01:30:00,9.38,9.4,9.37,9.39,13573.06
2026-04-24 01:45:00,9.38,9.44,9.38,9.43,34084.92
2026-04-24 02:00:00,9.43,9.44,9.38,9.39,21634.05
2026-04-24 02:15:00,9.4,9.41,9.38,9.39,3130.59
2026-04-24 02:30:00,9.39,9.4,9.38,9.39,2152.42
2026-04-24 02:45:00,9.39,9.41,9.36,9.36,12797.41
2026-04-24 03:00:00,9.36,9.37,9.36,9.36,16359.5
2026-04-24 03:15:00,9.36,9.36,9.31,9.32,17085.29
2026-04-24 03:30:00,9.31,9.31,9.28,9.31,13705.06
2026-04-24 03:45:00,9.31,9.33,9.3,9.33,3608.7
2026-04-24 04:00:00,9.33,9.34,9.31,9.32,11866.98
2026-04-24 04:15:00,9.32,9.34,9.3,9.3,10927.31
2026-04-24 04:30:00,9.31,9.33,9.3,9.31,22167.17
2026-04-24 04:45:00,9.31,9.33,9.31,9.32,5583.64
2026-04-24 05:00:00,9.32,9.32,9.3,9.31,5126.27
2026-04-24 05:15:00,9.32,9.33,9.31,9.33,13752.98
2026-04-24 05:30:00,9.32,9.35,9.32,9.33,5792.6
2026-04-24 05:45:00,9.34,9.38,9.34,9.36,21136.31
2026-04-24 06:00:00,9.37,9.38,9.35,9.38,4459.5
2026-04-24 06:15:00,9.38,9.41,9.38,9.39,12094.71
2026-04-24 06:30:00,9.39,9.4,9.37,9.37,21273.84
2026-04-24 06:45:00,9.37,9.39,9.36,9.37,1839.34
2026-04-24 07:00:00,9.37,9.41,9.37,9.39,12960.94
2026-04-24 07:15:00,9.39,9.39,9.35,9.36,29204.76
2026-04-24 07:30:00,9.36,9.37,9.35,9.36,5296.44
2026-04-24 07:45:00,9.36,9.37,9.34,9.37,21674.1
2026-04-24 08:00:00,9.37,9.38,9.35,9.36,8409.97
2026-04-24 08:15:00,9.36,9.4,9.36,9.37,19450.84
2026-04-24 08:30:00,9.37,9.38,9.36,9.36,7335.44
2026-04-24 08:45:00,9.37,9.39,9.36,9.37,14282.96
2026-04-24 09:00:00,9.37,9.38,9.32,9.34,20089.12
2026-04-24 09:15:00,9.34,9.36,9.33,9.35,19381.3
2026-04-24 09:30:00,9.35,9.37,9.34,9.37,13238.36
2026-04-24 09:45:00,9.37,9.38,9.35,9.36,3192.35
2026-04-24 10:00:00,9.35,9.36,9.33,9.34,6162.38
2026-04-24 10:15:00,9.35,9.4,9.34,9.38,10855.6
2026-04-24 10:30:00,9.38,9.39,9.37,9.38,2698.75
2026-04-24 10:45:00,9.39,9.42,9.37,9.39,13450.56
2026-04-24 11:00:00,9.4,9.46,9.4,9.44,42988.75
2026-04-24 11:15:00,9.45,9.46,9.43,9.45,29361.65
2026-04-24 11:30:00,9.46,9.47,9.44,9.44,13301.78
2026-04-24 11:45:00,9.45,9.45,9.42,9.44,7540.64
2026-04-24 12:00:00,9.44,9.47,9.44,9.46,12477.64
2026-04-24 12:15:00,9.46,9.46,9.42,9.42,16408.79
2026-04-24 12:30:00,9.42,9.43,9.41,9.41,5357.83
2026-04-24 12:45:00,9.4,9.42,9.39,9.41,7584.12
2026-04-24 13:00:00,9.41,9.45,9.41,9.44,13587.95
2026-04-24 13:15:00,9.43,9.44,9.41,9.42,6220.83
2026-04-24 13:30:00,9.43,9.44,9.41,9.43,21783.86
2026-04-24 13:45:00,9.43,9.44,9.4,9.41,8676.32
2026-04-24 14:00:00,9.42,9.42,9.39,9.4,10846.27
2026-04-24 14:15:00,9.39,9.42,9.37,9.38,13596.8
2026-04-24 14:30:00,9.38,9.43,9.37,9.42,20511.61
2026-04-24 14:45:00,9.42,9.43,9.4,9.41,7847.13
2026-04-24 15:00:00,9.41,9.42,9.34,9.38,16362.01
2026-04-24 15:15:00,9.38,9.41,9.37,9.41,9158.15
2026-04-24 15:30:00,9.41,9.46,9.4,9.44,29703.78
2026-04-24 15:45:00,9.44,9.46,9.43,9.46,17940.53
2026-04-24 16:00:00,9.46,9.48,9.43,9.44,19113.21
2026-04-24 16:15:00,9.44,9.44,9.41,9.43,10327.08
2026-04-24 16:30:00,9.43,9.44,9.39,9.4,7940.57
2026-04-24 16:45:00,9.41,9.43,9.4,9.43,6796.03
2026-04-24 17:00:00,9.42,9.44,9.42,9.44,9626.34
2026-04-24 17:15:00,9.43,9.44,9.41,9.44,3681.39
2026-04-24 17:30:00,9.44,9.44,9.4,9.42,38231.66
2026-04-24 17:45:00,9.42,9.45,9.41,9.42,23247.43
2026-04-24 18:00:00,9.42,9.44,9.41,9.42,8595.87
2026-04-24 18:15:00,9.41,9.42,9.38,9.41,7294.03
2026-04-24 18:30:00,9.41,9.45,9.41,9.42,14658.43
2026-04-24 18:45:00,9.42,9.43,9.41,9.42,6640.26
2026-04-24 19:00:00,9.43,9.45,9.42,9.42,13874.21
2026-04-24 19:15:00,9.43,9.44,9.41,9.42,7499.7
2026-04-24 19:30:00,9.42,9.44,9.42,9.43,4550.92
2026-04-24 19:45:00,9.43,9.44,9.42,9.44,5310.09
2026-04-24 20:00:00,9.44,9.44,9.42,9.43,12654.96
2026-04-24 20:15:00,9.43,9.44,9.39,9.41,18866.04
2026-04-24 20:30:00,9.41,9.45,9.4,9.44,19185.92
2026-04-24 20:45:00,9.44,9.47,9.44,9.46,11413.02
2026-04-24 21:00:00,9.46,9.48,9.43,9.43,38026.93
2026-04-24 21:15:00,9.44,9.44,9.43,9.44,13849.92
2026-04-24 21:30:00,9.45,9.45,9.43,9.44,7369.49
2026-04-24 21:45:00,9.44,9.46,9.43,9.45,14965.47
2026-04-24 22:00:00,9.45,9.45,9.42,9.43,7738.14
2026-04-24 22:15:00,9.43,9.43,9.42,9.42,10668.99
2026-04-24 22:30:00,9.42,9.42,9.37,9.39,27915.87
2026-04-24 22:45:00,9.4,9.4,9.38,9.39,8676.81
2026-04-24 23:00:00,9.39,9.4,9.37,9.4,11812.4
2026-04-24 23:15:00,9.4,9.4,9.38,9.38,3699.84
2026-04-24 23:30:00,9.38,9.41,9.38,9.4,10634.15
2026-04-24 23:45:00,9.39,9.4,9.39,9.4,12527.76
2026-04-25 00:00:00,9.4,9.41,9.39,9.39,20420.42
2026-04-25 00:15:00,9.39,9.41,9.39,9.39,3115.59
2026-04-25 00:30:00,9.39,9.41,9.38,9.4,12467.94
2026-04-25 00:45:00,9.4,9.42,9.39,9.41,5079.42
2026-04-25 01:00:00,9.41,9.43,9.41,9.43,6048.95
2026-04-25 01:15:00,9.43,9.44,9.41,9.42,8030.79
2026-04-25 01:30:00,9.43,9.44,9.42,9.44,6932.71
2026-04-25 01:45:00,9.43,9.46,9.43,9.43,13373.4
2026-04-25 02:00:00,9.44,9.44,9.41,9.43,15721.41
2026-04-25 02:15:00,9.43,9.43,9.4,9.42,7986.22
2026-04-25 02:30:00,9.42,9.43,9.41,9.42,2988.96
2026-04-25 02:45:00,9.42,9.44,9.41,9.44,2698.51
2026-04-25 03:00:00,9.44,9.45,9.43,9.43,9447.06
2026-04-25 03:15:00,9.43,9.45,9.42,9.43,8972.69
2026-04-25 03:30:00,9.42,9.44,9.41,9.44,4267.14
2026-04-25 03:45:00,9.45,9.46,9.43,9.44,8719.91
2026-04-25 04:00:00,9.44,9.46,9.44,9.44,4558.8
2026-04-25 04:15:00,9.45,9.45,9.43,9.43,10866.65
2026-04-25 04:30:00,9.43,9.44,9.42,9.43,3518.95
2026-04-25 04:45:00,9.42,9.45,9.42,9.44,12030.8
2026-04-25 05:00:00,9.44,9.45,9.41,9.45,36257.85
2026-04-25 05:15:00,9.44,9.45,9.39,9.42,67678.72
2026-04-25 05:30:00,9.43,9.46,9.42,9.45,8060.16
2026-04-25 05:45:00,9.45,9.46,9.44,9.45,4772.64
2026-04-25 06:00:00,9.45,9.5,9.45,9.49,30499.54
2026-04-25 06:15:00,9.49,9.5,9.47,9.47,25636.71
2026-04-25 06:30:00,9.48,9.5,9.47,9.47,20605.75
2026-04-25 06:45:00,9.48,9.49,9.46,9.46,13176.45
2026-04-25 07:00:00,9.45,9.45,9.43,9.44,8203.83
2026-04-25 07:15:00,9.43,9.46,9.43,9.46,4330.31
2026-04-25 07:30:00,9.46,9.47,9.45,9.45,7418.91
2026-04-25 07:45:00,9.45,9.47,9.45,9.45,4389.23
2026-04-25 08:00:00,9.45,9.46,9.44,9.45,13969.93
2026-04-25 08:15:00,9.45,9.46,9.44,9.45,10823.4
2026-04-25 08:30:00,9.46,9.47,9.45,9.46,17512.24
2026-04-25 08:45:00,9.46,9.46,9.43,9.46,10714.19
2026-04-25 09:00:00,9.45,9.48,9.45,9.47,9109.2
2026-04-25 09:15:00,9.47,9.48,9.46,9.46,9481.34
2026-04-25 09:30:00,9.45,9.48,9.45,9.47,4981.16
2026-04-25 09:45:00,9.48,9.49,9.47,9.48,29191.19
2026-04-25 10:00:00,9.47,9.49,9.47,9.47,14670.74
2026-04-25 10:15:00,9.47,9.49,9.47,9.49,15764.04
2026-04-25 10:30:00,9.48,9.49,9.47,9.47,6235.33
2026-04-25 10:45:00,9.47,9.48,9.46,9.47,17092.47
2026-04-25 11:00:00,9.48,9.48,9.44,9.45,23774.5
2026-04-25 11:15:00,9.44,9.46,9.42,9.42,6923.06
2026-04-25 11:30:00,9.42,9.43,9.4,9.4,6157.96
2026-04-25 11:45:00,9.41,9.41,9.38,9.4,11480.61
2026-04-25 12:00:00,9.4,9.41,9.39,9.39,4663.98
2026-04-25 12:15:00,9.39,9.41,9.39,9.39,11016.73
2026-04-25 12:30:00,9.39,9.39,9.37,9.38,6770.43
2026-04-25 12:45:00,9.38,9.4,9.38,9.39,4207.37
2026-04-25 13:00:00,9.38,9.42,9.38,9.41,5773.73
2026-04-25 13:15:00,9.4,9.42,9.4,9.42,1545.18
2026-04-25 13:30:00,9.41,9.44,9.4,9.43,5988.23
2026-04-25 13:45:00,9.44,9.44,9.41,9.42,3365.35
2026-04-25 14:00:00,9.42,9.42,9.39,9.4,3783.45
2026-04-25 14:15:00,9.4,9.43,9.4,9.42,9764.18
2026-04-25 14:30:00,9.41,9.43,9.41,9.42,5180.42
2026-04-25 14:45:00,9.42,9.42,9.38,9.38,3751.53
2026-04-25 15:00:00,9.39,9.4,9.38,9.38,21048.36
2026-04-25 15:15:00,9.39,9.39,9.38,9.38,2355.07
2026-04-25 15:30:00,9.39,9.39,9.37,9.38,7164.7
2026-04-25 15:45:00,9.39,9.39,9.32,9.34,24532.74
2026-04-25 16:00:00,9.34,9.36,9.34,9.35,19022.83
2026-04-25 16:15:00,9.36,9.37,9.34,9.35,9602.53
2026-04-25 16:30:00,9.34,9.35,9.3,9.34,26696.09
2026-04-25 16:45:00,9.34,9.34,9.33,9.33,6054.39
2026-04-25 17:00:00,9.33,9.34,9.31,9.32,13755.93
2026-04-25 17:15:00,9.31,9.33,9.29,9.29,15826.98
2026-04-25 17:30:00,9.29,9.31,9.28,9.31,16894.29
2026-04-25 17:45:00,9.3,9.31,9.3,9.3,3098.35
2026-04-25 18:00:00,9.3,9.32,9.3,9.3,8706.5
2026-04-25 18:15:00,9.31,9.32,9.29,9.32,7303.91
2026-04-25 18:30:00,9.32,9.34,9.32,9.32,2574.55
2026-04-25 18:45:00,9.33,9.34,9.31,9.31,9790.85
2026-04-25 19:00:00,9.31,9.33,9.31,9.32,2844.45
2026-04-25 19:15:00,9.32,9.32,9.3,9.3,5294.09
2026-04-25 19:30:00,9.31,9.31,9.3,9.3,1378.55
2026-04-25 19:45:00,9.31,9.32,9.3,9.3,3902.13
2026-04-25 20:00:00,9.31,9.31,9.29,9.3,7236.09
2026-04-25 20:15:00,9.3,9.32,9.3,9.3,4564.36
2026-04-25 20:30:00,9.3,9.32,9.3,9.31,10501.38
2026-04-25 20:45:00,9.32,9.33,9.31,9.33,6911.44
2026-04-25 21:00:00,9.32,9.34,9.32,9.33,9043.48
2026-04-25 21:15:00,9.33,9.35,9.32,9.34,12079.75
2026-04-25 21:30:00,9.34,9.34,9.32,9.32,7590.62
2026-04-25 21:45:00,9.32,9.33,9.32,9.33,1959.62
2026-04-25 22:00:00,9.33,9.34,9.32,9.33,1589.26
2026-04-25 22:15:00,9.32,9.35,9.32,9.35,12545.5
2026-04-25 22:30:00,9.34,9.37,9.34,9.36,6667.26
2026-04-25 22:45:00,9.36,9.37,9.34,9.34,7667.03
2026-04-25 23:00:00,9.34,9.36,9.34,9.36,5391.38
2026-04-25 23:15:00,9.35,9.36,9.34,9.35,6909.99
2026-04-25 23:30:00,9.35,9.37,9.35,9.37,5592.69
2026-04-25 23:45:00,9.37,9.37,9.36,9.36,2562.03
2026-04-26 00:00:00,9.36,9.37,9.35,9.35,12705.47
2026-04-26 00:15:00,9.35,9.36,9.34,9.35,6495.23
2026-04-26 00:30:00,9.34,9.35,9.33,9.35,7347.62
2026-04-26 00:45:00,9.35,9.36,9.32,9.33,10144.86
2026-04-26 01:00:00,9.33,9.34,9.32,9.34,5366.14
2026-04-26 01:15:00,9.34,9.34,9.32,9.32,7881.06
2026-04-26 01:30:00,9.32,9.34,9.32,9.33,2536.41
2026-04-26 01:45:00,9.33,9.34,9.31,9.32,8407.67
2026-04-26 02:00:00,9.32,9.36,9.32,9.36,7401.67
2026-04-26 02:15:00,9.36,9.37,9.34,9.36,6770.22
2026-04-26 02:30:00,9.36,9.37,9.34,9.34,5130.46
2026-04-26 02:45:00,9.34,9.35,9.33,9.35,4805.99
2026-04-26 03:00:00,9.34,9.35,9.33,9.35,2654.81
2026-04-26 03:15:00,9.36,9.36,9.34,9.34,12168.9
2026-04-26 03:30:00,9.34,9.34,9.31,9.33,8013.92
2026-04-26 03:45:00,9.32,9.34,9.32,9.34,1088.49
2026-04-26 04:00:00,9.35,9.35,9.33,9.35,7677.76
2026-04-26 04:15:00,9.35,9.35,9.33,9.33,3455.04
2026-04-26 04:30:00,9.34,9.36,9.32,9.35,7929.85
2026-04-26 04:45:00,9.36,9.4,9.36,9.37,21969.6
2026-04-26 05:00:00,9.36,9.43,9.36,9.42,35045.72
2026-04-26 05:15:00,9.42,9.44,9.41,9.41,24251.04
2026-04-26 05:30:00,9.41,9.43,9.4,9.41,6972.11
2026-04-26 05:45:00,9.41,9.41,9.4,9.4,6111.19
2026-04-26 06:00:00,9.4,9.42,9.4,9.41,11467.9
2026-04-26 06:15:00,9.42,9.42,9.39,9.41,8269.31
2026-04-26 06:30:00,9.41,9.44,9.4,9.43,17797.96
2026-04-26 06:45:00,9.42,9.43,9.4,9.42,20554.65
2026-04-26 07:00:00,9.41,9.42,9.4,9.42,3328.79
2026-04-26 07:15:00,9.41,9.43,9.41,9.42,3763.96
2026-04-26 07:30:00,9.41,9.43,9.41,9.43,18051.16
2026-04-26 07:45:00,9.42,9.44,9.42,9.43,4133.54
2026-04-26 08:00:00,9.43,9.44,9.42,9.42,11272.6
2026-04-26 08:15:00,9.42,9.43,9.41,9.43,8014.71
2026-04-26 08:30:00,9.43,9.45,9.42,9.43,14320.79
2026-04-26 08:45:00,9.43,9.44,9.42,9.44,4942.37
2026-04-26 09:00:00,9.43,9.45,9.43,9.45,10589.07
2026-04-26 09:15:00,9.45,9.45,9.44,9.44,9834.93
2026-04-26 09:30:00,9.45,9.46,9.44,9.46,15446.36
2026-04-26 09:45:00,9.46,9.46,9.45,9.45,4586.22
2026-04-26 10:00:00,9.45,9.46,9.43,9.44,8084.92
2026-04-26 10:15:00,9.44,9.46,9.44,9.45,14066.84
2026-04-26 10:30:00,9.45,9.45,9.44,9.44,1944.91
2026-04-26 10:45:00,9.44,9.46,9.44,9.45,8433.28
2026-04-26 11:00:00,9.45,9.47,9.45,9.46,10688.21
2026-04-26 11:15:00,9.46,9.51,9.45,9.5,20493.37
2026-04-26 11:30:00,9.51,9.53,9.49,9.5,28661.65
2026-04-26 11:45:00,9.49,9.5,9.48,9.48,10330.1
2026-04-26 12:00:00,9.49,9.5,9.47,9.47,5288.89
2026-04-26 12:15:00,9.47,9.5,9.46,9.46,11638.04
2026-04-26 12:30:00,9.47,9.47,9.44,9.45,8475.0
2026-04-26 12:45:00,9.45,9.45,9.42,9.43,8243.61
2026-04-26 13:00:00,9.44,9.45,9.42,9.43,6935.54
2026-04-26 13:15:00,9.43,9.45,9.42,9.43,8100.29
2026-04-26 13:30:00,9.43,9.45,9.43,9.44,6106.4
2026-04-26 13:45:00,9.44,9.44,9.41,9.41,9523.65
2026-04-26 14:00:00,9.41,9.43,9.4,9.43,5590.45
2026-04-26 14:15:00,9.42,9.48,9.42,9.46,13560.92
2026-04-26 14:30:00,9.47,9.49,9.45,9.48,14797.22
2026-04-26 14:45:00,9.48,9.49,9.46,9.47,19574.39
2026-04-26 15:00:00,9.46,9.47,9.45,9.46,3952.99
2026-04-26 15:15:00,9.47,9.49,9.46,9.49,7632.37
2026-04-26 15:30:00,9.49,9.49,9.47,9.47,13771.01
2026-04-26 15:45:00,9.47,9.49,9.46,9.49,9336.29
2026-04-26 16:00:00,9.48,9.49,9.46,9.48,18196.6
2026-04-26 16:15:00,9.47,9.48,9.47,9.47,2457.29
2026-04-26 16:30:00,9.47,9.48,9.43,9.44,26588.35
2026-04-26 16:45:00,9.44,9.45,9.43,9.43,7177.19
2026-04-26 17:00:00,9.43,9.43,9.4,9.43,25444.98
2026-04-26 17:15:00,9.43,9.44,9.42,9.43,8708.87
2026-04-26 17:30:00,9.44,9.44,9.41,9.42,8772.38
2026-04-26 17:45:00,9.42,9.44,9.42,9.43,7219.28
2026-04-26 18:00:00,9.42,9.45,9.41,9.43,41747.37
2026-04-26 18:15:00,9.43,9.5,9.42,9.48,93876.66
2026-04-26 18:30:00,9.48,9.55,9.48,9.52,92327.97
2026-04-26 18:45:00,9.52,9.54,9.48,9.48,86464.46
2026-04-26 19:00:00,9.48,9.5,9.48,9.49,4826.19
2026-04-26 19:15:00,9.5,9.52,9.46,9.47,36318.19
2026-04-26 19:30:00,9.46,9.48,9.46,9.48,4966.12
2026-04-26 19:45:00,9.48,9.49,9.47,9.48,8533.51
2026-04-26 20:00:00,9.48,9.48,9.46,9.46,4172.06
2026-04-26 20:15:00,9.46,9.48,9.46,9.47,6532.85
2026-04-26 20:30:00,9.47,9.49,9.46,9.47,12513.27
2026-04-26 20:45:00,9.47,9.48,9.45,9.45,8693.74
2026-04-26 21:00:00,9.45,9.47,9.45,9.46,4245.69
2026-04-26 21:15:00,9.46,9.47,9.45,9.46,3067.79
2026-04-26 21:30:00,9.46,9.46,9.41,9.41,41717.27
2026-04-26 21:45:00,9.41,9.47,9.39,9.46,44587.41
2026-04-26 22:00:00,9.46,9.48,9.45,9.47,52117.05
2026-04-26 22:15:00,9.48,9.51,9.46,9.47,27581.87
2026-04-26 22:30:00,9.46,9.46,9.42,9.44,20593.26
2026-04-26 22:45:00,9.44,9.47,9.44,9.45,9035.91
2026-04-26 23:00:00,9.44,9.45,9.43,9.45,7052.28
2026-04-26 23:15:00,9.45,9.47,9.43,9.44,27538.31
2026-04-26 23:30:00,9.44,9.48,9.43,9.47,15404.96
2026-04-26 23:45:00,9.47,9.5,9.45,9.45,19681.87
2026-04-27 00:00:00,9.46,9.49,9.45,9.45,16891.57
2026-04-27 00:15:00,9.45,9.46,9.42,9.43,11782.53
2026-04-27 00:30:00,9.43,9.48,9.42,9.46,7537.44
2026-04-27 00:45:00,9.47,9.51,9.46,9.51,37263.69
2026-04-27 01:00:00,9.51,9.56,9.5,9.5,39422.17
2026-04-27 01:15:00,9.51,9.52,9.47,9.49,11902.52
2026-04-27 01:30:00,9.5,9.54,9.49,9.51,12391.56
2026-04-27 01:45:00,9.52,9.56,9.52,9.55,30394.42
2026-04-27 02:00:00,9.55,9.56,9.5,9.51,9789.99
2026-04-27 02:15:00,9.52,9.54,9.51,9.53,7210.32
2026-04-27 02:30:00,9.53,9.55,9.51,9.51,14927.72
2026-04-27 02:45:00,9.52,9.55,9.52,9.54,10381.98
2026-04-27 03:00:00,9.53,9.57,9.53,9.56,16885.72
2026-04-27 03:15:00,9.55,9.56,9.53,9.54,19178.4
2026-04-27 03:30:00,9.55,9.56,9.54,9.56,11499.13
2026-04-27 03:45:00,9.56,9.56,9.51,9.51,33415.12
2026-04-27 04:00:00,9.51,9.52,9.49,9.51,15745.92
2026-04-27 04:15:00,9.51,9.52,9.5,9.51,6975.56
2026-04-27 04:30:00,9.52,9.54,9.5,9.51,10057.53
2026-04-27 04:45:00,9.51,9.51,9.48,9.5,14832.12
2026-04-27 05:00:00,9.5,9.5,9.39,9.4,58713.64
2026-04-27 05:15:00,9.4,9.4,9.31,9.32,103331.55
2026-04-27 05:30:00,9.31,9.32,9.27,9.29,60039.38
2026-04-27 05:45:00,9.29,9.31,9.27,9.29,33576.2
2026-04-27 06:00:00,9.29,9.29,9.24,9.25,66589.06
2026-04-27 06:15:00,9.26,9.3,9.26,9.28,38465.02
2026-04-27 06:30:00,9.27,9.27,9.21,9.25,41583.97
2026-04-27 06:45:00,9.25,9.27,9.23,9.26,18763.86
2026-04-27 07:00:00,9.25,9.27,9.23,9.24,20152.0
2026-04-27 07:15:00,9.24,9.27,9.24,9.25,25509.57
2026-04-27 07:30:00,9.25,9.26,9.23,9.26,22104.98
2026-04-27 07:45:00,9.26,9.27,9.23,9.23,23019.73
2026-04-27 08:00:00,9.23,9.25,9.22,9.24,25517.28
2026-04-27 08:15:00,9.24,9.26,9.22,9.22,20648.71
2026-04-27 08:30:00,9.22,9.24,9.22,9.24,15919.6
2026-04-27 08:45:00,9.24,9.26,9.23,9.25,13049.51
2026-04-27 09:00:00,9.26,9.27,9.25,9.27,17689.65
2026-04-27 09:15:00,9.27,9.28,9.24,9.25,12115.4
2026-04-27 09:30:00,9.25,9.28,9.25,9.26,19482.9
2026-04-27 09:45:00,9.25,9.26,9.25,9.26,4465.67
2026-04-27 10:00:00,9.25,9.27,9.25,9.27,7993.98
2026-04-27 10:15:00,9.27,9.27,9.25,9.26,4146.53
2026-04-27 10:30:00,9.27,9.28,9.26,9.27,4105.0
2026-04-27 10:45:00,9.26,9.28,9.26,9.26,7914.14
2026-04-27 11:00:00,9.26,9.27,9.25,9.26,16044.05
2026-04-27 11:15:00,9.25,9.28,9.24,9.26,15532.22
2026-04-27 11:30:00,9.27,9.28,9.25,9.26,15365.85
2026-04-27 11:45:00,9.26,9.27,9.25,9.27,4740.48
2026-04-27 12:00:00,9.26,9.27,9.24,9.25,9593.48
2026-04-27 12:15:00,9.25,9.26,9.24,9.25,18067.44
2026-04-27 12:30:00,9.26,9.26,9.24,9.26,5801.65
2026-04-27 12:45:00,9.25,9.26,9.24,9.24,7092.87
2026-04-27 13:00:00,9.24,9.26,9.24,9.25,12724.66
2026-04-27 13:15:00,9.26,9.26,9.24,9.25,4818.7
2026-04-27 13:30:00,9.25,9.25,9.23,9.23,20681.21
2026-04-27 13:45:00,9.24,9.25,9.19,9.24,59248.99
2026-04-27 14:00:00,9.23,9.27,9.23,9.27,17401.67
2026-04-27 14:15:00,9.27,9.28,9.26,9.26,8605.47
2026-04-27 14:30:00,9.26,9.32,9.25,9.3,60715.91
2026-04-27 14:45:00,9.3,9.31,9.26,9.27,42423.37
2026-04-27 15:00:00,9.28,9.28,9.21,9.22,52709.39
2026-04-27 15:15:00,9.22,9.22,9.08,9.13,194320.14
2026-04-27 15:30:00,9.14,9.17,9.13,9.16,28644.4
2026-04-27 15:45:00,9.16,9.16,9.12,9.13,19941.74
2026-04-27 16:00:00,9.13,9.15,9.1,9.15,44185.08
2026-04-27 16:15:00,9.14,9.18,9.14,9.15,16660.24
2026-04-27 16:30:00,9.15,9.16,9.14,9.15,11750.73
2026-04-27 16:45:00,9.15,9.16,9.14,9.16,16202.9
2026-04-27 17:00:00,9.16,9.18,9.15,9.17,3389.08
2026-04-27 17:15:00,9.17,9.2,9.15,9.19,17114.3
2026-04-27 17:30:00,9.19,9.2,9.17,9.18,10100.14
2026-04-27 17:45:00,9.19,9.19,9.17,9.17,4213.15
2026-04-27 18:00:00,9.17,9.18,9.16,9.17,8085.56
2026-04-27 18:15:00,9.18,9.2,9.17,9.17,6103.13
2026-04-27 18:30:00,9.17,9.19,9.17,9.18,2942.23
2026-04-27 18:45:00,9.18,9.21,9.18,9.19,5317.01
2026-04-27 19:00:00,9.19,9.21,9.19,9.19,6958.79
2026-04-27 19:15:00,9.2,9.2,9.15,9.15,8211.2
2026-04-27 19:30:00,9.15,9.17,9.13,9.17,33799.93
2026-04-27 19:45:00,9.17,9.18,9.17,9.18,5948.17
2026-04-27 20:00:00,9.17,9.2,9.17,9.17,10417.24
2026-04-27 20:15:00,9.17,9.19,9.17,9.17,2714.6
2026-04-27 20:30:00,9.18,9.19,9.17,9.18,6868.91
2026-04-27 20:45:00,9.18,9.18,9.17,9.17,5826.63
2026-04-27 21:00:00,9.17,9.18,9.16,9.18,6853.96
2026-04-27 21:15:00,9.17,9.18,9.16,9.17,2722.09
2026-04-27 21:30:00,9.18,9.2,9.17,9.18,6009.57
2026-04-27 21:45:00,9.19,9.19,9.17,9.18,4985.97
2026-04-27 22:00:00,9.18,9.19,9.16,9.19,6714.98
2026-04-27 22:15:00,9.19,9.2,9.17,9.2,6912.68
2026-04-27 22:30:00,9.2,9.22,9.2,9.22,12691.96
2026-04-27 22:45:00,9.22,9.23,9.22,9.22,2201.98
2026-04-27 23:00:00,9.22,9.23,9.22,9.23,4271.51
2026-04-27 23:15:00,9.22,9.25,9.22,9.25,26827.76
2026-04-27 23:30:00,9.25,9.26,9.24,9.25,16635.54
2026-04-27 23:45:00,9.26,9.28,9.24,9.27,18276.03
2026-04-28 00:00:00,9.26,9.27,9.23,9.25,33995.01
2026-04-28 00:15:00,9.24,9.26,9.23,9.23,5626.53
2026-04-28 00:30:00,9.24,9.26,9.23,9.25,9051.91
2026-04-28 00:45:00,9.25,9.27,9.24,9.26,4869.92
2026-04-28 01:00:00,9.25,9.26,9.24,9.26,7616.52
2026-04-28 01:15:00,9.25,9.26,9.23,9.25,18403.99
2026-04-28 01:30:00,9.25,9.26,9.23,9.24,9555.59
2026-04-28 01:45:00,9.25,9.27,9.25,9.25,7909.5
2026-04-28 02:00:00,9.25,9.26,9.24,9.25,4947.8
2026-04-28 02:15:00,9.25,9.28,9.24,9.25,14347.02
2026-04-28 02:30:00,9.25,9.25,9.2,9.21,13798.85
2026-04-28 02:45:00,9.2,9.22,9.2,9.21,5753.72
2026-04-28 03:00:00,9.22,9.22,9.2,9.21,9108.52
2026-04-28 03:15:00,9.22,9.22,9.2,9.21,4798.23
2026-04-28 03:30:00,9.21,9.22,9.2,9.22,7237.98
2026-04-28 03:45:00,9.21,9.23,9.21,9.22,1792.42
2026-04-28 04:00:00,9.22,9.23,9.21,9.23,3748.11
2026-04-28 04:15:00,9.23,9.25,9.21,9.22,14131.18
2026-04-28 04:30:00,9.22,9.23,9.21,9.23,1840.05
2026-04-28 04:45:00,9.23,9.23,9.22,9.22,1457.93
2026-04-28 05:00:00,9.22,9.25,9.21,9.23,8838.11
2026-04-28 05:15:00,9.22,9.26,9.22,9.25,2902.87
2026-04-28 05:30:00,9.25,9.25,9.22,9.23,7783.68
2026-04-28 05:45:00,9.24,9.24,9.22,9.22,3090.29
2026-04-28 06:00:00,9.23,9.25,9.22,9.24,3661.56
2026-04-28 06:15:00,9.24,9.24,9.21,9.21,3315.21
2026-04-28 06:30:00,9.22,9.22,9.16,9.17,20170.13
2026-04-28 06:45:00,9.17,9.19,9.16,9.19,4284.85
2026-04-28 07:00:00,9.18,9.19,9.16,9.17,10422.51
2026-04-28 07:15:00,9.17,9.17,9.14,9.15,10789.37
2026-04-28 07:30:00,9.16,9.19,9.15,9.18,10090.76
2026-04-28 07:45:00,9.18,9.18,9.17,9.18,13980.28
2026-04-28 08:00:00,9.17,9.18,9.16,9.18,29170.19
2026-04-28 08:15:00,9.18,9.21,9.18,9.2,6665.73
2026-04-28 08:30:00,9.2,9.21,9.19,9.2,15512.91
2026-04-28 08:45:00,9.19,9.19,9.17,9.18,5459.06
2026-04-28 09:00:00,9.19,9.19,9.17,9.18,8565.06
2026-04-28 09:15:00,9.18,9.18,9.17,9.17,5229.24
2026-04-28 09:30:00,9.17,9.18,9.16,9.16,38461.64
2026-04-28 09:45:00,9.16,9.17,9.13,9.15,21767.01
2026-04-28 10:00:00,9.16,9.19,9.15,9.15,8169.0
2026-04-28 10:15:00,9.15,9.18,9.15,9.17,9872.25
2026-04-28 10:30:00,9.18,9.2,9.17,9.19,4864.17
2026-04-28 10:45:00,9.19,9.21,9.19,9.21,9155.71
2026-04-28 11:00:00,9.22,9.23,9.14,9.14,68623.05
2026-04-28 11:15:00,9.14,9.15,9.12,9.15,63147.99
2026-04-28 11:30:00,9.15,9.17,9.12,9.15,35249.78
2026-04-28 11:45:00,9.15,9.16,9.13,9.15,12847.39
2026-04-28 12:00:00,9.16,9.17,9.14,9.16,19427.67
2026-04-28 12:15:00,9.16,9.19,9.14,9.14,31338.08
2026-04-28 12:30:00,9.15,9.18,9.14,9.18,4496.19
2026-04-28 12:45:00,9.18,9.2,9.18,9.19,9756.43
2026-04-28 13:00:00,9.2,9.2,9.13,9.15,12334.62
2026-04-28 13:15:00,9.16,9.19,9.14,9.18,57249.3
2026-04-28 13:30:00,9.18,9.21,9.16,9.2,17763.84
2026-04-28 13:45:00,9.2,9.23,9.18,9.19,20813.07
2026-04-28 14:00:00,9.19,9.2,9.16,9.17,7882.62
2026-04-28 14:15:00,9.17,9.18,9.13,9.14,9334.65
2026-04-28 14:30:00,9.14,9.15,9.11,9.14,25035.04
2026-04-28 14:45:00,9.14,9.17,9.12,9.17,13351.11
2026-04-28 15:00:00,9.17,9.2,9.16,9.17,13502.78
2026-04-28 15:15:00,9.16,9.17,9.14,9.15,17278.23
2026-04-28 15:30:00,9.15,9.16,9.13,9.14,10996.21
2026-04-28 15:45:00,9.14,9.17,9.14,9.17,21909.57
2026-04-28 16:00:00,9.16,9.18,9.15,9.17,10181.62
2026-04-28 16:15:00,9.16,9.18,9.16,9.17,3271.15
2026-04-28 16:30:00,9.17,9.17,9.14,9.15,9854.62
2026-04-28 16:45:00,9.15,9.18,9.14,9.17,14450.95
2026-04-28 17:00:00,9.16,9.17,9.14,9.15,8014.84
2026-04-28 17:15:00,9.15,9.16,9.13,9.15,6083.82
2026-04-28 17:30:00,9.16,9.2,9.15,9.18,8322.17
2026-04-28 17:45:00,9.18,9.18,9.16,9.16,11475.13
2026-04-28 18:00:00,9.16,9.18,9.16,9.16,22617.71
2026-04-28 18:15:00,9.16,9.19,9.16,9.16,14980.65
2026-04-28 18:30:00,9.16,9.17,9.13,9.14,28034.07
2026-04-28 18:45:00,9.13,9.17,9.12,9.17,20189.51
2026-04-28 19:00:00,9.17,9.17,9.14,9.15,6670.91
2026-04-28 19:15:00,9.14,9.17,9.14,9.16,4378.82
2026-04-28 19:30:00,9.17,9.18,9.15,9.17,5093.47
2026-04-28 19:45:00,9.18,9.19,9.17,9.18,16494.49
2026-04-28 20:00:00,9.19,9.2,9.17,9.18,18377.51
2026-04-28 20:15:00,9.18,9.19,9.17,9.17,6994.65
2026-04-28 20:30:00,9.18,9.19,9.17,9.17,6570.0
2026-04-28 20:45:00,9.17,9.19,9.17,9.18,5397.16
2026-04-28 21:00:00,9.19,9.21,9.17,9.18,16696.39
2026-04-28 21:15:00,9.18,9.19,9.17,9.18,9789.89
2026-04-28 21:30:00,9.17,9.19,9.17,9.17,10300.01
2026-04-28 21:45:00,9.17,9.19,9.17,9.18,5550.67
2026-04-28 22:00:00,9.18,9.2,9.17,9.18,9432.46
2026-04-28 22:15:00,9.18,9.18,9.17,9.18,2285.6
2026-04-28 22:30:00,9.18,9.18,9.16,9.17,15131.47
2026-04-28 22:45:00,9.17,9.17,9.15,9.16,12205.48
2026-04-28 23:00:00,9.17,9.17,9.16,9.17,5464.9
2026-04-28 23:15:00,9.17,9.17,9.15,9.17,3421.49
2026-04-28 23:30:00,9.17,9.17,9.16,9.17,2151.0
2026-04-28 23:45:00,9.17,9.18,9.16,9.17,4148.3
2026-04-29 00:00:00,9.17,9.18,9.16,9.17,11150.4
2026-04-29 00:15:00,9.17,9.18,9.15,9.16,3895.98
2026-04-29 00:30:00,9.16,9.17,9.15,9.17,5172.81
2026-04-29 00:45:00,9.17,9.18,9.16,9.18,1468.08
2026-04-29 01:00:00,9.17,9.18,9.14,9.16,25265.97
2026-04-29 01:15:00,9.15,9.17,9.14,9.16,4773.48
2026-04-29 01:30:00,9.15,9.17,9.14,9.17,5006.5
2026-04-29 01:45:00,9.17,9.19,9.16,9.18,9353.17
2026-04-29 02:00:00,9.18,9.2,9.17,9.19,5460.47
2026-04-29 02:15:00,9.18,9.19,9.17,9.18,3762.07
2026-04-29 02:30:00,9.18,9.18,9.15,9.16,12988.38
2026-04-29 02:45:00,9.17,9.19,9.17,9.18,5615.22
2026-04-29 03:00:00,9.18,9.2,9.18,9.2,2467.44
2026-04-29 03:15:00,9.2,9.25,9.2,9.24,28355.17
2026-04-29 03:30:00,9.24,9.26,9.21,9.26,30204.71
2026-04-29 03:45:00,9.26,9.26,9.24,9.26,7884.99
2026-04-29 04:00:00,9.26,9.27,9.24,9.25,9828.89
2026-04-29 04:15:00,9.24,9.29,9.24,9.28,19077.07
2026-04-29 04:30:00,9.27,9.35,9.27,9.32,55936.52
2026-04-29 04:45:00,9.33,9.35,9.32,9.34,15938.28
2026-04-29 05:00:00,9.34,9.35,9.32,9.33,27916.63
2026-04-29 05:15:00,9.33,9.35,9.33,9.35,18182.11
2026-04-29 05:30:00,9.34,9.35,9.32,9.32,18202.36
2026-04-29 05:45:00,9.33,9.35,9.33,9.33,8553.36
2026-04-29 06:00:00,9.33,9.35,9.32,9.33,11769.75
2026-04-29 06:15:00,9.34,9.34,9.32,9.34,3390.33
2026-04-29 06:30:00,9.34,9.34,9.3,9.31,11662.55
2026-04-29 06:45:00,9.31,9.32,9.28,9.3,8500.47
2026-04-29 07:00:00,9.3,9.31,9.28,9.3,18165.69
2026-04-29 07:15:00,9.29,9.3,9.28,9.3,8285.56
2026-04-29 07:30:00,9.3,9.33,9.29,9.3,11320.36
2026-04-29 07:45:00,9.31,9.31,9.29,9.3,8831.69
2026-04-29 08:00:00,9.3,9.3,9.27,9.27,13607.43
2026-04-29 08:15:00,9.28,9.28,9.26,9.28,5878.57
2026-04-29 08:30:00,9.28,9.28,9.25,9.28,19538.14
2026-04-29 08:45:00,9.28,9.28,9.26,9.27,4034.78
2026-04-29 09:00:00,9.26,9.28,9.25,9.28,7018.75
2026-04-29 09:15:00,9.27,9.31,9.27,9.29,9588.8
2026-04-29 09:30:00,9.29,9.34,9.29,9.32,36258.53
2026-04-29 09:45:00,9.31,9.42,9.31,9.4,70178.63
2026-04-29 10:00:00,9.4,9.43,9.4,9.43,51883.76
2026-04-29 10:15:00,9.42,9.45,9.4,9.43,33548.38
2026-04-29 10:30:00,9.42,9.43,9.36,9.38,27013.72
2026-04-29 10:45:00,9.39,9.41,9.38,9.4,19233.75
2026-04-29 11:00:00,9.39,9.4,9.36,9.37,15861.94
2026-04-29 11:15:00,9.36,9.38,9.34,9.35,18740.19
2026-04-29 11:30:00,9.35,9.37,9.33,9.35,10253.59
2026-04-29 11:45:00,9.35,9.37,9.34,9.35,15892.63
2026-04-29 12:00:00,9.34,9.35,9.26,9.26,84441.19
2026-04-29 12:15:00,9.26,9.27,9.2,9.23,73598.18
2026-04-29 12:30:00,9.24,9.26,9.21,9.25,9665.59
2026-04-29 12:45:00,9.25,9.27,9.24,9.27,6513.66
2026-04-29 13:00:00,9.26,9.28,9.24,9.26,22344.47
2026-04-29 13:15:00,9.26,9.27,9.2,9.21,23505.43
2026-04-29 13:30:00,9.21,9.22,9.17,9.19,27883.0
2026-04-29 13:45:00,9.19,9.23,9.16,9.22,33337.94
2026-04-29 14:00:00,9.21,9.21,9.17,9.19,14166.92
2026-04-29 14:15:00,9.19,9.24,9.18,9.23,9929.08
2026-04-29 14:30:00,9.23,9.24,9.2,9.21,6192.84
2026-04-29 14:45:00,9.21,9.22,9.19,9.2,16550.06
2026-04-29 15:00:00,9.19,9.21,9.11,9.14,34155.48
2026-04-29 15:15:00,9.13,9.18,9.12,9.17,14377.88
2026-04-29 15:30:00,9.16,9.18,9.12,9.12,30616.54
2026-04-29 15:45:00,9.13,9.14,9.08,9.12,79189.68
2026-04-29 16:00:00,9.12,9.16,9.11,9.14,33887.32
2026-04-29 16:15:00,9.15,9.16,9.12,9.13,24794.04
2026-04-29 16:30:00,9.13,9.14,9.1,9.13,11428.77
2026-04-29 16:45:00,9.13,9.13,9.1,9.12,6889.97
2026-04-29 17:00:00,9.12,9.14,9.11,9.13,8260.85
2026-04-29 17:15:00,9.12,9.16,9.11,9.14,15742.79
2026-04-29 17:30:00,9.13,9.15,9.13,9.15,2786.63
2026-04-29 17:45:00,9.15,9.19,9.14,9.18,10210.17
2026-04-29 18:00:00,9.19,9.19,8.92,8.99,277131.69
2026-04-29 18:15:00,8.98,9.02,8.94,8.96,114713.04
2026-04-29 18:30:00,8.96,9.03,8.92,9.01,109000.44
2026-04-29 18:45:00,9.01,9.07,9.01,9.07,30793.33
2026-04-29 19:00:00,9.07,9.08,9.04,9.08,41664.66
2026-04-29 19:15:00,9.07,9.08,9.05,9.07,21499.07
2026-04-29 19:30:00,9.07,9.07,9.02,9.05,33183.12
2026-04-29 19:45:00,9.06,9.07,9.05,9.06,9903.4
2026-04-29 20:00:00,9.06,9.09,9.05,9.06,46520.24
2026-04-29 20:15:00,9.07,9.1,9.07,9.1,17625.3
2026-04-29 20:30:00,9.09,9.12,9.09,9.12,13872.46
2026-04-29 20:45:00,9.12,9.13,9.1,9.1,7624.81
2026-04-29 21:00:00,9.1,9.13,9.09,9.13,21648.3
2026-04-29 21:15:00,9.12,9.15,9.12,9.14,16932.4
2026-04-29 21:30:00,9.13,9.15,9.13,9.15,9527.15
2026-04-29 21:45:00,9.14,9.16,9.12,9.13,12168.63
2026-04-29 22:00:00,9.12,9.14,9.11,9.14,7816.85
2026-04-29 22:15:00,9.14,9.14,9.1,9.1,13521.96
2026-04-29 22:30:00,9.1,9.13,9.1,9.13,5052.84
2026-04-29 22:45:00,9.13,9.13,9.11,9.12,4266.61
2026-04-29 23:00:00,9.12,9.13,9.1,9.13,7104.91
2026-04-29 23:15:00,9.12,9.13,9.09,9.1,29594.77
2026-04-29 23:30:00,9.1,9.13,9.1,9.13,10609.11
2026-04-29 23:45:00,9.13,9.13,9.12,9.12,5107.76
2026-04-30 00:00:00,9.12,9.15,9.12,9.12,15772.07
2026-04-30 00:15:00,9.12,9.15,9.12,9.14,8010.83
2026-04-30 00:30:00,9.14,9.2,9.14,9.16,18481.46
2026-04-30 00:45:00,9.17,9.23,9.17,9.21,41796.92
2026-04-30 01:00:00,9.22,9.22,9.18,9.18,16005.97
2026-04-30 01:15:00,9.18,9.2,9.17,9.2,4007.0
2026-04-30 01:30:00,9.19,9.21,9.18,9.19,6614.46
2026-04-30 01:45:00,9.2,9.22,9.19,9.19,13514.05
2026-04-30 02:00:00,9.2,9.22,9.19,9.2,7748.08
2026-04-30 02:15:00,9.2,9.22,9.18,9.19,26685.21
2026-04-30 02:30:00,9.18,9.18,9.1,9.1,53604.38
2026-04-30 02:45:00,9.1,9.13,9.09,9.12,14520.92
2026-04-30 03:00:00,9.12,9.13,9.12,9.13,5163.9
2026-04-30 03:15:00,9.13,9.15,9.12,9.15,24731.99
2026-04-30 03:30:00,9.15,9.17,9.14,9.16,6198.01
2026-04-30 03:45:00,9.16,9.17,9.16,9.16,2101.8
2026-04-30 04:00:00,9.17,9.17,9.13,9.14,16585.14
2026-04-30 04:15:00,9.14,9.14,9.12,9.13,2285.63
2026-04-30 04:30:00,9.13,9.13,9.08,9.09,34416.13
2026-04-30 04:45:00,9.09,9.1,9.08,9.08,5722.06
2026-04-30 05:00:00,9.09,9.12,9.08,9.11,9317.59
2026-04-30 05:15:00,9.12,9.12,9.05,9.07,8723.39
2026-04-30 05:30:00,9.08,9.12,9.08,9.11,12915.9
2026-04-30 05:45:00,9.12,9.12,9.09,9.09,6787.24
2026-04-30 06:00:00,9.1,9.11,9.08,9.08,5038.5
2026-04-30 06:15:00,9.09,9.1,9.08,9.08,7436.52
2026-04-30 06:30:00,9.09,9.13,9.09,9.1,8394.73
2026-04-30 06:45:00,9.1,9.12,9.09,9.11,4868.74
2026-04-30 07:00:00,9.11,9.13,9.09,9.11,16780.75
2026-04-30 07:15:00,9.12,9.12,9.11,9.12,7728.19
2026-04-30 07:30:00,9.13,9.15,9.13,9.14,14699.97
2026-04-30 07:45:00,9.15,9.16,9.13,9.15,9804.43
2026-04-30 08:00:00,9.16,9.17,9.14,9.15,36325.08
2026-04-30 08:15:00,9.15,9.17,9.14,9.15,8636.44
2026-04-30 08:30:00,9.16,9.17,9.15,9.17,3728.26
2026-04-30 08:45:00,9.17,9.17,9.15,9.15,6082.9
2026-04-30 09:00:00,9.15,9.16,9.14,9.15,3924.3
2026-04-30 09:15:00,9.15,9.2,9.15,9.19,40458.24
2026-04-30 09:30:00,9.2,9.23,9.18,9.19,22099.5
2026-04-30 09:45:00,9.19,9.2,9.18,9.18,14534.76
2026-04-30 10:00:00,9.18,9.19,9.16,9.16,14960.94
2026-04-30 10:15:00,9.16,9.17,9.13,9.13,6347.23
2026-04-30 10:30:00,9.14,9.15,9.14,9.14,22200.57
2026-04-30 10:45:00,9.15,9.15,9.13,9.14,3846.68
2026-04-30 11:00:00,9.15,9.19,9.13,9.17,18114.69
2026-04-30 11:15:00,9.18,9.19,9.16,9.16,1806.04
2026-04-30 11:30:00,9.17,9.17,9.12,9.13,8773.72
2026-04-30 11:45:00,9.13,9.15,9.11,9.14,21747.64
2026-04-30 12:00:00,9.15,9.16,9.13,9.14,3106.67
2026-04-30 12:15:00,9.15,9.18,9.14,9.16,8982.95
2026-04-30 12:30:00,9.16,9.17,9.14,9.14,9820.59
2026-04-30 12:45:00,9.14,9.15,9.13,9.13,5117.73
2026-04-30 13:00:00,9.13,9.14,9.12,9.12,7368.26
2026-04-30 13:15:00,9.12,9.14,9.1,9.1,11955.8
2026-04-30 13:30:00,9.1,9.16,9.09,9.15,32242.99
2026-04-30 13:45:00,9.15,9.15,9.12,9.13,11177.82
2026-04-30 14:00:00,9.13,9.16,9.11,9.13,13501.1
2026-04-30 14:15:00,9.13,9.13,9.08,9.13,30919.83
2026-04-30 14:30:00,9.14,9.16,9.12,9.13,19565.89
2026-04-30 14:45:00,9.14,9.16,9.11,9.12,31249.67
2026-04-30 15:00:00,9.12,9.13,9.09,9.13,19140.33
2026-04-30 15:15:00,9.14,9.14,9.11,9.13,13596.63
2026-04-30 15:30:00,9.14,9.17,9.12,9.13,33740.2
2026-04-30 15:45:00,9.12,9.16,9.12,9.13,11935.4
2026-04-30 16:00:00,9.14,9.14,9.12,9.13,6285.56
2026-04-30 16:15:00,9.14,9.14,9.09,9.11,13886.77
2026-04-30 16:30:00,9.1,9.11,9.09,9.11,6574.92
2026-04-30 16:45:00,9.11,9.12,9.08,9.1,9061.53
2026-04-30 17:00:00,9.09,9.11,9.09,9.1,5312.74
2026-04-30 17:15:00,9.1,9.1,9.07,9.08,9362.34
2026-04-30 17:30:00,9.09,9.11,9.08,9.09,5615.73
2026-04-30 17:45:00,9.09,9.11,9.08,9.1,4237.0
2026-04-30 18:00:00,9.09,9.12,9.09,9.09,5994.82
2026-04-30 18:15:00,9.1,9.13,9.09,9.09,6954.67
2026-04-30 18:30:00,9.09,9.12,9.08,9.11,8959.62
2026-04-30 18:45:00,9.12,9.12,9.1,9.1,3709.07
2026-04-30 19:00:00,9.1,9.13,9.09,9.13,11355.97
2026-04-30 19:15:00,9.13,9.13,9.11,9.12,2842.14
2026-04-30 19:30:00,9.12,9.13,9.11,9.12,11039.61
2026-04-30 19:45:00,9.12,9.12,9.1,9.1,5154.28
2026-04-30 20:00:00,9.11,9.11,9.09,9.1,3959.58
2026-04-30 20:15:00,9.1,9.12,9.09,9.1,6476.97
2026-04-30 20:30:00,9.1,9.12,9.1,9.11,19034.48
2026-04-30 20:45:00,9.11,9.11,9.09,9.09,5244.59
2026-04-30 21:00:00,9.09,9.11,9.09,9.1,3634.91
2026-04-30 21:15:00,9.11,9.11,9.08,9.09,7995.94
2026-04-30 21:30:00,9.08,9.11,9.08,9.11,4041.93
2026-04-30 21:45:00,9.1,9.1,9.08,9.09,7847.69
2026-04-30 22:00:00,9.09,9.09,9.08,9.09,3294.56
2026-04-30 22:15:00,9.09,9.1,9.08,9.08,18173.03
2026-04-30 22:30:00,9.08,9.09,9.06,9.07,14580.72
2026-04-30 22:45:00,9.07,9.08,9.06,9.06,4569.57
2026-04-30 23:00:00,9.07,9.08,9.06,9.08,7794.21
2026-04-30 23:15:00,9.08,9.09,9.07,9.09,1730.05
2026-04-30 23:30:00,9.09,9.1,9.08,9.08,2388.68
2026-04-30 23:45:00,9.08,9.1,9.08,9.09,3896.02
2026-05-01 00:00:00,9.1,9.12,9.09,9.12,7097.58
2026-05-01 00:15:00,9.12,9.14,9.11,9.12,7031.32
2026-05-01 00:30:00,9.11,9.13,9.11,9.11,7377.01
2026-05-01 00:45:00,9.12,9.14,9.1,9.1,3008.16
2026-05-01 01:00:00,9.11,9.14,9.11,9.13,7737.82
2026-05-01 01:15:00,9.13,9.13,9.11,9.11,3419.95
2026-05-01 01:30:00,9.12,9.12,9.1,9.11,2307.46
2026-05-01 01:45:00,9.11,9.14,9.11,9.13,11071.78
2026-05-01 02:00:00,9.12,9.13,9.12,9.12,3218.37
2026-05-01 02:15:00,9.12,9.12,9.1,9.1,6924.36
2026-05-01 02:30:00,9.1,9.11,9.09,9.11,1802.91
2026-05-01 02:45:00,9.11,9.12,9.1,9.11,5850.28
2026-05-01 03:00:00,9.11,9.12,9.1,9.11,5909.68
2026-05-01 03:15:00,9.11,9.21,9.11,9.18,43251.19
2026-05-01 03:30:00,9.17,9.19,9.16,9.17,10226.95
2026-05-01 03:45:00,9.16,9.17,9.15,9.15,3095.77
2026-05-01 04:00:00,9.16,9.18,9.15,9.17,21972.48
2026-05-01 04:15:00,9.17,9.18,9.12,9.14,17869.05
2026-05-01 04:30:00,9.14,9.14,9.12,9.13,4387.06
2026-05-01 04:45:00,9.13,9.14,9.12,9.12,3381.85
2026-05-01 05:00:00,9.12,9.14,9.1,9.14,4740.75
2026-05-01 05:15:00,9.14,9.14,9.12,9.12,1216.72
2026-05-01 05:30:00,9.12,9.13,9.11,9.12,8794.7
2026-05-01 05:45:00,9.12,9.13,9.11,9.12,3835.47
2026-05-01 06:00:00,9.12,9.13,9.11,9.12,5332.5
2026-05-01 06:15:00,9.12,9.13,9.11,9.11,6674.71
2026-05-01 06:30:00,9.12,9.12,9.08,9.1,10032.11
2026-05-01 06:45:00,9.1,9.1,9.06,9.09,15515.53
2026-05-01 07:00:00,9.08,9.1,9.07,9.09,8777.3
2026-05-01 07:15:00,9.09,9.11,9.08,9.09,7850.2
2026-05-01 07:30:00,9.08,9.1,9.08,9.1,3637.14
2026-05-01 07:45:00,9.09,9.12,9.09,9.1,3966.97
2026-05-01 08:00:00,9.1,9.13,9.1,9.13,7173.17
2026-05-01 08:15:00,9.13,9.15,9.12,9.15,20632.86
2026-05-01 08:30:00,9.14,9.15,9.12,9.12,6972.38
2026-05-01 08:45:00,9.13,9.14,9.12,9.14,1387.18
2026-05-01 09:00:00,9.14,9.14,9.12,9.13,8059.85
2026-05-01 09:15:00,9.12,9.13,9.1,9.11,5177.29
2026-05-01 09:30:00,9.11,9.12,9.1,9.11,8981.89
2026-05-01 09:45:00,9.1,9.11,9.08,9.11,29572.9
2026-05-01 10:00:00,9.11,9.11,9.06,9.08,11529.67
2026-05-01 10:15:00,9.08,9.12,9.08,9.1,7118.34
2026-05-01 10:30:00,9.1,9.11,9.09,9.1,2872.24
2026-05-01 10:45:00,9.11,9.11,9.09,9.11,4686.29
2026-05-01 11:00:00,9.12,9.12,9.11,9.12,4177.27
2026-05-01 11:15:00,9.11,9.13,9.1,9.11,10035.89
2026-05-01 11:30:00,9.1,9.11,9.09,9.11,10896.73
2026-05-01 11:45:00,9.11,9.13,9.1,9.13,5550.55
2026-05-01 12:00:00,9.12,9.15,9.11,9.14,11591.1
2026-05-01 12:15:00,9.13,9.18,9.13,9.17,31817.18
2026-05-01 12:30:00,9.18,9.2,9.17,9.17,27368.0
2026-05-01 12:45:00,9.17,9.18,9.16,9.16,13779.78
2026-05-01 13:00:00,9.17,9.2,9.17,9.18,20684.9
2026-05-01 13:15:00,9.18,9.2,9.18,9.18,9743.24
2026-05-01 13:30:00,9.17,9.22,9.17,9.2,26102.0
2026-05-01 13:45:00,9.2,9.26,9.19,9.25,49148.8
2026-05-01 14:00:00,9.25,9.27,9.23,9.25,38421.53
2026-05-01 14:15:00,9.24,9.26,9.21,9.23,13142.29
2026-05-01 14:30:00,9.24,9.24,9.18,9.21,22620.43
2026-05-01 14:45:00,9.2,9.24,9.2,9.22,10090.12
2026-05-01 15:00:00,9.21,9.22,9.17,9.19,10856.69
2026-05-01 15:15:00,9.19,9.21,9.19,9.2,15028.24
2026-05-01 15:30:00,9.21,9.24,9.2,9.21,21019.45
2026-05-01 15:45:00,9.21,9.21,9.16,9.2,77526.88
2026-05-01 16:00:00,9.2,9.22,9.18,9.18,11055.94
2026-05-01 16:15:00,9.18,9.18,9.15,9.16,15233.63
2026-05-01 16:30:00,9.16,9.18,9.14,9.17,16446.08
2026-05-01 16:45:00,9.17,9.19,9.16,9.17,28381.09
2026-05-01 17:00:00,9.16,9.17,9.13,9.17,19142.87
2026-05-01 17:15:00,9.18,9.18,9.15,9.15,7555.74
2026-05-01 17:30:00,9.16,9.18,9.14,9.17,12391.54
2026-05-01 17:45:00,9.16,9.19,9.15,9.19,22317.49
2026-05-01 18:00:00,9.19,9.19,9.17,9.18,8023.11
2026-05-01 18:15:00,9.17,9.19,9.16,9.18,10196.6
2026-05-01 18:30:00,9.17,9.18,9.16,9.17,9386.55
2026-05-01 18:45:00,9.16,9.18,9.16,9.17,2523.74
2026-05-01 19:00:00,9.17,9.18,9.15,9.18,16052.18
2026-05-01 19:15:00,9.17,9.19,9.15,9.17,14595.55
2026-05-01 19:30:00,9.17,9.17,9.15,9.15,3692.62
2026-05-01 19:45:00,9.16,9.16,9.15,9.16,9579.02
2026-05-01 20:00:00,9.15,9.16,9.14,9.15,8089.25
2026-05-01 20:15:00,9.14,9.14,9.11,9.12,17132.32
2026-05-01 20:30:00,9.12,9.13,9.1,9.11,6643.15
2026-05-01 20:45:00,9.11,9.11,9.07,9.08,17860.36
2026-05-01 21:00:00,9.08,9.1,9.08,9.1,10439.63
2026-05-01 21:15:00,9.1,9.11,9.09,9.09,3638.41
2026-05-01 21:30:00,9.1,9.13,9.09,9.1,9249.14
2026-05-01 21:45:00,9.11,9.12,9.1,9.11,19531.9
2026-05-01 22:00:00,9.11,9.13,9.11,9.11,19493.76
2026-05-01 22:15:00,9.12,9.13,9.11,9.12,4322.54
2026-05-01 22:30:00,9.11,9.12,9.09,9.1,11030.48
2026-05-01 22:45:00,9.1,9.1,9.08,9.09,10188.57
2026-05-01 23:00:00,9.09,9.1,9.08,9.08,5677.2
2026-05-01 23:15:00,9.09,9.09,9.06,9.06,14715.81
2026-05-01 23:30:00,9.07,9.09,9.06,9.08,12695.23
2026-05-01 23:45:00,9.08,9.09,9.08,9.08,6634.57
2026-05-02 00:00:00,9.09,9.1,9.08,9.09,4657.41
2026-05-02 00:15:00,9.09,9.1,9.07,9.08,11972.45
2026-05-02 00:30:00,9.09,9.1,9.08,9.1,7431.96
2026-05-02 00:45:00,9.1,9.11,9.09,9.09,3827.07
2026-05-02 01:00:00,9.09,9.11,9.09,9.1,7634.08
2026-05-02 01:15:00,9.1,9.1,9.08,9.1,7815.77
2026-05-02 01:30:00,9.1,9.12,9.1,9.11,2331.96
2026-05-02 01:45:00,9.11,9.11,9.1,9.11,1840.3
2026-05-02 02:00:00,9.1,9.12,9.09,9.11,10874.18
2026-05-02 02:15:00,9.11,9.12,9.1,9.1,6479.89
2026-05-02 02:30:00,9.11,9.12,9.1,9.11,4300.41
2026-05-02 02:45:00,9.11,9.13,9.1,9.11,5420.15
2026-05-02 03:00:00,9.11,9.12,9.09,9.1,9930.6
2026-05-02 03:15:00,9.11,9.13,9.1,9.13,4588.23
2026-05-02 03:30:00,9.13,9.14,9.12,9.12,7838.07
2026-05-02 03:45:00,9.13,9.14,9.11,9.12,5549.66
2026-05-02 04:00:00,9.13,9.13,9.09,9.11,4705.21
2026-05-02 04:15:00,9.1,9.11,9.1,9.1,737.92
2026-05-02 04:30:00,9.11,9.11,9.08,9.09,3313.32
2026-05-02 04:45:00,9.09,9.1,9.07,9.08,17576.8
2026-05-02 05:00:00,9.09,9.1,9.07,9.07,1824.9
2026-05-02 05:15:00,9.07,9.08,9.06,9.07,9380.66
2026-05-02 05:30:00,9.08,9.09,9.07,9.08,1507.23
2026-05-02 05:45:00,9.09,9.1,9.07,9.08,6014.66
2026-05-02 06:00:00,9.07,9.1,9.07,9.08,13182.01
2026-05-02 06:15:00,9.08,9.09,9.07,9.07,5151.78
2026-05-02 06:30:00,9.08,9.09,9.07,9.09,875.78
2026-05-02 06:45:00,9.09,9.11,9.09,9.1,8597.32
2026-05-02 07:00:00,9.11,9.11,9.1,9.11,362.66
2026-05-02 07:15:00,9.11,9.11,9.09,9.1,2685.41
2026-05-02 07:30:00,9.1,9.1,9.09,9.1,1827.21
2026-05-02 07:45:00,9.1,9.1,9.09,9.1,727.21
2026-05-02 08:00:00,9.09,9.1,9.08,9.1,11575.94
2026-05-02 08:15:00,9.09,9.1,9.08,9.1,1729.24
2026-05-02 08:30:00,9.1,9.1,9.09,9.09,1561.8
2026-05-02 08:45:00,9.1,9.1,9.09,9.09,3492.1
2026-05-02 09:00:00,9.1,9.11,9.09,9.1,1645.48
2026-05-02 09:15:00,9.11,9.12,9.1,9.11,7819.15
2026-05-02 09:30:00,9.1,9.13,9.09,9.12,6615.1
2026-05-02 09:45:00,9.12,9.12,9.11,9.11,2370.67
2026-05-02 10:00:00,9.11,9.12,9.11,9.11,703.02
2026-05-02 10:15:00,9.11,9.13,9.1,9.12,7202.53
2026-05-02 10:30:00,9.11,9.13,9.1,9.12,6840.39
2026-05-02 10:45:00,9.12,9.13,9.11,9.13,1346.22
2026-05-02 11:00:00,9.12,9.12,9.11,9.12,2074.35
2026-05-02 11:15:00,9.12,9.12,9.11,9.11,1537.56
2026-05-02 11:30:00,9.12,9.12,9.07,9.08,14231.28
2026-05-02 11:45:00,9.09,9.09,9.07,9.08,4144.67
2026-05-02 12:00:00,9.09,9.09,9.08,9.09,2973.4
2026-05-02 12:15:00,9.09,9.11,9.08,9.1,7423.79
2026-05-02 12:30:00,9.1,9.1,9.08,9.09,8813.66
2026-05-02 12:45:00,9.1,9.1,9.08,9.08,6851.41
2026-05-02 13:00:00,9.09,9.12,9.08,9.11,11904.88
2026-05-02 13:15:00,9.11,9.11,9.1,9.11,3533.5
2026-05-02 13:30:00,9.11,9.11,9.09,9.1,7789.99
2026-05-02 13:45:00,9.1,9.12,9.1,9.12,6254.88
2026-05-02 14:00:00,9.11,9.13,9.11,9.12,5548.41
2026-05-02 14:15:00,9.12,9.14,9.11,9.13,6462.0
2026-05-02 14:30:00,9.13,9.14,9.11,9.12,6610.5
2026-05-02 14:45:00,9.11,9.14,9.11,9.13,3231.36
2026-05-02 15:00:00,9.13,9.14,9.12,9.13,4282.31
2026-05-02 15:15:00,9.13,9.15,9.12,9.14,10798.14
2026-05-02 15:30:00,9.14,9.15,9.13,9.15,3535.39
2026-05-02 15:45:00,9.14,9.16,9.14,9.15,4308.39
2026-05-02 16:00:00,9.15,9.17,9.14,9.17,4630.14
2026-05-02 16:15:00,9.16,9.17,9.15,9.16,6151.71
2026-05-02 16:30:00,9.16,9.17,9.14,9.16,6180.02
2026-05-02 16:45:00,9.15,9.18,9.14,9.17,4761.84
2026-05-02 17:00:00,9.17,9.17,9.15,9.16,12834.94
2026-05-02 17:15:00,9.15,9.17,9.15,9.16,5164.02
2026-05-02 17:30:00,9.15,9.17,9.14,9.15,10083.78
2026-05-02 17:45:00,9.15,9.15,9.14,9.14,6860.31
2026-05-02 18:00:00,9.13,9.14,9.1,9.13,23555.92
2026-05-02 18:15:00,9.13,9.14,9.11,9.14,8034.32
2026-05-02 18:30:00,9.13,9.15,9.13,9.15,6881.72
2026-05-02 18:45:00,9.15,9.16,9.14,9.15,25724.77
2026-05-02 19:00:00,9.15,9.16,9.14,9.16,8111.82
2026-05-02 19:15:00,9.17,9.17,9.15,9.16,2933.65
2026-05-02 19:30:00,9.16,9.17,9.15,9.16,21038.72
2026-05-02 19:45:00,9.16,9.17,9.16,9.17,7306.54
2026-05-02 20:00:00,9.17,9.17,9.15,9.16,4092.37
2026-05-02 20:15:00,9.16,9.18,9.16,9.18,1995.05
2026-05-02 20:30:00,9.18,9.19,9.17,9.19,8739.64
2026-05-02 20:45:00,9.19,9.19,9.17,9.17,6143.09
2026-05-02 21:00:00,9.18,9.19,9.15,9.16,9308.7
2026-05-02 21:15:00,9.16,9.19,9.16,9.18,16235.18
2026-05-02 21:30:00,9.17,9.25,9.17,9.21,91983.51
2026-05-02 21:45:00,9.21,9.23,9.2,9.21,58856.07
2026-05-02 22:00:00,9.21,9.22,9.2,9.2,6597.6
2026-05-02 22:15:00,9.21,9.21,9.18,9.18,40943.42
2026-05-02 22:30:00,9.19,9.21,9.18,9.19,22414.37
2026-05-02 22:45:00,9.2,9.22,9.19,9.21,8812.84
2026-05-02 23:00:00,9.21,9.21,9.18,9.2,7195.69
2026-05-02 23:15:00,9.19,9.2,9.19,9.2,4574.31
2026-05-02 23:30:00,9.2,9.21,9.19,9.19,9486.74
2026-05-02 23:45:00,9.2,9.2,9.17,9.18,4926.19
2026-05-03 00:00:00,9.19,9.2,9.15,9.16,9862.92
2026-05-03 00:15:00,9.15,9.16,9.13,9.16,14441.61
2026-05-03 00:30:00,9.16,9.17,9.14,9.14,5418.77
2026-05-03 00:45:00,9.15,9.15,9.12,9.14,5161.48
2026-05-03 01:00:00,9.13,9.14,9.09,9.1,16787.69
2026-05-03 01:15:00,9.1,9.11,9.09,9.1,18267.02
2026-05-03 01:30:00,9.1,9.1,9.07,9.08,16333.71
2026-05-03 01:45:00,9.08,9.09,9.07,9.08,6427.12
2026-05-03 02:00:00,9.07,9.09,9.04,9.05,31130.18
2026-05-03 02:15:00,9.06,9.07,9.05,9.06,22876.93
2026-05-03 02:30:00,9.06,9.07,9.05,9.06,16893.57
2026-05-03 02:45:00,9.05,9.07,9.05,9.06,8066.27
2026-05-03 03:00:00,9.06,9.06,9.02,9.03,22532.69
2026-05-03 03:15:00,9.03,9.05,9.03,9.04,5198.36
2026-05-03 03:30:00,9.05,9.07,9.04,9.05,7015.86
2026-05-03 03:45:00,9.05,9.06,9.04,9.05,11365.97
2026-05-03 04:00:00,9.04,9.05,9.03,9.04,13284.91
2026-05-03 04:15:00,9.04,9.05,9.03,9.04,9654.77
2026-05-03 04:30:00,9.04,9.04,9.03,9.04,19037.06
2026-05-03 04:45:00,9.04,9.04,9.02,9.02,20139.17
2026-05-03 05:00:00,9.02,9.06,9.02,9.04,16314.05
2026-05-03 05:15:00,9.04,9.05,9.04,9.05,8019.21
2026-05-03 05:30:00,9.05,9.05,9.02,9.02,12580.78
2026-05-03 05:45:00,9.02,9.04,9.02,9.04,6231.49
2026-05-03 06:00:00,9.03,9.03,9.0,9.02,35298.2
2026-05-03 06:15:00,9.02,9.03,9.0,9.02,15135.45
2026-05-03 06:30:00,9.02,9.05,9.02,9.05,9316.9
2026-05-03 06:45:00,9.05,9.07,9.04,9.05,8884.83
2026-05-03 07:00:00,9.05,9.08,9.04,9.05,11413.31
2026-05-03 07:15:00,9.06,9.08,9.05,9.06,7249.89
2026-05-03 07:30:00,9.07,9.08,9.05,9.06,4978.21
2026-05-03 07:45:00,9.06,9.07,9.05,9.06,11199.73
2026-05-03 08:00:00,9.05,9.08,9.05,9.07,4685.39
2026-05-03 08:15:00,9.07,9.08,9.05,9.05,7332.21
2026-05-03 08:30:00,9.06,9.06,9.04,9.06,9191.17
2026-05-03 08:45:00,9.05,9.05,9.03,9.03,7823.54
2026-05-03 09:00:00,9.03,9.03,9.0,9.0,15787.17
2026-05-03 09:15:00,9.0,9.02,8.99,9.01,29409.8
2026-05-03 09:30:00,9.02,9.06,8.97,9.06,93166.25
2026-05-03 09:45:00,9.06,9.08,9.05,9.06,24563.35
2026-05-03 10:00:00,9.06,9.07,9.05,9.07,8549.04
2026-05-03 10:15:00,9.07,9.07,9.05,9.05,13143.82
2026-05-03 10:30:00,9.06,9.07,9.05,9.05,6240.84
2026-05-03 10:45:00,9.06,9.06,9.04,9.05,5929.11
2026-05-03 11:00:00,9.04,9.07,9.03,9.04,28226.17
2026-05-03 11:15:00,9.05,9.06,9.04,9.05,7792.61
2026-05-03 11:30:00,9.05,9.1,9.05,9.09,20440.01
2026-05-03 11:45:00,9.09,9.11,9.08,9.08,14013.54
2026-05-03 12:00:00,9.08,9.13,9.08,9.11,24355.89
2026-05-03 12:15:00,9.12,9.13,9.1,9.1,6031.74
2026-05-03 12:30:00,9.1,9.11,9.09,9.11,9527.0
2026-05-03 12:45:00,9.11,9.11,9.08,9.09,27734.97
2026-05-03 13:00:00,9.09,9.1,9.08,9.09,9530.01
2026-05-03 13:15:00,9.1,9.1,9.07,9.07,4734.89
2026-05-03 13:30:00,9.08,9.09,9.06,9.06,11894.29
2026-05-03 13:45:00,9.06,9.07,9.05,9.06,12117.96
2026-05-03 14:00:00,9.06,9.09,9.05,9.09,20891.78
2026-05-03 14:15:00,9.09,9.09,9.06,9.07,13248.48
2026-05-03 14:30:00,9.07,9.09,9.07,9.09,6743.01
2026-05-03 14:45:00,9.09,9.11,9.07,9.09,20780.96
2026-05-03 15:00:00,9.1,9.12,9.1,9.1,9728.02
2026-05-03 15:15:00,9.11,9.13,9.1,9.11,16219.94
2026-05-03 15:30:00,9.12,9.12,9.08,9.1,9786.14
2026-05-03 15:45:00,9.09,9.11,9.09,9.11,4968.61
2026-05-03 16:00:00,9.11,9.11,9.07,9.08,20234.73
2026-05-03 16:15:00,9.08,9.09,9.07,9.09,7388.28
2026-05-03 16:30:00,9.09,9.11,9.08,9.09,7156.13
2026-05-03 16:45:00,9.1,9.1,9.08,9.09,3175.98
2026-05-03 17:00:00,9.09,9.1,9.07,9.1,10614.92
2026-05-03 17:15:00,9.1,9.11,9.09,9.1,7061.76
2026-05-03 17:30:00,9.1,9.11,9.09,9.09,4176.62
2026-05-03 17:45:00,9.09,9.1,9.08,9.1,2953.59
2026-05-03 18:00:00,9.1,9.1,9.09,9.1,1989.71
2026-05-03 18:15:00,9.09,9.11,9.09,9.11,6391.71
2026-05-03 18:30:00,9.11,9.12,9.1,9.1,8056.42
2026-05-03 18:45:00,9.11,9.12,9.1,9.1,2199.26
2026-05-03 19:00:00,9.11,9.12,9.1,9.1,5156.35
2026-05-03 19:15:00,9.1,9.11,9.1,9.11,1951.94
2026-05-03 19:30:00,9.11,9.14,9.1,9.13,11451.85
2026-05-03 19:45:00,9.14,9.14,9.13,9.13,5378.56
2026-05-03 20:00:00,9.13,9.14,9.12,9.14,8237.95
2026-05-03 20:15:00,9.13,9.16,9.12,9.15,16362.31
2026-05-03 20:30:00,9.14,9.18,9.14,9.14,28616.83
2026-05-03 20:45:00,9.15,9.15,9.11,9.12,10740.15
2026-05-03 21:00:00,9.13,9.15,9.12,9.14,4367.1
2026-05-03 21:15:00,9.13,9.14,9.12,9.12,19724.59
2026-05-03 21:30:00,9.11,9.13,9.07,9.07,23677.71
2026-05-03 21:45:00,9.07,9.08,9.06,9.08,13741.58
2026-05-03 22:00:00,9.09,9.17,9.08,9.16,29269.4
2026-05-03 22:15:00,9.16,9.2,9.13,9.14,29334.59
2026-05-03 22:30:00,9.14,9.19,9.14,9.18,16769.12
2026-05-03 22:45:00,9.18,9.19,9.16,9.17,7405.87
2026-05-03 23:00:00,9.17,9.18,9.15,9.16,13487.68
2026-05-03 23:15:00,9.15,9.16,9.1,9.1,12460.54
2026-05-03 23:30:00,9.11,9.11,9.09,9.09,15513.0
2026-05-03 23:45:00,9.09,9.1,9.08,9.08,15046.99
2026-05-04 00:00:00,9.08,9.09,9.04,9.04,33031.28
2026-05-04 00:15:00,9.04,9.05,8.99,9.02,42037.7
2026-05-04 00:30:00,9.02,9.02,9.0,9.01,18090.25
2026-05-04 00:45:00,9.02,9.07,9.01,9.06,10128.45
2026-05-04 01:00:00,9.06,9.06,9.02,9.04,11025.45
2026-05-04 01:15:00,9.03,9.04,9.01,9.04,16257.28
2026-05-04 01:30:00,9.04,9.13,9.04,9.09,26854.15
2026-05-04 01:45:00,9.09,9.21,9.09,9.19,75952.07
2026-05-04 02:00:00,9.2,9.24,9.18,9.21,55938.6
2026-05-04 02:15:00,9.21,9.25,9.19,9.23,34368.24
2026-05-04 02:30:00,9.23,9.29,9.23,9.28,49341.0
2026-05-04 02:45:00,9.29,9.31,9.27,9.29,49695.04
2026-05-04 03:00:00,9.29,9.34,9.28,9.32,77020.81
2026-05-04 03:15:00,9.32,9.33,9.27,9.28,21087.42
2026-05-04 03:30:00,9.28,9.29,9.25,9.26,10555.82
2026-05-04 03:45:00,9.26,9.29,9.25,9.29,7361.25
2026-05-04 04:00:00,9.29,9.34,9.28,9.32,36530.07
2026-05-04 04:15:00,9.33,9.38,9.33,9.35,41734.92
2026-05-04 04:30:00,9.35,9.36,9.33,9.34,16232.59
2026-05-04 04:45:00,9.35,9.35,9.32,9.33,15691.31
2026-05-04 05:00:00,9.33,9.34,9.29,9.29,9189.54
2026-05-04 05:15:00,9.29,9.29,9.25,9.27,13266.83
2026-05-04 05:30:00,9.27,9.32,9.26,9.31,15303.5
2026-05-04 05:45:00,9.32,9.33,9.31,9.32,12917.05
2026-05-04 06:00:00,9.32,9.33,9.29,9.3,23977.52
2026-05-04 06:15:00,9.3,9.3,9.21,9.24,27350.06
2026-05-04 06:30:00,9.25,9.25,9.22,9.24,9797.47
2026-05-04 06:45:00,9.24,9.28,9.24,9.26,11577.39
2026-05-04 07:00:00,9.26,9.28,9.25,9.27,6949.55
2026-05-04 07:15:00,9.28,9.29,9.24,9.26,19002.86
2026-05-04 07:30:00,9.25,9.26,9.23,9.25,16279.29
2026-05-04 07:45:00,9.25,9.27,9.23,9.24,10521.44
2026-05-04 08:00:00,9.23,9.24,9.2,9.24,14473.43
2026-05-04 08:15:00,9.24,9.24,9.21,9.22,18032.78
2026-05-04 08:30:00,9.22,9.23,9.19,9.2,13272.78
2026-05-04 08:45:00,9.2,9.23,9.17,9.2,48480.0
2026-05-04 09:00:00,9.2,9.23,9.18,9.21,51269.0
2026-05-04 09:15:00,9.2,9.21,9.16,9.21,79361.05
2026-05-04 09:30:00,9.21,9.3,9.19,9.3,38322.37
2026-05-04 09:45:00,9.3,9.32,9.28,9.29,17102.7
2026-05-04 10:00:00,9.29,9.29,9.06,9.09,121362.1
2026-05-04 10:15:00,9.09,9.1,9.03,9.08,110431.58
2026-05-04 10:30:00,9.08,9.17,9.07,9.13,90618.39
2026-05-04 10:45:00,9.13,9.15,9.1,9.12,17955.17
2026-05-04 11:00:00,9.12,9.14,9.11,9.14,13498.21
2026-05-04 11:15:00,9.14,9.15,9.11,9.12,15299.77
2026-05-04 11:30:00,9.12,9.14,9.11,9.12,17542.83
2026-05-04 11:45:00,9.13,9.15,9.12,9.14,11456.57
2026-05-04 12:00:00,9.14,9.15,9.13,9.15,7743.36
2026-05-04 12:15:00,9.15,9.17,9.14,9.15,18208.54
2026-05-04 12:30:00,9.15,9.15,9.12,9.14,9680.39
2026-05-04 12:45:00,9.14,9.14,9.11,9.11,18415.55
2026-05-04 13:00:00,9.1,9.12,9.07,9.1,48666.67
2026-05-04 13:15:00,9.1,9.13,9.1,9.11,12850.7
2026-05-04 13:30:00,9.11,9.15,9.11,9.13,9956.44
2026-05-04 13:45:00,9.12,9.15,9.1,9.12,24489.85
2026-05-04 14:00:00,9.12,9.13,9.07,9.12,29846.4
2026-05-04 14:15:00,9.12,9.17,9.11,9.13,17481.41
2026-05-04 14:30:00,9.13,9.17,9.13,9.16,16121.62
2026-05-04 14:45:00,9.16,9.28,9.15,9.23,78377.83
2026-05-04 15:00:00,9.24,9.24,9.2,9.2,22816.61
2026-05-04 15:15:00,9.21,9.24,9.12,9.15,64702.8
2026-05-04 15:30:00,9.15,9.17,9.11,9.15,18492.52
2026-05-04 15:45:00,9.15,9.16,9.1,9.14,65549.58
2026-05-04 16:00:00,9.14,9.16,9.09,9.14,84493.12
2026-05-04 16:15:00,9.14,9.24,9.13,9.21,36856.9
2026-05-04 16:30:00,9.2,9.22,9.19,9.21,28346.42
2026-05-04 16:45:00,9.21,9.22,9.18,9.19,20828.97
2026-05-04 17:00:00,9.2,9.24,9.18,9.23,13605.4
2026-05-04 17:15:00,9.23,9.26,9.22,9.25,14583.59
2026-05-04 17:30:00,9.25,9.26,9.23,9.24,17669.09
2026-05-04 17:45:00,9.24,9.3,9.24,9.26,41766.47
2026-05-04 18:00:00,9.25,9.29,9.25,9.28,31979.39
2026-05-04 18:15:00,9.27,9.27,9.23,9.24,20382.6
2026-05-04 18:30:00,9.24,9.27,9.24,9.26,24491.33
2026-05-04 18:45:00,9.25,9.27,9.24,9.27,11636.89
2026-05-04 19:00:00,9.27,9.27,9.23,9.25,14399.91
2026-05-04 19:15:00,9.25,9.26,9.22,9.23,13035.38
2026-05-04 19:30:00,9.22,9.23,9.2,9.21,18204.73
2026-05-04 19:45:00,9.2,9.24,9.2,9.23,6570.61
2026-05-04 20:00:00,9.23,9.24,9.21,9.23,7429.35
2026-05-04 20:15:00,9.22,9.23,9.16,9.17,43372.85
2026-05-04 20:30:00,9.17,9.18,9.14,9.15,31704.48
2026-05-04 20:45:00,9.15,9.17,9.13,9.15,15812.91
2026-05-04 21:00:00,9.15,9.19,9.14,9.18,8771.45
2026-05-04 21:15:00,9.18,9.23,9.18,9.22,20265.73
2026-05-04 21:30:00,9.22,9.24,9.22,9.24,9527.85
2026-05-04 21:45:00,9.23,9.26,9.23,9.23,13892.3
2026-05-04 22:00:00,9.23,9.26,9.22,9.23,26078.86
2026-05-04 22:15:00,9.24,9.25,9.2,9.21,19715.6
2026-05-04 22:30:00,9.21,9.21,9.18,9.19,7299.82
2026-05-04 22:45:00,9.18,9.2,9.18,9.19,10252.09
2026-05-04 23:00:00,9.18,9.19,9.15,9.17,14224.66
2026-05-04 23:15:00,9.17,9.18,9.16,9.18,5746.3
2026-05-04 23:30:00,9.17,9.18,9.14,9.16,16821.7
2026-05-04 23:45:00,9.16,9.18,9.16,9.18,34386.87
2026-05-05 00:00:00,9.18,9.22,9.17,9.21,31079.19
2026-05-05 00:15:00,9.21,9.21,9.18,9.18,18402.44
2026-05-05 00:30:00,9.18,9.22,9.18,9.2,18871.87
2026-05-05 00:45:00,9.2,9.21,9.2,9.21,13604.08
2026-05-05 01:00:00,9.21,9.25,9.2,9.24,33665.18
2026-05-05 01:15:00,9.24,9.24,9.21,9.23,23380.96
2026-05-05 01:30:00,9.24,9.26,9.22,9.24,27561.8
2026-05-05 01:45:00,9.24,9.25,9.23,9.24,12176.99
2026-05-05 02:00:00,9.24,9.28,9.23,9.26,24413.98
2026-05-05 02:15:00,9.26,9.3,9.26,9.27,36799.28
2026-05-05 02:30:00,9.28,9.3,9.27,9.29,23761.41
2026-05-05 02:45:00,9.29,9.29,9.25,9.26,14703.83
2026-05-05 03:00:00,9.26,9.28,9.24,9.27,17115.82
2026-05-05 03:15:00,9.27,9.3,9.26,9.28,15983.42
2026-05-05 03:30:00,9.29,9.32,9.28,9.29,31637.76
2026-05-05 03:45:00,9.29,9.3,9.27,9.28,7284.61
2026-05-05 04:00:00,9.29,9.29,9.26,9.27,9389.38
2026-05-05 04:15:00,9.27,9.29,9.27,9.28,7352.64
2026-05-05 04:30:00,9.27,9.28,9.26,9.27,7256.1
2026-05-05 04:45:00,9.27,9.3,9.26,9.27,7561.9
2026-05-05 05:00:00,9.27,9.29,9.26,9.26,11524.59
2026-05-05 05:15:00,9.27,9.31,9.27,9.3,20282.33
2026-05-05 05:30:00,9.29,9.31,9.28,9.28,15296.54
2026-05-05 05:45:00,9.29,9.3,9.28,9.3,9700.91
2026-05-05 06:00:00,9.3,9.3,9.28,9.29,10254.42
2026-05-05 06:15:00,9.29,9.3,9.27,9.28,9714.93
2026-05-05 06:30:00,9.28,9.3,9.28,9.29,13481.29
2026-05-05 06:45:00,9.29,9.33,9.28,9.33,9459.63
2026-05-05 07:00:00,9.33,9.33,9.31,9.33,9187.08
2026-05-05 07:15:00,9.32,9.36,9.32,9.36,20961.2
2026-05-05 07:30:00,9.35,9.38,9.35,9.36,25051.63
2026-05-05 07:45:00,9.37,9.37,9.33,9.33,12283.46
2026-05-05 08:00:00,9.33,9.36,9.33,9.35,16176.63
2026-05-05 08:15:00,9.35,9.36,9.33,9.34,11731.51
2026-05-05 08:30:00,9.34,9.36,9.32,9.33,15711.39
2026-05-05 08:45:00,9.33,9.35,9.33,9.34,10206.91
2026-05-05 09:00:00,9.34,9.35,9.31,9.32,31137.23
2026-05-05 09:15:00,9.32,9.37,9.32,9.36,29029.19
2026-05-05 09:30:00,9.36,9.37,9.33,9.34,29066.27
2026-05-05 09:45:00,9.35,9.35,9.33,9.34,7923.64
2026-05-05 10:00:00,9.34,9.37,9.33,9.36,13176.27
2026-05-05 10:15:00,9.37,9.4,9.36,9.37,24589.55
2026-05-05 10:30:00,9.38,9.43,9.37,9.41,53821.09
2026-05-05 10:45:00,9.41,9.42,9.38,9.4,24047.59
2026-05-05 11:00:00,9.41,9.41,9.37,9.38,14628.17
2026-05-05 11:15:00,9.38,9.39,9.34,9.38,13689.7
2026-05-05 11:30:00,9.38,9.39,9.36,9.39,14352.81
2026-05-05 11:45:00,9.4,9.4,9.37,9.39,11714.07
2026-05-05 12:00:00,9.39,9.41,9.38,9.4,11537.45
2026-05-05 12:15:00,9.4,9.41,9.38,9.4,11157.6
2026-05-05 12:30:00,9.41,9.43,9.4,9.43,16160.86
2026-05-05 12:45:00,9.42,9.43,9.41,9.42,17603.82
2026-05-05 13:00:00,9.42,9.46,9.41,9.45,55745.81
2026-05-05 13:15:00,9.46,9.47,9.43,9.44,36139.15
2026-05-05 13:30:00,9.44,9.45,9.41,9.45,39731.24
2026-05-05 13:45:00,9.45,9.52,9.44,9.47,64679.19
2026-05-05 14:00:00,9.48,9.52,9.46,9.46,61031.17
2026-05-05 14:15:00,9.45,9.49,9.42,9.47,48410.38
2026-05-05 14:30:00,9.46,9.48,9.41,9.43,35754.8
2026-05-05 14:45:00,9.43,9.45,9.4,9.45,24572.0
2026-05-05 15:00:00,9.45,9.49,9.44,9.48,27867.85
2026-05-05 15:15:00,9.48,9.48,9.42,9.43,16887.82
2026-05-05 15:30:00,9.43,9.44,9.41,9.43,15202.72
2026-05-05 15:45:00,9.42,9.44,9.4,9.41,22621.65
2026-05-05 16:00:00,9.41,9.43,9.4,9.4,10664.74
2026-05-05 16:15:00,9.4,9.41,9.39,9.4,14000.78
2026-05-05 16:30:00,9.39,9.4,9.33,9.35,24475.4
2026-05-05 16:45:00,9.34,9.38,9.34,9.37,14374.59
2026-05-05 17:00:00,9.38,9.4,9.35,9.38,59403.83
2026-05-05 17:15:00,9.37,9.4,9.37,9.39,6787.48
2026-05-05 17:30:00,9.39,9.39,9.37,9.37,9746.52
2026-05-05 17:45:00,9.37,9.39,9.37,9.38,5504.74
2026-05-05 18:00:00,9.38,9.41,9.37,9.4,18917.87
2026-05-05 18:15:00,9.41,9.41,9.38,9.39,6413.52
2026-05-05 18:30:00,9.39,9.4,9.38,9.38,4967.25
2026-05-05 18:45:00,9.39,9.41,9.39,9.4,8918.35
2026-05-05 19:00:00,9.4,9.41,9.39,9.39,3570.94
2026-05-05 19:15:00,9.39,9.41,9.38,9.4,5758.13
2026-05-05 19:30:00,9.41,9.43,9.4,9.42,10139.98
2026-05-05 19:45:00,9.42,9.42,9.4,9.4,17072.8
2026-05-05 20:00:00,9.41,9.43,9.4,9.42,30139.36
2026-05-05 20:15:00,9.42,9.46,9.4,9.43,20450.38
2026-05-05 20:30:00,9.44,9.46,9.43,9.44,24855.12
2026-05-05 20:45:00,9.44,9.45,9.42,9.44,20654.82
2026-05-05 21:00:00,9.44,9.49,9.44,9.45,32230.66
2026-05-05 21:15:00,9.46,9.47,9.43,9.45,39928.26
2026-05-05 21:30:00,9.45,9.46,9.43,9.44,14102.23
2026-05-05 21:45:00,9.44,9.47,9.43,9.45,8134.78
2026-05-05 22:00:00,9.46,9.49,9.45,9.45,16304.31
2026-05-05 22:15:00,9.45,9.46,9.44,9.46,18061.26
2026-05-05 22:30:00,9.46,9.46,9.37,9.39,34753.08
2026-05-05 22:45:00,9.38,9.45,9.38,9.43,40735.64
