timestamp,open,high,low,close,volume
2026-02-28 07:00:00,0.00343,0.00348,0.00341,0.00348,71415258.0
2026-02-28 07:15:00,0.00347,0.00348,0.00344,0.00346,22991246.0
2026-02-28 07:30:00,0.00346,0.00356,0.00346,0.00355,38828595.0
2026-02-28 07:45:00,0.00354,0.00354,0.00349,0.0035,3619381.0
2026-02-28 08:00:00,0.00349,0.0035,0.00347,0.00348,10397310.0
2026-02-28 08:15:00,0.00347,0.00348,0.00345,0.00345,30030261.0
2026-02-28 08:30:00,0.00346,0.00347,0.00344,0.00345,10813256.0
2026-02-28 08:45:00,0.00345,0.00345,0.00343,0.00343,8705663.0
2026-02-28 09:00:00,0.00343,0.00345,0.00342,0.00343,11212470.0
2026-02-28 09:15:00,0.00343,0.00344,0.00342,0.00343,5784733.0
2026-02-28 09:30:00,0.00343,0.00343,0.00338,0.00339,32340121.0
2026-02-28 09:45:00,0.00339,0.00341,0.00338,0.0034,15724536.0
2026-02-28 10:00:00,0.00339,0.0034,0.00338,0.0034,16200792.0
2026-02-28 10:15:00,0.0034,0.00342,0.00339,0.0034,5536656.0
2026-02-28 10:30:00,0.00341,0.00343,0.0034,0.00341,18627814.0
2026-02-28 10:45:00,0.00341,0.00341,0.0034,0.0034,4718406.0
2026-02-28 11:00:00,0.00341,0.00342,0.0034,0.00341,10976642.0
2026-02-28 11:15:00,0.0034,0.00341,0.00339,0.00341,12592714.0
2026-02-28 11:30:00,0.00341,0.00342,0.00339,0.00339,13880224.0
2026-02-28 11:45:00,0.0034,0.0034,0.00338,0.00339,15181053.0
2026-02-28 12:00:00,0.00339,0.00339,0.00336,0.00338,12297352.0
2026-02-28 12:15:00,0.00338,0.00339,0.00337,0.00337,6612796.0
2026-02-28 12:30:00,0.00337,0.00339,0.00336,0.00337,16359713.0
2026-02-28 12:45:00,0.00337,0.00339,0.00336,0.00339,7964614.0
2026-02-28 13:00:00,0.00339,0.0034,0.00338,0.00338,4665599.0
2026-02-28 13:15:00,0.00339,0.0034,0.00337,0.00337,5209192.0
2026-02-28 13:30:00,0.00337,0.00338,0.00336,0.00337,5784638.0
2026-02-28 13:45:00,0.00338,0.00346,0.00337,0.00345,28917983.0
2026-02-28 14:00:00,0.00346,0.00348,0.00342,0.00344,12976546.0
2026-02-28 14:15:00,0.00343,0.00344,0.00342,0.00344,9369650.0
2026-02-28 14:30:00,0.00343,0.00345,0.00341,0.00344,9983284.0
2026-02-28 14:45:00,0.00344,0.00344,0.00338,0.00339,15987459.0
2026-02-28 15:00:00,0.00338,0.0034,0.00336,0.00337,30479316.0
2026-02-28 15:15:00,0.00337,0.00341,0.00337,0.0034,26189294.0
2026-02-28 15:30:00,0.0034,0.00341,0.00339,0.00339,21483411.0
2026-02-28 15:45:00,0.00339,0.00341,0.00339,0.0034,4733377.0
2026-02-28 16:00:00,0.0034,0.00341,0.00339,0.00341,4514757.0
2026-02-28 16:15:00,0.0034,0.00342,0.00339,0.00341,4347559.0
2026-02-28 16:30:00,0.00341,0.00343,0.0034,0.00343,13596830.0
2026-02-28 16:45:00,0.00343,0.00344,0.00342,0.00343,6071932.0
2026-02-28 17:00:00,0.00343,0.00345,0.00342,0.00344,11742569.0
2026-02-28 17:15:00,0.00344,0.00344,0.00342,0.00343,6453088.0
2026-02-28 17:30:00,0.00343,0.00345,0.00342,0.00343,10041485.0
2026-02-28 17:45:00,0.00343,0.00348,0.00341,0.00347,14884369.0
2026-02-28 18:00:00,0.00346,0.00347,0.00345,0.00345,7941378.0
2026-02-28 18:15:00,0.00346,0.00346,0.00344,0.00345,5495491.0
2026-02-28 18:30:00,0.00345,0.00351,0.00344,0.0035,10286801.0
2026-02-28 18:45:00,0.0035,0.00355,0.0035,0.00352,7649691.0
2026-02-28 19:00:00,0.00352,0.00353,0.00349,0.0035,3386028.0
2026-02-28 19:15:00,0.00349,0.00351,0.00349,0.0035,3611729.0
2026-02-28 19:30:00,0.00351,0.00359,0.00351,0.00356,20707626.0
2026-02-28 19:45:00,0.00356,0.00358,0.00354,0.00356,13748549.0
2026-02-28 20:00:00,0.00356,0.00358,0.00354,0.00357,21409574.0
2026-02-28 20:15:00,0.00357,0.0036,0.00356,0.00359,14688226.0
2026-02-28 20:30:00,0.00359,0.00359,0.00357,0.00357,7647412.0
2026-02-28 20:45:00,0.00357,0.00362,0.00357,0.0036,18991356.0
2026-02-28 21:00:00,0.00359,0.0036,0.00355,0.00356,33773153.0
2026-02-28 21:15:00,0.00355,0.00356,0.00354,0.00355,2691303.0
2026-02-28 21:30:00,0.00354,0.00356,0.00354,0.00354,6756731.0
2026-02-28 21:45:00,0.00355,0.00356,0.00355,0.00355,2476489.0
2026-02-28 22:00:00,0.00356,0.00357,0.00356,0.00356,6392256.0
2026-02-28 22:15:00,0.00357,0.00358,0.00357,0.00358,3875300.0
2026-02-28 22:30:00,0.00358,0.00363,0.00358,0.0036,32238773.0
2026-02-28 22:45:00,0.0036,0.00363,0.0036,0.00361,5073284.0
2026-02-28 23:00:00,0.00362,0.00362,0.0036,0.0036,2454850.0
2026-02-28 23:15:00,0.0036,0.0036,0.00359,0.0036,7665022.0
2026-02-28 23:30:00,0.0036,0.00361,0.00358,0.00359,9149561.0
2026-02-28 23:45:00,0.0036,0.00361,0.00359,0.0036,6221850.0
2026-03-01 00:00:00,0.0036,0.00361,0.00359,0.00359,6161304.0
2026-03-01 00:15:00,0.00359,0.00359,0.00358,0.00358,14024550.0
2026-03-01 00:30:00,0.00357,0.00358,0.00355,0.00357,4106435.0
2026-03-01 00:45:00,0.00357,0.00358,0.00356,0.00357,3610006.0
2026-03-01 01:00:00,0.00356,0.00357,0.00354,0.00354,18069708.0
2026-03-01 01:15:00,0.00355,0.00356,0.00354,0.00356,4937277.0
2026-03-01 01:30:00,0.00355,0.0036,0.00355,0.00359,5177103.0
2026-03-01 01:45:00,0.00359,0.00367,0.00359,0.00363,27763012.0
2026-03-01 02:00:00,0.00364,0.00373,0.00364,0.0037,30036887.0
2026-03-01 02:15:00,0.0037,0.00371,0.00368,0.00369,7843568.0
2026-03-01 02:30:00,0.0037,0.00371,0.00368,0.00371,5949784.0
2026-03-01 02:45:00,0.0037,0.00371,0.00369,0.0037,11912789.0
2026-03-01 03:00:00,0.00369,0.0037,0.00368,0.00369,6894207.0
2026-03-01 03:15:00,0.00369,0.00369,0.00364,0.00365,11513665.0
2026-03-01 03:30:00,0.00366,0.00366,0.00364,0.00366,11226848.0
2026-03-01 03:45:00,0.00366,0.00366,0.00363,0.00363,16374340.0
2026-03-01 04:00:00,0.00364,0.00365,0.00362,0.00363,4708468.0
2026-03-01 04:15:00,0.00362,0.00362,0.00358,0.00361,14532811.0
2026-03-01 04:30:00,0.00361,0.00363,0.00361,0.00363,3271823.0
2026-03-01 04:45:00,0.00362,0.00363,0.00362,0.00362,1213362.0
2026-03-01 05:00:00,0.00363,0.00364,0.00362,0.00362,3878106.0
2026-03-01 05:15:00,0.00362,0.00364,0.00362,0.00364,2615724.0
2026-03-01 05:30:00,0.00364,0.00365,0.00363,0.00363,5519199.0
2026-03-01 05:45:00,0.00364,0.00365,0.00363,0.00364,3064685.0
2026-03-01 06:00:00,0.00364,0.00365,0.0036,0.00361,11816072.0
2026-03-01 06:15:00,0.00361,0.00361,0.0036,0.00361,1726423.0
2026-03-01 06:30:00,0.00362,0.00362,0.00358,0.00359,6410185.0
2026-03-01 06:45:00,0.00359,0.0036,0.00358,0.0036,7587540.0
2026-03-01 07:00:00,0.00359,0.0036,0.00357,0.0036,23697509.0
2026-03-01 07:15:00,0.00359,0.0036,0.00358,0.00359,2790356.0
2026-03-01 07:30:00,0.00358,0.00362,0.00358,0.00361,7011295.0
2026-03-01 07:45:00,0.00361,0.00362,0.00361,0.00361,2022059.0
2026-03-01 08:00:00,0.00361,0.00361,0.00359,0.00361,7312971.0
2026-03-01 08:15:00,0.00361,0.00362,0.0036,0.0036,5499860.0
2026-03-01 08:30:00,0.00361,0.00361,0.00358,0.00359,6469487.0
2026-03-01 08:45:00,0.00359,0.0036,0.00354,0.00355,9985592.0
2026-03-01 09:00:00,0.00355,0.00357,0.00353,0.00356,11613008.0
2026-03-01 09:15:00,0.00356,0.00357,0.00355,0.00355,4362748.0
2026-03-01 09:30:00,0.00356,0.00357,0.00353,0.00354,2364920.0
2026-03-01 09:45:00,0.00354,0.00354,0.00352,0.00352,12709468.0
2026-03-01 10:00:00,0.00353,0.00353,0.0035,0.00352,16902619.0
2026-03-01 10:15:00,0.00353,0.00353,0.00352,0.00352,2839854.0
2026-03-01 10:30:00,0.00353,0.00355,0.00352,0.00353,3538820.0
2026-03-01 10:45:00,0.00353,0.00354,0.00353,0.00353,3320330.0
2026-03-01 11:00:00,0.00354,0.00354,0.00353,0.00354,231711.0
2026-03-01 11:15:00,0.00353,0.00353,0.00353,0.00353,426591.0
2026-03-01 11:30:00,0.00354,0.00354,0.00352,0.00352,15786848.0
2026-03-01 11:45:00,0.00352,0.00354,0.00352,0.00353,1574399.0
2026-03-01 12:00:00,0.00353,0.00354,0.00352,0.00353,1743954.0
2026-03-01 12:15:00,0.00353,0.00355,0.00352,0.00353,4203037.0
2026-03-01 12:30:00,0.00354,0.00354,0.00352,0.00353,4207143.0
2026-03-01 12:45:00,0.00353,0.00353,0.0035,0.00351,4753781.0
2026-03-01 13:00:00,0.0035,0.00351,0.0035,0.0035,3189385.0
2026-03-01 13:15:00,0.00351,0.00351,0.00348,0.0035,6350648.0
2026-03-01 13:30:00,0.0035,0.0035,0.00348,0.0035,7148575.0
2026-03-01 13:45:00,0.00349,0.00359,0.00349,0.00358,27800103.0
2026-03-01 14:00:00,0.00358,0.0036,0.00356,0.00359,8352865.0
2026-03-01 14:15:00,0.00358,0.00359,0.00355,0.00357,6138249.0
2026-03-01 14:30:00,0.00357,0.00357,0.00354,0.00354,9302632.0
2026-03-01 14:45:00,0.00354,0.00357,0.00354,0.00356,2711903.0
2026-03-01 15:00:00,0.00356,0.00356,0.00355,0.00356,5959155.0
2026-03-01 15:15:00,0.00357,0.00358,0.00356,0.00357,5543714.0
2026-03-01 15:30:00,0.00357,0.00359,0.00357,0.00358,2377398.0
2026-03-01 15:45:00,0.00358,0.00359,0.00357,0.00357,5284906.0
2026-03-01 16:00:00,0.00357,0.0036,0.00356,0.00359,7358252.0
2026-03-01 16:15:00,0.00359,0.00359,0.00357,0.00359,6813758.0
2026-03-01 16:30:00,0.00359,0.0036,0.00358,0.00358,4453066.0
2026-03-01 16:45:00,0.00358,0.00358,0.00349,0.00353,11686260.0
2026-03-01 17:00:00,0.00353,0.00354,0.00351,0.00351,5711524.0
2026-03-01 17:15:00,0.00351,0.00351,0.00346,0.00349,9437853.0
2026-03-01 17:30:00,0.00349,0.00351,0.00348,0.0035,3743485.0
2026-03-01 17:45:00,0.0035,0.00351,0.00349,0.00349,5647768.0
2026-03-01 18:00:00,0.00349,0.00355,0.00349,0.00352,17034985.0
2026-03-01 18:15:00,0.00352,0.00354,0.00352,0.00352,2870998.0
2026-03-01 18:30:00,0.00352,0.00353,0.00351,0.00353,1178251.0
2026-03-01 18:45:00,0.00353,0.00353,0.00351,0.00351,2191647.0
2026-03-01 19:00:00,0.00351,0.00351,0.00349,0.00349,2481400.0
2026-03-01 19:15:00,0.00349,0.00349,0.00347,0.00348,3893865.0
2026-03-01 19:30:00,0.00348,0.00349,0.00347,0.00347,9104653.0
2026-03-01 19:45:00,0.00347,0.00348,0.00346,0.00347,18174480.0
2026-03-01 20:00:00,0.00348,0.00348,0.00344,0.00344,10335372.0
2026-03-01 20:15:00,0.00344,0.00345,0.00342,0.00343,5526041.0
2026-03-01 20:30:00,0.00343,0.00343,0.0034,0.00341,28680591.0
2026-03-01 20:45:00,0.00341,0.00342,0.0034,0.00342,8959223.0
2026-03-01 21:00:00,0.00342,0.00344,0.00341,0.00344,12064468.0
2026-03-01 21:15:00,0.00343,0.00347,0.00343,0.00345,5849970.0
2026-03-01 21:30:00,0.00345,0.00346,0.00344,0.00345,3277954.0
2026-03-01 21:45:00,0.00346,0.00346,0.00345,0.00346,529718.0
2026-03-01 22:00:00,0.00345,0.00352,0.00344,0.0035,22580765.0
2026-03-01 22:15:00,0.0035,0.00351,0.00347,0.00348,9487159.0
2026-03-01 22:30:00,0.00348,0.00349,0.00346,0.00349,4401439.0
2026-03-01 22:45:00,0.00349,0.00349,0.00347,0.00347,1803768.0
2026-03-01 23:00:00,0.00347,0.00351,0.00347,0.00349,4318706.0
2026-03-01 23:15:00,0.00349,0.00349,0.00348,0.00348,1548793.0
2026-03-01 23:30:00,0.00348,0.00349,0.00347,0.00348,2473430.0
2026-03-01 23:45:00,0.00349,0.00349,0.00348,0.00349,1346765.0
2026-03-02 00:00:00,0.00349,0.0035,0.00348,0.0035,8050644.0
2026-03-02 00:15:00,0.00349,0.0035,0.00348,0.00349,2237503.0
2026-03-02 00:30:00,0.0035,0.00353,0.0035,0.00353,2659568.0
2026-03-02 00:45:00,0.00354,0.00355,0.00353,0.00353,4921916.0
2026-03-02 01:00:00,0.00353,0.00358,0.00352,0.00357,6344719.0
2026-03-02 01:15:00,0.00357,0.00358,0.00354,0.00354,6544390.0
2026-03-02 01:30:00,0.00354,0.00356,0.00354,0.00355,6838955.0
2026-03-02 01:45:00,0.00355,0.00356,0.00353,0.00355,1797236.0
2026-03-02 02:00:00,0.00355,0.00356,0.00351,0.00351,10757306.0
2026-03-02 02:15:00,0.00352,0.00353,0.00351,0.00352,4980651.0
2026-03-02 02:30:00,0.00352,0.00356,0.00352,0.00354,5920790.0
2026-03-02 02:45:00,0.00354,0.00355,0.00352,0.00352,4578163.0
2026-03-02 03:00:00,0.00352,0.00354,0.00351,0.00353,8040164.0
2026-03-02 03:15:00,0.00353,0.00356,0.00352,0.00356,7061362.0
2026-03-02 03:30:00,0.00355,0.00357,0.00354,0.00355,13257075.0
2026-03-02 03:45:00,0.00355,0.00357,0.00355,0.00355,1471097.0
2026-03-02 04:00:00,0.00355,0.00356,0.00355,0.00355,3389725.0
2026-03-02 04:15:00,0.00355,0.00357,0.00355,0.00357,5938117.0
2026-03-02 04:30:00,0.00357,0.00358,0.00356,0.00357,7870081.0
2026-03-02 04:45:00,0.00356,0.00357,0.00356,0.00356,2675352.0
2026-03-02 05:00:00,0.00356,0.00356,0.00353,0.00353,4751491.0
2026-03-02 05:15:00,0.00354,0.00355,0.00353,0.00354,1805214.0
2026-03-02 05:30:00,0.00354,0.00357,0.00354,0.00356,1852271.0
2026-03-02 05:45:00,0.00356,0.00356,0.00354,0.00354,3393305.0
2026-03-02 06:00:00,0.00353,0.00353,0.00351,0.00352,5072920.0
2026-03-02 06:15:00,0.00352,0.00352,0.00348,0.0035,9024453.0
2026-03-02 06:30:00,0.00349,0.00351,0.00349,0.00351,1234933.0
2026-03-02 06:45:00,0.00351,0.00351,0.00349,0.0035,1692912.0
2026-03-02 07:00:00,0.0035,0.0035,0.00345,0.00346,3777101.0
2026-03-02 07:15:00,0.00346,0.00348,0.00345,0.00348,2577925.0
2026-03-02 07:30:00,0.00347,0.00349,0.00347,0.00348,2242719.0
2026-03-02 07:45:00,0.00348,0.00348,0.00347,0.00347,1643375.0
2026-03-02 08:00:00,0.00347,0.00347,0.00343,0.00346,7922559.0
2026-03-02 08:15:00,0.00346,0.00347,0.00344,0.00344,6554512.0
2026-03-02 08:30:00,0.00344,0.00346,0.00344,0.00346,3742491.0
2026-03-02 08:45:00,0.00346,0.00349,0.00345,0.00348,4019743.0
2026-03-02 09:00:00,0.00347,0.00351,0.00347,0.0035,2969731.0
2026-03-02 09:15:00,0.0035,0.00352,0.0035,0.00351,5509396.0
2026-03-02 09:30:00,0.0035,0.00352,0.00349,0.0035,3576710.0
2026-03-02 09:45:00,0.0035,0.00351,0.00349,0.00349,5501424.0
2026-03-02 10:00:00,0.00348,0.00349,0.00347,0.00347,3820220.0
2026-03-02 10:15:00,0.00347,0.00348,0.00347,0.00348,544670.0
2026-03-02 10:30:00,0.00348,0.00349,0.00347,0.00347,2083707.0
2026-03-02 10:45:00,0.00348,0.00348,0.00347,0.00347,647853.0
2026-03-02 11:00:00,0.00348,0.00348,0.00347,0.00348,3273713.0
2026-03-02 11:15:00,0.00348,0.00349,0.00347,0.00347,6883724.0
2026-03-02 11:30:00,0.00347,0.00349,0.00346,0.00348,5425062.0
2026-03-02 11:45:00,0.00348,0.00349,0.00346,0.00347,11679032.0
2026-03-02 12:00:00,0.00347,0.00348,0.00346,0.00348,3628865.0
2026-03-02 12:15:00,0.00348,0.00348,0.00346,0.00347,3380430.0
2026-03-02 12:30:00,0.00346,0.00347,0.00345,0.00346,1403518.0
2026-03-02 12:45:00,0.00346,0.00346,0.00345,0.00346,612510.0
2026-03-02 13:00:00,0.00346,0.00346,0.00344,0.00344,1372884.0
2026-03-02 13:15:00,0.00344,0.00346,0.00343,0.00343,3780148.0
2026-03-02 13:30:00,0.00344,0.00346,0.00343,0.00344,7163652.0
2026-03-02 13:45:00,0.00344,0.00344,0.00343,0.00343,1374597.0
2026-03-02 14:00:00,0.00343,0.00345,0.00343,0.00345,3400838.0
2026-03-02 14:15:00,0.00345,0.00346,0.00344,0.00345,6388384.0
2026-03-02 14:30:00,0.00345,0.00353,0.00345,0.00352,13083822.0
2026-03-02 14:45:00,0.00352,0.00356,0.00352,0.00356,8526389.0
2026-03-02 15:00:00,0.00357,0.00365,0.00356,0.00363,14613584.0
2026-03-02 15:15:00,0.00364,0.00369,0.00363,0.00366,19929023.0
2026-03-02 15:30:00,0.00366,0.00367,0.00361,0.00365,19499879.0
2026-03-02 15:45:00,0.00365,0.00366,0.00361,0.00363,19396745.0
2026-03-02 16:00:00,0.00363,0.00369,0.00361,0.00367,26913115.0
2026-03-02 16:15:00,0.00367,0.0037,0.00365,0.00366,13509474.0
2026-03-02 16:30:00,0.00367,0.00368,0.00362,0.00368,13777679.0
2026-03-02 16:45:00,0.00368,0.00371,0.00365,0.00366,15378558.0
2026-03-02 17:00:00,0.00366,0.00366,0.00363,0.00364,5671616.0
2026-03-02 17:15:00,0.00363,0.00363,0.0036,0.00361,8151769.0
2026-03-02 17:30:00,0.00361,0.00363,0.00357,0.00357,13441154.0
2026-03-02 17:45:00,0.00358,0.00362,0.00358,0.00361,5290466.0
2026-03-02 18:00:00,0.00362,0.00362,0.00359,0.00362,6761354.0
2026-03-02 18:15:00,0.00363,0.00363,0.0036,0.00361,8583766.0
2026-03-02 18:30:00,0.0036,0.00362,0.0036,0.00362,7752761.0
2026-03-02 18:45:00,0.00361,0.00363,0.0036,0.00361,13317251.0
2026-03-02 19:00:00,0.00361,0.00361,0.00357,0.00359,17608133.0
2026-03-02 19:15:00,0.00358,0.00361,0.00358,0.00359,5210275.0
2026-03-02 19:30:00,0.00359,0.0036,0.00358,0.00359,4629322.0
2026-03-02 19:45:00,0.00359,0.00361,0.00358,0.00359,3899158.0
2026-03-02 20:00:00,0.0036,0.00362,0.00357,0.00358,8235330.0
2026-03-02 20:15:00,0.00358,0.0036,0.00358,0.00358,8423498.0
2026-03-02 20:30:00,0.00358,0.0036,0.00357,0.0036,6805533.0
2026-03-02 20:45:00,0.0036,0.0036,0.00358,0.00358,5145399.0
2026-03-02 21:00:00,0.00358,0.00358,0.00356,0.00357,6766828.0
2026-03-02 21:15:00,0.00358,0.00358,0.00356,0.00358,5114530.0
2026-03-02 21:30:00,0.00358,0.00359,0.00357,0.00359,900094.0
2026-03-02 21:45:00,0.00359,0.00359,0.00358,0.00359,13637726.0
2026-03-02 22:00:00,0.00359,0.00361,0.00359,0.00359,4631927.0
2026-03-02 22:15:00,0.0036,0.00361,0.00358,0.00361,5793878.0
2026-03-02 22:30:00,0.0036,0.00361,0.00359,0.00359,3451857.0
2026-03-02 22:45:00,0.00359,0.00359,0.00358,0.00359,501863.0
2026-03-02 23:00:00,0.00358,0.00358,0.00357,0.00358,8732761.0
2026-03-02 23:15:00,0.00357,0.00358,0.00355,0.00355,10180353.0
2026-03-02 23:30:00,0.00354,0.00354,0.00352,0.00352,16665294.0
2026-03-02 23:45:00,0.00352,0.00355,0.00352,0.00355,6989174.0
2026-03-03 00:00:00,0.00354,0.00354,0.00352,0.00353,10754858.0
2026-03-03 00:15:00,0.00354,0.00354,0.0035,0.00351,6201400.0
2026-03-03 00:30:00,0.0035,0.00353,0.0035,0.00353,4900211.0
2026-03-03 00:45:00,0.00353,0.00353,0.00351,0.00352,6146759.0
2026-03-03 01:00:00,0.00352,0.00354,0.00352,0.00354,4678235.0
2026-03-03 01:15:00,0.00353,0.00353,0.00351,0.00351,2185685.0
2026-03-03 01:30:00,0.00352,0.00353,0.00351,0.00353,6682874.0
2026-03-03 01:45:00,0.00352,0.00352,0.00351,0.00351,5271860.0
2026-03-03 02:00:00,0.0035,0.0035,0.00348,0.00349,5689575.0
2026-03-03 02:15:00,0.0035,0.0035,0.00347,0.00349,8704336.0
2026-03-03 02:30:00,0.00349,0.00351,0.00349,0.00351,3117708.0
2026-03-03 02:45:00,0.0035,0.00351,0.00349,0.00351,3249529.0
2026-03-03 03:00:00,0.0035,0.00351,0.00349,0.00351,5389901.0
2026-03-03 03:15:00,0.00351,0.00351,0.00348,0.00349,2884302.0
2026-03-03 03:30:00,0.00349,0.00352,0.00348,0.00351,2886091.0
2026-03-03 03:45:00,0.00352,0.00352,0.0035,0.0035,2077666.0
2026-03-03 04:00:00,0.00351,0.00352,0.00349,0.00351,4982309.0
2026-03-03 04:15:00,0.0035,0.00351,0.00349,0.00349,1935494.0
2026-03-03 04:30:00,0.0035,0.0035,0.00348,0.00349,4291771.0
2026-03-03 04:45:00,0.00349,0.00349,0.00348,0.00348,1790502.0
2026-03-03 05:00:00,0.00349,0.0035,0.00348,0.0035,3513669.0
2026-03-03 05:15:00,0.0035,0.00352,0.0035,0.00351,4638049.0
2026-03-03 05:30:00,0.00352,0.00352,0.00349,0.00349,4925995.0
2026-03-03 05:45:00,0.00349,0.0035,0.00348,0.0035,5303431.0
2026-03-03 06:00:00,0.0035,0.00351,0.00349,0.00351,4139657.0
2026-03-03 06:15:00,0.00351,0.00351,0.00348,0.00349,2128244.0
2026-03-03 06:30:00,0.0035,0.0035,0.00348,0.00349,2493347.0
2026-03-03 06:45:00,0.0035,0.0035,0.00348,0.00349,4009538.0
2026-03-03 07:00:00,0.00349,0.0035,0.00348,0.0035,2217952.0
2026-03-03 07:15:00,0.0035,0.00351,0.00349,0.00349,2980956.0
2026-03-03 07:30:00,0.00349,0.0035,0.00348,0.00349,1306819.0
2026-03-03 07:45:00,0.00349,0.0035,0.00348,0.00349,3069004.0
2026-03-03 08:00:00,0.0035,0.0035,0.00348,0.00348,10368549.0
2026-03-03 08:15:00,0.00348,0.00349,0.00347,0.00348,9676372.0
2026-03-03 08:30:00,0.00347,0.00348,0.00343,0.00344,12053337.0
2026-03-03 08:45:00,0.00343,0.00344,0.00341,0.00343,5651656.0
2026-03-03 09:00:00,0.00343,0.00345,0.00342,0.00345,8335014.0
2026-03-03 09:15:00,0.00345,0.00346,0.0034,0.00342,11277774.0
2026-03-03 09:30:00,0.00342,0.00343,0.0034,0.00341,6818509.0
2026-03-03 09:45:00,0.00342,0.00342,0.00339,0.0034,14065170.0
2026-03-03 10:00:00,0.00339,0.0034,0.00339,0.0034,13679826.0
2026-03-03 10:15:00,0.0034,0.00341,0.00339,0.0034,18397464.0
2026-03-03 10:30:00,0.0034,0.00341,0.00339,0.0034,20456699.0
2026-03-03 10:45:00,0.0034,0.00343,0.0034,0.00343,16185416.0
2026-03-03 11:00:00,0.00342,0.00343,0.00341,0.00342,16838685.0
2026-03-03 11:15:00,0.00343,0.00344,0.00341,0.00343,27015186.0
2026-03-03 11:30:00,0.00343,0.00344,0.00341,0.00343,10370534.0
2026-03-03 11:45:00,0.00344,0.00344,0.00342,0.00344,9980253.0
2026-03-03 12:00:00,0.00344,0.00349,0.00343,0.00349,13950871.0
2026-03-03 12:15:00,0.00348,0.00348,0.00347,0.00348,9484810.0
2026-03-03 12:30:00,0.00348,0.00348,0.00346,0.00347,5732867.0
2026-03-03 12:45:00,0.00347,0.00348,0.00346,0.00346,14728605.0
2026-03-03 13:00:00,0.00346,0.00348,0.00346,0.00347,7672582.0
2026-03-03 13:15:00,0.00346,0.00347,0.00346,0.00347,2156925.0
2026-03-03 13:30:00,0.00346,0.00347,0.00345,0.00346,7939743.0
2026-03-03 13:45:00,0.00345,0.00346,0.00343,0.00344,11393088.0
2026-03-03 14:00:00,0.00344,0.00347,0.00343,0.00346,13340639.0
2026-03-03 14:15:00,0.00346,0.00349,0.00345,0.00348,5784212.0
2026-03-03 14:30:00,0.00348,0.00351,0.00345,0.00345,17710460.0
2026-03-03 14:45:00,0.00344,0.00349,0.00342,0.00346,13943258.0
2026-03-03 15:00:00,0.00347,0.00347,0.00344,0.00347,14243199.0
2026-03-03 15:15:00,0.00347,0.00348,0.00344,0.00348,7148696.0
2026-03-03 15:30:00,0.00348,0.00354,0.00348,0.00352,23118233.0
2026-03-03 15:45:00,0.00351,0.00352,0.0035,0.00351,2993079.0
2026-03-03 16:00:00,0.00351,0.00358,0.00351,0.00358,11094090.0
2026-03-03 16:15:00,0.00359,0.00362,0.00356,0.0036,10946454.0
2026-03-03 16:30:00,0.00359,0.00359,0.00349,0.00352,16250694.0
2026-03-03 16:45:00,0.00352,0.00357,0.00352,0.00355,13534914.0
2026-03-03 17:00:00,0.00355,0.00355,0.00349,0.0035,11572905.0
2026-03-03 17:15:00,0.00351,0.00351,0.00349,0.00351,22549190.0
2026-03-03 17:30:00,0.00351,0.00352,0.00348,0.00352,14557106.0
2026-03-03 17:45:00,0.00352,0.00353,0.00351,0.00352,24594038.0
2026-03-03 18:00:00,0.00352,0.00354,0.00352,0.00352,12603499.0
2026-03-03 18:15:00,0.00352,0.00356,0.00352,0.00355,11031510.0
2026-03-03 18:30:00,0.00355,0.00358,0.00355,0.00356,13897621.0
2026-03-03 18:45:00,0.00357,0.00357,0.00355,0.00356,8644507.0
2026-03-03 19:00:00,0.00355,0.00356,0.00352,0.00354,7215363.0
2026-03-03 19:15:00,0.00353,0.00355,0.00353,0.00354,6854900.0
2026-03-03 19:30:00,0.00354,0.00356,0.00352,0.00355,14070180.0
2026-03-03 19:45:00,0.00355,0.00356,0.00353,0.00354,6658192.0
2026-03-03 20:00:00,0.00354,0.00354,0.00351,0.00352,12542079.0
2026-03-03 20:15:00,0.00351,0.00353,0.00351,0.00352,3735159.0
2026-03-03 20:30:00,0.00352,0.00353,0.00351,0.00353,10297317.0
2026-03-03 20:45:00,0.00352,0.00352,0.00349,0.00351,8633490.0
2026-03-03 21:00:00,0.0035,0.00351,0.00348,0.0035,11164466.0
2026-03-03 21:15:00,0.00349,0.0035,0.00347,0.00348,3431701.0
2026-03-03 21:30:00,0.00348,0.00349,0.00347,0.00347,3081072.0
2026-03-03 21:45:00,0.00348,0.0035,0.00347,0.00349,3054807.0
2026-03-03 22:00:00,0.00349,0.00353,0.00349,0.00351,6928464.0
2026-03-03 22:15:00,0.00351,0.00352,0.0035,0.00352,4516325.0
2026-03-03 22:30:00,0.00352,0.00354,0.00351,0.00354,5134811.0
2026-03-03 22:45:00,0.00354,0.00354,0.00352,0.00352,3614832.0
2026-03-03 23:00:00,0.00353,0.00355,0.00353,0.00354,5830857.0
2026-03-03 23:15:00,0.00354,0.00354,0.00352,0.00353,1932375.0
2026-03-03 23:30:00,0.00353,0.00353,0.00351,0.00352,5450885.0
2026-03-03 23:45:00,0.00352,0.00352,0.00351,0.00352,4349253.0
2026-03-04 00:00:00,0.00351,0.00352,0.00351,0.00351,1905553.0
2026-03-04 00:15:00,0.00352,0.00353,0.0035,0.00351,6440197.0
2026-03-04 00:30:00,0.00351,0.00352,0.00347,0.00347,10474894.0
2026-03-04 00:45:00,0.00348,0.00351,0.00348,0.00351,2488817.0
2026-03-04 01:00:00,0.0035,0.00352,0.0035,0.00351,4593607.0
2026-03-04 01:15:00,0.0035,0.00351,0.00349,0.00351,3285608.0
2026-03-04 01:30:00,0.00351,0.00353,0.0035,0.00352,12757591.0
2026-03-04 01:45:00,0.00352,0.00352,0.0035,0.00351,4216765.0
2026-03-04 02:00:00,0.0035,0.00351,0.00349,0.00351,7010045.0
2026-03-04 02:15:00,0.0035,0.00351,0.00349,0.00349,5237390.0
2026-03-04 02:30:00,0.0035,0.00351,0.00349,0.00351,4699173.0
2026-03-04 02:45:00,0.00351,0.00353,0.00351,0.00353,9211328.0
2026-03-04 03:00:00,0.00353,0.00353,0.00351,0.00353,9443179.0
2026-03-04 03:15:00,0.00354,0.00354,0.00351,0.00351,12047893.0
2026-03-04 03:30:00,0.00351,0.00352,0.00348,0.0035,61214693.0
2026-03-04 03:45:00,0.00351,0.00352,0.00349,0.00352,5086852.0
2026-03-04 04:00:00,0.00353,0.00353,0.00352,0.00353,8603987.0
2026-03-04 04:15:00,0.00352,0.00352,0.0035,0.0035,7980192.0
2026-03-04 04:30:00,0.0035,0.00351,0.00348,0.0035,12930607.0
2026-03-04 04:45:00,0.00349,0.00352,0.00349,0.00352,3348147.0
2026-03-04 05:00:00,0.00352,0.00352,0.0035,0.00351,2770169.0
2026-03-04 05:15:00,0.00351,0.00352,0.00349,0.00349,6519891.0
2026-03-04 05:30:00,0.00349,0.00354,0.00349,0.00353,4843525.0
2026-03-04 05:45:00,0.00353,0.00353,0.00352,0.00352,1911910.0
2026-03-04 06:00:00,0.00353,0.00353,0.0035,0.00351,8725747.0
2026-03-04 06:15:00,0.00351,0.00352,0.0035,0.0035,1660576.0
2026-03-04 06:30:00,0.00351,0.00354,0.00351,0.00353,5634778.0
2026-03-04 06:45:00,0.00354,0.00354,0.00352,0.00353,724020.0
2026-03-04 07:00:00,0.00353,0.00353,0.00351,0.00352,6732941.0
2026-03-04 07:15:00,0.00352,0.00354,0.00351,0.00354,5765693.0
2026-03-04 07:30:00,0.00353,0.00354,0.00353,0.00354,6092754.0
2026-03-04 07:45:00,0.00354,0.00357,0.00354,0.00355,6616829.0
2026-03-04 08:00:00,0.00356,0.00357,0.00354,0.00356,16009754.0
2026-03-04 08:15:00,0.00356,0.00356,0.00354,0.00354,8001507.0
2026-03-04 08:30:00,0.00354,0.0036,0.00354,0.00359,11832941.0
2026-03-04 08:45:00,0.00359,0.00368,0.00359,0.00367,39546724.0
2026-03-04 09:00:00,0.00367,0.00368,0.00364,0.00366,41128181.0
2026-03-04 09:15:00,0.00367,0.00369,0.00366,0.00367,19380606.0
2026-03-04 09:30:00,0.00367,0.0037,0.00367,0.0037,27485226.0
2026-03-04 09:45:00,0.0037,0.0037,0.00365,0.00366,8577129.0
2026-03-04 10:00:00,0.00366,0.00368,0.00365,0.00365,10210735.0
2026-03-04 10:15:00,0.00365,0.00366,0.00363,0.00364,20707892.0
2026-03-04 10:30:00,0.00363,0.00364,0.00362,0.00362,13216652.0
2026-03-04 10:45:00,0.00361,0.00363,0.00361,0.00361,7925705.0
2026-03-04 11:00:00,0.00362,0.00362,0.00361,0.00362,11645932.0
2026-03-04 11:15:00,0.00361,0.00362,0.0036,0.0036,4567512.0
2026-03-04 11:30:00,0.0036,0.00361,0.00356,0.00357,10577562.0
2026-03-04 11:45:00,0.00356,0.00358,0.00356,0.00357,10741713.0
2026-03-04 12:00:00,0.00358,0.00358,0.00355,0.00355,5978156.0
2026-03-04 12:15:00,0.00356,0.00357,0.00354,0.00354,26781042.0
2026-03-04 12:30:00,0.00354,0.00354,0.00352,0.00353,12726942.0
2026-03-04 12:45:00,0.00354,0.00356,0.00354,0.00356,7676814.0
2026-03-04 13:00:00,0.00355,0.00359,0.00355,0.00357,11585474.0
2026-03-04 13:15:00,0.00358,0.00358,0.00357,0.00357,9813363.0
2026-03-04 13:30:00,0.00357,0.00358,0.00356,0.00357,8708311.0
2026-03-04 13:45:00,0.00357,0.00358,0.00356,0.00358,4311822.0
2026-03-04 14:00:00,0.00358,0.0036,0.00357,0.00359,12679347.0
2026-03-04 14:15:00,0.00359,0.0036,0.00358,0.00359,19696642.0
2026-03-04 14:30:00,0.00359,0.00364,0.00357,0.00357,31971412.0
2026-03-04 14:45:00,0.00357,0.00358,0.00356,0.00358,8515480.0
2026-03-04 15:00:00,0.00358,0.00361,0.00357,0.00358,17404841.0
2026-03-04 15:15:00,0.00359,0.00366,0.00358,0.00366,12645952.0
2026-03-04 15:30:00,0.00366,0.00367,0.00364,0.00365,18214796.0
2026-03-04 15:45:00,0.00366,0.0037,0.00365,0.00369,12744786.0
2026-03-04 16:00:00,0.0037,0.00372,0.00368,0.00368,28492174.0
2026-03-04 16:15:00,0.00368,0.00369,0.00363,0.00365,21841069.0
2026-03-04 16:30:00,0.00366,0.00367,0.00365,0.00365,3640120.0
2026-03-04 16:45:00,0.00365,0.00366,0.00364,0.00364,8029421.0
2026-03-04 17:00:00,0.00364,0.00366,0.00363,0.00366,29661301.0
2026-03-04 17:15:00,0.00365,0.00366,0.00361,0.00362,6451296.0
2026-03-04 17:30:00,0.00362,0.00366,0.00362,0.00364,11839051.0
2026-03-04 17:45:00,0.00364,0.00367,0.00364,0.00365,10181072.0
2026-03-04 18:00:00,0.00365,0.00366,0.00363,0.00363,1602311.0
2026-03-04 18:15:00,0.00364,0.00366,0.00363,0.00365,1954923.0
2026-03-04 18:30:00,0.00365,0.00366,0.00363,0.00366,6771963.0
2026-03-04 18:45:00,0.00366,0.00369,0.00365,0.00368,5454362.0
2026-03-04 19:00:00,0.00367,0.00372,0.00367,0.00372,25137664.0
2026-03-04 19:15:00,0.00371,0.00375,0.0037,0.00371,26084548.0
2026-03-04 19:30:00,0.00372,0.00374,0.0037,0.00373,9332915.0
2026-03-04 19:45:00,0.00373,0.00374,0.00371,0.00373,2945158.0
2026-03-04 20:00:00,0.00373,0.00373,0.00369,0.00369,6240988.0
2026-03-04 20:15:00,0.00369,0.00371,0.00368,0.00369,9382730.0
2026-03-04 20:30:00,0.0037,0.00371,0.00369,0.00369,5652873.0
2026-03-04 20:45:00,0.00369,0.0037,0.00366,0.00366,5227230.0
2026-03-04 21:00:00,0.00366,0.00367,0.00365,0.00365,6920900.0
2026-03-04 21:15:00,0.00365,0.00366,0.00364,0.00366,5452486.0
2026-03-04 21:30:00,0.00366,0.00366,0.00365,0.00365,5111757.0
2026-03-04 21:45:00,0.00366,0.00366,0.00365,0.00366,300488.0
2026-03-04 22:00:00,0.00365,0.00368,0.00365,0.00367,23227551.0
2026-03-04 22:15:00,0.00366,0.00368,0.00365,0.00366,1504183.0
2026-03-04 22:30:00,0.00366,0.00366,0.00363,0.00364,4679754.0
2026-03-04 22:45:00,0.00363,0.00363,0.00361,0.00362,6232903.0
2026-03-04 23:00:00,0.00361,0.00363,0.00361,0.00362,1641038.0
2026-03-04 23:15:00,0.00362,0.00362,0.00357,0.00359,22338798.0
2026-03-04 23:30:00,0.0036,0.00362,0.00358,0.00362,11864780.0
2026-03-04 23:45:00,0.00362,0.00362,0.00361,0.00362,907235.0
2026-03-05 00:00:00,0.00362,0.00362,0.0036,0.00361,10196722.0
2026-03-05 00:15:00,0.00361,0.00362,0.0036,0.0036,4534966.0
2026-03-05 00:30:00,0.0036,0.0036,0.00358,0.00359,10305498.0
2026-03-05 00:45:00,0.00359,0.0036,0.00358,0.00359,5629805.0
2026-03-05 01:00:00,0.00358,0.0036,0.00358,0.0036,5664431.0
2026-03-05 01:15:00,0.0036,0.0036,0.00358,0.00359,3895394.0
2026-03-05 01:30:00,0.00358,0.00359,0.00356,0.00358,8811962.0
2026-03-05 01:45:00,0.00357,0.00358,0.00356,0.00357,6047165.0
2026-03-05 02:00:00,0.00356,0.0036,0.00356,0.00359,4859959.0
2026-03-05 02:15:00,0.00359,0.0036,0.00359,0.0036,235616.0
2026-03-05 02:30:00,0.0036,0.0036,0.00357,0.00358,2586869.0
2026-03-05 02:45:00,0.00358,0.0036,0.00357,0.00359,3291709.0
2026-03-05 03:00:00,0.00359,0.00361,0.00359,0.0036,5115575.0
2026-03-05 03:15:00,0.0036,0.00361,0.00359,0.00359,2323741.0
2026-03-05 03:30:00,0.00359,0.0036,0.00358,0.00359,7180682.0
2026-03-05 03:45:00,0.00359,0.0036,0.00358,0.00359,6907618.0
2026-03-05 04:00:00,0.00359,0.0036,0.00359,0.0036,1450095.0
2026-03-05 04:15:00,0.00359,0.00361,0.00358,0.0036,2066103.0
2026-03-05 04:30:00,0.0036,0.00361,0.00358,0.00361,3413068.0
2026-03-05 04:45:00,0.00361,0.00361,0.0036,0.0036,3996487.0
2026-03-05 05:00:00,0.0036,0.0036,0.00359,0.0036,1868056.0
2026-03-05 05:15:00,0.0036,0.0036,0.00357,0.00357,2934158.0
2026-03-05 05:30:00,0.00357,0.00358,0.00356,0.00357,2755398.0
2026-03-05 05:45:00,0.00356,0.00358,0.00356,0.00357,5334947.0
2026-03-05 06:00:00,0.00357,0.00358,0.00354,0.00355,11409116.0
2026-03-05 06:15:00,0.00354,0.00357,0.00354,0.00355,7383234.0
2026-03-05 06:30:00,0.00355,0.00356,0.00355,0.00355,1447899.0
2026-03-05 06:45:00,0.00356,0.00358,0.00356,0.00357,5751395.0
2026-03-05 07:00:00,0.00357,0.00358,0.00356,0.00358,4961262.0
2026-03-05 07:15:00,0.00358,0.00358,0.00356,0.00356,2335285.0
2026-03-05 07:30:00,0.00356,0.00357,0.00355,0.00356,4043723.0
2026-03-05 07:45:00,0.00355,0.00356,0.00353,0.00355,18264459.0
2026-03-05 08:00:00,0.00354,0.00355,0.00353,0.00354,8362722.0
2026-03-05 08:15:00,0.00353,0.00354,0.00353,0.00353,4461581.0
2026-03-05 08:30:00,0.00353,0.00356,0.00353,0.00356,9228514.0
2026-03-05 08:45:00,0.00356,0.00357,0.00356,0.00356,1239569.0
2026-03-05 09:00:00,0.00356,0.00361,0.00356,0.0036,6466392.0
2026-03-05 09:15:00,0.00361,0.00362,0.00359,0.00361,16078711.0
2026-03-05 09:30:00,0.0036,0.00362,0.0036,0.00361,1345676.0
2026-03-05 09:45:00,0.0036,0.00361,0.0036,0.00361,1779971.0
2026-03-05 10:00:00,0.00361,0.00362,0.00361,0.00361,4687576.0
2026-03-05 10:15:00,0.00361,0.00364,0.0036,0.00364,10640516.0
2026-03-05 10:30:00,0.00363,0.00366,0.00362,0.00365,12059027.0
2026-03-05 10:45:00,0.00365,0.00366,0.00364,0.00365,4225720.0
2026-03-05 11:00:00,0.00366,0.00366,0.00364,0.00365,4361272.0
2026-03-05 11:15:00,0.00365,0.00366,0.00363,0.00364,4061031.0
2026-03-05 11:30:00,0.00364,0.00364,0.00361,0.00361,5054455.0
2026-03-05 11:45:00,0.00362,0.00362,0.00361,0.00361,688725.0
2026-03-05 12:00:00,0.00361,0.00362,0.0036,0.00362,3820244.0
2026-03-05 12:15:00,0.00361,0.00363,0.00361,0.00363,2360198.0
2026-03-05 12:30:00,0.00363,0.00364,0.00361,0.00364,17323137.0
2026-03-05 12:45:00,0.00364,0.00365,0.00363,0.00364,7552910.0
2026-03-05 13:00:00,0.00364,0.00364,0.0036,0.0036,13296581.0
2026-03-05 13:15:00,0.0036,0.00362,0.00358,0.00359,7919550.0
2026-03-05 13:30:00,0.00358,0.00358,0.00356,0.00356,13928285.0
2026-03-05 13:45:00,0.00356,0.00358,0.00356,0.00357,7022775.0
2026-03-05 14:00:00,0.00357,0.00358,0.00356,0.00358,12036368.0
2026-03-05 14:15:00,0.00357,0.00358,0.00356,0.00358,11108024.0
2026-03-05 14:30:00,0.00358,0.00361,0.00357,0.00358,34880666.0
2026-03-05 14:45:00,0.00358,0.00361,0.00357,0.0036,31068684.0
2026-03-05 15:00:00,0.0036,0.00361,0.00354,0.00355,17481432.0
2026-03-05 15:15:00,0.00355,0.00356,0.00354,0.00354,26749291.0
2026-03-05 15:30:00,0.00355,0.00358,0.00353,0.00356,19532253.0
2026-03-05 15:45:00,0.00357,0.00357,0.00355,0.00355,14741143.0
2026-03-05 16:00:00,0.00355,0.00355,0.00346,0.00348,38665396.0
2026-03-05 16:15:00,0.00349,0.00351,0.00348,0.00351,16489301.0
2026-03-05 16:30:00,0.0035,0.00354,0.0035,0.00353,20241655.0
2026-03-05 16:45:00,0.00352,0.00353,0.00349,0.00351,27504909.0
2026-03-05 17:00:00,0.00351,0.00353,0.00348,0.00349,12320552.0
2026-03-05 17:15:00,0.00349,0.00349,0.00348,0.00348,6534959.0
2026-03-05 17:30:00,0.00347,0.00348,0.00345,0.00347,10725178.0
2026-03-05 17:45:00,0.00347,0.00348,0.00345,0.00346,10539491.0
2026-03-05 18:00:00,0.00346,0.00348,0.00345,0.00348,18093971.0
2026-03-05 18:15:00,0.00347,0.00349,0.00347,0.00349,10169215.0
2026-03-05 18:30:00,0.00349,0.00351,0.00348,0.0035,8884561.0
2026-03-05 18:45:00,0.0035,0.00352,0.0035,0.00352,17383983.0
2026-03-05 19:00:00,0.00352,0.00357,0.00352,0.00357,14392009.0
2026-03-05 19:15:00,0.00356,0.00357,0.00355,0.00355,13476110.0
2026-03-05 19:30:00,0.00355,0.00355,0.00353,0.00355,2360648.0
2026-03-05 19:45:00,0.00354,0.00355,0.00353,0.00353,4348630.0
2026-03-05 20:00:00,0.00354,0.00356,0.00354,0.00356,8134140.0
2026-03-05 20:15:00,0.00356,0.00359,0.00356,0.00358,7047836.0
2026-03-05 20:30:00,0.00358,0.00359,0.00357,0.00357,4890850.0
2026-03-05 20:45:00,0.00358,0.00358,0.00356,0.00358,3995982.0
2026-03-05 21:00:00,0.00358,0.00359,0.00357,0.00357,5315602.0
2026-03-05 21:15:00,0.00357,0.00358,0.00357,0.00358,12164659.0
2026-03-05 21:30:00,0.00359,0.00359,0.00355,0.00356,6206663.0
2026-03-05 21:45:00,0.00356,0.00357,0.00356,0.00357,1488371.0
2026-03-05 22:00:00,0.00357,0.00357,0.00355,0.00355,5400764.0
2026-03-05 22:15:00,0.00356,0.00357,0.00355,0.00355,18809892.0
2026-03-05 22:30:00,0.00356,0.00358,0.00356,0.00358,3609279.0
2026-03-05 22:45:00,0.00358,0.00358,0.00356,0.00356,2755676.0
2026-03-05 23:00:00,0.00356,0.00357,0.00356,0.00357,201081.0
2026-03-05 23:15:00,0.00357,0.00357,0.00356,0.00357,2182496.0
2026-03-05 23:30:00,0.00356,0.00356,0.00354,0.00355,7333527.0
2026-03-05 23:45:00,0.00355,0.00355,0.00354,0.00354,5126871.0
2026-03-06 00:00:00,0.00355,0.00355,0.00353,0.00354,8227412.0
2026-03-06 00:15:00,0.00354,0.00354,0.00353,0.00353,3139875.0
2026-03-06 00:30:00,0.00353,0.00355,0.00353,0.00354,1346886.0
2026-03-06 00:45:00,0.00354,0.00355,0.00352,0.00352,7725421.0
2026-03-06 01:00:00,0.00353,0.00353,0.00352,0.00352,3608621.0
2026-03-06 01:15:00,0.00353,0.00353,0.00351,0.00351,2746891.0
2026-03-06 01:30:00,0.00352,0.00356,0.00352,0.00355,7139418.0
2026-03-06 01:45:00,0.00356,0.00357,0.00355,0.00357,13255700.0
2026-03-06 02:00:00,0.00356,0.00357,0.00355,0.00356,5098380.0
2026-03-06 02:15:00,0.00356,0.00357,0.00354,0.00356,6125166.0
2026-03-06 02:30:00,0.00356,0.00357,0.00356,0.00357,2296236.0
2026-03-06 02:45:00,0.00358,0.00358,0.00356,0.00357,3605887.0
2026-03-06 03:00:00,0.00357,0.00357,0.00356,0.00356,3272598.0
2026-03-06 03:15:00,0.00356,0.00357,0.00355,0.00356,6108209.0
2026-03-06 03:30:00,0.00356,0.00358,0.00356,0.00356,8421531.0
2026-03-06 03:45:00,0.00356,0.00358,0.00356,0.00358,3621700.0
2026-03-06 04:00:00,0.00358,0.00358,0.00356,0.00357,1878588.0
2026-03-06 04:15:00,0.00356,0.00357,0.00356,0.00357,3439098.0
2026-03-06 04:30:00,0.00356,0.00357,0.00353,0.00354,21060282.0
2026-03-06 04:45:00,0.00354,0.00355,0.00353,0.00354,15429930.0
2026-03-06 05:00:00,0.00354,0.00355,0.00352,0.00354,14002252.0
2026-03-06 05:15:00,0.00353,0.00355,0.00352,0.00353,11404715.0
2026-03-06 05:30:00,0.00352,0.00353,0.0035,0.00351,21641496.0
2026-03-06 05:45:00,0.00351,0.00353,0.0035,0.00352,15821785.0
2026-03-06 06:00:00,0.00352,0.00353,0.00352,0.00353,2036871.0
2026-03-06 06:15:00,0.00353,0.00355,0.00353,0.00353,8634062.0
2026-03-06 06:30:00,0.00353,0.00355,0.00353,0.00355,3077527.0
2026-03-06 06:45:00,0.00355,0.00357,0.00355,0.00356,5895970.0
2026-03-06 07:00:00,0.00356,0.00356,0.00354,0.00354,3307790.0
2026-03-06 07:15:00,0.00355,0.00358,0.00355,0.00357,7545266.0
2026-03-06 07:30:00,0.00358,0.00358,0.00357,0.00357,2049458.0
2026-03-06 07:45:00,0.00358,0.00359,0.00357,0.00357,1435220.0
2026-03-06 08:00:00,0.00357,0.00358,0.00356,0.00356,2226321.0
2026-03-06 08:15:00,0.00357,0.00357,0.00356,0.00356,1749399.0
2026-03-06 08:30:00,0.00357,0.00357,0.00354,0.00355,4359196.0
2026-03-06 08:45:00,0.00355,0.00355,0.00354,0.00355,1434796.0
2026-03-06 09:00:00,0.00355,0.00355,0.00352,0.00353,2384711.0
2026-03-06 09:15:00,0.00352,0.00353,0.0035,0.00351,21821110.0
2026-03-06 09:30:00,0.00351,0.00352,0.0035,0.00351,13040155.0
2026-03-06 09:45:00,0.00351,0.00353,0.00351,0.00352,5694116.0
2026-03-06 10:00:00,0.00352,0.00356,0.00352,0.00355,10386997.0
2026-03-06 10:15:00,0.00355,0.00356,0.00354,0.00355,7962037.0
2026-03-06 10:30:00,0.00355,0.00355,0.00354,0.00354,8649970.0
2026-03-06 10:45:00,0.00354,0.00355,0.00353,0.00353,2818785.0
2026-03-06 11:00:00,0.00353,0.00353,0.00352,0.00352,8399006.0
2026-03-06 11:15:00,0.00352,0.00353,0.00352,0.00352,9057356.0
2026-03-06 11:30:00,0.00352,0.00353,0.00349,0.0035,4795099.0
2026-03-06 11:45:00,0.0035,0.00351,0.00349,0.00349,3938794.0
2026-03-06 12:00:00,0.00349,0.0035,0.00346,0.00348,16853388.0
2026-03-06 12:15:00,0.00348,0.0035,0.00348,0.0035,5713771.0
2026-03-06 12:30:00,0.0035,0.0035,0.00346,0.00348,8802534.0
2026-03-06 12:45:00,0.00348,0.0035,0.00346,0.0035,7937938.0
2026-03-06 13:00:00,0.0035,0.0035,0.00348,0.0035,12405104.0
2026-03-06 13:15:00,0.0035,0.00351,0.00348,0.00351,4397039.0
2026-03-06 13:30:00,0.0035,0.00352,0.00346,0.0035,37629035.0
2026-03-06 13:45:00,0.0035,0.00351,0.00345,0.00345,23129361.0
2026-03-06 14:00:00,0.00345,0.00348,0.00341,0.00344,25466248.0
2026-03-06 14:15:00,0.00343,0.00345,0.00342,0.00344,17244385.0
2026-03-06 14:30:00,0.00344,0.00345,0.00338,0.0034,39993588.0
2026-03-06 14:45:00,0.0034,0.00341,0.00335,0.00339,31682041.0
2026-03-06 15:00:00,0.00338,0.0034,0.00337,0.00339,32533636.0
2026-03-06 15:15:00,0.0034,0.00342,0.00339,0.0034,11165313.0
2026-03-06 15:30:00,0.0034,0.00343,0.0034,0.0034,4052217.0
2026-03-06 15:45:00,0.00341,0.00341,0.00337,0.00339,22827165.0
2026-03-06 16:00:00,0.00339,0.0034,0.00337,0.00339,14314212.0
2026-03-06 16:15:00,0.00338,0.0034,0.00337,0.0034,8957515.0
2026-03-06 16:30:00,0.0034,0.00341,0.00339,0.00341,10957288.0
2026-03-06 16:45:00,0.00341,0.00341,0.0034,0.0034,5416743.0
2026-03-06 17:00:00,0.0034,0.00341,0.00339,0.00341,6343736.0
2026-03-06 17:15:00,0.00341,0.00341,0.00337,0.00338,13888361.0
2026-03-06 17:30:00,0.00338,0.00338,0.00335,0.00336,21809448.0
2026-03-06 17:45:00,0.00337,0.00339,0.00337,0.00338,8476909.0
2026-03-06 18:00:00,0.00338,0.00341,0.00337,0.0034,3841409.0
2026-03-06 18:15:00,0.00341,0.00342,0.00341,0.00341,3431698.0
2026-03-06 18:30:00,0.0034,0.00342,0.0034,0.00342,5307611.0
2026-03-06 18:45:00,0.00343,0.00343,0.00342,0.00343,3803131.0
2026-03-06 19:00:00,0.00343,0.00346,0.00342,0.00345,3550259.0
2026-03-06 19:15:00,0.00345,0.00346,0.00345,0.00345,12045679.0
2026-03-06 19:30:00,0.00344,0.00345,0.00343,0.00343,2095878.0
2026-03-06 19:45:00,0.00344,0.00345,0.00344,0.00345,1477778.0
2026-03-06 20:00:00,0.00345,0.00345,0.00343,0.00345,2973004.0
2026-03-06 20:15:00,0.00345,0.00345,0.00344,0.00344,2190610.0
2026-03-06 20:30:00,0.00343,0.00344,0.00343,0.00344,1845358.0
2026-03-06 20:45:00,0.00345,0.00345,0.00343,0.00343,5759288.0
2026-03-06 21:00:00,0.00344,0.00344,0.00343,0.00343,1234761.0
2026-03-06 21:15:00,0.00344,0.00344,0.00342,0.00342,4151318.0
2026-03-06 21:30:00,0.00342,0.00342,0.00341,0.00342,7319296.0
2026-03-06 21:45:00,0.00342,0.00343,0.00342,0.00342,1382332.0
2026-03-06 22:00:00,0.00342,0.00343,0.00342,0.00342,797916.0
2026-03-06 22:15:00,0.00342,0.00343,0.00341,0.00342,5633920.0
2026-03-06 22:30:00,0.00342,0.00344,0.00342,0.00343,12121213.0
2026-03-06 22:45:00,0.00343,0.00344,0.00342,0.00343,1765427.0
2026-03-06 23:00:00,0.00344,0.00344,0.00343,0.00344,215880.0
2026-03-06 23:15:00,0.00344,0.00344,0.00344,0.00344,164094.0
2026-03-06 23:30:00,0.00343,0.00344,0.00342,0.00343,3832571.0
2026-03-06 23:45:00,0.00343,0.00343,0.00342,0.00342,484402.0
2026-03-07 00:00:00,0.00343,0.00345,0.00342,0.00344,4118141.0
2026-03-07 00:15:00,0.00343,0.00344,0.00342,0.00343,14142011.0
2026-03-07 00:30:00,0.00343,0.00343,0.00342,0.00343,1558681.0
2026-03-07 00:45:00,0.00342,0.00342,0.00341,0.00342,7121349.0
2026-03-07 01:00:00,0.00342,0.00342,0.0034,0.0034,5376321.0
2026-03-07 01:15:00,0.00339,0.0034,0.00338,0.0034,6955823.0
2026-03-07 01:30:00,0.0034,0.0034,0.00339,0.0034,369613.0
2026-03-07 01:45:00,0.0034,0.00341,0.00339,0.00339,2418726.0
2026-03-07 02:00:00,0.0034,0.0034,0.00339,0.00339,3814760.0
2026-03-07 02:15:00,0.00339,0.0034,0.00337,0.00337,4534745.0
2026-03-07 02:30:00,0.00338,0.00338,0.00337,0.00338,1622429.0
2026-03-07 02:45:00,0.00338,0.0034,0.00337,0.0034,2384330.0
2026-03-07 03:00:00,0.00339,0.00342,0.00339,0.00341,13149934.0
2026-03-07 03:15:00,0.00341,0.00341,0.00339,0.0034,1832565.0
2026-03-07 03:30:00,0.0034,0.0034,0.00338,0.00339,875093.0
2026-03-07 03:45:00,0.00339,0.00339,0.00338,0.00339,127770.0
2026-03-07 04:00:00,0.00338,0.00338,0.00335,0.00336,11371206.0
2026-03-07 04:15:00,0.00336,0.00337,0.00335,0.00336,4035414.0
2026-03-07 04:30:00,0.00337,0.00339,0.00337,0.00339,4256579.0
2026-03-07 04:45:00,0.00339,0.00341,0.00338,0.00338,15815771.0
2026-03-07 05:00:00,0.00339,0.0034,0.00338,0.00338,4589740.0
2026-03-07 05:15:00,0.00338,0.00339,0.00338,0.00338,207171.0
2026-03-07 05:30:00,0.00339,0.00339,0.00337,0.00338,2945599.0
2026-03-07 05:45:00,0.00339,0.00339,0.00338,0.00339,898821.0
2026-03-07 06:00:00,0.00338,0.00339,0.00338,0.00338,1942791.0
2026-03-07 06:15:00,0.00338,0.00339,0.00337,0.00337,5772306.0
2026-03-07 06:30:00,0.00337,0.00337,0.00336,0.00337,6561613.0
2026-03-07 06:45:00,0.00337,0.00338,0.00335,0.00336,15071983.0
2026-03-07 07:00:00,0.00336,0.00336,0.00334,0.00336,15038052.0
2026-03-07 07:15:00,0.00336,0.00337,0.00335,0.00336,9746638.0
2026-03-07 07:30:00,0.00336,0.00337,0.00335,0.00336,7173371.0
2026-03-07 07:45:00,0.00337,0.00337,0.00336,0.00337,1188583.0
2026-03-07 08:00:00,0.00337,0.00337,0.00336,0.00337,5094051.0
2026-03-07 08:15:00,0.00338,0.00339,0.00338,0.00339,4787771.0
2026-03-07 08:30:00,0.00339,0.00339,0.00338,0.00339,5537064.0
2026-03-07 08:45:00,0.00339,0.00339,0.00337,0.00337,8903992.0
2026-03-07 09:00:00,0.00337,0.00338,0.00336,0.00338,2899493.0
2026-03-07 09:15:00,0.00338,0.00339,0.00338,0.00338,2446540.0
2026-03-07 09:30:00,0.00339,0.00339,0.00338,0.00339,3375836.0
2026-03-07 09:45:00,0.00339,0.00339,0.00338,0.00338,7020603.0
2026-03-07 10:00:00,0.00339,0.00339,0.00338,0.00339,653672.0
2026-03-07 10:15:00,0.00339,0.0034,0.00338,0.00339,2351505.0
2026-03-07 10:30:00,0.00338,0.0034,0.00338,0.00339,3049706.0
2026-03-07 10:45:00,0.00339,0.0034,0.00339,0.0034,1052183.0
2026-03-07 11:00:00,0.00339,0.00341,0.00338,0.00341,7461193.0
2026-03-07 11:15:00,0.0034,0.00341,0.00338,0.00339,6213512.0
2026-03-07 11:30:00,0.0034,0.0034,0.00338,0.00339,2237606.0
2026-03-07 11:45:00,0.00338,0.00339,0.00338,0.00339,1737532.0
2026-03-07 12:00:00,0.00339,0.00339,0.00338,0.00338,371873.0
2026-03-07 12:15:00,0.00339,0.00339,0.00337,0.00337,1403477.0
2026-03-07 12:30:00,0.00337,0.00338,0.00336,0.00336,2537410.0
2026-03-07 12:45:00,0.00336,0.00337,0.00335,0.00335,3007021.0
2026-03-07 13:00:00,0.00336,0.00337,0.00335,0.00336,6354301.0
2026-03-07 13:15:00,0.00336,0.00338,0.00336,0.00337,1857033.0
2026-03-07 13:30:00,0.00337,0.00338,0.00336,0.00337,3251808.0
2026-03-07 13:45:00,0.00337,0.00338,0.00336,0.00336,1593171.0
2026-03-07 14:00:00,0.00337,0.00337,0.00333,0.00334,19397225.0
2026-03-07 14:15:00,0.00333,0.00334,0.00333,0.00333,636825.0
2026-03-07 14:30:00,0.00333,0.00336,0.00333,0.00335,4966039.0
2026-03-07 14:45:00,0.00335,0.00336,0.00334,0.00334,6103543.0
2026-03-07 15:00:00,0.00334,0.00335,0.00334,0.00335,482441.0
2026-03-07 15:15:00,0.00334,0.00335,0.00333,0.00334,19275548.0
2026-03-07 15:30:00,0.00335,0.00335,0.00332,0.00332,19388965.0
2026-03-07 15:45:00,0.00333,0.00334,0.00332,0.00333,2260713.0
2026-03-07 16:00:00,0.00334,0.00334,0.00333,0.00333,1470326.0
2026-03-07 16:15:00,0.00333,0.00334,0.00332,0.00333,9449299.0
2026-03-07 16:30:00,0.00333,0.00334,0.00332,0.00333,4760679.0
2026-03-07 16:45:00,0.00334,0.00335,0.00333,0.00334,3813497.0
2026-03-07 17:00:00,0.00334,0.00336,0.00334,0.00335,7022023.0
2026-03-07 17:15:00,0.00335,0.00337,0.00335,0.00335,2608283.0
2026-03-07 17:30:00,0.00336,0.00337,0.00335,0.00335,5795740.0
2026-03-07 17:45:00,0.00336,0.00336,0.00335,0.00335,5511421.0
2026-03-07 18:00:00,0.00334,0.00335,0.00332,0.00333,13273734.0
2026-03-07 18:15:00,0.00332,0.00334,0.00332,0.00333,3795739.0
2026-03-07 18:30:00,0.00333,0.00334,0.00333,0.00334,4161884.0
2026-03-07 18:45:00,0.00334,0.00334,0.00333,0.00334,5309942.0
2026-03-07 19:00:00,0.00333,0.00334,0.00332,0.00333,3567782.0
2026-03-07 19:15:00,0.00333,0.00333,0.00331,0.00331,9554825.0
2026-03-07 19:30:00,0.00332,0.00333,0.00331,0.00333,2579928.0
2026-03-07 19:45:00,0.00332,0.00333,0.00329,0.0033,34570336.0
2026-03-07 20:00:00,0.00331,0.00332,0.0033,0.00331,9965232.0
2026-03-07 20:15:00,0.0033,0.00331,0.0033,0.00331,341091.0
2026-03-07 20:30:00,0.0033,0.00332,0.0033,0.00332,1987482.0
2026-03-07 20:45:00,0.00332,0.00332,0.0033,0.00331,2342094.0
2026-03-07 21:00:00,0.00331,0.00331,0.0033,0.0033,730624.0
2026-03-07 21:15:00,0.00331,0.00331,0.00329,0.0033,5358233.0
2026-03-07 21:30:00,0.00331,0.00331,0.00329,0.0033,5277746.0
2026-03-07 21:45:00,0.0033,0.0033,0.00329,0.0033,4882129.0
2026-03-07 22:00:00,0.00329,0.00331,0.00328,0.00329,28384895.0
2026-03-07 22:15:00,0.00329,0.0033,0.00327,0.00327,4687860.0
2026-03-07 22:30:00,0.00327,0.00328,0.00324,0.00327,17355993.0
2026-03-07 22:45:00,0.00326,0.00327,0.00324,0.00326,9807892.0
2026-03-07 23:00:00,0.00326,0.00327,0.00325,0.00327,6407238.0
2026-03-07 23:15:00,0.00327,0.00328,0.00327,0.00328,2627848.0
2026-03-07 23:30:00,0.00328,0.00329,0.00327,0.00329,2048829.0
2026-03-07 23:45:00,0.00329,0.00329,0.00328,0.00329,2697314.0
2026-03-08 00:00:00,0.00328,0.00329,0.00328,0.00328,295572.0
2026-03-08 00:15:00,0.00328,0.00329,0.00327,0.00327,2174077.0
2026-03-08 00:30:00,0.00327,0.00328,0.00326,0.00326,8165153.0
2026-03-08 00:45:00,0.00327,0.00328,0.00326,0.00327,4418122.0
2026-03-08 01:00:00,0.00327,0.00328,0.00326,0.00327,3280129.0
2026-03-08 01:15:00,0.00328,0.00329,0.00327,0.00328,13356151.0
2026-03-08 01:30:00,0.00328,0.00328,0.00326,0.00327,2257231.0
2026-03-08 01:45:00,0.00328,0.00328,0.00327,0.00327,328578.0
2026-03-08 02:00:00,0.00327,0.00328,0.00326,0.00327,1880381.0
2026-03-08 02:15:00,0.00327,0.00328,0.00326,0.00326,4837312.0
2026-03-08 02:30:00,0.00325,0.00327,0.00324,0.00327,8544725.0
2026-03-08 02:45:00,0.00327,0.00327,0.00323,0.00323,8173068.0
2026-03-08 03:00:00,0.00323,0.00323,0.00322,0.00323,4762079.0
2026-03-08 03:15:00,0.00323,0.00323,0.00322,0.00323,1120921.0
2026-03-08 03:30:00,0.00323,0.00323,0.00321,0.00321,3656508.0
2026-03-08 03:45:00,0.00322,0.00323,0.00321,0.00322,4660253.0
2026-03-08 04:00:00,0.00322,0.00323,0.00321,0.00321,3118211.0
2026-03-08 04:15:00,0.00322,0.00323,0.00321,0.00322,3525168.0
2026-03-08 04:30:00,0.00323,0.00323,0.0032,0.00321,17589825.0
2026-03-08 04:45:00,0.00321,0.00321,0.00318,0.00319,15419544.0
2026-03-08 05:00:00,0.00318,0.00321,0.00318,0.00321,10540967.0
2026-03-08 05:15:00,0.00321,0.00322,0.0032,0.00322,4859600.0
2026-03-08 05:30:00,0.00322,0.00322,0.00321,0.00322,113456.0
2026-03-08 05:45:00,0.00322,0.00322,0.0032,0.0032,4110960.0
2026-03-08 06:00:00,0.0032,0.00321,0.00319,0.00319,4060180.0
2026-03-08 06:15:00,0.0032,0.00321,0.00319,0.0032,2047320.0
2026-03-08 06:30:00,0.0032,0.00321,0.00319,0.00321,2099211.0
2026-03-08 06:45:00,0.00321,0.00322,0.0032,0.00321,4336540.0
2026-03-08 07:00:00,0.00322,0.00326,0.00321,0.00325,11519331.0
2026-03-08 07:15:00,0.00325,0.00326,0.00324,0.00325,11319616.0
2026-03-08 07:30:00,0.00326,0.00327,0.00325,0.00326,14701476.0
2026-03-08 07:45:00,0.00326,0.00326,0.00325,0.00325,3752001.0
2026-03-08 08:00:00,0.00325,0.00326,0.00325,0.00325,4640864.0
2026-03-08 08:15:00,0.00324,0.00325,0.00324,0.00324,333986.0
2026-03-08 08:30:00,0.00325,0.00328,0.00325,0.00327,18609809.0
2026-03-08 08:45:00,0.00327,0.00328,0.00326,0.00327,3074508.0
2026-03-08 09:00:00,0.00327,0.00327,0.00325,0.00326,8461833.0
2026-03-08 09:15:00,0.00326,0.00328,0.00326,0.00328,4078130.0
2026-03-08 09:30:00,0.00327,0.00328,0.00326,0.00327,13652807.0
2026-03-08 09:45:00,0.00326,0.00327,0.00326,0.00327,666014.0
2026-03-08 10:00:00,0.00326,0.00327,0.00326,0.00327,2970951.0
2026-03-08 10:15:00,0.00327,0.00331,0.00326,0.0033,27778327.0
2026-03-08 10:30:00,0.0033,0.0033,0.00328,0.00328,9294254.0
2026-03-08 10:45:00,0.00329,0.0033,0.00328,0.0033,1143444.0
2026-03-08 11:00:00,0.0033,0.0033,0.00325,0.00327,16853927.0
2026-03-08 11:15:00,0.00327,0.00328,0.00326,0.00327,3184157.0
2026-03-08 11:30:00,0.00328,0.00329,0.00326,0.00327,6341703.0
2026-03-08 11:45:00,0.00327,0.00328,0.00326,0.00328,2689023.0
2026-03-08 12:00:00,0.00328,0.00328,0.00325,0.00326,16928431.0
2026-03-08 12:15:00,0.00326,0.0033,0.00324,0.0033,7971188.0
2026-03-08 12:30:00,0.00329,0.00331,0.00328,0.00329,5002926.0
2026-03-08 12:45:00,0.00329,0.0033,0.00328,0.00328,2751705.0
2026-03-08 13:00:00,0.00329,0.00329,0.00325,0.00325,14356376.0
2026-03-08 13:15:00,0.00325,0.00326,0.00323,0.00325,16647381.0
2026-03-08 13:30:00,0.00325,0.00326,0.00324,0.00324,23565106.0
2026-03-08 13:45:00,0.00325,0.00327,0.00325,0.00326,6992026.0
2026-03-08 14:00:00,0.00326,0.00327,0.00325,0.00325,4592343.0
2026-03-08 14:15:00,0.00325,0.00326,0.00324,0.00324,5884774.0
2026-03-08 14:30:00,0.00323,0.00325,0.00323,0.00323,7152642.0
2026-03-08 14:45:00,0.00323,0.00325,0.00323,0.00325,14019397.0
2026-03-08 15:00:00,0.00325,0.00326,0.00323,0.00324,8306625.0
2026-03-08 15:15:00,0.00325,0.00325,0.00323,0.00323,2685117.0
2026-03-08 15:30:00,0.00322,0.00323,0.00321,0.00322,3103745.0
2026-03-08 15:45:00,0.00323,0.00324,0.00322,0.00324,2660142.0
2026-03-08 16:00:00,0.00324,0.00325,0.00323,0.00324,3263664.0
2026-03-08 16:15:00,0.00323,0.00325,0.00323,0.00325,1997613.0
2026-03-08 16:30:00,0.00324,0.00325,0.00322,0.00323,3387629.0
2026-03-08 16:45:00,0.00323,0.00324,0.00322,0.00323,3015425.0
2026-03-08 17:00:00,0.00322,0.00325,0.00322,0.00324,7363616.0
2026-03-08 17:15:00,0.00324,0.00325,0.00323,0.00324,1426483.0
2026-03-08 17:30:00,0.00324,0.00324,0.00323,0.00324,21139.0
2026-03-08 17:45:00,0.00324,0.00325,0.00323,0.00324,2173983.0
2026-03-08 18:00:00,0.00325,0.00326,0.00324,0.00325,3283481.0
2026-03-08 18:15:00,0.00325,0.00325,0.00323,0.00324,5237394.0
2026-03-08 18:30:00,0.00324,0.00326,0.00324,0.00325,3323618.0
2026-03-08 18:45:00,0.00325,0.00326,0.00324,0.00325,440563.0
2026-03-08 19:00:00,0.00325,0.00329,0.00324,0.00328,5077324.0
2026-03-08 19:15:00,0.00328,0.00333,0.00327,0.00332,10677701.0
2026-03-08 19:30:00,0.00331,0.00334,0.00331,0.00333,9474008.0
2026-03-08 19:45:00,0.00333,0.00336,0.00332,0.00335,11715779.0
2026-03-08 20:00:00,0.00335,0.00335,0.00333,0.00333,11762506.0
2026-03-08 20:15:00,0.00333,0.00335,0.00333,0.00334,4926910.0
2026-03-08 20:30:00,0.00334,0.0034,0.00334,0.00339,21744244.0
2026-03-08 20:45:00,0.00338,0.00339,0.00333,0.00334,10690692.0
2026-03-08 21:00:00,0.00334,0.00335,0.00329,0.0033,16270611.0
2026-03-08 21:15:00,0.00331,0.00332,0.0033,0.00331,1594798.0
2026-03-08 21:30:00,0.00332,0.00334,0.00332,0.00334,9361256.0
2026-03-08 21:45:00,0.00334,0.00334,0.00332,0.00333,17895068.0
2026-03-08 22:00:00,0.00333,0.00333,0.00324,0.00327,26721732.0
2026-03-08 22:15:00,0.00327,0.00328,0.00324,0.00328,13842929.0
2026-03-08 22:30:00,0.00327,0.00331,0.00326,0.0033,13128446.0
2026-03-08 22:45:00,0.0033,0.00332,0.0033,0.00331,10390204.0
2026-03-08 23:00:00,0.0033,0.00331,0.00329,0.00329,11883469.0
2026-03-08 23:15:00,0.0033,0.00331,0.00329,0.0033,8610352.0
2026-03-08 23:30:00,0.0033,0.00331,0.00327,0.00327,14852951.0
2026-03-08 23:45:00,0.00327,0.00329,0.00326,0.00328,10259315.0
2026-03-09 00:00:00,0.00327,0.00331,0.00327,0.00331,11895448.0
2026-03-09 00:15:00,0.00331,0.00332,0.00329,0.0033,11744713.0
2026-03-09 00:30:00,0.00331,0.00336,0.00331,0.00332,12559544.0
2026-03-09 00:45:00,0.00332,0.00333,0.00331,0.00331,6847196.0
2026-03-09 01:00:00,0.00331,0.00331,0.00329,0.0033,5433055.0
2026-03-09 01:15:00,0.0033,0.00333,0.0033,0.00332,7301969.0
2026-03-09 01:30:00,0.00332,0.00334,0.00331,0.00334,8138179.0
2026-03-09 01:45:00,0.00333,0.00335,0.00332,0.00332,7640404.0
2026-03-09 02:00:00,0.00331,0.00333,0.0033,0.00331,9156516.0
2026-03-09 02:15:00,0.00331,0.00331,0.00329,0.00331,5163214.0
2026-03-09 02:30:00,0.0033,0.00336,0.0033,0.00336,4859034.0
2026-03-09 02:45:00,0.00335,0.00336,0.00334,0.00334,6159504.0
2026-03-09 03:00:00,0.00333,0.00338,0.00332,0.00338,28708671.0
2026-03-09 03:15:00,0.00338,0.00339,0.00333,0.00334,13155027.0
2026-03-09 03:30:00,0.00334,0.00335,0.00332,0.00333,10730066.0
2026-03-09 03:45:00,0.00333,0.00333,0.00332,0.00332,4095118.0
2026-03-09 04:00:00,0.00333,0.00335,0.00333,0.00334,5934423.0
2026-03-09 04:15:00,0.00333,0.00336,0.00333,0.00336,3141157.0
2026-03-09 04:30:00,0.00336,0.00336,0.00335,0.00335,1310519.0
2026-03-09 04:45:00,0.00335,0.00337,0.00334,0.00334,19590563.0
2026-03-09 05:00:00,0.00335,0.00335,0.00333,0.00334,10479114.0
2026-03-09 05:15:00,0.00333,0.00337,0.00333,0.00337,9218154.0
2026-03-09 05:30:00,0.00336,0.00343,0.00336,0.00342,39533310.0
2026-03-09 05:45:00,0.00342,0.00343,0.0034,0.00341,13376832.0
2026-03-09 06:00:00,0.00341,0.00342,0.0034,0.00341,9024251.0
2026-03-09 06:15:00,0.00341,0.00341,0.00339,0.00341,7240788.0
2026-03-09 06:30:00,0.0034,0.00341,0.00337,0.00337,11192612.0
2026-03-09 06:45:00,0.00338,0.00338,0.00336,0.00336,4987187.0
2026-03-09 07:00:00,0.00335,0.00336,0.00332,0.00333,25662552.0
2026-03-09 07:15:00,0.00332,0.00334,0.0033,0.00334,24907663.0
2026-03-09 07:30:00,0.00333,0.00336,0.00333,0.00335,8628136.0
2026-03-09 07:45:00,0.00335,0.00336,0.00333,0.00334,8150695.0
2026-03-09 08:00:00,0.00334,0.00335,0.00334,0.00335,14157369.0
2026-03-09 08:15:00,0.00334,0.00337,0.00333,0.00336,17147186.0
2026-03-09 08:30:00,0.00335,0.00336,0.00334,0.00335,4780786.0
2026-03-09 08:45:00,0.00335,0.00336,0.00334,0.00334,5794632.0
2026-03-09 09:00:00,0.00335,0.00335,0.00333,0.00335,5000856.0
2026-03-09 09:15:00,0.00335,0.00335,0.00334,0.00334,10443297.0
2026-03-09 09:30:00,0.00335,0.00338,0.00333,0.00338,10724187.0
2026-03-09 09:45:00,0.00338,0.00338,0.00334,0.00334,3471868.0
2026-03-09 10:00:00,0.00334,0.00336,0.00334,0.00335,6841938.0
2026-03-09 10:15:00,0.00335,0.00336,0.00334,0.00335,4763162.0
2026-03-09 10:30:00,0.00335,0.00335,0.00334,0.00334,3872150.0
2026-03-09 10:45:00,0.00333,0.00335,0.00333,0.00333,3206747.0
2026-03-09 11:00:00,0.00334,0.00335,0.00333,0.00333,6746414.0
2026-03-09 11:15:00,0.00333,0.00334,0.00331,0.00332,11714252.0
2026-03-09 11:30:00,0.00331,0.00334,0.00331,0.00333,8372829.0
2026-03-09 11:45:00,0.00332,0.00334,0.00332,0.00334,2520538.0
2026-03-09 12:00:00,0.00334,0.00337,0.00334,0.00337,3736197.0
2026-03-09 12:15:00,0.00337,0.00339,0.00336,0.00338,7183168.0
2026-03-09 12:30:00,0.00338,0.00339,0.00337,0.00338,6731974.0
2026-03-09 12:45:00,0.00337,0.00338,0.00336,0.00337,5580273.0
2026-03-09 13:00:00,0.00338,0.0034,0.00337,0.0034,3856134.0
2026-03-09 13:15:00,0.00339,0.00343,0.00338,0.00342,17318022.0
2026-03-09 13:30:00,0.00342,0.00344,0.00339,0.00343,10156334.0
2026-03-09 13:45:00,0.00343,0.00344,0.0034,0.00342,7965547.0
2026-03-09 14:00:00,0.00341,0.00343,0.0034,0.00341,9136379.0
2026-03-09 14:15:00,0.00341,0.00345,0.00341,0.00342,12068138.0
2026-03-09 14:30:00,0.00343,0.00345,0.00343,0.00345,14857191.0
2026-03-09 14:45:00,0.00344,0.00345,0.00342,0.00343,13439491.0
2026-03-09 15:00:00,0.00343,0.00344,0.0034,0.00343,5375229.0
2026-03-09 15:15:00,0.00343,0.00343,0.0034,0.00342,6414605.0
2026-03-09 15:30:00,0.00341,0.00342,0.00339,0.0034,6888877.0
2026-03-09 15:45:00,0.0034,0.00343,0.0034,0.00341,6957775.0
2026-03-09 16:00:00,0.00341,0.00343,0.00341,0.00343,4373171.0
2026-03-09 16:15:00,0.00343,0.00344,0.00342,0.00343,12464463.0
2026-03-09 16:30:00,0.00342,0.00342,0.00339,0.00339,11047584.0
2026-03-09 16:45:00,0.00339,0.00339,0.00337,0.00338,14211125.0
2026-03-09 17:00:00,0.00337,0.00339,0.00337,0.00338,9824278.0
2026-03-09 17:15:00,0.00339,0.00339,0.00338,0.00338,8413649.0
2026-03-09 17:30:00,0.00339,0.0034,0.00337,0.00339,6935927.0
2026-03-09 17:45:00,0.00338,0.00341,0.00338,0.00339,6659448.0
2026-03-09 18:00:00,0.00339,0.0034,0.00336,0.00338,7039187.0
2026-03-09 18:15:00,0.00338,0.0034,0.00338,0.00339,3844567.0
2026-03-09 18:30:00,0.00339,0.0034,0.00338,0.00339,4573004.0
2026-03-09 18:45:00,0.00339,0.00339,0.00338,0.00338,2823203.0
2026-03-09 19:00:00,0.00338,0.00339,0.00337,0.00337,9568107.0
2026-03-09 19:15:00,0.00337,0.00347,0.00337,0.00346,14070693.0
2026-03-09 19:30:00,0.00346,0.00348,0.0034,0.0034,7905876.0
2026-03-09 19:45:00,0.0034,0.00341,0.00339,0.0034,8861849.0
2026-03-09 20:00:00,0.00339,0.00341,0.00339,0.00339,9032856.0
2026-03-09 20:15:00,0.00339,0.0034,0.00339,0.00339,4498251.0
2026-03-09 20:30:00,0.0034,0.00341,0.00338,0.0034,7500651.0
2026-03-09 20:45:00,0.0034,0.00341,0.00338,0.0034,7205084.0
2026-03-09 21:00:00,0.00341,0.00343,0.00341,0.00342,3332677.0
2026-03-09 21:15:00,0.00342,0.00343,0.0034,0.00341,13711535.0
2026-03-09 21:30:00,0.00342,0.00342,0.0034,0.0034,4250510.0
2026-03-09 21:45:00,0.0034,0.00342,0.0034,0.00341,3130950.0
2026-03-09 22:00:00,0.00342,0.00343,0.00339,0.00339,23273672.0
2026-03-09 22:15:00,0.00339,0.0034,0.00338,0.00339,4183426.0
2026-03-09 22:30:00,0.0034,0.0034,0.00336,0.00337,9265459.0
2026-03-09 22:45:00,0.00337,0.00337,0.00335,0.00335,8315716.0
2026-03-09 23:00:00,0.00336,0.00337,0.00335,0.00336,2658523.0
2026-03-09 23:15:00,0.00336,0.00336,0.00335,0.00335,2937135.0
2026-03-09 23:30:00,0.00336,0.00336,0.00335,0.00335,103905.0
2026-03-09 23:45:00,0.00335,0.00336,0.00334,0.00336,5618029.0
2026-03-10 00:00:00,0.00335,0.00336,0.00334,0.00334,4814027.0
2026-03-10 00:15:00,0.00334,0.00339,0.00334,0.00339,15150454.0
2026-03-10 00:30:00,0.00338,0.0034,0.00338,0.0034,5400460.0
2026-03-10 00:45:00,0.0034,0.0034,0.00338,0.00338,2645468.0
2026-03-10 01:00:00,0.00339,0.0034,0.00339,0.00339,3187747.0
2026-03-10 01:15:00,0.0034,0.0034,0.00337,0.00338,12708001.0
2026-03-10 01:30:00,0.00338,0.00338,0.00335,0.00336,7697302.0
2026-03-10 01:45:00,0.00336,0.00339,0.00336,0.00339,4014300.0
2026-03-10 02:00:00,0.00338,0.00339,0.00338,0.00339,4390748.0
2026-03-10 02:15:00,0.00339,0.0034,0.00338,0.0034,15266526.0
2026-03-10 02:30:00,0.00339,0.00344,0.00339,0.00343,43916054.0
2026-03-10 02:45:00,0.00343,0.00344,0.00341,0.00342,11128706.0
2026-03-10 03:00:00,0.00342,0.00343,0.0034,0.00342,7791990.0
2026-03-10 03:15:00,0.00342,0.00343,0.00341,0.00342,4389082.0
2026-03-10 03:30:00,0.00342,0.00343,0.00341,0.00341,4834650.0
2026-03-10 03:45:00,0.0034,0.0034,0.00338,0.0034,11257369.0
2026-03-10 04:00:00,0.0034,0.00342,0.00339,0.00341,7878303.0
2026-03-10 04:15:00,0.00341,0.00342,0.0034,0.00341,1125351.0
2026-03-10 04:30:00,0.00342,0.00343,0.00341,0.00343,12543692.0
2026-03-10 04:45:00,0.00342,0.00342,0.00342,0.00342,5617047.0
2026-03-10 05:00:00,0.00342,0.00342,0.00341,0.00341,8938474.0
2026-03-10 05:15:00,0.00341,0.00341,0.0034,0.00341,1200889.0
2026-03-10 05:30:00,0.0034,0.00341,0.00339,0.00339,17713391.0
2026-03-10 05:45:00,0.00339,0.0034,0.00339,0.0034,2368403.0
2026-03-10 06:00:00,0.00339,0.0034,0.00339,0.00339,1853734.0
2026-03-10 06:15:00,0.00339,0.00339,0.00337,0.00339,12741518.0
2026-03-10 06:30:00,0.00339,0.00339,0.00337,0.00337,4941791.0
2026-03-10 06:45:00,0.00337,0.00339,0.00336,0.00338,8585290.0
2026-03-10 07:00:00,0.00337,0.0034,0.00337,0.00339,5057875.0
2026-03-10 07:15:00,0.0034,0.00342,0.00339,0.00341,12191999.0
2026-03-10 07:30:00,0.0034,0.00341,0.0034,0.0034,2107540.0
2026-03-10 07:45:00,0.0034,0.00342,0.0034,0.00341,4327564.0
2026-03-10 08:00:00,0.00341,0.00343,0.0034,0.00342,9945122.0
2026-03-10 08:15:00,0.00343,0.00343,0.0034,0.0034,11449809.0
2026-03-10 08:30:00,0.0034,0.00342,0.0034,0.0034,6166095.0
2026-03-10 08:45:00,0.00341,0.00341,0.00339,0.00341,10299277.0
2026-03-10 09:00:00,0.00341,0.00343,0.00341,0.00342,5865659.0
2026-03-10 09:15:00,0.00342,0.00344,0.00341,0.00344,34695516.0
2026-03-10 09:30:00,0.00344,0.00345,0.00343,0.00344,8709123.0
2026-03-10 09:45:00,0.00344,0.00344,0.00343,0.00343,4215217.0
2026-03-10 10:00:00,0.00342,0.00343,0.00341,0.00341,5969953.0
2026-03-10 10:15:00,0.00341,0.00341,0.0034,0.00341,8289108.0
2026-03-10 10:30:00,0.0034,0.00342,0.0034,0.00341,14797773.0
2026-03-10 10:45:00,0.00341,0.00343,0.0034,0.00342,4063540.0
2026-03-10 11:00:00,0.00341,0.00342,0.0034,0.00341,10453472.0
2026-03-10 11:15:00,0.00342,0.00342,0.00341,0.00342,3468551.0
2026-03-10 11:30:00,0.00342,0.00342,0.0034,0.00341,4101484.0
2026-03-10 11:45:00,0.00341,0.00342,0.0034,0.00341,1112584.0
2026-03-10 12:00:00,0.00342,0.00342,0.0034,0.00341,7092359.0
2026-03-10 12:15:00,0.0034,0.00341,0.00339,0.0034,6823085.0
2026-03-10 12:30:00,0.0034,0.00342,0.0034,0.00341,8406859.0
2026-03-10 12:45:00,0.00341,0.00342,0.00341,0.00341,2808744.0
2026-03-10 13:00:00,0.00342,0.00344,0.00341,0.00343,5966328.0
2026-03-10 13:15:00,0.00343,0.00343,0.00342,0.00342,8585717.0
2026-03-10 13:30:00,0.00342,0.00343,0.00339,0.00342,25488219.0
2026-03-10 13:45:00,0.00341,0.00343,0.0034,0.0034,15317759.0
2026-03-10 14:00:00,0.00341,0.00342,0.00338,0.00339,33664991.0
2026-03-10 14:15:00,0.00339,0.00342,0.00338,0.00342,8228975.0
2026-03-10 14:30:00,0.00342,0.00345,0.00341,0.00344,24048661.0
2026-03-10 14:45:00,0.00344,0.00351,0.00343,0.00351,50326347.0
2026-03-10 15:00:00,0.0035,0.00351,0.00347,0.00348,26302514.0
2026-03-10 15:15:00,0.00347,0.00348,0.00345,0.00346,19870492.0
2026-03-10 15:30:00,0.00347,0.00348,0.00344,0.00345,9454962.0
2026-03-10 15:45:00,0.00346,0.00349,0.00344,0.00349,6002909.0
2026-03-10 16:00:00,0.00348,0.00349,0.00346,0.00348,8681061.0
2026-03-10 16:15:00,0.00348,0.0035,0.00347,0.00348,18549743.0
2026-03-10 16:30:00,0.00348,0.0035,0.00346,0.00348,6925698.0
2026-03-10 16:45:00,0.00349,0.00349,0.00346,0.00347,14734965.0
2026-03-10 17:00:00,0.00347,0.00348,0.00346,0.00347,14944209.0
2026-03-10 17:15:00,0.00347,0.00348,0.00344,0.00346,9847831.0
2026-03-10 17:30:00,0.00346,0.00346,0.00342,0.00343,25550837.0
2026-03-10 17:45:00,0.00343,0.00346,0.00342,0.00344,9062526.0
2026-03-10 18:00:00,0.00344,0.00344,0.00341,0.00341,4027756.0
2026-03-10 18:15:00,0.00341,0.00341,0.00338,0.0034,20007213.0
2026-03-10 18:30:00,0.0034,0.00341,0.00337,0.00337,14174310.0
2026-03-10 18:45:00,0.00337,0.00338,0.00335,0.00336,12521224.0
2026-03-10 19:00:00,0.00336,0.00338,0.00335,0.00336,21330617.0
2026-03-10 19:15:00,0.00336,0.00338,0.00335,0.00336,7262738.0
2026-03-10 19:30:00,0.00335,0.00337,0.00335,0.00336,4882313.0
2026-03-10 19:45:00,0.00337,0.00337,0.00335,0.00336,10836340.0
2026-03-10 20:00:00,0.00337,0.00338,0.00336,0.00337,3430597.0
2026-03-10 20:15:00,0.00336,0.00337,0.00335,0.00335,7387685.0
2026-03-10 20:30:00,0.00336,0.00336,0.00335,0.00335,5320542.0
2026-03-10 20:45:00,0.00336,0.00337,0.00336,0.00336,3047437.0
2026-03-10 21:00:00,0.00335,0.00337,0.00335,0.00337,4867093.0
2026-03-10 21:15:00,0.00337,0.00337,0.00335,0.00335,2117012.0
2026-03-10 21:30:00,0.00335,0.00336,0.00334,0.00335,6287064.0
2026-03-10 21:45:00,0.00335,0.00336,0.00333,0.00334,6485595.0
2026-03-10 22:00:00,0.00334,0.00336,0.00333,0.00334,6832253.0
2026-03-10 22:15:00,0.00333,0.00336,0.00332,0.00334,14333529.0
2026-03-10 22:30:00,0.00335,0.00335,0.00334,0.00335,2423565.0
2026-03-10 22:45:00,0.00335,0.00335,0.00334,0.00334,1150025.0
2026-03-10 23:00:00,0.00335,0.00336,0.00335,0.00335,3900538.0
2026-03-10 23:15:00,0.00334,0.00335,0.00334,0.00334,137498.0
2026-03-10 23:30:00,0.00335,0.00336,0.00334,0.00334,6348659.0
2026-03-10 23:45:00,0.00335,0.00336,0.00334,0.00334,8752022.0
2026-03-11 00:00:00,0.00335,0.00335,0.00334,0.00335,1860819.0
2026-03-11 00:15:00,0.00334,0.00336,0.00334,0.00334,6180843.0
2026-03-11 00:30:00,0.00334,0.00334,0.00333,0.00334,5536494.0
2026-03-11 00:45:00,0.00334,0.00337,0.00333,0.00336,17612649.0
2026-03-11 01:00:00,0.00335,0.00336,0.00335,0.00335,2641897.0
2026-03-11 01:15:00,0.00335,0.00335,0.00335,0.00335,2701182.0
2026-03-11 01:30:00,0.00335,0.00336,0.00335,0.00336,3083638.0
2026-03-11 01:45:00,0.00336,0.00336,0.00335,0.00336,327669.0
2026-03-11 02:00:00,0.00336,0.00336,0.00335,0.00335,664242.0
2026-03-11 02:15:00,0.00335,0.00336,0.00334,0.00335,7115125.0
2026-03-11 02:30:00,0.00334,0.00335,0.00333,0.00333,19188854.0
2026-03-11 02:45:00,0.00333,0.00334,0.00332,0.00334,5055397.0
2026-03-11 03:00:00,0.00334,0.00336,0.00334,0.00335,1450768.0
2026-03-11 03:15:00,0.00334,0.00335,0.00334,0.00334,7303064.0
2026-03-11 03:30:00,0.00334,0.00334,0.00333,0.00334,2673855.0
2026-03-11 03:45:00,0.00334,0.00334,0.00333,0.00333,307873.0
2026-03-11 04:00:00,0.00334,0.00334,0.00331,0.00332,8657539.0
2026-03-11 04:15:00,0.00332,0.00335,0.00331,0.00333,10597492.0
2026-03-11 04:30:00,0.00333,0.00333,0.00332,0.00333,2228360.0
2026-03-11 04:45:00,0.00333,0.00334,0.00333,0.00334,1190434.0
2026-03-11 05:00:00,0.00334,0.00334,0.00331,0.00332,8426269.0
2026-03-11 05:15:00,0.00332,0.00332,0.0033,0.00332,4860635.0
2026-03-11 05:30:00,0.00331,0.00332,0.00328,0.0033,9585989.0
2026-03-11 05:45:00,0.0033,0.00331,0.00329,0.00329,2011628.0
2026-03-11 06:00:00,0.0033,0.00331,0.00329,0.00331,6015605.0
2026-03-11 06:15:00,0.00331,0.00332,0.0033,0.00331,2794908.0
2026-03-11 06:30:00,0.00331,0.00333,0.00331,0.00331,2296093.0
2026-03-11 06:45:00,0.00331,0.00334,0.00331,0.00333,8608843.0
2026-03-11 07:00:00,0.00333,0.00334,0.00332,0.00334,1765778.0
2026-03-11 07:15:00,0.00334,0.00334,0.00333,0.00334,649101.0
2026-03-11 07:30:00,0.00334,0.00334,0.00331,0.00331,1948795.0
2026-03-11 07:45:00,0.00331,0.00333,0.00331,0.00333,2783237.0
2026-03-11 08:00:00,0.00332,0.00335,0.00332,0.00334,5839520.0
2026-03-11 08:15:00,0.00334,0.00337,0.00334,0.00335,7730968.0
2026-03-11 08:30:00,0.00335,0.00336,0.00334,0.00335,5554472.0
2026-03-11 08:45:00,0.00336,0.00336,0.00334,0.00336,6973665.0
2026-03-11 09:00:00,0.00336,0.00337,0.00335,0.00335,7833605.0
2026-03-11 09:15:00,0.00335,0.00339,0.00335,0.00338,32097989.0
2026-03-11 09:30:00,0.00338,0.00339,0.00337,0.00339,9044619.0
2026-03-11 09:45:00,0.00339,0.0034,0.00337,0.00337,11782484.0
2026-03-11 10:00:00,0.00338,0.00339,0.00337,0.00338,8620481.0
2026-03-11 10:15:00,0.00338,0.00338,0.00337,0.00338,8646615.0
2026-03-11 10:30:00,0.00338,0.00343,0.00338,0.00341,11664267.0
2026-03-11 10:45:00,0.00342,0.00342,0.00338,0.00339,20887372.0
2026-03-11 11:00:00,0.00339,0.00341,0.00339,0.0034,1231232.0
2026-03-11 11:15:00,0.00341,0.00343,0.00341,0.00342,15628624.0
2026-03-11 11:30:00,0.00342,0.00343,0.00342,0.00342,6697176.0
2026-03-11 11:45:00,0.00342,0.00343,0.00341,0.00341,4695778.0
2026-03-11 12:00:00,0.00342,0.00343,0.0034,0.00342,27285240.0
2026-03-11 12:15:00,0.00342,0.00346,0.00342,0.00346,15664758.0
2026-03-11 12:30:00,0.00347,0.00348,0.00345,0.00347,9543942.0
2026-03-11 12:45:00,0.00346,0.00347,0.00345,0.00347,7789562.0
2026-03-11 13:00:00,0.00347,0.00351,0.00346,0.0035,17395066.0
2026-03-11 13:15:00,0.0035,0.00354,0.00349,0.00352,32103969.0
2026-03-11 13:30:00,0.00352,0.00352,0.00349,0.00349,13951108.0
2026-03-11 13:45:00,0.00349,0.0035,0.00342,0.00345,25890086.0
2026-03-11 14:00:00,0.00345,0.00349,0.00345,0.00345,20287128.0
2026-03-11 14:15:00,0.00346,0.00349,0.00345,0.00349,19307083.0
2026-03-11 14:30:00,0.00349,0.00349,0.00347,0.00348,14519102.0
2026-03-11 14:45:00,0.00348,0.00348,0.00345,0.00345,15525613.0
2026-03-11 15:00:00,0.00345,0.00346,0.0034,0.0034,27390591.0
2026-03-11 15:15:00,0.00341,0.00343,0.00339,0.00343,10945085.0
2026-03-11 15:30:00,0.00342,0.00343,0.00338,0.00342,27653351.0
2026-03-11 15:45:00,0.00341,0.00343,0.0034,0.00342,18855221.0
2026-03-11 16:00:00,0.00343,0.00344,0.00341,0.00342,14806255.0
2026-03-11 16:15:00,0.00343,0.00344,0.00342,0.00342,14736050.0
2026-03-11 16:30:00,0.00342,0.00344,0.00341,0.00343,17080457.0
2026-03-11 16:45:00,0.00343,0.00344,0.00341,0.00342,9958893.0
2026-03-11 17:00:00,0.00343,0.00345,0.00343,0.00344,12683104.0
2026-03-11 17:15:00,0.00343,0.00346,0.00343,0.00344,15109618.0
2026-03-11 17:30:00,0.00345,0.00345,0.0034,0.00343,9712990.0
2026-03-11 17:45:00,0.00343,0.00344,0.00343,0.00343,9423752.0
2026-03-11 18:00:00,0.00343,0.00346,0.00343,0.00345,14061327.0
2026-03-11 18:15:00,0.00344,0.00346,0.00344,0.00345,3639009.0
2026-03-11 18:30:00,0.00344,0.00344,0.00343,0.00344,3483982.0
2026-03-11 18:45:00,0.00343,0.00345,0.00343,0.00344,12005800.0
2026-03-11 19:00:00,0.00344,0.00344,0.00342,0.00343,17937374.0
2026-03-11 19:15:00,0.00343,0.00344,0.00342,0.00344,4128012.0
2026-03-11 19:30:00,0.00344,0.00345,0.00343,0.00343,10319558.0
2026-03-11 19:45:00,0.00343,0.00344,0.00343,0.00343,5384944.0
2026-03-11 20:00:00,0.00343,0.00344,0.00342,0.00343,1716029.0
2026-03-11 20:15:00,0.00343,0.00344,0.00342,0.00342,6172088.0
2026-03-11 20:30:00,0.00343,0.00343,0.00341,0.00341,7506592.0
2026-03-11 20:45:00,0.00341,0.00343,0.00341,0.00343,7297473.0
2026-03-11 21:00:00,0.00343,0.00344,0.00342,0.00342,8053687.0
2026-03-11 21:15:00,0.00342,0.00343,0.00342,0.00342,739384.0
2026-03-11 21:30:00,0.00343,0.00344,0.00343,0.00343,2441580.0
2026-03-11 21:45:00,0.00344,0.00344,0.00343,0.00343,7802724.0
2026-03-11 22:00:00,0.00344,0.00345,0.00343,0.00343,8517786.0
2026-03-11 22:15:00,0.00344,0.00344,0.00342,0.00342,3652363.0
2026-03-11 22:30:00,0.00343,0.00343,0.00341,0.00342,3341072.0
2026-03-11 22:45:00,0.00342,0.00343,0.00341,0.00342,5868230.0
2026-03-11 23:00:00,0.00343,0.00344,0.00341,0.00342,6015473.0
2026-03-11 23:15:00,0.00341,0.00342,0.00341,0.00341,2177135.0
2026-03-11 23:30:00,0.00341,0.00342,0.0034,0.0034,2072648.0
2026-03-11 23:45:00,0.0034,0.00341,0.00339,0.0034,10431101.0
2026-03-12 00:00:00,0.00339,0.00341,0.00339,0.0034,3683107.0
2026-03-12 00:15:00,0.0034,0.0034,0.00338,0.00339,16583653.0
2026-03-12 00:30:00,0.0034,0.00341,0.00339,0.0034,7643153.0
2026-03-12 00:45:00,0.0034,0.00341,0.0034,0.00341,5662198.0
2026-03-12 01:00:00,0.00341,0.00341,0.00338,0.00338,10013160.0
2026-03-12 01:15:00,0.00339,0.0034,0.00338,0.00338,5435412.0
2026-03-12 01:30:00,0.00338,0.00339,0.00337,0.00339,5625933.0
2026-03-12 01:45:00,0.00339,0.0034,0.00338,0.00339,1522357.0
2026-03-12 02:00:00,0.00339,0.00342,0.00339,0.00341,6221472.0
2026-03-12 02:15:00,0.0034,0.00341,0.00339,0.0034,2097361.0
2026-03-12 02:30:00,0.0034,0.0034,0.00338,0.00339,11653517.0
2026-03-12 02:45:00,0.00338,0.00339,0.00336,0.00337,13123366.0
2026-03-12 03:00:00,0.00337,0.00338,0.00336,0.00337,8553773.0
2026-03-12 03:15:00,0.00338,0.00338,0.00337,0.00338,1819678.0
2026-03-12 03:30:00,0.00337,0.00338,0.00336,0.00338,5913655.0
2026-03-12 03:45:00,0.00337,0.00337,0.00336,0.00336,6119831.0
2026-03-12 04:00:00,0.00336,0.00338,0.00335,0.00338,8824295.0
2026-03-12 04:15:00,0.00337,0.00337,0.00336,0.00336,1956500.0
2026-03-12 04:30:00,0.00335,0.00336,0.00334,0.00335,1859054.0
2026-03-12 04:45:00,0.00336,0.00336,0.00335,0.00336,585783.0
2026-03-12 05:00:00,0.00336,0.00336,0.00335,0.00335,5237691.0
2026-03-12 05:15:00,0.00334,0.00335,0.00333,0.00334,10083818.0
2026-03-12 05:30:00,0.00334,0.00335,0.00333,0.00335,4113327.0
2026-03-12 05:45:00,0.00334,0.00335,0.00334,0.00334,979305.0
2026-03-12 06:00:00,0.00335,0.00336,0.00334,0.00335,3401704.0
2026-03-12 06:15:00,0.00335,0.00336,0.00335,0.00335,1996135.0
2026-03-12 06:30:00,0.00335,0.00337,0.00335,0.00337,1560349.0
2026-03-12 06:45:00,0.00337,0.00337,0.00335,0.00337,2119892.0
2026-03-12 07:00:00,0.00336,0.00337,0.00335,0.00336,6466447.0
2026-03-12 07:15:00,0.00336,0.00337,0.00335,0.00337,11749411.0
2026-03-12 07:30:00,0.00337,0.00339,0.00336,0.00337,6904893.0
2026-03-12 07:45:00,0.00338,0.00339,0.00337,0.00339,3172504.0
2026-03-12 08:00:00,0.00339,0.00339,0.00337,0.00337,1647690.0
2026-03-12 08:15:00,0.00338,0.0034,0.00338,0.00339,9020724.0
2026-03-12 08:30:00,0.00338,0.00339,0.00337,0.00338,8376707.0
2026-03-12 08:45:00,0.00338,0.00339,0.00337,0.00338,3915525.0
2026-03-12 09:00:00,0.00338,0.00339,0.00338,0.00339,6951267.0
2026-03-12 09:15:00,0.00338,0.00339,0.00337,0.00338,16595338.0
2026-03-12 09:30:00,0.00338,0.00342,0.00338,0.00342,9655142.0
2026-03-12 09:45:00,0.00343,0.00343,0.00339,0.00341,15556914.0
2026-03-12 10:00:00,0.00341,0.00341,0.0034,0.0034,7620884.0
2026-03-12 10:15:00,0.00341,0.00342,0.0034,0.00341,13753104.0
2026-03-12 10:30:00,0.00342,0.00343,0.00341,0.00343,14949952.0
2026-03-12 10:45:00,0.00342,0.00343,0.00341,0.00341,4207847.0
2026-03-12 11:00:00,0.00341,0.00341,0.00339,0.00339,2488637.0
2026-03-12 11:15:00,0.0034,0.0034,0.00337,0.00337,8071669.0
2026-03-12 11:30:00,0.00338,0.00338,0.00337,0.00338,3290749.0
2026-03-12 11:45:00,0.00337,0.00338,0.00335,0.00336,44666848.0
2026-03-12 12:00:00,0.00336,0.00337,0.00333,0.00334,23191781.0
2026-03-12 12:15:00,0.00334,0.00336,0.00334,0.00335,2378116.0
2026-03-12 12:30:00,0.00335,0.00335,0.00334,0.00334,8866795.0
2026-03-12 12:45:00,0.00334,0.00335,0.00333,0.00334,12954757.0
2026-03-12 13:00:00,0.00334,0.00335,0.00333,0.00334,3538157.0
2026-03-12 13:15:00,0.00335,0.00335,0.00331,0.00332,23282259.0
2026-03-12 13:30:00,0.00333,0.00336,0.00331,0.00332,10059691.0
2026-03-12 13:45:00,0.00333,0.00334,0.0033,0.00333,15250449.0
2026-03-12 14:00:00,0.00333,0.00335,0.00333,0.00335,14025050.0
2026-03-12 14:15:00,0.00335,0.00336,0.0033,0.00332,15135494.0
2026-03-12 14:30:00,0.00331,0.00332,0.00329,0.0033,15519408.0
2026-03-12 14:45:00,0.00331,0.00333,0.0033,0.00332,14203192.0
2026-03-12 15:00:00,0.00333,0.00335,0.00332,0.00335,7340548.0
2026-03-12 15:15:00,0.00334,0.00337,0.00332,0.00336,11256988.0
2026-03-12 15:30:00,0.00336,0.00337,0.00335,0.00335,12078660.0
2026-03-12 15:45:00,0.00336,0.00336,0.00334,0.00335,23043714.0
2026-03-12 16:00:00,0.00335,0.00336,0.00334,0.00335,9949104.0
2026-03-12 16:15:00,0.00336,0.00339,0.00336,0.00336,13947020.0
2026-03-12 16:30:00,0.00337,0.00339,0.00336,0.00338,1996459.0
2026-03-12 16:45:00,0.00338,0.00338,0.00337,0.00337,2914262.0
2026-03-12 17:00:00,0.00338,0.00338,0.00335,0.00337,11800170.0
2026-03-12 17:15:00,0.00337,0.00337,0.00335,0.00336,6224961.0
2026-03-12 17:30:00,0.00336,0.00338,0.00336,0.00336,1650357.0
2026-03-12 17:45:00,0.00337,0.00338,0.00335,0.00335,8171541.0
2026-03-12 18:00:00,0.00335,0.00335,0.00334,0.00334,2323077.0
2026-03-12 18:15:00,0.00335,0.00335,0.00333,0.00334,6253483.0
2026-03-12 18:30:00,0.00335,0.00335,0.00333,0.00333,5739600.0
2026-03-12 18:45:00,0.00333,0.00334,0.00332,0.00333,9453280.0
2026-03-12 19:00:00,0.00333,0.00334,0.0033,0.00332,8930968.0
2026-03-12 19:15:00,0.00332,0.00335,0.00331,0.00335,18819747.0
2026-03-12 19:30:00,0.00334,0.00336,0.00333,0.00334,10764380.0
2026-03-12 19:45:00,0.00334,0.00336,0.00333,0.00335,17267396.0
2026-03-12 20:00:00,0.00334,0.00335,0.00333,0.00333,3020459.0
2026-03-12 20:15:00,0.00333,0.00333,0.00332,0.00333,824096.0
2026-03-12 20:30:00,0.00332,0.00334,0.00331,0.00333,5228472.0
2026-03-12 20:45:00,0.00333,0.00333,0.00332,0.00332,6028477.0
2026-03-12 21:00:00,0.00332,0.00334,0.00332,0.00333,7033300.0
2026-03-12 21:15:00,0.00334,0.00335,0.00333,0.00335,1133948.0
2026-03-12 21:30:00,0.00334,0.00336,0.00334,0.00336,1061952.0
2026-03-12 21:45:00,0.00336,0.00337,0.00335,0.00337,6498375.0
2026-03-12 22:00:00,0.00337,0.00337,0.00336,0.00337,2905821.0
2026-03-12 22:15:00,0.00337,0.00337,0.00336,0.00337,1472295.0
2026-03-12 22:30:00,0.00337,0.00337,0.00335,0.00336,2694702.0
2026-03-12 22:45:00,0.00336,0.00336,0.00334,0.00335,16638909.0
2026-03-12 23:00:00,0.00335,0.00336,0.00335,0.00335,23509567.0
2026-03-12 23:15:00,0.00335,0.00336,0.00334,0.00334,19148282.0
2026-03-12 23:30:00,0.00334,0.00335,0.00333,0.00335,6723117.0
2026-03-12 23:45:00,0.00335,0.00335,0.00333,0.00334,3125035.0
2026-03-13 00:00:00,0.00335,0.00336,0.00334,0.00336,27239643.0
2026-03-13 00:15:00,0.00335,0.00341,0.00335,0.0034,20745387.0
2026-03-13 00:30:00,0.0034,0.00343,0.00338,0.00338,44865139.0
2026-03-13 00:45:00,0.00338,0.00338,0.00337,0.00338,12302831.0
2026-03-13 01:00:00,0.00338,0.00341,0.00338,0.00341,13042487.0
2026-03-13 01:15:00,0.0034,0.00342,0.0034,0.0034,24847719.0
2026-03-13 01:30:00,0.00341,0.00343,0.00339,0.00343,10973997.0
2026-03-13 01:45:00,0.00343,0.00347,0.00342,0.00347,21417354.0
2026-03-13 02:00:00,0.00346,0.00348,0.00344,0.00347,13202879.0
2026-03-13 02:15:00,0.00347,0.00347,0.00344,0.00346,14190168.0
2026-03-13 02:30:00,0.00345,0.00346,0.00343,0.00344,13246755.0
2026-03-13 02:45:00,0.00344,0.00345,0.00342,0.00343,18244198.0
2026-03-13 03:00:00,0.00343,0.00345,0.00342,0.00344,15591515.0
2026-03-13 03:15:00,0.00344,0.00345,0.00344,0.00345,17048472.0
2026-03-13 03:30:00,0.00345,0.00346,0.00343,0.00346,20428814.0
2026-03-13 03:45:00,0.00346,0.0035,0.00345,0.00349,29744001.0
2026-03-13 04:00:00,0.00349,0.00351,0.00348,0.00349,17674335.0
2026-03-13 04:15:00,0.00349,0.00349,0.00346,0.00347,1990882.0
2026-03-13 04:30:00,0.00346,0.00347,0.00345,0.00347,6891163.0
2026-03-13 04:45:00,0.00346,0.00347,0.00345,0.00346,10119976.0
2026-03-13 05:00:00,0.00346,0.00347,0.00345,0.00347,13913035.0
2026-03-13 05:15:00,0.00347,0.00349,0.00346,0.00348,5999438.0
2026-03-13 05:30:00,0.00348,0.0035,0.00348,0.0035,7738773.0
2026-03-13 05:45:00,0.00349,0.0035,0.00348,0.00349,16629215.0
2026-03-13 06:00:00,0.00349,0.0035,0.00348,0.00348,4669718.0
2026-03-13 06:15:00,0.00348,0.00349,0.00347,0.00347,17149668.0
2026-03-13 06:30:00,0.00347,0.00349,0.00346,0.00349,17133343.0
2026-03-13 06:45:00,0.00348,0.0035,0.00347,0.00348,16181439.0
2026-03-13 07:00:00,0.00349,0.00352,0.00347,0.00351,18924795.0
2026-03-13 07:15:00,0.0035,0.00351,0.00349,0.0035,22826300.0
2026-03-13 07:30:00,0.0035,0.00351,0.00349,0.0035,8596285.0
2026-03-13 07:45:00,0.00349,0.00351,0.00349,0.00351,12564818.0
2026-03-13 08:00:00,0.0035,0.00354,0.00349,0.00353,36718483.0
2026-03-13 08:15:00,0.00353,0.00354,0.00351,0.00351,13997386.0
2026-03-13 08:30:00,0.00351,0.00357,0.00351,0.00353,26717251.0
2026-03-13 08:45:00,0.00353,0.00353,0.0035,0.00352,12595023.0
2026-03-13 09:00:00,0.00352,0.00353,0.00351,0.00352,10334585.0
2026-03-13 09:15:00,0.00353,0.00354,0.00351,0.00352,23375043.0
2026-03-13 09:30:00,0.00353,0.00354,0.00352,0.00354,10117802.0
2026-03-13 09:45:00,0.00353,0.00355,0.00353,0.00354,35421810.0
2026-03-13 10:00:00,0.00353,0.00356,0.00353,0.00354,22133611.0
2026-03-13 10:15:00,0.00354,0.00357,0.00354,0.00356,10170034.0
2026-03-13 10:30:00,0.00357,0.00361,0.00356,0.0036,30654054.0
2026-03-13 10:45:00,0.00361,0.00361,0.00359,0.0036,37162809.0
2026-03-13 11:00:00,0.0036,0.0036,0.00358,0.00359,15391195.0
2026-03-13 11:15:00,0.00359,0.00359,0.00355,0.00356,25278448.0
2026-03-13 11:30:00,0.00356,0.00356,0.00355,0.00355,3285210.0
2026-03-13 11:45:00,0.00356,0.00356,0.00353,0.00355,25389600.0
2026-03-13 12:00:00,0.00354,0.00356,0.00354,0.00355,5492573.0
2026-03-13 12:15:00,0.00355,0.00356,0.00354,0.00355,21650249.0
2026-03-13 12:30:00,0.00355,0.00357,0.00354,0.00355,10537260.0
2026-03-13 12:45:00,0.00354,0.00358,0.00354,0.00355,14439787.0
2026-03-13 13:00:00,0.00355,0.00356,0.00355,0.00356,22440826.0
2026-03-13 13:15:00,0.00356,0.0036,0.00355,0.00357,29506766.0
2026-03-13 13:30:00,0.00358,0.0036,0.00355,0.00359,26995173.0
2026-03-13 13:45:00,0.0036,0.00361,0.00357,0.00357,14909576.0
2026-03-13 14:00:00,0.00358,0.00358,0.00355,0.00356,29987050.0
2026-03-13 14:15:00,0.00356,0.00359,0.00356,0.00357,33344557.0
2026-03-13 14:30:00,0.00356,0.00357,0.00354,0.00354,18111811.0
2026-03-13 14:45:00,0.00354,0.00355,0.00352,0.00354,24383993.0
2026-03-13 15:00:00,0.00353,0.00357,0.00352,0.00356,19301785.0
2026-03-13 15:15:00,0.00355,0.00358,0.00355,0.00356,26878014.0
2026-03-13 15:30:00,0.00356,0.00357,0.00354,0.00356,26005613.0
2026-03-13 15:45:00,0.00355,0.00357,0.00353,0.00355,29691500.0
2026-03-13 16:00:00,0.00355,0.00356,0.00353,0.00355,25937611.0
2026-03-13 16:15:00,0.00355,0.00355,0.00352,0.00354,14937650.0
2026-03-13 16:30:00,0.00353,0.00357,0.00353,0.00356,5350157.0
2026-03-13 16:45:00,0.00357,0.00357,0.00355,0.00355,11816242.0
2026-03-13 17:00:00,0.00356,0.00357,0.00355,0.00357,14246986.0
2026-03-13 17:15:00,0.00356,0.00357,0.00353,0.00353,3741459.0
2026-03-13 17:30:00,0.00353,0.00354,0.00349,0.00351,17878995.0
2026-03-13 17:45:00,0.00351,0.00351,0.00348,0.0035,27295294.0
2026-03-13 18:00:00,0.00351,0.00351,0.00349,0.0035,4430273.0
2026-03-13 18:15:00,0.00351,0.00351,0.00348,0.0035,14114458.0
2026-03-13 18:30:00,0.0035,0.00352,0.0035,0.00351,2935801.0
2026-03-13 18:45:00,0.00352,0.00352,0.0035,0.0035,15111352.0
2026-03-13 19:00:00,0.0035,0.00351,0.00349,0.00351,5905013.0
2026-03-13 19:15:00,0.0035,0.00352,0.00349,0.0035,12126369.0
2026-03-13 19:30:00,0.00351,0.00351,0.0035,0.0035,3138941.0
2026-03-13 19:45:00,0.00351,0.00354,0.00351,0.00353,6002355.0
2026-03-13 20:00:00,0.00353,0.00355,0.00352,0.00354,10433545.0
2026-03-13 20:15:00,0.00355,0.00358,0.00353,0.00354,53739782.0
2026-03-13 20:30:00,0.00354,0.00356,0.00354,0.00356,9136360.0
2026-03-13 20:45:00,0.00356,0.00357,0.00354,0.00357,23402605.0
2026-03-13 21:00:00,0.00357,0.00364,0.00356,0.0036,177548363.0
2026-03-13 21:15:00,0.00361,0.00366,0.00359,0.00362,84519185.0
2026-03-13 21:30:00,0.00361,0.00364,0.00357,0.00358,75881269.0
2026-03-13 21:45:00,0.00358,0.00359,0.00354,0.00354,35656037.0
2026-03-13 22:00:00,0.00355,0.00356,0.00352,0.00352,36683988.0
2026-03-13 22:15:00,0.00352,0.00353,0.00349,0.0035,9816521.0
2026-03-13 22:30:00,0.00349,0.0035,0.00348,0.0035,12884120.0
2026-03-13 22:45:00,0.00349,0.00351,0.00348,0.0035,4092686.0
2026-03-13 23:00:00,0.0035,0.00351,0.0035,0.00351,2723500.0
2026-03-13 23:15:00,0.00351,0.00353,0.0035,0.00351,8687189.0
2026-03-13 23:30:00,0.00351,0.00353,0.00351,0.00352,8017675.0
2026-03-13 23:45:00,0.00352,0.00353,0.00351,0.00352,7543435.0
2026-03-14 00:00:00,0.00353,0.00353,0.0035,0.00351,10540785.0
2026-03-14 00:15:00,0.00351,0.00353,0.00351,0.00352,12541647.0
2026-03-14 00:30:00,0.00353,0.00353,0.00349,0.00349,22911100.0
2026-03-14 00:45:00,0.0035,0.00351,0.00348,0.00348,7930449.0
2026-03-14 01:00:00,0.00348,0.00351,0.00347,0.00348,8990937.0
2026-03-14 01:15:00,0.00348,0.0035,0.00348,0.0035,1589332.0
2026-03-14 01:30:00,0.0035,0.0035,0.00348,0.00349,9582120.0
2026-03-14 01:45:00,0.00349,0.00351,0.00349,0.0035,1865179.0
2026-03-14 02:00:00,0.0035,0.0035,0.00349,0.00349,8841020.0
2026-03-14 02:15:00,0.00349,0.0035,0.00349,0.00349,1566783.0
2026-03-14 02:30:00,0.00349,0.0035,0.00349,0.00349,7697433.0
2026-03-14 02:45:00,0.00349,0.00352,0.00349,0.00351,23959700.0
2026-03-14 03:00:00,0.00351,0.00352,0.0035,0.00352,13679054.0
2026-03-14 03:15:00,0.00351,0.00353,0.00351,0.00353,4076445.0
2026-03-14 03:30:00,0.00352,0.00354,0.00352,0.00353,4983154.0
2026-03-14 03:45:00,0.00353,0.00354,0.00353,0.00353,4065465.0
2026-03-14 04:00:00,0.00354,0.00359,0.00353,0.00357,34969214.0
2026-03-14 04:15:00,0.00356,0.00356,0.00354,0.00355,20854231.0
2026-03-14 04:30:00,0.00354,0.00355,0.00353,0.00355,10703920.0
2026-03-14 04:45:00,0.00355,0.00355,0.00351,0.00352,11046583.0
2026-03-14 05:00:00,0.00352,0.00352,0.0035,0.0035,5234564.0
2026-03-14 05:15:00,0.00351,0.00351,0.00349,0.0035,6047412.0
2026-03-14 05:30:00,0.0035,0.0035,0.00348,0.00348,4805612.0
2026-03-14 05:45:00,0.00348,0.0035,0.00348,0.00349,7064321.0
2026-03-14 06:00:00,0.00349,0.0035,0.00347,0.00347,3211006.0
2026-03-14 06:15:00,0.00347,0.00347,0.00343,0.00343,31482725.0
2026-03-14 06:30:00,0.00344,0.00344,0.00342,0.00342,10829134.0
2026-03-14 06:45:00,0.00342,0.00346,0.00342,0.00345,7745299.0
2026-03-14 07:00:00,0.00345,0.00346,0.00345,0.00345,2448319.0
2026-03-14 07:15:00,0.00346,0.00346,0.00344,0.00344,13449518.0
2026-03-14 07:30:00,0.00345,0.00345,0.00341,0.00342,7040027.0
2026-03-14 07:45:00,0.00342,0.00343,0.00342,0.00343,3669230.0
2026-03-14 08:00:00,0.00342,0.00343,0.00341,0.00343,4660834.0
2026-03-14 08:15:00,0.00342,0.00343,0.00341,0.00343,3609241.0
2026-03-14 08:30:00,0.00344,0.00344,0.00341,0.00341,11624531.0
2026-03-14 08:45:00,0.00341,0.00342,0.0034,0.00342,9159247.0
2026-03-14 09:00:00,0.00342,0.00342,0.00341,0.00341,6386855.0
2026-03-14 09:15:00,0.00341,0.00341,0.0034,0.00341,4791088.0
2026-03-14 09:30:00,0.0034,0.00342,0.0034,0.00342,8183493.0
2026-03-14 09:45:00,0.00341,0.00341,0.00339,0.00341,4537664.0
2026-03-14 10:00:00,0.00341,0.00341,0.00339,0.00341,3929294.0
2026-03-14 10:15:00,0.00341,0.00341,0.00339,0.0034,2509866.0
2026-03-14 10:30:00,0.0034,0.0034,0.00339,0.0034,2757766.0
2026-03-14 10:45:00,0.0034,0.0034,0.00339,0.00339,2134952.0
2026-03-14 11:00:00,0.00339,0.00341,0.00339,0.00341,9993124.0
2026-03-14 11:15:00,0.00341,0.00341,0.0034,0.00341,451008.0
2026-03-14 11:30:00,0.0034,0.00341,0.0034,0.00341,1032064.0
2026-03-14 11:45:00,0.00341,0.00341,0.0034,0.00341,272309.0
2026-03-14 12:00:00,0.0034,0.00341,0.00339,0.0034,9239499.0
2026-03-14 12:15:00,0.0034,0.00341,0.00339,0.0034,2940139.0
2026-03-14 12:30:00,0.0034,0.0034,0.00337,0.00338,4292057.0
2026-03-14 12:45:00,0.00337,0.0034,0.00337,0.0034,13224486.0
2026-03-14 13:00:00,0.00339,0.0034,0.00339,0.0034,5521927.0
2026-03-14 13:15:00,0.0034,0.00343,0.00339,0.00342,15312490.0
2026-03-14 13:30:00,0.00341,0.00344,0.00341,0.00344,3419409.0
2026-03-14 13:45:00,0.00343,0.00343,0.00342,0.00342,2125484.0
2026-03-14 14:00:00,0.00342,0.00346,0.00342,0.00345,7546030.0
2026-03-14 14:15:00,0.00345,0.00346,0.00344,0.00345,7678437.0
2026-03-14 14:30:00,0.00345,0.00345,0.00341,0.00341,4097526.0
2026-03-14 14:45:00,0.00342,0.00343,0.00341,0.00342,3757829.0
2026-03-14 15:00:00,0.00341,0.00343,0.0034,0.00341,20796870.0
2026-03-14 15:15:00,0.00341,0.00342,0.0034,0.0034,7358616.0
2026-03-14 15:30:00,0.0034,0.00341,0.00338,0.0034,16033865.0
2026-03-14 15:45:00,0.0034,0.00341,0.00339,0.00341,10589521.0
2026-03-14 16:00:00,0.00341,0.00341,0.00339,0.00341,9854007.0
2026-03-14 16:15:00,0.00341,0.00342,0.00341,0.00341,4704690.0
2026-03-14 16:30:00,0.00342,0.00343,0.00341,0.00343,11255429.0
2026-03-14 16:45:00,0.00342,0.00343,0.00342,0.00342,817737.0
2026-03-14 17:00:00,0.00342,0.00343,0.00341,0.00341,6112891.0
2026-03-14 17:15:00,0.00342,0.00343,0.00341,0.00342,4725256.0
2026-03-14 17:30:00,0.00342,0.00343,0.0034,0.0034,6065275.0
2026-03-14 17:45:00,0.0034,0.00341,0.00339,0.00339,2020320.0
2026-03-14 18:00:00,0.0034,0.0034,0.00338,0.00339,5343316.0
2026-03-14 18:15:00,0.00339,0.0034,0.00339,0.0034,338957.0
2026-03-14 18:30:00,0.0034,0.00341,0.0034,0.00341,11065003.0
2026-03-14 18:45:00,0.00341,0.00341,0.0034,0.0034,5112051.0
2026-03-14 19:00:00,0.00341,0.00341,0.00338,0.00338,6455220.0
2026-03-14 19:15:00,0.00339,0.0034,0.00338,0.00338,6944255.0
2026-03-14 19:30:00,0.00338,0.0034,0.00338,0.0034,6024641.0
2026-03-14 19:45:00,0.00339,0.0034,0.00339,0.00339,1208186.0
2026-03-14 20:00:00,0.00339,0.00339,0.00337,0.00337,12362731.0
2026-03-14 20:15:00,0.00338,0.00339,0.00337,0.00337,9161436.0
2026-03-14 20:30:00,0.00338,0.00339,0.00337,0.00338,2922115.0
2026-03-14 20:45:00,0.00338,0.00339,0.00337,0.00337,8821223.0
2026-03-14 21:00:00,0.00337,0.00337,0.00335,0.00336,28037156.0
2026-03-14 21:15:00,0.00336,0.00337,0.00335,0.00336,3340645.0
2026-03-14 21:30:00,0.00337,0.00337,0.00336,0.00336,630227.0
2026-03-14 21:45:00,0.00337,0.00338,0.00336,0.00336,3223313.0
2026-03-14 22:00:00,0.00336,0.00337,0.00336,0.00336,840478.0
2026-03-14 22:15:00,0.00337,0.00337,0.00336,0.00336,1540257.0
2026-03-14 22:30:00,0.00336,0.00337,0.00336,0.00336,339794.0
2026-03-14 22:45:00,0.00336,0.00337,0.00335,0.00336,3884516.0
2026-03-14 23:00:00,0.00336,0.00338,0.00336,0.00338,9233901.0
2026-03-14 23:15:00,0.00338,0.00338,0.00336,0.00337,1470399.0
2026-03-14 23:30:00,0.00337,0.0034,0.00337,0.00339,10747122.0
2026-03-14 23:45:00,0.00339,0.0034,0.00339,0.00339,248074.0
2026-03-15 00:00:00,0.0034,0.00341,0.00339,0.00339,15728340.0
2026-03-15 00:15:00,0.0034,0.00341,0.00338,0.00339,18583352.0
2026-03-15 00:30:00,0.00339,0.0034,0.00339,0.00339,3865066.0
2026-03-15 00:45:00,0.00339,0.00341,0.00339,0.0034,3311189.0
2026-03-15 01:00:00,0.0034,0.00341,0.00339,0.00341,10786725.0
2026-03-15 01:15:00,0.00341,0.00341,0.00338,0.0034,37664143.0
2026-03-15 01:30:00,0.00341,0.00344,0.00341,0.00343,12598391.0
2026-03-15 01:45:00,0.00344,0.00345,0.00343,0.00344,21393461.0
2026-03-15 02:00:00,0.00345,0.00349,0.00345,0.00347,22470321.0
2026-03-15 02:15:00,0.00346,0.00347,0.00345,0.00345,2169377.0
2026-03-15 02:30:00,0.00345,0.00346,0.00345,0.00346,2812369.0
2026-03-15 02:45:00,0.00347,0.00349,0.00347,0.00348,8393667.0
2026-03-15 03:00:00,0.00348,0.00348,0.00346,0.00347,21919117.0
2026-03-15 03:15:00,0.00347,0.00347,0.00345,0.00346,11429010.0
2026-03-15 03:30:00,0.00345,0.00345,0.00344,0.00345,3577394.0
2026-03-15 03:45:00,0.00344,0.00345,0.00343,0.00344,4838641.0
2026-03-15 04:00:00,0.00344,0.00345,0.00344,0.00344,3025984.0
2026-03-15 04:15:00,0.00345,0.00345,0.00342,0.00343,9441201.0
2026-03-15 04:30:00,0.00342,0.00343,0.00341,0.00342,9887601.0
2026-03-15 04:45:00,0.00342,0.00342,0.00341,0.00342,3434562.0
2026-03-15 05:00:00,0.00342,0.00342,0.0034,0.00341,5082264.0
2026-03-15 05:15:00,0.00341,0.00342,0.00341,0.00341,4528678.0
2026-03-15 05:30:00,0.00341,0.00342,0.0034,0.00341,3821280.0
2026-03-15 05:45:00,0.00341,0.00341,0.00339,0.0034,9121911.0
2026-03-15 06:00:00,0.0034,0.00341,0.0034,0.0034,2510910.0
2026-03-15 06:15:00,0.00339,0.0034,0.00338,0.00339,6125139.0
2026-03-15 06:30:00,0.0034,0.0034,0.00338,0.0034,4180778.0
2026-03-15 06:45:00,0.0034,0.00342,0.0034,0.0034,16950977.0
2026-03-15 07:00:00,0.0034,0.00342,0.0034,0.0034,13156179.0
2026-03-15 07:15:00,0.0034,0.00341,0.0034,0.0034,2224143.0
2026-03-15 07:30:00,0.0034,0.0034,0.00339,0.0034,176530.0
2026-03-15 07:45:00,0.0034,0.00341,0.00339,0.00341,4217995.0
2026-03-15 08:00:00,0.00341,0.00341,0.0034,0.0034,1955819.0
2026-03-15 08:15:00,0.0034,0.00341,0.0034,0.00341,483290.0
2026-03-15 08:30:00,0.00341,0.00342,0.0034,0.00341,3697159.0
2026-03-15 08:45:00,0.00342,0.00342,0.00341,0.00342,1823396.0
2026-03-15 09:00:00,0.00342,0.00344,0.00341,0.00343,17732526.0
2026-03-15 09:15:00,0.00343,0.00345,0.00343,0.00344,20997848.0
2026-03-15 09:30:00,0.00344,0.00345,0.00343,0.00344,3584575.0
2026-03-15 09:45:00,0.00344,0.00345,0.00342,0.00344,9311521.0
2026-03-15 10:00:00,0.00344,0.00346,0.00344,0.00346,7412556.0
2026-03-15 10:15:00,0.00345,0.00346,0.00344,0.00344,4506721.0
2026-03-15 10:30:00,0.00344,0.00345,0.00344,0.00344,4761143.0
2026-03-15 10:45:00,0.00345,0.00347,0.00345,0.00347,7195816.0
2026-03-15 11:00:00,0.00346,0.0035,0.00346,0.00348,10602986.0
2026-03-15 11:15:00,0.00348,0.00349,0.00348,0.00349,2194530.0
2026-03-15 11:30:00,0.00348,0.00349,0.00347,0.00348,7808274.0
2026-03-15 11:45:00,0.00348,0.0035,0.00348,0.00348,7610002.0
2026-03-15 12:00:00,0.00348,0.00348,0.00346,0.00347,4350667.0
2026-03-15 12:15:00,0.00347,0.00348,0.00346,0.00347,5477947.0
2026-03-15 12:30:00,0.00348,0.00348,0.00347,0.00348,684261.0
2026-03-15 12:45:00,0.00347,0.00348,0.00346,0.00346,6927738.0
2026-03-15 13:00:00,0.00346,0.00347,0.00342,0.00343,15119792.0
2026-03-15 13:15:00,0.00343,0.00345,0.00342,0.00344,12153716.0
2026-03-15 13:30:00,0.00344,0.00345,0.00343,0.00344,13865068.0
2026-03-15 13:45:00,0.00344,0.00345,0.00343,0.00343,1887652.0
2026-03-15 14:00:00,0.00344,0.00345,0.00343,0.00344,7149179.0
2026-03-15 14:15:00,0.00344,0.00345,0.00343,0.00343,9770041.0
2026-03-15 14:30:00,0.00343,0.00344,0.00342,0.00343,5334741.0
2026-03-15 14:45:00,0.00344,0.00346,0.00344,0.00345,5941444.0
2026-03-15 15:00:00,0.00346,0.00346,0.00343,0.00345,26679790.0
2026-03-15 15:15:00,0.00345,0.00345,0.00342,0.00343,10115425.0
2026-03-15 15:30:00,0.00342,0.00344,0.00342,0.00343,1934207.0
2026-03-15 15:45:00,0.00343,0.00344,0.00343,0.00343,1771682.0
2026-03-15 16:00:00,0.00343,0.00345,0.00343,0.00345,2870038.0
2026-03-15 16:15:00,0.00346,0.00346,0.00343,0.00345,5570398.0
2026-03-15 16:30:00,0.00345,0.00345,0.00343,0.00345,2829944.0
2026-03-15 16:45:00,0.00346,0.00346,0.00344,0.00344,2184258.0
2026-03-15 17:00:00,0.00344,0.00347,0.00343,0.00347,3227413.0
2026-03-15 17:15:00,0.00347,0.00348,0.00347,0.00347,4097778.0
2026-03-15 17:30:00,0.00347,0.00347,0.00346,0.00346,4368518.0
2026-03-15 17:45:00,0.00346,0.00351,0.00346,0.00349,11190627.0
2026-03-15 18:00:00,0.0035,0.00352,0.00348,0.00352,6798631.0
2026-03-15 18:15:00,0.00351,0.00352,0.0035,0.00351,3645189.0
2026-03-15 18:30:00,0.0035,0.00352,0.0035,0.0035,6276814.0
2026-03-15 18:45:00,0.0035,0.0035,0.00346,0.00346,7700464.0
2026-03-15 19:00:00,0.00347,0.00348,0.00346,0.00346,17195149.0
2026-03-15 19:15:00,0.00347,0.00349,0.00346,0.00348,8538554.0
2026-03-15 19:30:00,0.00348,0.00349,0.00347,0.00349,4509327.0
2026-03-15 19:45:00,0.00349,0.00351,0.00348,0.00351,8404632.0
2026-03-15 20:00:00,0.00351,0.00351,0.00349,0.0035,6658657.0
2026-03-15 20:15:00,0.00349,0.00349,0.00348,0.00348,2372324.0
2026-03-15 20:30:00,0.00349,0.00353,0.00349,0.00351,4688360.0
2026-03-15 20:45:00,0.0035,0.00352,0.00349,0.0035,8414313.0
2026-03-15 21:00:00,0.0035,0.00352,0.0035,0.0035,1272326.0
2026-03-15 21:15:00,0.00351,0.00353,0.0035,0.00351,3998132.0
2026-03-15 21:30:00,0.00351,0.00353,0.0035,0.00352,4475633.0
2026-03-15 21:45:00,0.00353,0.00353,0.00351,0.00351,12953582.0
2026-03-15 22:00:00,0.00352,0.00354,0.0035,0.00351,7083863.0
2026-03-15 22:15:00,0.00351,0.00351,0.00349,0.0035,4014340.0
2026-03-15 22:30:00,0.0035,0.00354,0.0035,0.00353,14435671.0
2026-03-15 22:45:00,0.00352,0.00354,0.00352,0.00354,8834743.0
2026-03-15 23:00:00,0.00354,0.00355,0.00352,0.00352,5658031.0
2026-03-15 23:15:00,0.00353,0.00354,0.00348,0.00349,18437203.0
2026-03-15 23:30:00,0.00349,0.0035,0.00347,0.00349,7480262.0
2026-03-15 23:45:00,0.00349,0.0035,0.00348,0.0035,3446011.0
2026-03-16 00:00:00,0.00349,0.00352,0.00349,0.0035,15659080.0
2026-03-16 00:15:00,0.0035,0.00351,0.00348,0.00349,2491821.0
2026-03-16 00:30:00,0.00349,0.00351,0.00349,0.00351,6963039.0
2026-03-16 00:45:00,0.00351,0.00353,0.00351,0.00352,8326081.0
2026-03-16 01:00:00,0.00352,0.00352,0.00349,0.0035,4434042.0
2026-03-16 01:15:00,0.0035,0.00353,0.0035,0.00352,3351616.0
2026-03-16 01:30:00,0.00351,0.00352,0.0035,0.00351,3808654.0
2026-03-16 01:45:00,0.00351,0.00355,0.0035,0.00353,39329324.0
2026-03-16 02:00:00,0.00354,0.00355,0.00353,0.00353,4143533.0
2026-03-16 02:15:00,0.00354,0.00354,0.0035,0.0035,3502131.0
2026-03-16 02:30:00,0.00351,0.00352,0.0035,0.00351,2023258.0
2026-03-16 02:45:00,0.00351,0.00355,0.00351,0.00354,6935101.0
2026-03-16 03:00:00,0.00354,0.00357,0.00353,0.00356,21371264.0
2026-03-16 03:15:00,0.00356,0.00359,0.00355,0.00358,16795143.0
2026-03-16 03:30:00,0.00359,0.00364,0.00358,0.0036,23925520.0
2026-03-16 03:45:00,0.0036,0.00361,0.00358,0.00359,14405224.0
2026-03-16 04:00:00,0.0036,0.00361,0.00359,0.0036,8951454.0
2026-03-16 04:15:00,0.00361,0.00361,0.00358,0.00359,5531807.0
2026-03-16 04:30:00,0.00359,0.0036,0.00357,0.00358,8940324.0
2026-03-16 04:45:00,0.00359,0.00361,0.00359,0.0036,6477187.0
2026-03-16 05:00:00,0.0036,0.00361,0.00358,0.00358,2589602.0
2026-03-16 05:15:00,0.00359,0.0036,0.00358,0.0036,7820135.0
2026-03-16 05:30:00,0.0036,0.00361,0.00358,0.0036,4623659.0
2026-03-16 05:45:00,0.0036,0.00362,0.0036,0.00361,6581791.0
2026-03-16 06:00:00,0.0036,0.00361,0.00358,0.0036,5667074.0
2026-03-16 06:15:00,0.0036,0.00363,0.00359,0.0036,16392878.0
2026-03-16 06:30:00,0.0036,0.00364,0.0036,0.00364,22310557.0
2026-03-16 06:45:00,0.00363,0.00365,0.00362,0.00362,11930257.0
2026-03-16 07:00:00,0.00363,0.00364,0.00362,0.00363,12739872.0
2026-03-16 07:15:00,0.00363,0.00363,0.00361,0.00363,11181751.0
2026-03-16 07:30:00,0.00364,0.00366,0.00363,0.00364,8081888.0
2026-03-16 07:45:00,0.00364,0.00365,0.00363,0.00363,9121702.0
2026-03-16 08:00:00,0.00364,0.00368,0.00363,0.00365,29190512.0
2026-03-16 08:15:00,0.00365,0.00365,0.00362,0.00362,11341236.0
2026-03-16 08:30:00,0.00363,0.00363,0.0036,0.00361,26988830.0
2026-03-16 08:45:00,0.00361,0.00363,0.0036,0.00362,13360911.0
2026-03-16 09:00:00,0.00363,0.00366,0.00363,0.00363,9957854.0
2026-03-16 09:15:00,0.00363,0.00365,0.00363,0.00364,11553778.0
2026-03-16 09:30:00,0.00364,0.00365,0.00363,0.00363,5002172.0
2026-03-16 09:45:00,0.00363,0.00365,0.00363,0.00365,4720042.0
2026-03-16 10:00:00,0.00364,0.00364,0.00362,0.00362,1983841.0
2026-03-16 10:15:00,0.00362,0.00363,0.00361,0.00363,8075875.0
2026-03-16 10:30:00,0.00362,0.00363,0.00359,0.0036,8096219.0
2026-03-16 10:45:00,0.00361,0.00362,0.0036,0.00361,5929274.0
2026-03-16 11:00:00,0.00362,0.00362,0.00359,0.00359,4809454.0
2026-03-16 11:15:00,0.00359,0.0036,0.00358,0.00358,4554900.0
2026-03-16 11:30:00,0.00358,0.0036,0.00358,0.0036,5966095.0
2026-03-16 11:45:00,0.00359,0.0036,0.00358,0.00359,4413470.0
2026-03-16 12:00:00,0.00359,0.00361,0.00358,0.00359,8689490.0
2026-03-16 12:15:00,0.00359,0.00361,0.00358,0.0036,9016176.0
2026-03-16 12:30:00,0.0036,0.00361,0.00359,0.00359,2730060.0
2026-03-16 12:45:00,0.00359,0.0036,0.00358,0.00359,2046715.0
2026-03-16 13:00:00,0.00359,0.0036,0.00358,0.00359,2186885.0
2026-03-16 13:15:00,0.00359,0.0036,0.00357,0.00359,5132827.0
2026-03-16 13:30:00,0.00359,0.00362,0.00358,0.00358,12580753.0
2026-03-16 13:45:00,0.00359,0.00361,0.00358,0.00359,6770528.0
2026-03-16 14:00:00,0.00359,0.00362,0.00358,0.0036,10474947.0
2026-03-16 14:15:00,0.0036,0.00361,0.00357,0.00357,7413767.0
2026-03-16 14:30:00,0.00357,0.00358,0.00355,0.00356,17953805.0
2026-03-16 14:45:00,0.00356,0.0036,0.00355,0.00359,9369325.0
2026-03-16 15:00:00,0.00359,0.00361,0.00359,0.0036,13616815.0
2026-03-16 15:15:00,0.0036,0.0036,0.00358,0.0036,4439731.0
2026-03-16 15:30:00,0.0036,0.00361,0.00358,0.0036,3734583.0
2026-03-16 15:45:00,0.00359,0.0036,0.00358,0.00358,1703336.0
2026-03-16 16:00:00,0.00359,0.0036,0.00358,0.0036,12996397.0
2026-03-16 16:15:00,0.0036,0.00363,0.0036,0.00363,12130339.0
2026-03-16 16:30:00,0.00362,0.00364,0.00361,0.00364,6412756.0
2026-03-16 16:45:00,0.00363,0.00365,0.00362,0.00363,15402846.0
2026-03-16 17:00:00,0.00363,0.00364,0.00362,0.00362,6772458.0
2026-03-16 17:15:00,0.00363,0.00363,0.00361,0.00361,839737.0
2026-03-16 17:30:00,0.00362,0.00362,0.0036,0.00361,5499287.0
2026-03-16 17:45:00,0.00361,0.00362,0.0036,0.00362,5451561.0
2026-03-16 18:00:00,0.00362,0.00362,0.0036,0.00361,4130757.0
2026-03-16 18:15:00,0.00361,0.00364,0.00361,0.00362,5279429.0
2026-03-16 18:30:00,0.00362,0.00363,0.0036,0.00362,2944116.0
2026-03-16 18:45:00,0.00361,0.00361,0.00359,0.00359,6172018.0
2026-03-16 19:00:00,0.0036,0.00363,0.00359,0.00363,7855025.0
2026-03-16 19:15:00,0.00362,0.00364,0.00361,0.00361,2204146.0
2026-03-16 19:30:00,0.00362,0.00363,0.00361,0.00362,581191.0
2026-03-16 19:45:00,0.00361,0.00362,0.0036,0.00361,1717074.0
2026-03-16 20:00:00,0.00362,0.00362,0.0036,0.0036,348696.0
2026-03-16 20:15:00,0.00361,0.00363,0.0036,0.00363,1695319.0
2026-03-16 20:30:00,0.00363,0.00364,0.00362,0.00363,3363086.0
2026-03-16 20:45:00,0.00362,0.00364,0.00362,0.00363,2199650.0
2026-03-16 21:00:00,0.00364,0.00366,0.00363,0.00366,6159120.0
2026-03-16 21:15:00,0.00366,0.00367,0.00364,0.00364,7470625.0
2026-03-16 21:30:00,0.00364,0.00369,0.00364,0.00369,11348909.0
2026-03-16 21:45:00,0.00369,0.00369,0.00366,0.00367,6958606.0
2026-03-16 22:00:00,0.00367,0.0037,0.00366,0.00368,10391563.0
2026-03-16 22:15:00,0.00369,0.0037,0.00367,0.0037,20120874.0
2026-03-16 22:30:00,0.00369,0.0037,0.00368,0.0037,3678645.0
2026-03-16 22:45:00,0.00369,0.00371,0.00369,0.00369,9193146.0
2026-03-16 23:00:00,0.00369,0.00369,0.00366,0.00366,11185623.0
2026-03-16 23:15:00,0.00366,0.00369,0.00366,0.00369,4277014.0
2026-03-16 23:30:00,0.00368,0.0037,0.00368,0.00369,2503566.0
2026-03-16 23:45:00,0.0037,0.00372,0.00368,0.00369,13234410.0
2026-03-17 00:00:00,0.00369,0.0037,0.00367,0.00369,9420460.0
2026-03-17 00:15:00,0.0037,0.0037,0.00362,0.00367,41694267.0
2026-03-17 00:30:00,0.00368,0.00369,0.00366,0.00367,5162554.0
2026-03-17 00:45:00,0.00367,0.00369,0.00366,0.00369,6124876.0
2026-03-17 01:00:00,0.00369,0.0037,0.00367,0.00367,12612415.0
2026-03-17 01:15:00,0.00367,0.00369,0.00367,0.00369,34211483.0
2026-03-17 01:30:00,0.00368,0.00369,0.00366,0.00368,13594087.0
2026-03-17 01:45:00,0.00368,0.00368,0.00365,0.00367,6215609.0
2026-03-17 02:00:00,0.00367,0.00367,0.00365,0.00367,6719263.0
2026-03-17 02:15:00,0.00368,0.00368,0.00366,0.00366,1963092.0
2026-03-17 02:30:00,0.00366,0.00369,0.00366,0.00369,5090530.0
2026-03-17 02:45:00,0.00369,0.00369,0.00367,0.00368,3252181.0
2026-03-17 03:00:00,0.00368,0.00369,0.00366,0.00367,6072427.0
2026-03-17 03:15:00,0.00366,0.00366,0.00364,0.00365,5810937.0
2026-03-17 03:30:00,0.00365,0.00365,0.00361,0.00361,10332356.0
2026-03-17 03:45:00,0.00361,0.00363,0.00361,0.00363,6349760.0
2026-03-17 04:00:00,0.00364,0.00365,0.00363,0.00364,6534080.0
2026-03-17 04:15:00,0.00364,0.00364,0.00361,0.00362,10827066.0
2026-03-17 04:30:00,0.00363,0.00363,0.00359,0.00361,10707274.0
2026-03-17 04:45:00,0.0036,0.00362,0.0036,0.00361,343444.0
2026-03-17 05:00:00,0.00362,0.00362,0.0036,0.00361,6457108.0
2026-03-17 05:15:00,0.00362,0.00362,0.00361,0.00362,5851779.0
2026-03-17 05:30:00,0.00361,0.00362,0.00361,0.00361,8159838.0
2026-03-17 05:45:00,0.0036,0.00363,0.0036,0.00362,7733339.0
2026-03-17 06:00:00,0.00363,0.00364,0.00362,0.00363,3470249.0
2026-03-17 06:15:00,0.00362,0.00363,0.00361,0.00362,2142319.0
2026-03-17 06:30:00,0.00362,0.00363,0.00361,0.00361,3832915.0
2026-03-17 06:45:00,0.00361,0.00361,0.0036,0.0036,1763148.0
2026-03-17 07:00:00,0.00361,0.00363,0.0036,0.00363,3577079.0
2026-03-17 07:15:00,0.00363,0.00363,0.00362,0.00363,4005725.0
2026-03-17 07:30:00,0.00362,0.00363,0.00361,0.00361,1045070.0
2026-03-17 07:45:00,0.00361,0.00362,0.00361,0.00361,103674.0
2026-03-17 08:00:00,0.00361,0.00362,0.00361,0.00361,3829501.0
2026-03-17 08:15:00,0.00361,0.00362,0.0036,0.00361,1084027.0
2026-03-17 08:30:00,0.00361,0.00362,0.0036,0.00361,2930377.0
2026-03-17 08:45:00,0.00361,0.00361,0.00359,0.0036,6460857.0
2026-03-17 09:00:00,0.0036,0.0036,0.00358,0.00359,8936134.0
2026-03-17 09:15:00,0.00359,0.00361,0.00359,0.00361,2843031.0
2026-03-17 09:30:00,0.00361,0.00361,0.0036,0.00361,1043854.0
2026-03-17 09:45:00,0.00361,0.00361,0.0036,0.0036,823339.0
2026-03-17 10:00:00,0.0036,0.00362,0.00359,0.00361,2803723.0
2026-03-17 10:15:00,0.00361,0.00362,0.0036,0.00361,9091970.0
2026-03-17 10:30:00,0.0036,0.00361,0.00359,0.0036,839895.0
2026-03-17 10:45:00,0.0036,0.00361,0.00359,0.00361,1367653.0
2026-03-17 11:00:00,0.00361,0.00362,0.00361,0.00362,3449519.0
2026-03-17 11:15:00,0.00362,0.00363,0.00362,0.00363,1094906.0
2026-03-17 11:30:00,0.00362,0.00362,0.00361,0.00362,956301.0
2026-03-17 11:45:00,0.00362,0.00362,0.0036,0.00361,1175595.0
2026-03-17 12:00:00,0.0036,0.00361,0.0036,0.00361,388736.0
2026-03-17 12:15:00,0.00361,0.00361,0.00359,0.00359,5197177.0
2026-03-17 12:30:00,0.00359,0.00359,0.00356,0.00356,27202983.0
2026-03-17 12:45:00,0.00356,0.00357,0.00355,0.00356,5564844.0
2026-03-17 13:00:00,0.00356,0.00357,0.00355,0.00355,10609833.0
2026-03-17 13:15:00,0.00355,0.00356,0.00355,0.00356,1920696.0
2026-03-17 13:30:00,0.00356,0.00358,0.00355,0.00355,7989327.0
2026-03-17 13:45:00,0.00356,0.00357,0.00354,0.00355,12629621.0
2026-03-17 14:00:00,0.00355,0.00356,0.00353,0.00356,5669408.0
2026-03-17 14:15:00,0.00355,0.00357,0.00355,0.00357,5073134.0
2026-03-17 14:30:00,0.00357,0.00358,0.00356,0.00357,9509188.0
2026-03-17 14:45:00,0.00357,0.00357,0.00356,0.00357,1531077.0
2026-03-17 15:00:00,0.00358,0.0036,0.00355,0.00356,7295728.0
2026-03-17 15:15:00,0.00356,0.00357,0.00355,0.00356,3120780.0
2026-03-17 15:30:00,0.00356,0.00357,0.00355,0.00357,2355790.0
2026-03-17 15:45:00,0.00356,0.00359,0.00355,0.00359,8871628.0
2026-03-17 16:00:00,0.00359,0.0036,0.00358,0.00358,5468833.0
2026-03-17 16:15:00,0.00358,0.00361,0.00358,0.0036,7791659.0
2026-03-17 16:30:00,0.0036,0.0036,0.00358,0.00359,2572216.0
2026-03-17 16:45:00,0.00359,0.00361,0.00358,0.0036,6226851.0
2026-03-17 17:00:00,0.00361,0.00362,0.00359,0.00361,8629851.0
2026-03-17 17:15:00,0.00361,0.00362,0.00361,0.00361,985478.0
2026-03-17 17:30:00,0.00362,0.00362,0.0036,0.00362,2866078.0
2026-03-17 17:45:00,0.00362,0.00364,0.00361,0.00362,6189087.0
2026-03-17 18:00:00,0.00363,0.00364,0.00362,0.00363,2716240.0
2026-03-17 18:15:00,0.00363,0.00363,0.00361,0.00361,6368866.0
2026-03-17 18:30:00,0.00362,0.00365,0.00362,0.00364,6570638.0
2026-03-17 18:45:00,0.00364,0.00364,0.00362,0.00363,4948830.0
2026-03-17 19:00:00,0.00363,0.00363,0.00362,0.00363,964720.0
2026-03-17 19:15:00,0.00363,0.00363,0.00361,0.00361,17838291.0
2026-03-17 19:30:00,0.00362,0.00363,0.00361,0.00363,5384253.0
2026-03-17 19:45:00,0.00362,0.00362,0.00361,0.00361,4154367.0
2026-03-17 20:00:00,0.0036,0.00361,0.0036,0.0036,2466727.0
2026-03-17 20:15:00,0.0036,0.00362,0.0036,0.00362,4058996.0
2026-03-17 20:30:00,0.00362,0.00362,0.0036,0.00361,2162120.0
2026-03-17 20:45:00,0.00361,0.00362,0.00361,0.00362,1510670.0
2026-03-17 21:00:00,0.00362,0.00365,0.00362,0.00365,3973345.0
2026-03-17 21:15:00,0.00364,0.00365,0.00363,0.00363,2910389.0
2026-03-17 21:30:00,0.00363,0.00365,0.00363,0.00365,7048422.0
2026-03-17 21:45:00,0.00365,0.00365,0.00363,0.00363,813555.0
2026-03-17 22:00:00,0.00364,0.00365,0.00363,0.00363,6323752.0
2026-03-17 22:15:00,0.00363,0.00364,0.00362,0.00364,9418539.0
2026-03-17 22:30:00,0.00363,0.00363,0.0036,0.00362,8848874.0
2026-03-17 22:45:00,0.00361,0.00363,0.00361,0.00362,4508790.0
2026-03-17 23:00:00,0.00363,0.00364,0.00362,0.00363,12983001.0
2026-03-17 23:15:00,0.00363,0.00363,0.0036,0.00361,7972927.0
2026-03-17 23:30:00,0.00361,0.00361,0.0036,0.0036,2068495.0
2026-03-17 23:45:00,0.0036,0.0036,0.00359,0.00359,3388037.0
2026-03-18 00:00:00,0.00359,0.0036,0.00359,0.00359,6889996.0
2026-03-18 00:15:00,0.00359,0.00359,0.00357,0.00358,9046554.0
2026-03-18 00:30:00,0.00359,0.00359,0.00357,0.00358,6007013.0
2026-03-18 00:45:00,0.00358,0.0036,0.00358,0.0036,4880705.0
2026-03-18 01:00:00,0.0036,0.00361,0.00359,0.0036,12233815.0
2026-03-18 01:15:00,0.0036,0.00362,0.0036,0.00362,3057400.0
2026-03-18 01:30:00,0.00362,0.00363,0.00361,0.00362,2540220.0
2026-03-18 01:45:00,0.00362,0.00363,0.00361,0.00363,8214864.0
2026-03-18 02:00:00,0.00362,0.00365,0.00362,0.00365,9487509.0
2026-03-18 02:15:00,0.00365,0.00365,0.00363,0.00364,3028453.0
2026-03-18 02:30:00,0.00364,0.00365,0.00364,0.00364,1473166.0
2026-03-18 02:45:00,0.00365,0.00365,0.00364,0.00364,4239219.0
2026-03-18 03:00:00,0.00364,0.00365,0.00364,0.00364,3584978.0
2026-03-18 03:15:00,0.00364,0.00368,0.00364,0.00367,4160308.0
2026-03-18 03:30:00,0.00367,0.00367,0.00365,0.00366,14021296.0
2026-03-18 03:45:00,0.00365,0.00366,0.00365,0.00365,890837.0
2026-03-18 04:00:00,0.00366,0.00366,0.00364,0.00365,4406773.0
2026-03-18 04:15:00,0.00364,0.00364,0.00363,0.00363,2872502.0
2026-03-18 04:30:00,0.00363,0.00364,0.00362,0.00363,2656984.0
2026-03-18 04:45:00,0.00363,0.00364,0.00363,0.00364,965489.0
2026-03-18 05:00:00,0.00365,0.00369,0.00364,0.00368,12223432.0
2026-03-18 05:15:00,0.00368,0.00369,0.00367,0.00367,1921751.0
2026-03-18 05:30:00,0.00366,0.00366,0.00364,0.00364,3304149.0
2026-03-18 05:45:00,0.00365,0.00366,0.00364,0.00364,13975312.0
2026-03-18 06:00:00,0.00365,0.00366,0.00364,0.00365,4502338.0
2026-03-18 06:15:00,0.00365,0.00368,0.00364,0.00368,1856201.0
2026-03-18 06:30:00,0.00368,0.00368,0.00365,0.00366,1623798.0
2026-03-18 06:45:00,0.00365,0.00367,0.00365,0.00365,3649269.0
2026-03-18 07:00:00,0.00365,0.00366,0.00364,0.00366,6871844.0
2026-03-18 07:15:00,0.00365,0.00366,0.00363,0.00363,3632207.0
2026-03-18 07:30:00,0.00364,0.00366,0.00363,0.00365,3171355.0
2026-03-18 07:45:00,0.00365,0.00368,0.00365,0.00368,5911145.0
2026-03-18 08:00:00,0.00368,0.00369,0.00367,0.00368,2763311.0
2026-03-18 08:15:00,0.00369,0.00371,0.00368,0.00369,10267502.0
2026-03-18 08:30:00,0.00368,0.00369,0.00367,0.00367,7588172.0
2026-03-18 08:45:00,0.00367,0.00369,0.00367,0.00368,2255090.0
2026-03-18 09:00:00,0.00368,0.0037,0.00367,0.00368,7289621.0
2026-03-18 09:15:00,0.00368,0.00368,0.00367,0.00368,4652396.0
2026-03-18 09:30:00,0.00367,0.00369,0.00367,0.00368,1939432.0
2026-03-18 09:45:00,0.00368,0.00369,0.00367,0.00369,5084241.0
2026-03-18 10:00:00,0.00369,0.00369,0.00367,0.00368,7059799.0
2026-03-18 10:15:00,0.00367,0.00368,0.00366,0.00367,5953181.0
2026-03-18 10:30:00,0.00366,0.00368,0.00365,0.00365,6024032.0
2026-03-18 10:45:00,0.00365,0.00366,0.00365,0.00366,9741886.0
2026-03-18 11:00:00,0.00365,0.00365,0.00361,0.00363,16801258.0
2026-03-18 11:15:00,0.00363,0.00363,0.00359,0.00359,11427714.0
2026-03-18 11:30:00,0.00359,0.00359,0.00349,0.00354,68010288.0
2026-03-18 11:45:00,0.00354,0.00355,0.00352,0.00352,12026944.0
2026-03-18 12:00:00,0.00352,0.00352,0.00349,0.00349,18895111.0
2026-03-18 12:15:00,0.00349,0.00351,0.00349,0.00351,6659826.0
2026-03-18 12:30:00,0.0035,0.0035,0.00346,0.00348,19459417.0
2026-03-18 12:45:00,0.00348,0.00348,0.00346,0.00347,8191665.0
2026-03-18 13:00:00,0.00347,0.00349,0.00345,0.00349,33342237.0
2026-03-18 13:15:00,0.00349,0.00349,0.00347,0.00348,15363733.0
2026-03-18 13:30:00,0.00348,0.00351,0.00347,0.00349,35685584.0
2026-03-18 13:45:00,0.00349,0.00349,0.00347,0.00347,20668259.0
2026-03-18 14:00:00,0.00347,0.00348,0.00345,0.00347,21448231.0
2026-03-18 14:15:00,0.00347,0.00347,0.00344,0.00344,13329229.0
2026-03-18 14:30:00,0.00345,0.00345,0.0034,0.00342,40631967.0
2026-03-18 14:45:00,0.00342,0.00343,0.00339,0.0034,26138680.0
2026-03-18 15:00:00,0.0034,0.00341,0.00337,0.00337,28899659.0
2026-03-18 15:15:00,0.00338,0.00339,0.00337,0.00339,14757389.0
2026-03-18 15:30:00,0.00339,0.00341,0.00337,0.0034,31271918.0
2026-03-18 15:45:00,0.0034,0.00341,0.00339,0.00339,3287461.0
2026-03-18 16:00:00,0.00339,0.00341,0.00338,0.0034,12471501.0
2026-03-18 16:15:00,0.00339,0.0034,0.00338,0.00339,17565902.0
2026-03-18 16:30:00,0.00339,0.0034,0.00337,0.00339,5791316.0
2026-03-18 16:45:00,0.00339,0.0034,0.00338,0.00339,19042366.0
2026-03-18 17:00:00,0.00339,0.00339,0.00336,0.00337,6055931.0
2026-03-18 17:15:00,0.00338,0.0034,0.00336,0.0034,3699417.0
2026-03-18 17:30:00,0.00339,0.00344,0.00339,0.00343,25544652.0
2026-03-18 17:45:00,0.00343,0.00343,0.00341,0.00341,14015564.0
2026-03-18 18:00:00,0.00342,0.00346,0.00342,0.00345,12524844.0
2026-03-18 18:15:00,0.00344,0.00344,0.00342,0.00344,11442558.0
2026-03-18 18:30:00,0.00344,0.00346,0.00344,0.00345,11385989.0
2026-03-18 18:45:00,0.00345,0.00345,0.0034,0.00342,4361252.0
2026-03-18 19:00:00,0.00343,0.00345,0.00343,0.00344,9105320.0
2026-03-18 19:15:00,0.00344,0.00346,0.00343,0.00344,13369817.0
2026-03-18 19:30:00,0.00344,0.00344,0.00342,0.00343,4533779.0
2026-03-18 19:45:00,0.00343,0.00343,0.00341,0.00342,4412994.0
2026-03-18 20:00:00,0.00342,0.00343,0.00338,0.00341,11835909.0
2026-03-18 20:15:00,0.0034,0.00341,0.00339,0.0034,6363859.0
2026-03-18 20:30:00,0.0034,0.00343,0.0034,0.00343,4406158.0
2026-03-18 20:45:00,0.00343,0.00344,0.00342,0.00343,7181868.0
2026-03-18 21:00:00,0.00343,0.00346,0.00343,0.00346,7387922.0
2026-03-18 21:15:00,0.00345,0.00346,0.00345,0.00346,6966150.0
2026-03-18 21:30:00,0.00346,0.00347,0.00345,0.00347,6859755.0
2026-03-18 21:45:00,0.00346,0.00347,0.00346,0.00347,878888.0
2026-03-18 22:00:00,0.00347,0.00347,0.00344,0.00345,10115129.0
2026-03-18 22:15:00,0.00345,0.00345,0.00343,0.00345,6405064.0
2026-03-18 22:30:00,0.00345,0.00345,0.00344,0.00345,1112697.0
2026-03-18 22:45:00,0.00345,0.00345,0.00344,0.00345,144306.0
2026-03-18 23:00:00,0.00345,0.00345,0.00343,0.00343,3733859.0
2026-03-18 23:15:00,0.00344,0.00345,0.00343,0.00345,2648828.0
2026-03-18 23:30:00,0.00345,0.00346,0.00344,0.00345,1971698.0
2026-03-18 23:45:00,0.00345,0.00346,0.00345,0.00346,6194933.0
2026-03-19 00:00:00,0.00346,0.00346,0.00344,0.00345,7890747.0
2026-03-19 00:15:00,0.00345,0.00345,0.00344,0.00345,2410157.0
2026-03-19 00:30:00,0.00345,0.00345,0.00343,0.00343,12613736.0
2026-03-19 00:45:00,0.00344,0.00344,0.00343,0.00344,4984927.0
2026-03-19 01:00:00,0.00344,0.00344,0.00342,0.00343,3077600.0
2026-03-19 01:15:00,0.00343,0.00343,0.00342,0.00343,12524182.0
2026-03-19 01:30:00,0.00343,0.00344,0.00343,0.00343,9325253.0
2026-03-19 01:45:00,0.00344,0.00344,0.00342,0.00343,2692618.0
2026-03-19 02:00:00,0.00342,0.00343,0.0034,0.00343,7825768.0
2026-03-19 02:15:00,0.00343,0.00343,0.00342,0.00343,931942.0
2026-03-19 02:30:00,0.00342,0.00342,0.00341,0.00341,2231114.0
2026-03-19 02:45:00,0.00341,0.00342,0.00341,0.00341,633119.0
2026-03-19 03:00:00,0.00341,0.00343,0.00341,0.00342,6304971.0
2026-03-19 03:15:00,0.00342,0.00346,0.00342,0.00346,4283668.0
2026-03-19 03:30:00,0.00346,0.00346,0.00343,0.00343,2586019.0
2026-03-19 03:45:00,0.00343,0.00344,0.00342,0.00343,4168061.0
2026-03-19 04:00:00,0.00342,0.00343,0.00341,0.00341,6359164.0
2026-03-19 04:15:00,0.00342,0.00342,0.0034,0.00342,5730585.0
2026-03-19 04:30:00,0.00341,0.00342,0.00341,0.00342,1465955.0
2026-03-19 04:45:00,0.00341,0.00342,0.00341,0.00341,2311479.0
2026-03-19 05:00:00,0.00341,0.00341,0.0034,0.00341,3244421.0
2026-03-19 05:15:00,0.00341,0.00341,0.00338,0.00338,6718498.0
2026-03-19 05:30:00,0.00338,0.00339,0.00337,0.00338,9559087.0
2026-03-19 05:45:00,0.00338,0.00339,0.00338,0.00338,1074579.0
2026-03-19 06:00:00,0.00338,0.00339,0.00338,0.00339,8813451.0
2026-03-19 06:15:00,0.00339,0.00339,0.00337,0.00338,11609169.0
2026-03-19 06:30:00,0.00338,0.00339,0.00337,0.00339,3087726.0
2026-03-19 06:45:00,0.00339,0.0034,0.00338,0.00338,2134624.0
2026-03-19 07:00:00,0.00339,0.0034,0.00337,0.00338,5182334.0
2026-03-19 07:15:00,0.00337,0.00337,0.00334,0.00336,17451631.0
2026-03-19 07:30:00,0.00336,0.00338,0.00335,0.00337,3194202.0
2026-03-19 07:45:00,0.00337,0.00338,0.00335,0.00336,4232059.0
2026-03-19 08:00:00,0.00335,0.00336,0.00334,0.00335,5807013.0
2026-03-19 08:15:00,0.00335,0.00336,0.00334,0.00334,1480620.0
2026-03-19 08:30:00,0.00335,0.00337,0.00334,0.00337,4111740.0
2026-03-19 08:45:00,0.00336,0.00336,0.00335,0.00335,3544907.0
2026-03-19 09:00:00,0.00335,0.00337,0.00335,0.00335,4787942.0
2026-03-19 09:15:00,0.00336,0.00339,0.00335,0.00337,6404749.0
2026-03-19 09:30:00,0.00337,0.00338,0.00336,0.00338,6572348.0
2026-03-19 09:45:00,0.00338,0.00339,0.00337,0.00339,2941006.0
2026-03-19 10:00:00,0.00339,0.00339,0.00338,0.00338,855123.0
2026-03-19 10:15:00,0.00338,0.00339,0.00337,0.00338,3153600.0
2026-03-19 10:30:00,0.00338,0.00339,0.00337,0.00337,3734574.0
2026-03-19 10:45:00,0.00338,0.00338,0.00336,0.00336,2048274.0
2026-03-19 11:00:00,0.00336,0.00337,0.00336,0.00337,4368404.0
2026-03-19 11:15:00,0.00337,0.00337,0.00336,0.00336,14591189.0
2026-03-19 11:30:00,0.00337,0.00338,0.00336,0.00336,11235813.0
2026-03-19 11:45:00,0.00336,0.00337,0.00336,0.00336,4188232.0
2026-03-19 12:00:00,0.00336,0.00337,0.00334,0.00335,43641325.0
2026-03-19 12:15:00,0.00336,0.00336,0.00334,0.00334,3469264.0
2026-03-19 12:30:00,0.00334,0.00335,0.00334,0.00334,17453206.0
2026-03-19 12:45:00,0.00334,0.00335,0.00331,0.00332,16089653.0
2026-03-19 13:00:00,0.00332,0.00333,0.00328,0.00329,22446507.0
2026-03-19 13:15:00,0.00329,0.00332,0.00328,0.00331,11213090.0
2026-03-19 13:30:00,0.00331,0.00334,0.0033,0.00334,8557776.0
2026-03-19 13:45:00,0.00333,0.00334,0.00332,0.00334,7301248.0
2026-03-19 14:00:00,0.00334,0.00335,0.00331,0.00332,18283125.0
2026-03-19 14:15:00,0.00332,0.00332,0.0033,0.00331,12693858.0
2026-03-19 14:30:00,0.00331,0.00333,0.0033,0.00333,14854939.0
2026-03-19 14:45:00,0.00333,0.00335,0.00333,0.00333,11312328.0
2026-03-19 15:00:00,0.00332,0.00333,0.00331,0.00332,5416587.0
2026-03-19 15:15:00,0.00332,0.00332,0.00329,0.00329,11892917.0
2026-03-19 15:30:00,0.00329,0.0033,0.00328,0.00328,7230075.0
2026-03-19 15:45:00,0.00328,0.00333,0.00328,0.00333,13548833.0
2026-03-19 16:00:00,0.00332,0.00332,0.0033,0.00331,4812717.0
2026-03-19 16:15:00,0.00331,0.00332,0.0033,0.00331,6041609.0
2026-03-19 16:30:00,0.00331,0.00331,0.00329,0.00331,2422383.0
2026-03-19 16:45:00,0.0033,0.00331,0.00329,0.0033,6075754.0
2026-03-19 17:00:00,0.0033,0.00331,0.00329,0.00329,4380707.0
2026-03-19 17:15:00,0.00329,0.00332,0.00329,0.00332,4542550.0
2026-03-19 17:30:00,0.00332,0.00333,0.00331,0.00332,3671218.0
2026-03-19 17:45:00,0.00332,0.00334,0.00331,0.00333,6901853.0
2026-03-19 18:00:00,0.00333,0.00333,0.00332,0.00332,10874939.0
2026-03-19 18:15:00,0.00332,0.00333,0.00331,0.00331,5642884.0
2026-03-19 18:30:00,0.00331,0.00332,0.00331,0.00331,580837.0
2026-03-19 18:45:00,0.00331,0.00333,0.00331,0.00333,3984311.0
2026-03-19 19:00:00,0.00333,0.00337,0.00333,0.00335,30387089.0
2026-03-19 19:15:00,0.00335,0.00336,0.00334,0.00335,4186726.0
2026-03-19 19:30:00,0.00334,0.00335,0.00333,0.00335,5210770.0
2026-03-19 19:45:00,0.00335,0.00336,0.00334,0.00335,1720061.0
2026-03-19 20:00:00,0.00334,0.00336,0.00334,0.00336,1514122.0
2026-03-19 20:15:00,0.00336,0.00336,0.00335,0.00336,649181.0
2026-03-19 20:30:00,0.00335,0.00337,0.00335,0.00335,3301026.0
2026-03-19 20:45:00,0.00336,0.00336,0.00335,0.00336,1841627.0
2026-03-19 21:00:00,0.00336,0.00337,0.00335,0.00336,3668833.0
2026-03-19 21:15:00,0.00336,0.00336,0.00335,0.00336,1907000.0
2026-03-19 21:30:00,0.00336,0.00336,0.00335,0.00336,2643209.0
2026-03-19 21:45:00,0.00336,0.00337,0.00335,0.00336,1205524.0
2026-03-19 22:00:00,0.00336,0.00337,0.00334,0.00336,5107243.0
2026-03-19 22:15:00,0.00336,0.00337,0.00335,0.00337,2411587.0
2026-03-19 22:30:00,0.00337,0.00337,0.00334,0.00335,2897525.0
2026-03-19 22:45:00,0.00335,0.00336,0.00335,0.00336,3632308.0
2026-03-19 23:00:00,0.00336,0.00337,0.00336,0.00337,8610308.0
2026-03-19 23:15:00,0.00337,0.00337,0.00335,0.00337,4714676.0
2026-03-19 23:30:00,0.00337,0.00337,0.00335,0.00336,21042124.0
2026-03-19 23:45:00,0.00336,0.00336,0.00335,0.00336,5614322.0
2026-03-20 00:00:00,0.00336,0.00337,0.00336,0.00337,2870842.0
2026-03-20 00:15:00,0.00337,0.00338,0.00335,0.00335,5194243.0
2026-03-20 00:30:00,0.00335,0.00337,0.00335,0.00336,7367063.0
2026-03-20 00:45:00,0.00337,0.00337,0.00336,0.00337,6160592.0
2026-03-20 01:00:00,0.00338,0.0034,0.00338,0.0034,23659358.0
2026-03-20 01:15:00,0.0034,0.0034,0.00339,0.0034,3577649.0
2026-03-20 01:30:00,0.0034,0.00342,0.0034,0.00342,8735284.0
2026-03-20 01:45:00,0.00343,0.00343,0.00341,0.00341,4650638.0
2026-03-20 02:00:00,0.00341,0.00342,0.0034,0.0034,10664707.0
2026-03-20 02:15:00,0.0034,0.0034,0.00339,0.00339,6852129.0
2026-03-20 02:30:00,0.00339,0.0034,0.00338,0.0034,9439189.0
2026-03-20 02:45:00,0.0034,0.0034,0.00339,0.00339,5032356.0
2026-03-20 03:00:00,0.0034,0.0034,0.00339,0.00339,64522.0
2026-03-20 03:15:00,0.00339,0.00341,0.00339,0.0034,5710938.0
2026-03-20 03:30:00,0.00341,0.00342,0.00339,0.00339,4078936.0
2026-03-20 03:45:00,0.0034,0.0034,0.00339,0.0034,1592503.0
2026-03-20 04:00:00,0.00339,0.0034,0.00339,0.0034,12357819.0
2026-03-20 04:15:00,0.0034,0.00341,0.00339,0.00341,28954623.0
2026-03-20 04:30:00,0.00341,0.00341,0.00338,0.00339,6753033.0
2026-03-20 04:45:00,0.00338,0.00342,0.00338,0.00341,5628959.0
2026-03-20 05:00:00,0.00342,0.00344,0.0034,0.00342,49163103.0
2026-03-20 05:15:00,0.00342,0.00343,0.00341,0.00341,22640065.0
2026-03-20 05:30:00,0.0034,0.00342,0.0034,0.00342,11571777.0
2026-03-20 05:45:00,0.00342,0.00342,0.00341,0.00341,8933720.0
2026-03-20 06:00:00,0.00341,0.00341,0.0034,0.0034,201870.0
2026-03-20 06:15:00,0.0034,0.00341,0.00339,0.00341,11537517.0
2026-03-20 06:30:00,0.00341,0.00341,0.00339,0.0034,2354121.0
2026-03-20 06:45:00,0.00339,0.00341,0.00339,0.0034,3956816.0
2026-03-20 07:00:00,0.00339,0.00339,0.00338,0.00338,5830239.0
2026-03-20 07:15:00,0.00338,0.00339,0.00337,0.00339,8170726.0
2026-03-20 07:30:00,0.00339,0.0034,0.00339,0.00339,1668077.0
2026-03-20 07:45:00,0.00339,0.0034,0.00339,0.00339,3637865.0
2026-03-20 08:00:00,0.00339,0.00342,0.00338,0.00341,4605912.0
2026-03-20 08:15:00,0.00341,0.00341,0.0034,0.00341,287436.0
2026-03-20 08:30:00,0.0034,0.0034,0.00339,0.0034,3090984.0
2026-03-20 08:45:00,0.0034,0.0034,0.00339,0.0034,440418.0
2026-03-20 09:00:00,0.00339,0.00339,0.00338,0.00338,581624.0
2026-03-20 09:15:00,0.00339,0.00339,0.00336,0.00338,14353720.0
2026-03-20 09:30:00,0.00338,0.00339,0.00338,0.00339,3349026.0
2026-03-20 09:45:00,0.00339,0.00339,0.00338,0.00338,441655.0
2026-03-20 10:00:00,0.00339,0.00339,0.00337,0.00337,787641.0
2026-03-20 10:15:00,0.00338,0.00339,0.00337,0.00337,3364667.0
2026-03-20 10:30:00,0.00337,0.00338,0.00337,0.00338,2232909.0
2026-03-20 10:45:00,0.00338,0.00338,0.00337,0.00338,5169212.0
2026-03-20 11:00:00,0.00337,0.00339,0.00337,0.00339,2258508.0
2026-03-20 11:15:00,0.00339,0.00339,0.00337,0.00338,1733665.0
2026-03-20 11:30:00,0.00337,0.00338,0.00335,0.00336,4347652.0
2026-03-20 11:45:00,0.00336,0.00337,0.00335,0.00337,9217705.0
2026-03-20 12:00:00,0.00338,0.00338,0.00337,0.00338,2462955.0
2026-03-20 12:15:00,0.00337,0.00338,0.00335,0.00336,10127354.0
2026-03-20 12:30:00,0.00336,0.00336,0.00335,0.00336,3017359.0
2026-03-20 12:45:00,0.00336,0.00337,0.00335,0.00335,1360728.0
2026-03-20 13:00:00,0.00335,0.00337,0.00335,0.00336,4454700.0
2026-03-20 13:15:00,0.00335,0.00337,0.00335,0.00336,7422783.0
2026-03-20 13:30:00,0.00336,0.00337,0.00334,0.00337,10116612.0
2026-03-20 13:45:00,0.00337,0.00337,0.00334,0.00335,2265338.0
2026-03-20 14:00:00,0.00335,0.00337,0.00334,0.00336,2511719.0
2026-03-20 14:15:00,0.00335,0.00336,0.00332,0.00335,43418110.0
2026-03-20 14:30:00,0.00335,0.00337,0.00335,0.00335,1533320.0
2026-03-20 14:45:00,0.00335,0.00336,0.00333,0.00334,4277258.0
2026-03-20 15:00:00,0.00334,0.00335,0.00332,0.00334,7743785.0
2026-03-20 15:15:00,0.00334,0.00335,0.00333,0.00334,1144392.0
2026-03-20 15:30:00,0.00334,0.00337,0.00334,0.00335,11532104.0
2026-03-20 15:45:00,0.00335,0.00337,0.00335,0.00337,3790353.0
2026-03-20 16:00:00,0.00337,0.00337,0.00336,0.00336,7939938.0
2026-03-20 16:15:00,0.00336,0.00337,0.00336,0.00337,3141459.0
2026-03-20 16:30:00,0.00337,0.00337,0.00335,0.00336,3621042.0
2026-03-20 16:45:00,0.00335,0.00337,0.00335,0.00337,4254647.0
2026-03-20 17:00:00,0.00337,0.00337,0.00336,0.00337,1890267.0
2026-03-20 17:15:00,0.00337,0.00337,0.00336,0.00337,863791.0
2026-03-20 17:30:00,0.00337,0.00337,0.00335,0.00336,8252258.0
2026-03-20 17:45:00,0.00335,0.00337,0.00335,0.00337,2376162.0
2026-03-20 18:00:00,0.00337,0.00338,0.00337,0.00337,1828707.0
2026-03-20 18:15:00,0.00337,0.00338,0.00335,0.00336,7556795.0
2026-03-20 18:30:00,0.00336,0.00336,0.00333,0.00334,5620030.0
2026-03-20 18:45:00,0.00334,0.00335,0.00333,0.00334,2001365.0
2026-03-20 19:00:00,0.00334,0.00335,0.00333,0.00334,2627753.0
2026-03-20 19:15:00,0.00334,0.00334,0.00332,0.00333,6373973.0
2026-03-20 19:30:00,0.00334,0.00334,0.00331,0.00333,6294901.0
2026-03-20 19:45:00,0.00333,0.00335,0.00333,0.00335,1142745.0
2026-03-20 20:00:00,0.00335,0.00335,0.00333,0.00334,3259769.0
2026-03-20 20:15:00,0.00334,0.00335,0.00333,0.00333,4234706.0
2026-03-20 20:30:00,0.00333,0.00333,0.00331,0.00333,7192296.0
2026-03-20 20:45:00,0.00333,0.00334,0.00332,0.00333,2265480.0
2026-03-20 21:00:00,0.00333,0.00334,0.00333,0.00334,3470330.0
2026-03-20 21:15:00,0.00334,0.00336,0.00332,0.00335,23148738.0
2026-03-20 21:30:00,0.00335,0.00337,0.00335,0.00336,5208281.0
2026-03-20 21:45:00,0.00336,0.00336,0.00336,0.00336,994069.0
2026-03-20 22:00:00,0.00336,0.00339,0.00336,0.00337,3820050.0
2026-03-20 22:15:00,0.00337,0.00338,0.00336,0.00336,3860807.0
2026-03-20 22:30:00,0.00337,0.00337,0.00336,0.00337,2845227.0
2026-03-20 22:45:00,0.00337,0.00338,0.00336,0.00336,821828.0
2026-03-20 23:00:00,0.00336,0.00337,0.00334,0.00335,14546309.0
2026-03-20 23:15:00,0.00334,0.00335,0.00333,0.00333,8481866.0
2026-03-20 23:30:00,0.00333,0.00334,0.00333,0.00334,2196736.0
2026-03-20 23:45:00,0.00334,0.00334,0.00333,0.00333,1659037.0
2026-03-21 00:00:00,0.00334,0.00334,0.00333,0.00334,1660337.0
2026-03-21 00:15:00,0.00334,0.00335,0.00333,0.00335,4809859.0
2026-03-21 00:30:00,0.00335,0.00335,0.00333,0.00334,1565420.0
2026-03-21 00:45:00,0.00334,0.00334,0.00333,0.00334,1494597.0
2026-03-21 01:00:00,0.00334,0.00335,0.00334,0.00334,6155509.0
2026-03-21 01:15:00,0.00334,0.00334,0.00333,0.00334,1480862.0
2026-03-21 01:30:00,0.00334,0.00334,0.00333,0.00334,543871.0
2026-03-21 01:45:00,0.00333,0.00334,0.00333,0.00334,4002533.0
2026-03-21 02:00:00,0.00333,0.00334,0.00333,0.00333,1427055.0
2026-03-21 02:15:00,0.00333,0.00335,0.00333,0.00335,2040100.0
2026-03-21 02:30:00,0.00335,0.00335,0.00334,0.00334,186888.0
2026-03-21 02:45:00,0.00334,0.00335,0.00334,0.00335,328556.0
2026-03-21 03:00:00,0.00335,0.00335,0.00334,0.00334,4635687.0
2026-03-21 03:15:00,0.00334,0.00334,0.00333,0.00333,959042.0
2026-03-21 03:30:00,0.00333,0.00334,0.00333,0.00334,224110.0
2026-03-21 03:45:00,0.00334,0.00334,0.00332,0.00333,2606567.0
2026-03-21 04:00:00,0.00332,0.00334,0.00332,0.00333,4598801.0
2026-03-21 04:15:00,0.00333,0.00334,0.00333,0.00333,1419303.0
2026-03-21 04:30:00,0.00333,0.00333,0.00332,0.00333,3660662.0
2026-03-21 04:45:00,0.00333,0.00333,0.00333,0.00333,43416.0
2026-03-21 05:00:00,0.00333,0.00334,0.00333,0.00333,1335778.0
2026-03-21 05:15:00,0.00333,0.00334,0.00333,0.00334,295788.0
2026-03-21 05:30:00,0.00334,0.00335,0.00333,0.00334,2063081.0
2026-03-21 05:45:00,0.00334,0.00334,0.00333,0.00334,233214.0
2026-03-21 06:00:00,0.00334,0.00334,0.00333,0.00334,1350074.0
2026-03-21 06:15:00,0.00334,0.00335,0.00334,0.00335,330285.0
2026-03-21 06:30:00,0.00334,0.00334,0.00334,0.00334,37017.0
2026-03-21 06:45:00,0.00334,0.00335,0.00334,0.00334,3584396.0
2026-03-21 07:00:00,0.00335,0.00335,0.00334,0.00334,6981223.0
2026-03-21 07:15:00,0.00334,0.00335,0.00334,0.00335,2939019.0
2026-03-21 07:30:00,0.00334,0.00335,0.00334,0.00335,1600797.0
2026-03-21 07:45:00,0.00334,0.00334,0.00333,0.00333,2762046.0
2026-03-21 08:00:00,0.00334,0.00334,0.00333,0.00333,349658.0
2026-03-21 08:15:00,0.00333,0.00335,0.00333,0.00334,12176712.0
2026-03-21 08:30:00,0.00334,0.00334,0.00333,0.00333,2523725.0
2026-03-21 08:45:00,0.00334,0.00335,0.00334,0.00335,8806265.0
2026-03-21 09:00:00,0.00334,0.00335,0.00334,0.00335,4262764.0
2026-03-21 09:15:00,0.00335,0.00335,0.00334,0.00335,1411801.0
2026-03-21 09:30:00,0.00334,0.00335,0.00333,0.00334,6330394.0
2026-03-21 09:45:00,0.00334,0.00334,0.00333,0.00334,378048.0
2026-03-21 10:00:00,0.00333,0.00334,0.00332,0.00332,6950783.0
2026-03-21 10:15:00,0.00332,0.00332,0.0033,0.00331,9550555.0
2026-03-21 10:30:00,0.00331,0.00331,0.00324,0.00326,85392358.0
2026-03-21 10:45:00,0.00326,0.00331,0.00325,0.00331,19817289.0
2026-03-21 11:00:00,0.0033,0.00331,0.00329,0.0033,2550745.0
2026-03-21 11:15:00,0.0033,0.00331,0.0033,0.00331,2853247.0
2026-03-21 11:30:00,0.0033,0.00331,0.00329,0.00331,5307887.0
2026-03-21 11:45:00,0.0033,0.00331,0.0033,0.0033,1008110.0
2026-03-21 12:00:00,0.0033,0.00331,0.0033,0.00331,1431858.0
2026-03-21 12:15:00,0.00331,0.00332,0.00331,0.00331,10185901.0
2026-03-21 12:30:00,0.00332,0.00332,0.00331,0.00332,3907246.0
2026-03-21 12:45:00,0.00332,0.00332,0.00331,0.00332,1360410.0
2026-03-21 13:00:00,0.00331,0.00332,0.00331,0.00332,318502.0
2026-03-21 13:15:00,0.00332,0.00332,0.00331,0.00331,1835007.0
2026-03-21 13:30:00,0.00331,0.00332,0.00331,0.00331,2468034.0
2026-03-21 13:45:00,0.00332,0.00332,0.00331,0.00332,2497182.0
2026-03-21 14:00:00,0.00331,0.00334,0.00331,0.00334,13899252.0
2026-03-21 14:15:00,0.00334,0.00334,0.00333,0.00334,892280.0
2026-03-21 14:30:00,0.00333,0.00334,0.00333,0.00333,4385509.0
2026-03-21 14:45:00,0.00334,0.00334,0.00331,0.00333,3577408.0
2026-03-21 15:00:00,0.00333,0.00333,0.00332,0.00333,1080013.0
2026-03-21 15:15:00,0.00332,0.00333,0.00332,0.00333,982935.0
2026-03-21 15:30:00,0.00334,0.00335,0.00334,0.00335,2200740.0
2026-03-21 15:45:00,0.00335,0.00335,0.00334,0.00334,255135.0
2026-03-21 16:00:00,0.00334,0.00335,0.00334,0.00335,3124696.0
2026-03-21 16:15:00,0.00335,0.00335,0.00333,0.00333,2913178.0
2026-03-21 16:30:00,0.00333,0.00334,0.00333,0.00334,1609190.0
2026-03-21 16:45:00,0.00334,0.00334,0.00332,0.00333,36778200.0
2026-03-21 17:00:00,0.00333,0.00333,0.00332,0.00332,2644244.0
2026-03-21 17:15:00,0.00332,0.00332,0.00331,0.00331,2611958.0
2026-03-21 17:30:00,0.00331,0.00332,0.00331,0.00332,729826.0
2026-03-21 17:45:00,0.00332,0.00332,0.00331,0.00332,179657.0
2026-03-21 18:00:00,0.00331,0.00332,0.00331,0.00332,173921.0
2026-03-21 18:15:00,0.00332,0.00333,0.00331,0.00332,2853669.0
2026-03-21 18:30:00,0.00331,0.00333,0.00331,0.00333,3869613.0
2026-03-21 18:45:00,0.00332,0.00332,0.00331,0.00332,958100.0
2026-03-21 19:00:00,0.00331,0.00332,0.00331,0.00331,1143076.0
2026-03-21 19:15:00,0.00332,0.00332,0.00331,0.00331,2978250.0
2026-03-21 19:30:00,0.00331,0.00332,0.00331,0.00332,90395.0
2026-03-21 19:45:00,0.00332,0.00332,0.00331,0.00332,1256855.0
2026-03-21 20:00:00,0.00332,0.00332,0.00331,0.00332,3170920.0
2026-03-21 20:15:00,0.00332,0.00334,0.00332,0.00334,11379344.0
2026-03-21 20:30:00,0.00333,0.00334,0.00333,0.00333,2432025.0
2026-03-21 20:45:00,0.00334,0.00334,0.00333,0.00333,191428.0
2026-03-21 21:00:00,0.00334,0.00335,0.00334,0.00334,2834140.0
2026-03-21 21:15:00,0.00333,0.00334,0.00333,0.00333,244974.0
2026-03-21 21:30:00,0.00334,0.00334,0.00333,0.00334,4077599.0
2026-03-21 21:45:00,0.00334,0.00334,0.00332,0.00332,1960362.0
2026-03-21 22:00:00,0.00332,0.00332,0.00331,0.00332,2873952.0
2026-03-21 22:15:00,0.00331,0.00332,0.00331,0.00331,329169.0
2026-03-21 22:30:00,0.00332,0.00332,0.00331,0.00331,7783892.0
2026-03-21 22:45:00,0.00331,0.00332,0.0033,0.0033,5068527.0
2026-03-21 23:00:00,0.00331,0.00331,0.0033,0.00331,5354786.0
2026-03-21 23:15:00,0.0033,0.00331,0.0033,0.00331,2269317.0
2026-03-21 23:30:00,0.0033,0.0033,0.00329,0.0033,1443284.0
2026-03-21 23:45:00,0.0033,0.0033,0.00317,0.0032,92368157.0
2026-03-22 00:00:00,0.0032,0.00321,0.00313,0.00318,69858541.0
2026-03-22 00:15:00,0.00318,0.00321,0.00318,0.00321,27904097.0
2026-03-22 00:30:00,0.00321,0.00323,0.00321,0.00321,13913533.0
2026-03-22 00:45:00,0.00321,0.00323,0.00319,0.00321,15166239.0
2026-03-22 01:00:00,0.00321,0.00323,0.0032,0.00321,17097424.0
2026-03-22 01:15:00,0.00321,0.00321,0.00319,0.0032,6798999.0
2026-03-22 01:30:00,0.0032,0.0032,0.00318,0.00319,9881506.0
2026-03-22 01:45:00,0.00319,0.0032,0.00319,0.0032,570846.0
2026-03-22 02:00:00,0.0032,0.00321,0.0032,0.0032,8599733.0
2026-03-22 02:15:00,0.0032,0.00322,0.00319,0.00322,3904717.0
2026-03-22 02:30:00,0.00322,0.00322,0.0032,0.00321,6271399.0
2026-03-22 02:45:00,0.00321,0.00322,0.0032,0.00321,3386851.0
2026-03-22 03:00:00,0.00321,0.00321,0.00319,0.0032,3108435.0
2026-03-22 03:15:00,0.00321,0.00322,0.0032,0.00322,2596348.0
2026-03-22 03:30:00,0.00322,0.00323,0.00321,0.00321,12506906.0
2026-03-22 03:45:00,0.0032,0.00321,0.0032,0.0032,483901.0
2026-03-22 04:00:00,0.0032,0.00321,0.0032,0.00321,4789240.0
2026-03-22 04:15:00,0.00321,0.00322,0.0032,0.00321,9102423.0
2026-03-22 04:30:00,0.00321,0.00322,0.0032,0.00322,700186.0
2026-03-22 04:45:00,0.00322,0.00322,0.00321,0.00322,523668.0
2026-03-22 05:00:00,0.00322,0.00322,0.0032,0.00322,820887.0
2026-03-22 05:15:00,0.00321,0.00322,0.0032,0.00321,9653193.0
2026-03-22 05:30:00,0.00321,0.00321,0.00321,0.00321,657801.0
2026-03-22 05:45:00,0.00321,0.00322,0.0032,0.00322,4536666.0
2026-03-22 06:00:00,0.00321,0.00321,0.0032,0.0032,4916765.0
2026-03-22 06:15:00,0.0032,0.00321,0.0032,0.00321,1566649.0
2026-03-22 06:30:00,0.0032,0.00321,0.0032,0.00321,2708851.0
2026-03-22 06:45:00,0.0032,0.00321,0.00319,0.00321,2994444.0
2026-03-22 07:00:00,0.00321,0.00321,0.0032,0.00321,1739999.0
2026-03-22 07:15:00,0.0032,0.00321,0.0032,0.00321,784298.0
2026-03-22 07:30:00,0.0032,0.00321,0.00318,0.00318,15089078.0
2026-03-22 07:45:00,0.00319,0.00319,0.00316,0.00316,10537458.0
2026-03-22 08:00:00,0.00316,0.00317,0.00314,0.00315,27379702.0
2026-03-22 08:15:00,0.00315,0.00315,0.0031,0.00312,78050738.0
2026-03-22 08:30:00,0.00311,0.00314,0.00311,0.00314,10365209.0
2026-03-22 08:45:00,0.00313,0.00314,0.00312,0.00313,21159320.0
2026-03-22 09:00:00,0.00314,0.00314,0.00312,0.00312,19449342.0
2026-03-22 09:15:00,0.00313,0.00313,0.00311,0.00312,26733919.0
2026-03-22 09:30:00,0.00312,0.00313,0.00311,0.00312,10008767.0
2026-03-22 09:45:00,0.00312,0.00312,0.00311,0.00312,2326438.0
2026-03-22 10:00:00,0.00311,0.00311,0.00308,0.0031,53230001.0
2026-03-22 10:15:00,0.0031,0.0031,0.00308,0.0031,9856724.0
2026-03-22 10:30:00,0.0031,0.0031,0.00308,0.0031,11379839.0
2026-03-22 10:45:00,0.00309,0.0031,0.00309,0.0031,1508905.0
2026-03-22 11:00:00,0.0031,0.00311,0.00309,0.0031,6566298.0
2026-03-22 11:15:00,0.0031,0.00311,0.00309,0.0031,7030100.0
2026-03-22 11:30:00,0.0031,0.0031,0.00309,0.0031,15108309.0
2026-03-22 11:45:00,0.00309,0.0031,0.00309,0.0031,3084425.0
2026-03-22 12:00:00,0.0031,0.0031,0.00309,0.00309,2663894.0
2026-03-22 12:15:00,0.0031,0.00313,0.00309,0.00312,17746164.0
2026-03-22 12:30:00,0.00312,0.00312,0.00311,0.00311,10908905.0
2026-03-22 12:45:00,0.00311,0.00311,0.00309,0.00311,4259399.0
2026-03-22 13:00:00,0.00311,0.00312,0.00311,0.00312,15495828.0
2026-03-22 13:15:00,0.00312,0.00312,0.00311,0.00312,4881653.0
2026-03-22 13:30:00,0.00312,0.00312,0.0031,0.00311,6220978.0
2026-03-22 13:45:00,0.00311,0.00312,0.0031,0.00311,8806664.0
2026-03-22 14:00:00,0.00311,0.00312,0.0031,0.00311,5737813.0
2026-03-22 14:15:00,0.00311,0.00311,0.0031,0.00311,7267535.0
2026-03-22 14:30:00,0.00311,0.00311,0.0031,0.00311,1149697.0
2026-03-22 14:45:00,0.0031,0.00311,0.00308,0.00309,17047695.0
2026-03-22 15:00:00,0.00309,0.00311,0.00308,0.00311,1740802.0
2026-03-22 15:15:00,0.00311,0.00311,0.0031,0.00311,2226220.0
2026-03-22 15:30:00,0.00311,0.00311,0.00309,0.0031,12438800.0
2026-03-22 15:45:00,0.0031,0.00311,0.00309,0.00311,7026801.0
2026-03-22 16:00:00,0.0031,0.0031,0.00309,0.0031,2804235.0
2026-03-22 16:15:00,0.0031,0.0031,0.00309,0.0031,10262291.0
2026-03-22 16:30:00,0.00309,0.0031,0.00308,0.0031,4491131.0
2026-03-22 16:45:00,0.00309,0.0031,0.00309,0.00309,1102853.0
2026-03-22 17:00:00,0.00309,0.0031,0.00308,0.00309,8359620.0
2026-03-22 17:15:00,0.00309,0.00309,0.00307,0.00308,11212377.0
2026-03-22 17:30:00,0.00308,0.00309,0.00306,0.00308,17473149.0
2026-03-22 17:45:00,0.00308,0.00308,0.00307,0.00308,9462307.0
2026-03-22 18:00:00,0.00307,0.00308,0.00305,0.00308,25716825.0
2026-03-22 18:15:00,0.00308,0.00308,0.00306,0.00307,6401801.0
2026-03-22 18:30:00,0.00306,0.00307,0.00303,0.00304,31122451.0
2026-03-22 18:45:00,0.00304,0.00306,0.00304,0.00306,15418630.0
2026-03-22 19:00:00,0.00305,0.00306,0.00304,0.00305,7763336.0
2026-03-22 19:15:00,0.00305,0.00305,0.00303,0.00304,4516853.0
2026-03-22 19:30:00,0.00303,0.00305,0.00302,0.00305,5191764.0
2026-03-22 19:45:00,0.00305,0.00306,0.00304,0.00305,6788979.0
2026-03-22 20:00:00,0.00305,0.00306,0.00305,0.00306,4867338.0
2026-03-22 20:15:00,0.00306,0.00306,0.00304,0.00305,2842147.0
2026-03-22 20:30:00,0.00306,0.00306,0.00304,0.00305,14772433.0
2026-03-22 20:45:00,0.00304,0.00305,0.00303,0.00304,2409076.0
2026-03-22 21:00:00,0.00304,0.00305,0.00301,0.00302,21475091.0
2026-03-22 21:15:00,0.00302,0.00303,0.00298,0.00303,31768126.0
2026-03-22 21:30:00,0.00303,0.00305,0.00301,0.00304,21866857.0
2026-03-22 21:45:00,0.00304,0.00305,0.00303,0.00304,11500062.0
2026-03-22 22:00:00,0.00304,0.00305,0.00302,0.00303,15502162.0
2026-03-22 22:15:00,0.00303,0.00307,0.00303,0.00307,3704333.0
2026-03-22 22:30:00,0.00306,0.00307,0.00305,0.00306,16758780.0
2026-03-22 22:45:00,0.00306,0.00308,0.00306,0.00308,6943409.0
2026-03-22 23:00:00,0.00307,0.00308,0.00307,0.00308,5444337.0
2026-03-22 23:15:00,0.00308,0.00309,0.00306,0.00306,2294074.0
2026-03-22 23:30:00,0.00307,0.00307,0.00306,0.00307,686944.0
2026-03-22 23:45:00,0.00306,0.00306,0.00304,0.00305,6763971.0
2026-03-23 00:00:00,0.00306,0.00307,0.00305,0.00306,5325678.0
2026-03-23 00:15:00,0.00307,0.00307,0.00305,0.00306,5761385.0
2026-03-23 00:30:00,0.00305,0.00307,0.00304,0.00306,6055605.0
2026-03-23 00:45:00,0.00306,0.00307,0.00306,0.00307,6535282.0
2026-03-23 01:00:00,0.00306,0.00308,0.00306,0.00307,4722535.0
2026-03-23 01:15:00,0.00307,0.00308,0.00306,0.00308,4330298.0
2026-03-23 01:30:00,0.00307,0.00308,0.00306,0.00308,6002589.0
2026-03-23 01:45:00,0.00308,0.00308,0.00306,0.00307,3450474.0
2026-03-23 02:00:00,0.00306,0.00308,0.00306,0.00307,1889915.0
2026-03-23 02:15:00,0.00307,0.0031,0.00307,0.00309,2567798.0
2026-03-23 02:30:00,0.00309,0.00309,0.00307,0.00308,2494848.0
2026-03-23 02:45:00,0.00308,0.00308,0.00307,0.00308,521416.0
2026-03-23 03:00:00,0.00308,0.00309,0.00308,0.00308,2817956.0
2026-03-23 03:15:00,0.00308,0.00309,0.00307,0.00307,6796440.0
2026-03-23 03:30:00,0.00308,0.00308,0.00307,0.00307,1637969.0
2026-03-23 03:45:00,0.00307,0.00308,0.00307,0.00307,1007009.0
2026-03-23 04:00:00,0.00307,0.00309,0.00307,0.00307,2099408.0
2026-03-23 04:15:00,0.00308,0.0031,0.00308,0.00308,1814176.0
2026-03-23 04:30:00,0.00309,0.00309,0.00308,0.00308,2643483.0
2026-03-23 04:45:00,0.00309,0.00309,0.00308,0.00309,3556936.0
2026-03-23 05:00:00,0.00309,0.0031,0.00309,0.00309,1290706.0
2026-03-23 05:15:00,0.00309,0.0031,0.00308,0.00308,6400374.0
2026-03-23 05:30:00,0.00308,0.00309,0.00307,0.00307,4039160.0
2026-03-23 05:45:00,0.00307,0.00309,0.00307,0.00308,5694223.0
2026-03-23 06:00:00,0.00308,0.00309,0.00306,0.00307,4328651.0
2026-03-23 06:15:00,0.00307,0.00307,0.00306,0.00306,2389694.0
2026-03-23 06:30:00,0.00306,0.00307,0.00303,0.00304,11293953.0
2026-03-23 06:45:00,0.00303,0.00304,0.00302,0.00304,4910392.0
2026-03-23 07:00:00,0.00303,0.00304,0.00302,0.00302,12378732.0
2026-03-23 07:15:00,0.00303,0.00303,0.003,0.00301,18897979.0
2026-03-23 07:30:00,0.00301,0.00303,0.003,0.00302,10008988.0
2026-03-23 07:45:00,0.00302,0.00303,0.00301,0.00301,2460223.0
2026-03-23 08:00:00,0.00301,0.00302,0.00301,0.00302,3189035.0
2026-03-23 08:15:00,0.00301,0.00302,0.00301,0.00301,3098444.0
2026-03-23 08:30:00,0.00302,0.00302,0.00301,0.00301,5132501.0
2026-03-23 08:45:00,0.00302,0.00302,0.00299,0.003,9385397.0
2026-03-23 09:00:00,0.003,0.00301,0.00299,0.003,5870268.0
2026-03-23 09:15:00,0.00301,0.00303,0.003,0.00303,17262750.0
2026-03-23 09:30:00,0.00303,0.00304,0.00302,0.00303,12717623.0
2026-03-23 09:45:00,0.00303,0.00306,0.00303,0.00305,6002960.0
2026-03-23 10:00:00,0.00305,0.00307,0.00305,0.00306,14134616.0
2026-03-23 10:15:00,0.00306,0.00307,0.00305,0.00305,10007647.0
2026-03-23 10:30:00,0.00305,0.00306,0.00305,0.00305,980365.0
2026-03-23 10:45:00,0.00305,0.00306,0.00305,0.00305,3702157.0
2026-03-23 11:00:00,0.00305,0.00321,0.00305,0.00317,135790258.0
2026-03-23 11:15:00,0.00318,0.0032,0.00314,0.00317,48175332.0
2026-03-23 11:30:00,0.00318,0.00321,0.00316,0.00317,14177784.0
2026-03-23 11:45:00,0.00316,0.00317,0.00313,0.00315,19960150.0
2026-03-23 12:00:00,0.00315,0.00316,0.00313,0.00314,15300531.0
2026-03-23 12:15:00,0.00314,0.00316,0.00314,0.00315,7262798.0
2026-03-23 12:30:00,0.00315,0.00316,0.00314,0.00316,13087410.0
2026-03-23 12:45:00,0.00315,0.00317,0.00314,0.00315,5619136.0
2026-03-23 13:00:00,0.00316,0.00316,0.00314,0.00314,3153511.0
2026-03-23 13:15:00,0.00315,0.00316,0.00315,0.00316,654366.0
2026-03-23 13:30:00,0.00316,0.00319,0.00315,0.00318,6557498.0
2026-03-23 13:45:00,0.00317,0.00321,0.00317,0.0032,5697692.0
2026-03-23 14:00:00,0.00321,0.00322,0.00319,0.0032,5494785.0
2026-03-23 14:15:00,0.0032,0.00321,0.00319,0.0032,1794945.0
2026-03-23 14:30:00,0.0032,0.0032,0.00318,0.00319,4626539.0
2026-03-23 14:45:00,0.00319,0.0032,0.00319,0.0032,3748278.0
2026-03-23 15:00:00,0.00321,0.00322,0.0032,0.0032,5013861.0
2026-03-23 15:15:00,0.0032,0.00321,0.00319,0.00319,8044655.0
2026-03-23 15:30:00,0.0032,0.0032,0.00316,0.00316,4053206.0
2026-03-23 15:45:00,0.00317,0.00318,0.00313,0.00313,10251043.0
2026-03-23 16:00:00,0.00313,0.00315,0.00313,0.00314,4908775.0
2026-03-23 16:15:00,0.00314,0.00315,0.00311,0.00311,12177792.0
2026-03-23 16:30:00,0.00312,0.00313,0.0031,0.00311,26859058.0
2026-03-23 16:45:00,0.00312,0.00313,0.00312,0.00313,18840014.0
2026-03-23 17:00:00,0.00312,0.00314,0.00312,0.00313,22437837.0
2026-03-23 17:15:00,0.00312,0.00313,0.0031,0.0031,26128422.0
2026-03-23 17:30:00,0.0031,0.00314,0.0031,0.00314,13948028.0
2026-03-23 17:45:00,0.00314,0.00314,0.00313,0.00314,2221535.0
2026-03-23 18:00:00,0.00315,0.00315,0.00313,0.00314,8479447.0
2026-03-23 18:15:00,0.00314,0.00315,0.00314,0.00315,1012464.0
2026-03-23 18:30:00,0.00314,0.00317,0.00314,0.00316,4367776.0
2026-03-23 18:45:00,0.00316,0.00319,0.00316,0.00319,2703985.0
2026-03-23 19:00:00,0.00318,0.0032,0.00317,0.00318,14251742.0
2026-03-23 19:15:00,0.00318,0.00318,0.00316,0.00316,6709717.0
2026-03-23 19:30:00,0.00317,0.00317,0.00315,0.00315,5382690.0
2026-03-23 19:45:00,0.00315,0.00315,0.00314,0.00314,907895.0
2026-03-23 20:00:00,0.00314,0.00315,0.00313,0.00314,8592474.0
2026-03-23 20:15:00,0.00315,0.00315,0.00314,0.00315,6025522.0
2026-03-23 20:30:00,0.00315,0.00319,0.00315,0.00318,5147337.0
2026-03-23 20:45:00,0.00318,0.00319,0.00317,0.00318,5166907.0
2026-03-23 21:00:00,0.00319,0.00319,0.00317,0.00317,245967.0
2026-03-23 21:15:00,0.00318,0.00319,0.00317,0.00318,5218398.0
2026-03-23 21:30:00,0.00319,0.0032,0.00318,0.00319,3957155.0
2026-03-23 21:45:00,0.00319,0.0032,0.00318,0.00319,2563310.0
2026-03-23 22:00:00,0.00319,0.00319,0.00317,0.00318,5934744.0
2026-03-23 22:15:00,0.00318,0.00319,0.00317,0.00318,4538532.0
2026-03-23 22:30:00,0.00318,0.00319,0.00317,0.00318,4671623.0
2026-03-23 22:45:00,0.00318,0.00318,0.00318,0.00318,3050156.0
2026-03-23 23:00:00,0.00318,0.00318,0.00317,0.00317,929224.0
2026-03-23 23:15:00,0.00317,0.00318,0.00317,0.00318,3072831.0
2026-03-23 23:30:00,0.00318,0.00319,0.00318,0.00319,4776590.0
2026-03-23 23:45:00,0.00319,0.0032,0.00318,0.0032,8918213.0
2026-03-24 00:00:00,0.00321,0.00323,0.0032,0.00321,15675387.0
2026-03-24 00:15:00,0.00321,0.00321,0.0032,0.00321,8599198.0
2026-03-24 00:30:00,0.00321,0.00321,0.00317,0.0032,8566941.0
2026-03-24 00:45:00,0.0032,0.00323,0.0032,0.00321,11255464.0
2026-03-24 01:00:00,0.0032,0.00321,0.00318,0.00318,4028823.0
2026-03-24 01:15:00,0.00318,0.00319,0.00318,0.00319,5020435.0
2026-03-24 01:30:00,0.00319,0.00319,0.00317,0.00317,8763429.0
2026-03-24 01:45:00,0.00317,0.00318,0.00317,0.00318,8533649.0
2026-03-24 02:00:00,0.00319,0.00321,0.00318,0.0032,10168136.0
2026-03-24 02:15:00,0.00319,0.0032,0.00319,0.0032,3640005.0
2026-03-24 02:30:00,0.0032,0.00323,0.0032,0.00322,12089944.0
2026-03-24 02:45:00,0.00322,0.00324,0.0032,0.0032,14103903.0
2026-03-24 03:00:00,0.0032,0.00322,0.0032,0.00321,1004610.0
2026-03-24 03:15:00,0.00321,0.00323,0.00321,0.00322,3395150.0
2026-03-24 03:30:00,0.00323,0.00324,0.00322,0.00324,8227241.0
2026-03-24 03:45:00,0.00324,0.00325,0.00323,0.00325,20391377.0
2026-03-24 04:00:00,0.00325,0.00325,0.00323,0.00323,20003428.0
2026-03-24 04:15:00,0.00323,0.00324,0.00323,0.00323,4310322.0
2026-03-24 04:30:00,0.00323,0.00324,0.00323,0.00323,9419216.0
2026-03-24 04:45:00,0.00324,0.00324,0.00322,0.00322,16094210.0
2026-03-24 05:00:00,0.00322,0.00323,0.00321,0.00321,1145693.0
2026-03-24 05:15:00,0.00321,0.00322,0.00321,0.00322,3805927.0
2026-03-24 05:30:00,0.00322,0.00323,0.00321,0.00323,1798802.0
2026-03-24 05:45:00,0.00322,0.00322,0.00321,0.00321,456945.0
2026-03-24 06:00:00,0.00321,0.00322,0.00321,0.00322,8527294.0
2026-03-24 06:15:00,0.00323,0.00323,0.00321,0.00321,4933385.0
2026-03-24 06:30:00,0.00321,0.00323,0.00321,0.00322,2656171.0
2026-03-24 06:45:00,0.00321,0.00322,0.0032,0.00322,3418926.0
2026-03-24 07:00:00,0.00321,0.00323,0.0032,0.00323,11370588.0
2026-03-24 07:15:00,0.00322,0.00322,0.00321,0.00321,2576583.0
2026-03-24 07:30:00,0.00322,0.00323,0.00321,0.00321,2190338.0
2026-03-24 07:45:00,0.00321,0.00325,0.00321,0.00324,4810027.0
2026-03-24 08:00:00,0.00324,0.00326,0.00324,0.00324,10427689.0
2026-03-24 08:15:00,0.00324,0.00324,0.00323,0.00323,3234250.0
2026-03-24 08:30:00,0.00323,0.00326,0.00323,0.00324,4155782.0
2026-03-24 08:45:00,0.00325,0.00326,0.00324,0.00326,14725776.0
2026-03-24 09:00:00,0.00325,0.00327,0.00324,0.00324,18632511.0
2026-03-24 09:15:00,0.00325,0.00326,0.00324,0.00325,12257813.0
2026-03-24 09:30:00,0.00325,0.00327,0.00325,0.00326,13292694.0
2026-03-24 09:45:00,0.00326,0.00327,0.00325,0.00325,1849838.0
2026-03-24 10:00:00,0.00325,0.00325,0.00321,0.00321,10436230.0
2026-03-24 10:15:00,0.00321,0.00323,0.0032,0.0032,11524133.0
2026-03-24 10:30:00,0.0032,0.00321,0.00318,0.00321,16993134.0
2026-03-24 10:45:00,0.00321,0.00321,0.0032,0.00321,4092497.0
2026-03-24 11:00:00,0.00321,0.00321,0.00319,0.0032,21468887.0
2026-03-24 11:15:00,0.0032,0.00321,0.00318,0.0032,11308964.0
2026-03-24 11:30:00,0.0032,0.00322,0.00319,0.00321,8441059.0
2026-03-24 11:45:00,0.00321,0.00321,0.00319,0.0032,5881499.0
2026-03-24 12:00:00,0.00321,0.00321,0.0032,0.0032,598027.0
2026-03-24 12:15:00,0.0032,0.00321,0.0032,0.00321,56135.0
2026-03-24 12:30:00,0.00321,0.00322,0.00319,0.00321,4387499.0
2026-03-24 12:45:00,0.00321,0.00322,0.0032,0.00322,4114363.0
2026-03-24 13:00:00,0.00321,0.00322,0.00319,0.00321,10993733.0
2026-03-24 13:15:00,0.00321,0.00321,0.0032,0.0032,5146734.0
2026-03-24 13:30:00,0.00321,0.00321,0.00318,0.00318,16087279.0
2026-03-24 13:45:00,0.00319,0.00319,0.00317,0.00317,12823288.0
2026-03-24 14:00:00,0.00317,0.00319,0.00316,0.00316,7918644.0
2026-03-24 14:15:00,0.00317,0.00317,0.00315,0.00317,10472635.0
2026-03-24 14:30:00,0.00317,0.00318,0.00316,0.00317,9533355.0
2026-03-24 14:45:00,0.00317,0.0032,0.00316,0.00319,20254036.0
2026-03-24 15:00:00,0.00319,0.0032,0.00319,0.00319,4676141.0
2026-03-24 15:15:00,0.00319,0.0032,0.00318,0.00319,4083128.0
2026-03-24 15:30:00,0.00319,0.0032,0.00318,0.0032,3052592.0
2026-03-24 15:45:00,0.00319,0.0032,0.00319,0.00319,1409369.0
2026-03-24 16:00:00,0.00318,0.0032,0.00317,0.00319,5396533.0
2026-03-24 16:15:00,0.0032,0.00321,0.00318,0.00318,3947498.0
2026-03-24 16:30:00,0.00318,0.00318,0.00317,0.00318,5432513.0
2026-03-24 16:45:00,0.00318,0.00319,0.00317,0.00318,5976080.0
2026-03-24 17:00:00,0.00318,0.00318,0.00317,0.00318,9974645.0
2026-03-24 17:15:00,0.00318,0.00318,0.00317,0.00318,837780.0
2026-03-24 17:30:00,0.00317,0.00317,0.00314,0.00315,7680081.0
2026-03-24 17:45:00,0.00315,0.00316,0.00314,0.00316,3774763.0
2026-03-24 18:00:00,0.00316,0.00316,0.00314,0.00315,2907688.0
2026-03-24 18:15:00,0.00316,0.00317,0.00315,0.00316,4140361.0
2026-03-24 18:30:00,0.00317,0.00319,0.00317,0.00319,5555363.0
2026-03-24 18:45:00,0.00318,0.00319,0.00317,0.00318,5160104.0
2026-03-24 19:00:00,0.00318,0.00319,0.00317,0.00318,2255890.0
2026-03-24 19:15:00,0.00318,0.00319,0.00318,0.00319,562104.0
2026-03-24 19:30:00,0.00318,0.00319,0.00318,0.00319,3541749.0
2026-03-24 19:45:00,0.00318,0.00319,0.00318,0.00319,2746861.0
2026-03-24 20:00:00,0.00319,0.0032,0.00318,0.00319,1807704.0
2026-03-24 20:15:00,0.0032,0.00327,0.00319,0.00324,28957462.0
2026-03-24 20:30:00,0.00324,0.00325,0.00323,0.00323,10730968.0
2026-03-24 20:45:00,0.00324,0.00324,0.00323,0.00324,3419997.0
2026-03-24 21:00:00,0.00325,0.00325,0.00322,0.00322,2832868.0
2026-03-24 21:15:00,0.00323,0.00323,0.00322,0.00323,3837689.0
2026-03-24 21:30:00,0.00322,0.00324,0.00322,0.00323,4876262.0
2026-03-24 21:45:00,0.00323,0.00325,0.00323,0.00325,4270363.0
2026-03-24 22:00:00,0.00325,0.00325,0.00323,0.00324,3805490.0
2026-03-24 22:15:00,0.00323,0.00323,0.00321,0.00321,2887559.0
2026-03-24 22:30:00,0.00321,0.00322,0.0032,0.0032,1844364.0
2026-03-24 22:45:00,0.0032,0.00321,0.0032,0.0032,100627.0
2026-03-24 23:00:00,0.0032,0.00321,0.0032,0.0032,2679866.0
2026-03-24 23:15:00,0.00321,0.00322,0.0032,0.00321,3761584.0
2026-03-24 23:30:00,0.00322,0.00322,0.0032,0.0032,4834402.0
2026-03-24 23:45:00,0.0032,0.00321,0.0032,0.0032,1142920.0
2026-03-25 00:00:00,0.0032,0.00321,0.0032,0.00321,660940.0
2026-03-25 00:15:00,0.0032,0.00321,0.0032,0.00321,1276106.0
2026-03-25 00:30:00,0.0032,0.00322,0.00319,0.00322,17974421.0
2026-03-25 00:45:00,0.00322,0.00323,0.0032,0.00321,8960083.0
2026-03-25 01:00:00,0.00321,0.00322,0.0032,0.00321,3045927.0
2026-03-25 01:15:00,0.00322,0.00322,0.00322,0.00322,314985.0
2026-03-25 01:30:00,0.00322,0.00323,0.00321,0.00323,1376827.0
2026-03-25 01:45:00,0.00322,0.00322,0.00321,0.00322,1846527.0
2026-03-25 02:00:00,0.00322,0.00322,0.00321,0.00321,2023122.0
2026-03-25 02:15:00,0.00322,0.00322,0.00321,0.00322,35272.0
2026-03-25 02:30:00,0.00322,0.00322,0.0032,0.00321,3382594.0
2026-03-25 02:45:00,0.00321,0.00321,0.0032,0.00321,4311800.0
2026-03-25 03:00:00,0.0032,0.00321,0.00316,0.00317,12753618.0
2026-03-25 03:15:00,0.00317,0.00319,0.00317,0.00319,5308281.0
2026-03-25 03:30:00,0.00319,0.0032,0.00319,0.00319,6053092.0
2026-03-25 03:45:00,0.00318,0.0032,0.00318,0.00319,7264972.0
2026-03-25 04:00:00,0.00318,0.00319,0.00318,0.00319,381203.0
2026-03-25 04:15:00,0.00318,0.00319,0.00317,0.00318,2912018.0
2026-03-25 04:30:00,0.00318,0.00318,0.00317,0.00317,2455946.0
2026-03-25 04:45:00,0.00317,0.00319,0.00317,0.00318,6088766.0
2026-03-25 05:00:00,0.00319,0.0032,0.00318,0.00318,6463585.0
2026-03-25 05:15:00,0.00318,0.00318,0.00316,0.00317,2182536.0
2026-03-25 05:30:00,0.00317,0.00318,0.00317,0.00317,2288952.0
2026-03-25 05:45:00,0.00318,0.00318,0.00316,0.00316,1413156.0
2026-03-25 06:00:00,0.00316,0.00317,0.00315,0.00315,3099549.0
2026-03-25 06:15:00,0.00316,0.00317,0.00316,0.00316,1469883.0
2026-03-25 06:30:00,0.00316,0.00317,0.00315,0.00317,6644029.0
2026-03-25 06:45:00,0.00317,0.00317,0.00315,0.00316,19393566.0
2026-03-25 07:00:00,0.00315,0.00316,0.00315,0.00316,1347703.0
2026-03-25 07:15:00,0.00316,0.00317,0.00315,0.00316,5586382.0
2026-03-25 07:30:00,0.00315,0.00317,0.00315,0.00315,4836396.0
2026-03-25 07:45:00,0.00315,0.00316,0.00313,0.00315,5873116.0
2026-03-25 08:00:00,0.00315,0.00315,0.00314,0.00314,2518336.0
2026-03-25 08:15:00,0.00315,0.00317,0.00315,0.00317,8381784.0
2026-03-25 08:30:00,0.00316,0.00319,0.00316,0.00317,7151503.0
2026-03-25 08:45:00,0.00317,0.00318,0.00316,0.00316,1355417.0
2026-03-25 09:00:00,0.00317,0.00317,0.00315,0.00317,5672832.0
2026-03-25 09:15:00,0.00317,0.00318,0.00316,0.00318,6250999.0
2026-03-25 09:30:00,0.00318,0.00318,0.00316,0.00318,4369410.0
2026-03-25 09:45:00,0.00318,0.00321,0.00317,0.00319,17241272.0
2026-03-25 10:00:00,0.0032,0.0032,0.00318,0.00319,1639307.0
2026-03-25 10:15:00,0.00318,0.00319,0.00318,0.00319,888351.0
2026-03-25 10:30:00,0.0032,0.00323,0.0032,0.00322,11247346.0
2026-03-25 10:45:00,0.00322,0.00322,0.0032,0.0032,1031845.0
2026-03-25 11:00:00,0.0032,0.00321,0.0032,0.00321,1952990.0
2026-03-25 11:15:00,0.00321,0.00321,0.0032,0.0032,1053518.0
2026-03-25 11:30:00,0.0032,0.00322,0.0032,0.00321,8181968.0
2026-03-25 11:45:00,0.00321,0.00322,0.0032,0.00321,5102827.0
2026-03-25 12:00:00,0.00321,0.00323,0.00321,0.00322,11820800.0
2026-03-25 12:15:00,0.00323,0.00323,0.00321,0.00322,10318285.0
2026-03-25 12:30:00,0.00322,0.00323,0.00321,0.00322,8291970.0
2026-03-25 12:45:00,0.00322,0.00326,0.00322,0.00324,13303628.0
2026-03-25 13:00:00,0.00325,0.00326,0.00323,0.00325,6297822.0
2026-03-25 13:15:00,0.00325,0.00325,0.00323,0.00324,226168.0
2026-03-25 13:30:00,0.00324,0.00324,0.00321,0.00321,15931705.0
2026-03-25 13:45:00,0.00322,0.00322,0.0032,0.0032,27834914.0
2026-03-25 14:00:00,0.00321,0.00322,0.00318,0.00322,28468493.0
2026-03-25 14:15:00,0.00322,0.00323,0.00322,0.00322,5094939.0
2026-03-25 14:30:00,0.00322,0.00323,0.00321,0.00321,3254963.0
2026-03-25 14:45:00,0.00321,0.00322,0.0032,0.00321,2711003.0
2026-03-25 15:00:00,0.0032,0.00322,0.0032,0.0032,4774302.0
2026-03-25 15:15:00,0.0032,0.00321,0.00319,0.0032,5547276.0
2026-03-25 15:30:00,0.00321,0.00321,0.00318,0.00319,2314215.0
2026-03-25 15:45:00,0.00319,0.0032,0.00319,0.00319,8868902.0
2026-03-25 16:00:00,0.00319,0.0032,0.00317,0.00318,8925080.0
2026-03-25 16:15:00,0.00318,0.00322,0.00318,0.00321,12021164.0
2026-03-25 16:30:00,0.00322,0.00322,0.00321,0.00322,5983450.0
2026-03-25 16:45:00,0.00322,0.00322,0.0032,0.0032,3310671.0
2026-03-25 17:00:00,0.0032,0.00322,0.0032,0.00321,1124116.0
2026-03-25 17:15:00,0.00322,0.00322,0.0032,0.00321,2238521.0
2026-03-25 17:30:00,0.00321,0.00321,0.0032,0.00321,2717489.0
2026-03-25 17:45:00,0.0032,0.00321,0.00319,0.00319,2273615.0
2026-03-25 18:00:00,0.0032,0.00321,0.00319,0.0032,3301327.0
2026-03-25 18:15:00,0.00321,0.00322,0.0032,0.00321,5794635.0
2026-03-25 18:30:00,0.00321,0.00322,0.00319,0.0032,5768867.0
2026-03-25 18:45:00,0.0032,0.00321,0.00318,0.00319,11575907.0
2026-03-25 19:00:00,0.0032,0.0032,0.00318,0.00319,5344034.0
2026-03-25 19:15:00,0.00319,0.00319,0.00317,0.00317,2828851.0
2026-03-25 19:30:00,0.00318,0.00318,0.00316,0.00317,10897318.0
2026-03-25 19:45:00,0.00317,0.00318,0.00316,0.00317,5684868.0
2026-03-25 20:00:00,0.00317,0.00317,0.00315,0.00315,4888251.0
2026-03-25 20:15:00,0.00316,0.00317,0.00314,0.00314,9330066.0
2026-03-25 20:30:00,0.00314,0.00316,0.00314,0.00316,17187223.0
2026-03-25 20:45:00,0.00316,0.00316,0.00315,0.00315,2325695.0
2026-03-25 21:00:00,0.00315,0.00316,0.00314,0.00315,2645640.0
2026-03-25 21:15:00,0.00316,0.00316,0.00314,0.00315,8602188.0
2026-03-25 21:30:00,0.00314,0.00316,0.00314,0.00315,6306668.0
2026-03-25 21:45:00,0.00314,0.00316,0.00314,0.00316,1707060.0
2026-03-25 22:00:00,0.00315,0.00317,0.00315,0.00316,9676998.0
2026-03-25 22:15:00,0.00316,0.00318,0.00316,0.00318,3992718.0
2026-03-25 22:30:00,0.00317,0.0032,0.00317,0.00319,24446908.0
2026-03-25 22:45:00,0.00318,0.00319,0.00317,0.00317,6288212.0
2026-03-25 23:00:00,0.00318,0.00318,0.00316,0.00317,1756666.0
2026-03-25 23:15:00,0.00317,0.00317,0.00316,0.00316,1834945.0
2026-03-25 23:30:00,0.00316,0.00316,0.00314,0.00314,4443720.0
2026-03-25 23:45:00,0.00314,0.00316,0.00314,0.00315,2328558.0
2026-03-26 00:00:00,0.00316,0.00316,0.00314,0.00315,1227226.0
2026-03-26 00:15:00,0.00315,0.00316,0.00314,0.00315,3117693.0
2026-03-26 00:30:00,0.00315,0.00315,0.00314,0.00314,1501877.0
2026-03-26 00:45:00,0.00315,0.00316,0.00314,0.00315,2549558.0
2026-03-26 01:00:00,0.00315,0.00315,0.00314,0.00314,5649477.0
2026-03-26 01:15:00,0.00314,0.00316,0.00314,0.00316,2925993.0
2026-03-26 01:30:00,0.00315,0.00316,0.00315,0.00315,1157400.0
2026-03-26 01:45:00,0.00315,0.00315,0.00314,0.00314,1080026.0
2026-03-26 02:00:00,0.00314,0.00314,0.00312,0.00312,9509259.0
2026-03-26 02:15:00,0.00312,0.00312,0.0031,0.00311,6743690.0
2026-03-26 02:30:00,0.0031,0.00311,0.00309,0.00311,12838329.0
2026-03-26 02:45:00,0.0031,0.00313,0.0031,0.00313,4666979.0
2026-03-26 03:00:00,0.00312,0.00313,0.0031,0.00312,2115653.0
2026-03-26 03:15:00,0.00311,0.00312,0.0031,0.0031,6574211.0
2026-03-26 03:30:00,0.0031,0.00311,0.0031,0.00311,5574618.0
2026-03-26 03:45:00,0.00311,0.00312,0.0031,0.00311,6808792.0
2026-03-26 04:00:00,0.00312,0.00312,0.00311,0.00311,5435004.0
2026-03-26 04:15:00,0.0031,0.00312,0.0031,0.00312,7234150.0
2026-03-26 04:30:00,0.00312,0.00312,0.00311,0.00311,2397959.0
2026-03-26 04:45:00,0.00311,0.00313,0.00311,0.00312,5952978.0
2026-03-26 05:00:00,0.00313,0.00313,0.0031,0.00311,9702877.0
2026-03-26 05:15:00,0.00311,0.00313,0.00311,0.00311,2721284.0
2026-03-26 05:30:00,0.00312,0.00312,0.0031,0.00311,10229331.0
2026-03-26 05:45:00,0.00311,0.00312,0.0031,0.0031,6807161.0
2026-03-26 06:00:00,0.0031,0.00311,0.00309,0.00311,9212729.0
2026-03-26 06:15:00,0.0031,0.00311,0.00307,0.00309,15102935.0
2026-03-26 06:30:00,0.0031,0.0031,0.00308,0.0031,10733107.0
2026-03-26 06:45:00,0.0031,0.00311,0.00309,0.0031,1577242.0
2026-03-26 07:00:00,0.0031,0.00311,0.00309,0.00309,4385947.0
2026-03-26 07:15:00,0.0031,0.0031,0.00309,0.00309,823074.0
2026-03-26 07:30:00,0.00309,0.0031,0.00309,0.0031,2647477.0
2026-03-26 07:45:00,0.0031,0.00311,0.00309,0.00311,635873.0
2026-03-26 08:00:00,0.0031,0.00311,0.00309,0.00311,6024144.0
2026-03-26 08:15:00,0.00311,0.00311,0.00308,0.0031,4248902.0
2026-03-26 08:30:00,0.00309,0.0031,0.00309,0.00309,2333314.0
2026-03-26 08:45:00,0.0031,0.0031,0.00308,0.0031,12771821.0
2026-03-26 09:00:00,0.00309,0.0031,0.00308,0.00309,4948071.0
2026-03-26 09:15:00,0.0031,0.0031,0.00309,0.00309,190845.0
2026-03-26 09:30:00,0.0031,0.0031,0.00305,0.00307,28035471.0
2026-03-26 09:45:00,0.00306,0.00307,0.00306,0.00306,1519969.0
2026-03-26 10:00:00,0.00306,0.00306,0.00303,0.00304,9765963.0
2026-03-26 10:15:00,0.00305,0.00306,0.00304,0.00306,4761851.0
2026-03-26 10:30:00,0.00305,0.00306,0.00305,0.00305,1251882.0
2026-03-26 10:45:00,0.00305,0.00305,0.00304,0.00304,3373894.0
2026-03-26 11:00:00,0.00304,0.00305,0.00304,0.00305,1910092.0
2026-03-26 11:15:00,0.00304,0.00305,0.00303,0.00304,9901363.0
2026-03-26 11:30:00,0.00304,0.00305,0.00303,0.00304,19936392.0
2026-03-26 11:45:00,0.00304,0.00305,0.00303,0.00304,5109608.0
2026-03-26 12:00:00,0.00303,0.00304,0.00303,0.00304,9379235.0
2026-03-26 12:15:00,0.00304,0.00305,0.00303,0.00305,3597053.0
2026-03-26 12:30:00,0.00304,0.00305,0.00303,0.00303,2403850.0
2026-03-26 12:45:00,0.00303,0.00304,0.00302,0.00304,2434382.0
2026-03-26 13:00:00,0.00304,0.00306,0.00304,0.00304,4531185.0
2026-03-26 13:15:00,0.00305,0.00306,0.00304,0.00304,16376392.0
2026-03-26 13:30:00,0.00304,0.00305,0.00303,0.00305,9215213.0
2026-03-26 13:45:00,0.00305,0.00307,0.00305,0.00306,17814783.0
2026-03-26 14:00:00,0.00306,0.00307,0.00305,0.00306,8945429.0
2026-03-26 14:15:00,0.00306,0.00307,0.00305,0.00306,919187.0
2026-03-26 14:30:00,0.00306,0.00308,0.00306,0.00307,4149421.0
2026-03-26 14:45:00,0.00306,0.00306,0.00304,0.00306,8178753.0
2026-03-26 15:00:00,0.00305,0.00306,0.00302,0.00302,10000080.0
2026-03-26 15:15:00,0.00302,0.00304,0.00302,0.00304,5595001.0
2026-03-26 15:30:00,0.00303,0.00303,0.00302,0.00303,3006863.0
2026-03-26 15:45:00,0.00302,0.00303,0.00302,0.00302,3773036.0
2026-03-26 16:00:00,0.00303,0.00303,0.00302,0.00303,2235157.0
2026-03-26 16:15:00,0.00303,0.00303,0.00301,0.00301,2762451.0
2026-03-26 16:30:00,0.00302,0.00302,0.003,0.00302,13427588.0
2026-03-26 16:45:00,0.00302,0.00302,0.00299,0.00301,22316499.0
2026-03-26 17:00:00,0.00301,0.00302,0.00301,0.00302,2852808.0
2026-03-26 17:15:00,0.00302,0.00302,0.00301,0.00302,2731834.0
2026-03-26 17:30:00,0.00302,0.00304,0.00302,0.00304,5673406.0
2026-03-26 17:45:00,0.00304,0.00304,0.00301,0.00302,6000250.0
2026-03-26 18:00:00,0.00302,0.00303,0.003,0.00302,11686322.0
2026-03-26 18:15:00,0.00302,0.00302,0.003,0.00301,9941414.0
2026-03-26 18:30:00,0.00301,0.00302,0.003,0.003,3778986.0
2026-03-26 18:45:00,0.003,0.00302,0.003,0.00302,2094795.0
2026-03-26 19:00:00,0.00302,0.00302,0.003,0.00301,1540605.0
2026-03-26 19:15:00,0.00301,0.00301,0.003,0.003,4476866.0
2026-03-26 19:30:00,0.00301,0.00302,0.003,0.00301,4346666.0
2026-03-26 19:45:00,0.00301,0.00302,0.003,0.00301,3706380.0
2026-03-26 20:00:00,0.00301,0.00307,0.00299,0.00305,61993853.0
2026-03-26 20:15:00,0.00305,0.00308,0.00305,0.00306,10912354.0
2026-03-26 20:30:00,0.00306,0.00307,0.00305,0.00306,2847506.0
2026-03-26 20:45:00,0.00306,0.00307,0.00304,0.00304,3848964.0
2026-03-26 21:00:00,0.00304,0.00305,0.00303,0.00304,1302933.0
2026-03-26 21:15:00,0.00305,0.00308,0.00305,0.00307,3957907.0
2026-03-26 21:30:00,0.00307,0.00307,0.00306,0.00307,151079.0
2026-03-26 21:45:00,0.00307,0.00307,0.00306,0.00306,2429951.0
2026-03-26 22:00:00,0.00306,0.00307,0.00306,0.00306,3072397.0
2026-03-26 22:15:00,0.00305,0.00306,0.00304,0.00304,3641163.0
2026-03-26 22:30:00,0.00305,0.00305,0.00304,0.00304,1871640.0
2026-03-26 22:45:00,0.00305,0.00306,0.00304,0.00304,3804047.0
2026-03-26 23:00:00,0.00305,0.00305,0.00304,0.00304,6026695.0
2026-03-26 23:15:00,0.00304,0.00304,0.00303,0.00303,18863869.0
2026-03-26 23:30:00,0.00303,0.00304,0.00303,0.00303,14359845.0
2026-03-26 23:45:00,0.00304,0.00304,0.00303,0.00303,5684834.0
2026-03-27 00:00:00,0.00304,0.00306,0.00304,0.00306,4570163.0
2026-03-27 00:15:00,0.00305,0.00306,0.00304,0.00304,1260867.0
2026-03-27 00:30:00,0.00304,0.00305,0.00304,0.00304,1603717.0
2026-03-27 00:45:00,0.00304,0.00306,0.00304,0.00305,7476489.0
2026-03-27 01:00:00,0.00305,0.00306,0.00304,0.00306,3652106.0
2026-03-27 01:15:00,0.00306,0.00306,0.00305,0.00305,756082.0
2026-03-27 01:30:00,0.00305,0.00306,0.00305,0.00305,1323349.0
2026-03-27 01:45:00,0.00306,0.00307,0.00305,0.00307,926671.0
2026-03-27 02:00:00,0.00307,0.00307,0.00306,0.00307,3364765.0
2026-03-27 02:15:00,0.00306,0.00307,0.00305,0.00307,16601438.0
2026-03-27 02:30:00,0.00307,0.00308,0.00306,0.00307,2812798.0
2026-03-27 02:45:00,0.00306,0.00308,0.00306,0.00307,1381068.0
2026-03-27 03:00:00,0.00306,0.00307,0.00306,0.00307,2953779.0
2026-03-27 03:15:00,0.00307,0.00307,0.00306,0.00306,648434.0
2026-03-27 03:30:00,0.00307,0.00307,0.00306,0.00307,521407.0
2026-03-27 03:45:00,0.00307,0.00307,0.00306,0.00306,526834.0
2026-03-27 04:00:00,0.00306,0.00306,0.00304,0.00305,5253144.0
2026-03-27 04:15:00,0.00304,0.00307,0.00304,0.00306,3897690.0
2026-03-27 04:30:00,0.00307,0.00307,0.00306,0.00307,83942.0
2026-03-27 04:45:00,0.00307,0.00308,0.00307,0.00307,1262217.0
2026-03-27 05:00:00,0.00307,0.00308,0.00306,0.00308,1225460.0
2026-03-27 05:15:00,0.00308,0.00308,0.00307,0.00307,3234530.0
2026-03-27 05:30:00,0.00307,0.00307,0.00306,0.00306,1640498.0
2026-03-27 05:45:00,0.00306,0.00307,0.00305,0.00306,3447960.0
2026-03-27 06:00:00,0.00307,0.00307,0.00305,0.00306,2171871.0
2026-03-27 06:15:00,0.00306,0.00306,0.00305,0.00306,3065611.0
2026-03-27 06:30:00,0.00306,0.00306,0.00305,0.00306,1437518.0
2026-03-27 06:45:00,0.00306,0.00307,0.00306,0.00307,2358397.0
2026-03-27 07:00:00,0.00307,0.00308,0.00306,0.00308,5696059.0
2026-03-27 07:15:00,0.00307,0.00308,0.00306,0.00306,5547676.0
2026-03-27 07:30:00,0.00306,0.00307,0.00306,0.00307,817599.0
2026-03-27 07:45:00,0.00307,0.00307,0.00306,0.00306,1501981.0
2026-03-27 08:00:00,0.00306,0.00307,0.00306,0.00306,3510512.0
2026-03-27 08:15:00,0.00306,0.00306,0.00305,0.00305,3846582.0
2026-03-27 08:30:00,0.00305,0.00305,0.00302,0.00303,14631268.0
2026-03-27 08:45:00,0.00302,0.00304,0.00302,0.00304,4634953.0
2026-03-27 09:00:00,0.00304,0.00304,0.003,0.00301,9284935.0
2026-03-27 09:15:00,0.003,0.00303,0.003,0.00303,5367072.0
2026-03-27 09:30:00,0.00303,0.00303,0.00301,0.00302,2055770.0
2026-03-27 09:45:00,0.00302,0.00303,0.00301,0.00301,5698094.0
2026-03-27 10:00:00,0.00301,0.00302,0.00301,0.00302,166644.0
2026-03-27 10:15:00,0.00301,0.00302,0.00301,0.00302,3422974.0
2026-03-27 10:30:00,0.00302,0.00302,0.00296,0.00297,26969152.0
2026-03-27 10:45:00,0.00298,0.00298,0.00294,0.00296,40730604.0
2026-03-27 11:00:00,0.00295,0.00297,0.00294,0.00296,13778838.0
2026-03-27 11:15:00,0.00297,0.00297,0.00296,0.00297,5367874.0
2026-03-27 11:30:00,0.00297,0.00297,0.00295,0.00297,16277793.0
2026-03-27 11:45:00,0.00297,0.00297,0.00295,0.00296,7801596.0
2026-03-27 12:00:00,0.00295,0.00296,0.00294,0.00295,7833840.0
2026-03-27 12:15:00,0.00294,0.00295,0.00293,0.00293,16980165.0
2026-03-27 12:30:00,0.00294,0.00294,0.00292,0.00293,5577571.0
2026-03-27 12:45:00,0.00294,0.00294,0.00291,0.00294,21478796.0
2026-03-27 13:00:00,0.00293,0.00295,0.00293,0.00294,4050849.0
2026-03-27 13:15:00,0.00294,0.00295,0.00293,0.00294,7258768.0
2026-03-27 13:30:00,0.00295,0.00295,0.00292,0.00295,14276651.0
2026-03-27 13:45:00,0.00295,0.00296,0.00292,0.00293,9801237.0
2026-03-27 14:00:00,0.00294,0.00296,0.00294,0.00296,3826062.0
2026-03-27 14:15:00,0.00295,0.00296,0.00292,0.00292,11700847.0
2026-03-27 14:30:00,0.00292,0.00295,0.00292,0.00294,4654257.0
2026-03-27 14:45:00,0.00294,0.00295,0.00293,0.00295,12285500.0
2026-03-27 15:00:00,0.00295,0.00296,0.00294,0.00294,4827853.0
2026-03-27 15:15:00,0.00295,0.00296,0.00293,0.00294,28886623.0
2026-03-27 15:30:00,0.00295,0.00298,0.00295,0.00297,10651347.0
2026-03-27 15:45:00,0.00296,0.00297,0.00293,0.00294,5113869.0
2026-03-27 16:00:00,0.00293,0.00294,0.00293,0.00293,5059904.0
2026-03-27 16:15:00,0.00293,0.00294,0.00293,0.00294,6069642.0
2026-03-27 16:30:00,0.00293,0.00295,0.00292,0.00295,7043783.0
2026-03-27 16:45:00,0.00295,0.00296,0.00294,0.00295,12107288.0
2026-03-27 17:00:00,0.00295,0.00297,0.00294,0.00296,4768425.0
2026-03-27 17:15:00,0.00296,0.00297,0.00294,0.00296,3201604.0
2026-03-27 17:30:00,0.00296,0.00297,0.00295,0.00295,2563133.0
2026-03-27 17:45:00,0.00295,0.00296,0.00295,0.00296,4936373.0
2026-03-27 18:00:00,0.00296,0.00296,0.00295,0.00295,3221495.0
2026-03-27 18:15:00,0.00295,0.00296,0.00294,0.00295,6400637.0
2026-03-27 18:30:00,0.00294,0.00295,0.00294,0.00295,6369155.0
2026-03-27 18:45:00,0.00295,0.00296,0.00295,0.00295,4272866.0
2026-03-27 19:00:00,0.00295,0.00296,0.00295,0.00295,2375131.0
2026-03-27 19:15:00,0.00294,0.00296,0.00294,0.00296,2934697.0
2026-03-27 19:30:00,0.00295,0.00297,0.00295,0.00297,6223676.0
2026-03-27 19:45:00,0.00297,0.00298,0.00296,0.00297,2880194.0
2026-03-27 20:00:00,0.00298,0.00298,0.00297,0.00298,4021186.0
2026-03-27 20:15:00,0.00297,0.00298,0.00295,0.00295,1686115.0
2026-03-27 20:30:00,0.00295,0.00297,0.00295,0.00297,2214145.0
2026-03-27 20:45:00,0.00297,0.00297,0.00296,0.00296,164519.0
2026-03-27 21:00:00,0.00297,0.00298,0.00296,0.00297,1836646.0
2026-03-27 21:15:00,0.00298,0.00298,0.00296,0.00297,697419.0
2026-03-27 21:30:00,0.00297,0.00298,0.00296,0.00298,1871398.0
2026-03-27 21:45:00,0.00297,0.00297,0.00296,0.00296,2108026.0
2026-03-27 22:00:00,0.00297,0.00297,0.00296,0.00296,2120499.0
2026-03-27 22:15:00,0.00297,0.00298,0.00296,0.00296,3238028.0
2026-03-27 22:30:00,0.00296,0.00297,0.00296,0.00297,545685.0
2026-03-27 22:45:00,0.00297,0.00297,0.00296,0.00296,553397.0
2026-03-27 23:00:00,0.00296,0.00296,0.00295,0.00295,1284006.0
2026-03-27 23:15:00,0.00294,0.00295,0.00294,0.00295,167371.0
2026-03-27 23:30:00,0.00295,0.00296,0.00294,0.00296,3167700.0
2026-03-27 23:45:00,0.00296,0.00296,0.00294,0.00295,1668280.0
2026-03-28 00:00:00,0.00294,0.00296,0.00294,0.00296,1525218.0
2026-03-28 00:15:00,0.00296,0.00296,0.00295,0.00295,1815430.0
2026-03-28 00:30:00,0.00296,0.00297,0.00296,0.00296,2775228.0
2026-03-28 00:45:00,0.00295,0.00296,0.00295,0.00296,2856390.0
2026-03-28 01:00:00,0.00295,0.00295,0.00293,0.00294,7124917.0
2026-03-28 01:15:00,0.00293,0.00293,0.00293,0.00293,1023005.0
2026-03-28 01:30:00,0.00293,0.00294,0.00292,0.00293,5057357.0
2026-03-28 01:45:00,0.00292,0.00294,0.00292,0.00294,5371563.0
2026-03-28 02:00:00,0.00294,0.00295,0.00293,0.00294,3905147.0
2026-03-28 02:15:00,0.00294,0.00294,0.00292,0.00292,916847.0
2026-03-28 02:30:00,0.00292,0.00293,0.00291,0.00293,2682792.0
2026-03-28 02:45:00,0.00292,0.00293,0.00291,0.00291,17049910.0
2026-03-28 03:00:00,0.00291,0.00292,0.00291,0.00292,299588.0
2026-03-28 03:15:00,0.00291,0.00292,0.00291,0.00292,1012054.0
2026-03-28 03:30:00,0.00291,0.00292,0.00291,0.00292,745979.0
2026-03-28 03:45:00,0.00291,0.00293,0.00291,0.00292,1689277.0
2026-03-28 04:00:00,0.00292,0.00293,0.00291,0.00293,2711472.0
2026-03-28 04:15:00,0.00293,0.00294,0.00292,0.00292,8942131.0
2026-03-28 04:30:00,0.00293,0.00293,0.00292,0.00293,276682.0
2026-03-28 04:45:00,0.00293,0.00293,0.00292,0.00292,11153649.0
2026-03-28 05:00:00,0.00292,0.00292,0.0029,0.00291,989634.0
2026-03-28 05:15:00,0.00291,0.00292,0.00291,0.00291,3275429.0
2026-03-28 05:30:00,0.00291,0.00292,0.00291,0.00292,111824.0
2026-03-28 05:45:00,0.00292,0.00292,0.00291,0.00292,998335.0
2026-03-28 06:00:00,0.00292,0.00292,0.00291,0.00291,4301492.0
2026-03-28 06:15:00,0.00291,0.00294,0.00291,0.00293,7987213.0
2026-03-28 06:30:00,0.00293,0.00293,0.00291,0.00291,7464244.0
2026-03-28 06:45:00,0.00291,0.00292,0.00291,0.00292,807823.0
2026-03-28 07:00:00,0.00291,0.00292,0.00291,0.00291,471479.0
2026-03-28 07:15:00,0.00291,0.00293,0.00291,0.00291,3759260.0
2026-03-28 07:30:00,0.00291,0.00293,0.00291,0.00291,6233520.0
2026-03-28 07:45:00,0.00292,0.00292,0.00291,0.00292,632123.0
2026-03-28 08:00:00,0.00292,0.00292,0.00291,0.00292,934682.0
2026-03-28 08:15:00,0.00291,0.00293,0.00291,0.00293,3094432.0
2026-03-28 08:30:00,0.00292,0.00293,0.00292,0.00292,942769.0
2026-03-28 08:45:00,0.00292,0.00293,0.00291,0.00292,4959462.0
2026-03-28 09:00:00,0.00292,0.00292,0.00291,0.00292,4539461.0
2026-03-28 09:15:00,0.00292,0.00292,0.0029,0.00291,3587692.0
2026-03-28 09:30:00,0.00291,0.00291,0.00289,0.0029,9862138.0
2026-03-28 09:45:00,0.00289,0.0029,0.00288,0.0029,39246229.0
2026-03-28 10:00:00,0.0029,0.00292,0.0029,0.00291,4575676.0
2026-03-28 10:15:00,0.00291,0.00291,0.00289,0.0029,22396443.0
2026-03-28 10:30:00,0.0029,0.0029,0.00289,0.0029,538813.0
2026-03-28 10:45:00,0.0029,0.0029,0.00289,0.0029,466578.0
2026-03-28 11:00:00,0.0029,0.0029,0.00289,0.0029,743509.0
2026-03-28 11:15:00,0.0029,0.0029,0.00289,0.0029,206402.0
2026-03-28 11:30:00,0.00289,0.00291,0.00289,0.00291,580892.0
2026-03-28 11:45:00,0.00291,0.00291,0.0029,0.00291,2267791.0
2026-03-28 12:00:00,0.00291,0.00291,0.0029,0.00291,2255878.0
2026-03-28 12:15:00,0.00291,0.00292,0.00291,0.00292,2511545.0
2026-03-28 12:30:00,0.00292,0.00292,0.0029,0.00291,4023641.0
2026-03-28 12:45:00,0.0029,0.00291,0.0029,0.00291,1257452.0
2026-03-28 13:00:00,0.00291,0.00292,0.0029,0.00292,4601466.0
2026-03-28 13:15:00,0.00291,0.00293,0.00291,0.00293,1364882.0
2026-03-28 13:30:00,0.00293,0.00298,0.00293,0.00297,17556016.0
2026-03-28 13:45:00,0.00297,0.00297,0.00295,0.00295,12403399.0
2026-03-28 14:00:00,0.00296,0.00296,0.00294,0.00295,1321821.0
2026-03-28 14:15:00,0.00295,0.00295,0.00293,0.00294,5617447.0
2026-03-28 14:30:00,0.00294,0.00295,0.00292,0.00294,7411447.0
2026-03-28 14:45:00,0.00293,0.00294,0.00293,0.00293,1257738.0
2026-03-28 15:00:00,0.00292,0.00293,0.00291,0.00293,3188199.0
2026-03-28 15:15:00,0.00293,0.00296,0.00293,0.00293,12868439.0
2026-03-28 15:30:00,0.00294,0.00295,0.00293,0.00293,7960007.0
2026-03-28 15:45:00,0.00294,0.00294,0.00293,0.00294,210361.0
2026-03-28 16:00:00,0.00294,0.00294,0.00293,0.00293,759677.0
2026-03-28 16:15:00,0.00293,0.00295,0.00293,0.00294,6621050.0
2026-03-28 16:30:00,0.00293,0.00294,0.00293,0.00293,5744994.0
2026-03-28 16:45:00,0.00294,0.00295,0.00293,0.00294,3255343.0
2026-03-28 17:00:00,0.00295,0.00295,0.00294,0.00295,422525.0
2026-03-28 17:15:00,0.00295,0.00295,0.00292,0.00293,4178674.0
2026-03-28 17:30:00,0.00292,0.00293,0.00292,0.00293,6657692.0
2026-03-28 17:45:00,0.00292,0.00293,0.00291,0.00293,2591832.0
2026-03-28 18:00:00,0.00292,0.00293,0.00292,0.00293,458674.0
2026-03-28 18:15:00,0.00293,0.00293,0.00292,0.00293,189926.0
2026-03-28 18:30:00,0.00293,0.00293,0.00292,0.00292,501281.0
2026-03-28 18:45:00,0.00293,0.00293,0.00292,0.00292,3082375.0
2026-03-28 19:00:00,0.00292,0.00292,0.0029,0.00291,4580537.0
2026-03-28 19:15:00,0.00291,0.00291,0.0029,0.0029,632818.0
2026-03-28 19:30:00,0.0029,0.00291,0.00289,0.00289,6209728.0
2026-03-28 19:45:00,0.00289,0.0029,0.00289,0.00289,253334.0
2026-03-28 20:00:00,0.00289,0.00292,0.00289,0.00292,6714768.0
2026-03-28 20:15:00,0.00292,0.00292,0.0029,0.00291,1995754.0
2026-03-28 20:30:00,0.0029,0.00291,0.0029,0.00291,1896729.0
2026-03-28 20:45:00,0.00291,0.00291,0.0029,0.00291,783945.0
2026-03-28 21:00:00,0.00291,0.00291,0.00289,0.00289,16230219.0
2026-03-28 21:15:00,0.00289,0.0029,0.00289,0.0029,135740.0
2026-03-28 21:30:00,0.0029,0.0029,0.00289,0.00289,496417.0
2026-03-28 21:45:00,0.0029,0.0029,0.00285,0.00287,21372861.0
2026-03-28 22:00:00,0.00286,0.00288,0.00286,0.00288,1452194.0
2026-03-28 22:15:00,0.00287,0.00289,0.00287,0.00289,2610854.0
2026-03-28 22:30:00,0.00289,0.00289,0.00287,0.00288,3820190.0
2026-03-28 22:45:00,0.00288,0.00288,0.00287,0.00288,4744396.0
2026-03-28 23:00:00,0.00287,0.00288,0.00282,0.00284,15375594.0
2026-03-28 23:15:00,0.00284,0.00285,0.00283,0.00285,2212235.0
2026-03-28 23:30:00,0.00285,0.00285,0.00284,0.00284,5538201.0
2026-03-28 23:45:00,0.00284,0.00284,0.00283,0.00283,2602397.0
2026-03-29 00:00:00,0.00283,0.00284,0.00282,0.00282,2141660.0
2026-03-29 00:15:00,0.00282,0.00283,0.00281,0.00282,9825581.0
2026-03-29 00:30:00,0.00282,0.00283,0.00282,0.00282,3967799.0
2026-03-29 00:45:00,0.00282,0.00283,0.00282,0.00283,1182274.0
2026-03-29 01:00:00,0.00284,0.00285,0.00283,0.00284,5646638.0
2026-03-29 01:15:00,0.00284,0.00285,0.00283,0.00285,4789601.0
2026-03-29 01:30:00,0.00284,0.00285,0.00284,0.00285,2886555.0
2026-03-29 01:45:00,0.00285,0.00285,0.00284,0.00285,442277.0
2026-03-29 02:00:00,0.00284,0.00285,0.00284,0.00285,737494.0
2026-03-29 02:15:00,0.00285,0.00285,0.00284,0.00284,110264.0
2026-03-29 02:30:00,0.00285,0.00286,0.00284,0.00286,996039.0
2026-03-29 02:45:00,0.00285,0.00285,0.00284,0.00285,1287629.0
2026-03-29 03:00:00,0.00285,0.00285,0.00284,0.00285,797203.0
2026-03-29 03:15:00,0.00285,0.00287,0.00285,0.00285,12720884.0
2026-03-29 03:30:00,0.00285,0.00286,0.00285,0.00285,3181845.0
2026-03-29 03:45:00,0.00284,0.00285,0.00284,0.00285,1277616.0
2026-03-29 04:00:00,0.00285,0.00285,0.00284,0.00284,132108.0
2026-03-29 04:15:00,0.00285,0.00285,0.00283,0.00284,2566560.0
2026-03-29 04:30:00,0.00283,0.00284,0.00283,0.00284,656350.0
2026-03-29 04:45:00,0.00283,0.00284,0.00283,0.00284,310673.0
2026-03-29 05:00:00,0.00284,0.00284,0.00282,0.00283,1721358.0
2026-03-29 05:15:00,0.00283,0.00283,0.00282,0.00283,600735.0
2026-03-29 05:30:00,0.00283,0.00283,0.00282,0.00283,722580.0
2026-03-29 05:45:00,0.00283,0.00284,0.00283,0.00284,824020.0
2026-03-29 06:00:00,0.00283,0.00284,0.00283,0.00284,502943.0
2026-03-29 06:15:00,0.00283,0.00285,0.00283,0.00284,6178859.0
2026-03-29 06:30:00,0.00284,0.00285,0.00283,0.00284,1055017.0
2026-03-29 06:45:00,0.00284,0.00285,0.00284,0.00285,1267220.0
2026-03-29 07:00:00,0.00285,0.00285,0.00284,0.00285,4469793.0
2026-03-29 07:15:00,0.00285,0.00285,0.00284,0.00285,4984598.0
2026-03-29 07:30:00,0.00285,0.00285,0.00283,0.00284,4613364.0
2026-03-29 07:45:00,0.00284,0.00284,0.00282,0.00282,2164258.0
2026-03-29 08:00:00,0.00282,0.00283,0.00282,0.00282,2583371.0
2026-03-29 08:15:00,0.00282,0.00283,0.00282,0.00283,205145.0
2026-03-29 08:30:00,0.00283,0.00283,0.00282,0.00283,3051948.0
2026-03-29 08:45:00,0.00283,0.00283,0.00282,0.00283,859478.0
2026-03-29 09:00:00,0.00283,0.00283,0.00282,0.00282,866105.0
2026-03-29 09:15:00,0.00282,0.00283,0.00282,0.00282,1698428.0
2026-03-29 09:30:00,0.00283,0.00284,0.00282,0.00282,3256790.0
2026-03-29 09:45:00,0.00283,0.00283,0.00282,0.00282,273207.0
2026-03-29 10:00:00,0.00282,0.00283,0.00281,0.00282,2148765.0
2026-03-29 10:15:00,0.00281,0.00282,0.0028,0.0028,3025961.0
2026-03-29 10:30:00,0.0028,0.00281,0.0028,0.0028,8509570.0
2026-03-29 10:45:00,0.00281,0.00282,0.00281,0.00281,1671337.0
2026-03-29 11:00:00,0.00282,0.00284,0.0028,0.00284,2982938.0
2026-03-29 11:15:00,0.00284,0.00284,0.00282,0.00283,1308180.0
2026-03-29 11:30:00,0.00283,0.00284,0.00282,0.00284,6755511.0
2026-03-29 11:45:00,0.00283,0.00284,0.00281,0.00281,3458877.0
2026-03-29 12:00:00,0.00281,0.00282,0.00281,0.00282,4409520.0
2026-03-29 12:15:00,0.00281,0.00282,0.0028,0.00282,4245102.0
2026-03-29 12:30:00,0.00281,0.00281,0.0028,0.00281,1020593.0
2026-03-29 12:45:00,0.0028,0.00281,0.00279,0.00281,11538654.0
2026-03-29 13:00:00,0.00281,0.00281,0.00278,0.0028,20346912.0
2026-03-29 13:15:00,0.0028,0.00281,0.00279,0.0028,5012502.0
2026-03-29 13:30:00,0.0028,0.00281,0.0028,0.00281,1445874.0
2026-03-29 13:45:00,0.0028,0.0028,0.00278,0.00279,6880556.0
2026-03-29 14:00:00,0.00279,0.0028,0.00278,0.0028,10097273.0
2026-03-29 14:15:00,0.00279,0.00279,0.00276,0.00277,10192297.0
2026-03-29 14:30:00,0.00277,0.00278,0.00276,0.00277,4841463.0
2026-03-29 14:45:00,0.00277,0.00278,0.00277,0.00278,6002765.0
2026-03-29 15:00:00,0.00278,0.00279,0.00277,0.00277,5788099.0
2026-03-29 15:15:00,0.00277,0.00279,0.00275,0.00276,19165213.0
2026-03-29 15:30:00,0.00277,0.00277,0.00276,0.00277,1592931.0
2026-03-29 15:45:00,0.00277,0.00278,0.00276,0.00277,5249948.0
2026-03-29 16:00:00,0.00277,0.00278,0.00276,0.00278,10105343.0
2026-03-29 16:15:00,0.00278,0.00281,0.00278,0.0028,16828364.0
2026-03-29 16:30:00,0.00279,0.0028,0.00278,0.00279,1278713.0
2026-03-29 16:45:00,0.00279,0.00279,0.00278,0.00278,341435.0
2026-03-29 17:00:00,0.00279,0.0028,0.00278,0.00279,2085428.0
2026-03-29 17:15:00,0.00278,0.00278,0.00276,0.00278,4072788.0
2026-03-29 17:30:00,0.00277,0.00279,0.00277,0.00279,3032947.0
2026-03-29 17:45:00,0.00278,0.00279,0.00278,0.00279,688163.0
2026-03-29 18:00:00,0.00279,0.00279,0.00277,0.00278,2727621.0
2026-03-29 18:15:00,0.00278,0.00279,0.00278,0.00278,1370186.0
2026-03-29 18:30:00,0.00277,0.00279,0.00277,0.00278,2509948.0
2026-03-29 18:45:00,0.00278,0.00279,0.00278,0.00278,3197554.0
2026-03-29 19:00:00,0.00278,0.00278,0.00277,0.00278,6117694.0
2026-03-29 19:15:00,0.00278,0.00278,0.00277,0.00277,294960.0
2026-03-29 19:30:00,0.00278,0.00278,0.00276,0.00276,3190218.0
2026-03-29 19:45:00,0.00276,0.00278,0.00276,0.00277,4678931.0
2026-03-29 20:00:00,0.00277,0.00278,0.00277,0.00277,4925512.0
2026-03-29 20:15:00,0.00277,0.0028,0.00277,0.0028,1362970.0
2026-03-29 20:30:00,0.0028,0.0028,0.00279,0.00279,4141923.0
2026-03-29 20:45:00,0.00279,0.00279,0.00278,0.00278,174244.0
2026-03-29 21:00:00,0.00279,0.0028,0.00278,0.00279,7643415.0
2026-03-29 21:15:00,0.00279,0.0028,0.00279,0.00279,4425227.0
2026-03-29 21:30:00,0.00279,0.00279,0.00278,0.00279,387565.0
2026-03-29 21:45:00,0.00279,0.00279,0.00278,0.00279,1665119.0
2026-03-29 22:00:00,0.00278,0.00278,0.00274,0.00276,6263998.0
2026-03-29 22:15:00,0.00276,0.00277,0.00275,0.00276,1766100.0
2026-03-29 22:30:00,0.00275,0.00276,0.00273,0.00273,4752897.0
2026-03-29 22:45:00,0.00273,0.00276,0.00268,0.00275,38265080.0
2026-03-29 23:00:00,0.00275,0.00277,0.00275,0.00276,8048061.0
2026-03-29 23:15:00,0.00276,0.00278,0.00276,0.00276,2937299.0
2026-03-29 23:30:00,0.00276,0.00277,0.00275,0.00277,4824283.0
2026-03-29 23:45:00,0.00277,0.00278,0.00276,0.00278,6050766.0
2026-03-30 00:00:00,0.00278,0.00279,0.00278,0.00279,849662.0
2026-03-30 00:15:00,0.00279,0.00285,0.00279,0.00285,13222718.0
2026-03-30 00:30:00,0.00284,0.00284,0.00281,0.00282,1295180.0
2026-03-30 00:45:00,0.00282,0.00283,0.00281,0.00283,2461343.0
2026-03-30 01:00:00,0.00283,0.00286,0.00283,0.00285,6828915.0
2026-03-30 01:15:00,0.00285,0.00285,0.00283,0.00284,2885784.0
2026-03-30 01:30:00,0.00284,0.00284,0.00283,0.00284,1450320.0
2026-03-30 01:45:00,0.00285,0.00287,0.00285,0.00285,3240761.0
2026-03-30 02:00:00,0.00286,0.00287,0.00285,0.00287,1456354.0
2026-03-30 02:15:00,0.00287,0.00287,0.00285,0.00285,1092500.0
2026-03-30 02:30:00,0.00286,0.00287,0.00286,0.00287,984844.0
2026-03-30 02:45:00,0.00287,0.00289,0.00286,0.00287,11893447.0
2026-03-30 03:00:00,0.00286,0.00286,0.00285,0.00285,412891.0
2026-03-30 03:15:00,0.00285,0.00287,0.00285,0.00287,2803007.0
2026-03-30 03:30:00,0.00287,0.00287,0.00286,0.00287,1762461.0
2026-03-30 03:45:00,0.00286,0.00287,0.00286,0.00286,1107437.0
2026-03-30 04:00:00,0.00286,0.00288,0.00286,0.00286,3196417.0
2026-03-30 04:15:00,0.00286,0.00288,0.00286,0.00288,896539.0
2026-03-30 04:30:00,0.00288,0.00288,0.00287,0.00287,195136.0
2026-03-30 04:45:00,0.00288,0.00289,0.00288,0.00289,1928354.0
2026-03-30 05:00:00,0.00289,0.0029,0.00289,0.00289,4519602.0
2026-03-30 05:15:00,0.00289,0.00289,0.00288,0.00288,154045.0
2026-03-30 05:30:00,0.00288,0.00289,0.00286,0.00286,1923771.0
2026-03-30 05:45:00,0.00286,0.00287,0.00285,0.00287,2119885.0
2026-03-30 06:00:00,0.00287,0.00288,0.00286,0.00286,1445018.0
2026-03-30 06:15:00,0.00286,0.00287,0.00285,0.00286,2063351.0
2026-03-30 06:30:00,0.00286,0.00287,0.00285,0.00287,963277.0
2026-03-30 06:45:00,0.00287,0.00289,0.00287,0.00289,2306404.0
2026-03-30 07:00:00,0.00289,0.00289,0.00287,0.00288,4241928.0
2026-03-30 07:15:00,0.00288,0.00289,0.00288,0.00289,227531.0
2026-03-30 07:30:00,0.00289,0.00289,0.00288,0.00288,1257906.0
2026-03-30 07:45:00,0.00289,0.00293,0.00289,0.00292,13771890.0
2026-03-30 08:00:00,0.00292,0.00294,0.00291,0.00293,19572830.0
2026-03-30 08:15:00,0.00293,0.00294,0.00292,0.00292,826438.0
2026-03-30 08:30:00,0.00293,0.00295,0.00292,0.00293,10908054.0
2026-03-30 08:45:00,0.00293,0.00294,0.00292,0.00293,3206307.0
2026-03-30 09:00:00,0.00293,0.00294,0.00291,0.00291,10753868.0
2026-03-30 09:15:00,0.00291,0.00292,0.0029,0.0029,1709849.0
2026-03-30 09:30:00,0.00291,0.00291,0.0029,0.00291,987520.0
2026-03-30 09:45:00,0.00291,0.00291,0.00289,0.0029,4197232.0
2026-03-30 10:00:00,0.0029,0.00291,0.00289,0.00291,4301194.0
2026-03-30 10:15:00,0.00291,0.00292,0.0029,0.00291,3341897.0
2026-03-30 10:30:00,0.0029,0.0029,0.00289,0.00289,2654821.0
2026-03-30 10:45:00,0.0029,0.00292,0.00289,0.00291,3318946.0
2026-03-30 11:00:00,0.00291,0.00294,0.00291,0.00294,6811325.0
2026-03-30 11:15:00,0.00295,0.00299,0.00294,0.00294,16992658.0
2026-03-30 11:30:00,0.00295,0.00295,0.00294,0.00294,3737527.0
2026-03-30 11:45:00,0.00294,0.00294,0.00293,0.00293,1965680.0
2026-03-30 12:00:00,0.00293,0.00296,0.00293,0.00294,5458994.0
2026-03-30 12:15:00,0.00295,0.00296,0.00294,0.00294,160133.0
2026-03-30 12:30:00,0.00295,0.00296,0.00294,0.00295,4094967.0
2026-03-30 12:45:00,0.00294,0.00296,0.00294,0.00294,8844752.0
2026-03-30 13:00:00,0.00295,0.00296,0.00294,0.00295,5779809.0
2026-03-30 13:15:00,0.00295,0.00295,0.00293,0.00294,3624939.0
2026-03-30 13:30:00,0.00294,0.00294,0.00291,0.00291,5542195.0
2026-03-30 13:45:00,0.00291,0.00292,0.00291,0.00292,3029095.0
2026-03-30 14:00:00,0.00292,0.00293,0.00291,0.00291,6366280.0
2026-03-30 14:15:00,0.00291,0.00292,0.00291,0.00291,5549688.0
2026-03-30 14:30:00,0.00291,0.00292,0.00289,0.0029,7201583.0
2026-03-30 14:45:00,0.0029,0.00292,0.00289,0.00291,17725656.0
2026-03-30 15:00:00,0.00291,0.00291,0.00288,0.00289,6052050.0
2026-03-30 15:15:00,0.00288,0.00289,0.00287,0.00289,6003510.0
2026-03-30 15:30:00,0.00289,0.0029,0.00288,0.00289,3313533.0
2026-03-30 15:45:00,0.00289,0.00289,0.00288,0.00288,2296996.0
2026-03-30 16:00:00,0.00288,0.0029,0.00288,0.00289,2958835.0
2026-03-30 16:15:00,0.00289,0.00289,0.00287,0.00289,1535418.0
2026-03-30 16:30:00,0.00288,0.0029,0.00288,0.00289,4184474.0
2026-03-30 16:45:00,0.00289,0.0029,0.00288,0.0029,1308266.0
2026-03-30 17:00:00,0.00289,0.00289,0.00288,0.00289,1769524.0
2026-03-30 17:15:00,0.00288,0.00288,0.00285,0.00285,6607193.0
2026-03-30 17:30:00,0.00286,0.00286,0.00284,0.00286,4663513.0
2026-03-30 17:45:00,0.00287,0.00287,0.00286,0.00286,829998.0
2026-03-30 18:00:00,0.00286,0.00287,0.00284,0.00285,4710498.0
2026-03-30 18:15:00,0.00285,0.00285,0.00283,0.00283,4336793.0
2026-03-30 18:30:00,0.00284,0.00286,0.00284,0.00285,7172269.0
2026-03-30 18:45:00,0.00285,0.00285,0.00283,0.00284,2617435.0
2026-03-30 19:00:00,0.00285,0.00285,0.00282,0.00283,7101377.0
2026-03-30 19:15:00,0.00283,0.00284,0.00283,0.00283,2358224.0
2026-03-30 19:30:00,0.00283,0.00284,0.00283,0.00283,5748493.0
2026-03-30 19:45:00,0.00283,0.00286,0.00283,0.00286,946952.0
2026-03-30 20:00:00,0.00286,0.00286,0.00285,0.00286,132970.0
2026-03-30 20:15:00,0.00286,0.00286,0.00285,0.00286,134775.0
2026-03-30 20:30:00,0.00286,0.00286,0.00284,0.00286,5454129.0
2026-03-30 20:45:00,0.00285,0.00286,0.00285,0.00286,1166980.0
2026-03-30 21:00:00,0.00286,0.00287,0.00285,0.00287,2136347.0
2026-03-30 21:15:00,0.00287,0.00289,0.00287,0.00289,2528980.0
2026-03-30 21:30:00,0.00288,0.00289,0.00288,0.00288,100934.0
2026-03-30 21:45:00,0.00288,0.00289,0.00288,0.00289,1187736.0
2026-03-30 22:00:00,0.00288,0.0029,0.00287,0.00288,1571677.0
2026-03-30 22:15:00,0.00289,0.00289,0.00288,0.00288,2183341.0
2026-03-30 22:30:00,0.00288,0.00289,0.00288,0.00288,200280.0
2026-03-30 22:45:00,0.00289,0.00289,0.00288,0.00288,369945.0
2026-03-30 23:00:00,0.00288,0.00288,0.00286,0.00287,7928790.0
2026-03-30 23:15:00,0.00287,0.00288,0.00287,0.00287,3918365.0
2026-03-30 23:30:00,0.00287,0.00288,0.00287,0.00287,2209135.0
2026-03-30 23:45:00,0.00286,0.0029,0.00286,0.00288,14546195.0
2026-03-31 00:00:00,0.00289,0.0029,0.00287,0.00287,9230658.0
2026-03-31 00:15:00,0.00288,0.00289,0.00288,0.00289,4043927.0
2026-03-31 00:30:00,0.00288,0.00289,0.00286,0.00289,6545080.0
2026-03-31 00:45:00,0.00289,0.0029,0.00288,0.00289,5262537.0
2026-03-31 01:00:00,0.00289,0.0029,0.00288,0.00289,2885369.0
2026-03-31 01:15:00,0.0029,0.00292,0.0029,0.00292,4265540.0
2026-03-31 01:30:00,0.00292,0.00294,0.00291,0.00292,6814365.0
2026-03-31 01:45:00,0.00291,0.00292,0.0029,0.00291,2094673.0
2026-03-31 02:00:00,0.00291,0.00292,0.00291,0.00292,2100547.0
2026-03-31 02:15:00,0.00293,0.00294,0.00292,0.00292,695617.0
2026-03-31 02:30:00,0.00292,0.00293,0.00292,0.00293,1260276.0
2026-03-31 02:45:00,0.00293,0.00293,0.00293,0.00293,40182.0
2026-03-31 03:00:00,0.00292,0.00292,0.00291,0.00292,144269.0
2026-03-31 03:15:00,0.00291,0.00292,0.0029,0.00291,3884822.0
2026-03-31 03:30:00,0.00291,0.00292,0.0029,0.00291,4141679.0
2026-03-31 03:45:00,0.00291,0.00291,0.0029,0.00291,198752.0
2026-03-31 04:00:00,0.00291,0.00292,0.00291,0.00291,1174643.0
2026-03-31 04:15:00,0.00292,0.00293,0.0029,0.0029,3850909.0
2026-03-31 04:30:00,0.0029,0.00291,0.00289,0.0029,2568319.0
2026-03-31 04:45:00,0.0029,0.0029,0.00289,0.0029,3120531.0
2026-03-31 05:00:00,0.0029,0.00291,0.00289,0.00289,1242144.0
2026-03-31 05:15:00,0.0029,0.0029,0.00289,0.0029,713757.0
2026-03-31 05:30:00,0.00291,0.00291,0.0029,0.00291,370798.0
2026-03-31 05:45:00,0.0029,0.00292,0.0029,0.00292,478914.0
2026-03-31 06:00:00,0.00291,0.00291,0.0029,0.00291,2866790.0
2026-03-31 06:15:00,0.0029,0.00291,0.0029,0.0029,1349856.0
2026-03-31 06:30:00,0.0029,0.00292,0.0029,0.00291,2345053.0
2026-03-31 06:45:00,0.00292,0.00293,0.00291,0.00293,17725037.0
2026-03-31 07:00:00,0.00293,0.00294,0.00292,0.00293,9406806.0
2026-03-31 07:15:00,0.00292,0.00294,0.00292,0.00293,8079985.0
2026-03-31 07:30:00,0.00293,0.00294,0.00293,0.00293,2365678.0
2026-03-31 07:45:00,0.00293,0.00294,0.00293,0.00293,685337.0
2026-03-31 08:00:00,0.00293,0.00293,0.00291,0.00291,4697893.0
2026-03-31 08:15:00,0.00291,0.00293,0.00291,0.00292,5191263.0
2026-03-31 08:30:00,0.00292,0.00292,0.00288,0.00289,11245601.0
2026-03-31 08:45:00,0.00288,0.0029,0.00288,0.00288,4949970.0
2026-03-31 09:00:00,0.00288,0.00289,0.00287,0.00287,3152188.0
2026-03-31 09:15:00,0.00288,0.00288,0.00285,0.00286,2135640.0
2026-03-31 09:30:00,0.00286,0.00287,0.00285,0.00287,2724501.0
2026-03-31 09:45:00,0.00287,0.00287,0.00285,0.00286,7598140.0
2026-03-31 10:00:00,0.00287,0.00289,0.00287,0.00288,5647910.0
2026-03-31 10:15:00,0.00288,0.00289,0.00288,0.00288,84088.0
2026-03-31 10:30:00,0.00289,0.00289,0.00287,0.00288,3375106.0
2026-03-31 10:45:00,0.00287,0.00288,0.00287,0.00288,525561.0
2026-03-31 11:00:00,0.00288,0.00289,0.00287,0.00289,4659334.0
2026-03-31 11:15:00,0.0029,0.00291,0.00289,0.0029,4269833.0
2026-03-31 11:30:00,0.0029,0.0029,0.00289,0.0029,658373.0
2026-03-31 11:45:00,0.00289,0.0029,0.00289,0.0029,232864.0
2026-03-31 12:00:00,0.00289,0.00291,0.00289,0.0029,6292942.0
2026-03-31 12:15:00,0.00289,0.0029,0.00288,0.00289,5237570.0
2026-03-31 12:30:00,0.00289,0.0029,0.00288,0.00288,2388048.0
2026-03-31 12:45:00,0.00289,0.00289,0.00288,0.00289,1017673.0
2026-03-31 13:00:00,0.00289,0.0029,0.00288,0.0029,2103780.0
2026-03-31 13:15:00,0.0029,0.0029,0.00289,0.0029,2928223.0
2026-03-31 13:30:00,0.0029,0.00291,0.00289,0.0029,2574766.0
2026-03-31 13:45:00,0.00291,0.00293,0.0029,0.00292,6830721.0
2026-03-31 14:00:00,0.00293,0.00295,0.00292,0.00294,2952283.0
2026-03-31 14:15:00,0.00294,0.00296,0.00294,0.00295,5870390.0
2026-03-31 14:30:00,0.00295,0.00295,0.00292,0.00292,5208513.0
2026-03-31 14:45:00,0.00292,0.00292,0.0029,0.0029,8803425.0
2026-03-31 15:00:00,0.00291,0.00293,0.00291,0.00293,4744630.0
2026-03-31 15:15:00,0.00294,0.00294,0.00291,0.00292,2555542.0
2026-03-31 15:30:00,0.00291,0.00291,0.0029,0.0029,3651017.0
2026-03-31 15:45:00,0.0029,0.0029,0.00289,0.00289,5274794.0
2026-03-31 16:00:00,0.00289,0.0029,0.00288,0.0029,6363523.0
2026-03-31 16:15:00,0.0029,0.00291,0.00289,0.00291,2475825.0
2026-03-31 16:30:00,0.0029,0.00294,0.0029,0.00292,15764870.0
2026-03-31 16:45:00,0.00293,0.00294,0.00291,0.00294,8810498.0
2026-03-31 17:00:00,0.00294,0.00296,0.00293,0.00296,8168160.0
2026-03-31 17:15:00,0.00296,0.00297,0.00295,0.00295,7627189.0
2026-03-31 17:30:00,0.00295,0.00296,0.00293,0.00293,3835617.0
2026-03-31 17:45:00,0.00292,0.00294,0.00291,0.00292,4296990.0
2026-03-31 18:00:00,0.00293,0.00294,0.00293,0.00294,2436631.0
2026-03-31 18:15:00,0.00293,0.00295,0.00292,0.00293,1853739.0
2026-03-31 18:30:00,0.00293,0.00293,0.00292,0.00292,2631469.0
2026-03-31 18:45:00,0.00292,0.00294,0.00292,0.00294,2359910.0
2026-03-31 19:00:00,0.00293,0.00295,0.00293,0.00293,4615343.0
2026-03-31 19:15:00,0.00293,0.00294,0.00293,0.00294,92368.0
2026-03-31 19:30:00,0.00294,0.00294,0.00292,0.00293,1859064.0
2026-03-31 19:45:00,0.00293,0.00294,0.00292,0.00294,5452365.0
2026-03-31 20:00:00,0.00294,0.00294,0.00292,0.00293,1098371.0
2026-03-31 20:15:00,0.00294,0.00294,0.00292,0.00293,597424.0
2026-03-31 20:30:00,0.00292,0.00293,0.00292,0.00293,2086981.0
2026-03-31 20:45:00,0.00293,0.00294,0.00292,0.00293,3576954.0
2026-03-31 21:00:00,0.00293,0.00293,0.00291,0.00292,5623895.0
2026-03-31 21:15:00,0.00292,0.00292,0.00291,0.00292,152761.0
2026-03-31 21:30:00,0.00292,0.00293,0.00291,0.00291,3333875.0
2026-03-31 21:45:00,0.00291,0.00293,0.00291,0.00291,1823847.0
2026-03-31 22:00:00,0.00291,0.00291,0.0029,0.0029,815936.0
2026-03-31 22:15:00,0.0029,0.00291,0.0029,0.0029,794769.0
2026-03-31 22:30:00,0.0029,0.00291,0.00289,0.0029,2783457.0
2026-03-31 22:45:00,0.0029,0.0029,0.00289,0.00289,778620.0
2026-03-31 23:00:00,0.00289,0.00291,0.00289,0.00289,1197832.0
2026-03-31 23:15:00,0.00289,0.00291,0.00289,0.0029,700199.0
2026-03-31 23:30:00,0.0029,0.00291,0.0029,0.0029,382237.0
2026-03-31 23:45:00,0.0029,0.00291,0.0029,0.0029,641074.0
2026-04-01 00:00:00,0.0029,0.00291,0.00289,0.00289,4812306.0
2026-04-01 00:15:00,0.00289,0.0029,0.00289,0.00289,1063661.0
2026-04-01 00:30:00,0.00289,0.0029,0.00288,0.00289,5206426.0
2026-04-01 00:45:00,0.00289,0.00291,0.00289,0.0029,1217846.0
2026-04-01 01:00:00,0.00291,0.00291,0.00289,0.0029,585066.0
2026-04-01 01:15:00,0.00291,0.00291,0.00289,0.00289,374071.0
2026-04-01 01:30:00,0.00289,0.0029,0.00288,0.00288,499568.0
2026-04-01 01:45:00,0.00289,0.0029,0.00288,0.00288,288909.0
2026-04-01 02:00:00,0.00289,0.00291,0.00288,0.00289,9249742.0
2026-04-01 02:15:00,0.00289,0.0029,0.00288,0.00288,692534.0
2026-04-01 02:30:00,0.00288,0.0029,0.00288,0.0029,3357739.0
2026-04-01 02:45:00,0.0029,0.00291,0.00289,0.00289,429323.0
2026-04-01 03:00:00,0.0029,0.00293,0.0029,0.00291,4049826.0
2026-04-01 03:15:00,0.00291,0.00292,0.00291,0.00291,232587.0
2026-04-01 03:30:00,0.00292,0.00293,0.00291,0.00293,1720454.0
2026-04-01 03:45:00,0.00294,0.00296,0.00294,0.00295,4555472.0
2026-04-01 04:00:00,0.00295,0.00296,0.00294,0.00295,2949498.0
2026-04-01 04:15:00,0.00295,0.00295,0.00294,0.00294,2467989.0
2026-04-01 04:30:00,0.00294,0.00296,0.00294,0.00295,2279522.0
2026-04-01 04:45:00,0.00296,0.00298,0.00295,0.00295,4760171.0
2026-04-01 05:00:00,0.00295,0.00296,0.00295,0.00296,2868732.0
2026-04-01 05:15:00,0.00296,0.00298,0.00296,0.00297,5179648.0
2026-04-01 05:30:00,0.00298,0.00298,0.00296,0.00297,4907728.0
2026-04-01 05:45:00,0.00297,0.00298,0.00297,0.00297,1585176.0
2026-04-01 06:00:00,0.00296,0.00306,0.00296,0.00303,36147524.0
2026-04-01 06:15:00,0.00303,0.00304,0.00299,0.003,20047000.0
2026-04-01 06:30:00,0.003,0.003,0.00298,0.00299,2342219.0
2026-04-01 06:45:00,0.00298,0.00298,0.00297,0.00298,4613003.0
2026-04-01 07:00:00,0.00299,0.00299,0.00298,0.00298,3100352.0
2026-04-01 07:15:00,0.00298,0.00299,0.00297,0.00298,7945808.0
2026-04-01 07:30:00,0.00297,0.00298,0.00297,0.00298,3713733.0
2026-04-01 07:45:00,0.00298,0.00298,0.00296,0.00297,2762821.0
2026-04-01 08:00:00,0.00297,0.00298,0.00297,0.00298,3132941.0
2026-04-01 08:15:00,0.00298,0.00298,0.00297,0.00297,4969643.0
2026-04-01 08:30:00,0.00298,0.00299,0.00297,0.00299,3317791.0
2026-04-01 08:45:00,0.00299,0.00299,0.00296,0.00298,4896850.0
2026-04-01 09:00:00,0.00298,0.00298,0.00295,0.00295,1931740.0
2026-04-01 09:15:00,0.00295,0.00297,0.00295,0.00297,3373928.0
2026-04-01 09:30:00,0.00296,0.00297,0.00295,0.00295,1624576.0
2026-04-01 09:45:00,0.00295,0.00297,0.00295,0.00295,4981843.0
2026-04-01 10:00:00,0.00296,0.00297,0.00296,0.00296,2038579.0
2026-04-01 10:15:00,0.00296,0.00297,0.00296,0.00296,459884.0
2026-04-01 10:30:00,0.00296,0.00297,0.00295,0.00296,2195105.0
2026-04-01 10:45:00,0.00297,0.00297,0.00295,0.00296,1028132.0
2026-04-01 11:00:00,0.00297,0.00297,0.00295,0.00295,2195484.0
2026-04-01 11:15:00,0.00295,0.00297,0.00295,0.00297,4519457.0
2026-04-01 11:30:00,0.00296,0.00298,0.00296,0.00298,3150996.0
2026-04-01 11:45:00,0.00298,0.00299,0.00297,0.00299,2087289.0
2026-04-01 12:00:00,0.00299,0.00299,0.00298,0.00298,2852555.0
2026-04-01 12:15:00,0.00299,0.003,0.00298,0.00299,3597020.0
2026-04-01 12:30:00,0.00299,0.00305,0.00299,0.00305,19055278.0
2026-04-01 12:45:00,0.00304,0.00304,0.003,0.00301,14467455.0
2026-04-01 13:00:00,0.003,0.00301,0.00299,0.003,4194810.0
2026-04-01 13:15:00,0.00301,0.00302,0.003,0.00301,1386679.0
2026-04-01 13:30:00,0.003,0.00301,0.00296,0.00297,7552926.0
2026-04-01 13:45:00,0.00297,0.00298,0.00296,0.00297,4342879.0
2026-04-01 14:00:00,0.00297,0.00298,0.00296,0.00298,2885635.0
2026-04-01 14:15:00,0.00298,0.00299,0.00297,0.00297,2359912.0
2026-04-01 14:30:00,0.00297,0.00299,0.00296,0.00299,2780261.0
2026-04-01 14:45:00,0.00299,0.003,0.00298,0.00298,1681833.0
2026-04-01 15:00:00,0.00299,0.003,0.00298,0.00298,2840201.0
2026-04-01 15:15:00,0.00298,0.003,0.00298,0.00299,1041652.0
2026-04-01 15:30:00,0.00299,0.00299,0.00298,0.00298,3006237.0
2026-04-01 15:45:00,0.00298,0.003,0.00298,0.003,684804.0
2026-04-01 16:00:00,0.003,0.003,0.00299,0.00299,1031214.0
2026-04-01 16:15:00,0.003,0.00301,0.00299,0.003,839132.0
2026-04-01 16:30:00,0.00301,0.00301,0.00299,0.00301,2048027.0
2026-04-01 16:45:00,0.003,0.003,0.00299,0.003,1789483.0
2026-04-01 17:00:00,0.003,0.00302,0.00299,0.00299,4177323.0
2026-04-01 17:15:00,0.00298,0.00299,0.00296,0.00296,6001978.0
2026-04-01 17:30:00,0.00297,0.00298,0.00296,0.00296,2119529.0
2026-04-01 17:45:00,0.00296,0.00297,0.00296,0.00297,193928.0
2026-04-01 18:00:00,0.00296,0.00297,0.00296,0.00296,6540119.0
2026-04-01 18:15:00,0.00297,0.00297,0.00296,0.00297,1412708.0
2026-04-01 18:30:00,0.00296,0.00297,0.00296,0.00296,438404.0
2026-04-01 18:45:00,0.00296,0.00296,0.00294,0.00295,2450159.0
2026-04-01 19:00:00,0.00295,0.00296,0.00294,0.00295,1508926.0
2026-04-01 19:15:00,0.00294,0.00295,0.00294,0.00295,387743.0
2026-04-01 19:30:00,0.00296,0.00297,0.00296,0.00297,512138.0
2026-04-01 19:45:00,0.00297,0.00297,0.00297,0.00297,454140.0
2026-04-01 20:00:00,0.00296,0.00296,0.00293,0.00293,3996944.0
2026-04-01 20:15:00,0.00293,0.00294,0.00292,0.00293,2850289.0
2026-04-01 20:30:00,0.00292,0.00294,0.00292,0.00294,5197030.0
2026-04-01 20:45:00,0.00294,0.00295,0.00294,0.00295,492726.0
2026-04-01 21:00:00,0.00294,0.00297,0.00294,0.00297,1800850.0
2026-04-01 21:15:00,0.00297,0.00297,0.00296,0.00297,2151124.0
2026-04-01 21:30:00,0.00297,0.00297,0.00296,0.00296,876373.0
2026-04-01 21:45:00,0.00297,0.00298,0.00296,0.00298,2089728.0
2026-04-01 22:00:00,0.00297,0.00298,0.00295,0.00296,4758221.0
2026-04-01 22:15:00,0.00296,0.00296,0.00294,0.00295,1255048.0
2026-04-01 22:30:00,0.00294,0.00295,0.00294,0.00294,1176626.0
2026-04-01 22:45:00,0.00295,0.00295,0.00293,0.00294,1237415.0
2026-04-01 23:00:00,0.00293,0.00294,0.00293,0.00294,429492.0
2026-04-01 23:15:00,0.00294,0.00294,0.00293,0.00293,209461.0
2026-04-01 23:30:00,0.00293,0.00294,0.00293,0.00293,3112165.0
2026-04-01 23:45:00,0.00292,0.00294,0.00292,0.00293,12990613.0
2026-04-02 00:00:00,0.00294,0.00294,0.00293,0.00294,2870687.0
2026-04-02 00:15:00,0.00294,0.00294,0.00293,0.00293,2342107.0
2026-04-02 00:30:00,0.00294,0.00295,0.00294,0.00295,2638400.0
2026-04-02 00:45:00,0.00295,0.00295,0.00294,0.00294,3583291.0
2026-04-02 01:00:00,0.00294,0.00295,0.00291,0.00293,18185812.0
2026-04-02 01:15:00,0.00292,0.00292,0.00289,0.0029,28111045.0
2026-04-02 01:30:00,0.00289,0.00289,0.00286,0.00286,6243664.0
2026-04-02 01:45:00,0.00286,0.00289,0.00286,0.00288,3264672.0
2026-04-02 02:00:00,0.00288,0.00288,0.00286,0.00286,9195860.0
2026-04-02 02:15:00,0.00286,0.00287,0.00285,0.00286,5376685.0
2026-04-02 02:30:00,0.00286,0.00287,0.00284,0.00284,2215945.0
2026-04-02 02:45:00,0.00285,0.00286,0.00285,0.00286,616173.0
2026-04-02 03:00:00,0.00286,0.00286,0.00285,0.00285,496694.0
2026-04-02 03:15:00,0.00286,0.00287,0.00285,0.00287,1992445.0
2026-04-02 03:30:00,0.00286,0.00287,0.00284,0.00284,3113186.0
2026-04-02 03:45:00,0.00285,0.00286,0.00285,0.00285,2006450.0
2026-04-02 04:00:00,0.00284,0.00286,0.00284,0.00285,1071597.0
2026-04-02 04:15:00,0.00285,0.00286,0.00284,0.00285,2676439.0
2026-04-02 04:30:00,0.00286,0.00286,0.00284,0.00284,2134435.0
2026-04-02 04:45:00,0.00284,0.00285,0.00284,0.00284,367186.0
2026-04-02 05:00:00,0.00285,0.00285,0.00283,0.00284,5226754.0
2026-04-02 05:15:00,0.00285,0.00285,0.00284,0.00284,1707886.0
2026-04-02 05:30:00,0.00284,0.00286,0.00284,0.00285,1443315.0
2026-04-02 05:45:00,0.00286,0.00286,0.00285,0.00286,1866865.0
2026-04-02 06:00:00,0.00285,0.00287,0.00285,0.00287,603154.0
2026-04-02 06:15:00,0.00287,0.00289,0.00286,0.00287,6709589.0
2026-04-02 06:30:00,0.00287,0.00287,0.00286,0.00287,4108926.0
2026-04-02 06:45:00,0.00287,0.00287,0.00286,0.00286,658336.0
2026-04-02 07:00:00,0.00287,0.00287,0.00286,0.00287,729849.0
2026-04-02 07:15:00,0.00287,0.00288,0.00286,0.00288,2636250.0
2026-04-02 07:30:00,0.00288,0.00288,0.00286,0.00286,1273574.0
2026-04-02 07:45:00,0.00287,0.00288,0.00286,0.00288,300708.0
2026-04-02 08:00:00,0.00287,0.00288,0.00286,0.00287,1851999.0
2026-04-02 08:15:00,0.00287,0.00287,0.00286,0.00287,194407.0
2026-04-02 08:30:00,0.00286,0.00287,0.00286,0.00286,2061605.0
2026-04-02 08:45:00,0.00285,0.00286,0.00285,0.00286,229805.0
2026-04-02 09:00:00,0.00286,0.00287,0.00285,0.00286,3154965.0
2026-04-02 09:15:00,0.00286,0.00286,0.00284,0.00285,6103078.0
2026-04-02 09:30:00,0.00284,0.00285,0.00283,0.00284,5918044.0
2026-04-02 09:45:00,0.00284,0.00285,0.00284,0.00284,925930.0
2026-04-02 10:00:00,0.00284,0.00284,0.00282,0.00284,6111262.0
2026-04-02 10:15:00,0.00284,0.00285,0.00282,0.00285,2682832.0
2026-04-02 10:30:00,0.00285,0.00285,0.00283,0.00284,3110814.0
2026-04-02 10:45:00,0.00284,0.00285,0.00284,0.00285,221412.0
2026-04-02 11:00:00,0.00285,0.00285,0.00283,0.00284,5486422.0
2026-04-02 11:15:00,0.00283,0.00285,0.00283,0.00284,3699415.0
2026-04-02 11:30:00,0.00284,0.00285,0.00283,0.00284,2555283.0
2026-04-02 11:45:00,0.00285,0.00285,0.00284,0.00284,1553015.0
2026-04-02 12:00:00,0.00284,0.00284,0.00282,0.00283,1673519.0
2026-04-02 12:15:00,0.00282,0.00283,0.00281,0.00282,2475206.0
2026-04-02 12:30:00,0.00282,0.00283,0.00281,0.00283,3576298.0
2026-04-02 12:45:00,0.00283,0.00283,0.00282,0.00283,3874494.0
2026-04-02 13:00:00,0.00283,0.00283,0.00281,0.00282,5380571.0
2026-04-02 13:15:00,0.00282,0.00282,0.00281,0.00282,1617266.0
2026-04-02 13:30:00,0.00282,0.00283,0.0028,0.00281,6613641.0
2026-04-02 13:45:00,0.00281,0.00282,0.00281,0.00281,3135839.0
2026-04-02 14:00:00,0.00281,0.00283,0.00281,0.00283,2697613.0
2026-04-02 14:15:00,0.00283,0.00284,0.00282,0.00283,2657171.0
2026-04-02 14:30:00,0.00283,0.00288,0.00283,0.00287,11520187.0
2026-04-02 14:45:00,0.00288,0.00288,0.00285,0.00288,3583856.0
2026-04-02 15:00:00,0.00288,0.00288,0.00286,0.00287,3666853.0
2026-04-02 15:15:00,0.00286,0.00286,0.00283,0.00285,5987394.0
2026-04-02 15:30:00,0.00285,0.00287,0.00285,0.00287,9547556.0
2026-04-02 15:45:00,0.00286,0.00286,0.00285,0.00285,732134.0
2026-04-02 16:00:00,0.00286,0.00286,0.00285,0.00286,6812315.0
2026-04-02 16:15:00,0.00285,0.00287,0.00284,0.00287,4430578.0
2026-04-02 16:30:00,0.00287,0.00289,0.00286,0.00287,7982011.0
2026-04-02 16:45:00,0.00287,0.00287,0.00286,0.00286,1759465.0
2026-04-02 17:00:00,0.00286,0.00288,0.00285,0.00288,4224468.0
2026-04-02 17:15:00,0.00289,0.00289,0.00288,0.00289,2938580.0
2026-04-02 17:30:00,0.00289,0.00289,0.00286,0.00287,791994.0
2026-04-02 17:45:00,0.00286,0.00286,0.00284,0.00285,3514151.0
2026-04-02 18:00:00,0.00285,0.00285,0.00284,0.00284,915292.0
2026-04-02 18:15:00,0.00285,0.00285,0.00284,0.00284,2697711.0
2026-04-02 18:30:00,0.00284,0.00285,0.00283,0.00285,980051.0
2026-04-02 18:45:00,0.00285,0.00287,0.00285,0.00285,2589118.0
2026-04-02 19:00:00,0.00286,0.00286,0.00285,0.00286,242062.0
2026-04-02 19:15:00,0.00286,0.00286,0.00285,0.00285,132933.0
2026-04-02 19:30:00,0.00286,0.00286,0.00283,0.00284,2189908.0
2026-04-02 19:45:00,0.00284,0.00285,0.00283,0.00284,6632683.0
2026-04-02 20:00:00,0.00285,0.00285,0.00283,0.00284,1458307.0
2026-04-02 20:15:00,0.00284,0.00286,0.00284,0.00286,6696662.0
2026-04-02 20:30:00,0.00286,0.00286,0.00285,0.00286,568234.0
2026-04-02 20:45:00,0.00286,0.00286,0.00286,0.00286,142678.0
2026-04-02 21:00:00,0.00286,0.00286,0.00283,0.00284,6796692.0
2026-04-02 21:15:00,0.00284,0.00285,0.00284,0.00285,317006.0
2026-04-02 21:30:00,0.00284,0.00286,0.00284,0.00286,944628.0
2026-04-02 21:45:00,0.00285,0.00286,0.00284,0.00286,2334691.0
2026-04-02 22:00:00,0.00285,0.00286,0.00285,0.00285,1121451.0
2026-04-02 22:15:00,0.00285,0.00286,0.00285,0.00285,1321824.0
2026-04-02 22:30:00,0.00286,0.00286,0.00285,0.00285,411849.0
2026-04-02 22:45:00,0.00286,0.00286,0.00285,0.00285,332669.0
2026-04-02 23:00:00,0.00286,0.00286,0.00285,0.00285,4047465.0
2026-04-02 23:15:00,0.00285,0.00286,0.00285,0.00285,3558016.0
2026-04-02 23:30:00,0.00285,0.00286,0.00285,0.00286,1146610.0
2026-04-02 23:45:00,0.00286,0.00286,0.00285,0.00286,2462486.0
2026-04-03 00:00:00,0.00286,0.00287,0.00285,0.00286,2976587.0
2026-04-03 00:15:00,0.00286,0.00286,0.00285,0.00285,94314.0
2026-04-03 00:30:00,0.00285,0.00286,0.00284,0.00286,2802333.0
2026-04-03 00:45:00,0.00285,0.00286,0.00285,0.00286,962453.0
2026-04-03 01:00:00,0.00286,0.00288,0.00286,0.00287,2431817.0
2026-04-03 01:15:00,0.00286,0.00287,0.00286,0.00286,1924684.0
2026-04-03 01:30:00,0.00286,0.00286,0.00285,0.00285,834791.0
2026-04-03 01:45:00,0.00285,0.00285,0.00284,0.00285,500379.0
2026-04-03 02:00:00,0.00285,0.00285,0.00284,0.00285,1148732.0
2026-04-03 02:15:00,0.00285,0.00286,0.00285,0.00285,2061301.0
2026-04-03 02:30:00,0.00286,0.00286,0.00284,0.00284,3373021.0
2026-04-03 02:45:00,0.00284,0.00287,0.00283,0.00287,6201842.0
2026-04-03 03:00:00,0.00287,0.00288,0.00286,0.00288,893875.0
2026-04-03 03:15:00,0.00287,0.00288,0.00287,0.00288,3042709.0
2026-04-03 03:30:00,0.00288,0.00289,0.00287,0.00287,4305095.0
2026-04-03 03:45:00,0.00287,0.00289,0.00287,0.00288,2694826.0
2026-04-03 04:00:00,0.00288,0.00289,0.00288,0.00289,1654378.0
2026-04-03 04:15:00,0.00288,0.00289,0.00287,0.00288,884167.0
2026-04-03 04:30:00,0.00287,0.00288,0.00286,0.00287,6006144.0
2026-04-03 04:45:00,0.00288,0.00291,0.00288,0.00289,5801590.0
2026-04-03 05:00:00,0.0029,0.0029,0.00289,0.0029,1705574.0
2026-04-03 05:15:00,0.00289,0.0029,0.00288,0.0029,4729069.0
2026-04-03 05:30:00,0.0029,0.00293,0.0029,0.00291,4008344.0
2026-04-03 05:45:00,0.00291,0.00293,0.00291,0.00291,4867377.0
2026-04-03 06:00:00,0.00291,0.00292,0.00291,0.00291,2807124.0
2026-04-03 06:15:00,0.00292,0.00293,0.00291,0.00293,2913090.0
2026-04-03 06:30:00,0.00292,0.00294,0.00291,0.00293,5874880.0
2026-04-03 06:45:00,0.00293,0.00293,0.00292,0.00293,3257913.0
2026-04-03 07:00:00,0.00293,0.00293,0.00292,0.00293,5711569.0
2026-04-03 07:15:00,0.00293,0.00293,0.00291,0.00292,5293932.0
2026-04-03 07:30:00,0.00291,0.00293,0.00291,0.00291,3438073.0
2026-04-03 07:45:00,0.00291,0.00292,0.0029,0.0029,594904.0
2026-04-03 08:00:00,0.00291,0.00293,0.00291,0.00292,653373.0
2026-04-03 08:15:00,0.00291,0.00292,0.0029,0.00292,3505495.0
2026-04-03 08:30:00,0.00293,0.00295,0.00293,0.00293,15372227.0
2026-04-03 08:45:00,0.00293,0.00294,0.00293,0.00293,4380834.0
2026-04-03 09:00:00,0.00294,0.00294,0.00293,0.00293,2201464.0
2026-04-03 09:15:00,0.00293,0.00295,0.00293,0.00294,4242389.0
2026-04-03 09:30:00,0.00295,0.00297,0.00294,0.00297,2360572.0
2026-04-03 09:45:00,0.00296,0.00296,0.00295,0.00295,6821568.0
2026-04-03 10:00:00,0.00295,0.00296,0.00294,0.00294,13827701.0
2026-04-03 10:15:00,0.00294,0.00295,0.00293,0.00294,2448023.0
2026-04-03 10:30:00,0.00294,0.00294,0.00293,0.00294,1834760.0
2026-04-03 10:45:00,0.00294,0.00295,0.00293,0.00293,517713.0
2026-04-03 11:00:00,0.00294,0.00294,0.00292,0.00293,1354718.0
2026-04-03 11:15:00,0.00294,0.00294,0.00293,0.00294,523480.0
2026-04-03 11:30:00,0.00293,0.00294,0.00293,0.00294,589752.0
2026-04-03 11:45:00,0.00294,0.00295,0.00294,0.00294,3002864.0
2026-04-03 12:00:00,0.00294,0.00295,0.00294,0.00294,2296240.0
2026-04-03 12:15:00,0.00294,0.00295,0.00294,0.00295,1405747.0
2026-04-03 12:30:00,0.00296,0.00298,0.00294,0.00294,14487750.0
2026-04-03 12:45:00,0.00294,0.00296,0.00293,0.00294,4492585.0
2026-04-03 13:00:00,0.00294,0.00295,0.00293,0.00293,3069188.0
2026-04-03 13:15:00,0.00293,0.00294,0.00293,0.00294,934406.0
2026-04-03 13:30:00,0.00295,0.00295,0.00293,0.00293,605709.0
2026-04-03 13:45:00,0.00293,0.00294,0.00292,0.00293,9853055.0
2026-04-03 14:00:00,0.00293,0.00293,0.00291,0.00293,3923541.0
2026-04-03 14:15:00,0.00294,0.00294,0.00292,0.00294,1234644.0
2026-04-03 14:30:00,0.00294,0.00294,0.00292,0.00292,342883.0
2026-04-03 14:45:00,0.00292,0.00293,0.00292,0.00293,1711964.0
2026-04-03 15:00:00,0.00293,0.00293,0.00292,0.00292,1253764.0
2026-04-03 15:15:00,0.00293,0.00293,0.00291,0.00292,1811780.0
2026-04-03 15:30:00,0.00292,0.00293,0.00291,0.00291,958150.0
2026-04-03 15:45:00,0.00292,0.00293,0.00291,0.00292,1305244.0
2026-04-03 16:00:00,0.00291,0.00293,0.00291,0.00291,1649839.0
2026-04-03 16:15:00,0.00291,0.00292,0.0029,0.00291,5219761.0
2026-04-03 16:30:00,0.00291,0.00292,0.0029,0.0029,2993647.0
2026-04-03 16:45:00,0.00291,0.00293,0.0029,0.00292,2473679.0
2026-04-03 17:00:00,0.00293,0.00293,0.00291,0.00292,1995114.0
2026-04-03 17:15:00,0.00291,0.00291,0.0029,0.0029,1231420.0
2026-04-03 17:30:00,0.00291,0.00292,0.0029,0.00292,2220207.0
2026-04-03 17:45:00,0.00291,0.00292,0.0029,0.00292,5460556.0
2026-04-03 18:00:00,0.00292,0.00294,0.00291,0.00294,5064110.0
2026-04-03 18:15:00,0.00294,0.00294,0.00293,0.00293,711409.0
2026-04-03 18:30:00,0.00292,0.00293,0.00292,0.00293,108735.0
2026-04-03 18:45:00,0.00292,0.00293,0.00291,0.00291,1560019.0
2026-04-03 19:00:00,0.00291,0.00292,0.0029,0.00291,2569643.0
2026-04-03 19:15:00,0.00291,0.00291,0.0029,0.0029,1946523.0
2026-04-03 19:30:00,0.00291,0.00292,0.00291,0.00291,2080183.0
2026-04-03 19:45:00,0.00291,0.00292,0.00291,0.00291,686070.0
2026-04-03 20:00:00,0.00292,0.00293,0.00292,0.00293,2267633.0
2026-04-03 20:15:00,0.00293,0.00293,0.00291,0.00291,3142801.0
2026-04-03 20:30:00,0.00291,0.00292,0.0029,0.00291,7784129.0
2026-04-03 20:45:00,0.00292,0.00292,0.00291,0.00292,320487.0
2026-04-03 21:00:00,0.00292,0.00294,0.00292,0.00293,1386912.0
2026-04-03 21:15:00,0.00294,0.00294,0.00293,0.00294,363350.0
2026-04-03 21:30:00,0.00293,0.00294,0.00293,0.00294,86019.0
2026-04-03 21:45:00,0.00293,0.00294,0.00292,0.00293,11766025.0
2026-04-03 22:00:00,0.00293,0.00293,0.00292,0.00293,983052.0
2026-04-03 22:15:00,0.00292,0.00293,0.00292,0.00293,74340.0
2026-04-03 22:30:00,0.00293,0.00293,0.00291,0.00292,1565706.0
2026-04-03 22:45:00,0.00292,0.00292,0.0029,0.00291,3033367.0
2026-04-03 23:00:00,0.0029,0.00291,0.0029,0.0029,197113.0
2026-04-03 23:15:00,0.0029,0.0029,0.00289,0.0029,2580733.0
2026-04-03 23:30:00,0.0029,0.0029,0.00289,0.0029,145852.0
2026-04-03 23:45:00,0.0029,0.0029,0.00289,0.0029,3191089.0
2026-04-04 00:00:00,0.0029,0.0029,0.00286,0.00287,5628998.0
2026-04-04 00:15:00,0.00286,0.00288,0.00286,0.00288,1506133.0
2026-04-04 00:30:00,0.00288,0.00288,0.00287,0.00288,359840.0
2026-04-04 00:45:00,0.00287,0.00288,0.00287,0.00288,1282628.0
2026-04-04 01:00:00,0.00288,0.00289,0.00288,0.00288,3491259.0
2026-04-04 01:15:00,0.00288,0.00288,0.00287,0.00288,63644.0
2026-04-04 01:30:00,0.00288,0.00288,0.00287,0.00287,148661.0
2026-04-04 01:45:00,0.00288,0.00288,0.00288,0.00288,133667.0
2026-04-04 02:00:00,0.00287,0.00288,0.00286,0.00286,4292789.0
2026-04-04 02:15:00,0.00287,0.00287,0.00286,0.00287,1650120.0
2026-04-04 02:30:00,0.00286,0.00287,0.00286,0.00287,2869245.0
2026-04-04 02:45:00,0.00286,0.00286,0.00285,0.00285,5111741.0
2026-04-04 03:00:00,0.00285,0.00286,0.00285,0.00286,2252694.0
2026-04-04 03:15:00,0.00286,0.00287,0.00286,0.00287,316825.0
2026-04-04 03:30:00,0.00287,0.00287,0.00287,0.00287,364385.0
2026-04-04 03:45:00,0.00287,0.00287,0.00286,0.00286,2201962.0
2026-04-04 04:00:00,0.00286,0.00286,0.00285,0.00286,1165211.0
2026-04-04 04:15:00,0.00286,0.00287,0.00285,0.00287,9867393.0
2026-04-04 04:30:00,0.00287,0.00289,0.00287,0.00288,4189309.0
2026-04-04 04:45:00,0.00288,0.00289,0.00288,0.00289,4270898.0
2026-04-04 05:00:00,0.00288,0.00289,0.00287,0.00289,5632070.0
2026-04-04 05:15:00,0.00289,0.00289,0.00288,0.00289,3715660.0
2026-04-04 05:30:00,0.00288,0.00292,0.00288,0.00289,12693841.0
2026-04-04 05:45:00,0.00289,0.0029,0.00289,0.00289,4785292.0
2026-04-04 06:00:00,0.00289,0.00289,0.00288,0.00288,5919023.0
2026-04-04 06:15:00,0.00288,0.00289,0.00288,0.00289,177475.0
2026-04-04 06:30:00,0.00289,0.0029,0.00289,0.0029,2757948.0
2026-04-04 06:45:00,0.0029,0.00291,0.0029,0.00291,1934966.0
2026-04-04 07:00:00,0.0029,0.00291,0.0029,0.0029,1034894.0
2026-04-04 07:15:00,0.00291,0.00291,0.0029,0.0029,155129.0
2026-04-04 07:30:00,0.0029,0.0029,0.0029,0.0029,1019140.0
2026-04-04 07:45:00,0.0029,0.0029,0.00289,0.0029,5506515.0
2026-04-04 08:00:00,0.00289,0.00289,0.00289,0.00289,549895.0
2026-04-04 08:15:00,0.0029,0.0029,0.00289,0.0029,444280.0
2026-04-04 08:30:00,0.00289,0.00289,0.00288,0.00289,1067025.0
2026-04-04 08:45:00,0.00289,0.00289,0.00288,0.00288,1573012.0
2026-04-04 09:00:00,0.00289,0.0029,0.00289,0.0029,1121536.0
2026-04-04 09:15:00,0.00289,0.00289,0.00288,0.00288,1119529.0
2026-04-04 09:30:00,0.00289,0.00289,0.00288,0.00289,359427.0
2026-04-04 09:45:00,0.00289,0.0029,0.00289,0.00289,6843500.0
2026-04-04 10:00:00,0.00289,0.0029,0.00288,0.00289,959882.0
2026-04-04 10:15:00,0.00288,0.00289,0.00288,0.00288,716952.0
2026-04-04 10:30:00,0.00289,0.0029,0.00288,0.00289,2530099.0
2026-04-04 10:45:00,0.0029,0.0029,0.00289,0.0029,127915.0
2026-04-04 11:00:00,0.0029,0.0029,0.00289,0.00289,5227910.0
2026-04-04 11:15:00,0.00289,0.0029,0.00289,0.00289,183474.0
2026-04-04 11:30:00,0.00289,0.00289,0.00288,0.00289,1803420.0
2026-04-04 11:45:00,0.00289,0.0029,0.00289,0.0029,418323.0
2026-04-04 12:00:00,0.00289,0.0029,0.00289,0.00289,2781417.0
2026-04-04 12:15:00,0.0029,0.0029,0.00289,0.0029,302509.0
2026-04-04 12:30:00,0.00289,0.00289,0.00288,0.00288,2255219.0
2026-04-04 12:45:00,0.00289,0.00289,0.00288,0.00288,265361.0
2026-04-04 13:00:00,0.00288,0.00288,0.00287,0.00288,3381807.0
2026-04-04 13:15:00,0.00288,0.00289,0.00288,0.00288,3102540.0
2026-04-04 13:30:00,0.00288,0.00289,0.00288,0.00289,1683738.0
2026-04-04 13:45:00,0.00289,0.00289,0.00287,0.00288,4224751.0
2026-04-04 14:00:00,0.00288,0.00288,0.00287,0.00287,523474.0
2026-04-04 14:15:00,0.00287,0.00288,0.00287,0.00288,1518162.0
2026-04-04 14:30:00,0.00288,0.00288,0.00286,0.00288,11431027.0
2026-04-04 14:45:00,0.00288,0.0029,0.00288,0.0029,2284851.0
2026-04-04 15:00:00,0.0029,0.00292,0.0029,0.00291,4624087.0
2026-04-04 15:15:00,0.00292,0.00293,0.0029,0.0029,9501725.0
2026-04-04 15:30:00,0.0029,0.00291,0.0029,0.0029,1213340.0
2026-04-04 15:45:00,0.0029,0.00291,0.0029,0.0029,118559.0
2026-04-04 16:00:00,0.00291,0.00291,0.00289,0.0029,736892.0
2026-04-04 16:15:00,0.0029,0.00291,0.00289,0.00291,5592198.0
2026-04-04 16:30:00,0.0029,0.00291,0.0029,0.00291,2300758.0
2026-04-04 16:45:00,0.0029,0.0029,0.00289,0.0029,2405922.0
2026-04-04 17:00:00,0.0029,0.00291,0.00289,0.00291,11006742.0
2026-04-04 17:15:00,0.00291,0.00293,0.00291,0.00292,3318569.0
2026-04-04 17:30:00,0.00292,0.00293,0.00291,0.00292,2447204.0
2026-04-04 17:45:00,0.00292,0.00292,0.00291,0.00292,101151.0
2026-04-04 18:00:00,0.00291,0.00292,0.00291,0.00291,2954460.0
2026-04-04 18:15:00,0.00291,0.00292,0.0029,0.00292,6571392.0
2026-04-04 18:30:00,0.00291,0.00292,0.0029,0.00292,2418924.0
2026-04-04 18:45:00,0.00291,0.00292,0.0029,0.00291,1640424.0
2026-04-04 19:00:00,0.00291,0.00294,0.00291,0.00294,10044434.0
2026-04-04 19:15:00,0.00294,0.00294,0.00291,0.00291,4033105.0
2026-04-04 19:30:00,0.00292,0.00292,0.0029,0.00291,1564845.0
2026-04-04 19:45:00,0.00292,0.00292,0.00291,0.00292,3886855.0
2026-04-04 20:00:00,0.00291,0.00292,0.0029,0.00291,2352204.0
2026-04-04 20:15:00,0.00291,0.00291,0.00291,0.00291,1244015.0
2026-04-04 20:30:00,0.00291,0.00291,0.00291,0.00291,248789.0
2026-04-04 20:45:00,0.00291,0.00291,0.0029,0.0029,159592.0
2026-04-04 21:00:00,0.0029,0.0029,0.0029,0.0029,366019.0
2026-04-04 21:15:00,0.0029,0.00291,0.0029,0.00291,166499.0
2026-04-04 21:30:00,0.0029,0.00291,0.0029,0.00291,1314310.0
2026-04-04 21:45:00,0.00291,0.00291,0.0029,0.00291,38925.0
2026-04-04 22:00:00,0.0029,0.00291,0.0029,0.0029,323383.0
2026-04-04 22:15:00,0.0029,0.0029,0.0029,0.0029,10292.0
2026-04-04 22:30:00,0.00291,0.00291,0.0029,0.00291,1537048.0
2026-04-04 22:45:00,0.00292,0.00292,0.0029,0.0029,1128717.0
2026-04-04 23:00:00,0.00291,0.00292,0.00291,0.00291,4353690.0
2026-04-04 23:15:00,0.00291,0.00291,0.0029,0.0029,2069279.0
2026-04-04 23:30:00,0.0029,0.00291,0.0029,0.00291,76361.0
2026-04-04 23:45:00,0.00291,0.00294,0.0029,0.00293,12269919.0
2026-04-05 00:00:00,0.00293,0.00293,0.00292,0.00293,1485597.0
2026-04-05 00:15:00,0.00293,0.00293,0.00291,0.00291,1921686.0
2026-04-05 00:30:00,0.00291,0.00291,0.0029,0.00291,3717973.0
2026-04-05 00:45:00,0.0029,0.0029,0.0029,0.0029,4362782.0
2026-04-05 01:00:00,0.00289,0.0029,0.00288,0.00289,2843951.0
2026-04-05 01:15:00,0.0029,0.0029,0.00288,0.00289,401682.0
2026-04-05 01:30:00,0.00289,0.00289,0.00288,0.00288,251047.0
2026-04-05 01:45:00,0.00289,0.00289,0.00288,0.00289,258024.0
2026-04-05 02:00:00,0.00288,0.00288,0.00288,0.00288,2358555.0
2026-04-05 02:15:00,0.00289,0.00289,0.00288,0.00288,273699.0
2026-04-05 02:30:00,0.00289,0.00289,0.00288,0.00288,1143874.0
2026-04-05 02:45:00,0.00288,0.00288,0.00288,0.00288,546761.0
2026-04-05 03:00:00,0.00288,0.00288,0.00287,0.00287,2159106.0
2026-04-05 03:15:00,0.00287,0.00288,0.00287,0.00287,121408.0
2026-04-05 03:30:00,0.00288,0.00288,0.00287,0.00288,28688.0
2026-04-05 03:45:00,0.00288,0.00288,0.00287,0.00288,1879260.0
2026-04-05 04:00:00,0.00288,0.00288,0.00287,0.00287,1685090.0
2026-04-05 04:15:00,0.00287,0.00288,0.00286,0.00287,2328678.0
2026-04-05 04:30:00,0.00287,0.00287,0.00286,0.00287,1021413.0
2026-04-05 04:45:00,0.00287,0.00287,0.00286,0.00286,141278.0
2026-04-05 05:00:00,0.00287,0.00287,0.00286,0.00287,328245.0
2026-04-05 05:15:00,0.00287,0.00287,0.00286,0.00287,274665.0
2026-04-05 05:30:00,0.00287,0.00287,0.00285,0.00286,2310791.0
2026-04-05 05:45:00,0.00286,0.00286,0.00283,0.00284,6064074.0
2026-04-05 06:00:00,0.00284,0.00284,0.00281,0.00281,5838934.0
2026-04-05 06:15:00,0.00282,0.00282,0.00281,0.00281,8737854.0
2026-04-05 06:30:00,0.00282,0.00284,0.00282,0.00283,3337321.0
2026-04-05 06:45:00,0.00283,0.00283,0.00282,0.00283,2064858.0
2026-04-05 07:00:00,0.00282,0.00283,0.00282,0.00282,781421.0
2026-04-05 07:15:00,0.00282,0.00283,0.00282,0.00283,3383093.0
2026-04-05 07:30:00,0.00283,0.00283,0.00282,0.00282,2310155.0
2026-04-05 07:45:00,0.00282,0.00282,0.00282,0.00282,2961453.0
2026-04-05 08:00:00,0.00282,0.00283,0.00281,0.00283,5782268.0
2026-04-05 08:15:00,0.00283,0.00283,0.00282,0.00283,1054177.0
2026-04-05 08:30:00,0.00283,0.00283,0.00282,0.00282,1656824.0
2026-04-05 08:45:00,0.00283,0.00284,0.00283,0.00283,745685.0
2026-04-05 09:00:00,0.00284,0.00285,0.00283,0.00283,5761821.0
2026-04-05 09:15:00,0.00284,0.00285,0.00283,0.00285,6625284.0
2026-04-05 09:30:00,0.00284,0.00285,0.00284,0.00284,1036868.0
2026-04-05 09:45:00,0.00284,0.00285,0.00284,0.00284,103038.0
2026-04-05 10:00:00,0.00285,0.00285,0.00284,0.00284,2236013.0
2026-04-05 10:15:00,0.00285,0.00285,0.00285,0.00285,163475.0
2026-04-05 10:30:00,0.00284,0.00286,0.00284,0.00285,4123703.0
2026-04-05 10:45:00,0.00285,0.00285,0.00283,0.00284,1486508.0
2026-04-05 11:00:00,0.00283,0.00284,0.00282,0.00283,4734460.0
2026-04-05 11:15:00,0.00283,0.00284,0.00282,0.00283,369320.0
2026-04-05 11:30:00,0.00282,0.00284,0.00282,0.00284,10794178.0
2026-04-05 11:45:00,0.00284,0.00285,0.00283,0.00285,3744125.0
2026-04-05 12:00:00,0.00285,0.00285,0.00284,0.00284,208958.0
2026-04-05 12:15:00,0.00285,0.00285,0.00284,0.00284,3222809.0
2026-04-05 12:30:00,0.00283,0.00284,0.00282,0.00282,903425.0
2026-04-05 12:45:00,0.00283,0.00283,0.00282,0.00282,2062986.0
2026-04-05 13:00:00,0.00282,0.00283,0.00282,0.00282,625510.0
2026-04-05 13:15:00,0.00282,0.00282,0.00281,0.00281,4112313.0
2026-04-05 13:30:00,0.00281,0.00283,0.00281,0.00282,2730933.0
2026-04-05 13:45:00,0.00283,0.00284,0.00282,0.00284,8159030.0
2026-04-05 14:00:00,0.00284,0.00284,0.00283,0.00283,2624614.0
2026-04-05 14:15:00,0.00283,0.00283,0.00281,0.00283,8181043.0
2026-04-05 14:30:00,0.00283,0.00283,0.00282,0.00282,215452.0
2026-04-05 14:45:00,0.00283,0.00283,0.00282,0.00282,473714.0
2026-04-05 15:00:00,0.00282,0.00282,0.0028,0.00282,6256076.0
2026-04-05 15:15:00,0.00282,0.00285,0.00281,0.00285,9449156.0
2026-04-05 15:30:00,0.00285,0.00286,0.00284,0.00284,4573759.0
2026-04-05 15:45:00,0.00285,0.00285,0.00284,0.00284,3301592.0
2026-04-05 16:00:00,0.00284,0.00285,0.00283,0.00284,1183723.0
2026-04-05 16:15:00,0.00285,0.00285,0.00283,0.00283,7815230.0
2026-04-05 16:30:00,0.00283,0.00285,0.00283,0.00284,16395660.0
2026-04-05 16:45:00,0.00284,0.00284,0.00283,0.00283,3728686.0
2026-04-05 17:00:00,0.00283,0.00283,0.00282,0.00283,1652732.0
2026-04-05 17:15:00,0.00283,0.00283,0.00282,0.00282,2591353.0
2026-04-05 17:30:00,0.00282,0.00285,0.00282,0.00284,2138089.0
2026-04-05 17:45:00,0.00283,0.00284,0.00283,0.00284,1247259.0
2026-04-05 18:00:00,0.00284,0.00284,0.00283,0.00284,2042782.0
2026-04-05 18:15:00,0.00284,0.00284,0.00283,0.00284,1016353.0
2026-04-05 18:30:00,0.00284,0.00285,0.00284,0.00285,1135881.0
2026-04-05 18:45:00,0.00284,0.00285,0.00283,0.00283,645211.0
2026-04-05 19:00:00,0.00283,0.00284,0.00283,0.00284,1399038.0
2026-04-05 19:15:00,0.00284,0.00285,0.00283,0.00285,871082.0
2026-04-05 19:30:00,0.00284,0.00284,0.00282,0.00282,860925.0
2026-04-05 19:45:00,0.00282,0.00283,0.00282,0.00283,2019322.0
2026-04-05 20:00:00,0.00283,0.00284,0.00283,0.00283,440707.0
2026-04-05 20:15:00,0.00284,0.00284,0.00283,0.00284,1016723.0
2026-04-05 20:30:00,0.00284,0.00284,0.00283,0.00283,18841060.0
2026-04-05 20:45:00,0.00282,0.00284,0.00282,0.00284,2107583.0
2026-04-05 21:00:00,0.00283,0.00284,0.00282,0.00283,4951963.0
2026-04-05 21:15:00,0.00283,0.00283,0.00282,0.00283,501007.0
2026-04-05 21:30:00,0.00282,0.00283,0.00282,0.00282,86285.0
2026-04-05 21:45:00,0.00283,0.00284,0.00282,0.00283,1356793.0
2026-04-05 22:00:00,0.00283,0.00284,0.00283,0.00283,2430025.0
2026-04-05 22:15:00,0.00284,0.00284,0.00283,0.00283,344573.0
2026-04-05 22:30:00,0.00284,0.00286,0.00283,0.00286,5294995.0
2026-04-05 22:45:00,0.00286,0.00288,0.00286,0.00287,3478685.0
2026-04-05 23:00:00,0.00287,0.00288,0.00286,0.00287,5012107.0
2026-04-05 23:15:00,0.00288,0.0029,0.00287,0.00289,6928127.0
2026-04-05 23:30:00,0.00289,0.00291,0.00289,0.00289,8241689.0
2026-04-05 23:45:00,0.00289,0.00291,0.00289,0.00291,3558151.0
2026-04-06 00:00:00,0.00291,0.00293,0.00291,0.00291,8170290.0
2026-04-06 00:15:00,0.00292,0.00294,0.00292,0.00292,8430165.0
2026-04-06 00:30:00,0.00293,0.00294,0.00292,0.00293,3583697.0
2026-04-06 00:45:00,0.00293,0.00294,0.00293,0.00293,2433428.0
2026-04-06 01:00:00,0.00293,0.00293,0.00291,0.00292,5909126.0
2026-04-06 01:15:00,0.00292,0.00292,0.00291,0.00292,1780375.0
2026-04-06 01:30:00,0.00292,0.00293,0.00292,0.00292,3297904.0
2026-04-06 01:45:00,0.00293,0.00293,0.00292,0.00292,93760.0
2026-04-06 02:00:00,0.00292,0.00297,0.00292,0.00295,10673275.0
2026-04-06 02:15:00,0.00295,0.00297,0.00294,0.00295,5332101.0
2026-04-06 02:30:00,0.00296,0.00297,0.00294,0.00294,27362701.0
2026-04-06 02:45:00,0.00295,0.00296,0.00295,0.00295,5304765.0
2026-04-06 03:00:00,0.00296,0.00298,0.00295,0.00296,16594897.0
2026-04-06 03:15:00,0.00296,0.00296,0.00294,0.00294,4149519.0
2026-04-06 03:30:00,0.00294,0.00295,0.00294,0.00294,995443.0
2026-04-06 03:45:00,0.00294,0.00295,0.00293,0.00294,1850185.0
2026-04-06 04:00:00,0.00295,0.00295,0.00294,0.00294,4864444.0
2026-04-06 04:15:00,0.00293,0.00294,0.00293,0.00293,2081633.0
2026-04-06 04:30:00,0.00293,0.00296,0.00293,0.00295,12145975.0
2026-04-06 04:45:00,0.00295,0.00295,0.00294,0.00294,3724204.0
2026-04-06 05:00:00,0.00294,0.00295,0.00294,0.00294,362394.0
2026-04-06 05:15:00,0.00294,0.00295,0.00294,0.00294,8030298.0
2026-04-06 05:30:00,0.00293,0.00295,0.00293,0.00294,5366112.0
2026-04-06 05:45:00,0.00294,0.00294,0.00293,0.00294,2379091.0
2026-04-06 06:00:00,0.00294,0.00295,0.00293,0.00294,2603672.0
2026-04-06 06:15:00,0.00294,0.00294,0.00292,0.00292,1269088.0
2026-04-06 06:30:00,0.00292,0.00295,0.00292,0.00294,3035968.0
2026-04-06 06:45:00,0.00294,0.00296,0.00294,0.00294,2572697.0
2026-04-06 07:00:00,0.00294,0.00294,0.00293,0.00293,4636348.0
2026-04-06 07:15:00,0.00294,0.00295,0.00293,0.00293,3224537.0
2026-04-06 07:30:00,0.00293,0.00294,0.00293,0.00293,222914.0
2026-04-06 07:45:00,0.00293,0.00295,0.00293,0.00294,2447369.0
2026-04-06 08:00:00,0.00294,0.00295,0.00293,0.00294,2089187.0
2026-04-06 08:15:00,0.00294,0.00295,0.00294,0.00294,1414078.0
2026-04-06 08:30:00,0.00294,0.00296,0.00294,0.00294,2015514.0
2026-04-06 08:45:00,0.00295,0.00295,0.00293,0.00293,3541035.0
2026-04-06 09:00:00,0.00294,0.00295,0.00294,0.00295,6889222.0
2026-04-06 09:15:00,0.00295,0.00297,0.00294,0.00295,14599775.0
2026-04-06 09:30:00,0.00296,0.00296,0.00294,0.00294,1499045.0
2026-04-06 09:45:00,0.00294,0.00296,0.00294,0.00295,905217.0
2026-04-06 10:00:00,0.00296,0.00298,0.00296,0.00297,5487903.0
2026-04-06 10:15:00,0.00297,0.00298,0.00297,0.00297,975620.0
2026-04-06 10:30:00,0.00298,0.00299,0.00298,0.00299,3460002.0
2026-04-06 10:45:00,0.00298,0.00298,0.00297,0.00297,4950972.0
2026-04-06 11:00:00,0.00298,0.00298,0.00297,0.00297,495201.0
2026-04-06 11:15:00,0.00297,0.00298,0.00297,0.00297,602428.0
2026-04-06 11:30:00,0.00298,0.00298,0.00296,0.00297,10152410.0
2026-04-06 11:45:00,0.00297,0.003,0.00297,0.00299,20697291.0
2026-04-06 12:00:00,0.00299,0.003,0.00299,0.003,4633879.0
2026-04-06 12:15:00,0.00299,0.003,0.00298,0.00299,4379544.0
2026-04-06 12:30:00,0.00299,0.00299,0.00297,0.00297,8329854.0
2026-04-06 12:45:00,0.00297,0.003,0.00297,0.003,9363773.0
2026-04-06 13:00:00,0.00299,0.00299,0.00298,0.00299,5581067.0
2026-04-06 13:15:00,0.00298,0.00299,0.00298,0.00298,818052.0
2026-04-06 13:30:00,0.00299,0.00299,0.00296,0.00297,10280992.0
2026-04-06 13:45:00,0.00297,0.00297,0.00296,0.00296,5666104.0
2026-04-06 14:00:00,0.00297,0.00297,0.00294,0.00296,18546469.0
2026-04-06 14:15:00,0.00296,0.00297,0.00295,0.00296,12929258.0
2026-04-06 14:30:00,0.00297,0.00297,0.00293,0.00295,10166989.0
2026-04-06 14:45:00,0.00294,0.00297,0.00294,0.00296,7088914.0
2026-04-06 15:00:00,0.00296,0.00298,0.00296,0.00296,3362600.0
2026-04-06 15:15:00,0.00296,0.00297,0.00296,0.00297,9149487.0
2026-04-06 15:30:00,0.00298,0.00299,0.00297,0.00297,4664763.0
2026-04-06 15:45:00,0.00297,0.00299,0.00297,0.00297,20320770.0
2026-04-06 16:00:00,0.00297,0.00298,0.00296,0.00296,4876734.0
2026-04-06 16:15:00,0.00296,0.00297,0.00296,0.00296,2663725.0
2026-04-06 16:30:00,0.00296,0.00297,0.00295,0.00296,6834963.0
2026-04-06 16:45:00,0.00296,0.00297,0.00294,0.00296,6169674.0
2026-04-06 17:00:00,0.00296,0.00297,0.00293,0.00293,17497453.0
2026-04-06 17:15:00,0.00294,0.00296,0.00294,0.00296,3325080.0
2026-04-06 17:30:00,0.00295,0.00296,0.00294,0.00294,6323468.0
2026-04-06 17:45:00,0.00294,0.00296,0.00294,0.00295,2755700.0
2026-04-06 18:00:00,0.00294,0.00296,0.00294,0.00295,1640658.0
2026-04-06 18:15:00,0.00296,0.00297,0.00295,0.00296,3633830.0
2026-04-06 18:30:00,0.00297,0.00297,0.00295,0.00295,807203.0
2026-04-06 18:45:00,0.00295,0.00296,0.00295,0.00295,207261.0
2026-04-06 19:00:00,0.00295,0.00296,0.00294,0.00295,450482.0
2026-04-06 19:15:00,0.00295,0.00295,0.00294,0.00294,2241998.0
2026-04-06 19:30:00,0.00294,0.00294,0.00293,0.00294,479040.0
2026-04-06 19:45:00,0.00294,0.00295,0.00293,0.00295,2801193.0
2026-04-06 20:00:00,0.00295,0.00295,0.00294,0.00294,3488733.0
2026-04-06 20:15:00,0.00294,0.00295,0.00293,0.00295,4336856.0
2026-04-06 20:30:00,0.00295,0.00295,0.00294,0.00295,2213166.0
2026-04-06 20:45:00,0.00294,0.00294,0.00293,0.00293,3792991.0
2026-04-06 21:00:00,0.00293,0.00294,0.00292,0.00292,16604180.0
2026-04-06 21:15:00,0.00292,0.00293,0.00291,0.00292,3494959.0
2026-04-06 21:30:00,0.00292,0.00293,0.00292,0.00292,6078642.0
2026-04-06 21:45:00,0.00292,0.00292,0.00291,0.00291,174527.0
2026-04-06 22:00:00,0.00292,0.00292,0.00292,0.00292,563437.0
2026-04-06 22:15:00,0.00292,0.00292,0.00291,0.00291,4767440.0
2026-04-06 22:30:00,0.00291,0.00292,0.0029,0.00291,5392653.0
2026-04-06 22:45:00,0.0029,0.0029,0.00286,0.00286,10744471.0
2026-04-06 23:00:00,0.00286,0.00287,0.00284,0.00286,26695898.0
2026-04-06 23:15:00,0.00286,0.00287,0.00285,0.00285,4250434.0
2026-04-06 23:30:00,0.00285,0.00286,0.00285,0.00286,1377465.0
2026-04-06 23:45:00,0.00287,0.00288,0.00285,0.00287,6173751.0
2026-04-07 00:00:00,0.00286,0.00288,0.00286,0.00287,14172366.0
2026-04-07 00:15:00,0.00287,0.00287,0.00286,0.00287,6335888.0
2026-04-07 00:30:00,0.00287,0.00287,0.00286,0.00287,3883399.0
2026-04-07 00:45:00,0.00286,0.00288,0.00286,0.00287,1904426.0
2026-04-07 01:00:00,0.00287,0.00287,0.00286,0.00286,2027421.0
2026-04-07 01:15:00,0.00286,0.00289,0.00286,0.00287,4731296.0
2026-04-07 01:30:00,0.00286,0.00288,0.00286,0.00288,3773335.0
2026-04-07 01:45:00,0.00287,0.00288,0.00286,0.00287,3736726.0
2026-04-07 02:00:00,0.00286,0.00286,0.00285,0.00286,2052014.0
2026-04-07 02:15:00,0.00286,0.00287,0.00286,0.00286,3686835.0
2026-04-07 02:30:00,0.00287,0.00288,0.00286,0.00287,4254813.0
2026-04-07 02:45:00,0.00287,0.00288,0.00287,0.00287,3481703.0
2026-04-07 03:00:00,0.00288,0.00289,0.00287,0.00288,1322950.0
2026-04-07 03:15:00,0.00287,0.00288,0.00287,0.00287,1345250.0
2026-04-07 03:30:00,0.00288,0.00289,0.00288,0.00289,923864.0
2026-04-07 03:45:00,0.00289,0.00289,0.00288,0.00289,327632.0
2026-04-07 04:00:00,0.00289,0.00289,0.00287,0.00288,2524254.0
2026-04-07 04:15:00,0.00288,0.00289,0.00287,0.00288,2707450.0
2026-04-07 04:30:00,0.00288,0.00289,0.00288,0.00289,754866.0
2026-04-07 04:45:00,0.00288,0.0029,0.00288,0.00289,3222692.0
2026-04-07 05:00:00,0.00289,0.00289,0.00287,0.00288,1076824.0
2026-04-07 05:15:00,0.00288,0.00288,0.00287,0.00288,3127261.0
2026-04-07 05:30:00,0.00287,0.00288,0.00286,0.00287,4135345.0
2026-04-07 05:45:00,0.00286,0.00288,0.00286,0.00287,3836763.0
2026-04-07 06:00:00,0.00287,0.00287,0.00286,0.00286,2430565.0
2026-04-07 06:15:00,0.00286,0.00287,0.00285,0.00286,3620647.0
2026-04-07 06:30:00,0.00287,0.00287,0.00285,0.00287,2016007.0
2026-04-07 06:45:00,0.00286,0.00287,0.00286,0.00287,282122.0
2026-04-07 07:00:00,0.00286,0.00287,0.00285,0.00287,3623996.0
2026-04-07 07:15:00,0.00287,0.00288,0.00286,0.00287,1222973.0
2026-04-07 07:30:00,0.00288,0.00288,0.00287,0.00288,1534804.0
2026-04-07 07:45:00,0.00288,0.00288,0.00287,0.00287,399284.0
2026-04-07 08:00:00,0.00288,0.00289,0.00287,0.00288,4220573.0
2026-04-07 08:15:00,0.00287,0.00288,0.00286,0.00286,2168517.0
2026-04-07 08:30:00,0.00285,0.00286,0.00283,0.00283,11028882.0
2026-04-07 08:45:00,0.00284,0.00285,0.00283,0.00285,3808799.0
2026-04-07 09:00:00,0.00285,0.00286,0.00285,0.00285,4567942.0
2026-04-07 09:15:00,0.00285,0.00286,0.00285,0.00285,3638678.0
2026-04-07 09:30:00,0.00285,0.00287,0.00285,0.00286,4570752.0
2026-04-07 09:45:00,0.00286,0.00287,0.00286,0.00286,1718591.0
2026-04-07 10:00:00,0.00286,0.00286,0.00283,0.00284,12397120.0
2026-04-07 10:15:00,0.00285,0.00286,0.00283,0.00283,3745744.0
2026-04-07 10:30:00,0.00284,0.00284,0.00283,0.00283,4636801.0
2026-04-07 10:45:00,0.00283,0.00283,0.00282,0.00282,5302970.0
2026-04-07 11:00:00,0.00282,0.00283,0.00281,0.00282,3226115.0
2026-04-07 11:15:00,0.00283,0.00283,0.00281,0.00282,2491010.0
2026-04-07 11:30:00,0.00282,0.00283,0.00281,0.00282,2673769.0
2026-04-07 11:45:00,0.00282,0.00282,0.00281,0.00282,2654656.0
2026-04-07 12:00:00,0.00282,0.00282,0.00278,0.0028,46227908.0
2026-04-07 12:15:00,0.00281,0.00282,0.0028,0.0028,6203471.0
2026-04-07 12:30:00,0.00281,0.00281,0.0028,0.00281,2295824.0
2026-04-07 12:45:00,0.00281,0.00282,0.0028,0.00282,5082049.0
2026-04-07 13:00:00,0.00282,0.00283,0.00281,0.00282,1836812.0
2026-04-07 13:15:00,0.00283,0.00283,0.00281,0.00282,868078.0
2026-04-07 13:30:00,0.00282,0.00283,0.00281,0.00282,7867100.0
2026-04-07 13:45:00,0.00282,0.00282,0.00281,0.00282,2958601.0
2026-04-07 14:00:00,0.00282,0.00282,0.0028,0.00281,11920403.0
2026-04-07 14:15:00,0.00281,0.00283,0.00281,0.00281,7057578.0
2026-04-07 14:30:00,0.00281,0.00282,0.0028,0.0028,4891734.0
2026-04-07 14:45:00,0.0028,0.00281,0.00279,0.0028,13242447.0
2026-04-07 15:00:00,0.00279,0.0028,0.00277,0.0028,37368870.0
2026-04-07 15:15:00,0.0028,0.00282,0.0028,0.00282,17517766.0
2026-04-07 15:30:00,0.00282,0.00282,0.00281,0.00282,764732.0
2026-04-07 15:45:00,0.00282,0.00282,0.00281,0.00282,2422748.0
2026-04-07 16:00:00,0.00282,0.00284,0.00282,0.00282,12625339.0
2026-04-07 16:15:00,0.00283,0.00285,0.00281,0.00284,32411008.0
2026-04-07 16:30:00,0.00284,0.00284,0.00282,0.00283,5581641.0
2026-04-07 16:45:00,0.00283,0.00283,0.00282,0.00282,771829.0
2026-04-07 17:00:00,0.00282,0.00283,0.00281,0.00281,1868522.0
2026-04-07 17:15:00,0.00281,0.00282,0.00281,0.00282,663715.0
2026-04-07 17:30:00,0.00282,0.00286,0.00282,0.00285,3508478.0
2026-04-07 17:45:00,0.00284,0.00285,0.00284,0.00285,75844.0
2026-04-07 18:00:00,0.00284,0.00285,0.00283,0.00284,689095.0
2026-04-07 18:15:00,0.00284,0.00285,0.00283,0.00284,1787602.0
2026-04-07 18:30:00,0.00285,0.00285,0.00284,0.00285,3893708.0
2026-04-07 18:45:00,0.00284,0.00285,0.00283,0.00284,3414822.0
2026-04-07 19:00:00,0.00283,0.00285,0.00283,0.00285,3840051.0
2026-04-07 19:15:00,0.00284,0.00286,0.00284,0.00285,2962224.0
2026-04-07 19:30:00,0.00286,0.00286,0.00284,0.00286,1951776.0
2026-04-07 19:45:00,0.00285,0.00289,0.00285,0.00288,15749514.0
2026-04-07 20:00:00,0.00288,0.0029,0.00288,0.00289,6264199.0
2026-04-07 20:15:00,0.0029,0.0029,0.00288,0.00289,4238206.0
2026-04-07 20:30:00,0.0029,0.0029,0.00289,0.00289,4191902.0
2026-04-07 20:45:00,0.0029,0.0029,0.00288,0.00288,4066706.0
2026-04-07 21:00:00,0.00288,0.00294,0.00288,0.00293,22097517.0
2026-04-07 21:15:00,0.00293,0.00293,0.00291,0.00291,1517994.0
2026-04-07 21:30:00,0.00292,0.00294,0.00292,0.00294,4654453.0
2026-04-07 21:45:00,0.00294,0.00297,0.00294,0.00296,10055659.0
2026-04-07 22:00:00,0.00297,0.00301,0.00296,0.00298,56714485.0
2026-04-07 22:15:00,0.00299,0.00299,0.00298,0.00299,6294390.0
2026-04-07 22:30:00,0.00299,0.00305,0.00299,0.00302,55309039.0
2026-04-07 22:45:00,0.00302,0.00308,0.00302,0.00307,34377697.0
2026-04-07 23:00:00,0.00308,0.0031,0.00305,0.00305,27524585.0
2026-04-07 23:15:00,0.00306,0.00308,0.00304,0.00308,34776309.0
2026-04-07 23:30:00,0.00308,0.0031,0.00307,0.00309,29288227.0
2026-04-07 23:45:00,0.00309,0.00312,0.00309,0.0031,54768345.0
2026-04-08 00:00:00,0.0031,0.00311,0.00308,0.0031,22709326.0
2026-04-08 00:15:00,0.00311,0.00311,0.00307,0.00307,7570670.0
2026-04-08 00:30:00,0.00308,0.00314,0.00306,0.00309,83969926.0
2026-04-08 00:45:00,0.00309,0.00309,0.00307,0.00307,9846344.0
2026-04-08 01:00:00,0.00308,0.00309,0.00306,0.00308,13836345.0
2026-04-08 01:15:00,0.00309,0.00309,0.00307,0.00308,4132607.0
2026-04-08 01:30:00,0.00308,0.0031,0.00307,0.0031,7691714.0
2026-04-08 01:45:00,0.0031,0.00312,0.00309,0.0031,9527972.0
2026-04-08 02:00:00,0.00311,0.00313,0.0031,0.00312,12379802.0
2026-04-08 02:15:00,0.00312,0.00312,0.00309,0.00309,7575345.0
2026-04-08 02:30:00,0.00309,0.0031,0.00308,0.00308,2743175.0
2026-04-08 02:45:00,0.00308,0.0031,0.00308,0.00309,9311369.0
2026-04-08 03:00:00,0.0031,0.00312,0.0031,0.00311,12909493.0
2026-04-08 03:15:00,0.00311,0.00312,0.00309,0.00312,13210943.0
2026-04-08 03:30:00,0.00312,0.00312,0.0031,0.0031,6381640.0
2026-04-08 03:45:00,0.0031,0.00311,0.0031,0.0031,1908465.0
2026-04-08 04:00:00,0.0031,0.00312,0.0031,0.00311,11535347.0
2026-04-08 04:15:00,0.00312,0.00313,0.00311,0.00312,11800146.0
2026-04-08 04:30:00,0.00312,0.00313,0.00311,0.00311,9118466.0
2026-04-08 04:45:00,0.00312,0.00312,0.0031,0.0031,6753458.0
2026-04-08 05:00:00,0.00311,0.00311,0.0031,0.00311,4111912.0
2026-04-08 05:15:00,0.00311,0.00313,0.00311,0.00313,19179602.0
2026-04-08 05:30:00,0.00313,0.00313,0.00311,0.00311,3164926.0
2026-04-08 05:45:00,0.00311,0.00312,0.0031,0.00312,7310185.0
2026-04-08 06:00:00,0.00312,0.00314,0.00312,0.00312,26708453.0
2026-04-08 06:15:00,0.00313,0.00313,0.00312,0.00312,6947078.0
2026-04-08 06:30:00,0.00312,0.00312,0.00311,0.00311,3590636.0
2026-04-08 06:45:00,0.00311,0.00313,0.00311,0.00312,7906091.0
2026-04-08 07:00:00,0.00313,0.00313,0.00312,0.00312,6641202.0
2026-04-08 07:15:00,0.00313,0.00314,0.00312,0.00313,6619919.0
2026-04-08 07:30:00,0.00313,0.00313,0.00311,0.00311,341980.0
2026-04-08 07:45:00,0.00311,0.00312,0.00311,0.00311,9547161.0
2026-04-08 08:00:00,0.00311,0.00312,0.0031,0.0031,2968639.0
2026-04-08 08:15:00,0.0031,0.00311,0.00308,0.00309,18673747.0
2026-04-08 08:30:00,0.00309,0.0031,0.00308,0.00309,13947342.0
2026-04-08 08:45:00,0.00309,0.0031,0.00309,0.00309,1071609.0
2026-04-08 09:00:00,0.00309,0.0031,0.00309,0.00309,5384064.0
2026-04-08 09:15:00,0.0031,0.0031,0.00308,0.00308,5017916.0
2026-04-08 09:30:00,0.00308,0.00309,0.00307,0.00308,1778623.0
2026-04-08 09:45:00,0.00308,0.00309,0.00307,0.00308,8176632.0
2026-04-08 10:00:00,0.00309,0.0031,0.00308,0.00308,9232113.0
2026-04-08 10:15:00,0.00308,0.00309,0.00308,0.00308,525832.0
2026-04-08 10:30:00,0.00308,0.00308,0.00307,0.00308,4249908.0
2026-04-08 10:45:00,0.00307,0.00308,0.00307,0.00307,7423667.0
2026-04-08 11:00:00,0.00306,0.00307,0.00306,0.00307,9522495.0
2026-04-08 11:15:00,0.00307,0.00308,0.00306,0.00307,6299559.0
2026-04-08 11:30:00,0.00307,0.00307,0.00304,0.00306,10871580.0
2026-04-08 11:45:00,0.00306,0.00308,0.00305,0.00306,8178564.0
2026-04-08 12:00:00,0.00306,0.00307,0.00305,0.00305,7630731.0
2026-04-08 12:15:00,0.00305,0.00306,0.00304,0.00304,12021111.0
2026-04-08 12:30:00,0.00304,0.00306,0.00304,0.00304,25155496.0
2026-04-08 12:45:00,0.00304,0.00305,0.00304,0.00304,5802206.0
2026-04-08 13:00:00,0.00304,0.00306,0.00304,0.00305,14806204.0
2026-04-08 13:15:00,0.00306,0.00306,0.00304,0.00305,8733893.0
2026-04-08 13:30:00,0.00305,0.00307,0.00305,0.00306,8537194.0
2026-04-08 13:45:00,0.00305,0.00307,0.00305,0.00307,6036433.0
2026-04-08 14:00:00,0.00306,0.00308,0.00305,0.00308,10250548.0
2026-04-08 14:15:00,0.00308,0.00308,0.00305,0.00306,6936913.0
2026-04-08 14:30:00,0.00306,0.00306,0.00303,0.00304,15683505.0
2026-04-08 14:45:00,0.00304,0.00304,0.00302,0.00303,14731385.0
2026-04-08 15:00:00,0.00303,0.00304,0.00302,0.00304,12708651.0
2026-04-08 15:15:00,0.00304,0.00307,0.00304,0.00305,13433161.0
2026-04-08 15:30:00,0.00305,0.00306,0.00304,0.00305,4424833.0
2026-04-08 15:45:00,0.00305,0.00306,0.00305,0.00306,655569.0
2026-04-08 16:00:00,0.00306,0.00312,0.00306,0.00308,57733002.0
2026-04-08 16:15:00,0.00308,0.00313,0.00307,0.00312,38819817.0
2026-04-08 16:30:00,0.00312,0.00314,0.00308,0.00309,58562415.0
2026-04-08 16:45:00,0.00309,0.0031,0.00308,0.00309,25189028.0
2026-04-08 17:00:00,0.00309,0.00313,0.00309,0.00312,17511747.0
2026-04-08 17:15:00,0.00312,0.00312,0.00308,0.00308,16414145.0
2026-04-08 17:30:00,0.00308,0.00309,0.00308,0.00309,6566155.0
2026-04-08 17:45:00,0.00308,0.00309,0.00307,0.00307,2913753.0
2026-04-08 18:00:00,0.00308,0.00308,0.00307,0.00307,854842.0
2026-04-08 18:15:00,0.00307,0.00307,0.00306,0.00306,8059921.0
2026-04-08 18:30:00,0.00306,0.00307,0.00304,0.00305,7475974.0
2026-04-08 18:45:00,0.00304,0.00306,0.00304,0.00304,4912622.0
2026-04-08 19:00:00,0.00305,0.00306,0.00304,0.00305,7113921.0
2026-04-08 19:15:00,0.00305,0.00306,0.00303,0.00303,10231738.0
2026-04-08 19:30:00,0.00303,0.00305,0.00303,0.00305,12166442.0
2026-04-08 19:45:00,0.00305,0.00306,0.00304,0.00306,5790008.0
2026-04-08 20:00:00,0.00307,0.00308,0.00305,0.00305,6032246.0
2026-04-08 20:15:00,0.00306,0.00306,0.00304,0.00305,1711849.0
2026-04-08 20:30:00,0.00304,0.00305,0.00303,0.00305,5372259.0
2026-04-08 20:45:00,0.00304,0.00306,0.00304,0.00306,3170730.0
2026-04-08 21:00:00,0.00305,0.00306,0.00304,0.00306,6155623.0
2026-04-08 21:15:00,0.00307,0.00311,0.00306,0.0031,6227339.0
2026-04-08 21:30:00,0.0031,0.0031,0.00309,0.0031,1836010.0
2026-04-08 21:45:00,0.0031,0.00311,0.00309,0.00311,11061440.0
2026-04-08 22:00:00,0.00311,0.00312,0.0031,0.0031,10225773.0
2026-04-08 22:15:00,0.0031,0.00311,0.00308,0.00308,6371806.0
2026-04-08 22:30:00,0.00308,0.0031,0.00308,0.00308,9827605.0
2026-04-08 22:45:00,0.00308,0.00309,0.00307,0.00307,3829427.0
2026-04-08 23:00:00,0.00307,0.00307,0.00305,0.00306,14551298.0
2026-04-08 23:15:00,0.00306,0.00307,0.00303,0.00304,7545409.0
2026-04-08 23:30:00,0.00303,0.00304,0.00303,0.00303,6427968.0
2026-04-08 23:45:00,0.00303,0.00304,0.00302,0.00304,8485857.0
2026-04-09 00:00:00,0.00303,0.00303,0.00302,0.00303,12763410.0
2026-04-09 00:15:00,0.00303,0.00304,0.003,0.003,5550427.0
2026-04-09 00:30:00,0.00301,0.00302,0.003,0.00302,5658690.0
2026-04-09 00:45:00,0.00302,0.00303,0.00301,0.00303,8378775.0
2026-04-09 01:00:00,0.00302,0.00303,0.00301,0.00302,6635755.0
2026-04-09 01:15:00,0.00302,0.00302,0.00299,0.003,5211057.0
2026-04-09 01:30:00,0.003,0.00301,0.00299,0.00301,5741472.0
2026-04-09 01:45:00,0.003,0.00302,0.003,0.00302,2937505.0
2026-04-09 02:00:00,0.00301,0.00302,0.003,0.00301,12785612.0
2026-04-09 02:15:00,0.00301,0.00302,0.003,0.00301,827908.0
2026-04-09 02:30:00,0.00301,0.00301,0.003,0.00301,1712984.0
2026-04-09 02:45:00,0.00302,0.00303,0.00301,0.00302,5148024.0
2026-04-09 03:00:00,0.00302,0.00304,0.00302,0.00304,3540988.0
2026-04-09 03:15:00,0.00304,0.00304,0.00302,0.00302,6877926.0
2026-04-09 03:30:00,0.00302,0.00302,0.00301,0.00301,2031153.0
2026-04-09 03:45:00,0.00301,0.00302,0.00301,0.00301,1837128.0
2026-04-09 04:00:00,0.003,0.00301,0.003,0.00301,1506635.0
2026-04-09 04:15:00,0.00301,0.00303,0.00301,0.00303,2813933.0
2026-04-09 04:30:00,0.00303,0.00304,0.00302,0.00303,4332351.0
2026-04-09 04:45:00,0.00303,0.00303,0.00303,0.00303,956004.0
2026-04-09 05:00:00,0.00302,0.00304,0.00302,0.00303,4413757.0
2026-04-09 05:15:00,0.00304,0.00305,0.00303,0.00305,10769234.0
2026-04-09 05:30:00,0.00305,0.00307,0.00305,0.00306,4213452.0
2026-04-09 05:45:00,0.00306,0.00306,0.00304,0.00305,1268267.0
2026-04-09 06:00:00,0.00305,0.00307,0.00304,0.00305,11164764.0
2026-04-09 06:15:00,0.00305,0.00307,0.00304,0.00306,10657529.0
2026-04-09 06:30:00,0.00306,0.00308,0.00306,0.00307,4550888.0
2026-04-09 06:45:00,0.00307,0.00309,0.00307,0.00307,3779084.0
2026-04-09 07:00:00,0.00308,0.0031,0.00308,0.0031,10169331.0
2026-04-09 07:15:00,0.0031,0.0031,0.00308,0.00309,6871633.0
2026-04-09 07:30:00,0.00309,0.00311,0.00309,0.00309,12176939.0
2026-04-09 07:45:00,0.00309,0.0031,0.00309,0.0031,8590405.0
2026-04-09 08:00:00,0.0031,0.00311,0.00309,0.0031,11710643.0
2026-04-09 08:15:00,0.0031,0.0031,0.00306,0.00306,2173651.0
2026-04-09 08:30:00,0.00306,0.00307,0.00303,0.00304,17894475.0
2026-04-09 08:45:00,0.00303,0.00304,0.00302,0.00303,7537863.0
2026-04-09 09:00:00,0.00303,0.00303,0.003,0.00302,9197007.0
2026-04-09 09:15:00,0.00302,0.00302,0.003,0.00301,5173432.0
2026-04-09 09:30:00,0.00301,0.00302,0.003,0.00301,3971029.0
2026-04-09 09:45:00,0.00301,0.00303,0.003,0.00303,5855199.0
2026-04-09 10:00:00,0.00302,0.00302,0.00301,0.00302,2466464.0
2026-04-09 10:15:00,0.00301,0.00302,0.00301,0.00301,2217821.0
2026-04-09 10:30:00,0.00301,0.00302,0.003,0.00301,7378348.0
2026-04-09 10:45:00,0.00301,0.00301,0.00301,0.00301,817286.0
2026-04-09 11:00:00,0.00301,0.00302,0.00301,0.00302,816415.0
2026-04-09 11:15:00,0.00302,0.00302,0.00301,0.00301,2743244.0
2026-04-09 11:30:00,0.00302,0.00303,0.00301,0.00302,1725584.0
2026-04-09 11:45:00,0.00301,0.00301,0.003,0.003,8105976.0
2026-04-09 12:00:00,0.003,0.00303,0.00297,0.00297,120291896.0
2026-04-09 12:15:00,0.00298,0.00299,0.00297,0.00299,11160407.0
2026-04-09 12:30:00,0.00298,0.00299,0.00298,0.00299,7557994.0
2026-04-09 12:45:00,0.00299,0.003,0.00299,0.003,1329159.0
2026-04-09 13:00:00,0.00301,0.00301,0.00299,0.003,5482780.0
2026-04-09 13:15:00,0.00299,0.003,0.00299,0.00299,543363.0
2026-04-09 13:30:00,0.00299,0.003,0.00298,0.003,9830743.0
2026-04-09 13:45:00,0.00299,0.003,0.00298,0.00299,5923459.0
2026-04-09 14:00:00,0.00299,0.003,0.00297,0.00299,6952239.0
2026-04-09 14:15:00,0.00298,0.00299,0.00298,0.00298,1033907.0
2026-04-09 14:30:00,0.00299,0.003,0.00298,0.003,5791457.0
2026-04-09 14:45:00,0.003,0.003,0.00299,0.003,7824444.0
2026-04-09 15:00:00,0.00299,0.003,0.00298,0.003,7705316.0
2026-04-09 15:15:00,0.003,0.00302,0.003,0.00301,4833247.0
2026-04-09 15:30:00,0.00301,0.00307,0.003,0.00306,42418446.0
2026-04-09 15:45:00,0.00306,0.00307,0.00305,0.00305,9866144.0
2026-04-09 16:00:00,0.00305,0.00307,0.00305,0.00307,7239191.0
2026-04-09 16:15:00,0.00306,0.00308,0.00306,0.00307,4640172.0
2026-04-09 16:30:00,0.00307,0.00307,0.00305,0.00307,7645344.0
2026-04-09 16:45:00,0.00306,0.00306,0.00305,0.00306,5531170.0
2026-04-09 17:00:00,0.00306,0.00308,0.00306,0.00307,13145418.0
2026-04-09 17:15:00,0.00307,0.00308,0.00306,0.00306,2455579.0
2026-04-09 17:30:00,0.00306,0.00307,0.00305,0.00306,8128574.0
2026-04-09 17:45:00,0.00306,0.00307,0.00306,0.00307,2658032.0
2026-04-09 18:00:00,0.00306,0.00306,0.00304,0.00304,11977132.0
2026-04-09 18:15:00,0.00304,0.00305,0.00303,0.00305,7025683.0
2026-04-09 18:30:00,0.00305,0.00306,0.00304,0.00305,13407772.0
2026-04-09 18:45:00,0.00304,0.00306,0.00304,0.00305,5370682.0
2026-04-09 19:00:00,0.00305,0.00308,0.00305,0.00308,5659542.0
2026-04-09 19:15:00,0.00308,0.00308,0.00306,0.00306,4398895.0
2026-04-09 19:30:00,0.00307,0.00308,0.00307,0.00308,9424755.0
2026-04-09 19:45:00,0.00308,0.00309,0.00306,0.00306,3553984.0
2026-04-09 20:00:00,0.00307,0.00309,0.00307,0.00308,2516567.0
2026-04-09 20:15:00,0.00308,0.0031,0.00308,0.00309,3081152.0
2026-04-09 20:30:00,0.00309,0.00311,0.00309,0.0031,3853145.0
2026-04-09 20:45:00,0.0031,0.0031,0.00308,0.00309,7710589.0
2026-04-09 21:00:00,0.00309,0.00309,0.00308,0.00309,4511945.0
2026-04-09 21:15:00,0.00309,0.00309,0.00307,0.00308,2717034.0
2026-04-09 21:30:00,0.00308,0.00309,0.00308,0.00309,1920966.0
2026-04-09 21:45:00,0.0031,0.0031,0.00309,0.00309,1228217.0
2026-04-09 22:00:00,0.0031,0.00312,0.00309,0.00312,4456569.0
2026-04-09 22:15:00,0.00312,0.00316,0.00311,0.00311,19151775.0
2026-04-09 22:30:00,0.00311,0.00312,0.0031,0.00312,2462216.0
2026-04-09 22:45:00,0.00311,0.00312,0.00309,0.00309,6603396.0
2026-04-09 23:00:00,0.00309,0.0031,0.00307,0.00308,16582809.0
2026-04-09 23:15:00,0.00307,0.00308,0.00306,0.00306,5077224.0
2026-04-09 23:30:00,0.00306,0.00307,0.00304,0.00306,9172647.0
2026-04-09 23:45:00,0.00306,0.00306,0.00305,0.00305,4925560.0
2026-04-10 00:00:00,0.00306,0.00306,0.00304,0.00304,7133645.0
2026-04-10 00:15:00,0.00305,0.00305,0.00304,0.00305,4692649.0
2026-04-10 00:30:00,0.00305,0.00306,0.00305,0.00305,6055776.0
2026-04-10 00:45:00,0.00305,0.00307,0.00305,0.00306,4763101.0
2026-04-10 01:00:00,0.00306,0.00306,0.00305,0.00305,3075427.0
2026-04-10 01:15:00,0.00306,0.00306,0.00303,0.00305,10140816.0
2026-04-10 01:30:00,0.00305,0.00308,0.00305,0.00306,7810164.0
2026-04-10 01:45:00,0.00305,0.00306,0.00304,0.00304,2437907.0
2026-04-10 02:00:00,0.00305,0.00305,0.00305,0.00305,1834571.0
2026-04-10 02:15:00,0.00305,0.00305,0.00304,0.00304,477635.0
2026-04-10 02:30:00,0.00304,0.00305,0.00304,0.00305,999177.0
2026-04-10 02:45:00,0.00305,0.00305,0.00302,0.00303,3757215.0
2026-04-10 03:00:00,0.00303,0.00304,0.00303,0.00303,1401701.0
2026-04-10 03:15:00,0.00302,0.00303,0.00301,0.00301,1055221.0
2026-04-10 03:30:00,0.00301,0.00302,0.00301,0.00301,3341004.0
2026-04-10 03:45:00,0.00302,0.00303,0.00301,0.00301,1126601.0
2026-04-10 04:00:00,0.00301,0.00302,0.00301,0.00302,513568.0
2026-04-10 04:15:00,0.00302,0.00306,0.00302,0.00304,6536348.0
2026-04-10 04:30:00,0.00305,0.00306,0.00305,0.00306,1017994.0
2026-04-10 04:45:00,0.00306,0.0031,0.00306,0.00308,5229749.0
2026-04-10 05:00:00,0.00309,0.00309,0.00305,0.00306,7114700.0
2026-04-10 05:15:00,0.00306,0.00307,0.00305,0.00306,4444070.0
2026-04-10 05:30:00,0.00307,0.00308,0.00306,0.00307,4174351.0
2026-04-10 05:45:00,0.00308,0.00308,0.00307,0.00307,426174.0
2026-04-10 06:00:00,0.00308,0.00309,0.00307,0.00309,6612481.0
2026-04-10 06:15:00,0.00308,0.00308,0.00306,0.00306,3115783.0
2026-04-10 06:30:00,0.00306,0.00307,0.00305,0.00306,2120105.0
2026-04-10 06:45:00,0.00306,0.00306,0.00304,0.00306,3680114.0
2026-04-10 07:00:00,0.00305,0.00306,0.00305,0.00306,169429.0
2026-04-10 07:15:00,0.00305,0.00306,0.00304,0.00305,3703004.0
2026-04-10 07:30:00,0.00305,0.00306,0.00304,0.00306,4509440.0
2026-04-10 07:45:00,0.00305,0.00305,0.00304,0.00304,1780380.0
2026-04-10 08:00:00,0.00305,0.00305,0.00303,0.00303,4739307.0
2026-04-10 08:15:00,0.00303,0.00304,0.00302,0.00303,3626685.0
2026-04-10 08:30:00,0.00304,0.00306,0.00304,0.00305,4973117.0
2026-04-10 08:45:00,0.00305,0.00305,0.00303,0.00304,4002791.0
2026-04-10 09:00:00,0.00304,0.00305,0.00304,0.00305,1372170.0
2026-04-10 09:15:00,0.00305,0.00306,0.00304,0.00305,5045020.0
2026-04-10 09:30:00,0.00306,0.00306,0.00304,0.00305,2081902.0
2026-04-10 09:45:00,0.00305,0.00305,0.00303,0.00303,2030739.0
2026-04-10 10:00:00,0.00303,0.00304,0.00302,0.00303,3434186.0
2026-04-10 10:15:00,0.00304,0.00305,0.00303,0.00304,2360412.0
2026-04-10 10:30:00,0.00304,0.00305,0.00303,0.00304,1264919.0
2026-04-10 10:45:00,0.00303,0.00305,0.00303,0.00303,4628842.0
2026-04-10 11:00:00,0.00303,0.00304,0.00302,0.00303,6389709.0
2026-04-10 11:15:00,0.00303,0.00303,0.00301,0.00303,8166681.0
2026-04-10 11:30:00,0.00302,0.00303,0.00301,0.00303,6228566.0
2026-04-10 11:45:00,0.00303,0.00303,0.00302,0.00302,37469.0
2026-04-10 12:00:00,0.00303,0.00304,0.00303,0.00304,2639241.0
2026-04-10 12:15:00,0.00304,0.00306,0.00303,0.00305,4141064.0
2026-04-10 12:30:00,0.00305,0.00306,0.00304,0.00305,18303702.0
2026-04-10 12:45:00,0.00305,0.00305,0.00304,0.00304,3539302.0
2026-04-10 13:00:00,0.00304,0.00307,0.00304,0.00307,9868009.0
2026-04-10 13:15:00,0.00306,0.00306,0.00304,0.00304,2606999.0
2026-04-10 13:30:00,0.00304,0.00305,0.00303,0.00304,6861410.0
2026-04-10 13:45:00,0.00304,0.00306,0.00304,0.00306,5651505.0
2026-04-10 14:00:00,0.00305,0.00306,0.00303,0.00305,3054439.0
2026-04-10 14:15:00,0.00305,0.00308,0.00305,0.00306,41975177.0
2026-04-10 14:30:00,0.00307,0.00307,0.00305,0.00306,8994846.0
2026-04-10 14:45:00,0.00306,0.00309,0.00305,0.00308,9781079.0
2026-04-10 15:00:00,0.00308,0.0031,0.00308,0.00309,6331802.0
2026-04-10 15:15:00,0.00308,0.00308,0.00307,0.00307,9218902.0
2026-04-10 15:30:00,0.00306,0.00307,0.00306,0.00307,3319097.0
2026-04-10 15:45:00,0.00307,0.00307,0.00306,0.00306,4474427.0
2026-04-10 16:00:00,0.00307,0.00309,0.00307,0.00308,6131187.0
2026-04-10 16:15:00,0.00308,0.00309,0.00307,0.00308,3061394.0
2026-04-10 16:30:00,0.00308,0.00309,0.00307,0.00307,6312691.0
2026-04-10 16:45:00,0.00307,0.00308,0.00306,0.00307,1415051.0
2026-04-10 17:00:00,0.00306,0.00306,0.00304,0.00305,8355026.0
2026-04-10 17:15:00,0.00305,0.00305,0.00304,0.00305,7696536.0
2026-04-10 17:30:00,0.00304,0.00305,0.00303,0.00305,3807565.0
2026-04-10 17:45:00,0.00304,0.00306,0.00304,0.00305,2799516.0
2026-04-10 18:00:00,0.00305,0.00307,0.00305,0.00307,6422885.0
2026-04-10 18:15:00,0.00308,0.00309,0.00307,0.00308,7871111.0
2026-04-10 18:30:00,0.00308,0.00309,0.00308,0.00308,1751696.0
2026-04-10 18:45:00,0.00308,0.00311,0.00308,0.0031,16595903.0
2026-04-10 19:00:00,0.00311,0.00313,0.0031,0.00312,11117095.0
2026-04-10 19:15:00,0.00312,0.00312,0.0031,0.00311,4535856.0
2026-04-10 19:30:00,0.00311,0.00311,0.0031,0.00311,1043428.0
2026-04-10 19:45:00,0.0031,0.00313,0.0031,0.00312,8102506.0
2026-04-10 20:00:00,0.00313,0.00313,0.00311,0.00311,9385141.0
2026-04-10 20:15:00,0.00311,0.00312,0.0031,0.0031,3684866.0
2026-04-10 20:30:00,0.0031,0.00312,0.00309,0.0031,3016619.0
2026-04-10 20:45:00,0.0031,0.00311,0.0031,0.00311,1498805.0
2026-04-10 21:00:00,0.00311,0.00311,0.00308,0.0031,1540027.0
2026-04-10 21:15:00,0.0031,0.0031,0.00309,0.0031,343556.0
2026-04-10 21:30:00,0.00309,0.0031,0.00308,0.00309,1062909.0
2026-04-10 21:45:00,0.00309,0.00309,0.00309,0.00309,1234638.0
2026-04-10 22:00:00,0.0031,0.0031,0.00309,0.0031,146906.0
2026-04-10 22:15:00,0.00309,0.0031,0.00309,0.0031,124238.0
2026-04-10 22:30:00,0.00309,0.00309,0.00308,0.00309,626521.0
2026-04-10 22:45:00,0.00308,0.00309,0.00308,0.00308,142497.0
2026-04-10 23:00:00,0.00309,0.00309,0.00307,0.00307,1412750.0
2026-04-10 23:15:00,0.00307,0.00308,0.00307,0.00308,4983734.0
2026-04-10 23:30:00,0.00308,0.00308,0.00307,0.00307,1679726.0
2026-04-10 23:45:00,0.00308,0.00308,0.00308,0.00308,25182.0
2026-04-11 00:00:00,0.00307,0.00308,0.00306,0.00306,2306089.0
2026-04-11 00:15:00,0.00306,0.00307,0.00306,0.00307,773873.0
2026-04-11 00:30:00,0.00306,0.00306,0.00305,0.00305,1375144.0
2026-04-11 00:45:00,0.00306,0.00306,0.00304,0.00305,837965.0
2026-04-11 01:00:00,0.00305,0.00305,0.00303,0.00303,2952996.0
2026-04-11 01:15:00,0.00302,0.00302,0.003,0.00301,30829008.0
2026-04-11 01:30:00,0.00302,0.00302,0.00301,0.00302,3480791.0
2026-04-11 01:45:00,0.00302,0.00304,0.00302,0.00304,864002.0
2026-04-11 02:00:00,0.00304,0.00305,0.00303,0.00304,7956475.0
2026-04-11 02:15:00,0.00304,0.00305,0.00303,0.00304,3172352.0
2026-04-11 02:30:00,0.00304,0.00305,0.00303,0.00304,4083977.0
2026-04-11 02:45:00,0.00304,0.00305,0.00303,0.00305,2906031.0
2026-04-11 03:00:00,0.00305,0.00305,0.00304,0.00305,741086.0
2026-04-11 03:15:00,0.00306,0.00306,0.00304,0.00304,1056388.0
2026-04-11 03:30:00,0.00304,0.00305,0.00304,0.00305,168609.0
2026-04-11 03:45:00,0.00305,0.00305,0.00303,0.00304,4474200.0
2026-04-11 04:00:00,0.00303,0.00306,0.00303,0.00305,3481806.0
2026-04-11 04:15:00,0.00304,0.00305,0.00304,0.00304,1682105.0
2026-04-11 04:30:00,0.00304,0.00305,0.00304,0.00304,279240.0
2026-04-11 04:45:00,0.00304,0.00304,0.00303,0.00304,487075.0
2026-04-11 05:00:00,0.00304,0.00304,0.00302,0.00302,5896066.0
2026-04-11 05:15:00,0.00302,0.00302,0.00301,0.00302,2545569.0
2026-04-11 05:30:00,0.00302,0.00303,0.00302,0.00303,2432761.0
2026-04-11 05:45:00,0.00303,0.00303,0.00301,0.00302,4529755.0
2026-04-11 06:00:00,0.00301,0.00301,0.00299,0.00299,12999141.0
2026-04-11 06:15:00,0.003,0.00302,0.003,0.00301,4064052.0
2026-04-11 06:30:00,0.00301,0.00302,0.00301,0.00302,3054636.0
2026-04-11 06:45:00,0.00302,0.00302,0.00302,0.00302,1098460.0
2026-04-11 07:00:00,0.00302,0.00302,0.00301,0.00302,2919610.0
2026-04-11 07:15:00,0.00302,0.00302,0.00301,0.00301,1104705.0
2026-04-11 07:30:00,0.00301,0.00302,0.00301,0.00301,60733.0
2026-04-11 07:45:00,0.00302,0.00302,0.00301,0.00302,72570.0
2026-04-11 08:00:00,0.00302,0.00303,0.00301,0.00303,1293845.0
2026-04-11 08:15:00,0.00303,0.00303,0.00302,0.00303,233255.0
2026-04-11 08:30:00,0.00303,0.00303,0.00302,0.00303,619450.0
2026-04-11 08:45:00,0.00303,0.00303,0.00302,0.00303,1160899.0
2026-04-11 09:00:00,0.00303,0.00303,0.00302,0.00302,676008.0
2026-04-11 09:15:00,0.00302,0.00304,0.00302,0.00303,3207871.0
2026-04-11 09:30:00,0.00302,0.00303,0.00301,0.00302,1999686.0
2026-04-11 09:45:00,0.00302,0.00303,0.00302,0.00303,144759.0
2026-04-11 10:00:00,0.00302,0.00303,0.00302,0.00302,795629.0
2026-04-11 10:15:00,0.00301,0.00303,0.00301,0.00303,534527.0
2026-04-11 10:30:00,0.00302,0.00302,0.00301,0.00301,655566.0
2026-04-11 10:45:00,0.00302,0.00302,0.00301,0.00301,1166402.0
2026-04-11 11:00:00,0.00301,0.00302,0.00301,0.00301,94181.0
2026-04-11 11:15:00,0.00301,0.00302,0.00301,0.00302,645333.0
2026-04-11 11:30:00,0.00301,0.00302,0.00301,0.00301,1064478.0
2026-04-11 11:45:00,0.00301,0.00302,0.00301,0.00302,408402.0
2026-04-11 12:00:00,0.00301,0.00301,0.003,0.00301,705006.0
2026-04-11 12:15:00,0.003,0.00301,0.00298,0.00298,7339063.0
2026-04-11 12:30:00,0.00299,0.003,0.00299,0.003,2172658.0
2026-04-11 12:45:00,0.00299,0.003,0.00298,0.00299,3171134.0
2026-04-11 13:00:00,0.00299,0.00299,0.00298,0.00299,18371100.0
2026-04-11 13:15:00,0.00299,0.003,0.00298,0.00299,2887954.0
2026-04-11 13:30:00,0.00298,0.00299,0.00298,0.00298,2797325.0
2026-04-11 13:45:00,0.00299,0.003,0.00298,0.00299,4793190.0
2026-04-11 14:00:00,0.003,0.00301,0.00299,0.003,107496.0
2026-04-11 14:15:00,0.003,0.00301,0.003,0.003,2913341.0
2026-04-11 14:30:00,0.003,0.003,0.00298,0.00299,505547.0
2026-04-11 14:45:00,0.00298,0.00299,0.00298,0.00298,9846760.0
2026-04-11 15:00:00,0.00299,0.00299,0.00298,0.00299,196392.0
2026-04-11 15:15:00,0.00299,0.003,0.00299,0.003,7433749.0
2026-04-11 15:30:00,0.003,0.003,0.00299,0.00299,867030.0
2026-04-11 15:45:00,0.00299,0.003,0.00299,0.00299,2692883.0
2026-04-11 16:00:00,0.00299,0.00301,0.00299,0.00301,5209510.0
2026-04-11 16:15:00,0.00301,0.00301,0.003,0.00301,1449803.0
2026-04-11 16:30:00,0.00301,0.00304,0.003,0.00304,20870118.0
2026-04-11 16:45:00,0.00304,0.00305,0.00303,0.00303,19356638.0
2026-04-11 17:00:00,0.00303,0.00303,0.00302,0.00303,655636.0
2026-04-11 17:15:00,0.00303,0.00303,0.00302,0.00302,963257.0
2026-04-11 17:30:00,0.00302,0.00305,0.00302,0.00305,5767644.0
2026-04-11 17:45:00,0.00305,0.00305,0.00302,0.00303,6155068.0
2026-04-11 18:00:00,0.00302,0.00302,0.00301,0.00302,4072525.0
2026-04-11 18:15:00,0.00302,0.00304,0.00302,0.00304,4620157.0
2026-04-11 18:30:00,0.00304,0.00308,0.00304,0.00305,23941433.0
2026-04-11 18:45:00,0.00306,0.00307,0.00306,0.00307,9301233.0
2026-04-11 19:00:00,0.00307,0.00308,0.00306,0.00307,21238219.0
2026-04-11 19:15:00,0.00307,0.0031,0.00307,0.0031,6662738.0
2026-04-11 19:30:00,0.0031,0.0031,0.00308,0.00308,20221959.0
2026-04-11 19:45:00,0.00308,0.00309,0.00308,0.00308,693732.0
2026-04-11 20:00:00,0.00309,0.00309,0.00307,0.00307,10385424.0
2026-04-11 20:15:00,0.00308,0.00308,0.00306,0.00307,6456751.0
2026-04-11 20:30:00,0.00306,0.00306,0.00303,0.00304,9271549.0
2026-04-11 20:45:00,0.00305,0.00306,0.00305,0.00305,4774119.0
2026-04-11 21:00:00,0.00304,0.00305,0.00303,0.00305,3575746.0
2026-04-11 21:15:00,0.00304,0.00305,0.00304,0.00304,1347598.0
2026-04-11 21:30:00,0.00305,0.00305,0.00304,0.00304,228211.0
2026-04-11 21:45:00,0.00305,0.00305,0.00305,0.00305,1338984.0
2026-04-11 22:00:00,0.00306,0.00306,0.00305,0.00306,158589.0
2026-04-11 22:15:00,0.00305,0.00307,0.00305,0.00307,941684.0
2026-04-11 22:30:00,0.00306,0.00306,0.00304,0.00305,2157431.0
2026-04-11 22:45:00,0.00305,0.00305,0.00305,0.00305,0.0
2026-04-11 23:00:00,0.00305,0.00305,0.00302,0.00304,4684603.0
2026-04-11 23:15:00,0.00304,0.00305,0.00303,0.00304,771069.0
2026-04-11 23:30:00,0.00304,0.00304,0.00303,0.00304,905702.0
2026-04-11 23:45:00,0.00303,0.00303,0.00303,0.00303,767804.0
2026-04-12 00:00:00,0.00302,0.00303,0.00302,0.00302,5182735.0
2026-04-12 00:15:00,0.00302,0.00303,0.00302,0.00303,1331047.0
2026-04-12 00:30:00,0.00303,0.00303,0.00303,0.00303,2576211.0
2026-04-12 00:45:00,0.00303,0.00303,0.00302,0.00303,495896.0
2026-04-12 01:00:00,0.00303,0.00303,0.00301,0.00303,6278815.0
2026-04-12 01:15:00,0.00302,0.00303,0.00301,0.00302,2877471.0
2026-04-12 01:30:00,0.00302,0.00302,0.00294,0.00296,58128006.0
2026-04-12 01:45:00,0.00295,0.00295,0.00292,0.00293,12814193.0
2026-04-12 02:00:00,0.00293,0.00295,0.00291,0.00294,17300669.0
2026-04-12 02:15:00,0.00295,0.00295,0.00294,0.00295,4521865.0
2026-04-12 02:30:00,0.00295,0.00296,0.00295,0.00296,4400896.0
2026-04-12 02:45:00,0.00295,0.00296,0.00294,0.00294,1301045.0
2026-04-12 03:00:00,0.00295,0.00296,0.00295,0.00296,5051361.0
2026-04-12 03:15:00,0.00295,0.00296,0.00295,0.00296,2458806.0
2026-04-12 03:30:00,0.00296,0.00296,0.00294,0.00295,8691454.0
2026-04-12 03:45:00,0.00296,0.00296,0.00294,0.00294,2223235.0
2026-04-12 04:00:00,0.00294,0.00295,0.00293,0.00294,8814271.0
2026-04-12 04:15:00,0.00294,0.00295,0.00293,0.00295,4105744.0
2026-04-12 04:30:00,0.00295,0.00296,0.00294,0.00296,8723097.0
2026-04-12 04:45:00,0.00296,0.00298,0.00295,0.00297,15635880.0
2026-04-12 05:00:00,0.00296,0.00297,0.00296,0.00296,899861.0
2026-04-12 05:15:00,0.00296,0.00296,0.00296,0.00296,1147500.0
2026-04-12 05:30:00,0.00297,0.00297,0.00296,0.00296,3699306.0
2026-04-12 05:45:00,0.00297,0.00297,0.00296,0.00297,3026391.0
2026-04-12 06:00:00,0.00296,0.00297,0.00296,0.00297,4517139.0
2026-04-12 06:15:00,0.00296,0.00296,0.00295,0.00295,6766769.0
2026-04-12 06:30:00,0.00295,0.00296,0.00295,0.00295,297390.0
2026-04-12 06:45:00,0.00295,0.00295,0.00294,0.00294,3786163.0
2026-04-12 07:00:00,0.00294,0.00294,0.00293,0.00293,2706638.0
2026-04-12 07:15:00,0.00293,0.00294,0.00292,0.00294,3150821.0
2026-04-12 07:30:00,0.00293,0.00295,0.00293,0.00294,2810964.0
2026-04-12 07:45:00,0.00295,0.00295,0.00293,0.00294,3001143.0
2026-04-12 08:00:00,0.00294,0.00294,0.00293,0.00293,682004.0
2026-04-12 08:15:00,0.00294,0.00295,0.00293,0.00295,1103671.0
2026-04-12 08:30:00,0.00295,0.00295,0.00294,0.00294,765583.0
2026-04-12 08:45:00,0.00294,0.00295,0.00293,0.00294,2394050.0
2026-04-12 09:00:00,0.00294,0.00295,0.00294,0.00295,175157.0
2026-04-12 09:15:00,0.00295,0.00295,0.00294,0.00295,6043381.0
2026-04-12 09:30:00,0.00294,0.00295,0.00293,0.00293,1186143.0
2026-04-12 09:45:00,0.00294,0.00294,0.00293,0.00293,833100.0
2026-04-12 10:00:00,0.00293,0.00294,0.00293,0.00293,1772202.0
2026-04-12 10:15:00,0.00293,0.00294,0.00293,0.00293,2881263.0
2026-04-12 10:30:00,0.00293,0.00294,0.00293,0.00294,329991.0
2026-04-12 10:45:00,0.00294,0.00294,0.00293,0.00293,10550775.0
2026-04-12 11:00:00,0.00293,0.00294,0.00293,0.00294,5191921.0
2026-04-12 11:15:00,0.00293,0.00295,0.00293,0.00294,3847356.0
2026-04-12 11:30:00,0.00294,0.00294,0.00293,0.00293,203407.0
2026-04-12 11:45:00,0.00293,0.00294,0.00293,0.00294,2152572.0
2026-04-12 12:00:00,0.00293,0.00294,0.00292,0.00294,1678734.0
2026-04-12 12:15:00,0.00294,0.00294,0.00293,0.00294,251183.0
2026-04-12 12:30:00,0.00293,0.00297,0.00293,0.00297,5826241.0
2026-04-12 12:45:00,0.00297,0.00298,0.00295,0.00295,8451470.0
2026-04-12 13:00:00,0.00294,0.00296,0.00293,0.00294,12834325.0
2026-04-12 13:15:00,0.00294,0.00295,0.00294,0.00295,396752.0
2026-04-12 13:30:00,0.00294,0.00295,0.00293,0.00295,2473493.0
2026-04-12 13:45:00,0.00295,0.00295,0.00292,0.00293,7250458.0
2026-04-12 14:00:00,0.00293,0.00294,0.00293,0.00294,2736702.0
2026-04-12 14:15:00,0.00294,0.00295,0.00293,0.00295,4145421.0
2026-04-12 14:30:00,0.00295,0.00295,0.00293,0.00293,1968787.0
2026-04-12 14:45:00,0.00293,0.00294,0.00293,0.00294,3278102.0
2026-04-12 15:00:00,0.00294,0.00294,0.00293,0.00294,2616359.0
2026-04-12 15:15:00,0.00294,0.00294,0.00291,0.00292,8347631.0
2026-04-12 15:30:00,0.00292,0.00293,0.00291,0.00292,3048443.0
2026-04-12 15:45:00,0.00292,0.00293,0.00292,0.00292,3060571.0
2026-04-12 16:00:00,0.00291,0.00293,0.0029,0.00292,7766455.0
2026-04-12 16:15:00,0.00291,0.00292,0.00291,0.00292,8926475.0
2026-04-12 16:30:00,0.00292,0.00292,0.0029,0.00291,1125545.0
2026-04-12 16:45:00,0.00291,0.00292,0.0029,0.0029,3889078.0
2026-04-12 17:00:00,0.0029,0.00293,0.0029,0.00291,11699195.0
2026-04-12 17:15:00,0.00291,0.00293,0.00291,0.00292,2545950.0
2026-04-12 17:30:00,0.00293,0.00293,0.00292,0.00293,2046833.0
2026-04-12 17:45:00,0.00293,0.00295,0.00292,0.00294,12309708.0
2026-04-12 18:00:00,0.00295,0.00295,0.00294,0.00295,741791.0
2026-04-12 18:15:00,0.00295,0.00295,0.00293,0.00294,2723954.0
2026-04-12 18:30:00,0.00293,0.00294,0.00293,0.00294,2210228.0
2026-04-12 18:45:00,0.00294,0.00294,0.00293,0.00293,8358026.0
2026-04-12 19:00:00,0.00293,0.00294,0.00293,0.00293,2744882.0
2026-04-12 19:15:00,0.00294,0.00294,0.00293,0.00293,788842.0
2026-04-12 19:30:00,0.00293,0.00293,0.00292,0.00292,896642.0
2026-04-12 19:45:00,0.00292,0.00293,0.00292,0.00292,15238.0
2026-04-12 20:00:00,0.00293,0.00293,0.00292,0.00292,691164.0
2026-04-12 20:15:00,0.00292,0.00292,0.00291,0.00291,5059168.0
2026-04-12 20:30:00,0.00291,0.00295,0.00291,0.00295,2357212.0
2026-04-12 20:45:00,0.00294,0.00294,0.00293,0.00293,809637.0
2026-04-12 21:00:00,0.00293,0.00294,0.00292,0.00292,3605623.0
2026-04-12 21:15:00,0.00292,0.00293,0.00292,0.00292,871018.0
2026-04-12 21:30:00,0.00293,0.00293,0.00291,0.00292,1179719.0
2026-04-12 21:45:00,0.00293,0.00293,0.00291,0.00292,1759150.0
2026-04-12 22:00:00,0.00292,0.00292,0.00289,0.0029,16125365.0
2026-04-12 22:15:00,0.0029,0.00291,0.00288,0.00288,19233842.0
2026-04-12 22:30:00,0.00288,0.00291,0.00288,0.0029,4972774.0
2026-04-12 22:45:00,0.0029,0.0029,0.00289,0.00289,4562015.0
2026-04-12 23:00:00,0.00289,0.00289,0.00288,0.00289,2439769.0
2026-04-12 23:15:00,0.0029,0.0029,0.00288,0.00289,5762254.0
2026-04-12 23:30:00,0.00288,0.00288,0.00287,0.00288,2481176.0
2026-04-12 23:45:00,0.00288,0.00288,0.00288,0.00288,25951.0
2026-04-13 00:00:00,0.00288,0.0029,0.00288,0.00289,3755551.0
2026-04-13 00:15:00,0.0029,0.00292,0.0029,0.00292,3855442.0
2026-04-13 00:30:00,0.00292,0.00292,0.00291,0.00291,1952246.0
2026-04-13 00:45:00,0.00291,0.00291,0.0029,0.00291,1035700.0
2026-04-13 01:00:00,0.00291,0.00291,0.0029,0.0029,1960536.0
2026-04-13 01:15:00,0.0029,0.00291,0.0029,0.00291,3403087.0
2026-04-13 01:30:00,0.00291,0.00291,0.0029,0.00291,785208.0
2026-04-13 01:45:00,0.00292,0.00292,0.00291,0.00292,844962.0
2026-04-13 02:00:00,0.00292,0.00292,0.00291,0.00291,1696911.0
2026-04-13 02:15:00,0.00291,0.00293,0.00291,0.00292,2142260.0
2026-04-13 02:30:00,0.00292,0.00292,0.0029,0.00292,1906257.0
2026-04-13 02:45:00,0.00292,0.00292,0.00292,0.00292,132974.0
2026-04-13 03:00:00,0.00292,0.00292,0.0029,0.00291,3202178.0
2026-04-13 03:15:00,0.00291,0.00292,0.00291,0.00292,261921.0
2026-04-13 03:30:00,0.00291,0.00291,0.0029,0.00291,157431.0
2026-04-13 03:45:00,0.00291,0.00291,0.0029,0.0029,46469.0
2026-04-13 04:00:00,0.0029,0.00291,0.0029,0.00291,436123.0
2026-04-13 04:15:00,0.0029,0.00291,0.00289,0.0029,2342099.0
2026-04-13 04:30:00,0.00289,0.00291,0.00289,0.00291,4074798.0
2026-04-13 04:45:00,0.0029,0.0029,0.00289,0.00289,946348.0
2026-04-13 05:00:00,0.0029,0.0029,0.00288,0.00289,2671653.0
2026-04-13 05:15:00,0.00289,0.0029,0.00288,0.00289,3061619.0
2026-04-13 05:30:00,0.00289,0.00289,0.00288,0.00288,4686466.0
2026-04-13 05:45:00,0.00289,0.0029,0.00289,0.0029,2684130.0
2026-04-13 06:00:00,0.00289,0.00291,0.00289,0.00291,2531270.0
2026-04-13 06:15:00,0.00291,0.00293,0.00291,0.00292,5014648.0
2026-04-13 06:30:00,0.00292,0.00292,0.00289,0.0029,7954363.0
2026-04-13 06:45:00,0.00291,0.00291,0.0029,0.0029,466247.0
2026-04-13 07:00:00,0.0029,0.0029,0.00289,0.00289,6821740.0
2026-04-13 07:15:00,0.00289,0.00289,0.00288,0.00289,4632313.0
2026-04-13 07:30:00,0.00289,0.0029,0.00289,0.0029,8648652.0
2026-04-13 07:45:00,0.0029,0.0029,0.00289,0.00289,1355842.0
2026-04-13 08:00:00,0.00288,0.0029,0.00288,0.00288,3121851.0
2026-04-13 08:15:00,0.00288,0.00289,0.00288,0.00288,414028.0
2026-04-13 08:30:00,0.00288,0.00289,0.00288,0.00288,1736986.0
2026-04-13 08:45:00,0.00288,0.00288,0.00287,0.00288,1243414.0
2026-04-13 09:00:00,0.00289,0.0029,0.00289,0.0029,15909949.0
2026-04-13 09:15:00,0.00291,0.00291,0.0029,0.00291,1964389.0
2026-04-13 09:30:00,0.00291,0.00292,0.00291,0.00292,2675077.0
2026-04-13 09:45:00,0.00292,0.00292,0.00291,0.00291,898332.0
2026-04-13 10:00:00,0.00292,0.00292,0.00291,0.00292,1871159.0
2026-04-13 10:15:00,0.00292,0.00292,0.00291,0.00291,791701.0
2026-04-13 10:30:00,0.0029,0.0029,0.00289,0.0029,5884951.0
2026-04-13 10:45:00,0.0029,0.00291,0.00289,0.00291,2813729.0
2026-04-13 11:00:00,0.0029,0.00291,0.0029,0.0029,926430.0
2026-04-13 11:15:00,0.00291,0.00292,0.0029,0.00291,2902236.0
2026-04-13 11:30:00,0.00292,0.00292,0.00291,0.00292,211872.0
2026-04-13 11:45:00,0.00292,0.00293,0.00291,0.00291,1352191.0
2026-04-13 12:00:00,0.00292,0.00292,0.0029,0.00291,1776467.0
2026-04-13 12:15:00,0.00291,0.00292,0.00291,0.00291,1848028.0
2026-04-13 12:30:00,0.00291,0.00293,0.00291,0.00293,2851194.0
2026-04-13 12:45:00,0.00292,0.00298,0.00292,0.00297,8929000.0
2026-04-13 13:00:00,0.00296,0.00296,0.00294,0.00295,4307572.0
2026-04-13 13:15:00,0.00294,0.00296,0.00294,0.00295,8005334.0
2026-04-13 13:30:00,0.00296,0.00296,0.00293,0.00295,2719775.0
2026-04-13 13:45:00,0.00294,0.00297,0.00294,0.00296,11498180.0
2026-04-13 14:00:00,0.00296,0.00297,0.00294,0.00295,3497613.0
2026-04-13 14:15:00,0.00295,0.00295,0.00294,0.00295,2653533.0
2026-04-13 14:30:00,0.00295,0.00296,0.00294,0.00295,7772903.0
2026-04-13 14:45:00,0.00296,0.00296,0.00294,0.00296,3126484.0
2026-04-13 15:00:00,0.00296,0.00296,0.00292,0.00293,7127472.0
2026-04-13 15:15:00,0.00292,0.00293,0.00292,0.00292,2567580.0
2026-04-13 15:30:00,0.00291,0.00291,0.0029,0.00291,8390614.0
2026-04-13 15:45:00,0.00291,0.00291,0.0029,0.00291,4366671.0
2026-04-13 16:00:00,0.00291,0.00292,0.00289,0.00291,8618359.0
2026-04-13 16:15:00,0.00291,0.00292,0.0029,0.00291,7301721.0
2026-04-13 16:30:00,0.00291,0.00293,0.00291,0.00293,6333569.0
2026-04-13 16:45:00,0.00292,0.00293,0.00291,0.00292,2323643.0
2026-04-13 17:00:00,0.00291,0.00292,0.00291,0.00291,4073868.0
2026-04-13 17:15:00,0.00292,0.00292,0.00291,0.00292,2150951.0
2026-04-13 17:30:00,0.00293,0.00294,0.00292,0.00292,2334680.0
2026-04-13 17:45:00,0.00292,0.00292,0.0029,0.0029,2536736.0
2026-04-13 18:00:00,0.0029,0.00291,0.0029,0.00291,5293935.0
2026-04-13 18:15:00,0.00291,0.00291,0.00289,0.0029,5127030.0
2026-04-13 18:30:00,0.00291,0.00291,0.0029,0.0029,634531.0
2026-04-13 18:45:00,0.0029,0.00292,0.0029,0.00291,1613388.0
2026-04-13 19:00:00,0.00292,0.00292,0.00291,0.00291,853381.0
2026-04-13 19:15:00,0.00292,0.00295,0.00292,0.00294,9478259.0
2026-04-13 19:30:00,0.00294,0.00296,0.00294,0.00295,13726817.0
2026-04-13 19:45:00,0.00295,0.00297,0.00295,0.00296,3427917.0
2026-04-13 20:00:00,0.00297,0.00297,0.00294,0.00294,8650522.0
2026-04-13 20:15:00,0.00294,0.00294,0.00293,0.00293,975014.0
2026-04-13 20:30:00,0.00294,0.00294,0.00293,0.00294,2479319.0
2026-04-13 20:45:00,0.00293,0.00294,0.00292,0.00292,7001099.0
2026-04-13 21:00:00,0.00292,0.00293,0.00291,0.00293,9921099.0
2026-04-13 21:15:00,0.00294,0.00294,0.00293,0.00294,37297.0
2026-04-13 21:30:00,0.00293,0.00295,0.00293,0.00294,9654606.0
2026-04-13 21:45:00,0.00294,0.00295,0.00293,0.00295,4536547.0
2026-04-13 22:00:00,0.00294,0.00298,0.00294,0.00297,11813883.0
2026-04-13 22:15:00,0.00297,0.00301,0.00297,0.003,57004498.0
2026-04-13 22:30:00,0.00301,0.00301,0.00299,0.003,29321428.0
2026-04-13 22:45:00,0.00301,0.00305,0.003,0.00304,15807214.0
2026-04-13 23:00:00,0.00304,0.00304,0.00301,0.00302,14279775.0
2026-04-13 23:15:00,0.00303,0.00307,0.00301,0.00306,25311958.0
2026-04-13 23:30:00,0.00306,0.00306,0.00303,0.00303,5403894.0
2026-04-13 23:45:00,0.00304,0.00305,0.00303,0.00305,7185017.0
2026-04-14 00:00:00,0.00305,0.00307,0.00304,0.00304,13495500.0
2026-04-14 00:15:00,0.00304,0.00304,0.00301,0.00302,29639107.0
2026-04-14 00:30:00,0.00301,0.00303,0.00301,0.00303,11934628.0
2026-04-14 00:45:00,0.00303,0.00304,0.00302,0.00302,16228705.0
2026-04-14 01:00:00,0.00301,0.00302,0.003,0.00301,5557089.0
2026-04-14 01:15:00,0.00301,0.00302,0.003,0.00301,5600213.0
2026-04-14 01:30:00,0.003,0.00302,0.003,0.00302,6417982.0
2026-04-14 01:45:00,0.00302,0.00303,0.00301,0.00301,7364276.0
2026-04-14 02:00:00,0.00301,0.00302,0.003,0.00302,6538680.0
2026-04-14 02:15:00,0.00301,0.00302,0.00301,0.00301,4855307.0
2026-04-14 02:30:00,0.003,0.00301,0.00299,0.00301,2912403.0
2026-04-14 02:45:00,0.00301,0.00301,0.003,0.00301,6269292.0
2026-04-14 03:00:00,0.003,0.00301,0.003,0.003,90019.0
2026-04-14 03:15:00,0.003,0.00301,0.003,0.003,4897673.0
2026-04-14 03:30:00,0.003,0.00302,0.003,0.00301,1631688.0
2026-04-14 03:45:00,0.00301,0.00301,0.003,0.003,105420.0
2026-04-14 04:00:00,0.003,0.00301,0.003,0.003,4550948.0
2026-04-14 04:15:00,0.003,0.00302,0.003,0.00301,8324016.0
2026-04-14 04:30:00,0.00301,0.00301,0.00299,0.00299,3110149.0
2026-04-14 04:45:00,0.003,0.003,0.00298,0.00299,4271100.0
2026-04-14 05:00:00,0.003,0.003,0.00299,0.003,4380529.0
2026-04-14 05:15:00,0.00299,0.00299,0.00299,0.00299,8308479.0
2026-04-14 05:30:00,0.00299,0.003,0.00298,0.00298,5445559.0
2026-04-14 05:45:00,0.00298,0.00299,0.00297,0.00299,3960903.0
2026-04-14 06:00:00,0.00299,0.003,0.00298,0.003,4608613.0
2026-04-14 06:15:00,0.003,0.003,0.00299,0.00299,511156.0
2026-04-14 06:30:00,0.00298,0.003,0.00298,0.003,8639566.0
2026-04-14 06:45:00,0.00299,0.00301,0.00299,0.003,11545246.0
2026-04-14 07:00:00,0.00299,0.00301,0.00299,0.003,10688504.0
2026-04-14 07:15:00,0.003,0.003,0.00299,0.003,2118397.0
2026-04-14 07:30:00,0.003,0.003,0.00299,0.003,285869.0
2026-04-14 07:45:00,0.003,0.003,0.00299,0.003,7259901.0
2026-04-14 08:00:00,0.003,0.003,0.00298,0.003,2569906.0
2026-04-14 08:15:00,0.00299,0.003,0.00299,0.00299,3076100.0
2026-04-14 08:30:00,0.00299,0.00301,0.00299,0.00299,7356865.0
2026-04-14 08:45:00,0.003,0.00301,0.00299,0.003,7256122.0
2026-04-14 09:00:00,0.00299,0.003,0.00299,0.003,3690583.0
2026-04-14 09:15:00,0.003,0.003,0.00299,0.00299,1338324.0
2026-04-14 09:30:00,0.00299,0.003,0.00299,0.003,3844171.0
2026-04-14 09:45:00,0.003,0.00302,0.00299,0.00302,6625164.0
2026-04-14 10:00:00,0.00302,0.00302,0.00301,0.00301,2802647.0
2026-04-14 10:15:00,0.00301,0.00301,0.003,0.003,3059632.0
2026-04-14 10:30:00,0.00301,0.00301,0.003,0.003,129780.0
2026-04-14 10:45:00,0.003,0.00301,0.003,0.00301,1406211.0
2026-04-14 11:00:00,0.003,0.00301,0.00299,0.00301,11869981.0
2026-04-14 11:15:00,0.00301,0.00301,0.00298,0.00298,4422614.0
2026-04-14 11:30:00,0.00298,0.00299,0.00298,0.00299,1081323.0
2026-04-14 11:45:00,0.00299,0.00299,0.00298,0.00299,3797069.0
2026-04-14 12:00:00,0.00298,0.00299,0.00297,0.00298,8335519.0
2026-04-14 12:15:00,0.00298,0.00299,0.00297,0.00298,9323599.0
2026-04-14 12:30:00,0.00298,0.00298,0.00297,0.00297,2180154.0
2026-04-14 12:45:00,0.00297,0.00298,0.00296,0.00297,2657245.0
2026-04-14 13:00:00,0.00297,0.00299,0.00297,0.00298,3713035.0
2026-04-14 13:15:00,0.00297,0.00299,0.00297,0.00298,2858343.0
2026-04-14 13:30:00,0.00298,0.00299,0.00298,0.00299,14132476.0
2026-04-14 13:45:00,0.003,0.00303,0.00299,0.00302,18498810.0
2026-04-14 14:00:00,0.00302,0.00303,0.00301,0.00301,10845026.0
2026-04-14 14:15:00,0.00302,0.00303,0.00301,0.00302,4566932.0
2026-04-14 14:30:00,0.00302,0.00304,0.00299,0.00301,21586224.0
2026-04-14 14:45:00,0.00301,0.00302,0.003,0.00301,18029172.0
2026-04-14 15:00:00,0.00301,0.00302,0.00298,0.00298,7748692.0
2026-04-14 15:15:00,0.00299,0.00299,0.00297,0.00297,4777134.0
2026-04-14 15:30:00,0.00297,0.003,0.00297,0.00299,2589656.0
2026-04-14 15:45:00,0.003,0.00301,0.00298,0.00299,3666817.0
2026-04-14 16:00:00,0.00299,0.00303,0.00298,0.00301,52889776.0
2026-04-14 16:15:00,0.00301,0.00301,0.00299,0.00301,7817804.0
2026-04-14 16:30:00,0.00301,0.00303,0.00301,0.00302,4202671.0
2026-04-14 16:45:00,0.00303,0.00303,0.00299,0.00299,8016701.0
2026-04-14 17:00:00,0.00299,0.003,0.00297,0.00299,40185076.0
2026-04-14 17:15:00,0.003,0.003,0.00299,0.00299,3492991.0
2026-04-14 17:30:00,0.00298,0.00298,0.00295,0.00296,8660593.0
2026-04-14 17:45:00,0.00296,0.00296,0.00295,0.00296,3343031.0
2026-04-14 18:00:00,0.00297,0.00297,0.00295,0.00295,13996347.0
2026-04-14 18:15:00,0.00295,0.00296,0.00292,0.00292,12950143.0
2026-04-14 18:30:00,0.00292,0.00293,0.00291,0.00293,5406689.0
2026-04-14 18:45:00,0.00293,0.00293,0.0029,0.00291,24705035.0
2026-04-14 19:00:00,0.00291,0.00294,0.00291,0.00293,5154505.0
2026-04-14 19:15:00,0.00294,0.00294,0.00292,0.00293,6938839.0
2026-04-14 19:30:00,0.00294,0.00295,0.00293,0.00295,4771745.0
2026-04-14 19:45:00,0.00295,0.00296,0.00294,0.00296,3025796.0
2026-04-14 20:00:00,0.00296,0.00297,0.00295,0.00295,3699355.0
2026-04-14 20:15:00,0.00296,0.00296,0.00294,0.00295,4727908.0
2026-04-14 20:30:00,0.00295,0.00296,0.00293,0.00294,4289301.0
2026-04-14 20:45:00,0.00293,0.00294,0.00293,0.00293,681417.0
2026-04-14 21:00:00,0.00293,0.00295,0.00293,0.00295,2890127.0
2026-04-14 21:15:00,0.00295,0.00295,0.00294,0.00294,2050010.0
2026-04-14 21:30:00,0.00295,0.00295,0.00294,0.00294,1363816.0
2026-04-14 21:45:00,0.00294,0.00296,0.00294,0.00296,3152828.0
2026-04-14 22:00:00,0.00296,0.00298,0.00296,0.00297,447047.0
2026-04-14 22:15:00,0.00297,0.00297,0.00296,0.00296,2127549.0
2026-04-14 22:30:00,0.00296,0.00296,0.00295,0.00296,4095561.0
2026-04-14 22:45:00,0.00296,0.00296,0.00295,0.00295,859508.0
2026-04-14 23:00:00,0.00295,0.00295,0.00294,0.00294,14132813.0
2026-04-14 23:15:00,0.00295,0.00296,0.00295,0.00295,2850287.0
2026-04-14 23:30:00,0.00295,0.00297,0.00295,0.00296,1652155.0
2026-04-14 23:45:00,0.00297,0.00297,0.00296,0.00296,2101667.0
2026-04-15 00:00:00,0.00295,0.00298,0.00295,0.00296,5331864.0
2026-04-15 00:15:00,0.00296,0.00298,0.00296,0.00298,833630.0
2026-04-15 00:30:00,0.00298,0.00298,0.00296,0.00298,1953107.0
2026-04-15 00:45:00,0.00298,0.00298,0.00297,0.00297,15109957.0
2026-04-15 01:00:00,0.00296,0.00296,0.00295,0.00296,11018720.0
2026-04-15 01:15:00,0.00296,0.00297,0.00296,0.00297,2401342.0
2026-04-15 01:30:00,0.00297,0.003,0.00297,0.003,2447633.0
2026-04-15 01:45:00,0.00299,0.00299,0.00298,0.00299,7391612.0
2026-04-15 02:00:00,0.00299,0.00299,0.00298,0.00299,4168281.0
2026-04-15 02:15:00,0.00298,0.00299,0.00297,0.00297,1202052.0
2026-04-15 02:30:00,0.00297,0.00297,0.00296,0.00297,409914.0
2026-04-15 02:45:00,0.00297,0.00298,0.00297,0.00298,2121778.0
2026-04-15 03:00:00,0.00298,0.00298,0.00296,0.00298,5416311.0
2026-04-15 03:15:00,0.00297,0.00298,0.00297,0.00297,5416619.0
2026-04-15 03:30:00,0.00298,0.00298,0.00296,0.00297,5464473.0
2026-04-15 03:45:00,0.00297,0.00298,0.00297,0.00298,707052.0
2026-04-15 04:00:00,0.00298,0.003,0.00298,0.003,2128547.0
2026-04-15 04:15:00,0.00299,0.003,0.00299,0.00299,72640.0
2026-04-15 04:30:00,0.00299,0.003,0.00298,0.00298,4077018.0
2026-04-15 04:45:00,0.00298,0.00301,0.00298,0.00301,9566756.0
2026-04-15 05:00:00,0.00301,0.00302,0.003,0.003,6843801.0
2026-04-15 05:15:00,0.003,0.003,0.00298,0.00299,2747850.0
2026-04-15 05:30:00,0.00299,0.003,0.00297,0.00298,4251410.0
2026-04-15 05:45:00,0.00299,0.00299,0.00298,0.00298,1566311.0
2026-04-15 06:00:00,0.00299,0.00299,0.00296,0.00298,1045031.0
2026-04-15 06:15:00,0.00298,0.00298,0.00296,0.00297,1638131.0
2026-04-15 06:30:00,0.00297,0.00299,0.00297,0.00299,1803468.0
2026-04-15 06:45:00,0.00298,0.00299,0.00297,0.00297,2703088.0
2026-04-15 07:00:00,0.00297,0.00298,0.00296,0.00298,2555071.0
2026-04-15 07:15:00,0.00298,0.00298,0.00295,0.00296,7777661.0
2026-04-15 07:30:00,0.00296,0.00297,0.00295,0.00296,1256786.0
2026-04-15 07:45:00,0.00296,0.00297,0.00295,0.00295,7450992.0
2026-04-15 08:00:00,0.00295,0.00296,0.00295,0.00296,2377490.0
2026-04-15 08:15:00,0.00297,0.003,0.00296,0.00299,5513490.0
2026-04-15 08:30:00,0.00299,0.003,0.00299,0.00299,4922748.0
2026-04-15 08:45:00,0.00298,0.00299,0.00298,0.00299,163861.0
2026-04-15 09:00:00,0.00299,0.003,0.00298,0.00299,1208342.0
2026-04-15 09:15:00,0.00299,0.003,0.00298,0.003,2704731.0
2026-04-15 09:30:00,0.00299,0.003,0.00298,0.00298,10833799.0
2026-04-15 09:45:00,0.00298,0.003,0.00297,0.003,4646764.0
2026-04-15 10:00:00,0.003,0.00301,0.00299,0.00301,1735293.0
2026-04-15 10:15:00,0.003,0.00301,0.003,0.00301,1725833.0
2026-04-15 10:30:00,0.00301,0.00302,0.003,0.00302,10690931.0
2026-04-15 10:45:00,0.00303,0.00303,0.003,0.003,15364980.0
2026-04-15 11:00:00,0.00301,0.00304,0.00301,0.00302,11110088.0
2026-04-15 11:15:00,0.00302,0.00303,0.00302,0.00302,4184594.0
2026-04-15 11:30:00,0.00302,0.00304,0.00301,0.00304,7641440.0
2026-04-15 11:45:00,0.00303,0.00306,0.00303,0.00303,21254814.0
2026-04-15 12:00:00,0.00303,0.00304,0.00302,0.00303,2992392.0
2026-04-15 12:15:00,0.00302,0.00304,0.00302,0.00304,907072.0
2026-04-15 12:30:00,0.00304,0.00304,0.00303,0.00303,14637209.0
2026-04-15 12:45:00,0.00304,0.00305,0.00303,0.00304,8891647.0
2026-04-15 13:00:00,0.00305,0.00309,0.00305,0.00308,38154939.0
2026-04-15 13:15:00,0.00307,0.00308,0.00305,0.00306,32799425.0
2026-04-15 13:30:00,0.00306,0.00306,0.00304,0.00305,20100633.0
2026-04-15 13:45:00,0.00306,0.00306,0.00304,0.00305,12536173.0
2026-04-15 14:00:00,0.00305,0.00307,0.00305,0.00305,19189043.0
2026-04-15 14:15:00,0.00305,0.00306,0.00304,0.00305,10891777.0
2026-04-15 14:30:00,0.00305,0.00306,0.00305,0.00305,15051216.0
2026-04-15 14:45:00,0.00306,0.00311,0.00305,0.00311,35376497.0
2026-04-15 15:00:00,0.00311,0.00312,0.00307,0.0031,62920118.0
2026-04-15 15:15:00,0.0031,0.00312,0.00308,0.00309,23164425.0
2026-04-15 15:30:00,0.00309,0.00311,0.00306,0.00309,25780729.0
2026-04-15 15:45:00,0.00309,0.0031,0.00307,0.00309,25358729.0
2026-04-15 16:00:00,0.0031,0.00313,0.00309,0.00313,41333008.0
2026-04-15 16:15:00,0.00313,0.00313,0.00308,0.00308,17658498.0
2026-04-15 16:30:00,0.00308,0.00312,0.00308,0.00312,33363278.0
2026-04-15 16:45:00,0.00311,0.00312,0.0031,0.00312,31121185.0
2026-04-15 17:00:00,0.00313,0.00314,0.0031,0.00312,36105271.0
2026-04-15 17:15:00,0.00312,0.00312,0.00309,0.00309,20476877.0
2026-04-15 17:30:00,0.00309,0.0031,0.00308,0.00309,7635501.0
2026-04-15 17:45:00,0.00308,0.00311,0.00308,0.00311,18271383.0
2026-04-15 18:00:00,0.0031,0.00313,0.00309,0.00312,93242266.0
2026-04-15 18:15:00,0.00312,0.00313,0.00309,0.00309,21058238.0
2026-04-15 18:30:00,0.00309,0.00311,0.00309,0.00311,48991800.0
2026-04-15 18:45:00,0.00311,0.00311,0.00309,0.00309,45933919.0
2026-04-15 19:00:00,0.00309,0.0031,0.00308,0.00308,51433078.0
2026-04-15 19:15:00,0.00308,0.00309,0.00308,0.00308,34827164.0
2026-04-15 19:30:00,0.00307,0.0031,0.00306,0.00307,66391029.0
2026-04-15 19:45:00,0.00307,0.00308,0.00306,0.00306,30764995.0
2026-04-15 20:00:00,0.00306,0.00307,0.00305,0.00305,26817894.0
2026-04-15 20:15:00,0.00306,0.00307,0.00305,0.00307,2642251.0
2026-04-15 20:30:00,0.00307,0.0031,0.00307,0.00307,21053178.0
2026-04-15 20:45:00,0.00308,0.00309,0.00307,0.00308,16764147.0
2026-04-15 21:00:00,0.00308,0.00312,0.00308,0.0031,19474779.0
2026-04-15 21:15:00,0.0031,0.00311,0.00309,0.00309,11173327.0
2026-04-15 21:30:00,0.00309,0.00311,0.00309,0.00311,8188507.0
2026-04-15 21:45:00,0.00312,0.00314,0.00312,0.00314,8007089.0
2026-04-15 22:00:00,0.00313,0.00317,0.00313,0.00317,28284903.0
2026-04-15 22:15:00,0.00317,0.00317,0.00314,0.00314,18126897.0
2026-04-15 22:30:00,0.00314,0.00315,0.00312,0.00313,25826313.0
2026-04-15 22:45:00,0.00313,0.00314,0.00311,0.00312,14806917.0
2026-04-15 23:00:00,0.00311,0.00311,0.0031,0.00311,10101237.0
2026-04-15 23:15:00,0.0031,0.00311,0.00309,0.00309,16669309.0
2026-04-15 23:30:00,0.0031,0.00311,0.00308,0.00309,29668525.0
2026-04-15 23:45:00,0.00309,0.00312,0.00308,0.00312,10080601.0
2026-04-16 00:00:00,0.00313,0.00314,0.00309,0.0031,9286002.0
2026-04-16 00:15:00,0.00309,0.0031,0.00309,0.0031,8831473.0
2026-04-16 00:30:00,0.0031,0.00311,0.00309,0.0031,17755699.0
2026-04-16 00:45:00,0.0031,0.00312,0.0031,0.00311,11395509.0
2026-04-16 01:00:00,0.00311,0.00312,0.00309,0.00309,14148113.0
2026-04-16 01:15:00,0.00309,0.0031,0.00308,0.00309,11932036.0
2026-04-16 01:30:00,0.00309,0.00311,0.00309,0.00311,12183696.0
2026-04-16 01:45:00,0.00311,0.00313,0.00311,0.00312,18761138.0
2026-04-16 02:00:00,0.00312,0.00314,0.00312,0.00314,26069897.0
2026-04-16 02:15:00,0.00313,0.00314,0.00312,0.00313,16577720.0
2026-04-16 02:30:00,0.00314,0.00316,0.00312,0.00313,34464098.0
2026-04-16 02:45:00,0.00312,0.00313,0.0031,0.00311,32935384.0
2026-04-16 03:00:00,0.00311,0.00313,0.00311,0.00311,28223667.0
2026-04-16 03:15:00,0.00312,0.00313,0.00311,0.00313,15432727.0
2026-04-16 03:30:00,0.00312,0.00313,0.0031,0.00313,25092880.0
2026-04-16 03:45:00,0.00312,0.00315,0.00312,0.00314,17166105.0
2026-04-16 04:00:00,0.00314,0.00316,0.00313,0.00315,26520413.0
2026-04-16 04:15:00,0.00314,0.00316,0.00314,0.00315,12447369.0
2026-04-16 04:30:00,0.00314,0.00317,0.00313,0.00317,16984144.0
2026-04-16 04:45:00,0.00316,0.00317,0.00315,0.00316,79334580.0
2026-04-16 05:00:00,0.00316,0.00317,0.00314,0.00314,10946806.0
2026-04-16 05:15:00,0.00314,0.00316,0.00314,0.00315,15782936.0
2026-04-16 05:30:00,0.00314,0.00317,0.00314,0.00315,23057514.0
2026-04-16 05:45:00,0.00316,0.00316,0.00314,0.00314,5878561.0
2026-04-16 06:00:00,0.00314,0.00316,0.00313,0.00315,3385051.0
2026-04-16 06:15:00,0.00314,0.00316,0.00314,0.00315,9021399.0
2026-04-16 06:30:00,0.00315,0.00318,0.00315,0.00316,18673293.0
2026-04-16 06:45:00,0.00317,0.00319,0.00315,0.00318,4513186.0
2026-04-16 07:00:00,0.00318,0.00319,0.00316,0.00317,2567265.0
2026-04-16 07:15:00,0.00318,0.00321,0.00318,0.0032,24729955.0
2026-04-16 07:30:00,0.0032,0.00322,0.00319,0.0032,16334460.0
2026-04-16 07:45:00,0.00321,0.00322,0.00318,0.00319,27634369.0
2026-04-16 08:00:00,0.0032,0.0032,0.00318,0.00319,14541468.0
2026-04-16 08:15:00,0.00319,0.00321,0.00318,0.00318,27384957.0
2026-04-16 08:30:00,0.00318,0.00321,0.00318,0.0032,31197033.0
2026-04-16 08:45:00,0.0032,0.00321,0.00319,0.0032,12632819.0
2026-04-16 09:00:00,0.00319,0.00321,0.00318,0.00321,22116040.0
2026-04-16 09:15:00,0.00322,0.00323,0.0032,0.0032,24895442.0
2026-04-16 09:30:00,0.0032,0.00321,0.00317,0.00317,19289106.0
2026-04-16 09:45:00,0.00317,0.00319,0.00316,0.00318,21552773.0
2026-04-16 10:00:00,0.00319,0.0032,0.00317,0.00317,19534622.0
2026-04-16 10:15:00,0.00318,0.00319,0.00317,0.00318,9862301.0
2026-04-16 10:30:00,0.00319,0.00323,0.00319,0.00322,44195679.0
2026-04-16 10:45:00,0.00322,0.00323,0.00318,0.00318,10034168.0
2026-04-16 11:00:00,0.00319,0.00321,0.00318,0.0032,8294190.0
2026-04-16 11:15:00,0.00321,0.00323,0.0032,0.00322,9945528.0
2026-04-16 11:30:00,0.00323,0.00325,0.00321,0.00322,30278073.0
2026-04-16 11:45:00,0.00322,0.00325,0.00322,0.00324,17867347.0
2026-04-16 12:00:00,0.00325,0.00331,0.00325,0.0033,48430297.0
2026-04-16 12:15:00,0.0033,0.00336,0.00329,0.00335,81952753.0
2026-04-16 12:30:00,0.00336,0.00339,0.00333,0.00335,102051414.0
2026-04-16 12:45:00,0.00335,0.00335,0.00328,0.00331,54108403.0
2026-04-16 13:00:00,0.00332,0.00339,0.00331,0.00338,44805981.0
2026-04-16 13:15:00,0.00338,0.00339,0.00334,0.00335,68138316.0
2026-04-16 13:30:00,0.00335,0.00335,0.00332,0.00334,24025400.0
2026-04-16 13:45:00,0.00334,0.00334,0.00325,0.00328,53553357.0
2026-04-16 14:00:00,0.00328,0.00329,0.00325,0.00326,37781347.0
2026-04-16 14:15:00,0.00326,0.00326,0.00321,0.00323,23527023.0
2026-04-16 14:30:00,0.00323,0.00327,0.00323,0.00325,26153024.0
2026-04-16 14:45:00,0.00326,0.00326,0.00324,0.00325,10301224.0
2026-04-16 15:00:00,0.00324,0.00327,0.00323,0.00325,14574276.0
2026-04-16 15:15:00,0.00326,0.0033,0.00325,0.00328,19307542.0
2026-04-16 15:30:00,0.00327,0.00333,0.00326,0.00332,35469866.0
2026-04-16 15:45:00,0.00332,0.00335,0.00331,0.00334,32634993.0
2026-04-16 16:00:00,0.00334,0.00338,0.00332,0.00333,48278625.0
2026-04-16 16:15:00,0.00333,0.00336,0.00332,0.00332,31978390.0
2026-04-16 16:30:00,0.00331,0.00334,0.00329,0.00331,35579950.0
2026-04-16 16:45:00,0.00332,0.00332,0.00328,0.00332,33190830.0
2026-04-16 17:00:00,0.00331,0.00333,0.0033,0.00332,31033599.0
2026-04-16 17:15:00,0.00331,0.00336,0.0033,0.00335,36838651.0
2026-04-16 17:30:00,0.00335,0.00339,0.00334,0.00338,30486497.0
2026-04-16 17:45:00,0.00337,0.00338,0.00334,0.00335,22497934.0
2026-04-16 18:00:00,0.00334,0.00336,0.00333,0.00336,13093321.0
2026-04-16 18:15:00,0.00336,0.00337,0.00334,0.00335,25888525.0
2026-04-16 18:30:00,0.00336,0.0034,0.00335,0.00336,44197579.0
2026-04-16 18:45:00,0.00336,0.00342,0.00336,0.0034,33307003.0
2026-04-16 19:00:00,0.00341,0.00343,0.00339,0.00342,22961915.0
2026-04-16 19:15:00,0.00342,0.00344,0.0034,0.00341,21437543.0
2026-04-16 19:30:00,0.00341,0.00343,0.0034,0.00342,16613446.0
2026-04-16 19:45:00,0.00342,0.00343,0.0034,0.00342,28065712.0
2026-04-16 20:00:00,0.00341,0.00343,0.00341,0.00341,27677902.0
2026-04-16 20:15:00,0.00342,0.00342,0.00338,0.00339,17457035.0
2026-04-16 20:30:00,0.00339,0.0034,0.00337,0.00339,8721817.0
2026-04-16 20:45:00,0.00338,0.0034,0.00336,0.00337,12185633.0
2026-04-16 21:00:00,0.00338,0.00339,0.00336,0.00336,18337160.0
2026-04-16 21:15:00,0.00337,0.00338,0.00333,0.00335,48428924.0
2026-04-16 21:30:00,0.00335,0.00337,0.00335,0.00336,9947071.0
2026-04-16 21:45:00,0.00336,0.00339,0.00335,0.00338,7270366.0
2026-04-16 22:00:00,0.00339,0.00342,0.00339,0.0034,15027440.0
2026-04-16 22:15:00,0.00339,0.00343,0.00339,0.00342,9462908.0
2026-04-16 22:30:00,0.00342,0.00344,0.00341,0.00341,17055355.0
2026-04-16 22:45:00,0.00342,0.00343,0.00341,0.00341,12085914.0
2026-04-16 23:00:00,0.00342,0.00343,0.00341,0.00342,14795131.0
2026-04-16 23:15:00,0.00341,0.00345,0.00341,0.00345,9940872.0
2026-04-16 23:30:00,0.00344,0.00346,0.00343,0.00344,7981322.0
2026-04-16 23:45:00,0.00344,0.00344,0.00342,0.00343,15074549.0
2026-04-17 00:00:00,0.00342,0.00343,0.00339,0.00342,28698706.0
2026-04-17 00:15:00,0.00342,0.00342,0.00339,0.00339,15279692.0
2026-04-17 00:30:00,0.00339,0.00342,0.00339,0.00342,7901620.0
2026-04-17 00:45:00,0.00342,0.00344,0.00342,0.00343,11700086.0
2026-04-17 01:00:00,0.00343,0.00345,0.00343,0.00345,15764222.0
2026-04-17 01:15:00,0.00344,0.00344,0.00341,0.00341,14247435.0
2026-04-17 01:30:00,0.00342,0.00344,0.0034,0.00342,13579252.0
2026-04-17 01:45:00,0.00341,0.00342,0.00339,0.0034,9514459.0
2026-04-17 02:00:00,0.00341,0.00341,0.00338,0.00339,15779071.0
2026-04-17 02:15:00,0.00339,0.00339,0.00336,0.00336,11089200.0
2026-04-17 02:30:00,0.00336,0.00339,0.00335,0.00339,13832159.0
2026-04-17 02:45:00,0.00339,0.0034,0.00338,0.00338,9326631.0
2026-04-17 03:00:00,0.00339,0.00339,0.00336,0.00337,6947865.0
2026-04-17 03:15:00,0.00337,0.00338,0.00336,0.00337,1072734.0
2026-04-17 03:30:00,0.00336,0.00338,0.00336,0.00337,4528349.0
2026-04-17 03:45:00,0.00337,0.0034,0.00337,0.00338,2711047.0
2026-04-17 04:00:00,0.00338,0.00338,0.00336,0.00336,4085267.0
2026-04-17 04:15:00,0.00336,0.00337,0.00335,0.00335,3731684.0
2026-04-17 04:30:00,0.00335,0.00336,0.00333,0.00335,5723687.0
2026-04-17 04:45:00,0.00335,0.00336,0.00334,0.00336,4537493.0
2026-04-17 05:00:00,0.00335,0.00335,0.00331,0.00332,22792914.0
2026-04-17 05:15:00,0.00332,0.00333,0.0033,0.0033,5664113.0
2026-04-17 05:30:00,0.00331,0.00332,0.0033,0.00331,12940577.0
2026-04-17 05:45:00,0.00332,0.00332,0.0033,0.0033,18874974.0
2026-04-17 06:00:00,0.0033,0.00331,0.0033,0.00331,11648634.0
2026-04-17 06:15:00,0.0033,0.00331,0.00329,0.00331,6770075.0
2026-04-17 06:30:00,0.00331,0.00332,0.0033,0.00332,6835375.0
2026-04-17 06:45:00,0.00333,0.00334,0.00332,0.00333,15235890.0
2026-04-17 07:00:00,0.00333,0.00335,0.00333,0.00334,13427339.0
2026-04-17 07:15:00,0.00333,0.00334,0.00332,0.00334,4776919.0
2026-04-17 07:30:00,0.00334,0.00334,0.00333,0.00333,7140296.0
2026-04-17 07:45:00,0.00334,0.00336,0.00333,0.00335,6133065.0
2026-04-17 08:00:00,0.00335,0.00336,0.00334,0.00336,2425787.0
2026-04-17 08:15:00,0.00336,0.00336,0.00333,0.00333,5196803.0
2026-04-17 08:30:00,0.00334,0.00336,0.00334,0.00335,10053737.0
2026-04-17 08:45:00,0.00335,0.00336,0.00334,0.00335,11829796.0
2026-04-17 09:00:00,0.00334,0.00336,0.00333,0.00336,6329657.0
2026-04-17 09:15:00,0.00336,0.00337,0.00334,0.00337,5757690.0
2026-04-17 09:30:00,0.00337,0.00339,0.00334,0.00338,22035002.0
2026-04-17 09:45:00,0.00338,0.00339,0.00338,0.00339,7628827.0
2026-04-17 10:00:00,0.00339,0.0034,0.00335,0.00337,11544372.0
2026-04-17 10:15:00,0.00336,0.00336,0.00334,0.00334,10015560.0
2026-04-17 10:30:00,0.00334,0.00334,0.00333,0.00333,10032264.0
2026-04-17 10:45:00,0.00334,0.00335,0.00333,0.00334,8267544.0
2026-04-17 11:00:00,0.00334,0.00335,0.00334,0.00334,3103421.0
2026-04-17 11:15:00,0.00335,0.00338,0.00335,0.00338,2815136.0
2026-04-17 11:30:00,0.00337,0.00338,0.00337,0.00338,5302420.0
2026-04-17 11:45:00,0.00337,0.00337,0.00335,0.00335,4973616.0
2026-04-17 12:00:00,0.00336,0.00339,0.00334,0.00338,6280263.0
2026-04-17 12:15:00,0.00338,0.00339,0.00336,0.00337,7995254.0
2026-04-17 12:30:00,0.00338,0.00338,0.00335,0.00338,5758605.0
2026-04-17 12:45:00,0.00338,0.0034,0.00337,0.00338,22448490.0
2026-04-17 13:00:00,0.00337,0.0034,0.00336,0.0034,15604206.0
2026-04-17 13:15:00,0.0034,0.00345,0.0034,0.00343,59068343.0
2026-04-17 13:30:00,0.00342,0.00344,0.00341,0.00343,25383091.0
2026-04-17 13:45:00,0.00343,0.00345,0.00341,0.00344,18057703.0
2026-04-17 14:00:00,0.00344,0.00345,0.00342,0.00343,26541419.0
2026-04-17 14:15:00,0.00344,0.00345,0.00342,0.00343,18822765.0
2026-04-17 14:30:00,0.00342,0.00346,0.00342,0.00345,16206610.0
2026-04-17 14:45:00,0.00345,0.00345,0.00343,0.00344,7105204.0
2026-04-17 15:00:00,0.00343,0.00345,0.00341,0.00344,7614961.0
2026-04-17 15:15:00,0.00344,0.00345,0.00341,0.00343,18173567.0
2026-04-17 15:30:00,0.00343,0.00345,0.00339,0.0034,18769550.0
2026-04-17 15:45:00,0.00339,0.00342,0.00339,0.00342,8832365.0
2026-04-17 16:00:00,0.00343,0.00347,0.00342,0.00344,19220840.0
2026-04-17 16:15:00,0.00344,0.00346,0.00343,0.00346,16936729.0
2026-04-17 16:30:00,0.00345,0.00351,0.00345,0.0035,45478801.0
2026-04-17 16:45:00,0.0035,0.00352,0.00348,0.00349,17776082.0
2026-04-17 17:00:00,0.00348,0.00348,0.00346,0.00347,7346360.0
2026-04-17 17:15:00,0.00347,0.00349,0.00345,0.00349,9093638.0
2026-04-17 17:30:00,0.00348,0.0035,0.00347,0.00349,10622558.0
2026-04-17 17:45:00,0.00349,0.0035,0.00346,0.00346,16077556.0
2026-04-17 18:00:00,0.00347,0.00347,0.0034,0.00341,21402263.0
2026-04-17 18:15:00,0.0034,0.00343,0.0034,0.00342,8614440.0
2026-04-17 18:30:00,0.00343,0.00345,0.00342,0.00344,5857637.0
2026-04-17 18:45:00,0.00344,0.00345,0.00343,0.00343,10013355.0
2026-04-17 19:00:00,0.00343,0.00344,0.00342,0.00343,7484558.0
2026-04-17 19:15:00,0.00344,0.00346,0.00344,0.00345,7471304.0
2026-04-17 19:30:00,0.00345,0.00347,0.00345,0.00347,4172020.0
2026-04-17 19:45:00,0.00347,0.00347,0.00346,0.00346,11336451.0
2026-04-17 20:00:00,0.00346,0.00347,0.00345,0.00345,14831729.0
2026-04-17 20:15:00,0.00345,0.00346,0.00344,0.00345,5305668.0
2026-04-17 20:30:00,0.00345,0.00345,0.00343,0.00344,8856589.0
2026-04-17 20:45:00,0.00343,0.00345,0.00343,0.00344,1211430.0
2026-04-17 21:00:00,0.00345,0.00347,0.00344,0.00345,9237450.0
2026-04-17 21:15:00,0.00344,0.00347,0.00343,0.00345,7300044.0
2026-04-17 21:30:00,0.00345,0.00346,0.00343,0.00345,8625272.0
2026-04-17 21:45:00,0.00345,0.00346,0.00343,0.00344,4063444.0
2026-04-17 22:00:00,0.00344,0.00344,0.00342,0.00343,6108832.0
2026-04-17 22:15:00,0.00343,0.00344,0.00342,0.00344,3250979.0
2026-04-17 22:30:00,0.00344,0.00345,0.00343,0.00344,4107499.0
2026-04-17 22:45:00,0.00344,0.00345,0.00343,0.00343,2050110.0
2026-04-17 23:00:00,0.00343,0.00343,0.0034,0.0034,12179010.0
2026-04-17 23:15:00,0.0034,0.0034,0.00338,0.00339,12081815.0
2026-04-17 23:30:00,0.00339,0.0034,0.00338,0.00338,5388712.0
2026-04-17 23:45:00,0.00338,0.00341,0.00338,0.0034,12668198.0
2026-04-18 00:00:00,0.0034,0.00341,0.00338,0.00339,6552758.0
2026-04-18 00:15:00,0.00339,0.0034,0.00338,0.00339,2442367.0
2026-04-18 00:30:00,0.00338,0.00339,0.00336,0.00336,6017589.0
2026-04-18 00:45:00,0.00336,0.00338,0.00336,0.00338,4864268.0
2026-04-18 01:00:00,0.00339,0.00342,0.00338,0.00341,18060786.0
2026-04-18 01:15:00,0.0034,0.00341,0.00338,0.00338,3730661.0
2026-04-18 01:30:00,0.00338,0.00339,0.00336,0.00337,5030317.0
2026-04-18 01:45:00,0.00337,0.00338,0.00336,0.00338,3317396.0
2026-04-18 02:00:00,0.00337,0.00338,0.00337,0.00337,4308402.0
2026-04-18 02:15:00,0.00337,0.00338,0.00336,0.00338,2475807.0
2026-04-18 02:30:00,0.00337,0.00341,0.00337,0.0034,4878198.0
2026-04-18 02:45:00,0.0034,0.00341,0.00339,0.00341,7110045.0
2026-04-18 03:00:00,0.0034,0.0034,0.00339,0.00339,1314961.0
2026-04-18 03:15:00,0.00339,0.0034,0.00338,0.00339,4536378.0
2026-04-18 03:30:00,0.00339,0.0034,0.00338,0.0034,2744169.0
2026-04-18 03:45:00,0.0034,0.00342,0.00339,0.00339,8132765.0
2026-04-18 04:00:00,0.0034,0.0034,0.00337,0.00338,11984939.0
2026-04-18 04:15:00,0.00338,0.00338,0.00336,0.00337,4665434.0
2026-04-18 04:30:00,0.00337,0.00337,0.00335,0.00336,20468482.0
2026-04-18 04:45:00,0.00336,0.00338,0.00335,0.00337,5172918.0
2026-04-18 05:00:00,0.00337,0.0034,0.00337,0.0034,4505757.0
2026-04-18 05:15:00,0.00341,0.00344,0.00341,0.00342,23791948.0
2026-04-18 05:30:00,0.00342,0.00344,0.00341,0.00343,4455754.0
2026-04-18 05:45:00,0.00343,0.00345,0.00342,0.00344,10493315.0
2026-04-18 06:00:00,0.00344,0.00348,0.00344,0.00346,24244216.0
2026-04-18 06:15:00,0.00347,0.00347,0.00345,0.00346,8399283.0
2026-04-18 06:30:00,0.00345,0.00348,0.00343,0.00348,8434946.0
2026-04-18 06:45:00,0.00347,0.00349,0.00347,0.00349,21411053.0
2026-04-18 07:00:00,0.00348,0.0035,0.00348,0.00349,16918922.0
2026-04-18 07:15:00,0.00349,0.00351,0.00348,0.00348,8589235.0
2026-04-18 07:30:00,0.00348,0.00352,0.00347,0.00351,32105572.0
2026-04-18 07:45:00,0.00351,0.00351,0.00349,0.0035,17247808.0
2026-04-18 08:00:00,0.0035,0.00352,0.00349,0.00351,26830044.0
2026-04-18 08:15:00,0.0035,0.00351,0.00345,0.00346,33028790.0
2026-04-18 08:30:00,0.00346,0.00348,0.00344,0.00345,32338628.0
2026-04-18 08:45:00,0.00345,0.00347,0.00342,0.00345,34521414.0
2026-04-18 09:00:00,0.00345,0.00349,0.00341,0.00343,66549940.0
2026-04-18 09:15:00,0.00344,0.00345,0.00342,0.00344,21904223.0
2026-04-18 09:30:00,0.00345,0.00347,0.00343,0.00346,23547350.0
2026-04-18 09:45:00,0.00346,0.00347,0.00343,0.00344,10212998.0
2026-04-18 10:00:00,0.00343,0.00343,0.00336,0.00339,41786701.0
2026-04-18 10:15:00,0.00339,0.00339,0.00337,0.00337,26390805.0
2026-04-18 10:30:00,0.00337,0.00339,0.00337,0.00338,17852590.0
2026-04-18 10:45:00,0.00338,0.00339,0.00336,0.00338,15169653.0
2026-04-18 11:00:00,0.00338,0.00338,0.00334,0.00336,18599356.0
2026-04-18 11:15:00,0.00335,0.00338,0.00335,0.00338,6964822.0
2026-04-18 11:30:00,0.00337,0.00338,0.00332,0.00332,25795613.0
2026-04-18 11:45:00,0.00333,0.00335,0.00331,0.00335,7000366.0
2026-04-18 12:00:00,0.00335,0.00335,0.00332,0.00334,19368391.0
2026-04-18 12:15:00,0.00333,0.00334,0.0033,0.00331,13949745.0
2026-04-18 12:30:00,0.00331,0.00332,0.00329,0.00332,9598526.0
2026-04-18 12:45:00,0.00331,0.00332,0.0033,0.00332,4869993.0
2026-04-18 13:00:00,0.00331,0.00332,0.0033,0.00331,3009395.0
2026-04-18 13:15:00,0.0033,0.0033,0.00328,0.00329,25771268.0
2026-04-18 13:30:00,0.00329,0.00331,0.00328,0.0033,11496369.0
2026-04-18 13:45:00,0.0033,0.00334,0.0033,0.00333,20105966.0
2026-04-18 14:00:00,0.00332,0.00334,0.00331,0.00333,5557902.0
2026-04-18 14:15:00,0.00333,0.00334,0.00331,0.00334,8983082.0
2026-04-18 14:30:00,0.00334,0.00336,0.00333,0.00334,13309976.0
2026-04-18 14:45:00,0.00334,0.00335,0.00332,0.00334,6964293.0
2026-04-18 15:00:00,0.00334,0.00336,0.00333,0.00334,4791692.0
2026-04-18 15:15:00,0.00335,0.00336,0.00333,0.00333,2103024.0
2026-04-18 15:30:00,0.00333,0.00334,0.00332,0.00333,4623082.0
2026-04-18 15:45:00,0.00333,0.00334,0.00332,0.00332,4272270.0
2026-04-18 16:00:00,0.00332,0.00333,0.0033,0.00332,8944376.0
2026-04-18 16:15:00,0.00332,0.00333,0.00329,0.0033,16143423.0
2026-04-18 16:30:00,0.00329,0.0033,0.00328,0.00328,4129916.0
2026-04-18 16:45:00,0.00329,0.00329,0.00327,0.00328,7415127.0
2026-04-18 17:00:00,0.00328,0.00328,0.00326,0.00326,15970237.0
2026-04-18 17:15:00,0.00327,0.0033,0.00326,0.0033,6923112.0
2026-04-18 17:30:00,0.00329,0.00331,0.00327,0.00329,54436894.0
2026-04-18 17:45:00,0.00329,0.0033,0.00327,0.00328,19373699.0
2026-04-18 18:00:00,0.00328,0.00329,0.00327,0.00328,2998670.0
2026-04-18 18:15:00,0.00328,0.00328,0.00325,0.00326,9315116.0
2026-04-18 18:30:00,0.00326,0.00326,0.00323,0.00325,20671527.0
2026-04-18 18:45:00,0.00324,0.00325,0.00323,0.00323,3852039.0
2026-04-18 19:00:00,0.00323,0.00326,0.00323,0.00324,7921501.0
2026-04-18 19:15:00,0.00324,0.00325,0.00323,0.00325,5846013.0
2026-04-18 19:30:00,0.00324,0.00325,0.00322,0.00323,4110251.0
2026-04-18 19:45:00,0.00323,0.00325,0.00323,0.00324,3672074.0
2026-04-18 20:00:00,0.00324,0.00324,0.00321,0.00321,8900477.0
2026-04-18 20:15:00,0.00322,0.00323,0.00321,0.00322,5747966.0
2026-04-18 20:30:00,0.00322,0.00324,0.00322,0.00323,1939238.0
2026-04-18 20:45:00,0.00324,0.00325,0.00323,0.00324,3688003.0
2026-04-18 21:00:00,0.00324,0.00325,0.00323,0.00324,2001186.0
2026-04-18 21:15:00,0.00323,0.00324,0.00322,0.00324,2722372.0
2026-04-18 21:30:00,0.00324,0.00325,0.00324,0.00325,4684098.0
2026-04-18 21:45:00,0.00326,0.00326,0.00324,0.00324,1639547.0
2026-04-18 22:00:00,0.00325,0.00325,0.00324,0.00325,1798986.0
2026-04-18 22:15:00,0.00324,0.00325,0.00324,0.00325,159801.0
2026-04-18 22:30:00,0.00325,0.00326,0.00324,0.00324,5585827.0
2026-04-18 22:45:00,0.00325,0.00325,0.00324,0.00324,4527787.0
2026-04-18 23:00:00,0.00324,0.00326,0.00324,0.00325,2999282.0
2026-04-18 23:15:00,0.00324,0.00325,0.00324,0.00324,147235.0
2026-04-18 23:30:00,0.00324,0.00324,0.00323,0.00323,817038.0
2026-04-18 23:45:00,0.00323,0.00324,0.00322,0.00322,1183507.0
2026-04-19 00:00:00,0.00322,0.00323,0.0032,0.0032,12511620.0
2026-04-19 00:15:00,0.0032,0.00321,0.00318,0.00319,7350191.0
2026-04-19 00:30:00,0.00319,0.0032,0.00318,0.00319,7323018.0
2026-04-19 00:45:00,0.00319,0.00321,0.00318,0.00319,8182495.0
2026-04-19 01:00:00,0.0032,0.00322,0.0032,0.0032,6473662.0
2026-04-19 01:15:00,0.00319,0.00319,0.00318,0.00319,6169815.0
2026-04-19 01:30:00,0.00319,0.00319,0.00316,0.00317,8850768.0
2026-04-19 01:45:00,0.00317,0.00319,0.00317,0.00319,11195401.0
2026-04-19 02:00:00,0.00318,0.00318,0.00317,0.00318,1319015.0
2026-04-19 02:15:00,0.00318,0.00318,0.00314,0.00314,6677183.0
2026-04-19 02:30:00,0.00314,0.00317,0.00314,0.00317,4658255.0
2026-04-19 02:45:00,0.00317,0.00317,0.00316,0.00316,3369980.0
2026-04-19 03:00:00,0.00316,0.0032,0.00315,0.00319,5826023.0
2026-04-19 03:15:00,0.00319,0.0032,0.00319,0.00319,3108314.0
2026-04-19 03:30:00,0.00319,0.00319,0.00318,0.00319,945023.0
2026-04-19 03:45:00,0.00319,0.00319,0.00317,0.00317,2650259.0
2026-04-19 04:00:00,0.00318,0.0032,0.00317,0.0032,4961877.0
2026-04-19 04:15:00,0.0032,0.0032,0.00318,0.00319,5021849.0
2026-04-19 04:30:00,0.00318,0.00319,0.00317,0.00318,6929770.0
2026-04-19 04:45:00,0.00318,0.00318,0.00316,0.00317,9663199.0
2026-04-19 05:00:00,0.00318,0.00319,0.00318,0.00318,2027835.0
2026-04-19 05:15:00,0.00318,0.00318,0.00317,0.00318,3629989.0
2026-04-19 05:30:00,0.00319,0.0032,0.00318,0.0032,5271512.0
2026-04-19 05:45:00,0.00319,0.00319,0.00318,0.00318,1867936.0
2026-04-19 06:00:00,0.00317,0.00318,0.00316,0.00316,4871441.0
2026-04-19 06:15:00,0.00317,0.00319,0.00317,0.00319,6129723.0
2026-04-19 06:30:00,0.00318,0.0032,0.00318,0.00319,4136042.0
2026-04-19 06:45:00,0.00319,0.0032,0.00319,0.0032,1067898.0
2026-04-19 07:00:00,0.0032,0.0032,0.00317,0.00318,5280324.0
2026-04-19 07:15:00,0.00318,0.00318,0.00316,0.00317,5505859.0
2026-04-19 07:30:00,0.00317,0.00321,0.00317,0.0032,7321493.0
2026-04-19 07:45:00,0.0032,0.00321,0.00319,0.00321,2418292.0
2026-04-19 08:00:00,0.0032,0.00321,0.00319,0.0032,3015890.0
2026-04-19 08:15:00,0.0032,0.00321,0.00319,0.00319,1923087.0
2026-04-19 08:30:00,0.00319,0.00324,0.00319,0.00323,6614583.0
2026-04-19 08:45:00,0.00323,0.00323,0.00321,0.00322,6035545.0
2026-04-19 09:00:00,0.00322,0.00322,0.00321,0.00321,2394922.0
2026-04-19 09:15:00,0.00321,0.00321,0.0032,0.0032,1812737.0
2026-04-19 09:30:00,0.00321,0.00322,0.0032,0.0032,11394881.0
2026-04-19 09:45:00,0.00321,0.00323,0.00321,0.00321,6645485.0
2026-04-19 10:00:00,0.00321,0.00321,0.0032,0.00321,2714546.0
2026-04-19 10:15:00,0.00321,0.00321,0.00319,0.0032,6621456.0
2026-04-19 10:30:00,0.0032,0.00321,0.00319,0.0032,4829593.0
2026-04-19 10:45:00,0.0032,0.00321,0.00319,0.0032,3999458.0
2026-04-19 11:00:00,0.0032,0.00324,0.00318,0.00323,7117900.0
2026-04-19 11:15:00,0.00322,0.00323,0.00321,0.00322,13401289.0
2026-04-19 11:30:00,0.00322,0.00322,0.00321,0.00322,683328.0
2026-04-19 11:45:00,0.00322,0.00322,0.00321,0.00322,2896460.0
2026-04-19 12:00:00,0.00321,0.00323,0.0032,0.00322,3648336.0
2026-04-19 12:15:00,0.00322,0.00325,0.00322,0.00323,6935732.0
2026-04-19 12:30:00,0.00322,0.00324,0.00321,0.00324,7285378.0
2026-04-19 12:45:00,0.00324,0.00326,0.00323,0.00325,8242273.0
2026-04-19 13:00:00,0.00325,0.00326,0.00324,0.00325,1642525.0
2026-04-19 13:15:00,0.00325,0.00331,0.00324,0.00329,27562542.0
2026-04-19 13:30:00,0.0033,0.0033,0.00327,0.00328,3257389.0
2026-04-19 13:45:00,0.00328,0.00328,0.00326,0.00327,3516358.0
2026-04-19 14:00:00,0.00327,0.00327,0.00325,0.00326,5752836.0
2026-04-19 14:15:00,0.00326,0.00328,0.00326,0.00327,5739651.0
2026-04-19 14:30:00,0.00327,0.00328,0.00326,0.00328,5719733.0
2026-04-19 14:45:00,0.00327,0.00329,0.00327,0.00328,4754631.0
2026-04-19 15:00:00,0.00328,0.00329,0.00326,0.00327,7693343.0
2026-04-19 15:15:00,0.00327,0.00327,0.00323,0.00323,22400362.0
2026-04-19 15:30:00,0.00323,0.00324,0.0032,0.00322,46251443.0
2026-04-19 15:45:00,0.00322,0.00325,0.00322,0.00325,5183700.0
2026-04-19 16:00:00,0.00325,0.00325,0.00322,0.00323,4399338.0
2026-04-19 16:15:00,0.00323,0.00324,0.0032,0.00322,9072182.0
2026-04-19 16:30:00,0.00322,0.00323,0.00321,0.00321,3431287.0
2026-04-19 16:45:00,0.00322,0.00324,0.00321,0.00322,5752134.0
2026-04-19 17:00:00,0.00321,0.00322,0.0032,0.0032,14325140.0
2026-04-19 17:15:00,0.00321,0.00321,0.0032,0.0032,3890329.0
2026-04-19 17:30:00,0.0032,0.00322,0.00318,0.00321,5514706.0
2026-04-19 17:45:00,0.00321,0.00321,0.00318,0.00318,8743603.0
2026-04-19 18:00:00,0.00319,0.0032,0.00318,0.0032,6963943.0
2026-04-19 18:15:00,0.00319,0.00322,0.00319,0.00321,7526169.0
2026-04-19 18:30:00,0.00321,0.00321,0.0032,0.00321,2749864.0
2026-04-19 18:45:00,0.0032,0.0032,0.00319,0.00319,2472585.0
2026-04-19 19:00:00,0.00319,0.00323,0.00319,0.00322,3787789.0
2026-04-19 19:15:00,0.00322,0.00322,0.00321,0.00322,2527420.0
2026-04-19 19:30:00,0.00322,0.00324,0.00322,0.00322,6810989.0
2026-04-19 19:45:00,0.00322,0.00325,0.00322,0.00325,2413931.0
2026-04-19 20:00:00,0.00324,0.00324,0.00321,0.00322,11402747.0
2026-04-19 20:15:00,0.00323,0.00324,0.00322,0.00323,10715444.0
2026-04-19 20:30:00,0.00323,0.00324,0.00322,0.00324,5336122.0
2026-04-19 20:45:00,0.00324,0.00326,0.00322,0.00325,14280350.0
2026-04-19 21:00:00,0.00325,0.00325,0.00322,0.00323,4387344.0
2026-04-19 21:15:00,0.00323,0.00325,0.00322,0.00325,2296185.0
2026-04-19 21:30:00,0.00325,0.00326,0.00324,0.00325,6381904.0
2026-04-19 21:45:00,0.00325,0.00325,0.00322,0.00323,3112647.0
2026-04-19 22:00:00,0.00323,0.00323,0.00319,0.00319,15326799.0
2026-04-19 22:15:00,0.00319,0.0032,0.00315,0.0032,18562949.0
2026-04-19 22:30:00,0.0032,0.00323,0.00319,0.00321,10443990.0
2026-04-19 22:45:00,0.00321,0.00322,0.00319,0.00319,4063001.0
2026-04-19 23:00:00,0.00319,0.00319,0.00317,0.00319,3496325.0
2026-04-19 23:15:00,0.00319,0.0032,0.00317,0.00318,4132742.0
2026-04-19 23:30:00,0.00318,0.00318,0.00317,0.00317,1973758.0
2026-04-19 23:45:00,0.00317,0.00318,0.00317,0.00317,2071217.0
2026-04-20 00:00:00,0.00317,0.0032,0.00317,0.00318,10466193.0
2026-04-20 00:15:00,0.00319,0.00323,0.00319,0.00322,23294333.0
2026-04-20 00:30:00,0.00322,0.00323,0.0032,0.0032,13286478.0
2026-04-20 00:45:00,0.0032,0.00322,0.0032,0.00322,5563080.0
2026-04-20 01:00:00,0.00323,0.00324,0.00321,0.00321,15658976.0
2026-04-20 01:15:00,0.00321,0.00322,0.0032,0.00322,8938185.0
2026-04-20 01:30:00,0.00322,0.00324,0.00321,0.00322,5635341.0
2026-04-20 01:45:00,0.00322,0.00323,0.00321,0.00321,7744136.0
2026-04-20 02:00:00,0.00321,0.00323,0.0032,0.0032,3608498.0
2026-04-20 02:15:00,0.0032,0.00321,0.00319,0.0032,7590986.0
2026-04-20 02:30:00,0.0032,0.00321,0.0032,0.00321,4900208.0
2026-04-20 02:45:00,0.00321,0.00323,0.0032,0.00322,5708769.0
2026-04-20 03:00:00,0.00322,0.00323,0.00321,0.00322,3884936.0
2026-04-20 03:15:00,0.00322,0.00322,0.0032,0.00321,4653305.0
2026-04-20 03:30:00,0.00321,0.00324,0.00321,0.00322,5801126.0
2026-04-20 03:45:00,0.00322,0.00324,0.00322,0.00323,6471136.0
2026-04-20 04:00:00,0.00323,0.00323,0.0032,0.0032,1933833.0
2026-04-20 04:15:00,0.00321,0.00321,0.0032,0.00321,4822192.0
2026-04-20 04:30:00,0.00322,0.00323,0.00321,0.00321,2910139.0
2026-04-20 04:45:00,0.00321,0.00322,0.00321,0.00321,3269080.0
2026-04-20 05:00:00,0.00321,0.00322,0.00317,0.0032,11796124.0
2026-04-20 05:15:00,0.00319,0.0032,0.00317,0.00317,4857005.0
2026-04-20 05:30:00,0.00317,0.00318,0.00316,0.00317,5059058.0
2026-04-20 05:45:00,0.00317,0.00317,0.00316,0.00316,12239389.0
2026-04-20 06:00:00,0.00316,0.00318,0.00316,0.00316,6037543.0
2026-04-20 06:15:00,0.00316,0.00319,0.00316,0.00317,6894497.0
2026-04-20 06:30:00,0.00318,0.00323,0.00318,0.0032,7849740.0
2026-04-20 06:45:00,0.0032,0.0032,0.00318,0.00318,5080506.0
2026-04-20 07:00:00,0.00319,0.00319,0.00317,0.00318,4029917.0
2026-04-20 07:15:00,0.00318,0.00323,0.00317,0.00319,11462388.0
2026-04-20 07:30:00,0.00319,0.00321,0.00317,0.00317,5376970.0
2026-04-20 07:45:00,0.00317,0.00318,0.00317,0.00318,3316333.0
2026-04-20 08:00:00,0.00319,0.00319,0.00317,0.00317,3334534.0
2026-04-20 08:15:00,0.00317,0.00319,0.00317,0.00317,7607407.0
2026-04-20 08:30:00,0.00318,0.00319,0.00317,0.00318,4662609.0
2026-04-20 08:45:00,0.00318,0.0032,0.00317,0.00317,7329187.0
2026-04-20 09:00:00,0.00317,0.00319,0.00316,0.00318,6879307.0
2026-04-20 09:15:00,0.00319,0.0032,0.00318,0.00319,3629779.0
2026-04-20 09:30:00,0.00319,0.0032,0.00318,0.00319,2098560.0
2026-04-20 09:45:00,0.00319,0.0032,0.00318,0.00318,5719684.0
2026-04-20 10:00:00,0.00319,0.00322,0.00318,0.00321,3770465.0
2026-04-20 10:15:00,0.00321,0.00322,0.0032,0.00321,5232401.0
2026-04-20 10:30:00,0.00321,0.00321,0.0032,0.0032,1352703.0
2026-04-20 10:45:00,0.0032,0.00322,0.0032,0.0032,1871690.0
2026-04-20 11:00:00,0.00321,0.00322,0.00319,0.00321,7476850.0
2026-04-20 11:15:00,0.00321,0.00322,0.00319,0.0032,3576701.0
2026-04-20 11:30:00,0.0032,0.00321,0.00319,0.00319,3268753.0
2026-04-20 11:45:00,0.00319,0.0032,0.00319,0.00319,3440733.0
2026-04-20 12:00:00,0.00319,0.0032,0.00318,0.00319,6950898.0
2026-04-20 12:15:00,0.00319,0.00321,0.00319,0.0032,2775007.0
2026-04-20 12:30:00,0.0032,0.00321,0.00319,0.00321,8220145.0
2026-04-20 12:45:00,0.00321,0.00323,0.00321,0.00321,5446269.0
2026-04-20 13:00:00,0.00321,0.00322,0.00321,0.00321,9926055.0
2026-04-20 13:15:00,0.00321,0.00321,0.0032,0.0032,2106248.0
2026-04-20 13:30:00,0.00321,0.00322,0.00319,0.0032,10299498.0
2026-04-20 13:45:00,0.0032,0.00323,0.0032,0.00322,5190040.0
2026-04-20 14:00:00,0.00322,0.00324,0.00321,0.00323,12786572.0
2026-04-20 14:15:00,0.00323,0.00326,0.00323,0.00323,12369803.0
2026-04-20 14:30:00,0.00324,0.00325,0.00322,0.00323,6473406.0
2026-04-20 14:45:00,0.00324,0.00324,0.0032,0.00322,10687210.0
2026-04-20 15:00:00,0.00321,0.00321,0.00319,0.00321,13158787.0
2026-04-20 15:15:00,0.00321,0.00325,0.00321,0.00324,13586205.0
2026-04-20 15:30:00,0.00324,0.00324,0.00323,0.00323,3656815.0
2026-04-20 15:45:00,0.00323,0.00323,0.00321,0.00322,3373991.0
2026-04-20 16:00:00,0.00322,0.00322,0.00321,0.00322,411606.0
2026-04-20 16:15:00,0.00322,0.00323,0.00321,0.00321,5372613.0
2026-04-20 16:30:00,0.00322,0.00323,0.00321,0.00322,2250462.0
2026-04-20 16:45:00,0.00323,0.00323,0.00321,0.00321,1447115.0
2026-04-20 17:00:00,0.00322,0.00324,0.00322,0.00323,5751095.0
2026-04-20 17:15:00,0.00324,0.00325,0.00323,0.00324,1818024.0
2026-04-20 17:30:00,0.00324,0.00324,0.00322,0.00322,2671194.0
2026-04-20 17:45:00,0.00322,0.00324,0.00322,0.00323,2218663.0
2026-04-20 18:00:00,0.00323,0.00327,0.00323,0.00325,12823376.0
2026-04-20 18:15:00,0.00325,0.00327,0.00324,0.00325,5556046.0
2026-04-20 18:30:00,0.00325,0.00327,0.00324,0.00326,6568705.0
2026-04-20 18:45:00,0.00326,0.00328,0.00326,0.00327,16033440.0
2026-04-20 19:00:00,0.00327,0.00327,0.00326,0.00327,1583280.0
2026-04-20 19:15:00,0.00327,0.00327,0.00326,0.00326,3449678.0
2026-04-20 19:30:00,0.00325,0.00327,0.00325,0.00326,2495894.0
2026-04-20 19:45:00,0.00326,0.00327,0.00325,0.00327,6441875.0
2026-04-20 20:00:00,0.00327,0.00327,0.00325,0.00326,2759040.0
2026-04-20 20:15:00,0.00325,0.00327,0.00325,0.00326,2659217.0
2026-04-20 20:30:00,0.00325,0.00327,0.00325,0.00327,5710279.0
2026-04-20 20:45:00,0.00327,0.00328,0.00326,0.00327,6321452.0
2026-04-20 21:00:00,0.00327,0.00328,0.00325,0.00325,16038057.0
2026-04-20 21:15:00,0.00325,0.00326,0.00324,0.00326,5536600.0
2026-04-20 21:30:00,0.00326,0.00327,0.00325,0.00326,6561574.0
2026-04-20 21:45:00,0.00326,0.00327,0.00325,0.00326,3148413.0
2026-04-20 22:00:00,0.00326,0.00326,0.00325,0.00326,7841575.0
2026-04-20 22:15:00,0.00326,0.00326,0.00324,0.00325,2095031.0
2026-04-20 22:30:00,0.00325,0.00326,0.00323,0.00324,5422500.0
2026-04-20 22:45:00,0.00323,0.00324,0.00323,0.00323,207423.0
2026-04-20 23:00:00,0.00323,0.00323,0.00321,0.00322,4553045.0
2026-04-20 23:15:00,0.00322,0.00323,0.00322,0.00322,993559.0
2026-04-20 23:30:00,0.00322,0.00322,0.00321,0.00322,693083.0
2026-04-20 23:45:00,0.00322,0.00323,0.00322,0.00322,3385970.0
2026-04-21 00:00:00,0.00322,0.00323,0.00321,0.00321,2319512.0
2026-04-21 00:15:00,0.00321,0.00323,0.00321,0.00323,11559316.0
2026-04-21 00:30:00,0.00322,0.00324,0.00322,0.00322,6394551.0
2026-04-21 00:45:00,0.00322,0.00324,0.00322,0.00324,4671147.0
2026-04-21 01:00:00,0.00324,0.00324,0.00323,0.00323,2179286.0
2026-04-21 01:15:00,0.00323,0.00323,0.00322,0.00323,3997421.0
2026-04-21 01:30:00,0.00323,0.00324,0.00322,0.00322,735048.0
2026-04-21 01:45:00,0.00323,0.00323,0.00322,0.00322,2820935.0
2026-04-21 02:00:00,0.00322,0.00322,0.0032,0.00322,2684124.0
2026-04-21 02:15:00,0.00322,0.00323,0.00321,0.00321,7274065.0
2026-04-21 02:30:00,0.00321,0.00322,0.00321,0.00321,8144146.0
2026-04-21 02:45:00,0.00321,0.00322,0.00321,0.00321,2805018.0
2026-04-21 03:00:00,0.00321,0.00321,0.00319,0.00319,7923101.0
2026-04-21 03:15:00,0.00319,0.0032,0.00318,0.00319,8207867.0
2026-04-21 03:30:00,0.00319,0.00321,0.00319,0.0032,3635056.0
2026-04-21 03:45:00,0.0032,0.00322,0.00319,0.00321,8108770.0
2026-04-21 04:00:00,0.00321,0.00322,0.00319,0.0032,9565530.0
2026-04-21 04:15:00,0.0032,0.00321,0.00319,0.0032,3939076.0
2026-04-21 04:30:00,0.0032,0.00321,0.0032,0.00321,3762686.0
2026-04-21 04:45:00,0.00321,0.00322,0.0032,0.00322,2924596.0
2026-04-21 05:00:00,0.00322,0.00323,0.00321,0.00322,3162778.0
2026-04-21 05:15:00,0.00322,0.00322,0.00321,0.00321,4012121.0
2026-04-21 05:30:00,0.00321,0.00322,0.00321,0.00322,490212.0
2026-04-21 05:45:00,0.00322,0.00322,0.00321,0.00322,3680253.0
2026-04-21 06:00:00,0.00321,0.00322,0.00321,0.00322,2766412.0
2026-04-21 06:15:00,0.00322,0.00322,0.00319,0.0032,1673926.0
2026-04-21 06:30:00,0.0032,0.00324,0.0032,0.00321,10338580.0
2026-04-21 06:45:00,0.00321,0.00322,0.0032,0.00321,7657115.0
2026-04-21 07:00:00,0.00321,0.00322,0.00319,0.00322,4909499.0
2026-04-21 07:15:00,0.00322,0.00323,0.0032,0.00321,5003642.0
2026-04-21 07:30:00,0.00321,0.00322,0.00321,0.00321,556323.0
2026-04-21 07:45:00,0.00322,0.00322,0.00321,0.00321,1034797.0
2026-04-21 08:00:00,0.00321,0.00321,0.0032,0.0032,2344455.0
2026-04-21 08:15:00,0.0032,0.00321,0.0032,0.00321,3184575.0
2026-04-21 08:30:00,0.00321,0.00321,0.00319,0.0032,3675609.0
2026-04-21 08:45:00,0.0032,0.00322,0.00319,0.0032,4014289.0
2026-04-21 09:00:00,0.0032,0.00321,0.00319,0.00321,5709591.0
2026-04-21 09:15:00,0.00321,0.00322,0.00321,0.00321,4306125.0
2026-04-21 09:30:00,0.00321,0.00323,0.0032,0.00322,4430527.0
2026-04-21 09:45:00,0.00322,0.00323,0.00322,0.00323,3503133.0
2026-04-21 10:00:00,0.00323,0.00323,0.00321,0.00322,3826070.0
2026-04-21 10:15:00,0.00322,0.00324,0.00322,0.00322,2154419.0
2026-04-21 10:30:00,0.00322,0.00323,0.00321,0.00322,6125166.0
2026-04-21 10:45:00,0.00322,0.00324,0.00322,0.00323,5951820.0
2026-04-21 11:00:00,0.00323,0.00323,0.0032,0.00321,7851761.0
2026-04-21 11:15:00,0.00321,0.00324,0.00321,0.00323,3007602.0
2026-04-21 11:30:00,0.00323,0.00325,0.00323,0.00323,1835857.0
2026-04-21 11:45:00,0.00323,0.00323,0.00322,0.00322,2040475.0
2026-04-21 12:00:00,0.00322,0.00323,0.00321,0.00321,4009951.0
2026-04-21 12:15:00,0.00321,0.00322,0.0032,0.00321,4642466.0
2026-04-21 12:30:00,0.0032,0.00321,0.00318,0.00319,16780392.0
2026-04-21 12:45:00,0.00318,0.00321,0.00318,0.00319,10451111.0
2026-04-21 13:00:00,0.0032,0.0032,0.00318,0.00318,4867988.0
2026-04-21 13:15:00,0.00318,0.00319,0.00317,0.00319,3413047.0
2026-04-21 13:30:00,0.00318,0.00319,0.00317,0.00318,13612908.0
2026-04-21 13:45:00,0.00318,0.00319,0.00317,0.00318,8947246.0
2026-04-21 14:00:00,0.00319,0.0032,0.00318,0.00318,2534619.0
2026-04-21 14:15:00,0.00318,0.00322,0.00318,0.00321,5008856.0
2026-04-21 14:30:00,0.00321,0.00323,0.0032,0.00323,7516585.0
2026-04-21 14:45:00,0.00322,0.00323,0.00318,0.00319,12566466.0
2026-04-21 15:00:00,0.00319,0.00321,0.00317,0.0032,8636193.0
2026-04-21 15:15:00,0.0032,0.00321,0.00319,0.0032,5841860.0
2026-04-21 15:30:00,0.0032,0.00321,0.00318,0.0032,9888872.0
2026-04-21 15:45:00,0.0032,0.00322,0.0032,0.00321,2601070.0
2026-04-21 16:00:00,0.00321,0.00323,0.00321,0.00321,9931883.0
2026-04-21 16:15:00,0.00322,0.00324,0.00322,0.00322,4322849.0
2026-04-21 16:30:00,0.00322,0.00324,0.00321,0.00322,8973772.0
2026-04-21 16:45:00,0.00322,0.00322,0.00318,0.0032,7247893.0
2026-04-21 17:00:00,0.0032,0.00321,0.00317,0.00318,10686335.0
2026-04-21 17:15:00,0.00318,0.00318,0.00315,0.00316,17687560.0
2026-04-21 17:30:00,0.00316,0.00319,0.00315,0.00319,20365742.0
2026-04-21 17:45:00,0.00319,0.00319,0.00316,0.00316,3924277.0
2026-04-21 18:00:00,0.00317,0.00317,0.00316,0.00316,6195440.0
2026-04-21 18:15:00,0.00317,0.00317,0.00316,0.00316,4680622.0
2026-04-21 18:30:00,0.00317,0.00318,0.00316,0.00317,5416020.0
2026-04-21 18:45:00,0.00316,0.00317,0.00315,0.00317,6655944.0
2026-04-21 19:00:00,0.00317,0.00317,0.00314,0.00314,18685322.0
2026-04-21 19:15:00,0.00315,0.00317,0.00314,0.00316,15867504.0
2026-04-21 19:30:00,0.00316,0.00316,0.00312,0.00313,83561086.0
2026-04-21 19:45:00,0.00313,0.00314,0.00312,0.00313,7991386.0
2026-04-21 20:00:00,0.00313,0.00319,0.00313,0.00319,22541038.0
2026-04-21 20:15:00,0.00318,0.00319,0.00317,0.00318,6018325.0
2026-04-21 20:30:00,0.00318,0.00319,0.00317,0.00318,12068202.0
2026-04-21 20:45:00,0.00318,0.00319,0.00317,0.00318,10534126.0
2026-04-21 21:00:00,0.00318,0.00319,0.00317,0.00319,4216678.0
2026-04-21 21:15:00,0.00318,0.00321,0.00318,0.0032,3517785.0
2026-04-21 21:30:00,0.00321,0.00321,0.0032,0.0032,2329006.0
2026-04-21 21:45:00,0.0032,0.00321,0.0032,0.0032,1988841.0
2026-04-21 22:00:00,0.0032,0.00322,0.00318,0.0032,10268096.0
2026-04-21 22:15:00,0.0032,0.0032,0.00318,0.00318,3018642.0
2026-04-21 22:30:00,0.00318,0.00319,0.00318,0.00319,3451724.0
2026-04-21 22:45:00,0.00319,0.0032,0.00319,0.00319,217615.0
2026-04-21 23:00:00,0.0032,0.00321,0.00319,0.0032,4817426.0
2026-04-21 23:15:00,0.0032,0.0032,0.00318,0.0032,2581468.0
2026-04-21 23:30:00,0.00319,0.00322,0.00319,0.00321,7926353.0
2026-04-21 23:45:00,0.00321,0.00323,0.00321,0.00322,11948838.0
2026-04-22 00:00:00,0.00323,0.00324,0.00322,0.00322,4893047.0
2026-04-22 00:15:00,0.00322,0.00324,0.00322,0.00322,6796080.0
2026-04-22 00:30:00,0.00323,0.00323,0.00321,0.00322,4580075.0
2026-04-22 00:45:00,0.00322,0.00322,0.00322,0.00322,3504912.0
2026-04-22 01:00:00,0.00322,0.00322,0.0032,0.00322,1908349.0
2026-04-22 01:15:00,0.00321,0.00321,0.00319,0.00319,12521233.0
2026-04-22 01:30:00,0.00319,0.00321,0.00319,0.0032,7066147.0
2026-04-22 01:45:00,0.0032,0.00321,0.00319,0.0032,6404650.0
2026-04-22 02:00:00,0.0032,0.00322,0.0032,0.00322,12193292.0
2026-04-22 02:15:00,0.00322,0.00324,0.00322,0.00324,12204181.0
2026-04-22 02:30:00,0.00324,0.00325,0.00323,0.00325,11958653.0
2026-04-22 02:45:00,0.00325,0.00325,0.00324,0.00324,26034347.0
2026-04-22 03:00:00,0.00325,0.00326,0.00324,0.00325,84109582.0
2026-04-22 03:15:00,0.00325,0.00325,0.00323,0.00324,6165968.0
2026-04-22 03:30:00,0.00323,0.00325,0.00322,0.00324,4087980.0
2026-04-22 03:45:00,0.00325,0.00325,0.00323,0.00324,5199874.0
2026-04-22 04:00:00,0.00324,0.00325,0.00323,0.00325,7976921.0
2026-04-22 04:15:00,0.00324,0.00326,0.00323,0.00325,7454573.0
2026-04-22 04:30:00,0.00325,0.00328,0.00324,0.00327,9693050.0
2026-04-22 04:45:00,0.00326,0.00326,0.00325,0.00326,3039867.0
2026-04-22 05:00:00,0.00326,0.00328,0.00325,0.00326,14937676.0
2026-04-22 05:15:00,0.00327,0.00331,0.00326,0.00329,34920683.0
2026-04-22 05:30:00,0.00329,0.00331,0.00328,0.0033,11498150.0
2026-04-22 05:45:00,0.0033,0.00332,0.00329,0.0033,22224970.0
2026-04-22 06:00:00,0.0033,0.0033,0.00328,0.00328,9212806.0
2026-04-22 06:15:00,0.00328,0.0033,0.00328,0.00329,5198425.0
2026-04-22 06:30:00,0.00329,0.0033,0.00328,0.0033,12560517.0
2026-04-22 06:45:00,0.00329,0.00331,0.00329,0.0033,10976443.0
2026-04-22 07:00:00,0.0033,0.00332,0.0033,0.00332,12058576.0
2026-04-22 07:15:00,0.00332,0.00332,0.00329,0.00329,3982580.0
2026-04-22 07:30:00,0.0033,0.00331,0.00329,0.00331,3920928.0
2026-04-22 07:45:00,0.00331,0.00332,0.0033,0.00331,9823655.0
2026-04-22 08:00:00,0.0033,0.00332,0.0033,0.00331,11831372.0
2026-04-22 08:15:00,0.00331,0.00332,0.0033,0.00331,2881157.0
2026-04-22 08:30:00,0.00332,0.00332,0.0033,0.00331,7696953.0
2026-04-22 08:45:00,0.00331,0.00332,0.00331,0.00331,9627993.0
2026-04-22 09:00:00,0.00331,0.00332,0.0033,0.00332,18087398.0
2026-04-22 09:15:00,0.00331,0.00332,0.0033,0.0033,10066632.0
2026-04-22 09:30:00,0.0033,0.00331,0.00328,0.0033,15124249.0
2026-04-22 09:45:00,0.00329,0.0033,0.00328,0.00329,22735798.0
2026-04-22 10:00:00,0.00329,0.00329,0.00326,0.00326,10424256.0
2026-04-22 10:15:00,0.00327,0.00327,0.00325,0.00327,13928456.0
2026-04-22 10:30:00,0.00327,0.00328,0.00326,0.00326,10713053.0
2026-04-22 10:45:00,0.00326,0.00328,0.00326,0.00328,7729852.0
2026-04-22 11:00:00,0.00328,0.0033,0.00327,0.00329,17232606.0
2026-04-22 11:15:00,0.00329,0.0033,0.00328,0.00328,13008344.0
2026-04-22 11:30:00,0.00328,0.00329,0.00328,0.00328,891535.0
2026-04-22 11:45:00,0.00328,0.00329,0.00328,0.00329,1491511.0
2026-04-22 12:00:00,0.00328,0.0033,0.00328,0.00328,7078954.0
2026-04-22 12:15:00,0.00328,0.0033,0.00328,0.00328,7002755.0
2026-04-22 12:30:00,0.00329,0.00329,0.00328,0.00329,4680134.0
2026-04-22 12:45:00,0.00329,0.00329,0.00328,0.00328,9639841.0
2026-04-22 13:00:00,0.00328,0.00328,0.00326,0.00328,9596219.0
2026-04-22 13:15:00,0.00328,0.00328,0.00327,0.00328,3459133.0
2026-04-22 13:30:00,0.00328,0.00329,0.00327,0.00327,15224742.0
2026-04-22 13:45:00,0.00328,0.00329,0.00326,0.00326,8876801.0
2026-04-22 14:00:00,0.00327,0.00329,0.00326,0.00328,3516567.0
2026-04-22 14:15:00,0.00329,0.0033,0.00328,0.00329,12169440.0
2026-04-22 14:30:00,0.00329,0.00331,0.00328,0.0033,9907537.0
2026-04-22 14:45:00,0.0033,0.00332,0.00329,0.0033,14879034.0
2026-04-22 15:00:00,0.0033,0.0033,0.00328,0.00329,6517517.0
2026-04-22 15:15:00,0.0033,0.00331,0.00329,0.0033,12599369.0
2026-04-22 15:30:00,0.00331,0.00333,0.0033,0.00332,17236109.0
2026-04-22 15:45:00,0.00332,0.00333,0.0033,0.00331,7510182.0
2026-04-22 16:00:00,0.0033,0.00332,0.0033,0.00331,9539871.0
2026-04-22 16:15:00,0.00331,0.00332,0.0033,0.00331,12917054.0
2026-04-22 16:30:00,0.00331,0.00332,0.00331,0.00332,5408840.0
2026-04-22 16:45:00,0.00332,0.00332,0.00331,0.00332,5720212.0
2026-04-22 17:00:00,0.00332,0.00333,0.00331,0.00332,10533768.0
2026-04-22 17:15:00,0.00332,0.00332,0.0033,0.0033,7227150.0
2026-04-22 17:30:00,0.0033,0.00331,0.00328,0.0033,19604533.0
2026-04-22 17:45:00,0.0033,0.00333,0.0033,0.00332,4955178.0
2026-04-22 18:00:00,0.00332,0.00334,0.00332,0.00333,9214487.0
2026-04-22 18:15:00,0.00333,0.00334,0.00332,0.00333,5945064.0
2026-04-22 18:30:00,0.00332,0.00332,0.00331,0.00331,1569312.0
2026-04-22 18:45:00,0.00331,0.00332,0.0033,0.0033,2128471.0
2026-04-22 19:00:00,0.0033,0.00331,0.00329,0.0033,6159193.0
2026-04-22 19:15:00,0.0033,0.0033,0.00328,0.00328,4780663.0
2026-04-22 19:30:00,0.00328,0.00329,0.00324,0.00325,17045241.0
2026-04-22 19:45:00,0.00326,0.00328,0.00326,0.00328,10108891.0
2026-04-22 20:00:00,0.00327,0.00327,0.00326,0.00327,4408704.0
2026-04-22 20:15:00,0.00326,0.00326,0.00325,0.00325,11538683.0
2026-04-22 20:30:00,0.00326,0.00327,0.00324,0.00325,8786702.0
2026-04-22 20:45:00,0.00324,0.00325,0.00323,0.00325,6050353.0
2026-04-22 21:00:00,0.00325,0.00326,0.00324,0.00325,6244907.0
2026-04-22 21:15:00,0.00325,0.00326,0.00324,0.00326,2108750.0
2026-04-22 21:30:00,0.00326,0.00327,0.00325,0.00326,4823789.0
2026-04-22 21:45:00,0.00326,0.00326,0.00325,0.00326,14463163.0
2026-04-22 22:00:00,0.00326,0.00326,0.00325,0.00325,6825347.0
2026-04-22 22:15:00,0.00325,0.00325,0.00322,0.00323,4336921.0
2026-04-22 22:30:00,0.00323,0.00324,0.00322,0.00323,21596542.0
2026-04-22 22:45:00,0.00323,0.00324,0.00322,0.00323,4329603.0
2026-04-22 23:00:00,0.00323,0.00323,0.00321,0.00321,4731539.0
2026-04-22 23:15:00,0.00321,0.00322,0.0032,0.00322,14104143.0
2026-04-22 23:30:00,0.00321,0.00321,0.00319,0.0032,7956819.0
2026-04-22 23:45:00,0.0032,0.00321,0.00318,0.00319,18722214.0
2026-04-23 00:00:00,0.00319,0.00319,0.00316,0.00317,20211444.0
2026-04-23 00:15:00,0.00316,0.0032,0.00314,0.0032,24639250.0
2026-04-23 00:30:00,0.00319,0.00321,0.00319,0.00319,14783257.0
2026-04-23 00:45:00,0.00319,0.00321,0.00319,0.0032,6583477.0
2026-04-23 01:00:00,0.00321,0.00322,0.00318,0.00319,10179652.0
2026-04-23 01:15:00,0.00319,0.0032,0.00318,0.00319,6223099.0
2026-04-23 01:30:00,0.00319,0.0032,0.00319,0.0032,11230155.0
2026-04-23 01:45:00,0.0032,0.00321,0.00319,0.0032,7634929.0
2026-04-23 02:00:00,0.0032,0.00321,0.00318,0.00318,4388346.0
2026-04-23 02:15:00,0.00319,0.0032,0.00317,0.00318,9015925.0
2026-04-23 02:30:00,0.00318,0.00318,0.00316,0.00318,7753715.0
2026-04-23 02:45:00,0.00318,0.00319,0.00318,0.00318,5832702.0
2026-04-23 03:00:00,0.00318,0.0032,0.00317,0.00318,12769247.0
2026-04-23 03:15:00,0.00318,0.00318,0.00317,0.00317,9997846.0
2026-04-23 03:30:00,0.00317,0.00317,0.00315,0.00316,9539058.0
2026-04-23 03:45:00,0.00317,0.00318,0.00316,0.00317,7985484.0
2026-04-23 04:00:00,0.00317,0.00317,0.00315,0.00317,3543047.0
2026-04-23 04:15:00,0.00317,0.00317,0.00316,0.00317,2080691.0
2026-04-23 04:30:00,0.00317,0.00318,0.00316,0.00317,1751750.0
2026-04-23 04:45:00,0.00317,0.00318,0.00317,0.00318,571454.0
2026-04-23 05:00:00,0.00318,0.00318,0.00318,0.00318,1872553.0
2026-04-23 05:15:00,0.00318,0.00319,0.00317,0.00318,9763610.0
2026-04-23 05:30:00,0.00318,0.00318,0.00317,0.00318,9432479.0
2026-04-23 05:45:00,0.00318,0.00319,0.00317,0.00317,8989229.0
2026-04-23 06:00:00,0.00318,0.00319,0.00318,0.00319,4307630.0
2026-04-23 06:15:00,0.00318,0.0032,0.00318,0.0032,2146377.0
2026-04-23 06:30:00,0.0032,0.0032,0.00319,0.0032,1032711.0
2026-04-23 06:45:00,0.0032,0.0032,0.00319,0.00319,3021980.0
2026-04-23 07:00:00,0.0032,0.0032,0.00318,0.00318,5909695.0
2026-04-23 07:15:00,0.00318,0.00319,0.00318,0.00318,662886.0
2026-04-23 07:30:00,0.00318,0.00319,0.00317,0.00318,11489579.0
2026-04-23 07:45:00,0.00318,0.00319,0.00317,0.00317,8882502.0
2026-04-23 08:00:00,0.00318,0.00318,0.00317,0.00317,2698896.0
2026-04-23 08:15:00,0.00318,0.00319,0.00318,0.00318,2670182.0
2026-04-23 08:30:00,0.00317,0.00318,0.00315,0.00316,19996613.0
2026-04-23 08:45:00,0.00317,0.00318,0.00316,0.00318,2974034.0
2026-04-23 09:00:00,0.00318,0.00318,0.00315,0.00315,13024435.0
2026-04-23 09:15:00,0.00316,0.00316,0.00315,0.00315,4306277.0
2026-04-23 09:30:00,0.00315,0.00316,0.00315,0.00315,2016141.0
2026-04-23 09:45:00,0.00315,0.00317,0.00314,0.00316,7832209.0
2026-04-23 10:00:00,0.00316,0.00316,0.00314,0.00314,12020186.0
2026-04-23 10:15:00,0.00314,0.00315,0.00314,0.00314,10354506.0
2026-04-23 10:30:00,0.00314,0.00315,0.00314,0.00314,1056075.0
2026-04-23 10:45:00,0.00314,0.00315,0.00312,0.00314,84096698.0
2026-04-23 11:00:00,0.00314,0.00315,0.00313,0.00315,5456277.0
2026-04-23 11:15:00,0.00315,0.00316,0.00314,0.00316,4235420.0
2026-04-23 11:30:00,0.00316,0.00316,0.00315,0.00315,1719148.0
2026-04-23 11:45:00,0.00316,0.00318,0.00316,0.00316,5786452.0
2026-04-23 12:00:00,0.00316,0.00319,0.00316,0.00318,5872848.0
2026-04-23 12:15:00,0.00318,0.00318,0.00317,0.00318,6182944.0
2026-04-23 12:30:00,0.00318,0.00319,0.00318,0.00318,211167.0
2026-04-23 12:45:00,0.00318,0.00319,0.00317,0.00319,5108199.0
2026-04-23 13:00:00,0.00319,0.0032,0.00318,0.00319,4256190.0
2026-04-23 13:15:00,0.00319,0.0032,0.00318,0.00319,7829337.0
2026-04-23 13:30:00,0.00319,0.0032,0.00318,0.00319,12138504.0
2026-04-23 13:45:00,0.00319,0.00319,0.00318,0.00319,6636925.0
2026-04-23 14:00:00,0.00319,0.0032,0.00318,0.0032,5094573.0
2026-04-23 14:15:00,0.0032,0.00321,0.00318,0.00319,9330757.0
2026-04-23 14:30:00,0.00319,0.0032,0.00318,0.00319,5816837.0
2026-04-23 14:45:00,0.0032,0.00321,0.00319,0.0032,2799766.0
2026-04-23 15:00:00,0.0032,0.00321,0.00319,0.0032,2691855.0
2026-04-23 15:15:00,0.0032,0.00323,0.00319,0.00323,11091117.0
2026-04-23 15:30:00,0.00323,0.00324,0.00321,0.00323,7557386.0
2026-04-23 15:45:00,0.00323,0.00324,0.00322,0.00323,6824382.0
2026-04-23 16:00:00,0.00323,0.00324,0.00323,0.00323,1671243.0
2026-04-23 16:15:00,0.00323,0.00323,0.00321,0.00322,8210730.0
2026-04-23 16:30:00,0.00323,0.00324,0.00322,0.00322,13518594.0
2026-04-23 16:45:00,0.00322,0.00323,0.0032,0.0032,2393289.0
2026-04-23 17:00:00,0.0032,0.00321,0.00318,0.00319,13887972.0
2026-04-23 17:15:00,0.0032,0.0032,0.00318,0.00318,19717447.0
2026-04-23 17:30:00,0.00318,0.00319,0.00314,0.00316,27862806.0
2026-04-23 17:45:00,0.00316,0.00318,0.00314,0.00317,40248922.0
2026-04-23 18:00:00,0.00317,0.00319,0.00317,0.00318,12061296.0
2026-04-23 18:15:00,0.00318,0.00318,0.00317,0.00317,2924264.0
2026-04-23 18:30:00,0.00316,0.00319,0.00316,0.00319,8950845.0
2026-04-23 18:45:00,0.00319,0.00319,0.00316,0.00316,5282435.0
2026-04-23 19:00:00,0.00317,0.00317,0.00316,0.00317,6312511.0
2026-04-23 19:15:00,0.00317,0.00319,0.00317,0.00318,1520263.0
2026-04-23 19:30:00,0.00319,0.00319,0.00317,0.00317,5223306.0
2026-04-23 19:45:00,0.00317,0.00318,0.00316,0.00317,10995997.0
2026-04-23 20:00:00,0.00317,0.0032,0.00317,0.00319,5793387.0
2026-04-23 20:15:00,0.00319,0.00319,0.00318,0.00318,443431.0
2026-04-23 20:30:00,0.00318,0.00321,0.00318,0.00321,3073552.0
2026-04-23 20:45:00,0.00321,0.00322,0.00318,0.00319,4058134.0
2026-04-23 21:00:00,0.00318,0.0032,0.00318,0.00319,7939828.0
2026-04-23 21:15:00,0.00319,0.00321,0.00319,0.00321,8572877.0
2026-04-23 21:30:00,0.00321,0.00324,0.00321,0.00324,12112174.0
2026-04-23 21:45:00,0.00323,0.00325,0.00321,0.00321,6974550.0
2026-04-23 22:00:00,0.00321,0.00322,0.00321,0.00321,4185296.0
2026-04-23 22:15:00,0.00321,0.00323,0.00321,0.00321,6016780.0
2026-04-23 22:30:00,0.00321,0.00322,0.00321,0.00321,17273823.0
2026-04-23 22:45:00,0.00321,0.00322,0.00321,0.00321,2049675.0
2026-04-23 23:00:00,0.00321,0.00322,0.0032,0.00321,3846716.0
2026-04-23 23:15:00,0.00321,0.00323,0.00321,0.00322,3024736.0
2026-04-23 23:30:00,0.00321,0.00323,0.00321,0.00323,9213085.0
2026-04-23 23:45:00,0.00323,0.00324,0.00323,0.00324,9346990.0
2026-04-24 00:00:00,0.00324,0.00324,0.00323,0.00324,1014595.0
2026-04-24 00:15:00,0.00324,0.00324,0.00323,0.00324,4584806.0
2026-04-24 00:30:00,0.00324,0.00325,0.00324,0.00324,10588746.0
2026-04-24 00:45:00,0.00324,0.00325,0.00323,0.00325,44114269.0
2026-04-24 01:00:00,0.00325,0.00325,0.00322,0.00322,9937486.0
2026-04-24 01:15:00,0.00323,0.00323,0.00321,0.00323,7348450.0
2026-04-24 01:30:00,0.00323,0.00323,0.00321,0.00322,8268827.0
2026-04-24 01:45:00,0.00321,0.00324,0.00321,0.00324,3272148.0
2026-04-24 02:00:00,0.00324,0.00325,0.00321,0.00322,5486165.0
2026-04-24 02:15:00,0.00321,0.00322,0.00321,0.00321,4586254.0
2026-04-24 02:30:00,0.00322,0.00323,0.00322,0.00323,12542714.0
2026-04-24 02:45:00,0.00324,0.00324,0.00321,0.00322,36240530.0
2026-04-24 03:00:00,0.00322,0.00323,0.00322,0.00323,1610950.0
2026-04-24 03:15:00,0.00323,0.00323,0.00321,0.00321,7111678.0
2026-04-24 03:30:00,0.00322,0.00322,0.0032,0.00321,14425627.0
2026-04-24 03:45:00,0.00321,0.00323,0.00321,0.00323,4272260.0
2026-04-24 04:00:00,0.00323,0.00323,0.0032,0.00322,11477310.0
2026-04-24 04:15:00,0.00321,0.00322,0.0032,0.0032,15906356.0
2026-04-24 04:30:00,0.0032,0.00321,0.00319,0.00321,11112883.0
2026-04-24 04:45:00,0.0032,0.00321,0.0032,0.0032,1852453.0
2026-04-24 05:00:00,0.0032,0.00321,0.00319,0.0032,2155543.0
2026-04-24 05:15:00,0.00321,0.00322,0.0032,0.00322,2859382.0
2026-04-24 05:30:00,0.00322,0.00322,0.00321,0.00322,2393391.0
2026-04-24 05:45:00,0.00323,0.00325,0.00323,0.00324,31881459.0
2026-04-24 06:00:00,0.00324,0.00326,0.00324,0.00325,76120336.0
2026-04-24 06:15:00,0.00325,0.00326,0.00324,0.00326,16936110.0
2026-04-24 06:30:00,0.00326,0.00326,0.00323,0.00323,8429776.0
2026-04-24 06:45:00,0.00323,0.00326,0.00323,0.00325,9343004.0
2026-04-24 07:00:00,0.00325,0.00327,0.00324,0.00326,15316998.0
2026-04-24 07:15:00,0.00326,0.00326,0.00324,0.00325,10122137.0
2026-04-24 07:30:00,0.00325,0.00326,0.00324,0.00325,17893644.0
2026-04-24 07:45:00,0.00325,0.00326,0.00323,0.00324,7127019.0
2026-04-24 08:00:00,0.00325,0.00326,0.00324,0.00324,10227371.0
2026-04-24 08:15:00,0.00325,0.00327,0.00325,0.00326,16423749.0
2026-04-24 08:30:00,0.00326,0.00326,0.00325,0.00325,510012.0
2026-04-24 08:45:00,0.00326,0.00326,0.00325,0.00325,2010316.0
2026-04-24 09:00:00,0.00325,0.00325,0.00322,0.00323,3496821.0
2026-04-24 09:15:00,0.00323,0.00323,0.00322,0.00323,12225914.0
2026-04-24 09:30:00,0.00322,0.00324,0.00322,0.00324,12263517.0
2026-04-24 09:45:00,0.00323,0.00324,0.00322,0.00323,8473571.0
2026-04-24 10:00:00,0.00324,0.00325,0.00322,0.00324,7219038.0
2026-04-24 10:15:00,0.00324,0.00326,0.00324,0.00325,2216634.0
2026-04-24 10:30:00,0.00325,0.00327,0.00324,0.00326,8312228.0
2026-04-24 10:45:00,0.00326,0.00328,0.00326,0.00327,16258200.0
2026-04-24 11:00:00,0.00326,0.00329,0.00326,0.00328,9480449.0
2026-04-24 11:15:00,0.00328,0.00329,0.00327,0.00329,16322532.0
2026-04-24 11:30:00,0.00328,0.00329,0.00328,0.00328,1333304.0
2026-04-24 11:45:00,0.00328,0.00328,0.00327,0.00328,3491698.0
2026-04-24 12:00:00,0.00328,0.00329,0.00327,0.00328,3307995.0
2026-04-24 12:15:00,0.00328,0.00329,0.00326,0.00328,7976974.0
2026-04-24 12:30:00,0.00328,0.00329,0.00327,0.00327,7775568.0
2026-04-24 12:45:00,0.00327,0.00328,0.00325,0.00327,11091076.0
2026-04-24 13:00:00,0.00326,0.00328,0.00326,0.00328,3878654.0
2026-04-24 13:15:00,0.00328,0.00328,0.00326,0.00326,1840669.0
2026-04-24 13:30:00,0.00327,0.00328,0.00326,0.00327,6469446.0
2026-04-24 13:45:00,0.00327,0.00327,0.00325,0.00326,8831642.0
2026-04-24 14:00:00,0.00325,0.00326,0.00324,0.00326,9931607.0
2026-04-24 14:15:00,0.00326,0.00327,0.00324,0.00325,9193673.0
2026-04-24 14:30:00,0.00325,0.00327,0.00325,0.00326,4275035.0
2026-04-24 14:45:00,0.00326,0.00327,0.00325,0.00326,4934182.0
2026-04-24 15:00:00,0.00326,0.00326,0.00323,0.00324,5778880.0
2026-04-24 15:15:00,0.00324,0.00326,0.00323,0.00326,6283300.0
2026-04-24 15:30:00,0.00326,0.00329,0.00325,0.00328,13334117.0
2026-04-24 15:45:00,0.00328,0.00333,0.00328,0.00332,17732906.0
2026-04-24 16:00:00,0.00332,0.00335,0.00331,0.00334,32103033.0
2026-04-24 16:15:00,0.00334,0.00337,0.00332,0.00335,26285840.0
2026-04-24 16:30:00,0.00335,0.00336,0.0033,0.00332,14874722.0
2026-04-24 16:45:00,0.00331,0.00332,0.00329,0.0033,13365529.0
2026-04-24 17:00:00,0.0033,0.00334,0.0033,0.00333,8513856.0
2026-04-24 17:15:00,0.00333,0.00334,0.00331,0.00332,4486364.0
2026-04-24 17:30:00,0.00333,0.00333,0.0033,0.00332,15257571.0
2026-04-24 17:45:00,0.00332,0.00333,0.00331,0.00332,12186914.0
2026-04-24 18:00:00,0.00332,0.00334,0.00331,0.00332,7036182.0
2026-04-24 18:15:00,0.00332,0.00333,0.0033,0.00331,11121384.0
2026-04-24 18:30:00,0.00331,0.00333,0.00331,0.00333,3873217.0
2026-04-24 18:45:00,0.00332,0.00335,0.00332,0.00334,7467875.0
2026-04-24 19:00:00,0.00334,0.00341,0.00334,0.00335,125306065.0
2026-04-24 19:15:00,0.00335,0.00339,0.00335,0.00339,20742391.0
2026-04-24 19:30:00,0.00339,0.00341,0.00338,0.00339,21683545.0
2026-04-24 19:45:00,0.00339,0.00347,0.00339,0.00345,56353378.0
2026-04-24 20:00:00,0.00346,0.00351,0.00345,0.0035,178725717.0
2026-04-24 20:15:00,0.0035,0.00356,0.00341,0.00342,227537020.0
2026-04-24 20:30:00,0.00343,0.00351,0.00341,0.00349,51064694.0
2026-04-24 20:45:00,0.0035,0.00358,0.00348,0.00354,170876290.0
2026-04-24 21:00:00,0.00353,0.00365,0.00351,0.00356,243466497.0
2026-04-24 21:15:00,0.00356,0.00357,0.00349,0.00352,116186625.0
2026-04-24 21:30:00,0.00353,0.00355,0.00349,0.00353,58742768.0
2026-04-24 21:45:00,0.00352,0.00359,0.00351,0.00358,56759220.0
2026-04-24 22:00:00,0.00358,0.00361,0.00351,0.00354,48700551.0
2026-04-24 22:15:00,0.00353,0.00358,0.00353,0.00355,42422401.0
2026-04-24 22:30:00,0.00356,0.00357,0.00349,0.00351,40005596.0
2026-04-24 22:45:00,0.00352,0.00355,0.00349,0.00352,65354829.0
2026-04-24 23:00:00,0.00352,0.00354,0.0035,0.00353,41178660.0
2026-04-24 23:15:00,0.00353,0.00356,0.00352,0.00354,33173488.0
2026-04-24 23:30:00,0.00354,0.00357,0.00353,0.00355,45531334.0
2026-04-24 23:45:00,0.00354,0.00358,0.00354,0.00355,42358125.0
2026-04-25 00:00:00,0.00354,0.00358,0.00352,0.00354,92926671.0
2026-04-25 00:15:00,0.00354,0.00359,0.00353,0.00355,67865985.0
2026-04-25 00:30:00,0.00355,0.00358,0.00353,0.00356,37922586.0
2026-04-25 00:45:00,0.00355,0.00365,0.00355,0.00364,96767413.0
2026-04-25 01:00:00,0.00364,0.0037,0.0036,0.00364,134092122.0
2026-04-25 01:15:00,0.00364,0.00369,0.00362,0.00369,115776937.0
2026-04-25 01:30:00,0.00368,0.00375,0.00363,0.0037,230089489.0
2026-04-25 01:45:00,0.0037,0.00378,0.00368,0.00369,135659076.0
2026-04-25 02:00:00,0.00369,0.0037,0.00362,0.00366,101525415.0
2026-04-25 02:15:00,0.00366,0.0037,0.00365,0.0037,66136853.0
2026-04-25 02:30:00,0.0037,0.00375,0.00367,0.0037,59976379.0
2026-04-25 02:45:00,0.0037,0.0037,0.00367,0.0037,45530613.0
2026-04-25 03:00:00,0.0037,0.00379,0.00369,0.00377,70407623.0
2026-04-25 03:15:00,0.00377,0.00384,0.00372,0.00375,132323993.0
2026-04-25 03:30:00,0.00375,0.00378,0.0037,0.00373,83939331.0
2026-04-25 03:45:00,0.00373,0.00377,0.00368,0.00372,74340882.0
2026-04-25 04:00:00,0.00373,0.00374,0.00367,0.00368,65737922.0
2026-04-25 04:15:00,0.00367,0.00368,0.0036,0.00362,122497215.0
2026-04-25 04:30:00,0.00363,0.00364,0.00359,0.0036,43551459.0
2026-04-25 04:45:00,0.0036,0.00365,0.0036,0.00363,37574793.0
2026-04-25 05:00:00,0.00362,0.00366,0.0036,0.00365,26968518.0
2026-04-25 05:15:00,0.00365,0.00371,0.00364,0.00369,38906209.0
2026-04-25 05:30:00,0.0037,0.00372,0.00368,0.00369,47706542.0
2026-04-25 05:45:00,0.00369,0.00369,0.00363,0.00367,46720964.0
2026-04-25 06:00:00,0.00366,0.00374,0.00365,0.00373,57707140.0
2026-04-25 06:15:00,0.00373,0.00376,0.00362,0.00365,60905873.0
2026-04-25 06:30:00,0.00365,0.00369,0.00359,0.00364,96181567.0
2026-04-25 06:45:00,0.00364,0.00364,0.00359,0.00359,57623990.0
2026-04-25 07:00:00,0.00359,0.00361,0.00354,0.00359,71603166.0
2026-04-25 07:15:00,0.00359,0.00362,0.00357,0.00361,21829481.0
2026-04-25 07:30:00,0.00361,0.00363,0.00358,0.00363,34859848.0
2026-04-25 07:45:00,0.00363,0.00365,0.00362,0.00362,19818094.0
2026-04-25 08:00:00,0.00362,0.00364,0.00359,0.0036,25205324.0
2026-04-25 08:15:00,0.00361,0.00366,0.0036,0.00364,57060989.0
2026-04-25 08:30:00,0.00365,0.00368,0.00362,0.00364,35183463.0
2026-04-25 08:45:00,0.00365,0.00365,0.00362,0.00363,29245868.0
2026-04-25 09:00:00,0.00363,0.00369,0.00362,0.00368,35970484.0
2026-04-25 09:15:00,0.00368,0.0037,0.00363,0.00364,45173455.0
2026-04-25 09:30:00,0.00364,0.00364,0.00361,0.00363,34860825.0
2026-04-25 09:45:00,0.00364,0.00367,0.00362,0.00367,30759852.0
2026-04-25 10:00:00,0.00366,0.0037,0.00362,0.00364,49659625.0
2026-04-25 10:15:00,0.00363,0.00366,0.0036,0.00363,33384489.0
2026-04-25 10:30:00,0.00362,0.00363,0.00359,0.00361,37683052.0
2026-04-25 10:45:00,0.00361,0.00363,0.00359,0.0036,23933206.0
2026-04-25 11:00:00,0.0036,0.00361,0.00357,0.00359,31367245.0
2026-04-25 11:15:00,0.00359,0.00363,0.00355,0.00357,84419233.0
2026-04-25 11:30:00,0.00357,0.00361,0.00355,0.00356,29357748.0
2026-04-25 11:45:00,0.00356,0.00357,0.00353,0.00357,58873252.0
2026-04-25 12:00:00,0.00356,0.00356,0.00352,0.00355,30586220.0
2026-04-25 12:15:00,0.00354,0.00355,0.00352,0.00352,35304507.0
2026-04-25 12:30:00,0.00353,0.00354,0.0035,0.00352,38961931.0
2026-04-25 12:45:00,0.00352,0.00353,0.00351,0.00352,11425929.0
2026-04-25 13:00:00,0.00351,0.00356,0.00351,0.00354,34892888.0
2026-04-25 13:15:00,0.00354,0.0036,0.00353,0.00357,34350690.0
2026-04-25 13:30:00,0.00358,0.00358,0.00352,0.00355,38503141.0
2026-04-25 13:45:00,0.00355,0.00359,0.00354,0.00355,45474798.0
2026-04-25 14:00:00,0.00355,0.00355,0.00349,0.00351,57667405.0
2026-04-25 14:15:00,0.00351,0.00355,0.00351,0.00354,21210919.0
2026-04-25 14:30:00,0.00354,0.00356,0.00353,0.00354,12791975.0
2026-04-25 14:45:00,0.00354,0.00355,0.00351,0.00352,20993323.0
2026-04-25 15:00:00,0.00351,0.00353,0.0035,0.0035,12779404.0
2026-04-25 15:15:00,0.0035,0.00351,0.00349,0.0035,14281929.0
2026-04-25 15:30:00,0.0035,0.00352,0.0035,0.0035,13954857.0
2026-04-25 15:45:00,0.0035,0.00351,0.00347,0.00351,36584114.0
2026-04-25 16:00:00,0.0035,0.00352,0.00347,0.00348,28312445.0
2026-04-25 16:15:00,0.00348,0.0035,0.00347,0.00347,19813621.0
2026-04-25 16:30:00,0.00348,0.00348,0.00344,0.00346,43694478.0
2026-04-25 16:45:00,0.00346,0.00347,0.00345,0.00346,16151909.0
2026-04-25 17:00:00,0.00346,0.00348,0.00345,0.00347,13373986.0
2026-04-25 17:15:00,0.00347,0.00349,0.00344,0.00345,15027106.0
2026-04-25 17:30:00,0.00345,0.00348,0.00345,0.00347,7736172.0
2026-04-25 17:45:00,0.00346,0.00348,0.00346,0.00347,11000608.0
2026-04-25 18:00:00,0.00347,0.00349,0.00347,0.00347,4593471.0
2026-04-25 18:15:00,0.00348,0.00349,0.00346,0.00349,8869700.0
2026-04-25 18:30:00,0.00348,0.00351,0.00348,0.00349,15458021.0
2026-04-25 18:45:00,0.00348,0.00349,0.00348,0.00349,5347184.0
2026-04-25 19:00:00,0.00348,0.0035,0.00347,0.0035,14154996.0
2026-04-25 19:15:00,0.00349,0.0035,0.00347,0.00347,7952913.0
2026-04-25 19:30:00,0.00347,0.00349,0.00347,0.00347,8371341.0
2026-04-25 19:45:00,0.00347,0.00348,0.00345,0.00345,13818835.0
2026-04-25 20:00:00,0.00346,0.00347,0.00345,0.00346,20515915.0
2026-04-25 20:15:00,0.00346,0.00347,0.00345,0.00346,16618543.0
2026-04-25 20:30:00,0.00345,0.00347,0.00345,0.00345,8410125.0
2026-04-25 20:45:00,0.00345,0.00349,0.00345,0.00348,11156095.0
2026-04-25 21:00:00,0.00349,0.00351,0.00348,0.0035,27978983.0
2026-04-25 21:15:00,0.00351,0.00351,0.00348,0.00349,14119454.0
2026-04-25 21:30:00,0.0035,0.00351,0.00349,0.00349,7524128.0
2026-04-25 21:45:00,0.00349,0.0035,0.00348,0.00348,15206897.0
2026-04-25 22:00:00,0.00349,0.0035,0.00348,0.00348,5933558.0
2026-04-25 22:15:00,0.00348,0.0035,0.00348,0.0035,3019569.0
2026-04-25 22:30:00,0.0035,0.0035,0.00349,0.00349,2087068.0
2026-04-25 22:45:00,0.00349,0.0035,0.00348,0.00348,6158810.0
2026-04-25 23:00:00,0.00348,0.00349,0.00347,0.00349,2232986.0
2026-04-25 23:15:00,0.00348,0.00349,0.00347,0.00348,4569149.0
2026-04-25 23:30:00,0.00349,0.00349,0.00347,0.00347,14379569.0
2026-04-25 23:45:00,0.00347,0.00348,0.00347,0.00347,2859932.0
2026-04-26 00:00:00,0.00347,0.00348,0.00345,0.00346,15250039.0
2026-04-26 00:15:00,0.00345,0.00347,0.00344,0.00344,10292493.0
2026-04-26 00:30:00,0.00344,0.00345,0.00343,0.00344,20612485.0
2026-04-26 00:45:00,0.00344,0.00345,0.00342,0.00344,10787021.0
2026-04-26 01:00:00,0.00344,0.00344,0.00342,0.00343,9959880.0
2026-04-26 01:15:00,0.00343,0.00345,0.00343,0.00344,9206536.0
2026-04-26 01:30:00,0.00344,0.00346,0.00343,0.00344,7672619.0
2026-04-26 01:45:00,0.00344,0.00344,0.00341,0.00342,4799124.0
2026-04-26 02:00:00,0.00342,0.00344,0.00341,0.00343,34672097.0
2026-04-26 02:15:00,0.00342,0.00343,0.0034,0.00343,14861014.0
2026-04-26 02:30:00,0.00343,0.00344,0.00342,0.00342,4455727.0
2026-04-26 02:45:00,0.00342,0.00344,0.00341,0.00343,15805829.0
2026-04-26 03:00:00,0.00343,0.00344,0.00342,0.00342,5196235.0
2026-04-26 03:15:00,0.00343,0.00344,0.00341,0.00342,4765407.0
2026-04-26 03:30:00,0.00342,0.00343,0.0034,0.00342,7920743.0
2026-04-26 03:45:00,0.00342,0.00344,0.00342,0.00344,3415779.0
2026-04-26 04:00:00,0.00344,0.00345,0.00343,0.00345,3751273.0
2026-04-26 04:15:00,0.00345,0.00346,0.00344,0.00345,8957373.0
2026-04-26 04:30:00,0.00345,0.00345,0.00342,0.00344,8204943.0
2026-04-26 04:45:00,0.00344,0.00345,0.00343,0.00343,4934772.0
2026-04-26 05:00:00,0.00343,0.00348,0.00342,0.00347,12414135.0
2026-04-26 05:15:00,0.00347,0.00348,0.00346,0.00346,10360014.0
2026-04-26 05:30:00,0.00346,0.00348,0.00345,0.00345,7858639.0
2026-04-26 05:45:00,0.00345,0.00346,0.00344,0.00345,8667991.0
2026-04-26 06:00:00,0.00345,0.00347,0.00344,0.00345,11494160.0
2026-04-26 06:15:00,0.00346,0.00347,0.00345,0.00347,6928539.0
2026-04-26 06:30:00,0.00347,0.00349,0.00346,0.00347,5396930.0
2026-04-26 06:45:00,0.00348,0.00348,0.00345,0.00346,7555240.0
2026-04-26 07:00:00,0.00346,0.00347,0.00345,0.00347,4798856.0
2026-04-26 07:15:00,0.00346,0.00349,0.00345,0.00346,26143293.0
2026-04-26 07:30:00,0.00346,0.00346,0.00345,0.00345,4329661.0
2026-04-26 07:45:00,0.00345,0.00346,0.00345,0.00345,5065830.0
2026-04-26 08:00:00,0.00345,0.00346,0.00343,0.00346,11638365.0
2026-04-26 08:15:00,0.00345,0.00346,0.00344,0.00345,10416052.0
2026-04-26 08:30:00,0.00345,0.00346,0.00344,0.00346,6819785.0
2026-04-26 08:45:00,0.00346,0.00346,0.00344,0.00345,8499649.0
2026-04-26 09:00:00,0.00346,0.00347,0.00345,0.00345,17168440.0
2026-04-26 09:15:00,0.00345,0.00346,0.00345,0.00345,1364916.0
2026-04-26 09:30:00,0.00345,0.00346,0.00345,0.00346,3283941.0
2026-04-26 09:45:00,0.00346,0.00347,0.00345,0.00345,4416307.0
2026-04-26 10:00:00,0.00345,0.00345,0.00344,0.00345,10714677.0
2026-04-26 10:15:00,0.00345,0.00346,0.00344,0.00345,11643848.0
2026-04-26 10:30:00,0.00345,0.00346,0.00344,0.00344,5186173.0
2026-04-26 10:45:00,0.00345,0.00345,0.00344,0.00344,1385445.0
2026-04-26 11:00:00,0.00345,0.00345,0.00343,0.00344,13150715.0
2026-04-26 11:15:00,0.00343,0.00344,0.00342,0.00344,7390733.0
2026-04-26 11:30:00,0.00344,0.00344,0.00341,0.00343,13572661.0
2026-04-26 11:45:00,0.00343,0.00345,0.00343,0.00343,11738609.0
2026-04-26 12:00:00,0.00343,0.00346,0.00343,0.00345,17957234.0
2026-04-26 12:15:00,0.00345,0.00345,0.00343,0.00344,11026705.0
2026-04-26 12:30:00,0.00343,0.00344,0.00343,0.00343,664366.0
2026-04-26 12:45:00,0.00344,0.00344,0.00341,0.00341,10764864.0
2026-04-26 13:00:00,0.00342,0.00343,0.0034,0.00342,15044902.0
2026-04-26 13:15:00,0.00342,0.00343,0.00341,0.00342,13239987.0
2026-04-26 13:30:00,0.00342,0.00344,0.00342,0.00342,4240648.0
2026-04-26 13:45:00,0.00342,0.00342,0.0034,0.0034,7886453.0
2026-04-26 14:00:00,0.0034,0.00342,0.0034,0.00341,8605005.0
2026-04-26 14:15:00,0.00341,0.00343,0.0034,0.00341,17516390.0
2026-04-26 14:30:00,0.00341,0.00344,0.00341,0.00342,6430952.0
2026-04-26 14:45:00,0.00342,0.00343,0.00341,0.00342,7701896.0
2026-04-26 15:00:00,0.00342,0.00342,0.00341,0.00341,5034668.0
2026-04-26 15:15:00,0.00342,0.00343,0.00341,0.00342,6903096.0
2026-04-26 15:30:00,0.00342,0.00342,0.00341,0.00341,1267676.0
2026-04-26 15:45:00,0.00341,0.00342,0.0034,0.00341,11834512.0
2026-04-26 16:00:00,0.00341,0.00342,0.0034,0.0034,3286607.0
2026-04-26 16:15:00,0.0034,0.00343,0.0034,0.00342,8669794.0
2026-04-26 16:30:00,0.00342,0.00342,0.00339,0.0034,8551396.0
2026-04-26 16:45:00,0.0034,0.00341,0.00339,0.0034,9410314.0
2026-04-26 17:00:00,0.0034,0.0034,0.00338,0.00339,4348691.0
2026-04-26 17:15:00,0.00339,0.0034,0.00338,0.0034,4517258.0
2026-04-26 17:30:00,0.0034,0.0034,0.00338,0.00339,4938082.0
2026-04-26 17:45:00,0.0034,0.00341,0.00339,0.0034,5333264.0
2026-04-26 18:00:00,0.0034,0.00341,0.00339,0.0034,10990075.0
2026-04-26 18:15:00,0.0034,0.00342,0.0034,0.00341,17965993.0
2026-04-26 18:30:00,0.00341,0.00341,0.00339,0.00341,24360864.0
2026-04-26 18:45:00,0.00341,0.00342,0.0034,0.00342,2585761.0
2026-04-26 19:00:00,0.00342,0.00344,0.00341,0.00343,6596392.0
2026-04-26 19:15:00,0.00343,0.00345,0.00342,0.00343,19579400.0
2026-04-26 19:30:00,0.00343,0.00344,0.00342,0.00342,1879916.0
2026-04-26 19:45:00,0.00343,0.00343,0.00341,0.00341,2313359.0
2026-04-26 20:00:00,0.00341,0.00342,0.0034,0.00342,3490312.0
2026-04-26 20:15:00,0.00341,0.00343,0.00341,0.00342,7644251.0
2026-04-26 20:30:00,0.00342,0.00343,0.00341,0.00341,2765348.0
2026-04-26 20:45:00,0.00342,0.00343,0.00341,0.00341,3471351.0
2026-04-26 21:00:00,0.00342,0.00343,0.00341,0.00342,3957777.0
2026-04-26 21:15:00,0.00342,0.00342,0.00341,0.00341,4651624.0
2026-04-26 21:30:00,0.00341,0.00342,0.00339,0.0034,12814873.0
2026-04-26 21:45:00,0.0034,0.00342,0.00339,0.00342,8885763.0
2026-04-26 22:00:00,0.00341,0.00343,0.00341,0.00342,7643558.0
2026-04-26 22:15:00,0.00341,0.00343,0.0034,0.0034,4856006.0
2026-04-26 22:30:00,0.0034,0.00341,0.00338,0.0034,4713993.0
2026-04-26 22:45:00,0.0034,0.00342,0.0034,0.0034,3091149.0
2026-04-26 23:00:00,0.0034,0.0034,0.00339,0.00339,3180870.0
2026-04-26 23:15:00,0.00339,0.00341,0.00339,0.0034,2687441.0
2026-04-26 23:30:00,0.0034,0.00341,0.00338,0.0034,7190636.0
2026-04-26 23:45:00,0.0034,0.00341,0.0034,0.0034,4976149.0
2026-04-27 00:00:00,0.0034,0.00341,0.00339,0.00339,7071059.0
2026-04-27 00:15:00,0.00339,0.00341,0.00338,0.00339,7672904.0
2026-04-27 00:30:00,0.00338,0.0034,0.00338,0.0034,7105109.0
2026-04-27 00:45:00,0.00341,0.00343,0.0034,0.00343,32043089.0
2026-04-27 01:00:00,0.00343,0.00345,0.00342,0.00343,12998143.0
2026-04-27 01:15:00,0.00342,0.00343,0.00342,0.00343,12325309.0
2026-04-27 01:30:00,0.00343,0.00347,0.00343,0.00344,38343049.0
2026-04-27 01:45:00,0.00345,0.00346,0.00344,0.00344,8634526.0
2026-04-27 02:00:00,0.00345,0.00345,0.00342,0.00343,8469324.0
2026-04-27 02:15:00,0.00343,0.00344,0.00342,0.00343,9777187.0
2026-04-27 02:30:00,0.00344,0.00345,0.00343,0.00344,8618688.0
2026-04-27 02:45:00,0.00345,0.00348,0.00345,0.00345,20314379.0
2026-04-27 03:00:00,0.00345,0.00347,0.00345,0.00347,9150558.0
2026-04-27 03:15:00,0.00346,0.00349,0.00346,0.00348,21714702.0
2026-04-27 03:30:00,0.00348,0.00349,0.00347,0.00349,12207280.0
2026-04-27 03:45:00,0.00349,0.00349,0.00347,0.00349,9416624.0
2026-04-27 04:00:00,0.00348,0.00349,0.00347,0.00349,6022667.0
2026-04-27 04:15:00,0.00349,0.00349,0.00347,0.00348,15526506.0
2026-04-27 04:30:00,0.00349,0.0035,0.00348,0.00348,18909485.0
2026-04-27 04:45:00,0.00348,0.0035,0.00347,0.00349,17631924.0
2026-04-27 05:00:00,0.00349,0.0035,0.00346,0.00346,18171449.0
2026-04-27 05:15:00,0.00346,0.00346,0.00342,0.00342,52647943.0
2026-04-27 05:30:00,0.00342,0.00343,0.0034,0.00341,20261993.0
2026-04-27 05:45:00,0.00341,0.00342,0.00338,0.00342,28825903.0
2026-04-27 06:00:00,0.00342,0.00342,0.00339,0.0034,20706755.0
2026-04-27 06:15:00,0.0034,0.00341,0.00339,0.00341,16507417.0
2026-04-27 06:30:00,0.0034,0.0034,0.00335,0.00337,40946133.0
2026-04-27 06:45:00,0.00336,0.00338,0.00336,0.00337,10148729.0
2026-04-27 07:00:00,0.00336,0.00336,0.00333,0.00335,34509364.0
2026-04-27 07:15:00,0.00334,0.00336,0.00334,0.00335,21198656.0
2026-04-27 07:30:00,0.00335,0.00336,0.00334,0.00335,6458856.0
2026-04-27 07:45:00,0.00335,0.00336,0.00334,0.00334,5518749.0
2026-04-27 08:00:00,0.00335,0.00336,0.00334,0.00335,12892978.0
2026-04-27 08:15:00,0.00335,0.00335,0.00334,0.00334,7707069.0
2026-04-27 08:30:00,0.00334,0.00335,0.00333,0.00333,9483045.0
2026-04-27 08:45:00,0.00334,0.00336,0.00334,0.00336,6666365.0
2026-04-27 09:00:00,0.00335,0.00336,0.00335,0.00336,1076940.0
2026-04-27 09:15:00,0.00336,0.00336,0.00335,0.00335,656055.0
2026-04-27 09:30:00,0.00335,0.00337,0.00335,0.00336,11871554.0
2026-04-27 09:45:00,0.00336,0.00336,0.00335,0.00335,2848248.0
2026-04-27 10:00:00,0.00335,0.00335,0.00334,0.00335,4404276.0
2026-04-27 10:15:00,0.00334,0.00335,0.00334,0.00335,675886.0
2026-04-27 10:30:00,0.00335,0.00335,0.00334,0.00335,223289.0
2026-04-27 10:45:00,0.00335,0.00335,0.00333,0.00333,5722025.0
2026-04-27 11:00:00,0.00333,0.00334,0.00331,0.00334,7723661.0
2026-04-27 11:15:00,0.00333,0.00334,0.00332,0.00334,1119566.0
2026-04-27 11:30:00,0.00334,0.00334,0.00333,0.00334,226584.0
2026-04-27 11:45:00,0.00334,0.00336,0.00334,0.00335,1601325.0
2026-04-27 12:00:00,0.00336,0.00336,0.00334,0.00334,4874483.0
2026-04-27 12:15:00,0.00334,0.00335,0.00334,0.00334,2933001.0
2026-04-27 12:30:00,0.00335,0.00335,0.00333,0.00334,3713805.0
2026-04-27 12:45:00,0.00334,0.00335,0.00333,0.00334,5109623.0
2026-04-27 13:00:00,0.00335,0.00336,0.00333,0.00334,4856221.0
2026-04-27 13:15:00,0.00334,0.00335,0.00333,0.00333,1474486.0
2026-04-27 13:30:00,0.00333,0.00335,0.00333,0.00333,2877974.0
2026-04-27 13:45:00,0.00333,0.00334,0.00331,0.00332,5492359.0
2026-04-27 14:00:00,0.00332,0.00334,0.00332,0.00333,5403397.0
2026-04-27 14:15:00,0.00334,0.00334,0.00333,0.00334,1670067.0
2026-04-27 14:30:00,0.00334,0.00339,0.00333,0.00337,13085632.0
2026-04-27 14:45:00,0.00338,0.00338,0.00335,0.00336,11142946.0
2026-04-27 15:00:00,0.00336,0.00336,0.00331,0.00331,13196939.0
2026-04-27 15:15:00,0.00332,0.00332,0.00328,0.0033,63420192.0
2026-04-27 15:30:00,0.0033,0.00332,0.0033,0.0033,4580941.0
2026-04-27 15:45:00,0.00331,0.00331,0.00328,0.0033,6030806.0
2026-04-27 16:00:00,0.0033,0.0033,0.00328,0.0033,8529255.0
2026-04-27 16:15:00,0.0033,0.00331,0.00329,0.00329,17015674.0
2026-04-27 16:30:00,0.00329,0.0033,0.00329,0.00329,1248976.0
2026-04-27 16:45:00,0.0033,0.0033,0.00329,0.0033,3292571.0
2026-04-27 17:00:00,0.0033,0.00332,0.00329,0.0033,3250121.0
2026-04-27 17:15:00,0.0033,0.00332,0.00329,0.00331,24306621.0
2026-04-27 17:30:00,0.00331,0.00331,0.00331,0.00331,983175.0
2026-04-27 17:45:00,0.00331,0.00331,0.0033,0.0033,1873868.0
2026-04-27 18:00:00,0.0033,0.0033,0.00329,0.0033,4454477.0
2026-04-27 18:15:00,0.00329,0.00331,0.00329,0.00329,7206437.0
2026-04-27 18:30:00,0.00329,0.0033,0.00327,0.00329,4151796.0
2026-04-27 18:45:00,0.00329,0.00329,0.00328,0.00329,3412931.0
2026-04-27 19:00:00,0.00328,0.00329,0.00328,0.00329,131310.0
2026-04-27 19:15:00,0.00328,0.00328,0.00325,0.00326,7178651.0
2026-04-27 19:30:00,0.00326,0.00328,0.00326,0.00326,9247011.0
2026-04-27 19:45:00,0.00327,0.00328,0.00326,0.00327,2417637.0
2026-04-27 20:00:00,0.00327,0.00328,0.00326,0.00328,5121620.0
2026-04-27 20:15:00,0.00328,0.00329,0.00327,0.00329,3215525.0
2026-04-27 20:30:00,0.00328,0.00329,0.00328,0.00328,535432.0
2026-04-27 20:45:00,0.00328,0.00329,0.00328,0.00328,1133788.0
2026-04-27 21:00:00,0.00328,0.00328,0.00326,0.00327,21494231.0
2026-04-27 21:15:00,0.00327,0.00328,0.00327,0.00327,1072330.0
2026-04-27 21:30:00,0.00327,0.00329,0.00327,0.00329,5100907.0
2026-04-27 21:45:00,0.00329,0.00329,0.00327,0.00328,8034564.0
2026-04-27 22:00:00,0.00328,0.00328,0.00327,0.00328,161019.0
2026-04-27 22:15:00,0.00328,0.00328,0.00327,0.00328,125023.0
2026-04-27 22:30:00,0.00328,0.00329,0.00328,0.00328,5942533.0
2026-04-27 22:45:00,0.00328,0.0033,0.00328,0.00329,6706389.0
2026-04-27 23:00:00,0.00328,0.00329,0.00328,0.00328,255333.0
2026-04-27 23:15:00,0.00328,0.0033,0.00328,0.0033,6940470.0
2026-04-27 23:30:00,0.0033,0.0033,0.00329,0.0033,7510175.0
2026-04-27 23:45:00,0.00329,0.00331,0.00329,0.0033,9495547.0
2026-04-28 00:00:00,0.0033,0.0033,0.00328,0.00329,4820870.0
2026-04-28 00:15:00,0.00329,0.00329,0.00327,0.00327,1207269.0
2026-04-28 00:30:00,0.00328,0.00328,0.00327,0.00327,3512368.0
2026-04-28 00:45:00,0.00327,0.00328,0.00327,0.00327,4402775.0
2026-04-28 01:00:00,0.00327,0.00329,0.00326,0.00328,12396636.0
2026-04-28 01:15:00,0.00328,0.00329,0.00328,0.00328,3120987.0
2026-04-28 01:30:00,0.00328,0.00328,0.00326,0.00328,3641979.0
2026-04-28 01:45:00,0.00327,0.00328,0.00327,0.00327,10942174.0
2026-04-28 02:00:00,0.00327,0.00327,0.00326,0.00326,7789801.0
2026-04-28 02:15:00,0.00326,0.00331,0.00326,0.00329,32853174.0
2026-04-28 02:30:00,0.00329,0.00329,0.00326,0.00327,11165543.0
2026-04-28 02:45:00,0.00327,0.00327,0.00326,0.00327,4949540.0
2026-04-28 03:00:00,0.00327,0.00328,0.00325,0.00327,3596010.0
2026-04-28 03:15:00,0.00326,0.00327,0.00326,0.00327,823491.0
2026-04-28 03:30:00,0.00326,0.00327,0.00326,0.00327,2722135.0
2026-04-28 03:45:00,0.00328,0.0033,0.00328,0.00329,11095792.0
2026-04-28 04:00:00,0.00328,0.00331,0.00328,0.0033,16478396.0
2026-04-28 04:15:00,0.0033,0.00331,0.00328,0.00329,7022414.0
2026-04-28 04:30:00,0.00328,0.00331,0.00328,0.0033,21239431.0
2026-04-28 04:45:00,0.0033,0.0033,0.00329,0.00329,6741495.0
2026-04-28 05:00:00,0.0033,0.00332,0.00328,0.0033,8418290.0
2026-04-28 05:15:00,0.00331,0.00333,0.0033,0.00333,21363293.0
2026-04-28 05:30:00,0.00333,0.00333,0.00331,0.00331,20931341.0
2026-04-28 05:45:00,0.00332,0.00332,0.0033,0.00332,7201802.0
2026-04-28 06:00:00,0.00333,0.00334,0.00331,0.00333,11902353.0
2026-04-28 06:15:00,0.00333,0.00334,0.00332,0.00332,8184006.0
2026-04-28 06:30:00,0.00333,0.00334,0.00331,0.00331,9766081.0
2026-04-28 06:45:00,0.00331,0.00332,0.0033,0.00331,7356787.0
2026-04-28 07:00:00,0.00331,0.00332,0.0033,0.0033,10544150.0
2026-04-28 07:15:00,0.0033,0.00332,0.00329,0.00331,9395698.0
2026-04-28 07:30:00,0.00331,0.00334,0.00331,0.00332,6193439.0
2026-04-28 07:45:00,0.00332,0.00334,0.00331,0.00332,5169094.0
2026-04-28 08:00:00,0.00332,0.00333,0.00331,0.00332,5612265.0
2026-04-28 08:15:00,0.00332,0.00335,0.00332,0.00335,10967962.0
2026-04-28 08:30:00,0.00335,0.00336,0.00333,0.00333,11842291.0
2026-04-28 08:45:00,0.00333,0.00334,0.00331,0.00332,4738451.0
2026-04-28 09:00:00,0.00331,0.00332,0.0033,0.00331,10776891.0
2026-04-28 09:15:00,0.00331,0.00333,0.0033,0.00331,3883396.0
2026-04-28 09:30:00,0.00331,0.00331,0.00329,0.00329,3702221.0
2026-04-28 09:45:00,0.0033,0.0033,0.00328,0.00329,6097361.0
2026-04-28 10:00:00,0.00329,0.00331,0.00329,0.00329,5006209.0
2026-04-28 10:15:00,0.0033,0.0033,0.00329,0.00329,2418254.0
2026-04-28 10:30:00,0.0033,0.00331,0.00329,0.0033,3318315.0
2026-04-28 10:45:00,0.0033,0.00331,0.00329,0.0033,11923266.0
2026-04-28 11:00:00,0.0033,0.0033,0.00329,0.0033,2845945.0
2026-04-28 11:15:00,0.00329,0.0033,0.00328,0.00329,9374647.0
2026-04-28 11:30:00,0.00329,0.00329,0.00327,0.00327,12362356.0
2026-04-28 11:45:00,0.00327,0.00329,0.00326,0.00329,10347091.0
2026-04-28 12:00:00,0.00329,0.00329,0.00327,0.00328,5747341.0
2026-04-28 12:15:00,0.00328,0.00329,0.00327,0.00328,14210259.0
2026-04-28 12:30:00,0.00328,0.0033,0.00327,0.0033,13407771.0
2026-04-28 12:45:00,0.0033,0.00332,0.00329,0.00331,7973209.0
2026-04-28 13:00:00,0.00331,0.00331,0.00328,0.00329,14956020.0
2026-04-28 13:15:00,0.00328,0.00331,0.00328,0.0033,10898494.0
2026-04-28 13:30:00,0.0033,0.00331,0.00329,0.00331,8829769.0
2026-04-28 13:45:00,0.0033,0.00331,0.00328,0.00329,17691527.0
2026-04-28 14:00:00,0.00329,0.00329,0.00327,0.00328,6713272.0
2026-04-28 14:15:00,0.00327,0.00328,0.00325,0.00326,22107666.0
2026-04-28 14:30:00,0.00326,0.00328,0.00326,0.00327,10334692.0
2026-04-28 14:45:00,0.00327,0.00329,0.00326,0.00329,17578697.0
2026-04-28 15:00:00,0.00329,0.0033,0.00328,0.00329,3510713.0
2026-04-28 15:15:00,0.00329,0.00329,0.00328,0.00328,747692.0
2026-04-28 15:30:00,0.00328,0.00331,0.00328,0.00329,6072095.0
2026-04-28 15:45:00,0.00329,0.0033,0.00329,0.0033,4915440.0
2026-04-28 16:00:00,0.0033,0.00331,0.00329,0.0033,7771044.0
2026-04-28 16:15:00,0.00331,0.00331,0.0033,0.00331,6647700.0
2026-04-28 16:30:00,0.00331,0.00331,0.0033,0.0033,2898699.0
2026-04-28 16:45:00,0.00329,0.00331,0.00328,0.0033,10587386.0
2026-04-28 17:00:00,0.00329,0.00329,0.00328,0.00329,2855690.0
2026-04-28 17:15:00,0.00329,0.00329,0.00327,0.00329,6531956.0
2026-04-28 17:30:00,0.00328,0.0033,0.00328,0.00328,6234182.0
2026-04-28 17:45:00,0.00328,0.00329,0.00328,0.00328,1438680.0
2026-04-28 18:00:00,0.00328,0.00329,0.00327,0.00328,9772495.0
2026-04-28 18:15:00,0.00328,0.00328,0.00327,0.00327,8002654.0
2026-04-28 18:30:00,0.00327,0.00328,0.00327,0.00328,490971.0
2026-04-28 18:45:00,0.00327,0.00328,0.00326,0.00328,4689299.0
2026-04-28 19:00:00,0.00328,0.00328,0.00327,0.00328,5179965.0
2026-04-28 19:15:00,0.00327,0.00329,0.00327,0.00329,3565534.0
2026-04-28 19:30:00,0.00329,0.0033,0.00328,0.0033,1747258.0
2026-04-28 19:45:00,0.0033,0.00331,0.00328,0.00329,10636655.0
2026-04-28 20:00:00,0.00329,0.00329,0.00328,0.00329,2997316.0
2026-04-28 20:15:00,0.00329,0.00329,0.00328,0.00329,806030.0
2026-04-28 20:30:00,0.00328,0.0033,0.00328,0.00329,10811715.0
2026-04-28 20:45:00,0.0033,0.0033,0.00329,0.00329,922686.0
2026-04-28 21:00:00,0.00329,0.00332,0.00329,0.00332,13347987.0
2026-04-28 21:15:00,0.00332,0.00333,0.00331,0.00332,12382598.0
2026-04-28 21:30:00,0.00332,0.00334,0.00332,0.00332,14809607.0
2026-04-28 21:45:00,0.00333,0.00335,0.00333,0.00335,17435190.0
2026-04-28 22:00:00,0.00335,0.00336,0.00334,0.00335,14222542.0
2026-04-28 22:15:00,0.00335,0.00336,0.00333,0.00334,9549434.0
2026-04-28 22:30:00,0.00334,0.00335,0.00333,0.00334,4111367.0
2026-04-28 22:45:00,0.00334,0.00334,0.00333,0.00333,237152.0
2026-04-28 23:00:00,0.00334,0.00334,0.00332,0.00333,6043650.0
2026-04-28 23:15:00,0.00332,0.00333,0.00332,0.00332,1492869.0
2026-04-28 23:30:00,0.00332,0.00333,0.00332,0.00333,6751653.0
2026-04-28 23:45:00,0.00333,0.00333,0.00332,0.00332,1071895.0
2026-04-29 00:00:00,0.00332,0.00333,0.00329,0.00331,23319218.0
2026-04-29 00:15:00,0.00331,0.00332,0.00331,0.00332,4991209.0
2026-04-29 00:30:00,0.00332,0.00334,0.00331,0.00334,9353799.0
2026-04-29 00:45:00,0.00334,0.00334,0.00333,0.00333,5598927.0
2026-04-29 01:00:00,0.00334,0.00334,0.00333,0.00334,9103777.0
2026-04-29 01:15:00,0.00334,0.00334,0.00332,0.00333,6908207.0
2026-04-29 01:30:00,0.00333,0.00333,0.00332,0.00333,3889633.0
2026-04-29 01:45:00,0.00333,0.00335,0.00333,0.00333,6524008.0
2026-04-29 02:00:00,0.00334,0.00337,0.00333,0.00337,19815531.0
2026-04-29 02:15:00,0.00337,0.00337,0.00334,0.00335,8420411.0
2026-04-29 02:30:00,0.00335,0.00335,0.00334,0.00335,5107961.0
2026-04-29 02:45:00,0.00334,0.00336,0.00334,0.00335,5514477.0
2026-04-29 03:00:00,0.00335,0.00337,0.00335,0.00336,14685824.0
2026-04-29 03:15:00,0.00335,0.00337,0.00335,0.00337,14683855.0
2026-04-29 03:30:00,0.00337,0.00339,0.00336,0.00339,5139212.0
2026-04-29 03:45:00,0.00338,0.00339,0.00338,0.00339,5274486.0
2026-04-29 04:00:00,0.00339,0.0034,0.00337,0.00337,19246589.0
2026-04-29 04:15:00,0.00337,0.00338,0.00335,0.00336,5409176.0
2026-04-29 04:30:00,0.00335,0.00338,0.00335,0.00335,25663364.0
2026-04-29 04:45:00,0.00336,0.00336,0.00335,0.00335,15291123.0
2026-04-29 05:00:00,0.00335,0.00336,0.00334,0.00335,2780762.0
2026-04-29 05:15:00,0.00335,0.00336,0.00335,0.00336,2426982.0
2026-04-29 05:30:00,0.00337,0.00337,0.00335,0.00336,5019892.0
2026-04-29 05:45:00,0.00336,0.00337,0.00336,0.00336,720319.0
2026-04-29 06:00:00,0.00336,0.00337,0.00335,0.00335,8466316.0
2026-04-29 06:15:00,0.00336,0.00337,0.00335,0.00337,6029808.0
2026-04-29 06:30:00,0.00336,0.00338,0.00336,0.00336,6766691.0
2026-04-29 06:45:00,0.00336,0.00337,0.00335,0.00337,10922948.0
2026-04-29 07:00:00,0.00337,0.00337,0.00335,0.00336,10561976.0
2026-04-29 07:15:00,0.00336,0.00337,0.00335,0.00337,3534122.0
2026-04-29 07:30:00,0.00336,0.00338,0.00336,0.00336,7248900.0
2026-04-29 07:45:00,0.00336,0.00336,0.00334,0.00335,8586736.0
2026-04-29 08:00:00,0.00335,0.00336,0.00334,0.00334,11752950.0
2026-04-29 08:15:00,0.00334,0.00335,0.00334,0.00334,2533813.0
2026-04-29 08:30:00,0.00334,0.00335,0.00333,0.00334,4069747.0
2026-04-29 08:45:00,0.00335,0.00336,0.00334,0.00334,6021213.0
2026-04-29 09:00:00,0.00334,0.00335,0.00333,0.00334,5906100.0
2026-04-29 09:15:00,0.00334,0.00336,0.00334,0.00335,3122192.0
2026-04-29 09:30:00,0.00335,0.00337,0.00334,0.00335,6906070.0
2026-04-29 09:45:00,0.00335,0.00338,0.00335,0.00337,11351631.0
2026-04-29 10:00:00,0.00337,0.0034,0.00337,0.00338,8323224.0
2026-04-29 10:15:00,0.00338,0.0034,0.00338,0.00339,6475283.0
2026-04-29 10:30:00,0.00338,0.00339,0.00336,0.00337,4417005.0
2026-04-29 10:45:00,0.00337,0.00338,0.00336,0.00336,15041089.0
2026-04-29 11:00:00,0.00336,0.00337,0.00336,0.00336,1084681.0
2026-04-29 11:15:00,0.00336,0.00338,0.00336,0.00336,10206118.0
2026-04-29 11:30:00,0.00336,0.00337,0.00334,0.00334,15766077.0
2026-04-29 11:45:00,0.00335,0.00336,0.00334,0.00335,9368575.0
2026-04-29 12:00:00,0.00335,0.00335,0.00332,0.00332,17598227.0
2026-04-29 12:15:00,0.00332,0.00333,0.00331,0.00332,10984843.0
2026-04-29 12:30:00,0.00333,0.00333,0.00331,0.00332,5149252.0
2026-04-29 12:45:00,0.00332,0.00333,0.00332,0.00333,15211595.0
2026-04-29 13:00:00,0.00333,0.00333,0.00332,0.00332,6015365.0
2026-04-29 13:15:00,0.00333,0.00333,0.0033,0.00331,23462754.0
2026-04-29 13:30:00,0.00331,0.00331,0.00329,0.0033,14115741.0
2026-04-29 13:45:00,0.0033,0.00332,0.0033,0.00331,17745919.0
2026-04-29 14:00:00,0.00331,0.00331,0.00328,0.0033,23993440.0
2026-04-29 14:15:00,0.00329,0.00331,0.00329,0.0033,9996682.0
2026-04-29 14:30:00,0.0033,0.00332,0.0033,0.00331,10188427.0
2026-04-29 14:45:00,0.00331,0.00331,0.00329,0.00329,5941577.0
2026-04-29 15:00:00,0.00329,0.0033,0.00325,0.00327,22869003.0
2026-04-29 15:15:00,0.00326,0.00328,0.00325,0.00328,7514765.0
2026-04-29 15:30:00,0.00328,0.00328,0.00323,0.00324,23913583.0
2026-04-29 15:45:00,0.00324,0.00325,0.00323,0.00323,14319329.0
2026-04-29 16:00:00,0.00323,0.00324,0.00321,0.00323,36386995.0
2026-04-29 16:15:00,0.00323,0.00323,0.0032,0.00322,35123999.0
2026-04-29 16:30:00,0.00322,0.00323,0.00321,0.00322,14006130.0
2026-04-29 16:45:00,0.00323,0.00323,0.00321,0.00322,5561956.0
2026-04-29 17:00:00,0.00322,0.00325,0.00322,0.00323,10839305.0
2026-04-29 17:15:00,0.00323,0.00325,0.00323,0.00323,5756660.0
2026-04-29 17:30:00,0.00324,0.00324,0.00323,0.00323,3456922.0
2026-04-29 17:45:00,0.00324,0.00325,0.00323,0.00324,7769671.0
2026-04-29 18:00:00,0.00324,0.00325,0.00315,0.00317,52494709.0
2026-04-29 18:15:00,0.00317,0.00319,0.00316,0.00316,19584542.0
2026-04-29 18:30:00,0.00317,0.00319,0.00315,0.00317,29439999.0
2026-04-29 18:45:00,0.00317,0.00321,0.00317,0.0032,7566964.0
2026-04-29 19:00:00,0.00321,0.00321,0.00319,0.0032,5467768.0
2026-04-29 19:15:00,0.0032,0.00321,0.00319,0.0032,8292160.0
2026-04-29 19:30:00,0.0032,0.0032,0.00318,0.00318,8136565.0
2026-04-29 19:45:00,0.00318,0.0032,0.00318,0.00318,5024464.0
2026-04-29 20:00:00,0.00318,0.00321,0.00318,0.0032,10365053.0
2026-04-29 20:15:00,0.0032,0.00321,0.00319,0.00321,6134416.0
2026-04-29 20:30:00,0.00321,0.00323,0.0032,0.00321,6204932.0
2026-04-29 20:45:00,0.00322,0.00322,0.00321,0.00321,3469756.0
2026-04-29 21:00:00,0.00321,0.00322,0.0032,0.00322,2579847.0
2026-04-29 21:15:00,0.00322,0.00323,0.00322,0.00322,14006423.0
2026-04-29 21:30:00,0.00323,0.00323,0.00322,0.00322,9910890.0
2026-04-29 21:45:00,0.00322,0.00324,0.00322,0.00322,2313108.0
2026-04-29 22:00:00,0.00322,0.00323,0.00321,0.00322,6238073.0
2026-04-29 22:15:00,0.00322,0.00322,0.00321,0.00321,3643394.0
2026-04-29 22:30:00,0.00321,0.00323,0.00321,0.00321,1208306.0
2026-04-29 22:45:00,0.00322,0.00322,0.00321,0.00322,2282713.0
2026-04-29 23:00:00,0.00322,0.00322,0.00321,0.00321,9054298.0
2026-04-29 23:15:00,0.00321,0.00321,0.0032,0.0032,4525375.0
2026-04-29 23:30:00,0.0032,0.00321,0.0032,0.0032,4907228.0
2026-04-29 23:45:00,0.00321,0.00321,0.0032,0.00321,3834824.0
2026-04-30 00:00:00,0.00321,0.00322,0.0032,0.00321,846599.0
2026-04-30 00:15:00,0.00321,0.00323,0.0032,0.00321,4401050.0
2026-04-30 00:30:00,0.00321,0.00324,0.00321,0.00323,6176954.0
2026-04-30 00:45:00,0.00324,0.00325,0.00323,0.00325,9331984.0
2026-04-30 01:00:00,0.00326,0.00326,0.00324,0.00324,4736521.0
2026-04-30 01:15:00,0.00325,0.00325,0.00324,0.00324,1001518.0
2026-04-30 01:30:00,0.00325,0.00325,0.00324,0.00324,8511200.0
2026-04-30 01:45:00,0.00325,0.00327,0.00324,0.00325,8765298.0
2026-04-30 02:00:00,0.00326,0.00326,0.00325,0.00326,827232.0
2026-04-30 02:15:00,0.00326,0.00326,0.00324,0.00324,3578654.0
2026-04-30 02:30:00,0.00324,0.00324,0.00321,0.00321,8811106.0
2026-04-30 02:45:00,0.00321,0.00322,0.0032,0.00321,8132651.0
2026-04-30 03:00:00,0.00321,0.00322,0.0032,0.0032,8137110.0
2026-04-30 03:15:00,0.0032,0.00321,0.0032,0.00321,5983365.0
2026-04-30 03:30:00,0.00321,0.00323,0.00321,0.00321,7236026.0
2026-04-30 03:45:00,0.00322,0.00322,0.00321,0.00321,232859.0
2026-04-30 04:00:00,0.00322,0.00322,0.0032,0.0032,3975505.0
2026-04-30 04:15:00,0.0032,0.00321,0.0032,0.00321,3745983.0
2026-04-30 04:30:00,0.00321,0.00321,0.00319,0.00319,11685109.0
2026-04-30 04:45:00,0.00319,0.0032,0.00319,0.00319,522964.0
2026-04-30 05:00:00,0.0032,0.00323,0.00319,0.00321,10233854.0
2026-04-30 05:15:00,0.00321,0.00322,0.00319,0.00319,6748859.0
2026-04-30 05:30:00,0.00319,0.00322,0.00319,0.00321,4958441.0
2026-04-30 05:45:00,0.00321,0.00321,0.0032,0.0032,3551469.0
2026-04-30 06:00:00,0.0032,0.00322,0.0032,0.00321,7015553.0
2026-04-30 06:15:00,0.0032,0.00321,0.0032,0.00321,3438253.0
2026-04-30 06:30:00,0.0032,0.00322,0.0032,0.00322,5145849.0
2026-04-30 06:45:00,0.00322,0.00323,0.00322,0.00322,6968792.0
2026-04-30 07:00:00,0.00322,0.00323,0.00322,0.00322,2726093.0
2026-04-30 07:15:00,0.00323,0.00324,0.00323,0.00324,526224.0
2026-04-30 07:30:00,0.00324,0.00326,0.00324,0.00326,9909591.0
2026-04-30 07:45:00,0.00325,0.00326,0.00325,0.00326,716975.0
2026-04-30 08:00:00,0.00326,0.00326,0.00325,0.00325,4109045.0
2026-04-30 08:15:00,0.00324,0.00325,0.00324,0.00325,348495.0
2026-04-30 08:30:00,0.00325,0.00326,0.00324,0.00325,1514358.0
2026-04-30 08:45:00,0.00325,0.00325,0.00323,0.00325,7464424.0
2026-04-30 09:00:00,0.00325,0.00325,0.00324,0.00325,2538536.0
2026-04-30 09:15:00,0.00325,0.00327,0.00324,0.00326,16889321.0
2026-04-30 09:30:00,0.00326,0.00328,0.00326,0.00328,13938761.0
2026-04-30 09:45:00,0.00328,0.00328,0.00326,0.00326,3482508.0
2026-04-30 10:00:00,0.00326,0.00327,0.00326,0.00326,3787273.0
2026-04-30 10:15:00,0.00326,0.00326,0.00325,0.00326,3798204.0
2026-04-30 10:30:00,0.00325,0.00327,0.00325,0.00325,4461887.0
2026-04-30 10:45:00,0.00326,0.00327,0.00325,0.00326,6719550.0
2026-04-30 11:00:00,0.00326,0.00327,0.00325,0.00327,5694220.0
2026-04-30 11:15:00,0.00326,0.00327,0.00325,0.00325,4934180.0
2026-04-30 11:30:00,0.00326,0.00326,0.00324,0.00324,9565072.0
2026-04-30 11:45:00,0.00324,0.00325,0.00323,0.00324,7918933.0
2026-04-30 12:00:00,0.00324,0.00326,0.00324,0.00324,4140878.0
2026-04-30 12:15:00,0.00324,0.00326,0.00324,0.00324,7162482.0
2026-04-30 12:30:00,0.00325,0.00325,0.00323,0.00323,8000348.0
2026-04-30 12:45:00,0.00323,0.00323,0.00322,0.00322,11653756.0
2026-04-30 13:00:00,0.00322,0.00323,0.00322,0.00322,3515083.0
2026-04-30 13:15:00,0.00322,0.00323,0.00321,0.00321,9537162.0
2026-04-30 13:30:00,0.00321,0.00322,0.0032,0.00322,12295520.0
2026-04-30 13:45:00,0.00322,0.00322,0.00319,0.0032,14683539.0
2026-04-30 14:00:00,0.0032,0.00321,0.00319,0.00321,9523332.0
2026-04-30 14:15:00,0.0032,0.0032,0.00318,0.00319,15651420.0
2026-04-30 14:30:00,0.00319,0.00321,0.00318,0.00319,10528896.0
2026-04-30 14:45:00,0.00319,0.00321,0.00319,0.0032,3276793.0
2026-04-30 15:00:00,0.0032,0.00321,0.00319,0.0032,25199052.0
2026-04-30 15:15:00,0.0032,0.00321,0.00319,0.0032,6665181.0
2026-04-30 15:30:00,0.00321,0.00322,0.0032,0.0032,7167062.0
2026-04-30 15:45:00,0.0032,0.00323,0.0032,0.00322,8337452.0
2026-04-30 16:00:00,0.00322,0.00323,0.00321,0.00323,3247011.0
2026-04-30 16:15:00,0.00323,0.00323,0.0032,0.0032,7778896.0
2026-04-30 16:30:00,0.00321,0.00321,0.0032,0.00321,3903849.0
2026-04-30 16:45:00,0.00321,0.00322,0.0032,0.0032,7762722.0
2026-04-30 17:00:00,0.0032,0.00321,0.0032,0.00321,1321637.0
2026-04-30 17:15:00,0.00321,0.00321,0.0032,0.00321,4438000.0
2026-04-30 17:30:00,0.00321,0.00322,0.00321,0.00321,10177900.0
2026-04-30 17:45:00,0.00321,0.00321,0.0032,0.0032,3527558.0
2026-04-30 18:00:00,0.00321,0.00321,0.00321,0.00321,2593869.0
2026-04-30 18:15:00,0.00321,0.00322,0.0032,0.0032,12268595.0
2026-04-30 18:30:00,0.00321,0.00321,0.0032,0.00321,4869348.0
2026-04-30 18:45:00,0.00322,0.00322,0.00321,0.00321,2875479.0
2026-04-30 19:00:00,0.0032,0.00323,0.0032,0.00322,3192127.0
2026-04-30 19:15:00,0.00322,0.00323,0.00321,0.00322,6096606.0
2026-04-30 19:30:00,0.00321,0.00322,0.00321,0.00322,3417787.0
2026-04-30 19:45:00,0.00322,0.00322,0.00321,0.00322,320834.0
2026-04-30 20:00:00,0.00322,0.00322,0.00321,0.00321,5896346.0
2026-04-30 20:15:00,0.00322,0.00322,0.00321,0.00321,101547.0
2026-04-30 20:30:00,0.00321,0.00322,0.00321,0.00322,5122208.0
2026-04-30 20:45:00,0.00322,0.00322,0.00321,0.00321,2111954.0
2026-04-30 21:00:00,0.00321,0.00322,0.00321,0.00321,6242342.0
2026-04-30 21:15:00,0.00321,0.00321,0.00321,0.00321,1124451.0
2026-04-30 21:30:00,0.00321,0.00321,0.0032,0.00321,227683.0
2026-04-30 21:45:00,0.00321,0.00321,0.0032,0.0032,1205716.0
2026-04-30 22:00:00,0.0032,0.0032,0.00319,0.00319,1964021.0
2026-04-30 22:15:00,0.0032,0.0032,0.00319,0.0032,96625.0
2026-04-30 22:30:00,0.00319,0.0032,0.00318,0.0032,6738283.0
2026-04-30 22:45:00,0.00319,0.0032,0.00319,0.00319,3713882.0
2026-04-30 23:00:00,0.00319,0.0032,0.00318,0.00319,2710908.0
2026-04-30 23:15:00,0.00318,0.00319,0.00318,0.00318,4474607.0
2026-04-30 23:30:00,0.00319,0.0032,0.00319,0.00319,2052624.0
2026-04-30 23:45:00,0.0032,0.0032,0.00319,0.0032,5419875.0
2026-05-01 00:00:00,0.0032,0.00321,0.00319,0.00321,1175294.0
2026-05-01 00:15:00,0.00321,0.00322,0.0032,0.0032,2870439.0
2026-05-01 00:30:00,0.0032,0.00321,0.00319,0.0032,4277136.0
2026-05-01 00:45:00,0.0032,0.00321,0.0032,0.0032,3539712.0
2026-05-01 01:00:00,0.0032,0.00323,0.0032,0.00322,1961053.0
2026-05-01 01:15:00,0.00322,0.00322,0.00321,0.00321,82996.0
2026-05-01 01:30:00,0.00322,0.00322,0.00321,0.00322,292182.0
2026-05-01 01:45:00,0.00322,0.00323,0.00322,0.00322,3817023.0
2026-05-01 02:00:00,0.00323,0.00323,0.00322,0.00322,1028212.0
2026-05-01 02:15:00,0.00322,0.00323,0.00321,0.00322,1319987.0
2026-05-01 02:30:00,0.00321,0.00322,0.00321,0.00321,1028118.0
2026-05-01 02:45:00,0.00322,0.00323,0.00322,0.00323,2971398.0
2026-05-01 03:00:00,0.00323,0.00324,0.00322,0.00324,5764662.0
2026-05-01 03:15:00,0.00324,0.00326,0.00324,0.00325,18276064.0
2026-05-01 03:30:00,0.00325,0.00325,0.00324,0.00325,2582329.0
2026-05-01 03:45:00,0.00325,0.00325,0.00323,0.00323,4696793.0
2026-05-01 04:00:00,0.00323,0.00325,0.00323,0.00324,1060398.0
2026-05-01 04:15:00,0.00324,0.00325,0.00322,0.00323,1270427.0
2026-05-01 04:30:00,0.00323,0.00323,0.00322,0.00323,3671309.0
2026-05-01 04:45:00,0.00323,0.00324,0.00323,0.00323,3006785.0
2026-05-01 05:00:00,0.00322,0.00324,0.00322,0.00323,2027690.0
2026-05-01 05:15:00,0.00324,0.00324,0.00323,0.00323,1090220.0
2026-05-01 05:30:00,0.00323,0.00323,0.00322,0.00323,1028490.0
2026-05-01 05:45:00,0.00322,0.00323,0.00322,0.00323,138778.0
2026-05-01 06:00:00,0.00323,0.00323,0.00322,0.00323,560259.0
2026-05-01 06:15:00,0.00323,0.00323,0.00322,0.00322,780217.0
2026-05-01 06:30:00,0.00322,0.00322,0.00321,0.00321,2012623.0
2026-05-01 06:45:00,0.00321,0.00322,0.0032,0.00321,1223316.0
2026-05-01 07:00:00,0.0032,0.00321,0.0032,0.00321,2033884.0
2026-05-01 07:15:00,0.0032,0.00321,0.0032,0.00321,1240339.0
2026-05-01 07:30:00,0.00321,0.00321,0.0032,0.0032,363765.0
2026-05-01 07:45:00,0.0032,0.00321,0.0032,0.00321,5085284.0
2026-05-01 08:00:00,0.00321,0.00321,0.0032,0.0032,225354.0
2026-05-01 08:15:00,0.00321,0.00322,0.0032,0.00321,2800496.0
2026-05-01 08:30:00,0.00321,0.00322,0.00321,0.00321,167267.0
2026-05-01 08:45:00,0.00322,0.00323,0.00321,0.00321,20838127.0
2026-05-01 09:00:00,0.00321,0.00322,0.00321,0.00321,1735614.0
2026-05-01 09:15:00,0.00321,0.00322,0.00321,0.00322,5591941.0
2026-05-01 09:30:00,0.00322,0.00322,0.00321,0.00321,4043009.0
2026-05-01 09:45:00,0.00321,0.00321,0.0032,0.0032,6629569.0
2026-05-01 10:00:00,0.0032,0.00321,0.00319,0.00319,22876852.0
2026-05-01 10:15:00,0.00319,0.0032,0.00319,0.0032,554408.0
2026-05-01 10:30:00,0.0032,0.0032,0.00318,0.0032,2185328.0
2026-05-01 10:45:00,0.00319,0.0032,0.00319,0.00319,744784.0
2026-05-01 11:00:00,0.00319,0.0032,0.00319,0.0032,8460288.0
2026-05-01 11:15:00,0.0032,0.00321,0.00319,0.00319,2844455.0
2026-05-01 11:30:00,0.00319,0.0032,0.00318,0.00318,9488665.0
2026-05-01 11:45:00,0.00318,0.0032,0.00318,0.0032,2871211.0
2026-05-01 12:00:00,0.00319,0.0032,0.00319,0.0032,5470697.0
2026-05-01 12:15:00,0.0032,0.00322,0.0032,0.00321,7620032.0
2026-05-01 12:30:00,0.00322,0.00323,0.00321,0.00321,7882352.0
2026-05-01 12:45:00,0.00321,0.00323,0.00321,0.00322,4268457.0
2026-05-01 13:00:00,0.00322,0.00324,0.00322,0.00323,8238984.0
2026-05-01 13:15:00,0.00324,0.00324,0.00323,0.00324,4741758.0
2026-05-01 13:30:00,0.00324,0.00325,0.00323,0.00324,7347130.0
2026-05-01 13:45:00,0.00324,0.00326,0.00324,0.00325,12689516.0
2026-05-01 14:00:00,0.00326,0.00326,0.00324,0.00324,5124922.0
2026-05-01 14:15:00,0.00324,0.00326,0.00324,0.00325,7711606.0
2026-05-01 14:30:00,0.00325,0.00325,0.00324,0.00325,7354471.0
2026-05-01 14:45:00,0.00325,0.00326,0.00325,0.00326,6948773.0
2026-05-01 15:00:00,0.00326,0.00326,0.00324,0.00325,3872323.0
2026-05-01 15:15:00,0.00324,0.00326,0.00324,0.00326,4398375.0
2026-05-01 15:30:00,0.00326,0.00327,0.00325,0.00327,1934391.0
2026-05-01 15:45:00,0.00326,0.00327,0.00323,0.00326,19064913.0
2026-05-01 16:00:00,0.00326,0.00327,0.00325,0.00325,6410536.0
2026-05-01 16:15:00,0.00325,0.00325,0.00324,0.00325,7866374.0
2026-05-01 16:30:00,0.00325,0.00326,0.00324,0.00325,5410464.0
2026-05-01 16:45:00,0.00325,0.00327,0.00324,0.00326,9022858.0
2026-05-01 17:00:00,0.00325,0.00325,0.00324,0.00325,6402100.0
2026-05-01 17:15:00,0.00325,0.00326,0.00324,0.00325,24512640.0
2026-05-01 17:30:00,0.00325,0.00325,0.00324,0.00325,1536586.0
2026-05-01 17:45:00,0.00325,0.00326,0.00325,0.00326,6547834.0
2026-05-01 18:00:00,0.00325,0.00326,0.00325,0.00326,222746.0
2026-05-01 18:15:00,0.00325,0.00326,0.00325,0.00325,2996700.0
2026-05-01 18:30:00,0.00325,0.00326,0.00325,0.00325,1386588.0
2026-05-01 18:45:00,0.00326,0.00327,0.00325,0.00326,2370738.0
2026-05-01 19:00:00,0.00325,0.00326,0.00325,0.00326,6979661.0
2026-05-01 19:15:00,0.00327,0.00327,0.00325,0.00326,11076193.0
2026-05-01 19:30:00,0.00327,0.00327,0.00325,0.00326,4939560.0
2026-05-01 19:45:00,0.00326,0.00326,0.00324,0.00324,5049175.0
2026-05-01 20:00:00,0.00325,0.00326,0.00324,0.00324,8948770.0
2026-05-01 20:15:00,0.00324,0.00325,0.00324,0.00325,3135550.0
2026-05-01 20:30:00,0.00325,0.00325,0.00324,0.00324,2938126.0
2026-05-01 20:45:00,0.00324,0.00324,0.00322,0.00322,2905933.0
2026-05-01 21:00:00,0.00323,0.00323,0.00321,0.00322,7100146.0
2026-05-01 21:15:00,0.00322,0.00323,0.00322,0.00322,9709819.0
2026-05-01 21:30:00,0.00323,0.00324,0.00322,0.00323,15206945.0
2026-05-01 21:45:00,0.00324,0.00325,0.00323,0.00324,20864465.0
2026-05-01 22:00:00,0.00324,0.00325,0.00323,0.00325,8666186.0
2026-05-01 22:15:00,0.00325,0.00325,0.00324,0.00324,1516709.0
2026-05-01 22:30:00,0.00323,0.00324,0.00323,0.00323,1412902.0
2026-05-01 22:45:00,0.00323,0.00323,0.00322,0.00322,458191.0
2026-05-01 23:00:00,0.00322,0.00322,0.00321,0.00321,63055.0
2026-05-01 23:15:00,0.00321,0.00322,0.0032,0.0032,7806856.0
2026-05-01 23:30:00,0.0032,0.00322,0.00319,0.00322,3382739.0
2026-05-01 23:45:00,0.00322,0.00322,0.00321,0.00322,1369989.0
2026-05-02 00:00:00,0.00321,0.00322,0.0032,0.00321,17873735.0
2026-05-02 00:15:00,0.00321,0.00322,0.0032,0.00321,5745508.0
2026-05-02 00:30:00,0.00321,0.00322,0.0032,0.00322,6124135.0
2026-05-02 00:45:00,0.00321,0.00322,0.00321,0.00322,3491803.0
2026-05-02 01:00:00,0.00322,0.00322,0.00321,0.00321,4743230.0
2026-05-02 01:15:00,0.00322,0.00322,0.00321,0.00322,6815467.0
2026-05-02 01:30:00,0.00322,0.00323,0.00322,0.00323,823304.0
2026-05-02 01:45:00,0.00323,0.00323,0.00322,0.00322,821206.0
2026-05-02 02:00:00,0.00322,0.00322,0.00322,0.00322,2484175.0
2026-05-02 02:15:00,0.00322,0.00322,0.00321,0.00322,659763.0
2026-05-02 02:30:00,0.00321,0.00322,0.00321,0.00321,110372.0
2026-05-02 02:45:00,0.00321,0.00322,0.0032,0.0032,6170386.0
2026-05-02 03:00:00,0.00321,0.00321,0.00319,0.0032,5718117.0
2026-05-02 03:15:00,0.00321,0.00321,0.0032,0.0032,329310.0
2026-05-02 03:30:00,0.00321,0.00321,0.0032,0.0032,1659570.0
2026-05-02 03:45:00,0.0032,0.00321,0.0032,0.00321,111782.0
2026-05-02 04:00:00,0.0032,0.0032,0.00319,0.00319,1983628.0
2026-05-02 04:15:00,0.00319,0.0032,0.00319,0.0032,135028.0
2026-05-02 04:30:00,0.0032,0.0032,0.00319,0.0032,2327682.0
2026-05-02 04:45:00,0.0032,0.0032,0.00319,0.00319,15475847.0
2026-05-02 05:00:00,0.00319,0.0032,0.00318,0.00319,5041802.0
2026-05-02 05:15:00,0.00319,0.00319,0.00318,0.00319,56683.0
2026-05-02 05:30:00,0.00318,0.0032,0.00318,0.00319,4222473.0
2026-05-02 05:45:00,0.00319,0.0032,0.00318,0.00318,3655125.0
2026-05-02 06:00:00,0.00319,0.0032,0.00318,0.00318,3395461.0
2026-05-02 06:15:00,0.00319,0.0032,0.00318,0.00319,9041317.0
2026-05-02 06:30:00,0.00319,0.00319,0.00318,0.00319,529825.0
2026-05-02 06:45:00,0.00319,0.0032,0.00318,0.0032,1495414.0
2026-05-02 07:00:00,0.00319,0.0032,0.00319,0.0032,447425.0
2026-05-02 07:15:00,0.0032,0.0032,0.00319,0.0032,386355.0
2026-05-02 07:30:00,0.0032,0.0032,0.00319,0.0032,1754408.0
2026-05-02 07:45:00,0.00319,0.0032,0.00318,0.0032,6036437.0
2026-05-02 08:00:00,0.00319,0.00319,0.00318,0.00318,6752904.0
2026-05-02 08:15:00,0.00318,0.00319,0.00318,0.00318,7502353.0
2026-05-02 08:30:00,0.00318,0.00319,0.00318,0.00318,7385684.0
2026-05-02 08:45:00,0.00318,0.00319,0.00318,0.00318,12419813.0
2026-05-02 09:00:00,0.00318,0.00319,0.00318,0.00318,11040172.0
2026-05-02 09:15:00,0.00318,0.00319,0.00318,0.00319,1934655.0
2026-05-02 09:30:00,0.00319,0.0032,0.00318,0.00318,3679132.0
2026-05-02 09:45:00,0.00319,0.00319,0.00318,0.00319,2650164.0
2026-05-02 10:00:00,0.00318,0.00319,0.00318,0.00318,1384783.0
2026-05-02 10:15:00,0.00318,0.00319,0.00318,0.00319,2199615.0
2026-05-02 10:30:00,0.00319,0.00319,0.00318,0.00318,5206593.0
2026-05-02 10:45:00,0.00319,0.00319,0.00318,0.00319,398810.0
2026-05-02 11:00:00,0.00318,0.00319,0.00316,0.00317,54444617.0
2026-05-02 11:15:00,0.00316,0.00318,0.00316,0.00318,8945379.0
2026-05-02 11:30:00,0.00317,0.00318,0.00316,0.00317,3680143.0
2026-05-02 11:45:00,0.00316,0.00317,0.00316,0.00317,610957.0
2026-05-02 12:00:00,0.00316,0.00317,0.00316,0.00317,2742057.0
2026-05-02 12:15:00,0.00316,0.00318,0.00316,0.00317,2634891.0
2026-05-02 12:30:00,0.00317,0.00318,0.00317,0.00317,5857811.0
2026-05-02 12:45:00,0.00318,0.00318,0.00316,0.00317,6586155.0
2026-05-02 13:00:00,0.00316,0.00318,0.00316,0.00317,7516560.0
2026-05-02 13:15:00,0.00317,0.00317,0.00316,0.00317,1964188.0
2026-05-02 13:30:00,0.00316,0.00318,0.00316,0.00318,4620799.0
2026-05-02 13:45:00,0.00318,0.00319,0.00317,0.00318,1491458.0
2026-05-02 14:00:00,0.00319,0.0032,0.00318,0.00319,4218387.0
2026-05-02 14:15:00,0.00319,0.0032,0.00319,0.0032,2828722.0
2026-05-02 14:30:00,0.0032,0.00321,0.0032,0.00321,3514437.0
2026-05-02 14:45:00,0.00321,0.00322,0.0032,0.00322,12323822.0
2026-05-02 15:00:00,0.00322,0.00322,0.0032,0.00321,8876572.0
2026-05-02 15:15:00,0.0032,0.00321,0.0032,0.00321,3194693.0
2026-05-02 15:30:00,0.0032,0.00322,0.0032,0.00321,2999011.0
2026-05-02 15:45:00,0.00322,0.00322,0.00321,0.00321,2077459.0
2026-05-02 16:00:00,0.00321,0.00322,0.0032,0.00321,4598224.0
2026-05-02 16:15:00,0.00321,0.00322,0.0032,0.00321,4021847.0
2026-05-02 16:30:00,0.00321,0.00321,0.0032,0.00321,4921082.0
2026-05-02 16:45:00,0.00321,0.00322,0.0032,0.00322,737127.0
2026-05-02 17:00:00,0.00322,0.00322,0.00321,0.00321,833812.0
2026-05-02 17:15:00,0.00322,0.00322,0.0032,0.0032,1462745.0
2026-05-02 17:30:00,0.0032,0.00322,0.0032,0.00321,6118511.0
2026-05-02 17:45:00,0.00321,0.00321,0.0032,0.0032,427906.0
2026-05-02 18:00:00,0.00321,0.00321,0.00318,0.00318,6629292.0
2026-05-02 18:15:00,0.00319,0.00321,0.00318,0.0032,17383690.0
2026-05-02 18:30:00,0.00321,0.00322,0.0032,0.0032,3626976.0
2026-05-02 18:45:00,0.0032,0.00322,0.0032,0.0032,9950136.0
2026-05-02 19:00:00,0.0032,0.00321,0.0032,0.00321,1572283.0
2026-05-02 19:15:00,0.00321,0.00322,0.00321,0.00321,1596578.0
2026-05-02 19:30:00,0.00321,0.00322,0.00321,0.00321,3656314.0
2026-05-02 19:45:00,0.00321,0.00322,0.00321,0.00321,6987873.0
2026-05-02 20:00:00,0.00321,0.00322,0.00321,0.00321,2346516.0
2026-05-02 20:15:00,0.00321,0.00322,0.00321,0.00321,1301356.0
2026-05-02 20:30:00,0.00321,0.00321,0.0032,0.0032,6798699.0
2026-05-02 20:45:00,0.0032,0.00321,0.0032,0.00321,2492403.0
2026-05-02 21:00:00,0.00321,0.00321,0.00318,0.00319,3685587.0
2026-05-02 21:15:00,0.00319,0.0032,0.00319,0.00319,3914059.0
2026-05-02 21:30:00,0.00319,0.00323,0.00319,0.0032,9732032.0
2026-05-02 21:45:00,0.00321,0.00321,0.0032,0.00321,7872795.0
2026-05-02 22:00:00,0.0032,0.00321,0.0032,0.00321,5935483.0
2026-05-02 22:15:00,0.00321,0.00321,0.00319,0.00319,1129661.0
2026-05-02 22:30:00,0.00319,0.0032,0.00319,0.0032,418052.0
2026-05-02 22:45:00,0.0032,0.0032,0.00319,0.0032,1766212.0
2026-05-02 23:00:00,0.0032,0.0032,0.00319,0.00319,2769821.0
2026-05-02 23:15:00,0.00318,0.00319,0.00318,0.00319,4343362.0
2026-05-02 23:30:00,0.00319,0.0032,0.00319,0.00319,3992815.0
2026-05-02 23:45:00,0.00319,0.0032,0.00318,0.00319,1830102.0
2026-05-03 00:00:00,0.00319,0.00319,0.00316,0.00318,8411736.0
2026-05-03 00:15:00,0.00317,0.00319,0.00317,0.00319,15025397.0
2026-05-03 00:30:00,0.00319,0.00319,0.00318,0.00318,1243895.0
2026-05-03 00:45:00,0.00318,0.00318,0.00316,0.00318,3383167.0
2026-05-03 01:00:00,0.00318,0.00318,0.00316,0.00317,3251483.0
2026-05-03 01:15:00,0.00317,0.00317,0.00315,0.00315,26056906.0
2026-05-03 01:30:00,0.00315,0.00316,0.00313,0.00314,22796061.0
2026-05-03 01:45:00,0.00314,0.00314,0.00313,0.00314,427126.0
2026-05-03 02:00:00,0.00313,0.00314,0.00312,0.00314,4957466.0
2026-05-03 02:15:00,0.00313,0.00314,0.00312,0.00313,1877948.0
2026-05-03 02:30:00,0.00313,0.00314,0.00313,0.00313,1998538.0
2026-05-03 02:45:00,0.00313,0.00313,0.00312,0.00313,5125253.0
2026-05-03 03:00:00,0.00313,0.00313,0.00311,0.00312,9311672.0
2026-05-03 03:15:00,0.00311,0.00312,0.00311,0.00312,4081363.0
2026-05-03 03:30:00,0.00312,0.00315,0.00311,0.00312,47989851.0
2026-05-03 03:45:00,0.00313,0.00313,0.00312,0.00312,387030.0
2026-05-03 04:00:00,0.00312,0.00313,0.00311,0.00312,6224691.0
2026-05-03 04:15:00,0.00312,0.00313,0.00311,0.00313,4473079.0
2026-05-03 04:30:00,0.00313,0.00313,0.00312,0.00313,1410245.0
2026-05-03 04:45:00,0.00313,0.00313,0.00311,0.00312,7594202.0
2026-05-03 05:00:00,0.00312,0.00313,0.00312,0.00312,4059952.0
2026-05-03 05:15:00,0.00312,0.00312,0.00311,0.00312,10444840.0
2026-05-03 05:30:00,0.00312,0.00312,0.0031,0.0031,16985118.0
2026-05-03 05:45:00,0.0031,0.00312,0.0031,0.00311,3069933.0
2026-05-03 06:00:00,0.00311,0.00311,0.0031,0.00311,4276852.0
2026-05-03 06:15:00,0.00311,0.00311,0.0031,0.00311,7382501.0
2026-05-03 06:30:00,0.0031,0.00311,0.00309,0.0031,4729098.0
2026-05-03 06:45:00,0.00311,0.00311,0.0031,0.0031,10664489.0
2026-05-03 07:00:00,0.0031,0.00312,0.0031,0.0031,18525871.0
2026-05-03 07:15:00,0.00311,0.00311,0.0031,0.00311,2804710.0
2026-05-03 07:30:00,0.00311,0.00311,0.0031,0.00311,1613512.0
2026-05-03 07:45:00,0.00311,0.00311,0.00309,0.00311,13257264.0
2026-05-03 08:00:00,0.00311,0.00312,0.0031,0.00312,11640173.0
2026-05-03 08:15:00,0.00312,0.00312,0.00311,0.00311,5935294.0
2026-05-03 08:30:00,0.00312,0.00312,0.0031,0.0031,8654712.0
2026-05-03 08:45:00,0.00311,0.00312,0.00309,0.0031,6750707.0
2026-05-03 09:00:00,0.0031,0.00311,0.00309,0.0031,8830780.0
2026-05-03 09:15:00,0.0031,0.00312,0.0031,0.00311,8957133.0
2026-05-03 09:30:00,0.00312,0.00312,0.0031,0.00311,9808768.0
2026-05-03 09:45:00,0.00311,0.00312,0.00311,0.00312,1868973.0
2026-05-03 10:00:00,0.00312,0.00312,0.00311,0.00311,298123.0
2026-05-03 10:15:00,0.00312,0.00312,0.00311,0.00311,2461242.0
2026-05-03 10:30:00,0.00312,0.00313,0.00312,0.00312,1224570.0
2026-05-03 10:45:00,0.00313,0.00313,0.0031,0.0031,6075978.0
2026-05-03 11:00:00,0.0031,0.00311,0.00309,0.00311,16053996.0
2026-05-03 11:15:00,0.00311,0.00312,0.0031,0.00311,2309471.0
2026-05-03 11:30:00,0.00311,0.00313,0.0031,0.00312,8903705.0
2026-05-03 11:45:00,0.00312,0.00313,0.00311,0.00311,5635777.0
2026-05-03 12:00:00,0.00311,0.00313,0.00311,0.00313,14284083.0
2026-05-03 12:15:00,0.00313,0.00313,0.00312,0.00312,5357800.0
2026-05-03 12:30:00,0.00313,0.00313,0.00311,0.00312,11014222.0
2026-05-03 12:45:00,0.00312,0.00312,0.00311,0.00311,2551886.0
2026-05-03 13:00:00,0.00311,0.00312,0.00311,0.00311,4107936.0
2026-05-03 13:15:00,0.00311,0.00312,0.0031,0.00311,4675007.0
2026-05-03 13:30:00,0.00311,0.00312,0.00311,0.00312,21367284.0
2026-05-03 13:45:00,0.00311,0.00312,0.0031,0.0031,5428510.0
2026-05-03 14:00:00,0.00311,0.00312,0.0031,0.00311,6620670.0
2026-05-03 14:15:00,0.00311,0.00311,0.0031,0.00311,5527815.0
2026-05-03 14:30:00,0.0031,0.00311,0.0031,0.00311,1133839.0
2026-05-03 14:45:00,0.00311,0.00311,0.0031,0.00311,521043.0
2026-05-03 15:00:00,0.00311,0.00312,0.0031,0.00312,7214234.0
2026-05-03 15:15:00,0.00312,0.00312,0.00311,0.00312,798535.0
2026-05-03 15:30:00,0.00311,0.00312,0.0031,0.00311,3875353.0
2026-05-03 15:45:00,0.0031,0.00311,0.0031,0.00311,10603442.0
2026-05-03 16:00:00,0.00311,0.00312,0.0031,0.0031,1880790.0
2026-05-03 16:15:00,0.0031,0.00311,0.00309,0.00311,6253145.0
2026-05-03 16:30:00,0.0031,0.00311,0.0031,0.0031,4813359.0
2026-05-03 16:45:00,0.0031,0.00311,0.0031,0.0031,268658.0
2026-05-03 17:00:00,0.0031,0.00311,0.00308,0.0031,12474425.0
2026-05-03 17:15:00,0.00311,0.00312,0.00311,0.00312,3016422.0
2026-05-03 17:30:00,0.00312,0.00312,0.00311,0.00311,1055380.0
2026-05-03 17:45:00,0.00311,0.00311,0.0031,0.0031,11189208.0
2026-05-03 18:00:00,0.00311,0.00311,0.00309,0.0031,2303183.0
2026-05-03 18:15:00,0.0031,0.00311,0.0031,0.00311,317455.0
2026-05-03 18:30:00,0.00311,0.00311,0.0031,0.00311,496697.0
2026-05-03 18:45:00,0.0031,0.00311,0.0031,0.00311,1420376.0
2026-05-03 19:00:00,0.0031,0.00312,0.0031,0.00311,5845971.0
2026-05-03 19:15:00,0.00311,0.00311,0.0031,0.00311,1202971.0
2026-05-03 19:30:00,0.0031,0.00312,0.0031,0.00312,9612905.0
2026-05-03 19:45:00,0.00311,0.00312,0.0031,0.0031,9730369.0
2026-05-03 20:00:00,0.00311,0.00312,0.00311,0.00312,24987308.0
2026-05-03 20:15:00,0.00311,0.00312,0.00311,0.00311,21909003.0
2026-05-03 20:30:00,0.00312,0.00313,0.00311,0.00312,22167353.0
2026-05-03 20:45:00,0.00312,0.00312,0.0031,0.00311,12818201.0
2026-05-03 21:00:00,0.00311,0.00311,0.0031,0.00311,10582316.0
2026-05-03 21:15:00,0.00311,0.00311,0.00309,0.0031,3414897.0
2026-05-03 21:30:00,0.0031,0.0031,0.00307,0.00308,6020868.0
2026-05-03 21:45:00,0.00308,0.00309,0.00307,0.00308,12340063.0
2026-05-03 22:00:00,0.00309,0.00313,0.00309,0.00312,17957401.0
2026-05-03 22:15:00,0.00312,0.00313,0.00311,0.00311,5536697.0
2026-05-03 22:30:00,0.00311,0.00313,0.0031,0.00312,11416300.0
2026-05-03 22:45:00,0.00313,0.00313,0.00311,0.00311,5510947.0
2026-05-03 23:00:00,0.00311,0.00312,0.00311,0.00311,1968345.0
2026-05-03 23:15:00,0.0031,0.00311,0.00309,0.0031,9596372.0
2026-05-03 23:30:00,0.00309,0.0031,0.00308,0.00309,7170541.0
2026-05-03 23:45:00,0.00309,0.00309,0.00308,0.00309,484033.0
2026-05-04 00:00:00,0.00309,0.00309,0.00307,0.00308,9096694.0
2026-05-04 00:15:00,0.00308,0.00308,0.00305,0.00308,11686525.0
2026-05-04 00:30:00,0.00307,0.00308,0.00306,0.00307,4861686.0
2026-05-04 00:45:00,0.00307,0.0031,0.00307,0.0031,8256208.0
2026-05-04 01:00:00,0.0031,0.0031,0.00308,0.00308,13357400.0
2026-05-04 01:15:00,0.00309,0.00309,0.00307,0.00308,6345300.0
2026-05-04 01:30:00,0.00309,0.00311,0.00309,0.00309,24165413.0
2026-05-04 01:45:00,0.0031,0.00312,0.0031,0.00312,34707611.0
2026-05-04 02:00:00,0.00312,0.00314,0.00312,0.00313,27348830.0
2026-05-04 02:15:00,0.00313,0.00315,0.00312,0.00314,17083512.0
2026-05-04 02:30:00,0.00315,0.00317,0.00315,0.00316,9163643.0
2026-05-04 02:45:00,0.00317,0.00319,0.00316,0.00318,40923199.0
2026-05-04 03:00:00,0.00319,0.00319,0.00317,0.00318,22225338.0
2026-05-04 03:15:00,0.00318,0.0032,0.00318,0.00318,7533830.0
2026-05-04 03:30:00,0.00318,0.00319,0.00317,0.00317,2958686.0
2026-05-04 03:45:00,0.00317,0.0032,0.00317,0.00319,27426718.0
2026-05-04 04:00:00,0.00319,0.0032,0.00319,0.0032,3007958.0
2026-05-04 04:15:00,0.0032,0.00321,0.00319,0.0032,10878558.0
2026-05-04 04:30:00,0.0032,0.00321,0.00319,0.00319,10983728.0
2026-05-04 04:45:00,0.0032,0.0032,0.00319,0.00319,1526046.0
2026-05-04 05:00:00,0.0032,0.0032,0.00318,0.00318,4889806.0
2026-05-04 05:15:00,0.00318,0.00318,0.00317,0.00317,611099.0
2026-05-04 05:30:00,0.00317,0.0032,0.00317,0.0032,8988685.0
2026-05-04 05:45:00,0.00321,0.00322,0.00319,0.00319,21682536.0
2026-05-04 06:00:00,0.00319,0.0032,0.00318,0.00318,6205846.0
2026-05-04 06:15:00,0.00318,0.00319,0.00316,0.00317,18718480.0
2026-05-04 06:30:00,0.00317,0.00318,0.00317,0.00318,1813308.0
2026-05-04 06:45:00,0.00317,0.00319,0.00317,0.00319,4813119.0
2026-05-04 07:00:00,0.00318,0.00319,0.00317,0.00319,4636102.0
2026-05-04 07:15:00,0.00319,0.00319,0.00318,0.00319,460794.0
2026-05-04 07:30:00,0.00319,0.00319,0.00317,0.00318,17495533.0
2026-05-04 07:45:00,0.00319,0.00319,0.00318,0.00318,2511990.0
2026-05-04 08:00:00,0.00319,0.00319,0.00317,0.00318,7689363.0
2026-05-04 08:15:00,0.00318,0.00319,0.00317,0.00318,4709711.0
2026-05-04 08:30:00,0.00318,0.00319,0.00318,0.00318,1283981.0
2026-05-04 08:45:00,0.00317,0.00318,0.00317,0.00317,11796620.0
2026-05-04 09:00:00,0.00318,0.00319,0.00317,0.00319,9458653.0
2026-05-04 09:15:00,0.00318,0.00319,0.00318,0.00318,8299512.0
2026-05-04 09:30:00,0.00317,0.0032,0.00317,0.0032,6030730.0
2026-05-04 09:45:00,0.00321,0.00322,0.0032,0.0032,6984900.0
2026-05-04 10:00:00,0.0032,0.0032,0.00312,0.00313,71516679.0
2026-05-04 10:15:00,0.00312,0.00313,0.0031,0.00311,59970839.0
2026-05-04 10:30:00,0.00312,0.00314,0.00311,0.00313,39556886.0
2026-05-04 10:45:00,0.00313,0.00313,0.00311,0.00312,22242473.0
2026-05-04 11:00:00,0.00312,0.00312,0.00311,0.00312,14519129.0
2026-05-04 11:15:00,0.00312,0.00312,0.00311,0.00311,3539787.0
2026-05-04 11:30:00,0.00311,0.00312,0.00311,0.00311,20587297.0
2026-05-04 11:45:00,0.00312,0.00313,0.00311,0.00312,20788516.0
2026-05-04 12:00:00,0.00311,0.00313,0.00311,0.00313,12085042.0
2026-05-04 12:15:00,0.00312,0.00314,0.00312,0.00312,10790909.0
2026-05-04 12:30:00,0.00313,0.00313,0.00311,0.00312,4723748.0
2026-05-04 12:45:00,0.00312,0.00313,0.00312,0.00312,6587411.0
2026-05-04 13:00:00,0.00311,0.00312,0.00309,0.00312,24542303.0
2026-05-04 13:15:00,0.00312,0.00312,0.00311,0.00312,9707505.0
2026-05-04 13:30:00,0.00311,0.00314,0.00311,0.00313,6002020.0
2026-05-04 13:45:00,0.00312,0.00313,0.00311,0.00311,7641104.0
2026-05-04 14:00:00,0.00311,0.00312,0.0031,0.00312,20749098.0
2026-05-04 14:15:00,0.00312,0.00314,0.00312,0.00313,13031415.0
2026-05-04 14:30:00,0.00312,0.00314,0.00312,0.00312,16575233.0
2026-05-04 14:45:00,0.00312,0.00317,0.00312,0.00316,61224266.0
2026-05-04 15:00:00,0.00315,0.00316,0.00315,0.00316,8365732.0
2026-05-04 15:15:00,0.00316,0.00318,0.00314,0.00314,35250127.0
2026-05-04 15:30:00,0.00314,0.00315,0.00312,0.00313,26755819.0
2026-05-04 15:45:00,0.00313,0.00314,0.00311,0.00313,30191574.0
2026-05-04 16:00:00,0.00312,0.00313,0.00311,0.00311,7139687.0
2026-05-04 16:15:00,0.00311,0.00316,0.00311,0.00315,25905745.0
2026-05-04 16:30:00,0.00314,0.00315,0.00313,0.00314,15282311.0
2026-05-04 16:45:00,0.00314,0.00315,0.00312,0.00313,11265669.0
2026-05-04 17:00:00,0.00313,0.00316,0.00313,0.00315,17648978.0
2026-05-04 17:15:00,0.00315,0.00316,0.00315,0.00315,7945261.0
2026-05-04 17:30:00,0.00315,0.00316,0.00314,0.00316,5460013.0
2026-05-04 17:45:00,0.00316,0.00318,0.00316,0.00318,18078024.0
2026-05-04 18:00:00,0.00317,0.00319,0.00316,0.00317,13653818.0
2026-05-04 18:15:00,0.00317,0.00317,0.00315,0.00316,12041561.0
2026-05-04 18:30:00,0.00316,0.00318,0.00316,0.00318,8464334.0
2026-05-04 18:45:00,0.00317,0.00318,0.00317,0.00317,2792303.0
2026-05-04 19:00:00,0.00317,0.00318,0.00316,0.00317,13071466.0
2026-05-04 19:15:00,0.00316,0.00317,0.00316,0.00316,10010444.0
2026-05-04 19:30:00,0.00316,0.00317,0.00315,0.00315,3555283.0
2026-05-04 19:45:00,0.00315,0.00316,0.00314,0.00316,11439279.0
2026-05-04 20:00:00,0.00316,0.00316,0.00315,0.00315,268435.0
2026-05-04 20:15:00,0.00315,0.00315,0.00314,0.00314,6245283.0
2026-05-04 20:30:00,0.00314,0.00314,0.00312,0.00313,14913278.0
2026-05-04 20:45:00,0.00313,0.00313,0.00312,0.00312,12396088.0
2026-05-04 21:00:00,0.00312,0.00315,0.00312,0.00314,14956435.0
2026-05-04 21:15:00,0.00315,0.00317,0.00314,0.00315,13533706.0
2026-05-04 21:30:00,0.00315,0.00317,0.00315,0.00315,5236551.0
2026-05-04 21:45:00,0.00316,0.00318,0.00315,0.00317,2996271.0
2026-05-04 22:00:00,0.00317,0.00318,0.00316,0.00317,6905873.0
2026-05-04 22:15:00,0.00317,0.00318,0.00315,0.00316,16761793.0
2026-05-04 22:30:00,0.00315,0.00316,0.00313,0.00313,20793542.0
2026-05-04 22:45:00,0.00314,0.00314,0.00313,0.00313,12183589.0
2026-05-04 23:00:00,0.00313,0.00313,0.00312,0.00312,8512913.0
2026-05-04 23:15:00,0.00312,0.00313,0.00312,0.00313,2897147.0
2026-05-04 23:30:00,0.00312,0.00313,0.00311,0.00311,6672036.0
2026-05-04 23:45:00,0.00311,0.00312,0.00311,0.00312,1818909.0
2026-05-05 00:00:00,0.00312,0.00313,0.00311,0.00312,4081040.0
2026-05-05 00:15:00,0.00312,0.00313,0.00311,0.00311,11996516.0
2026-05-05 00:30:00,0.00311,0.00312,0.00311,0.00312,10385354.0
2026-05-05 00:45:00,0.00312,0.00313,0.00311,0.00312,9970303.0
2026-05-05 01:00:00,0.00313,0.00314,0.00311,0.00314,11974179.0
2026-05-05 01:15:00,0.00314,0.00315,0.00313,0.00314,6648821.0
2026-05-05 01:30:00,0.00314,0.00316,0.00314,0.00315,15471790.0
2026-05-05 01:45:00,0.00315,0.00317,0.00315,0.00315,3553693.0
2026-05-05 02:00:00,0.00316,0.00318,0.00315,0.00316,22487561.0
2026-05-05 02:15:00,0.00316,0.00317,0.00315,0.00316,7574410.0
2026-05-05 02:30:00,0.00316,0.00319,0.00316,0.00316,27493114.0
2026-05-05 02:45:00,0.00316,0.00316,0.00314,0.00315,7339731.0
2026-05-05 03:00:00,0.00315,0.00316,0.00314,0.00316,11169569.0
2026-05-05 03:15:00,0.00315,0.00317,0.00315,0.00317,4367309.0
2026-05-05 03:30:00,0.00317,0.00318,0.00316,0.00316,10397659.0
2026-05-05 03:45:00,0.00316,0.00317,0.00316,0.00316,1084549.0
2026-05-05 04:00:00,0.00316,0.00317,0.00315,0.00315,3329873.0
2026-05-05 04:15:00,0.00315,0.00318,0.00315,0.00317,3997936.0
2026-05-05 04:30:00,0.00318,0.00318,0.00316,0.00316,3895044.0
2026-05-05 04:45:00,0.00316,0.00317,0.00315,0.00315,3929603.0
2026-05-05 05:00:00,0.00316,0.00318,0.00314,0.00316,12097571.0
2026-05-05 05:15:00,0.00316,0.00317,0.00316,0.00316,10070726.0
2026-05-05 05:30:00,0.00316,0.00318,0.00316,0.00317,8589321.0
2026-05-05 05:45:00,0.00316,0.00318,0.00316,0.00317,2421208.0
2026-05-05 06:00:00,0.00318,0.00319,0.00317,0.00318,2244276.0
2026-05-05 06:15:00,0.00318,0.00318,0.00317,0.00318,5722794.0
2026-05-05 06:30:00,0.00318,0.00319,0.00317,0.00318,6396465.0
2026-05-05 06:45:00,0.00317,0.0032,0.00317,0.0032,5050968.0
2026-05-05 07:00:00,0.0032,0.00321,0.00319,0.00321,7591323.0
2026-05-05 07:15:00,0.0032,0.00323,0.0032,0.00322,10545596.0
2026-05-05 07:30:00,0.00321,0.00323,0.00321,0.00323,15152094.0
2026-05-05 07:45:00,0.00323,0.00323,0.00321,0.00322,9247990.0
2026-05-05 08:00:00,0.00323,0.00325,0.00322,0.00324,27408694.0
2026-05-05 08:15:00,0.00324,0.00325,0.00322,0.00322,7797669.0
2026-05-05 08:30:00,0.00322,0.00323,0.00321,0.00322,21411814.0
2026-05-05 08:45:00,0.00322,0.00322,0.0032,0.00321,21406781.0
2026-05-05 09:00:00,0.00321,0.00323,0.00321,0.00321,6481077.0
2026-05-05 09:15:00,0.00322,0.00324,0.00321,0.00323,17782758.0
2026-05-05 09:30:00,0.00323,0.00324,0.00322,0.00322,9992991.0
2026-05-05 09:45:00,0.00322,0.00323,0.00322,0.00322,2035902.0
2026-05-05 10:00:00,0.00323,0.00324,0.00321,0.00324,13496998.0
2026-05-05 10:15:00,0.00324,0.00325,0.00324,0.00325,19265864.0
2026-05-05 10:30:00,0.00325,0.00327,0.00324,0.00325,14579967.0
2026-05-05 10:45:00,0.00326,0.00326,0.00324,0.00325,13510055.0
2026-05-05 11:00:00,0.00325,0.00326,0.00324,0.00324,13074790.0
2026-05-05 11:15:00,0.00324,0.00326,0.00323,0.00326,16748290.0
2026-05-05 11:30:00,0.00326,0.00326,0.00325,0.00326,6930105.0
2026-05-05 11:45:00,0.00325,0.00326,0.00325,0.00326,7399234.0
2026-05-05 12:00:00,0.00326,0.00327,0.00325,0.00327,11473327.0
2026-05-05 12:15:00,0.00327,0.00328,0.00325,0.00328,14251759.0
2026-05-05 12:30:00,0.00327,0.00329,0.00327,0.00329,36354181.0
2026-05-05 12:45:00,0.00329,0.00331,0.00328,0.00329,43894542.0
2026-05-05 13:00:00,0.00329,0.00331,0.00329,0.0033,20191693.0
2026-05-05 13:15:00,0.00331,0.00332,0.00329,0.00329,4852591.0
2026-05-05 13:30:00,0.00329,0.0033,0.00326,0.00328,22484116.0
2026-05-05 13:45:00,0.00328,0.0033,0.00327,0.00329,16415811.0
2026-05-05 14:00:00,0.00328,0.00331,0.00328,0.00328,28908223.0
2026-05-05 14:15:00,0.00328,0.0033,0.00327,0.0033,15214815.0
2026-05-05 14:30:00,0.0033,0.0033,0.00325,0.00328,20260977.0
2026-05-05 14:45:00,0.00327,0.00329,0.00326,0.00328,10036442.0
2026-05-05 15:00:00,0.00329,0.0033,0.00328,0.00329,4662839.0
2026-05-05 15:15:00,0.0033,0.0033,0.00328,0.0033,17431074.0
2026-05-05 15:30:00,0.00329,0.0033,0.00328,0.0033,6208149.0
2026-05-05 15:45:00,0.00329,0.0033,0.00329,0.0033,1604593.0
2026-05-05 16:00:00,0.0033,0.00332,0.00329,0.00331,17686554.0
2026-05-05 16:15:00,0.0033,0.00332,0.0033,0.00331,13731080.0
2026-05-05 16:30:00,0.0033,0.00331,0.00329,0.00329,9865558.0
2026-05-05 16:45:00,0.00329,0.00331,0.00329,0.0033,3032620.0
2026-05-05 17:00:00,0.0033,0.00331,0.00327,0.00328,14428244.0
2026-05-05 17:15:00,0.00328,0.0033,0.00328,0.00328,4041283.0
2026-05-05 17:30:00,0.00329,0.00329,0.00327,0.00327,18727004.0
2026-05-05 17:45:00,0.00328,0.0033,0.00327,0.00329,2974291.0
2026-05-05 18:00:00,0.00329,0.00332,0.00329,0.00332,9861359.0
2026-05-05 18:15:00,0.00332,0.00332,0.00331,0.00332,5727955.0
2026-05-05 18:30:00,0.00332,0.00332,0.00331,0.00331,4916277.0
2026-05-05 18:45:00,0.00331,0.00332,0.00331,0.00332,4492698.0
2026-05-05 19:00:00,0.00332,0.00333,0.00331,0.00333,10257608.0
2026-05-05 19:15:00,0.00333,0.00334,0.00332,0.00334,5844965.0
2026-05-05 19:30:00,0.00334,0.00338,0.00334,0.00338,68426267.0
2026-05-05 19:45:00,0.00339,0.0034,0.00336,0.00339,39051976.0
2026-05-05 20:00:00,0.0034,0.00347,0.00339,0.00346,124296118.0
2026-05-05 20:15:00,0.00346,0.00351,0.00343,0.00348,101582249.0
2026-05-05 20:30:00,0.00348,0.00351,0.00346,0.00347,83954142.0
2026-05-05 20:45:00,0.00348,0.00351,0.00346,0.0035,39908031.0
2026-05-05 21:00:00,0.0035,0.00357,0.00349,0.00356,79954530.0
2026-05-05 21:15:00,0.00356,0.00358,0.00353,0.00355,79037299.0
2026-05-05 21:30:00,0.00356,0.00366,0.00353,0.0036,178052863.0
2026-05-05 21:45:00,0.00359,0.00359,0.00355,0.00357,48072156.0
2026-05-05 22:00:00,0.00357,0.00358,0.00348,0.00349,101656977.0
2026-05-05 22:15:00,0.00348,0.00351,0.00348,0.00349,32790398.0
2026-05-05 22:30:00,0.00348,0.00348,0.00344,0.00346,43947983.0
2026-05-05 22:45:00,0.00346,0.00348,0.00345,0.00348,36160170.0
