timestamp,open,high,low,close,volume
2026-05-22 06:30:00,2.194,2.214,2.193,2.193,407450.7
2026-05-22 06:35:00,2.194,2.195,2.167,2.171,324578.1
2026-05-22 06:40:00,2.171,2.171,2.146,2.153,525167.5
2026-05-22 06:45:00,2.153,2.178,2.148,2.177,352796.3
2026-05-22 06:50:00,2.176,2.188,2.161,2.184,701259.2
2026-05-22 06:55:00,2.184,2.203,2.179,2.2,363049.4
2026-05-22 07:00:00,2.2,2.208,2.18,2.181,569395.9
2026-05-22 07:05:00,2.181,2.198,2.164,2.19,526622.5
2026-05-22 07:10:00,2.19,2.217,2.184,2.213,566387.9
2026-05-22 07:15:00,2.213,2.219,2.205,2.21,246005.3
2026-05-22 07:20:00,2.21,2.232,2.205,2.207,489197.9
2026-05-22 07:25:00,2.207,2.233,2.206,2.227,494130.6
2026-05-22 07:30:00,2.228,2.238,2.223,2.228,348580.5
2026-05-22 07:35:00,2.228,2.255,2.228,2.252,417392.6
2026-05-22 07:40:00,2.252,2.268,2.232,2.241,553064.9
2026-05-22 07:45:00,2.241,2.25,2.233,2.248,285773.4
2026-05-22 07:50:00,2.248,2.251,2.238,2.242,191898.3
2026-05-22 07:55:00,2.242,2.251,2.241,2.242,235204.5
2026-05-22 08:00:00,2.241,2.27,2.239,2.254,621887.9
2026-05-22 08:05:00,2.254,2.265,2.247,2.252,338570.4
2026-05-22 08:10:00,2.252,2.272,2.247,2.264,459830.7
2026-05-22 08:15:00,2.263,2.288,2.257,2.278,849984.5
2026-05-22 08:20:00,2.278,2.286,2.267,2.27,278832.0
2026-05-22 08:25:00,2.271,2.286,2.27,2.284,177565.1
2026-05-22 08:30:00,2.284,2.287,2.243,2.246,449706.4
2026-05-22 08:35:00,2.245,2.255,2.227,2.249,412786.4
2026-05-22 08:40:00,2.249,2.261,2.246,2.248,259541.8
2026-05-22 08:45:00,2.248,2.255,2.233,2.244,311356.8
2026-05-22 08:50:00,2.244,2.264,2.244,2.248,454380.3
2026-05-22 08:55:00,2.248,2.269,2.248,2.265,307927.1
2026-05-22 09:00:00,2.265,2.283,2.264,2.282,509507.2
2026-05-22 09:05:00,2.283,2.292,2.272,2.281,430978.2
2026-05-22 09:10:00,2.282,2.297,2.275,2.286,300122.4
2026-05-22 09:15:00,2.286,2.294,2.283,2.292,335812.0
2026-05-22 09:20:00,2.292,2.305,2.289,2.301,422026.9
2026-05-22 09:25:00,2.302,2.302,2.259,2.264,380054.2
2026-05-22 09:30:00,2.265,2.282,2.264,2.279,375313.4
2026-05-22 09:35:00,2.278,2.284,2.252,2.266,409031.0
2026-05-22 09:40:00,2.266,2.273,2.259,2.267,219691.0
2026-05-22 09:45:00,2.267,2.273,2.259,2.26,256974.5
2026-05-22 09:50:00,2.261,2.268,2.242,2.262,302769.3
2026-05-22 09:55:00,2.261,2.264,2.245,2.252,249931.4
2026-05-22 10:00:00,2.252,2.257,2.215,2.219,522595.7
2026-05-22 10:05:00,2.219,2.231,2.216,2.228,234595.3
2026-05-22 10:10:00,2.227,2.229,2.195,2.209,515328.2
2026-05-22 10:15:00,2.209,2.227,2.208,2.224,202072.2
2026-05-22 10:20:00,2.225,2.254,2.222,2.249,291522.5
2026-05-22 10:25:00,2.249,2.255,2.236,2.236,162296.4
2026-05-22 10:30:00,2.237,2.248,2.233,2.238,179785.4
2026-05-22 10:35:00,2.238,2.264,2.238,2.259,161441.4
2026-05-22 10:40:00,2.26,2.264,2.249,2.26,268747.8
2026-05-22 10:45:00,2.26,2.272,2.26,2.264,214139.7
2026-05-22 10:50:00,2.264,2.272,2.258,2.265,165529.4
2026-05-22 10:55:00,2.265,2.269,2.259,2.261,105366.6
2026-05-22 11:00:00,2.262,2.263,2.245,2.249,201393.7
2026-05-22 11:05:00,2.25,2.276,2.248,2.264,239288.6
2026-05-22 11:10:00,2.264,2.266,2.235,2.243,218204.9
2026-05-22 11:15:00,2.243,2.252,2.238,2.241,219450.7
2026-05-22 11:20:00,2.241,2.25,2.235,2.241,165574.3
2026-05-22 11:25:00,2.241,2.244,2.216,2.22,355040.3
2026-05-22 11:30:00,2.22,2.233,2.22,2.222,179149.0
2026-05-22 11:35:00,2.222,2.225,2.204,2.205,193587.6
2026-05-22 11:40:00,2.204,2.233,2.202,2.23,172998.1
2026-05-22 11:45:00,2.231,2.252,2.23,2.248,231376.2
2026-05-22 11:50:00,2.247,2.253,2.236,2.237,114473.4
2026-05-22 11:55:00,2.238,2.242,2.226,2.23,178278.4
2026-05-22 12:00:00,2.23,2.24,2.221,2.236,164598.3
2026-05-22 12:05:00,2.236,2.246,2.234,2.239,226339.7
2026-05-22 12:10:00,2.24,2.24,2.215,2.222,321661.9
2026-05-22 12:15:00,2.222,2.234,2.208,2.23,318860.1
2026-05-22 12:20:00,2.231,2.252,2.23,2.246,302327.1
2026-05-22 12:25:00,2.246,2.253,2.238,2.24,296972.7
2026-05-22 12:30:00,2.24,2.253,2.238,2.253,178769.8
2026-05-22 12:35:00,2.253,2.261,2.247,2.255,143564.6
2026-05-22 12:40:00,2.256,2.275,2.255,2.269,231651.7
2026-05-22 12:45:00,2.27,2.29,2.268,2.285,346927.8
2026-05-22 12:50:00,2.284,2.303,2.284,2.298,507616.6
2026-05-22 12:55:00,2.298,2.319,2.289,2.317,591481.2
2026-05-22 13:00:00,2.317,2.328,2.308,2.314,632062.2
2026-05-22 13:05:00,2.314,2.337,2.312,2.326,805822.9
2026-05-22 13:10:00,2.326,2.327,2.307,2.313,450707.9
2026-05-22 13:15:00,2.313,2.336,2.311,2.319,367779.0
2026-05-22 13:20:00,2.32,2.321,2.301,2.314,377034.7
2026-05-22 13:25:00,2.313,2.316,2.304,2.313,353845.0
2026-05-22 13:30:00,2.313,2.322,2.295,2.307,388502.1
2026-05-22 13:35:00,2.307,2.326,2.307,2.318,342073.1
2026-05-22 13:40:00,2.318,2.333,2.314,2.322,410389.0
2026-05-22 13:45:00,2.323,2.331,2.291,2.294,413907.8
2026-05-22 13:50:00,2.293,2.296,2.28,2.28,248072.6
2026-05-22 13:55:00,2.28,2.296,2.28,2.284,168747.9
2026-05-22 14:00:00,2.283,2.289,2.269,2.273,314023.2
2026-05-22 14:05:00,2.273,2.277,2.259,2.271,367881.0
2026-05-22 14:10:00,2.271,2.293,2.268,2.291,190561.0
2026-05-22 14:15:00,2.291,2.294,2.254,2.257,236295.0
2026-05-22 14:20:00,2.257,2.278,2.255,2.271,252520.9
2026-05-22 14:25:00,2.272,2.284,2.27,2.282,140135.0
2026-05-22 14:30:00,2.281,2.282,2.257,2.267,154823.7
2026-05-22 14:35:00,2.268,2.284,2.258,2.26,419259.0
2026-05-22 14:40:00,2.261,2.265,2.248,2.249,299997.3
2026-05-22 14:45:00,2.249,2.254,2.24,2.251,244054.3
2026-05-22 14:50:00,2.25,2.251,2.227,2.238,364175.2
2026-05-22 14:55:00,2.237,2.249,2.234,2.244,162936.7
2026-05-22 15:00:00,2.243,2.243,2.221,2.234,246696.5
2026-05-22 15:05:00,2.234,2.236,2.224,2.235,199864.8
2026-05-22 15:10:00,2.234,2.241,2.215,2.225,316626.0
2026-05-22 15:15:00,2.224,2.236,2.199,2.229,478252.3
2026-05-22 15:20:00,2.229,2.232,2.207,2.208,212384.4
2026-05-22 15:25:00,2.207,2.217,2.197,2.217,245570.8
2026-05-22 15:30:00,2.217,2.25,2.217,2.249,275696.3
2026-05-22 15:35:00,2.248,2.25,2.201,2.207,836700.7
2026-05-22 15:40:00,2.206,2.217,2.185,2.191,1617984.0
2026-05-22 15:45:00,2.192,2.209,2.185,2.193,528318.6
2026-05-22 15:50:00,2.194,2.206,2.194,2.199,200211.2
2026-05-22 15:55:00,2.199,2.206,2.196,2.199,211219.2
2026-05-22 16:00:00,2.198,2.221,2.198,2.209,256743.5
2026-05-22 16:05:00,2.209,2.209,2.193,2.202,135143.3
2026-05-22 16:10:00,2.202,2.217,2.191,2.213,290588.7
2026-05-22 16:15:00,2.214,2.22,2.205,2.215,133595.6
2026-05-22 16:20:00,2.215,2.238,2.211,2.225,328028.5
2026-05-22 16:25:00,2.225,2.235,2.22,2.223,153571.8
2026-05-22 16:30:00,2.223,2.23,2.19,2.193,218849.2
2026-05-22 16:35:00,2.193,2.196,2.176,2.177,350381.1
2026-05-22 16:40:00,2.178,2.182,2.157,2.163,360720.3
2026-05-22 16:45:00,2.164,2.19,2.163,2.175,257126.5
2026-05-22 16:50:00,2.175,2.183,2.168,2.178,173421.9
2026-05-22 16:55:00,2.178,2.182,2.172,2.174,107249.1
2026-05-22 17:00:00,2.174,2.192,2.173,2.179,234871.1
2026-05-22 17:05:00,2.179,2.18,2.162,2.162,157207.2
2026-05-22 17:10:00,2.162,2.176,2.154,2.167,273084.0
2026-05-22 17:15:00,2.167,2.185,2.167,2.179,194043.9
2026-05-22 17:20:00,2.179,2.187,2.167,2.169,145515.7
2026-05-22 17:25:00,2.169,2.192,2.169,2.19,246078.9
2026-05-22 17:30:00,2.191,2.198,2.176,2.183,174166.7
2026-05-22 17:35:00,2.182,2.194,2.175,2.193,110385.9
2026-05-22 17:40:00,2.193,2.204,2.19,2.195,163155.3
2026-05-22 17:45:00,2.195,2.198,2.174,2.186,171256.9
2026-05-22 17:50:00,2.186,2.191,2.182,2.19,108230.6
2026-05-22 17:55:00,2.189,2.192,2.182,2.185,117469.8
2026-05-22 18:00:00,2.184,2.191,2.168,2.174,225097.3
2026-05-22 18:05:00,2.174,2.185,2.174,2.181,78572.0
2026-05-22 18:10:00,2.181,2.182,2.167,2.172,121255.0
2026-05-22 18:15:00,2.172,2.183,2.17,2.181,86333.6
2026-05-22 18:20:00,2.182,2.198,2.181,2.193,188436.1
2026-05-22 18:25:00,2.194,2.197,2.183,2.189,178183.2
2026-05-22 18:30:00,2.189,2.189,2.161,2.165,132358.7
2026-05-22 18:35:00,2.164,2.176,2.156,2.174,234310.6
2026-05-22 18:40:00,2.174,2.2,2.162,2.164,374893.7
2026-05-22 18:45:00,2.164,2.164,2.134,2.153,578635.0
2026-05-22 18:50:00,2.154,2.174,2.153,2.163,227320.3
2026-05-22 18:55:00,2.162,2.177,2.156,2.167,126774.2
2026-05-22 19:00:00,2.167,2.173,2.153,2.156,269173.2
2026-05-22 19:05:00,2.155,2.156,2.128,2.131,369996.6
2026-05-22 19:10:00,2.132,2.142,2.126,2.127,152341.8
2026-05-22 19:15:00,2.126,2.133,2.111,2.117,376328.6
2026-05-22 19:20:00,2.117,2.137,2.117,2.127,220866.0
2026-05-22 19:25:00,2.127,2.131,2.105,2.111,265822.6
2026-05-22 19:30:00,2.112,2.133,2.099,2.126,409858.8
2026-05-22 19:35:00,2.125,2.143,2.123,2.132,232771.3
2026-05-22 19:40:00,2.132,2.146,2.125,2.14,178727.9
2026-05-22 19:45:00,2.14,2.144,2.133,2.138,170728.8
2026-05-22 19:50:00,2.138,2.151,2.13,2.131,175059.8
2026-05-22 19:55:00,2.131,2.131,2.117,2.117,104364.0
2026-05-22 20:00:00,2.117,2.133,2.112,2.133,119276.4
2026-05-22 20:05:00,2.133,2.139,2.111,2.111,187959.3
2026-05-22 20:10:00,2.112,2.12,2.097,2.098,224747.2
2026-05-22 20:15:00,2.099,2.107,2.076,2.077,325453.5
2026-05-22 20:20:00,2.077,2.082,2.071,2.074,238033.4
2026-05-22 20:25:00,2.075,2.075,2.057,2.064,470167.6
2026-05-22 20:30:00,2.063,2.07,2.058,2.066,496615.5
2026-05-22 20:35:00,2.066,2.084,2.057,2.082,177439.2
2026-05-22 20:40:00,2.083,2.092,2.08,2.084,325749.0
2026-05-22 20:45:00,2.084,2.092,2.066,2.085,251955.4
2026-05-22 20:50:00,2.084,2.114,2.079,2.104,406488.4
2026-05-22 20:55:00,2.104,2.116,2.096,2.112,251636.0
2026-05-22 21:00:00,2.111,2.128,2.11,2.121,164155.6
2026-05-22 21:05:00,2.12,2.127,2.109,2.112,177876.8
2026-05-22 21:10:00,2.112,2.132,2.112,2.117,161874.5
2026-05-22 21:15:00,2.116,2.118,2.103,2.114,147837.4
2026-05-22 21:20:00,2.114,2.13,2.113,2.128,62886.8
2026-05-22 21:25:00,2.128,2.131,2.122,2.122,65014.8
2026-05-22 21:30:00,2.122,2.13,2.119,2.13,66234.2
2026-05-22 21:35:00,2.129,2.129,2.118,2.128,77889.7
2026-05-22 21:40:00,2.129,2.129,2.112,2.113,30855.4
2026-05-22 21:45:00,2.112,2.112,2.095,2.101,145409.1
2026-05-22 21:50:00,2.102,2.111,2.097,2.101,40580.4
2026-05-22 21:55:00,2.102,2.107,2.078,2.079,201518.0
2026-05-22 22:00:00,2.079,2.094,2.079,2.087,79869.2
2026-05-22 22:05:00,2.088,2.098,2.085,2.096,39680.1
2026-05-22 22:10:00,2.095,2.1,2.088,2.095,112836.2
2026-05-22 22:15:00,2.095,2.096,2.083,2.09,94755.9
2026-05-22 22:20:00,2.091,2.096,2.088,2.093,74227.2
2026-05-22 22:25:00,2.094,2.095,2.081,2.09,97673.6
2026-05-22 22:30:00,2.09,2.103,2.09,2.102,109530.1
2026-05-22 22:35:00,2.102,2.104,2.07,2.074,147309.8
2026-05-22 22:40:00,2.073,2.079,2.051,2.069,692728.3
2026-05-22 22:45:00,2.069,2.084,2.067,2.082,87723.8
2026-05-22 22:50:00,2.082,2.089,2.081,2.088,58969.6
2026-05-22 22:55:00,2.088,2.09,2.083,2.084,79553.1
2026-05-22 23:00:00,2.084,2.099,2.083,2.089,104249.8
2026-05-22 23:05:00,2.088,2.091,2.084,2.086,93706.0
2026-05-22 23:10:00,2.087,2.106,2.086,2.103,118594.9
2026-05-22 23:15:00,2.103,2.107,2.083,2.087,193289.2
2026-05-22 23:20:00,2.087,2.091,2.08,2.088,123089.0
2026-05-22 23:25:00,2.087,2.092,2.08,2.084,120292.7
2026-05-22 23:30:00,2.083,2.089,2.08,2.088,116103.6
2026-05-22 23:35:00,2.088,2.102,2.087,2.098,122888.3
2026-05-22 23:40:00,2.099,2.101,2.089,2.1,105487.5
2026-05-22 23:45:00,2.1,2.101,2.082,2.095,270704.9
2026-05-22 23:50:00,2.095,2.106,2.093,2.101,129482.6
2026-05-22 23:55:00,2.101,2.117,2.097,2.102,353402.9
2026-05-23 00:00:00,2.103,2.113,2.1,2.106,201665.5
2026-05-23 00:05:00,2.106,2.114,2.078,2.081,282780.1
2026-05-23 00:10:00,2.08,2.096,2.079,2.088,158560.3
2026-05-23 00:15:00,2.088,2.089,2.073,2.08,242253.8
2026-05-23 00:20:00,2.08,2.105,2.074,2.103,201039.5
2026-05-23 00:25:00,2.102,2.109,2.089,2.097,168995.8
2026-05-23 00:30:00,2.098,2.1,2.08,2.08,121541.6
2026-05-23 00:35:00,2.08,2.08,2.067,2.073,183862.9
2026-05-23 00:40:00,2.072,2.088,2.072,2.083,131655.5
2026-05-23 00:45:00,2.083,2.106,2.083,2.089,499210.3
2026-05-23 00:50:00,2.088,2.099,2.078,2.098,185484.5
2026-05-23 00:55:00,2.098,2.122,2.095,2.109,423547.4
2026-05-23 01:00:00,2.109,2.136,2.108,2.124,369784.6
2026-05-23 01:05:00,2.124,2.124,2.082,2.086,260164.4
2026-05-23 01:10:00,2.087,2.092,2.072,2.078,217806.3
2026-05-23 01:15:00,2.078,2.086,2.076,2.085,134731.3
2026-05-23 01:20:00,2.086,2.116,2.085,2.111,282114.8
2026-05-23 01:25:00,2.11,2.127,2.109,2.125,122077.0
2026-05-23 01:30:00,2.124,2.125,2.091,2.091,202571.6
2026-05-23 01:35:00,2.092,2.098,2.087,2.092,175199.1
2026-05-23 01:40:00,2.092,2.097,2.089,2.092,168777.7
2026-05-23 01:45:00,2.092,2.096,2.082,2.096,118407.0
2026-05-23 01:50:00,2.096,2.097,2.086,2.089,85877.9
2026-05-23 01:55:00,2.09,2.092,2.081,2.085,119351.1
2026-05-23 02:00:00,2.086,2.101,2.082,2.1,153526.5
2026-05-23 02:05:00,2.101,2.112,2.084,2.086,266227.2
2026-05-23 02:10:00,2.087,2.093,2.078,2.085,244568.6
2026-05-23 02:15:00,2.084,2.093,2.081,2.083,171839.3
2026-05-23 02:20:00,2.084,2.102,2.081,2.091,110696.8
2026-05-23 02:25:00,2.092,2.104,2.09,2.102,215745.6
2026-05-23 02:30:00,2.103,2.105,2.093,2.094,67023.9
2026-05-23 02:35:00,2.094,2.107,2.094,2.104,60046.3
2026-05-23 02:40:00,2.104,2.106,2.095,2.106,58343.0
2026-05-23 02:45:00,2.106,2.124,2.103,2.118,140648.3
2026-05-23 02:50:00,2.118,2.119,2.107,2.114,108490.8
2026-05-23 02:55:00,2.113,2.113,2.093,2.095,193871.5
2026-05-23 03:00:00,2.095,2.101,2.089,2.1,68065.5
2026-05-23 03:05:00,2.1,2.102,2.079,2.079,138763.3
2026-05-23 03:10:00,2.08,2.094,2.075,2.093,92185.9
2026-05-23 03:15:00,2.092,2.093,2.079,2.08,156880.6
2026-05-23 03:20:00,2.08,2.094,2.079,2.089,99167.2
2026-05-23 03:25:00,2.089,2.092,2.085,2.092,51220.8
2026-05-23 03:30:00,2.092,2.107,2.092,2.103,150190.5
2026-05-23 03:35:00,2.103,2.106,2.092,2.104,148706.5
2026-05-23 03:40:00,2.104,2.114,2.103,2.103,122556.6
2026-05-23 03:45:00,2.103,2.104,2.094,2.099,80939.0
2026-05-23 03:50:00,2.099,2.116,2.096,2.113,302422.4
2026-05-23 03:55:00,2.113,2.118,2.108,2.114,218305.8
2026-05-23 04:00:00,2.114,2.116,2.102,2.109,81008.5
2026-05-23 04:05:00,2.108,2.119,2.102,2.112,205673.0
2026-05-23 04:10:00,2.113,2.113,2.1,2.102,64028.0
2026-05-23 04:15:00,2.101,2.101,2.082,2.084,132983.4
2026-05-23 04:20:00,2.084,2.09,2.081,2.085,68909.1
2026-05-23 04:25:00,2.085,2.087,2.076,2.082,102457.6
2026-05-23 04:30:00,2.082,2.091,2.081,2.089,51657.7
2026-05-23 04:35:00,2.089,2.09,2.079,2.081,66968.9
2026-05-23 04:40:00,2.08,2.086,2.079,2.079,38799.5
2026-05-23 04:45:00,2.079,2.08,2.069,2.075,85419.0
2026-05-23 04:50:00,2.075,2.082,2.063,2.068,199908.6
2026-05-23 04:55:00,2.069,2.078,2.066,2.066,103310.8
2026-05-23 05:00:00,2.066,2.076,2.057,2.075,166959.2
2026-05-23 05:05:00,2.075,2.083,2.073,2.078,52113.7
2026-05-23 05:10:00,2.078,2.079,2.072,2.078,67474.7
2026-05-23 05:15:00,2.077,2.085,2.068,2.07,117082.6
2026-05-23 05:20:00,2.07,2.074,2.062,2.068,168171.6
2026-05-23 05:25:00,2.068,2.068,2.06,2.064,90351.1
2026-05-23 05:30:00,2.064,2.076,2.064,2.073,88971.8
2026-05-23 05:35:00,2.072,2.083,2.072,2.082,90215.5
2026-05-23 05:40:00,2.082,2.088,2.077,2.081,71928.3
2026-05-23 05:45:00,2.081,2.082,2.071,2.071,45120.1
2026-05-23 05:50:00,2.07,2.084,2.067,2.078,148948.1
2026-05-23 05:55:00,2.077,2.085,2.076,2.081,52644.5
2026-05-23 06:00:00,2.081,2.087,2.068,2.077,163233.6
2026-05-23 06:05:00,2.077,2.079,2.068,2.069,50164.2
2026-05-23 06:10:00,2.07,2.074,2.064,2.07,85858.4
2026-05-23 06:15:00,2.07,2.08,2.07,2.076,53405.8
2026-05-23 06:20:00,2.076,2.083,2.074,2.077,109610.6
2026-05-23 06:25:00,2.076,2.076,2.064,2.073,123791.1
2026-05-23 06:30:00,2.073,2.082,2.073,2.075,42612.6
2026-05-23 06:35:00,2.074,2.079,2.065,2.069,70506.7
2026-05-23 06:40:00,2.069,2.071,2.042,2.052,330683.5
2026-05-23 06:45:00,2.052,2.061,2.051,2.06,148231.0
2026-05-23 06:50:00,2.06,2.061,2.048,2.049,126226.2
2026-05-23 06:55:00,2.05,2.059,2.05,2.059,80294.6
2026-05-23 07:00:00,2.06,2.061,2.048,2.05,66383.1
2026-05-23 07:05:00,2.05,2.065,2.046,2.063,79155.3
2026-05-23 07:10:00,2.064,2.076,2.064,2.071,106117.5
2026-05-23 07:15:00,2.071,2.074,2.067,2.071,55880.5
2026-05-23 07:20:00,2.071,2.072,2.051,2.052,141789.0
2026-05-23 07:25:00,2.052,2.058,2.035,2.053,326510.3
2026-05-23 07:30:00,2.054,2.055,2.04,2.046,471340.6
2026-05-23 07:35:00,2.045,2.049,2.04,2.048,116970.9
2026-05-23 07:40:00,2.048,2.055,2.025,2.031,539896.4
2026-05-23 07:45:00,2.031,2.04,2.021,2.034,408886.1
2026-05-23 07:50:00,2.033,2.036,2.018,2.026,585920.0
2026-05-23 07:55:00,2.026,2.034,2.022,2.027,186036.4
2026-05-23 08:00:00,2.028,2.034,2.014,2.016,254466.1
2026-05-23 08:05:00,2.016,2.022,2.01,2.013,170436.9
2026-05-23 08:10:00,2.014,2.036,2.014,2.031,168326.2
2026-05-23 08:15:00,2.031,2.04,2.03,2.035,107197.6
2026-05-23 08:20:00,2.035,2.052,2.035,2.05,199851.6
2026-05-23 08:25:00,2.05,2.066,2.046,2.057,188462.9
2026-05-23 08:30:00,2.057,2.057,2.047,2.048,170735.1
2026-05-23 08:35:00,2.048,2.059,2.045,2.055,132382.2
2026-05-23 08:40:00,2.055,2.073,2.055,2.067,147792.7
2026-05-23 08:45:00,2.068,2.087,2.064,2.085,177176.5
2026-05-23 08:50:00,2.086,2.087,2.066,2.067,200157.9
2026-05-23 08:55:00,2.068,2.077,2.067,2.069,125164.3
2026-05-23 09:00:00,2.068,2.07,2.06,2.068,79784.6
2026-05-23 09:05:00,2.069,2.077,2.067,2.073,73700.6
2026-05-23 09:10:00,2.074,2.086,2.073,2.078,276389.4
2026-05-23 09:15:00,2.078,2.079,2.061,2.066,79453.5
2026-05-23 09:20:00,2.066,2.07,2.057,2.065,49811.6
2026-05-23 09:25:00,2.065,2.069,2.057,2.066,77919.7
2026-05-23 09:30:00,2.065,2.097,2.065,2.096,165682.5
2026-05-23 09:35:00,2.097,2.097,2.081,2.085,69245.1
2026-05-23 09:40:00,2.085,2.095,2.084,2.085,152947.7
2026-05-23 09:45:00,2.086,2.092,2.082,2.084,65725.2
2026-05-23 09:50:00,2.083,2.087,2.076,2.077,77358.9
2026-05-23 09:55:00,2.077,2.08,2.07,2.072,68274.3
2026-05-23 10:00:00,2.072,2.074,2.068,2.069,41210.8
2026-05-23 10:05:00,2.069,2.082,2.066,2.079,69383.3
2026-05-23 10:10:00,2.079,2.09,2.078,2.089,74617.6
2026-05-23 10:15:00,2.089,2.094,2.08,2.082,70355.1
2026-05-23 10:20:00,2.082,2.09,2.08,2.08,35212.9
2026-05-23 10:25:00,2.081,2.089,2.08,2.087,59478.7
2026-05-23 10:30:00,2.086,2.091,2.081,2.083,55889.9
2026-05-23 10:35:00,2.084,2.094,2.084,2.087,80388.6
2026-05-23 10:40:00,2.087,2.087,2.08,2.087,39785.7
2026-05-23 10:45:00,2.086,2.092,2.081,2.082,34129.3
2026-05-23 10:50:00,2.081,2.084,2.073,2.077,58330.7
2026-05-23 10:55:00,2.078,2.084,2.072,2.075,102897.4
2026-05-23 11:00:00,2.074,2.081,2.068,2.081,67253.1
2026-05-23 11:05:00,2.081,2.082,2.074,2.075,44845.6
2026-05-23 11:10:00,2.075,2.091,2.074,2.088,51023.0
2026-05-23 11:15:00,2.087,2.101,2.087,2.1,112377.4
2026-05-23 11:20:00,2.099,2.1,2.084,2.084,79033.7
2026-05-23 11:25:00,2.083,2.091,2.08,2.09,49723.8
2026-05-23 11:30:00,2.09,2.093,2.082,2.082,104863.6
2026-05-23 11:35:00,2.082,2.086,2.081,2.086,27945.7
2026-05-23 11:40:00,2.085,2.094,2.085,2.093,38529.6
2026-05-23 11:45:00,2.094,2.096,2.074,2.079,242315.2
2026-05-23 11:50:00,2.079,2.079,2.068,2.074,113463.9
2026-05-23 11:55:00,2.073,2.082,2.071,2.082,43971.2
2026-05-23 12:00:00,2.081,2.082,2.07,2.076,85625.3
2026-05-23 12:05:00,2.075,2.076,2.063,2.066,83801.2
2026-05-23 12:10:00,2.066,2.066,2.049,2.054,179581.1
2026-05-23 12:15:00,2.054,2.057,2.046,2.049,123807.9
2026-05-23 12:20:00,2.049,2.055,2.045,2.05,90446.0
2026-05-23 12:25:00,2.05,2.051,2.039,2.041,176880.3
2026-05-23 12:30:00,2.041,2.064,2.039,2.063,203597.6
2026-05-23 12:35:00,2.063,2.075,2.06,2.074,51243.6
2026-05-23 12:40:00,2.075,2.075,2.064,2.064,77243.5
2026-05-23 12:45:00,2.064,2.074,2.064,2.073,50531.1
2026-05-23 12:50:00,2.073,2.096,2.071,2.096,229996.0
2026-05-23 12:55:00,2.095,2.107,2.094,2.102,174281.6
2026-05-23 13:00:00,2.102,2.126,2.101,2.124,531983.8
2026-05-23 13:05:00,2.123,2.125,2.112,2.12,160967.8
2026-05-23 13:10:00,2.119,2.131,2.112,2.113,345241.5
2026-05-23 13:15:00,2.114,2.118,2.096,2.104,231673.6
2026-05-23 13:20:00,2.104,2.104,2.088,2.098,150540.6
2026-05-23 13:25:00,2.098,2.109,2.098,2.105,172975.8
2026-05-23 13:30:00,2.105,2.11,2.097,2.097,109988.7
2026-05-23 13:35:00,2.097,2.097,2.088,2.091,103442.6
2026-05-23 13:40:00,2.09,2.093,2.081,2.09,190263.0
2026-05-23 13:45:00,2.089,2.117,2.089,2.112,182440.3
2026-05-23 13:50:00,2.113,2.114,2.103,2.105,126152.9
2026-05-23 13:55:00,2.104,2.111,2.101,2.105,81038.9
2026-05-23 14:00:00,2.105,2.122,2.103,2.119,138068.6
2026-05-23 14:05:00,2.12,2.17,2.119,2.141,730217.5
2026-05-23 14:10:00,2.14,2.145,2.135,2.141,148186.7
2026-05-23 14:15:00,2.14,2.154,2.126,2.149,673606.0
2026-05-23 14:20:00,2.148,2.172,2.144,2.16,876157.4
2026-05-23 14:25:00,2.16,2.169,2.141,2.149,273079.3
2026-05-23 14:30:00,2.149,2.166,2.146,2.165,192118.1
2026-05-23 14:35:00,2.165,2.166,2.145,2.147,230236.7
2026-05-23 14:40:00,2.148,2.164,2.144,2.164,240736.2
2026-05-23 14:45:00,2.165,2.179,2.151,2.161,410791.1
2026-05-23 14:50:00,2.16,2.174,2.16,2.171,308198.1
2026-05-23 14:55:00,2.171,2.19,2.171,2.186,413459.0
2026-05-23 15:00:00,2.187,2.201,2.172,2.182,617959.0
2026-05-23 15:05:00,2.182,2.195,2.167,2.192,359562.4
2026-05-23 15:10:00,2.191,2.221,2.18,2.21,743669.1
2026-05-23 15:15:00,2.211,2.214,2.186,2.199,453355.3
2026-05-23 15:20:00,2.199,2.218,2.195,2.217,499235.0
2026-05-23 15:25:00,2.217,2.219,2.208,2.211,394528.1
2026-05-23 15:30:00,2.211,2.222,2.191,2.204,460785.6
2026-05-23 15:35:00,2.204,2.215,2.2,2.215,299275.4
2026-05-23 15:40:00,2.215,2.239,2.212,2.233,559119.4
2026-05-23 15:45:00,2.233,2.255,2.23,2.255,446735.5
2026-05-23 15:50:00,2.255,2.274,2.252,2.268,598832.3
2026-05-23 15:55:00,2.268,2.275,2.255,2.26,280399.7
2026-05-23 16:00:00,2.26,2.294,2.258,2.291,553184.5
2026-05-23 16:05:00,2.292,2.305,2.27,2.27,452791.5
2026-05-23 16:10:00,2.269,2.285,2.241,2.277,645073.6
2026-05-23 16:15:00,2.276,2.308,2.275,2.292,468670.4
2026-05-23 16:20:00,2.292,2.309,2.286,2.305,252585.8
2026-05-23 16:25:00,2.304,2.31,2.288,2.294,383130.8
2026-05-23 16:30:00,2.295,2.324,2.283,2.319,709436.6
2026-05-23 16:35:00,2.318,2.33,2.307,2.328,432661.1
2026-05-23 16:40:00,2.329,2.329,2.306,2.32,338066.4
2026-05-23 16:45:00,2.319,2.339,2.296,2.333,548670.1
2026-05-23 16:50:00,2.334,2.374,2.325,2.364,745491.8
2026-05-23 16:55:00,2.365,2.414,2.349,2.402,1022149.9
2026-05-23 17:00:00,2.402,2.412,2.377,2.384,763626.4
2026-05-23 17:05:00,2.385,2.419,2.385,2.413,775654.1
2026-05-23 17:10:00,2.414,2.419,2.386,2.414,550961.9
2026-05-23 17:15:00,2.413,2.438,2.413,2.433,543830.3
2026-05-23 17:20:00,2.433,2.448,2.401,2.415,891594.9
2026-05-23 17:25:00,2.416,2.424,2.402,2.409,579541.4
2026-05-23 17:30:00,2.409,2.432,2.377,2.383,1139268.4
2026-05-23 17:35:00,2.383,2.392,2.341,2.344,730757.5
2026-05-23 17:40:00,2.344,2.366,2.341,2.363,480272.9
2026-05-23 17:45:00,2.363,2.365,2.335,2.344,428138.0
2026-05-23 17:50:00,2.344,2.352,2.335,2.338,217012.4
2026-05-23 17:55:00,2.338,2.354,2.327,2.351,405092.0
2026-05-23 18:00:00,2.351,2.352,2.327,2.327,469810.0
2026-05-23 18:05:00,2.328,2.343,2.319,2.341,455716.0
2026-05-23 18:10:00,2.341,2.35,2.321,2.347,395035.3
2026-05-23 18:15:00,2.347,2.366,2.346,2.362,447689.6
2026-05-23 18:20:00,2.363,2.405,2.356,2.405,640754.6
2026-05-23 18:25:00,2.405,2.426,2.398,2.416,382244.9
2026-05-23 18:30:00,2.416,2.447,2.415,2.445,264873.6
2026-05-23 18:35:00,2.446,2.474,2.405,2.407,722059.8
2026-05-23 18:40:00,2.408,2.434,2.408,2.421,374436.2
2026-05-23 18:45:00,2.421,2.426,2.388,2.389,397153.1
2026-05-23 18:50:00,2.389,2.419,2.389,2.407,219576.2
2026-05-23 18:55:00,2.407,2.411,2.389,2.392,266548.0
2026-05-23 19:00:00,2.392,2.396,2.367,2.38,245859.0
2026-05-23 19:05:00,2.381,2.402,2.38,2.392,137244.4
2026-05-23 19:10:00,2.393,2.397,2.378,2.383,264987.8
2026-05-23 19:15:00,2.384,2.418,2.384,2.404,296483.3
2026-05-23 19:20:00,2.403,2.407,2.388,2.399,188917.6
2026-05-23 19:25:00,2.399,2.405,2.385,2.395,130840.2
2026-05-23 19:30:00,2.395,2.416,2.389,2.416,172942.4
2026-05-23 19:35:00,2.415,2.444,2.411,2.432,255069.9
2026-05-23 19:40:00,2.432,2.434,2.418,2.425,170191.1
2026-05-23 19:45:00,2.424,2.427,2.402,2.407,135481.2
2026-05-23 19:50:00,2.407,2.421,2.393,2.397,203485.0
2026-05-23 19:55:00,2.398,2.406,2.389,2.39,166267.6
2026-05-23 20:00:00,2.389,2.402,2.382,2.383,132866.8
2026-05-23 20:05:00,2.384,2.391,2.366,2.374,179970.1
2026-05-23 20:10:00,2.374,2.404,2.374,2.404,250618.8
2026-05-23 20:15:00,2.404,2.404,2.382,2.399,210756.8
2026-05-23 20:20:00,2.399,2.421,2.384,2.385,320930.8
2026-05-23 20:25:00,2.384,2.386,2.375,2.381,125178.3
2026-05-23 20:30:00,2.381,2.416,2.371,2.399,241541.4
2026-05-23 20:35:00,2.398,2.415,2.388,2.4,232186.3
2026-05-23 20:40:00,2.401,2.412,2.386,2.404,303837.7
2026-05-23 20:45:00,2.405,2.43,2.402,2.403,291557.8
2026-05-23 20:50:00,2.403,2.405,2.391,2.405,189264.9
2026-05-23 20:55:00,2.404,2.416,2.388,2.402,641961.8
2026-05-23 21:00:00,2.402,2.426,2.398,2.425,321383.3
2026-05-23 21:05:00,2.426,2.445,2.419,2.443,276158.4
2026-05-23 21:10:00,2.442,2.447,2.413,2.415,412782.8
2026-05-23 21:15:00,2.415,2.434,2.415,2.428,211533.7
2026-05-23 21:20:00,2.428,2.449,2.428,2.438,231101.0
2026-05-23 21:25:00,2.437,2.458,2.423,2.426,535334.1
2026-05-23 21:30:00,2.425,2.436,2.419,2.424,198537.7
2026-05-23 21:35:00,2.424,2.449,2.422,2.433,112861.0
2026-05-23 21:40:00,2.433,2.441,2.403,2.416,190769.3
2026-05-23 21:45:00,2.415,2.429,2.38,2.39,522261.4
2026-05-23 21:50:00,2.391,2.406,2.377,2.395,196985.0
2026-05-23 21:55:00,2.395,2.416,2.395,2.413,80510.1
2026-05-23 22:00:00,2.414,2.427,2.401,2.406,126294.1
2026-05-23 22:05:00,2.405,2.411,2.393,2.395,100736.8
2026-05-23 22:10:00,2.395,2.408,2.388,2.402,311765.4
2026-05-23 22:15:00,2.402,2.402,2.38,2.391,167263.1
2026-05-23 22:20:00,2.39,2.394,2.372,2.375,137407.2
2026-05-23 22:25:00,2.376,2.379,2.351,2.364,369549.1
2026-05-23 22:30:00,2.363,2.37,2.351,2.361,253325.0
2026-05-23 22:35:00,2.36,2.36,2.339,2.343,239062.2
2026-05-23 22:40:00,2.344,2.39,2.343,2.388,220680.6
2026-05-23 22:45:00,2.388,2.402,2.381,2.395,170140.9
2026-05-23 22:50:00,2.396,2.419,2.39,2.405,615299.6
2026-05-23 22:55:00,2.406,2.424,2.404,2.42,123737.1
2026-05-23 23:00:00,2.419,2.434,2.41,2.43,124495.4
2026-05-23 23:05:00,2.43,2.455,2.43,2.439,465064.2
2026-05-23 23:10:00,2.439,2.448,2.424,2.43,177976.2
2026-05-23 23:15:00,2.431,2.451,2.429,2.437,190125.3
2026-05-23 23:20:00,2.436,2.441,2.411,2.412,208435.4
2026-05-23 23:25:00,2.413,2.427,2.41,2.426,246819.4
2026-05-23 23:30:00,2.427,2.458,2.426,2.443,703130.4
2026-05-23 23:35:00,2.443,2.46,2.443,2.456,275232.1
2026-05-23 23:40:00,2.456,2.46,2.446,2.456,196884.3
2026-05-23 23:45:00,2.455,2.457,2.442,2.452,189010.5
2026-05-23 23:50:00,2.452,2.474,2.446,2.46,757825.6
2026-05-23 23:55:00,2.46,2.462,2.449,2.452,299344.2
2026-05-24 00:00:00,2.452,2.464,2.43,2.437,410019.9
2026-05-24 00:05:00,2.438,2.448,2.422,2.431,183576.8
2026-05-24 00:10:00,2.431,2.434,2.411,2.419,300825.9
2026-05-24 00:15:00,2.419,2.419,2.401,2.402,166057.2
2026-05-24 00:20:00,2.403,2.41,2.391,2.393,195035.1
2026-05-24 00:25:00,2.393,2.406,2.387,2.405,113291.2
2026-05-24 00:30:00,2.405,2.408,2.397,2.397,114774.9
2026-05-24 00:35:00,2.397,2.419,2.395,2.403,365250.0
2026-05-24 00:40:00,2.403,2.409,2.4,2.4,136316.6
2026-05-24 00:45:00,2.399,2.419,2.399,2.404,123479.5
2026-05-24 00:50:00,2.404,2.405,2.393,2.399,75319.6
2026-05-24 00:55:00,2.399,2.412,2.398,2.399,67019.0
2026-05-24 01:00:00,2.399,2.399,2.374,2.377,437122.1
2026-05-24 01:05:00,2.378,2.383,2.37,2.371,165156.7
2026-05-24 01:10:00,2.372,2.381,2.366,2.377,296657.1
2026-05-24 01:15:00,2.376,2.384,2.36,2.366,103319.8
2026-05-24 01:20:00,2.365,2.385,2.365,2.385,86190.7
2026-05-24 01:25:00,2.385,2.388,2.374,2.377,82461.1
2026-05-24 01:30:00,2.376,2.388,2.368,2.38,75736.9
2026-05-24 01:35:00,2.38,2.4,2.378,2.395,76997.5
2026-05-24 01:40:00,2.396,2.401,2.382,2.384,157486.4
2026-05-24 01:45:00,2.384,2.388,2.376,2.377,77518.7
2026-05-24 01:50:00,2.377,2.387,2.377,2.38,88016.8
2026-05-24 01:55:00,2.38,2.39,2.377,2.389,65545.8
2026-05-24 02:00:00,2.389,2.393,2.371,2.385,92726.1
2026-05-24 02:05:00,2.386,2.393,2.38,2.387,90578.0
2026-05-24 02:10:00,2.386,2.392,2.379,2.381,80357.8
2026-05-24 02:15:00,2.381,2.39,2.377,2.384,120903.6
2026-05-24 02:20:00,2.384,2.393,2.379,2.388,83308.7
2026-05-24 02:25:00,2.388,2.388,2.37,2.371,114410.0
2026-05-24 02:30:00,2.372,2.378,2.357,2.363,160737.9
2026-05-24 02:35:00,2.363,2.373,2.361,2.367,61333.8
2026-05-24 02:40:00,2.367,2.372,2.363,2.371,37234.3
2026-05-24 02:45:00,2.372,2.413,2.37,2.404,298537.1
2026-05-24 02:50:00,2.404,2.42,2.402,2.41,91366.7
2026-05-24 02:55:00,2.41,2.416,2.405,2.405,95004.7
2026-05-24 03:00:00,2.405,2.432,2.395,2.426,229136.8
2026-05-24 03:05:00,2.425,2.436,2.423,2.43,156794.5
2026-05-24 03:10:00,2.429,2.429,2.387,2.396,187643.6
2026-05-24 03:15:00,2.397,2.402,2.39,2.393,91875.2
2026-05-24 03:20:00,2.393,2.395,2.386,2.393,120140.4
2026-05-24 03:25:00,2.392,2.392,2.382,2.386,55380.4
2026-05-24 03:30:00,2.387,2.392,2.381,2.388,74063.3
2026-05-24 03:35:00,2.388,2.388,2.374,2.376,137277.8
2026-05-24 03:40:00,2.376,2.381,2.375,2.38,32605.3
2026-05-24 03:45:00,2.38,2.391,2.379,2.387,120650.2
2026-05-24 03:50:00,2.387,2.392,2.382,2.385,56304.7
2026-05-24 03:55:00,2.386,2.393,2.386,2.387,57389.0
2026-05-24 04:00:00,2.388,2.408,2.386,2.396,93861.2
2026-05-24 04:05:00,2.396,2.396,2.36,2.361,184828.0
2026-05-24 04:10:00,2.362,2.371,2.35,2.371,267926.1
2026-05-24 04:15:00,2.37,2.39,2.364,2.382,162972.7
2026-05-24 04:20:00,2.381,2.388,2.379,2.382,69533.8
2026-05-24 04:25:00,2.381,2.382,2.367,2.369,65141.0
2026-05-24 04:30:00,2.37,2.419,2.368,2.409,327778.7
2026-05-24 04:35:00,2.409,2.416,2.387,2.387,158710.2
2026-05-24 04:40:00,2.387,2.397,2.376,2.376,184394.4
2026-05-24 04:45:00,2.376,2.391,2.368,2.39,181402.7
2026-05-24 04:50:00,2.39,2.399,2.382,2.391,131409.4
2026-05-24 04:55:00,2.39,2.398,2.389,2.393,41288.9
2026-05-24 05:00:00,2.394,2.398,2.381,2.386,73999.0
2026-05-24 05:05:00,2.385,2.388,2.376,2.379,69177.8
2026-05-24 05:10:00,2.378,2.383,2.368,2.37,76748.0
2026-05-24 05:15:00,2.371,2.372,2.355,2.355,86165.5
2026-05-24 05:20:00,2.355,2.362,2.343,2.345,168957.4
2026-05-24 05:25:00,2.345,2.352,2.338,2.352,311266.0
2026-05-24 05:30:00,2.352,2.358,2.34,2.34,102489.0
2026-05-24 05:35:00,2.34,2.351,2.338,2.34,62448.2
2026-05-24 05:40:00,2.341,2.346,2.333,2.337,69353.8
2026-05-24 05:45:00,2.338,2.354,2.338,2.353,60033.4
2026-05-24 05:50:00,2.354,2.359,2.344,2.347,52669.2
2026-05-24 05:55:00,2.346,2.351,2.339,2.35,82299.9
2026-05-24 06:00:00,2.351,2.357,2.329,2.333,324216.1
2026-05-24 06:05:00,2.334,2.353,2.333,2.347,68850.6
2026-05-24 06:10:00,2.346,2.347,2.337,2.346,61810.2
2026-05-24 06:15:00,2.345,2.357,2.342,2.352,59586.3
2026-05-24 06:20:00,2.352,2.352,2.342,2.342,56452.6
2026-05-24 06:25:00,2.342,2.349,2.341,2.342,46907.7
2026-05-24 06:30:00,2.342,2.351,2.342,2.349,34063.8
2026-05-24 06:35:00,2.349,2.35,2.344,2.349,37821.8
2026-05-24 06:40:00,2.349,2.375,2.347,2.372,130488.5
2026-05-24 06:45:00,2.373,2.383,2.366,2.38,104813.2
2026-05-24 06:50:00,2.38,2.387,2.377,2.379,197811.9
2026-05-24 06:55:00,2.378,2.398,2.377,2.396,166978.7
2026-05-24 07:00:00,2.397,2.422,2.397,2.416,340892.8
2026-05-24 07:05:00,2.415,2.434,2.41,2.427,227219.1
2026-05-24 07:10:00,2.427,2.429,2.408,2.415,162720.5
2026-05-24 07:15:00,2.415,2.422,2.398,2.406,159912.7
2026-05-24 07:20:00,2.406,2.409,2.388,2.388,95136.8
2026-05-24 07:25:00,2.389,2.393,2.376,2.377,120307.0
2026-05-24 07:30:00,2.377,2.383,2.373,2.383,71450.9
2026-05-24 07:35:00,2.383,2.39,2.377,2.386,70553.0
2026-05-24 07:40:00,2.386,2.386,2.375,2.38,44228.5
2026-05-24 07:45:00,2.38,2.381,2.365,2.368,126652.5
2026-05-24 07:50:00,2.369,2.412,2.363,2.403,1514943.8
2026-05-24 07:55:00,2.403,2.41,2.388,2.39,138281.7
2026-05-24 08:00:00,2.39,2.394,2.382,2.384,64580.8
2026-05-24 08:05:00,2.385,2.387,2.379,2.38,81241.9
2026-05-24 08:10:00,2.379,2.386,2.373,2.386,76945.6
2026-05-24 08:15:00,2.386,2.388,2.376,2.378,55599.4
2026-05-24 08:20:00,2.378,2.381,2.368,2.375,95149.3
2026-05-24 08:25:00,2.375,2.379,2.371,2.375,39322.8
2026-05-24 08:30:00,2.376,2.38,2.372,2.376,62399.9
2026-05-24 08:35:00,2.375,2.387,2.372,2.383,72431.7
2026-05-24 08:40:00,2.383,2.385,2.38,2.382,16703.8
2026-05-24 08:45:00,2.382,2.391,2.38,2.38,29713.6
2026-05-24 08:50:00,2.38,2.386,2.377,2.38,45299.2
2026-05-24 08:55:00,2.38,2.389,2.378,2.382,59483.6
2026-05-24 09:00:00,2.382,2.382,2.365,2.369,52312.1
2026-05-24 09:05:00,2.37,2.379,2.368,2.373,63152.5
2026-05-24 09:10:00,2.374,2.382,2.374,2.374,60807.4
2026-05-24 09:15:00,2.373,2.377,2.369,2.369,52121.7
2026-05-24 09:20:00,2.369,2.379,2.367,2.376,46605.3
2026-05-24 09:25:00,2.375,2.379,2.37,2.372,80907.7
2026-05-24 09:30:00,2.373,2.381,2.369,2.379,38109.4
2026-05-24 09:35:00,2.379,2.399,2.378,2.389,112422.4
2026-05-24 09:40:00,2.39,2.393,2.382,2.383,55738.5
2026-05-24 09:45:00,2.382,2.382,2.366,2.369,109637.8
2026-05-24 09:50:00,2.369,2.374,2.36,2.371,80188.9
2026-05-24 09:55:00,2.37,2.371,2.359,2.363,127869.5
2026-05-24 10:00:00,2.363,2.365,2.347,2.351,128177.4
2026-05-24 10:05:00,2.352,2.362,2.35,2.356,59263.9
2026-05-24 10:10:00,2.355,2.361,2.349,2.36,60677.5
2026-05-24 10:15:00,2.359,2.364,2.356,2.359,62346.5
2026-05-24 10:20:00,2.358,2.36,2.35,2.357,51157.8
2026-05-24 10:25:00,2.357,2.374,2.354,2.365,98552.1
2026-05-24 10:30:00,2.365,2.365,2.353,2.356,48815.7
2026-05-24 10:35:00,2.357,2.36,2.344,2.346,54824.8
2026-05-24 10:40:00,2.345,2.349,2.343,2.348,51359.1
2026-05-24 10:45:00,2.349,2.349,2.334,2.347,259424.0
2026-05-24 10:50:00,2.347,2.354,2.347,2.354,72729.4
2026-05-24 10:55:00,2.354,2.364,2.352,2.358,51624.5
2026-05-24 11:00:00,2.359,2.378,2.359,2.371,146250.5
2026-05-24 11:05:00,2.371,2.374,2.361,2.364,65336.3
2026-05-24 11:10:00,2.363,2.371,2.36,2.368,74933.4
2026-05-24 11:15:00,2.367,2.37,2.361,2.364,27803.5
2026-05-24 11:20:00,2.363,2.364,2.356,2.358,47492.8
2026-05-24 11:25:00,2.357,2.359,2.344,2.353,48120.2
2026-05-24 11:30:00,2.352,2.392,2.352,2.385,253041.2
2026-05-24 11:35:00,2.385,2.386,2.376,2.381,126604.1
2026-05-24 11:40:00,2.382,2.398,2.381,2.397,102361.7
2026-05-24 11:45:00,2.398,2.398,2.38,2.383,142282.2
2026-05-24 11:50:00,2.383,2.395,2.379,2.395,92318.7
2026-05-24 11:55:00,2.394,2.404,2.39,2.4,187879.7
2026-05-24 12:00:00,2.4,2.401,2.388,2.391,121794.2
2026-05-24 12:05:00,2.392,2.394,2.376,2.378,129767.1
2026-05-24 12:10:00,2.379,2.382,2.37,2.379,104920.8
2026-05-24 12:15:00,2.378,2.378,2.361,2.368,49761.4
2026-05-24 12:20:00,2.368,2.373,2.36,2.36,57105.2
2026-05-24 12:25:00,2.361,2.363,2.356,2.361,51929.5
2026-05-24 12:30:00,2.361,2.372,2.357,2.37,53786.6
2026-05-24 12:35:00,2.369,2.388,2.368,2.386,108775.6
2026-05-24 12:40:00,2.386,2.397,2.383,2.388,89031.2
2026-05-24 12:45:00,2.389,2.395,2.386,2.391,122539.7
2026-05-24 12:50:00,2.391,2.395,2.387,2.391,61807.7
2026-05-24 12:55:00,2.39,2.398,2.383,2.385,68662.4
2026-05-24 13:00:00,2.385,2.407,2.384,2.407,123973.8
2026-05-24 13:05:00,2.407,2.413,2.397,2.401,137261.3
2026-05-24 13:10:00,2.4,2.409,2.391,2.408,71155.6
2026-05-24 13:15:00,2.408,2.422,2.407,2.415,123267.5
2026-05-24 13:20:00,2.414,2.42,2.409,2.415,100126.4
2026-05-24 13:25:00,2.414,2.417,2.39,2.395,137060.5
2026-05-24 13:30:00,2.396,2.411,2.396,2.399,110910.8
2026-05-24 13:35:00,2.4,2.414,2.4,2.412,67251.2
2026-05-24 13:40:00,2.411,2.421,2.41,2.416,110612.5
2026-05-24 13:45:00,2.416,2.426,2.412,2.415,168534.8
2026-05-24 13:50:00,2.414,2.425,2.4,2.401,292403.3
2026-05-24 13:55:00,2.4,2.41,2.392,2.404,176379.9
2026-05-24 14:00:00,2.404,2.417,2.401,2.407,119092.1
2026-05-24 14:05:00,2.408,2.436,2.407,2.431,201803.9
2026-05-24 14:10:00,2.43,2.433,2.387,2.402,369797.0
2026-05-24 14:15:00,2.403,2.403,2.37,2.383,343204.6
2026-05-24 14:20:00,2.382,2.41,2.381,2.403,281222.2
2026-05-24 14:25:00,2.403,2.438,2.403,2.433,462721.6
2026-05-24 14:30:00,2.433,2.455,2.431,2.449,407154.3
2026-05-24 14:35:00,2.449,2.454,2.429,2.452,372073.4
2026-05-24 14:40:00,2.451,2.455,2.442,2.448,324140.1
2026-05-24 14:45:00,2.449,2.49,2.446,2.473,546478.5
2026-05-24 14:50:00,2.473,2.492,2.465,2.485,499837.1
2026-05-24 14:55:00,2.484,2.509,2.482,2.495,622700.5
2026-05-24 15:00:00,2.495,2.508,2.482,2.503,455875.2
2026-05-24 15:05:00,2.503,2.504,2.465,2.473,423836.8
2026-05-24 15:10:00,2.473,2.484,2.465,2.467,236873.2
2026-05-24 15:15:00,2.467,2.472,2.414,2.444,589767.4
2026-05-24 15:20:00,2.444,2.45,2.418,2.427,204104.5
2026-05-24 15:25:00,2.426,2.429,2.402,2.41,298361.4
2026-05-24 15:30:00,2.409,2.423,2.4,2.401,224095.2
2026-05-24 15:35:00,2.402,2.426,2.401,2.418,311858.7
2026-05-24 15:40:00,2.418,2.438,2.415,2.427,320527.9
2026-05-24 15:45:00,2.427,2.45,2.426,2.442,303438.1
2026-05-24 15:50:00,2.442,2.453,2.439,2.449,112972.8
2026-05-24 15:55:00,2.449,2.455,2.438,2.44,218399.2
2026-05-24 16:00:00,2.44,2.448,2.43,2.432,178274.5
2026-05-24 16:05:00,2.432,2.433,2.41,2.414,187279.7
2026-05-24 16:10:00,2.414,2.423,2.414,2.418,104291.1
2026-05-24 16:15:00,2.417,2.432,2.412,2.416,77005.3
2026-05-24 16:20:00,2.415,2.424,2.41,2.421,64954.4
2026-05-24 16:25:00,2.42,2.42,2.408,2.41,118757.6
2026-05-24 16:30:00,2.411,2.413,2.392,2.401,262989.0
2026-05-24 16:35:00,2.4,2.407,2.392,2.405,136299.9
2026-05-24 16:40:00,2.405,2.42,2.405,2.417,106983.2
2026-05-24 16:45:00,2.417,2.441,2.415,2.437,161414.2
2026-05-24 16:50:00,2.436,2.436,2.42,2.425,117415.6
2026-05-24 16:55:00,2.426,2.43,2.418,2.428,130830.0
2026-05-24 17:00:00,2.427,2.436,2.419,2.421,102641.1
2026-05-24 17:05:00,2.421,2.428,2.414,2.424,71170.7
2026-05-24 17:10:00,2.425,2.434,2.418,2.419,104076.0
2026-05-24 17:15:00,2.418,2.427,2.403,2.405,302742.2
2026-05-24 17:20:00,2.404,2.421,2.4,2.421,137550.4
2026-05-24 17:25:00,2.422,2.439,2.419,2.435,116291.1
2026-05-24 17:30:00,2.436,2.47,2.436,2.456,393452.2
2026-05-24 17:35:00,2.457,2.478,2.454,2.47,494405.7
2026-05-24 17:40:00,2.47,2.472,2.443,2.444,234616.2
2026-05-24 17:45:00,2.445,2.446,2.424,2.442,178827.9
2026-05-24 17:50:00,2.442,2.447,2.434,2.447,74326.4
2026-05-24 17:55:00,2.447,2.45,2.433,2.437,125726.7
2026-05-24 18:00:00,2.437,2.443,2.433,2.441,105464.7
2026-05-24 18:05:00,2.441,2.463,2.441,2.461,165460.0
2026-05-24 18:10:00,2.462,2.472,2.461,2.467,162125.9
2026-05-24 18:15:00,2.467,2.467,2.439,2.449,286146.7
2026-05-24 18:20:00,2.448,2.455,2.448,2.449,122345.2
2026-05-24 18:25:00,2.449,2.453,2.435,2.441,165535.4
2026-05-24 18:30:00,2.441,2.443,2.43,2.443,201671.8
2026-05-24 18:35:00,2.442,2.443,2.43,2.433,140487.4
2026-05-24 18:40:00,2.432,2.44,2.413,2.424,227459.9
2026-05-24 18:45:00,2.424,2.44,2.422,2.431,116444.0
2026-05-24 18:50:00,2.43,2.441,2.425,2.439,68763.1
2026-05-24 18:55:00,2.439,2.453,2.437,2.443,85407.9
2026-05-24 19:00:00,2.443,2.458,2.441,2.448,130479.1
2026-05-24 19:05:00,2.449,2.456,2.444,2.446,120699.9
2026-05-24 19:10:00,2.446,2.449,2.432,2.432,45098.3
2026-05-24 19:15:00,2.432,2.44,2.43,2.434,45840.9
2026-05-24 19:20:00,2.433,2.438,2.423,2.425,56505.4
2026-05-24 19:25:00,2.424,2.424,2.397,2.401,195037.1
2026-05-24 19:30:00,2.401,2.411,2.396,2.4,138208.6
2026-05-24 19:35:00,2.4,2.407,2.394,2.394,62351.4
2026-05-24 19:40:00,2.395,2.417,2.395,2.413,98637.4
2026-05-24 19:45:00,2.414,2.44,2.413,2.431,163629.3
2026-05-24 19:50:00,2.43,2.433,2.426,2.432,37188.4
2026-05-24 19:55:00,2.432,2.439,2.42,2.425,128520.1
2026-05-24 20:00:00,2.426,2.438,2.418,2.436,147483.6
2026-05-24 20:05:00,2.437,2.451,2.432,2.44,56972.0
2026-05-24 20:10:00,2.44,2.449,2.439,2.441,122706.7
2026-05-24 20:15:00,2.441,2.448,2.432,2.437,102240.6
2026-05-24 20:20:00,2.437,2.442,2.426,2.441,78994.5
2026-05-24 20:25:00,2.441,2.443,2.434,2.441,35808.2
2026-05-24 20:30:00,2.442,2.469,2.442,2.462,112209.7
2026-05-24 20:35:00,2.462,2.463,2.438,2.443,230986.9
2026-05-24 20:40:00,2.443,2.452,2.442,2.449,75089.7
2026-05-24 20:45:00,2.449,2.465,2.444,2.454,149325.4
2026-05-24 20:50:00,2.455,2.465,2.453,2.459,156990.5
2026-05-24 20:55:00,2.459,2.462,2.446,2.449,81350.0
2026-05-24 21:00:00,2.45,2.505,2.45,2.5,436630.7
2026-05-24 21:05:00,2.501,2.504,2.467,2.482,477566.0
2026-05-24 21:10:00,2.483,2.486,2.471,2.483,189245.7
2026-05-24 21:15:00,2.484,2.486,2.46,2.463,181954.0
2026-05-24 21:20:00,2.463,2.476,2.452,2.467,153181.0
2026-05-24 21:25:00,2.466,2.47,2.429,2.443,247249.6
2026-05-24 21:30:00,2.443,2.447,2.412,2.414,351290.5
2026-05-24 21:35:00,2.414,2.417,2.39,2.404,355441.4
2026-05-24 21:40:00,2.405,2.416,2.396,2.397,136109.9
2026-05-24 21:45:00,2.398,2.399,2.371,2.385,296753.5
2026-05-24 21:50:00,2.386,2.409,2.385,2.407,153253.1
2026-05-24 21:55:00,2.408,2.409,2.388,2.394,135982.1
2026-05-24 22:00:00,2.394,2.441,2.393,2.425,419827.2
2026-05-24 22:05:00,2.425,2.438,2.422,2.436,118163.4
2026-05-24 22:10:00,2.436,2.448,2.427,2.437,185143.6
2026-05-24 22:15:00,2.437,2.44,2.42,2.435,154081.8
2026-05-24 22:20:00,2.434,2.44,2.422,2.433,148945.6
2026-05-24 22:25:00,2.434,2.445,2.428,2.428,113364.0
2026-05-24 22:30:00,2.428,2.446,2.42,2.421,121344.2
2026-05-24 22:35:00,2.422,2.432,2.4,2.405,319574.6
2026-05-24 22:40:00,2.406,2.408,2.391,2.403,99904.6
2026-05-24 22:45:00,2.402,2.424,2.401,2.407,89956.5
2026-05-24 22:50:00,2.407,2.419,2.402,2.414,111229.4
2026-05-24 22:55:00,2.414,2.417,2.407,2.408,41235.5
2026-05-24 23:00:00,2.408,2.424,2.408,2.421,85892.5
2026-05-24 23:05:00,2.42,2.431,2.414,2.414,126863.1
2026-05-24 23:10:00,2.414,2.425,2.412,2.425,34466.0
2026-05-24 23:15:00,2.425,2.429,2.411,2.416,120174.8
2026-05-24 23:20:00,2.416,2.418,2.406,2.413,82096.8
2026-05-24 23:25:00,2.412,2.412,2.404,2.412,89404.6
2026-05-24 23:30:00,2.413,2.423,2.408,2.412,138251.6
2026-05-24 23:35:00,2.411,2.42,2.406,2.413,130727.8
2026-05-24 23:40:00,2.413,2.414,2.393,2.398,110088.4
2026-05-24 23:45:00,2.399,2.406,2.392,2.403,83023.5
2026-05-24 23:50:00,2.402,2.413,2.394,2.397,71706.4
2026-05-24 23:55:00,2.397,2.4,2.387,2.395,87967.9
2026-05-25 00:00:00,2.396,2.408,2.39,2.396,134798.5
2026-05-25 00:05:00,2.396,2.417,2.389,2.412,232785.5
2026-05-25 00:10:00,2.412,2.426,2.412,2.415,84673.6
2026-05-25 00:15:00,2.415,2.426,2.408,2.41,101176.7
2026-05-25 00:20:00,2.41,2.413,2.393,2.396,85595.5
2026-05-25 00:25:00,2.396,2.401,2.388,2.4,106143.9
2026-05-25 00:30:00,2.401,2.402,2.388,2.393,92036.6
2026-05-25 00:35:00,2.393,2.395,2.382,2.389,85820.5
2026-05-25 00:40:00,2.39,2.398,2.387,2.398,53864.0
2026-05-25 00:45:00,2.398,2.403,2.39,2.399,36073.8
2026-05-25 00:50:00,2.399,2.399,2.38,2.382,55935.1
2026-05-25 00:55:00,2.382,2.389,2.375,2.381,59763.4
2026-05-25 01:00:00,2.382,2.385,2.369,2.379,138649.0
2026-05-25 01:05:00,2.38,2.39,2.378,2.383,119741.6
2026-05-25 01:10:00,2.383,2.385,2.363,2.372,136616.5
2026-05-25 01:15:00,2.372,2.398,2.372,2.393,131564.7
2026-05-25 01:20:00,2.394,2.397,2.388,2.388,126981.6
2026-05-25 01:25:00,2.388,2.391,2.381,2.383,76288.8
2026-05-25 01:30:00,2.384,2.392,2.378,2.389,82361.3
2026-05-25 01:35:00,2.389,2.393,2.38,2.392,76409.8
2026-05-25 01:40:00,2.391,2.396,2.384,2.385,93150.0
2026-05-25 01:45:00,2.384,2.398,2.383,2.398,105883.4
2026-05-25 01:50:00,2.398,2.403,2.386,2.389,137564.8
2026-05-25 01:55:00,2.389,2.389,2.353,2.362,323324.7
2026-05-25 02:00:00,2.362,2.376,2.359,2.372,166505.0
2026-05-25 02:05:00,2.373,2.406,2.373,2.396,160090.9
2026-05-25 02:10:00,2.396,2.417,2.395,2.409,106466.5
2026-05-25 02:15:00,2.409,2.415,2.396,2.414,120861.6
2026-05-25 02:20:00,2.414,2.414,2.396,2.399,63118.7
2026-05-25 02:25:00,2.4,2.403,2.392,2.4,78006.6
2026-05-25 02:30:00,2.401,2.402,2.363,2.368,297080.1
2026-05-25 02:35:00,2.368,2.376,2.363,2.37,161207.1
2026-05-25 02:40:00,2.371,2.372,2.337,2.354,485775.3
2026-05-25 02:45:00,2.354,2.358,2.346,2.357,107117.4
2026-05-25 02:50:00,2.357,2.366,2.357,2.36,55261.6
2026-05-25 02:55:00,2.36,2.369,2.36,2.364,53336.3
2026-05-25 03:00:00,2.365,2.37,2.348,2.354,99601.3
2026-05-25 03:05:00,2.353,2.356,2.338,2.34,172386.6
2026-05-25 03:10:00,2.341,2.353,2.34,2.349,75347.5
2026-05-25 03:15:00,2.349,2.364,2.346,2.36,85183.8
2026-05-25 03:20:00,2.359,2.361,2.35,2.351,49604.3
2026-05-25 03:25:00,2.351,2.354,2.347,2.351,64203.9
2026-05-25 03:30:00,2.351,2.354,2.346,2.349,54107.9
2026-05-25 03:35:00,2.35,2.355,2.347,2.353,144636.6
2026-05-25 03:40:00,2.353,2.358,2.351,2.351,24416.8
2026-05-25 03:45:00,2.351,2.353,2.346,2.351,58046.7
2026-05-25 03:50:00,2.351,2.36,2.35,2.357,30814.8
2026-05-25 03:55:00,2.357,2.357,2.347,2.349,104444.6
2026-05-25 04:00:00,2.349,2.359,2.346,2.348,66082.1
2026-05-25 04:05:00,2.348,2.351,2.342,2.344,82335.6
2026-05-25 04:10:00,2.345,2.353,2.344,2.346,39531.3
2026-05-25 04:15:00,2.347,2.353,2.344,2.349,22380.7
2026-05-25 04:20:00,2.35,2.364,2.348,2.359,56721.5
2026-05-25 04:25:00,2.359,2.363,2.353,2.355,52407.0
2026-05-25 04:30:00,2.356,2.363,2.354,2.36,76170.4
2026-05-25 04:35:00,2.36,2.365,2.354,2.358,109453.4
2026-05-25 04:40:00,2.358,2.373,2.358,2.37,75547.7
2026-05-25 04:45:00,2.37,2.375,2.365,2.366,55260.3
2026-05-25 04:50:00,2.366,2.376,2.363,2.371,39512.6
2026-05-25 04:55:00,2.37,2.395,2.369,2.387,140481.5
2026-05-25 05:00:00,2.386,2.386,2.379,2.383,48417.1
2026-05-25 05:05:00,2.384,2.406,2.382,2.391,233955.1
2026-05-25 05:10:00,2.392,2.393,2.385,2.388,88710.7
2026-05-25 05:15:00,2.387,2.396,2.385,2.395,105564.5
2026-05-25 05:20:00,2.395,2.395,2.377,2.378,100883.0
2026-05-25 05:25:00,2.379,2.384,2.375,2.382,53513.7
2026-05-25 05:30:00,2.382,2.384,2.369,2.369,44425.8
2026-05-25 05:35:00,2.369,2.376,2.359,2.361,99111.7
2026-05-25 05:40:00,2.362,2.373,2.362,2.367,86929.9
2026-05-25 05:45:00,2.367,2.372,2.364,2.368,69393.0
2026-05-25 05:50:00,2.367,2.368,2.362,2.365,68906.7
2026-05-25 05:55:00,2.365,2.37,2.363,2.37,38405.4
2026-05-25 06:00:00,2.369,2.404,2.368,2.401,168213.9
2026-05-25 06:05:00,2.401,2.416,2.397,2.413,170096.7
2026-05-25 06:10:00,2.413,2.413,2.402,2.408,164283.4
2026-05-25 06:15:00,2.408,2.41,2.384,2.384,168668.4
2026-05-25 06:20:00,2.384,2.385,2.378,2.38,70251.7
2026-05-25 06:25:00,2.38,2.383,2.373,2.379,91988.5
2026-05-25 06:30:00,2.378,2.389,2.377,2.381,53448.8
2026-05-25 06:35:00,2.38,2.39,2.38,2.386,73011.7
2026-05-25 06:40:00,2.385,2.391,2.385,2.389,23370.5
2026-05-25 06:45:00,2.39,2.4,2.39,2.394,53271.7
2026-05-25 06:50:00,2.393,2.394,2.379,2.379,73668.8
2026-05-25 06:55:00,2.378,2.378,2.369,2.375,119842.9
2026-05-25 07:00:00,2.375,2.382,2.373,2.374,82274.1
2026-05-25 07:05:00,2.375,2.381,2.371,2.379,39307.8
2026-05-25 07:10:00,2.38,2.386,2.378,2.38,40213.7
2026-05-25 07:15:00,2.381,2.388,2.371,2.372,186353.7
2026-05-25 07:20:00,2.372,2.385,2.366,2.381,92839.0
2026-05-25 07:25:00,2.381,2.381,2.367,2.37,40819.1
2026-05-25 07:30:00,2.37,2.376,2.365,2.373,70974.8
2026-05-25 07:35:00,2.373,2.376,2.371,2.373,34405.0
2026-05-25 07:40:00,2.373,2.373,2.36,2.365,49229.6
2026-05-25 07:45:00,2.365,2.374,2.362,2.372,85688.6
2026-05-25 07:50:00,2.372,2.394,2.372,2.394,96355.8
2026-05-25 07:55:00,2.395,2.395,2.382,2.384,218924.1
2026-05-25 08:00:00,2.384,2.397,2.382,2.391,192764.3
2026-05-25 08:05:00,2.391,2.398,2.387,2.388,66928.1
2026-05-25 08:10:00,2.388,2.394,2.382,2.385,26829.0
2026-05-25 08:15:00,2.386,2.387,2.379,2.384,34750.7
2026-05-25 08:20:00,2.384,2.389,2.378,2.379,38686.4
2026-05-25 08:25:00,2.378,2.379,2.372,2.376,52861.8
2026-05-25 08:30:00,2.376,2.376,2.368,2.37,49241.7
2026-05-25 08:35:00,2.371,2.392,2.369,2.392,120754.6
2026-05-25 08:40:00,2.393,2.403,2.387,2.395,171456.8
2026-05-25 08:45:00,2.396,2.404,2.396,2.402,89500.8
2026-05-25 08:50:00,2.402,2.405,2.395,2.403,58974.1
2026-05-25 08:55:00,2.402,2.419,2.402,2.416,288613.0
2026-05-25 09:00:00,2.416,2.417,2.396,2.4,85766.6
2026-05-25 09:05:00,2.4,2.409,2.395,2.402,102068.0
2026-05-25 09:10:00,2.401,2.401,2.38,2.382,259415.4
2026-05-25 09:15:00,2.383,2.392,2.38,2.389,116276.2
2026-05-25 09:20:00,2.39,2.395,2.383,2.393,97631.0
2026-05-25 09:25:00,2.393,2.397,2.39,2.392,60623.0
2026-05-25 09:30:00,2.392,2.405,2.392,2.401,92314.7
2026-05-25 09:35:00,2.4,2.404,2.393,2.393,61350.8
2026-05-25 09:40:00,2.393,2.413,2.393,2.412,127986.2
2026-05-25 09:45:00,2.412,2.431,2.412,2.426,351164.4
2026-05-25 09:50:00,2.426,2.432,2.419,2.431,105240.9
2026-05-25 09:55:00,2.431,2.436,2.416,2.42,105503.3
2026-05-25 10:00:00,2.42,2.434,2.419,2.432,191624.5
2026-05-25 10:05:00,2.432,2.445,2.43,2.436,228949.5
2026-05-25 10:10:00,2.436,2.442,2.424,2.426,277716.5
2026-05-25 10:15:00,2.425,2.437,2.416,2.433,195065.1
2026-05-25 10:20:00,2.434,2.434,2.426,2.43,217884.6
2026-05-25 10:25:00,2.431,2.442,2.428,2.439,86817.0
2026-05-25 10:30:00,2.439,2.456,2.434,2.436,239909.3
2026-05-25 10:35:00,2.437,2.443,2.431,2.438,172919.8
2026-05-25 10:40:00,2.438,2.451,2.434,2.446,313404.1
2026-05-25 10:45:00,2.446,2.461,2.446,2.46,259200.2
2026-05-25 10:50:00,2.461,2.464,2.454,2.459,153137.3
2026-05-25 10:55:00,2.458,2.467,2.451,2.46,305041.1
2026-05-25 11:00:00,2.46,2.464,2.451,2.459,188621.1
2026-05-25 11:05:00,2.459,2.468,2.452,2.466,182915.8
2026-05-25 11:10:00,2.466,2.474,2.462,2.47,138281.0
2026-05-25 11:15:00,2.471,2.475,2.453,2.455,152273.5
2026-05-25 11:20:00,2.456,2.464,2.452,2.464,94813.4
2026-05-25 11:25:00,2.464,2.47,2.459,2.465,167452.0
2026-05-25 11:30:00,2.465,2.466,2.443,2.451,318965.3
2026-05-25 11:35:00,2.451,2.452,2.435,2.442,124575.1
2026-05-25 11:40:00,2.442,2.442,2.432,2.435,100291.9
2026-05-25 11:45:00,2.436,2.444,2.433,2.441,136705.6
2026-05-25 11:50:00,2.441,2.442,2.425,2.435,139009.2
2026-05-25 11:55:00,2.434,2.445,2.433,2.442,141944.9
2026-05-25 12:00:00,2.442,2.452,2.43,2.451,243662.1
2026-05-25 12:05:00,2.45,2.487,2.449,2.486,341533.0
2026-05-25 12:10:00,2.487,2.509,2.481,2.506,470284.5
2026-05-25 12:15:00,2.506,2.578,2.504,2.552,1366233.6
2026-05-25 12:20:00,2.552,2.557,2.513,2.523,655445.2
2026-05-25 12:25:00,2.523,2.54,2.522,2.539,405452.3
2026-05-25 12:30:00,2.54,2.543,2.517,2.534,320871.4
2026-05-25 12:35:00,2.534,2.556,2.534,2.546,330855.9
2026-05-25 12:40:00,2.547,2.551,2.529,2.543,219785.5
2026-05-25 12:45:00,2.543,2.549,2.524,2.534,235489.1
2026-05-25 12:50:00,2.534,2.536,2.507,2.517,295143.5
2026-05-25 12:55:00,2.517,2.52,2.481,2.483,512102.1
2026-05-25 13:00:00,2.483,2.52,2.48,2.518,333882.6
2026-05-25 13:05:00,2.518,2.538,2.512,2.525,237405.5
2026-05-25 13:10:00,2.525,2.528,2.494,2.525,316338.5
2026-05-25 13:15:00,2.524,2.526,2.503,2.507,471013.1
2026-05-25 13:20:00,2.507,2.524,2.498,2.523,178718.7
2026-05-25 13:25:00,2.522,2.535,2.506,2.526,305415.9
2026-05-25 13:30:00,2.525,2.547,2.52,2.526,382531.7
2026-05-25 13:35:00,2.526,2.54,2.51,2.538,509446.9
2026-05-25 13:40:00,2.539,2.587,2.537,2.583,597115.9
2026-05-25 13:45:00,2.584,2.604,2.572,2.601,590238.5
2026-05-25 13:50:00,2.602,2.627,2.582,2.627,517602.6
2026-05-25 13:55:00,2.626,2.632,2.611,2.616,555953.3
2026-05-25 14:00:00,2.617,2.642,2.617,2.625,887088.9
2026-05-25 14:05:00,2.625,2.649,2.623,2.645,593369.1
2026-05-25 14:10:00,2.645,2.673,2.639,2.658,792626.9
2026-05-25 14:15:00,2.657,2.68,2.652,2.666,478087.3
2026-05-25 14:20:00,2.666,2.683,2.656,2.669,364430.1
2026-05-25 14:25:00,2.67,2.672,2.644,2.668,496866.1
2026-05-25 14:30:00,2.669,2.685,2.656,2.662,643307.6
2026-05-25 14:35:00,2.662,2.672,2.648,2.649,436656.5
2026-05-25 14:40:00,2.65,2.661,2.627,2.653,597851.7
2026-05-25 14:45:00,2.653,2.69,2.653,2.681,945804.9
2026-05-25 14:50:00,2.68,2.687,2.669,2.678,334486.4
2026-05-25 14:55:00,2.677,2.682,2.665,2.675,413122.7
2026-05-25 15:00:00,2.675,2.687,2.666,2.67,608530.9
2026-05-25 15:05:00,2.67,2.675,2.651,2.653,328234.5
2026-05-25 15:10:00,2.652,2.663,2.639,2.647,405532.4
2026-05-25 15:15:00,2.648,2.659,2.637,2.644,233932.3
2026-05-25 15:20:00,2.643,2.651,2.63,2.648,256202.2
2026-05-25 15:25:00,2.648,2.67,2.644,2.669,397829.7
2026-05-25 15:30:00,2.67,2.683,2.656,2.679,328572.8
2026-05-25 15:35:00,2.679,2.681,2.663,2.672,186534.4
2026-05-25 15:40:00,2.671,2.683,2.663,2.668,288255.2
2026-05-25 15:45:00,2.668,2.705,2.667,2.702,562108.6
2026-05-25 15:50:00,2.703,2.709,2.69,2.703,274941.8
2026-05-25 15:55:00,2.702,2.719,2.698,2.713,340552.3
2026-05-25 16:00:00,2.713,2.716,2.691,2.701,308093.0
2026-05-25 16:05:00,2.701,2.702,2.688,2.693,269475.6
2026-05-25 16:10:00,2.693,2.711,2.681,2.691,462443.5
2026-05-25 16:15:00,2.692,2.704,2.67,2.688,503178.6
2026-05-25 16:20:00,2.689,2.715,2.681,2.707,206937.0
2026-05-25 16:25:00,2.707,2.713,2.695,2.696,146763.5
2026-05-25 16:30:00,2.695,2.71,2.69,2.709,132498.9
2026-05-25 16:35:00,2.709,2.74,2.709,2.735,683164.9
2026-05-25 16:40:00,2.735,2.742,2.728,2.739,282655.6
2026-05-25 16:45:00,2.739,2.799,2.734,2.795,933458.2
2026-05-25 16:50:00,2.795,2.824,2.779,2.794,1076418.8
2026-05-25 16:55:00,2.793,2.8,2.778,2.785,558080.7
2026-05-25 17:00:00,2.785,2.8,2.771,2.789,454122.1
2026-05-25 17:05:00,2.79,2.818,2.781,2.794,577942.6
2026-05-25 17:10:00,2.794,2.799,2.78,2.788,251802.8
2026-05-25 17:15:00,2.789,2.789,2.766,2.775,234862.7
2026-05-25 17:20:00,2.775,2.775,2.76,2.772,256909.9
2026-05-25 17:25:00,2.771,2.777,2.761,2.767,210089.5
2026-05-25 17:30:00,2.766,2.767,2.744,2.749,353969.8
2026-05-25 17:35:00,2.749,2.76,2.737,2.756,327742.9
2026-05-25 17:40:00,2.756,2.758,2.735,2.745,209764.8
2026-05-25 17:45:00,2.744,2.744,2.729,2.733,151729.7
2026-05-25 17:50:00,2.733,2.742,2.708,2.714,245176.4
2026-05-25 17:55:00,2.715,2.739,2.707,2.737,360240.8
2026-05-25 18:00:00,2.737,2.748,2.728,2.743,211196.1
2026-05-25 18:05:00,2.744,2.761,2.74,2.748,184102.0
2026-05-25 18:10:00,2.749,2.763,2.747,2.758,209064.3
2026-05-25 18:15:00,2.757,2.769,2.753,2.757,159396.5
2026-05-25 18:20:00,2.758,2.759,2.719,2.722,219326.5
2026-05-25 18:25:00,2.722,2.739,2.721,2.734,139496.6
2026-05-25 18:30:00,2.734,2.746,2.721,2.725,228539.7
2026-05-25 18:35:00,2.724,2.727,2.709,2.711,181342.3
2026-05-25 18:40:00,2.712,2.735,2.704,2.732,130746.9
2026-05-25 18:45:00,2.732,2.735,2.722,2.725,88009.6
2026-05-25 18:50:00,2.725,2.731,2.715,2.727,106428.0
2026-05-25 18:55:00,2.727,2.728,2.715,2.72,159051.8
2026-05-25 19:00:00,2.72,2.728,2.709,2.716,244826.8
2026-05-25 19:05:00,2.716,2.726,2.709,2.722,124793.3
2026-05-25 19:10:00,2.722,2.738,2.714,2.737,131179.8
2026-05-25 19:15:00,2.738,2.75,2.728,2.737,150752.4
2026-05-25 19:20:00,2.738,2.761,2.735,2.76,138127.6
2026-05-25 19:25:00,2.76,2.772,2.754,2.768,185117.9
2026-05-25 19:30:00,2.768,2.776,2.74,2.74,526030.6
2026-05-25 19:35:00,2.74,2.74,2.72,2.722,259020.3
2026-05-25 19:40:00,2.723,2.74,2.715,2.739,125563.5
2026-05-25 19:45:00,2.739,2.748,2.731,2.731,127251.9
2026-05-25 19:50:00,2.731,2.766,2.731,2.755,235056.6
2026-05-25 19:55:00,2.755,2.763,2.748,2.757,98266.9
2026-05-25 20:00:00,2.757,2.77,2.755,2.757,76316.6
2026-05-25 20:05:00,2.758,2.788,2.755,2.775,276524.6
2026-05-25 20:10:00,2.776,2.785,2.766,2.766,89289.7
2026-05-25 20:15:00,2.766,2.778,2.761,2.769,250751.8
2026-05-25 20:20:00,2.77,2.777,2.757,2.759,123498.4
2026-05-25 20:25:00,2.759,2.763,2.75,2.752,109376.0
2026-05-25 20:30:00,2.753,2.759,2.744,2.747,118897.6
2026-05-25 20:35:00,2.746,2.747,2.728,2.74,168850.0
2026-05-25 20:40:00,2.739,2.74,2.719,2.736,132352.2
2026-05-25 20:45:00,2.736,2.745,2.722,2.741,120680.7
2026-05-25 20:50:00,2.741,2.761,2.738,2.755,199060.5
2026-05-25 20:55:00,2.755,2.771,2.753,2.754,254727.9
2026-05-25 21:00:00,2.753,2.782,2.752,2.779,173688.1
2026-05-25 21:05:00,2.779,2.789,2.773,2.784,156109.1
2026-05-25 21:10:00,2.785,2.785,2.768,2.772,102591.0
2026-05-25 21:15:00,2.773,2.779,2.754,2.759,119348.9
2026-05-25 21:20:00,2.76,2.763,2.755,2.758,69927.9
2026-05-25 21:25:00,2.757,2.772,2.755,2.765,93787.9
2026-05-25 21:30:00,2.764,2.772,2.759,2.771,83884.9
2026-05-25 21:35:00,2.772,2.784,2.753,2.764,134022.6
2026-05-25 21:40:00,2.763,2.763,2.75,2.752,62278.6
2026-05-25 21:45:00,2.752,2.766,2.751,2.765,55285.8
2026-05-25 21:50:00,2.766,2.782,2.764,2.775,85442.7
2026-05-25 21:55:00,2.775,2.793,2.767,2.79,173880.7
2026-05-25 22:00:00,2.789,2.797,2.767,2.769,239570.8
2026-05-25 22:05:00,2.769,2.777,2.761,2.763,93012.0
2026-05-25 22:10:00,2.762,2.779,2.761,2.772,92494.5
2026-05-25 22:15:00,2.772,2.782,2.765,2.768,209251.9
2026-05-25 22:20:00,2.768,2.778,2.765,2.77,61313.7
2026-05-25 22:25:00,2.77,2.777,2.753,2.757,168666.5
2026-05-25 22:30:00,2.758,2.759,2.737,2.744,298423.4
2026-05-25 22:35:00,2.744,2.752,2.728,2.747,319892.9
2026-05-25 22:40:00,2.746,2.754,2.739,2.741,91364.2
2026-05-25 22:45:00,2.741,2.77,2.741,2.77,126271.9
2026-05-25 22:50:00,2.77,2.777,2.759,2.776,137853.5
2026-05-25 22:55:00,2.776,2.785,2.765,2.767,190158.3
2026-05-25 23:00:00,2.766,2.782,2.762,2.78,195115.9
2026-05-25 23:05:00,2.779,2.787,2.777,2.778,131945.4
2026-05-25 23:10:00,2.779,2.797,2.775,2.79,156932.4
2026-05-25 23:15:00,2.791,2.806,2.775,2.778,277024.8
2026-05-25 23:20:00,2.778,2.783,2.768,2.771,223355.5
2026-05-25 23:25:00,2.771,2.779,2.765,2.778,198266.4
2026-05-25 23:30:00,2.779,2.786,2.768,2.769,153969.9
2026-05-25 23:35:00,2.769,2.769,2.757,2.764,154635.3
2026-05-25 23:40:00,2.765,2.767,2.752,2.753,178286.0
2026-05-25 23:45:00,2.754,2.77,2.75,2.767,210975.6
2026-05-25 23:50:00,2.767,2.79,2.765,2.784,441938.0
2026-05-25 23:55:00,2.784,2.787,2.771,2.772,180010.8
2026-05-26 00:00:00,2.772,2.776,2.748,2.751,505794.8
2026-05-26 00:05:00,2.751,2.759,2.747,2.755,216457.3
2026-05-26 00:10:00,2.756,2.762,2.747,2.757,178055.2
2026-05-26 00:15:00,2.757,2.76,2.749,2.758,150855.0
2026-05-26 00:20:00,2.758,2.764,2.746,2.752,239619.5
2026-05-26 00:25:00,2.753,2.767,2.749,2.749,324803.6
2026-05-26 00:30:00,2.749,2.775,2.745,2.774,344360.7
2026-05-26 00:35:00,2.774,2.775,2.741,2.754,323659.1
2026-05-26 00:40:00,2.754,2.754,2.733,2.736,286355.7
2026-05-26 00:45:00,2.736,2.738,2.718,2.72,428069.8
2026-05-26 00:50:00,2.72,2.731,2.708,2.713,462596.7
2026-05-26 00:55:00,2.714,2.734,2.714,2.72,233281.8
2026-05-26 01:00:00,2.72,2.731,2.696,2.698,433008.2
2026-05-26 01:05:00,2.697,2.722,2.676,2.721,580088.6
2026-05-26 01:10:00,2.721,2.727,2.707,2.721,222640.1
2026-05-26 01:15:00,2.72,2.727,2.707,2.725,215591.4
2026-05-26 01:20:00,2.726,2.726,2.697,2.7,207056.8
2026-05-26 01:25:00,2.7,2.715,2.696,2.709,126872.0
2026-05-26 01:30:00,2.709,2.709,2.675,2.679,279336.5
2026-05-26 01:35:00,2.68,2.687,2.672,2.678,238893.6
2026-05-26 01:40:00,2.678,2.68,2.666,2.672,228301.4
2026-05-26 01:45:00,2.673,2.697,2.67,2.689,220896.8
2026-05-26 01:50:00,2.689,2.699,2.681,2.695,97263.2
2026-05-26 01:55:00,2.695,2.699,2.684,2.685,75042.5
2026-05-26 02:00:00,2.686,2.689,2.666,2.668,161597.8
2026-05-26 02:05:00,2.668,2.682,2.667,2.678,108308.5
2026-05-26 02:10:00,2.677,2.695,2.677,2.693,104278.0
2026-05-26 02:15:00,2.693,2.712,2.683,2.71,178579.0
2026-05-26 02:20:00,2.711,2.72,2.7,2.702,115656.2
2026-05-26 02:25:00,2.701,2.706,2.696,2.699,89145.0
2026-05-26 02:30:00,2.7,2.713,2.693,2.71,67387.5
2026-05-26 02:35:00,2.711,2.719,2.707,2.715,62365.4
2026-05-26 02:40:00,2.715,2.741,2.713,2.729,575454.2
2026-05-26 02:45:00,2.73,2.758,2.729,2.752,239833.7
2026-05-26 02:50:00,2.753,2.764,2.746,2.746,158945.5
2026-05-26 02:55:00,2.746,2.75,2.726,2.73,164027.1
2026-05-26 03:00:00,2.731,2.733,2.706,2.711,135990.9
2026-05-26 03:05:00,2.711,2.716,2.702,2.712,125813.8
2026-05-26 03:10:00,2.711,2.73,2.711,2.717,180422.8
2026-05-26 03:15:00,2.717,2.727,2.714,2.714,77207.7
2026-05-26 03:20:00,2.715,2.732,2.715,2.728,62482.8
2026-05-26 03:25:00,2.728,2.746,2.719,2.746,108178.9
2026-05-26 03:30:00,2.746,2.757,2.735,2.749,115357.2
2026-05-26 03:35:00,2.75,2.758,2.748,2.752,136882.1
2026-05-26 03:40:00,2.751,2.752,2.73,2.737,112197.2
2026-05-26 03:45:00,2.737,2.737,2.725,2.731,142871.0
2026-05-26 03:50:00,2.731,2.735,2.718,2.725,73831.9
2026-05-26 03:55:00,2.725,2.727,2.719,2.723,74155.7
2026-05-26 04:00:00,2.724,2.742,2.722,2.742,208942.0
2026-05-26 04:05:00,2.742,2.745,2.73,2.732,105399.1
2026-05-26 04:10:00,2.732,2.744,2.728,2.743,150892.3
2026-05-26 04:15:00,2.743,2.749,2.729,2.743,156064.5
2026-05-26 04:20:00,2.744,2.781,2.739,2.776,199304.9
2026-05-26 04:25:00,2.776,2.783,2.768,2.782,236486.2
2026-05-26 04:30:00,2.782,2.787,2.771,2.777,261275.4
2026-05-26 04:35:00,2.778,2.806,2.775,2.777,721934.3
2026-05-26 04:40:00,2.777,2.781,2.769,2.772,311430.9
2026-05-26 04:45:00,2.772,2.773,2.758,2.758,177661.2
2026-05-26 04:50:00,2.759,2.775,2.751,2.773,227386.1
2026-05-26 04:55:00,2.772,2.787,2.77,2.786,159403.3
2026-05-26 05:00:00,2.786,2.786,2.763,2.765,180535.8
2026-05-26 05:05:00,2.765,2.768,2.752,2.764,166965.5
2026-05-26 05:10:00,2.764,2.768,2.755,2.759,105984.6
2026-05-26 05:15:00,2.76,2.766,2.753,2.758,69948.1
2026-05-26 05:20:00,2.757,2.769,2.745,2.769,216214.7
2026-05-26 05:25:00,2.769,2.771,2.757,2.77,86370.8
2026-05-26 05:30:00,2.769,2.783,2.766,2.78,119136.8
2026-05-26 05:35:00,2.781,2.798,2.764,2.765,203137.7
2026-05-26 05:40:00,2.764,2.773,2.75,2.763,361869.2
2026-05-26 05:45:00,2.763,2.772,2.75,2.753,278650.0
2026-05-26 05:50:00,2.753,2.757,2.747,2.757,82482.3
2026-05-26 05:55:00,2.758,2.759,2.741,2.746,171310.0
2026-05-26 06:00:00,2.747,2.747,2.717,2.729,336863.6
2026-05-26 06:05:00,2.729,2.741,2.728,2.734,171261.8
2026-05-26 06:10:00,2.734,2.747,2.72,2.744,360915.1
2026-05-26 06:15:00,2.745,2.774,2.744,2.758,407653.7
2026-05-26 06:20:00,2.757,2.757,2.732,2.747,222386.9
2026-05-26 06:25:00,2.747,2.749,2.736,2.745,142466.0
2026-05-26 06:30:00,2.745,2.769,2.743,2.763,130263.3
2026-05-26 06:35:00,2.764,2.774,2.764,2.77,108015.8
2026-05-26 06:40:00,2.771,2.775,2.759,2.77,145639.9
2026-05-26 06:45:00,2.77,2.78,2.765,2.771,90567.4
2026-05-26 06:50:00,2.771,2.772,2.756,2.757,104896.8
2026-05-26 06:55:00,2.758,2.758,2.735,2.735,87954.0
2026-05-26 07:00:00,2.736,2.74,2.726,2.727,158778.5
2026-05-26 07:05:00,2.728,2.735,2.721,2.721,160415.5
2026-05-26 07:10:00,2.721,2.725,2.707,2.713,175164.3
2026-05-26 07:15:00,2.714,2.728,2.705,2.723,302693.5
2026-05-26 07:20:00,2.723,2.737,2.72,2.732,136778.7
2026-05-26 07:25:00,2.731,2.733,2.719,2.724,85106.2
2026-05-26 07:30:00,2.724,2.726,2.711,2.717,140952.3
2026-05-26 07:35:00,2.717,2.72,2.708,2.715,111637.9
2026-05-26 07:40:00,2.715,2.725,2.713,2.723,130976.2
2026-05-26 07:45:00,2.724,2.729,2.716,2.726,88906.5
2026-05-26 07:50:00,2.725,2.733,2.718,2.718,132308.5
2026-05-26 07:55:00,2.718,2.721,2.709,2.721,217630.6
2026-05-26 08:00:00,2.721,2.747,2.718,2.721,271362.6
2026-05-26 08:05:00,2.721,2.728,2.719,2.727,115972.4
2026-05-26 08:10:00,2.727,2.734,2.708,2.712,157351.2
2026-05-26 08:15:00,2.712,2.712,2.689,2.691,453670.6
2026-05-26 08:20:00,2.691,2.696,2.686,2.692,198757.7
2026-05-26 08:25:00,2.692,2.695,2.681,2.695,234161.4
2026-05-26 08:30:00,2.695,2.702,2.691,2.699,208488.4
2026-05-26 08:35:00,2.699,2.728,2.697,2.727,212258.2
2026-05-26 08:40:00,2.727,2.741,2.721,2.729,139182.6
2026-05-26 08:45:00,2.73,2.736,2.719,2.723,132473.7
2026-05-26 08:50:00,2.723,2.757,2.723,2.751,477196.1
2026-05-26 08:55:00,2.751,2.751,2.734,2.738,124004.3
2026-05-26 09:00:00,2.738,2.746,2.733,2.738,134281.0
2026-05-26 09:05:00,2.738,2.751,2.734,2.75,78918.7
2026-05-26 09:10:00,2.75,2.763,2.746,2.758,120614.5
2026-05-26 09:15:00,2.759,2.77,2.751,2.759,242026.9
2026-05-26 09:20:00,2.759,2.762,2.73,2.731,135476.4
2026-05-26 09:25:00,2.731,2.74,2.721,2.727,142921.3
2026-05-26 09:30:00,2.728,2.732,2.722,2.727,112999.9
2026-05-26 09:35:00,2.727,2.73,2.701,2.708,610713.6
2026-05-26 09:40:00,2.708,2.727,2.706,2.72,436024.5
2026-05-26 09:45:00,2.721,2.724,2.697,2.703,456989.9
2026-05-26 09:50:00,2.703,2.71,2.699,2.702,95556.7
2026-05-26 09:55:00,2.701,2.716,2.7,2.713,90218.9
2026-05-26 10:00:00,2.714,2.722,2.707,2.717,128685.4
2026-05-26 10:05:00,2.717,2.726,2.714,2.726,133765.1
2026-05-26 10:10:00,2.726,2.745,2.725,2.738,259738.3
2026-05-26 10:15:00,2.739,2.775,2.739,2.773,422686.0
2026-05-26 10:20:00,2.774,2.788,2.76,2.775,271452.6
2026-05-26 10:25:00,2.775,2.808,2.774,2.801,599441.8
2026-05-26 10:30:00,2.802,2.828,2.801,2.822,565641.3
2026-05-26 10:35:00,2.822,2.848,2.81,2.84,582899.6
2026-05-26 10:40:00,2.84,2.873,2.84,2.858,476274.7
2026-05-26 10:45:00,2.859,2.9,2.852,2.886,645185.1
2026-05-26 10:50:00,2.887,2.896,2.869,2.882,283031.1
2026-05-26 10:55:00,2.881,2.905,2.881,2.896,423092.1
2026-05-26 11:00:00,2.896,2.918,2.889,2.914,410622.1
2026-05-26 11:05:00,2.915,2.924,2.897,2.907,298561.6
2026-05-26 11:10:00,2.908,2.937,2.906,2.922,331680.9
2026-05-26 11:15:00,2.922,2.95,2.916,2.929,766530.0
2026-05-26 11:20:00,2.929,2.933,2.914,2.922,371857.8
2026-05-26 11:25:00,2.922,2.947,2.922,2.945,323453.7
2026-05-26 11:30:00,2.945,2.965,2.94,2.954,494280.0
2026-05-26 11:35:00,2.954,2.966,2.945,2.958,306878.1
2026-05-26 11:40:00,2.958,2.973,2.954,2.964,561719.7
2026-05-26 11:45:00,2.965,2.978,2.948,2.97,357559.3
2026-05-26 11:50:00,2.97,2.972,2.892,2.902,1078424.4
2026-05-26 11:55:00,2.902,2.903,2.854,2.855,828965.8
2026-05-26 12:00:00,2.854,2.869,2.816,2.833,978128.3
2026-05-26 12:05:00,2.834,2.86,2.787,2.791,1404177.0
2026-05-26 12:10:00,2.791,2.813,2.788,2.798,528284.8
2026-05-26 12:15:00,2.797,2.818,2.787,2.802,594319.5
2026-05-26 12:20:00,2.802,2.811,2.766,2.768,694156.0
2026-05-26 12:25:00,2.768,2.82,2.767,2.782,576113.5
2026-05-26 12:30:00,2.782,2.803,2.78,2.794,413840.3
2026-05-26 12:35:00,2.794,2.808,2.78,2.781,401566.7
2026-05-26 12:40:00,2.781,2.79,2.763,2.779,394243.2
2026-05-26 12:45:00,2.779,2.78,2.754,2.778,296547.8
2026-05-26 12:50:00,2.778,2.821,2.77,2.801,607819.5
2026-05-26 12:55:00,2.801,2.822,2.779,2.784,474093.4
2026-05-26 13:00:00,2.784,2.784,2.738,2.752,539501.0
2026-05-26 13:05:00,2.753,2.769,2.75,2.762,203508.1
2026-05-26 13:10:00,2.761,2.771,2.751,2.766,283613.0
2026-05-26 13:15:00,2.767,2.771,2.752,2.762,204285.8
2026-05-26 13:20:00,2.761,2.764,2.752,2.76,135242.6
2026-05-26 13:25:00,2.761,2.767,2.751,2.757,109877.6
2026-05-26 13:30:00,2.758,2.771,2.746,2.754,277879.4
2026-05-26 13:35:00,2.754,2.797,2.75,2.786,281197.5
2026-05-26 13:40:00,2.786,2.838,2.785,2.829,489302.8
2026-05-26 13:45:00,2.828,2.857,2.828,2.844,681444.6
2026-05-26 13:50:00,2.844,2.881,2.84,2.879,665556.4
2026-05-26 13:55:00,2.88,2.888,2.817,2.824,897835.0
2026-05-26 14:00:00,2.824,2.87,2.823,2.851,373295.4
2026-05-26 14:05:00,2.852,2.854,2.824,2.846,314891.8
2026-05-26 14:10:00,2.847,2.854,2.839,2.845,344283.1
2026-05-26 14:15:00,2.846,2.864,2.828,2.855,343138.3
2026-05-26 14:20:00,2.856,2.89,2.853,2.888,311369.2
2026-05-26 14:25:00,2.888,2.913,2.887,2.898,282037.6
2026-05-26 14:30:00,2.898,2.904,2.847,2.857,397347.7
2026-05-26 14:35:00,2.858,2.864,2.825,2.829,325563.8
2026-05-26 14:40:00,2.829,2.841,2.82,2.832,228522.9
2026-05-26 14:45:00,2.833,2.855,2.819,2.84,454283.0
2026-05-26 14:50:00,2.84,2.867,2.837,2.851,393071.9
2026-05-26 14:55:00,2.85,2.851,2.829,2.835,192481.3
2026-05-26 15:00:00,2.836,2.846,2.811,2.836,255328.8
2026-05-26 15:05:00,2.837,2.844,2.8,2.807,577214.9
2026-05-26 15:10:00,2.807,2.828,2.807,2.815,198446.2
2026-05-26 15:15:00,2.815,2.815,2.787,2.79,512314.6
2026-05-26 15:20:00,2.791,2.807,2.77,2.802,398498.2
2026-05-26 15:25:00,2.803,2.817,2.799,2.804,90553.7
2026-05-26 15:30:00,2.804,2.808,2.763,2.776,342675.4
2026-05-26 15:35:00,2.776,2.786,2.768,2.779,188003.4
2026-05-26 15:40:00,2.778,2.782,2.769,2.776,101240.4
2026-05-26 15:45:00,2.776,2.777,2.758,2.767,204560.2
2026-05-26 15:50:00,2.767,2.767,2.745,2.754,210171.5
2026-05-26 15:55:00,2.754,2.77,2.753,2.763,195844.5
2026-05-26 16:00:00,2.763,2.763,2.734,2.744,337185.3
2026-05-26 16:05:00,2.745,2.757,2.741,2.745,138302.2
2026-05-26 16:10:00,2.746,2.755,2.74,2.742,208324.8
2026-05-26 16:15:00,2.742,2.757,2.735,2.74,185813.7
2026-05-26 16:20:00,2.74,2.745,2.705,2.719,348883.0
2026-05-26 16:25:00,2.718,2.739,2.712,2.736,170881.2
2026-05-26 16:30:00,2.735,2.74,2.718,2.73,197431.1
2026-05-26 16:35:00,2.729,2.748,2.729,2.741,165963.6
2026-05-26 16:40:00,2.741,2.745,2.731,2.738,157203.7
2026-05-26 16:45:00,2.739,2.751,2.734,2.736,122717.0
2026-05-26 16:50:00,2.736,2.754,2.736,2.752,136160.3
2026-05-26 16:55:00,2.752,2.753,2.726,2.74,141684.7
2026-05-26 17:00:00,2.74,2.744,2.729,2.736,63549.6
2026-05-26 17:05:00,2.737,2.744,2.719,2.737,231611.1
2026-05-26 17:10:00,2.737,2.741,2.711,2.72,205689.6
2026-05-26 17:15:00,2.721,2.723,2.692,2.698,243050.7
2026-05-26 17:20:00,2.698,2.705,2.674,2.69,500386.0
2026-05-26 17:25:00,2.69,2.703,2.678,2.681,392159.5
2026-05-26 17:30:00,2.681,2.699,2.676,2.699,357916.7
2026-05-26 17:35:00,2.699,2.701,2.681,2.691,229058.0
2026-05-26 17:40:00,2.691,2.711,2.687,2.7,198202.7
2026-05-26 17:45:00,2.7,2.715,2.691,2.708,184867.3
2026-05-26 17:50:00,2.708,2.71,2.691,2.694,108679.7
2026-05-26 17:55:00,2.694,2.703,2.687,2.694,104827.5
2026-05-26 18:00:00,2.694,2.7,2.684,2.695,162289.3
2026-05-26 18:05:00,2.696,2.696,2.678,2.692,74447.9
2026-05-26 18:10:00,2.692,2.692,2.666,2.677,175042.8
2026-05-26 18:15:00,2.676,2.683,2.667,2.679,135890.5
2026-05-26 18:20:00,2.679,2.688,2.672,2.685,83426.9
2026-05-26 18:25:00,2.685,2.685,2.636,2.643,747038.4
2026-05-26 18:30:00,2.644,2.655,2.639,2.643,137164.1
2026-05-26 18:35:00,2.644,2.645,2.597,2.609,638039.3
2026-05-26 18:40:00,2.609,2.62,2.59,2.602,516058.6
2026-05-26 18:45:00,2.602,2.619,2.601,2.608,126527.1
2026-05-26 18:50:00,2.607,2.631,2.607,2.629,64074.8
2026-05-26 18:55:00,2.629,2.64,2.614,2.625,89523.5
2026-05-26 19:00:00,2.625,2.634,2.62,2.624,64905.5
2026-05-26 19:05:00,2.624,2.63,2.621,2.629,62618.5
2026-05-26 19:10:00,2.628,2.628,2.595,2.603,189907.9
2026-05-26 19:15:00,2.603,2.624,2.594,2.622,165178.3
2026-05-26 19:20:00,2.623,2.628,2.617,2.621,72927.0
2026-05-26 19:25:00,2.622,2.648,2.622,2.631,138111.4
2026-05-26 19:30:00,2.631,2.647,2.631,2.644,51990.6
2026-05-26 19:35:00,2.643,2.657,2.639,2.642,112012.4
2026-05-26 19:40:00,2.641,2.644,2.637,2.641,74626.0
2026-05-26 19:45:00,2.641,2.66,2.641,2.646,103729.3
2026-05-26 19:50:00,2.646,2.658,2.645,2.653,74194.3
2026-05-26 19:55:00,2.653,2.66,2.649,2.654,41131.7
2026-05-26 20:00:00,2.654,2.667,2.649,2.666,62082.7
2026-05-26 20:05:00,2.666,2.672,2.66,2.667,96594.8
2026-05-26 20:10:00,2.668,2.671,2.657,2.659,107824.4
2026-05-26 20:15:00,2.658,2.676,2.656,2.659,151971.5
2026-05-26 20:20:00,2.66,2.665,2.639,2.641,146937.6
2026-05-26 20:25:00,2.641,2.653,2.637,2.644,93136.7
2026-05-26 20:30:00,2.644,2.65,2.639,2.64,110232.8
2026-05-26 20:35:00,2.641,2.642,2.624,2.634,102756.2
2026-05-26 20:40:00,2.634,2.647,2.63,2.646,78794.3
2026-05-26 20:45:00,2.646,2.657,2.644,2.652,80533.5
2026-05-26 20:50:00,2.652,2.656,2.645,2.645,86263.7
2026-05-26 20:55:00,2.645,2.658,2.645,2.654,55960.5
2026-05-26 21:00:00,2.653,2.66,2.635,2.638,85267.3
2026-05-26 21:05:00,2.637,2.64,2.629,2.631,115656.3
2026-05-26 21:10:00,2.631,2.631,2.614,2.625,299759.2
2026-05-26 21:15:00,2.624,2.636,2.623,2.626,65461.0
2026-05-26 21:20:00,2.627,2.64,2.626,2.636,59533.9
2026-05-26 21:25:00,2.636,2.642,2.634,2.639,57928.8
2026-05-26 21:30:00,2.639,2.646,2.63,2.63,55626.7
2026-05-26 21:35:00,2.631,2.637,2.623,2.633,52083.5
2026-05-26 21:40:00,2.633,2.634,2.62,2.622,65195.5
2026-05-26 21:45:00,2.623,2.632,2.62,2.62,57857.4
2026-05-26 21:50:00,2.621,2.621,2.601,2.602,153310.4
2026-05-26 21:55:00,2.603,2.611,2.596,2.611,139600.0
2026-05-26 22:00:00,2.611,2.617,2.602,2.602,142668.6
2026-05-26 22:05:00,2.603,2.617,2.596,2.615,107160.1
2026-05-26 22:10:00,2.615,2.616,2.602,2.607,102657.2
2026-05-26 22:15:00,2.606,2.609,2.601,2.604,57059.7
2026-05-26 22:20:00,2.603,2.612,2.603,2.612,97983.1
2026-05-26 22:25:00,2.612,2.64,2.612,2.632,230463.3
2026-05-26 22:30:00,2.632,2.637,2.628,2.634,132120.8
2026-05-26 22:35:00,2.635,2.645,2.614,2.617,252286.9
2026-05-26 22:40:00,2.616,2.634,2.611,2.632,167663.9
2026-05-26 22:45:00,2.631,2.643,2.625,2.629,167262.9
2026-05-26 22:50:00,2.63,2.642,2.63,2.638,103475.9
2026-05-26 22:55:00,2.638,2.638,2.626,2.637,156342.4
2026-05-26 23:00:00,2.637,2.647,2.634,2.645,129740.7
2026-05-26 23:05:00,2.646,2.646,2.634,2.637,81427.2
2026-05-26 23:10:00,2.637,2.642,2.633,2.64,62875.8
2026-05-26 23:15:00,2.639,2.64,2.626,2.632,105386.8
2026-05-26 23:20:00,2.632,2.632,2.617,2.621,88058.0
2026-05-26 23:25:00,2.622,2.623,2.613,2.62,108313.9
2026-05-26 23:30:00,2.62,2.621,2.61,2.614,62194.5
2026-05-26 23:35:00,2.614,2.624,2.613,2.615,90798.7
2026-05-26 23:40:00,2.615,2.616,2.601,2.603,157286.9
2026-05-26 23:45:00,2.604,2.604,2.587,2.592,329962.2
2026-05-26 23:50:00,2.592,2.593,2.527,2.534,897795.0
2026-05-26 23:55:00,2.535,2.555,2.534,2.553,350856.2
2026-05-27 00:00:00,2.554,2.559,2.544,2.554,301050.8
2026-05-27 00:05:00,2.554,2.564,2.549,2.556,228976.7
2026-05-27 00:10:00,2.555,2.563,2.549,2.556,249528.2
2026-05-27 00:15:00,2.556,2.556,2.533,2.535,323494.9
2026-05-27 00:20:00,2.536,2.58,2.53,2.571,520434.3
2026-05-27 00:25:00,2.572,2.589,2.572,2.589,254414.7
2026-05-27 00:30:00,2.589,2.596,2.582,2.59,451654.5
2026-05-27 00:35:00,2.59,2.603,2.581,2.582,430126.5
2026-05-27 00:40:00,2.582,2.582,2.558,2.559,394489.8
2026-05-27 00:45:00,2.559,2.568,2.556,2.556,325208.3
2026-05-27 00:50:00,2.555,2.56,2.55,2.552,584184.5
2026-05-27 00:55:00,2.552,2.578,2.55,2.572,405399.5
2026-05-27 01:00:00,2.572,2.573,2.56,2.562,175921.3
2026-05-27 01:05:00,2.563,2.563,2.552,2.558,156364.9
2026-05-27 01:10:00,2.557,2.56,2.544,2.558,173757.5
2026-05-27 01:15:00,2.558,2.565,2.551,2.551,141489.5
2026-05-27 01:20:00,2.551,2.553,2.535,2.539,113223.0
2026-05-27 01:25:00,2.538,2.546,2.535,2.545,112132.7
2026-05-27 01:30:00,2.545,2.55,2.542,2.544,75959.2
2026-05-27 01:35:00,2.544,2.549,2.531,2.548,109396.8
2026-05-27 01:40:00,2.547,2.547,2.532,2.533,116675.0
2026-05-27 01:45:00,2.533,2.549,2.531,2.537,97244.3
2026-05-27 01:50:00,2.537,2.545,2.533,2.54,69817.9
2026-05-27 01:55:00,2.54,2.542,2.519,2.525,249098.5
2026-05-27 02:00:00,2.525,2.53,2.517,2.526,110445.9
2026-05-27 02:05:00,2.526,2.528,2.513,2.518,583144.6
2026-05-27 02:10:00,2.518,2.52,2.5,2.502,476049.5
2026-05-27 02:15:00,2.503,2.504,2.474,2.48,962251.7
2026-05-27 02:20:00,2.481,2.492,2.471,2.485,446289.4
2026-05-27 02:25:00,2.485,2.485,2.465,2.468,969769.0
2026-05-27 02:30:00,2.468,2.478,2.461,2.472,275183.8
2026-05-27 02:35:00,2.473,2.483,2.472,2.476,378086.6
2026-05-27 02:40:00,2.477,2.506,2.477,2.499,703805.1
2026-05-27 02:45:00,2.499,2.509,2.497,2.503,144467.7
2026-05-27 02:50:00,2.503,2.505,2.493,2.494,98556.4
2026-05-27 02:55:00,2.494,2.511,2.493,2.51,77448.7
2026-05-27 03:00:00,2.511,2.518,2.502,2.517,117932.1
2026-05-27 03:05:00,2.517,2.524,2.515,2.519,127928.1
2026-05-27 03:10:00,2.518,2.521,2.515,2.518,60050.4
2026-05-27 03:15:00,2.518,2.527,2.517,2.52,70921.0
2026-05-27 03:20:00,2.519,2.52,2.512,2.516,42596.9
2026-05-27 03:25:00,2.517,2.525,2.517,2.523,45995.6
2026-05-27 03:30:00,2.523,2.527,2.508,2.515,86575.8
2026-05-27 03:35:00,2.515,2.516,2.504,2.506,48567.6
2026-05-27 03:40:00,2.505,2.51,2.504,2.51,33668.2
2026-05-27 03:45:00,2.51,2.514,2.479,2.481,1183033.4
2026-05-27 03:50:00,2.482,2.493,2.479,2.491,410196.7
2026-05-27 03:55:00,2.49,2.495,2.486,2.489,108301.5
2026-05-27 04:00:00,2.488,2.498,2.488,2.491,73040.7
2026-05-27 04:05:00,2.491,2.494,2.487,2.49,91963.5
2026-05-27 04:10:00,2.491,2.491,2.472,2.479,298646.1
2026-05-27 04:15:00,2.479,2.485,2.469,2.48,183157.7
2026-05-27 04:20:00,2.48,2.486,2.476,2.485,86158.7
2026-05-27 04:25:00,2.485,2.505,2.483,2.498,236672.5
2026-05-27 04:30:00,2.499,2.507,2.492,2.498,165748.6
2026-05-27 04:35:00,2.499,2.5,2.487,2.495,107935.9
2026-05-27 04:40:00,2.496,2.502,2.493,2.502,49363.3
2026-05-27 04:45:00,2.502,2.518,2.501,2.516,161562.6
2026-05-27 04:50:00,2.515,2.517,2.507,2.516,104727.5
2026-05-27 04:55:00,2.516,2.519,2.509,2.512,181795.3
2026-05-27 05:00:00,2.512,2.523,2.512,2.518,52725.8
2026-05-27 05:05:00,2.519,2.526,2.515,2.525,86080.0
2026-05-27 05:10:00,2.526,2.526,2.516,2.523,66934.6
2026-05-27 05:15:00,2.522,2.529,2.516,2.516,66004.3
2026-05-27 05:20:00,2.516,2.544,2.51,2.537,263485.1
2026-05-27 05:25:00,2.537,2.542,2.526,2.529,126013.7
2026-05-27 05:30:00,2.528,2.549,2.527,2.548,152124.1
2026-05-27 05:35:00,2.547,2.55,2.538,2.548,136562.6
2026-05-27 05:40:00,2.548,2.548,2.515,2.529,336753.7
2026-05-27 05:45:00,2.529,2.529,2.518,2.527,109234.6
2026-05-27 05:50:00,2.527,2.538,2.524,2.537,147717.2
2026-05-27 05:55:00,2.538,2.541,2.531,2.534,106014.4
2026-05-27 06:00:00,2.534,2.536,2.519,2.535,105293.6
2026-05-27 06:05:00,2.534,2.549,2.534,2.547,68815.0
2026-05-27 06:10:00,2.546,2.548,2.535,2.542,79025.9
2026-05-27 06:15:00,2.542,2.546,2.531,2.532,101396.9
2026-05-27 06:20:00,2.532,2.538,2.52,2.535,224887.8
2026-05-27 06:25:00,2.534,2.541,2.529,2.54,50242.4
2026-05-27 06:30:00,2.541,2.55,2.538,2.541,216152.7
2026-05-27 06:35:00,2.542,2.545,2.534,2.543,92398.7
2026-05-27 06:40:00,2.544,2.544,2.531,2.535,45360.0
2026-05-27 06:45:00,2.535,2.548,2.533,2.543,75807.0
2026-05-27 06:50:00,2.543,2.546,2.537,2.541,43923.5
2026-05-27 06:55:00,2.54,2.543,2.535,2.542,76629.3
2026-05-27 07:00:00,2.542,2.542,2.538,2.54,38921.5
2026-05-27 07:05:00,2.54,2.542,2.531,2.533,72480.5
2026-05-27 07:10:00,2.533,2.535,2.527,2.529,56317.9
2026-05-27 07:15:00,2.53,2.53,2.516,2.52,93282.7
2026-05-27 07:20:00,2.521,2.521,2.503,2.509,148810.4
2026-05-27 07:25:00,2.508,2.514,2.508,2.511,41211.6
2026-05-27 07:30:00,2.512,2.514,2.496,2.503,217029.0
2026-05-27 07:35:00,2.503,2.507,2.498,2.504,34463.9
2026-05-27 07:40:00,2.503,2.503,2.493,2.497,101110.4
2026-05-27 07:45:00,2.498,2.519,2.497,2.511,252194.5
2026-05-27 07:50:00,2.511,2.527,2.51,2.515,227844.5
2026-05-27 07:55:00,2.515,2.531,2.515,2.523,93256.5
2026-05-27 08:00:00,2.523,2.544,2.519,2.541,122440.7
2026-05-27 08:05:00,2.541,2.544,2.528,2.539,114132.3
2026-05-27 08:10:00,2.54,2.557,2.54,2.556,491974.2
2026-05-27 08:15:00,2.557,2.578,2.556,2.569,330454.8
2026-05-27 08:20:00,2.57,2.583,2.566,2.567,437933.9
2026-05-27 08:25:00,2.567,2.57,2.543,2.55,220589.9
2026-05-27 08:30:00,2.55,2.56,2.538,2.539,158732.5
2026-05-27 08:35:00,2.538,2.573,2.538,2.572,355769.9
2026-05-27 08:40:00,2.572,2.574,2.551,2.553,582256.9
2026-05-27 08:45:00,2.553,2.554,2.518,2.523,1138684.0
2026-05-27 08:50:00,2.524,2.526,2.51,2.523,659830.8
2026-05-27 08:55:00,2.523,2.535,2.522,2.524,110638.7
2026-05-27 09:00:00,2.524,2.533,2.514,2.527,105133.8
2026-05-27 09:05:00,2.527,2.533,2.517,2.518,172834.8
2026-05-27 09:10:00,2.519,2.519,2.504,2.51,296224.8
2026-05-27 09:15:00,2.51,2.511,2.502,2.505,254080.5
2026-05-27 09:20:00,2.505,2.508,2.5,2.503,119080.8
2026-05-27 09:25:00,2.503,2.506,2.482,2.494,566709.6
2026-05-27 09:30:00,2.495,2.499,2.488,2.496,205931.8
2026-05-27 09:35:00,2.496,2.496,2.48,2.489,571854.4
2026-05-27 09:40:00,2.49,2.49,2.478,2.485,101786.8
2026-05-27 09:45:00,2.484,2.487,2.478,2.487,87518.1
2026-05-27 09:50:00,2.487,2.489,2.477,2.481,144848.4
2026-05-27 09:55:00,2.482,2.483,2.474,2.476,52437.5
2026-05-27 10:00:00,2.475,2.48,2.453,2.462,479152.8
2026-05-27 10:05:00,2.462,2.473,2.46,2.469,324538.3
2026-05-27 10:10:00,2.469,2.469,2.464,2.464,53836.0
2026-05-27 10:15:00,2.464,2.475,2.461,2.469,101911.5
2026-05-27 10:20:00,2.468,2.473,2.465,2.472,84211.1
2026-05-27 10:25:00,2.471,2.484,2.469,2.481,190548.3
2026-05-27 10:30:00,2.48,2.483,2.461,2.466,150673.7
2026-05-27 10:35:00,2.467,2.476,2.466,2.467,79877.0
2026-05-27 10:40:00,2.468,2.47,2.462,2.466,111268.9
2026-05-27 10:45:00,2.466,2.471,2.463,2.47,49465.0
2026-05-27 10:50:00,2.47,2.475,2.466,2.474,68730.6
2026-05-27 10:55:00,2.475,2.498,2.475,2.496,267212.4
2026-05-27 11:00:00,2.496,2.53,2.491,2.525,393452.7
2026-05-27 11:05:00,2.525,2.548,2.522,2.532,322673.1
2026-05-27 11:10:00,2.533,2.539,2.524,2.525,125972.5
2026-05-27 11:15:00,2.526,2.535,2.521,2.523,81677.7
2026-05-27 11:20:00,2.523,2.533,2.518,2.531,68374.9
2026-05-27 11:25:00,2.531,2.533,2.526,2.528,93399.3
2026-05-27 11:30:00,2.528,2.528,2.507,2.517,183593.5
2026-05-27 11:35:00,2.518,2.528,2.518,2.528,36272.8
2026-05-27 11:40:00,2.527,2.533,2.513,2.518,108924.8
2026-05-27 11:45:00,2.517,2.525,2.516,2.52,48387.5
2026-05-27 11:50:00,2.52,2.528,2.518,2.523,31302.0
2026-05-27 11:55:00,2.523,2.526,2.518,2.522,89149.4
2026-05-27 12:00:00,2.522,2.529,2.512,2.524,146108.4
2026-05-27 12:05:00,2.523,2.527,2.513,2.526,83265.2
2026-05-27 12:10:00,2.527,2.53,2.523,2.526,76839.2
2026-05-27 12:15:00,2.526,2.531,2.501,2.508,407466.5
2026-05-27 12:20:00,2.508,2.552,2.507,2.537,1074021.5
2026-05-27 12:25:00,2.537,2.546,2.529,2.533,199394.7
2026-05-27 12:30:00,2.533,2.546,2.522,2.524,177972.8
2026-05-27 12:35:00,2.524,2.546,2.524,2.546,225275.9
2026-05-27 12:40:00,2.545,2.545,2.533,2.543,122699.4
2026-05-27 12:45:00,2.542,2.543,2.525,2.534,124112.6
2026-05-27 12:50:00,2.535,2.542,2.533,2.539,94994.5
2026-05-27 12:55:00,2.538,2.538,2.519,2.521,124037.9
2026-05-27 13:00:00,2.521,2.538,2.521,2.523,99413.2
2026-05-27 13:05:00,2.523,2.536,2.523,2.536,95538.3
2026-05-27 13:10:00,2.535,2.551,2.532,2.55,92664.7
2026-05-27 13:15:00,2.549,2.56,2.544,2.556,162647.5
2026-05-27 13:20:00,2.555,2.557,2.545,2.55,136218.1
2026-05-27 13:25:00,2.551,2.551,2.53,2.53,182825.6
2026-05-27 13:30:00,2.53,2.549,2.525,2.54,204403.1
2026-05-27 13:35:00,2.54,2.54,2.499,2.522,503947.3
2026-05-27 13:40:00,2.522,2.525,2.509,2.518,311484.4
2026-05-27 13:45:00,2.519,2.538,2.507,2.528,432605.2
2026-05-27 13:50:00,2.529,2.568,2.526,2.564,393718.3
2026-05-27 13:55:00,2.564,2.568,2.534,2.539,194636.7
2026-05-27 14:00:00,2.54,2.559,2.54,2.545,176689.5
2026-05-27 14:05:00,2.545,2.547,2.529,2.539,202490.4
2026-05-27 14:10:00,2.538,2.538,2.512,2.521,371501.5
2026-05-27 14:15:00,2.521,2.534,2.513,2.527,107646.0
2026-05-27 14:20:00,2.526,2.527,2.512,2.514,103822.1
2026-05-27 14:25:00,2.515,2.529,2.51,2.527,119794.9
2026-05-27 14:30:00,2.528,2.558,2.528,2.558,296608.4
2026-05-27 14:35:00,2.558,2.564,2.54,2.55,190312.7
2026-05-27 14:40:00,2.55,2.553,2.535,2.536,91072.4
2026-05-27 14:45:00,2.535,2.553,2.533,2.551,105257.2
2026-05-27 14:50:00,2.55,2.558,2.547,2.558,79325.7
2026-05-27 14:55:00,2.558,2.564,2.543,2.544,160798.7
2026-05-27 15:00:00,2.544,2.548,2.532,2.537,174142.1
2026-05-27 15:05:00,2.538,2.548,2.524,2.545,164982.5
2026-05-27 15:10:00,2.545,2.557,2.54,2.548,104079.0
2026-05-27 15:15:00,2.547,2.573,2.546,2.563,163820.6
2026-05-27 15:20:00,2.562,2.564,2.545,2.559,271311.4
2026-05-27 15:25:00,2.559,2.562,2.549,2.556,144153.7
2026-05-27 15:30:00,2.556,2.594,2.555,2.594,278590.3
2026-05-27 15:35:00,2.594,2.624,2.587,2.618,514813.9
2026-05-27 15:40:00,2.618,2.625,2.597,2.599,420868.7
2026-05-27 15:45:00,2.599,2.617,2.599,2.61,238427.2
2026-05-27 15:50:00,2.61,2.619,2.573,2.576,483081.5
2026-05-27 15:55:00,2.575,2.593,2.569,2.581,227211.2
2026-05-27 16:00:00,2.58,2.582,2.571,2.574,124175.3
2026-05-27 16:05:00,2.574,2.576,2.55,2.56,250857.6
2026-05-27 16:10:00,2.561,2.566,2.548,2.551,161721.9
2026-05-27 16:15:00,2.55,2.554,2.541,2.548,143768.9
2026-05-27 16:20:00,2.547,2.556,2.541,2.556,83618.3
2026-05-27 16:25:00,2.556,2.561,2.543,2.543,81284.6
2026-05-27 16:30:00,2.543,2.55,2.528,2.535,160337.8
2026-05-27 16:35:00,2.535,2.545,2.525,2.534,140837.5
2026-05-27 16:40:00,2.534,2.551,2.528,2.544,100653.1
2026-05-27 16:45:00,2.544,2.562,2.544,2.561,77949.3
2026-05-27 16:50:00,2.56,2.561,2.552,2.559,61349.4
2026-05-27 16:55:00,2.56,2.569,2.558,2.564,97174.6
2026-05-27 17:00:00,2.565,2.573,2.553,2.573,103384.5
2026-05-27 17:05:00,2.573,2.575,2.55,2.552,115032.2
2026-05-27 17:10:00,2.553,2.56,2.527,2.529,211662.1
2026-05-27 17:15:00,2.529,2.547,2.517,2.534,757847.1
2026-05-27 17:20:00,2.534,2.541,2.524,2.53,79745.6
2026-05-27 17:25:00,2.529,2.538,2.525,2.537,481138.2
2026-05-27 17:30:00,2.537,2.558,2.532,2.545,481613.8
2026-05-27 17:35:00,2.544,2.547,2.536,2.539,66816.1
2026-05-27 17:40:00,2.539,2.544,2.508,2.518,951226.8
2026-05-27 17:45:00,2.519,2.525,2.513,2.519,92352.7
2026-05-27 17:50:00,2.52,2.528,2.519,2.521,69731.3
2026-05-27 17:55:00,2.522,2.534,2.519,2.532,106427.9
2026-05-27 18:00:00,2.532,2.545,2.53,2.535,112382.7
2026-05-27 18:05:00,2.535,2.539,2.527,2.528,101382.4
2026-05-27 18:10:00,2.529,2.556,2.526,2.554,807651.3
2026-05-27 18:15:00,2.554,2.56,2.549,2.558,91845.1
2026-05-27 18:20:00,2.557,2.564,2.546,2.554,75836.6
2026-05-27 18:25:00,2.554,2.562,2.541,2.542,99414.2
2026-05-27 18:30:00,2.543,2.571,2.541,2.571,147250.9
2026-05-27 18:35:00,2.572,2.575,2.558,2.568,121209.1
2026-05-27 18:40:00,2.568,2.579,2.565,2.571,87151.7
2026-05-27 18:45:00,2.57,2.591,2.567,2.591,107245.8
2026-05-27 18:50:00,2.592,2.622,2.591,2.608,324571.9
2026-05-27 18:55:00,2.609,2.622,2.598,2.62,93331.8
2026-05-27 19:00:00,2.62,2.655,2.614,2.653,362096.8
2026-05-27 19:05:00,2.653,2.675,2.639,2.671,398209.5
2026-05-27 19:10:00,2.67,2.693,2.669,2.693,309360.6
2026-05-27 19:15:00,2.692,2.708,2.669,2.679,435951.9
2026-05-27 19:20:00,2.679,2.682,2.658,2.678,258247.6
2026-05-27 19:25:00,2.678,2.704,2.675,2.689,353195.3
2026-05-27 19:30:00,2.69,2.709,2.669,2.699,390528.8
2026-05-27 19:35:00,2.7,2.739,2.692,2.723,358472.4
2026-05-27 19:40:00,2.724,2.729,2.681,2.689,297742.6
2026-05-27 19:45:00,2.689,2.694,2.669,2.674,174217.1
2026-05-27 19:50:00,2.673,2.685,2.657,2.681,268283.7
2026-05-27 19:55:00,2.68,2.68,2.661,2.672,162241.0
2026-05-27 20:00:00,2.672,2.674,2.646,2.649,178159.4
2026-05-27 20:05:00,2.649,2.655,2.631,2.655,210362.2
2026-05-27 20:10:00,2.655,2.662,2.642,2.647,121300.7
2026-05-27 20:15:00,2.648,2.651,2.623,2.634,149539.2
2026-05-27 20:20:00,2.634,2.637,2.598,2.605,328236.2
2026-05-27 20:25:00,2.606,2.607,2.589,2.596,270860.7
2026-05-27 20:30:00,2.597,2.611,2.589,2.609,210177.7
2026-05-27 20:35:00,2.61,2.632,2.609,2.622,237519.6
2026-05-27 20:40:00,2.622,2.644,2.622,2.626,137656.2
2026-05-27 20:45:00,2.626,2.64,2.626,2.636,102190.9
2026-05-27 20:50:00,2.637,2.639,2.618,2.623,191676.2
2026-05-27 20:55:00,2.624,2.632,2.617,2.619,304642.6
2026-05-27 21:00:00,2.62,2.626,2.608,2.609,157063.9
2026-05-27 21:05:00,2.609,2.618,2.604,2.613,82144.6
2026-05-27 21:10:00,2.614,2.631,2.611,2.617,109740.5
2026-05-27 21:15:00,2.618,2.619,2.599,2.607,227584.4
2026-05-27 21:20:00,2.607,2.613,2.599,2.602,111368.6
2026-05-27 21:25:00,2.601,2.602,2.573,2.575,225639.7
2026-05-27 21:30:00,2.575,2.576,2.539,2.552,473894.1
2026-05-27 21:35:00,2.553,2.553,2.535,2.538,251711.0
2026-05-27 21:40:00,2.538,2.552,2.528,2.537,352702.4
2026-05-27 21:45:00,2.538,2.541,2.522,2.539,777435.9
2026-05-27 21:50:00,2.538,2.559,2.526,2.55,129986.4
2026-05-27 21:55:00,2.549,2.57,2.538,2.568,171852.8
2026-05-27 22:00:00,2.569,2.581,2.56,2.58,109466.3
2026-05-27 22:05:00,2.581,2.582,2.532,2.546,348399.3
2026-05-27 22:10:00,2.546,2.558,2.543,2.557,93289.5
2026-05-27 22:15:00,2.558,2.568,2.552,2.562,101567.6
2026-05-27 22:20:00,2.562,2.574,2.56,2.572,52339.1
2026-05-27 22:25:00,2.572,2.578,2.563,2.571,100601.7
2026-05-27 22:30:00,2.571,2.576,2.555,2.563,80353.5
2026-05-27 22:35:00,2.562,2.57,2.558,2.568,56535.5
2026-05-27 22:40:00,2.567,2.58,2.567,2.579,104942.2
2026-05-27 22:45:00,2.58,2.586,2.549,2.554,165296.2
2026-05-27 22:50:00,2.554,2.555,2.53,2.538,154114.5
2026-05-27 22:55:00,2.539,2.546,2.524,2.531,141416.4
2026-05-27 23:00:00,2.531,2.541,2.526,2.537,122234.5
2026-05-27 23:05:00,2.538,2.54,2.523,2.528,106905.3
2026-05-27 23:10:00,2.528,2.532,2.516,2.526,98387.8
2026-05-27 23:15:00,2.525,2.53,2.47,2.501,663674.0
2026-05-27 23:20:00,2.501,2.503,2.495,2.498,60088.8
2026-05-27 23:25:00,2.499,2.508,2.492,2.497,131419.3
2026-05-27 23:30:00,2.497,2.502,2.482,2.486,87762.1
2026-05-27 23:35:00,2.485,2.49,2.474,2.489,188857.6
2026-05-27 23:40:00,2.49,2.494,2.483,2.485,68641.9
2026-05-27 23:45:00,2.486,2.5,2.482,2.499,122977.7
2026-05-27 23:50:00,2.499,2.504,2.493,2.5,54854.9
2026-05-27 23:55:00,2.501,2.502,2.488,2.489,31949.9
2026-05-28 00:00:00,2.489,2.508,2.485,2.496,97411.6
2026-05-28 00:05:00,2.496,2.496,2.473,2.475,172968.6
2026-05-28 00:10:00,2.475,2.479,2.461,2.468,256169.6
2026-05-28 00:15:00,2.469,2.495,2.468,2.491,140010.6
2026-05-28 00:20:00,2.491,2.496,2.483,2.483,54655.4
2026-05-28 00:25:00,2.483,2.483,2.461,2.467,188154.6
2026-05-28 00:30:00,2.467,2.485,2.467,2.478,49581.7
2026-05-28 00:35:00,2.478,2.481,2.466,2.466,82739.0
2026-05-28 00:40:00,2.465,2.471,2.461,2.47,65640.4
2026-05-28 00:45:00,2.47,2.471,2.457,2.464,190957.5
2026-05-28 00:50:00,2.464,2.467,2.455,2.464,164186.7
2026-05-28 00:55:00,2.464,2.468,2.443,2.453,563295.3
2026-05-28 01:00:00,2.453,2.464,2.451,2.455,157761.6
2026-05-28 01:05:00,2.456,2.46,2.452,2.456,75031.1
2026-05-28 01:10:00,2.456,2.457,2.435,2.442,373012.2
2026-05-28 01:15:00,2.442,2.443,2.428,2.435,392459.7
2026-05-28 01:20:00,2.436,2.445,2.422,2.44,253672.4
2026-05-28 01:25:00,2.44,2.44,2.42,2.431,195992.7
2026-05-28 01:30:00,2.431,2.441,2.425,2.426,117598.1
2026-05-28 01:35:00,2.426,2.43,2.42,2.426,153011.5
2026-05-28 01:40:00,2.427,2.441,2.426,2.436,127951.5
2026-05-28 01:45:00,2.437,2.454,2.432,2.445,100444.7
2026-05-28 01:50:00,2.446,2.449,2.434,2.446,152391.6
2026-05-28 01:55:00,2.445,2.453,2.441,2.448,100504.0
2026-05-28 02:00:00,2.448,2.451,2.443,2.448,75567.0
2026-05-28 02:05:00,2.447,2.451,2.446,2.448,86175.5
2026-05-28 02:10:00,2.447,2.451,2.437,2.442,138842.5
2026-05-28 02:15:00,2.441,2.444,2.425,2.431,104877.8
2026-05-28 02:20:00,2.43,2.431,2.421,2.421,64982.1
2026-05-28 02:25:00,2.422,2.427,2.416,2.416,108848.7
2026-05-28 02:30:00,2.417,2.42,2.397,2.41,255043.6
2026-05-28 02:35:00,2.41,2.411,2.395,2.402,102366.7
2026-05-28 02:40:00,2.403,2.411,2.385,2.388,197660.8
2026-05-28 02:45:00,2.388,2.403,2.386,2.402,92961.6
2026-05-28 02:50:00,2.402,2.408,2.396,2.405,65563.1
2026-05-28 02:55:00,2.406,2.42,2.403,2.416,125330.3
2026-05-28 03:00:00,2.417,2.419,2.4,2.405,67554.0
2026-05-28 03:05:00,2.406,2.411,2.403,2.405,28418.0
2026-05-28 03:10:00,2.405,2.406,2.397,2.402,69655.2
2026-05-28 03:15:00,2.402,2.418,2.382,2.415,475745.8
2026-05-28 03:20:00,2.415,2.431,2.414,2.429,159967.6
2026-05-28 03:25:00,2.429,2.429,2.412,2.412,137785.3
2026-05-28 03:30:00,2.412,2.417,2.405,2.406,102999.9
2026-05-28 03:35:00,2.406,2.408,2.394,2.402,124432.0
2026-05-28 03:40:00,2.403,2.41,2.393,2.393,79781.5
2026-05-28 03:45:00,2.393,2.41,2.392,2.396,121379.1
2026-05-28 03:50:00,2.396,2.402,2.378,2.384,181164.7
2026-05-28 03:55:00,2.385,2.39,2.368,2.385,545068.1
2026-05-28 04:00:00,2.385,2.402,2.384,2.401,262080.1
2026-05-28 04:05:00,2.402,2.435,2.395,2.433,328858.9
2026-05-28 04:10:00,2.433,2.436,2.42,2.422,209522.6
2026-05-28 04:15:00,2.421,2.422,2.388,2.394,554455.2
2026-05-28 04:20:00,2.393,2.394,2.38,2.384,187858.9
2026-05-28 04:25:00,2.383,2.392,2.376,2.386,173249.9
2026-05-28 04:30:00,2.385,2.404,2.381,2.396,134371.9
2026-05-28 04:35:00,2.397,2.406,2.386,2.402,378522.2
2026-05-28 04:40:00,2.401,2.407,2.393,2.398,131508.3
2026-05-28 04:45:00,2.399,2.414,2.386,2.409,182170.8
2026-05-28 04:50:00,2.409,2.418,2.402,2.413,111562.2
2026-05-28 04:55:00,2.414,2.42,2.413,2.418,94824.6
2026-05-28 05:00:00,2.418,2.421,2.41,2.416,118850.7
2026-05-28 05:05:00,2.417,2.425,2.402,2.407,132254.2
2026-05-28 05:10:00,2.408,2.41,2.4,2.402,65916.8
2026-05-28 05:15:00,2.402,2.405,2.381,2.391,195357.7
2026-05-28 05:20:00,2.391,2.394,2.381,2.394,153631.7
2026-05-28 05:25:00,2.394,2.401,2.391,2.391,71224.6
2026-05-28 05:30:00,2.392,2.408,2.39,2.401,100501.0
2026-05-28 05:35:00,2.401,2.419,2.398,2.418,164182.6
2026-05-28 05:40:00,2.418,2.422,2.412,2.416,252112.5
2026-05-28 05:45:00,2.417,2.421,2.41,2.417,151572.8
2026-05-28 05:50:00,2.417,2.424,2.414,2.424,55012.0
2026-05-28 05:55:00,2.423,2.424,2.417,2.42,27032.9
2026-05-28 06:00:00,2.419,2.42,2.401,2.402,99216.0
2026-05-28 06:05:00,2.402,2.408,2.396,2.396,89762.7
2026-05-28 06:10:00,2.395,2.395,2.387,2.393,59670.6
2026-05-28 06:15:00,2.393,2.405,2.391,2.4,83016.9
2026-05-28 06:20:00,2.401,2.411,2.388,2.392,182210.2
2026-05-28 06:25:00,2.391,2.391,2.376,2.381,174109.2
2026-05-28 06:30:00,2.381,2.388,2.377,2.378,82250.5
2026-05-28 06:35:00,2.378,2.381,2.364,2.377,316247.7
2026-05-28 06:40:00,2.377,2.383,2.374,2.382,90167.7
2026-05-28 06:45:00,2.382,2.391,2.378,2.385,146625.2
2026-05-28 06:50:00,2.386,2.386,2.372,2.374,86949.3
2026-05-28 06:55:00,2.373,2.379,2.369,2.375,82887.4
2026-05-28 07:00:00,2.375,2.387,2.375,2.379,116293.8
2026-05-28 07:05:00,2.379,2.384,2.367,2.383,153395.5
2026-05-28 07:10:00,2.383,2.39,2.375,2.386,82606.0
2026-05-28 07:15:00,2.386,2.391,2.381,2.386,84809.2
2026-05-28 07:20:00,2.387,2.404,2.387,2.402,95690.9
2026-05-28 07:25:00,2.401,2.403,2.392,2.393,48260.1
2026-05-28 07:30:00,2.394,2.4,2.388,2.396,68817.3
2026-05-28 07:35:00,2.396,2.422,2.392,2.411,348340.1
2026-05-28 07:40:00,2.41,2.416,2.408,2.411,132052.6
2026-05-28 07:45:00,2.411,2.419,2.406,2.408,210469.6
2026-05-28 07:50:00,2.408,2.412,2.403,2.406,100290.9
2026-05-28 07:55:00,2.406,2.42,2.405,2.415,67421.6
2026-05-28 08:00:00,2.415,2.418,2.393,2.4,120310.5
2026-05-28 08:05:00,2.4,2.419,2.398,2.412,47084.7
2026-05-28 08:10:00,2.412,2.418,2.405,2.418,108414.7
2026-05-28 08:15:00,2.417,2.42,2.405,2.411,140147.2
2026-05-28 08:20:00,2.411,2.411,2.395,2.396,79925.7
2026-05-28 08:25:00,2.396,2.399,2.392,2.396,54305.7
2026-05-28 08:30:00,2.396,2.409,2.388,2.405,82348.0
2026-05-28 08:35:00,2.405,2.42,2.402,2.419,288444.6
2026-05-28 08:40:00,2.419,2.42,2.4,2.403,64549.0
2026-05-28 08:45:00,2.403,2.406,2.391,2.393,60330.2
2026-05-28 08:50:00,2.392,2.398,2.389,2.397,73230.7
2026-05-28 08:55:00,2.396,2.397,2.382,2.388,81596.9
2026-05-28 09:00:00,2.388,2.394,2.38,2.388,144007.0
2026-05-28 09:05:00,2.388,2.391,2.385,2.386,73007.4
2026-05-28 09:10:00,2.385,2.394,2.381,2.39,168080.6
2026-05-28 09:15:00,2.39,2.403,2.388,2.402,62263.0
2026-05-28 09:20:00,2.402,2.418,2.4,2.417,115789.3
2026-05-28 09:25:00,2.416,2.422,2.412,2.419,130713.6
2026-05-28 09:30:00,2.418,2.419,2.406,2.418,75915.7
2026-05-28 09:35:00,2.417,2.417,2.402,2.403,91069.2
2026-05-28 09:40:00,2.404,2.417,2.403,2.412,106506.3
2026-05-28 09:45:00,2.412,2.425,2.404,2.419,73776.3
2026-05-28 09:50:00,2.419,2.426,2.414,2.419,73405.2
2026-05-28 09:55:00,2.419,2.426,2.418,2.421,68804.4
2026-05-28 10:00:00,2.42,2.429,2.414,2.414,75174.0
2026-05-28 10:05:00,2.414,2.423,2.411,2.421,56000.4
2026-05-28 10:10:00,2.421,2.426,2.409,2.412,89147.4
2026-05-28 10:15:00,2.412,2.414,2.396,2.4,89135.7
2026-05-28 10:20:00,2.4,2.407,2.39,2.391,72838.1
2026-05-28 10:25:00,2.391,2.403,2.39,2.402,102267.5
2026-05-28 10:30:00,2.401,2.412,2.401,2.408,77110.4
2026-05-28 10:35:00,2.409,2.41,2.399,2.402,51641.2
2026-05-28 10:40:00,2.402,2.404,2.388,2.389,49479.6
2026-05-28 10:45:00,2.389,2.397,2.386,2.387,61279.4
2026-05-28 10:50:00,2.387,2.39,2.381,2.388,123143.7
2026-05-28 10:55:00,2.387,2.389,2.376,2.377,79656.6
2026-05-28 11:00:00,2.377,2.384,2.375,2.376,73405.9
2026-05-28 11:05:00,2.375,2.385,2.373,2.382,95840.7
2026-05-28 11:10:00,2.382,2.383,2.378,2.381,78993.5
2026-05-28 11:15:00,2.381,2.383,2.375,2.381,56075.8
2026-05-28 11:20:00,2.38,2.387,2.379,2.384,59759.8
2026-05-28 11:25:00,2.385,2.385,2.366,2.379,97852.2
2026-05-28 11:30:00,2.38,2.394,2.376,2.389,94314.0
2026-05-28 11:35:00,2.389,2.391,2.379,2.381,37978.6
2026-05-28 11:40:00,2.381,2.385,2.377,2.384,17219.9
2026-05-28 11:45:00,2.384,2.388,2.379,2.387,23405.5
2026-05-28 11:50:00,2.386,2.391,2.382,2.391,20305.8
2026-05-28 11:55:00,2.391,2.391,2.384,2.388,42303.3
2026-05-28 12:00:00,2.387,2.389,2.371,2.381,71832.4
2026-05-28 12:05:00,2.381,2.381,2.369,2.378,47917.1
2026-05-28 12:10:00,2.378,2.384,2.373,2.374,32351.4
2026-05-28 12:15:00,2.374,2.374,2.34,2.351,454831.6
2026-05-28 12:20:00,2.352,2.356,2.331,2.339,359162.6
2026-05-28 12:25:00,2.34,2.362,2.339,2.357,108480.1
2026-05-28 12:30:00,2.358,2.368,2.354,2.355,73271.2
2026-05-28 12:35:00,2.356,2.364,2.345,2.364,60202.2
2026-05-28 12:40:00,2.364,2.368,2.361,2.362,57130.6
2026-05-28 12:45:00,2.362,2.369,2.36,2.363,56826.8
2026-05-28 12:50:00,2.362,2.365,2.349,2.352,70094.4
2026-05-28 12:55:00,2.352,2.353,2.343,2.348,111068.1
2026-05-28 13:00:00,2.348,2.359,2.347,2.351,77582.8
2026-05-28 13:05:00,2.35,2.351,2.335,2.337,109565.6
2026-05-28 13:10:00,2.338,2.343,2.334,2.339,77021.6
2026-05-28 13:15:00,2.338,2.345,2.332,2.332,175292.7
2026-05-28 13:20:00,2.332,2.339,2.325,2.333,473803.2
2026-05-28 13:25:00,2.332,2.338,2.33,2.337,315154.9
2026-05-28 13:30:00,2.338,2.344,2.332,2.337,207632.5
2026-05-28 13:35:00,2.336,2.341,2.331,2.34,126768.1
2026-05-28 13:40:00,2.34,2.349,2.294,2.325,1184768.6
2026-05-28 13:45:00,2.325,2.334,2.324,2.33,95311.0
2026-05-28 13:50:00,2.331,2.342,2.329,2.339,204242.8
2026-05-28 13:55:00,2.339,2.34,2.312,2.316,313649.8
2026-05-28 14:00:00,2.315,2.331,2.314,2.329,196945.9
2026-05-28 14:05:00,2.33,2.347,2.321,2.347,189682.2
2026-05-28 14:10:00,2.347,2.35,2.296,2.348,910539.8
2026-05-28 14:15:00,2.347,2.364,2.34,2.362,682371.5
2026-05-28 14:20:00,2.362,2.363,2.319,2.327,245047.9
2026-05-28 14:25:00,2.326,2.331,2.309,2.317,153141.5
2026-05-28 14:30:00,2.317,2.317,2.299,2.305,159863.0
2026-05-28 14:35:00,2.304,2.305,2.287,2.297,422746.3
2026-05-28 14:40:00,2.297,2.299,2.273,2.28,291143.3
2026-05-28 14:45:00,2.281,2.288,2.274,2.275,203389.5
2026-05-28 14:50:00,2.275,2.29,2.269,2.286,309001.2
2026-05-28 14:55:00,2.286,2.3,2.285,2.297,290110.3
2026-05-28 15:00:00,2.297,2.304,2.291,2.294,231002.1
2026-05-28 15:05:00,2.295,2.303,2.294,2.296,84610.0
2026-05-28 15:10:00,2.295,2.318,2.294,2.316,92598.3
2026-05-28 15:15:00,2.315,2.32,2.302,2.306,106210.2
2026-05-28 15:20:00,2.306,2.32,2.3,2.318,60485.3
2026-05-28 15:25:00,2.319,2.339,2.316,2.335,154186.8
2026-05-28 15:30:00,2.335,2.336,2.311,2.319,163008.6
2026-05-28 15:35:00,2.318,2.338,2.318,2.331,171938.5
2026-05-28 15:40:00,2.332,2.337,2.323,2.327,100009.3
2026-05-28 15:45:00,2.327,2.33,2.314,2.314,82893.3
2026-05-28 15:50:00,2.315,2.316,2.307,2.308,71341.6
2026-05-28 15:55:00,2.307,2.31,2.297,2.302,58571.3
2026-05-28 16:00:00,2.301,2.304,2.294,2.294,143758.3
2026-05-28 16:05:00,2.295,2.307,2.29,2.307,85990.7
2026-05-28 16:10:00,2.308,2.332,2.307,2.329,264934.6
2026-05-28 16:15:00,2.329,2.334,2.318,2.319,65019.6
2026-05-28 16:20:00,2.32,2.333,2.313,2.331,111503.8
2026-05-28 16:25:00,2.331,2.35,2.33,2.344,156405.9
2026-05-28 16:30:00,2.344,2.345,2.335,2.342,130770.1
2026-05-28 16:35:00,2.342,2.348,2.337,2.338,94149.3
2026-05-28 16:40:00,2.338,2.359,2.336,2.357,133353.2
2026-05-28 16:45:00,2.356,2.356,2.338,2.341,126196.3
2026-05-28 16:50:00,2.341,2.353,2.338,2.353,120957.6
2026-05-28 16:55:00,2.353,2.358,2.343,2.348,65138.9
2026-05-28 17:00:00,2.349,2.355,2.342,2.346,55435.7
2026-05-28 17:05:00,2.346,2.356,2.338,2.345,169123.5
2026-05-28 17:10:00,2.344,2.344,2.334,2.34,49431.8
2026-05-28 17:15:00,2.34,2.347,2.338,2.347,56817.8
2026-05-28 17:20:00,2.347,2.349,2.333,2.341,34946.6
2026-05-28 17:25:00,2.34,2.341,2.333,2.334,28349.1
2026-05-28 17:30:00,2.334,2.346,2.334,2.345,19034.9
2026-05-28 17:35:00,2.346,2.354,2.342,2.354,74664.8
2026-05-28 17:40:00,2.354,2.355,2.345,2.348,26195.6
2026-05-28 17:45:00,2.349,2.359,2.339,2.356,122892.7
2026-05-28 17:50:00,2.356,2.364,2.353,2.358,91386.5
2026-05-28 17:55:00,2.357,2.36,2.353,2.357,38895.2
2026-05-28 18:00:00,2.357,2.37,2.354,2.361,108792.9
2026-05-28 18:05:00,2.362,2.377,2.356,2.375,78775.8
2026-05-28 18:10:00,2.374,2.392,2.373,2.387,203958.1
2026-05-28 18:15:00,2.386,2.398,2.38,2.389,111806.3
2026-05-28 18:20:00,2.39,2.408,2.385,2.408,276261.9
2026-05-28 18:25:00,2.407,2.408,2.4,2.4,280975.8
2026-05-28 18:30:00,2.4,2.403,2.388,2.391,186277.1
2026-05-28 18:35:00,2.392,2.41,2.389,2.409,113296.2
2026-05-28 18:40:00,2.409,2.414,2.402,2.406,75287.5
2026-05-28 18:45:00,2.406,2.422,2.405,2.418,81263.7
2026-05-28 18:50:00,2.418,2.426,2.417,2.419,71582.5
2026-05-28 18:55:00,2.419,2.425,2.412,2.418,33438.8
2026-05-28 19:00:00,2.418,2.418,2.398,2.414,104584.4
2026-05-28 19:05:00,2.414,2.427,2.412,2.421,81717.0
2026-05-28 19:10:00,2.421,2.426,2.406,2.408,51140.6
2026-05-28 19:15:00,2.408,2.429,2.408,2.429,42580.8
2026-05-28 19:20:00,2.429,2.436,2.413,2.421,81976.7
2026-05-28 19:25:00,2.422,2.427,2.415,2.427,49688.1
2026-05-28 19:30:00,2.427,2.436,2.426,2.429,76027.8
2026-05-28 19:35:00,2.429,2.431,2.423,2.423,30749.2
2026-05-28 19:40:00,2.422,2.426,2.413,2.416,111592.1
2026-05-28 19:45:00,2.415,2.416,2.409,2.413,61035.6
2026-05-28 19:50:00,2.413,2.419,2.4,2.403,68362.8
2026-05-28 19:55:00,2.403,2.403,2.389,2.39,128947.1
2026-05-28 20:00:00,2.391,2.397,2.374,2.376,104195.1
2026-05-28 20:05:00,2.376,2.376,2.355,2.371,243578.5
2026-05-28 20:10:00,2.371,2.386,2.369,2.374,121720.5
2026-05-28 20:15:00,2.374,2.396,2.373,2.396,167851.4
2026-05-28 20:20:00,2.396,2.407,2.388,2.391,64621.0
2026-05-28 20:25:00,2.392,2.404,2.39,2.402,25526.7
2026-05-28 20:30:00,2.403,2.408,2.396,2.406,33677.7
2026-05-28 20:35:00,2.406,2.42,2.404,2.418,99020.9
2026-05-28 20:40:00,2.418,2.441,2.418,2.435,124889.4
2026-05-28 20:45:00,2.435,2.449,2.427,2.446,120676.8
2026-05-28 20:50:00,2.446,2.45,2.437,2.448,187270.5
2026-05-28 20:55:00,2.449,2.45,2.423,2.423,114087.8
2026-05-28 21:00:00,2.424,2.428,2.415,2.415,73852.8
2026-05-28 21:05:00,2.416,2.447,2.415,2.446,71332.4
2026-05-28 21:10:00,2.447,2.471,2.447,2.455,266041.9
2026-05-28 21:15:00,2.455,2.462,2.44,2.457,103270.2
2026-05-28 21:20:00,2.457,2.458,2.439,2.456,96728.2
2026-05-28 21:25:00,2.457,2.465,2.453,2.453,108546.6
2026-05-28 21:30:00,2.452,2.452,2.443,2.445,86951.8
2026-05-28 21:35:00,2.445,2.466,2.443,2.466,86253.4
2026-05-28 21:40:00,2.465,2.474,2.455,2.469,104005.5
2026-05-28 21:45:00,2.469,2.469,2.457,2.459,31491.0
2026-05-28 21:50:00,2.459,2.459,2.451,2.455,48725.4
2026-05-28 21:55:00,2.456,2.457,2.448,2.449,47804.2
2026-05-28 22:00:00,2.45,2.455,2.435,2.441,136178.7
2026-05-28 22:05:00,2.44,2.452,2.434,2.451,82920.5
2026-05-28 22:10:00,2.451,2.452,2.439,2.443,89644.3
2026-05-28 22:15:00,2.442,2.442,2.429,2.431,189942.1
2026-05-28 22:20:00,2.431,2.438,2.424,2.433,98190.1
2026-05-28 22:25:00,2.433,2.436,2.422,2.427,88340.5
2026-05-28 22:30:00,2.427,2.432,2.418,2.427,86013.4
2026-05-28 22:35:00,2.427,2.43,2.421,2.422,51919.5
2026-05-28 22:40:00,2.422,2.429,2.419,2.428,63827.0
2026-05-28 22:45:00,2.428,2.479,2.428,2.456,1262056.8
2026-05-28 22:50:00,2.455,2.459,2.444,2.452,127955.2
2026-05-28 22:55:00,2.451,2.451,2.435,2.437,149565.1
2026-05-28 23:00:00,2.438,2.442,2.431,2.438,90785.4
2026-05-28 23:05:00,2.439,2.452,2.437,2.445,66593.3
2026-05-28 23:10:00,2.445,2.45,2.442,2.45,70079.4
2026-05-28 23:15:00,2.449,2.453,2.435,2.435,100804.9
2026-05-28 23:20:00,2.435,2.44,2.432,2.437,85049.3
2026-05-28 23:25:00,2.437,2.44,2.43,2.44,98268.5
2026-05-28 23:30:00,2.439,2.442,2.424,2.424,164740.4
2026-05-28 23:35:00,2.424,2.427,2.42,2.421,69408.1
2026-05-28 23:40:00,2.422,2.426,2.417,2.421,102662.5
2026-05-28 23:45:00,2.42,2.426,2.416,2.422,95600.0
2026-05-28 23:50:00,2.423,2.424,2.418,2.42,45244.1
2026-05-28 23:55:00,2.42,2.423,2.419,2.42,31444.4
2026-05-29 00:00:00,2.42,2.435,2.42,2.431,154474.1
2026-05-29 00:05:00,2.431,2.433,2.424,2.426,89129.6
2026-05-29 00:10:00,2.426,2.43,2.419,2.428,109017.0
2026-05-29 00:15:00,2.428,2.443,2.422,2.44,166867.5
2026-05-29 00:20:00,2.44,2.455,2.438,2.455,94709.4
2026-05-29 00:25:00,2.455,2.469,2.454,2.454,162983.4
2026-05-29 00:30:00,2.455,2.468,2.455,2.463,87482.0
2026-05-29 00:35:00,2.462,2.49,2.46,2.484,575135.7
2026-05-29 00:40:00,2.484,2.503,2.476,2.499,422000.0
2026-05-29 00:45:00,2.499,2.514,2.493,2.508,352736.7
2026-05-29 00:50:00,2.507,2.533,2.505,2.511,277656.0
2026-05-29 00:55:00,2.51,2.518,2.505,2.513,145529.4
2026-05-29 01:00:00,2.513,2.523,2.508,2.516,281245.3
2026-05-29 01:05:00,2.517,2.531,2.516,2.529,220985.0
2026-05-29 01:10:00,2.528,2.53,2.515,2.523,481472.9
2026-05-29 01:15:00,2.523,2.536,2.52,2.525,173125.5
2026-05-29 01:20:00,2.525,2.525,2.491,2.504,1049737.0
2026-05-29 01:25:00,2.504,2.522,2.504,2.52,90279.2
2026-05-29 01:30:00,2.519,2.525,2.504,2.519,178712.2
2026-05-29 01:35:00,2.519,2.551,2.516,2.547,544591.8
2026-05-29 01:40:00,2.547,2.551,2.536,2.55,225223.9
2026-05-29 01:45:00,2.55,2.554,2.531,2.534,218089.5
2026-05-29 01:50:00,2.533,2.549,2.53,2.549,153595.1
2026-05-29 01:55:00,2.549,2.558,2.544,2.552,230876.6
2026-05-29 02:00:00,2.552,2.562,2.525,2.555,650073.5
2026-05-29 02:05:00,2.555,2.555,2.542,2.545,165354.0
2026-05-29 02:10:00,2.544,2.552,2.529,2.53,634226.3
2026-05-29 02:15:00,2.53,2.54,2.524,2.532,426238.3
2026-05-29 02:20:00,2.532,2.532,2.511,2.52,316940.5
2026-05-29 02:25:00,2.52,2.521,2.501,2.509,314078.4
2026-05-29 02:30:00,2.508,2.514,2.471,2.5,796319.8
2026-05-29 02:35:00,2.5,2.513,2.498,2.504,201843.4
2026-05-29 02:40:00,2.503,2.503,2.484,2.488,258224.8
2026-05-29 02:45:00,2.489,2.499,2.488,2.491,88233.8
2026-05-29 02:50:00,2.492,2.498,2.468,2.47,216264.1
2026-05-29 02:55:00,2.47,2.481,2.469,2.48,82434.4
2026-05-29 03:00:00,2.48,2.484,2.468,2.481,119675.7
2026-05-29 03:05:00,2.481,2.511,2.48,2.509,158581.6
2026-05-29 03:10:00,2.51,2.527,2.506,2.521,139054.2
2026-05-29 03:15:00,2.521,2.522,2.511,2.515,82333.4
2026-05-29 03:20:00,2.515,2.52,2.496,2.497,100749.4
2026-05-29 03:25:00,2.498,2.499,2.48,2.48,89623.7
2026-05-29 03:30:00,2.48,2.49,2.468,2.483,160466.2
2026-05-29 03:35:00,2.483,2.483,2.467,2.468,89945.0
2026-05-29 03:40:00,2.467,2.468,2.455,2.456,226552.7
2026-05-29 03:45:00,2.456,2.465,2.447,2.465,138037.8
2026-05-29 03:50:00,2.465,2.471,2.457,2.469,56789.5
2026-05-29 03:55:00,2.469,2.469,2.458,2.458,79284.3
2026-05-29 04:00:00,2.458,2.466,2.453,2.461,98190.4
2026-05-29 04:05:00,2.461,2.461,2.445,2.448,127195.8
2026-05-29 04:10:00,2.448,2.457,2.446,2.453,121840.7
2026-05-29 04:15:00,2.454,2.46,2.449,2.459,34334.9
2026-05-29 04:20:00,2.46,2.479,2.459,2.474,62319.2
2026-05-29 04:25:00,2.475,2.479,2.472,2.477,44506.9
2026-05-29 04:30:00,2.477,2.489,2.475,2.483,71518.3
2026-05-29 04:35:00,2.483,2.488,2.479,2.487,30371.7
2026-05-29 04:40:00,2.488,2.491,2.477,2.482,38497.0
2026-05-29 04:45:00,2.482,2.487,2.474,2.477,40626.4
2026-05-29 04:50:00,2.478,2.486,2.468,2.47,50775.5
2026-05-29 04:55:00,2.471,2.497,2.469,2.488,55741.7
2026-05-29 05:00:00,2.489,2.503,2.487,2.501,51161.8
2026-05-29 05:05:00,2.501,2.503,2.492,2.497,68983.3
2026-05-29 05:10:00,2.497,2.501,2.489,2.495,66685.9
2026-05-29 05:15:00,2.494,2.5,2.489,2.499,34242.0
2026-05-29 05:20:00,2.498,2.498,2.472,2.478,124298.6
2026-05-29 05:25:00,2.477,2.479,2.473,2.477,41608.8
2026-05-29 05:30:00,2.476,2.479,2.466,2.47,37716.4
2026-05-29 05:35:00,2.47,2.485,2.47,2.48,18940.9
2026-05-29 05:40:00,2.48,2.485,2.477,2.484,25830.4
2026-05-29 05:45:00,2.483,2.519,2.481,2.515,102848.8
2026-05-29 05:50:00,2.515,2.515,2.489,2.499,127669.2
2026-05-29 05:55:00,2.498,2.5,2.488,2.499,77876.7
2026-05-29 06:00:00,2.498,2.498,2.484,2.485,28471.3
2026-05-29 06:05:00,2.485,2.487,2.478,2.484,27608.9
2026-05-29 06:10:00,2.484,2.497,2.484,2.496,51476.2
2026-05-29 06:15:00,2.496,2.51,2.496,2.501,93771.2
2026-05-29 06:20:00,2.501,2.518,2.499,2.505,50790.2
2026-05-29 06:25:00,2.504,2.504,2.488,2.49,72851.2
2026-05-29 06:30:00,2.491,2.495,2.476,2.479,46006.9
2026-05-29 06:35:00,2.48,2.487,2.477,2.485,20802.7
2026-05-29 06:40:00,2.485,2.493,2.485,2.491,25652.5
2026-05-29 06:45:00,2.491,2.498,2.485,2.493,36873.5
2026-05-29 06:50:00,2.493,2.508,2.486,2.503,81032.0
2026-05-29 06:55:00,2.503,2.51,2.5,2.508,96189.8
2026-05-29 07:00:00,2.508,2.524,2.503,2.522,117451.0
2026-05-29 07:05:00,2.521,2.531,2.515,2.524,119870.0
2026-05-29 07:10:00,2.524,2.539,2.524,2.533,273865.1
2026-05-29 07:15:00,2.533,2.553,2.529,2.553,757331.2
2026-05-29 07:20:00,2.552,2.576,2.551,2.566,463810.4
2026-05-29 07:25:00,2.567,2.567,2.538,2.539,281758.8
2026-05-29 07:30:00,2.538,2.54,2.512,2.521,259333.2
2026-05-29 07:35:00,2.521,2.522,2.485,2.492,347833.9
2026-05-29 07:40:00,2.493,2.494,2.474,2.483,652785.1
2026-05-29 07:45:00,2.482,2.498,2.479,2.496,101772.5
2026-05-29 07:50:00,2.497,2.513,2.49,2.494,479582.9
2026-05-29 07:55:00,2.494,2.505,2.494,2.5,54941.8
2026-05-29 08:00:00,2.499,2.514,2.494,2.496,313630.7
2026-05-29 08:05:00,2.496,2.508,2.494,2.501,69052.4
2026-05-29 08:10:00,2.501,2.511,2.49,2.503,179467.2
2026-05-29 08:15:00,2.502,2.504,2.494,2.504,81005.6
2026-05-29 08:20:00,2.503,2.511,2.496,2.507,95329.1
2026-05-29 08:25:00,2.508,2.517,2.496,2.501,116963.5
2026-05-29 08:30:00,2.501,2.506,2.492,2.498,127441.7
2026-05-29 08:35:00,2.498,2.5,2.488,2.498,80741.8
2026-05-29 08:40:00,2.498,2.503,2.494,2.502,39450.6
2026-05-29 08:45:00,2.503,2.503,2.482,2.483,97788.1
2026-05-29 08:50:00,2.484,2.495,2.482,2.49,44487.7
2026-05-29 08:55:00,2.489,2.496,2.488,2.488,61229.8
2026-05-29 09:00:00,2.489,2.494,2.483,2.485,92890.6
2026-05-29 09:05:00,2.486,2.499,2.485,2.499,71255.9
2026-05-29 09:10:00,2.499,2.516,2.496,2.504,99403.6
2026-05-29 09:15:00,2.504,2.545,2.504,2.543,184104.7
2026-05-29 09:20:00,2.543,2.547,2.528,2.537,192476.6
2026-05-29 09:25:00,2.538,2.551,2.536,2.542,104436.8
2026-05-29 09:30:00,2.543,2.548,2.53,2.532,78720.2
2026-05-29 09:35:00,2.533,2.536,2.527,2.531,45661.8
2026-05-29 09:40:00,2.532,2.533,2.502,2.504,148989.5
2026-05-29 09:45:00,2.504,2.513,2.501,2.505,90978.1
2026-05-29 09:50:00,2.505,2.509,2.498,2.5,39871.6
2026-05-29 09:55:00,2.5,2.505,2.492,2.503,82958.6
2026-05-29 10:00:00,2.503,2.506,2.497,2.501,73123.3
2026-05-29 10:05:00,2.501,2.513,2.5,2.513,186670.9
2026-05-29 10:10:00,2.513,2.527,2.513,2.515,496804.1
2026-05-29 10:15:00,2.515,2.518,2.485,2.496,672415.0
2026-05-29 10:20:00,2.497,2.513,2.496,2.5,122955.5
2026-05-29 10:25:00,2.5,2.5,2.488,2.488,422789.1
2026-05-29 10:30:00,2.488,2.505,2.485,2.504,121522.9
2026-05-29 10:35:00,2.504,2.505,2.498,2.501,130979.0
2026-05-29 10:40:00,2.501,2.507,2.496,2.5,131758.3
2026-05-29 10:45:00,2.5,2.51,2.496,2.502,104622.6
2026-05-29 10:50:00,2.502,2.508,2.497,2.503,110995.3
2026-05-29 10:55:00,2.504,2.516,2.502,2.504,481899.2
2026-05-29 11:00:00,2.504,2.504,2.48,2.487,550677.1
2026-05-29 11:05:00,2.486,2.497,2.483,2.49,121032.4
2026-05-29 11:10:00,2.491,2.495,2.475,2.485,554197.8
2026-05-29 11:15:00,2.486,2.518,2.485,2.504,1044742.9
2026-05-29 11:20:00,2.504,2.513,2.5,2.51,136053.9
2026-05-29 11:25:00,2.511,2.517,2.491,2.493,343999.2
2026-05-29 11:30:00,2.492,2.493,2.481,2.488,136997.2
2026-05-29 11:35:00,2.488,2.49,2.477,2.481,359173.7
2026-05-29 11:40:00,2.482,2.487,2.475,2.485,109889.8
2026-05-29 11:45:00,2.484,2.493,2.479,2.48,73585.8
2026-05-29 11:50:00,2.48,2.486,2.476,2.485,203767.8
2026-05-29 11:55:00,2.485,2.489,2.48,2.487,82213.8
2026-05-29 12:00:00,2.487,2.488,2.476,2.478,182196.2
2026-05-29 12:05:00,2.478,2.479,2.407,2.435,1852920.1
2026-05-29 12:10:00,2.435,2.437,2.415,2.424,283534.5
2026-05-29 12:15:00,2.424,2.444,2.422,2.443,214118.0
2026-05-29 12:20:00,2.442,2.444,2.437,2.441,88220.7
2026-05-29 12:25:00,2.442,2.446,2.438,2.445,64056.0
2026-05-29 12:30:00,2.445,2.445,2.434,2.435,179574.8
2026-05-29 12:35:00,2.435,2.438,2.426,2.43,139759.0
2026-05-29 12:40:00,2.429,2.448,2.428,2.44,47295.2
2026-05-29 12:45:00,2.44,2.441,2.432,2.441,80051.0
2026-05-29 12:50:00,2.44,2.447,2.429,2.432,69786.6
2026-05-29 12:55:00,2.432,2.437,2.423,2.434,85573.0
2026-05-29 13:00:00,2.433,2.435,2.417,2.424,168941.6
2026-05-29 13:05:00,2.425,2.44,2.424,2.431,125322.5
2026-05-29 13:10:00,2.431,2.436,2.427,2.436,64663.1
2026-05-29 13:15:00,2.436,2.446,2.433,2.433,79588.7
2026-05-29 13:20:00,2.434,2.447,2.432,2.443,58243.7
2026-05-29 13:25:00,2.443,2.445,2.43,2.432,111463.6
2026-05-29 13:30:00,2.432,2.434,2.406,2.413,430325.5
2026-05-29 13:35:00,2.412,2.469,2.412,2.453,395561.1
2026-05-29 13:40:00,2.453,2.468,2.444,2.45,124349.3
2026-05-29 13:45:00,2.449,2.465,2.446,2.453,102689.5
2026-05-29 13:50:00,2.453,2.456,2.443,2.451,89413.4
2026-05-29 13:55:00,2.452,2.468,2.452,2.457,53473.9
2026-05-29 14:00:00,2.458,2.477,2.458,2.476,70160.9
2026-05-29 14:05:00,2.476,2.479,2.449,2.459,169218.5
2026-05-29 14:10:00,2.459,2.464,2.455,2.461,68518.3
2026-05-29 14:15:00,2.46,2.468,2.451,2.454,127334.9
2026-05-29 14:20:00,2.455,2.463,2.447,2.448,96603.8
2026-05-29 14:25:00,2.448,2.474,2.436,2.466,279587.4
2026-05-29 14:30:00,2.466,2.47,2.45,2.455,177369.5
2026-05-29 14:35:00,2.455,2.455,2.429,2.432,132507.1
2026-05-29 14:40:00,2.432,2.437,2.415,2.419,336942.5
2026-05-29 14:45:00,2.419,2.43,2.416,2.427,162453.6
2026-05-29 14:50:00,2.427,2.461,2.426,2.447,365953.9
2026-05-29 14:55:00,2.447,2.455,2.437,2.445,212811.0
2026-05-29 15:00:00,2.445,2.466,2.444,2.463,170399.8
2026-05-29 15:05:00,2.463,2.515,2.456,2.515,1059015.5
2026-05-29 15:10:00,2.514,2.532,2.504,2.512,417758.7
2026-05-29 15:15:00,2.511,2.524,2.487,2.506,355324.6
2026-05-29 15:20:00,2.507,2.51,2.488,2.497,117279.0
2026-05-29 15:25:00,2.497,2.552,2.478,2.545,605053.8
2026-05-29 15:30:00,2.545,2.573,2.543,2.567,534514.8
2026-05-29 15:35:00,2.567,2.603,2.566,2.596,643431.5
2026-05-29 15:40:00,2.595,2.601,2.538,2.547,430486.1
2026-05-29 15:45:00,2.547,2.564,2.544,2.563,199572.2
2026-05-29 15:50:00,2.562,2.566,2.534,2.541,165567.5
2026-05-29 15:55:00,2.541,2.559,2.541,2.554,181484.5
2026-05-29 16:00:00,2.553,2.559,2.534,2.559,151886.3
2026-05-29 16:05:00,2.558,2.599,2.553,2.599,330876.1
2026-05-29 16:10:00,2.598,2.617,2.591,2.607,412129.4
2026-05-29 16:15:00,2.608,2.611,2.557,2.564,230297.7
2026-05-29 16:20:00,2.564,2.574,2.548,2.556,191527.4
2026-05-29 16:25:00,2.556,2.56,2.538,2.557,139858.8
2026-05-29 16:30:00,2.557,2.596,2.557,2.581,350803.7
2026-05-29 16:35:00,2.58,2.606,2.58,2.602,261710.1
2026-05-29 16:40:00,2.602,2.617,2.598,2.613,247325.8
2026-05-29 16:45:00,2.612,2.633,2.61,2.622,273608.3
2026-05-29 16:50:00,2.621,2.63,2.611,2.624,166937.9
2026-05-29 16:55:00,2.623,2.623,2.592,2.593,260660.5
2026-05-29 17:00:00,2.593,2.603,2.583,2.59,138113.7
2026-05-29 17:05:00,2.591,2.602,2.583,2.599,134883.6
2026-05-29 17:10:00,2.599,2.629,2.594,2.601,515096.8
2026-05-29 17:15:00,2.601,2.613,2.591,2.598,201222.9
2026-05-29 17:20:00,2.599,2.611,2.586,2.596,191395.3
2026-05-29 17:25:00,2.595,2.632,2.586,2.619,282610.2
2026-05-29 17:30:00,2.619,2.633,2.611,2.613,183476.2
2026-05-29 17:35:00,2.614,2.628,2.609,2.62,103950.4
2026-05-29 17:40:00,2.62,2.63,2.599,2.6,118047.2
2026-05-29 17:45:00,2.6,2.608,2.572,2.576,270882.6
2026-05-29 17:50:00,2.577,2.605,2.575,2.589,198724.0
2026-05-29 17:55:00,2.59,2.596,2.583,2.586,97936.7
2026-05-29 18:00:00,2.587,2.591,2.573,2.581,230166.1
2026-05-29 18:05:00,2.582,2.589,2.575,2.577,126671.7
2026-05-29 18:10:00,2.577,2.596,2.573,2.587,109003.6
2026-05-29 18:15:00,2.588,2.588,2.564,2.566,131747.2
2026-05-29 18:20:00,2.567,2.581,2.566,2.571,55522.3
2026-05-29 18:25:00,2.571,2.592,2.569,2.582,218645.4
2026-05-29 18:30:00,2.583,2.586,2.572,2.582,90994.8
2026-05-29 18:35:00,2.583,2.61,2.576,2.606,158527.0
2026-05-29 18:40:00,2.606,2.612,2.604,2.608,64415.2
2026-05-29 18:45:00,2.608,2.608,2.554,2.563,231314.3
2026-05-29 18:50:00,2.563,2.567,2.551,2.556,186650.2
2026-05-29 18:55:00,2.556,2.568,2.553,2.554,127743.2
2026-05-29 19:00:00,2.554,2.565,2.543,2.565,138402.4
2026-05-29 19:05:00,2.564,2.571,2.551,2.551,101125.1
2026-05-29 19:10:00,2.55,2.555,2.536,2.541,120705.6
2026-05-29 19:15:00,2.541,2.549,2.519,2.528,236097.0
2026-05-29 19:20:00,2.528,2.547,2.522,2.541,76238.7
2026-05-29 19:25:00,2.542,2.551,2.537,2.546,83326.2
2026-05-29 19:30:00,2.547,2.556,2.532,2.54,136522.0
2026-05-29 19:35:00,2.541,2.572,2.541,2.57,100070.4
2026-05-29 19:40:00,2.57,2.574,2.559,2.569,83814.1
2026-05-29 19:45:00,2.57,2.58,2.558,2.558,56065.0
2026-05-29 19:50:00,2.558,2.561,2.537,2.546,146898.4
2026-05-29 19:55:00,2.546,2.552,2.539,2.539,39626.3
2026-05-29 20:00:00,2.54,2.544,2.523,2.535,109380.9
2026-05-29 20:05:00,2.534,2.554,2.532,2.552,68721.6
2026-05-29 20:10:00,2.552,2.558,2.533,2.536,136923.1
2026-05-29 20:15:00,2.536,2.539,2.508,2.51,236765.0
2026-05-29 20:20:00,2.511,2.542,2.51,2.537,164168.3
2026-05-29 20:25:00,2.536,2.54,2.531,2.54,65236.6
2026-05-29 20:30:00,2.54,2.564,2.54,2.547,103719.4
2026-05-29 20:35:00,2.548,2.559,2.529,2.533,556879.2
2026-05-29 20:40:00,2.533,2.553,2.525,2.527,712346.8
2026-05-29 20:45:00,2.527,2.529,2.497,2.502,409884.5
2026-05-29 20:50:00,2.502,2.511,2.488,2.492,153095.2
2026-05-29 20:55:00,2.491,2.505,2.488,2.503,216939.5
2026-05-29 21:00:00,2.503,2.505,2.473,2.481,730276.0
2026-05-29 21:05:00,2.48,2.492,2.477,2.484,82577.2
2026-05-29 21:10:00,2.484,2.511,2.48,2.504,495621.8
2026-05-29 21:15:00,2.504,2.509,2.487,2.49,104233.6
2026-05-29 21:20:00,2.489,2.489,2.472,2.473,111760.6
2026-05-29 21:25:00,2.472,2.473,2.455,2.461,172801.3
2026-05-29 21:30:00,2.461,2.466,2.434,2.441,295768.4
2026-05-29 21:35:00,2.441,2.446,2.431,2.443,178709.9
2026-05-29 21:40:00,2.442,2.454,2.437,2.449,73842.9
2026-05-29 21:45:00,2.448,2.448,2.413,2.414,224162.7
2026-05-29 21:50:00,2.414,2.418,2.373,2.385,448380.8
2026-05-29 21:55:00,2.386,2.388,2.362,2.363,367150.2
2026-05-29 22:00:00,2.364,2.397,2.364,2.387,182042.6
2026-05-29 22:05:00,2.388,2.388,2.376,2.376,94801.1
2026-05-29 22:10:00,2.376,2.386,2.375,2.38,64807.5
2026-05-29 22:15:00,2.381,2.394,2.379,2.393,54267.0
2026-05-29 22:20:00,2.393,2.399,2.38,2.383,71202.4
2026-05-29 22:25:00,2.384,2.389,2.376,2.388,76094.2
2026-05-29 22:30:00,2.387,2.397,2.386,2.395,79535.2
2026-05-29 22:35:00,2.394,2.4,2.388,2.394,71053.0
2026-05-29 22:40:00,2.394,2.399,2.388,2.397,48649.4
2026-05-29 22:45:00,2.397,2.403,2.395,2.398,77577.2
2026-05-29 22:50:00,2.397,2.398,2.389,2.395,51912.3
2026-05-29 22:55:00,2.396,2.413,2.396,2.407,148997.1
2026-05-29 23:00:00,2.408,2.411,2.394,2.411,88809.0
2026-05-29 23:05:00,2.411,2.419,2.41,2.418,93745.1
2026-05-29 23:10:00,2.417,2.418,2.397,2.397,421316.1
2026-05-29 23:15:00,2.396,2.412,2.396,2.404,118453.6
2026-05-29 23:20:00,2.404,2.406,2.373,2.378,254218.4
2026-05-29 23:25:00,2.379,2.402,2.379,2.397,204209.3
2026-05-29 23:30:00,2.397,2.4,2.388,2.393,71668.3
2026-05-29 23:35:00,2.392,2.392,2.383,2.387,69684.0
2026-05-29 23:40:00,2.387,2.387,2.378,2.387,71941.5
2026-05-29 23:45:00,2.387,2.392,2.383,2.392,47689.4
2026-05-29 23:50:00,2.391,2.392,2.381,2.383,45994.3
2026-05-29 23:55:00,2.383,2.385,2.372,2.38,87060.1
2026-05-30 00:00:00,2.38,2.385,2.372,2.378,116714.6
2026-05-30 00:05:00,2.378,2.401,2.378,2.395,139179.5
2026-05-30 00:10:00,2.395,2.401,2.382,2.384,99426.6
2026-05-30 00:15:00,2.385,2.4,2.385,2.388,61148.4
2026-05-30 00:20:00,2.389,2.403,2.388,2.393,61195.6
2026-05-30 00:25:00,2.393,2.398,2.378,2.378,44884.2
2026-05-30 00:30:00,2.379,2.383,2.365,2.378,136274.8
2026-05-30 00:35:00,2.379,2.392,2.373,2.385,113316.9
2026-05-30 00:40:00,2.385,2.389,2.375,2.381,82545.6
2026-05-30 00:45:00,2.382,2.388,2.367,2.369,130450.5
2026-05-30 00:50:00,2.369,2.373,2.358,2.367,145742.3
2026-05-30 00:55:00,2.368,2.37,2.36,2.361,43579.5
2026-05-30 01:00:00,2.362,2.374,2.355,2.372,90219.5
2026-05-30 01:05:00,2.371,2.377,2.362,2.363,54674.1
2026-05-30 01:10:00,2.362,2.372,2.359,2.368,123684.7
2026-05-30 01:15:00,2.369,2.382,2.363,2.381,67978.6
2026-05-30 01:20:00,2.382,2.384,2.376,2.383,47598.4
2026-05-30 01:25:00,2.382,2.386,2.376,2.377,59958.9
2026-05-30 01:30:00,2.376,2.388,2.369,2.371,168028.1
2026-05-30 01:35:00,2.371,2.389,2.371,2.381,118503.4
2026-05-30 01:40:00,2.38,2.385,2.376,2.38,73330.5
2026-05-30 01:45:00,2.381,2.388,2.379,2.383,38550.6
2026-05-30 01:50:00,2.384,2.395,2.379,2.394,91725.4
2026-05-30 01:55:00,2.393,2.394,2.377,2.382,62104.6
2026-05-30 02:00:00,2.381,2.395,2.381,2.393,69824.3
2026-05-30 02:05:00,2.393,2.393,2.383,2.391,47988.6
2026-05-30 02:10:00,2.391,2.391,2.381,2.386,42802.8
2026-05-30 02:15:00,2.386,2.39,2.383,2.387,33808.2
2026-05-30 02:20:00,2.386,2.386,2.364,2.368,103777.9
2026-05-30 02:25:00,2.368,2.378,2.367,2.374,98039.6
2026-05-30 02:30:00,2.375,2.391,2.375,2.389,41328.0
2026-05-30 02:35:00,2.389,2.391,2.384,2.386,43847.4
2026-05-30 02:40:00,2.386,2.389,2.382,2.382,14259.0
2026-05-30 02:45:00,2.383,2.388,2.377,2.384,37503.2
2026-05-30 02:50:00,2.384,2.4,2.384,2.399,108016.3
2026-05-30 02:55:00,2.4,2.402,2.387,2.396,84186.4
2026-05-30 03:00:00,2.395,2.395,2.386,2.393,92463.5
2026-05-30 03:05:00,2.392,2.395,2.389,2.394,33601.7
2026-05-30 03:10:00,2.394,2.396,2.383,2.389,29043.5
2026-05-30 03:15:00,2.389,2.393,2.381,2.39,60066.2
2026-05-30 03:20:00,2.39,2.394,2.381,2.39,45633.3
2026-05-30 03:25:00,2.391,2.391,2.382,2.385,31208.8
2026-05-30 03:30:00,2.386,2.387,2.373,2.377,44207.6
2026-05-30 03:35:00,2.377,2.38,2.368,2.37,123858.2
2026-05-30 03:40:00,2.37,2.37,2.354,2.357,163291.9
2026-05-30 03:45:00,2.356,2.369,2.354,2.366,66944.3
2026-05-30 03:50:00,2.366,2.369,2.36,2.369,15328.7
2026-05-30 03:55:00,2.369,2.369,2.355,2.355,51011.8
2026-05-30 04:00:00,2.355,2.365,2.345,2.347,168645.1
2026-05-30 04:05:00,2.347,2.349,2.329,2.344,720290.4
2026-05-30 04:10:00,2.344,2.351,2.331,2.35,205018.1
2026-05-30 04:15:00,2.349,2.349,2.338,2.338,50998.2
2026-05-30 04:20:00,2.338,2.341,2.326,2.334,257201.3
2026-05-30 04:25:00,2.333,2.333,2.303,2.307,563486.6
2026-05-30 04:30:00,2.306,2.314,2.27,2.276,610237.5
2026-05-30 04:35:00,2.275,2.302,2.248,2.281,887255.7
2026-05-30 04:40:00,2.282,2.295,2.279,2.292,135792.9
2026-05-30 04:45:00,2.292,2.313,2.287,2.312,221881.2
2026-05-30 04:50:00,2.313,2.313,2.301,2.305,116692.2
2026-05-30 04:55:00,2.306,2.311,2.302,2.311,47935.0
2026-05-30 05:00:00,2.31,2.324,2.307,2.321,188186.2
2026-05-30 05:05:00,2.322,2.337,2.321,2.322,123308.6
2026-05-30 05:10:00,2.323,2.332,2.323,2.329,43670.8
2026-05-30 05:15:00,2.328,2.335,2.324,2.332,47838.4
2026-05-30 05:20:00,2.331,2.343,2.331,2.333,119946.9
2026-05-30 05:25:00,2.333,2.336,2.326,2.326,64011.6
2026-05-30 05:30:00,2.327,2.331,2.325,2.331,44405.2
2026-05-30 05:35:00,2.331,2.343,2.331,2.343,29860.5
2026-05-30 05:40:00,2.343,2.343,2.33,2.339,62600.3
2026-05-30 05:45:00,2.339,2.349,2.329,2.347,159148.1
2026-05-30 05:50:00,2.347,2.356,2.345,2.353,98017.9
2026-05-30 05:55:00,2.354,2.365,2.354,2.359,177959.2
2026-05-30 06:00:00,2.359,2.363,2.355,2.355,55867.7
2026-05-30 06:05:00,2.355,2.371,2.351,2.369,102665.5
2026-05-30 06:10:00,2.37,2.387,2.369,2.374,151783.6
2026-05-30 06:15:00,2.373,2.374,2.365,2.369,58873.5
2026-05-30 06:20:00,2.37,2.376,2.37,2.375,55167.8
2026-05-30 06:25:00,2.374,2.387,2.373,2.385,31718.7
2026-05-30 06:30:00,2.386,2.387,2.382,2.385,41215.7
2026-05-30 06:35:00,2.385,2.389,2.382,2.384,71685.2
2026-05-30 06:40:00,2.384,2.388,2.38,2.385,52401.3
2026-05-30 06:45:00,2.385,2.389,2.382,2.384,58204.5
2026-05-30 06:50:00,2.385,2.385,2.377,2.378,83680.7
2026-05-30 06:55:00,2.379,2.386,2.377,2.386,45264.9
2026-05-30 07:00:00,2.385,2.394,2.382,2.383,44566.1
2026-05-30 07:05:00,2.382,2.387,2.378,2.38,17309.5
2026-05-30 07:10:00,2.381,2.389,2.38,2.384,22704.1
2026-05-30 07:15:00,2.385,2.387,2.38,2.382,18185.1
2026-05-30 07:20:00,2.381,2.398,2.379,2.394,56839.8
2026-05-30 07:25:00,2.394,2.401,2.392,2.394,60364.6
2026-05-30 07:30:00,2.394,2.394,2.389,2.391,33714.9
2026-05-30 07:35:00,2.39,2.39,2.374,2.383,53966.6
2026-05-30 07:40:00,2.382,2.388,2.38,2.385,57747.5
2026-05-30 07:45:00,2.384,2.4,2.383,2.399,40418.6
2026-05-30 07:50:00,2.399,2.4,2.387,2.392,48655.4
2026-05-30 07:55:00,2.393,2.402,2.391,2.4,37586.4
2026-05-30 08:00:00,2.399,2.408,2.394,2.403,24818.9
2026-05-30 08:05:00,2.404,2.406,2.398,2.403,44626.5
2026-05-30 08:10:00,2.404,2.408,2.393,2.398,116557.8
2026-05-30 08:15:00,2.398,2.4,2.385,2.39,45317.1
2026-05-30 08:20:00,2.391,2.397,2.391,2.395,36902.0
2026-05-30 08:25:00,2.395,2.398,2.39,2.394,33633.4
2026-05-30 08:30:00,2.395,2.404,2.393,2.394,66566.5
2026-05-30 08:35:00,2.394,2.398,2.391,2.392,32132.2
2026-05-30 08:40:00,2.393,2.402,2.39,2.398,54916.9
2026-05-30 08:45:00,2.397,2.403,2.391,2.4,29892.1
2026-05-30 08:50:00,2.4,2.406,2.399,2.401,19679.9
2026-05-30 08:55:00,2.4,2.409,2.399,2.401,59423.9
2026-05-30 09:00:00,2.4,2.427,2.399,2.424,187783.7
2026-05-30 09:05:00,2.423,2.43,2.416,2.426,96153.9
2026-05-30 09:10:00,2.427,2.431,2.423,2.427,139343.6
2026-05-30 09:15:00,2.427,2.43,2.411,2.411,113670.2
2026-05-30 09:20:00,2.412,2.427,2.412,2.427,42670.2
2026-05-30 09:25:00,2.426,2.432,2.424,2.426,41135.0
2026-05-30 09:30:00,2.426,2.438,2.426,2.426,234022.8
2026-05-30 09:35:00,2.426,2.437,2.422,2.436,78328.2
2026-05-30 09:40:00,2.436,2.438,2.425,2.426,100325.1
2026-05-30 09:45:00,2.426,2.43,2.417,2.417,33464.4
2026-05-30 09:50:00,2.416,2.422,2.413,2.414,35522.9
2026-05-30 09:55:00,2.414,2.421,2.412,2.417,50740.7
2026-05-30 10:00:00,2.417,2.431,2.417,2.431,61948.5
2026-05-30 10:05:00,2.431,2.444,2.419,2.424,529271.2
2026-05-30 10:10:00,2.423,2.425,2.417,2.421,36459.4
2026-05-30 10:15:00,2.421,2.421,2.41,2.411,75840.5
2026-05-30 10:20:00,2.412,2.416,2.411,2.413,55341.4
2026-05-30 10:25:00,2.413,2.414,2.405,2.411,50910.2
2026-05-30 10:30:00,2.41,2.411,2.399,2.403,111175.7
2026-05-30 10:35:00,2.402,2.405,2.396,2.404,68211.2
2026-05-30 10:40:00,2.404,2.417,2.402,2.405,75359.5
2026-05-30 10:45:00,2.406,2.416,2.406,2.415,28262.0
2026-05-30 10:50:00,2.416,2.416,2.408,2.412,12579.8
2026-05-30 10:55:00,2.412,2.412,2.398,2.401,57747.1
2026-05-30 11:00:00,2.401,2.415,2.398,2.411,120550.8
2026-05-30 11:05:00,2.411,2.411,2.396,2.4,49765.1
2026-05-30 11:10:00,2.4,2.4,2.393,2.399,110013.6
2026-05-30 11:15:00,2.4,2.4,2.387,2.389,37998.8
2026-05-30 11:20:00,2.39,2.396,2.388,2.394,55387.3
2026-05-30 11:25:00,2.394,2.399,2.392,2.396,37756.4
2026-05-30 11:30:00,2.396,2.4,2.393,2.395,24423.6
2026-05-30 11:35:00,2.396,2.398,2.386,2.394,56796.5
2026-05-30 11:40:00,2.394,2.405,2.393,2.401,85748.1
2026-05-30 11:45:00,2.4,2.414,2.397,2.414,84769.0
2026-05-30 11:50:00,2.414,2.422,2.41,2.418,70496.0
2026-05-30 11:55:00,2.417,2.419,2.41,2.414,52305.7
2026-05-30 12:00:00,2.415,2.427,2.414,2.424,82272.8
2026-05-30 12:05:00,2.425,2.432,2.419,2.425,69934.3
2026-05-30 12:10:00,2.424,2.428,2.409,2.414,45723.0
2026-05-30 12:15:00,2.414,2.415,2.407,2.409,32174.3
2026-05-30 12:20:00,2.408,2.408,2.398,2.402,72685.8
2026-05-30 12:25:00,2.402,2.412,2.399,2.409,53881.0
2026-05-30 12:30:00,2.408,2.412,2.402,2.403,31287.9
2026-05-30 12:35:00,2.402,2.413,2.396,2.413,63901.0
2026-05-30 12:40:00,2.412,2.414,2.406,2.41,37804.3
2026-05-30 12:45:00,2.41,2.41,2.397,2.399,30201.5
2026-05-30 12:50:00,2.398,2.405,2.396,2.398,18988.9
2026-05-30 12:55:00,2.399,2.407,2.398,2.402,18660.2
2026-05-30 13:00:00,2.403,2.409,2.401,2.402,18319.1
2026-05-30 13:05:00,2.402,2.41,2.397,2.405,55878.3
2026-05-30 13:10:00,2.405,2.408,2.402,2.404,58054.4
2026-05-30 13:15:00,2.404,2.405,2.397,2.4,22569.7
2026-05-30 13:20:00,2.4,2.405,2.399,2.402,42564.0
2026-05-30 13:25:00,2.401,2.402,2.396,2.4,14033.6
2026-05-30 13:30:00,2.4,2.401,2.394,2.397,21876.8
2026-05-30 13:35:00,2.397,2.397,2.384,2.388,51791.9
2026-05-30 13:40:00,2.388,2.396,2.385,2.387,63398.5
2026-05-30 13:45:00,2.388,2.398,2.387,2.396,56487.8
2026-05-30 13:50:00,2.395,2.41,2.395,2.408,66164.8
2026-05-30 13:55:00,2.409,2.414,2.402,2.403,83584.4
2026-05-30 14:00:00,2.403,2.41,2.4,2.409,70157.5
2026-05-30 14:05:00,2.409,2.41,2.402,2.407,42725.9
2026-05-30 14:10:00,2.406,2.412,2.389,2.392,173953.9
2026-05-30 14:15:00,2.393,2.406,2.386,2.405,76847.5
2026-05-30 14:20:00,2.406,2.406,2.389,2.394,84583.5
2026-05-30 14:25:00,2.393,2.402,2.392,2.397,42566.4
2026-05-30 14:30:00,2.397,2.399,2.388,2.399,76825.2
2026-05-30 14:35:00,2.399,2.41,2.396,2.41,39903.1
2026-05-30 14:40:00,2.41,2.415,2.402,2.406,83947.8
2026-05-30 14:45:00,2.406,2.411,2.398,2.409,84605.6
2026-05-30 14:50:00,2.408,2.412,2.401,2.407,42281.7
2026-05-30 14:55:00,2.408,2.408,2.402,2.403,56974.2
2026-05-30 15:00:00,2.404,2.408,2.393,2.393,49395.3
2026-05-30 15:05:00,2.394,2.404,2.394,2.398,70821.9
2026-05-30 15:10:00,2.399,2.406,2.397,2.403,57289.5
2026-05-30 15:15:00,2.403,2.405,2.394,2.398,44285.3
2026-05-30 15:20:00,2.398,2.399,2.389,2.389,51364.7
2026-05-30 15:25:00,2.39,2.393,2.385,2.388,64600.3
2026-05-30 15:30:00,2.388,2.388,2.36,2.365,361363.4
2026-05-30 15:35:00,2.364,2.368,2.338,2.344,309374.7
2026-05-30 15:40:00,2.343,2.351,2.33,2.336,232827.0
2026-05-30 15:45:00,2.336,2.348,2.333,2.342,171466.5
2026-05-30 15:50:00,2.342,2.348,2.341,2.345,34331.4
2026-05-30 15:55:00,2.345,2.346,2.338,2.341,82353.7
2026-05-30 16:00:00,2.341,2.354,2.341,2.354,76171.3
2026-05-30 16:05:00,2.353,2.356,2.347,2.35,60375.3
2026-05-30 16:10:00,2.349,2.362,2.344,2.357,88338.9
2026-05-30 16:15:00,2.356,2.356,2.347,2.35,68799.8
2026-05-30 16:20:00,2.35,2.351,2.337,2.343,46254.0
2026-05-30 16:25:00,2.343,2.353,2.343,2.349,28195.6
2026-05-30 16:30:00,2.348,2.356,2.346,2.355,21928.9
2026-05-30 16:35:00,2.355,2.358,2.351,2.356,22781.6
2026-05-30 16:40:00,2.356,2.357,2.343,2.344,42078.8
2026-05-30 16:45:00,2.345,2.351,2.345,2.349,19262.4
2026-05-30 16:50:00,2.35,2.354,2.343,2.351,61016.0
2026-05-30 16:55:00,2.351,2.352,2.347,2.349,14039.5
2026-05-30 17:00:00,2.348,2.357,2.346,2.353,45035.7
2026-05-30 17:05:00,2.353,2.356,2.342,2.346,79675.4
2026-05-30 17:10:00,2.346,2.351,2.345,2.35,23917.5
2026-05-30 17:15:00,2.351,2.352,2.338,2.341,229974.4
2026-05-30 17:20:00,2.341,2.348,2.337,2.34,87439.2
2026-05-30 17:25:00,2.34,2.342,2.332,2.333,45687.3
2026-05-30 17:30:00,2.333,2.337,2.286,2.292,684615.1
2026-05-30 17:35:00,2.292,2.297,2.276,2.291,393006.3
2026-05-30 17:40:00,2.291,2.295,2.287,2.292,51982.3
2026-05-30 17:45:00,2.292,2.301,2.292,2.301,82606.1
2026-05-30 17:50:00,2.301,2.311,2.301,2.307,78254.9
2026-05-30 17:55:00,2.307,2.315,2.306,2.31,33875.9
2026-05-30 18:00:00,2.31,2.321,2.308,2.318,39677.3
2026-05-30 18:05:00,2.318,2.322,2.316,2.318,29759.3
2026-05-30 18:10:00,2.317,2.324,2.316,2.317,15578.8
2026-05-30 18:15:00,2.317,2.322,2.311,2.321,33200.5
2026-05-30 18:20:00,2.321,2.321,2.309,2.31,31627.2
2026-05-30 18:25:00,2.31,2.311,2.302,2.309,93036.4
2026-05-30 18:30:00,2.31,2.318,2.308,2.316,21907.1
2026-05-30 18:35:00,2.315,2.328,2.315,2.327,46267.5
2026-05-30 18:40:00,2.327,2.329,2.314,2.321,88943.3
2026-05-30 18:45:00,2.321,2.325,2.315,2.323,49390.4
2026-05-30 18:50:00,2.323,2.326,2.321,2.326,12423.6
2026-05-30 18:55:00,2.326,2.331,2.325,2.328,27364.8
2026-05-30 19:00:00,2.329,2.331,2.308,2.321,282535.1
2026-05-30 19:05:00,2.321,2.329,2.32,2.327,32238.0
2026-05-30 19:10:00,2.326,2.331,2.326,2.331,41071.9
2026-05-30 19:15:00,2.332,2.34,2.331,2.335,80677.5
2026-05-30 19:20:00,2.335,2.337,2.318,2.319,68059.3
2026-05-30 19:25:00,2.319,2.322,2.318,2.321,26823.0
2026-05-30 19:30:00,2.322,2.322,2.302,2.303,306865.2
2026-05-30 19:35:00,2.303,2.307,2.299,2.3,51038.1
2026-05-30 19:40:00,2.3,2.308,2.291,2.307,88179.0
2026-05-30 19:45:00,2.307,2.313,2.303,2.307,88739.0
2026-05-30 19:50:00,2.307,2.31,2.304,2.307,50660.9
2026-05-30 19:55:00,2.307,2.309,2.301,2.304,62246.7
2026-05-30 20:00:00,2.305,2.321,2.304,2.314,109536.4
2026-05-30 20:05:00,2.314,2.325,2.313,2.323,46379.9
2026-05-30 20:10:00,2.324,2.324,2.317,2.32,57432.2
2026-05-30 20:15:00,2.321,2.323,2.315,2.316,16262.4
2026-05-30 20:20:00,2.316,2.32,2.304,2.313,87510.5
2026-05-30 20:25:00,2.313,2.318,2.312,2.315,22443.9
2026-05-30 20:30:00,2.315,2.316,2.311,2.315,12872.7
2026-05-30 20:35:00,2.316,2.317,2.312,2.313,23236.7
2026-05-30 20:40:00,2.313,2.321,2.306,2.313,112404.4
2026-05-30 20:45:00,2.313,2.315,2.309,2.313,29258.4
2026-05-30 20:50:00,2.312,2.32,2.311,2.317,25726.5
2026-05-30 20:55:00,2.317,2.317,2.312,2.314,12443.6
2026-05-30 21:00:00,2.314,2.315,2.307,2.312,27772.6
2026-05-30 21:05:00,2.311,2.319,2.31,2.316,49262.9
2026-05-30 21:10:00,2.316,2.317,2.313,2.314,45110.0
2026-05-30 21:15:00,2.314,2.314,2.305,2.309,68886.4
2026-05-30 21:20:00,2.308,2.311,2.306,2.31,8348.8
2026-05-30 21:25:00,2.311,2.315,2.308,2.311,18680.1
2026-05-30 21:30:00,2.311,2.311,2.306,2.309,17152.2
2026-05-30 21:35:00,2.309,2.31,2.306,2.307,11122.9
2026-05-30 21:40:00,2.307,2.307,2.3,2.306,50139.2
2026-05-30 21:45:00,2.306,2.306,2.3,2.301,11421.2
2026-05-30 21:50:00,2.301,2.305,2.3,2.303,16098.2
2026-05-30 21:55:00,2.302,2.302,2.295,2.296,28202.4
2026-05-30 22:00:00,2.297,2.298,2.286,2.287,75692.4
2026-05-30 22:05:00,2.287,2.289,2.282,2.288,85044.1
2026-05-30 22:10:00,2.288,2.3,2.288,2.298,167780.2
2026-05-30 22:15:00,2.297,2.3,2.292,2.292,70225.8
2026-05-30 22:20:00,2.293,2.294,2.282,2.286,136333.6
2026-05-30 22:25:00,2.287,2.287,2.279,2.287,64551.8
2026-05-30 22:30:00,2.288,2.289,2.282,2.284,19547.1
2026-05-30 22:35:00,2.284,2.29,2.278,2.28,41246.1
2026-05-30 22:40:00,2.279,2.281,2.266,2.269,118501.4
2026-05-30 22:45:00,2.27,2.28,2.268,2.274,87962.3
2026-05-30 22:50:00,2.273,2.278,2.243,2.265,611529.5
2026-05-30 22:55:00,2.265,2.272,2.26,2.269,138113.7
2026-05-30 23:00:00,2.268,2.284,2.267,2.283,106704.4
2026-05-30 23:05:00,2.284,2.284,2.275,2.276,65598.9
2026-05-30 23:10:00,2.276,2.276,2.263,2.267,102164.6
2026-05-30 23:15:00,2.267,2.273,2.265,2.27,40476.6
2026-05-30 23:20:00,2.27,2.27,2.255,2.27,79724.4
2026-05-30 23:25:00,2.269,2.27,2.265,2.269,69553.6
2026-05-30 23:30:00,2.268,2.269,2.245,2.249,195018.6
2026-05-30 23:35:00,2.249,2.257,2.246,2.256,59575.1
2026-05-30 23:40:00,2.256,2.257,2.231,2.233,262525.9
2026-05-30 23:45:00,2.233,2.236,2.226,2.234,224274.8
2026-05-30 23:50:00,2.234,2.246,2.234,2.241,53717.5
2026-05-30 23:55:00,2.241,2.252,2.241,2.25,34487.5
2026-05-31 00:00:00,2.251,2.259,2.246,2.25,100330.9
2026-05-31 00:05:00,2.25,2.255,2.242,2.255,79113.7
2026-05-31 00:10:00,2.255,2.261,2.253,2.255,61101.2
2026-05-31 00:15:00,2.255,2.256,2.249,2.256,26568.3
2026-05-31 00:20:00,2.257,2.263,2.23,2.237,327468.2
2026-05-31 00:25:00,2.238,2.246,2.235,2.243,51064.8
2026-05-31 00:30:00,2.242,2.249,2.236,2.248,68703.0
2026-05-31 00:35:00,2.247,2.251,2.242,2.245,93129.9
2026-05-31 00:40:00,2.245,2.257,2.245,2.25,69371.8
2026-05-31 00:45:00,2.25,2.25,2.241,2.248,41625.0
2026-05-31 00:50:00,2.248,2.248,2.241,2.247,48548.9
2026-05-31 00:55:00,2.246,2.249,2.243,2.247,48453.3
2026-05-31 01:00:00,2.247,2.253,2.245,2.25,74093.3
2026-05-31 01:05:00,2.25,2.251,2.242,2.25,71474.7
2026-05-31 01:10:00,2.25,2.255,2.25,2.255,40796.6
2026-05-31 01:15:00,2.256,2.265,2.256,2.265,72749.2
2026-05-31 01:20:00,2.266,2.266,2.258,2.261,83000.1
2026-05-31 01:25:00,2.261,2.261,2.25,2.258,61606.4
2026-05-31 01:30:00,2.257,2.268,2.252,2.256,102091.7
2026-05-31 01:35:00,2.255,2.259,2.248,2.257,114345.5
2026-05-31 01:40:00,2.256,2.256,2.246,2.249,74502.8
2026-05-31 01:45:00,2.248,2.251,2.241,2.245,102828.6
2026-05-31 01:50:00,2.246,2.249,2.24,2.246,49357.3
2026-05-31 01:55:00,2.246,2.248,2.243,2.248,34360.5
2026-05-31 02:00:00,2.247,2.252,2.245,2.252,41811.6
2026-05-31 02:05:00,2.251,2.255,2.249,2.255,25583.6
2026-05-31 02:10:00,2.254,2.262,2.245,2.26,100167.6
2026-05-31 02:15:00,2.26,2.267,2.258,2.261,58283.7
2026-05-31 02:20:00,2.26,2.276,2.259,2.268,143649.4
2026-05-31 02:25:00,2.267,2.267,2.257,2.26,36043.9
2026-05-31 02:30:00,2.259,2.26,2.246,2.247,52870.7
2026-05-31 02:35:00,2.248,2.259,2.248,2.257,74352.8
2026-05-31 02:40:00,2.256,2.256,2.246,2.252,25056.3
2026-05-31 02:45:00,2.251,2.252,2.248,2.249,36099.9
2026-05-31 02:50:00,2.248,2.26,2.248,2.257,31074.6
2026-05-31 02:55:00,2.256,2.262,2.254,2.259,31992.9
2026-05-31 03:00:00,2.259,2.27,2.259,2.266,93337.0
2026-05-31 03:05:00,2.265,2.265,2.253,2.253,62710.3
2026-05-31 03:10:00,2.254,2.262,2.254,2.26,47076.6
2026-05-31 03:15:00,2.261,2.262,2.253,2.26,36671.9
2026-05-31 03:20:00,2.26,2.263,2.258,2.262,71542.9
2026-05-31 03:25:00,2.263,2.267,2.259,2.264,46381.2
2026-05-31 03:30:00,2.264,2.266,2.258,2.266,32675.4
2026-05-31 03:35:00,2.266,2.27,2.261,2.261,55223.5
2026-05-31 03:40:00,2.261,2.271,2.261,2.271,65669.5
2026-05-31 03:45:00,2.272,2.274,2.265,2.274,39235.9
2026-05-31 03:50:00,2.274,2.286,2.272,2.279,150474.6
2026-05-31 03:55:00,2.279,2.282,2.276,2.279,53927.7
2026-05-31 04:00:00,2.278,2.31,2.271,2.305,381327.6
2026-05-31 04:05:00,2.305,2.305,2.288,2.292,118989.7
2026-05-31 04:10:00,2.292,2.296,2.285,2.288,51897.5
2026-05-31 04:15:00,2.288,2.303,2.288,2.301,86544.5
2026-05-31 04:20:00,2.3,2.316,2.299,2.309,142234.2
2026-05-31 04:25:00,2.309,2.312,2.305,2.308,86074.0
2026-05-31 04:30:00,2.308,2.309,2.3,2.305,103151.9
2026-05-31 04:35:00,2.306,2.306,2.301,2.303,93835.2
2026-05-31 04:40:00,2.303,2.314,2.303,2.309,74215.0
2026-05-31 04:45:00,2.309,2.315,2.303,2.314,57659.1
2026-05-31 04:50:00,2.314,2.318,2.311,2.317,51450.0
2026-05-31 04:55:00,2.316,2.331,2.309,2.329,104948.0
2026-05-31 05:00:00,2.328,2.339,2.325,2.334,88045.0
2026-05-31 05:05:00,2.334,2.335,2.313,2.328,152049.7
2026-05-31 05:10:00,2.328,2.328,2.315,2.315,42609.1
2026-05-31 05:15:00,2.316,2.325,2.311,2.324,72207.4
2026-05-31 05:20:00,2.323,2.326,2.318,2.322,42058.1
2026-05-31 05:25:00,2.322,2.323,2.312,2.318,50323.9
2026-05-31 05:30:00,2.318,2.328,2.309,2.328,165415.3
2026-05-31 05:35:00,2.328,2.333,2.321,2.324,75324.8
2026-05-31 05:40:00,2.324,2.326,2.317,2.319,33426.2
2026-05-31 05:45:00,2.319,2.32,2.31,2.316,57652.0
2026-05-31 05:50:00,2.317,2.329,2.313,2.315,39444.9
2026-05-31 05:55:00,2.315,2.32,2.313,2.318,33226.2
2026-05-31 06:00:00,2.318,2.32,2.309,2.312,116844.4
2026-05-31 06:05:00,2.311,2.318,2.31,2.318,32042.4
2026-05-31 06:10:00,2.318,2.331,2.316,2.325,81310.1
2026-05-31 06:15:00,2.325,2.334,2.324,2.331,57372.7
2026-05-31 06:20:00,2.331,2.334,2.327,2.331,51119.5
2026-05-31 06:25:00,2.331,2.334,2.324,2.332,78770.0
2026-05-31 06:30:00,2.332,2.333,2.319,2.322,36283.1
2026-05-31 06:35:00,2.323,2.338,2.322,2.338,69553.9
2026-05-31 06:40:00,2.337,2.338,2.32,2.322,72349.6
2026-05-31 06:45:00,2.322,2.327,2.32,2.327,69021.5
2026-05-31 06:50:00,2.327,2.331,2.324,2.328,30808.6
2026-05-31 06:55:00,2.328,2.328,2.318,2.323,25326.6
2026-05-31 07:00:00,2.323,2.326,2.314,2.319,94374.3
2026-05-31 07:05:00,2.32,2.337,2.318,2.328,338788.5
2026-05-31 07:10:00,2.328,2.337,2.32,2.325,370518.7
2026-05-31 07:15:00,2.325,2.35,2.325,2.327,1108511.6
2026-05-31 07:20:00,2.327,2.335,2.314,2.318,89288.7
2026-05-31 07:25:00,2.318,2.321,2.306,2.314,132723.1
2026-05-31 07:30:00,2.314,2.314,2.296,2.298,157591.0
2026-05-31 07:35:00,2.297,2.307,2.295,2.299,105198.8
2026-05-31 07:40:00,2.299,2.311,2.297,2.3,137370.2
2026-05-31 07:45:00,2.299,2.303,2.295,2.299,39309.8
2026-05-31 07:50:00,2.3,2.303,2.289,2.303,98704.3
2026-05-31 07:55:00,2.303,2.305,2.298,2.305,21614.1
2026-05-31 08:00:00,2.305,2.314,2.304,2.314,52527.8
2026-05-31 08:05:00,2.314,2.316,2.292,2.301,187026.4
2026-05-31 08:10:00,2.301,2.304,2.299,2.301,51534.9
2026-05-31 08:15:00,2.3,2.308,2.3,2.303,38358.4
2026-05-31 08:20:00,2.304,2.314,2.302,2.31,76336.8
2026-05-31 08:25:00,2.311,2.311,2.297,2.3,74882.4
2026-05-31 08:30:00,2.3,2.304,2.293,2.301,182929.7
2026-05-31 08:35:00,2.301,2.303,2.277,2.28,230765.0
2026-05-31 08:40:00,2.28,2.283,2.262,2.275,411019.4
2026-05-31 08:45:00,2.276,2.278,2.272,2.274,146459.8
2026-05-31 08:50:00,2.273,2.281,2.27,2.281,49943.6
2026-05-31 08:55:00,2.281,2.288,2.279,2.279,60060.6
2026-05-31 09:00:00,2.28,2.286,2.273,2.275,100332.6
2026-05-31 09:05:00,2.275,2.281,2.273,2.281,41745.3
2026-05-31 09:10:00,2.28,2.285,2.278,2.278,57871.2
2026-05-31 09:15:00,2.278,2.29,2.276,2.284,42688.3
2026-05-31 09:20:00,2.283,2.285,2.279,2.282,24828.1
2026-05-31 09:25:00,2.282,2.284,2.279,2.28,29750.2
2026-05-31 09:30:00,2.281,2.286,2.28,2.284,20990.2
2026-05-31 09:35:00,2.284,2.284,2.263,2.271,242608.8
2026-05-31 09:40:00,2.272,2.288,2.272,2.283,55805.3
2026-05-31 09:45:00,2.283,2.29,2.281,2.288,118588.1
2026-05-31 09:50:00,2.287,2.29,2.254,2.264,1361413.5
2026-05-31 09:55:00,2.263,2.264,2.251,2.262,272108.1
2026-05-31 10:00:00,2.262,2.263,2.258,2.26,75185.1
2026-05-31 10:05:00,2.26,2.26,2.254,2.256,45868.0
2026-05-31 10:10:00,2.256,2.261,2.252,2.254,40938.4
2026-05-31 10:15:00,2.255,2.257,2.252,2.252,27775.4
2026-05-31 10:20:00,2.252,2.257,2.239,2.249,349894.8
2026-05-31 10:25:00,2.248,2.25,2.247,2.249,30064.6
2026-05-31 10:30:00,2.248,2.252,2.248,2.249,29830.3
2026-05-31 10:35:00,2.249,2.251,2.245,2.245,30717.5
2026-05-31 10:40:00,2.245,2.249,2.243,2.248,42696.0
2026-05-31 10:45:00,2.248,2.251,2.246,2.249,39780.6
2026-05-31 10:50:00,2.25,2.255,2.248,2.253,73337.2
2026-05-31 10:55:00,2.253,2.271,2.253,2.266,281496.8
2026-05-31 11:00:00,2.265,2.277,2.265,2.27,182057.2
2026-05-31 11:05:00,2.269,2.275,2.267,2.27,61560.8
2026-05-31 11:10:00,2.271,2.275,2.264,2.269,81712.4
2026-05-31 11:15:00,2.269,2.279,2.269,2.274,93037.6
2026-05-31 11:20:00,2.274,2.274,2.262,2.268,100566.0
2026-05-31 11:25:00,2.267,2.27,2.266,2.267,38492.3
2026-05-31 11:30:00,2.267,2.269,2.264,2.268,19226.8
2026-05-31 11:35:00,2.268,2.275,2.268,2.269,29454.2
2026-05-31 11:40:00,2.27,2.27,2.265,2.267,22242.6
2026-05-31 11:45:00,2.268,2.27,2.267,2.27,14060.8
2026-05-31 11:50:00,2.269,2.272,2.267,2.271,17265.3
2026-05-31 11:55:00,2.271,2.274,2.27,2.274,32162.8
2026-05-31 12:00:00,2.273,2.279,2.269,2.271,133542.4
2026-05-31 12:05:00,2.272,2.274,2.268,2.274,20163.3
2026-05-31 12:10:00,2.273,2.279,2.27,2.274,25771.2
2026-05-31 12:15:00,2.275,2.299,2.275,2.295,354489.0
2026-05-31 12:20:00,2.295,2.295,2.285,2.29,43553.6
2026-05-31 12:25:00,2.29,2.295,2.288,2.295,46866.9
2026-05-31 12:30:00,2.296,2.307,2.296,2.303,109688.3
2026-05-31 12:35:00,2.304,2.329,2.303,2.319,236749.5
2026-05-31 12:40:00,2.32,2.331,2.315,2.323,122971.4
2026-05-31 12:45:00,2.323,2.327,2.318,2.325,51214.8
2026-05-31 12:50:00,2.324,2.326,2.315,2.316,27285.2
2026-05-31 12:55:00,2.316,2.32,2.314,2.319,39315.9
2026-05-31 13:00:00,2.318,2.323,2.314,2.314,51107.4
2026-05-31 13:05:00,2.315,2.322,2.312,2.321,41036.7
2026-05-31 13:10:00,2.321,2.321,2.312,2.318,58456.7
2026-05-31 13:15:00,2.318,2.324,2.315,2.324,21715.5
2026-05-31 13:20:00,2.324,2.335,2.324,2.33,97868.1
2026-05-31 13:25:00,2.331,2.332,2.325,2.332,41456.9
2026-05-31 13:30:00,2.333,2.337,2.325,2.33,70882.2
2026-05-31 13:35:00,2.33,2.334,2.32,2.323,40737.9
2026-05-31 13:40:00,2.322,2.332,2.32,2.32,114132.4
2026-05-31 13:45:00,2.319,2.324,2.319,2.321,18798.4
2026-05-31 13:50:00,2.322,2.326,2.318,2.32,25534.2
2026-05-31 13:55:00,2.32,2.326,2.32,2.323,18916.0
2026-05-31 14:00:00,2.322,2.323,2.303,2.307,245542.2
2026-05-31 14:05:00,2.308,2.32,2.295,2.316,384332.7
2026-05-31 14:10:00,2.315,2.329,2.311,2.315,177015.4
2026-05-31 14:15:00,2.314,2.324,2.29,2.302,292364.9
2026-05-31 14:20:00,2.301,2.306,2.292,2.298,83754.2
2026-05-31 14:25:00,2.299,2.3,2.285,2.288,65881.3
2026-05-31 14:30:00,2.288,2.3,2.285,2.297,116653.6
2026-05-31 14:35:00,2.296,2.299,2.277,2.282,161414.0
2026-05-31 14:40:00,2.282,2.285,2.277,2.282,64762.5
2026-05-31 14:45:00,2.283,2.292,2.279,2.281,35849.4
2026-05-31 14:50:00,2.281,2.295,2.28,2.286,152399.5
2026-05-31 14:55:00,2.286,2.29,2.284,2.289,40182.0
2026-05-31 15:00:00,2.29,2.293,2.286,2.286,46896.7
2026-05-31 15:05:00,2.286,2.293,2.284,2.286,57475.0
2026-05-31 15:10:00,2.287,2.303,2.285,2.3,68883.7
2026-05-31 15:15:00,2.3,2.307,2.292,2.303,93434.1
2026-05-31 15:20:00,2.303,2.316,2.301,2.315,50580.9
2026-05-31 15:25:00,2.315,2.35,2.315,2.331,467203.2
2026-05-31 15:30:00,2.331,2.349,2.33,2.347,177106.5
2026-05-31 15:35:00,2.348,2.354,2.339,2.346,117426.4
2026-05-31 15:40:00,2.347,2.35,2.319,2.32,215231.4
2026-05-31 15:45:00,2.321,2.334,2.321,2.327,86927.6
2026-05-31 15:50:00,2.326,2.332,2.323,2.327,70483.0
2026-05-31 15:55:00,2.327,2.328,2.305,2.316,248037.0
2026-05-31 16:00:00,2.316,2.322,2.308,2.312,60936.8
2026-05-31 16:05:00,2.312,2.317,2.309,2.31,25412.3
2026-05-31 16:10:00,2.31,2.317,2.291,2.291,158786.1
2026-05-31 16:15:00,2.291,2.297,2.284,2.289,201379.6
2026-05-31 16:20:00,2.288,2.291,2.272,2.276,139490.5
2026-05-31 16:25:00,2.277,2.292,2.277,2.289,81713.0
2026-05-31 16:30:00,2.289,2.29,2.252,2.254,420293.1
2026-05-31 16:35:00,2.254,2.268,2.253,2.262,134876.6
2026-05-31 16:40:00,2.262,2.265,2.254,2.261,94925.1
2026-05-31 16:45:00,2.261,2.261,2.25,2.255,43681.3
2026-05-31 16:50:00,2.256,2.26,2.252,2.259,94777.3
2026-05-31 16:55:00,2.26,2.26,2.25,2.255,31418.5
2026-05-31 17:00:00,2.255,2.262,2.245,2.248,72236.0
2026-05-31 17:05:00,2.249,2.257,2.245,2.254,79592.4
2026-05-31 17:10:00,2.254,2.263,2.253,2.262,156224.2
2026-05-31 17:15:00,2.262,2.269,2.26,2.264,58318.8
2026-05-31 17:20:00,2.265,2.267,2.258,2.26,24130.5
2026-05-31 17:25:00,2.26,2.273,2.26,2.267,31272.8
2026-05-31 17:30:00,2.268,2.275,2.268,2.271,21970.5
2026-05-31 17:35:00,2.272,2.277,2.269,2.271,36069.7
2026-05-31 17:40:00,2.271,2.273,2.264,2.272,20392.1
2026-05-31 17:45:00,2.271,2.279,2.268,2.27,66262.9
2026-05-31 17:50:00,2.271,2.275,2.269,2.275,10118.6
2026-05-31 17:55:00,2.275,2.276,2.272,2.273,19333.6
2026-05-31 18:00:00,2.274,2.275,2.263,2.267,44150.1
2026-05-31 18:05:00,2.268,2.27,2.263,2.263,15552.6
2026-05-31 18:10:00,2.262,2.267,2.261,2.261,13267.7
2026-05-31 18:15:00,2.26,2.26,2.25,2.257,44361.0
2026-05-31 18:20:00,2.256,2.258,2.248,2.252,23745.1
2026-05-31 18:25:00,2.252,2.253,2.236,2.238,90216.4
2026-05-31 18:30:00,2.237,2.254,2.236,2.243,47068.6
2026-05-31 18:35:00,2.244,2.245,2.237,2.243,56198.5
2026-05-31 18:40:00,2.242,2.247,2.24,2.242,34832.2
2026-05-31 18:45:00,2.242,2.243,2.228,2.23,127334.6
2026-05-31 18:50:00,2.229,2.232,2.225,2.225,83193.0
2026-05-31 18:55:00,2.226,2.237,2.226,2.235,52247.0
2026-05-31 19:00:00,2.235,2.242,2.233,2.233,69153.8
2026-05-31 19:05:00,2.233,2.236,2.229,2.23,16638.7
2026-05-31 19:10:00,2.229,2.236,2.228,2.236,25313.2
2026-05-31 19:15:00,2.235,2.242,2.235,2.24,54852.2
2026-05-31 19:20:00,2.241,2.241,2.234,2.235,18616.1
2026-05-31 19:25:00,2.234,2.235,2.215,2.23,209366.1
2026-05-31 19:30:00,2.231,2.239,2.225,2.232,66259.0
2026-05-31 19:35:00,2.233,2.244,2.232,2.24,41555.9
2026-05-31 19:40:00,2.24,2.25,2.24,2.244,35786.1
2026-05-31 19:45:00,2.244,2.253,2.236,2.241,104518.0
2026-05-31 19:50:00,2.242,2.247,2.239,2.247,16025.3
2026-05-31 19:55:00,2.246,2.25,2.243,2.246,48121.5
2026-05-31 20:00:00,2.246,2.258,2.246,2.25,122759.0
2026-05-31 20:05:00,2.25,2.26,2.248,2.259,37705.6
2026-05-31 20:10:00,2.26,2.26,2.249,2.25,18824.0
2026-05-31 20:15:00,2.251,2.252,2.247,2.249,17740.6
2026-05-31 20:20:00,2.249,2.257,2.248,2.248,37991.9
2026-05-31 20:25:00,2.249,2.251,2.246,2.247,36709.4
2026-05-31 20:30:00,2.247,2.254,2.247,2.25,25334.6
2026-05-31 20:35:00,2.251,2.252,2.247,2.247,33372.2
2026-05-31 20:40:00,2.247,2.248,2.241,2.244,8092.8
2026-05-31 20:45:00,2.243,2.251,2.243,2.25,13700.9
2026-05-31 20:50:00,2.25,2.253,2.247,2.253,11484.9
2026-05-31 20:55:00,2.253,2.259,2.253,2.256,42865.9
2026-05-31 21:00:00,2.257,2.26,2.255,2.259,12584.8
2026-05-31 21:05:00,2.259,2.262,2.255,2.262,36929.0
2026-05-31 21:10:00,2.262,2.266,2.255,2.255,29905.6
2026-05-31 21:15:00,2.256,2.275,2.256,2.267,60447.2
2026-05-31 21:20:00,2.267,2.279,2.267,2.277,65557.2
2026-05-31 21:25:00,2.276,2.287,2.271,2.275,108851.3
2026-05-31 21:30:00,2.275,2.31,2.271,2.298,207050.4
2026-05-31 21:35:00,2.298,2.315,2.298,2.306,302331.7
2026-05-31 21:40:00,2.305,2.325,2.3,2.324,166104.0
2026-05-31 21:45:00,2.325,2.34,2.32,2.326,113709.2
2026-05-31 21:50:00,2.325,2.327,2.318,2.323,90567.4
2026-05-31 21:55:00,2.323,2.324,2.309,2.321,99024.7
2026-05-31 22:00:00,2.321,2.331,2.288,2.289,230411.7
2026-05-31 22:05:00,2.29,2.315,2.288,2.315,135771.6
2026-05-31 22:10:00,2.314,2.337,2.313,2.337,108849.0
2026-05-31 22:15:00,2.337,2.344,2.328,2.338,153583.3
2026-05-31 22:20:00,2.338,2.349,2.335,2.342,134993.0
2026-05-31 22:25:00,2.342,2.355,2.335,2.338,139891.2
2026-05-31 22:30:00,2.339,2.349,2.336,2.344,162337.9
2026-05-31 22:35:00,2.344,2.347,2.335,2.335,37296.1
2026-05-31 22:40:00,2.335,2.351,2.334,2.342,117982.4
2026-05-31 22:45:00,2.343,2.35,2.335,2.342,70933.7
2026-05-31 22:50:00,2.343,2.344,2.332,2.341,78038.1
2026-05-31 22:55:00,2.342,2.354,2.342,2.346,64739.4
2026-05-31 23:00:00,2.346,2.358,2.341,2.349,76997.7
2026-05-31 23:05:00,2.35,2.351,2.332,2.339,101023.5
2026-05-31 23:10:00,2.338,2.341,2.331,2.334,83161.8
2026-05-31 23:15:00,2.335,2.347,2.332,2.343,76443.3
2026-05-31 23:20:00,2.343,2.343,2.318,2.322,161593.4
2026-05-31 23:25:00,2.321,2.326,2.319,2.321,34782.8
2026-05-31 23:30:00,2.322,2.325,2.308,2.319,84600.0
2026-05-31 23:35:00,2.318,2.318,2.298,2.303,75310.1
2026-05-31 23:40:00,2.303,2.303,2.291,2.3,66418.8
2026-05-31 23:45:00,2.301,2.314,2.295,2.312,51909.4
2026-05-31 23:50:00,2.312,2.323,2.309,2.318,31582.4
2026-05-31 23:55:00,2.318,2.331,2.318,2.32,47214.6
2026-06-01 00:00:00,2.321,2.344,2.32,2.343,105119.1
2026-06-01 00:05:00,2.344,2.349,2.332,2.34,131978.1
2026-06-01 00:10:00,2.34,2.351,2.338,2.35,85485.5
2026-06-01 00:15:00,2.351,2.355,2.334,2.335,75862.5
2026-06-01 00:20:00,2.335,2.35,2.334,2.348,45096.8
2026-06-01 00:25:00,2.349,2.364,2.349,2.363,137470.6
2026-06-01 00:30:00,2.363,2.367,2.335,2.345,137832.6
2026-06-01 00:35:00,2.344,2.347,2.331,2.339,93301.4
2026-06-01 00:40:00,2.338,2.346,2.332,2.341,45486.2
2026-06-01 00:45:00,2.34,2.35,2.336,2.343,105761.5
2026-06-01 00:50:00,2.342,2.349,2.326,2.331,173320.3
2026-06-01 00:55:00,2.331,2.331,2.305,2.309,223559.9
2026-06-01 01:00:00,2.309,2.318,2.307,2.314,138956.6
2026-06-01 01:05:00,2.314,2.316,2.302,2.306,107623.8
2026-06-01 01:10:00,2.306,2.313,2.3,2.303,136685.1
2026-06-01 01:15:00,2.302,2.308,2.286,2.289,309611.6
2026-06-01 01:20:00,2.289,2.294,2.282,2.282,59010.2
2026-06-01 01:25:00,2.283,2.293,2.281,2.287,66713.6
2026-06-01 01:30:00,2.286,2.292,2.284,2.29,40213.1
2026-06-01 01:35:00,2.291,2.291,2.277,2.283,63240.9
2026-06-01 01:40:00,2.284,2.288,2.273,2.277,134325.5
2026-06-01 01:45:00,2.277,2.287,2.274,2.286,59161.0
2026-06-01 01:50:00,2.286,2.291,2.273,2.278,75763.4
2026-06-01 01:55:00,2.277,2.277,2.261,2.267,187745.8
2026-06-01 02:00:00,2.266,2.274,2.265,2.273,57418.4
2026-06-01 02:05:00,2.272,2.295,2.271,2.292,98726.8
2026-06-01 02:10:00,2.293,2.309,2.293,2.309,130309.2
2026-06-01 02:15:00,2.31,2.315,2.304,2.308,65436.5
2026-06-01 02:20:00,2.308,2.321,2.308,2.317,52386.3
2026-06-01 02:25:00,2.316,2.327,2.313,2.326,59746.7
2026-06-01 02:30:00,2.326,2.328,2.315,2.32,87323.9
2026-06-01 02:35:00,2.321,2.333,2.318,2.33,50897.0
2026-06-01 02:40:00,2.331,2.375,2.329,2.359,262188.7
2026-06-01 02:45:00,2.359,2.367,2.345,2.355,114739.1
2026-06-01 02:50:00,2.355,2.38,2.354,2.374,422215.3
2026-06-01 02:55:00,2.373,2.382,2.366,2.368,307363.3
2026-06-01 03:00:00,2.367,2.396,2.367,2.391,227759.5
2026-06-01 03:05:00,2.392,2.421,2.384,2.412,828321.0
2026-06-01 03:10:00,2.411,2.411,2.387,2.388,671660.1
2026-06-01 03:15:00,2.388,2.397,2.376,2.39,238180.4
2026-06-01 03:20:00,2.391,2.406,2.386,2.395,289607.4
2026-06-01 03:25:00,2.395,2.402,2.386,2.398,110480.2
2026-06-01 03:30:00,2.398,2.407,2.393,2.397,106000.0
2026-06-01 03:35:00,2.398,2.399,2.376,2.377,99638.6
2026-06-01 03:40:00,2.376,2.383,2.37,2.379,52513.1
2026-06-01 03:45:00,2.38,2.383,2.372,2.383,75408.7
2026-06-01 03:50:00,2.383,2.39,2.368,2.37,104616.4
2026-06-01 03:55:00,2.371,2.381,2.37,2.381,68627.4
2026-06-01 04:00:00,2.381,2.399,2.381,2.386,121228.2
2026-06-01 04:05:00,2.387,2.388,2.371,2.371,67803.7
2026-06-01 04:10:00,2.371,2.375,2.355,2.357,131782.2
2026-06-01 04:15:00,2.357,2.362,2.35,2.352,241262.8
2026-06-01 04:20:00,2.351,2.355,2.332,2.337,333296.2
2026-06-01 04:25:00,2.337,2.342,2.332,2.333,55214.3
2026-06-01 04:30:00,2.333,2.344,2.331,2.341,153532.5
2026-06-01 04:35:00,2.341,2.353,2.339,2.35,102231.7
2026-06-01 04:40:00,2.35,2.353,2.343,2.349,31131.8
2026-06-01 04:45:00,2.349,2.35,2.319,2.332,279828.3
2026-06-01 04:50:00,2.332,2.354,2.332,2.353,145287.9
2026-06-01 04:55:00,2.353,2.353,2.343,2.344,62035.7
2026-06-01 05:00:00,2.344,2.347,2.32,2.328,200237.4
2026-06-01 05:05:00,2.328,2.335,2.319,2.321,99592.8
2026-06-01 05:10:00,2.321,2.328,2.317,2.325,98687.3
2026-06-01 05:15:00,2.326,2.341,2.326,2.339,115968.6
2026-06-01 05:20:00,2.339,2.354,2.339,2.346,56624.4
2026-06-01 05:25:00,2.345,2.345,2.331,2.339,157318.2
2026-06-01 05:30:00,2.34,2.348,2.339,2.343,34173.3
2026-06-01 05:35:00,2.344,2.344,2.316,2.333,183137.1
2026-06-01 05:40:00,2.333,2.34,2.331,2.34,30729.2
2026-06-01 05:45:00,2.34,2.363,2.338,2.359,144554.2
2026-06-01 05:50:00,2.358,2.364,2.349,2.356,131284.4
2026-06-01 05:55:00,2.356,2.356,2.345,2.351,35426.5
2026-06-01 06:00:00,2.351,2.357,2.345,2.348,116437.1
2026-06-01 06:05:00,2.348,2.35,2.319,2.321,249448.7
2026-06-01 06:10:00,2.321,2.326,2.313,2.325,240417.5
2026-06-01 06:15:00,2.325,2.327,2.315,2.318,117991.6
2026-06-01 06:20:00,2.318,2.32,2.303,2.31,252543.6
2026-06-01 06:25:00,2.311,2.317,2.306,2.313,49721.1
2026-06-01 06:30:00,2.313,2.318,2.304,2.31,148498.9
2026-06-01 06:35:00,2.31,2.313,2.302,2.312,98147.1
2026-06-01 06:40:00,2.312,2.313,2.293,2.296,124388.1
2026-06-01 06:45:00,2.297,2.313,2.291,2.312,183144.4
2026-06-01 06:50:00,2.311,2.329,2.311,2.317,133753.8
2026-06-01 06:55:00,2.317,2.33,2.316,2.324,57082.8
2026-06-01 07:00:00,2.323,2.333,2.316,2.332,58261.5
2026-06-01 07:05:00,2.333,2.35,2.333,2.339,122726.6
2026-06-01 07:10:00,2.339,2.339,2.32,2.329,82365.8
2026-06-01 07:15:00,2.329,2.333,2.314,2.331,102328.7
2026-06-01 07:20:00,2.332,2.332,2.323,2.324,56722.7
2026-06-01 07:25:00,2.325,2.333,2.325,2.327,48334.3
2026-06-01 07:30:00,2.327,2.332,2.317,2.323,59660.9
2026-06-01 07:35:00,2.323,2.327,2.319,2.326,32978.1
2026-06-01 07:40:00,2.326,2.332,2.315,2.324,68613.8
2026-06-01 07:45:00,2.324,2.334,2.315,2.32,74080.0
2026-06-01 07:50:00,2.32,2.328,2.31,2.314,53232.5
2026-06-01 07:55:00,2.314,2.318,2.297,2.308,139602.3
2026-06-01 08:00:00,2.308,2.316,2.303,2.316,221434.2
2026-06-01 08:05:00,2.316,2.322,2.312,2.321,67032.6
2026-06-01 08:10:00,2.321,2.323,2.312,2.314,120776.3
2026-06-01 08:15:00,2.314,2.331,2.31,2.331,317615.9
2026-06-01 08:20:00,2.33,2.337,2.33,2.336,66027.1
2026-06-01 08:25:00,2.335,2.342,2.318,2.326,183902.5
2026-06-01 08:30:00,2.326,2.344,2.318,2.343,143058.1
2026-06-01 08:35:00,2.343,2.347,2.335,2.345,101073.6
2026-06-01 08:40:00,2.344,2.347,2.324,2.329,110244.2
2026-06-01 08:45:00,2.329,2.332,2.321,2.325,86132.5
2026-06-01 08:50:00,2.324,2.324,2.311,2.319,129300.4
2026-06-01 08:55:00,2.318,2.321,2.312,2.314,61675.6
2026-06-01 09:00:00,2.315,2.318,2.312,2.317,40546.0
2026-06-01 09:05:00,2.317,2.32,2.312,2.319,40495.5
2026-06-01 09:10:00,2.319,2.319,2.312,2.314,26560.3
2026-06-01 09:15:00,2.313,2.316,2.305,2.314,65364.9
2026-06-01 09:20:00,2.314,2.318,2.309,2.309,58076.3
2026-06-01 09:25:00,2.31,2.312,2.295,2.296,209769.1
2026-06-01 09:30:00,2.296,2.302,2.286,2.296,218022.7
2026-06-01 09:35:00,2.296,2.313,2.296,2.31,61598.1
2026-06-01 09:40:00,2.309,2.313,2.296,2.296,74266.9
2026-06-01 09:45:00,2.296,2.312,2.294,2.308,78851.9
2026-06-01 09:50:00,2.308,2.331,2.308,2.322,368770.6
2026-06-01 09:55:00,2.322,2.334,2.322,2.332,27665.9
2026-06-01 10:00:00,2.333,2.34,2.316,2.316,72877.0
2026-06-01 10:05:00,2.316,2.336,2.314,2.328,106274.4
2026-06-01 10:10:00,2.329,2.331,2.319,2.32,59505.3
2026-06-01 10:15:00,2.32,2.342,2.32,2.341,77776.0
2026-06-01 10:20:00,2.341,2.351,2.338,2.344,90824.2
2026-06-01 10:25:00,2.345,2.348,2.334,2.346,132887.3
2026-06-01 10:30:00,2.346,2.359,2.327,2.335,212432.9
2026-06-01 10:35:00,2.336,2.342,2.327,2.339,27472.4
2026-06-01 10:40:00,2.339,2.34,2.33,2.334,32651.2
2026-06-01 10:45:00,2.334,2.351,2.334,2.345,60404.0
2026-06-01 10:50:00,2.345,2.347,2.333,2.342,122376.4
2026-06-01 10:55:00,2.343,2.343,2.327,2.334,64484.0
2026-06-01 11:00:00,2.334,2.335,2.326,2.326,33735.3
2026-06-01 11:05:00,2.326,2.345,2.324,2.344,46749.9
2026-06-01 11:10:00,2.344,2.345,2.333,2.34,58640.4
2026-06-01 11:15:00,2.34,2.349,2.334,2.349,43488.6
2026-06-01 11:20:00,2.349,2.367,2.349,2.367,184004.9
2026-06-01 11:25:00,2.367,2.37,2.353,2.354,121495.9
2026-06-01 11:30:00,2.355,2.365,2.352,2.353,244748.0
2026-06-01 11:35:00,2.354,2.354,2.312,2.318,450390.8
2026-06-01 11:40:00,2.318,2.331,2.317,2.326,191206.0
2026-06-01 11:45:00,2.327,2.329,2.305,2.307,197078.4
2026-06-01 11:50:00,2.306,2.319,2.302,2.318,198949.8
2026-06-01 11:55:00,2.319,2.32,2.308,2.32,214235.6
2026-06-01 12:00:00,2.32,2.328,2.311,2.324,181099.5
2026-06-01 12:05:00,2.324,2.327,2.313,2.318,53001.8
2026-06-01 12:10:00,2.317,2.319,2.297,2.303,387591.6
2026-06-01 12:15:00,2.304,2.324,2.304,2.323,218566.5
2026-06-01 12:20:00,2.322,2.358,2.319,2.356,349422.9
2026-06-01 12:25:00,2.355,2.405,2.353,2.395,408808.4
2026-06-01 12:30:00,2.395,2.401,2.38,2.391,385758.0
2026-06-01 12:35:00,2.39,2.399,2.386,2.399,184405.9
2026-06-01 12:40:00,2.4,2.4,2.378,2.383,188310.3
2026-06-01 12:45:00,2.383,2.385,2.364,2.371,127650.1
2026-06-01 12:50:00,2.372,2.379,2.37,2.371,85387.6
2026-06-01 12:55:00,2.37,2.376,2.357,2.365,97327.7
2026-06-01 13:00:00,2.366,2.367,2.338,2.35,208573.9
2026-06-01 13:05:00,2.351,2.36,2.349,2.358,88844.1
2026-06-01 13:10:00,2.359,2.359,2.335,2.345,362056.0
2026-06-01 13:15:00,2.345,2.383,2.344,2.38,317088.7
2026-06-01 13:20:00,2.38,2.383,2.369,2.372,126854.0
2026-06-01 13:25:00,2.372,2.373,2.347,2.349,232070.0
2026-06-01 13:30:00,2.349,2.378,2.336,2.372,217778.4
2026-06-01 13:35:00,2.371,2.4,2.371,2.387,337722.2
2026-06-01 13:40:00,2.387,2.398,2.376,2.392,236236.0
2026-06-01 13:45:00,2.392,2.399,2.375,2.383,193324.5
2026-06-01 13:50:00,2.383,2.386,2.343,2.343,328278.8
2026-06-01 13:55:00,2.343,2.385,2.334,2.379,458417.7
2026-06-01 14:00:00,2.379,2.386,2.362,2.379,423878.4
2026-06-01 14:05:00,2.379,2.386,2.358,2.358,214687.0
2026-06-01 14:10:00,2.358,2.368,2.355,2.367,173615.7
2026-06-01 14:15:00,2.366,2.389,2.35,2.387,230666.6
2026-06-01 14:20:00,2.386,2.404,2.374,2.399,522053.3
2026-06-01 14:25:00,2.399,2.4,2.373,2.374,232600.4
2026-06-01 14:30:00,2.375,2.382,2.351,2.356,269427.8
2026-06-01 14:35:00,2.355,2.37,2.354,2.367,312961.5
2026-06-01 14:40:00,2.367,2.379,2.364,2.375,109582.9
2026-06-01 14:45:00,2.375,2.379,2.368,2.378,122622.7
2026-06-01 14:50:00,2.378,2.416,2.378,2.393,400550.6
2026-06-01 14:55:00,2.392,2.397,2.383,2.392,240655.4
2026-06-01 15:00:00,2.392,2.414,2.387,2.406,209747.0
2026-06-01 15:05:00,2.407,2.427,2.396,2.419,280636.8
2026-06-01 15:10:00,2.419,2.447,2.416,2.422,578185.6
2026-06-01 15:15:00,2.423,2.427,2.367,2.38,526393.9
2026-06-01 15:20:00,2.379,2.392,2.375,2.386,198804.5
2026-06-01 15:25:00,2.386,2.4,2.379,2.392,340690.5
2026-06-01 15:30:00,2.391,2.447,2.389,2.433,809507.5
2026-06-01 15:35:00,2.433,2.45,2.416,2.425,540298.8
2026-06-01 15:40:00,2.425,2.431,2.401,2.43,409774.8
2026-06-01 15:45:00,2.429,2.432,2.404,2.418,287913.7
2026-06-01 15:50:00,2.419,2.422,2.396,2.404,198490.8
2026-06-01 15:55:00,2.403,2.417,2.398,2.41,219989.3
2026-06-01 16:00:00,2.409,2.416,2.394,2.406,189064.7
2026-06-01 16:05:00,2.406,2.406,2.383,2.388,296048.2
2026-06-01 16:10:00,2.389,2.407,2.384,2.403,317702.3
2026-06-01 16:15:00,2.402,2.408,2.388,2.392,217755.5
2026-06-01 16:20:00,2.393,2.407,2.384,2.397,254071.4
2026-06-01 16:25:00,2.397,2.401,2.382,2.399,313417.4
2026-06-01 16:30:00,2.4,2.403,2.388,2.397,171106.0
2026-06-01 16:35:00,2.397,2.406,2.391,2.398,238788.6
2026-06-01 16:40:00,2.397,2.408,2.392,2.394,243571.0
2026-06-01 16:45:00,2.395,2.406,2.392,2.402,240179.0
2026-06-01 16:50:00,2.401,2.431,2.398,2.431,403340.3
2026-06-01 16:55:00,2.431,2.465,2.429,2.452,460419.1
2026-06-01 17:00:00,2.452,2.479,2.452,2.466,522370.3
2026-06-01 17:05:00,2.466,2.481,2.464,2.471,337235.1
2026-06-01 17:10:00,2.472,2.483,2.462,2.474,279020.5
2026-06-01 17:15:00,2.474,2.481,2.456,2.469,249945.5
2026-06-01 17:20:00,2.469,2.481,2.462,2.48,216294.7
2026-06-01 17:25:00,2.48,2.501,2.476,2.501,154830.6
2026-06-01 17:30:00,2.5,2.504,2.487,2.496,265252.2
2026-06-01 17:35:00,2.496,2.509,2.49,2.5,199465.4
2026-06-01 17:40:00,2.499,2.529,2.499,2.525,363485.0
2026-06-01 17:45:00,2.526,2.529,2.511,2.519,220287.5
2026-06-01 17:50:00,2.519,2.559,2.519,2.553,656874.4
2026-06-01 17:55:00,2.553,2.559,2.535,2.535,376903.9
2026-06-01 18:00:00,2.534,2.554,2.529,2.531,222688.9
2026-06-01 18:05:00,2.531,2.538,2.517,2.531,241663.1
2026-06-01 18:10:00,2.53,2.536,2.494,2.511,439884.4
2026-06-01 18:15:00,2.512,2.552,2.507,2.55,458560.8
2026-06-01 18:20:00,2.551,2.569,2.545,2.552,232361.5
2026-06-01 18:25:00,2.553,2.569,2.55,2.566,141836.6
2026-06-01 18:30:00,2.566,2.582,2.563,2.578,190513.3
2026-06-01 18:35:00,2.578,2.58,2.558,2.571,219327.8
2026-06-01 18:40:00,2.571,2.582,2.569,2.575,135005.1
2026-06-01 18:45:00,2.575,2.579,2.562,2.575,118419.6
2026-06-01 18:50:00,2.575,2.581,2.569,2.569,121107.2
2026-06-01 18:55:00,2.568,2.581,2.564,2.578,123294.0
2026-06-01 19:00:00,2.579,2.587,2.572,2.584,116552.4
2026-06-01 19:05:00,2.584,2.63,2.582,2.606,603708.7
2026-06-01 19:10:00,2.605,2.608,2.589,2.606,249426.5
2026-06-01 19:15:00,2.606,2.608,2.584,2.603,107670.7
2026-06-01 19:20:00,2.603,2.626,2.603,2.62,163637.9
2026-06-01 19:25:00,2.62,2.632,2.619,2.627,199667.2
2026-06-01 19:30:00,2.627,2.639,2.625,2.636,246800.7
2026-06-01 19:35:00,2.636,2.653,2.635,2.648,640538.6
2026-06-01 19:40:00,2.649,2.649,2.632,2.638,295122.1
2026-06-01 19:45:00,2.639,2.643,2.627,2.631,264309.4
2026-06-01 19:50:00,2.632,2.64,2.618,2.634,270792.5
2026-06-01 19:55:00,2.633,2.641,2.611,2.615,337727.5
2026-06-01 20:00:00,2.615,2.625,2.586,2.591,477059.5
2026-06-01 20:05:00,2.591,2.6,2.571,2.579,250319.8
2026-06-01 20:10:00,2.579,2.591,2.569,2.587,246896.8
2026-06-01 20:15:00,2.587,2.605,2.574,2.602,243805.5
2026-06-01 20:20:00,2.603,2.619,2.599,2.614,360417.7
2026-06-01 20:25:00,2.614,2.614,2.592,2.6,131878.5
2026-06-01 20:30:00,2.6,2.626,2.596,2.621,132395.5
2026-06-01 20:35:00,2.621,2.646,2.621,2.644,244321.2
2026-06-01 20:40:00,2.645,2.684,2.645,2.681,464947.2
2026-06-01 20:45:00,2.68,2.695,2.672,2.695,350962.2
2026-06-01 20:50:00,2.694,2.7,2.665,2.669,499940.0
2026-06-01 20:55:00,2.669,2.688,2.669,2.688,223937.1
2026-06-01 21:00:00,2.688,2.689,2.663,2.679,278611.0
2026-06-01 21:05:00,2.678,2.678,2.638,2.641,296965.9
2026-06-01 21:10:00,2.642,2.659,2.638,2.639,191035.1
2026-06-01 21:15:00,2.639,2.64,2.611,2.637,326985.6
2026-06-01 21:20:00,2.636,2.671,2.634,2.664,280722.6
2026-06-01 21:25:00,2.664,2.68,2.655,2.661,152185.0
2026-06-01 21:30:00,2.662,2.684,2.661,2.678,133756.8
2026-06-01 21:35:00,2.678,2.685,2.668,2.676,138942.4
2026-06-01 21:40:00,2.676,2.693,2.667,2.67,156112.5
2026-06-01 21:45:00,2.67,2.69,2.667,2.687,82770.0
2026-06-01 21:50:00,2.687,2.688,2.65,2.653,291861.8
2026-06-01 21:55:00,2.653,2.653,2.624,2.625,326576.6
2026-06-01 22:00:00,2.625,2.629,2.607,2.622,622526.5
2026-06-01 22:05:00,2.623,2.649,2.623,2.646,319969.0
2026-06-01 22:10:00,2.646,2.667,2.64,2.644,288010.7
2026-06-01 22:15:00,2.643,2.65,2.634,2.636,287980.8
2026-06-01 22:20:00,2.637,2.662,2.635,2.652,167353.0
2026-06-01 22:25:00,2.652,2.683,2.652,2.679,190769.8
2026-06-01 22:30:00,2.68,2.68,2.628,2.628,178199.2
2026-06-01 22:35:00,2.628,2.647,2.612,2.615,236650.8
2026-06-01 22:40:00,2.615,2.642,2.612,2.639,227465.9
2026-06-01 22:45:00,2.639,2.671,2.638,2.667,224279.6
2026-06-01 22:50:00,2.667,2.707,2.664,2.694,426814.0
2026-06-01 22:55:00,2.695,2.709,2.69,2.695,179960.5
2026-06-01 23:00:00,2.694,2.695,2.669,2.675,269902.7
2026-06-01 23:05:00,2.674,2.678,2.666,2.672,113545.8
2026-06-01 23:10:00,2.671,2.671,2.653,2.655,131792.9
2026-06-01 23:15:00,2.655,2.658,2.632,2.653,186029.0
2026-06-01 23:20:00,2.653,2.657,2.629,2.63,127551.6
2026-06-01 23:25:00,2.63,2.64,2.627,2.633,92472.5
2026-06-01 23:30:00,2.634,2.639,2.617,2.624,167451.0
2026-06-01 23:35:00,2.624,2.631,2.608,2.609,213944.0
2026-06-01 23:40:00,2.61,2.631,2.61,2.619,92199.6
2026-06-01 23:45:00,2.618,2.64,2.617,2.64,316496.4
2026-06-01 23:50:00,2.639,2.648,2.619,2.624,247816.2
2026-06-01 23:55:00,2.625,2.643,2.623,2.638,294105.6
2026-06-02 00:00:00,2.638,2.654,2.624,2.65,216127.9
2026-06-02 00:05:00,2.65,2.653,2.619,2.622,218681.4
2026-06-02 00:10:00,2.623,2.642,2.622,2.636,186962.6
2026-06-02 00:15:00,2.637,2.638,2.606,2.617,196134.4
2026-06-02 00:20:00,2.617,2.643,2.615,2.63,125859.0
2026-06-02 00:25:00,2.63,2.631,2.593,2.599,375645.5
2026-06-02 00:30:00,2.6,2.616,2.597,2.616,206566.2
2026-06-02 00:35:00,2.616,2.616,2.593,2.606,113208.4
2026-06-02 00:40:00,2.605,2.605,2.574,2.577,479092.5
2026-06-02 00:45:00,2.577,2.588,2.577,2.585,193165.0
2026-06-02 00:50:00,2.586,2.603,2.586,2.593,106004.6
2026-06-02 00:55:00,2.592,2.599,2.587,2.592,94941.8
2026-06-02 01:00:00,2.593,2.603,2.579,2.581,198827.5
2026-06-02 01:05:00,2.581,2.599,2.581,2.585,114657.9
2026-06-02 01:10:00,2.585,2.593,2.581,2.586,96904.1
2026-06-02 01:15:00,2.586,2.63,2.586,2.63,340266.4
2026-06-02 01:20:00,2.629,2.68,2.62,2.671,429951.5
2026-06-02 01:25:00,2.671,2.675,2.625,2.628,248224.1
2026-06-02 01:30:00,2.628,2.645,2.626,2.626,209980.7
2026-06-02 01:35:00,2.627,2.632,2.583,2.599,378388.4
2026-06-02 01:40:00,2.598,2.615,2.595,2.607,142625.7
2026-06-02 01:45:00,2.606,2.613,2.597,2.609,80521.8
2026-06-02 01:50:00,2.608,2.614,2.589,2.594,111173.8
2026-06-02 01:55:00,2.595,2.603,2.583,2.589,269217.0
2026-06-02 02:00:00,2.589,2.596,2.569,2.574,249413.3
2026-06-02 02:05:00,2.574,2.595,2.57,2.57,269292.5
2026-06-02 02:10:00,2.569,2.583,2.562,2.582,240084.7
2026-06-02 02:15:00,2.582,2.598,2.577,2.591,110731.8
2026-06-02 02:20:00,2.591,2.633,2.588,2.628,208431.3
2026-06-02 02:25:00,2.628,2.644,2.62,2.636,139587.0
2026-06-02 02:30:00,2.637,2.657,2.623,2.645,208368.9
2026-06-02 02:35:00,2.646,2.659,2.631,2.632,161021.4
2026-06-02 02:40:00,2.632,2.634,2.621,2.627,117986.7
2026-06-02 02:45:00,2.626,2.639,2.625,2.636,65812.9
2026-06-02 02:50:00,2.636,2.651,2.635,2.64,159312.4
2026-06-02 02:55:00,2.64,2.668,2.632,2.666,165024.9
2026-06-02 03:00:00,2.666,2.67,2.646,2.651,235842.3
2026-06-02 03:05:00,2.652,2.678,2.652,2.666,144899.9
2026-06-02 03:10:00,2.666,2.673,2.655,2.659,50390.1
2026-06-02 03:15:00,2.66,2.698,2.66,2.681,213399.4
2026-06-02 03:20:00,2.681,2.701,2.674,2.701,395610.3
2026-06-02 03:25:00,2.701,2.719,2.698,2.716,194936.3
2026-06-02 03:30:00,2.717,2.749,2.717,2.742,426434.0
2026-06-02 03:35:00,2.742,2.747,2.724,2.736,235336.7
2026-06-02 03:40:00,2.736,2.755,2.734,2.746,154926.2
2026-06-02 03:45:00,2.747,2.752,2.725,2.728,161209.5
2026-06-02 03:50:00,2.728,2.75,2.726,2.749,153526.0
2026-06-02 03:55:00,2.748,2.75,2.724,2.734,189779.0
2026-06-02 04:00:00,2.734,2.752,2.732,2.737,198040.4
2026-06-02 04:05:00,2.738,2.75,2.726,2.726,118963.7
2026-06-02 04:10:00,2.726,2.738,2.714,2.736,190791.6
2026-06-02 04:15:00,2.735,2.752,2.73,2.741,231736.6
2026-06-02 04:20:00,2.741,2.759,2.74,2.75,207707.8
2026-06-02 04:25:00,2.751,2.758,2.74,2.75,132736.6
2026-06-02 04:30:00,2.749,2.749,2.719,2.721,187177.8
2026-06-02 04:35:00,2.721,2.732,2.7,2.73,226855.9
2026-06-02 04:40:00,2.729,2.734,2.709,2.716,141380.7
2026-06-02 04:45:00,2.716,2.716,2.675,2.676,178560.9
2026-06-02 04:50:00,2.676,2.695,2.667,2.668,201559.9
2026-06-02 04:55:00,2.668,2.67,2.652,2.654,201310.3
2026-06-02 05:00:00,2.655,2.657,2.609,2.611,283687.9
2026-06-02 05:05:00,2.61,2.623,2.604,2.605,151672.4
2026-06-02 05:10:00,2.604,2.622,2.599,2.612,184376.1
2026-06-02 05:15:00,2.613,2.616,2.591,2.593,126687.1
2026-06-02 05:20:00,2.594,2.608,2.593,2.597,83528.3
2026-06-02 05:25:00,2.596,2.596,2.582,2.586,157094.9
2026-06-02 05:30:00,2.587,2.599,2.58,2.581,174592.8
2026-06-02 05:35:00,2.582,2.592,2.58,2.587,99907.4
2026-06-02 05:40:00,2.587,2.598,2.574,2.596,140446.9
2026-06-02 05:45:00,2.597,2.612,2.588,2.609,192591.3
2026-06-02 05:50:00,2.609,2.621,2.604,2.61,176380.9
2026-06-02 05:55:00,2.61,2.61,2.589,2.598,130883.4
2026-06-02 06:00:00,2.598,2.603,2.591,2.598,105324.4
2026-06-02 06:05:00,2.598,2.613,2.575,2.591,186966.3
2026-06-02 06:10:00,2.59,2.595,2.583,2.586,59615.9
2026-06-02 06:15:00,2.586,2.594,2.574,2.576,122815.8
2026-06-02 06:20:00,2.577,2.597,2.567,2.581,426536.1
2026-06-02 06:25:00,2.581,2.597,2.578,2.58,85306.7
2026-06-02 06:30:00,2.581,2.588,2.578,2.578,62573.1
2026-06-02 06:35:00,2.579,2.585,2.57,2.585,73124.2
2026-06-02 06:40:00,2.584,2.59,2.581,2.582,39886.1
2026-06-02 06:45:00,2.582,2.598,2.58,2.592,106915.8
2026-06-02 06:50:00,2.592,2.625,2.588,2.603,228703.3
2026-06-02 06:55:00,2.603,2.61,2.592,2.605,71022.2
2026-06-02 07:00:00,2.606,2.612,2.581,2.595,158691.1
2026-06-02 07:05:00,2.595,2.598,2.574,2.575,93716.4
2026-06-02 07:10:00,2.576,2.599,2.571,2.595,193073.2
2026-06-02 07:15:00,2.595,2.63,2.595,2.619,363569.2
2026-06-02 07:20:00,2.619,2.62,2.603,2.604,94041.9
2026-06-02 07:25:00,2.603,2.603,2.587,2.592,72457.6
2026-06-02 07:30:00,2.592,2.619,2.592,2.604,106180.1
2026-06-02 07:35:00,2.604,2.631,2.602,2.628,152625.2
2026-06-02 07:40:00,2.628,2.636,2.625,2.628,159064.1
2026-06-02 07:45:00,2.627,2.634,2.595,2.611,196584.4
2026-06-02 07:50:00,2.611,2.617,2.603,2.609,86578.1
2026-06-02 07:55:00,2.61,2.611,2.6,2.601,69694.3
2026-06-02 08:00:00,2.602,2.607,2.593,2.593,154252.8
2026-06-02 08:05:00,2.593,2.62,2.592,2.609,222822.0
2026-06-02 08:10:00,2.609,2.627,2.606,2.62,262550.0
2026-06-02 08:15:00,2.62,2.637,2.614,2.614,274893.0
2026-06-02 08:20:00,2.614,2.615,2.596,2.597,200901.9
2026-06-02 08:25:00,2.598,2.626,2.598,2.625,202321.1
2026-06-02 08:30:00,2.625,2.645,2.621,2.644,243303.8
2026-06-02 08:35:00,2.645,2.649,2.619,2.632,183826.2
2026-06-02 08:40:00,2.632,2.635,2.622,2.622,49354.6
2026-06-02 08:45:00,2.622,2.635,2.616,2.626,128206.4
2026-06-02 08:50:00,2.626,2.65,2.623,2.648,86852.3
2026-06-02 08:55:00,2.648,2.668,2.644,2.657,753225.6
2026-06-02 09:00:00,2.658,2.665,2.641,2.658,311934.2
2026-06-02 09:05:00,2.659,2.665,2.629,2.633,324631.5
2026-06-02 09:10:00,2.634,2.637,2.615,2.63,149541.8
2026-06-02 09:15:00,2.63,2.631,2.603,2.63,219802.0
2026-06-02 09:20:00,2.631,2.643,2.624,2.639,186119.3
2026-06-02 09:25:00,2.639,2.646,2.626,2.64,195068.2
2026-06-02 09:30:00,2.64,2.652,2.638,2.642,183377.2
2026-06-02 09:35:00,2.642,2.643,2.619,2.635,141932.1
2026-06-02 09:40:00,2.635,2.647,2.625,2.634,173162.9
2026-06-02 09:45:00,2.633,2.633,2.622,2.628,69262.2
2026-06-02 09:50:00,2.628,2.628,2.61,2.623,82893.2
2026-06-02 09:55:00,2.623,2.634,2.62,2.628,55560.6
2026-06-02 10:00:00,2.629,2.635,2.618,2.63,140112.5
2026-06-02 10:05:00,2.631,2.664,2.62,2.661,244299.5
2026-06-02 10:10:00,2.66,2.692,2.658,2.673,409750.4
2026-06-02 10:15:00,2.673,2.692,2.666,2.69,137024.3
2026-06-02 10:20:00,2.69,2.697,2.641,2.653,298479.7
2026-06-02 10:25:00,2.654,2.662,2.648,2.654,129326.2
2026-06-02 10:30:00,2.653,2.669,2.644,2.658,197981.7
2026-06-02 10:35:00,2.659,2.67,2.641,2.654,236220.4
2026-06-02 10:40:00,2.653,2.666,2.648,2.651,93885.4
2026-06-02 10:45:00,2.651,2.655,2.642,2.653,95242.3
2026-06-02 10:50:00,2.653,2.696,2.651,2.68,209868.4
2026-06-02 10:55:00,2.679,2.693,2.676,2.683,312635.8
2026-06-02 11:00:00,2.683,2.696,2.672,2.695,170231.6
2026-06-02 11:05:00,2.694,2.713,2.692,2.701,225882.1
2026-06-02 11:10:00,2.702,2.717,2.694,2.711,196766.2
2026-06-02 11:15:00,2.711,2.718,2.697,2.71,232827.6
2026-06-02 11:20:00,2.71,2.715,2.692,2.706,191796.4
2026-06-02 11:25:00,2.706,2.713,2.683,2.698,188325.7
2026-06-02 11:30:00,2.698,2.7,2.67,2.683,160879.7
2026-06-02 11:35:00,2.684,2.692,2.677,2.682,115719.5
2026-06-02 11:40:00,2.683,2.696,2.679,2.68,56213.1
2026-06-02 11:45:00,2.681,2.705,2.675,2.693,88166.7
2026-06-02 11:50:00,2.694,2.702,2.685,2.686,53299.7
2026-06-02 11:55:00,2.685,2.694,2.673,2.674,70638.1
2026-06-02 12:00:00,2.673,2.689,2.669,2.687,104502.2
2026-06-02 12:05:00,2.687,2.7,2.674,2.699,101184.3
2026-06-02 12:10:00,2.7,2.707,2.691,2.7,90718.7
2026-06-02 12:15:00,2.701,2.707,2.676,2.696,239313.7
2026-06-02 12:20:00,2.695,2.717,2.692,2.708,119077.0
2026-06-02 12:25:00,2.707,2.724,2.701,2.719,142935.1
2026-06-02 12:30:00,2.719,2.719,2.703,2.712,120138.8
2026-06-02 12:35:00,2.713,2.727,2.71,2.716,72594.2
2026-06-02 12:40:00,2.716,2.736,2.714,2.726,159416.1
2026-06-02 12:45:00,2.725,2.73,2.716,2.725,87253.6
2026-06-02 12:50:00,2.726,2.735,2.713,2.713,90707.2
2026-06-02 12:55:00,2.714,2.719,2.695,2.704,169633.2
2026-06-02 13:00:00,2.704,2.733,2.701,2.732,163726.6
2026-06-02 13:05:00,2.732,2.732,2.71,2.711,117622.1
2026-06-02 13:10:00,2.712,2.722,2.699,2.703,120926.6
2026-06-02 13:15:00,2.703,2.728,2.703,2.718,112623.9
2026-06-02 13:20:00,2.719,2.725,2.716,2.722,101156.7
2026-06-02 13:25:00,2.722,2.737,2.709,2.711,161253.8
2026-06-02 13:30:00,2.712,2.717,2.692,2.713,250350.2
2026-06-02 13:35:00,2.713,2.713,2.702,2.708,101775.4
2026-06-02 13:40:00,2.708,2.712,2.695,2.703,127377.8
2026-06-02 13:45:00,2.704,2.716,2.683,2.692,202597.0
2026-06-02 13:50:00,2.692,2.696,2.655,2.668,286361.1
2026-06-02 13:55:00,2.669,2.693,2.669,2.688,147007.7
2026-06-02 14:00:00,2.688,2.709,2.68,2.699,139697.1
2026-06-02 14:05:00,2.699,2.725,2.686,2.686,144690.0
2026-06-02 14:10:00,2.685,2.7,2.675,2.696,216231.4
2026-06-02 14:15:00,2.695,2.697,2.676,2.681,109103.0
2026-06-02 14:20:00,2.68,2.683,2.645,2.657,502892.1
2026-06-02 14:25:00,2.656,2.663,2.599,2.601,893925.2
2026-06-02 14:30:00,2.601,2.645,2.601,2.642,384201.5
2026-06-02 14:35:00,2.641,2.682,2.639,2.651,376660.3
2026-06-02 14:40:00,2.65,2.652,2.617,2.624,170011.8
2026-06-02 14:45:00,2.624,2.651,2.621,2.629,246778.1
2026-06-02 14:50:00,2.63,2.661,2.625,2.628,258828.5
2026-06-02 14:55:00,2.628,2.643,2.614,2.62,134797.9
2026-06-02 15:00:00,2.619,2.624,2.573,2.592,497521.8
2026-06-02 15:05:00,2.592,2.615,2.58,2.583,275864.2
2026-06-02 15:10:00,2.583,2.591,2.517,2.526,1036815.9
2026-06-02 15:15:00,2.526,2.539,2.51,2.525,596149.0
2026-06-02 15:20:00,2.526,2.549,2.524,2.543,210840.6
2026-06-02 15:25:00,2.544,2.546,2.494,2.508,819701.4
2026-06-02 15:30:00,2.508,2.508,2.473,2.476,1095460.1
2026-06-02 15:35:00,2.476,2.497,2.466,2.497,500810.5
2026-06-02 15:40:00,2.497,2.5,2.467,2.473,519346.5
2026-06-02 15:45:00,2.474,2.5,2.474,2.477,336540.7
2026-06-02 15:50:00,2.478,2.485,2.465,2.467,232570.4
2026-06-02 15:55:00,2.466,2.49,2.459,2.484,312571.7
2026-06-02 16:00:00,2.484,2.484,2.455,2.477,279207.1
2026-06-02 16:05:00,2.477,2.531,2.473,2.526,758731.0
2026-06-02 16:10:00,2.526,2.526,2.501,2.506,539516.8
2026-06-02 16:15:00,2.506,2.56,2.502,2.548,617900.4
2026-06-02 16:20:00,2.549,2.551,2.509,2.533,371666.4
2026-06-02 16:25:00,2.533,2.555,2.525,2.553,300563.0
2026-06-02 16:30:00,2.553,2.553,2.53,2.542,179047.9
2026-06-02 16:35:00,2.541,2.55,2.527,2.534,199134.1
2026-06-02 16:40:00,2.534,2.541,2.517,2.525,132807.2
2026-06-02 16:45:00,2.526,2.56,2.526,2.55,214434.3
2026-06-02 16:50:00,2.549,2.549,2.519,2.52,250777.6
2026-06-02 16:55:00,2.52,2.533,2.515,2.529,166714.4
2026-06-02 17:00:00,2.529,2.563,2.527,2.562,198704.4
2026-06-02 17:05:00,2.562,2.579,2.562,2.565,288422.4
2026-06-02 17:10:00,2.565,2.582,2.562,2.578,147342.0
2026-06-02 17:15:00,2.578,2.583,2.559,2.565,177305.1
2026-06-02 17:20:00,2.566,2.593,2.557,2.59,159959.9
2026-06-02 17:25:00,2.59,2.603,2.588,2.602,152100.4
2026-06-02 17:30:00,2.603,2.619,2.599,2.613,230491.2
2026-06-02 17:35:00,2.613,2.639,2.606,2.634,248995.2
2026-06-02 17:40:00,2.633,2.635,2.617,2.625,180741.9
2026-06-02 17:45:00,2.625,2.648,2.62,2.645,198498.4
2026-06-02 17:50:00,2.644,2.647,2.626,2.64,162796.6
2026-06-02 17:55:00,2.639,2.642,2.627,2.639,97175.1
2026-06-02 18:00:00,2.639,2.657,2.622,2.623,257473.7
2026-06-02 18:05:00,2.624,2.655,2.624,2.65,197012.7
2026-06-02 18:10:00,2.65,2.657,2.64,2.645,156894.9
2026-06-02 18:15:00,2.645,2.645,2.598,2.602,305791.4
2026-06-02 18:20:00,2.602,2.613,2.581,2.584,196108.0
2026-06-02 18:25:00,2.583,2.589,2.568,2.57,264290.4
2026-06-02 18:30:00,2.57,2.591,2.563,2.585,204703.3
2026-06-02 18:35:00,2.584,2.588,2.571,2.572,101750.1
2026-06-02 18:40:00,2.572,2.581,2.568,2.575,112894.2
2026-06-02 18:45:00,2.574,2.583,2.572,2.574,280155.3
2026-06-02 18:50:00,2.573,2.574,2.549,2.549,257351.9
2026-06-02 18:55:00,2.549,2.575,2.549,2.572,193309.6
2026-06-02 19:00:00,2.573,2.576,2.544,2.546,382101.2
2026-06-02 19:05:00,2.545,2.573,2.545,2.566,306530.8
2026-06-02 19:10:00,2.566,2.583,2.562,2.578,281437.1
2026-06-02 19:15:00,2.578,2.578,2.534,2.544,292751.9
2026-06-02 19:20:00,2.544,2.554,2.534,2.539,95158.2
2026-06-02 19:25:00,2.539,2.542,2.523,2.53,260648.3
2026-06-02 19:30:00,2.531,2.539,2.492,2.506,627645.1
2026-06-02 19:35:00,2.507,2.531,2.504,2.518,180611.7
2026-06-02 19:40:00,2.518,2.558,2.512,2.555,416310.5
2026-06-02 19:45:00,2.555,2.595,2.545,2.594,376915.3
2026-06-02 19:50:00,2.593,2.648,2.592,2.634,738661.3
2026-06-02 19:55:00,2.634,2.643,2.618,2.631,245859.6
2026-06-02 20:00:00,2.631,2.668,2.625,2.66,308321.9
2026-06-02 20:05:00,2.661,2.676,2.658,2.664,219182.9
2026-06-02 20:10:00,2.663,2.681,2.634,2.639,300421.8
2026-06-02 20:15:00,2.639,2.639,2.59,2.601,308068.9
2026-06-02 20:20:00,2.6,2.6,2.581,2.588,180018.4
2026-06-02 20:25:00,2.588,2.601,2.584,2.591,399957.0
2026-06-02 20:30:00,2.591,2.649,2.585,2.624,308663.3
2026-06-02 20:35:00,2.625,2.658,2.625,2.65,231361.7
2026-06-02 20:40:00,2.65,2.67,2.65,2.664,185242.8
2026-06-02 20:45:00,2.663,2.715,2.663,2.709,610777.0
2026-06-02 20:50:00,2.71,2.731,2.699,2.72,607755.8
2026-06-02 20:55:00,2.721,2.734,2.712,2.715,188478.4
2026-06-02 21:00:00,2.715,2.737,2.71,2.727,334522.1
2026-06-02 21:05:00,2.727,2.753,2.727,2.747,308934.0
2026-06-02 21:10:00,2.747,2.748,2.699,2.714,599735.9
2026-06-02 21:15:00,2.714,2.737,2.711,2.727,177127.0
2026-06-02 21:20:00,2.727,2.747,2.712,2.718,281148.6
2026-06-02 21:25:00,2.718,2.726,2.701,2.725,183255.9
2026-06-02 21:30:00,2.724,2.727,2.706,2.726,105634.3
2026-06-02 21:35:00,2.725,2.775,2.701,2.768,796793.8
2026-06-02 21:40:00,2.769,2.769,2.716,2.722,257853.1
2026-06-02 21:45:00,2.721,2.725,2.682,2.682,200878.4
2026-06-02 21:50:00,2.683,2.693,2.657,2.659,246062.7
2026-06-02 21:55:00,2.659,2.672,2.64,2.67,335897.9
2026-06-02 22:00:00,2.67,2.67,2.628,2.64,268313.7
2026-06-02 22:05:00,2.64,2.666,2.64,2.649,162590.5
2026-06-02 22:10:00,2.649,2.662,2.635,2.653,143655.9
2026-06-02 22:15:00,2.654,2.669,2.632,2.639,247333.9
2026-06-02 22:20:00,2.638,2.67,2.633,2.659,251566.8
2026-06-02 22:25:00,2.659,2.699,2.654,2.676,242953.4
2026-06-02 22:30:00,2.675,2.687,2.654,2.667,253300.9
2026-06-02 22:35:00,2.666,2.693,2.664,2.678,206904.2
2026-06-02 22:40:00,2.679,2.689,2.675,2.675,82687.3
2026-06-02 22:45:00,2.675,2.675,2.644,2.662,192923.7
2026-06-02 22:50:00,2.663,2.663,2.593,2.609,670536.5
2026-06-02 22:55:00,2.61,2.636,2.61,2.626,152011.6
2026-06-02 23:00:00,2.626,2.63,2.605,2.614,279224.7
2026-06-02 23:05:00,2.615,2.633,2.599,2.601,274842.0
2026-06-02 23:10:00,2.6,2.621,2.598,2.606,151162.9
2026-06-02 23:15:00,2.607,2.611,2.556,2.563,439932.2
2026-06-02 23:20:00,2.562,2.581,2.542,2.548,364829.0
2026-06-02 23:25:00,2.547,2.558,2.537,2.554,368356.0
2026-06-02 23:30:00,2.555,2.592,2.545,2.586,295678.0
2026-06-02 23:35:00,2.586,2.613,2.584,2.604,284730.2
2026-06-02 23:40:00,2.603,2.626,2.599,2.626,213881.0
2026-06-02 23:45:00,2.626,2.634,2.617,2.621,241722.7
2026-06-02 23:50:00,2.621,2.631,2.607,2.631,154128.0
2026-06-02 23:55:00,2.631,2.632,2.621,2.628,117976.5
2026-06-03 00:00:00,2.629,2.657,2.628,2.648,334302.9
2026-06-03 00:05:00,2.649,2.684,2.644,2.682,396688.1
2026-06-03 00:10:00,2.681,2.69,2.668,2.678,395328.3
2026-06-03 00:15:00,2.678,2.73,2.675,2.723,393463.3
2026-06-03 00:20:00,2.724,2.725,2.693,2.702,318767.7
2026-06-03 00:25:00,2.701,2.725,2.7,2.706,246538.4
2026-06-03 00:30:00,2.705,2.739,2.694,2.729,256512.2
2026-06-03 00:35:00,2.729,2.744,2.726,2.731,209183.8
2026-06-03 00:40:00,2.732,2.773,2.727,2.743,476521.4
2026-06-03 00:45:00,2.742,2.767,2.739,2.758,159047.9
2026-06-03 00:50:00,2.759,2.761,2.726,2.735,301260.8
2026-06-03 00:55:00,2.736,2.751,2.723,2.725,193218.0
2026-06-03 01:00:00,2.725,2.741,2.687,2.736,504233.0
2026-06-03 01:05:00,2.736,2.738,2.722,2.73,174583.6
2026-06-03 01:10:00,2.731,2.735,2.691,2.702,217556.9
2026-06-03 01:15:00,2.702,2.717,2.692,2.694,148673.3
2026-06-03 01:20:00,2.694,2.709,2.685,2.699,90448.9
2026-06-03 01:25:00,2.698,2.735,2.695,2.722,205030.5
2026-06-03 01:30:00,2.721,2.736,2.702,2.717,233800.2
2026-06-03 01:35:00,2.716,2.719,2.687,2.689,181831.6
2026-06-03 01:40:00,2.69,2.691,2.673,2.682,241860.7
2026-06-03 01:45:00,2.682,2.698,2.675,2.696,126765.6
2026-06-03 01:50:00,2.695,2.734,2.69,2.724,165243.3
2026-06-03 01:55:00,2.723,2.736,2.717,2.727,131355.6
2026-06-03 02:00:00,2.726,2.73,2.704,2.722,191697.1
2026-06-03 02:05:00,2.722,2.725,2.703,2.709,86593.4
2026-06-03 02:10:00,2.709,2.723,2.706,2.71,122711.5
2026-06-03 02:15:00,2.71,2.719,2.699,2.71,80201.4
2026-06-03 02:20:00,2.71,2.71,2.679,2.679,164413.5
2026-06-03 02:25:00,2.679,2.703,2.677,2.696,138845.8
2026-06-03 02:30:00,2.697,2.7,2.684,2.7,70247.5
2026-06-03 02:35:00,2.701,2.707,2.69,2.701,85688.0
2026-06-03 02:40:00,2.7,2.709,2.689,2.693,290555.7
2026-06-03 02:45:00,2.693,2.7,2.678,2.691,162699.7
2026-06-03 02:50:00,2.691,2.701,2.689,2.692,40093.5
2026-06-03 02:55:00,2.691,2.721,2.691,2.717,163283.3
2026-06-03 03:00:00,2.718,2.757,2.718,2.751,249319.4
2026-06-03 03:05:00,2.752,2.76,2.731,2.733,150400.6
2026-06-03 03:10:00,2.733,2.757,2.731,2.757,371092.6
2026-06-03 03:15:00,2.756,2.757,2.728,2.733,215792.4
2026-06-03 03:20:00,2.733,2.759,2.733,2.737,136807.6
2026-06-03 03:25:00,2.738,2.741,2.713,2.72,178736.3
2026-06-03 03:30:00,2.721,2.743,2.718,2.731,210457.0
2026-06-03 03:35:00,2.731,2.742,2.695,2.701,233421.2
2026-06-03 03:40:00,2.7,2.711,2.664,2.666,416616.9
2026-06-03 03:45:00,2.666,2.681,2.647,2.655,563994.2
2026-06-03 03:50:00,2.656,2.686,2.632,2.685,535095.3
2026-06-03 03:55:00,2.685,2.697,2.68,2.682,287941.0
2026-06-03 04:00:00,2.682,2.743,2.68,2.736,421865.5
2026-06-03 04:05:00,2.735,2.745,2.711,2.725,257816.5
2026-06-03 04:10:00,2.725,2.74,2.721,2.727,258759.0
2026-06-03 04:15:00,2.727,2.755,2.721,2.74,193557.0
2026-06-03 04:20:00,2.74,2.791,2.739,2.789,284225.8
2026-06-03 04:25:00,2.789,2.824,2.783,2.81,792712.5
2026-06-03 04:30:00,2.809,2.814,2.772,2.804,358731.7
2026-06-03 04:35:00,2.803,2.808,2.787,2.808,153018.8
2026-06-03 04:40:00,2.808,2.83,2.805,2.817,241868.5
2026-06-03 04:45:00,2.817,2.831,2.813,2.823,240573.9
2026-06-03 04:50:00,2.823,2.827,2.802,2.815,229634.8
2026-06-03 04:55:00,2.816,2.83,2.809,2.823,198369.2
2026-06-03 05:00:00,2.823,2.867,2.809,2.862,319367.1
2026-06-03 05:05:00,2.862,2.862,2.837,2.854,304017.4
2026-06-03 05:10:00,2.854,2.868,2.842,2.861,181453.7
2026-06-03 05:15:00,2.861,2.896,2.855,2.858,429252.6
2026-06-03 05:20:00,2.859,2.873,2.854,2.866,224890.1
2026-06-03 05:25:00,2.866,2.872,2.824,2.838,210895.5
2026-06-03 05:30:00,2.837,2.837,2.808,2.823,228261.4
2026-06-03 05:35:00,2.823,2.833,2.812,2.831,158920.9
2026-06-03 05:40:00,2.83,2.853,2.829,2.84,140668.6
2026-06-03 05:45:00,2.841,2.853,2.841,2.843,113780.3
2026-06-03 05:50:00,2.842,2.864,2.842,2.85,239439.6
2026-06-03 05:55:00,2.85,2.866,2.849,2.866,119893.1
2026-06-03 06:00:00,2.865,2.869,2.843,2.864,166595.7
2026-06-03 06:05:00,2.864,2.865,2.832,2.837,170904.8
2026-06-03 06:10:00,2.838,2.839,2.822,2.831,113312.9
2026-06-03 06:15:00,2.83,2.835,2.813,2.814,123226.0
2026-06-03 06:20:00,2.813,2.826,2.811,2.814,126699.6
2026-06-03 06:25:00,2.813,2.814,2.789,2.799,297316.3
2026-06-03 06:30:00,2.799,2.858,2.792,2.857,295461.9
2026-06-03 06:35:00,2.857,2.879,2.832,2.838,383233.5
2026-06-03 06:40:00,2.838,2.846,2.815,2.819,144134.2
2026-06-03 06:45:00,2.819,2.823,2.797,2.798,166379.6
2026-06-03 06:50:00,2.798,2.816,2.794,2.808,147963.6
2026-06-03 06:55:00,2.808,2.821,2.807,2.813,124365.4
2026-06-03 07:00:00,2.812,2.816,2.796,2.813,181941.9
2026-06-03 07:05:00,2.812,2.819,2.804,2.812,161059.0
2026-06-03 07:10:00,2.811,2.842,2.81,2.835,208351.6
2026-06-03 07:15:00,2.834,2.849,2.833,2.843,150923.7
2026-06-03 07:20:00,2.843,2.847,2.829,2.836,126118.5
2026-06-03 07:25:00,2.835,2.842,2.826,2.838,65580.0
2026-06-03 07:30:00,2.838,2.849,2.819,2.834,186395.8
2026-06-03 07:35:00,2.834,2.857,2.824,2.845,114983.2
2026-06-03 07:40:00,2.845,2.863,2.844,2.853,171589.6
2026-06-03 07:45:00,2.854,2.869,2.851,2.869,163224.3
2026-06-03 07:50:00,2.869,2.869,2.846,2.851,165248.0
2026-06-03 07:55:00,2.85,2.864,2.847,2.859,84635.2
2026-06-03 08:00:00,2.858,2.876,2.853,2.876,128032.9
2026-06-03 08:05:00,2.877,2.877,2.855,2.858,97403.4
2026-06-03 08:10:00,2.858,2.868,2.83,2.837,289903.7
2026-06-03 08:15:00,2.837,2.852,2.82,2.844,179185.8
2026-06-03 08:20:00,2.843,2.859,2.841,2.844,77124.4
2026-06-03 08:25:00,2.844,2.869,2.844,2.863,140303.1
2026-06-03 08:30:00,2.864,2.913,2.864,2.89,498729.1
2026-06-03 08:35:00,2.889,2.9,2.881,2.888,147833.3
2026-06-03 08:40:00,2.888,2.91,2.884,2.904,224935.3
2026-06-03 08:45:00,2.904,2.905,2.884,2.897,156017.9
2026-06-03 08:50:00,2.898,2.905,2.855,2.868,366658.0
2026-06-03 08:55:00,2.868,2.874,2.866,2.872,139503.2
2026-06-03 09:00:00,2.871,2.882,2.861,2.865,143971.1
2026-06-03 09:05:00,2.866,2.881,2.857,2.873,164422.0
2026-06-03 09:10:00,2.872,2.873,2.86,2.863,132965.7
2026-06-03 09:15:00,2.862,2.862,2.825,2.827,277580.1
2026-06-03 09:20:00,2.827,2.858,2.825,2.85,270014.4
2026-06-03 09:25:00,2.85,2.854,2.836,2.839,123952.7
2026-06-03 09:30:00,2.838,2.846,2.826,2.838,209479.2
2026-06-03 09:35:00,2.839,2.858,2.823,2.855,346510.9
2026-06-03 09:40:00,2.856,2.87,2.85,2.866,295076.8
2026-06-03 09:45:00,2.866,2.87,2.845,2.863,208825.7
2026-06-03 09:50:00,2.862,2.884,2.86,2.86,261739.6
2026-06-03 09:55:00,2.86,2.864,2.831,2.832,112392.4
2026-06-03 10:00:00,2.832,2.843,2.818,2.84,200202.6
2026-06-03 10:05:00,2.839,2.854,2.835,2.854,341937.6
2026-06-03 10:10:00,2.854,2.864,2.827,2.83,278802.4
2026-06-03 10:15:00,2.829,2.851,2.824,2.843,332908.0
2026-06-03 10:20:00,2.843,2.844,2.827,2.829,104477.6
2026-06-03 10:25:00,2.829,2.883,2.829,2.874,411554.0
2026-06-03 10:30:00,2.874,2.891,2.862,2.885,337166.6
2026-06-03 10:35:00,2.885,2.932,2.885,2.923,394454.1
2026-06-03 10:40:00,2.923,2.93,2.906,2.919,384600.3
2026-06-03 10:45:00,2.92,2.951,2.918,2.947,479929.8
2026-06-03 10:50:00,2.948,2.976,2.942,2.972,626315.1
2026-06-03 10:55:00,2.972,2.977,2.952,2.959,295793.2
2026-06-03 11:00:00,2.959,2.973,2.947,2.958,489129.4
2026-06-03 11:05:00,2.958,2.969,2.948,2.956,686055.1
2026-06-03 11:10:00,2.957,2.963,2.92,2.925,777598.7
2026-06-03 11:15:00,2.925,2.925,2.901,2.909,756564.7
2026-06-03 11:20:00,2.909,2.929,2.901,2.914,493014.3
2026-06-03 11:25:00,2.915,2.924,2.892,2.9,352145.6
2026-06-03 11:30:00,2.9,2.903,2.873,2.873,191368.4
2026-06-03 11:35:00,2.874,2.883,2.863,2.874,149487.4
2026-06-03 11:40:00,2.873,2.878,2.864,2.874,125807.0
2026-06-03 11:45:00,2.874,2.878,2.845,2.869,317830.8
2026-06-03 11:50:00,2.87,2.889,2.863,2.887,175022.7
2026-06-03 11:55:00,2.888,2.965,2.885,2.951,1225604.8
2026-06-03 12:00:00,2.951,2.951,2.912,2.944,287860.5
2026-06-03 12:05:00,2.943,2.951,2.925,2.948,203002.0
2026-06-03 12:10:00,2.949,2.961,2.931,2.937,237873.4
2026-06-03 12:15:00,2.936,2.94,2.903,2.937,266631.0
2026-06-03 12:20:00,2.937,2.947,2.919,2.939,142075.2
2026-06-03 12:25:00,2.938,2.967,2.933,2.956,283344.6
2026-06-03 12:30:00,2.956,2.973,2.941,2.951,229862.7
2026-06-03 12:35:00,2.951,2.975,2.95,2.964,245057.9
2026-06-03 12:40:00,2.965,2.988,2.964,2.986,334190.0
2026-06-03 12:45:00,2.986,2.999,2.964,2.98,506525.5
2026-06-03 12:50:00,2.981,2.991,2.963,2.989,165428.4
2026-06-03 12:55:00,2.989,2.989,2.971,2.977,70560.1
2026-06-03 13:00:00,2.978,2.978,2.95,2.953,312578.8
2026-06-03 13:05:00,2.953,2.966,2.941,2.955,178418.4
2026-06-03 13:10:00,2.954,2.981,2.949,2.969,134858.9
2026-06-03 13:15:00,2.969,3.021,2.968,3.019,731410.7
2026-06-03 13:20:00,3.02,3.023,2.977,2.994,538674.0
2026-06-03 13:25:00,2.994,3.005,2.98,2.999,190305.7
2026-06-03 13:30:00,2.999,3.037,2.999,3.023,417988.8
2026-06-03 13:35:00,3.023,3.044,2.999,3.029,829299.9
2026-06-03 13:40:00,3.029,3.042,2.987,2.995,508985.9
2026-06-03 13:45:00,2.995,3.019,2.984,3.017,354760.3
2026-06-03 13:50:00,3.017,3.064,3.017,3.049,450411.9
2026-06-03 13:55:00,3.049,3.064,3.04,3.053,365546.7
2026-06-03 14:00:00,3.052,3.055,3.03,3.042,230061.7
2026-06-03 14:05:00,3.043,3.05,3.028,3.04,213624.0
2026-06-03 14:10:00,3.04,3.062,3.04,3.051,186750.6
2026-06-03 14:15:00,3.052,3.082,3.039,3.044,915496.7
2026-06-03 14:20:00,3.044,3.045,2.995,3.0,575736.4
2026-06-03 14:25:00,3.0,3.005,2.969,2.979,255548.5
2026-06-03 14:30:00,2.978,2.992,2.965,2.968,421568.5
2026-06-03 14:35:00,2.969,3.011,2.969,3.004,310961.9
2026-06-03 14:40:00,3.004,3.009,2.979,2.981,213848.5
2026-06-03 14:45:00,2.981,3.02,2.98,3.016,204408.9
2026-06-03 14:50:00,3.016,3.025,2.99,3.006,319228.2
2026-06-03 14:55:00,3.005,3.019,2.995,3.01,127501.1
2026-06-03 15:00:00,3.011,3.023,2.993,3.004,270401.1
2026-06-03 15:05:00,3.003,3.023,2.984,3.019,276547.9
2026-06-03 15:10:00,3.018,3.03,3.006,3.023,204645.1
2026-06-03 15:15:00,3.023,3.044,3.019,3.041,202150.2
2026-06-03 15:20:00,3.04,3.067,3.039,3.064,267143.2
2026-06-03 15:25:00,3.064,3.087,3.05,3.052,567801.2
2026-06-03 15:30:00,3.053,3.071,2.912,2.941,3209457.0
2026-06-03 15:35:00,2.941,2.972,2.926,2.932,706496.8
2026-06-03 15:40:00,2.932,2.97,2.931,2.953,251997.9
2026-06-03 15:45:00,2.954,2.963,2.926,2.962,424908.7
2026-06-03 15:50:00,2.963,2.968,2.94,2.958,153915.4
2026-06-03 15:55:00,2.958,2.968,2.932,2.944,425885.6
2026-06-03 16:00:00,2.944,2.955,2.91,2.915,729553.2
2026-06-03 16:05:00,2.916,2.93,2.864,2.873,1200143.9
2026-06-03 16:10:00,2.872,2.902,2.852,2.855,681208.3
2026-06-03 16:15:00,2.855,2.904,2.855,2.868,262902.8
2026-06-03 16:20:00,2.867,2.881,2.855,2.867,251826.5
2026-06-03 16:25:00,2.867,2.877,2.843,2.868,352548.5
2026-06-03 16:30:00,2.868,2.874,2.827,2.83,794939.8
2026-06-03 16:35:00,2.829,2.844,2.82,2.836,157996.1
2026-06-03 16:40:00,2.837,2.844,2.815,2.822,518802.9
2026-06-03 16:45:00,2.821,2.837,2.794,2.8,796144.0
2026-06-03 16:50:00,2.801,2.864,2.796,2.854,1125023.7
2026-06-03 16:55:00,2.853,2.87,2.848,2.854,713522.7
2026-06-03 17:00:00,2.854,2.858,2.816,2.816,211986.6
2026-06-03 17:05:00,2.815,2.844,2.806,2.84,274064.6
2026-06-03 17:10:00,2.841,2.858,2.833,2.837,129570.1
2026-06-03 17:15:00,2.838,2.846,2.814,2.84,146559.3
2026-06-03 17:20:00,2.841,2.851,2.824,2.84,173465.9
2026-06-03 17:25:00,2.839,2.85,2.836,2.838,62432.2
2026-06-03 17:30:00,2.838,2.85,2.824,2.841,232671.1
2026-06-03 17:35:00,2.841,2.841,2.813,2.837,111747.2
2026-06-03 17:40:00,2.837,2.841,2.831,2.834,48433.7
2026-06-03 17:45:00,2.834,2.834,2.812,2.821,265593.5
2026-06-03 17:50:00,2.822,2.831,2.763,2.792,1603557.6
2026-06-03 17:55:00,2.792,2.809,2.775,2.803,173644.0
2026-06-03 18:00:00,2.802,2.819,2.798,2.8,83648.9
2026-06-03 18:05:00,2.8,2.809,2.793,2.808,106988.1
2026-06-03 18:10:00,2.807,2.807,2.785,2.795,99009.8
2026-06-03 18:15:00,2.794,2.794,2.779,2.785,96734.0
2026-06-03 18:20:00,2.785,2.801,2.781,2.783,122064.5
2026-06-03 18:25:00,2.783,2.8,2.777,2.799,92596.3
2026-06-03 18:30:00,2.8,2.815,2.792,2.792,167734.3
2026-06-03 18:35:00,2.793,2.822,2.793,2.818,133358.8
2026-06-03 18:40:00,2.818,2.834,2.81,2.819,242828.8
2026-06-03 18:45:00,2.819,2.862,2.816,2.86,839454.5
2026-06-03 18:50:00,2.859,2.859,2.844,2.856,210689.2
2026-06-03 18:55:00,2.855,2.879,2.849,2.878,352465.9
2026-06-03 19:00:00,2.877,2.899,2.875,2.896,362370.6
2026-06-03 19:05:00,2.897,2.903,2.858,2.859,320157.6
2026-06-03 19:10:00,2.86,2.881,2.86,2.88,133793.3
2026-06-03 19:15:00,2.88,2.891,2.863,2.87,209179.7
2026-06-03 19:20:00,2.869,2.869,2.84,2.855,159408.6
2026-06-03 19:25:00,2.856,2.857,2.833,2.852,197933.5
2026-06-03 19:30:00,2.852,2.873,2.851,2.864,151015.2
2026-06-03 19:35:00,2.865,2.894,2.861,2.879,197942.8
2026-06-03 19:40:00,2.879,2.896,2.87,2.874,181385.9
2026-06-03 19:45:00,2.873,2.93,2.871,2.907,606611.6
2026-06-03 19:50:00,2.907,2.907,2.852,2.854,353746.8
2026-06-03 19:55:00,2.854,2.867,2.841,2.853,192687.7
2026-06-03 20:00:00,2.852,2.859,2.828,2.833,160887.2
2026-06-03 20:05:00,2.833,2.842,2.828,2.835,81701.0
2026-06-03 20:10:00,2.836,2.877,2.836,2.875,149871.8
2026-06-03 20:15:00,2.875,2.875,2.837,2.848,254879.2
2026-06-03 20:20:00,2.848,2.852,2.821,2.832,149663.7
2026-06-03 20:25:00,2.832,2.85,2.832,2.844,62079.1
2026-06-03 20:30:00,2.844,2.852,2.828,2.836,87256.2
2026-06-03 20:35:00,2.836,2.841,2.818,2.832,105256.2
2026-06-03 20:40:00,2.831,2.832,2.79,2.806,219273.7
2026-06-03 20:45:00,2.807,2.817,2.794,2.81,108890.7
2026-06-03 20:50:00,2.811,2.813,2.775,2.791,264780.7
2026-06-03 20:55:00,2.791,2.814,2.791,2.8,222200.1
2026-06-03 21:00:00,2.8,2.843,2.798,2.837,231063.3
2026-06-03 21:05:00,2.838,2.889,2.838,2.867,273617.6
2026-06-03 21:10:00,2.866,2.866,2.839,2.844,185606.4
2026-06-03 21:15:00,2.844,2.871,2.843,2.865,140108.3
2026-06-03 21:20:00,2.864,2.865,2.847,2.85,61342.2
2026-06-03 21:25:00,2.85,2.88,2.843,2.877,98788.5
2026-06-03 21:30:00,2.876,2.898,2.867,2.886,182093.8
2026-06-03 21:35:00,2.885,2.901,2.869,2.869,104683.7
2026-06-03 21:40:00,2.869,2.875,2.848,2.874,180091.7
2026-06-03 21:45:00,2.875,2.915,2.874,2.914,158864.1
2026-06-03 21:50:00,2.914,2.93,2.903,2.918,126814.3
2026-06-03 21:55:00,2.918,2.921,2.903,2.915,100322.0
2026-06-03 22:00:00,2.914,2.937,2.902,2.908,191290.4
2026-06-03 22:05:00,2.909,2.915,2.874,2.875,297636.1
2026-06-03 22:10:00,2.875,2.891,2.868,2.891,145591.7
2026-06-03 22:15:00,2.891,2.892,2.866,2.878,129286.1
2026-06-03 22:20:00,2.878,2.878,2.855,2.865,142043.8
2026-06-03 22:25:00,2.864,2.874,2.861,2.869,117516.0
2026-06-03 22:30:00,2.869,2.892,2.866,2.884,61461.2
2026-06-03 22:35:00,2.883,2.885,2.849,2.86,159884.2
2026-06-03 22:40:00,2.86,2.872,2.856,2.868,109722.6
2026-06-03 22:45:00,2.868,2.869,2.852,2.859,107358.7
2026-06-03 22:50:00,2.859,2.871,2.84,2.84,91477.4
2026-06-03 22:55:00,2.841,2.843,2.825,2.832,235717.6
2026-06-03 23:00:00,2.831,2.846,2.795,2.81,312345.5
2026-06-03 23:05:00,2.81,2.826,2.807,2.816,110814.3
2026-06-03 23:10:00,2.816,2.835,2.808,2.824,105427.9
2026-06-03 23:15:00,2.823,2.824,2.795,2.803,102760.3
2026-06-03 23:20:00,2.804,2.816,2.794,2.813,108355.9
2026-06-03 23:25:00,2.814,2.837,2.814,2.835,122181.7
2026-06-03 23:30:00,2.835,2.859,2.835,2.852,163211.2
2026-06-03 23:35:00,2.852,2.854,2.827,2.829,233542.5
2026-06-03 23:40:00,2.83,2.846,2.83,2.838,131538.8
2026-06-03 23:45:00,2.838,2.844,2.821,2.834,100505.4
2026-06-03 23:50:00,2.834,2.845,2.82,2.825,94251.8
2026-06-03 23:55:00,2.826,2.83,2.812,2.817,79236.8
2026-06-04 00:00:00,2.817,2.838,2.814,2.829,165810.7
2026-06-04 00:05:00,2.829,2.852,2.828,2.844,92479.5
2026-06-04 00:10:00,2.844,2.854,2.833,2.839,110824.9
2026-06-04 00:15:00,2.839,2.854,2.824,2.827,146806.7
2026-06-04 00:20:00,2.828,2.837,2.806,2.815,418379.6
2026-06-04 00:25:00,2.815,2.82,2.766,2.775,546945.4
2026-06-04 00:30:00,2.775,2.83,2.775,2.829,308404.7
2026-06-04 00:35:00,2.829,2.841,2.797,2.812,283577.2
2026-06-04 00:40:00,2.812,2.833,2.804,2.831,121253.2
2026-06-04 00:45:00,2.832,2.833,2.785,2.79,226987.8
2026-06-04 00:50:00,2.79,2.798,2.775,2.79,184334.8
2026-06-04 00:55:00,2.789,2.798,2.78,2.79,89848.7
2026-06-04 01:00:00,2.791,2.809,2.773,2.8,404037.6
2026-06-04 01:05:00,2.801,2.808,2.76,2.775,214119.4
2026-06-04 01:10:00,2.775,2.781,2.75,2.76,264929.2
2026-06-04 01:15:00,2.76,2.773,2.744,2.764,281091.1
2026-06-04 01:20:00,2.764,2.77,2.713,2.715,724528.5
2026-06-04 01:25:00,2.716,2.731,2.681,2.687,601256.3
2026-06-04 01:30:00,2.688,2.74,2.679,2.734,377703.5
2026-06-04 01:35:00,2.734,2.765,2.734,2.739,358658.3
2026-06-04 01:40:00,2.74,2.764,2.74,2.752,160927.8
2026-06-04 01:45:00,2.751,2.751,2.709,2.715,274521.0
2026-06-04 01:50:00,2.714,2.718,2.687,2.69,281223.9
2026-06-04 01:55:00,2.69,2.709,2.688,2.697,183174.3
2026-06-04 02:00:00,2.698,2.711,2.632,2.637,1350065.2
2026-06-04 02:05:00,2.638,2.743,2.635,2.717,1061801.5
2026-06-04 02:10:00,2.717,2.743,2.708,2.721,737282.8
2026-06-04 02:15:00,2.721,2.765,2.698,2.762,483388.0
2026-06-04 02:20:00,2.763,2.782,2.738,2.778,495823.4
2026-06-04 02:25:00,2.778,2.798,2.755,2.766,432267.1
2026-06-04 02:30:00,2.765,2.799,2.755,2.778,400944.8
2026-06-04 02:35:00,2.777,2.777,2.748,2.76,225205.5
2026-06-04 02:40:00,2.76,2.766,2.732,2.755,361371.3
2026-06-04 02:45:00,2.755,2.755,2.713,2.728,492661.9
2026-06-04 02:50:00,2.728,2.745,2.718,2.721,182738.8
2026-06-04 02:55:00,2.72,2.722,2.707,2.709,137524.8
2026-06-04 03:00:00,2.709,2.78,2.697,2.775,483537.5
2026-06-04 03:05:00,2.776,2.828,2.773,2.82,720096.4
2026-06-04 03:10:00,2.82,2.829,2.799,2.814,381653.1
2026-06-04 03:15:00,2.814,2.832,2.806,2.829,288040.2
2026-06-04 03:20:00,2.828,2.835,2.808,2.814,207835.4
2026-06-04 03:25:00,2.814,2.823,2.772,2.776,268362.6
2026-06-04 03:30:00,2.775,2.779,2.737,2.757,528937.2
2026-06-04 03:35:00,2.757,2.774,2.743,2.774,165347.9
2026-06-04 03:40:00,2.774,2.788,2.762,2.779,185110.5
2026-06-04 03:45:00,2.779,2.779,2.752,2.756,187913.1
2026-06-04 03:50:00,2.755,2.763,2.742,2.75,107353.3
2026-06-04 03:55:00,2.751,2.756,2.73,2.732,131938.0
2026-06-04 04:00:00,2.731,2.758,2.726,2.753,167179.8
2026-06-04 04:05:00,2.753,2.756,2.734,2.739,124882.8
2026-06-04 04:10:00,2.74,2.748,2.735,2.74,106982.5
2026-06-04 04:15:00,2.74,2.74,2.712,2.72,236134.6
2026-06-04 04:20:00,2.72,2.723,2.709,2.714,131469.2
2026-06-04 04:25:00,2.715,2.728,2.701,2.721,182353.4
2026-06-04 04:30:00,2.72,2.724,2.687,2.688,222491.8
2026-06-04 04:35:00,2.689,2.695,2.656,2.658,352585.1
2026-06-04 04:40:00,2.658,2.667,2.652,2.658,174643.8
2026-06-04 04:45:00,2.657,2.672,2.652,2.661,196137.3
2026-06-04 04:50:00,2.661,2.662,2.632,2.636,357199.6
2026-06-04 04:55:00,2.636,2.643,2.615,2.632,348016.8
2026-06-04 05:00:00,2.633,2.636,2.615,2.615,175255.9
2026-06-04 05:05:00,2.615,2.618,2.585,2.587,435771.8
2026-06-04 05:10:00,2.586,2.589,2.536,2.572,1816201.0
2026-06-04 05:15:00,2.573,2.581,2.537,2.541,264652.5
2026-06-04 05:20:00,2.541,2.563,2.534,2.55,210390.0
2026-06-04 05:25:00,2.551,2.562,2.53,2.535,389488.1
2026-06-04 05:30:00,2.535,2.565,2.534,2.561,249322.7
2026-06-04 05:35:00,2.561,2.577,2.549,2.568,544021.5
2026-06-04 05:40:00,2.569,2.588,2.559,2.584,628963.0
2026-06-04 05:45:00,2.583,2.583,2.55,2.55,179476.5
2026-06-04 05:50:00,2.55,2.551,2.499,2.528,937458.8
2026-06-04 05:55:00,2.527,2.542,2.523,2.538,245271.3
2026-06-04 06:00:00,2.537,2.554,2.513,2.543,370377.7
2026-06-04 06:05:00,2.542,2.549,2.532,2.542,160472.4
2026-06-04 06:10:00,2.542,2.544,2.526,2.542,147685.9
2026-06-04 06:15:00,2.541,2.564,2.537,2.555,214209.3
2026-06-04 06:20:00,2.555,2.558,2.534,2.539,145715.3
2026-06-04 06:25:00,2.54,2.577,2.54,2.56,716355.4
2026-06-04 06:30:00,2.559,2.56,2.522,2.527,342639.6
2026-06-04 06:35:00,2.527,2.55,2.527,2.549,159800.3
2026-06-04 06:40:00,2.55,2.551,2.512,2.52,356879.0
2026-06-04 06:45:00,2.52,2.523,2.504,2.507,268934.9
2026-06-04 06:50:00,2.508,2.515,2.495,2.497,427702.6
2026-06-04 06:55:00,2.498,2.501,2.461,2.465,545583.6
2026-06-04 07:00:00,2.466,2.476,2.436,2.44,456368.6
2026-06-04 07:05:00,2.439,2.458,2.438,2.447,376099.5
2026-06-04 07:10:00,2.448,2.455,2.419,2.43,434453.6
2026-06-04 07:15:00,2.43,2.446,2.42,2.427,355644.3
2026-06-04 07:20:00,2.428,2.441,2.413,2.428,332828.2
2026-06-04 07:25:00,2.427,2.429,2.408,2.41,364926.1
2026-06-04 07:30:00,2.41,2.43,2.407,2.414,477953.9
2026-06-04 07:35:00,2.415,2.426,2.401,2.422,233615.1
2026-06-04 07:40:00,2.421,2.434,2.389,2.395,415088.2
2026-06-04 07:45:00,2.394,2.412,2.379,2.404,506197.7
2026-06-04 07:50:00,2.405,2.41,2.389,2.399,246464.6
2026-06-04 07:55:00,2.399,2.407,2.391,2.404,182333.7
2026-06-04 08:00:00,2.403,2.407,2.39,2.398,419281.4
2026-06-04 08:05:00,2.398,2.414,2.372,2.38,352614.6
2026-06-04 08:10:00,2.38,2.39,2.359,2.361,593646.1
2026-06-04 08:15:00,2.361,2.377,2.345,2.374,565002.8
2026-06-04 08:20:00,2.373,2.379,2.313,2.335,799488.1
2026-06-04 08:25:00,2.335,2.354,2.335,2.347,277687.8
2026-06-04 08:30:00,2.347,2.367,2.322,2.334,290436.1
2026-06-04 08:35:00,2.334,2.339,2.31,2.319,324730.4
2026-06-04 08:40:00,2.32,2.329,2.299,2.313,597190.7
2026-06-04 08:45:00,2.314,2.351,2.314,2.342,301172.4
2026-06-04 08:50:00,2.341,2.351,2.314,2.345,374346.0
2026-06-04 08:55:00,2.344,2.346,2.331,2.333,301095.1
2026-06-04 09:00:00,2.333,2.337,2.294,2.298,685804.6
2026-06-04 09:05:00,2.299,2.315,2.296,2.314,291091.4
2026-06-04 09:10:00,2.313,2.344,2.304,2.334,1249217.6
2026-06-04 09:15:00,2.333,2.343,2.316,2.341,347978.7
2026-06-04 09:20:00,2.341,2.354,2.323,2.325,505077.5
2026-06-04 09:25:00,2.325,2.342,2.317,2.328,327663.4
2026-06-04 09:30:00,2.328,2.331,2.309,2.328,301576.8
2026-06-04 09:35:00,2.328,2.349,2.325,2.348,408969.5
2026-06-04 09:40:00,2.347,2.359,2.33,2.333,877462.7
2026-06-04 09:45:00,2.333,2.368,2.327,2.344,786993.3
2026-06-04 09:50:00,2.344,2.344,2.325,2.334,303585.2
2026-06-04 09:55:00,2.333,2.351,2.333,2.35,196793.2
2026-06-04 10:00:00,2.35,2.384,2.344,2.355,495755.1
2026-06-04 10:05:00,2.356,2.364,2.339,2.344,237504.1
2026-06-04 10:10:00,2.343,2.364,2.332,2.348,228823.6
2026-06-04 10:15:00,2.348,2.375,2.336,2.367,172188.1
2026-06-04 10:20:00,2.366,2.376,2.358,2.37,234004.0
2026-06-04 10:25:00,2.371,2.38,2.369,2.371,202965.2
2026-06-04 10:30:00,2.371,2.394,2.364,2.378,421237.4
2026-06-04 10:35:00,2.378,2.39,2.373,2.383,239357.8
2026-06-04 10:40:00,2.384,2.392,2.376,2.386,233674.8
2026-06-04 10:45:00,2.386,2.391,2.359,2.389,561346.0
2026-06-04 10:50:00,2.389,2.413,2.389,2.399,423054.5
2026-06-04 10:55:00,2.399,2.416,2.396,2.412,174728.6
2026-06-04 11:00:00,2.412,2.422,2.397,2.418,146963.2
2026-06-04 11:05:00,2.418,2.419,2.385,2.387,265399.6
2026-06-04 11:10:00,2.387,2.389,2.363,2.369,278746.6
2026-06-04 11:15:00,2.368,2.38,2.351,2.372,230665.3
2026-06-04 11:20:00,2.373,2.374,2.352,2.366,107234.1
2026-06-04 11:25:00,2.366,2.37,2.352,2.358,115033.4
2026-06-04 11:30:00,2.358,2.374,2.348,2.371,222819.1
2026-06-04 11:35:00,2.371,2.377,2.345,2.376,395386.1
2026-06-04 11:40:00,2.376,2.388,2.357,2.36,381377.4
2026-06-04 11:45:00,2.36,2.414,2.359,2.411,293252.5
2026-06-04 11:50:00,2.41,2.439,2.401,2.431,808945.7
2026-06-04 11:55:00,2.432,2.449,2.431,2.449,418191.1
2026-06-04 12:00:00,2.449,2.463,2.432,2.459,561033.6
2026-06-04 12:05:00,2.458,2.458,2.409,2.418,421090.7
2026-06-04 12:10:00,2.418,2.432,2.396,2.399,319652.6
2026-06-04 12:15:00,2.4,2.439,2.394,2.426,449627.6
2026-06-04 12:20:00,2.426,2.483,2.426,2.478,566062.5
2026-06-04 12:25:00,2.478,2.489,2.445,2.455,467183.3
2026-06-04 12:30:00,2.456,2.48,2.45,2.465,357980.4
2026-06-04 12:35:00,2.464,2.464,2.433,2.446,489984.2
2026-06-04 12:40:00,2.446,2.446,2.426,2.432,271965.4
2026-06-04 12:45:00,2.431,2.443,2.417,2.434,344124.6
2026-06-04 12:50:00,2.435,2.435,2.405,2.414,294905.3
2026-06-04 12:55:00,2.414,2.429,2.408,2.428,188295.1
2026-06-04 13:00:00,2.429,2.429,2.408,2.417,248559.2
2026-06-04 13:05:00,2.416,2.424,2.405,2.413,147843.1
2026-06-04 13:10:00,2.413,2.413,2.376,2.378,345715.1
2026-06-04 13:15:00,2.377,2.388,2.364,2.364,361820.2
2026-06-04 13:20:00,2.364,2.375,2.353,2.353,260471.2
2026-06-04 13:25:00,2.353,2.381,2.345,2.374,409632.5
2026-06-04 13:30:00,2.375,2.414,2.374,2.386,527869.2
2026-06-04 13:35:00,2.387,2.4,2.379,2.382,402514.4
2026-06-04 13:40:00,2.381,2.398,2.369,2.377,323357.4
2026-06-04 13:45:00,2.376,2.38,2.362,2.373,138803.2
2026-06-04 13:50:00,2.374,2.375,2.349,2.359,197033.6
2026-06-04 13:55:00,2.358,2.375,2.348,2.371,184183.4
2026-06-04 14:00:00,2.372,2.396,2.372,2.384,409908.5
2026-06-04 14:05:00,2.383,2.397,2.376,2.396,285722.4
2026-06-04 14:10:00,2.396,2.405,2.389,2.403,263982.4
2026-06-04 14:15:00,2.403,2.406,2.379,2.379,229551.2
2026-06-04 14:20:00,2.38,2.392,2.364,2.385,218273.6
2026-06-04 14:25:00,2.385,2.398,2.381,2.389,171556.3
2026-06-04 14:30:00,2.388,2.399,2.376,2.389,115342.6
2026-06-04 14:35:00,2.388,2.388,2.365,2.371,184094.2
2026-06-04 14:40:00,2.371,2.38,2.356,2.362,180234.9
2026-06-04 14:45:00,2.361,2.373,2.35,2.368,271692.8
2026-06-04 14:50:00,2.368,2.373,2.355,2.363,134291.2
2026-06-04 14:55:00,2.363,2.377,2.351,2.37,205144.5
2026-06-04 15:00:00,2.369,2.379,2.357,2.364,133465.8
2026-06-04 15:05:00,2.364,2.438,2.364,2.432,494196.1
2026-06-04 15:10:00,2.432,2.445,2.424,2.431,265906.3
2026-06-04 15:15:00,2.43,2.437,2.414,2.425,190668.8
2026-06-04 15:20:00,2.425,2.427,2.388,2.424,346810.4
2026-06-04 15:25:00,2.423,2.426,2.398,2.404,256087.3
2026-06-04 15:30:00,2.403,2.409,2.378,2.399,210662.0
2026-06-04 15:35:00,2.398,2.405,2.388,2.397,192329.0
2026-06-04 15:40:00,2.396,2.405,2.382,2.382,196858.3
2026-06-04 15:45:00,2.381,2.388,2.363,2.373,186305.8
2026-06-04 15:50:00,2.374,2.379,2.361,2.374,158597.9
2026-06-04 15:55:00,2.373,2.405,2.361,2.392,265295.4
2026-06-04 16:00:00,2.393,2.407,2.382,2.402,195468.1
2026-06-04 16:05:00,2.403,2.428,2.394,2.425,184360.6
2026-06-04 16:10:00,2.425,2.434,2.415,2.43,255100.9
2026-06-04 16:15:00,2.43,2.443,2.428,2.438,195990.5
2026-06-04 16:20:00,2.437,2.45,2.42,2.428,189176.4
2026-06-04 16:25:00,2.429,2.437,2.41,2.425,206443.3
2026-06-04 16:30:00,2.425,2.452,2.41,2.448,273178.5
2026-06-04 16:35:00,2.449,2.473,2.432,2.472,326512.1
2026-06-04 16:40:00,2.472,2.482,2.467,2.482,215569.7
2026-06-04 16:45:00,2.481,2.486,2.461,2.462,298138.8
2026-06-04 16:50:00,2.463,2.469,2.444,2.447,208704.4
2026-06-04 16:55:00,2.447,2.448,2.43,2.431,138724.6
2026-06-04 17:00:00,2.431,2.436,2.422,2.426,101698.2
2026-06-04 17:05:00,2.426,2.443,2.426,2.441,111040.7
2026-06-04 17:10:00,2.441,2.464,2.435,2.45,175240.9
2026-06-04 17:15:00,2.45,2.45,2.424,2.435,266890.8
2026-06-04 17:20:00,2.435,2.437,2.413,2.416,110217.8
2026-06-04 17:25:00,2.416,2.433,2.416,2.431,82051.7
2026-06-04 17:30:00,2.431,2.439,2.405,2.412,181861.7
2026-06-04 17:35:00,2.413,2.427,2.399,2.404,322371.8
2026-06-04 17:40:00,2.403,2.415,2.392,2.4,129565.6
2026-06-04 17:45:00,2.399,2.403,2.375,2.385,391743.8
2026-06-04 17:50:00,2.385,2.411,2.383,2.402,189334.4
2026-06-04 17:55:00,2.403,2.403,2.387,2.393,53826.6
2026-06-04 18:00:00,2.393,2.407,2.379,2.379,194570.8
2026-06-04 18:05:00,2.38,2.386,2.366,2.373,161315.6
2026-06-04 18:10:00,2.373,2.374,2.361,2.366,113729.3
2026-06-04 18:15:00,2.367,2.387,2.367,2.376,58356.7
2026-06-04 18:20:00,2.376,2.392,2.374,2.387,143003.2
2026-06-04 18:25:00,2.387,2.402,2.372,2.401,167557.6
2026-06-04 18:30:00,2.401,2.411,2.388,2.396,149521.0
2026-06-04 18:35:00,2.396,2.401,2.383,2.385,75901.8
2026-06-04 18:40:00,2.386,2.397,2.382,2.394,64106.5
2026-06-04 18:45:00,2.394,2.402,2.386,2.401,70025.2
2026-06-04 18:50:00,2.401,2.402,2.386,2.39,92960.2
2026-06-04 18:55:00,2.39,2.4,2.375,2.382,94310.3
2026-06-04 19:00:00,2.382,2.389,2.364,2.366,123500.2
2026-06-04 19:05:00,2.367,2.367,2.342,2.348,429819.8
2026-06-04 19:10:00,2.349,2.354,2.337,2.354,121281.6
2026-06-04 19:15:00,2.354,2.377,2.35,2.365,262662.1
2026-06-04 19:20:00,2.365,2.378,2.361,2.364,108744.3
2026-06-04 19:25:00,2.363,2.374,2.358,2.367,85420.6
2026-06-04 19:30:00,2.367,2.371,2.356,2.367,82995.2
2026-06-04 19:35:00,2.366,2.367,2.35,2.36,85853.0
2026-06-04 19:40:00,2.359,2.359,2.337,2.342,172441.0
2026-06-04 19:45:00,2.341,2.351,2.338,2.346,76157.1
2026-06-04 19:50:00,2.346,2.35,2.326,2.338,123835.3
2026-06-04 19:55:00,2.337,2.354,2.331,2.348,63317.2
2026-06-04 20:00:00,2.348,2.352,2.327,2.33,138557.8
2026-06-04 20:05:00,2.329,2.332,2.316,2.32,164127.5
2026-06-04 20:10:00,2.319,2.334,2.31,2.332,133175.2
2026-06-04 20:15:00,2.332,2.345,2.33,2.341,93959.1
2026-06-04 20:20:00,2.342,2.349,2.325,2.328,117724.1
2026-06-04 20:25:00,2.327,2.333,2.322,2.328,75602.7
2026-06-04 20:30:00,2.329,2.336,2.324,2.333,79859.8
2026-06-04 20:35:00,2.333,2.336,2.311,2.317,146557.2
2026-06-04 20:40:00,2.316,2.327,2.314,2.319,71400.5
2026-06-04 20:45:00,2.318,2.325,2.307,2.308,149209.2
2026-06-04 20:50:00,2.308,2.312,2.299,2.303,189307.2
2026-06-04 20:55:00,2.304,2.306,2.292,2.301,225209.0
2026-06-04 21:00:00,2.301,2.314,2.283,2.305,335332.2
2026-06-04 21:05:00,2.305,2.314,2.303,2.306,186008.6
2026-06-04 21:10:00,2.305,2.308,2.267,2.285,386165.8
2026-06-04 21:15:00,2.285,2.287,2.269,2.277,164884.4
2026-06-04 21:20:00,2.278,2.279,2.26,2.266,172759.8
2026-06-04 21:25:00,2.266,2.276,2.258,2.264,161158.5
2026-06-04 21:30:00,2.264,2.275,2.256,2.265,397957.6
2026-06-04 21:35:00,2.266,2.268,2.211,2.229,1066072.7
2026-06-04 21:40:00,2.23,2.266,2.225,2.263,586155.9
2026-06-04 21:45:00,2.263,2.267,2.25,2.258,134474.8
2026-06-04 21:50:00,2.258,2.264,2.241,2.25,383099.1
2026-06-04 21:55:00,2.25,2.252,2.238,2.238,235094.9
2026-06-04 22:00:00,2.238,2.274,2.236,2.253,176579.2
2026-06-04 22:05:00,2.254,2.259,2.229,2.235,191105.2
2026-06-04 22:10:00,2.234,2.237,2.223,2.232,240191.5
2026-06-04 22:15:00,2.231,2.245,2.229,2.242,149202.8
2026-06-04 22:20:00,2.241,2.247,2.226,2.241,123463.8
2026-06-04 22:25:00,2.241,2.247,2.233,2.24,149853.9
2026-06-04 22:30:00,2.239,2.244,2.216,2.22,153943.6
2026-06-04 22:35:00,2.221,2.236,2.209,2.224,188072.8
2026-06-04 22:40:00,2.224,2.225,2.17,2.204,813413.0
2026-06-04 22:45:00,2.204,2.22,2.192,2.209,145915.4
2026-06-04 22:50:00,2.209,2.209,2.187,2.203,332325.4
2026-06-04 22:55:00,2.202,2.23,2.201,2.22,252350.7
2026-06-04 23:00:00,2.221,2.243,2.22,2.236,209371.5
2026-06-04 23:05:00,2.235,2.235,2.223,2.23,195789.7
2026-06-04 23:10:00,2.23,2.231,2.214,2.222,127976.4
2026-06-04 23:15:00,2.223,2.227,2.175,2.176,381422.7
2026-06-04 23:20:00,2.176,2.204,2.176,2.2,248546.4
2026-06-04 23:25:00,2.2,2.214,2.199,2.2,110020.1
2026-06-04 23:30:00,2.2,2.209,2.195,2.197,83921.8
2026-06-04 23:35:00,2.197,2.205,2.191,2.202,88016.2
2026-06-04 23:40:00,2.202,2.207,2.196,2.199,105850.8
2026-06-04 23:45:00,2.198,2.203,2.192,2.195,80250.6
2026-06-04 23:50:00,2.196,2.228,2.196,2.217,212652.4
2026-06-04 23:55:00,2.216,2.219,2.194,2.2,185048.3
2026-06-05 00:00:00,2.2,2.216,2.197,2.206,166801.3
2026-06-05 00:05:00,2.207,2.224,2.204,2.216,309587.9
2026-06-05 00:10:00,2.216,2.233,2.216,2.219,286075.3
2026-06-05 00:15:00,2.22,2.235,2.209,2.216,408560.5
2026-06-05 00:20:00,2.217,2.245,2.215,2.241,261243.2
2026-06-05 00:25:00,2.24,2.272,2.223,2.271,678399.1
2026-06-05 00:30:00,2.272,2.284,2.263,2.278,328678.8
2026-06-05 00:35:00,2.278,2.278,2.258,2.266,187981.3
2026-06-05 00:40:00,2.266,2.272,2.245,2.247,149057.3
2026-06-05 00:45:00,2.247,2.272,2.245,2.256,132718.0
2026-06-05 00:50:00,2.257,2.26,2.247,2.247,132234.9
2026-06-05 00:55:00,2.247,2.255,2.239,2.24,133574.4
2026-06-05 01:00:00,2.24,2.241,2.217,2.221,210624.9
2026-06-05 01:05:00,2.222,2.254,2.222,2.241,206461.9
2026-06-05 01:10:00,2.241,2.248,2.233,2.247,147929.2
2026-06-05 01:15:00,2.247,2.286,2.244,2.286,319386.0
2026-06-05 01:20:00,2.286,2.287,2.252,2.265,406202.2
2026-06-05 01:25:00,2.264,2.278,2.247,2.276,233668.9
2026-06-05 01:30:00,2.276,2.303,2.265,2.267,432995.0
2026-06-05 01:35:00,2.267,2.28,2.258,2.27,221365.1
2026-06-05 01:40:00,2.27,2.273,2.262,2.269,103562.7
2026-06-05 01:45:00,2.27,2.272,2.255,2.264,165347.4
2026-06-05 01:50:00,2.265,2.266,2.254,2.255,82485.0
2026-06-05 01:55:00,2.255,2.262,2.248,2.25,152398.5
2026-06-05 02:00:00,2.25,2.25,2.221,2.233,229940.5
2026-06-05 02:05:00,2.233,2.233,2.218,2.224,92226.8
2026-06-05 02:10:00,2.224,2.226,2.202,2.204,206421.1
2026-06-05 02:15:00,2.205,2.211,2.194,2.21,282690.2
2026-06-05 02:20:00,2.211,2.216,2.202,2.213,238907.8
2026-06-05 02:25:00,2.213,2.213,2.189,2.191,150429.2
2026-06-05 02:30:00,2.19,2.214,2.189,2.21,220675.7
2026-06-05 02:35:00,2.209,2.219,2.185,2.185,246316.1
2026-06-05 02:40:00,2.185,2.193,2.133,2.15,895831.9
2026-06-05 02:45:00,2.15,2.161,2.128,2.145,556595.2
2026-06-05 02:50:00,2.144,2.144,2.121,2.122,409279.9
2026-06-05 02:55:00,2.122,2.135,2.116,2.125,587250.5
2026-06-05 03:00:00,2.125,2.13,2.116,2.119,273471.5
2026-06-05 03:05:00,2.119,2.124,2.106,2.109,208301.2
2026-06-05 03:10:00,2.11,2.115,2.092,2.101,717449.3
2026-06-05 03:15:00,2.101,2.164,2.101,2.157,406390.7
2026-06-05 03:20:00,2.156,2.161,2.136,2.14,342100.4
2026-06-05 03:25:00,2.139,2.162,2.129,2.159,285914.9
2026-06-05 03:30:00,2.159,2.165,2.149,2.157,241859.1
2026-06-05 03:35:00,2.157,2.163,2.137,2.146,185611.4
2026-06-05 03:40:00,2.146,2.147,2.123,2.131,175307.9
2026-06-05 03:45:00,2.132,2.147,2.129,2.134,106105.3
2026-06-05 03:50:00,2.134,2.145,2.131,2.139,121369.2
2026-06-05 03:55:00,2.139,2.148,2.125,2.128,213323.2
2026-06-05 04:00:00,2.128,2.15,2.112,2.148,442474.9
2026-06-05 04:05:00,2.147,2.178,2.144,2.175,208894.1
2026-06-05 04:10:00,2.176,2.178,2.153,2.155,164743.6
2026-06-05 04:15:00,2.156,2.161,2.146,2.154,222589.7
2026-06-05 04:20:00,2.154,2.175,2.151,2.175,260169.4
2026-06-05 04:25:00,2.175,2.204,2.174,2.192,336626.4
2026-06-05 04:30:00,2.191,2.193,2.175,2.184,173193.0
2026-06-05 04:35:00,2.183,2.185,2.172,2.178,126450.1
2026-06-05 04:40:00,2.179,2.179,2.166,2.171,76737.2
2026-06-05 04:45:00,2.171,2.176,2.147,2.158,269507.8
2026-06-05 04:50:00,2.159,2.186,2.156,2.185,157683.8
2026-06-05 04:55:00,2.184,2.204,2.169,2.199,206801.7
2026-06-05 05:00:00,2.2,2.205,2.175,2.179,262463.1
2026-06-05 05:05:00,2.18,2.188,2.173,2.176,121361.1
2026-06-05 05:10:00,2.175,2.185,2.174,2.179,89851.8
2026-06-05 05:15:00,2.179,2.182,2.168,2.177,95515.3
2026-06-05 05:20:00,2.177,2.189,2.172,2.173,157606.5
2026-06-05 05:25:00,2.173,2.204,2.171,2.192,214398.5
2026-06-05 05:30:00,2.192,2.236,2.192,2.224,577517.6
2026-06-05 05:35:00,2.224,2.226,2.207,2.221,288226.3
2026-06-05 05:40:00,2.221,2.227,2.2,2.201,316892.8
2026-06-05 05:45:00,2.201,2.207,2.159,2.161,1417660.7
2026-06-05 05:50:00,2.162,2.215,2.16,2.192,756464.1
2026-06-05 05:55:00,2.193,2.199,2.171,2.179,245840.9
2026-06-05 06:00:00,2.179,2.192,2.156,2.158,375292.2
2026-06-05 06:05:00,2.158,2.18,2.158,2.169,278276.2
2026-06-05 06:10:00,2.169,2.169,2.143,2.154,338703.8
2026-06-05 06:15:00,2.155,2.166,2.106,2.112,623031.5
2026-06-05 06:20:00,2.112,2.119,2.062,2.09,1636655.4
2026-06-05 06:25:00,2.089,2.132,2.065,2.117,1008747.0
2026-06-05 06:30:00,2.117,2.119,2.093,2.093,474413.0
2026-06-05 06:35:00,2.094,2.121,2.088,2.111,381977.2
2026-06-05 06:40:00,2.11,2.131,2.091,2.12,526565.8
2026-06-05 06:45:00,2.121,2.129,2.079,2.086,591458.0
2026-06-05 06:50:00,2.085,2.105,2.073,2.1,517736.8
2026-06-05 06:55:00,2.1,2.104,2.082,2.085,457575.8
2026-06-05 07:00:00,2.085,2.09,2.041,2.045,753215.9
2026-06-05 07:05:00,2.044,2.051,2.022,2.03,775840.4
2026-06-05 07:10:00,2.03,2.04,1.99,1.992,1574272.1
2026-06-05 07:15:00,1.992,2.024,1.987,2.002,894468.4
2026-06-05 07:20:00,2.002,2.031,1.995,2.01,1090334.0
2026-06-05 07:25:00,2.009,2.058,2.007,2.052,836198.8
2026-06-05 07:30:00,2.051,2.082,2.038,2.068,636811.6
2026-06-05 07:35:00,2.068,2.082,2.062,2.07,419204.3
2026-06-05 07:40:00,2.07,2.086,2.061,2.078,290041.1
2026-06-05 07:45:00,2.079,2.091,2.072,2.078,327244.7
2026-06-05 07:50:00,2.078,2.091,2.072,2.091,203543.2
2026-06-05 07:55:00,2.091,2.103,2.077,2.101,311211.7
2026-06-05 08:00:00,2.102,2.117,2.092,2.1,428565.8
2026-06-05 08:05:00,2.099,2.101,2.044,2.047,643837.7
2026-06-05 08:10:00,2.046,2.048,2.015,2.018,596275.1
2026-06-05 08:15:00,2.018,2.065,2.015,2.063,577895.2
2026-06-05 08:20:00,2.063,2.082,2.044,2.051,393719.9
2026-06-05 08:25:00,2.05,2.072,2.049,2.069,270933.7
2026-06-05 08:30:00,2.068,2.076,2.055,2.055,228116.8
2026-06-05 08:35:00,2.056,2.063,2.049,2.053,407552.9
2026-06-05 08:40:00,2.052,2.052,2.03,2.032,264173.3
2026-06-05 08:45:00,2.033,2.06,2.032,2.06,232675.6
2026-06-05 08:50:00,2.059,2.059,2.044,2.056,139942.6
2026-06-05 08:55:00,2.056,2.08,2.053,2.079,202437.5
2026-06-05 09:00:00,2.079,2.09,2.068,2.077,249591.0
2026-06-05 09:05:00,2.078,2.08,2.065,2.078,200767.7
2026-06-05 09:10:00,2.077,2.097,2.063,2.096,310742.8
2026-06-05 09:15:00,2.097,2.105,2.061,2.061,278965.1
2026-06-05 09:20:00,2.06,2.068,2.049,2.065,199612.8
2026-06-05 09:25:00,2.065,2.081,2.05,2.081,168819.4
2026-06-05 09:30:00,2.08,2.08,2.051,2.053,206476.7
2026-06-05 09:35:00,2.053,2.062,2.044,2.045,168341.4
2026-06-05 09:40:00,2.045,2.056,2.041,2.051,196410.5
2026-06-05 09:45:00,2.051,2.065,2.039,2.039,169999.1
2026-06-05 09:50:00,2.038,2.071,2.038,2.062,168370.4
2026-06-05 09:55:00,2.063,2.088,2.06,2.085,244450.7
2026-06-05 10:00:00,2.085,2.09,2.071,2.082,338270.2
2026-06-05 10:05:00,2.082,2.082,2.063,2.07,198072.7
2026-06-05 10:10:00,2.069,2.075,2.059,2.072,179167.6
2026-06-05 10:15:00,2.072,2.072,2.044,2.047,194439.8
2026-06-05 10:20:00,2.047,2.051,2.04,2.044,145914.4
2026-06-05 10:25:00,2.045,2.051,2.03,2.03,224769.2
2026-06-05 10:30:00,2.029,2.042,2.018,2.036,587961.1
2026-06-05 10:35:00,2.035,2.039,2.023,2.033,150321.3
2026-06-05 10:40:00,2.032,2.045,2.03,2.041,108442.6
2026-06-05 10:45:00,2.041,2.05,2.036,2.04,97776.2
2026-06-05 10:50:00,2.04,2.041,2.025,2.037,139323.9
2026-06-05 10:55:00,2.038,2.039,2.024,2.039,82624.9
2026-06-05 11:00:00,2.039,2.044,2.03,2.04,90667.3
2026-06-05 11:05:00,2.039,2.042,2.023,2.026,111852.0
2026-06-05 11:10:00,2.025,2.039,2.017,2.03,151082.3
2026-06-05 11:15:00,2.03,2.065,2.027,2.051,162341.1
2026-06-05 11:20:00,2.05,2.05,2.027,2.032,234355.4
2026-06-05 11:25:00,2.032,2.037,2.024,2.036,118878.8
2026-06-05 11:30:00,2.037,2.043,2.023,2.025,109218.8
2026-06-05 11:35:00,2.025,2.028,2.01,2.012,185223.9
2026-06-05 11:40:00,2.012,2.021,1.996,1.999,221235.7
2026-06-05 11:45:00,1.999,2.025,1.999,2.023,203551.0
2026-06-05 11:50:00,2.023,2.029,2.001,2.002,190346.4
2026-06-05 11:55:00,2.001,2.022,2.001,2.018,217500.1
2026-06-05 12:00:00,2.017,2.02,2.002,2.004,224088.1
2026-06-05 12:05:00,2.005,2.04,2.005,2.019,317600.0
2026-06-05 12:10:00,2.019,2.035,2.017,2.024,274134.1
2026-06-05 12:15:00,2.023,2.044,2.02,2.042,148357.4
2026-06-05 12:20:00,2.042,2.058,2.029,2.051,252041.8
2026-06-05 12:25:00,2.051,2.051,2.016,2.019,198246.8
2026-06-05 12:30:00,2.02,2.032,2.01,2.013,309476.4
2026-06-05 12:35:00,2.013,2.023,2.005,2.011,215705.5
2026-06-05 12:40:00,2.011,2.026,1.999,2.02,202202.8
2026-06-05 12:45:00,2.019,2.026,2.011,2.021,138725.1
2026-06-05 12:50:00,2.021,2.042,2.014,2.031,217957.4
2026-06-05 12:55:00,2.03,2.042,2.024,2.038,159505.7
2026-06-05 13:00:00,2.039,2.054,2.037,2.051,210766.8
2026-06-05 13:05:00,2.052,2.062,2.044,2.047,342785.7
2026-06-05 13:10:00,2.047,2.078,2.046,2.073,275533.1
2026-06-05 13:15:00,2.073,2.076,2.065,2.074,234197.6
2026-06-05 13:20:00,2.074,2.083,2.05,2.068,464990.5
2026-06-05 13:25:00,2.068,2.083,2.056,2.058,330290.8
2026-06-05 13:30:00,2.057,2.069,2.048,2.054,271642.5
2026-06-05 13:35:00,2.054,2.07,2.049,2.056,278059.8
2026-06-05 13:40:00,2.056,2.063,2.047,2.051,151272.9
2026-06-05 13:45:00,2.052,2.058,2.028,2.029,245652.0
2026-06-05 13:50:00,2.03,2.037,2.019,2.026,337072.6
2026-06-05 13:55:00,2.026,2.028,2.0,2.0,383038.3
2026-06-05 14:00:00,2.0,2.024,1.998,2.009,512027.0
2026-06-05 14:05:00,2.008,2.062,1.994,2.053,768124.3
2026-06-05 14:10:00,2.054,2.064,2.041,2.046,357546.9
2026-06-05 14:15:00,2.046,2.067,2.043,2.061,349604.1
2026-06-05 14:20:00,2.062,2.066,2.03,2.035,390950.9
2026-06-05 14:25:00,2.035,2.038,2.026,2.035,153741.5
2026-06-05 14:30:00,2.035,2.041,2.014,2.028,214178.4
2026-06-05 14:35:00,2.029,2.044,2.018,2.018,364096.0
2026-06-05 14:40:00,2.017,2.022,1.995,2.004,321656.1
2026-06-05 14:45:00,2.004,2.018,2.003,2.004,236903.3
2026-06-05 14:50:00,2.004,2.014,1.987,1.988,280289.5
2026-06-05 14:55:00,1.987,2.009,1.978,1.988,489579.2
2026-06-05 15:00:00,1.988,1.992,1.958,1.963,591979.5
2026-06-05 15:05:00,1.964,1.977,1.959,1.96,611194.8
2026-06-05 15:10:00,1.959,1.969,1.937,1.944,1029660.9
2026-06-05 15:15:00,1.944,1.957,1.937,1.944,481830.8
2026-06-05 15:20:00,1.944,1.944,1.925,1.943,490584.9
2026-06-05 15:25:00,1.944,1.965,1.92,1.927,442108.4
2026-06-05 15:30:00,1.928,1.933,1.911,1.927,432975.3
2026-06-05 15:35:00,1.927,1.931,1.908,1.915,533121.2
2026-06-05 15:40:00,1.915,1.948,1.914,1.931,437661.2
2026-06-05 15:45:00,1.931,1.932,1.907,1.924,413852.5
2026-06-05 15:50:00,1.924,1.936,1.912,1.916,422901.3
2026-06-05 15:55:00,1.917,1.927,1.909,1.92,422059.8
2026-06-05 16:00:00,1.919,1.92,1.897,1.901,459242.3
2026-06-05 16:05:00,1.902,1.924,1.899,1.919,450753.4
2026-06-05 16:10:00,1.919,1.922,1.825,1.89,1917651.7
2026-06-05 16:15:00,1.889,1.93,1.884,1.907,793576.7
2026-06-05 16:20:00,1.907,1.946,1.903,1.924,658217.9
2026-06-05 16:25:00,1.925,1.943,1.92,1.934,624592.6
2026-06-05 16:30:00,1.934,1.956,1.924,1.927,465231.1
2026-06-05 16:35:00,1.927,1.938,1.914,1.919,337558.2
2026-06-05 16:40:00,1.92,1.921,1.9,1.915,416714.6
2026-06-05 16:45:00,1.915,1.946,1.915,1.941,305107.7
2026-06-05 16:50:00,1.942,1.981,1.94,1.978,488403.3
2026-06-05 16:55:00,1.978,1.988,1.966,1.979,518597.1
2026-06-05 17:00:00,1.979,1.99,1.958,1.971,403163.6
2026-06-05 17:05:00,1.97,1.988,1.951,1.979,413938.8
2026-06-05 17:10:00,1.979,1.98,1.941,1.95,474970.5
2026-06-05 17:15:00,1.95,1.95,1.927,1.933,267349.6
2026-06-05 17:20:00,1.934,1.938,1.926,1.931,197983.1
2026-06-05 17:25:00,1.932,1.946,1.923,1.937,233395.8
2026-06-05 17:30:00,1.937,1.96,1.929,1.959,195392.9
2026-06-05 17:35:00,1.959,1.975,1.954,1.97,210992.4
2026-06-05 17:40:00,1.969,2.002,1.967,1.992,347397.0
2026-06-05 17:45:00,1.993,2.005,1.986,1.991,474504.3
2026-06-05 17:50:00,1.992,2.003,1.979,1.992,280208.5
2026-06-05 17:55:00,1.992,1.993,1.978,1.979,156327.5
2026-06-05 18:00:00,1.978,1.983,1.96,1.962,203932.7
2026-06-05 18:05:00,1.961,1.977,1.96,1.974,197436.1
2026-06-05 18:10:00,1.975,1.975,1.955,1.961,250577.4
2026-06-05 18:15:00,1.96,1.969,1.956,1.96,142786.5
2026-06-05 18:20:00,1.96,1.962,1.946,1.949,335786.8
2026-06-05 18:25:00,1.95,1.952,1.937,1.937,172692.1
2026-06-05 18:30:00,1.937,1.946,1.931,1.936,143836.9
2026-06-05 18:35:00,1.936,1.95,1.924,1.95,226503.5
2026-06-05 18:40:00,1.949,1.953,1.922,1.938,283364.4
2026-06-05 18:45:00,1.939,1.939,1.91,1.923,243072.2
2026-06-05 18:50:00,1.923,1.925,1.891,1.901,472766.1
2026-06-05 18:55:00,1.901,1.919,1.892,1.894,513549.5
2026-06-05 19:00:00,1.894,1.899,1.874,1.876,378639.5
2026-06-05 19:05:00,1.876,1.887,1.87,1.884,194428.0
2026-06-05 19:10:00,1.884,1.894,1.879,1.882,152093.2
2026-06-05 19:15:00,1.881,1.884,1.855,1.863,309471.8
2026-06-05 19:20:00,1.864,1.892,1.86,1.891,253589.9
2026-06-05 19:25:00,1.892,1.91,1.874,1.908,438062.7
2026-06-05 19:30:00,1.907,1.917,1.884,1.911,302986.1
2026-06-05 19:35:00,1.911,1.921,1.904,1.917,226595.7
2026-06-05 19:40:00,1.917,1.933,1.91,1.925,355431.9
2026-06-05 19:45:00,1.925,1.968,1.922,1.959,439332.8
2026-06-05 19:50:00,1.96,1.979,1.955,1.97,262743.8
2026-06-05 19:55:00,1.97,1.985,1.963,1.975,320901.3
2026-06-05 20:00:00,1.975,1.994,1.943,1.952,454813.0
2026-06-05 20:05:00,1.952,1.996,1.936,1.994,332035.6
2026-06-05 20:10:00,1.993,2.003,1.974,2.002,296642.0
2026-06-05 20:15:00,2.002,2.012,1.992,2.003,353402.4
2026-06-05 20:20:00,2.003,2.014,1.991,2.009,160617.1
2026-06-05 20:25:00,2.009,2.016,1.994,2.006,224219.1
2026-06-05 20:30:00,2.007,2.026,1.996,2.011,256987.8
2026-06-05 20:35:00,2.011,2.016,2.003,2.011,131613.1
2026-06-05 20:40:00,2.01,2.015,2.001,2.014,90638.6
2026-06-05 20:45:00,2.013,2.025,2.004,2.025,156120.3
2026-06-05 20:50:00,2.025,2.034,2.018,2.02,273149.3
2026-06-05 20:55:00,2.02,2.026,2.014,2.017,156579.6
2026-06-05 21:00:00,2.016,2.022,2.0,2.013,347841.8
2026-06-05 21:05:00,2.012,2.019,2.0,2.009,173965.2
2026-06-05 21:10:00,2.009,2.021,1.992,2.02,189984.2
2026-06-05 21:15:00,2.019,2.026,2.001,2.006,150065.1
2026-06-05 21:20:00,2.007,2.009,1.997,2.003,155165.1
2026-06-05 21:25:00,2.003,2.009,1.999,2.005,134498.6
2026-06-05 21:30:00,2.005,2.015,1.996,2.007,241361.4
2026-06-05 21:35:00,2.006,2.03,2.003,2.019,155459.5
2026-06-05 21:40:00,2.019,2.048,2.016,2.045,387956.3
2026-06-05 21:45:00,2.046,2.047,2.025,2.029,107576.7
2026-06-05 21:50:00,2.028,2.032,2.013,2.021,79439.4
2026-06-05 21:55:00,2.02,2.022,1.995,1.995,174422.5
2026-06-05 22:00:00,1.995,2.01,1.968,1.976,281868.6
2026-06-05 22:05:00,1.976,1.978,1.965,1.972,197126.0
2026-06-05 22:10:00,1.972,1.987,1.972,1.978,124416.4
2026-06-05 22:15:00,1.977,1.992,1.971,1.992,103355.8
2026-06-05 22:20:00,1.992,1.992,1.982,1.99,74507.3
2026-06-05 22:25:00,1.989,1.989,1.973,1.973,65189.7
2026-06-05 22:30:00,1.974,1.982,1.966,1.979,71264.0
2026-06-05 22:35:00,1.979,1.992,1.973,1.987,123158.8
2026-06-05 22:40:00,1.986,1.996,1.973,1.993,72045.6
2026-06-05 22:45:00,1.992,2.004,1.976,2.004,124024.2
2026-06-05 22:50:00,2.004,2.014,1.993,2.007,134275.6
2026-06-05 22:55:00,2.007,2.007,1.982,1.984,161438.8
2026-06-05 23:00:00,1.985,2.002,1.981,1.993,124064.0
2026-06-05 23:05:00,1.992,1.998,1.98,1.981,54760.7
2026-06-05 23:10:00,1.982,1.987,1.974,1.977,64984.0
2026-06-05 23:15:00,1.978,1.995,1.972,1.984,176755.6
2026-06-05 23:20:00,1.985,1.989,1.972,1.974,268234.2
2026-06-05 23:25:00,1.975,1.98,1.957,1.958,244473.0
2026-06-05 23:30:00,1.958,1.959,1.938,1.943,301588.2
2026-06-05 23:35:00,1.943,1.959,1.943,1.956,128714.1
2026-06-05 23:40:00,1.956,1.963,1.952,1.962,105267.7
2026-06-05 23:45:00,1.963,1.965,1.953,1.964,103882.2
2026-06-05 23:50:00,1.964,1.973,1.96,1.961,61579.5
2026-06-05 23:55:00,1.96,1.969,1.955,1.969,165221.2
2026-06-06 00:00:00,1.969,1.988,1.966,1.987,158303.4
2026-06-06 00:05:00,1.987,1.992,1.973,1.99,228224.0
2026-06-06 00:10:00,1.989,1.989,1.973,1.98,83316.1
2026-06-06 00:15:00,1.98,1.982,1.96,1.967,184144.6
2026-06-06 00:20:00,1.967,1.973,1.96,1.961,108497.6
2026-06-06 00:25:00,1.96,1.97,1.96,1.964,73115.0
2026-06-06 00:30:00,1.965,1.986,1.963,1.976,136452.2
2026-06-06 00:35:00,1.976,1.985,1.969,1.981,98323.2
2026-06-06 00:40:00,1.981,1.984,1.968,1.977,350340.4
2026-06-06 00:45:00,1.977,1.989,1.975,1.976,122002.4
2026-06-06 00:50:00,1.976,1.987,1.973,1.986,132597.0
2026-06-06 00:55:00,1.986,1.99,1.982,1.985,49764.3
2026-06-06 01:00:00,1.986,2.007,1.986,2.001,87725.8
2026-06-06 01:05:00,2.001,2.003,1.99,1.995,79851.6
2026-06-06 01:10:00,1.995,1.999,1.988,1.991,74755.9
2026-06-06 01:15:00,1.991,1.998,1.968,1.97,180317.5
2026-06-06 01:20:00,1.971,1.973,1.957,1.966,188058.6
2026-06-06 01:25:00,1.965,1.986,1.955,1.986,82908.4
2026-06-06 01:30:00,1.985,2.001,1.981,1.998,99104.6
2026-06-06 01:35:00,1.997,1.997,1.986,1.992,84258.9
2026-06-06 01:40:00,1.992,1.999,1.984,1.986,110926.1
2026-06-06 01:45:00,1.987,2.001,1.987,1.999,81570.6
2026-06-06 01:50:00,2.0,2.0,1.984,1.998,108794.6
2026-06-06 01:55:00,1.998,2.0,1.987,1.99,87718.2
2026-06-06 02:00:00,1.99,1.991,1.976,1.981,98781.5
2026-06-06 02:05:00,1.982,1.987,1.97,1.986,113081.3
2026-06-06 02:10:00,1.985,1.991,1.973,1.979,61822.7
2026-06-06 02:15:00,1.978,1.982,1.961,1.963,152298.6
2026-06-06 02:20:00,1.963,1.983,1.96,1.974,67296.1
2026-06-06 02:25:00,1.974,1.991,1.973,1.987,62990.0
2026-06-06 02:30:00,1.987,1.995,1.978,1.986,47572.3
2026-06-06 02:35:00,1.986,1.991,1.976,1.984,72557.3
2026-06-06 02:40:00,1.984,1.987,1.976,1.978,60600.9
2026-06-06 02:45:00,1.978,1.992,1.975,1.991,90067.4
2026-06-06 02:50:00,1.992,1.992,1.982,1.984,55685.7
2026-06-06 02:55:00,1.984,1.984,1.967,1.968,108405.5
2026-06-06 03:00:00,1.969,1.977,1.968,1.97,79449.6
2026-06-06 03:05:00,1.971,1.976,1.966,1.972,86951.8
2026-06-06 03:10:00,1.971,1.978,1.968,1.975,43632.3
2026-06-06 03:15:00,1.976,1.98,1.959,1.965,123047.7
2026-06-06 03:20:00,1.965,1.966,1.95,1.962,140512.7
2026-06-06 03:25:00,1.963,1.964,1.952,1.955,62531.8
2026-06-06 03:30:00,1.954,1.962,1.95,1.959,151042.7
2026-06-06 03:35:00,1.959,1.969,1.95,1.954,225218.0
2026-06-06 03:40:00,1.955,1.964,1.945,1.962,72853.2
2026-06-06 03:45:00,1.962,1.965,1.954,1.959,36361.9
2026-06-06 03:50:00,1.96,1.963,1.941,1.941,92126.4
2026-06-06 03:55:00,1.942,1.955,1.942,1.946,53287.9
2026-06-06 04:00:00,1.946,1.947,1.921,1.925,198069.9
2026-06-06 04:05:00,1.924,1.925,1.888,1.891,346226.8
2026-06-06 04:10:00,1.892,1.897,1.883,1.891,273120.4
2026-06-06 04:15:00,1.89,1.906,1.88,1.881,183739.6
2026-06-06 04:20:00,1.881,1.888,1.877,1.882,270838.5
2026-06-06 04:25:00,1.883,1.897,1.881,1.885,185873.8
2026-06-06 04:30:00,1.885,1.887,1.863,1.864,432369.3
2026-06-06 04:35:00,1.865,1.879,1.856,1.862,241292.0
2026-06-06 04:40:00,1.862,1.866,1.829,1.834,551550.6
2026-06-06 04:45:00,1.834,1.858,1.832,1.851,281804.3
2026-06-06 04:50:00,1.852,1.88,1.85,1.878,242085.7
2026-06-06 04:55:00,1.878,1.879,1.858,1.867,145527.7
2026-06-06 05:00:00,1.868,1.869,1.85,1.865,265407.2
2026-06-06 05:05:00,1.866,1.896,1.86,1.896,283989.4
2026-06-06 05:10:00,1.897,1.902,1.876,1.876,214669.7
2026-06-06 05:15:00,1.877,1.88,1.863,1.877,164976.0
2026-06-06 05:20:00,1.876,1.959,1.876,1.939,1337181.5
2026-06-06 05:25:00,1.939,1.958,1.927,1.929,436572.1
2026-06-06 05:30:00,1.929,1.938,1.908,1.911,271026.7
2026-06-06 05:35:00,1.911,1.936,1.909,1.93,257277.6
2026-06-06 05:40:00,1.931,1.937,1.913,1.923,174308.4
2026-06-06 05:45:00,1.923,1.937,1.918,1.929,198373.9
2026-06-06 05:50:00,1.93,1.937,1.922,1.924,166991.9
2026-06-06 05:55:00,1.924,1.939,1.918,1.937,138560.1
2026-06-06 06:00:00,1.937,1.957,1.936,1.948,346421.7
2026-06-06 06:05:00,1.947,1.956,1.941,1.952,182455.5
2026-06-06 06:10:00,1.952,1.965,1.944,1.962,137420.7
2026-06-06 06:15:00,1.962,1.964,1.95,1.957,148600.6
2026-06-06 06:20:00,1.957,1.973,1.955,1.959,184208.4
2026-06-06 06:25:00,1.959,1.968,1.95,1.966,146936.0
2026-06-06 06:30:00,1.966,1.966,1.949,1.949,95162.3
2026-06-06 06:35:00,1.95,1.971,1.95,1.962,98421.9
2026-06-06 06:40:00,1.962,1.968,1.949,1.951,65084.8
2026-06-06 06:45:00,1.951,1.955,1.939,1.942,109630.5
2026-06-06 06:50:00,1.941,1.944,1.929,1.937,80711.7
2026-06-06 06:55:00,1.937,1.94,1.931,1.932,39961.0
2026-06-06 07:00:00,1.932,1.935,1.922,1.93,57974.9
2026-06-06 07:05:00,1.93,1.947,1.925,1.944,121896.7
2026-06-06 07:10:00,1.944,1.947,1.937,1.942,95444.7
2026-06-06 07:15:00,1.941,1.952,1.941,1.948,97101.1
2026-06-06 07:20:00,1.949,1.95,1.933,1.94,233772.8
2026-06-06 07:25:00,1.94,1.94,1.927,1.932,170879.3
2026-06-06 07:30:00,1.931,1.941,1.928,1.94,62350.5
2026-06-06 07:35:00,1.94,1.944,1.935,1.944,66726.8
2026-06-06 07:40:00,1.945,1.956,1.94,1.952,55150.7
2026-06-06 07:45:00,1.953,1.955,1.947,1.952,55848.3
2026-06-06 07:50:00,1.951,1.951,1.942,1.943,49023.3
2026-06-06 07:55:00,1.943,1.946,1.936,1.937,33602.2
2026-06-06 08:00:00,1.938,1.939,1.925,1.927,74480.2
2026-06-06 08:05:00,1.927,1.931,1.916,1.924,141282.4
2026-06-06 08:10:00,1.924,1.929,1.919,1.925,84843.8
2026-06-06 08:15:00,1.925,1.929,1.917,1.921,60957.0
2026-06-06 08:20:00,1.921,1.93,1.921,1.923,60535.8
2026-06-06 08:25:00,1.923,1.945,1.922,1.941,132513.4
2026-06-06 08:30:00,1.941,1.947,1.93,1.935,128672.3
2026-06-06 08:35:00,1.934,1.945,1.93,1.941,53453.5
2026-06-06 08:40:00,1.941,1.944,1.934,1.937,81677.4
2026-06-06 08:45:00,1.936,1.937,1.928,1.933,73641.4
2026-06-06 08:50:00,1.933,1.944,1.933,1.939,64556.8
2026-06-06 08:55:00,1.938,1.944,1.935,1.937,83667.8
2026-06-06 09:00:00,1.937,1.951,1.936,1.949,75377.0
2026-06-06 09:05:00,1.949,1.952,1.935,1.94,59707.3
2026-06-06 09:10:00,1.94,1.947,1.93,1.931,62651.9
2026-06-06 09:15:00,1.93,1.938,1.926,1.927,95360.8
2026-06-06 09:20:00,1.927,1.931,1.922,1.931,43111.6
2026-06-06 09:25:00,1.931,1.944,1.93,1.943,42272.1
2026-06-06 09:30:00,1.943,1.944,1.931,1.933,44854.1
2026-06-06 09:35:00,1.934,1.939,1.929,1.931,51800.2
2026-06-06 09:40:00,1.93,1.93,1.917,1.919,83444.7
2026-06-06 09:45:00,1.918,1.92,1.893,1.894,223266.2
2026-06-06 09:50:00,1.894,1.908,1.893,1.893,105144.9
2026-06-06 09:55:00,1.893,1.908,1.888,1.907,134378.8
2026-06-06 10:00:00,1.906,1.907,1.891,1.9,115214.5
2026-06-06 10:05:00,1.901,1.902,1.89,1.894,148482.8
2026-06-06 10:10:00,1.894,1.896,1.883,1.885,147126.6
2026-06-06 10:15:00,1.886,1.892,1.878,1.878,153360.4
2026-06-06 10:20:00,1.877,1.894,1.877,1.886,79806.9
2026-06-06 10:25:00,1.887,1.889,1.878,1.879,84541.8
2026-06-06 10:30:00,1.879,1.882,1.868,1.88,192283.0
2026-06-06 10:35:00,1.88,1.882,1.863,1.869,188847.9
2026-06-06 10:40:00,1.869,1.875,1.854,1.872,305607.0
2026-06-06 10:45:00,1.872,1.875,1.866,1.874,110321.7
2026-06-06 10:50:00,1.873,1.879,1.861,1.879,137070.7
2026-06-06 10:55:00,1.879,1.883,1.87,1.875,144775.3
2026-06-06 11:00:00,1.875,1.887,1.872,1.88,143407.6
2026-06-06 11:05:00,1.879,1.886,1.878,1.883,49622.2
2026-06-06 11:10:00,1.883,1.886,1.878,1.883,116711.3
2026-06-06 11:15:00,1.882,1.894,1.879,1.887,105505.9
2026-06-06 11:20:00,1.887,1.9,1.886,1.89,92241.8
2026-06-06 11:25:00,1.891,1.9,1.891,1.899,72987.0
2026-06-06 11:30:00,1.898,1.903,1.889,1.9,51193.8
2026-06-06 11:35:00,1.9,1.913,1.9,1.91,152297.6
2026-06-06 11:40:00,1.911,1.912,1.899,1.903,106862.1
2026-06-06 11:45:00,1.902,1.919,1.901,1.913,178262.3
2026-06-06 11:50:00,1.914,1.928,1.912,1.927,66244.0
2026-06-06 11:55:00,1.927,1.929,1.914,1.918,162778.0
2026-06-06 12:00:00,1.917,1.921,1.915,1.918,68467.8
2026-06-06 12:05:00,1.918,1.921,1.913,1.916,76937.6
2026-06-06 12:10:00,1.916,1.917,1.909,1.916,47917.9
2026-06-06 12:15:00,1.915,1.917,1.904,1.909,79639.8
2026-06-06 12:20:00,1.909,1.909,1.896,1.9,79584.9
2026-06-06 12:25:00,1.899,1.9,1.889,1.89,87925.6
2026-06-06 12:30:00,1.89,1.9,1.89,1.898,48588.9
2026-06-06 12:35:00,1.897,1.905,1.895,1.898,60821.0
2026-06-06 12:40:00,1.898,1.909,1.896,1.909,83459.0
2026-06-06 12:45:00,1.909,1.916,1.906,1.91,64913.1
2026-06-06 12:50:00,1.909,1.92,1.9,1.916,105647.0
2026-06-06 12:55:00,1.916,1.918,1.905,1.906,61661.4
2026-06-06 13:00:00,1.907,1.915,1.901,1.912,72859.1
2026-06-06 13:05:00,1.911,1.914,1.9,1.903,43567.9
2026-06-06 13:10:00,1.903,1.912,1.899,1.909,62018.3
2026-06-06 13:15:00,1.909,1.909,1.898,1.901,71983.5
2026-06-06 13:20:00,1.901,1.914,1.901,1.907,48080.1
2026-06-06 13:25:00,1.907,1.908,1.899,1.903,51605.5
2026-06-06 13:30:00,1.902,1.906,1.887,1.895,145888.3
2026-06-06 13:35:00,1.896,1.903,1.892,1.892,98262.7
2026-06-06 13:40:00,1.891,1.896,1.885,1.892,56448.1
2026-06-06 13:45:00,1.893,1.903,1.878,1.882,139773.0
2026-06-06 13:50:00,1.882,1.884,1.873,1.878,107909.1
2026-06-06 13:55:00,1.879,1.879,1.869,1.876,98332.2
2026-06-06 14:00:00,1.875,1.885,1.873,1.883,88946.2
2026-06-06 14:05:00,1.883,1.885,1.874,1.876,109827.3
2026-06-06 14:10:00,1.875,1.89,1.874,1.885,175532.8
2026-06-06 14:15:00,1.885,1.892,1.881,1.882,153218.6
2026-06-06 14:20:00,1.882,1.889,1.861,1.863,206095.0
2026-06-06 14:25:00,1.863,1.865,1.849,1.859,330997.4
2026-06-06 14:30:00,1.859,1.868,1.855,1.856,155175.6
2026-06-06 14:35:00,1.857,1.86,1.843,1.846,218818.7
2026-06-06 14:40:00,1.847,1.858,1.843,1.854,125593.6
2026-06-06 14:45:00,1.854,1.861,1.849,1.86,157506.5
2026-06-06 14:50:00,1.859,1.861,1.848,1.85,111194.8
2026-06-06 14:55:00,1.85,1.857,1.847,1.851,177726.2
2026-06-06 15:00:00,1.851,1.86,1.837,1.846,216096.7
2026-06-06 15:05:00,1.846,1.85,1.837,1.84,142054.4
2026-06-06 15:10:00,1.839,1.843,1.836,1.838,98937.0
2026-06-06 15:15:00,1.838,1.846,1.827,1.831,250609.5
2026-06-06 15:20:00,1.831,1.845,1.83,1.841,131197.0
2026-06-06 15:25:00,1.842,1.866,1.842,1.864,125650.2
2026-06-06 15:30:00,1.863,1.882,1.853,1.878,153821.2
2026-06-06 15:35:00,1.877,1.889,1.873,1.885,147833.6
2026-06-06 15:40:00,1.885,1.896,1.883,1.888,180769.4
2026-06-06 15:45:00,1.888,1.898,1.881,1.884,138652.0
2026-06-06 15:50:00,1.885,1.891,1.881,1.884,113112.1
2026-06-06 15:55:00,1.883,1.896,1.88,1.887,193970.7
2026-06-06 16:00:00,1.888,1.907,1.88,1.907,205115.1
2026-06-06 16:05:00,1.907,1.915,1.894,1.897,208512.9
2026-06-06 16:10:00,1.896,1.897,1.888,1.893,116431.5
2026-06-06 16:15:00,1.893,1.893,1.869,1.874,130181.4
2026-06-06 16:20:00,1.873,1.874,1.86,1.87,157512.7
2026-06-06 16:25:00,1.869,1.878,1.857,1.867,200356.6
2026-06-06 16:30:00,1.866,1.873,1.861,1.864,92413.9
2026-06-06 16:35:00,1.864,1.872,1.861,1.87,42880.4
2026-06-06 16:40:00,1.871,1.896,1.871,1.895,72355.7
2026-06-06 16:45:00,1.895,1.906,1.893,1.903,86418.2
2026-06-06 16:50:00,1.904,1.906,1.888,1.889,82871.4
2026-06-06 16:55:00,1.888,1.893,1.878,1.892,106848.7
2026-06-06 17:00:00,1.892,1.899,1.886,1.89,91920.3
2026-06-06 17:05:00,1.889,1.89,1.874,1.875,124396.0
2026-06-06 17:10:00,1.874,1.886,1.874,1.882,59790.3
2026-06-06 17:15:00,1.882,1.883,1.876,1.882,39891.9
2026-06-06 17:20:00,1.881,1.885,1.867,1.868,109466.0
2026-06-06 17:25:00,1.869,1.879,1.868,1.877,98550.2
2026-06-06 17:30:00,1.876,1.877,1.869,1.876,36709.5
2026-06-06 17:35:00,1.875,1.881,1.862,1.863,70401.7
2026-06-06 17:40:00,1.862,1.871,1.86,1.871,60791.9
2026-06-06 17:45:00,1.871,1.873,1.857,1.858,79320.1
2026-06-06 17:50:00,1.857,1.873,1.857,1.859,127005.4
2026-06-06 17:55:00,1.858,1.864,1.853,1.858,97205.7
2026-06-06 18:00:00,1.858,1.864,1.855,1.857,34365.3
2026-06-06 18:05:00,1.856,1.857,1.851,1.851,36231.4
2026-06-06 18:10:00,1.851,1.865,1.85,1.865,58494.4
2026-06-06 18:15:00,1.864,1.869,1.86,1.864,61707.6
2026-06-06 18:20:00,1.865,1.874,1.864,1.87,48776.7
2026-06-06 18:25:00,1.87,1.902,1.87,1.896,164878.6
2026-06-06 18:30:00,1.896,1.897,1.878,1.89,124763.6
2026-06-06 18:35:00,1.89,1.902,1.887,1.899,57813.3
2026-06-06 18:40:00,1.898,1.898,1.871,1.877,131892.4
2026-06-06 18:45:00,1.877,1.877,1.865,1.87,44991.7
2026-06-06 18:50:00,1.869,1.874,1.865,1.874,58610.3
2026-06-06 18:55:00,1.874,1.877,1.868,1.868,42233.2
2026-06-06 19:00:00,1.869,1.87,1.862,1.864,49285.6
2026-06-06 19:05:00,1.864,1.877,1.863,1.876,79202.3
2026-06-06 19:10:00,1.875,1.882,1.874,1.875,54214.5
2026-06-06 19:15:00,1.874,1.876,1.868,1.873,41810.3
2026-06-06 19:20:00,1.873,1.877,1.866,1.877,38287.8
2026-06-06 19:25:00,1.876,1.877,1.868,1.869,37244.1
2026-06-06 19:30:00,1.869,1.87,1.863,1.867,30127.9
2026-06-06 19:35:00,1.867,1.868,1.862,1.866,22961.9
2026-06-06 19:40:00,1.866,1.866,1.863,1.865,26818.8
2026-06-06 19:45:00,1.865,1.866,1.861,1.864,40833.6
2026-06-06 19:50:00,1.863,1.873,1.862,1.865,81841.0
2026-06-06 19:55:00,1.865,1.867,1.858,1.861,48805.5
2026-06-06 20:00:00,1.86,1.865,1.857,1.858,43662.3
2026-06-06 20:05:00,1.858,1.866,1.855,1.859,164119.1
2026-06-06 20:10:00,1.859,1.867,1.856,1.864,25079.5
2026-06-06 20:15:00,1.864,1.865,1.858,1.863,30341.2
2026-06-06 20:20:00,1.862,1.865,1.857,1.86,23122.4
2026-06-06 20:25:00,1.86,1.864,1.855,1.859,29181.3
2026-06-06 20:30:00,1.858,1.88,1.857,1.877,86315.5
2026-06-06 20:35:00,1.877,1.88,1.868,1.873,62058.8
2026-06-06 20:40:00,1.873,1.875,1.864,1.87,41195.5
2026-06-06 20:45:00,1.87,1.874,1.863,1.866,42717.0
2026-06-06 20:50:00,1.865,1.875,1.865,1.866,35416.4
2026-06-06 20:55:00,1.866,1.875,1.865,1.873,22298.6
2026-06-06 21:00:00,1.872,1.881,1.872,1.878,48438.7
2026-06-06 21:05:00,1.878,1.881,1.869,1.869,21422.1
2026-06-06 21:10:00,1.869,1.884,1.869,1.883,77968.9
2026-06-06 21:15:00,1.883,1.89,1.873,1.879,66134.7
2026-06-06 21:20:00,1.879,1.887,1.877,1.878,30863.8
2026-06-06 21:25:00,1.877,1.881,1.875,1.88,25063.8
2026-06-06 21:30:00,1.879,1.894,1.879,1.89,101316.0
2026-06-06 21:35:00,1.891,1.892,1.878,1.878,51819.6
2026-06-06 21:40:00,1.879,1.891,1.878,1.886,82398.2
2026-06-06 21:45:00,1.886,1.886,1.882,1.884,6850.1
2026-06-06 21:50:00,1.885,1.892,1.882,1.884,53424.6
2026-06-06 21:55:00,1.885,1.885,1.875,1.878,47826.1
2026-06-06 22:00:00,1.878,1.886,1.863,1.865,72243.9
2026-06-06 22:05:00,1.864,1.865,1.856,1.857,61263.7
2026-06-06 22:10:00,1.858,1.861,1.85,1.856,90348.1
2026-06-06 22:15:00,1.856,1.869,1.855,1.866,59699.9
2026-06-06 22:20:00,1.867,1.867,1.849,1.853,42917.0
2026-06-06 22:25:00,1.853,1.854,1.846,1.853,65773.6
2026-06-06 22:30:00,1.854,1.861,1.852,1.852,24857.3
2026-06-06 22:35:00,1.852,1.863,1.852,1.857,33889.3
2026-06-06 22:40:00,1.856,1.859,1.853,1.857,23334.5
2026-06-06 22:45:00,1.858,1.866,1.856,1.856,106165.9
2026-06-06 22:50:00,1.856,1.865,1.855,1.863,18589.8
2026-06-06 22:55:00,1.863,1.865,1.852,1.852,70384.9
2026-06-06 23:00:00,1.852,1.867,1.851,1.861,60372.9
2026-06-06 23:05:00,1.862,1.872,1.862,1.867,38712.2
2026-06-06 23:10:00,1.867,1.874,1.863,1.863,54396.8
2026-06-06 23:15:00,1.863,1.865,1.848,1.849,127178.7
2026-06-06 23:20:00,1.849,1.856,1.848,1.851,40205.1
2026-06-06 23:25:00,1.851,1.859,1.85,1.855,57237.7
2026-06-06 23:30:00,1.855,1.857,1.852,1.854,33676.9
2026-06-06 23:35:00,1.853,1.86,1.852,1.857,43124.6
2026-06-06 23:40:00,1.858,1.866,1.855,1.862,42756.3
2026-06-06 23:45:00,1.863,1.866,1.86,1.864,41646.1
2026-06-06 23:50:00,1.864,1.866,1.862,1.864,38204.3
2026-06-06 23:55:00,1.864,1.868,1.858,1.859,38546.6
2026-06-07 00:00:00,1.859,1.872,1.859,1.864,78221.5
2026-06-07 00:05:00,1.864,1.864,1.858,1.864,23737.4
2026-06-07 00:10:00,1.864,1.864,1.855,1.86,19393.1
2026-06-07 00:15:00,1.859,1.862,1.854,1.86,47421.8
2026-06-07 00:20:00,1.86,1.868,1.856,1.857,54336.4
2026-06-07 00:25:00,1.857,1.862,1.851,1.862,46642.7
2026-06-07 00:30:00,1.862,1.884,1.862,1.883,174868.0
2026-06-07 00:35:00,1.882,1.885,1.876,1.884,114595.5
2026-06-07 00:40:00,1.884,1.885,1.872,1.872,47389.6
2026-06-07 00:45:00,1.871,1.88,1.87,1.87,46045.0
2026-06-07 00:50:00,1.871,1.887,1.871,1.885,84799.2
2026-06-07 00:55:00,1.884,1.885,1.876,1.878,68192.1
2026-06-07 01:00:00,1.879,1.902,1.872,1.894,270457.2
2026-06-07 01:05:00,1.894,1.918,1.887,1.909,211125.2
2026-06-07 01:10:00,1.909,1.914,1.901,1.908,133994.1
2026-06-07 01:15:00,1.908,1.921,1.906,1.918,173859.2
2026-06-07 01:20:00,1.917,1.923,1.905,1.918,99811.5
2026-06-07 01:25:00,1.919,1.925,1.909,1.919,116915.5
2026-06-07 01:30:00,1.919,1.926,1.903,1.909,225446.9
2026-06-07 01:35:00,1.909,1.919,1.906,1.907,285926.3
2026-06-07 01:40:00,1.908,1.922,1.906,1.919,98518.6
2026-06-07 01:45:00,1.92,1.955,1.914,1.95,789387.9
2026-06-07 01:50:00,1.95,1.95,1.939,1.941,55736.4
2026-06-07 01:55:00,1.942,1.949,1.937,1.946,61766.1
2026-06-07 02:00:00,1.945,1.947,1.933,1.935,70541.3
2026-06-07 02:05:00,1.935,1.949,1.935,1.948,127666.5
2026-06-07 02:10:00,1.947,1.955,1.941,1.944,154955.0
2026-06-07 02:15:00,1.944,1.948,1.935,1.937,99684.1
2026-06-07 02:20:00,1.937,1.937,1.929,1.937,70277.5
2026-06-07 02:25:00,1.937,1.937,1.91,1.927,456668.1
2026-06-07 02:30:00,1.927,1.933,1.893,1.904,2413288.6
2026-06-07 02:35:00,1.904,1.907,1.878,1.893,1532487.2
2026-06-07 02:40:00,1.892,1.901,1.892,1.898,84338.6
2026-06-07 02:45:00,1.898,1.91,1.897,1.905,171409.4
2026-06-07 02:50:00,1.906,1.909,1.876,1.885,1192330.8
2026-06-07 02:55:00,1.885,1.892,1.882,1.892,179824.9
2026-06-07 03:00:00,1.891,1.892,1.861,1.866,1072144.9
2026-06-07 03:05:00,1.866,1.873,1.862,1.871,287411.3
2026-06-07 03:10:00,1.87,1.879,1.868,1.877,304414.6
2026-06-07 03:15:00,1.877,1.878,1.867,1.875,162555.8
2026-06-07 03:20:00,1.875,1.877,1.854,1.859,214707.4
2026-06-07 03:25:00,1.859,1.865,1.855,1.857,170231.3
2026-06-07 03:30:00,1.857,1.857,1.815,1.821,724452.8
2026-06-07 03:35:00,1.821,1.834,1.813,1.825,661553.7
2026-06-07 03:40:00,1.825,1.833,1.82,1.833,391923.3
2026-06-07 03:45:00,1.832,1.837,1.828,1.834,360733.5
2026-06-07 03:50:00,1.834,1.843,1.832,1.843,144775.3
2026-06-07 03:55:00,1.843,1.854,1.841,1.849,310383.3
2026-06-07 04:00:00,1.849,1.856,1.839,1.856,144027.7
2026-06-07 04:05:00,1.856,1.865,1.854,1.862,233886.2
2026-06-07 04:10:00,1.862,1.862,1.854,1.859,74461.8
2026-06-07 04:15:00,1.859,1.872,1.858,1.87,191595.4
2026-06-07 04:20:00,1.87,1.871,1.861,1.862,105725.0
2026-06-07 04:25:00,1.861,1.866,1.856,1.863,129227.7
2026-06-07 04:30:00,1.863,1.87,1.862,1.87,78554.7
2026-06-07 04:35:00,1.871,1.883,1.871,1.881,118994.9
2026-06-07 04:40:00,1.882,1.886,1.875,1.878,125608.5
2026-06-07 04:45:00,1.877,1.877,1.87,1.874,88915.8
2026-06-07 04:50:00,1.875,1.875,1.865,1.868,82879.0
2026-06-07 04:55:00,1.868,1.878,1.866,1.877,91037.8
2026-06-07 05:00:00,1.877,1.88,1.868,1.873,141954.4
2026-06-07 05:05:00,1.873,1.874,1.866,1.868,29672.8
2026-06-07 05:10:00,1.867,1.883,1.867,1.876,94225.3
2026-06-07 05:15:00,1.876,1.887,1.869,1.881,206060.1
2026-06-07 05:20:00,1.88,1.885,1.866,1.883,147431.7
2026-06-07 05:25:00,1.884,1.899,1.881,1.886,236939.0
2026-06-07 05:30:00,1.886,1.892,1.881,1.888,101043.0
2026-06-07 05:35:00,1.888,1.901,1.888,1.901,77710.3
2026-06-07 05:40:00,1.9,1.903,1.89,1.901,156949.8
2026-06-07 05:45:00,1.901,1.905,1.89,1.893,190532.0
2026-06-07 05:50:00,1.893,1.904,1.887,1.903,141829.4
2026-06-07 05:55:00,1.902,1.904,1.894,1.903,135864.2
2026-06-07 06:00:00,1.903,1.903,1.887,1.896,123954.7
2026-06-07 06:05:00,1.896,1.914,1.896,1.908,156444.2
2026-06-07 06:10:00,1.908,1.93,1.904,1.92,197324.8
2026-06-07 06:15:00,1.92,1.923,1.908,1.923,131082.0
2026-06-07 06:20:00,1.922,1.923,1.916,1.921,83181.0
2026-06-07 06:25:00,1.92,1.934,1.913,1.934,175500.8
2026-06-07 06:30:00,1.934,1.944,1.928,1.935,253363.7
2026-06-07 06:35:00,1.935,1.944,1.933,1.943,138754.7
2026-06-07 06:40:00,1.943,1.944,1.933,1.934,50275.4
2026-06-07 06:45:00,1.934,1.938,1.926,1.933,94279.0
2026-06-07 06:50:00,1.932,1.933,1.922,1.924,120581.0
2026-06-07 06:55:00,1.924,1.934,1.921,1.933,95090.8
2026-06-07 07:00:00,1.933,1.943,1.926,1.942,90392.2
2026-06-07 07:05:00,1.942,1.948,1.938,1.944,94746.5
2026-06-07 07:10:00,1.944,1.948,1.936,1.941,102931.3
2026-06-07 07:15:00,1.941,1.946,1.928,1.932,94084.6
2026-06-07 07:20:00,1.931,1.944,1.93,1.944,72665.9
2026-06-07 07:25:00,1.944,1.951,1.935,1.94,121482.1
2026-06-07 07:30:00,1.939,1.941,1.927,1.928,100576.7
2026-06-07 07:35:00,1.927,1.937,1.925,1.93,153969.6
2026-06-07 07:40:00,1.931,1.931,1.917,1.921,78223.9
2026-06-07 07:45:00,1.921,1.927,1.911,1.911,126870.4
2026-06-07 07:50:00,1.912,1.917,1.903,1.908,169050.4
2026-06-07 07:55:00,1.909,1.914,1.904,1.91,72221.2
2026-06-07 08:00:00,1.91,1.919,1.908,1.909,53576.3
2026-06-07 08:05:00,1.908,1.911,1.9,1.911,128791.0
2026-06-07 08:10:00,1.91,1.922,1.906,1.919,153832.0
2026-06-07 08:15:00,1.918,1.919,1.91,1.911,60036.6
2026-06-07 08:20:00,1.91,1.917,1.905,1.916,65197.6
2026-06-07 08:25:00,1.916,1.923,1.912,1.921,135172.5
2026-06-07 08:30:00,1.922,1.923,1.915,1.917,116906.2
2026-06-07 08:35:00,1.917,1.932,1.915,1.928,102008.5
2026-06-07 08:40:00,1.928,1.934,1.925,1.934,51810.1
2026-06-07 08:45:00,1.934,1.939,1.928,1.931,208573.7
2026-06-07 08:50:00,1.93,1.935,1.925,1.934,103874.7
2026-06-07 08:55:00,1.934,1.937,1.925,1.932,124706.5
2026-06-07 09:00:00,1.933,1.939,1.928,1.937,96999.4
2026-06-07 09:05:00,1.936,1.94,1.934,1.938,87402.4
2026-06-07 09:10:00,1.938,1.948,1.938,1.944,71652.0
2026-06-07 09:15:00,1.944,1.949,1.929,1.936,135219.7
2026-06-07 09:20:00,1.935,1.962,1.93,1.954,411144.6
2026-06-07 09:25:00,1.954,1.954,1.94,1.943,117292.5
2026-06-07 09:30:00,1.943,1.943,1.912,1.914,361506.9
2026-06-07 09:35:00,1.915,1.921,1.909,1.921,84867.3
2026-06-07 09:40:00,1.921,1.922,1.91,1.912,68472.9
2026-06-07 09:45:00,1.912,1.913,1.905,1.909,145479.7
2026-06-07 09:50:00,1.908,1.914,1.905,1.906,82617.6
2026-06-07 09:55:00,1.906,1.917,1.905,1.912,85215.9
2026-06-07 10:00:00,1.912,1.917,1.894,1.902,162053.8
2026-06-07 10:05:00,1.902,1.905,1.89,1.896,85031.0
2026-06-07 10:10:00,1.896,1.907,1.896,1.9,26567.2
2026-06-07 10:15:00,1.9,1.906,1.894,1.904,53102.3
2026-06-07 10:20:00,1.904,1.909,1.9,1.909,52818.9
2026-06-07 10:25:00,1.908,1.909,1.904,1.907,50692.0
2026-06-07 10:30:00,1.906,1.91,1.902,1.906,44893.5
2026-06-07 10:35:00,1.906,1.91,1.893,1.899,69174.1
2026-06-07 10:40:00,1.899,1.899,1.887,1.893,81739.2
2026-06-07 10:45:00,1.893,1.905,1.882,1.901,133490.5
2026-06-07 10:50:00,1.9,1.9,1.886,1.889,46007.1
2026-06-07 10:55:00,1.888,1.899,1.885,1.893,48400.2
2026-06-07 11:00:00,1.893,1.897,1.886,1.888,60532.3
2026-06-07 11:05:00,1.888,1.904,1.888,1.902,71040.7
2026-06-07 11:10:00,1.902,1.903,1.896,1.9,21765.3
2026-06-07 11:15:00,1.9,1.908,1.9,1.903,54220.6
2026-06-07 11:20:00,1.902,1.911,1.898,1.91,21551.3
2026-06-07 11:25:00,1.91,1.925,1.907,1.923,73744.7
2026-06-07 11:30:00,1.923,1.925,1.919,1.922,61048.6
2026-06-07 11:35:00,1.923,1.94,1.923,1.933,133673.6
2026-06-07 11:40:00,1.933,1.936,1.929,1.935,45806.8
2026-06-07 11:45:00,1.934,1.938,1.923,1.933,105628.2
2026-06-07 11:50:00,1.932,1.932,1.923,1.928,83203.6
2026-06-07 11:55:00,1.929,1.929,1.918,1.919,78509.8
2026-06-07 12:00:00,1.919,1.929,1.915,1.928,73878.8
2026-06-07 12:05:00,1.929,1.929,1.901,1.904,122048.1
2026-06-07 12:10:00,1.905,1.907,1.88,1.89,326063.1
2026-06-07 12:15:00,1.889,1.894,1.87,1.879,282098.4
2026-06-07 12:20:00,1.88,1.888,1.872,1.876,124320.9
2026-06-07 12:25:00,1.876,1.882,1.873,1.878,91086.6
2026-06-07 12:30:00,1.877,1.883,1.867,1.876,131327.1
2026-06-07 12:35:00,1.876,1.879,1.868,1.87,80349.6
2026-06-07 12:40:00,1.87,1.871,1.857,1.87,253573.8
2026-06-07 12:45:00,1.871,1.883,1.87,1.882,91824.6
2026-06-07 12:50:00,1.881,1.888,1.877,1.883,69563.9
2026-06-07 12:55:00,1.882,1.887,1.877,1.886,68546.1
2026-06-07 13:00:00,1.885,1.892,1.882,1.89,73755.3
2026-06-07 13:05:00,1.89,1.894,1.884,1.891,56163.5
2026-06-07 13:10:00,1.89,1.894,1.886,1.894,45104.4
2026-06-07 13:15:00,1.895,1.897,1.883,1.886,60983.0
2026-06-07 13:20:00,1.886,1.894,1.886,1.894,55216.5
2026-06-07 13:25:00,1.895,1.911,1.895,1.908,81767.6
2026-06-07 13:30:00,1.908,1.914,1.904,1.913,81962.6
2026-06-07 13:35:00,1.912,1.913,1.897,1.907,218644.4
2026-06-07 13:40:00,1.908,1.921,1.908,1.919,93013.7
2026-06-07 13:45:00,1.918,1.92,1.908,1.912,95005.4
2026-06-07 13:50:00,1.913,1.919,1.902,1.903,92577.6
2026-06-07 13:55:00,1.904,1.914,1.903,1.909,94863.4
2026-06-07 14:00:00,1.909,1.924,1.909,1.918,172497.9
2026-06-07 14:05:00,1.919,1.933,1.917,1.92,168042.8
2026-06-07 14:10:00,1.919,1.925,1.914,1.922,90065.8
2026-06-07 14:15:00,1.923,1.942,1.921,1.938,161276.1
2026-06-07 14:20:00,1.937,1.958,1.936,1.956,245342.5
2026-06-07 14:25:00,1.956,1.968,1.956,1.968,155233.4
2026-06-07 14:30:00,1.969,1.984,1.969,1.98,282649.5
2026-06-07 14:35:00,1.98,1.992,1.974,1.977,189220.5
2026-06-07 14:40:00,1.977,1.977,1.959,1.969,221236.8
2026-06-07 14:45:00,1.969,1.976,1.959,1.968,153769.5
2026-06-07 14:50:00,1.968,1.983,1.966,1.977,205477.8
2026-06-07 14:55:00,1.978,1.987,1.976,1.985,138958.1
2026-06-07 15:00:00,1.984,1.986,1.972,1.979,121912.2
2026-06-07 15:05:00,1.978,1.994,1.97,1.993,155192.4
2026-06-07 15:10:00,1.992,2.011,1.985,2.006,507866.9
2026-06-07 15:15:00,2.005,2.014,1.991,2.004,479989.4
2026-06-07 15:20:00,2.004,2.036,1.993,2.035,549877.6
2026-06-07 15:25:00,2.034,2.052,2.025,2.05,972345.4
2026-06-07 15:30:00,2.05,2.062,2.033,2.041,952411.0
2026-06-07 15:35:00,2.04,2.044,2.017,2.03,722041.3
2026-06-07 15:40:00,2.03,2.042,2.028,2.038,318649.8
2026-06-07 15:45:00,2.038,2.039,2.019,2.02,285975.5
2026-06-07 15:50:00,2.019,2.023,2.004,2.007,199847.7
2026-06-07 15:55:00,2.006,2.025,1.995,2.024,280194.0
2026-06-07 16:00:00,2.024,2.028,2.002,2.024,278408.6
2026-06-07 16:05:00,2.024,2.042,2.013,2.04,137718.7
2026-06-07 16:10:00,2.04,2.061,2.032,2.061,387134.4
2026-06-07 16:15:00,2.061,2.075,2.054,2.072,465490.3
2026-06-07 16:20:00,2.072,2.091,2.068,2.087,1082040.2
2026-06-07 16:25:00,2.087,2.095,2.071,2.09,425317.6
2026-06-07 16:30:00,2.09,2.099,2.079,2.095,334713.3
2026-06-07 16:35:00,2.095,2.101,2.082,2.082,518191.1
2026-06-07 16:40:00,2.082,2.083,2.04,2.043,725825.5
2026-06-07 16:45:00,2.044,2.056,2.035,2.049,232151.3
2026-06-07 16:50:00,2.048,2.053,2.036,2.041,119310.8
2026-06-07 16:55:00,2.041,2.043,2.021,2.039,224020.8
2026-06-07 17:00:00,2.039,2.059,2.035,2.053,226222.8
2026-06-07 17:05:00,2.053,2.074,2.042,2.071,253119.4
2026-06-07 17:10:00,2.071,2.08,2.066,2.075,124920.1
2026-06-07 17:15:00,2.075,2.078,2.056,2.064,133938.3
2026-06-07 17:20:00,2.064,2.068,2.041,2.046,142627.0
2026-06-07 17:25:00,2.046,2.053,2.027,2.03,145032.8
2026-06-07 17:30:00,2.03,2.036,2.022,2.031,115090.1
2026-06-07 17:35:00,2.031,2.046,2.031,2.034,82154.5
2026-06-07 17:40:00,2.034,2.048,2.032,2.041,84931.5
2026-06-07 17:45:00,2.04,2.043,2.023,2.026,191086.5
2026-06-07 17:50:00,2.026,2.026,2.013,2.023,268137.9
2026-06-07 17:55:00,2.023,2.039,2.022,2.038,44210.8
2026-06-07 18:00:00,2.039,2.052,2.039,2.043,162287.7
2026-06-07 18:05:00,2.043,2.053,2.038,2.053,165480.8
2026-06-07 18:10:00,2.053,2.059,2.042,2.049,60136.1
2026-06-07 18:15:00,2.048,2.048,2.029,2.041,176940.8
2026-06-07 18:20:00,2.042,2.058,2.039,2.057,126288.6
2026-06-07 18:25:00,2.056,2.063,2.052,2.062,76177.6
2026-06-07 18:30:00,2.062,2.063,2.048,2.049,76716.6
2026-06-07 18:35:00,2.049,2.053,2.034,2.049,110177.7
2026-06-07 18:40:00,2.048,2.049,2.031,2.041,152749.0
2026-06-07 18:45:00,2.04,2.047,2.026,2.029,127533.3
2026-06-07 18:50:00,2.028,2.039,2.023,2.038,108930.3
2026-06-07 18:55:00,2.037,2.037,2.021,2.022,77840.7
2026-06-07 19:00:00,2.023,2.023,1.99,2.004,649045.2
2026-06-07 19:05:00,2.003,2.005,1.987,1.988,111046.4
2026-06-07 19:10:00,1.988,2.002,1.987,1.996,186571.4
2026-06-07 19:15:00,1.997,1.997,1.967,1.974,319733.0
2026-06-07 19:20:00,1.974,1.984,1.969,1.978,114036.2
2026-06-07 19:25:00,1.979,1.987,1.967,1.985,151873.5
2026-06-07 19:30:00,1.985,1.991,1.975,1.98,155859.9
2026-06-07 19:35:00,1.979,1.986,1.974,1.985,112981.6
2026-06-07 19:40:00,1.984,1.984,1.955,1.97,417008.0
2026-06-07 19:45:00,1.971,1.976,1.96,1.974,179755.3
2026-06-07 19:50:00,1.973,1.976,1.964,1.971,148853.3
2026-06-07 19:55:00,1.971,1.974,1.967,1.968,78705.1
2026-06-07 20:00:00,1.967,1.975,1.956,1.975,130552.0
2026-06-07 20:05:00,1.975,1.982,1.969,1.98,150960.9
2026-06-07 20:10:00,1.98,1.988,1.979,1.985,171196.3
2026-06-07 20:15:00,1.984,2.005,1.976,2.002,103475.3
2026-06-07 20:20:00,2.002,2.012,1.993,2.009,202026.9
2026-06-07 20:25:00,2.009,2.017,2.007,2.01,175273.4
2026-06-07 20:30:00,2.01,2.019,2.008,2.016,86177.3
2026-06-07 20:35:00,2.015,2.019,2.004,2.007,43603.4
2026-06-07 20:40:00,2.007,2.009,1.995,2.005,116169.5
2026-06-07 20:45:00,2.005,2.013,2.004,2.013,55882.3
2026-06-07 20:50:00,2.012,2.015,2.008,2.011,27588.2
2026-06-07 20:55:00,2.011,2.016,2.007,2.008,39468.9
2026-06-07 21:00:00,2.008,2.015,2.0,2.002,81710.3
2026-06-07 21:05:00,2.002,2.004,1.996,1.999,78394.6
2026-06-07 21:10:00,2.0,2.007,1.992,2.003,112904.3
2026-06-07 21:15:00,2.003,2.004,1.994,1.998,99511.9
2026-06-07 21:20:00,1.998,1.999,1.987,1.996,90087.1
2026-06-07 21:25:00,1.995,2.002,1.995,1.999,26368.2
2026-06-07 21:30:00,1.999,2.003,1.99,1.992,26952.7
2026-06-07 21:35:00,1.992,1.993,1.982,1.986,62684.7
2026-06-07 21:40:00,1.986,1.99,1.98,1.989,45680.8
2026-06-07 21:45:00,1.989,1.99,1.972,1.975,126667.9
2026-06-07 21:50:00,1.975,1.983,1.973,1.981,31500.2
2026-06-07 21:55:00,1.98,1.989,1.976,1.989,59564.9
2026-06-07 22:00:00,1.989,1.998,1.988,1.992,65096.1
2026-06-07 22:05:00,1.992,2.02,1.992,2.017,130742.3
2026-06-07 22:10:00,2.016,2.077,2.013,2.072,558832.5
2026-06-07 22:15:00,2.072,2.1,2.065,2.068,668547.7
2026-06-07 22:20:00,2.068,2.071,2.047,2.052,275027.2
2026-06-07 22:25:00,2.052,2.066,2.044,2.044,171576.1
2026-06-07 22:30:00,2.044,2.052,2.03,2.042,165400.7
2026-06-07 22:35:00,2.042,2.059,2.04,2.047,95383.0
2026-06-07 22:40:00,2.047,2.057,2.045,2.056,123438.0
2026-06-07 22:45:00,2.056,2.06,2.044,2.05,56009.3
2026-06-07 22:50:00,2.05,2.05,2.035,2.036,80415.1
2026-06-07 22:55:00,2.037,2.043,2.019,2.034,213438.5
2026-06-07 23:00:00,2.033,2.042,2.021,2.023,136809.4
2026-06-07 23:05:00,2.023,2.026,2.019,2.023,61399.5
2026-06-07 23:10:00,2.024,2.038,2.024,2.038,43905.3
2026-06-07 23:15:00,2.038,2.042,2.022,2.028,43537.7
2026-06-07 23:20:00,2.027,2.04,2.027,2.037,38937.0
2026-06-07 23:25:00,2.037,2.048,2.037,2.045,70318.6
2026-06-07 23:30:00,2.045,2.053,2.04,2.041,94161.1
2026-06-07 23:35:00,2.04,2.046,2.031,2.044,86787.2
2026-06-07 23:40:00,2.044,2.051,2.038,2.048,43056.7
2026-06-07 23:45:00,2.048,2.06,2.046,2.051,79230.1
2026-06-07 23:50:00,2.052,2.057,2.044,2.053,141418.3
2026-06-07 23:55:00,2.053,2.059,2.053,2.059,37037.6
2026-06-08 00:00:00,2.059,2.059,2.041,2.046,143538.5
2026-06-08 00:05:00,2.045,2.045,2.027,2.031,103277.6
2026-06-08 00:10:00,2.031,2.041,2.021,2.041,81778.2
2026-06-08 00:15:00,2.041,2.048,2.036,2.046,75383.1
2026-06-08 00:20:00,2.045,2.056,2.043,2.048,159966.8
2026-06-08 00:25:00,2.047,2.063,2.046,2.06,97946.0
2026-06-08 00:30:00,2.06,2.079,2.057,2.078,150205.8
2026-06-08 00:35:00,2.077,2.091,2.066,2.089,239937.0
2026-06-08 00:40:00,2.09,2.093,2.069,2.08,185221.0
2026-06-08 00:45:00,2.08,2.085,2.066,2.084,90749.3
2026-06-08 00:50:00,2.084,2.095,2.081,2.086,86641.0
2026-06-08 00:55:00,2.086,2.09,2.075,2.085,119430.0
2026-06-08 01:00:00,2.085,2.087,2.057,2.063,161034.1
2026-06-08 01:05:00,2.064,2.068,2.054,2.054,185418.4
2026-06-08 01:10:00,2.054,2.054,2.033,2.04,357457.1
2026-06-08 01:15:00,2.041,2.052,2.032,2.042,186488.5
2026-06-08 01:20:00,2.042,2.044,2.037,2.038,71413.0
2026-06-08 01:25:00,2.038,2.038,2.014,2.019,245635.6
2026-06-08 01:30:00,2.02,2.029,2.014,2.029,104202.7
2026-06-08 01:35:00,2.029,2.055,2.027,2.041,464196.1
2026-06-08 01:40:00,2.042,2.049,2.04,2.046,105123.7
2026-06-08 01:45:00,2.046,2.051,2.044,2.05,74248.2
2026-06-08 01:50:00,2.05,2.05,2.038,2.043,50452.7
2026-06-08 01:55:00,2.043,2.054,2.038,2.042,52865.5
2026-06-08 02:00:00,2.043,2.049,2.035,2.035,51535.6
2026-06-08 02:05:00,2.036,2.063,2.036,2.057,97937.9
2026-06-08 02:10:00,2.058,2.078,2.058,2.078,113612.0
2026-06-08 02:15:00,2.079,2.085,2.073,2.076,122703.9
2026-06-08 02:20:00,2.076,2.1,2.076,2.099,145283.7
2026-06-08 02:25:00,2.099,2.11,2.085,2.089,304810.5
2026-06-08 02:30:00,2.089,2.095,2.076,2.078,236948.8
2026-06-08 02:35:00,2.077,2.09,2.07,2.087,161265.9
2026-06-08 02:40:00,2.087,2.107,2.084,2.107,87426.9
2026-06-08 02:45:00,2.106,2.106,2.083,2.086,167634.0
2026-06-08 02:50:00,2.086,2.09,2.077,2.09,113389.8
2026-06-08 02:55:00,2.089,2.09,2.072,2.08,90154.8
2026-06-08 03:00:00,2.08,2.1,2.076,2.094,208818.1
2026-06-08 03:05:00,2.093,2.098,2.078,2.094,78856.6
2026-06-08 03:10:00,2.094,2.108,2.089,2.107,216951.7
2026-06-08 03:15:00,2.106,2.11,2.078,2.081,323475.1
2026-06-08 03:20:00,2.081,2.087,2.074,2.082,141331.2
2026-06-08 03:25:00,2.083,2.093,2.078,2.079,166168.6
2026-06-08 03:30:00,2.079,2.087,2.076,2.078,107073.0
2026-06-08 03:35:00,2.077,2.079,2.064,2.067,150097.2
2026-06-08 03:40:00,2.068,2.069,2.059,2.061,80809.4
2026-06-08 03:45:00,2.061,2.068,2.059,2.061,55242.0
2026-06-08 03:50:00,2.061,2.074,2.061,2.072,71838.9
2026-06-08 03:55:00,2.072,2.078,2.065,2.076,64553.6
2026-06-08 04:00:00,2.076,2.081,2.056,2.058,295395.7
2026-06-08 04:05:00,2.058,2.07,2.048,2.07,251696.9
2026-06-08 04:10:00,2.07,2.073,2.05,2.059,127462.3
2026-06-08 04:15:00,2.06,2.06,2.041,2.043,212841.2
2026-06-08 04:20:00,2.044,2.053,2.036,2.048,241688.8
2026-06-08 04:25:00,2.048,2.056,2.045,2.053,94015.1
2026-06-08 04:30:00,2.053,2.056,2.037,2.041,91172.2
2026-06-08 04:35:00,2.041,2.044,2.036,2.043,45852.1
2026-06-08 04:40:00,2.042,2.051,2.037,2.044,90256.3
2026-06-08 04:45:00,2.044,2.055,2.041,2.052,38011.9
2026-06-08 04:50:00,2.051,2.058,2.046,2.047,76504.1
2026-06-08 04:55:00,2.047,2.056,2.042,2.043,45330.3
2026-06-08 05:00:00,2.043,2.055,2.041,2.043,69816.5
2026-06-08 05:05:00,2.044,2.044,2.027,2.04,228838.6
2026-06-08 05:10:00,2.041,2.041,2.025,2.028,75084.1
2026-06-08 05:15:00,2.028,2.039,2.028,2.037,62564.5
2026-06-08 05:20:00,2.038,2.041,2.033,2.038,46686.3
2026-06-08 05:25:00,2.038,2.046,2.033,2.043,39360.7
2026-06-08 05:30:00,2.042,2.045,2.037,2.04,25410.5
2026-06-08 05:35:00,2.04,2.044,2.025,2.029,115063.6
2026-06-08 05:40:00,2.029,2.03,2.019,2.024,82775.2
2026-06-08 05:45:00,2.024,2.035,2.022,2.028,71318.5
2026-06-08 05:50:00,2.027,2.048,2.025,2.042,208978.4
2026-06-08 05:55:00,2.042,2.075,2.04,2.075,161728.1
2026-06-08 06:00:00,2.074,2.093,2.073,2.092,127888.9
2026-06-08 06:05:00,2.092,2.109,2.085,2.107,791850.5
2026-06-08 06:10:00,2.107,2.112,2.096,2.101,268743.5
2026-06-08 06:15:00,2.101,2.125,2.101,2.123,305823.2
2026-06-08 06:20:00,2.123,2.129,2.111,2.124,510760.5
2026-06-08 06:25:00,2.124,2.138,2.117,2.129,279402.0
2026-06-08 06:30:00,2.128,2.139,2.123,2.136,128381.4
2026-06-08 06:35:00,2.137,2.146,2.132,2.14,248019.1
2026-06-08 06:40:00,2.139,2.151,2.135,2.146,347616.0
2026-06-08 06:45:00,2.146,2.148,2.136,2.146,161424.6
2026-06-08 06:50:00,2.146,2.162,2.142,2.16,262662.7
2026-06-08 06:55:00,2.16,2.162,2.151,2.159,125248.8
2026-06-08 07:00:00,2.16,2.168,2.144,2.146,299469.6
2026-06-08 07:05:00,2.145,2.147,2.132,2.138,362275.6
2026-06-08 07:10:00,2.139,2.177,2.137,2.158,296433.2
2026-06-08 07:15:00,2.158,2.18,2.154,2.179,254394.5
2026-06-08 07:20:00,2.179,2.193,2.176,2.191,474407.2
2026-06-08 07:25:00,2.191,2.197,2.181,2.182,422218.8
2026-06-08 07:30:00,2.182,2.188,2.169,2.173,202793.0
2026-06-08 07:35:00,2.173,2.184,2.166,2.169,137253.3
2026-06-08 07:40:00,2.169,2.169,2.146,2.162,639774.8
2026-06-08 07:45:00,2.163,2.165,2.142,2.144,398574.1
2026-06-08 07:50:00,2.144,2.155,2.142,2.143,128586.1
2026-06-08 07:55:00,2.143,2.147,2.138,2.143,108269.0
2026-06-08 08:00:00,2.142,2.142,2.121,2.133,186912.3
2026-06-08 08:05:00,2.134,2.141,2.129,2.141,142850.3
2026-06-08 08:10:00,2.14,2.15,2.133,2.149,76250.8
2026-06-08 08:15:00,2.149,2.16,2.137,2.141,152490.6
2026-06-08 08:20:00,2.14,2.14,2.117,2.123,235108.9
2026-06-08 08:25:00,2.122,2.139,2.115,2.139,331552.2
2026-06-08 08:30:00,2.14,2.151,2.138,2.149,63784.5
2026-06-08 08:35:00,2.148,2.148,2.132,2.133,61157.7
2026-06-08 08:40:00,2.132,2.14,2.121,2.137,85010.9
2026-06-08 08:45:00,2.138,2.138,2.12,2.125,73848.4
2026-06-08 08:50:00,2.124,2.127,2.116,2.124,70535.3
2026-06-08 08:55:00,2.123,2.134,2.118,2.13,56267.4
2026-06-08 09:00:00,2.129,2.141,2.128,2.139,76924.2
2026-06-08 09:05:00,2.139,2.143,2.134,2.134,60264.6
2026-06-08 09:10:00,2.134,2.152,2.132,2.15,103395.3
2026-06-08 09:15:00,2.149,2.159,2.142,2.153,127450.5
2026-06-08 09:20:00,2.153,2.177,2.153,2.173,182742.5
2026-06-08 09:25:00,2.173,2.177,2.159,2.164,104615.4
2026-06-08 09:30:00,2.163,2.166,2.141,2.143,169515.9
2026-06-08 09:35:00,2.144,2.166,2.144,2.151,172374.4
2026-06-08 09:40:00,2.151,2.159,2.143,2.156,67566.5
2026-06-08 09:45:00,2.156,2.166,2.151,2.162,87317.8
2026-06-08 09:50:00,2.163,2.169,2.161,2.165,56717.6
2026-06-08 09:55:00,2.166,2.182,2.163,2.182,123648.7
2026-06-08 10:00:00,2.181,2.185,2.168,2.185,168977.3
2026-06-08 10:05:00,2.184,2.184,2.164,2.166,118004.4
2026-06-08 10:10:00,2.166,2.181,2.164,2.171,137636.1
2026-06-08 10:15:00,2.172,2.174,2.157,2.159,71666.6
2026-06-08 10:20:00,2.158,2.17,2.15,2.153,119765.7
2026-06-08 10:25:00,2.153,2.156,2.143,2.146,55472.6
2026-06-08 10:30:00,2.146,2.165,2.143,2.16,134474.4
2026-06-08 10:35:00,2.159,2.16,2.144,2.146,137476.8
2026-06-08 10:40:00,2.145,2.147,2.129,2.13,113199.5
2026-06-08 10:45:00,2.131,2.133,2.119,2.126,130337.6
2026-06-08 10:50:00,2.125,2.125,2.119,2.12,71964.2
2026-06-08 10:55:00,2.121,2.122,2.116,2.118,38299.5
2026-06-08 11:00:00,2.118,2.118,2.106,2.109,173586.3
2026-06-08 11:05:00,2.108,2.118,2.105,2.118,94946.5
2026-06-08 11:10:00,2.118,2.14,2.115,2.136,222442.9
2026-06-08 11:15:00,2.137,2.14,2.126,2.136,90539.5
2026-06-08 11:20:00,2.135,2.143,2.127,2.132,109937.9
2026-06-08 11:25:00,2.132,2.141,2.125,2.133,99178.5
2026-06-08 11:30:00,2.133,2.157,2.133,2.157,174473.7
2026-06-08 11:35:00,2.157,2.162,2.143,2.145,227045.8
2026-06-08 11:40:00,2.145,2.153,2.135,2.138,183800.2
2026-06-08 11:45:00,2.138,2.143,2.118,2.121,133738.8
2026-06-08 11:50:00,2.121,2.127,2.118,2.123,79276.7
2026-06-08 11:55:00,2.123,2.128,2.117,2.125,59170.1
2026-06-08 12:00:00,2.125,2.137,2.105,2.106,161070.9
2026-06-08 12:05:00,2.106,2.118,2.095,2.112,289217.5
2026-06-08 12:10:00,2.112,2.126,2.111,2.116,168881.3
2026-06-08 12:15:00,2.116,2.124,2.111,2.116,105543.7
2026-06-08 12:20:00,2.115,2.136,2.115,2.136,81466.2
2026-06-08 12:25:00,2.136,2.167,2.136,2.166,322203.1
2026-06-08 12:30:00,2.166,2.174,2.144,2.151,251486.2
2026-06-08 12:35:00,2.151,2.168,2.15,2.156,130929.6
2026-06-08 12:40:00,2.155,2.176,2.151,2.172,177348.3
2026-06-08 12:45:00,2.172,2.18,2.163,2.173,179747.8
2026-06-08 12:50:00,2.173,2.185,2.171,2.178,158819.3
2026-06-08 12:55:00,2.179,2.199,2.175,2.194,354790.0
2026-06-08 13:00:00,2.194,2.2,2.18,2.182,192893.7
2026-06-08 13:05:00,2.183,2.193,2.181,2.181,234227.3
2026-06-08 13:10:00,2.18,2.182,2.166,2.169,117356.3
2026-06-08 13:15:00,2.168,2.186,2.168,2.179,124652.3
2026-06-08 13:20:00,2.179,2.182,2.165,2.166,74159.5
2026-06-08 13:25:00,2.166,2.167,2.143,2.147,263596.8
2026-06-08 13:30:00,2.146,2.15,2.134,2.146,134652.8
2026-06-08 13:35:00,2.146,2.163,2.145,2.148,119496.2
2026-06-08 13:40:00,2.147,2.16,2.147,2.152,60547.5
2026-06-08 13:45:00,2.153,2.16,2.144,2.145,120418.6
2026-06-08 13:50:00,2.146,2.165,2.141,2.156,107678.0
2026-06-08 13:55:00,2.157,2.161,2.149,2.152,38586.7
2026-06-08 14:00:00,2.151,2.154,2.134,2.14,136855.7
2026-06-08 14:05:00,2.14,2.151,2.135,2.143,73244.7
2026-06-08 14:10:00,2.143,2.148,2.132,2.143,85841.2
2026-06-08 14:15:00,2.143,2.143,2.126,2.133,138741.1
2026-06-08 14:20:00,2.133,2.142,2.132,2.133,72228.5
2026-06-08 14:25:00,2.133,2.138,2.128,2.132,79064.3
2026-06-08 14:30:00,2.132,2.145,2.131,2.135,87423.6
2026-06-08 14:35:00,2.136,2.136,2.123,2.128,111694.0
2026-06-08 14:40:00,2.127,2.136,2.121,2.132,91730.7
2026-06-08 14:45:00,2.132,2.152,2.13,2.151,125893.2
2026-06-08 14:50:00,2.151,2.168,2.147,2.158,261927.2
2026-06-08 14:55:00,2.158,2.169,2.154,2.169,121655.8
2026-06-08 15:00:00,2.169,2.188,2.169,2.177,333896.9
2026-06-08 15:05:00,2.177,2.19,2.175,2.181,82266.0
2026-06-08 15:10:00,2.181,2.192,2.177,2.192,111211.5
2026-06-08 15:15:00,2.192,2.201,2.182,2.201,278524.0
2026-06-08 15:20:00,2.2,2.203,2.179,2.19,159792.1
2026-06-08 15:25:00,2.191,2.192,2.164,2.165,158503.1
2026-06-08 15:30:00,2.165,2.175,2.154,2.172,154992.0
2026-06-08 15:35:00,2.173,2.192,2.17,2.19,130501.0
2026-06-08 15:40:00,2.191,2.197,2.183,2.196,112747.6
2026-06-08 15:45:00,2.197,2.208,2.194,2.202,179240.5
2026-06-08 15:50:00,2.203,2.231,2.2,2.222,497770.1
2026-06-08 15:55:00,2.221,2.227,2.204,2.213,287465.5
2026-06-08 16:00:00,2.213,2.245,2.211,2.235,825396.9
2026-06-08 16:05:00,2.234,2.245,2.219,2.232,231724.2
2026-06-08 16:10:00,2.231,2.24,2.217,2.229,169458.3
2026-06-08 16:15:00,2.228,2.265,2.228,2.25,328956.9
2026-06-08 16:20:00,2.25,2.262,2.247,2.262,159711.9
2026-06-08 16:25:00,2.261,2.261,2.223,2.225,205826.4
2026-06-08 16:30:00,2.225,2.23,2.203,2.211,302707.1
2026-06-08 16:35:00,2.211,2.234,2.209,2.217,234982.6
2026-06-08 16:40:00,2.217,2.236,2.215,2.229,123052.3
2026-06-08 16:45:00,2.23,2.231,2.212,2.218,205904.5
2026-06-08 16:50:00,2.218,2.229,2.213,2.213,75843.1
2026-06-08 16:55:00,2.214,2.216,2.201,2.201,112866.7
2026-06-08 17:00:00,2.202,2.215,2.196,2.214,161578.2
2026-06-08 17:05:00,2.215,2.225,2.183,2.19,434714.1
2026-06-08 17:10:00,2.191,2.193,2.173,2.178,202081.2
2026-06-08 17:15:00,2.179,2.179,2.168,2.176,103333.1
2026-06-08 17:20:00,2.176,2.198,2.176,2.196,151369.5
2026-06-08 17:25:00,2.196,2.221,2.196,2.208,199179.5
2026-06-08 17:30:00,2.207,2.212,2.19,2.195,113628.2
2026-06-08 17:35:00,2.194,2.199,2.182,2.191,121011.8
2026-06-08 17:40:00,2.191,2.197,2.173,2.182,184908.6
2026-06-08 17:45:00,2.183,2.198,2.183,2.19,91981.4
2026-06-08 17:50:00,2.19,2.198,2.183,2.183,82569.4
2026-06-08 17:55:00,2.183,2.194,2.18,2.193,143873.8
2026-06-08 18:00:00,2.194,2.204,2.188,2.191,133185.4
2026-06-08 18:05:00,2.191,2.201,2.187,2.189,81255.8
2026-06-08 18:10:00,2.19,2.201,2.179,2.192,122975.2
2026-06-08 18:15:00,2.192,2.196,2.182,2.187,68092.6
2026-06-08 18:20:00,2.187,2.19,2.182,2.184,41777.2
2026-06-08 18:25:00,2.185,2.192,2.182,2.189,62702.9
2026-06-08 18:30:00,2.189,2.191,2.171,2.175,154941.2
2026-06-08 18:35:00,2.176,2.182,2.175,2.177,50208.5
2026-06-08 18:40:00,2.177,2.191,2.176,2.186,53335.1
2026-06-08 18:45:00,2.187,2.195,2.179,2.182,62891.6
2026-06-08 18:50:00,2.183,2.186,2.176,2.18,72927.8
2026-06-08 18:55:00,2.18,2.205,2.18,2.199,85963.9
2026-06-08 19:00:00,2.199,2.221,2.193,2.2,220620.7
2026-06-08 19:05:00,2.2,2.207,2.181,2.181,120531.3
2026-06-08 19:10:00,2.181,2.188,2.177,2.185,75581.4
2026-06-08 19:15:00,2.185,2.198,2.175,2.197,104600.6
2026-06-08 19:20:00,2.197,2.208,2.194,2.198,81616.1
2026-06-08 19:25:00,2.198,2.198,2.183,2.185,74612.1
2026-06-08 19:30:00,2.185,2.203,2.185,2.197,47447.1
2026-06-08 19:35:00,2.197,2.201,2.186,2.186,83381.1
2026-06-08 19:40:00,2.185,2.196,2.185,2.19,46105.3
2026-06-08 19:45:00,2.189,2.195,2.186,2.195,38065.4
2026-06-08 19:50:00,2.195,2.207,2.195,2.197,83928.5
2026-06-08 19:55:00,2.196,2.202,2.188,2.189,77671.1
2026-06-08 20:00:00,2.19,2.192,2.171,2.173,138666.1
2026-06-08 20:05:00,2.174,2.176,2.163,2.164,124350.2
2026-06-08 20:10:00,2.164,2.165,2.139,2.149,390466.8
2026-06-08 20:15:00,2.15,2.152,2.134,2.139,309804.3
2026-06-08 20:20:00,2.138,2.156,2.138,2.15,84187.6
2026-06-08 20:25:00,2.149,2.156,2.148,2.153,44801.5
2026-06-08 20:30:00,2.152,2.169,2.151,2.168,98929.5
2026-06-08 20:35:00,2.168,2.178,2.167,2.173,65295.1
2026-06-08 20:40:00,2.173,2.183,2.173,2.176,57134.0
2026-06-08 20:45:00,2.176,2.184,2.169,2.18,63487.4
2026-06-08 20:50:00,2.179,2.188,2.177,2.182,78799.3
2026-06-08 20:55:00,2.182,2.206,2.181,2.198,169038.0
2026-06-08 21:00:00,2.198,2.207,2.195,2.205,84013.6
2026-06-08 21:05:00,2.205,2.205,2.151,2.162,650942.1
2026-06-08 21:10:00,2.163,2.181,2.162,2.176,241095.6
2026-06-08 21:15:00,2.177,2.178,2.146,2.154,168029.5
2026-06-08 21:20:00,2.154,2.16,2.144,2.158,122985.1
2026-06-08 21:25:00,2.158,2.167,2.158,2.164,45636.2
2026-06-08 21:30:00,2.165,2.166,2.158,2.159,39762.8
2026-06-08 21:35:00,2.16,2.165,2.154,2.161,59450.7
2026-06-08 21:40:00,2.16,2.171,2.159,2.171,37601.4
2026-06-08 21:45:00,2.171,2.173,2.16,2.163,33658.7
2026-06-08 21:50:00,2.162,2.164,2.155,2.158,76321.5
2026-06-08 21:55:00,2.158,2.162,2.144,2.151,100951.8
2026-06-08 22:00:00,2.151,2.152,2.138,2.149,158061.1
2026-06-08 22:05:00,2.15,2.156,2.134,2.141,293820.2
2026-06-08 22:10:00,2.141,2.148,2.132,2.14,124105.8
2026-06-08 22:15:00,2.141,2.142,2.129,2.132,79219.0
2026-06-08 22:20:00,2.132,2.146,2.129,2.141,60312.0
2026-06-08 22:25:00,2.141,2.144,2.131,2.131,113777.9
2026-06-08 22:30:00,2.13,2.136,2.128,2.132,96173.5
2026-06-08 22:35:00,2.133,2.14,2.13,2.13,44558.1
2026-06-08 22:40:00,2.13,2.138,2.13,2.134,79883.9
2026-06-08 22:45:00,2.134,2.134,2.124,2.129,80381.8
2026-06-08 22:50:00,2.129,2.135,2.125,2.134,33447.4
2026-06-08 22:55:00,2.133,2.135,2.128,2.134,60547.1
2026-06-08 23:00:00,2.135,2.144,2.131,2.131,68038.4
2026-06-08 23:05:00,2.131,2.14,2.128,2.135,213453.9
2026-06-08 23:10:00,2.134,2.134,2.127,2.129,40179.9
2026-06-08 23:15:00,2.13,2.131,2.118,2.127,174531.3
2026-06-08 23:20:00,2.127,2.14,2.125,2.14,29318.5
2026-06-08 23:25:00,2.14,2.142,2.13,2.137,28196.6
2026-06-08 23:30:00,2.138,2.142,2.13,2.132,74590.2
2026-06-08 23:35:00,2.132,2.141,2.132,2.135,35722.3
2026-06-08 23:40:00,2.134,2.139,2.128,2.128,29336.0
2026-06-08 23:45:00,2.128,2.128,2.118,2.122,71802.1
2026-06-08 23:50:00,2.123,2.129,2.123,2.128,20205.0
2026-06-08 23:55:00,2.127,2.133,2.123,2.13,32002.2
2026-06-09 00:00:00,2.13,2.138,2.128,2.132,66330.0
2026-06-09 00:05:00,2.131,2.134,2.124,2.124,15888.8
2026-06-09 00:10:00,2.124,2.129,2.114,2.116,62291.0
2026-06-09 00:15:00,2.116,2.13,2.113,2.124,77384.1
2026-06-09 00:20:00,2.124,2.126,2.091,2.098,332265.6
2026-06-09 00:25:00,2.097,2.114,2.097,2.103,223423.9
2026-06-09 00:30:00,2.102,2.105,2.07,2.073,411009.4
2026-06-09 00:35:00,2.072,2.077,2.052,2.069,465299.6
2026-06-09 00:40:00,2.07,2.089,2.068,2.088,109889.7
2026-06-09 00:45:00,2.088,2.089,2.076,2.082,63444.5
2026-06-09 00:50:00,2.083,2.096,2.08,2.091,74363.1
2026-06-09 00:55:00,2.092,2.094,2.078,2.08,121856.4
2026-06-09 01:00:00,2.079,2.092,2.074,2.084,53542.8
2026-06-09 01:05:00,2.083,2.085,2.069,2.073,98312.5
2026-06-09 01:10:00,2.074,2.081,2.063,2.069,115580.2
2026-06-09 01:15:00,2.068,2.077,2.063,2.064,160861.7
2026-06-09 01:20:00,2.064,2.077,2.062,2.075,84125.1
2026-06-09 01:25:00,2.075,2.08,2.073,2.077,63839.6
2026-06-09 01:30:00,2.076,2.08,2.073,2.08,27099.0
2026-06-09 01:35:00,2.079,2.081,2.07,2.073,24805.1
2026-06-09 01:40:00,2.073,2.081,2.073,2.08,25277.2
2026-06-09 01:45:00,2.08,2.092,2.08,2.083,75468.0
2026-06-09 01:50:00,2.082,2.096,2.077,2.092,111790.2
2026-06-09 01:55:00,2.092,2.094,2.084,2.085,40020.7
2026-06-09 02:00:00,2.085,2.095,2.085,2.087,97323.7
2026-06-09 02:05:00,2.087,2.087,2.073,2.08,129259.3
2026-06-09 02:10:00,2.081,2.086,2.071,2.072,71978.6
2026-06-09 02:15:00,2.071,2.074,2.06,2.064,200107.4
2026-06-09 02:20:00,2.063,2.074,2.058,2.073,192820.5
2026-06-09 02:25:00,2.072,2.074,2.065,2.068,51100.4
2026-06-09 02:30:00,2.068,2.069,2.057,2.058,118875.1
2026-06-09 02:35:00,2.058,2.06,2.049,2.052,347614.7
2026-06-09 02:40:00,2.052,2.06,2.048,2.059,175586.9
2026-06-09 02:45:00,2.06,2.066,2.058,2.058,120347.1
2026-06-09 02:50:00,2.057,2.064,2.047,2.063,256219.1
2026-06-09 02:55:00,2.063,2.068,2.058,2.065,147079.3
2026-06-09 03:00:00,2.065,2.072,2.062,2.067,57943.6
2026-06-09 03:05:00,2.067,2.074,2.061,2.068,73368.3
2026-06-09 03:10:00,2.069,2.071,2.065,2.066,25446.1
2026-06-09 03:15:00,2.066,2.073,2.066,2.072,68880.0
2026-06-09 03:20:00,2.071,2.076,2.056,2.059,130234.2
2026-06-09 03:25:00,2.058,2.065,2.058,2.061,32922.3
2026-06-09 03:30:00,2.06,2.06,2.045,2.049,138663.8
2026-06-09 03:35:00,2.049,2.054,2.049,2.049,30117.8
2026-06-09 03:40:00,2.049,2.061,2.049,2.059,72004.9
2026-06-09 03:45:00,2.059,2.061,2.052,2.057,56885.7
2026-06-09 03:50:00,2.057,2.058,2.048,2.049,24757.0
2026-06-09 03:55:00,2.049,2.054,2.046,2.051,64066.2
2026-06-09 04:00:00,2.05,2.053,2.047,2.047,76422.9
2026-06-09 04:05:00,2.047,2.057,2.047,2.057,38830.2
2026-06-09 04:10:00,2.057,2.064,2.055,2.064,59372.1
2026-06-09 04:15:00,2.063,2.076,2.062,2.074,75219.9
2026-06-09 04:20:00,2.073,2.077,2.07,2.073,49470.9
2026-06-09 04:25:00,2.072,2.075,2.058,2.06,107609.3
2026-06-09 04:30:00,2.059,2.087,2.053,2.087,271351.6
2026-06-09 04:35:00,2.087,2.1,2.082,2.087,238369.7
2026-06-09 04:40:00,2.086,2.093,2.079,2.092,90086.8
2026-06-09 04:45:00,2.092,2.102,2.088,2.101,98238.4
2026-06-09 04:50:00,2.101,2.103,2.091,2.098,53884.8
2026-06-09 04:55:00,2.098,2.102,2.093,2.096,63569.3
2026-06-09 05:00:00,2.095,2.103,2.088,2.101,99214.3
2026-06-09 05:05:00,2.1,2.103,2.092,2.092,61669.0
2026-06-09 05:10:00,2.091,2.103,2.088,2.103,46696.0
2026-06-09 05:15:00,2.103,2.142,2.103,2.136,213596.5
2026-06-09 05:20:00,2.135,2.14,2.131,2.139,104912.5
2026-06-09 05:25:00,2.14,2.143,2.137,2.142,38856.3
2026-06-09 05:30:00,2.141,2.153,2.14,2.152,69025.1
2026-06-09 05:35:00,2.152,2.18,2.142,2.175,321448.1
2026-06-09 05:40:00,2.174,2.175,2.163,2.166,163626.9
2026-06-09 05:45:00,2.166,2.18,2.166,2.178,84736.4
2026-06-09 05:50:00,2.178,2.192,2.174,2.182,148738.8
2026-06-09 05:55:00,2.183,2.183,2.17,2.18,105610.4
2026-06-09 06:00:00,2.18,2.186,2.168,2.17,199155.6
2026-06-09 06:05:00,2.171,2.185,2.17,2.177,111006.9
2026-06-09 06:10:00,2.176,2.178,2.158,2.164,92460.9
2026-06-09 06:15:00,2.164,2.17,2.153,2.161,122698.0
2026-06-09 06:20:00,2.162,2.18,2.162,2.173,129524.6
2026-06-09 06:25:00,2.173,2.178,2.17,2.173,44872.5
2026-06-09 06:30:00,2.173,2.187,2.171,2.172,94604.4
2026-06-09 06:35:00,2.173,2.18,2.173,2.175,49572.9
2026-06-09 06:40:00,2.174,2.175,2.165,2.172,102130.9
2026-06-09 06:45:00,2.172,2.176,2.168,2.17,78126.3
2026-06-09 06:50:00,2.169,2.169,2.158,2.16,70684.4
2026-06-09 06:55:00,2.16,2.172,2.16,2.17,62493.8
2026-06-09 07:00:00,2.171,2.181,2.166,2.174,93409.4
2026-06-09 07:05:00,2.173,2.196,2.172,2.194,149583.9
2026-06-09 07:10:00,2.194,2.195,2.176,2.176,31644.1
2026-06-09 07:15:00,2.175,2.194,2.173,2.193,88034.5
2026-06-09 07:20:00,2.192,2.196,2.181,2.183,65418.8
2026-06-09 07:25:00,2.184,2.186,2.167,2.172,236420.7
2026-06-09 07:30:00,2.173,2.18,2.166,2.178,45149.4
2026-06-09 07:35:00,2.178,2.188,2.172,2.187,54331.8
2026-06-09 07:40:00,2.186,2.201,2.186,2.199,98358.6
2026-06-09 07:45:00,2.198,2.204,2.193,2.194,49597.6
2026-06-09 07:50:00,2.194,2.197,2.187,2.191,71663.6
2026-06-09 07:55:00,2.191,2.191,2.18,2.182,56836.4
2026-06-09 08:00:00,2.182,2.183,2.173,2.175,247666.1
2026-06-09 08:05:00,2.175,2.175,2.158,2.159,158114.3
2026-06-09 08:10:00,2.159,2.159,2.143,2.154,143231.5
2026-06-09 08:15:00,2.155,2.155,2.147,2.155,87715.5
2026-06-09 08:20:00,2.156,2.184,2.156,2.176,141601.0
2026-06-09 08:25:00,2.176,2.185,2.169,2.169,81914.0
2026-06-09 08:30:00,2.169,2.193,2.168,2.188,74411.7
2026-06-09 08:35:00,2.189,2.196,2.184,2.189,76369.1
2026-06-09 08:40:00,2.188,2.201,2.185,2.185,72640.3
2026-06-09 08:45:00,2.185,2.193,2.18,2.183,48885.6
2026-06-09 08:50:00,2.183,2.192,2.178,2.18,67630.3
2026-06-09 08:55:00,2.181,2.181,2.169,2.169,68561.5
2026-06-09 09:00:00,2.17,2.176,2.165,2.167,48289.9
2026-06-09 09:05:00,2.167,2.169,2.158,2.161,62927.8
2026-06-09 09:10:00,2.162,2.172,2.158,2.172,46160.0
2026-06-09 09:15:00,2.173,2.183,2.169,2.183,48337.2
2026-06-09 09:20:00,2.183,2.184,2.17,2.17,65848.9
2026-06-09 09:25:00,2.17,2.17,2.155,2.156,111018.0
2026-06-09 09:30:00,2.156,2.167,2.138,2.162,331657.8
2026-06-09 09:35:00,2.162,2.165,2.14,2.145,128669.9
2026-06-09 09:40:00,2.145,2.15,2.138,2.139,105333.6
2026-06-09 09:45:00,2.139,2.139,2.133,2.136,63773.6
2026-06-09 09:50:00,2.137,2.143,2.127,2.128,134490.1
2026-06-09 09:55:00,2.129,2.137,2.129,2.136,115284.6
2026-06-09 10:00:00,2.137,2.145,2.136,2.144,81022.2
2026-06-09 10:05:00,2.144,2.157,2.138,2.139,211821.9
2026-06-09 10:10:00,2.14,2.154,2.14,2.153,57747.7
2026-06-09 10:15:00,2.153,2.153,2.14,2.146,43255.3
2026-06-09 10:20:00,2.145,2.148,2.132,2.132,36602.5
2026-06-09 10:25:00,2.133,2.142,2.133,2.14,15962.2
2026-06-09 10:30:00,2.14,2.142,2.132,2.138,35420.7
2026-06-09 10:35:00,2.138,2.144,2.135,2.138,43686.8
2026-06-09 10:40:00,2.139,2.15,2.138,2.144,48944.4
2026-06-09 10:45:00,2.144,2.16,2.144,2.157,109176.9
2026-06-09 10:50:00,2.157,2.178,2.157,2.174,162305.0
2026-06-09 10:55:00,2.174,2.183,2.17,2.181,75435.7
2026-06-09 11:00:00,2.18,2.181,2.164,2.165,68075.1
2026-06-09 11:05:00,2.164,2.176,2.16,2.176,73628.6
2026-06-09 11:10:00,2.175,2.176,2.158,2.159,84536.9
2026-06-09 11:15:00,2.16,2.165,2.159,2.164,34104.7
2026-06-09 11:20:00,2.163,2.163,2.149,2.157,72244.8
2026-06-09 11:25:00,2.156,2.161,2.15,2.153,33893.2
2026-06-09 11:30:00,2.152,2.163,2.151,2.161,40741.8
2026-06-09 11:35:00,2.16,2.16,2.142,2.149,82198.9
2026-06-09 11:40:00,2.148,2.155,2.146,2.152,133657.6
2026-06-09 11:45:00,2.153,2.17,2.149,2.166,34557.5
2026-06-09 11:50:00,2.165,2.168,2.158,2.159,53764.6
2026-06-09 11:55:00,2.158,2.168,2.152,2.159,62691.8
2026-06-09 12:00:00,2.158,2.178,2.158,2.17,114987.8
2026-06-09 12:05:00,2.17,2.181,2.169,2.178,118170.9
2026-06-09 12:10:00,2.178,2.183,2.172,2.175,53124.8
2026-06-09 12:15:00,2.174,2.174,2.165,2.171,43945.8
2026-06-09 12:20:00,2.17,2.173,2.162,2.173,78130.2
2026-06-09 12:25:00,2.173,2.175,2.156,2.156,67647.1
2026-06-09 12:30:00,2.156,2.165,2.152,2.161,79758.6
2026-06-09 12:35:00,2.161,2.181,2.161,2.171,91754.8
2026-06-09 12:40:00,2.17,2.175,2.161,2.162,42141.6
2026-06-09 12:45:00,2.162,2.162,2.151,2.16,79537.3
2026-06-09 12:50:00,2.159,2.161,2.153,2.157,36478.4
2026-06-09 12:55:00,2.157,2.168,2.157,2.166,76245.2
2026-06-09 13:00:00,2.166,2.173,2.166,2.169,59660.1
2026-06-09 13:05:00,2.17,2.176,2.165,2.166,59630.4
2026-06-09 13:10:00,2.166,2.17,2.164,2.166,79248.6
2026-06-09 13:15:00,2.167,2.171,2.148,2.152,160589.8
2026-06-09 13:20:00,2.152,2.157,2.137,2.141,159443.4
2026-06-09 13:25:00,2.141,2.144,2.134,2.139,64324.9
2026-06-09 13:30:00,2.139,2.16,2.134,2.143,116223.4
2026-06-09 13:35:00,2.144,2.157,2.14,2.147,94712.5
2026-06-09 13:40:00,2.147,2.168,2.147,2.165,82010.8
2026-06-09 13:45:00,2.165,2.187,2.163,2.182,161136.8
2026-06-09 13:50:00,2.181,2.184,2.165,2.165,114762.5
2026-06-09 13:55:00,2.166,2.191,2.166,2.177,349709.4
2026-06-09 14:00:00,2.177,2.178,2.15,2.155,243511.9
2026-06-09 14:05:00,2.156,2.171,2.151,2.158,119350.9
2026-06-09 14:10:00,2.158,2.16,2.128,2.129,212622.8
2026-06-09 14:15:00,2.128,2.135,2.112,2.116,345135.1
2026-06-09 14:20:00,2.117,2.119,2.107,2.114,220922.5
2026-06-09 14:25:00,2.114,2.117,2.095,2.099,160018.3
2026-06-09 14:30:00,2.1,2.106,2.086,2.096,210791.8
2026-06-09 14:35:00,2.097,2.102,2.089,2.099,100254.1
2026-06-09 14:40:00,2.098,2.104,2.088,2.093,116288.2
2026-06-09 14:45:00,2.093,2.095,2.075,2.084,207928.3
2026-06-09 14:50:00,2.084,2.099,2.08,2.097,191243.7
2026-06-09 14:55:00,2.097,2.114,2.092,2.112,93312.1
2026-06-09 15:00:00,2.113,2.126,2.1,2.121,156686.5
2026-06-09 15:05:00,2.122,2.135,2.119,2.133,119011.4
2026-06-09 15:10:00,2.133,2.141,2.122,2.126,76302.6
2026-06-09 15:15:00,2.126,2.13,2.108,2.109,122938.9
2026-06-09 15:20:00,2.11,2.118,2.09,2.092,148475.5
2026-06-09 15:25:00,2.092,2.098,2.082,2.082,119837.1
2026-06-09 15:30:00,2.082,2.087,2.064,2.072,188802.4
2026-06-09 15:35:00,2.072,2.075,2.048,2.057,354339.7
2026-06-09 15:40:00,2.058,2.073,2.057,2.063,119080.5
2026-06-09 15:45:00,2.064,2.073,2.055,2.072,164942.0
2026-06-09 15:50:00,2.072,2.087,2.067,2.077,144824.6
2026-06-09 15:55:00,2.077,2.085,2.065,2.078,191697.5
2026-06-09 16:00:00,2.077,2.084,2.048,2.049,246164.2
2026-06-09 16:05:00,2.05,2.077,2.033,2.072,474097.6
2026-06-09 16:10:00,2.071,2.078,2.055,2.055,189198.9
2026-06-09 16:15:00,2.055,2.076,2.054,2.064,185575.7
2026-06-09 16:20:00,2.064,2.114,2.064,2.113,268510.4
2026-06-09 16:25:00,2.112,2.114,2.091,2.104,174069.3
2026-06-09 16:30:00,2.103,2.107,2.092,2.092,119199.3
2026-06-09 16:35:00,2.093,2.1,2.05,2.055,408727.9
2026-06-09 16:40:00,2.056,2.093,2.055,2.093,195689.5
2026-06-09 16:45:00,2.092,2.097,2.067,2.069,156686.6
2026-06-09 16:50:00,2.07,2.079,2.062,2.062,107762.9
2026-06-09 16:55:00,2.063,2.078,2.063,2.078,140174.7
2026-06-09 17:00:00,2.078,2.093,2.073,2.091,148938.0
2026-06-09 17:05:00,2.091,2.094,2.085,2.088,83323.9
2026-06-09 17:10:00,2.087,2.102,2.079,2.1,141978.4
2026-06-09 17:15:00,2.1,2.127,2.099,2.125,166985.6
2026-06-09 17:20:00,2.124,2.127,2.108,2.109,192559.2
2026-06-09 17:25:00,2.108,2.114,2.098,2.105,117197.7
2026-06-09 17:30:00,2.106,2.114,2.104,2.105,81424.3
2026-06-09 17:35:00,2.104,2.109,2.096,2.108,53725.5
2026-06-09 17:40:00,2.108,2.124,2.107,2.119,160404.9
2026-06-09 17:45:00,2.119,2.119,2.097,2.103,99498.1
2026-06-09 17:50:00,2.104,2.127,2.103,2.125,105122.8
2026-06-09 17:55:00,2.125,2.135,2.118,2.12,79246.4
2026-06-09 18:00:00,2.12,2.127,2.108,2.12,114889.0
2026-06-09 18:05:00,2.12,2.123,2.11,2.112,92122.4
2026-06-09 18:10:00,2.112,2.112,2.099,2.105,85057.9
2026-06-09 18:15:00,2.104,2.137,2.102,2.137,143339.1
2026-06-09 18:20:00,2.136,2.141,2.127,2.138,83762.4
2026-06-09 18:25:00,2.139,2.14,2.123,2.136,110697.5
2026-06-09 18:30:00,2.136,2.165,2.136,2.16,246396.1
2026-06-09 18:35:00,2.159,2.168,2.154,2.155,138974.5
2026-06-09 18:40:00,2.156,2.164,2.144,2.144,93891.6
2026-06-09 18:45:00,2.144,2.159,2.143,2.159,73369.3
2026-06-09 18:50:00,2.16,2.166,2.154,2.161,66219.4
2026-06-09 18:55:00,2.162,2.168,2.157,2.161,66185.1
2026-06-09 19:00:00,2.16,2.166,2.153,2.166,90196.7
2026-06-09 19:05:00,2.165,2.175,2.163,2.163,81501.4
2026-06-09 19:10:00,2.163,2.164,2.151,2.158,87921.1
2026-06-09 19:15:00,2.158,2.179,2.155,2.176,102475.3
2026-06-09 19:20:00,2.177,2.189,2.174,2.187,201427.8
2026-06-09 19:25:00,2.187,2.192,2.178,2.191,73919.8
2026-06-09 19:30:00,2.191,2.218,2.186,2.211,371042.5
2026-06-09 19:35:00,2.212,2.218,2.185,2.186,221150.2
2026-06-09 19:40:00,2.186,2.191,2.177,2.191,144074.0
2026-06-09 19:45:00,2.191,2.193,2.168,2.173,134821.8
2026-06-09 19:50:00,2.173,2.208,2.173,2.198,215275.5
2026-06-09 19:55:00,2.198,2.22,2.196,2.218,147491.5
2026-06-09 20:00:00,2.219,2.25,2.219,2.241,456482.4
2026-06-09 20:05:00,2.241,2.242,2.221,2.231,196446.1
2026-06-09 20:10:00,2.232,2.236,2.218,2.225,96606.0
2026-06-09 20:15:00,2.225,2.231,2.199,2.204,175667.4
2026-06-09 20:20:00,2.204,2.205,2.192,2.194,119365.5
2026-06-09 20:25:00,2.195,2.205,2.195,2.202,78298.6
2026-06-09 20:30:00,2.201,2.204,2.188,2.204,123450.6
2026-06-09 20:35:00,2.203,2.227,2.202,2.216,195393.9
2026-06-09 20:40:00,2.216,2.229,2.204,2.221,150147.5
2026-06-09 20:45:00,2.221,2.224,2.212,2.22,51711.0
2026-06-09 20:50:00,2.219,2.223,2.21,2.214,53379.1
2026-06-09 20:55:00,2.214,2.234,2.212,2.234,45835.1
2026-06-09 21:00:00,2.233,2.244,2.227,2.232,170768.8
2026-06-09 21:05:00,2.232,2.24,2.225,2.24,109771.8
2026-06-09 21:10:00,2.241,2.261,2.24,2.256,275284.8
2026-06-09 21:15:00,2.256,2.258,2.224,2.225,158679.9
2026-06-09 21:20:00,2.225,2.226,2.208,2.212,160131.7
2026-06-09 21:25:00,2.211,2.213,2.188,2.19,403273.2
2026-06-09 21:30:00,2.191,2.198,2.185,2.192,151768.9
2026-06-09 21:35:00,2.193,2.21,2.192,2.2,87134.4
2026-06-09 21:40:00,2.199,2.2,2.174,2.182,181945.1
2026-06-09 21:45:00,2.182,2.196,2.177,2.192,76612.4
2026-06-09 21:50:00,2.192,2.194,2.185,2.188,30786.7
2026-06-09 21:55:00,2.187,2.189,2.177,2.187,65302.1
2026-06-09 22:00:00,2.187,2.19,2.174,2.176,50440.8
2026-06-09 22:05:00,2.176,2.184,2.172,2.184,65122.7
2026-06-09 22:10:00,2.184,2.194,2.182,2.189,61395.4
2026-06-09 22:15:00,2.189,2.195,2.184,2.195,65070.8
2026-06-09 22:20:00,2.196,2.201,2.19,2.194,89706.6
2026-06-09 22:25:00,2.193,2.193,2.175,2.175,74474.5
2026-06-09 22:30:00,2.176,2.183,2.168,2.183,70973.2
2026-06-09 22:35:00,2.183,2.185,2.168,2.172,49588.8
2026-06-09 22:40:00,2.172,2.176,2.165,2.176,87422.5
2026-06-09 22:45:00,2.176,2.18,2.167,2.167,31594.3
2026-06-09 22:50:00,2.168,2.169,2.152,2.166,119673.8
2026-06-09 22:55:00,2.165,2.165,2.153,2.156,128708.6
2026-06-09 23:00:00,2.156,2.158,2.146,2.152,96412.8
2026-06-09 23:05:00,2.152,2.156,2.146,2.15,55620.5
2026-06-09 23:10:00,2.15,2.166,2.142,2.163,67630.6
2026-06-09 23:15:00,2.162,2.178,2.161,2.176,63201.1
2026-06-09 23:20:00,2.176,2.182,2.167,2.172,55992.3
2026-06-09 23:25:00,2.172,2.179,2.168,2.169,53154.5
2026-06-09 23:30:00,2.169,2.176,2.167,2.172,30368.2
2026-06-09 23:35:00,2.171,2.172,2.16,2.162,84394.0
2026-06-09 23:40:00,2.163,2.165,2.157,2.165,49600.4
2026-06-09 23:45:00,2.165,2.169,2.157,2.157,23213.9
2026-06-09 23:50:00,2.158,2.163,2.146,2.161,103800.3
2026-06-09 23:55:00,2.162,2.164,2.15,2.152,33268.6
2026-06-10 00:00:00,2.151,2.164,2.147,2.164,130435.0
2026-06-10 00:05:00,2.165,2.176,2.149,2.156,296875.2
2026-06-10 00:10:00,2.155,2.159,2.146,2.15,299808.6
2026-06-10 00:15:00,2.15,2.15,2.132,2.141,140475.3
2026-06-10 00:20:00,2.14,2.141,2.133,2.14,53557.4
2026-06-10 00:25:00,2.14,2.143,2.131,2.141,109261.0
2026-06-10 00:30:00,2.141,2.141,2.117,2.12,132862.8
2026-06-10 00:35:00,2.12,2.134,2.113,2.129,472164.0
2026-06-10 00:40:00,2.13,2.132,2.115,2.119,106472.1
2026-06-10 00:45:00,2.12,2.137,2.12,2.13,195366.0
2026-06-10 00:50:00,2.129,2.133,2.121,2.133,65212.4
2026-06-10 00:55:00,2.133,2.143,2.13,2.141,103735.9
2026-06-10 01:00:00,2.141,2.148,2.138,2.143,119258.5
2026-06-10 01:05:00,2.144,2.153,2.127,2.132,289115.5
2026-06-10 01:10:00,2.131,2.158,2.13,2.155,192528.5
2026-06-10 01:15:00,2.155,2.175,2.149,2.173,139488.6
2026-06-10 01:20:00,2.174,2.184,2.172,2.179,113364.9
2026-06-10 01:25:00,2.178,2.179,2.166,2.175,103225.0
2026-06-10 01:30:00,2.176,2.2,2.172,2.199,342015.6
2026-06-10 01:35:00,2.198,2.206,2.183,2.192,177340.3
2026-06-10 01:40:00,2.191,2.192,2.169,2.177,140022.9
2026-06-10 01:45:00,2.178,2.193,2.163,2.189,193491.6
2026-06-10 01:50:00,2.189,2.192,2.181,2.185,57936.3
2026-06-10 01:55:00,2.184,2.189,2.178,2.178,80947.5
2026-06-10 02:00:00,2.179,2.189,2.161,2.176,274426.5
2026-06-10 02:05:00,2.177,2.185,2.173,2.179,80145.0
2026-06-10 02:10:00,2.179,2.182,2.171,2.174,48154.6
2026-06-10 02:15:00,2.174,2.175,2.146,2.152,287132.3
2026-06-10 02:20:00,2.152,2.164,2.151,2.154,75134.6
2026-06-10 02:25:00,2.153,2.161,2.145,2.161,330051.4
2026-06-10 02:30:00,2.161,2.167,2.134,2.137,151225.4
2026-06-10 02:35:00,2.137,2.153,2.136,2.149,180133.8
2026-06-10 02:40:00,2.149,2.162,2.146,2.149,58044.2
2026-06-10 02:45:00,2.149,2.15,2.126,2.14,202476.5
2026-06-10 02:50:00,2.14,2.143,2.131,2.135,62436.4
2026-06-10 02:55:00,2.136,2.15,2.136,2.141,68278.5
2026-06-10 03:00:00,2.142,2.152,2.134,2.149,54076.0
2026-06-10 03:05:00,2.15,2.159,2.148,2.156,55509.8
2026-06-10 03:10:00,2.156,2.156,2.142,2.143,23325.0
2026-06-10 03:15:00,2.143,2.16,2.143,2.153,97845.7
2026-06-10 03:20:00,2.153,2.171,2.153,2.171,42213.4
2026-06-10 03:25:00,2.171,2.179,2.164,2.172,39126.8
2026-06-10 03:30:00,2.172,2.172,2.16,2.161,45045.8
2026-06-10 03:35:00,2.161,2.173,2.159,2.171,75364.1
2026-06-10 03:40:00,2.171,2.171,2.157,2.162,32524.3
2026-06-10 03:45:00,2.162,2.168,2.154,2.154,36968.5
2026-06-10 03:50:00,2.155,2.159,2.141,2.145,53952.2
2026-06-10 03:55:00,2.144,2.144,2.128,2.134,95720.1
2026-06-10 04:00:00,2.135,2.14,2.132,2.14,32671.1
2026-06-10 04:05:00,2.139,2.148,2.134,2.146,71114.7
2026-06-10 04:10:00,2.145,2.151,2.136,2.139,127902.2
2026-06-10 04:15:00,2.138,2.146,2.133,2.134,101842.2
2026-06-10 04:20:00,2.135,2.137,2.127,2.132,52372.0
2026-06-10 04:25:00,2.133,2.134,2.12,2.12,54364.4
2026-06-10 04:30:00,2.121,2.121,2.103,2.106,182886.7
2026-06-10 04:35:00,2.105,2.113,2.098,2.11,171263.2
2026-06-10 04:40:00,2.11,2.116,2.11,2.111,78715.9
2026-06-10 04:45:00,2.111,2.117,2.106,2.113,61569.1
2026-06-10 04:50:00,2.113,2.114,2.097,2.1,68961.8
2026-06-10 04:55:00,2.099,2.102,2.094,2.099,87224.1
2026-06-10 05:00:00,2.099,2.104,2.095,2.102,42642.4
2026-06-10 05:05:00,2.102,2.106,2.097,2.1,16730.2
2026-06-10 05:10:00,2.1,2.1,2.086,2.087,214749.9
2026-06-10 05:15:00,2.088,2.092,2.083,2.085,48341.2
2026-06-10 05:20:00,2.085,2.091,2.074,2.076,117253.1
2026-06-10 05:25:00,2.076,2.082,2.075,2.077,57996.3
2026-06-10 05:30:00,2.078,2.079,2.063,2.063,115438.4
2026-06-10 05:35:00,2.063,2.065,2.053,2.056,116601.5
2026-06-10 05:40:00,2.056,2.061,2.054,2.055,134545.4
2026-06-10 05:45:00,2.055,2.062,2.044,2.045,177914.5
2026-06-10 05:50:00,2.045,2.06,2.044,2.055,118664.5
2026-06-10 05:55:00,2.054,2.057,2.044,2.046,90936.6
2026-06-10 06:00:00,2.046,2.047,2.039,2.046,73922.1
2026-06-10 06:05:00,2.047,2.057,2.044,2.051,367119.9
2026-06-10 06:10:00,2.05,2.057,2.044,2.053,91145.3
2026-06-10 06:15:00,2.053,2.061,2.047,2.06,70789.4
2026-06-10 06:20:00,2.06,2.06,2.049,2.053,118543.1
2026-06-10 06:25:00,2.054,2.058,2.023,2.026,228374.8
2026-06-10 06:30:00,2.026,2.031,2.001,2.021,478537.5
2026-06-10 06:35:00,2.022,2.067,2.019,2.062,319661.2
2026-06-10 06:40:00,2.062,2.081,2.06,2.074,312519.7
2026-06-10 06:45:00,2.074,2.086,2.073,2.079,75503.8
2026-06-10 06:50:00,2.078,2.08,2.053,2.07,248081.8
2026-06-10 06:55:00,2.071,2.071,2.059,2.064,72041.2
2026-06-10 07:00:00,2.063,2.076,2.059,2.067,117073.0
2026-06-10 07:05:00,2.066,2.068,2.05,2.056,206930.5
2026-06-10 07:10:00,2.055,2.064,2.054,2.059,42458.5
2026-06-10 07:15:00,2.059,2.073,2.057,2.073,65579.3
2026-06-10 07:20:00,2.072,2.096,2.071,2.085,124004.3
2026-06-10 07:25:00,2.085,2.085,2.069,2.083,58666.5
2026-06-10 07:30:00,2.083,2.096,2.076,2.094,71823.8
2026-06-10 07:35:00,2.095,2.101,2.086,2.091,113866.0
2026-06-10 07:40:00,2.092,2.095,2.084,2.086,29484.5
2026-06-10 07:45:00,2.086,2.089,2.077,2.083,58357.5
2026-06-10 07:50:00,2.083,2.091,2.077,2.088,52917.5
2026-06-10 07:55:00,2.088,2.09,2.082,2.082,93318.7
2026-06-10 08:00:00,2.083,2.086,2.07,2.076,86020.9
2026-06-10 08:05:00,2.077,2.08,2.065,2.068,35388.0
2026-06-10 08:10:00,2.069,2.083,2.069,2.077,71141.1
2026-06-10 08:15:00,2.078,2.095,2.078,2.084,80939.6
2026-06-10 08:20:00,2.085,2.096,2.081,2.085,115548.1
2026-06-10 08:25:00,2.086,2.094,2.083,2.094,84785.8
2026-06-10 08:30:00,2.094,2.1,2.084,2.085,84049.5
2026-06-10 08:35:00,2.085,2.086,2.072,2.074,170887.2
2026-06-10 08:40:00,2.074,2.078,2.069,2.071,82055.7
2026-06-10 08:45:00,2.071,2.078,2.06,2.064,74194.9
2026-06-10 08:50:00,2.064,2.075,2.058,2.072,54055.3
2026-06-10 08:55:00,2.071,2.089,2.071,2.077,65817.0
2026-06-10 09:00:00,2.078,2.088,2.076,2.081,80069.3
2026-06-10 09:05:00,2.08,2.089,2.072,2.072,41503.6
2026-06-10 09:10:00,2.073,2.082,2.065,2.071,70831.2
2026-06-10 09:15:00,2.071,2.076,2.059,2.062,62190.6
2026-06-10 09:20:00,2.062,2.066,2.057,2.063,100718.8
2026-06-10 09:25:00,2.064,2.088,2.062,2.086,72561.5
2026-06-10 09:30:00,2.085,2.091,2.082,2.083,70974.1
2026-06-10 09:35:00,2.084,2.099,2.081,2.094,48848.2
2026-06-10 09:40:00,2.093,2.093,2.078,2.078,50551.0
2026-06-10 09:45:00,2.078,2.085,2.074,2.076,23126.4
2026-06-10 09:50:00,2.077,2.087,2.076,2.086,30962.7
2026-06-10 09:55:00,2.087,2.099,2.081,2.082,68532.8
2026-06-10 10:00:00,2.082,2.084,2.072,2.076,55413.1
2026-06-10 10:05:00,2.076,2.077,2.068,2.077,51851.8
2026-06-10 10:10:00,2.076,2.078,2.071,2.073,33086.0
2026-06-10 10:15:00,2.073,2.075,2.06,2.061,74376.0
2026-06-10 10:20:00,2.06,2.065,2.058,2.062,42959.0
2026-06-10 10:25:00,2.062,2.066,2.055,2.064,35177.2
2026-06-10 10:30:00,2.063,2.069,2.056,2.058,38873.9
2026-06-10 10:35:00,2.057,2.065,2.056,2.058,86962.1
2026-06-10 10:40:00,2.059,2.063,2.054,2.063,84171.0
2026-06-10 10:45:00,2.063,2.072,2.062,2.065,33493.9
2026-06-10 10:50:00,2.066,2.069,2.057,2.06,79090.1
2026-06-10 10:55:00,2.06,2.071,2.058,2.069,34283.5
2026-06-10 11:00:00,2.07,2.075,2.045,2.051,254557.5
2026-06-10 11:05:00,2.051,2.069,2.049,2.052,84954.7
2026-06-10 11:10:00,2.052,2.06,2.047,2.053,71292.8
2026-06-10 11:15:00,2.053,2.056,2.037,2.039,94381.0
2026-06-10 11:20:00,2.039,2.049,2.038,2.043,79218.4
2026-06-10 11:25:00,2.044,2.044,2.03,2.038,109443.3
2026-06-10 11:30:00,2.038,2.044,2.034,2.039,61024.2
2026-06-10 11:35:00,2.038,2.041,2.032,2.038,66536.2
2026-06-10 11:40:00,2.037,2.05,2.037,2.046,63497.3
2026-06-10 11:45:00,2.046,2.054,2.042,2.046,112749.1
2026-06-10 11:50:00,2.046,2.047,2.037,2.039,60546.5
2026-06-10 11:55:00,2.04,2.041,2.03,2.039,54627.0
2026-06-10 12:00:00,2.039,2.042,2.034,2.039,40578.1
2026-06-10 12:05:00,2.04,2.043,2.026,2.03,51685.4
2026-06-10 12:10:00,2.031,2.041,2.03,2.037,50566.0
2026-06-10 12:15:00,2.037,2.042,2.028,2.028,47883.9
2026-06-10 12:20:00,2.029,2.038,2.029,2.034,50459.5
2026-06-10 12:25:00,2.034,2.044,2.031,2.042,53833.6
2026-06-10 12:30:00,2.042,2.12,2.039,2.114,822649.3
2026-06-10 12:35:00,2.114,2.122,2.096,2.112,228345.5
2026-06-10 12:40:00,2.111,2.115,2.099,2.108,101976.8
2026-06-10 12:45:00,2.108,2.132,2.104,2.131,171645.5
2026-06-10 12:50:00,2.13,2.13,2.116,2.125,106827.6
2026-06-10 12:55:00,2.126,2.126,2.116,2.118,81789.1
2026-06-10 13:00:00,2.118,2.125,2.1,2.105,239055.1
2026-06-10 13:05:00,2.106,2.108,2.094,2.099,67797.6
2026-06-10 13:10:00,2.098,2.102,2.087,2.089,56511.5
2026-06-10 13:15:00,2.089,2.107,2.085,2.097,70794.3
2026-06-10 13:20:00,2.096,2.11,2.093,2.11,131280.4
2026-06-10 13:25:00,2.109,2.115,2.096,2.111,80586.6
2026-06-10 13:30:00,2.11,2.134,2.106,2.123,220040.6
2026-06-10 13:35:00,2.122,2.151,2.118,2.15,232433.4
2026-06-10 13:40:00,2.15,2.171,2.145,2.167,252552.6
2026-06-10 13:45:00,2.167,2.175,2.155,2.167,337149.6
2026-06-10 13:50:00,2.167,2.167,2.136,2.148,249062.9
2026-06-10 13:55:00,2.148,2.148,2.127,2.138,92221.8
2026-06-10 14:00:00,2.138,2.142,2.126,2.142,125289.1
2026-06-10 14:05:00,2.142,2.143,2.131,2.133,88404.6
2026-06-10 14:10:00,2.133,2.134,2.106,2.107,213392.9
2026-06-10 14:15:00,2.108,2.122,2.103,2.109,191690.7
2026-06-10 14:20:00,2.109,2.132,2.106,2.131,135105.5
2026-06-10 14:25:00,2.131,2.136,2.117,2.128,72191.3
2026-06-10 14:30:00,2.127,2.136,2.115,2.125,119201.8
2026-06-10 14:35:00,2.125,2.125,2.094,2.104,195426.7
2026-06-10 14:40:00,2.103,2.122,2.103,2.105,55746.9
2026-06-10 14:45:00,2.106,2.108,2.099,2.104,82915.1
2026-06-10 14:50:00,2.105,2.11,2.099,2.101,73860.4
2026-06-10 14:55:00,2.101,2.109,2.091,2.109,84966.0
2026-06-10 15:00:00,2.109,2.133,2.104,2.111,273352.2
2026-06-10 15:05:00,2.111,2.111,2.095,2.097,164636.3
2026-06-10 15:10:00,2.097,2.098,2.086,2.09,150543.5
2026-06-10 15:15:00,2.089,2.111,2.082,2.109,142908.6
2026-06-10 15:20:00,2.109,2.122,2.109,2.118,104230.9
2026-06-10 15:25:00,2.118,2.122,2.112,2.113,138127.9
2026-06-10 15:30:00,2.113,2.127,2.11,2.111,216472.3
2026-06-10 15:35:00,2.11,2.111,2.09,2.094,186456.0
2026-06-10 15:40:00,2.094,2.098,2.077,2.097,161705.7
2026-06-10 15:45:00,2.098,2.111,2.065,2.075,338477.7
2026-06-10 15:50:00,2.074,2.112,2.066,2.111,278246.1
2026-06-10 15:55:00,2.111,2.112,2.088,2.095,191400.0
2026-06-10 16:00:00,2.095,2.104,2.089,2.1,151678.8
2026-06-10 16:05:00,2.099,2.113,2.095,2.099,93315.8
2026-06-10 16:10:00,2.098,2.106,2.082,2.083,234647.4
2026-06-10 16:15:00,2.084,2.09,2.074,2.077,140998.9
2026-06-10 16:20:00,2.078,2.081,2.055,2.055,153700.8
2026-06-10 16:25:00,2.056,2.061,2.05,2.052,162832.4
2026-06-10 16:30:00,2.053,2.059,2.046,2.058,210758.7
2026-06-10 16:35:00,2.058,2.059,2.046,2.05,75370.7
2026-06-10 16:40:00,2.05,2.058,2.046,2.047,68098.6
2026-06-10 16:45:00,2.046,2.05,2.04,2.049,169688.4
2026-06-10 16:50:00,2.05,2.063,2.047,2.056,71346.7
2026-06-10 16:55:00,2.055,2.057,2.048,2.051,42339.9
2026-06-10 17:00:00,2.052,2.077,2.052,2.075,100833.8
2026-06-10 17:05:00,2.075,2.08,2.066,2.07,83771.5
2026-06-10 17:10:00,2.07,2.07,2.058,2.067,87481.6
2026-06-10 17:15:00,2.067,2.076,2.067,2.069,47474.7
2026-06-10 17:20:00,2.069,2.07,2.057,2.062,52294.3
2026-06-10 17:25:00,2.063,2.067,2.043,2.044,82581.9
2026-06-10 17:30:00,2.045,2.05,2.034,2.042,104361.8
2026-06-10 17:35:00,2.043,2.049,2.031,2.034,97693.3
2026-06-10 17:40:00,2.035,2.04,2.028,2.033,135522.2
2026-06-10 17:45:00,2.033,2.056,2.032,2.054,82640.5
2026-06-10 17:50:00,2.054,2.056,2.039,2.051,220576.7
2026-06-10 17:55:00,2.051,2.066,2.051,2.064,50015.4
2026-06-10 18:00:00,2.064,2.065,2.052,2.054,74609.1
2026-06-10 18:05:00,2.054,2.055,2.035,2.041,196632.7
2026-06-10 18:10:00,2.041,2.041,2.033,2.038,27141.0
2026-06-10 18:15:00,2.038,2.045,2.031,2.033,33522.3
2026-06-10 18:20:00,2.032,2.041,2.025,2.041,60085.7
2026-06-10 18:25:00,2.042,2.043,2.027,2.035,37714.6
2026-06-10 18:30:00,2.035,2.037,2.021,2.029,128302.6
2026-06-10 18:35:00,2.029,2.029,2.01,2.016,292008.2
2026-06-10 18:40:00,2.016,2.018,2.003,2.011,154025.1
2026-06-10 18:45:00,2.01,2.025,2.007,2.024,140136.3
2026-06-10 18:50:00,2.024,2.03,2.012,2.03,128371.6
2026-06-10 18:55:00,2.029,2.034,2.025,2.032,46079.7
2026-06-10 19:00:00,2.033,2.036,2.028,2.03,63964.1
2026-06-10 19:05:00,2.029,2.043,2.023,2.041,98516.8
2026-06-10 19:10:00,2.042,2.043,2.024,2.027,91666.6
2026-06-10 19:15:00,2.027,2.031,2.015,2.017,131585.3
2026-06-10 19:20:00,2.017,2.026,2.01,2.026,116294.5
2026-06-10 19:25:00,2.027,2.03,2.014,2.018,142247.7
2026-06-10 19:30:00,2.019,2.036,2.019,2.035,97715.2
2026-06-10 19:35:00,2.035,2.039,2.025,2.03,74929.8
2026-06-10 19:40:00,2.031,2.037,2.029,2.029,112367.4
2026-06-10 19:45:00,2.029,2.031,2.016,2.023,101332.4
2026-06-10 19:50:00,2.022,2.024,2.012,2.024,147656.1
2026-06-10 19:55:00,2.024,2.026,2.01,2.01,155816.8
2026-06-10 20:00:00,2.009,2.014,2.002,2.011,140289.1
2026-06-10 20:05:00,2.012,2.013,1.996,2.0,213648.5
2026-06-10 20:10:00,2.0,2.019,1.999,2.018,69929.2
2026-06-10 20:15:00,2.018,2.021,2.01,2.017,69757.3
2026-06-10 20:20:00,2.017,2.025,2.008,2.022,116895.3
2026-06-10 20:25:00,2.022,2.023,2.013,2.013,55058.6
2026-06-10 20:30:00,2.012,2.015,2.004,2.01,45755.8
2026-06-10 20:35:00,2.011,2.011,2.002,2.002,38338.2
2026-06-10 20:40:00,2.002,2.006,1.999,1.999,75719.9
2026-06-10 20:45:00,1.998,2.001,1.989,2.001,151105.7
2026-06-10 20:50:00,2.002,2.004,1.983,1.986,209020.3
2026-06-10 20:55:00,1.985,1.987,1.972,1.979,207455.3
2026-06-10 21:00:00,1.979,1.988,1.974,1.978,103808.9
2026-06-10 21:05:00,1.977,1.977,1.963,1.963,148972.4
2026-06-10 21:10:00,1.963,1.974,1.93,1.944,872705.5
2026-06-10 21:15:00,1.944,1.96,1.944,1.959,206390.4
2026-06-10 21:20:00,1.958,1.965,1.949,1.95,130656.9
2026-06-10 21:25:00,1.951,1.96,1.951,1.958,28824.2
2026-06-10 21:30:00,1.957,1.976,1.957,1.97,139207.8
2026-06-10 21:35:00,1.97,1.972,1.966,1.967,46416.5
2026-06-10 21:40:00,1.967,1.975,1.965,1.97,28153.9
2026-06-10 21:45:00,1.97,1.973,1.961,1.962,84800.2
2026-06-10 21:50:00,1.961,1.961,1.94,1.952,226727.4
2026-06-10 21:55:00,1.952,1.965,1.952,1.964,87766.4
2026-06-10 22:00:00,1.963,1.969,1.959,1.961,108140.7
2026-06-10 22:05:00,1.961,1.97,1.961,1.968,58386.5
2026-06-10 22:10:00,1.968,1.975,1.953,1.954,131816.8
2026-06-10 22:15:00,1.953,1.953,1.943,1.943,147617.0
2026-06-10 22:20:00,1.942,1.953,1.94,1.95,166101.0
2026-06-10 22:25:00,1.951,1.968,1.949,1.966,111133.9
2026-06-10 22:30:00,1.967,1.976,1.966,1.968,86711.4
2026-06-10 22:35:00,1.968,1.978,1.968,1.976,78966.0
2026-06-10 22:40:00,1.977,1.987,1.973,1.975,111451.2
2026-06-10 22:45:00,1.975,1.975,1.97,1.973,64937.5
2026-06-10 22:50:00,1.973,1.975,1.967,1.97,86049.8
2026-06-10 22:55:00,1.971,1.974,1.959,1.962,59414.8
2026-06-10 23:00:00,1.961,1.961,1.947,1.954,167703.7
2026-06-10 23:05:00,1.954,1.957,1.952,1.952,34871.0
2026-06-10 23:10:00,1.951,1.978,1.95,1.956,211067.9
2026-06-10 23:15:00,1.957,1.971,1.948,1.97,137831.8
2026-06-10 23:20:00,1.969,1.984,1.966,1.968,201927.8
2026-06-10 23:25:00,1.968,1.976,1.968,1.976,41603.6
2026-06-10 23:30:00,1.976,1.982,1.967,1.971,84272.7
2026-06-10 23:35:00,1.971,1.979,1.963,1.963,61311.4
2026-06-10 23:40:00,1.963,1.974,1.961,1.972,39029.7
2026-06-10 23:45:00,1.973,1.977,1.967,1.968,63787.3
2026-06-10 23:50:00,1.967,1.979,1.966,1.973,57417.8
2026-06-10 23:55:00,1.973,1.975,1.968,1.969,37432.9
2026-06-11 00:00:00,1.97,1.984,1.969,1.982,98634.9
2026-06-11 00:05:00,1.982,1.986,1.979,1.984,62063.8
2026-06-11 00:10:00,1.984,1.989,1.98,1.987,92408.8
2026-06-11 00:15:00,1.988,2.007,1.988,2.006,144220.2
2026-06-11 00:20:00,2.005,2.007,1.994,1.995,100418.1
2026-06-11 00:25:00,1.995,2.003,1.991,2.003,49267.5
2026-06-11 00:30:00,2.003,2.005,1.986,1.988,91882.8
2026-06-11 00:35:00,1.988,1.988,1.974,1.977,124796.7
2026-06-11 00:40:00,1.976,1.984,1.976,1.978,39408.7
2026-06-11 00:45:00,1.978,1.989,1.977,1.978,91724.7
2026-06-11 00:50:00,1.977,1.98,1.967,1.969,112149.8
2026-06-11 00:55:00,1.969,1.976,1.967,1.971,41963.1
2026-06-11 01:00:00,1.972,1.993,1.972,1.986,113662.5
2026-06-11 01:05:00,1.986,1.992,1.984,1.989,50681.2
2026-06-11 01:10:00,1.989,2.001,1.989,1.996,64093.7
2026-06-11 01:15:00,1.995,2.005,1.995,2.005,92953.0
2026-06-11 01:20:00,2.006,2.006,1.997,2.002,44058.0
2026-06-11 01:25:00,2.002,2.008,1.999,2.003,62178.3
2026-06-11 01:30:00,2.002,2.007,1.998,2.004,34194.5
2026-06-11 01:35:00,2.004,2.007,1.993,2.006,86510.7
2026-06-11 01:40:00,2.005,2.014,1.998,1.999,111027.0
2026-06-11 01:45:00,1.999,2.006,1.997,2.001,120014.4
2026-06-11 01:50:00,2.0,2.013,1.997,2.009,79173.3
2026-06-11 01:55:00,2.009,2.013,2.003,2.01,155510.7
2026-06-11 02:00:00,2.011,2.013,2.003,2.005,43190.5
2026-06-11 02:05:00,2.005,2.005,1.995,1.995,70739.3
2026-06-11 02:10:00,1.995,1.995,1.985,1.987,95125.0
2026-06-11 02:15:00,1.988,1.988,1.973,1.978,253259.4
2026-06-11 02:20:00,1.978,1.98,1.964,1.966,153324.1
2026-06-11 02:25:00,1.966,1.966,1.951,1.957,114323.3
2026-06-11 02:30:00,1.957,1.959,1.95,1.951,72068.1
2026-06-11 02:35:00,1.951,1.965,1.95,1.957,48096.9
2026-06-11 02:40:00,1.957,1.964,1.956,1.962,40651.7
2026-06-11 02:45:00,1.961,1.963,1.958,1.962,28994.8
2026-06-11 02:50:00,1.962,1.968,1.959,1.963,49796.3
2026-06-11 02:55:00,1.963,1.974,1.962,1.967,50462.0
2026-06-11 03:00:00,1.966,1.969,1.962,1.964,59818.5
2026-06-11 03:05:00,1.964,1.97,1.962,1.968,57490.8
2026-06-11 03:10:00,1.969,1.971,1.959,1.963,47532.1
2026-06-11 03:15:00,1.963,1.966,1.956,1.956,55361.9
2026-06-11 03:20:00,1.956,1.96,1.952,1.96,43287.4
2026-06-11 03:25:00,1.96,1.964,1.959,1.961,35980.1
2026-06-11 03:30:00,1.96,1.977,1.954,1.974,230200.3
2026-06-11 03:35:00,1.973,1.982,1.965,1.98,58009.0
2026-06-11 03:40:00,1.981,2.011,1.98,2.007,439282.2
2026-06-11 03:45:00,2.007,2.019,1.993,1.996,545206.1
2026-06-11 03:50:00,1.996,2.006,1.996,2.004,233399.4
2026-06-11 03:55:00,2.003,2.05,2.003,2.028,886878.9
2026-06-11 04:00:00,2.028,2.032,2.02,2.023,128152.3
2026-06-11 04:05:00,2.023,2.023,2.011,2.016,131856.6
2026-06-11 04:10:00,2.016,2.022,2.012,2.013,96655.2
2026-06-11 04:15:00,2.013,2.022,2.009,2.016,111843.3
2026-06-11 04:20:00,2.017,2.027,2.017,2.022,26792.8
2026-06-11 04:25:00,2.021,2.026,2.017,2.022,76199.3
2026-06-11 04:30:00,2.022,2.029,2.015,2.015,43963.3
2026-06-11 04:35:00,2.015,2.032,2.013,2.031,40830.7
2026-06-11 04:40:00,2.031,2.035,2.025,2.034,47800.3
2026-06-11 04:45:00,2.033,2.063,2.033,2.056,319672.0
2026-06-11 04:50:00,2.056,2.066,2.055,2.062,144182.4
2026-06-11 04:55:00,2.063,2.065,2.049,2.056,123291.6
2026-06-11 05:00:00,2.056,2.056,2.039,2.044,117229.4
2026-06-11 05:05:00,2.044,2.049,2.04,2.048,33560.6
2026-06-11 05:10:00,2.048,2.052,2.046,2.048,50078.7
2026-06-11 05:15:00,2.048,2.07,2.048,2.063,607783.9
2026-06-11 05:20:00,2.062,2.08,2.061,2.065,217106.2
2026-06-11 05:25:00,2.064,2.065,2.051,2.055,48890.5
2026-06-11 05:30:00,2.056,2.061,2.05,2.056,37654.0
2026-06-11 05:35:00,2.056,2.059,2.05,2.055,41061.7
2026-06-11 05:40:00,2.055,2.063,2.052,2.061,69584.1
2026-06-11 05:45:00,2.061,2.063,2.05,2.051,59403.9
2026-06-11 05:50:00,2.052,2.058,2.05,2.053,51015.1
2026-06-11 05:55:00,2.052,2.055,2.038,2.042,119357.9
2026-06-11 06:00:00,2.043,2.06,2.043,2.055,87653.4
2026-06-11 06:05:00,2.055,2.06,2.05,2.058,38403.7
2026-06-11 06:10:00,2.059,2.076,2.057,2.07,75776.5
2026-06-11 06:15:00,2.071,2.084,2.063,2.067,120499.3
2026-06-11 06:20:00,2.066,2.075,2.066,2.074,66957.6
2026-06-11 06:25:00,2.073,2.073,2.058,2.061,40242.7
2026-06-11 06:30:00,2.062,2.074,2.061,2.069,63396.9
2026-06-11 06:35:00,2.069,2.076,2.065,2.073,43308.4
2026-06-11 06:40:00,2.074,2.075,2.064,2.064,38483.8
2026-06-11 06:45:00,2.065,2.066,2.061,2.062,22289.4
2026-06-11 06:50:00,2.061,2.062,2.051,2.058,67482.7
2026-06-11 06:55:00,2.058,2.059,2.045,2.047,52066.2
2026-06-11 07:00:00,2.047,2.05,2.037,2.038,115581.2
2026-06-11 07:05:00,2.038,2.038,2.027,2.029,98260.8
2026-06-11 07:10:00,2.029,2.032,2.021,2.03,86157.3
2026-06-11 07:15:00,2.029,2.036,2.027,2.034,34538.0
2026-06-11 07:20:00,2.033,2.04,2.03,2.033,54430.9
2026-06-11 07:25:00,2.032,2.041,2.031,2.041,24515.8
2026-06-11 07:30:00,2.041,2.047,2.038,2.044,93416.0
2026-06-11 07:35:00,2.045,2.049,2.032,2.033,150581.4
2026-06-11 07:40:00,2.033,2.038,2.03,2.037,48337.3
2026-06-11 07:45:00,2.037,2.054,2.037,2.048,54041.7
2026-06-11 07:50:00,2.048,2.051,2.044,2.046,82236.5
2026-06-11 07:55:00,2.045,2.05,2.037,2.038,185865.4
2026-06-11 08:00:00,2.039,2.048,2.039,2.047,103965.5
2026-06-11 08:05:00,2.046,2.049,2.038,2.045,85828.8
2026-06-11 08:10:00,2.045,2.053,2.043,2.049,89618.1
2026-06-11 08:15:00,2.049,2.05,2.042,2.042,43834.2
2026-06-11 08:20:00,2.041,2.065,2.038,2.062,134795.7
2026-06-11 08:25:00,2.062,2.062,2.053,2.057,179372.4
2026-06-11 08:30:00,2.057,2.067,2.052,2.054,223931.0
2026-06-11 08:35:00,2.054,2.058,2.049,2.058,91301.3
2026-06-11 08:40:00,2.057,2.059,2.046,2.049,82539.8
2026-06-11 08:45:00,2.05,2.05,2.039,2.04,125466.2
2026-06-11 08:50:00,2.04,2.044,2.036,2.038,75621.8
2026-06-11 08:55:00,2.038,2.038,2.03,2.033,96273.6
2026-06-11 09:00:00,2.033,2.034,2.017,2.021,201036.3
2026-06-11 09:05:00,2.021,2.025,2.011,2.014,186299.4
2026-06-11 09:10:00,2.013,2.014,1.996,1.999,318309.0
2026-06-11 09:15:00,1.999,2.002,1.997,1.999,66485.4
2026-06-11 09:20:00,2.0,2.004,1.99,1.994,84231.0
2026-06-11 09:25:00,1.993,1.993,1.987,1.989,87963.5
2026-06-11 09:30:00,1.988,1.999,1.988,1.995,231744.2
2026-06-11 09:35:00,1.995,2.003,1.995,1.999,128723.9
2026-06-11 09:40:00,1.999,2.0,1.99,1.991,38918.5
2026-06-11 09:45:00,1.99,1.996,1.99,1.995,43410.4
2026-06-11 09:50:00,1.994,2.004,1.994,1.998,115711.6
2026-06-11 09:55:00,1.998,2.0,1.997,1.997,38802.8
2026-06-11 10:00:00,1.997,2.001,1.992,1.997,133462.7
2026-06-11 10:05:00,1.997,2.045,1.991,2.038,724228.6
2026-06-11 10:10:00,2.039,2.043,2.033,2.035,179935.6
2026-06-11 10:15:00,2.035,2.037,2.023,2.024,161307.7
2026-06-11 10:20:00,2.025,2.031,2.018,2.022,124844.3
2026-06-11 10:25:00,2.022,2.032,2.022,2.03,88235.3
2026-06-11 10:30:00,2.029,2.034,2.019,2.019,117976.4
2026-06-11 10:35:00,2.02,2.023,2.014,2.014,91691.6
2026-06-11 10:40:00,2.014,2.021,2.013,2.017,100079.1
2026-06-11 10:45:00,2.018,2.024,2.014,2.016,97002.7
2026-06-11 10:50:00,2.015,2.019,2.011,2.019,151189.1
2026-06-11 10:55:00,2.019,2.026,2.018,2.02,170222.4
2026-06-11 11:00:00,2.019,2.027,2.014,2.023,147196.6
2026-06-11 11:05:00,2.023,2.03,2.02,2.026,120520.8
2026-06-11 11:10:00,2.026,2.031,2.026,2.028,38964.4
2026-06-11 11:15:00,2.027,2.029,2.013,2.017,124526.7
2026-06-11 11:20:00,2.016,2.035,2.01,2.034,172196.1
2026-06-11 11:25:00,2.035,2.042,2.033,2.042,95609.4
2026-06-11 11:30:00,2.042,2.048,2.033,2.039,151916.0
2026-06-11 11:35:00,2.038,2.041,2.033,2.039,110193.6
2026-06-11 11:40:00,2.04,2.048,2.035,2.046,74938.4
2026-06-11 11:45:00,2.046,2.057,2.045,2.054,107557.1
2026-06-11 11:50:00,2.053,2.078,2.053,2.076,258212.2
2026-06-11 11:55:00,2.075,2.079,2.062,2.064,146253.0
2026-06-11 12:00:00,2.064,2.064,2.05,2.057,119958.4
2026-06-11 12:05:00,2.056,2.058,2.049,2.053,73705.5
2026-06-11 12:10:00,2.053,2.061,2.053,2.059,36026.0
2026-06-11 12:15:00,2.06,2.07,2.054,2.057,110751.1
2026-06-11 12:20:00,2.057,2.058,2.015,2.02,413498.8
2026-06-11 12:25:00,2.02,2.03,2.02,2.022,62551.9
2026-06-11 12:30:00,2.022,2.033,2.014,2.023,191044.8
2026-06-11 12:35:00,2.023,2.029,2.022,2.026,110083.8
2026-06-11 12:40:00,2.025,2.026,2.006,2.017,189939.1
2026-06-11 12:45:00,2.017,2.025,2.013,2.019,121571.6
2026-06-11 12:50:00,2.019,2.022,2.01,2.015,110915.7
2026-06-11 12:55:00,2.016,2.025,2.014,2.014,116450.0
2026-06-11 13:00:00,2.013,2.014,2.004,2.011,117746.1
2026-06-11 13:05:00,2.012,2.018,2.01,2.016,53413.7
2026-06-11 13:10:00,2.017,2.028,2.016,2.025,91355.5
2026-06-11 13:15:00,2.026,2.037,2.024,2.03,136631.7
2026-06-11 13:20:00,2.03,2.032,2.008,2.013,135457.5
2026-06-11 13:25:00,2.013,2.021,2.013,2.02,117401.4
2026-06-11 13:30:00,2.019,2.019,2.006,2.017,171692.3
2026-06-11 13:35:00,2.017,2.024,2.015,2.015,157129.8
2026-06-11 13:40:00,2.015,2.02,2.007,2.02,83829.1
2026-06-11 13:45:00,2.02,2.038,2.018,2.029,159969.6
2026-06-11 13:50:00,2.03,2.039,2.023,2.03,245253.8
2026-06-11 13:55:00,2.03,2.034,2.017,2.018,155106.4
2026-06-11 14:00:00,2.018,2.029,2.017,2.027,120419.6
2026-06-11 14:05:00,2.027,2.027,2.011,2.014,126478.1
2026-06-11 14:10:00,2.015,2.015,2.006,2.007,131899.9
2026-06-11 14:15:00,2.006,2.012,1.998,2.002,185580.6
2026-06-11 14:20:00,2.001,2.014,1.999,2.009,82957.2
2026-06-11 14:25:00,2.008,2.009,2.002,2.007,66814.7
2026-06-11 14:30:00,2.007,2.008,1.999,2.004,77514.7
2026-06-11 14:35:00,2.005,2.016,2.004,2.005,93330.5
2026-06-11 14:40:00,2.004,2.014,2.002,2.013,73916.1
2026-06-11 14:45:00,2.013,2.019,2.003,2.007,144918.1
2026-06-11 14:50:00,2.006,2.013,2.004,2.008,104210.2
2026-06-11 14:55:00,2.008,2.011,1.995,1.998,134926.9
2026-06-11 15:00:00,1.998,2.002,1.984,1.995,220971.0
2026-06-11 15:05:00,1.994,2.02,1.99,2.013,152667.9
2026-06-11 15:10:00,2.013,2.025,2.009,2.015,118172.4
2026-06-11 15:15:00,2.014,2.031,2.011,2.03,113175.0
2026-06-11 15:20:00,2.029,2.042,2.027,2.036,134945.8
2026-06-11 15:25:00,2.036,2.036,2.028,2.03,119871.6
2026-06-11 15:30:00,2.03,2.031,2.02,2.027,146819.9
2026-06-11 15:35:00,2.026,2.034,2.023,2.023,76569.5
2026-06-11 15:40:00,2.023,2.027,2.01,2.011,90984.9
2026-06-11 15:45:00,2.011,2.013,2.003,2.003,82666.7
2026-06-11 15:50:00,2.004,2.009,1.995,1.998,129272.3
2026-06-11 15:55:00,1.998,2.012,1.996,2.012,72328.9
2026-06-11 16:00:00,2.012,2.017,2.006,2.014,145407.5
2026-06-11 16:05:00,2.014,2.029,2.005,2.017,135119.3
2026-06-11 16:10:00,2.017,2.028,2.017,2.027,106729.9
2026-06-11 16:15:00,2.028,2.028,2.011,2.012,122659.4
2026-06-11 16:20:00,2.013,2.014,1.999,2.0,67500.0
2026-06-11 16:25:00,2.001,2.006,1.996,2.0,98201.3
2026-06-11 16:30:00,2.0,2.007,1.994,2.002,89362.7
2026-06-11 16:35:00,2.001,2.011,2.001,2.005,91095.5
2026-06-11 16:40:00,2.005,2.007,2.0,2.001,17081.1
2026-06-11 16:45:00,2.001,2.002,1.995,1.996,36501.0
2026-06-11 16:50:00,1.996,1.997,1.99,1.996,55584.1
2026-06-11 16:55:00,1.995,1.995,1.979,1.983,147597.4
2026-06-11 17:00:00,1.983,1.987,1.976,1.982,149587.7
2026-06-11 17:05:00,1.983,1.993,1.982,1.99,102619.6
2026-06-11 17:10:00,1.991,1.991,1.973,1.976,232423.7
2026-06-11 17:15:00,1.975,1.977,1.966,1.966,97007.7
2026-06-11 17:20:00,1.965,1.967,1.959,1.965,136491.8
2026-06-11 17:25:00,1.966,1.995,1.96,1.994,315697.3
2026-06-11 17:30:00,1.994,2.031,1.993,2.026,417402.5
2026-06-11 17:35:00,2.026,2.037,2.02,2.022,225367.6
2026-06-11 17:40:00,2.023,2.051,2.016,2.05,229051.0
2026-06-11 17:45:00,2.051,2.068,2.041,2.067,290261.9
2026-06-11 17:50:00,2.066,2.077,2.061,2.072,313718.2
2026-06-11 17:55:00,2.073,2.077,2.056,2.07,177011.3
2026-06-11 18:00:00,2.07,2.076,2.047,2.051,174865.0
2026-06-11 18:05:00,2.051,2.054,2.032,2.039,244008.0
2026-06-11 18:10:00,2.04,2.055,2.038,2.049,84009.7
2026-06-11 18:15:00,2.049,2.075,2.049,2.072,122591.2
2026-06-11 18:20:00,2.071,2.075,2.054,2.059,145722.7
2026-06-11 18:25:00,2.06,2.063,2.053,2.058,53987.1
2026-06-11 18:30:00,2.059,2.064,2.05,2.061,87890.0
2026-06-11 18:35:00,2.06,2.067,2.06,2.066,56749.7
2026-06-11 18:40:00,2.065,2.078,2.065,2.073,93497.4
2026-06-11 18:45:00,2.073,2.082,2.056,2.057,242940.9
2026-06-11 18:50:00,2.058,2.059,2.049,2.054,106057.3
2026-06-11 18:55:00,2.053,2.056,2.037,2.039,93551.1
2026-06-11 19:00:00,2.038,2.044,2.029,2.032,129475.1
2026-06-11 19:05:00,2.033,2.036,2.024,2.027,78142.3
2026-06-11 19:10:00,2.026,2.038,2.023,2.034,58037.3
2026-06-11 19:15:00,2.034,2.048,2.033,2.045,88458.6
2026-06-11 19:20:00,2.045,2.062,2.042,2.058,89430.7
2026-06-11 19:25:00,2.057,2.062,2.044,2.046,79079.3
2026-06-11 19:30:00,2.046,2.072,2.044,2.061,190212.4
2026-06-11 19:35:00,2.061,2.064,2.056,2.056,44719.0
2026-06-11 19:40:00,2.056,2.066,2.054,2.057,55216.6
2026-06-11 19:45:00,2.058,2.063,2.048,2.051,105080.5
2026-06-11 19:50:00,2.051,2.052,2.043,2.049,47325.0
2026-06-11 19:55:00,2.049,2.049,2.038,2.04,51223.9
2026-06-11 20:00:00,2.041,2.043,2.032,2.039,59277.8
2026-06-11 20:05:00,2.039,2.05,2.039,2.049,45012.5
2026-06-11 20:10:00,2.049,2.05,2.037,2.043,51973.7
2026-06-11 20:15:00,2.043,2.047,2.039,2.047,18018.6
2026-06-11 20:20:00,2.048,2.054,2.045,2.048,32268.2
2026-06-11 20:25:00,2.049,2.049,2.018,2.021,266481.2
2026-06-11 20:30:00,2.02,2.026,2.015,2.023,55579.7
2026-06-11 20:35:00,2.023,2.028,2.014,2.016,67571.8
2026-06-11 20:40:00,2.016,2.024,2.016,2.02,36395.2
2026-06-11 20:45:00,2.019,2.028,2.019,2.027,56217.4
2026-06-11 20:50:00,2.027,2.048,2.027,2.046,54190.6
2026-06-11 20:55:00,2.046,2.049,2.042,2.044,105574.9
2026-06-11 21:00:00,2.045,2.059,2.045,2.058,68337.1
2026-06-11 21:05:00,2.059,2.07,2.059,2.067,64563.0
2026-06-11 21:10:00,2.068,2.111,2.068,2.099,404842.9
2026-06-11 21:15:00,2.099,2.119,2.097,2.104,243772.0
2026-06-11 21:20:00,2.104,2.114,2.089,2.107,202820.3
2026-06-11 21:25:00,2.108,2.11,2.093,2.095,76750.0
2026-06-11 21:30:00,2.095,2.1,2.089,2.092,39576.0
2026-06-11 21:35:00,2.092,2.092,2.075,2.081,170702.0
2026-06-11 21:40:00,2.081,2.088,2.075,2.088,35084.8
2026-06-11 21:45:00,2.088,2.098,2.085,2.09,83860.5
2026-06-11 21:50:00,2.091,2.096,2.083,2.087,21619.7
2026-06-11 21:55:00,2.086,2.094,2.078,2.094,67671.2
2026-06-11 22:00:00,2.095,2.095,2.07,2.07,134565.6
2026-06-11 22:05:00,2.07,2.08,2.067,2.079,76509.6
2026-06-11 22:10:00,2.079,2.079,2.067,2.072,92331.8
2026-06-11 22:15:00,2.072,2.076,2.07,2.071,18172.0
2026-06-11 22:20:00,2.07,2.072,2.057,2.064,126660.0
2026-06-11 22:25:00,2.064,2.064,2.056,2.063,36353.7
2026-06-11 22:30:00,2.064,2.076,2.057,2.06,115485.4
2026-06-11 22:35:00,2.06,2.065,2.056,2.061,26337.4
2026-06-11 22:40:00,2.062,2.066,2.058,2.061,37199.5
2026-06-11 22:45:00,2.06,2.068,2.056,2.068,20814.4
2026-06-11 22:50:00,2.068,2.072,2.063,2.066,57629.7
2026-06-11 22:55:00,2.066,2.07,2.063,2.063,17082.7
2026-06-11 23:00:00,2.063,2.063,2.049,2.053,77562.8
2026-06-11 23:05:00,2.054,2.056,2.047,2.048,29386.0
2026-06-11 23:10:00,2.047,2.055,2.046,2.055,29658.0
2026-06-11 23:15:00,2.054,2.059,2.051,2.056,33451.2
2026-06-11 23:20:00,2.056,2.059,2.051,2.055,20279.5
2026-06-11 23:25:00,2.055,2.061,2.054,2.056,10759.8
2026-06-11 23:30:00,2.056,2.071,2.055,2.07,52868.7
2026-06-11 23:35:00,2.071,2.075,2.067,2.072,33976.8
2026-06-11 23:40:00,2.073,2.081,2.073,2.079,48891.1
2026-06-11 23:45:00,2.078,2.078,2.066,2.066,39169.9
2026-06-11 23:50:00,2.066,2.066,2.057,2.066,55326.0
2026-06-11 23:55:00,2.067,2.073,2.062,2.066,80818.3
2026-06-12 00:00:00,2.066,2.067,2.057,2.064,55130.0
2026-06-12 00:05:00,2.064,2.076,2.064,2.074,65945.2
2026-06-12 00:10:00,2.074,2.076,2.06,2.062,55183.8
2026-06-12 00:15:00,2.062,2.065,2.05,2.062,67526.7
2026-06-12 00:20:00,2.062,2.067,2.057,2.057,33417.2
2026-06-12 00:25:00,2.057,2.064,2.054,2.061,47493.2
2026-06-12 00:30:00,2.061,2.066,2.057,2.06,39272.8
2026-06-12 00:35:00,2.061,2.065,2.054,2.055,48496.4
2026-06-12 00:40:00,2.055,2.068,2.053,2.065,44144.4
2026-06-12 00:45:00,2.065,2.067,2.063,2.064,32885.2
2026-06-12 00:50:00,2.063,2.066,2.057,2.063,21567.4
2026-06-12 00:55:00,2.064,2.068,2.059,2.059,22505.3
2026-06-12 01:00:00,2.059,2.06,2.052,2.057,24234.5
2026-06-12 01:05:00,2.058,2.061,2.054,2.057,38601.2
2026-06-12 01:10:00,2.057,2.057,2.042,2.046,72132.1
2026-06-12 01:15:00,2.045,2.052,2.044,2.046,31630.8
2026-06-12 01:20:00,2.045,2.045,2.038,2.038,35622.5
2026-06-12 01:25:00,2.038,2.041,2.032,2.036,83120.2
2026-06-12 01:30:00,2.036,2.045,2.036,2.039,51641.5
2026-06-12 01:35:00,2.04,2.041,2.036,2.038,18814.5
2026-06-12 01:40:00,2.039,2.049,2.039,2.047,23477.5
2026-06-12 01:45:00,2.048,2.059,2.047,2.059,29077.3
2026-06-12 01:50:00,2.06,2.062,2.056,2.062,58734.7
2026-06-12 01:55:00,2.063,2.065,2.054,2.064,40082.3
2026-06-12 02:00:00,2.064,2.072,2.064,2.066,49020.0
2026-06-12 02:05:00,2.065,2.08,2.065,2.071,63190.4
2026-06-12 02:10:00,2.072,2.076,2.07,2.075,28867.0
2026-06-12 02:15:00,2.076,2.079,2.068,2.075,55963.1
2026-06-12 02:20:00,2.076,2.098,2.076,2.097,119044.0
2026-06-12 02:25:00,2.096,2.097,2.085,2.09,97604.0
2026-06-12 02:30:00,2.091,2.097,2.084,2.086,50872.6
2026-06-12 02:35:00,2.085,2.098,2.083,2.097,57978.4
2026-06-12 02:40:00,2.096,2.105,2.093,2.104,178373.5
2026-06-12 02:45:00,2.104,2.109,2.101,2.104,118968.9
2026-06-12 02:50:00,2.105,2.109,2.103,2.105,55018.5
2026-06-12 02:55:00,2.105,2.106,2.094,2.096,56677.5
2026-06-12 03:00:00,2.096,2.104,2.096,2.1,50206.1
2026-06-12 03:05:00,2.099,2.103,2.092,2.097,106528.1
2026-06-12 03:10:00,2.096,2.104,2.096,2.102,44373.5
2026-06-12 03:15:00,2.102,2.102,2.091,2.091,39022.2
2026-06-12 03:20:00,2.09,2.096,2.083,2.086,47185.2
2026-06-12 03:25:00,2.086,2.09,2.08,2.087,38309.1
2026-06-12 03:30:00,2.088,2.09,2.078,2.082,34923.0
2026-06-12 03:35:00,2.082,2.085,2.077,2.083,35436.1
2026-06-12 03:40:00,2.082,2.084,2.076,2.079,30429.9
2026-06-12 03:45:00,2.08,2.085,2.076,2.077,57324.8
2026-06-12 03:50:00,2.077,2.088,2.075,2.087,34064.4
2026-06-12 03:55:00,2.086,2.089,2.079,2.083,20906.7
2026-06-12 04:00:00,2.083,2.088,2.078,2.085,51521.2
2026-06-12 04:05:00,2.085,2.085,2.077,2.082,19640.5
2026-06-12 04:10:00,2.081,2.085,2.076,2.077,35024.3
2026-06-12 04:15:00,2.077,2.095,2.077,2.092,54818.2
2026-06-12 04:20:00,2.092,2.095,2.088,2.09,18224.0
2026-06-12 04:25:00,2.09,2.101,2.09,2.099,30577.8
2026-06-12 04:30:00,2.099,2.102,2.094,2.097,30500.6
2026-06-12 04:35:00,2.097,2.1,2.089,2.091,35464.1
2026-06-12 04:40:00,2.092,2.096,2.085,2.096,31796.6
2026-06-12 04:45:00,2.097,2.101,2.093,2.096,42994.3
2026-06-12 04:50:00,2.096,2.101,2.094,2.096,25830.3
2026-06-12 04:55:00,2.095,2.098,2.088,2.096,47697.9
2026-06-12 05:00:00,2.095,2.1,2.09,2.091,46770.1
2026-06-12 05:05:00,2.091,2.094,2.084,2.084,67218.8
2026-06-12 05:10:00,2.083,2.083,2.066,2.067,76223.0
2026-06-12 05:15:00,2.068,2.078,2.066,2.076,73994.9
2026-06-12 05:20:00,2.075,2.079,2.068,2.07,36317.5
2026-06-12 05:25:00,2.069,2.075,2.068,2.072,19128.7
2026-06-12 05:30:00,2.072,2.075,2.063,2.07,54625.7
2026-06-12 05:35:00,2.07,2.071,2.053,2.058,53841.5
2026-06-12 05:40:00,2.058,2.058,2.053,2.054,54746.0
2026-06-12 05:45:00,2.055,2.057,2.051,2.056,44155.3
2026-06-12 05:50:00,2.057,2.057,2.046,2.05,91519.1
2026-06-12 05:55:00,2.049,2.052,2.044,2.044,36863.7
2026-06-12 06:00:00,2.044,2.051,2.042,2.049,48980.8
2026-06-12 06:05:00,2.05,2.053,2.046,2.046,50037.8
2026-06-12 06:10:00,2.047,2.05,2.037,2.04,70380.4
2026-06-12 06:15:00,2.041,2.041,2.032,2.038,57220.0
2026-06-12 06:20:00,2.038,2.045,2.032,2.043,52940.7
2026-06-12 06:25:00,2.043,2.044,2.033,2.033,35240.1
2026-06-12 06:30:00,2.033,2.033,2.02,2.023,113399.3
2026-06-12 06:35:00,2.024,2.064,2.023,2.058,274103.7
2026-06-12 06:40:00,2.058,2.07,2.055,2.062,341595.9
2026-06-12 06:45:00,2.063,2.072,2.053,2.064,183236.4
2026-06-12 06:50:00,2.064,2.064,2.047,2.058,92405.3
2026-06-12 06:55:00,2.058,2.061,2.049,2.05,38829.9
2026-06-12 07:00:00,2.051,2.064,2.051,2.061,45180.3
2026-06-12 07:05:00,2.061,2.1,2.056,2.09,317188.9
2026-06-12 07:10:00,2.089,2.103,2.086,2.094,316305.2
2026-06-12 07:15:00,2.094,2.123,2.092,2.122,226091.0
2026-06-12 07:20:00,2.122,2.134,2.107,2.119,218405.1
2026-06-12 07:25:00,2.119,2.119,2.105,2.116,135302.9
2026-06-12 07:30:00,2.117,2.119,2.099,2.105,104909.6
2026-06-12 07:35:00,2.104,2.114,2.095,2.11,110891.9
2026-06-12 07:40:00,2.11,2.112,2.097,2.1,59094.0
2026-06-12 07:45:00,2.1,2.105,2.089,2.093,119526.7
2026-06-12 07:50:00,2.093,2.098,2.081,2.085,149095.5
2026-06-12 07:55:00,2.085,2.099,2.082,2.089,103499.1
2026-06-12 08:00:00,2.089,2.106,2.085,2.103,154446.0
2026-06-12 08:05:00,2.104,2.107,2.096,2.099,128426.0
2026-06-12 08:10:00,2.099,2.102,2.091,2.095,55448.2
2026-06-12 08:15:00,2.096,2.116,2.091,2.116,64808.7
2026-06-12 08:20:00,2.115,2.118,2.11,2.112,48137.7
2026-06-12 08:25:00,2.112,2.123,2.109,2.123,69331.7
2026-06-12 08:30:00,2.123,2.128,2.117,2.127,61119.1
2026-06-12 08:35:00,2.126,2.139,2.124,2.138,118814.8
2026-06-12 08:40:00,2.138,2.139,2.116,2.118,97963.2
2026-06-12 08:45:00,2.118,2.137,2.118,2.135,41648.0
2026-06-12 08:50:00,2.135,2.139,2.129,2.138,72879.8
2026-06-12 08:55:00,2.138,2.147,2.131,2.145,132186.3
2026-06-12 09:00:00,2.145,2.146,2.135,2.136,59684.4
2026-06-12 09:05:00,2.135,2.14,2.126,2.126,56901.1
2026-06-12 09:10:00,2.126,2.128,2.117,2.12,92908.9
2026-06-12 09:15:00,2.12,2.125,2.112,2.116,85885.7
2026-06-12 09:20:00,2.117,2.133,2.115,2.122,84173.9
2026-06-12 09:25:00,2.123,2.129,2.122,2.123,40462.5
2026-06-12 09:30:00,2.123,2.144,2.12,2.133,160238.3
2026-06-12 09:35:00,2.132,2.145,2.13,2.141,55747.6
2026-06-12 09:40:00,2.141,2.144,2.132,2.132,39394.1
2026-06-12 09:45:00,2.132,2.135,2.127,2.13,49525.7
2026-06-12 09:50:00,2.131,2.132,2.118,2.12,81794.4
2026-06-12 09:55:00,2.119,2.124,2.11,2.124,102391.4
2026-06-12 10:00:00,2.124,2.127,2.118,2.124,47072.9
2026-06-12 10:05:00,2.123,2.139,2.12,2.138,55328.1
2026-06-12 10:10:00,2.138,2.141,2.13,2.14,66329.6
2026-06-12 10:15:00,2.14,2.155,2.134,2.134,108847.7
2026-06-12 10:20:00,2.134,2.136,2.112,2.117,165372.6
2026-06-12 10:25:00,2.117,2.12,2.078,2.084,379569.8
2026-06-12 10:30:00,2.085,2.1,2.084,2.094,115856.1
2026-06-12 10:35:00,2.094,2.098,2.091,2.094,25033.7
2026-06-12 10:40:00,2.093,2.096,2.09,2.096,39027.8
2026-06-12 10:45:00,2.097,2.108,2.093,2.107,54612.9
2026-06-12 10:50:00,2.107,2.11,2.104,2.105,51403.6
2026-06-12 10:55:00,2.105,2.108,2.099,2.1,42225.3
2026-06-12 11:00:00,2.1,2.113,2.099,2.105,97934.7
2026-06-12 11:05:00,2.105,2.115,2.103,2.104,42977.1
2026-06-12 11:10:00,2.104,2.113,2.102,2.109,30963.5
2026-06-12 11:15:00,2.11,2.111,2.095,2.097,68508.4
2026-06-12 11:20:00,2.097,2.104,2.096,2.104,21793.9
2026-06-12 11:25:00,2.105,2.106,2.094,2.097,29883.8
2026-06-12 11:30:00,2.097,2.105,2.092,2.096,142770.8
2026-06-12 11:35:00,2.097,2.097,2.091,2.093,26780.1
2026-06-12 11:40:00,2.094,2.105,2.086,2.097,222977.9
2026-06-12 11:45:00,2.098,2.102,2.095,2.095,68271.1
2026-06-12 11:50:00,2.096,2.097,2.091,2.097,39365.4
2026-06-12 11:55:00,2.098,2.099,2.091,2.093,21088.5
2026-06-12 12:00:00,2.092,2.107,2.088,2.1,109853.2
2026-06-12 12:05:00,2.1,2.116,2.099,2.115,64467.6
2026-06-12 12:10:00,2.115,2.12,2.106,2.114,59053.4
2026-06-12 12:15:00,2.114,2.122,2.114,2.117,54755.4
2026-06-12 12:20:00,2.117,2.121,2.109,2.114,32568.9
2026-06-12 12:25:00,2.115,2.115,2.102,2.107,73709.7
2026-06-12 12:30:00,2.107,2.118,2.104,2.112,49798.3
2026-06-12 12:35:00,2.112,2.112,2.098,2.1,72692.2
2026-06-12 12:40:00,2.101,2.115,2.098,2.109,60343.1
2026-06-12 12:45:00,2.109,2.116,2.104,2.112,45984.9
2026-06-12 12:50:00,2.111,2.113,2.098,2.103,56980.8
2026-06-12 12:55:00,2.103,2.105,2.096,2.101,84985.8
2026-06-12 13:00:00,2.101,2.105,2.089,2.093,72902.6
2026-06-12 13:05:00,2.094,2.095,2.09,2.093,56245.5
2026-06-12 13:10:00,2.092,2.093,2.082,2.093,93950.8
2026-06-12 13:15:00,2.092,2.102,2.089,2.098,61443.7
2026-06-12 13:20:00,2.099,2.099,2.085,2.088,36316.7
2026-06-12 13:25:00,2.088,2.091,2.085,2.088,48865.4
2026-06-12 13:30:00,2.088,2.088,2.067,2.068,205244.0
2026-06-12 13:35:00,2.068,2.077,2.068,2.073,116839.7
2026-06-12 13:40:00,2.073,2.073,2.053,2.063,193639.3
2026-06-12 13:45:00,2.063,2.067,2.057,2.067,53357.6
2026-06-12 13:50:00,2.066,2.071,2.06,2.061,65139.2
2026-06-12 13:55:00,2.061,2.063,2.05,2.063,81308.5
2026-06-12 14:00:00,2.064,2.075,2.062,2.075,220865.0
2026-06-12 14:05:00,2.075,2.08,2.071,2.072,87955.8
2026-06-12 14:10:00,2.071,2.076,2.069,2.074,52564.4
2026-06-12 14:15:00,2.074,2.077,2.052,2.052,112381.3
2026-06-12 14:20:00,2.052,2.065,2.05,2.06,161120.2
2026-06-12 14:25:00,2.06,2.075,2.06,2.071,115655.9
2026-06-12 14:30:00,2.071,2.073,2.062,2.071,86756.1
2026-06-12 14:35:00,2.071,2.078,2.069,2.074,112326.3
2026-06-12 14:40:00,2.073,2.074,2.056,2.058,274889.3
2026-06-12 14:45:00,2.057,2.068,2.055,2.061,61892.0
2026-06-12 14:50:00,2.061,2.091,2.061,2.089,164875.5
2026-06-12 14:55:00,2.09,2.093,2.078,2.085,226820.7
2026-06-12 15:00:00,2.084,2.099,2.082,2.09,261973.3
2026-06-12 15:05:00,2.09,2.116,2.089,2.11,224328.3
2026-06-12 15:10:00,2.111,2.123,2.111,2.122,150131.5
2026-06-12 15:15:00,2.122,2.127,2.108,2.118,180817.4
2026-06-12 15:20:00,2.118,2.119,2.095,2.103,282745.1
2026-06-12 15:25:00,2.104,2.104,2.091,2.093,116734.7
2026-06-12 15:30:00,2.093,2.093,2.082,2.086,129050.4
2026-06-12 15:35:00,2.085,2.097,2.054,2.068,624909.4
2026-06-12 15:40:00,2.068,2.07,2.057,2.067,107715.4
2026-06-12 15:45:00,2.067,2.068,2.048,2.055,104032.7
2026-06-12 15:50:00,2.055,2.064,2.054,2.06,82997.1
2026-06-12 15:55:00,2.06,2.061,2.033,2.038,194552.8
2026-06-12 16:00:00,2.038,2.04,2.018,2.031,429461.2
2026-06-12 16:05:00,2.031,2.033,2.019,2.028,137056.1
2026-06-12 16:10:00,2.027,2.047,2.022,2.044,182041.0
2026-06-12 16:15:00,2.044,2.045,2.03,2.03,133410.5
2026-06-12 16:20:00,2.031,2.037,2.026,2.029,91283.9
2026-06-12 16:25:00,2.029,2.044,2.025,2.041,89232.3
2026-06-12 16:30:00,2.04,2.047,2.036,2.042,91337.8
2026-06-12 16:35:00,2.042,2.049,2.038,2.048,71578.4
2026-06-12 16:40:00,2.048,2.051,2.035,2.041,137555.3
2026-06-12 16:45:00,2.042,2.052,2.04,2.052,92642.6
2026-06-12 16:50:00,2.052,2.057,2.048,2.053,81068.9
2026-06-12 16:55:00,2.052,2.055,2.047,2.055,63897.9
2026-06-12 17:00:00,2.056,2.06,2.053,2.057,85507.8
2026-06-12 17:05:00,2.058,2.071,2.058,2.065,90439.7
2026-06-12 17:10:00,2.066,2.067,2.054,2.061,50936.5
2026-06-12 17:15:00,2.06,2.065,2.056,2.062,54794.6
2026-06-12 17:20:00,2.062,2.068,2.055,2.058,45966.5
2026-06-12 17:25:00,2.059,2.066,2.055,2.066,25036.6
2026-06-12 17:30:00,2.066,2.069,2.06,2.066,26919.0
2026-06-12 17:35:00,2.067,2.071,2.062,2.064,39608.9
2026-06-12 17:40:00,2.064,2.065,2.055,2.061,47796.1
2026-06-12 17:45:00,2.062,2.068,2.062,2.065,18438.7
2026-06-12 17:50:00,2.065,2.065,2.057,2.059,26797.4
2026-06-12 17:55:00,2.059,2.064,2.053,2.057,43367.8
2026-06-12 18:00:00,2.058,2.061,2.056,2.057,31306.0
2026-06-12 18:05:00,2.057,2.057,2.038,2.04,142490.6
2026-06-12 18:10:00,2.04,2.045,2.034,2.034,73750.5
2026-06-12 18:15:00,2.035,2.038,2.026,2.031,65658.7
2026-06-12 18:20:00,2.031,2.033,2.029,2.032,24939.4
2026-06-12 18:25:00,2.033,2.037,2.029,2.036,48056.6
2026-06-12 18:30:00,2.036,2.038,2.03,2.034,140226.3
2026-06-12 18:35:00,2.035,2.042,2.033,2.04,51412.4
2026-06-12 18:40:00,2.04,2.045,2.039,2.044,46498.2
2026-06-12 18:45:00,2.043,2.045,2.031,2.031,41915.1
2026-06-12 18:50:00,2.032,2.037,2.03,2.032,23524.7
2026-06-12 18:55:00,2.031,2.031,2.021,2.022,57518.3
2026-06-12 19:00:00,2.023,2.031,2.022,2.028,32327.6
2026-06-12 19:05:00,2.027,2.036,2.025,2.032,34452.7
2026-06-12 19:10:00,2.032,2.036,2.029,2.035,26211.5
2026-06-12 19:15:00,2.035,2.035,2.028,2.032,17552.1
2026-06-12 19:20:00,2.031,2.031,2.026,2.028,14627.2
2026-06-12 19:25:00,2.029,2.037,2.028,2.032,17830.7
2026-06-12 19:30:00,2.032,2.032,2.022,2.024,13027.4
2026-06-12 19:35:00,2.023,2.041,2.022,2.031,109863.0
2026-06-12 19:40:00,2.03,2.031,2.022,2.023,20588.8
2026-06-12 19:45:00,2.024,2.026,2.013,2.018,65241.7
2026-06-12 19:50:00,2.019,2.02,2.006,2.008,82644.8
2026-06-12 19:55:00,2.007,2.011,2.006,2.008,48386.5
2026-06-12 20:00:00,2.008,2.014,2.0,2.011,117080.5
2026-06-12 20:05:00,2.011,2.012,2.007,2.009,69173.7
2026-06-12 20:10:00,2.008,2.016,2.006,2.016,44335.4
2026-06-12 20:15:00,2.016,2.016,2.003,2.011,59671.3
2026-06-12 20:20:00,2.011,2.017,2.01,2.015,41310.4
2026-06-12 20:25:00,2.015,2.018,2.013,2.017,44727.6
2026-06-12 20:30:00,2.018,2.021,2.011,2.011,60122.8
2026-06-12 20:35:00,2.011,2.015,2.008,2.009,37701.5
2026-06-12 20:40:00,2.009,2.015,2.009,2.011,14272.6
2026-06-12 20:45:00,2.011,2.013,1.986,1.988,345691.4
2026-06-12 20:50:00,1.988,1.992,1.977,1.987,333262.8
2026-06-12 20:55:00,1.986,1.998,1.986,1.998,115694.6
2026-06-12 21:00:00,1.998,2.001,1.995,1.996,56859.6
2026-06-12 21:05:00,1.997,2.007,1.997,2.004,61201.4
2026-06-12 21:10:00,2.005,2.011,2.003,2.011,55228.4
2026-06-12 21:15:00,2.011,2.015,2.011,2.013,87773.1
2026-06-12 21:20:00,2.012,2.014,2.008,2.01,47305.5
2026-06-12 21:25:00,2.01,2.011,2.007,2.008,31405.8
2026-06-12 21:30:00,2.009,2.015,2.009,2.012,44019.9
2026-06-12 21:35:00,2.012,2.015,2.012,2.015,11147.3
2026-06-12 21:40:00,2.015,2.015,2.011,2.012,25527.7
2026-06-12 21:45:00,2.011,2.011,2.004,2.005,29311.6
2026-06-12 21:50:00,2.005,2.005,1.981,1.995,217420.5
2026-06-12 21:55:00,1.995,2.0,1.988,1.993,66954.8
2026-06-12 22:00:00,1.994,2.002,1.992,2.001,42438.8
2026-06-12 22:05:00,2.001,2.006,1.997,2.006,26418.0
2026-06-12 22:10:00,2.006,2.006,1.999,2.002,22131.0
2026-06-12 22:15:00,2.002,2.005,2.0,2.002,24838.5
2026-06-12 22:20:00,2.002,2.011,2.002,2.008,20670.7
2026-06-12 22:25:00,2.009,2.011,2.006,2.006,43544.5
2026-06-12 22:30:00,2.006,2.008,2.001,2.001,37148.5
2026-06-12 22:35:00,2.001,2.007,1.998,2.004,48662.7
2026-06-12 22:40:00,2.003,2.007,2.001,2.003,20794.0
2026-06-12 22:45:00,2.002,2.006,2.0,2.0,17527.8
2026-06-12 22:50:00,2.0,2.002,1.998,2.001,16826.0
2026-06-12 22:55:00,2.002,2.008,2.002,2.006,28453.5
2026-06-12 23:00:00,2.006,2.007,1.998,2.003,56939.0
2026-06-12 23:05:00,2.002,2.009,2.0,2.002,94993.4
2026-06-12 23:10:00,2.001,2.004,1.999,1.999,31733.0
2026-06-12 23:15:00,1.999,2.003,1.996,1.998,21501.3
2026-06-12 23:20:00,1.997,2.002,1.995,2.002,43583.9
2026-06-12 23:25:00,2.002,2.007,2.0,2.003,42969.2
2026-06-12 23:30:00,2.003,2.005,2.0,2.004,22204.5
2026-06-12 23:35:00,2.004,2.011,2.004,2.01,24590.5
2026-06-12 23:40:00,2.009,2.013,2.003,2.003,21238.4
2026-06-12 23:45:00,2.003,2.007,2.003,2.003,15645.5
2026-06-12 23:50:00,2.003,2.01,2.003,2.007,36986.4
2026-06-12 23:55:00,2.008,2.014,2.007,2.011,12027.7
2026-06-13 00:00:00,2.011,2.011,2.002,2.002,73412.1
2026-06-13 00:05:00,2.002,2.007,2.0,2.002,10225.3
2026-06-13 00:10:00,2.001,2.007,2.0,2.007,18477.7
2026-06-13 00:15:00,2.007,2.007,1.998,2.002,25009.0
2026-06-13 00:20:00,2.002,2.008,2.0,2.005,37516.9
2026-06-13 00:25:00,2.005,2.006,1.999,1.999,23194.6
2026-06-13 00:30:00,1.998,2.005,1.998,2.001,13760.1
2026-06-13 00:35:00,2.002,2.008,2.002,2.008,14781.8
2026-06-13 00:40:00,2.009,2.009,2.001,2.002,12349.6
2026-06-13 00:45:00,2.001,2.009,2.001,2.005,25228.3
2026-06-13 00:50:00,2.005,2.008,2.001,2.005,80675.4
2026-06-13 00:55:00,2.005,2.01,2.005,2.007,20465.3
2026-06-13 01:00:00,2.007,2.01,2.007,2.009,18896.5
2026-06-13 01:05:00,2.008,2.013,2.007,2.011,24533.1
2026-06-13 01:10:00,2.012,2.013,2.005,2.011,57951.9
2026-06-13 01:15:00,2.011,2.012,2.002,2.003,33545.6
2026-06-13 01:20:00,2.003,2.019,2.003,2.015,73366.1
2026-06-13 01:25:00,2.014,2.016,2.011,2.013,32198.7
2026-06-13 01:30:00,2.013,2.014,2.009,2.01,24679.4
2026-06-13 01:35:00,2.011,2.014,2.009,2.012,22666.7
2026-06-13 01:40:00,2.011,2.02,2.008,2.012,110161.3
2026-06-13 01:45:00,2.012,2.016,2.011,2.014,31844.4
2026-06-13 01:50:00,2.014,2.016,2.012,2.014,90391.5
2026-06-13 01:55:00,2.013,2.016,2.012,2.014,100574.8
2026-06-13 02:00:00,2.015,2.015,2.005,2.01,115983.4
2026-06-13 02:05:00,2.01,2.019,2.008,2.016,97731.5
2026-06-13 02:10:00,2.017,2.022,2.015,2.02,53488.1
2026-06-13 02:15:00,2.021,2.021,2.015,2.017,59116.0
2026-06-13 02:20:00,2.016,2.016,2.012,2.014,27188.7
2026-06-13 02:25:00,2.014,2.017,2.011,2.016,27517.5
2026-06-13 02:30:00,2.016,2.019,2.006,2.01,82223.2
2026-06-13 02:35:00,2.01,2.018,2.008,2.017,30007.8
2026-06-13 02:40:00,2.016,2.019,2.014,2.016,17804.2
2026-06-13 02:45:00,2.016,2.019,2.016,2.017,20696.6
2026-06-13 02:50:00,2.017,2.017,2.011,2.016,10731.8
2026-06-13 02:55:00,2.015,2.023,2.015,2.022,11442.4
2026-06-13 03:00:00,2.022,2.029,2.021,2.028,60351.1
2026-06-13 03:05:00,2.029,2.034,2.027,2.032,36086.4
2026-06-13 03:10:00,2.032,2.035,2.025,2.026,62067.2
2026-06-13 03:15:00,2.025,2.027,2.016,2.018,17450.8
2026-06-13 03:20:00,2.019,2.02,2.011,2.016,17917.1
2026-06-13 03:25:00,2.017,2.019,2.01,2.018,64283.1
2026-06-13 03:30:00,2.018,2.019,2.013,2.016,15010.2
2026-06-13 03:35:00,2.016,2.021,2.015,2.021,9822.5
2026-06-13 03:40:00,2.022,2.022,2.012,2.014,20785.7
2026-06-13 03:45:00,2.015,2.016,2.01,2.011,20528.9
2026-06-13 03:50:00,2.011,2.021,2.011,2.02,110946.8
2026-06-13 03:55:00,2.02,2.023,2.011,2.014,54672.4
2026-06-13 04:00:00,2.013,2.017,2.006,2.007,16475.9
2026-06-13 04:05:00,2.007,2.008,1.995,1.997,67481.8
2026-06-13 04:10:00,1.996,2.002,1.996,2.0,57868.9
2026-06-13 04:15:00,2.0,2.004,1.999,2.003,27072.3
2026-06-13 04:20:00,2.004,2.009,2.002,2.007,12463.0
2026-06-13 04:25:00,2.006,2.008,2.004,2.004,5439.7
2026-06-13 04:30:00,2.005,2.017,2.004,2.014,19683.6
2026-06-13 04:35:00,2.014,2.015,2.01,2.013,22611.8
2026-06-13 04:40:00,2.013,2.016,2.011,2.012,20322.5
2026-06-13 04:45:00,2.011,2.016,2.01,2.016,24689.1
2026-06-13 04:50:00,2.016,2.019,2.011,2.012,16984.6
2026-06-13 04:55:00,2.013,2.013,1.999,1.999,24609.4
2026-06-13 05:00:00,1.999,2.003,1.995,1.999,29136.3
2026-06-13 05:05:00,1.998,1.998,1.991,1.998,49222.5
2026-06-13 05:10:00,1.998,2.005,1.998,1.999,14677.0
2026-06-13 05:15:00,1.999,2.003,1.991,1.998,105537.2
2026-06-13 05:20:00,1.998,2.0,1.995,1.996,19556.9
2026-06-13 05:25:00,1.997,2.002,1.995,1.998,11734.6
2026-06-13 05:30:00,1.999,2.002,1.994,1.997,32053.6
2026-06-13 05:35:00,1.997,1.998,1.991,1.994,15233.2
2026-06-13 05:40:00,1.994,1.999,1.993,1.997,28024.6
2026-06-13 05:45:00,1.996,1.998,1.991,1.995,13973.7
2026-06-13 05:50:00,1.995,1.997,1.99,1.995,14475.4
2026-06-13 05:55:00,1.995,2.005,1.995,2.001,41461.3
2026-06-13 06:00:00,2.002,2.003,1.997,2.001,41988.3
2026-06-13 06:05:00,2.002,2.005,2.001,2.003,10656.6
2026-06-13 06:10:00,2.003,2.005,1.996,1.996,10093.4
2026-06-13 06:15:00,1.997,1.997,1.99,1.996,27178.9
2026-06-13 06:20:00,1.996,1.998,1.994,1.994,20197.9
2026-06-13 06:25:00,1.993,2.008,1.992,2.007,20850.2
2026-06-13 06:30:00,2.007,2.01,2.003,2.005,50108.3
2026-06-13 06:35:00,2.004,2.012,2.003,2.004,39163.1
2026-06-13 06:40:00,2.004,2.01,2.002,2.008,24613.1
2026-06-13 06:45:00,2.009,2.024,2.009,2.022,149347.9
2026-06-13 06:50:00,2.023,2.03,2.021,2.028,74253.5
2026-06-13 06:55:00,2.028,2.031,2.025,2.028,79764.9
2026-06-13 07:00:00,2.028,2.03,2.007,2.008,163284.4
2026-06-13 07:05:00,2.009,2.017,2.005,2.016,77812.4
2026-06-13 07:10:00,2.016,2.026,2.015,2.021,73212.1
2026-06-13 07:15:00,2.022,2.022,2.015,2.021,66624.8
2026-06-13 07:20:00,2.021,2.03,2.021,2.029,62901.6
2026-06-13 07:25:00,2.03,2.057,2.029,2.053,318911.1
2026-06-13 07:30:00,2.053,2.055,2.039,2.042,146673.6
2026-06-13 07:35:00,2.042,2.05,2.042,2.044,76315.5
2026-06-13 07:40:00,2.044,2.044,2.033,2.038,43260.6
2026-06-13 07:45:00,2.038,2.043,2.033,2.04,55406.6
2026-06-13 07:50:00,2.041,2.041,2.031,2.038,55317.1
2026-06-13 07:55:00,2.037,2.037,2.024,2.027,48153.9
2026-06-13 08:00:00,2.026,2.028,2.018,2.022,53258.6
2026-06-13 08:05:00,2.022,2.03,2.016,2.03,65623.1
2026-06-13 08:10:00,2.029,2.031,2.022,2.025,48038.7
2026-06-13 08:15:00,2.025,2.04,2.024,2.033,49696.2
2026-06-13 08:20:00,2.033,2.034,2.024,2.024,63374.2
2026-06-13 08:25:00,2.024,2.034,2.021,2.032,65939.7
2026-06-13 08:30:00,2.032,2.037,2.032,2.035,57366.1
2026-06-13 08:35:00,2.036,2.047,2.035,2.047,67447.0
2026-06-13 08:40:00,2.046,2.047,2.034,2.034,51310.8
2026-06-13 08:45:00,2.034,2.037,2.028,2.028,35649.1
2026-06-13 08:50:00,2.028,2.031,2.023,2.026,58518.0
2026-06-13 08:55:00,2.025,2.027,2.022,2.025,20029.8
2026-06-13 09:00:00,2.025,2.031,2.024,2.03,43997.2
2026-06-13 09:05:00,2.03,2.031,2.018,2.019,44336.5
2026-06-13 09:10:00,2.02,2.027,2.014,2.027,48411.1
2026-06-13 09:15:00,2.027,2.031,2.024,2.028,33637.9
2026-06-13 09:20:00,2.027,2.035,2.025,2.028,45320.9
2026-06-13 09:25:00,2.029,2.029,2.021,2.024,28318.4
2026-06-13 09:30:00,2.023,2.03,2.023,2.025,18151.1
2026-06-13 09:35:00,2.025,2.026,2.021,2.023,29907.9
2026-06-13 09:40:00,2.023,2.027,2.023,2.026,12605.9
2026-06-13 09:45:00,2.026,2.029,2.024,2.027,20732.1
2026-06-13 09:50:00,2.026,2.03,2.023,2.024,34823.0
2026-06-13 09:55:00,2.025,2.032,2.024,2.027,18471.1
2026-06-13 10:00:00,2.028,2.03,2.024,2.026,25069.5
2026-06-13 10:05:00,2.027,2.029,2.02,2.021,32891.8
2026-06-13 10:10:00,2.021,2.028,2.021,2.027,9094.4
2026-06-13 10:15:00,2.027,2.032,2.021,2.027,48072.9
2026-06-13 10:20:00,2.028,2.029,2.025,2.028,6645.5
2026-06-13 10:25:00,2.028,2.032,2.024,2.025,17667.6
2026-06-13 10:30:00,2.026,2.032,2.025,2.031,15980.4
2026-06-13 10:35:00,2.03,2.038,2.028,2.033,31979.1
2026-06-13 10:40:00,2.033,2.034,2.028,2.031,15764.3
2026-06-13 10:45:00,2.031,2.037,2.028,2.029,9645.0
2026-06-13 10:50:00,2.028,2.031,2.018,2.02,40310.3
2026-06-13 10:55:00,2.021,2.026,2.016,2.026,33368.3
2026-06-13 11:00:00,2.026,2.027,2.022,2.023,18841.8
2026-06-13 11:05:00,2.024,2.025,2.02,2.024,23510.0
2026-06-13 11:10:00,2.024,2.03,2.023,2.03,20500.3
2026-06-13 11:15:00,2.03,2.039,2.028,2.037,43146.5
2026-06-13 11:20:00,2.036,2.04,2.035,2.039,41095.4
2026-06-13 11:25:00,2.039,2.048,2.038,2.047,44635.8
2026-06-13 11:30:00,2.046,2.047,2.038,2.043,84287.3
2026-06-13 11:35:00,2.043,2.044,2.035,2.04,56153.9
2026-06-13 11:40:00,2.039,2.042,2.035,2.036,18025.2
2026-06-13 11:45:00,2.037,2.046,2.037,2.04,71501.1
2026-06-13 11:50:00,2.04,2.043,2.036,2.039,78649.7
2026-06-13 11:55:00,2.04,2.048,2.04,2.043,92007.7
2026-06-13 12:00:00,2.042,2.049,2.039,2.048,59243.7
2026-06-13 12:05:00,2.048,2.053,2.046,2.052,48158.4
2026-06-13 12:10:00,2.052,2.055,2.045,2.047,52514.7
2026-06-13 12:15:00,2.047,2.056,2.045,2.054,21419.9
2026-06-13 12:20:00,2.054,2.061,2.054,2.055,70417.4
2026-06-13 12:25:00,2.055,2.063,2.053,2.056,113363.2
2026-06-13 12:30:00,2.055,2.056,2.047,2.051,23585.4
2026-06-13 12:35:00,2.051,2.055,2.047,2.048,30725.4
2026-06-13 12:40:00,2.048,2.052,2.045,2.048,34583.6
2026-06-13 12:45:00,2.048,2.064,2.048,2.062,78487.2
2026-06-13 12:50:00,2.062,2.065,2.058,2.063,93699.7
2026-06-13 12:55:00,2.063,2.065,2.055,2.055,58743.0
2026-06-13 13:00:00,2.056,2.059,2.047,2.053,102384.5
2026-06-13 13:05:00,2.054,2.058,2.053,2.055,16172.3
2026-06-13 13:10:00,2.056,2.063,2.052,2.06,45159.1
2026-06-13 13:15:00,2.06,2.064,2.057,2.058,32004.5
2026-06-13 13:20:00,2.057,2.075,2.056,2.071,181511.3
2026-06-13 13:25:00,2.071,2.071,2.064,2.065,56996.8
2026-06-13 13:30:00,2.064,2.065,2.052,2.06,113899.9
2026-06-13 13:35:00,2.06,2.061,2.053,2.057,35590.0
2026-06-13 13:40:00,2.056,2.062,2.055,2.059,40637.9
2026-06-13 13:45:00,2.059,2.059,2.047,2.053,66633.7
2026-06-13 13:50:00,2.053,2.057,2.048,2.05,99670.8
2026-06-13 13:55:00,2.049,2.058,2.047,2.057,34153.3
2026-06-13 14:00:00,2.057,2.071,2.057,2.071,93049.4
2026-06-13 14:05:00,2.071,2.074,2.068,2.074,87409.2
2026-06-13 14:10:00,2.073,2.074,2.062,2.064,80494.2
2026-06-13 14:15:00,2.063,2.071,2.063,2.066,36480.1
2026-06-13 14:20:00,2.065,2.068,2.053,2.056,63391.4
2026-06-13 14:25:00,2.056,2.063,2.055,2.058,43871.1
2026-06-13 14:30:00,2.058,2.07,2.058,2.066,46958.1
2026-06-13 14:35:00,2.066,2.069,2.058,2.059,33053.3
2026-06-13 14:40:00,2.059,2.061,2.052,2.053,32008.1
2026-06-13 14:45:00,2.052,2.063,2.052,2.061,22223.2
2026-06-13 14:50:00,2.062,2.066,2.061,2.065,23216.4
2026-06-13 14:55:00,2.066,2.073,2.064,2.073,69150.9
2026-06-13 15:00:00,2.073,2.08,2.07,2.078,101038.6
2026-06-13 15:05:00,2.079,2.086,2.079,2.082,183902.1
2026-06-13 15:10:00,2.082,2.096,2.08,2.09,123241.4
2026-06-13 15:15:00,2.09,2.116,2.088,2.111,307271.7
2026-06-13 15:20:00,2.112,2.125,2.112,2.121,197150.2
2026-06-13 15:25:00,2.122,2.139,2.12,2.134,226983.8
2026-06-13 15:30:00,2.134,2.14,2.123,2.129,105460.6
2026-06-13 15:35:00,2.129,2.138,2.12,2.129,103108.0
2026-06-13 15:40:00,2.129,2.138,2.117,2.117,124009.6
2026-06-13 15:45:00,2.118,2.159,2.115,2.152,356228.8
2026-06-13 15:50:00,2.151,2.173,2.146,2.17,370908.6
2026-06-13 15:55:00,2.17,2.184,2.165,2.18,366368.3
2026-06-13 16:00:00,2.18,2.187,2.117,2.121,676039.2
2026-06-13 16:05:00,2.122,2.132,2.118,2.124,264673.8
2026-06-13 16:10:00,2.125,2.137,2.121,2.127,95636.6
2026-06-13 16:15:00,2.127,2.139,2.125,2.129,138004.3
2026-06-13 16:20:00,2.129,2.13,2.095,2.096,330487.5
2026-06-13 16:25:00,2.096,2.111,2.091,2.103,140100.2
2026-06-13 16:30:00,2.102,2.117,2.102,2.11,92204.2
2026-06-13 16:35:00,2.109,2.131,2.106,2.129,96765.4
2026-06-13 16:40:00,2.13,2.15,2.128,2.144,147774.6
2026-06-13 16:45:00,2.143,2.165,2.132,2.134,237623.9
2026-06-13 16:50:00,2.133,2.159,2.126,2.153,155334.8
2026-06-13 16:55:00,2.152,2.16,2.144,2.151,97686.0
2026-06-13 17:00:00,2.15,2.15,2.126,2.127,115038.4
2026-06-13 17:05:00,2.127,2.134,2.123,2.127,66088.2
2026-06-13 17:10:00,2.126,2.126,2.116,2.12,76652.9
2026-06-13 17:15:00,2.121,2.137,2.12,2.136,78465.3
2026-06-13 17:20:00,2.136,2.141,2.132,2.135,40883.9
2026-06-13 17:25:00,2.134,2.145,2.134,2.145,38192.3
2026-06-13 17:30:00,2.146,2.154,2.138,2.146,127271.1
2026-06-13 17:35:00,2.146,2.149,2.137,2.138,35138.2
2026-06-13 17:40:00,2.139,2.149,2.138,2.149,40156.2
2026-06-13 17:45:00,2.149,2.151,2.137,2.138,80500.5
2026-06-13 17:50:00,2.138,2.139,2.109,2.113,264420.8
2026-06-13 17:55:00,2.113,2.122,2.105,2.119,81309.7
2026-06-13 18:00:00,2.119,2.12,2.103,2.109,104333.0
2026-06-13 18:05:00,2.11,2.123,2.11,2.118,119013.6
2026-06-13 18:10:00,2.118,2.121,2.112,2.116,25214.4
2026-06-13 18:15:00,2.116,2.118,2.112,2.113,39174.3
2026-06-13 18:20:00,2.113,2.123,2.109,2.12,32017.0
2026-06-13 18:25:00,2.119,2.125,2.118,2.12,29544.0
2026-06-13 18:30:00,2.12,2.128,2.117,2.121,37914.3
2026-06-13 18:35:00,2.121,2.127,2.119,2.123,50156.3
2026-06-13 18:40:00,2.123,2.128,2.121,2.125,45733.2
2026-06-13 18:45:00,2.126,2.131,2.117,2.118,44425.3
2026-06-13 18:50:00,2.117,2.12,2.112,2.117,66509.0
2026-06-13 18:55:00,2.116,2.12,2.112,2.12,51256.0
2026-06-13 19:00:00,2.121,2.126,2.117,2.122,12767.1
2026-06-13 19:05:00,2.121,2.121,2.111,2.119,49465.5
2026-06-13 19:10:00,2.119,2.126,2.111,2.125,24430.3
2026-06-13 19:15:00,2.125,2.125,2.111,2.113,47903.5
2026-06-13 19:20:00,2.113,2.121,2.11,2.12,21724.9
2026-06-13 19:25:00,2.12,2.122,2.112,2.116,21960.8
2026-06-13 19:30:00,2.116,2.121,2.112,2.116,17501.0
2026-06-13 19:35:00,2.116,2.127,2.113,2.127,58932.1
2026-06-13 19:40:00,2.126,2.132,2.125,2.129,28182.0
2026-06-13 19:45:00,2.129,2.134,2.128,2.129,19935.1
2026-06-13 19:50:00,2.13,2.131,2.115,2.117,55510.7
2026-06-13 19:55:00,2.117,2.117,2.1,2.104,118818.3
2026-06-13 20:00:00,2.104,2.108,2.1,2.106,35666.5
2026-06-13 20:05:00,2.105,2.11,2.098,2.108,41939.6
2026-06-13 20:10:00,2.108,2.11,2.101,2.104,20021.2
2026-06-13 20:15:00,2.104,2.106,2.101,2.101,32551.9
2026-06-13 20:20:00,2.1,2.102,2.095,2.096,33360.9
2026-06-13 20:25:00,2.096,2.101,2.092,2.096,51829.8
2026-06-13 20:30:00,2.095,2.101,2.093,2.098,32529.9
2026-06-13 20:35:00,2.098,2.106,2.098,2.101,24192.3
2026-06-13 20:40:00,2.1,2.101,2.09,2.095,13244.0
2026-06-13 20:45:00,2.095,2.103,2.092,2.103,36830.9
2026-06-13 20:50:00,2.104,2.105,2.095,2.104,30499.7
2026-06-13 20:55:00,2.104,2.106,2.101,2.101,26250.7
2026-06-13 21:00:00,2.1,2.103,2.098,2.098,18883.8
2026-06-13 21:05:00,2.098,2.099,2.095,2.097,10022.3
2026-06-13 21:10:00,2.098,2.1,2.091,2.092,59043.7
2026-06-13 21:15:00,2.093,2.097,2.086,2.097,50365.1
2026-06-13 21:20:00,2.097,2.097,2.086,2.092,60218.1
2026-06-13 21:25:00,2.092,2.113,2.091,2.111,73649.7
2026-06-13 21:30:00,2.11,2.119,2.11,2.119,68724.4
2026-06-13 21:35:00,2.12,2.122,2.115,2.119,28965.7
2026-06-13 21:40:00,2.119,2.142,2.116,2.134,73430.8
2026-06-13 21:45:00,2.134,2.143,2.132,2.134,71112.5
2026-06-13 21:50:00,2.134,2.136,2.123,2.132,77961.4
2026-06-13 21:55:00,2.131,2.134,2.126,2.132,18080.7
2026-06-13 22:00:00,2.132,2.135,2.127,2.132,28816.5
2026-06-13 22:05:00,2.132,2.134,2.127,2.132,23880.2
2026-06-13 22:10:00,2.131,2.133,2.125,2.131,31386.3
2026-06-13 22:15:00,2.13,2.133,2.124,2.132,37995.6
2026-06-13 22:20:00,2.132,2.136,2.131,2.134,32207.3
2026-06-13 22:25:00,2.134,2.134,2.127,2.129,37182.8
2026-06-13 22:30:00,2.128,2.129,2.121,2.125,30519.4
2026-06-13 22:35:00,2.124,2.129,2.122,2.125,43819.6
2026-06-13 22:40:00,2.126,2.13,2.124,2.124,24641.9
2026-06-13 22:45:00,2.124,2.126,2.116,2.12,48987.0
2026-06-13 22:50:00,2.12,2.123,2.117,2.119,30899.7
2026-06-13 22:55:00,2.119,2.119,2.112,2.114,40246.4
2026-06-13 23:00:00,2.114,2.116,2.112,2.116,16790.7
2026-06-13 23:05:00,2.116,2.129,2.116,2.125,62939.2
2026-06-13 23:10:00,2.126,2.131,2.122,2.122,20327.9
2026-06-13 23:15:00,2.122,2.131,2.12,2.129,27312.6
2026-06-13 23:20:00,2.129,2.133,2.126,2.127,29274.3
2026-06-13 23:25:00,2.127,2.129,2.117,2.123,46493.3
2026-06-13 23:30:00,2.123,2.127,2.12,2.127,36492.9
2026-06-13 23:35:00,2.127,2.137,2.122,2.131,61215.7
2026-06-13 23:40:00,2.13,2.134,2.122,2.122,28351.0
2026-06-13 23:45:00,2.123,2.126,2.118,2.121,31725.2
2026-06-13 23:50:00,2.122,2.13,2.117,2.128,35580.0
2026-06-13 23:55:00,2.128,2.133,2.127,2.129,24764.5
2026-06-14 00:00:00,2.128,2.132,2.122,2.126,47870.4
2026-06-14 00:05:00,2.126,2.129,2.12,2.121,20881.3
2026-06-14 00:10:00,2.12,2.127,2.12,2.124,30647.2
2026-06-14 00:15:00,2.124,2.129,2.12,2.123,55288.6
2026-06-14 00:20:00,2.123,2.131,2.123,2.125,29108.8
2026-06-14 00:25:00,2.125,2.13,2.122,2.122,16358.3
2026-06-14 00:30:00,2.121,2.128,2.12,2.128,25493.9
2026-06-14 00:35:00,2.127,2.13,2.122,2.124,22936.2
2026-06-14 00:40:00,2.123,2.124,2.119,2.124,22318.2
2026-06-14 00:45:00,2.125,2.125,2.112,2.115,272724.3
2026-06-14 00:50:00,2.115,2.119,2.112,2.116,79939.4
2026-06-14 00:55:00,2.116,2.12,2.114,2.116,34602.5
2026-06-14 01:00:00,2.116,2.119,2.109,2.113,70929.6
2026-06-14 01:05:00,2.113,2.128,2.111,2.127,82327.4
2026-06-14 01:10:00,2.126,2.133,2.121,2.121,70999.8
2026-06-14 01:15:00,2.122,2.136,2.122,2.133,82236.4
2026-06-14 01:20:00,2.134,2.144,2.133,2.142,119923.7
2026-06-14 01:25:00,2.142,2.143,2.129,2.136,281378.7
2026-06-14 01:30:00,2.135,2.149,2.132,2.145,105860.9
2026-06-14 01:35:00,2.146,2.148,2.141,2.145,43440.6
2026-06-14 01:40:00,2.145,2.154,2.143,2.15,65638.8
2026-06-14 01:45:00,2.15,2.173,2.148,2.161,205296.2
2026-06-14 01:50:00,2.162,2.171,2.16,2.169,76131.8
2026-06-14 01:55:00,2.169,2.17,2.157,2.159,111989.5
2026-06-14 02:00:00,2.158,2.16,2.143,2.155,120505.0
2026-06-14 02:05:00,2.155,2.168,2.147,2.163,343288.3
2026-06-14 02:10:00,2.162,2.162,2.149,2.16,43340.5
2026-06-14 02:15:00,2.16,2.172,2.157,2.169,55512.3
2026-06-14 02:20:00,2.17,2.17,2.158,2.159,34912.3
2026-06-14 02:25:00,2.158,2.158,2.147,2.156,97846.3
2026-06-14 02:30:00,2.157,2.163,2.146,2.157,227483.2
2026-06-14 02:35:00,2.157,2.162,2.155,2.159,20409.6
2026-06-14 02:40:00,2.158,2.158,2.14,2.144,67889.4
2026-06-14 02:45:00,2.144,2.144,2.128,2.134,88207.0
2026-06-14 02:50:00,2.134,2.136,2.13,2.133,41644.0
2026-06-14 02:55:00,2.133,2.137,2.133,2.135,39430.0
2026-06-14 03:00:00,2.134,2.143,2.133,2.141,39097.3
2026-06-14 03:05:00,2.141,2.149,2.134,2.14,157222.7
2026-06-14 03:10:00,2.14,2.143,2.133,2.135,27186.7
2026-06-14 03:15:00,2.134,2.141,2.133,2.139,10244.4
2026-06-14 03:20:00,2.138,2.145,2.137,2.142,22006.4
2026-06-14 03:25:00,2.142,2.146,2.137,2.139,38238.5
2026-06-14 03:30:00,2.138,2.14,2.129,2.137,49614.1
2026-06-14 03:35:00,2.137,2.138,2.129,2.131,37976.2
2026-06-14 03:40:00,2.131,2.136,2.126,2.129,50814.8
2026-06-14 03:45:00,2.13,2.13,2.123,2.129,66375.7
2026-06-14 03:50:00,2.129,2.136,2.129,2.133,25242.2
2026-06-14 03:55:00,2.133,2.141,2.132,2.14,23887.2
2026-06-14 04:00:00,2.14,2.143,2.134,2.139,31715.9
2026-06-14 04:05:00,2.139,2.141,2.134,2.134,41164.4
2026-06-14 04:10:00,2.133,2.14,2.13,2.14,26613.0
2026-06-14 04:15:00,2.139,2.14,2.133,2.137,55979.7
2026-06-14 04:20:00,2.137,2.139,2.13,2.131,26958.1
2026-06-14 04:25:00,2.131,2.132,2.123,2.125,28730.9
2026-06-14 04:30:00,2.124,2.126,2.12,2.122,31853.9
2026-06-14 04:35:00,2.121,2.125,2.114,2.116,108170.7
2026-06-14 04:40:00,2.116,2.117,2.109,2.114,71665.8
2026-06-14 04:45:00,2.114,2.121,2.109,2.121,25847.3
2026-06-14 04:50:00,2.12,2.12,2.11,2.115,39072.3
2026-06-14 04:55:00,2.115,2.123,2.112,2.119,26184.7
2026-06-14 05:00:00,2.118,2.122,2.116,2.118,13055.1
2026-06-14 05:05:00,2.119,2.12,2.114,2.119,15907.9
2026-06-14 05:10:00,2.119,2.12,2.11,2.116,30144.8
2026-06-14 05:15:00,2.116,2.116,2.105,2.111,67018.7
2026-06-14 05:20:00,2.111,2.112,2.107,2.109,10774.3
2026-06-14 05:25:00,2.108,2.109,2.102,2.104,26176.7
2026-06-14 05:30:00,2.104,2.109,2.1,2.103,168149.4
2026-06-14 05:35:00,2.102,2.118,2.102,2.118,38308.6
2026-06-14 05:40:00,2.118,2.121,2.117,2.119,13288.7
2026-06-14 05:45:00,2.118,2.12,2.116,2.118,16648.4
2026-06-14 05:50:00,2.119,2.124,2.119,2.12,17209.5
2026-06-14 05:55:00,2.121,2.121,2.117,2.118,19944.4
2026-06-14 06:00:00,2.118,2.133,2.118,2.131,28036.5
2026-06-14 06:05:00,2.131,2.14,2.129,2.139,81221.8
2026-06-14 06:10:00,2.139,2.143,2.137,2.138,30313.8
2026-06-14 06:15:00,2.137,2.138,2.129,2.137,39528.3
2026-06-14 06:20:00,2.137,2.137,2.128,2.128,50383.3
2026-06-14 06:25:00,2.129,2.135,2.127,2.135,37978.9
2026-06-14 06:30:00,2.135,2.135,2.112,2.113,85220.3
2026-06-14 06:35:00,2.112,2.114,2.102,2.106,70638.3
2026-06-14 06:40:00,2.105,2.107,2.1,2.102,41614.2
2026-06-14 06:45:00,2.101,2.107,2.098,2.104,33591.7
2026-06-14 06:50:00,2.105,2.108,2.103,2.105,35136.8
2026-06-14 06:55:00,2.106,2.108,2.105,2.107,19931.0
2026-06-14 07:00:00,2.108,2.111,2.103,2.109,38060.9
2026-06-14 07:05:00,2.109,2.112,2.103,2.106,37458.5
2026-06-14 07:10:00,2.107,2.107,2.099,2.1,31687.2
2026-06-14 07:15:00,2.1,2.109,2.099,2.109,17541.3
2026-06-14 07:20:00,2.109,2.112,2.108,2.112,15205.8
2026-06-14 07:25:00,2.112,2.113,2.107,2.107,35696.6
2026-06-14 07:30:00,2.106,2.107,2.101,2.101,33886.4
2026-06-14 07:35:00,2.101,2.106,2.099,2.104,44727.1
2026-06-14 07:40:00,2.104,2.105,2.09,2.094,151350.9
2026-06-14 07:45:00,2.093,2.104,2.093,2.101,46866.4
2026-06-14 07:50:00,2.101,2.104,2.099,2.1,12673.4
2026-06-14 07:55:00,2.1,2.105,2.1,2.103,29301.6
2026-06-14 08:00:00,2.104,2.108,2.1,2.105,29329.9
2026-06-14 08:05:00,2.106,2.119,2.101,2.118,55700.5
2026-06-14 08:10:00,2.118,2.118,2.112,2.112,11105.7
2026-06-14 08:15:00,2.112,2.127,2.112,2.124,36071.8
2026-06-14 08:20:00,2.123,2.129,2.118,2.119,30935.1
2026-06-14 08:25:00,2.119,2.124,2.117,2.122,26723.5
2026-06-14 08:30:00,2.122,2.123,2.118,2.121,22813.2
2026-06-14 08:35:00,2.121,2.125,2.118,2.118,27102.3
2026-06-14 08:40:00,2.117,2.121,2.115,2.119,6915.5
2026-06-14 08:45:00,2.12,2.125,2.117,2.118,18474.6
2026-06-14 08:50:00,2.118,2.12,2.11,2.113,18900.5
2026-06-14 08:55:00,2.114,2.114,2.109,2.113,8260.3
2026-06-14 09:00:00,2.112,2.112,2.105,2.109,97609.2
2026-06-14 09:05:00,2.108,2.109,2.1,2.102,30322.9
2026-06-14 09:10:00,2.101,2.102,2.098,2.1,25976.1
2026-06-14 09:15:00,2.1,2.101,2.085,2.088,75528.1
2026-06-14 09:20:00,2.088,2.096,2.087,2.094,101252.6
2026-06-14 09:25:00,2.094,2.101,2.093,2.101,67190.9
2026-06-14 09:30:00,2.101,2.108,2.098,2.108,40888.5
2026-06-14 09:35:00,2.108,2.117,2.108,2.117,59654.3
2026-06-14 09:40:00,2.118,2.122,2.117,2.122,38207.2
2026-06-14 09:45:00,2.122,2.122,2.115,2.116,47432.4
2026-06-14 09:50:00,2.117,2.117,2.114,2.115,22617.7
2026-06-14 09:55:00,2.115,2.124,2.115,2.121,77459.2
2026-06-14 10:00:00,2.12,2.124,2.114,2.119,35440.7
2026-06-14 10:05:00,2.119,2.119,2.114,2.119,30381.6
2026-06-14 10:10:00,2.119,2.121,2.114,2.118,20613.9
2026-06-14 10:15:00,2.117,2.125,2.115,2.124,35657.8
2026-06-14 10:20:00,2.125,2.128,2.122,2.125,44862.6
2026-06-14 10:25:00,2.126,2.132,2.12,2.121,96913.4
2026-06-14 10:30:00,2.121,2.125,2.117,2.125,50663.3
2026-06-14 10:35:00,2.125,2.125,2.12,2.123,17144.8
2026-06-14 10:40:00,2.123,2.123,2.117,2.119,7975.3
2026-06-14 10:45:00,2.12,2.12,2.112,2.112,28002.0
2026-06-14 10:50:00,2.112,2.116,2.108,2.11,34163.6
2026-06-14 10:55:00,2.111,2.115,2.102,2.104,74339.7
2026-06-14 11:00:00,2.103,2.111,2.102,2.105,44435.6
2026-06-14 11:05:00,2.104,2.104,2.099,2.101,67960.3
2026-06-14 11:10:00,2.101,2.104,2.1,2.101,43974.1
2026-06-14 11:15:00,2.101,2.101,2.094,2.094,26121.3
2026-06-14 11:20:00,2.094,2.101,2.094,2.101,35548.5
2026-06-14 11:25:00,2.101,2.11,2.099,2.108,42886.4
2026-06-14 11:30:00,2.108,2.117,2.106,2.115,59940.2
2026-06-14 11:35:00,2.116,2.119,2.112,2.117,35327.6
2026-06-14 11:40:00,2.117,2.117,2.113,2.114,12684.2
2026-06-14 11:45:00,2.114,2.119,2.112,2.116,14741.5
2026-06-14 11:50:00,2.117,2.12,2.115,2.115,30644.4
2026-06-14 11:55:00,2.115,2.117,2.109,2.109,72946.6
2026-06-14 12:00:00,2.11,2.115,2.106,2.114,34814.0
2026-06-14 12:05:00,2.113,2.114,2.102,2.107,58644.3
2026-06-14 12:10:00,2.107,2.107,2.1,2.1,29528.9
2026-06-14 12:15:00,2.099,2.103,2.096,2.102,29772.2
2026-06-14 12:20:00,2.102,2.107,2.101,2.106,28968.6
2026-06-14 12:25:00,2.105,2.105,2.093,2.093,35385.4
2026-06-14 12:30:00,2.093,2.098,2.092,2.095,34739.3
2026-06-14 12:35:00,2.096,2.096,2.089,2.091,54479.8
2026-06-14 12:40:00,2.091,2.092,2.088,2.09,39072.8
2026-06-14 12:45:00,2.09,2.092,2.088,2.091,29160.1
2026-06-14 12:50:00,2.091,2.093,2.084,2.088,44927.1
2026-06-14 12:55:00,2.089,2.092,2.085,2.091,46698.9
2026-06-14 13:00:00,2.092,2.097,2.091,2.094,31684.9
2026-06-14 13:05:00,2.094,2.097,2.09,2.092,34683.3
2026-06-14 13:10:00,2.091,2.097,2.085,2.095,45416.0
2026-06-14 13:15:00,2.095,2.1,2.089,2.089,24327.0
2026-06-14 13:20:00,2.09,2.092,2.081,2.085,53172.1
2026-06-14 13:25:00,2.086,2.088,2.081,2.083,31096.4
2026-06-14 13:30:00,2.083,2.086,2.078,2.086,61747.9
2026-06-14 13:35:00,2.086,2.093,2.086,2.089,52671.7
2026-06-14 13:40:00,2.088,2.107,2.087,2.106,116945.7
2026-06-14 13:45:00,2.107,2.112,2.098,2.099,105417.2
2026-06-14 13:50:00,2.1,2.104,2.097,2.103,45789.5
2026-06-14 13:55:00,2.103,2.106,2.098,2.1,23122.8
2026-06-14 14:00:00,2.1,2.102,2.089,2.096,44837.3
2026-06-14 14:05:00,2.096,2.097,2.089,2.09,26626.9
2026-06-14 14:10:00,2.089,2.09,2.081,2.085,26034.5
2026-06-14 14:15:00,2.085,2.087,2.078,2.081,47033.9
2026-06-14 14:20:00,2.08,2.082,2.074,2.076,72917.6
2026-06-14 14:25:00,2.076,2.082,2.075,2.075,33210.1
2026-06-14 14:30:00,2.075,2.076,2.064,2.066,108382.0
2026-06-14 14:35:00,2.067,2.071,2.063,2.066,144030.8
2026-06-14 14:40:00,2.065,2.076,2.065,2.068,53336.1
2026-06-14 14:45:00,2.069,2.072,2.066,2.068,49496.2
2026-06-14 14:50:00,2.068,2.071,2.065,2.07,49670.0
2026-06-14 14:55:00,2.07,2.074,2.067,2.074,43226.4
2026-06-14 15:00:00,2.074,2.082,2.071,2.074,99882.3
2026-06-14 15:05:00,2.073,2.076,2.071,2.072,10236.8
2026-06-14 15:10:00,2.072,2.075,2.067,2.071,31003.8
2026-06-14 15:15:00,2.071,2.081,2.067,2.07,78643.1
2026-06-14 15:20:00,2.071,2.074,2.067,2.069,47302.2
2026-06-14 15:25:00,2.068,2.078,2.067,2.077,23768.3
2026-06-14 15:30:00,2.076,2.08,2.074,2.08,20886.9
2026-06-14 15:35:00,2.08,2.086,2.077,2.079,33270.8
2026-06-14 15:40:00,2.079,2.08,2.077,2.077,26517.3
2026-06-14 15:45:00,2.076,2.076,2.07,2.076,22163.3
2026-06-14 15:50:00,2.076,2.076,2.07,2.074,45706.9
2026-06-14 15:55:00,2.073,2.074,2.07,2.07,39756.5
2026-06-14 16:00:00,2.07,2.074,2.068,2.071,32306.9
2026-06-14 16:05:00,2.071,2.089,2.071,2.085,180974.7
2026-06-14 16:10:00,2.085,2.09,2.084,2.085,71353.2
2026-06-14 16:15:00,2.084,2.093,2.083,2.089,55811.6
2026-06-14 16:20:00,2.089,2.094,2.084,2.091,39123.6
2026-06-14 16:25:00,2.092,2.093,2.085,2.085,9841.6
2026-06-14 16:30:00,2.085,2.086,2.081,2.083,15627.2
2026-06-14 16:35:00,2.083,2.084,2.075,2.078,106607.3
2026-06-14 16:40:00,2.078,2.088,2.076,2.087,15803.7
2026-06-14 16:45:00,2.088,2.09,2.069,2.071,162859.8
2026-06-14 16:50:00,2.071,2.082,2.071,2.071,31652.0
2026-06-14 16:55:00,2.072,2.076,2.072,2.074,13920.7
2026-06-14 17:00:00,2.074,2.086,2.074,2.084,27173.3
2026-06-14 17:05:00,2.085,2.092,2.079,2.079,107636.0
2026-06-14 17:10:00,2.08,2.089,2.078,2.088,32903.4
2026-06-14 17:15:00,2.088,2.09,2.086,2.088,19079.4
2026-06-14 17:20:00,2.088,2.088,2.083,2.086,16250.5
2026-06-14 17:25:00,2.087,2.091,2.085,2.09,18783.4
2026-06-14 17:30:00,2.09,2.093,2.086,2.088,53897.1
2026-06-14 17:35:00,2.089,2.093,2.079,2.079,65342.8
2026-06-14 17:40:00,2.079,2.094,2.079,2.092,74062.2
2026-06-14 17:45:00,2.093,2.1,2.087,2.087,74733.0
2026-06-14 17:50:00,2.086,2.089,2.084,2.084,33112.2
2026-06-14 17:55:00,2.085,2.091,2.084,2.088,28986.6
2026-06-14 18:00:00,2.088,2.094,2.083,2.094,27248.5
2026-06-14 18:05:00,2.094,2.094,2.086,2.091,25366.0
2026-06-14 18:10:00,2.092,2.1,2.09,2.095,27619.1
2026-06-14 18:15:00,2.095,2.1,2.09,2.091,46827.6
2026-06-14 18:20:00,2.09,2.1,2.09,2.1,92063.0
2026-06-14 18:25:00,2.1,2.1,2.096,2.097,14523.4
2026-06-14 18:30:00,2.097,2.102,2.096,2.099,26729.9
2026-06-14 18:35:00,2.1,2.103,2.099,2.099,20095.3
2026-06-14 18:40:00,2.1,2.101,2.096,2.099,14790.9
2026-06-14 18:45:00,2.1,2.104,2.093,2.095,21704.5
2026-06-14 18:50:00,2.096,2.097,2.093,2.093,9061.8
2026-06-14 18:55:00,2.094,2.1,2.094,2.096,4862.2
2026-06-14 19:00:00,2.095,2.099,2.091,2.097,24511.3
2026-06-14 19:05:00,2.098,2.104,2.097,2.104,14969.3
2026-06-14 19:10:00,2.104,2.11,2.103,2.103,19263.7
2026-06-14 19:15:00,2.103,2.109,2.103,2.107,9256.8
2026-06-14 19:20:00,2.108,2.108,2.104,2.107,9606.8
2026-06-14 19:25:00,2.108,2.109,2.105,2.109,13576.4
2026-06-14 19:30:00,2.109,2.111,2.103,2.109,37501.8
2026-06-14 19:35:00,2.108,2.108,2.103,2.104,29542.2
2026-06-14 19:40:00,2.103,2.103,2.096,2.099,24252.3
2026-06-14 19:45:00,2.098,2.101,2.095,2.101,10893.8
2026-06-14 19:50:00,2.101,2.101,2.097,2.098,7025.6
2026-06-14 19:55:00,2.099,2.104,2.098,2.103,9622.5
2026-06-14 20:00:00,2.104,2.108,2.102,2.105,35807.0
2026-06-14 20:05:00,2.104,2.112,2.102,2.111,210586.5
2026-06-14 20:10:00,2.112,2.117,2.111,2.113,24681.5
2026-06-14 20:15:00,2.113,2.115,2.11,2.113,45625.1
2026-06-14 20:20:00,2.114,2.115,2.112,2.114,26200.7
2026-06-14 20:25:00,2.115,2.123,2.115,2.12,40979.8
2026-06-14 20:30:00,2.119,2.121,2.112,2.117,11507.2
2026-06-14 20:35:00,2.117,2.132,2.117,2.128,75328.2
2026-06-14 20:40:00,2.127,2.132,2.113,2.114,98063.4
2026-06-14 20:45:00,2.114,2.118,2.114,2.115,12833.4
2026-06-14 20:50:00,2.115,2.119,2.11,2.117,17844.0
2026-06-14 20:55:00,2.117,2.118,2.11,2.114,27487.7
2026-06-14 21:00:00,2.114,2.119,2.113,2.115,24009.4
2026-06-14 21:05:00,2.116,2.118,2.106,2.106,26322.2
2026-06-14 21:10:00,2.106,2.112,2.101,2.11,79040.0
2026-06-14 21:15:00,2.111,2.16,2.111,2.148,243583.6
2026-06-14 21:20:00,2.148,2.162,2.146,2.161,141539.3
2026-06-14 21:25:00,2.162,2.171,2.158,2.169,206615.1
2026-06-14 21:30:00,2.17,2.19,2.167,2.189,357339.9
2026-06-14 21:35:00,2.188,2.19,2.179,2.185,169207.3
2026-06-14 21:40:00,2.184,2.206,2.184,2.201,277530.7
2026-06-14 21:45:00,2.201,2.205,2.189,2.2,260457.1
2026-06-14 21:50:00,2.2,2.211,2.199,2.204,117149.6
2026-06-14 21:55:00,2.203,2.205,2.187,2.19,206654.0
2026-06-14 22:00:00,2.19,2.21,2.186,2.198,213902.4
2026-06-14 22:05:00,2.199,2.199,2.168,2.178,339709.4
2026-06-14 22:10:00,2.179,2.2,2.175,2.195,132481.3
2026-06-14 22:15:00,2.195,2.199,2.18,2.194,97994.9
2026-06-14 22:20:00,2.194,2.219,2.191,2.217,180256.0
2026-06-14 22:25:00,2.218,2.222,2.208,2.221,143095.4
2026-06-14 22:30:00,2.221,2.23,2.211,2.225,212564.7
2026-06-14 22:35:00,2.225,2.233,2.215,2.218,137760.1
2026-06-14 22:40:00,2.218,2.235,2.215,2.226,81499.2
2026-06-14 22:45:00,2.227,2.23,2.22,2.229,133189.5
2026-06-14 22:50:00,2.229,2.235,2.222,2.227,117184.7
2026-06-14 22:55:00,2.226,2.228,2.213,2.213,57618.7
2026-06-14 23:00:00,2.214,2.217,2.207,2.209,70784.5
2026-06-14 23:05:00,2.21,2.227,2.206,2.216,88978.0
2026-06-14 23:10:00,2.217,2.229,2.212,2.221,84718.2
2026-06-14 23:15:00,2.222,2.233,2.221,2.222,110242.5
2026-06-14 23:20:00,2.222,2.231,2.216,2.227,56270.2
2026-06-14 23:25:00,2.226,2.237,2.223,2.224,194857.4
2026-06-14 23:30:00,2.225,2.229,2.218,2.226,73665.1
2026-06-14 23:35:00,2.226,2.226,2.217,2.218,72400.6
2026-06-14 23:40:00,2.219,2.221,2.214,2.219,86812.7
2026-06-14 23:45:00,2.219,2.234,2.219,2.227,134521.6
2026-06-14 23:50:00,2.227,2.231,2.217,2.217,162339.0
2026-06-14 23:55:00,2.218,2.222,2.211,2.218,91402.3
2026-06-15 00:00:00,2.218,2.221,2.21,2.212,91080.6
2026-06-15 00:05:00,2.213,2.22,2.212,2.217,46815.5
2026-06-15 00:10:00,2.217,2.242,2.216,2.237,276224.7
2026-06-15 00:15:00,2.236,2.242,2.227,2.228,193693.7
2026-06-15 00:20:00,2.229,2.238,2.228,2.236,39234.6
2026-06-15 00:25:00,2.237,2.247,2.232,2.235,176529.3
2026-06-15 00:30:00,2.235,2.239,2.227,2.233,169795.3
2026-06-15 00:35:00,2.233,2.236,2.23,2.236,37779.6
2026-06-15 00:40:00,2.237,2.237,2.225,2.227,58536.7
2026-06-15 00:45:00,2.228,2.243,2.226,2.242,46058.4
2026-06-15 00:50:00,2.243,2.25,2.242,2.248,71665.1
2026-06-15 00:55:00,2.248,2.259,2.248,2.248,125337.2
2026-06-15 01:00:00,2.25,2.255,2.23,2.23,146532.2
2026-06-15 01:05:00,2.231,2.239,2.226,2.234,162289.0
2026-06-15 01:10:00,2.233,2.242,2.229,2.241,56870.7
2026-06-15 01:15:00,2.242,2.246,2.237,2.241,37075.4
2026-06-15 01:20:00,2.242,2.242,2.227,2.23,98307.2
2026-06-15 01:25:00,2.23,2.239,2.225,2.236,56565.0
2026-06-15 01:30:00,2.237,2.238,2.228,2.229,43228.8
2026-06-15 01:35:00,2.229,2.243,2.227,2.24,48233.5
2026-06-15 01:40:00,2.24,2.245,2.239,2.244,20517.6
2026-06-15 01:45:00,2.244,2.247,2.238,2.243,29884.3
2026-06-15 01:50:00,2.243,2.248,2.239,2.244,33568.8
2026-06-15 01:55:00,2.244,2.253,2.243,2.244,92096.2
2026-06-15 02:00:00,2.245,2.249,2.24,2.245,24773.8
2026-06-15 02:05:00,2.245,2.252,2.237,2.237,68679.4
2026-06-15 02:10:00,2.237,2.253,2.236,2.252,62923.0
2026-06-15 02:15:00,2.251,2.262,2.246,2.249,186556.0
2026-06-15 02:20:00,2.25,2.264,2.249,2.254,88310.2
2026-06-15 02:25:00,2.254,2.262,2.251,2.26,56313.5
2026-06-15 02:30:00,2.261,2.27,2.258,2.264,82403.1
2026-06-15 02:35:00,2.264,2.276,2.264,2.267,156290.1
2026-06-15 02:40:00,2.267,2.278,2.266,2.273,114285.4
2026-06-15 02:45:00,2.274,2.277,2.264,2.273,109700.1
2026-06-15 02:50:00,2.272,2.282,2.272,2.277,77572.0
2026-06-15 02:55:00,2.278,2.282,2.27,2.28,126206.0
2026-06-15 03:00:00,2.28,2.28,2.267,2.271,145584.6
2026-06-15 03:05:00,2.272,2.275,2.258,2.26,99575.1
2026-06-15 03:10:00,2.26,2.273,2.26,2.268,85758.2
2026-06-15 03:15:00,2.269,2.278,2.265,2.273,121759.1
2026-06-15 03:20:00,2.273,2.276,2.261,2.262,57230.5
2026-06-15 03:25:00,2.262,2.281,2.261,2.278,202754.8
2026-06-15 03:30:00,2.279,2.283,2.276,2.279,66785.8
2026-06-15 03:35:00,2.28,2.285,2.275,2.282,263577.3
2026-06-15 03:40:00,2.282,2.315,2.281,2.312,216462.9
2026-06-15 03:45:00,2.311,2.311,2.296,2.302,113635.0
2026-06-15 03:50:00,2.303,2.307,2.298,2.305,120300.8
2026-06-15 03:55:00,2.305,2.322,2.304,2.318,233891.5
2026-06-15 04:00:00,2.319,2.338,2.317,2.335,204205.9
2026-06-15 04:05:00,2.336,2.355,2.333,2.346,233770.7
2026-06-15 04:10:00,2.346,2.355,2.335,2.353,187912.1
2026-06-15 04:15:00,2.352,2.354,2.34,2.351,123290.2
2026-06-15 04:20:00,2.351,2.38,2.35,2.378,315832.3
2026-06-15 04:25:00,2.378,2.381,2.353,2.356,224788.0
2026-06-15 04:30:00,2.357,2.373,2.354,2.373,123944.2
2026-06-15 04:35:00,2.372,2.372,2.332,2.339,252431.6
2026-06-15 04:40:00,2.34,2.346,2.329,2.344,181813.3
2026-06-15 04:45:00,2.344,2.374,2.337,2.37,164067.5
2026-06-15 04:50:00,2.37,2.384,2.37,2.376,114849.5
2026-06-15 04:55:00,2.375,2.379,2.361,2.363,133181.8
2026-06-15 05:00:00,2.363,2.377,2.355,2.371,118353.5
2026-06-15 05:05:00,2.371,2.375,2.352,2.352,159219.6
2026-06-15 05:10:00,2.352,2.364,2.345,2.358,231059.7
2026-06-15 05:15:00,2.358,2.371,2.356,2.362,86493.7
2026-06-15 05:20:00,2.362,2.371,2.358,2.36,103693.0
2026-06-15 05:25:00,2.361,2.385,2.36,2.384,77815.2
2026-06-15 05:30:00,2.384,2.385,2.356,2.358,151005.0
2026-06-15 05:35:00,2.359,2.361,2.352,2.354,77724.7
2026-06-15 05:40:00,2.354,2.355,2.344,2.347,124531.3
2026-06-15 05:45:00,2.347,2.349,2.338,2.342,82903.8
2026-06-15 05:50:00,2.343,2.353,2.339,2.351,53072.5
2026-06-15 05:55:00,2.351,2.368,2.349,2.366,83742.0
2026-06-15 06:00:00,2.367,2.376,2.36,2.373,139977.8
2026-06-15 06:05:00,2.372,2.382,2.367,2.379,131741.8
2026-06-15 06:10:00,2.378,2.378,2.366,2.377,86450.3
2026-06-15 06:15:00,2.377,2.394,2.373,2.386,181886.9
2026-06-15 06:20:00,2.385,2.397,2.38,2.396,124371.0
2026-06-15 06:25:00,2.396,2.401,2.374,2.379,437012.9
2026-06-15 06:30:00,2.378,2.379,2.359,2.362,158990.7
2026-06-15 06:35:00,2.361,2.372,2.358,2.361,158145.9
2026-06-15 06:40:00,2.36,2.38,2.356,2.379,68862.1
2026-06-15 06:45:00,2.379,2.396,2.378,2.392,74687.2
2026-06-15 06:50:00,2.392,2.392,2.375,2.376,61849.6
2026-06-15 06:55:00,2.376,2.389,2.375,2.381,41679.3
2026-06-15 07:00:00,2.381,2.384,2.37,2.373,75466.1
2026-06-15 07:05:00,2.373,2.381,2.37,2.377,59768.2
2026-06-15 07:10:00,2.376,2.397,2.373,2.388,97815.7
2026-06-15 07:15:00,2.388,2.405,2.38,2.394,113358.5
2026-06-15 07:20:00,2.395,2.408,2.394,2.4,64322.3
2026-06-15 07:25:00,2.4,2.413,2.395,2.399,114615.9
2026-06-15 07:30:00,2.399,2.401,2.376,2.384,115081.2
2026-06-15 07:35:00,2.384,2.395,2.382,2.393,63991.7
2026-06-15 07:40:00,2.392,2.403,2.391,2.397,59285.8
2026-06-15 07:45:00,2.397,2.397,2.38,2.381,78545.5
2026-06-15 07:50:00,2.381,2.39,2.381,2.388,80429.2
2026-06-15 07:55:00,2.388,2.388,2.373,2.375,64482.0
2026-06-15 08:00:00,2.375,2.381,2.366,2.376,162393.2
2026-06-15 08:05:00,2.376,2.392,2.372,2.391,70220.8
2026-06-15 08:10:00,2.391,2.394,2.386,2.392,105536.3
2026-06-15 08:15:00,2.391,2.397,2.386,2.386,33492.0
2026-06-15 08:20:00,2.386,2.386,2.373,2.378,69391.5
2026-06-15 08:25:00,2.378,2.386,2.374,2.383,58815.8
2026-06-15 08:30:00,2.384,2.395,2.381,2.388,31369.2
2026-06-15 08:35:00,2.389,2.396,2.388,2.394,46109.6
2026-06-15 08:40:00,2.393,2.408,2.39,2.407,129908.8
2026-06-15 08:45:00,2.406,2.419,2.403,2.403,95075.3
2026-06-15 08:50:00,2.403,2.414,2.401,2.401,105393.0
2026-06-15 08:55:00,2.401,2.404,2.37,2.371,141892.9
2026-06-15 09:00:00,2.372,2.381,2.368,2.368,86188.8
2026-06-15 09:05:00,2.368,2.371,2.352,2.354,201165.8
2026-06-15 09:10:00,2.355,2.364,2.352,2.363,108416.4
2026-06-15 09:15:00,2.362,2.364,2.354,2.357,108520.0
2026-06-15 09:20:00,2.357,2.369,2.356,2.356,56529.4
2026-06-15 09:25:00,2.357,2.361,2.349,2.352,94135.9
2026-06-15 09:30:00,2.351,2.369,2.35,2.362,133741.8
2026-06-15 09:35:00,2.362,2.367,2.357,2.367,63565.4
2026-06-15 09:40:00,2.367,2.376,2.362,2.372,45970.4
2026-06-15 09:45:00,2.373,2.378,2.364,2.378,65863.8
2026-06-15 09:50:00,2.379,2.393,2.378,2.389,62218.1
2026-06-15 09:55:00,2.389,2.396,2.389,2.392,70619.8
2026-06-15 10:00:00,2.392,2.408,2.388,2.401,143924.9
2026-06-15 10:05:00,2.401,2.41,2.401,2.409,102375.7
2026-06-15 10:10:00,2.409,2.409,2.394,2.395,46424.7
2026-06-15 10:15:00,2.396,2.408,2.394,2.4,45099.3
2026-06-15 10:20:00,2.4,2.402,2.378,2.382,150691.8
2026-06-15 10:25:00,2.383,2.393,2.38,2.381,90211.8
2026-06-15 10:30:00,2.382,2.39,2.381,2.388,59685.9
2026-06-15 10:35:00,2.388,2.396,2.386,2.389,37935.3
2026-06-15 10:40:00,2.389,2.406,2.389,2.404,103022.0
2026-06-15 10:45:00,2.404,2.405,2.396,2.396,72560.1
2026-06-15 10:50:00,2.397,2.444,2.392,2.434,350758.9
2026-06-15 10:55:00,2.434,2.45,2.419,2.42,594004.8
2026-06-15 11:00:00,2.421,2.438,2.419,2.432,160962.1
2026-06-15 11:05:00,2.433,2.441,2.426,2.431,201573.1
2026-06-15 11:10:00,2.43,2.437,2.418,2.427,267779.8
2026-06-15 11:15:00,2.427,2.446,2.427,2.44,172608.8
2026-06-15 11:20:00,2.439,2.455,2.435,2.449,288886.8
2026-06-15 11:25:00,2.45,2.474,2.448,2.473,721597.3
2026-06-15 11:30:00,2.473,2.488,2.464,2.486,378222.0
2026-06-15 11:35:00,2.487,2.493,2.48,2.491,247298.6
2026-06-15 11:40:00,2.49,2.493,2.462,2.464,367459.5
2026-06-15 11:45:00,2.464,2.481,2.455,2.473,358521.3
2026-06-15 11:50:00,2.473,2.478,2.464,2.475,128071.5
2026-06-15 11:55:00,2.475,2.501,2.468,2.495,248514.6
2026-06-15 12:00:00,2.496,2.502,2.489,2.489,115608.3
2026-06-15 12:05:00,2.489,2.5,2.481,2.488,123151.1
2026-06-15 12:10:00,2.489,2.489,2.465,2.471,95592.8
2026-06-15 12:15:00,2.47,2.478,2.463,2.471,136508.4
2026-06-15 12:20:00,2.471,2.476,2.459,2.476,195929.1
2026-06-15 12:25:00,2.477,2.477,2.455,2.461,235558.1
2026-06-15 12:30:00,2.461,2.462,2.442,2.458,326700.4
2026-06-15 12:35:00,2.457,2.468,2.453,2.463,158628.5
2026-06-15 12:40:00,2.463,2.482,2.462,2.481,199398.3
2026-06-15 12:45:00,2.481,2.484,2.465,2.466,139590.9
2026-06-15 12:50:00,2.466,2.477,2.461,2.475,133047.8
2026-06-15 12:55:00,2.475,2.482,2.466,2.479,249918.9
2026-06-15 13:00:00,2.479,2.481,2.465,2.477,167462.3
2026-06-15 13:05:00,2.478,2.486,2.476,2.48,101445.9
2026-06-15 13:10:00,2.48,2.498,2.475,2.496,155393.1
2026-06-15 13:15:00,2.495,2.503,2.482,2.489,203155.0
2026-06-15 13:20:00,2.49,2.492,2.473,2.475,112562.8
2026-06-15 13:25:00,2.476,2.484,2.471,2.48,80080.4
2026-06-15 13:30:00,2.479,2.489,2.47,2.483,101230.7
2026-06-15 13:35:00,2.483,2.488,2.469,2.47,71141.1
2026-06-15 13:40:00,2.47,2.478,2.462,2.477,134807.2
2026-06-15 13:45:00,2.477,2.477,2.464,2.465,67190.5
2026-06-15 13:50:00,2.465,2.472,2.463,2.469,79479.1
2026-06-15 13:55:00,2.469,2.478,2.466,2.469,66641.3
2026-06-15 14:00:00,2.47,2.48,2.459,2.479,169505.5
2026-06-15 14:05:00,2.479,2.492,2.479,2.489,111408.9
2026-06-15 14:10:00,2.488,2.495,2.479,2.494,146342.4
2026-06-15 14:15:00,2.494,2.496,2.483,2.483,47629.3
2026-06-15 14:20:00,2.483,2.493,2.478,2.486,220055.1
2026-06-15 14:25:00,2.487,2.493,2.484,2.493,115204.5
2026-06-15 14:30:00,2.493,2.505,2.492,2.499,233097.8
2026-06-15 14:35:00,2.499,2.505,2.496,2.501,64058.1
2026-06-15 14:40:00,2.501,2.523,2.501,2.517,554504.1
2026-06-15 14:45:00,2.517,2.525,2.505,2.515,202409.6
2026-06-15 14:50:00,2.514,2.52,2.508,2.514,140300.4
2026-06-15 14:55:00,2.514,2.538,2.513,2.533,167623.9
2026-06-15 15:00:00,2.532,2.544,2.528,2.533,224474.9
2026-06-15 15:05:00,2.532,2.545,2.528,2.529,145390.1
2026-06-15 15:10:00,2.53,2.53,2.512,2.524,183969.4
2026-06-15 15:15:00,2.523,2.53,2.517,2.524,61418.0
2026-06-15 15:20:00,2.524,2.524,2.505,2.508,132422.6
2026-06-15 15:25:00,2.507,2.511,2.491,2.491,272070.0
2026-06-15 15:30:00,2.492,2.5,2.476,2.476,486214.1
2026-06-15 15:35:00,2.476,2.496,2.467,2.492,212903.6
2026-06-15 15:40:00,2.492,2.497,2.484,2.494,140909.6
2026-06-15 15:45:00,2.493,2.495,2.475,2.487,487958.4
2026-06-15 15:50:00,2.487,2.509,2.479,2.506,963545.1
2026-06-15 15:55:00,2.507,2.51,2.484,2.488,347395.2
2026-06-15 16:00:00,2.488,2.489,2.471,2.473,277085.3
2026-06-15 16:05:00,2.472,2.496,2.47,2.495,195674.4
2026-06-15 16:10:00,2.495,2.495,2.48,2.485,167883.3
2026-06-15 16:15:00,2.484,2.492,2.48,2.491,100134.4
2026-06-15 16:20:00,2.49,2.497,2.482,2.493,98841.0
2026-06-15 16:25:00,2.493,2.498,2.487,2.494,116695.8
2026-06-15 16:30:00,2.495,2.495,2.483,2.493,67693.8
2026-06-15 16:35:00,2.492,2.497,2.484,2.49,50758.3
2026-06-15 16:40:00,2.49,2.495,2.483,2.485,48838.7
2026-06-15 16:45:00,2.486,2.487,2.478,2.484,52108.4
2026-06-15 16:50:00,2.484,2.488,2.477,2.488,32429.3
2026-06-15 16:55:00,2.487,2.494,2.481,2.481,41192.5
2026-06-15 17:00:00,2.481,2.482,2.469,2.473,180808.1
2026-06-15 17:05:00,2.474,2.485,2.469,2.472,71174.9
2026-06-15 17:10:00,2.471,2.486,2.471,2.477,53425.4
2026-06-15 17:15:00,2.477,2.51,2.477,2.497,137666.4
2026-06-15 17:20:00,2.498,2.499,2.488,2.497,59414.9
2026-06-15 17:25:00,2.497,2.507,2.493,2.495,99280.0
2026-06-15 17:30:00,2.495,2.503,2.486,2.49,61219.2
2026-06-15 17:35:00,2.491,2.5,2.489,2.497,44557.2
2026-06-15 17:40:00,2.496,2.496,2.485,2.488,66603.2
2026-06-15 17:45:00,2.488,2.493,2.486,2.489,41973.0
2026-06-15 17:50:00,2.49,2.492,2.478,2.482,51030.1
2026-06-15 17:55:00,2.482,2.491,2.475,2.489,45211.3
2026-06-15 18:00:00,2.49,2.49,2.476,2.476,50668.0
2026-06-15 18:05:00,2.475,2.485,2.473,2.479,78455.4
2026-06-15 18:10:00,2.48,2.488,2.473,2.488,25137.5
2026-06-15 18:15:00,2.488,2.499,2.488,2.493,48475.0
2026-06-15 18:20:00,2.492,2.5,2.491,2.493,43081.7
2026-06-15 18:25:00,2.493,2.499,2.487,2.491,50893.2
2026-06-15 18:30:00,2.491,2.503,2.487,2.497,38061.7
2026-06-15 18:35:00,2.497,2.51,2.496,2.506,60917.1
2026-06-15 18:40:00,2.507,2.508,2.502,2.503,19026.9
2026-06-15 18:45:00,2.503,2.51,2.498,2.508,34916.1
2026-06-15 18:50:00,2.508,2.51,2.501,2.502,50069.2
2026-06-15 18:55:00,2.502,2.509,2.499,2.503,33391.3
2026-06-15 19:00:00,2.502,2.52,2.5,2.518,91700.6
2026-06-15 19:05:00,2.519,2.526,2.515,2.516,223970.2
2026-06-15 19:10:00,2.516,2.531,2.512,2.525,141214.2
2026-06-15 19:15:00,2.525,2.528,2.481,2.482,208994.1
2026-06-15 19:20:00,2.481,2.509,2.479,2.505,101579.9
2026-06-15 19:25:00,2.506,2.506,2.477,2.478,90366.4
2026-06-15 19:30:00,2.478,2.492,2.475,2.49,82408.4
2026-06-15 19:35:00,2.489,2.494,2.476,2.494,45243.0
2026-06-15 19:40:00,2.493,2.493,2.481,2.489,37912.4
2026-06-15 19:45:00,2.489,2.489,2.474,2.479,76703.5
2026-06-15 19:50:00,2.479,2.48,2.47,2.476,60412.2
2026-06-15 19:55:00,2.476,2.479,2.461,2.468,81948.3
2026-06-15 20:00:00,2.468,2.473,2.459,2.473,84829.2
2026-06-15 20:05:00,2.473,2.482,2.472,2.481,34327.6
2026-06-15 20:10:00,2.481,2.487,2.479,2.483,30050.5
2026-06-15 20:15:00,2.482,2.491,2.476,2.478,46374.6
2026-06-15 20:20:00,2.478,2.489,2.477,2.484,31220.5
2026-06-15 20:25:00,2.483,2.487,2.478,2.478,21666.0
2026-06-15 20:30:00,2.478,2.491,2.478,2.489,48114.3
2026-06-15 20:35:00,2.488,2.488,2.48,2.485,38577.4
2026-06-15 20:40:00,2.486,2.486,2.477,2.478,15816.1
2026-06-15 20:45:00,2.477,2.484,2.468,2.478,54193.2
2026-06-15 20:50:00,2.478,2.483,2.473,2.475,33063.8
2026-06-15 20:55:00,2.474,2.481,2.471,2.475,32015.3
2026-06-15 21:00:00,2.474,2.475,2.464,2.464,71074.6
2026-06-15 21:05:00,2.464,2.47,2.463,2.467,47931.2
2026-06-15 21:10:00,2.467,2.471,2.459,2.469,42644.4
2026-06-15 21:15:00,2.469,2.472,2.467,2.47,37103.4
2026-06-15 21:20:00,2.47,2.471,2.46,2.465,111978.5
2026-06-15 21:25:00,2.464,2.464,2.448,2.45,118066.2
2026-06-15 21:30:00,2.45,2.455,2.428,2.439,320095.2
2026-06-15 21:35:00,2.439,2.452,2.436,2.451,105986.3
2026-06-15 21:40:00,2.451,2.451,2.446,2.447,24367.8
2026-06-15 21:45:00,2.447,2.451,2.442,2.445,20338.6
2026-06-15 21:50:00,2.444,2.45,2.441,2.449,27822.2
2026-06-15 21:55:00,2.449,2.449,2.441,2.445,26093.2
2026-06-15 22:00:00,2.446,2.46,2.446,2.459,45673.2
2026-06-15 22:05:00,2.46,2.466,2.457,2.457,30940.7
2026-06-15 22:10:00,2.457,2.462,2.45,2.451,30170.6
2026-06-15 22:15:00,2.451,2.462,2.451,2.456,52465.6
2026-06-15 22:20:00,2.456,2.461,2.449,2.449,69984.0
2026-06-15 22:25:00,2.449,2.45,2.427,2.429,235230.2
2026-06-15 22:30:00,2.429,2.44,2.418,2.44,407472.9
2026-06-15 22:35:00,2.44,2.442,2.428,2.434,48229.7
2026-06-15 22:40:00,2.434,2.435,2.42,2.421,134274.5
2026-06-15 22:45:00,2.421,2.423,2.4,2.401,368895.1
2026-06-15 22:50:00,2.402,2.405,2.396,2.397,336956.9
2026-06-15 22:55:00,2.397,2.402,2.394,2.399,60116.7
2026-06-15 23:00:00,2.4,2.405,2.39,2.39,272376.5
2026-06-15 23:05:00,2.39,2.393,2.384,2.39,137990.8
2026-06-15 23:10:00,2.39,2.402,2.386,2.387,119760.3
2026-06-15 23:15:00,2.387,2.393,2.383,2.39,50973.0
2026-06-15 23:20:00,2.391,2.397,2.37,2.37,406521.1
2026-06-15 23:25:00,2.371,2.387,2.369,2.381,102363.9
2026-06-15 23:30:00,2.382,2.386,2.374,2.374,36476.0
2026-06-15 23:35:00,2.373,2.38,2.368,2.379,72567.3
2026-06-15 23:40:00,2.379,2.385,2.376,2.383,29230.3
2026-06-15 23:45:00,2.383,2.392,2.378,2.389,65697.8
2026-06-15 23:50:00,2.388,2.393,2.384,2.387,55043.7
2026-06-15 23:55:00,2.387,2.395,2.385,2.394,48691.5
2026-06-16 00:00:00,2.394,2.401,2.389,2.393,76602.0
2026-06-16 00:05:00,2.392,2.401,2.386,2.401,34912.1
2026-06-16 00:10:00,2.402,2.404,2.396,2.404,42708.4
2026-06-16 00:15:00,2.404,2.407,2.4,2.404,79936.7
2026-06-16 00:20:00,2.403,2.409,2.396,2.396,180731.7
2026-06-16 00:25:00,2.395,2.404,2.394,2.402,38180.5
2026-06-16 00:30:00,2.402,2.413,2.4,2.409,38122.1
2026-06-16 00:35:00,2.409,2.419,2.409,2.413,54393.7
2026-06-16 00:40:00,2.413,2.415,2.408,2.411,57367.8
2026-06-16 00:45:00,2.411,2.418,2.411,2.412,33498.0
2026-06-16 00:50:00,2.412,2.416,2.405,2.407,39573.3
2026-06-16 00:55:00,2.406,2.412,2.401,2.41,98975.9
2026-06-16 01:00:00,2.41,2.423,2.41,2.423,39775.9
2026-06-16 01:05:00,2.423,2.43,2.417,2.419,59916.7
2026-06-16 01:10:00,2.419,2.422,2.413,2.417,37878.2
2026-06-16 01:15:00,2.417,2.417,2.409,2.411,49885.4
2026-06-16 01:20:00,2.411,2.418,2.406,2.409,54710.4
2026-06-16 01:25:00,2.408,2.408,2.405,2.408,18235.3
2026-06-16 01:30:00,2.407,2.413,2.404,2.405,26052.4
2026-06-16 01:35:00,2.405,2.408,2.398,2.406,135982.1
2026-06-16 01:40:00,2.405,2.413,2.401,2.411,39312.9
2026-06-16 01:45:00,2.41,2.416,2.408,2.414,19918.6
2026-06-16 01:50:00,2.414,2.414,2.403,2.405,78480.3
2026-06-16 01:55:00,2.404,2.406,2.398,2.401,34104.0
2026-06-16 02:00:00,2.402,2.402,2.394,2.397,26816.4
2026-06-16 02:05:00,2.396,2.399,2.39,2.391,45765.7
2026-06-16 02:10:00,2.391,2.391,2.36,2.363,246573.4
2026-06-16 02:15:00,2.364,2.377,2.364,2.375,65050.1
2026-06-16 02:20:00,2.376,2.38,2.373,2.373,50701.9
2026-06-16 02:25:00,2.372,2.378,2.35,2.353,153822.2
2026-06-16 02:30:00,2.354,2.358,2.341,2.347,321510.8
2026-06-16 02:35:00,2.348,2.372,2.342,2.371,134914.3
2026-06-16 02:40:00,2.37,2.376,2.368,2.376,83410.9
2026-06-16 02:45:00,2.376,2.386,2.376,2.386,60830.4
2026-06-16 02:50:00,2.386,2.387,2.376,2.377,20090.2
2026-06-16 02:55:00,2.377,2.384,2.372,2.383,55013.6
2026-06-16 03:00:00,2.382,2.384,2.376,2.381,45869.8
2026-06-16 03:05:00,2.382,2.384,2.376,2.38,58182.7
2026-06-16 03:10:00,2.38,2.389,2.379,2.388,83075.7
2026-06-16 03:15:00,2.388,2.389,2.378,2.38,32306.8
2026-06-16 03:20:00,2.38,2.382,2.37,2.381,95675.8
2026-06-16 03:25:00,2.381,2.402,2.381,2.4,77215.1
2026-06-16 03:30:00,2.401,2.402,2.391,2.395,39862.8
2026-06-16 03:35:00,2.394,2.397,2.389,2.395,40779.9
2026-06-16 03:40:00,2.395,2.401,2.392,2.401,27179.3
2026-06-16 03:45:00,2.401,2.402,2.394,2.394,44989.6
2026-06-16 03:50:00,2.393,2.397,2.391,2.393,24875.8
2026-06-16 03:55:00,2.393,2.4,2.392,2.399,15983.2
2026-06-16 04:00:00,2.399,2.419,2.398,2.418,44531.5
2026-06-16 04:05:00,2.418,2.419,2.401,2.403,74492.0
2026-06-16 04:10:00,2.403,2.413,2.403,2.412,71441.5
2026-06-16 04:15:00,2.411,2.412,2.401,2.405,58691.4
2026-06-16 04:20:00,2.404,2.404,2.393,2.396,37208.6
2026-06-16 04:25:00,2.396,2.403,2.393,2.393,44581.0
2026-06-16 04:30:00,2.393,2.393,2.383,2.385,78224.2
2026-06-16 04:35:00,2.386,2.389,2.379,2.381,25618.6
2026-06-16 04:40:00,2.381,2.382,2.368,2.372,117429.5
2026-06-16 04:45:00,2.372,2.379,2.371,2.375,22857.5
2026-06-16 04:50:00,2.376,2.381,2.373,2.381,17085.3
2026-06-16 04:55:00,2.38,2.39,2.377,2.386,46062.8
2026-06-16 05:00:00,2.387,2.412,2.387,2.411,104740.6
2026-06-16 05:05:00,2.412,2.416,2.404,2.411,88386.1
2026-06-16 05:10:00,2.41,2.411,2.402,2.402,43966.6
2026-06-16 05:15:00,2.402,2.407,2.395,2.405,72985.7
2026-06-16 05:20:00,2.405,2.413,2.404,2.412,28519.9
2026-06-16 05:25:00,2.413,2.415,2.404,2.412,68287.0
2026-06-16 05:30:00,2.411,2.414,2.406,2.407,35023.7
2026-06-16 05:35:00,2.407,2.417,2.407,2.41,41187.1
2026-06-16 05:40:00,2.41,2.415,2.407,2.411,46133.1
2026-06-16 05:45:00,2.411,2.416,2.411,2.414,16414.4
2026-06-16 05:50:00,2.415,2.437,2.41,2.429,150824.0
2026-06-16 05:55:00,2.429,2.434,2.428,2.429,60516.9
2026-06-16 06:00:00,2.429,2.434,2.427,2.43,65071.4
2026-06-16 06:05:00,2.429,2.442,2.427,2.441,75905.3
2026-06-16 06:10:00,2.441,2.442,2.434,2.438,57579.9
2026-06-16 06:15:00,2.438,2.443,2.433,2.436,100988.7
2026-06-16 06:20:00,2.436,2.438,2.43,2.434,115376.3
2026-06-16 06:25:00,2.434,2.446,2.432,2.445,130960.7
2026-06-16 06:30:00,2.445,2.445,2.438,2.441,131613.6
2026-06-16 06:35:00,2.441,2.449,2.436,2.436,69742.8
2026-06-16 06:40:00,2.437,2.439,2.429,2.434,59218.4
2026-06-16 06:45:00,2.433,2.439,2.425,2.428,31915.3
2026-06-16 06:50:00,2.428,2.436,2.428,2.43,42493.2
2026-06-16 06:55:00,2.43,2.434,2.426,2.431,49823.1
2026-06-16 07:00:00,2.431,2.432,2.421,2.423,39921.5
2026-06-16 07:05:00,2.424,2.429,2.42,2.424,49830.2
2026-06-16 07:10:00,2.424,2.427,2.414,2.415,66290.1
2026-06-16 07:15:00,2.415,2.425,2.412,2.42,46908.4
2026-06-16 07:20:00,2.42,2.423,2.416,2.423,28130.0
2026-06-16 07:25:00,2.423,2.432,2.421,2.428,40761.0
2026-06-16 07:30:00,2.428,2.446,2.428,2.445,139335.0
2026-06-16 07:35:00,2.444,2.464,2.442,2.46,101191.6
2026-06-16 07:40:00,2.461,2.465,2.448,2.45,132669.3
2026-06-16 07:45:00,2.45,2.464,2.448,2.455,109963.3
2026-06-16 07:50:00,2.454,2.458,2.45,2.45,89839.1
2026-06-16 07:55:00,2.449,2.458,2.449,2.453,51191.2
2026-06-16 08:00:00,2.453,2.459,2.45,2.451,81077.3
2026-06-16 08:05:00,2.452,2.46,2.451,2.46,47355.2
2026-06-16 08:10:00,2.46,2.466,2.454,2.455,83408.1
2026-06-16 08:15:00,2.455,2.462,2.451,2.459,197927.5
2026-06-16 08:20:00,2.46,2.473,2.457,2.473,83163.8
2026-06-16 08:25:00,2.474,2.478,2.47,2.476,94841.5
2026-06-16 08:30:00,2.476,2.48,2.471,2.476,226777.6
2026-06-16 08:35:00,2.476,2.477,2.47,2.475,75079.2
2026-06-16 08:40:00,2.476,2.482,2.474,2.482,116591.7
2026-06-16 08:45:00,2.481,2.481,2.472,2.473,72189.0
2026-06-16 08:50:00,2.473,2.504,2.471,2.503,526185.9
2026-06-16 08:55:00,2.502,2.502,2.49,2.495,340139.2
2026-06-16 09:00:00,2.496,2.498,2.486,2.496,352781.3
2026-06-16 09:05:00,2.496,2.5,2.49,2.493,120136.6
2026-06-16 09:10:00,2.493,2.498,2.489,2.494,194421.2
2026-06-16 09:15:00,2.495,2.498,2.488,2.49,116314.0
2026-06-16 09:20:00,2.491,2.498,2.481,2.498,129621.2
2026-06-16 09:25:00,2.498,2.518,2.498,2.517,361019.3
2026-06-16 09:30:00,2.517,2.525,2.507,2.514,133418.8
2026-06-16 09:35:00,2.515,2.521,2.497,2.5,126593.5
2026-06-16 09:40:00,2.5,2.51,2.493,2.501,155445.2
2026-06-16 09:45:00,2.502,2.503,2.491,2.493,117914.3
2026-06-16 09:50:00,2.494,2.503,2.489,2.503,135034.8
2026-06-16 09:55:00,2.502,2.509,2.5,2.506,117532.9
2026-06-16 10:00:00,2.506,2.515,2.504,2.506,105340.4
2026-06-16 10:05:00,2.506,2.508,2.487,2.497,149175.3
2026-06-16 10:10:00,2.498,2.498,2.491,2.495,43348.7
2026-06-16 10:15:00,2.495,2.508,2.493,2.494,83216.8
2026-06-16 10:20:00,2.494,2.516,2.494,2.515,104214.4
2026-06-16 10:25:00,2.516,2.524,2.514,2.524,97862.7
2026-06-16 10:30:00,2.524,2.545,2.524,2.545,195158.7
2026-06-16 10:35:00,2.546,2.562,2.539,2.54,325485.9
2026-06-16 10:40:00,2.539,2.544,2.533,2.538,110174.4
2026-06-16 10:45:00,2.538,2.545,2.531,2.541,105422.0
2026-06-16 10:50:00,2.541,2.557,2.541,2.545,210823.8
2026-06-16 10:55:00,2.545,2.55,2.467,2.469,1012040.3
2026-06-16 11:00:00,2.47,2.48,2.455,2.476,217922.8
2026-06-16 11:05:00,2.477,2.478,2.465,2.472,153207.5
2026-06-16 11:10:00,2.472,2.479,2.465,2.476,99335.4
2026-06-16 11:15:00,2.477,2.488,2.476,2.488,95708.9
2026-06-16 11:20:00,2.487,2.493,2.472,2.475,123291.3
2026-06-16 11:25:00,2.475,2.479,2.464,2.475,240027.0
2026-06-16 11:30:00,2.475,2.476,2.457,2.465,126598.2
2026-06-16 11:35:00,2.466,2.471,2.447,2.459,265074.9
2026-06-16 11:40:00,2.458,2.459,2.449,2.453,52256.0
2026-06-16 11:45:00,2.452,2.453,2.428,2.431,335660.8
2026-06-16 11:50:00,2.431,2.434,2.425,2.43,144920.3
2026-06-16 11:55:00,2.43,2.443,2.429,2.439,81323.3
2026-06-16 12:00:00,2.44,2.443,2.423,2.423,134484.7
2026-06-16 12:05:00,2.423,2.432,2.422,2.427,81413.3
2026-06-16 12:10:00,2.428,2.438,2.42,2.436,110831.9
2026-06-16 12:15:00,2.436,2.442,2.428,2.435,172854.6
2026-06-16 12:20:00,2.436,2.436,2.423,2.423,173118.9
2026-06-16 12:25:00,2.424,2.434,2.424,2.428,127071.9
2026-06-16 12:30:00,2.429,2.454,2.423,2.452,210502.0
2026-06-16 12:35:00,2.451,2.455,2.441,2.455,172431.5
2026-06-16 12:40:00,2.456,2.457,2.436,2.441,177244.7
2026-06-16 12:45:00,2.44,2.443,2.433,2.436,117583.9
2026-06-16 12:50:00,2.437,2.442,2.434,2.438,121978.1
2026-06-16 12:55:00,2.438,2.453,2.438,2.45,45300.5
2026-06-16 13:00:00,2.45,2.453,2.433,2.433,135723.3
2026-06-16 13:05:00,2.434,2.434,2.395,2.395,412366.5
2026-06-16 13:10:00,2.395,2.398,2.375,2.393,382591.2
2026-06-16 13:15:00,2.393,2.406,2.392,2.404,168709.0
2026-06-16 13:20:00,2.404,2.404,2.394,2.397,112229.4
2026-06-16 13:25:00,2.396,2.401,2.39,2.392,64041.9
2026-06-16 13:30:00,2.391,2.404,2.391,2.391,182046.1
2026-06-16 13:35:00,2.392,2.402,2.391,2.397,139007.9
2026-06-16 13:40:00,2.397,2.405,2.393,2.396,63554.5
2026-06-16 13:45:00,2.395,2.4,2.388,2.399,70519.5
2026-06-16 13:50:00,2.399,2.399,2.382,2.382,98062.2
2026-06-16 13:55:00,2.382,2.391,2.376,2.381,178226.4
2026-06-16 14:00:00,2.382,2.395,2.38,2.395,140112.2
2026-06-16 14:05:00,2.395,2.398,2.385,2.391,89399.7
2026-06-16 14:10:00,2.392,2.394,2.371,2.374,194448.4
2026-06-16 14:15:00,2.374,2.383,2.355,2.357,383640.2
2026-06-16 14:20:00,2.357,2.361,2.342,2.354,438185.4
2026-06-16 14:25:00,2.354,2.358,2.333,2.334,285937.1
2026-06-16 14:30:00,2.334,2.342,2.31,2.33,998928.2
2026-06-16 14:35:00,2.331,2.347,2.328,2.346,279233.1
2026-06-16 14:40:00,2.346,2.351,2.336,2.345,291154.8
2026-06-16 14:45:00,2.345,2.357,2.344,2.344,309657.7
2026-06-16 14:50:00,2.345,2.351,2.335,2.336,200738.1
2026-06-16 14:55:00,2.335,2.337,2.322,2.324,121905.0
2026-06-16 15:00:00,2.324,2.329,2.311,2.315,578051.8
2026-06-16 15:05:00,2.315,2.335,2.315,2.331,254300.7
2026-06-16 15:10:00,2.33,2.339,2.327,2.333,149784.2
2026-06-16 15:15:00,2.333,2.343,2.33,2.331,155722.3
2026-06-16 15:20:00,2.332,2.334,2.325,2.328,154183.4
2026-06-16 15:25:00,2.328,2.335,2.32,2.335,136757.7
2026-06-16 15:30:00,2.335,2.337,2.328,2.334,90132.5
2026-06-16 15:35:00,2.334,2.347,2.327,2.33,117816.8
2026-06-16 15:40:00,2.331,2.338,2.328,2.329,42188.5
2026-06-16 15:45:00,2.329,2.33,2.321,2.33,60126.9
2026-06-16 15:50:00,2.33,2.339,2.325,2.336,62961.2
2026-06-16 15:55:00,2.337,2.347,2.336,2.339,106686.0
2026-06-16 16:00:00,2.339,2.349,2.338,2.343,67723.0
2026-06-16 16:05:00,2.342,2.345,2.336,2.338,75650.3
2026-06-16 16:10:00,2.338,2.342,2.325,2.33,96107.4
2026-06-16 16:15:00,2.33,2.338,2.329,2.334,65583.3
2026-06-16 16:20:00,2.334,2.342,2.331,2.341,59699.0
2026-06-16 16:25:00,2.341,2.345,2.333,2.341,113683.8
2026-06-16 16:30:00,2.341,2.343,2.32,2.322,121267.5
2026-06-16 16:35:00,2.322,2.33,2.317,2.33,66943.5
2026-06-16 16:40:00,2.33,2.333,2.324,2.33,49461.3
2026-06-16 16:45:00,2.33,2.331,2.318,2.322,64049.0
2026-06-16 16:50:00,2.323,2.325,2.319,2.321,54218.5
2026-06-16 16:55:00,2.321,2.325,2.314,2.319,59548.7
2026-06-16 17:00:00,2.32,2.335,2.32,2.329,43438.0
2026-06-16 17:05:00,2.329,2.331,2.322,2.323,46830.8
2026-06-16 17:10:00,2.322,2.329,2.322,2.326,27009.7
2026-06-16 17:15:00,2.326,2.337,2.325,2.326,38504.2
2026-06-16 17:20:00,2.327,2.331,2.322,2.331,38335.2
2026-06-16 17:25:00,2.331,2.333,2.325,2.331,78209.8
2026-06-16 17:30:00,2.33,2.343,2.323,2.34,37566.7
2026-06-16 17:35:00,2.339,2.339,2.322,2.324,64975.2
2026-06-16 17:40:00,2.324,2.325,2.32,2.325,76889.9
2026-06-16 17:45:00,2.324,2.337,2.322,2.337,53068.8
2026-06-16 17:50:00,2.338,2.339,2.332,2.334,63467.5
2026-06-16 17:55:00,2.334,2.338,2.329,2.336,44134.3
2026-06-16 18:00:00,2.336,2.36,2.335,2.352,200703.3
2026-06-16 18:05:00,2.352,2.355,2.347,2.353,129477.1
2026-06-16 18:10:00,2.353,2.356,2.348,2.353,113360.7
2026-06-16 18:15:00,2.353,2.353,2.343,2.346,80406.7
2026-06-16 18:20:00,2.345,2.345,2.331,2.335,93313.2
2026-06-16 18:25:00,2.335,2.339,2.328,2.338,53931.3
2026-06-16 18:30:00,2.338,2.345,2.338,2.34,25302.4
2026-06-16 18:35:00,2.339,2.345,2.334,2.341,42202.1
2026-06-16 18:40:00,2.34,2.341,2.332,2.337,48552.0
2026-06-16 18:45:00,2.338,2.339,2.325,2.327,65935.8
2026-06-16 18:50:00,2.327,2.331,2.325,2.33,61744.4
2026-06-16 18:55:00,2.329,2.336,2.327,2.333,31749.5
2026-06-16 19:00:00,2.333,2.333,2.315,2.321,103247.2
2026-06-16 19:05:00,2.321,2.325,2.317,2.321,89639.2
2026-06-16 19:10:00,2.321,2.321,2.313,2.315,68393.1
2026-06-16 19:15:00,2.316,2.316,2.29,2.291,261831.6
2026-06-16 19:20:00,2.292,2.306,2.291,2.305,65051.6
2026-06-16 19:25:00,2.305,2.306,2.298,2.304,60314.8
2026-06-16 19:30:00,2.303,2.314,2.301,2.313,63907.5
2026-06-16 19:35:00,2.314,2.317,2.305,2.306,41347.3
2026-06-16 19:40:00,2.306,2.316,2.306,2.315,69053.0
2026-06-16 19:45:00,2.315,2.322,2.312,2.315,48240.4
2026-06-16 19:50:00,2.315,2.323,2.3,2.3,144013.9
2026-06-16 19:55:00,2.3,2.304,2.289,2.304,301948.2
2026-06-16 20:00:00,2.304,2.314,2.3,2.314,64543.5
2026-06-16 20:05:00,2.314,2.323,2.312,2.323,38638.1
2026-06-16 20:10:00,2.324,2.343,2.323,2.34,101708.7
2026-06-16 20:15:00,2.34,2.348,2.333,2.347,190346.2
2026-06-16 20:20:00,2.347,2.353,2.336,2.337,168072.9
2026-06-16 20:25:00,2.337,2.337,2.324,2.33,56297.4
2026-06-16 20:30:00,2.331,2.341,2.33,2.338,93946.7
2026-06-16 20:35:00,2.338,2.356,2.335,2.354,137837.0
2026-06-16 20:40:00,2.354,2.368,2.351,2.367,205055.1
2026-06-16 20:45:00,2.367,2.37,2.358,2.363,86541.0
2026-06-16 20:50:00,2.363,2.386,2.363,2.376,133179.0
2026-06-16 20:55:00,2.376,2.377,2.367,2.37,48533.9
2026-06-16 21:00:00,2.37,2.374,2.365,2.366,65283.7
2026-06-16 21:05:00,2.366,2.369,2.356,2.364,91098.3
2026-06-16 21:10:00,2.363,2.369,2.355,2.368,81921.3
2026-06-16 21:15:00,2.369,2.372,2.35,2.356,103264.8
2026-06-16 21:20:00,2.356,2.357,2.335,2.34,108509.4
2026-06-16 21:25:00,2.34,2.34,2.331,2.337,60470.7
2026-06-16 21:30:00,2.338,2.347,2.338,2.343,75131.4
2026-06-16 21:35:00,2.342,2.343,2.333,2.333,34021.1
2026-06-16 21:40:00,2.334,2.339,2.334,2.337,40518.0
2026-06-16 21:45:00,2.338,2.348,2.338,2.348,28023.6
2026-06-16 21:50:00,2.347,2.347,2.338,2.338,26894.0
2026-06-16 21:55:00,2.339,2.344,2.337,2.337,46211.9
2026-06-16 22:00:00,2.337,2.34,2.325,2.329,154630.0
2026-06-16 22:05:00,2.33,2.335,2.325,2.333,45708.6
2026-06-16 22:10:00,2.334,2.347,2.334,2.337,121952.0
2026-06-16 22:15:00,2.338,2.342,2.334,2.342,42554.1
2026-06-16 22:20:00,2.343,2.343,2.33,2.33,74819.6
2026-06-16 22:25:00,2.33,2.334,2.327,2.33,223813.4
2026-06-16 22:30:00,2.331,2.335,2.326,2.33,38795.1
2026-06-16 22:35:00,2.329,2.332,2.325,2.329,36913.5
2026-06-16 22:40:00,2.329,2.331,2.32,2.323,49973.9
2026-06-16 22:45:00,2.323,2.327,2.317,2.325,27111.8
2026-06-16 22:50:00,2.324,2.327,2.323,2.327,28332.9
2026-06-16 22:55:00,2.328,2.331,2.325,2.326,38841.4
2026-06-16 23:00:00,2.326,2.328,2.321,2.328,24255.3
2026-06-16 23:05:00,2.329,2.33,2.323,2.328,30643.3
2026-06-16 23:10:00,2.328,2.328,2.323,2.326,22349.1
2026-06-16 23:15:00,2.327,2.327,2.316,2.317,43828.5
2026-06-16 23:20:00,2.317,2.319,2.313,2.317,42857.6
2026-06-16 23:25:00,2.317,2.324,2.317,2.323,32002.3
2026-06-16 23:30:00,2.323,2.325,2.318,2.323,13058.1
2026-06-16 23:35:00,2.324,2.326,2.32,2.321,45424.3
2026-06-16 23:40:00,2.321,2.322,2.318,2.319,33188.1
2026-06-16 23:45:00,2.318,2.32,2.314,2.314,30373.4
2026-06-16 23:50:00,2.314,2.315,2.31,2.312,12857.3
2026-06-16 23:55:00,2.312,2.312,2.305,2.308,82514.2
2026-06-17 00:00:00,2.308,2.312,2.303,2.305,66569.9
2026-06-17 00:05:00,2.305,2.312,2.305,2.312,18454.2
2026-06-17 00:10:00,2.313,2.319,2.312,2.315,56430.3
2026-06-17 00:15:00,2.315,2.322,2.312,2.321,51957.7
2026-06-17 00:20:00,2.32,2.322,2.314,2.317,55521.6
2026-06-17 00:25:00,2.317,2.323,2.317,2.322,26747.7
2026-06-17 00:30:00,2.321,2.324,2.313,2.321,61176.8
2026-06-17 00:35:00,2.32,2.326,2.318,2.319,39189.4
2026-06-17 00:40:00,2.319,2.326,2.317,2.324,53026.9
2026-06-17 00:45:00,2.325,2.327,2.321,2.322,72866.0
2026-06-17 00:50:00,2.322,2.322,2.305,2.306,115152.7
2026-06-17 00:55:00,2.307,2.312,2.306,2.311,21562.8
2026-06-17 01:00:00,2.311,2.323,2.31,2.323,44287.6
2026-06-17 01:05:00,2.324,2.333,2.322,2.332,49432.7
2026-06-17 01:10:00,2.332,2.332,2.325,2.329,42903.1
2026-06-17 01:15:00,2.328,2.328,2.307,2.31,118651.4
2026-06-17 01:20:00,2.31,2.327,2.306,2.326,156007.0
2026-06-17 01:25:00,2.327,2.327,2.321,2.325,38902.0
2026-06-17 01:30:00,2.326,2.327,2.314,2.318,53102.3
2026-06-17 01:35:00,2.318,2.329,2.318,2.327,48530.1
2026-06-17 01:40:00,2.327,2.341,2.327,2.34,119130.7
2026-06-17 01:45:00,2.34,2.347,2.339,2.346,93480.2
2026-06-17 01:50:00,2.346,2.349,2.34,2.345,69893.4
2026-06-17 01:55:00,2.346,2.351,2.345,2.349,75263.7
2026-06-17 02:00:00,2.349,2.351,2.344,2.345,61943.3
2026-06-17 02:05:00,2.345,2.35,2.34,2.346,58566.4
2026-06-17 02:10:00,2.345,2.347,2.337,2.341,373139.0
2026-06-17 02:15:00,2.341,2.349,2.341,2.346,74968.1
2026-06-17 02:20:00,2.346,2.358,2.346,2.352,80029.3
2026-06-17 02:25:00,2.352,2.36,2.351,2.359,56371.0
2026-06-17 02:30:00,2.359,2.359,2.346,2.346,46614.7
2026-06-17 02:35:00,2.345,2.35,2.331,2.332,112915.7
2026-06-17 02:40:00,2.332,2.341,2.332,2.338,102771.9
2026-06-17 02:45:00,2.339,2.344,2.335,2.344,72037.9
2026-06-17 02:50:00,2.343,2.349,2.336,2.341,58648.9
2026-06-17 02:55:00,2.341,2.349,2.341,2.349,28019.6
2026-06-17 03:00:00,2.349,2.349,2.334,2.338,71199.4
2026-06-17 03:05:00,2.338,2.345,2.336,2.337,68928.0
2026-06-17 03:10:00,2.337,2.339,2.317,2.325,150257.0
2026-06-17 03:15:00,2.326,2.326,2.319,2.321,35210.5
2026-06-17 03:20:00,2.322,2.322,2.312,2.313,27233.1
2026-06-17 03:25:00,2.314,2.32,2.313,2.32,54561.2
2026-06-17 03:30:00,2.32,2.326,2.32,2.324,44547.1
2026-06-17 03:35:00,2.323,2.323,2.317,2.318,112817.0
2026-06-17 03:40:00,2.318,2.32,2.316,2.317,43924.1
2026-06-17 03:45:00,2.318,2.318,2.311,2.313,73697.4
2026-06-17 03:50:00,2.313,2.32,2.313,2.317,82468.8
2026-06-17 03:55:00,2.317,2.318,2.313,2.316,29386.7
2026-06-17 04:00:00,2.317,2.322,2.314,2.321,21754.2
2026-06-17 04:05:00,2.321,2.326,2.321,2.322,12562.2
2026-06-17 04:10:00,2.323,2.329,2.319,2.321,39554.2
2026-06-17 04:15:00,2.32,2.322,2.316,2.318,68557.8
2026-06-17 04:20:00,2.318,2.332,2.318,2.33,13846.1
2026-06-17 04:25:00,2.329,2.338,2.327,2.332,95357.5
2026-06-17 04:30:00,2.332,2.334,2.326,2.329,42526.9
2026-06-17 04:35:00,2.329,2.331,2.322,2.33,19645.0
2026-06-17 04:40:00,2.329,2.331,2.323,2.325,15512.6
2026-06-17 04:45:00,2.325,2.347,2.325,2.346,56477.5
2026-06-17 04:50:00,2.346,2.348,2.336,2.338,37071.0
2026-06-17 04:55:00,2.337,2.34,2.334,2.335,23994.1
2026-06-17 05:00:00,2.335,2.344,2.335,2.344,35613.5
2026-06-17 05:05:00,2.345,2.345,2.329,2.329,49027.5
2026-06-17 05:10:00,2.328,2.332,2.32,2.324,96445.7
2026-06-17 05:15:00,2.323,2.326,2.315,2.315,81105.9
2026-06-17 05:20:00,2.315,2.316,2.311,2.315,29176.1
2026-06-17 05:25:00,2.315,2.323,2.315,2.322,21464.8
2026-06-17 05:30:00,2.323,2.329,2.322,2.327,113981.7
2026-06-17 05:35:00,2.327,2.327,2.319,2.326,23865.1
2026-06-17 05:40:00,2.326,2.337,2.325,2.333,59776.6
2026-06-17 05:45:00,2.332,2.338,2.326,2.328,112438.7
2026-06-17 05:50:00,2.329,2.331,2.321,2.324,17487.0
2026-06-17 05:55:00,2.325,2.333,2.324,2.333,16229.1
2026-06-17 06:00:00,2.333,2.34,2.331,2.337,63827.1
2026-06-17 06:05:00,2.337,2.338,2.33,2.334,25162.5
2026-06-17 06:10:00,2.333,2.338,2.332,2.337,20173.3
2026-06-17 06:15:00,2.336,2.338,2.333,2.336,32015.4
2026-06-17 06:20:00,2.336,2.337,2.333,2.333,18018.3
2026-06-17 06:25:00,2.332,2.332,2.316,2.316,59699.1
2026-06-17 06:30:00,2.317,2.32,2.306,2.317,123559.1
2026-06-17 06:35:00,2.317,2.324,2.316,2.317,71237.6
2026-06-17 06:40:00,2.318,2.32,2.311,2.319,27692.6
2026-06-17 06:45:00,2.319,2.329,2.318,2.329,16469.4
2026-06-17 06:50:00,2.33,2.33,2.315,2.317,89807.2
2026-06-17 06:55:00,2.318,2.319,2.311,2.317,51001.2
2026-06-17 07:00:00,2.318,2.318,2.313,2.314,10276.9
2026-06-17 07:05:00,2.314,2.32,2.311,2.318,67221.1
2026-06-17 07:10:00,2.318,2.319,2.311,2.313,22017.7
2026-06-17 07:15:00,2.313,2.314,2.299,2.301,140031.1
2026-06-17 07:20:00,2.301,2.301,2.271,2.272,424125.8
2026-06-17 07:25:00,2.273,2.289,2.272,2.283,84868.3
2026-06-17 07:30:00,2.284,2.299,2.283,2.299,71353.8
2026-06-17 07:35:00,2.299,2.303,2.298,2.3,132070.4
2026-06-17 07:40:00,2.299,2.308,2.298,2.306,57027.5
2026-06-17 07:45:00,2.305,2.305,2.295,2.3,70930.6
2026-06-17 07:50:00,2.3,2.304,2.292,2.296,101859.4
2026-06-17 07:55:00,2.295,2.316,2.295,2.316,84414.9
2026-06-17 08:00:00,2.316,2.32,2.309,2.31,56234.6
2026-06-17 08:05:00,2.309,2.314,2.295,2.303,179405.6
2026-06-17 08:10:00,2.303,2.303,2.29,2.292,79051.5
2026-06-17 08:15:00,2.292,2.295,2.287,2.289,58024.9
2026-06-17 08:20:00,2.289,2.301,2.274,2.297,182272.9
2026-06-17 08:25:00,2.298,2.299,2.292,2.292,34297.8
2026-06-17 08:30:00,2.292,2.293,2.282,2.287,42596.2
2026-06-17 08:35:00,2.287,2.289,2.275,2.279,68165.6
2026-06-17 08:40:00,2.278,2.285,2.275,2.277,114177.3
2026-06-17 08:45:00,2.277,2.282,2.274,2.278,53766.7
2026-06-17 08:50:00,2.278,2.28,2.271,2.275,39045.3
2026-06-17 08:55:00,2.275,2.286,2.275,2.281,55481.9
2026-06-17 09:00:00,2.281,2.289,2.28,2.285,92706.3
2026-06-17 09:05:00,2.284,2.29,2.283,2.285,28029.2
2026-06-17 09:10:00,2.284,2.284,2.269,2.274,65379.0
2026-06-17 09:15:00,2.273,2.277,2.267,2.277,76444.2
2026-06-17 09:20:00,2.277,2.279,2.269,2.278,48388.7
2026-06-17 09:25:00,2.279,2.285,2.275,2.277,25970.1
2026-06-17 09:30:00,2.277,2.279,2.275,2.276,21747.9
2026-06-17 09:35:00,2.277,2.282,2.275,2.278,37241.3
2026-06-17 09:40:00,2.277,2.277,2.273,2.275,33439.7
2026-06-17 09:45:00,2.274,2.289,2.274,2.289,57424.2
2026-06-17 09:50:00,2.288,2.292,2.281,2.281,87209.5
2026-06-17 09:55:00,2.28,2.286,2.277,2.286,30430.7
2026-06-17 10:00:00,2.286,2.288,2.274,2.275,55285.5
2026-06-17 10:05:00,2.276,2.28,2.274,2.277,19349.4
2026-06-17 10:10:00,2.278,2.283,2.278,2.281,14054.3
2026-06-17 10:15:00,2.281,2.287,2.275,2.276,30218.4
2026-06-17 10:20:00,2.276,2.286,2.276,2.282,19838.1
2026-06-17 10:25:00,2.282,2.282,2.279,2.28,11679.3
2026-06-17 10:30:00,2.281,2.283,2.279,2.281,13827.8
2026-06-17 10:35:00,2.28,2.283,2.278,2.278,17103.0
2026-06-17 10:40:00,2.278,2.284,2.277,2.282,17662.0
2026-06-17 10:45:00,2.282,2.284,2.278,2.28,26050.4
2026-06-17 10:50:00,2.281,2.281,2.273,2.274,33150.6
2026-06-17 10:55:00,2.274,2.275,2.27,2.271,32614.8
2026-06-17 11:00:00,2.272,2.277,2.263,2.264,105128.9
2026-06-17 11:05:00,2.264,2.282,2.258,2.281,186287.4
2026-06-17 11:10:00,2.281,2.287,2.273,2.277,58272.0
2026-06-17 11:15:00,2.278,2.278,2.267,2.27,58288.7
2026-06-17 11:20:00,2.269,2.281,2.268,2.273,41966.9
2026-06-17 11:25:00,2.273,2.283,2.272,2.282,17891.2
2026-06-17 11:30:00,2.281,2.29,2.279,2.285,55321.1
2026-06-17 11:35:00,2.285,2.288,2.279,2.282,48309.7
2026-06-17 11:40:00,2.281,2.29,2.281,2.287,23343.3
2026-06-17 11:45:00,2.288,2.295,2.287,2.29,53200.1
2026-06-17 11:50:00,2.289,2.293,2.288,2.289,41724.8
2026-06-17 11:55:00,2.289,2.292,2.285,2.286,16286.7
2026-06-17 12:00:00,2.286,2.292,2.281,2.286,43819.9
2026-06-17 12:05:00,2.286,2.302,2.286,2.302,91421.7
2026-06-17 12:10:00,2.302,2.303,2.293,2.302,83294.4
2026-06-17 12:15:00,2.301,2.305,2.298,2.305,77610.4
2026-06-17 12:20:00,2.305,2.306,2.289,2.292,110491.6
2026-06-17 12:25:00,2.291,2.292,2.276,2.281,149084.6
2026-06-17 12:30:00,2.281,2.294,2.273,2.289,100118.0
2026-06-17 12:35:00,2.29,2.291,2.283,2.288,44509.2
2026-06-17 12:40:00,2.287,2.301,2.286,2.301,38218.5
2026-06-17 12:45:00,2.3,2.314,2.298,2.306,117025.3
2026-06-17 12:50:00,2.306,2.322,2.304,2.315,76830.4
2026-06-17 12:55:00,2.315,2.325,2.312,2.318,74490.4
2026-06-17 13:00:00,2.317,2.317,2.311,2.311,48229.1
2026-06-17 13:05:00,2.311,2.323,2.305,2.319,175174.9
2026-06-17 13:10:00,2.32,2.328,2.318,2.327,93473.3
2026-06-17 13:15:00,2.326,2.329,2.319,2.319,51369.5
2026-06-17 13:20:00,2.318,2.319,2.299,2.304,93882.4
2026-06-17 13:25:00,2.304,2.315,2.301,2.315,69962.3
2026-06-17 13:30:00,2.315,2.315,2.301,2.307,121220.7
2026-06-17 13:35:00,2.307,2.324,2.307,2.319,117141.9
2026-06-17 13:40:00,2.318,2.324,2.311,2.324,74411.4
2026-06-17 13:45:00,2.323,2.326,2.318,2.32,37665.4
2026-06-17 13:50:00,2.319,2.322,2.313,2.318,50860.3
2026-06-17 13:55:00,2.317,2.319,2.307,2.308,34365.8
2026-06-17 14:00:00,2.307,2.312,2.302,2.303,78124.3
2026-06-17 14:05:00,2.302,2.314,2.301,2.302,51652.5
2026-06-17 14:10:00,2.303,2.318,2.302,2.315,37278.5
2026-06-17 14:15:00,2.315,2.318,2.303,2.305,50813.7
2026-06-17 14:20:00,2.305,2.318,2.301,2.313,33720.4
2026-06-17 14:25:00,2.313,2.315,2.304,2.315,68309.0
2026-06-17 14:30:00,2.316,2.319,2.308,2.31,59273.1
2026-06-17 14:35:00,2.311,2.321,2.311,2.316,70384.8
2026-06-17 14:40:00,2.317,2.323,2.312,2.313,58736.6
2026-06-17 14:45:00,2.312,2.322,2.287,2.304,184631.8
2026-06-17 14:50:00,2.305,2.316,2.301,2.315,138613.1
2026-06-17 14:55:00,2.315,2.317,2.302,2.304,43607.5
2026-06-17 15:00:00,2.304,2.312,2.299,2.31,33867.1
2026-06-17 15:05:00,2.31,2.311,2.294,2.296,83587.4
2026-06-17 15:10:00,2.297,2.313,2.296,2.312,48567.8
2026-06-17 15:15:00,2.311,2.319,2.307,2.311,51935.0
2026-06-17 15:20:00,2.312,2.331,2.312,2.331,74768.2
2026-06-17 15:25:00,2.331,2.344,2.327,2.34,135632.5
2026-06-17 15:30:00,2.341,2.353,2.339,2.348,141597.1
2026-06-17 15:35:00,2.347,2.367,2.343,2.365,190480.8
2026-06-17 15:40:00,2.365,2.371,2.357,2.37,129864.6
2026-06-17 15:45:00,2.371,2.378,2.363,2.378,115900.3
2026-06-17 15:50:00,2.378,2.385,2.364,2.366,149033.0
2026-06-17 15:55:00,2.367,2.385,2.365,2.382,106334.6
2026-06-17 16:00:00,2.382,2.386,2.374,2.382,99764.8
2026-06-17 16:05:00,2.383,2.384,2.363,2.367,90459.1
2026-06-17 16:10:00,2.366,2.381,2.356,2.372,73292.7
2026-06-17 16:15:00,2.373,2.38,2.37,2.372,106736.2
2026-06-17 16:20:00,2.371,2.376,2.361,2.364,93692.3
2026-06-17 16:25:00,2.365,2.389,2.364,2.381,116276.5
2026-06-17 16:30:00,2.381,2.383,2.362,2.362,169876.8
2026-06-17 16:35:00,2.362,2.372,2.358,2.366,74319.3
2026-06-17 16:40:00,2.367,2.369,2.356,2.358,81250.8
2026-06-17 16:45:00,2.358,2.362,2.344,2.347,140467.9
2026-06-17 16:50:00,2.348,2.35,2.337,2.343,113521.9
2026-06-17 16:55:00,2.343,2.346,2.339,2.339,41583.1
2026-06-17 17:00:00,2.34,2.345,2.334,2.334,73679.4
2026-06-17 17:05:00,2.333,2.342,2.329,2.334,148789.1
2026-06-17 17:10:00,2.335,2.343,2.334,2.334,36614.0
2026-06-17 17:15:00,2.335,2.351,2.334,2.348,50907.5
2026-06-17 17:20:00,2.347,2.353,2.345,2.352,38525.6
2026-06-17 17:25:00,2.352,2.354,2.346,2.349,65637.6
2026-06-17 17:30:00,2.35,2.358,2.339,2.34,107113.5
2026-06-17 17:35:00,2.34,2.341,2.33,2.335,94575.8
2026-06-17 17:40:00,2.336,2.336,2.322,2.328,82303.6
2026-06-17 17:45:00,2.328,2.333,2.317,2.323,69995.6
2026-06-17 17:50:00,2.324,2.342,2.323,2.341,93958.9
2026-06-17 17:55:00,2.342,2.346,2.332,2.346,80424.0
2026-06-17 18:00:00,2.345,2.345,2.296,2.304,569568.3
2026-06-17 18:05:00,2.304,2.306,2.273,2.305,411378.1
2026-06-17 18:10:00,2.305,2.308,2.285,2.286,208976.9
2026-06-17 18:15:00,2.286,2.296,2.282,2.294,146929.6
2026-06-17 18:20:00,2.293,2.302,2.287,2.292,126661.7
2026-06-17 18:25:00,2.292,2.294,2.281,2.291,150463.0
2026-06-17 18:30:00,2.292,2.304,2.279,2.288,332735.5
2026-06-17 18:35:00,2.289,2.322,2.287,2.311,206848.8
2026-06-17 18:40:00,2.311,2.347,2.311,2.338,282897.6
2026-06-17 18:45:00,2.339,2.342,2.33,2.341,109470.4
2026-06-17 18:50:00,2.34,2.346,2.334,2.337,88161.8
2026-06-17 18:55:00,2.336,2.336,2.306,2.31,115362.7
2026-06-17 19:00:00,2.311,2.326,2.309,2.313,92027.2
2026-06-17 19:05:00,2.313,2.324,2.308,2.312,68317.7
2026-06-17 19:10:00,2.313,2.325,2.3,2.323,75188.2
2026-06-17 19:15:00,2.323,2.324,2.282,2.282,194986.3
2026-06-17 19:20:00,2.282,2.288,2.266,2.27,339904.4
2026-06-17 19:25:00,2.271,2.284,2.26,2.264,215851.8
2026-06-17 19:30:00,2.265,2.279,2.26,2.267,97319.2
2026-06-17 19:35:00,2.267,2.278,2.246,2.256,492408.0
2026-06-17 19:40:00,2.256,2.256,2.23,2.241,344348.0
2026-06-17 19:45:00,2.241,2.255,2.232,2.249,437466.5
2026-06-17 19:50:00,2.248,2.254,2.231,2.231,234280.9
2026-06-17 19:55:00,2.231,2.244,2.231,2.237,102925.0
2026-06-17 20:00:00,2.237,2.249,2.229,2.246,130300.7
2026-06-17 20:05:00,2.245,2.247,2.239,2.242,63092.8
2026-06-17 20:10:00,2.242,2.247,2.238,2.238,53075.0
2026-06-17 20:15:00,2.238,2.248,2.237,2.248,66189.3
2026-06-17 20:20:00,2.248,2.251,2.241,2.246,63201.1
2026-06-17 20:25:00,2.247,2.251,2.24,2.242,61060.6
2026-06-17 20:30:00,2.243,2.253,2.239,2.249,92329.6
2026-06-17 20:35:00,2.249,2.254,2.245,2.245,58138.6
2026-06-17 20:40:00,2.246,2.251,2.245,2.246,25714.1
2026-06-17 20:45:00,2.245,2.249,2.243,2.249,42323.5
2026-06-17 20:50:00,2.248,2.25,2.243,2.243,51471.6
2026-06-17 20:55:00,2.244,2.262,2.244,2.262,72829.7
2026-06-17 21:00:00,2.263,2.275,2.26,2.267,91550.8
2026-06-17 21:05:00,2.267,2.271,2.261,2.264,43583.7
2026-06-17 21:10:00,2.264,2.264,2.256,2.256,33597.2
2026-06-17 21:15:00,2.256,2.26,2.254,2.26,19938.8
2026-06-17 21:20:00,2.259,2.263,2.258,2.259,18110.4
2026-06-17 21:25:00,2.258,2.258,2.251,2.252,21145.5
2026-06-17 21:30:00,2.251,2.255,2.25,2.255,13520.4
2026-06-17 21:35:00,2.255,2.262,2.255,2.257,28072.7
2026-06-17 21:40:00,2.257,2.257,2.23,2.239,195768.8
2026-06-17 21:45:00,2.238,2.239,2.219,2.225,286276.7
2026-06-17 21:50:00,2.224,2.228,2.22,2.224,64249.1
2026-06-17 21:55:00,2.225,2.228,2.218,2.226,80485.7
2026-06-17 22:00:00,2.225,2.227,2.204,2.213,301106.3
2026-06-17 22:05:00,2.213,2.224,2.211,2.221,78098.8
2026-06-17 22:10:00,2.221,2.229,2.22,2.221,50444.6
2026-06-17 22:15:00,2.221,2.228,2.217,2.225,28756.2
2026-06-17 22:20:00,2.225,2.235,2.223,2.233,37561.1
2026-06-17 22:25:00,2.233,2.24,2.231,2.24,41452.8
2026-06-17 22:30:00,2.239,2.246,2.229,2.232,107682.4
2026-06-17 22:35:00,2.232,2.237,2.232,2.233,21162.0
2026-06-17 22:40:00,2.234,2.238,2.232,2.234,36394.1
2026-06-17 22:45:00,2.234,2.241,2.234,2.24,19310.0
2026-06-17 22:50:00,2.24,2.242,2.235,2.237,13750.8
2026-06-17 22:55:00,2.237,2.239,2.225,2.226,368738.8
2026-06-17 23:00:00,2.226,2.241,2.225,2.238,71421.9
2026-06-17 23:05:00,2.238,2.238,2.217,2.227,317983.5
2026-06-17 23:10:00,2.227,2.227,2.187,2.192,1827420.6
2026-06-17 23:15:00,2.193,2.208,2.187,2.2,979092.6
2026-06-17 23:20:00,2.199,2.204,2.188,2.195,557669.7
2026-06-17 23:25:00,2.194,2.198,2.194,2.196,171312.0
2026-06-17 23:30:00,2.196,2.197,2.189,2.19,129406.6
2026-06-17 23:35:00,2.189,2.192,2.187,2.191,158961.8
2026-06-17 23:40:00,2.19,2.192,2.176,2.177,288839.1
2026-06-17 23:45:00,2.176,2.184,2.172,2.177,281995.0
2026-06-17 23:50:00,2.177,2.181,2.175,2.18,115354.6
2026-06-17 23:55:00,2.179,2.183,2.176,2.182,200065.9
2026-06-18 00:00:00,2.181,2.19,2.176,2.187,161224.3
2026-06-18 00:05:00,2.188,2.192,2.187,2.191,182838.2
2026-06-18 00:10:00,2.191,2.197,2.188,2.19,123827.8
2026-06-18 00:15:00,2.189,2.193,2.179,2.192,189737.5
2026-06-18 00:20:00,2.192,2.197,2.19,2.193,65648.4
2026-06-18 00:25:00,2.192,2.198,2.187,2.197,60839.1
2026-06-18 00:30:00,2.197,2.205,2.195,2.196,70719.0
2026-06-18 00:35:00,2.197,2.199,2.194,2.197,55175.7
2026-06-18 00:40:00,2.196,2.199,2.192,2.199,42162.3
2026-06-18 00:45:00,2.2,2.202,2.196,2.201,44576.0
2026-06-18 00:50:00,2.2,2.201,2.196,2.196,34571.4
2026-06-18 00:55:00,2.197,2.197,2.189,2.196,139467.2
2026-06-18 01:00:00,2.196,2.213,2.196,2.211,86244.9
2026-06-18 01:05:00,2.211,2.219,2.208,2.218,72081.1
2026-06-18 01:10:00,2.218,2.225,2.216,2.219,94280.8
2026-06-18 01:15:00,2.219,2.225,2.217,2.222,101234.3
2026-06-18 01:20:00,2.222,2.23,2.221,2.222,58321.8
2026-06-18 01:25:00,2.221,2.228,2.221,2.227,24350.7
2026-06-18 01:30:00,2.227,2.233,2.222,2.223,29619.3
2026-06-18 01:35:00,2.222,2.227,2.22,2.227,137045.2
2026-06-18 01:40:00,2.227,2.227,2.221,2.224,33333.4
2026-06-18 01:45:00,2.224,2.226,2.22,2.221,63501.4
2026-06-18 01:50:00,2.221,2.225,2.22,2.221,83188.1
2026-06-18 01:55:00,2.222,2.226,2.222,2.226,16213.6
2026-06-18 02:00:00,2.227,2.233,2.225,2.232,19048.8
2026-06-18 02:05:00,2.233,2.237,2.233,2.237,42962.1
2026-06-18 02:10:00,2.237,2.238,2.23,2.232,26759.2
2026-06-18 02:15:00,2.231,2.235,2.225,2.235,31343.2
2026-06-18 02:20:00,2.235,2.244,2.234,2.24,51636.3
2026-06-18 02:25:00,2.241,2.243,2.239,2.241,46725.9
2026-06-18 02:30:00,2.241,2.242,2.229,2.229,59825.4
2026-06-18 02:35:00,2.23,2.239,2.226,2.239,68431.3
2026-06-18 02:40:00,2.239,2.244,2.234,2.243,55908.6
2026-06-18 02:45:00,2.243,2.247,2.241,2.244,82302.9
2026-06-18 02:50:00,2.243,2.243,2.234,2.238,8573.9
2026-06-18 02:55:00,2.238,2.24,2.236,2.236,14583.4
2026-06-18 03:00:00,2.237,2.238,2.23,2.236,48053.5
2026-06-18 03:05:00,2.235,2.237,2.23,2.23,16429.6
2026-06-18 03:10:00,2.229,2.229,2.22,2.22,170231.8
2026-06-18 03:15:00,2.219,2.221,2.219,2.221,34925.2
2026-06-18 03:20:00,2.221,2.222,2.209,2.209,52135.5
2026-06-18 03:25:00,2.21,2.214,2.203,2.204,81394.2
2026-06-18 03:30:00,2.205,2.214,2.203,2.213,67177.0
2026-06-18 03:35:00,2.213,2.216,2.208,2.214,25151.9
2026-06-18 03:40:00,2.214,2.214,2.201,2.204,62421.5
2026-06-18 03:45:00,2.203,2.215,2.203,2.215,43332.7
2026-06-18 03:50:00,2.216,2.217,2.215,2.216,15035.1
2026-06-18 03:55:00,2.216,2.216,2.205,2.207,30479.2
2026-06-18 04:00:00,2.207,2.208,2.187,2.188,107401.9
2026-06-18 04:05:00,2.188,2.19,2.18,2.182,91893.2
2026-06-18 04:10:00,2.182,2.189,2.177,2.183,121588.0
2026-06-18 04:15:00,2.184,2.191,2.177,2.179,52571.4
2026-06-18 04:20:00,2.179,2.188,2.173,2.185,159229.9
2026-06-18 04:25:00,2.186,2.191,2.183,2.183,37657.8
2026-06-18 04:30:00,2.183,2.184,2.176,2.179,79790.2
2026-06-18 04:35:00,2.179,2.185,2.173,2.174,46149.6
2026-06-18 04:40:00,2.174,2.176,2.167,2.171,85006.6
2026-06-18 04:45:00,2.171,2.173,2.164,2.17,77561.6
2026-06-18 04:50:00,2.171,2.176,2.168,2.175,45682.6
2026-06-18 04:55:00,2.176,2.18,2.169,2.17,40281.7
2026-06-18 05:00:00,2.169,2.17,2.15,2.152,289557.0
2026-06-18 05:05:00,2.153,2.16,2.151,2.155,109144.9
2026-06-18 05:10:00,2.155,2.168,2.155,2.164,91220.7
2026-06-18 05:15:00,2.163,2.168,2.16,2.165,60301.5
2026-06-18 05:20:00,2.164,2.164,2.155,2.155,40956.2
2026-06-18 05:25:00,2.155,2.161,2.152,2.153,26122.9
2026-06-18 05:30:00,2.153,2.159,2.151,2.157,78756.0
2026-06-18 05:35:00,2.157,2.16,2.15,2.159,66854.8
2026-06-18 05:40:00,2.159,2.161,2.158,2.159,33144.3
2026-06-18 05:45:00,2.159,2.166,2.159,2.163,20725.5
2026-06-18 05:50:00,2.163,2.167,2.161,2.164,36509.7
2026-06-18 05:55:00,2.164,2.171,2.163,2.165,49169.6
2026-06-18 06:00:00,2.165,2.176,2.162,2.175,43792.2
2026-06-18 06:05:00,2.175,2.177,2.166,2.167,38829.1
2026-06-18 06:10:00,2.167,2.169,2.163,2.166,54615.6
2026-06-18 06:15:00,2.167,2.169,2.157,2.157,61009.3
2026-06-18 06:20:00,2.157,2.167,2.157,2.163,21952.4
2026-06-18 06:25:00,2.163,2.175,2.162,2.173,101652.4
2026-06-18 06:30:00,2.173,2.181,2.17,2.176,84075.9
2026-06-18 06:35:00,2.175,2.194,2.174,2.189,146180.0
2026-06-18 06:40:00,2.189,2.199,2.188,2.198,54915.4
2026-06-18 06:45:00,2.199,2.201,2.194,2.201,81252.9
2026-06-18 06:50:00,2.201,2.202,2.196,2.198,19160.4
2026-06-18 06:55:00,2.198,2.207,2.197,2.203,51693.2
2026-06-18 07:00:00,2.203,2.203,2.192,2.203,63620.2
2026-06-18 07:05:00,2.203,2.205,2.199,2.204,71441.4
2026-06-18 07:10:00,2.204,2.205,2.196,2.205,52137.3
2026-06-18 07:15:00,2.205,2.216,2.203,2.215,67150.1
2026-06-18 07:20:00,2.216,2.217,2.213,2.216,34255.9
2026-06-18 07:25:00,2.215,2.218,2.212,2.214,65893.8
2026-06-18 07:30:00,2.214,2.215,2.206,2.211,30675.4
2026-06-18 07:35:00,2.212,2.218,2.211,2.214,51962.9
2026-06-18 07:40:00,2.214,2.215,2.208,2.211,91430.3
2026-06-18 07:45:00,2.211,2.222,2.206,2.221,48778.7
2026-06-18 07:50:00,2.22,2.222,2.217,2.217,93907.6
2026-06-18 07:55:00,2.217,2.219,2.213,2.217,43818.9
2026-06-18 08:00:00,2.217,2.217,2.209,2.211,18922.0
2026-06-18 08:05:00,2.211,2.225,2.21,2.225,95921.2
2026-06-18 08:10:00,2.224,2.233,2.219,2.228,148019.6
2026-06-18 08:15:00,2.228,2.235,2.226,2.232,50594.8
2026-06-18 08:20:00,2.232,2.236,2.229,2.236,47461.0
2026-06-18 08:25:00,2.235,2.236,2.231,2.231,75552.7
2026-06-18 08:30:00,2.231,2.235,2.23,2.232,40643.4
2026-06-18 08:35:00,2.232,2.237,2.231,2.236,43210.2
2026-06-18 08:40:00,2.236,2.236,2.231,2.234,23062.0
2026-06-18 08:45:00,2.234,2.236,2.229,2.232,25723.8
2026-06-18 08:50:00,2.233,2.233,2.224,2.225,33283.6
2026-06-18 08:55:00,2.226,2.228,2.213,2.215,133203.0
2026-06-18 09:00:00,2.216,2.22,2.207,2.22,101444.9
2026-06-18 09:05:00,2.219,2.226,2.217,2.226,29733.4
2026-06-18 09:10:00,2.225,2.225,2.218,2.221,19299.2
2026-06-18 09:15:00,2.221,2.228,2.221,2.226,40006.4
2026-06-18 09:20:00,2.226,2.233,2.225,2.232,139716.0
2026-06-18 09:25:00,2.231,2.231,2.218,2.221,70876.3
2026-06-18 09:30:00,2.221,2.227,2.214,2.226,51219.9
2026-06-18 09:35:00,2.226,2.232,2.224,2.228,37734.8
2026-06-18 09:40:00,2.228,2.234,2.226,2.232,61588.5
2026-06-18 09:45:00,2.233,2.237,2.229,2.229,38927.7
2026-06-18 09:50:00,2.229,2.235,2.228,2.231,28291.6
2026-06-18 09:55:00,2.23,2.237,2.227,2.235,33578.1
2026-06-18 10:00:00,2.236,2.238,2.228,2.231,29648.6
2026-06-18 10:05:00,2.231,2.231,2.215,2.215,49007.6
2026-06-18 10:10:00,2.215,2.219,2.212,2.217,30166.4
2026-06-18 10:15:00,2.217,2.221,2.214,2.219,15394.1
2026-06-18 10:20:00,2.218,2.221,2.215,2.216,14078.2
2026-06-18 10:25:00,2.216,2.223,2.216,2.219,21539.3
2026-06-18 10:30:00,2.219,2.224,2.217,2.222,16355.0
2026-06-18 10:35:00,2.222,2.225,2.217,2.222,26959.8
2026-06-18 10:40:00,2.222,2.225,2.221,2.221,25158.1
2026-06-18 10:45:00,2.22,2.225,2.219,2.223,19052.2
2026-06-18 10:50:00,2.223,2.236,2.223,2.232,43180.8
2026-06-18 10:55:00,2.232,2.232,2.221,2.221,107326.7
2026-06-18 11:00:00,2.22,2.23,2.22,2.226,23905.4
2026-06-18 11:05:00,2.226,2.227,2.218,2.22,34474.6
2026-06-18 11:10:00,2.221,2.222,2.216,2.218,30384.3
2026-06-18 11:15:00,2.219,2.223,2.21,2.211,52299.3
2026-06-18 11:20:00,2.21,2.211,2.187,2.189,214053.3
2026-06-18 11:25:00,2.19,2.198,2.19,2.198,92952.3
2026-06-18 11:30:00,2.199,2.207,2.196,2.207,33401.3
2026-06-18 11:35:00,2.207,2.208,2.199,2.202,24664.6
2026-06-18 11:40:00,2.201,2.204,2.194,2.199,38535.9
2026-06-18 11:45:00,2.199,2.206,2.195,2.195,27278.0
2026-06-18 11:50:00,2.195,2.202,2.195,2.202,14262.7
2026-06-18 11:55:00,2.201,2.205,2.2,2.205,21451.3
2026-06-18 12:00:00,2.205,2.211,2.2,2.208,35630.5
2026-06-18 12:05:00,2.208,2.211,2.203,2.209,14794.6
2026-06-18 12:10:00,2.208,2.214,2.207,2.212,31441.5
2026-06-18 12:15:00,2.212,2.226,2.212,2.221,31145.5
2026-06-18 12:20:00,2.222,2.233,2.221,2.229,49636.7
2026-06-18 12:25:00,2.229,2.237,2.227,2.236,51136.4
2026-06-18 12:30:00,2.236,2.242,2.232,2.234,74330.1
2026-06-18 12:35:00,2.233,2.249,2.233,2.241,117694.9
2026-06-18 12:40:00,2.241,2.263,2.241,2.262,169401.2
2026-06-18 12:45:00,2.262,2.268,2.259,2.268,134074.0
2026-06-18 12:50:00,2.267,2.267,2.256,2.263,62260.8
2026-06-18 12:55:00,2.263,2.27,2.26,2.263,79427.1
2026-06-18 13:00:00,2.263,2.264,2.255,2.257,44427.8
2026-06-18 13:05:00,2.257,2.28,2.257,2.275,110202.0
2026-06-18 13:10:00,2.276,2.281,2.272,2.273,71726.4
2026-06-18 13:15:00,2.274,2.279,2.264,2.274,133324.4
2026-06-18 13:20:00,2.274,2.282,2.27,2.281,118247.4
2026-06-18 13:25:00,2.282,2.301,2.282,2.289,116191.2
2026-06-18 13:30:00,2.289,2.289,2.263,2.27,203945.5
2026-06-18 13:35:00,2.269,2.269,2.246,2.25,171426.6
2026-06-18 13:40:00,2.25,2.261,2.238,2.241,319444.3
2026-06-18 13:45:00,2.241,2.269,2.24,2.267,207465.9
2026-06-18 13:50:00,2.267,2.283,2.263,2.271,112072.0
2026-06-18 13:55:00,2.271,2.275,2.258,2.272,86437.8
2026-06-18 14:00:00,2.272,2.292,2.265,2.285,141420.1
2026-06-18 14:05:00,2.285,2.288,2.268,2.284,293722.5
2026-06-18 14:10:00,2.283,2.283,2.247,2.248,255976.4
2026-06-18 14:15:00,2.248,2.276,2.243,2.269,133886.7
2026-06-18 14:20:00,2.269,2.293,2.267,2.286,73646.7
2026-06-18 14:25:00,2.285,2.285,2.265,2.267,74781.5
2026-06-18 14:30:00,2.267,2.276,2.259,2.273,52764.4
2026-06-18 14:35:00,2.273,2.288,2.27,2.288,72842.5
2026-06-18 14:40:00,2.288,2.288,2.262,2.263,109380.2
2026-06-18 14:45:00,2.264,2.288,2.262,2.281,102039.9
2026-06-18 14:50:00,2.28,2.28,2.252,2.257,233318.5
2026-06-18 14:55:00,2.257,2.276,2.255,2.268,87283.0
2026-06-18 15:00:00,2.269,2.27,2.255,2.264,75574.5
2026-06-18 15:05:00,2.264,2.281,2.261,2.27,89429.4
2026-06-18 15:10:00,2.27,2.273,2.26,2.263,105581.9
2026-06-18 15:15:00,2.263,2.268,2.245,2.262,239737.1
2026-06-18 15:20:00,2.263,2.269,2.241,2.247,198221.9
2026-06-18 15:25:00,2.246,2.248,2.229,2.231,120365.7
2026-06-18 15:30:00,2.23,2.24,2.222,2.231,180063.5
2026-06-18 15:35:00,2.232,2.233,2.203,2.206,260131.9
2026-06-18 15:40:00,2.206,2.206,2.189,2.193,263813.7
2026-06-18 15:45:00,2.193,2.204,2.18,2.183,229311.0
2026-06-18 15:50:00,2.184,2.189,2.168,2.18,362450.9
2026-06-18 15:55:00,2.181,2.19,2.169,2.18,230827.1
2026-06-18 16:00:00,2.179,2.212,2.176,2.201,373667.5
2026-06-18 16:05:00,2.202,2.211,2.199,2.209,79782.1
2026-06-18 16:10:00,2.208,2.21,2.2,2.204,127086.6
2026-06-18 16:15:00,2.204,2.206,2.193,2.198,111512.2
2026-06-18 16:20:00,2.198,2.222,2.198,2.217,99054.5
2026-06-18 16:25:00,2.218,2.228,2.212,2.213,146475.9
2026-06-18 16:30:00,2.212,2.219,2.202,2.219,123544.0
2026-06-18 16:35:00,2.219,2.219,2.202,2.213,119917.5
2026-06-18 16:40:00,2.213,2.213,2.198,2.208,152329.8
2026-06-18 16:45:00,2.208,2.212,2.202,2.206,88332.8
2026-06-18 16:50:00,2.207,2.225,2.205,2.22,67795.2
2026-06-18 16:55:00,2.221,2.225,2.214,2.225,54805.0
2026-06-18 17:00:00,2.225,2.23,2.206,2.212,84946.6
2026-06-18 17:05:00,2.211,2.22,2.209,2.21,97251.7
2026-06-18 17:10:00,2.209,2.211,2.192,2.201,172848.0
2026-06-18 17:15:00,2.201,2.206,2.196,2.203,53661.6
2026-06-18 17:20:00,2.203,2.203,2.183,2.188,70999.1
2026-06-18 17:25:00,2.188,2.189,2.13,2.157,857678.9
2026-06-18 17:30:00,2.157,2.185,2.157,2.173,318002.1
2026-06-18 17:35:00,2.173,2.174,2.165,2.17,100229.1
2026-06-18 17:40:00,2.17,2.185,2.167,2.182,201048.1
2026-06-18 17:45:00,2.182,2.186,2.176,2.186,101779.7
2026-06-18 17:50:00,2.186,2.192,2.178,2.179,91914.0
2026-06-18 17:55:00,2.178,2.18,2.165,2.173,235803.9
2026-06-18 18:00:00,2.173,2.177,2.162,2.176,117111.3
2026-06-18 18:05:00,2.176,2.185,2.174,2.175,145041.1
2026-06-18 18:10:00,2.175,2.18,2.173,2.175,65584.7
2026-06-18 18:15:00,2.174,2.183,2.168,2.18,166374.1
2026-06-18 18:20:00,2.18,2.185,2.175,2.181,98586.2
2026-06-18 18:25:00,2.181,2.191,2.18,2.182,86414.6
2026-06-18 18:30:00,2.181,2.189,2.178,2.186,110087.9
2026-06-18 18:35:00,2.185,2.185,2.175,2.177,28375.7
2026-06-18 18:40:00,2.178,2.188,2.178,2.188,36324.3
2026-06-18 18:45:00,2.188,2.188,2.179,2.184,37945.7
2026-06-18 18:50:00,2.184,2.186,2.169,2.173,74800.1
2026-06-18 18:55:00,2.173,2.177,2.171,2.175,47532.3
2026-06-18 19:00:00,2.175,2.178,2.167,2.169,65063.2
2026-06-18 19:05:00,2.169,2.176,2.162,2.175,50794.1
2026-06-18 19:10:00,2.175,2.175,2.169,2.171,27471.0
2026-06-18 19:15:00,2.171,2.172,2.163,2.17,39840.2
2026-06-18 19:20:00,2.17,2.178,2.166,2.17,62366.5
2026-06-18 19:25:00,2.17,2.178,2.166,2.173,111730.7
2026-06-18 19:30:00,2.172,2.179,2.169,2.176,72488.6
2026-06-18 19:35:00,2.175,2.185,2.171,2.182,62464.1
2026-06-18 19:40:00,2.183,2.213,2.183,2.209,150059.7
2026-06-18 19:45:00,2.208,2.21,2.2,2.2,81134.6
2026-06-18 19:50:00,2.201,2.207,2.194,2.203,105649.0
2026-06-18 19:55:00,2.202,2.206,2.197,2.197,35175.1
2026-06-18 20:00:00,2.198,2.221,2.198,2.22,136948.6
2026-06-18 20:05:00,2.219,2.219,2.209,2.215,59815.4
2026-06-18 20:10:00,2.216,2.216,2.207,2.208,59399.8
2026-06-18 20:15:00,2.207,2.219,2.204,2.219,92376.9
2026-06-18 20:20:00,2.22,2.222,2.211,2.213,56237.7
2026-06-18 20:25:00,2.212,2.22,2.21,2.219,57779.4
2026-06-18 20:30:00,2.218,2.233,2.214,2.23,62979.1
2026-06-18 20:35:00,2.23,2.23,2.22,2.225,39193.9
2026-06-18 20:40:00,2.225,2.225,2.217,2.22,19335.8
2026-06-18 20:45:00,2.22,2.22,2.209,2.209,23550.9
2026-06-18 20:50:00,2.21,2.217,2.205,2.216,110395.3
2026-06-18 20:55:00,2.216,2.22,2.212,2.212,27155.5
2026-06-18 21:00:00,2.213,2.216,2.208,2.212,60588.0
2026-06-18 21:05:00,2.212,2.218,2.212,2.218,16326.4
2026-06-18 21:10:00,2.218,2.218,2.2,2.2,65217.6
2026-06-18 21:15:00,2.201,2.201,2.193,2.201,59162.2
2026-06-18 21:20:00,2.202,2.203,2.195,2.202,11812.9
2026-06-18 21:25:00,2.202,2.204,2.197,2.203,14835.7
2026-06-18 21:30:00,2.204,2.209,2.203,2.209,10293.0
2026-06-18 21:35:00,2.21,2.21,2.199,2.199,18941.2
2026-06-18 21:40:00,2.198,2.198,2.191,2.195,18307.7
2026-06-18 21:45:00,2.194,2.197,2.189,2.191,22220.8
2026-06-18 21:50:00,2.192,2.195,2.19,2.191,10145.3
2026-06-18 21:55:00,2.19,2.199,2.189,2.198,23098.0
2026-06-18 22:00:00,2.197,2.206,2.194,2.194,35843.8
2026-06-18 22:05:00,2.194,2.2,2.193,2.2,6271.7
2026-06-18 22:10:00,2.2,2.205,2.2,2.204,14351.1
2026-06-18 22:15:00,2.205,2.208,2.195,2.198,47779.9
2026-06-18 22:20:00,2.199,2.203,2.192,2.2,34519.2
2026-06-18 22:25:00,2.201,2.207,2.193,2.2,152863.1
2026-06-18 22:30:00,2.2,2.202,2.193,2.196,24221.8
2026-06-18 22:35:00,2.196,2.203,2.196,2.202,25259.2
2026-06-18 22:40:00,2.202,2.205,2.197,2.205,19258.0
2026-06-18 22:45:00,2.205,2.209,2.198,2.209,33745.5
2026-06-18 22:50:00,2.208,2.219,2.205,2.211,65753.2
2026-06-18 22:55:00,2.211,2.216,2.209,2.215,43518.1
2026-06-18 23:00:00,2.214,2.215,2.203,2.203,56941.3
2026-06-18 23:05:00,2.202,2.206,2.197,2.199,20505.4
2026-06-18 23:10:00,2.199,2.2,2.184,2.185,50000.2
2026-06-18 23:15:00,2.185,2.196,2.185,2.196,42328.6
2026-06-18 23:20:00,2.197,2.204,2.197,2.204,52961.7
2026-06-18 23:25:00,2.205,2.219,2.203,2.217,44027.6
2026-06-18 23:30:00,2.217,2.228,2.216,2.221,90916.6
2026-06-18 23:35:00,2.22,2.232,2.219,2.232,28178.2
2026-06-18 23:40:00,2.232,2.237,2.229,2.233,63907.2
2026-06-18 23:45:00,2.233,2.233,2.224,2.23,26832.8
2026-06-18 23:50:00,2.23,2.239,2.229,2.237,25047.3
2026-06-18 23:55:00,2.237,2.24,2.235,2.237,21662.1
2026-06-19 00:00:00,2.237,2.239,2.234,2.239,40668.8
2026-06-19 00:05:00,2.238,2.241,2.226,2.231,39771.0
2026-06-19 00:10:00,2.231,2.232,2.227,2.229,32588.0
2026-06-19 00:15:00,2.229,2.245,2.225,2.243,112732.8
2026-06-19 00:20:00,2.243,2.244,2.238,2.242,37851.0
2026-06-19 00:25:00,2.243,2.245,2.239,2.244,56435.1
2026-06-19 00:30:00,2.244,2.253,2.242,2.248,86517.9
2026-06-19 00:35:00,2.248,2.254,2.239,2.242,63739.7
2026-06-19 00:40:00,2.242,2.254,2.242,2.253,103161.9
2026-06-19 00:45:00,2.253,2.255,2.25,2.254,63634.1
2026-06-19 00:50:00,2.253,2.253,2.235,2.235,55540.7
2026-06-19 00:55:00,2.235,2.242,2.233,2.24,44471.3
2026-06-19 01:00:00,2.241,2.246,2.233,2.246,47723.0
2026-06-19 01:05:00,2.245,2.247,2.233,2.233,38717.0
2026-06-19 01:10:00,2.232,2.237,2.221,2.226,63629.8
2026-06-19 01:15:00,2.226,2.236,2.225,2.23,22354.5
2026-06-19 01:20:00,2.23,2.24,2.23,2.234,40211.4
2026-06-19 01:25:00,2.233,2.235,2.226,2.227,52287.8
2026-06-19 01:30:00,2.227,2.23,2.21,2.213,78636.8
2026-06-19 01:35:00,2.213,2.217,2.211,2.211,43866.3
2026-06-19 01:40:00,2.212,2.217,2.208,2.217,32085.5
2026-06-19 01:45:00,2.216,2.219,2.214,2.217,16847.8
2026-06-19 01:50:00,2.216,2.224,2.216,2.223,15176.4
2026-06-19 01:55:00,2.224,2.225,2.219,2.223,21907.8
2026-06-19 02:00:00,2.224,2.233,2.222,2.232,49842.1
2026-06-19 02:05:00,2.231,2.235,2.225,2.225,16026.2
2026-06-19 02:10:00,2.226,2.229,2.219,2.221,39661.9
2026-06-19 02:15:00,2.221,2.224,2.207,2.207,21992.4
2026-06-19 02:20:00,2.208,2.215,2.203,2.21,42582.0
2026-06-19 02:25:00,2.21,2.211,2.203,2.203,24837.1
2026-06-19 02:30:00,2.203,2.205,2.196,2.199,51496.4
2026-06-19 02:35:00,2.2,2.203,2.195,2.199,25378.5
2026-06-19 02:40:00,2.2,2.201,2.197,2.199,14431.4
2026-06-19 02:45:00,2.199,2.2,2.191,2.199,30057.8
2026-06-19 02:50:00,2.199,2.207,2.198,2.206,17556.9
2026-06-19 02:55:00,2.206,2.212,2.204,2.208,23277.3
2026-06-19 03:00:00,2.209,2.215,2.2,2.202,84425.3
2026-06-19 03:05:00,2.203,2.204,2.193,2.193,50548.4
2026-06-19 03:10:00,2.193,2.193,2.167,2.171,271298.0
2026-06-19 03:15:00,2.172,2.173,2.104,2.126,1284646.3
2026-06-19 03:20:00,2.126,2.147,2.117,2.146,282533.4
2026-06-19 03:25:00,2.147,2.153,2.143,2.151,88111.5
2026-06-19 03:30:00,2.15,2.15,2.138,2.138,62404.3
2026-06-19 03:35:00,2.139,2.142,2.133,2.136,85913.7
2026-06-19 03:40:00,2.136,2.146,2.134,2.142,60390.4
2026-06-19 03:45:00,2.142,2.144,2.134,2.138,63464.8
2026-06-19 03:50:00,2.139,2.145,2.138,2.14,75292.0
2026-06-19 03:55:00,2.14,2.142,2.133,2.135,55685.3
2026-06-19 04:00:00,2.135,2.137,2.119,2.122,87918.8
2026-06-19 04:05:00,2.122,2.133,2.122,2.132,96261.0
2026-06-19 04:10:00,2.133,2.146,2.133,2.146,81440.0
2026-06-19 04:15:00,2.146,2.151,2.137,2.138,104443.6
2026-06-19 04:20:00,2.137,2.137,2.131,2.137,77533.8
2026-06-19 04:25:00,2.137,2.137,2.13,2.13,36075.6
2026-06-19 04:30:00,2.131,2.131,2.105,2.112,204961.0
2026-06-19 04:35:00,2.113,2.116,2.107,2.108,67603.2
2026-06-19 04:40:00,2.108,2.113,2.105,2.108,71377.3
2026-06-19 04:45:00,2.109,2.115,2.108,2.115,53421.1
2026-06-19 04:50:00,2.116,2.117,2.098,2.099,162884.4
2026-06-19 04:55:00,2.099,2.106,2.095,2.103,110487.2
2026-06-19 05:00:00,2.103,2.125,2.101,2.125,135930.6
2026-06-19 05:05:00,2.126,2.132,2.123,2.13,189545.8
2026-06-19 05:10:00,2.131,2.135,2.126,2.13,43603.3
2026-06-19 05:15:00,2.13,2.13,2.12,2.129,81038.8
2026-06-19 05:20:00,2.129,2.129,2.113,2.123,87267.2
2026-06-19 05:25:00,2.124,2.129,2.12,2.127,33592.8
2026-06-19 05:30:00,2.126,2.129,2.118,2.118,68192.6
2026-06-19 05:35:00,2.119,2.123,2.117,2.122,27888.1
2026-06-19 05:40:00,2.123,2.14,2.117,2.136,167053.9
2026-06-19 05:45:00,2.137,2.137,2.131,2.132,66138.4
2026-06-19 05:50:00,2.132,2.135,2.126,2.133,72560.8
2026-06-19 05:55:00,2.133,2.136,2.129,2.133,28479.6
2026-06-19 06:00:00,2.132,2.136,2.124,2.136,47563.4
2026-06-19 06:05:00,2.136,2.14,2.129,2.133,54225.8
2026-06-19 06:10:00,2.133,2.139,2.13,2.137,50958.9
2026-06-19 06:15:00,2.136,2.138,2.134,2.136,46191.5
2026-06-19 06:20:00,2.136,2.139,2.132,2.139,38763.4
2026-06-19 06:25:00,2.14,2.147,2.138,2.143,73386.8
2026-06-19 06:30:00,2.142,2.144,2.135,2.141,31332.0
2026-06-19 06:35:00,2.141,2.141,2.132,2.133,23453.7
2026-06-19 06:40:00,2.134,2.145,2.131,2.144,20634.3
2026-06-19 06:45:00,2.144,2.144,2.135,2.138,23133.0
2026-06-19 06:50:00,2.137,2.145,2.136,2.144,18710.7
2026-06-19 06:55:00,2.143,2.154,2.136,2.151,71810.1
2026-06-19 07:00:00,2.151,2.152,2.14,2.14,110725.0
2026-06-19 07:05:00,2.141,2.146,2.139,2.145,15510.1
2026-06-19 07:10:00,2.144,2.148,2.142,2.143,38131.3
2026-06-19 07:15:00,2.142,2.144,2.135,2.135,40199.2
2026-06-19 07:20:00,2.136,2.145,2.136,2.144,19266.3
2026-06-19 07:25:00,2.144,2.146,2.134,2.135,25145.2
2026-06-19 07:30:00,2.135,2.142,2.126,2.126,210857.0
2026-06-19 07:35:00,2.126,2.127,2.109,2.115,110018.3
2026-06-19 07:40:00,2.115,2.116,2.11,2.113,66226.1
2026-06-19 07:45:00,2.113,2.115,2.107,2.115,52075.5
2026-06-19 07:50:00,2.115,2.125,2.114,2.12,72159.1
2026-06-19 07:55:00,2.12,2.122,2.118,2.119,23927.5
2026-06-19 08:00:00,2.12,2.125,2.118,2.12,33059.3
2026-06-19 08:05:00,2.119,2.122,2.117,2.117,31963.2
2026-06-19 08:10:00,2.118,2.128,2.115,2.122,61827.5
2026-06-19 08:15:00,2.121,2.124,2.119,2.124,22937.3
2026-06-19 08:20:00,2.123,2.127,2.121,2.122,19278.9
2026-06-19 08:25:00,2.122,2.123,2.119,2.122,27231.9
2026-06-19 08:30:00,2.123,2.132,2.121,2.13,55805.7
2026-06-19 08:35:00,2.131,2.151,2.131,2.147,97079.9
2026-06-19 08:40:00,2.146,2.146,2.137,2.139,49343.5
2026-06-19 08:45:00,2.14,2.143,2.133,2.136,89575.3
2026-06-19 08:50:00,2.136,2.142,2.133,2.133,38938.1
2026-06-19 08:55:00,2.132,2.137,2.132,2.137,17711.2
2026-06-19 09:00:00,2.138,2.142,2.134,2.134,21026.6
2026-06-19 09:05:00,2.133,2.133,2.127,2.128,30486.5
2026-06-19 09:10:00,2.127,2.129,2.121,2.129,78555.8
2026-06-19 09:15:00,2.13,2.134,2.126,2.128,32028.1
2026-06-19 09:20:00,2.128,2.131,2.119,2.125,62544.6
2026-06-19 09:25:00,2.126,2.127,2.12,2.124,18485.4
2026-06-19 09:30:00,2.124,2.131,2.124,2.127,51885.1
2026-06-19 09:35:00,2.126,2.129,2.125,2.129,22763.9
2026-06-19 09:40:00,2.129,2.13,2.123,2.123,48614.5
2026-06-19 09:45:00,2.123,2.125,2.113,2.115,69475.5
2026-06-19 09:50:00,2.114,2.119,2.11,2.115,62768.5
2026-06-19 09:55:00,2.115,2.117,2.113,2.114,17399.2
2026-06-19 10:00:00,2.115,2.117,2.11,2.114,28855.9
2026-06-19 10:05:00,2.113,2.119,2.109,2.119,35539.1
2026-06-19 10:10:00,2.119,2.119,2.113,2.116,27121.6
2026-06-19 10:15:00,2.115,2.115,2.105,2.11,39096.4
2026-06-19 10:20:00,2.109,2.116,2.108,2.108,69282.3
2026-06-19 10:25:00,2.108,2.119,2.108,2.116,25006.3
2026-06-19 10:30:00,2.117,2.117,2.102,2.105,79921.1
2026-06-19 10:35:00,2.104,2.106,2.098,2.1,110814.9
2026-06-19 10:40:00,2.101,2.111,2.097,2.103,326180.1
2026-06-19 10:45:00,2.103,2.11,2.103,2.109,25497.0
2026-06-19 10:50:00,2.109,2.11,2.105,2.108,52489.5
2026-06-19 10:55:00,2.108,2.119,2.107,2.111,75430.9
2026-06-19 11:00:00,2.112,2.115,2.11,2.112,38695.4
2026-06-19 11:05:00,2.112,2.115,2.105,2.11,24723.9
2026-06-19 11:10:00,2.11,2.115,2.102,2.106,84902.6
2026-06-19 11:15:00,2.106,2.115,2.1,2.114,57056.0
2026-06-19 11:20:00,2.114,2.121,2.114,2.114,46784.8
2026-06-19 11:25:00,2.114,2.114,2.105,2.106,65620.9
2026-06-19 11:30:00,2.106,2.111,2.104,2.108,49449.9
2026-06-19 11:35:00,2.107,2.108,2.103,2.107,27747.6
2026-06-19 11:40:00,2.106,2.109,2.105,2.106,16558.6
2026-06-19 11:45:00,2.105,2.111,2.104,2.105,19767.0
2026-06-19 11:50:00,2.105,2.106,2.1,2.103,27891.8
2026-06-19 11:55:00,2.104,2.104,2.099,2.101,17111.7
2026-06-19 12:00:00,2.102,2.109,2.101,2.108,23988.9
2026-06-19 12:05:00,2.109,2.109,2.105,2.109,38465.2
2026-06-19 12:10:00,2.109,2.109,2.104,2.105,23252.1
2026-06-19 12:15:00,2.104,2.106,2.094,2.102,68090.6
2026-06-19 12:20:00,2.102,2.104,2.097,2.097,68503.3
2026-06-19 12:25:00,2.097,2.099,2.084,2.098,640672.7
2026-06-19 12:30:00,2.097,2.101,2.093,2.096,95535.2
2026-06-19 12:35:00,2.095,2.105,2.095,2.104,108829.5
2026-06-19 12:40:00,2.104,2.107,2.094,2.094,56555.3
2026-06-19 12:45:00,2.094,2.1,2.088,2.096,83416.9
2026-06-19 12:50:00,2.096,2.137,2.096,2.134,178075.0
2026-06-19 12:55:00,2.133,2.136,2.126,2.131,78109.7
2026-06-19 13:00:00,2.132,2.136,2.124,2.135,100134.8
2026-06-19 13:05:00,2.135,2.143,2.128,2.131,96529.9
2026-06-19 13:10:00,2.131,2.135,2.129,2.131,52417.5
2026-06-19 13:15:00,2.131,2.133,2.124,2.13,51019.6
2026-06-19 13:20:00,2.131,2.138,2.129,2.132,42666.4
2026-06-19 13:25:00,2.132,2.14,2.132,2.133,17751.8
2026-06-19 13:30:00,2.134,2.14,2.129,2.139,29711.6
2026-06-19 13:35:00,2.139,2.149,2.137,2.149,45240.7
2026-06-19 13:40:00,2.148,2.16,2.145,2.154,94324.1
2026-06-19 13:45:00,2.154,2.18,2.154,2.167,258360.3
2026-06-19 13:50:00,2.167,2.181,2.155,2.164,636808.0
2026-06-19 13:55:00,2.163,2.168,2.16,2.162,73999.6
2026-06-19 14:00:00,2.162,2.167,2.155,2.16,64461.0
2026-06-19 14:05:00,2.16,2.165,2.153,2.157,91304.6
2026-06-19 14:10:00,2.158,2.159,2.149,2.153,39077.5
2026-06-19 14:15:00,2.152,2.156,2.149,2.151,26698.2
2026-06-19 14:20:00,2.151,2.156,2.148,2.153,30275.7
2026-06-19 14:25:00,2.154,2.176,2.154,2.171,146786.2
2026-06-19 14:30:00,2.171,2.173,2.161,2.165,74964.9
2026-06-19 14:35:00,2.166,2.173,2.164,2.166,52378.8
2026-06-19 14:40:00,2.165,2.169,2.162,2.164,43075.0
2026-06-19 14:45:00,2.165,2.166,2.16,2.163,58640.9
2026-06-19 14:50:00,2.163,2.163,2.155,2.16,62193.5
2026-06-19 14:55:00,2.16,2.16,2.146,2.151,107763.5
2026-06-19 15:00:00,2.151,2.155,2.15,2.154,25299.5
2026-06-19 15:05:00,2.154,2.161,2.154,2.155,27731.6
2026-06-19 15:10:00,2.156,2.161,2.155,2.161,48003.3
2026-06-19 15:15:00,2.162,2.162,2.15,2.153,25601.6
2026-06-19 15:20:00,2.153,2.155,2.147,2.15,24489.1
2026-06-19 15:25:00,2.15,2.155,2.148,2.153,41330.2
2026-06-19 15:30:00,2.154,2.167,2.154,2.167,26677.3
2026-06-19 15:35:00,2.167,2.167,2.159,2.159,31235.1
2026-06-19 15:40:00,2.159,2.168,2.157,2.161,60498.9
2026-06-19 15:45:00,2.16,2.163,2.156,2.157,21526.7
2026-06-19 15:50:00,2.157,2.166,2.154,2.164,52896.7
2026-06-19 15:55:00,2.164,2.165,2.156,2.165,34277.8
2026-06-19 16:00:00,2.165,2.168,2.16,2.166,54292.5
2026-06-19 16:05:00,2.167,2.169,2.16,2.16,31354.2
2026-06-19 16:10:00,2.161,2.182,2.161,2.181,131767.1
2026-06-19 16:15:00,2.181,2.181,2.169,2.174,65187.5
2026-06-19 16:20:00,2.174,2.177,2.171,2.172,71292.1
2026-06-19 16:25:00,2.172,2.173,2.166,2.169,41519.5
2026-06-19 16:30:00,2.168,2.169,2.161,2.162,64078.0
2026-06-19 16:35:00,2.162,2.163,2.157,2.159,17575.5
2026-06-19 16:40:00,2.159,2.159,2.15,2.153,40024.6
2026-06-19 16:45:00,2.154,2.155,2.15,2.151,22980.2
2026-06-19 16:50:00,2.152,2.153,2.147,2.147,33182.3
2026-06-19 16:55:00,2.147,2.147,2.131,2.14,224904.3
2026-06-19 17:00:00,2.141,2.145,2.136,2.138,45197.3
2026-06-19 17:05:00,2.138,2.142,2.136,2.139,25087.8
2026-06-19 17:10:00,2.138,2.145,2.136,2.145,27027.0
2026-06-19 17:15:00,2.145,2.15,2.143,2.148,26359.0
2026-06-19 17:20:00,2.148,2.15,2.141,2.143,21839.0
2026-06-19 17:25:00,2.142,2.144,2.136,2.139,31292.1
2026-06-19 17:30:00,2.138,2.147,2.138,2.147,21002.0
2026-06-19 17:35:00,2.146,2.151,2.144,2.15,29929.6
2026-06-19 17:40:00,2.15,2.155,2.149,2.153,25999.6
2026-06-19 17:45:00,2.153,2.164,2.15,2.162,39412.1
2026-06-19 17:50:00,2.162,2.163,2.15,2.156,95695.0
2026-06-19 17:55:00,2.156,2.162,2.154,2.158,23004.8
2026-06-19 18:00:00,2.158,2.159,2.154,2.157,28951.3
2026-06-19 18:05:00,2.157,2.157,2.151,2.151,14498.5
2026-06-19 18:10:00,2.15,2.161,2.15,2.159,24308.5
2026-06-19 18:15:00,2.16,2.16,2.153,2.155,13024.0
2026-06-19 18:20:00,2.156,2.157,2.151,2.151,10874.5
2026-06-19 18:25:00,2.152,2.154,2.146,2.148,12090.7
2026-06-19 18:30:00,2.148,2.149,2.14,2.148,32837.5
2026-06-19 18:35:00,2.148,2.15,2.137,2.137,24454.3
2026-06-19 18:40:00,2.138,2.142,2.137,2.14,25039.0
2026-06-19 18:45:00,2.14,2.144,2.139,2.143,33651.9
2026-06-19 18:50:00,2.143,2.145,2.14,2.144,23890.2
2026-06-19 18:55:00,2.144,2.145,2.138,2.145,35831.6
2026-06-19 19:00:00,2.145,2.145,2.14,2.144,14611.3
2026-06-19 19:05:00,2.144,2.148,2.14,2.141,26304.8
2026-06-19 19:10:00,2.142,2.142,2.135,2.14,41984.9
2026-06-19 19:15:00,2.14,2.141,2.127,2.127,56709.6
2026-06-19 19:20:00,2.127,2.128,2.121,2.122,55509.7
2026-06-19 19:25:00,2.122,2.126,2.119,2.126,31788.1
2026-06-19 19:30:00,2.126,2.126,2.12,2.122,22841.4
2026-06-19 19:35:00,2.123,2.126,2.122,2.124,13146.9
2026-06-19 19:40:00,2.124,2.128,2.123,2.125,12913.2
2026-06-19 19:45:00,2.125,2.129,2.123,2.129,15266.1
2026-06-19 19:50:00,2.128,2.136,2.127,2.132,65476.6
2026-06-19 19:55:00,2.133,2.133,2.12,2.123,27077.2
2026-06-19 20:00:00,2.124,2.13,2.123,2.128,19744.3
2026-06-19 20:05:00,2.128,2.135,2.127,2.132,12139.3
2026-06-19 20:10:00,2.133,2.136,2.131,2.136,10492.8
2026-06-19 20:15:00,2.136,2.136,2.127,2.127,14448.6
2026-06-19 20:20:00,2.128,2.128,2.122,2.125,14862.9
2026-06-19 20:25:00,2.126,2.131,2.126,2.131,5453.2
2026-06-19 20:30:00,2.132,2.133,2.123,2.125,10897.4
2026-06-19 20:35:00,2.125,2.131,2.125,2.127,5688.9
2026-06-19 20:40:00,2.128,2.134,2.127,2.134,12636.6
2026-06-19 20:45:00,2.133,2.148,2.133,2.143,87614.5
2026-06-19 20:50:00,2.143,2.148,2.141,2.144,42098.2
2026-06-19 20:55:00,2.144,2.151,2.143,2.15,33964.9
2026-06-19 21:00:00,2.149,2.149,2.141,2.142,22491.6
2026-06-19 21:05:00,2.142,2.146,2.14,2.145,8656.9
2026-06-19 21:10:00,2.146,2.152,2.145,2.152,35541.2
2026-06-19 21:15:00,2.152,2.156,2.15,2.155,46063.7
2026-06-19 21:20:00,2.156,2.157,2.148,2.15,18818.1
2026-06-19 21:25:00,2.15,2.15,2.142,2.143,17599.7
2026-06-19 21:30:00,2.143,2.143,2.135,2.135,30840.6
2026-06-19 21:35:00,2.136,2.138,2.132,2.132,12296.2
2026-06-19 21:40:00,2.132,2.133,2.125,2.128,41782.7
2026-06-19 21:45:00,2.128,2.134,2.128,2.134,2350.9
2026-06-19 21:50:00,2.134,2.136,2.129,2.131,7407.5
2026-06-19 21:55:00,2.131,2.132,2.128,2.132,6122.2
2026-06-19 22:00:00,2.131,2.137,2.129,2.134,10740.4
2026-06-19 22:05:00,2.133,2.134,2.13,2.134,6668.6
2026-06-19 22:10:00,2.134,2.139,2.131,2.139,10961.3
2026-06-19 22:15:00,2.138,2.144,2.136,2.144,12517.8
2026-06-19 22:20:00,2.145,2.15,2.145,2.149,17071.7
2026-06-19 22:25:00,2.148,2.153,2.148,2.153,18862.4
2026-06-19 22:30:00,2.153,2.155,2.151,2.153,50762.3
2026-06-19 22:35:00,2.154,2.156,2.152,2.154,10289.8
2026-06-19 22:40:00,2.155,2.157,2.153,2.157,19638.6
2026-06-19 22:45:00,2.156,2.159,2.152,2.158,22333.8
2026-06-19 22:50:00,2.158,2.159,2.154,2.158,14658.0
2026-06-19 22:55:00,2.159,2.162,2.158,2.159,25595.2
2026-06-19 23:00:00,2.159,2.164,2.159,2.162,31930.3
2026-06-19 23:05:00,2.163,2.165,2.162,2.163,17945.8
2026-06-19 23:10:00,2.162,2.162,2.157,2.159,31465.9
2026-06-19 23:15:00,2.158,2.159,2.156,2.158,11269.3
2026-06-19 23:20:00,2.158,2.159,2.154,2.156,16401.6
2026-06-19 23:25:00,2.156,2.163,2.155,2.159,30504.2
2026-06-19 23:30:00,2.159,2.161,2.155,2.16,24048.4
2026-06-19 23:35:00,2.159,2.167,2.157,2.164,44897.4
2026-06-19 23:40:00,2.163,2.165,2.162,2.165,17625.6
2026-06-19 23:45:00,2.165,2.165,2.16,2.164,28992.4
2026-06-19 23:50:00,2.164,2.179,2.164,2.176,74087.4
2026-06-19 23:55:00,2.176,2.192,2.176,2.187,201684.7
2026-06-20 00:00:00,2.186,2.192,2.183,2.188,78674.7
2026-06-20 00:05:00,2.188,2.188,2.183,2.183,40657.8
2026-06-20 00:10:00,2.183,2.183,2.175,2.181,64630.1
2026-06-20 00:15:00,2.182,2.186,2.178,2.184,59810.0
2026-06-20 00:20:00,2.184,2.186,2.176,2.181,39976.2
2026-06-20 00:25:00,2.181,2.184,2.178,2.183,48264.9
2026-06-20 00:30:00,2.182,2.191,2.177,2.19,64700.3
2026-06-20 00:35:00,2.19,2.19,2.182,2.184,65935.8
2026-06-20 00:40:00,2.184,2.184,2.166,2.17,68312.3
2026-06-20 00:45:00,2.169,2.172,2.165,2.172,31108.8
2026-06-20 00:50:00,2.171,2.171,2.16,2.165,33786.4
2026-06-20 00:55:00,2.165,2.165,2.157,2.157,23651.2
2026-06-20 01:00:00,2.157,2.159,2.156,2.158,25795.5
2026-06-20 01:05:00,2.157,2.16,2.152,2.154,30606.2
2026-06-20 01:10:00,2.153,2.155,2.152,2.155,14848.3
2026-06-20 01:15:00,2.154,2.163,2.153,2.163,14387.9
2026-06-20 01:20:00,2.164,2.17,2.161,2.161,35293.4
2026-06-20 01:25:00,2.161,2.161,2.157,2.161,16570.7
2026-06-20 01:30:00,2.161,2.173,2.161,2.171,28222.8
2026-06-20 01:35:00,2.17,2.179,2.17,2.178,52643.7
2026-06-20 01:40:00,2.178,2.178,2.166,2.171,102994.5
2026-06-20 01:45:00,2.17,2.173,2.168,2.173,11283.0
2026-06-20 01:50:00,2.173,2.176,2.171,2.172,12650.1
2026-06-20 01:55:00,2.171,2.171,2.167,2.171,11028.5
2026-06-20 02:00:00,2.17,2.174,2.166,2.167,24533.3
2026-06-20 02:05:00,2.167,2.167,2.159,2.161,14725.4
2026-06-20 02:10:00,2.162,2.164,2.158,2.162,25945.4
2026-06-20 02:15:00,2.162,2.163,2.154,2.155,20896.2
2026-06-20 02:20:00,2.155,2.159,2.154,2.159,14567.2
2026-06-20 02:25:00,2.16,2.163,2.159,2.161,22147.4
2026-06-20 02:30:00,2.161,2.175,2.161,2.174,34878.9
2026-06-20 02:35:00,2.174,2.176,2.166,2.167,19423.2
2026-06-20 02:40:00,2.167,2.168,2.162,2.164,23113.2
2026-06-20 02:45:00,2.164,2.169,2.162,2.165,18500.4
2026-06-20 02:50:00,2.164,2.167,2.163,2.166,13210.0
2026-06-20 02:55:00,2.166,2.169,2.163,2.168,11406.2
2026-06-20 03:00:00,2.168,2.169,2.163,2.168,23469.7
2026-06-20 03:05:00,2.167,2.167,2.163,2.165,26355.3
2026-06-20 03:10:00,2.165,2.169,2.164,2.167,8738.3
2026-06-20 03:15:00,2.167,2.172,2.167,2.17,15975.3
2026-06-20 03:20:00,2.17,2.174,2.167,2.172,58430.0
2026-06-20 03:25:00,2.172,2.174,2.17,2.173,33381.8
2026-06-20 03:30:00,2.173,2.173,2.166,2.166,33082.3
2026-06-20 03:35:00,2.165,2.167,2.163,2.166,11771.9
2026-06-20 03:40:00,2.166,2.168,2.163,2.164,8298.6
2026-06-20 03:45:00,2.164,2.165,2.161,2.165,10273.5
2026-06-20 03:50:00,2.165,2.165,2.158,2.158,7168.6
2026-06-20 03:55:00,2.159,2.161,2.159,2.16,5165.5
2026-06-20 04:00:00,2.161,2.161,2.157,2.16,11163.2
2026-06-20 04:05:00,2.16,2.169,2.16,2.162,15808.3
2026-06-20 04:10:00,2.162,2.17,2.161,2.163,101786.5
2026-06-20 04:15:00,2.163,2.172,2.162,2.172,12860.5
2026-06-20 04:20:00,2.172,2.173,2.167,2.168,12150.6
2026-06-20 04:25:00,2.169,2.175,2.169,2.174,18353.2
2026-06-20 04:30:00,2.174,2.177,2.168,2.17,28936.4
2026-06-20 04:35:00,2.169,2.17,2.165,2.17,14178.2
2026-06-20 04:40:00,2.169,2.174,2.168,2.173,17469.4
2026-06-20 04:45:00,2.173,2.173,2.167,2.173,8629.5
2026-06-20 04:50:00,2.174,2.176,2.172,2.172,13078.3
2026-06-20 04:55:00,2.172,2.174,2.169,2.174,17502.3
2026-06-20 05:00:00,2.175,2.178,2.171,2.176,37816.9
2026-06-20 05:05:00,2.175,2.181,2.172,2.178,32276.7
2026-06-20 05:10:00,2.178,2.193,2.178,2.188,143406.0
2026-06-20 05:15:00,2.187,2.188,2.18,2.181,64620.0
2026-06-20 05:20:00,2.182,2.187,2.179,2.18,49182.9
2026-06-20 05:25:00,2.18,2.181,2.172,2.175,31851.6
2026-06-20 05:30:00,2.176,2.182,2.175,2.176,25961.8
2026-06-20 05:35:00,2.176,2.182,2.175,2.181,35739.6
2026-06-20 05:40:00,2.181,2.183,2.173,2.175,41910.3
2026-06-20 05:45:00,2.175,2.178,2.171,2.172,12831.7
2026-06-20 05:50:00,2.172,2.176,2.167,2.175,16690.0
2026-06-20 05:55:00,2.174,2.182,2.174,2.177,20359.0
2026-06-20 06:00:00,2.178,2.181,2.177,2.18,18814.3
2026-06-20 06:05:00,2.179,2.179,2.175,2.177,19784.6
2026-06-20 06:10:00,2.176,2.178,2.174,2.176,7493.9
2026-06-20 06:15:00,2.177,2.177,2.172,2.174,7466.3
2026-06-20 06:20:00,2.174,2.179,2.171,2.174,29659.4
2026-06-20 06:25:00,2.175,2.175,2.167,2.169,36515.7
2026-06-20 06:30:00,2.17,2.171,2.163,2.165,46661.7
2026-06-20 06:35:00,2.165,2.169,2.163,2.167,21797.2
2026-06-20 06:40:00,2.167,2.168,2.165,2.166,29249.3
2026-06-20 06:45:00,2.166,2.167,2.161,2.164,23680.9
2026-06-20 06:50:00,2.164,2.164,2.157,2.158,98106.0
2026-06-20 06:55:00,2.158,2.16,2.156,2.16,46827.1
2026-06-20 07:00:00,2.16,2.162,2.149,2.149,81197.1
2026-06-20 07:05:00,2.149,2.149,2.14,2.144,29641.7
2026-06-20 07:10:00,2.143,2.148,2.142,2.145,26134.9
2026-06-20 07:15:00,2.145,2.15,2.145,2.149,14829.3
2026-06-20 07:20:00,2.149,2.156,2.149,2.155,15031.3
2026-06-20 07:25:00,2.155,2.156,2.149,2.153,68864.6
2026-06-20 07:30:00,2.154,2.156,2.149,2.149,17163.8
2026-06-20 07:35:00,2.149,2.156,2.149,2.153,19546.1
2026-06-20 07:40:00,2.153,2.155,2.149,2.149,9940.4
2026-06-20 07:45:00,2.149,2.152,2.148,2.15,13931.4
2026-06-20 07:50:00,2.149,2.151,2.143,2.143,28330.1
2026-06-20 07:55:00,2.144,2.144,2.138,2.141,31775.3
2026-06-20 08:00:00,2.141,2.144,2.136,2.14,40764.1
2026-06-20 08:05:00,2.14,2.14,2.134,2.136,21873.4
2026-06-20 08:10:00,2.136,2.14,2.134,2.14,14938.7
2026-06-20 08:15:00,2.14,2.144,2.139,2.144,8769.8
2026-06-20 08:20:00,2.144,2.145,2.14,2.143,8210.7
2026-06-20 08:25:00,2.142,2.142,2.138,2.138,6413.4
2026-06-20 08:30:00,2.137,2.144,2.135,2.142,26272.8
2026-06-20 08:35:00,2.141,2.145,2.141,2.145,18224.1
2026-06-20 08:40:00,2.145,2.148,2.142,2.144,28012.3
2026-06-20 08:45:00,2.144,2.148,2.143,2.144,21821.3
2026-06-20 08:50:00,2.143,2.144,2.14,2.144,11335.9
2026-06-20 08:55:00,2.145,2.146,2.143,2.143,13139.3
2026-06-20 09:00:00,2.144,2.145,2.141,2.145,14201.5
2026-06-20 09:05:00,2.145,2.147,2.144,2.146,12537.0
2026-06-20 09:10:00,2.145,2.146,2.144,2.145,26084.8
2026-06-20 09:15:00,2.145,2.146,2.141,2.142,23498.2
2026-06-20 09:20:00,2.143,2.146,2.138,2.142,142583.2
2026-06-20 09:25:00,2.141,2.141,2.137,2.139,7196.2
2026-06-20 09:30:00,2.139,2.142,2.138,2.142,23652.7
2026-06-20 09:35:00,2.142,2.148,2.142,2.147,30469.3
2026-06-20 09:40:00,2.148,2.155,2.148,2.15,26158.5
2026-06-20 09:45:00,2.151,2.157,2.149,2.15,169597.8
2026-06-20 09:50:00,2.149,2.152,2.148,2.152,10734.0
2026-06-20 09:55:00,2.151,2.155,2.15,2.153,6391.2
2026-06-20 10:00:00,2.153,2.157,2.151,2.155,16564.2
2026-06-20 10:05:00,2.155,2.16,2.154,2.155,21139.1
2026-06-20 10:10:00,2.155,2.155,2.152,2.154,8932.2
2026-06-20 10:15:00,2.153,2.153,2.151,2.153,6805.7
2026-06-20 10:20:00,2.153,2.153,2.148,2.151,13734.1
2026-06-20 10:25:00,2.151,2.151,2.147,2.148,17641.6
2026-06-20 10:30:00,2.148,2.149,2.146,2.146,14950.5
2026-06-20 10:35:00,2.145,2.145,2.135,2.136,24664.5
2026-06-20 10:40:00,2.137,2.137,2.135,2.137,10471.8
2026-06-20 10:45:00,2.136,2.141,2.135,2.14,19234.3
2026-06-20 10:50:00,2.141,2.142,2.139,2.142,11827.4
2026-06-20 10:55:00,2.142,2.142,2.141,2.142,10266.7
2026-06-20 11:00:00,2.143,2.144,2.141,2.143,29983.3
2026-06-20 11:05:00,2.142,2.142,2.126,2.127,57414.1
2026-06-20 11:10:00,2.127,2.127,2.122,2.127,54634.8
2026-06-20 11:15:00,2.126,2.131,2.125,2.125,23324.0
2026-06-20 11:20:00,2.125,2.13,2.124,2.127,27378.0
2026-06-20 11:25:00,2.128,2.132,2.125,2.128,50181.0
2026-06-20 11:30:00,2.128,2.132,2.128,2.129,11134.8
2026-06-20 11:35:00,2.13,2.133,2.13,2.132,5511.2
2026-06-20 11:40:00,2.132,2.135,2.131,2.135,11158.8
2026-06-20 11:45:00,2.135,2.139,2.134,2.135,37769.6
2026-06-20 11:50:00,2.134,2.137,2.133,2.133,29388.3
2026-06-20 11:55:00,2.133,2.136,2.132,2.135,6433.0
2026-06-20 12:00:00,2.135,2.137,2.132,2.137,13771.7
2026-06-20 12:05:00,2.137,2.142,2.135,2.141,41807.9
2026-06-20 12:10:00,2.141,2.148,2.138,2.145,39699.8
2026-06-20 12:15:00,2.145,2.152,2.142,2.151,26999.5
2026-06-20 12:20:00,2.15,2.15,2.145,2.149,26325.8
2026-06-20 12:25:00,2.148,2.151,2.146,2.15,37742.1
2026-06-20 12:30:00,2.15,2.15,2.144,2.147,20818.6
2026-06-20 12:35:00,2.147,2.147,2.139,2.141,23468.3
2026-06-20 12:40:00,2.141,2.144,2.14,2.144,10507.5
2026-06-20 12:45:00,2.143,2.147,2.142,2.143,15923.9
2026-06-20 12:50:00,2.143,2.143,2.134,2.139,34073.9
2026-06-20 12:55:00,2.139,2.146,2.136,2.144,100301.9
2026-06-20 13:00:00,2.144,2.145,2.139,2.144,15869.4
2026-06-20 13:05:00,2.144,2.153,2.143,2.153,43749.1
2026-06-20 13:10:00,2.154,2.157,2.152,2.153,44820.4
2026-06-20 13:15:00,2.152,2.156,2.149,2.151,63692.6
2026-06-20 13:20:00,2.15,2.15,2.129,2.131,82101.3
2026-06-20 13:25:00,2.132,2.138,2.126,2.131,97948.7
2026-06-20 13:30:00,2.131,2.133,2.127,2.127,43877.0
2026-06-20 13:35:00,2.128,2.134,2.124,2.134,53605.9
2026-06-20 13:40:00,2.135,2.14,2.134,2.139,18298.5
2026-06-20 13:45:00,2.14,2.145,2.137,2.142,52463.2
2026-06-20 13:50:00,2.141,2.142,2.129,2.132,67183.4
2026-06-20 13:55:00,2.132,2.139,2.132,2.136,20176.9
2026-06-20 14:00:00,2.135,2.135,2.126,2.127,37543.8
2026-06-20 14:05:00,2.127,2.128,2.099,2.105,416667.4
2026-06-20 14:10:00,2.105,2.111,2.103,2.106,79967.6
2026-06-20 14:15:00,2.107,2.118,2.107,2.116,51026.4
2026-06-20 14:20:00,2.116,2.117,2.109,2.116,259802.4
2026-06-20 14:25:00,2.115,2.116,2.111,2.114,53439.7
2026-06-20 14:30:00,2.115,2.118,2.113,2.118,26671.9
2026-06-20 14:35:00,2.118,2.121,2.114,2.115,44352.8
2026-06-20 14:40:00,2.116,2.116,2.106,2.116,55724.0
2026-06-20 14:45:00,2.116,2.165,2.115,2.157,370979.2
2026-06-20 14:50:00,2.157,2.159,2.15,2.15,131053.9
2026-06-20 14:55:00,2.151,2.155,2.146,2.152,55435.3
2026-06-20 15:00:00,2.152,2.162,2.145,2.161,81310.4
2026-06-20 15:05:00,2.161,2.161,2.147,2.149,117590.8
2026-06-20 15:10:00,2.149,2.156,2.143,2.155,28872.0
2026-06-20 15:15:00,2.156,2.18,2.148,2.172,278305.5
2026-06-20 15:20:00,2.172,2.178,2.161,2.164,101554.7
2026-06-20 15:25:00,2.163,2.163,2.156,2.158,62342.3
2026-06-20 15:30:00,2.159,2.161,2.151,2.155,42901.8
2026-06-20 15:35:00,2.155,2.155,2.149,2.154,39134.6
2026-06-20 15:40:00,2.154,2.154,2.15,2.151,24140.6
2026-06-20 15:45:00,2.151,2.16,2.151,2.157,27547.4
2026-06-20 15:50:00,2.156,2.159,2.155,2.157,21209.0
2026-06-20 15:55:00,2.156,2.164,2.155,2.164,13539.0
2026-06-20 16:00:00,2.165,2.165,2.155,2.157,30148.3
2026-06-20 16:05:00,2.156,2.156,2.153,2.156,17969.4
2026-06-20 16:10:00,2.156,2.158,2.152,2.157,13338.7
2026-06-20 16:15:00,2.158,2.176,2.158,2.175,103610.6
2026-06-20 16:20:00,2.176,2.177,2.167,2.174,81225.6
2026-06-20 16:25:00,2.175,2.175,2.166,2.17,62716.1
2026-06-20 16:30:00,2.17,2.17,2.158,2.168,67341.1
2026-06-20 16:35:00,2.168,2.173,2.162,2.172,33981.1
2026-06-20 16:40:00,2.172,2.196,2.163,2.192,269385.5
2026-06-20 16:45:00,2.192,2.192,2.182,2.191,88669.1
2026-06-20 16:50:00,2.19,2.195,2.187,2.19,41916.8
2026-06-20 16:55:00,2.189,2.197,2.185,2.194,43210.9
2026-06-20 17:00:00,2.195,2.197,2.184,2.188,66850.4
2026-06-20 17:05:00,2.187,2.187,2.172,2.176,95400.3
2026-06-20 17:10:00,2.176,2.178,2.174,2.178,15813.0
2026-06-20 17:15:00,2.178,2.178,2.165,2.167,57799.6
2026-06-20 17:20:00,2.168,2.168,2.157,2.159,46454.9
2026-06-20 17:25:00,2.159,2.164,2.156,2.164,28972.9
2026-06-20 17:30:00,2.164,2.17,2.157,2.159,39614.4
2026-06-20 17:35:00,2.159,2.159,2.136,2.147,227282.7
2026-06-20 17:40:00,2.148,2.152,2.143,2.15,40233.9
2026-06-20 17:45:00,2.15,2.15,2.142,2.143,68425.4
2026-06-20 17:50:00,2.144,2.147,2.142,2.146,13654.3
2026-06-20 17:55:00,2.146,2.152,2.146,2.149,17332.2
2026-06-20 18:00:00,2.149,2.155,2.148,2.151,29207.8
2026-06-20 18:05:00,2.151,2.151,2.141,2.149,19400.8
2026-06-20 18:10:00,2.149,2.151,2.145,2.146,16352.5
2026-06-20 18:15:00,2.146,2.149,2.145,2.147,13462.0
2026-06-20 18:20:00,2.146,2.147,2.142,2.146,20136.1
2026-06-20 18:25:00,2.145,2.152,2.144,2.15,27513.8
2026-06-20 18:30:00,2.151,2.154,2.144,2.144,23583.9
2026-06-20 18:35:00,2.144,2.147,2.141,2.147,19556.1
2026-06-20 18:40:00,2.147,2.147,2.14,2.142,18398.5
2026-06-20 18:45:00,2.142,2.146,2.142,2.144,17689.2
2026-06-20 18:50:00,2.144,2.144,2.138,2.139,15109.0
2026-06-20 18:55:00,2.139,2.14,2.135,2.139,56531.4
2026-06-20 19:00:00,2.138,2.145,2.136,2.142,41285.7
2026-06-20 19:05:00,2.141,2.142,2.136,2.142,22037.9
2026-06-20 19:10:00,2.143,2.146,2.14,2.144,32827.8
2026-06-20 19:15:00,2.144,2.145,2.139,2.141,30162.1
2026-06-20 19:20:00,2.141,2.144,2.14,2.142,23626.7
2026-06-20 19:25:00,2.142,2.143,2.136,2.141,38272.3
2026-06-20 19:30:00,2.141,2.151,2.14,2.149,61684.6
2026-06-20 19:35:00,2.148,2.152,2.147,2.151,24248.3
2026-06-20 19:40:00,2.151,2.157,2.15,2.156,18921.6
2026-06-20 19:45:00,2.156,2.157,2.152,2.154,16874.6
2026-06-20 19:50:00,2.154,2.155,2.15,2.151,18900.4
2026-06-20 19:55:00,2.151,2.155,2.15,2.155,8917.9
2026-06-20 20:00:00,2.155,2.164,2.154,2.158,58628.6
2026-06-20 20:05:00,2.158,2.162,2.154,2.159,55202.7
2026-06-20 20:10:00,2.158,2.16,2.155,2.156,18576.7
2026-06-20 20:15:00,2.155,2.157,2.153,2.157,13334.3
2026-06-20 20:20:00,2.157,2.157,2.154,2.157,11208.3
2026-06-20 20:25:00,2.157,2.159,2.151,2.154,12810.0
2026-06-20 20:30:00,2.154,2.155,2.146,2.15,22187.2
2026-06-20 20:35:00,2.15,2.151,2.148,2.151,16139.9
2026-06-20 20:40:00,2.151,2.154,2.149,2.153,5526.4
2026-06-20 20:45:00,2.153,2.159,2.153,2.158,7498.2
2026-06-20 20:50:00,2.158,2.165,2.157,2.161,19589.0
2026-06-20 20:55:00,2.161,2.162,2.16,2.161,9255.3
2026-06-20 21:00:00,2.162,2.165,2.158,2.159,17933.3
2026-06-20 21:05:00,2.16,2.16,2.157,2.158,8640.9
2026-06-20 21:10:00,2.157,2.178,2.157,2.17,105917.7
2026-06-20 21:15:00,2.17,2.17,2.167,2.167,31058.5
2026-06-20 21:20:00,2.168,2.168,2.163,2.167,17462.5
2026-06-20 21:25:00,2.167,2.167,2.161,2.161,20265.0
2026-06-20 21:30:00,2.162,2.163,2.159,2.16,15307.1
2026-06-20 21:35:00,2.16,2.168,2.159,2.161,24336.7
2026-06-20 21:40:00,2.161,2.169,2.16,2.168,29840.5
2026-06-20 21:45:00,2.167,2.173,2.167,2.173,20970.6
2026-06-20 21:50:00,2.173,2.174,2.166,2.168,23279.4
2026-06-20 21:55:00,2.169,2.169,2.162,2.166,20964.8
2026-06-20 22:00:00,2.167,2.167,2.159,2.161,21847.5
2026-06-20 22:05:00,2.161,2.168,2.159,2.168,14613.9
2026-06-20 22:10:00,2.168,2.179,2.16,2.175,94015.0
2026-06-20 22:15:00,2.176,2.177,2.167,2.176,41209.6
2026-06-20 22:20:00,2.175,2.181,2.169,2.18,60958.4
2026-06-20 22:25:00,2.18,2.188,2.175,2.186,62157.3
2026-06-20 22:30:00,2.186,2.198,2.185,2.193,142080.6
2026-06-20 22:35:00,2.193,2.194,2.188,2.193,28439.0
2026-06-20 22:40:00,2.194,2.203,2.192,2.203,65870.6
2026-06-20 22:45:00,2.203,2.205,2.195,2.195,50523.7
2026-06-20 22:50:00,2.195,2.203,2.194,2.201,26205.2
2026-06-20 22:55:00,2.2,2.201,2.193,2.193,18524.5
2026-06-20 23:00:00,2.193,2.198,2.192,2.194,20937.2
2026-06-20 23:05:00,2.194,2.196,2.191,2.193,22969.0
2026-06-20 23:10:00,2.193,2.193,2.186,2.19,17500.7
2026-06-20 23:15:00,2.189,2.2,2.189,2.196,29507.3
2026-06-20 23:20:00,2.196,2.197,2.192,2.196,21965.7
2026-06-20 23:25:00,2.196,2.196,2.189,2.191,12401.8
2026-06-20 23:30:00,2.191,2.197,2.19,2.191,20058.2
2026-06-20 23:35:00,2.192,2.195,2.191,2.195,11949.0
2026-06-20 23:40:00,2.195,2.197,2.191,2.192,23796.7
2026-06-20 23:45:00,2.192,2.192,2.185,2.191,41991.4
2026-06-20 23:50:00,2.191,2.196,2.189,2.196,21237.0
2026-06-20 23:55:00,2.195,2.197,2.191,2.194,21210.2
2026-06-21 00:00:00,2.194,2.195,2.187,2.194,54718.0
2026-06-21 00:05:00,2.194,2.195,2.192,2.193,13440.4
2026-06-21 00:10:00,2.193,2.197,2.191,2.192,27320.2
2026-06-21 00:15:00,2.193,2.204,2.192,2.204,26479.8
2026-06-21 00:20:00,2.204,2.227,2.204,2.221,180361.7
2026-06-21 00:25:00,2.222,2.225,2.217,2.22,26369.3
2026-06-21 00:30:00,2.221,2.221,2.212,2.213,81321.6
2026-06-21 00:35:00,2.213,2.217,2.208,2.208,62704.5
2026-06-21 00:40:00,2.208,2.208,2.199,2.206,33460.5
2026-06-21 00:45:00,2.206,2.21,2.201,2.21,22493.3
2026-06-21 00:50:00,2.21,2.21,2.202,2.202,24025.8
2026-06-21 00:55:00,2.203,2.211,2.201,2.211,9810.3
2026-06-21 01:00:00,2.211,2.212,2.204,2.207,27418.4
2026-06-21 01:05:00,2.206,2.207,2.198,2.2,13833.3
2026-06-21 01:10:00,2.2,2.2,2.192,2.193,22422.4
2026-06-21 01:15:00,2.194,2.197,2.194,2.197,16356.7
2026-06-21 01:20:00,2.197,2.201,2.193,2.199,11122.6
2026-06-21 01:25:00,2.199,2.2,2.194,2.194,10202.0
2026-06-21 01:30:00,2.194,2.199,2.192,2.199,24372.2
2026-06-21 01:35:00,2.2,2.21,2.199,2.206,63454.5
2026-06-21 01:40:00,2.207,2.207,2.201,2.204,30016.3
2026-06-21 01:45:00,2.204,2.211,2.2,2.2,30013.9
2026-06-21 01:50:00,2.199,2.203,2.199,2.202,14968.9
2026-06-21 01:55:00,2.201,2.201,2.193,2.193,6403.0
2026-06-21 02:00:00,2.193,2.197,2.19,2.196,36830.8
2026-06-21 02:05:00,2.196,2.196,2.187,2.192,20177.6
2026-06-21 02:10:00,2.192,2.192,2.186,2.188,12220.2
2026-06-21 02:15:00,2.188,2.188,2.179,2.182,49892.9
2026-06-21 02:20:00,2.182,2.182,2.178,2.178,9316.9
2026-06-21 02:25:00,2.179,2.181,2.175,2.177,26727.9
2026-06-21 02:30:00,2.177,2.179,2.17,2.173,60475.8
2026-06-21 02:35:00,2.174,2.176,2.171,2.173,67460.9
2026-06-21 02:40:00,2.173,2.175,2.171,2.173,34177.8
2026-06-21 02:45:00,2.173,2.18,2.172,2.178,10793.8
2026-06-21 02:50:00,2.178,2.179,2.174,2.175,9490.1
2026-06-21 02:55:00,2.175,2.18,2.175,2.178,10070.8
2026-06-21 03:00:00,2.178,2.178,2.173,2.176,26490.3
2026-06-21 03:05:00,2.176,2.177,2.169,2.172,27364.7
2026-06-21 03:10:00,2.172,2.182,2.172,2.182,20324.6
2026-06-21 03:15:00,2.182,2.189,2.181,2.186,69879.5
2026-06-21 03:20:00,2.187,2.204,2.187,2.202,64632.7
2026-06-21 03:25:00,2.201,2.213,2.2,2.2,117115.5
2026-06-21 03:30:00,2.201,2.204,2.197,2.199,45272.1
2026-06-21 03:35:00,2.2,2.206,2.195,2.203,37491.7
2026-06-21 03:40:00,2.203,2.21,2.203,2.21,15922.4
2026-06-21 03:45:00,2.211,2.212,2.204,2.209,38557.4
2026-06-21 03:50:00,2.208,2.209,2.202,2.204,10053.4
2026-06-21 03:55:00,2.203,2.209,2.203,2.208,10291.9
2026-06-21 04:00:00,2.208,2.213,2.205,2.208,29649.8
2026-06-21 04:05:00,2.208,2.21,2.204,2.207,42492.9
2026-06-21 04:10:00,2.207,2.21,2.203,2.205,43824.9
2026-06-21 04:15:00,2.205,2.209,2.204,2.208,10997.9
2026-06-21 04:20:00,2.209,2.219,2.209,2.216,58387.4
2026-06-21 04:25:00,2.215,2.217,2.211,2.212,45637.9
2026-06-21 04:30:00,2.212,2.22,2.208,2.219,42153.2
2026-06-21 04:35:00,2.219,2.224,2.214,2.22,63252.7
2026-06-21 04:40:00,2.22,2.22,2.213,2.213,30484.8
2026-06-21 04:45:00,2.213,2.214,2.207,2.21,23725.9
2026-06-21 04:50:00,2.21,2.21,2.199,2.201,45809.2
2026-06-21 04:55:00,2.201,2.206,2.198,2.201,50795.1
2026-06-21 05:00:00,2.202,2.202,2.194,2.194,28800.2
2026-06-21 05:05:00,2.193,2.2,2.19,2.199,47099.4
2026-06-21 05:10:00,2.199,2.201,2.19,2.191,21251.2
2026-06-21 05:15:00,2.191,2.192,2.188,2.19,56715.2
2026-06-21 05:20:00,2.19,2.198,2.189,2.198,24547.8
2026-06-21 05:25:00,2.197,2.201,2.197,2.2,6257.1
2026-06-21 05:30:00,2.2,2.204,2.198,2.202,19272.4
2026-06-21 05:35:00,2.203,2.208,2.201,2.208,15641.1
2026-06-21 05:40:00,2.207,2.213,2.203,2.209,28939.0
2026-06-21 05:45:00,2.209,2.209,2.202,2.203,19160.9
2026-06-21 05:50:00,2.203,2.208,2.199,2.208,7918.2
2026-06-21 05:55:00,2.209,2.213,2.207,2.212,18654.5
2026-06-21 06:00:00,2.212,2.225,2.212,2.224,61549.5
2026-06-21 06:05:00,2.225,2.226,2.22,2.22,47160.8
2026-06-21 06:10:00,2.219,2.221,2.214,2.214,23825.3
2026-06-21 06:15:00,2.213,2.221,2.213,2.217,19798.5
2026-06-21 06:20:00,2.217,2.221,2.217,2.217,7122.3
2026-06-21 06:25:00,2.216,2.219,2.215,2.216,13287.3
2026-06-21 06:30:00,2.215,2.223,2.209,2.223,28588.2
2026-06-21 06:35:00,2.222,2.231,2.222,2.23,17605.2
2026-06-21 06:40:00,2.229,2.23,2.225,2.225,29613.0
2026-06-21 06:45:00,2.225,2.226,2.216,2.216,31718.7
2026-06-21 06:50:00,2.216,2.223,2.216,2.222,36273.1
2026-06-21 06:55:00,2.222,2.234,2.221,2.231,28633.9
2026-06-21 07:00:00,2.231,2.232,2.223,2.223,30329.1
2026-06-21 07:05:00,2.222,2.232,2.221,2.227,15972.6
2026-06-21 07:10:00,2.227,2.228,2.223,2.227,9596.9
2026-06-21 07:15:00,2.228,2.229,2.222,2.223,16955.2
2026-06-21 07:20:00,2.223,2.224,2.209,2.213,38728.7
2026-06-21 07:25:00,2.212,2.217,2.21,2.216,41065.2
2026-06-21 07:30:00,2.216,2.23,2.215,2.227,31862.9
2026-06-21 07:35:00,2.227,2.25,2.227,2.245,128656.4
2026-06-21 07:40:00,2.245,2.25,2.242,2.245,53195.3
2026-06-21 07:45:00,2.246,2.247,2.229,2.232,54125.3
2026-06-21 07:50:00,2.231,2.231,2.219,2.219,25921.0
2026-06-21 07:55:00,2.218,2.22,2.214,2.218,36522.7
2026-06-21 08:00:00,2.218,2.223,2.215,2.221,98462.6
2026-06-21 08:05:00,2.221,2.228,2.221,2.223,48440.3
2026-06-21 08:10:00,2.224,2.224,2.211,2.216,71234.7
2026-06-21 08:15:00,2.217,2.222,2.205,2.206,75010.5
2026-06-21 08:20:00,2.205,2.221,2.201,2.219,122843.7
2026-06-21 08:25:00,2.22,2.226,2.219,2.226,19544.5
2026-06-21 08:30:00,2.226,2.23,2.219,2.219,83231.1
2026-06-21 08:35:00,2.22,2.22,2.206,2.215,176892.2
2026-06-21 08:40:00,2.215,2.253,2.214,2.249,266767.8
2026-06-21 08:45:00,2.249,2.25,2.242,2.245,136450.2
2026-06-21 08:50:00,2.244,2.262,2.242,2.257,109697.7
2026-06-21 08:55:00,2.257,2.261,2.255,2.258,40440.6
2026-06-21 09:00:00,2.258,2.264,2.249,2.257,127948.1
2026-06-21 09:05:00,2.257,2.262,2.247,2.248,63758.0
2026-06-21 09:10:00,2.248,2.261,2.248,2.257,94996.5
2026-06-21 09:15:00,2.257,2.262,2.251,2.252,53367.6
2026-06-21 09:20:00,2.253,2.26,2.247,2.251,64046.9
2026-06-21 09:25:00,2.251,2.253,2.237,2.24,82182.9
2026-06-21 09:30:00,2.241,2.258,2.241,2.255,59000.5
2026-06-21 09:35:00,2.254,2.276,2.254,2.274,102271.0
2026-06-21 09:40:00,2.275,2.275,2.265,2.267,34673.0
2026-06-21 09:45:00,2.267,2.273,2.264,2.266,150508.3
2026-06-21 09:50:00,2.266,2.278,2.266,2.277,78216.8
2026-06-21 09:55:00,2.277,2.279,2.27,2.271,45398.4
2026-06-21 10:00:00,2.272,2.273,2.264,2.265,40213.4
2026-06-21 10:05:00,2.264,2.27,2.261,2.266,48764.8
2026-06-21 10:10:00,2.267,2.273,2.264,2.265,30993.8
2026-06-21 10:15:00,2.264,2.264,2.255,2.262,47709.9
2026-06-21 10:20:00,2.261,2.264,2.253,2.26,125757.7
2026-06-21 10:25:00,2.259,2.263,2.253,2.26,23073.0
2026-06-21 10:30:00,2.261,2.271,2.261,2.27,15935.6
2026-06-21 10:35:00,2.269,2.27,2.258,2.258,27471.8
2026-06-21 10:40:00,2.258,2.264,2.257,2.264,15369.2
2026-06-21 10:45:00,2.263,2.269,2.26,2.266,15558.4
2026-06-21 10:50:00,2.266,2.27,2.263,2.266,20375.1
2026-06-21 10:55:00,2.265,2.266,2.256,2.261,46814.3
2026-06-21 11:00:00,2.262,2.265,2.258,2.258,44856.5
2026-06-21 11:05:00,2.258,2.262,2.254,2.261,7345.0
2026-06-21 11:10:00,2.262,2.272,2.262,2.269,23119.8
2026-06-21 11:15:00,2.269,2.269,2.244,2.246,125145.3
2026-06-21 11:20:00,2.246,2.254,2.244,2.246,65382.4
2026-06-21 11:25:00,2.246,2.251,2.246,2.25,9749.0
2026-06-21 11:30:00,2.25,2.251,2.239,2.244,45443.0
2026-06-21 11:35:00,2.244,2.246,2.231,2.243,116286.5
2026-06-21 11:40:00,2.243,2.244,2.234,2.243,139918.0
2026-06-21 11:45:00,2.242,2.243,2.236,2.243,20551.5
2026-06-21 11:50:00,2.242,2.242,2.234,2.239,12074.7
2026-06-21 11:55:00,2.239,2.24,2.232,2.235,29781.4
2026-06-21 12:00:00,2.235,2.236,2.22,2.221,88548.7
2026-06-21 12:05:00,2.222,2.228,2.22,2.226,70851.2
2026-06-21 12:10:00,2.226,2.23,2.219,2.221,27649.4
2026-06-21 12:15:00,2.221,2.221,2.211,2.216,54614.9
2026-06-21 12:20:00,2.216,2.216,2.16,2.161,516332.6
2026-06-21 12:25:00,2.162,2.182,2.161,2.177,120493.4
2026-06-21 12:30:00,2.177,2.185,2.175,2.175,35081.0
2026-06-21 12:35:00,2.174,2.183,2.17,2.171,50676.0
2026-06-21 12:40:00,2.171,2.178,2.17,2.172,32240.4
2026-06-21 12:45:00,2.173,2.174,2.167,2.17,50472.6
2026-06-21 12:50:00,2.17,2.183,2.169,2.176,62683.7
2026-06-21 12:55:00,2.175,2.181,2.172,2.18,39847.7
2026-06-21 13:00:00,2.181,2.182,2.178,2.179,39638.5
2026-06-21 13:05:00,2.18,2.192,2.176,2.187,68677.1
2026-06-21 13:10:00,2.187,2.189,2.184,2.187,32257.8
2026-06-21 13:15:00,2.186,2.192,2.185,2.192,16552.3
2026-06-21 13:20:00,2.192,2.192,2.186,2.189,15280.4
2026-06-21 13:25:00,2.189,2.191,2.186,2.191,24206.4
2026-06-21 13:30:00,2.192,2.192,2.178,2.178,57061.9
2026-06-21 13:35:00,2.177,2.188,2.176,2.187,31415.9
2026-06-21 13:40:00,2.186,2.19,2.186,2.187,34558.1
2026-06-21 13:45:00,2.187,2.19,2.185,2.185,42512.1
2026-06-21 13:50:00,2.184,2.191,2.184,2.186,19509.2
2026-06-21 13:55:00,2.187,2.187,2.183,2.186,27095.4
2026-06-21 14:00:00,2.186,2.189,2.186,2.187,17246.5
2026-06-21 14:05:00,2.188,2.192,2.183,2.183,28821.5
2026-06-21 14:10:00,2.183,2.187,2.18,2.181,47157.5
2026-06-21 14:15:00,2.18,2.181,2.173,2.178,39353.0
2026-06-21 14:20:00,2.179,2.189,2.176,2.188,35128.1
2026-06-21 14:25:00,2.187,2.188,2.18,2.183,27989.4
2026-06-21 14:30:00,2.182,2.183,2.176,2.176,20401.7
2026-06-21 14:35:00,2.176,2.179,2.175,2.177,25410.1
2026-06-21 14:40:00,2.177,2.184,2.176,2.183,42341.5
2026-06-21 14:45:00,2.184,2.184,2.177,2.178,28227.8
2026-06-21 14:50:00,2.178,2.183,2.17,2.182,50847.7
2026-06-21 14:55:00,2.183,2.185,2.182,2.184,16300.5
2026-06-21 15:00:00,2.185,2.195,2.182,2.194,62462.4
2026-06-21 15:05:00,2.194,2.196,2.19,2.194,33965.7
2026-06-21 15:10:00,2.194,2.197,2.191,2.196,16203.0
2026-06-21 15:15:00,2.195,2.201,2.195,2.198,40508.5
2026-06-21 15:20:00,2.198,2.201,2.194,2.198,51319.6
2026-06-21 15:25:00,2.198,2.204,2.197,2.201,46103.3
2026-06-21 15:30:00,2.202,2.203,2.197,2.198,20592.2
2026-06-21 15:35:00,2.198,2.212,2.197,2.211,42734.1
2026-06-21 15:40:00,2.212,2.212,2.2,2.205,34137.1
2026-06-21 15:45:00,2.204,2.205,2.199,2.203,11845.8
2026-06-21 15:50:00,2.203,2.203,2.201,2.201,6496.2
2026-06-21 15:55:00,2.201,2.205,2.197,2.204,26326.3
2026-06-21 16:00:00,2.204,2.206,2.196,2.201,23754.8
2026-06-21 16:05:00,2.201,2.202,2.192,2.198,34636.1
2026-06-21 16:10:00,2.197,2.198,2.184,2.188,93775.3
2026-06-21 16:15:00,2.188,2.188,2.172,2.173,75585.6
2026-06-21 16:20:00,2.173,2.178,2.17,2.173,39260.2
2026-06-21 16:25:00,2.172,2.178,2.164,2.167,143742.4
2026-06-21 16:30:00,2.167,2.168,2.153,2.154,71873.0
2026-06-21 16:35:00,2.153,2.156,2.145,2.149,102745.5
2026-06-21 16:40:00,2.149,2.161,2.149,2.158,40442.8
2026-06-21 16:45:00,2.158,2.165,2.158,2.161,26714.5
2026-06-21 16:50:00,2.162,2.169,2.161,2.165,32940.0
2026-06-21 16:55:00,2.165,2.171,2.165,2.166,31558.3
2026-06-21 17:00:00,2.165,2.173,2.163,2.171,42414.1
2026-06-21 17:05:00,2.172,2.18,2.172,2.176,76288.6
2026-06-21 17:10:00,2.175,2.178,2.174,2.175,16340.2
2026-06-21 17:15:00,2.175,2.175,2.166,2.175,21137.9
2026-06-21 17:20:00,2.175,2.175,2.17,2.171,12712.2
2026-06-21 17:25:00,2.172,2.172,2.163,2.164,35740.7
2026-06-21 17:30:00,2.165,2.166,2.157,2.16,81226.0
2026-06-21 17:35:00,2.16,2.16,2.153,2.155,9751.3
2026-06-21 17:40:00,2.155,2.159,2.15,2.159,23542.4
2026-06-21 17:45:00,2.16,2.167,2.16,2.162,21456.8
2026-06-21 17:50:00,2.162,2.163,2.158,2.161,31495.8
2026-06-21 17:55:00,2.161,2.163,2.156,2.156,16521.3
2026-06-21 18:00:00,2.156,2.158,2.149,2.149,28085.2
2026-06-21 18:05:00,2.149,2.157,2.149,2.15,30485.5
2026-06-21 18:10:00,2.15,2.157,2.15,2.156,11358.9
2026-06-21 18:15:00,2.157,2.17,2.157,2.168,289318.6
2026-06-21 18:20:00,2.169,2.18,2.166,2.172,195468.4
2026-06-21 18:25:00,2.173,2.174,2.171,2.174,15276.7
2026-06-21 18:30:00,2.174,2.186,2.171,2.183,60020.1
2026-06-21 18:35:00,2.184,2.185,2.18,2.181,29244.3
2026-06-21 18:40:00,2.181,2.188,2.18,2.187,31491.7
2026-06-21 18:45:00,2.187,2.189,2.184,2.186,22818.9
2026-06-21 18:50:00,2.186,2.186,2.181,2.186,19518.8
2026-06-21 18:55:00,2.185,2.187,2.182,2.187,9303.4
2026-06-21 19:00:00,2.186,2.192,2.184,2.188,22373.3
2026-06-21 19:05:00,2.188,2.19,2.184,2.185,12794.3
2026-06-21 19:10:00,2.186,2.191,2.185,2.19,16638.1
2026-06-21 19:15:00,2.19,2.196,2.189,2.196,36206.1
2026-06-21 19:20:00,2.196,2.199,2.193,2.197,21824.6
2026-06-21 19:25:00,2.196,2.199,2.189,2.191,29419.7
2026-06-21 19:30:00,2.192,2.192,2.187,2.188,59945.5
2026-06-21 19:35:00,2.188,2.188,2.183,2.184,7103.4
2026-06-21 19:40:00,2.185,2.188,2.184,2.186,10675.5
2026-06-21 19:45:00,2.187,2.189,2.185,2.189,10083.6
2026-06-21 19:50:00,2.19,2.191,2.18,2.183,18589.9
2026-06-21 19:55:00,2.183,2.184,2.18,2.181,20708.7
2026-06-21 20:00:00,2.182,2.182,2.171,2.174,39480.4
2026-06-21 20:05:00,2.174,2.18,2.173,2.177,20690.5
2026-06-21 20:10:00,2.176,2.176,2.17,2.172,21010.6
2026-06-21 20:15:00,2.172,2.173,2.16,2.163,27471.5
2026-06-21 20:20:00,2.163,2.166,2.163,2.165,9929.8
2026-06-21 20:25:00,2.166,2.168,2.164,2.165,6718.2
2026-06-21 20:30:00,2.165,2.168,2.16,2.16,20198.8
2026-06-21 20:35:00,2.161,2.167,2.161,2.161,10158.9
2026-06-21 20:40:00,2.161,2.161,2.157,2.158,26177.1
2026-06-21 20:45:00,2.158,2.159,2.137,2.142,194766.7
2026-06-21 20:50:00,2.143,2.144,2.124,2.128,262823.3
2026-06-21 20:55:00,2.128,2.13,2.118,2.119,690308.7
2026-06-21 21:00:00,2.12,2.124,2.117,2.119,212860.2
2026-06-21 21:05:00,2.118,2.124,2.102,2.105,261396.0
2026-06-21 21:10:00,2.105,2.116,2.105,2.115,93719.8
2026-06-21 21:15:00,2.116,2.12,2.106,2.111,123221.7
2026-06-21 21:20:00,2.111,2.125,2.11,2.118,179432.8
2026-06-21 21:25:00,2.117,2.117,2.11,2.112,62533.0
2026-06-21 21:30:00,2.112,2.122,2.112,2.118,42267.2
2026-06-21 21:35:00,2.117,2.134,2.116,2.133,120116.4
2026-06-21 21:40:00,2.132,2.133,2.124,2.127,32940.6
2026-06-21 21:45:00,2.128,2.132,2.126,2.132,12114.7
2026-06-21 21:50:00,2.131,2.131,2.121,2.121,11531.0
2026-06-21 21:55:00,2.121,2.123,2.116,2.123,28460.1
2026-06-21 22:00:00,2.122,2.137,2.116,2.131,83277.8
2026-06-21 22:05:00,2.131,2.132,2.121,2.121,66803.9
2026-06-21 22:10:00,2.121,2.128,2.121,2.124,29687.8
2026-06-21 22:15:00,2.125,2.13,2.123,2.127,24339.8
2026-06-21 22:20:00,2.127,2.129,2.123,2.125,14910.3
2026-06-21 22:25:00,2.125,2.126,2.118,2.119,26184.8
2026-06-21 22:30:00,2.118,2.118,2.104,2.108,207820.1
2026-06-21 22:35:00,2.109,2.112,2.097,2.099,100082.6
2026-06-21 22:40:00,2.1,2.107,2.094,2.106,110018.0
2026-06-21 22:45:00,2.106,2.114,2.106,2.111,79819.1
2026-06-21 22:50:00,2.11,2.115,2.11,2.114,39069.2
2026-06-21 22:55:00,2.114,2.118,2.114,2.117,25489.4
2026-06-21 23:00:00,2.116,2.116,2.105,2.11,56200.6
2026-06-21 23:05:00,2.11,2.115,2.109,2.114,18051.7
2026-06-21 23:10:00,2.114,2.114,2.099,2.101,56742.3
2026-06-21 23:15:00,2.101,2.106,2.098,2.104,67683.4
2026-06-21 23:20:00,2.105,2.111,2.105,2.109,22851.9
2026-06-21 23:25:00,2.109,2.11,2.103,2.104,18044.9
2026-06-21 23:30:00,2.103,2.107,2.09,2.096,108217.5
2026-06-21 23:35:00,2.096,2.1,2.091,2.098,49019.3
2026-06-21 23:40:00,2.098,2.102,2.097,2.102,19519.4
2026-06-21 23:45:00,2.103,2.106,2.099,2.104,45668.4
2026-06-21 23:50:00,2.104,2.105,2.099,2.1,20376.5
2026-06-21 23:55:00,2.1,2.104,2.098,2.102,24701.4
2026-06-22 00:00:00,2.102,2.108,2.101,2.107,87471.1
2026-06-22 00:05:00,2.107,2.112,2.107,2.112,43161.1
2026-06-22 00:10:00,2.112,2.113,2.099,2.099,47876.9
2026-06-22 00:15:00,2.098,2.113,2.097,2.109,36596.2
2026-06-22 00:20:00,2.108,2.111,2.105,2.111,25777.3
2026-06-22 00:25:00,2.111,2.115,2.106,2.111,27135.2
2026-06-22 00:30:00,2.112,2.122,2.112,2.117,66870.1
2026-06-22 00:35:00,2.117,2.129,2.113,2.128,59267.4
2026-06-22 00:40:00,2.128,2.133,2.126,2.129,70000.2
2026-06-22 00:45:00,2.129,2.134,2.128,2.13,40980.4
2026-06-22 00:50:00,2.131,2.131,2.127,2.128,23558.2
2026-06-22 00:55:00,2.128,2.136,2.128,2.133,27172.4
2026-06-22 01:00:00,2.134,2.145,2.134,2.138,39383.3
2026-06-22 01:05:00,2.139,2.141,2.133,2.135,39255.0
2026-06-22 01:10:00,2.134,2.135,2.13,2.134,15266.4
2026-06-22 01:15:00,2.135,2.15,2.135,2.146,36783.4
2026-06-22 01:20:00,2.147,2.161,2.146,2.156,95378.6
2026-06-22 01:25:00,2.157,2.185,2.157,2.177,306954.7
2026-06-22 01:30:00,2.176,2.18,2.159,2.162,99850.2
2026-06-22 01:35:00,2.161,2.169,2.158,2.167,50431.5
2026-06-22 01:40:00,2.167,2.174,2.161,2.163,60706.2
2026-06-22 01:45:00,2.163,2.169,2.153,2.159,337585.4
2026-06-22 01:50:00,2.159,2.168,2.158,2.165,131501.3
2026-06-22 01:55:00,2.165,2.172,2.164,2.168,88838.5
2026-06-22 02:00:00,2.168,2.172,2.162,2.168,43788.7
2026-06-22 02:05:00,2.167,2.168,2.165,2.167,10577.4
2026-06-22 02:10:00,2.167,2.172,2.167,2.17,53056.9
2026-06-22 02:15:00,2.169,2.177,2.167,2.174,37280.5
2026-06-22 02:20:00,2.173,2.177,2.169,2.172,99232.4
2026-06-22 02:25:00,2.172,2.184,2.172,2.181,205812.5
2026-06-22 02:30:00,2.18,2.18,2.176,2.177,22361.1
2026-06-22 02:35:00,2.177,2.178,2.174,2.177,13271.8
2026-06-22 02:40:00,2.177,2.179,2.175,2.176,19374.9
2026-06-22 02:45:00,2.177,2.179,2.175,2.178,41397.6
2026-06-22 02:50:00,2.178,2.183,2.169,2.169,82241.5
2026-06-22 02:55:00,2.17,2.174,2.161,2.164,47275.0
2026-06-22 03:00:00,2.164,2.165,2.155,2.159,71665.8
2026-06-22 03:05:00,2.16,2.164,2.153,2.157,41326.7
2026-06-22 03:10:00,2.156,2.162,2.153,2.157,29309.3
2026-06-22 03:15:00,2.158,2.169,2.158,2.169,28086.4
2026-06-22 03:20:00,2.169,2.17,2.164,2.166,15946.3
2026-06-22 03:25:00,2.167,2.172,2.16,2.161,45381.8
2026-06-22 03:30:00,2.161,2.174,2.161,2.169,30603.0
2026-06-22 03:35:00,2.169,2.169,2.163,2.164,12541.6
2026-06-22 03:40:00,2.165,2.165,2.153,2.157,26482.4
2026-06-22 03:45:00,2.157,2.157,2.146,2.153,92969.9
2026-06-22 03:50:00,2.153,2.154,2.143,2.146,128846.2
2026-06-22 03:55:00,2.146,2.146,2.139,2.14,63372.1
2026-06-22 04:00:00,2.141,2.142,2.13,2.142,55201.1
2026-06-22 04:05:00,2.142,2.143,2.138,2.139,34210.0
2026-06-22 04:10:00,2.138,2.143,2.138,2.138,31029.2
2026-06-22 04:15:00,2.138,2.143,2.138,2.138,30038.8
2026-06-22 04:20:00,2.138,2.145,2.138,2.142,24913.2
2026-06-22 04:25:00,2.142,2.142,2.134,2.139,19534.0
2026-06-22 04:30:00,2.139,2.145,2.135,2.139,30792.2
2026-06-22 04:35:00,2.139,2.141,2.132,2.133,36747.5
2026-06-22 04:40:00,2.133,2.135,2.13,2.131,20331.4
2026-06-22 04:45:00,2.131,2.144,2.131,2.143,41663.9
2026-06-22 04:50:00,2.143,2.146,2.141,2.146,10552.7
2026-06-22 04:55:00,2.146,2.15,2.144,2.147,33996.5
2026-06-22 05:00:00,2.146,2.15,2.143,2.144,46231.6
2026-06-22 05:05:00,2.144,2.155,2.142,2.153,47770.5
2026-06-22 05:10:00,2.152,2.158,2.152,2.156,26088.3
2026-06-22 05:15:00,2.157,2.158,2.153,2.158,32838.9
2026-06-22 05:20:00,2.159,2.159,2.152,2.155,39879.5
2026-06-22 05:25:00,2.155,2.156,2.152,2.155,16391.9
2026-06-22 05:30:00,2.156,2.163,2.151,2.161,43741.2
2026-06-22 05:35:00,2.16,2.166,2.157,2.163,23561.1
2026-06-22 05:40:00,2.163,2.166,2.156,2.158,32508.5
2026-06-22 05:45:00,2.158,2.159,2.155,2.158,24745.2
2026-06-22 05:50:00,2.158,2.158,2.149,2.149,28277.3
2026-06-22 05:55:00,2.15,2.153,2.15,2.153,11359.6
2026-06-22 06:00:00,2.154,2.156,2.149,2.149,22049.5
2026-06-22 06:05:00,2.149,2.16,2.144,2.159,39444.0
2026-06-22 06:10:00,2.158,2.162,2.155,2.155,14236.1
2026-06-22 06:15:00,2.154,2.156,2.152,2.152,23940.5
2026-06-22 06:20:00,2.152,2.157,2.149,2.155,18783.4
2026-06-22 06:25:00,2.155,2.156,2.152,2.153,8681.7
2026-06-22 06:30:00,2.153,2.154,2.145,2.148,48898.2
2026-06-22 06:35:00,2.147,2.152,2.146,2.151,13884.5
2026-06-22 06:40:00,2.15,2.151,2.146,2.147,5384.0
2026-06-22 06:45:00,2.146,2.149,2.144,2.145,34170.6
2026-06-22 06:50:00,2.145,2.146,2.139,2.144,51853.4
2026-06-22 06:55:00,2.144,2.153,2.142,2.15,30844.9
2026-06-22 07:00:00,2.151,2.168,2.149,2.167,51662.6
2026-06-22 07:05:00,2.166,2.183,2.166,2.176,138582.4
2026-06-22 07:10:00,2.176,2.197,2.176,2.192,102642.2
2026-06-22 07:15:00,2.191,2.199,2.186,2.195,78597.1
2026-06-22 07:20:00,2.195,2.197,2.188,2.188,44216.5
2026-06-22 07:25:00,2.188,2.192,2.184,2.186,54964.3
2026-06-22 07:30:00,2.185,2.188,2.179,2.179,71579.1
2026-06-22 07:35:00,2.18,2.184,2.175,2.179,50037.4
2026-06-22 07:40:00,2.178,2.179,2.173,2.173,23014.5
2026-06-22 07:45:00,2.173,2.178,2.172,2.178,13820.8
2026-06-22 07:50:00,2.178,2.181,2.17,2.175,39675.0
2026-06-22 07:55:00,2.175,2.177,2.171,2.172,13398.7
2026-06-22 08:00:00,2.172,2.172,2.16,2.16,47358.2
2026-06-22 08:05:00,2.16,2.166,2.157,2.164,49825.0
2026-06-22 08:10:00,2.164,2.171,2.16,2.17,30899.6
2026-06-22 08:15:00,2.169,2.169,2.152,2.157,109985.4
2026-06-22 08:20:00,2.157,2.163,2.157,2.162,49124.0
2026-06-22 08:25:00,2.162,2.165,2.158,2.158,23098.8
2026-06-22 08:30:00,2.158,2.159,2.154,2.155,37963.6
2026-06-22 08:35:00,2.155,2.155,2.148,2.151,28267.0
2026-06-22 08:40:00,2.151,2.164,2.151,2.164,46380.4
2026-06-22 08:45:00,2.163,2.165,2.155,2.161,43763.0
2026-06-22 08:50:00,2.161,2.163,2.158,2.158,16292.2
2026-06-22 08:55:00,2.158,2.161,2.156,2.161,18086.0
2026-06-22 09:00:00,2.161,2.161,2.156,2.158,21748.4
2026-06-22 09:05:00,2.159,2.159,2.149,2.151,21527.9
2026-06-22 09:10:00,2.151,2.153,2.149,2.151,131759.4
2026-06-22 09:15:00,2.15,2.152,2.145,2.145,25327.6
2026-06-22 09:20:00,2.145,2.149,2.145,2.148,28265.4
2026-06-22 09:25:00,2.148,2.15,2.145,2.146,14561.3
2026-06-22 09:30:00,2.146,2.152,2.143,2.148,56398.4
2026-06-22 09:35:00,2.148,2.149,2.141,2.143,30132.7
2026-06-22 09:40:00,2.144,2.149,2.144,2.149,16209.1
2026-06-22 09:45:00,2.15,2.15,2.142,2.146,74743.5
2026-06-22 09:50:00,2.146,2.149,2.144,2.147,22349.5
2026-06-22 09:55:00,2.146,2.147,2.143,2.143,14746.6
2026-06-22 10:00:00,2.143,2.147,2.142,2.146,31667.8
2026-06-22 10:05:00,2.145,2.147,2.143,2.147,27760.4
2026-06-22 10:10:00,2.147,2.148,2.143,2.143,30456.3
2026-06-22 10:15:00,2.144,2.146,2.14,2.14,23176.7
2026-06-22 10:20:00,2.139,2.147,2.139,2.146,18809.3
2026-06-22 10:25:00,2.146,2.147,2.144,2.145,22479.1
2026-06-22 10:30:00,2.145,2.15,2.144,2.148,23591.9
2026-06-22 10:35:00,2.147,2.148,2.142,2.143,9486.5
2026-06-22 10:40:00,2.143,2.143,2.138,2.14,23206.6
2026-06-22 10:45:00,2.14,2.142,2.138,2.141,23731.8
2026-06-22 10:50:00,2.142,2.144,2.141,2.142,6613.2
2026-06-22 10:55:00,2.142,2.142,2.135,2.138,98410.6
2026-06-22 11:00:00,2.138,2.14,2.134,2.139,41773.1
2026-06-22 11:05:00,2.14,2.16,2.14,2.157,111691.3
2026-06-22 11:10:00,2.156,2.157,2.149,2.154,48592.7
2026-06-22 11:15:00,2.154,2.159,2.153,2.154,58499.0
2026-06-22 11:20:00,2.154,2.155,2.149,2.152,18904.5
2026-06-22 11:25:00,2.152,2.161,2.149,2.149,65532.2
2026-06-22 11:30:00,2.149,2.16,2.149,2.16,68617.4
2026-06-22 11:35:00,2.16,2.169,2.159,2.164,38684.2
2026-06-22 11:40:00,2.164,2.169,2.158,2.168,67328.6
2026-06-22 11:45:00,2.168,2.172,2.165,2.172,37926.3
2026-06-22 11:50:00,2.173,2.173,2.162,2.168,36751.8
2026-06-22 11:55:00,2.167,2.168,2.161,2.166,31745.3
2026-06-22 12:00:00,2.166,2.173,2.162,2.163,110400.3
2026-06-22 12:05:00,2.163,2.166,2.158,2.166,66309.3
2026-06-22 12:10:00,2.165,2.172,2.164,2.168,56487.1
2026-06-22 12:15:00,2.167,2.168,2.163,2.167,34275.6
2026-06-22 12:20:00,2.166,2.178,2.166,2.174,26088.7
2026-06-22 12:25:00,2.174,2.178,2.17,2.17,28341.0
2026-06-22 12:30:00,2.17,2.175,2.165,2.173,36824.0
2026-06-22 12:35:00,2.173,2.179,2.173,2.177,62340.7
2026-06-22 12:40:00,2.178,2.183,2.177,2.18,51999.7
2026-06-22 12:45:00,2.18,2.186,2.177,2.184,56256.7
2026-06-22 12:50:00,2.184,2.185,2.176,2.177,43232.3
2026-06-22 12:55:00,2.176,2.183,2.176,2.181,66405.0
2026-06-22 13:00:00,2.181,2.185,2.178,2.182,56214.2
2026-06-22 13:05:00,2.182,2.182,2.168,2.172,44470.7
2026-06-22 13:10:00,2.172,2.18,2.171,2.174,51529.7
2026-06-22 13:15:00,2.173,2.176,2.17,2.174,46620.1
2026-06-22 13:20:00,2.174,2.18,2.17,2.18,25780.9
2026-06-22 13:25:00,2.179,2.179,2.168,2.17,55961.3
2026-06-22 13:30:00,2.171,2.184,2.168,2.171,98222.3
2026-06-22 13:35:00,2.17,2.189,2.17,2.185,68911.3
2026-06-22 13:40:00,2.186,2.188,2.176,2.183,107079.7
2026-06-22 13:45:00,2.182,2.19,2.175,2.181,225255.2
2026-06-22 13:50:00,2.181,2.189,2.181,2.184,50737.6
2026-06-22 13:55:00,2.184,2.187,2.182,2.186,13134.6
2026-06-22 14:00:00,2.186,2.191,2.175,2.175,111753.7
2026-06-22 14:05:00,2.175,2.177,2.164,2.167,98552.4
2026-06-22 14:10:00,2.167,2.168,2.154,2.156,84484.5
2026-06-22 14:15:00,2.157,2.157,2.143,2.148,86287.1
2026-06-22 14:20:00,2.149,2.153,2.139,2.142,70679.3
2026-06-22 14:25:00,2.142,2.147,2.134,2.134,126989.0
2026-06-22 14:30:00,2.134,2.141,2.125,2.138,164418.4
2026-06-22 14:35:00,2.137,2.137,2.123,2.13,109151.4
2026-06-22 14:40:00,2.13,2.132,2.125,2.125,64449.9
2026-06-22 14:45:00,2.126,2.133,2.124,2.133,72095.4
2026-06-22 14:50:00,2.133,2.136,2.123,2.124,79076.1
2026-06-22 14:55:00,2.124,2.134,2.118,2.133,69008.0
2026-06-22 15:00:00,2.133,2.141,2.133,2.138,80790.4
2026-06-22 15:05:00,2.138,2.138,2.125,2.129,69801.3
2026-06-22 15:10:00,2.13,2.141,2.129,2.138,31744.7
2026-06-22 15:15:00,2.137,2.139,2.129,2.132,29493.6
2026-06-22 15:20:00,2.132,2.136,2.128,2.136,33734.8
2026-06-22 15:25:00,2.136,2.14,2.132,2.138,90872.2
2026-06-22 15:30:00,2.138,2.147,2.137,2.142,65326.6
2026-06-22 15:35:00,2.141,2.146,2.137,2.14,38676.0
2026-06-22 15:40:00,2.14,2.141,2.137,2.14,23781.7
2026-06-22 15:45:00,2.14,2.144,2.124,2.127,80826.0
2026-06-22 15:50:00,2.128,2.13,2.117,2.121,224415.6
2026-06-22 15:55:00,2.122,2.124,2.113,2.121,98181.0
2026-06-22 16:00:00,2.121,2.122,2.111,2.117,78290.4
2026-06-22 16:05:00,2.116,2.12,2.115,2.12,34325.9
2026-06-22 16:10:00,2.12,2.124,2.118,2.12,31380.6
2026-06-22 16:15:00,2.121,2.121,2.113,2.117,35802.5
2026-06-22 16:20:00,2.118,2.125,2.117,2.12,46995.4
2026-06-22 16:25:00,2.12,2.124,2.115,2.124,31507.2
2026-06-22 16:30:00,2.123,2.123,2.118,2.122,36185.1
2026-06-22 16:35:00,2.122,2.128,2.119,2.123,30795.6
2026-06-22 16:40:00,2.122,2.125,2.117,2.123,42049.8
2026-06-22 16:45:00,2.123,2.128,2.119,2.126,30103.3
2026-06-22 16:50:00,2.126,2.13,2.12,2.128,24708.3
2026-06-22 16:55:00,2.128,2.132,2.124,2.13,62315.6
2026-06-22 17:00:00,2.129,2.132,2.125,2.127,14282.8
2026-06-22 17:05:00,2.126,2.126,2.123,2.123,15041.3
2026-06-22 17:10:00,2.122,2.124,2.116,2.118,28656.2
2026-06-22 17:15:00,2.118,2.126,2.117,2.125,28346.1
2026-06-22 17:20:00,2.125,2.125,2.119,2.121,14731.7
2026-06-22 17:25:00,2.121,2.121,2.117,2.117,10674.0
2026-06-22 17:30:00,2.116,2.12,2.114,2.119,25506.9
2026-06-22 17:35:00,2.119,2.121,2.115,2.117,14254.4
2026-06-22 17:40:00,2.117,2.123,2.117,2.118,14903.3
2026-06-22 17:45:00,2.119,2.127,2.119,2.125,17178.5
2026-06-22 17:50:00,2.126,2.131,2.126,2.126,17815.4
2026-06-22 17:55:00,2.126,2.128,2.124,2.127,14909.2
2026-06-22 18:00:00,2.128,2.133,2.126,2.128,31175.3
2026-06-22 18:05:00,2.128,2.13,2.125,2.129,12662.0
2026-06-22 18:10:00,2.129,2.131,2.128,2.13,7326.8
2026-06-22 18:15:00,2.13,2.138,2.13,2.133,41022.1
2026-06-22 18:20:00,2.134,2.14,2.133,2.138,64167.3
2026-06-22 18:25:00,2.138,2.138,2.131,2.132,25906.7
2026-06-22 18:30:00,2.133,2.133,2.13,2.131,25121.6
2026-06-22 18:35:00,2.13,2.135,2.128,2.129,7384.5
2026-06-22 18:40:00,2.129,2.131,2.127,2.129,14663.4
2026-06-22 18:45:00,2.129,2.13,2.118,2.119,47783.9
2026-06-22 18:50:00,2.119,2.119,2.109,2.111,44764.0
2026-06-22 18:55:00,2.11,2.111,2.106,2.109,60178.5
2026-06-22 19:00:00,2.11,2.118,2.109,2.111,35954.9
2026-06-22 19:05:00,2.111,2.111,2.105,2.105,27773.4
2026-06-22 19:10:00,2.106,2.118,2.103,2.118,40125.0
2026-06-22 19:15:00,2.118,2.122,2.114,2.122,31619.3
2026-06-22 19:20:00,2.123,2.125,2.113,2.113,41410.5
2026-06-22 19:25:00,2.113,2.113,2.108,2.111,38155.9
2026-06-22 19:30:00,2.112,2.116,2.107,2.114,57201.9
2026-06-22 19:35:00,2.113,2.12,2.112,2.12,16962.8
2026-06-22 19:40:00,2.119,2.119,2.112,2.112,26848.4
2026-06-22 19:45:00,2.112,2.112,2.103,2.106,24201.5
2026-06-22 19:50:00,2.105,2.11,2.103,2.108,41696.5
2026-06-22 19:55:00,2.109,2.114,2.109,2.113,15476.8
2026-06-22 20:00:00,2.112,2.123,2.111,2.12,34665.9
2026-06-22 20:05:00,2.119,2.121,2.113,2.113,31226.1
2026-06-22 20:10:00,2.113,2.113,2.108,2.112,14391.5
2026-06-22 20:15:00,2.113,2.113,2.11,2.111,7896.0
2026-06-22 20:20:00,2.11,2.11,2.104,2.104,8358.8
2026-06-22 20:25:00,2.104,2.104,2.095,2.1,107136.3
2026-06-22 20:30:00,2.101,2.105,2.1,2.105,10452.0
2026-06-22 20:35:00,2.104,2.109,2.102,2.108,11977.6
2026-06-22 20:40:00,2.108,2.109,2.107,2.108,25774.5
2026-06-22 20:45:00,2.107,2.149,2.106,2.144,527392.0
2026-06-22 20:50:00,2.145,2.146,2.133,2.14,158162.9
2026-06-22 20:55:00,2.139,2.146,2.135,2.142,52508.0
2026-06-22 21:00:00,2.142,2.144,2.139,2.14,14607.9
2026-06-22 21:05:00,2.14,2.142,2.136,2.14,35449.2
2026-06-22 21:10:00,2.14,2.144,2.138,2.142,46390.9
2026-06-22 21:15:00,2.142,2.143,2.136,2.138,24314.9
2026-06-22 21:20:00,2.139,2.143,2.136,2.137,28208.8
2026-06-22 21:25:00,2.137,2.137,2.131,2.133,18521.5
2026-06-22 21:30:00,2.134,2.135,2.129,2.133,14097.3
2026-06-22 21:35:00,2.133,2.134,2.11,2.116,195678.0
2026-06-22 21:40:00,2.115,2.119,2.112,2.115,123544.4
2026-06-22 21:45:00,2.115,2.12,2.112,2.116,58483.9
2026-06-22 21:50:00,2.117,2.119,2.11,2.114,68623.3
2026-06-22 21:55:00,2.115,2.116,2.104,2.112,162579.1
2026-06-22 22:00:00,2.111,2.119,2.108,2.113,169284.1
2026-06-22 22:05:00,2.113,2.114,2.106,2.112,76367.9
2026-06-22 22:10:00,2.112,2.123,2.11,2.115,77288.8
2026-06-22 22:15:00,2.115,2.121,2.115,2.116,59276.1
2026-06-22 22:20:00,2.115,2.116,2.109,2.11,53500.0
2026-06-22 22:25:00,2.11,2.11,2.087,2.094,164577.5
2026-06-22 22:30:00,2.093,2.097,2.087,2.089,153819.2
2026-06-22 22:35:00,2.089,2.089,2.059,2.067,452818.4
2026-06-22 22:40:00,2.068,2.07,2.056,2.059,109324.7
2026-06-22 22:45:00,2.058,2.063,2.056,2.061,45534.0
2026-06-22 22:50:00,2.062,2.066,2.061,2.066,18021.3
2026-06-22 22:55:00,2.067,2.071,2.065,2.07,47712.2
2026-06-22 23:00:00,2.07,2.07,2.063,2.067,69618.7
2026-06-22 23:05:00,2.066,2.069,2.062,2.069,23628.8
2026-06-22 23:10:00,2.069,2.069,2.064,2.064,40134.7
2026-06-22 23:15:00,2.065,2.067,2.06,2.066,58260.1
2026-06-22 23:20:00,2.066,2.072,2.066,2.07,35069.0
2026-06-22 23:25:00,2.07,2.079,2.069,2.073,63397.3
2026-06-22 23:30:00,2.074,2.075,2.067,2.068,39950.7
2026-06-22 23:35:00,2.068,2.075,2.067,2.075,18479.7
2026-06-22 23:40:00,2.075,2.076,2.067,2.07,20454.6
2026-06-22 23:45:00,2.069,2.07,2.063,2.066,19638.2
2026-06-22 23:50:00,2.065,2.073,2.064,2.073,21212.3
2026-06-22 23:55:00,2.072,2.073,2.069,2.069,13169.2
2026-06-23 00:00:00,2.068,2.07,2.067,2.068,33355.0
2026-06-23 00:05:00,2.068,2.069,2.062,2.063,24657.5
2026-06-23 00:10:00,2.064,2.064,2.056,2.06,67846.2
2026-06-23 00:15:00,2.061,2.062,2.051,2.052,56784.2
2026-06-23 00:20:00,2.052,2.057,2.051,2.053,41916.6
2026-06-23 00:25:00,2.053,2.055,2.048,2.054,66961.0
2026-06-23 00:30:00,2.054,2.064,2.054,2.056,69767.8
2026-06-23 00:35:00,2.055,2.056,2.047,2.054,65426.0
2026-06-23 00:40:00,2.055,2.058,2.045,2.058,105339.0
2026-06-23 00:45:00,2.059,2.06,2.054,2.06,24752.0
2026-06-23 00:50:00,2.06,2.063,2.057,2.059,25084.2
2026-06-23 00:55:00,2.059,2.061,2.056,2.06,12350.4
2026-06-23 01:00:00,2.061,2.065,2.058,2.058,31611.5
2026-06-23 01:05:00,2.059,2.06,2.055,2.056,16323.8
2026-06-23 01:10:00,2.056,2.061,2.056,2.056,15117.2
2026-06-23 01:15:00,2.056,2.056,2.05,2.05,26478.7
2026-06-23 01:20:00,2.051,2.054,2.048,2.049,19155.9
2026-06-23 01:25:00,2.049,2.052,2.048,2.052,13980.4
2026-06-23 01:30:00,2.052,2.054,2.038,2.039,152740.5
2026-06-23 01:35:00,2.039,2.039,2.027,2.036,169476.4
2026-06-23 01:40:00,2.035,2.039,2.032,2.033,24571.5
2026-06-23 01:45:00,2.033,2.034,2.021,2.025,212707.7
2026-06-23 01:50:00,2.024,2.038,2.02,2.036,422256.7
2026-06-23 01:55:00,2.036,2.043,2.035,2.042,74543.3
2026-06-23 02:00:00,2.041,2.043,2.035,2.037,28513.5
2026-06-23 02:05:00,2.037,2.043,2.035,2.037,55169.3
2026-06-23 02:10:00,2.037,2.045,2.031,2.041,76165.5
2026-06-23 02:15:00,2.042,2.049,2.042,2.044,37337.0
2026-06-23 02:20:00,2.044,2.045,2.041,2.043,21217.6
2026-06-23 02:25:00,2.043,2.05,2.042,2.046,12497.7
2026-06-23 02:30:00,2.046,2.048,2.041,2.042,98379.5
2026-06-23 02:35:00,2.043,2.043,2.034,2.04,106889.0
2026-06-23 02:40:00,2.04,2.043,2.038,2.04,34452.4
2026-06-23 02:45:00,2.039,2.045,2.035,2.038,40676.3
2026-06-23 02:50:00,2.039,2.042,2.039,2.039,26530.9
2026-06-23 02:55:00,2.039,2.044,2.038,2.043,24640.5
2026-06-23 03:00:00,2.043,2.054,2.035,2.052,520943.3
2026-06-23 03:05:00,2.052,2.056,2.047,2.048,80020.5
2026-06-23 03:10:00,2.048,2.06,2.045,2.06,62576.1
2026-06-23 03:15:00,2.059,2.069,2.057,2.066,127535.6
2026-06-23 03:20:00,2.066,2.066,2.058,2.062,45976.0
2026-06-23 03:25:00,2.062,2.063,2.058,2.06,43051.8
2026-06-23 03:30:00,2.06,2.061,2.053,2.057,65732.1
2026-06-23 03:35:00,2.057,2.058,2.052,2.055,40232.1
2026-06-23 03:40:00,2.055,2.058,2.054,2.057,21279.3
2026-06-23 03:45:00,2.057,2.063,2.056,2.061,83002.3
2026-06-23 03:50:00,2.062,2.064,2.058,2.058,36147.7
2026-06-23 03:55:00,2.058,2.063,2.058,2.063,25503.7
2026-06-23 04:00:00,2.062,2.064,2.061,2.062,39651.9
2026-06-23 04:05:00,2.063,2.065,2.059,2.06,39380.4
2026-06-23 04:10:00,2.06,2.063,2.054,2.059,42879.5
2026-06-23 04:15:00,2.058,2.058,2.051,2.054,33338.5
2026-06-23 04:20:00,2.054,2.065,2.05,2.065,236906.6
2026-06-23 04:25:00,2.065,2.07,2.063,2.065,98893.0
2026-06-23 04:30:00,2.066,2.066,2.057,2.057,10368.1
2026-06-23 04:35:00,2.056,2.063,2.055,2.061,133903.2
2026-06-23 04:40:00,2.061,2.062,2.027,2.028,777890.1
2026-06-23 04:45:00,2.028,2.034,2.027,2.033,56113.1
2026-06-23 04:50:00,2.033,2.033,2.029,2.029,41746.0
2026-06-23 04:55:00,2.028,2.03,2.024,2.025,183038.1
2026-06-23 05:00:00,2.025,2.033,2.025,2.033,26586.0
2026-06-23 05:05:00,2.034,2.037,2.029,2.032,35008.3
2026-06-23 05:10:00,2.032,2.038,2.032,2.034,21654.5
2026-06-23 05:15:00,2.034,2.039,2.031,2.035,32996.3
2026-06-23 05:20:00,2.035,2.037,2.031,2.032,17692.5
2026-06-23 05:25:00,2.032,2.033,2.029,2.032,19978.9
2026-06-23 05:30:00,2.033,2.034,2.025,2.027,76986.9
2026-06-23 05:35:00,2.027,2.03,2.023,2.028,35247.8
2026-06-23 05:40:00,2.028,2.031,2.026,2.031,59706.2
2026-06-23 05:45:00,2.03,2.03,2.025,2.026,74413.2
2026-06-23 05:50:00,2.027,2.03,2.023,2.025,52428.8
2026-06-23 05:55:00,2.026,2.029,2.025,2.028,25854.1
2026-06-23 06:00:00,2.028,2.028,2.022,2.024,51812.1
2026-06-23 06:05:00,2.024,2.025,2.011,2.019,85707.0
2026-06-23 06:10:00,2.019,2.024,1.999,2.02,611683.5
2026-06-23 06:15:00,2.02,2.031,2.019,2.022,136802.4
2026-06-23 06:20:00,2.022,2.024,2.004,2.012,353559.0
2026-06-23 06:25:00,2.012,2.022,2.012,2.02,168221.9
2026-06-23 06:30:00,2.02,2.025,2.011,2.024,140950.7
2026-06-23 06:35:00,2.024,2.031,2.024,2.031,49373.3
2026-06-23 06:40:00,2.031,2.033,2.026,2.026,76346.9
2026-06-23 06:45:00,2.027,2.035,2.027,2.028,63576.6
2026-06-23 06:50:00,2.028,2.031,2.025,2.028,28261.8
2026-06-23 06:55:00,2.028,2.029,2.022,2.023,36772.2
2026-06-23 07:00:00,2.023,2.029,2.023,2.026,35465.9
2026-06-23 07:05:00,2.025,2.031,2.025,2.03,20598.9
2026-06-23 07:10:00,2.031,2.034,2.026,2.029,35085.9
2026-06-23 07:15:00,2.029,2.032,2.023,2.027,21734.2
2026-06-23 07:20:00,2.027,2.03,2.024,2.024,31970.5
2026-06-23 07:25:00,2.024,2.026,2.023,2.024,13358.1
2026-06-23 07:30:00,2.024,2.029,2.014,2.017,124322.5
2026-06-23 07:35:00,2.017,2.022,2.009,2.02,93195.2
2026-06-23 07:40:00,2.02,2.022,2.016,2.017,19261.2
2026-06-23 07:45:00,2.018,2.024,2.018,2.022,40170.8
2026-06-23 07:50:00,2.021,2.021,2.017,2.019,16677.7
2026-06-23 07:55:00,2.02,2.023,2.016,2.018,28591.1
2026-06-23 08:00:00,2.018,2.019,2.014,2.015,42610.8
2026-06-23 08:05:00,2.015,2.021,2.014,2.02,14083.8
2026-06-23 08:10:00,2.019,2.023,2.016,2.017,36512.4
2026-06-23 08:15:00,2.017,2.017,1.986,1.987,436924.4
2026-06-23 08:20:00,1.986,1.995,1.971,1.975,417084.3
2026-06-23 08:25:00,1.974,1.986,1.962,1.973,233838.7
2026-06-23 08:30:00,1.973,1.991,1.972,1.987,104533.3
2026-06-23 08:35:00,1.987,1.99,1.984,1.987,50112.3
2026-06-23 08:40:00,1.987,1.991,1.986,1.987,86411.6
2026-06-23 08:45:00,1.986,1.986,1.975,1.975,89740.4
2026-06-23 08:50:00,1.975,1.986,1.975,1.984,40265.4
2026-06-23 08:55:00,1.985,1.987,1.98,1.982,26826.6
2026-06-23 09:00:00,1.982,1.988,1.981,1.986,35119.7
2026-06-23 09:05:00,1.986,1.99,1.982,1.984,58800.6
2026-06-23 09:10:00,1.984,1.989,1.983,1.987,71726.9
2026-06-23 09:15:00,1.987,1.993,1.987,1.988,73253.9
2026-06-23 09:20:00,1.989,1.993,1.987,1.991,31285.2
2026-06-23 09:25:00,1.992,1.995,1.989,1.993,57048.0
2026-06-23 09:30:00,1.994,1.995,1.989,1.992,34429.9
2026-06-23 09:35:00,1.991,1.995,1.99,1.99,31381.3
2026-06-23 09:40:00,1.991,1.991,1.986,1.989,26964.0
2026-06-23 09:45:00,1.988,1.993,1.977,1.992,291767.3
2026-06-23 09:50:00,1.992,1.994,1.992,1.993,18496.7
2026-06-23 09:55:00,1.993,1.995,1.989,1.991,78836.7
2026-06-23 10:00:00,1.991,2.003,1.991,2.0,45024.9
2026-06-23 10:05:00,1.999,2.002,1.997,1.999,38779.7
2026-06-23 10:10:00,1.998,1.998,1.995,1.996,13917.3
2026-06-23 10:15:00,1.996,2.0,1.992,1.999,60793.8
2026-06-23 10:20:00,1.998,2.001,1.992,1.992,12169.7
2026-06-23 10:25:00,1.993,1.995,1.993,1.993,38190.9
2026-06-23 10:30:00,1.993,1.996,1.984,1.987,45974.1
2026-06-23 10:35:00,1.986,1.99,1.985,1.985,32908.9
2026-06-23 10:40:00,1.986,1.986,1.977,1.982,72622.0
2026-06-23 10:45:00,1.981,1.987,1.98,1.984,25409.0
2026-06-23 10:50:00,1.984,1.986,1.981,1.984,25265.8
2026-06-23 10:55:00,1.984,1.99,1.984,1.987,10867.5
2026-06-23 11:00:00,1.987,1.994,1.987,1.992,29203.0
2026-06-23 11:05:00,1.992,1.996,1.992,1.994,21920.0
2026-06-23 11:10:00,1.993,1.999,1.993,1.996,63746.1
2026-06-23 11:15:00,1.996,1.999,1.994,1.994,32846.7
2026-06-23 11:20:00,1.994,2.006,1.992,2.001,179072.9
2026-06-23 11:25:00,2.001,2.004,1.998,2.004,20387.0
2026-06-23 11:30:00,2.004,2.012,2.004,2.007,62514.5
2026-06-23 11:35:00,2.007,2.013,2.006,2.011,55443.0
2026-06-23 11:40:00,2.011,2.013,2.01,2.012,11136.6
2026-06-23 11:45:00,2.012,2.015,2.003,2.004,25011.5
2026-06-23 11:50:00,2.004,2.008,2.003,2.008,28733.9
2026-06-23 11:55:00,2.007,2.012,2.007,2.011,8505.4
2026-06-23 12:00:00,2.011,2.013,2.008,2.009,24131.1
2026-06-23 12:05:00,2.009,2.01,2.004,2.005,21836.5
2026-06-23 12:10:00,2.006,2.006,1.998,1.999,34999.4
2026-06-23 12:15:00,1.999,2.001,1.998,1.999,13508.4
2026-06-23 12:20:00,1.999,2.001,1.998,2.0,10567.4
2026-06-23 12:25:00,2.0,2.001,1.997,2.001,13611.5
2026-06-23 12:30:00,2.001,2.006,1.999,1.999,23395.4
2026-06-23 12:35:00,1.998,2.003,1.998,1.999,15734.0
2026-06-23 12:40:00,2.0,2.002,1.998,2.001,27918.0
2026-06-23 12:45:00,2.0,2.002,1.997,2.001,17258.6
2026-06-23 12:50:00,2.0,2.005,1.994,2.004,151312.4
2026-06-23 12:55:00,2.004,2.007,1.999,2.003,43620.4
2026-06-23 13:00:00,2.004,2.004,1.995,1.997,39713.5
2026-06-23 13:05:00,1.998,1.998,1.992,1.995,43494.9
2026-06-23 13:10:00,1.995,2.0,1.994,1.998,165494.9
2026-06-23 13:15:00,1.997,1.997,1.993,1.995,67118.0
2026-06-23 13:20:00,1.995,1.997,1.993,1.994,30752.7
2026-06-23 13:25:00,1.993,1.993,1.988,1.989,56093.1
2026-06-23 13:30:00,1.988,2.007,1.983,2.001,549881.1
2026-06-23 13:35:00,2.0,2.001,1.986,1.991,88359.5
2026-06-23 13:40:00,1.991,1.997,1.983,1.991,115702.4
2026-06-23 13:45:00,1.99,1.997,1.982,1.988,61148.9
2026-06-23 13:50:00,1.988,1.997,1.988,1.991,41727.2
2026-06-23 13:55:00,1.991,1.998,1.988,1.997,28344.7
2026-06-23 14:00:00,1.997,2.002,1.994,1.997,203181.8
2026-06-23 14:05:00,1.996,2.001,1.99,1.999,53418.4
2026-06-23 14:10:00,1.999,2.006,1.991,2.005,240537.9
2026-06-23 14:15:00,2.005,2.009,2.0,2.005,179877.5
2026-06-23 14:20:00,2.005,2.006,1.995,1.997,37119.2
2026-06-23 14:25:00,1.997,2.004,1.995,2.002,32077.8
2026-06-23 14:30:00,2.002,2.005,1.994,1.998,34228.1
2026-06-23 14:35:00,1.998,2.006,1.995,1.998,39651.7
2026-06-23 14:40:00,1.999,2.002,1.996,1.996,21803.5
2026-06-23 14:45:00,1.996,1.997,1.992,1.994,15760.1
2026-06-23 14:50:00,1.995,1.997,1.992,1.995,20188.6
2026-06-23 14:55:00,1.995,1.995,1.988,1.99,54478.4
2026-06-23 15:00:00,1.99,1.994,1.988,1.992,35988.6
2026-06-23 15:05:00,1.992,1.993,1.979,1.98,99856.0
2026-06-23 15:10:00,1.981,1.984,1.972,1.978,174808.6
2026-06-23 15:15:00,1.978,1.979,1.967,1.977,111869.1
2026-06-23 15:20:00,1.977,1.979,1.97,1.971,22354.8
2026-06-23 15:25:00,1.972,1.98,1.971,1.976,28335.4
2026-06-23 15:30:00,1.977,1.988,1.977,1.984,54037.8
2026-06-23 15:35:00,1.984,1.988,1.978,1.981,82453.8
2026-06-23 15:40:00,1.98,1.982,1.978,1.98,21077.3
2026-06-23 15:45:00,1.98,1.98,1.974,1.974,50017.4
2026-06-23 15:50:00,1.974,1.976,1.973,1.975,48296.1
2026-06-23 15:55:00,1.974,1.98,1.973,1.98,32724.9
2026-06-23 16:00:00,1.979,1.985,1.979,1.981,19701.4
2026-06-23 16:05:00,1.981,1.998,1.981,1.995,132834.8
2026-06-23 16:10:00,1.995,1.999,1.992,1.996,49594.1
2026-06-23 16:15:00,1.995,2.004,1.99,2.002,47663.6
2026-06-23 16:20:00,2.003,2.007,1.999,1.999,87341.3
2026-06-23 16:25:00,1.999,2.0,1.989,1.994,34355.1
2026-06-23 16:30:00,1.993,1.995,1.991,1.991,15658.1
2026-06-23 16:35:00,1.992,1.994,1.985,1.987,41019.8
2026-06-23 16:40:00,1.987,1.989,1.983,1.984,22741.5
2026-06-23 16:45:00,1.985,1.985,1.98,1.981,28892.3
2026-06-23 16:50:00,1.981,1.981,1.971,1.974,92730.5
2026-06-23 16:55:00,1.975,1.977,1.973,1.976,33946.6
2026-06-23 17:00:00,1.975,1.976,1.97,1.973,78823.2
2026-06-23 17:05:00,1.973,1.974,1.965,1.968,95306.6
2026-06-23 17:10:00,1.969,1.974,1.967,1.969,32050.8
2026-06-23 17:15:00,1.969,1.975,1.969,1.974,26124.4
2026-06-23 17:20:00,1.974,1.977,1.972,1.976,35063.4
2026-06-23 17:25:00,1.976,1.979,1.976,1.976,35709.5
2026-06-23 17:30:00,1.976,1.978,1.969,1.973,68374.7
2026-06-23 17:35:00,1.972,1.978,1.972,1.975,44655.5
2026-06-23 17:40:00,1.974,1.975,1.968,1.972,42097.3
2026-06-23 17:45:00,1.971,1.972,1.967,1.97,19722.6
2026-06-23 17:50:00,1.97,1.97,1.966,1.968,52658.6
2026-06-23 17:55:00,1.967,1.972,1.967,1.972,58036.7
2026-06-23 18:00:00,1.972,1.973,1.968,1.968,34338.7
2026-06-23 18:05:00,1.968,1.973,1.965,1.971,82439.8
2026-06-23 18:10:00,1.972,1.978,1.971,1.976,38980.4
2026-06-23 18:15:00,1.977,1.981,1.975,1.979,29022.9
2026-06-23 18:20:00,1.979,1.98,1.975,1.977,36422.1
2026-06-23 18:25:00,1.978,1.979,1.972,1.975,80782.2
2026-06-23 18:30:00,1.975,1.976,1.972,1.972,13098.4
2026-06-23 18:35:00,1.973,1.974,1.971,1.972,10501.6
2026-06-23 18:40:00,1.973,1.973,1.964,1.965,59663.0
2026-06-23 18:45:00,1.965,1.968,1.964,1.967,22658.5
2026-06-23 18:50:00,1.968,1.979,1.968,1.979,31312.5
2026-06-23 18:55:00,1.979,1.98,1.976,1.979,14295.2
2026-06-23 19:00:00,1.978,1.989,1.978,1.987,31501.2
2026-06-23 19:05:00,1.987,1.991,1.983,1.987,42295.2
2026-06-23 19:10:00,1.988,1.989,1.983,1.984,32539.6
2026-06-23 19:15:00,1.983,1.985,1.98,1.981,22104.8
2026-06-23 19:20:00,1.981,1.983,1.977,1.981,40599.2
2026-06-23 19:25:00,1.98,1.988,1.979,1.988,10678.3
2026-06-23 19:30:00,1.988,1.991,1.984,1.987,54200.9
2026-06-23 19:35:00,1.987,1.989,1.981,1.982,37918.4
2026-06-23 19:40:00,1.982,1.982,1.978,1.979,35972.6
2026-06-23 19:45:00,1.978,1.979,1.977,1.978,49476.9
2026-06-23 19:50:00,1.977,1.986,1.977,1.986,51169.0
2026-06-23 19:55:00,1.985,1.985,1.98,1.981,31030.5
2026-06-23 20:00:00,1.981,1.992,1.98,1.988,61053.0
2026-06-23 20:05:00,1.988,1.996,1.988,1.996,46571.7
2026-06-23 20:10:00,1.996,1.997,1.991,1.991,39837.9
2026-06-23 20:15:00,1.992,1.996,1.991,1.996,38961.8
2026-06-23 20:20:00,1.996,1.997,1.993,1.994,8955.4
2026-06-23 20:25:00,1.994,1.995,1.991,1.994,17599.5
2026-06-23 20:30:00,1.994,1.996,1.993,1.993,24783.7
2026-06-23 20:35:00,1.993,1.995,1.992,1.995,12622.7
2026-06-23 20:40:00,1.995,1.997,1.994,1.994,20001.3
2026-06-23 20:45:00,1.994,1.994,1.99,1.99,20098.4
2026-06-23 20:50:00,1.99,1.993,1.987,1.99,9389.0
2026-06-23 20:55:00,1.99,1.997,1.99,1.996,12572.1
2026-06-23 21:00:00,1.996,2.002,1.995,1.997,30328.1
2026-06-23 21:05:00,1.996,1.998,1.995,1.995,11598.3
2026-06-23 21:10:00,1.995,1.998,1.994,1.996,34252.6
2026-06-23 21:15:00,1.997,1.998,1.995,1.996,13421.3
2026-06-23 21:20:00,1.995,2.0,1.994,1.999,10961.5
2026-06-23 21:25:00,1.999,1.999,1.996,1.998,13976.7
2026-06-23 21:30:00,1.997,2.0,1.996,1.999,6182.7
2026-06-23 21:35:00,1.999,1.999,1.996,1.997,7593.5
2026-06-23 21:40:00,1.997,2.0,1.996,1.997,13093.9
2026-06-23 21:45:00,1.998,1.998,1.996,1.996,1392.9
2026-06-23 21:50:00,1.996,1.997,1.992,1.992,17568.9
2026-06-23 21:55:00,1.992,1.992,1.989,1.99,6490.0
2026-06-23 22:00:00,1.99,1.995,1.988,1.993,29717.5
2026-06-23 22:05:00,1.993,1.999,1.993,1.997,31290.0
2026-06-23 22:10:00,1.997,1.999,1.994,1.998,34621.3
2026-06-23 22:15:00,1.999,2.002,1.997,1.997,32362.6
2026-06-23 22:20:00,1.997,1.998,1.992,1.993,20014.6
2026-06-23 22:25:00,1.994,1.994,1.989,1.99,14297.8
2026-06-23 22:30:00,1.99,1.992,1.988,1.988,7642.6
2026-06-23 22:35:00,1.988,1.988,1.983,1.983,52232.8
2026-06-23 22:40:00,1.983,1.984,1.98,1.983,18567.5
2026-06-23 22:45:00,1.983,1.984,1.981,1.982,3430.5
2026-06-23 22:50:00,1.982,1.984,1.981,1.983,23229.6
2026-06-23 22:55:00,1.982,1.985,1.981,1.983,10681.2
2026-06-23 23:00:00,1.982,1.982,1.975,1.977,25173.7
2026-06-23 23:05:00,1.977,1.977,1.974,1.974,23783.4
2026-06-23 23:10:00,1.975,1.979,1.975,1.977,20666.8
2026-06-23 23:15:00,1.977,1.979,1.976,1.979,5531.5
2026-06-23 23:20:00,1.979,1.981,1.977,1.981,8902.5
2026-06-23 23:25:00,1.981,1.982,1.969,1.973,291409.2
2026-06-23 23:30:00,1.974,1.977,1.974,1.975,11878.6
2026-06-23 23:35:00,1.975,1.976,1.973,1.973,19267.4
2026-06-23 23:40:00,1.973,1.975,1.972,1.974,16231.2
2026-06-23 23:45:00,1.974,1.985,1.973,1.982,62168.7
2026-06-23 23:50:00,1.981,1.983,1.981,1.981,14639.3
2026-06-23 23:55:00,1.982,1.983,1.98,1.982,16499.5
2026-06-24 00:00:00,1.982,1.991,1.982,1.988,60269.3
2026-06-24 00:05:00,1.988,1.996,1.987,1.991,69901.4
2026-06-24 00:10:00,1.99,1.992,1.987,1.991,60893.6
2026-06-24 00:15:00,1.991,1.993,1.989,1.991,7647.1
2026-06-24 00:20:00,1.99,1.992,1.987,1.988,31492.7
2026-06-24 00:25:00,1.988,1.994,1.988,1.993,20968.3
2026-06-24 00:30:00,1.993,1.995,1.991,1.993,20309.9
2026-06-24 00:35:00,1.993,1.996,1.99,1.996,62692.2
2026-06-24 00:40:00,1.995,1.998,1.993,1.996,37481.6
2026-06-24 00:45:00,1.995,1.997,1.993,1.993,11537.0
2026-06-24 00:50:00,1.993,1.994,1.991,1.991,14942.5
2026-06-24 00:55:00,1.991,1.993,1.988,1.993,22895.8
2026-06-24 01:00:00,1.992,1.993,1.986,1.986,19601.8
2026-06-24 01:05:00,1.985,1.986,1.978,1.981,46574.2
2026-06-24 01:10:00,1.982,1.99,1.982,1.989,15726.8
2026-06-24 01:15:00,1.988,1.989,1.982,1.983,13855.2
2026-06-24 01:20:00,1.983,1.992,1.983,1.991,12038.4
2026-06-24 01:25:00,1.992,1.993,1.989,1.991,4650.6
2026-06-24 01:30:00,1.992,2.003,1.992,2.002,86668.1
2026-06-24 01:35:00,2.002,2.005,2.0,2.001,18776.3
2026-06-24 01:40:00,2.001,2.001,1.994,1.996,23602.2
2026-06-24 01:45:00,1.996,1.998,1.994,1.995,25498.2
2026-06-24 01:50:00,1.995,1.998,1.995,1.997,7468.0
2026-06-24 01:55:00,1.996,1.997,1.993,1.994,21651.0
2026-06-24 02:00:00,1.994,1.996,1.987,1.987,18482.7
2026-06-24 02:05:00,1.987,1.987,1.981,1.986,37878.9
2026-06-24 02:10:00,1.985,1.989,1.985,1.987,9917.9
2026-06-24 02:15:00,1.987,1.987,1.981,1.982,8514.8
2026-06-24 02:20:00,1.981,1.983,1.976,1.978,20339.5
2026-06-24 02:25:00,1.978,1.98,1.975,1.975,84740.9
2026-06-24 02:30:00,1.975,1.975,1.972,1.972,33689.6
2026-06-24 02:35:00,1.972,1.974,1.968,1.97,49880.8
2026-06-24 02:40:00,1.97,1.978,1.97,1.976,15571.1
2026-06-24 02:45:00,1.976,1.978,1.974,1.976,18298.7
2026-06-24 02:50:00,1.976,1.976,1.967,1.967,35284.4
2026-06-24 02:55:00,1.967,1.973,1.967,1.97,13026.4
2026-06-24 03:00:00,1.971,1.972,1.968,1.969,15776.2
2026-06-24 03:05:00,1.97,1.973,1.968,1.97,12500.0
2026-06-24 03:10:00,1.97,1.972,1.967,1.967,18348.0
2026-06-24 03:15:00,1.966,1.966,1.957,1.958,108835.4
2026-06-24 03:20:00,1.958,1.965,1.956,1.963,24498.3
2026-06-24 03:25:00,1.964,1.967,1.962,1.967,23794.3
2026-06-24 03:30:00,1.967,1.975,1.967,1.969,41689.6
2026-06-24 03:35:00,1.97,1.975,1.97,1.973,15326.9
2026-06-24 03:40:00,1.972,1.974,1.972,1.972,4440.7
2026-06-24 03:45:00,1.973,1.975,1.971,1.974,14727.8
2026-06-24 03:50:00,1.974,1.976,1.971,1.972,10363.5
2026-06-24 03:55:00,1.973,1.973,1.969,1.97,9415.6
2026-06-24 04:00:00,1.97,1.971,1.965,1.965,13198.4
2026-06-24 04:05:00,1.966,1.967,1.963,1.964,26275.9
2026-06-24 04:10:00,1.964,1.965,1.96,1.961,42455.6
2026-06-24 04:15:00,1.962,1.964,1.958,1.96,22337.2
2026-06-24 04:20:00,1.96,1.96,1.951,1.951,45374.3
2026-06-24 04:25:00,1.951,1.958,1.949,1.956,151725.5
2026-06-24 04:30:00,1.956,1.966,1.955,1.965,36859.3
2026-06-24 04:35:00,1.965,1.968,1.961,1.961,55918.7
2026-06-24 04:40:00,1.961,1.963,1.96,1.961,16794.3
2026-06-24 04:45:00,1.962,1.974,1.962,1.971,92309.4
2026-06-24 04:50:00,1.971,1.973,1.968,1.969,5777.9
2026-06-24 04:55:00,1.968,1.972,1.968,1.968,12187.0
2026-06-24 05:00:00,1.968,1.971,1.967,1.969,9039.1
2026-06-24 05:05:00,1.968,1.972,1.967,1.972,9458.0
2026-06-24 05:10:00,1.972,1.976,1.971,1.974,9448.2
2026-06-24 05:15:00,1.975,1.981,1.975,1.979,21246.7
2026-06-24 05:20:00,1.978,1.981,1.976,1.98,25669.7
2026-06-24 05:25:00,1.98,1.984,1.98,1.981,32301.8
2026-06-24 05:30:00,1.981,1.986,1.98,1.981,13346.3
2026-06-24 05:35:00,1.982,1.99,1.982,1.988,31019.3
2026-06-24 05:40:00,1.987,1.991,1.984,1.986,69831.4
2026-06-24 05:45:00,1.986,1.989,1.981,1.981,47537.2
2026-06-24 05:50:00,1.981,1.985,1.979,1.983,26322.4
2026-06-24 05:55:00,1.984,1.986,1.984,1.986,15099.5
2026-06-24 06:00:00,1.986,1.987,1.979,1.979,45187.2
2026-06-24 06:05:00,1.979,1.983,1.979,1.983,4481.1
2026-06-24 06:10:00,1.983,1.986,1.977,1.98,7168.8
2026-06-24 06:15:00,1.979,1.979,1.975,1.979,86848.7
2026-06-24 06:20:00,1.979,1.982,1.977,1.981,11346.4
2026-06-24 06:25:00,1.981,1.986,1.979,1.981,19141.1
2026-06-24 06:30:00,1.982,1.983,1.981,1.983,7075.1
2026-06-24 06:35:00,1.983,1.984,1.98,1.981,35993.6
2026-06-24 06:40:00,1.982,1.982,1.978,1.978,14883.1
2026-06-24 06:45:00,1.977,1.98,1.975,1.978,38789.5
2026-06-24 06:50:00,1.978,1.98,1.977,1.98,4782.7
2026-06-24 06:55:00,1.979,1.979,1.977,1.977,9182.2
2026-06-24 07:00:00,1.978,1.978,1.974,1.977,46161.6
2026-06-24 07:05:00,1.978,1.978,1.971,1.972,40718.7
2026-06-24 07:10:00,1.972,1.975,1.972,1.973,20818.2
2026-06-24 07:15:00,1.974,1.976,1.97,1.975,12887.3
2026-06-24 07:20:00,1.975,1.976,1.972,1.973,8535.2
2026-06-24 07:25:00,1.972,1.972,1.968,1.969,4746.3
2026-06-24 07:30:00,1.968,1.97,1.967,1.969,19697.7
2026-06-24 07:35:00,1.97,1.97,1.96,1.962,42138.5
2026-06-24 07:40:00,1.962,1.962,1.957,1.959,33812.3
2026-06-24 07:45:00,1.959,1.962,1.954,1.955,91674.1
2026-06-24 07:50:00,1.955,1.956,1.951,1.955,55722.6
2026-06-24 07:55:00,1.956,1.958,1.955,1.956,22667.6
2026-06-24 08:00:00,1.956,1.96,1.955,1.959,39140.7
2026-06-24 08:05:00,1.959,1.961,1.957,1.958,52828.9
2026-06-24 08:10:00,1.959,1.96,1.956,1.96,18533.1
2026-06-24 08:15:00,1.959,1.96,1.956,1.958,15902.2
2026-06-24 08:20:00,1.958,1.961,1.957,1.958,30595.7
2026-06-24 08:25:00,1.957,1.96,1.957,1.959,12037.8
2026-06-24 08:30:00,1.959,1.959,1.952,1.953,163531.7
2026-06-24 08:35:00,1.953,1.956,1.951,1.956,28042.6
2026-06-24 08:40:00,1.956,1.963,1.956,1.963,25168.9
2026-06-24 08:45:00,1.963,1.963,1.954,1.955,22898.9
2026-06-24 08:50:00,1.956,1.958,1.955,1.957,4399.4
2026-06-24 08:55:00,1.957,1.959,1.956,1.958,7194.4
2026-06-24 09:00:00,1.957,1.958,1.952,1.955,12483.7
2026-06-24 09:05:00,1.955,1.958,1.954,1.957,13409.7
2026-06-24 09:10:00,1.957,1.957,1.954,1.955,10226.9
2026-06-24 09:15:00,1.954,1.955,1.951,1.953,16465.7
2026-06-24 09:20:00,1.953,1.954,1.952,1.953,15886.6
2026-06-24 09:25:00,1.953,1.955,1.952,1.952,12025.7
2026-06-24 09:30:00,1.952,1.955,1.951,1.955,13510.1
2026-06-24 09:35:00,1.954,1.955,1.953,1.953,11366.2
2026-06-24 09:40:00,1.953,1.954,1.948,1.95,12542.9
2026-06-24 09:45:00,1.95,1.956,1.946,1.954,27152.3
2026-06-24 09:50:00,1.954,1.957,1.953,1.954,43330.4
2026-06-24 09:55:00,1.955,1.956,1.953,1.954,6390.5
2026-06-24 10:00:00,1.954,1.954,1.951,1.953,19562.0
2026-06-24 10:05:00,1.953,1.964,1.952,1.96,296622.5
2026-06-24 10:10:00,1.961,1.961,1.956,1.959,13262.2
2026-06-24 10:15:00,1.958,1.959,1.953,1.953,9884.5
2026-06-24 10:20:00,1.954,1.957,1.95,1.954,37465.6
2026-06-24 10:25:00,1.954,1.957,1.953,1.955,4662.0
2026-06-24 10:30:00,1.955,1.958,1.953,1.957,16263.8
2026-06-24 10:35:00,1.956,1.96,1.954,1.959,16608.4
2026-06-24 10:40:00,1.96,1.96,1.957,1.96,20557.4
2026-06-24 10:45:00,1.96,1.96,1.957,1.958,11879.5
2026-06-24 10:50:00,1.957,1.957,1.954,1.955,16197.2
2026-06-24 10:55:00,1.954,1.956,1.952,1.953,28810.9
2026-06-24 11:00:00,1.953,1.956,1.953,1.954,17079.1
2026-06-24 11:05:00,1.954,1.955,1.938,1.939,113651.2
2026-06-24 11:10:00,1.939,1.943,1.939,1.941,43228.9
2026-06-24 11:15:00,1.941,1.944,1.939,1.941,41867.5
2026-06-24 11:20:00,1.94,1.949,1.94,1.949,22983.3
2026-06-24 11:25:00,1.948,1.948,1.943,1.943,8441.1
2026-06-24 11:30:00,1.943,1.948,1.943,1.946,21146.1
2026-06-24 11:35:00,1.946,1.957,1.946,1.954,45914.5
2026-06-24 11:40:00,1.954,1.958,1.952,1.957,24286.7
2026-06-24 11:45:00,1.957,1.984,1.956,1.98,86082.4
2026-06-24 11:50:00,1.98,1.98,1.972,1.976,51886.3
2026-06-24 11:55:00,1.975,1.975,1.971,1.974,29931.1
2026-06-24 12:00:00,1.974,1.974,1.968,1.973,28956.8
2026-06-24 12:05:00,1.973,1.976,1.969,1.976,48079.3
2026-06-24 12:10:00,1.975,1.979,1.972,1.978,27877.2
2026-06-24 12:15:00,1.978,1.98,1.975,1.976,16577.9
2026-06-24 12:20:00,1.976,1.976,1.97,1.971,44872.9
2026-06-24 12:25:00,1.97,1.98,1.968,1.978,39947.5
2026-06-24 12:30:00,1.978,1.981,1.974,1.978,85173.3
2026-06-24 12:35:00,1.977,1.979,1.974,1.976,42458.2
2026-06-24 12:40:00,1.975,1.976,1.97,1.971,13793.9
2026-06-24 12:45:00,1.971,1.973,1.968,1.97,17064.0
2026-06-24 12:50:00,1.97,1.971,1.966,1.968,22934.0
2026-06-24 12:55:00,1.968,1.968,1.962,1.963,41817.1
2026-06-24 13:00:00,1.964,1.965,1.957,1.957,44316.3
2026-06-24 13:05:00,1.957,1.96,1.949,1.952,60038.5
2026-06-24 13:10:00,1.953,1.953,1.941,1.943,86076.5
2026-06-24 13:15:00,1.943,1.95,1.941,1.949,65453.1
2026-06-24 13:20:00,1.949,1.95,1.915,1.931,408732.5
2026-06-24 13:25:00,1.93,1.937,1.928,1.931,66544.5
2026-06-24 13:30:00,1.931,1.951,1.921,1.944,358759.2
2026-06-24 13:35:00,1.943,1.949,1.937,1.939,49868.0
2026-06-24 13:40:00,1.939,1.94,1.928,1.933,113229.6
2026-06-24 13:45:00,1.933,1.944,1.928,1.941,260968.3
2026-06-24 13:50:00,1.94,1.946,1.94,1.944,61486.6
2026-06-24 13:55:00,1.943,1.944,1.937,1.94,65861.8
2026-06-24 14:00:00,1.939,1.941,1.931,1.938,56599.6
2026-06-24 14:05:00,1.938,1.951,1.938,1.945,210792.3
2026-06-24 14:10:00,1.945,1.948,1.941,1.945,101089.9
2026-06-24 14:15:00,1.945,1.946,1.932,1.933,107731.7
2026-06-24 14:20:00,1.933,1.941,1.927,1.941,189895.9
2026-06-24 14:25:00,1.941,1.944,1.933,1.936,50912.8
2026-06-24 14:30:00,1.936,1.948,1.936,1.945,80731.0
2026-06-24 14:35:00,1.944,1.949,1.937,1.937,39297.5
2026-06-24 14:40:00,1.937,1.943,1.934,1.942,51576.4
2026-06-24 14:45:00,1.943,1.943,1.935,1.936,53017.2
2026-06-24 14:50:00,1.937,1.94,1.934,1.936,14652.8
2026-06-24 14:55:00,1.936,1.94,1.934,1.938,29292.0
2026-06-24 15:00:00,1.939,1.939,1.927,1.928,88626.9
2026-06-24 15:05:00,1.927,1.929,1.924,1.927,65164.9
2026-06-24 15:10:00,1.928,1.928,1.916,1.918,70528.0
2026-06-24 15:15:00,1.918,1.926,1.917,1.924,57956.8
2026-06-24 15:20:00,1.925,1.93,1.92,1.92,71118.6
2026-06-24 15:25:00,1.921,1.929,1.92,1.925,30074.4
2026-06-24 15:30:00,1.926,1.926,1.917,1.921,55170.5
2026-06-24 15:35:00,1.921,1.921,1.912,1.919,90830.2
2026-06-24 15:40:00,1.919,1.922,1.908,1.909,102744.5
2026-06-24 15:45:00,1.91,1.91,1.895,1.906,252209.5
2026-06-24 15:50:00,1.906,1.917,1.906,1.912,109240.3
2026-06-24 15:55:00,1.912,1.916,1.909,1.914,48873.9
2026-06-24 16:00:00,1.914,1.919,1.911,1.912,65976.7
2026-06-24 16:05:00,1.912,1.92,1.912,1.92,58930.5
2026-06-24 16:10:00,1.92,1.93,1.92,1.926,50524.2
2026-06-24 16:15:00,1.927,1.932,1.927,1.927,43288.9
2026-06-24 16:20:00,1.927,1.928,1.914,1.921,82964.3
2026-06-24 16:25:00,1.921,1.921,1.91,1.911,85534.7
2026-06-24 16:30:00,1.912,1.912,1.906,1.91,27245.8
2026-06-24 16:35:00,1.91,1.912,1.901,1.902,33795.8
2026-06-24 16:40:00,1.902,1.907,1.896,1.905,128958.2
2026-06-24 16:45:00,1.905,1.906,1.896,1.899,150753.0
2026-06-24 16:50:00,1.898,1.901,1.87,1.883,894389.4
2026-06-24 16:55:00,1.883,1.89,1.88,1.887,172552.6
2026-06-24 17:00:00,1.888,1.898,1.887,1.895,136214.6
2026-06-24 17:05:00,1.895,1.895,1.881,1.887,78943.5
2026-06-24 17:10:00,1.887,1.891,1.884,1.888,315629.9
2026-06-24 17:15:00,1.889,1.893,1.884,1.884,267571.4
2026-06-24 17:20:00,1.885,1.887,1.864,1.868,742885.2
2026-06-24 17:25:00,1.868,1.879,1.864,1.877,168684.9
2026-06-24 17:30:00,1.876,1.886,1.872,1.886,130938.2
2026-06-24 17:35:00,1.885,1.885,1.874,1.876,77209.4
2026-06-24 17:40:00,1.876,1.879,1.871,1.873,102971.2
2026-06-24 17:45:00,1.874,1.881,1.869,1.878,131044.1
2026-06-24 17:50:00,1.878,1.881,1.868,1.868,108487.9
2026-06-24 17:55:00,1.868,1.872,1.861,1.871,48049.7
2026-06-24 18:00:00,1.872,1.875,1.867,1.87,89381.9
2026-06-24 18:05:00,1.87,1.881,1.86,1.881,216291.6
2026-06-24 18:10:00,1.882,1.889,1.88,1.886,67591.6
2026-06-24 18:15:00,1.887,1.901,1.887,1.901,90249.5
2026-06-24 18:20:00,1.9,1.913,1.9,1.912,115201.2
2026-06-24 18:25:00,1.912,1.922,1.909,1.91,107925.1
2026-06-24 18:30:00,1.909,1.916,1.908,1.912,39419.7
2026-06-24 18:35:00,1.912,1.912,1.903,1.905,20386.6
2026-06-24 18:40:00,1.905,1.905,1.899,1.9,33724.4
2026-06-24 18:45:00,1.9,1.902,1.893,1.895,45141.9
2026-06-24 18:50:00,1.895,1.897,1.892,1.897,57268.7
2026-06-24 18:55:00,1.897,1.904,1.896,1.903,51427.8
2026-06-24 19:00:00,1.904,1.905,1.901,1.901,23395.7
2026-06-24 19:05:00,1.9,1.904,1.895,1.899,58132.6
2026-06-24 19:10:00,1.898,1.898,1.887,1.89,66120.6
2026-06-24 19:15:00,1.889,1.9,1.886,1.9,35292.4
2026-06-24 19:20:00,1.9,1.902,1.896,1.902,21511.8
2026-06-24 19:25:00,1.903,1.908,1.902,1.906,44686.0
2026-06-24 19:30:00,1.905,1.905,1.896,1.901,37472.3
2026-06-24 19:35:00,1.901,1.906,1.9,1.903,18133.9
2026-06-24 19:40:00,1.904,1.907,1.895,1.897,37055.2
2026-06-24 19:45:00,1.897,1.898,1.895,1.897,10505.4
2026-06-24 19:50:00,1.897,1.905,1.893,1.905,97084.8
2026-06-24 19:55:00,1.904,1.907,1.901,1.907,31235.4
2026-06-24 20:00:00,1.907,1.935,1.902,1.924,235294.6
2026-06-24 20:05:00,1.924,1.943,1.924,1.941,168827.2
2026-06-24 20:10:00,1.94,1.945,1.936,1.94,92132.7
2026-06-24 20:15:00,1.939,1.942,1.935,1.941,42614.0
2026-06-24 20:20:00,1.941,1.949,1.94,1.944,51752.3
2026-06-24 20:25:00,1.943,1.948,1.941,1.945,67710.5
2026-06-24 20:30:00,1.945,1.952,1.942,1.948,106528.5
2026-06-24 20:35:00,1.947,1.948,1.943,1.944,43916.2
2026-06-24 20:40:00,1.945,1.946,1.942,1.943,25306.4
2026-06-24 20:45:00,1.943,1.956,1.943,1.953,83071.7
2026-06-24 20:50:00,1.953,1.954,1.948,1.95,155835.0
2026-06-24 20:55:00,1.95,1.951,1.946,1.949,74634.6
2026-06-24 21:00:00,1.949,1.951,1.943,1.943,33512.2
2026-06-24 21:05:00,1.943,1.943,1.938,1.94,28947.0
2026-06-24 21:10:00,1.94,1.944,1.938,1.943,60510.2
2026-06-24 21:15:00,1.943,1.949,1.941,1.948,67464.7
2026-06-24 21:20:00,1.947,1.949,1.938,1.944,130650.5
2026-06-24 21:25:00,1.943,1.946,1.942,1.946,13403.7
2026-06-24 21:30:00,1.946,1.952,1.945,1.952,38289.2
2026-06-24 21:35:00,1.952,1.968,1.951,1.963,104837.5
2026-06-24 21:40:00,1.963,1.965,1.96,1.965,33050.5
2026-06-24 21:45:00,1.964,1.964,1.959,1.962,18915.8
2026-06-24 21:50:00,1.962,1.962,1.96,1.961,3295.0
2026-06-24 21:55:00,1.961,1.97,1.961,1.968,27126.9
2026-06-24 22:00:00,1.968,1.98,1.967,1.968,211984.9
2026-06-24 22:05:00,1.968,1.97,1.966,1.968,25594.2
2026-06-24 22:10:00,1.969,1.972,1.964,1.966,21954.7
2026-06-24 22:15:00,1.966,1.967,1.962,1.962,18288.6
2026-06-24 22:20:00,1.963,1.968,1.963,1.964,18179.8
2026-06-24 22:25:00,1.964,1.964,1.96,1.961,41781.6
2026-06-24 22:30:00,1.961,1.963,1.957,1.96,28320.1
2026-06-24 22:35:00,1.96,1.961,1.955,1.956,54738.2
2026-06-24 22:40:00,1.956,1.96,1.955,1.958,54337.8
2026-06-24 22:45:00,1.957,1.958,1.95,1.951,43098.5
2026-06-24 22:50:00,1.952,1.957,1.952,1.955,47732.0
2026-06-24 22:55:00,1.955,1.958,1.955,1.956,43889.8
2026-06-24 23:00:00,1.956,1.96,1.953,1.959,36558.8
2026-06-24 23:05:00,1.959,1.962,1.958,1.958,10954.5
2026-06-24 23:10:00,1.958,1.962,1.958,1.961,10565.1
2026-06-24 23:15:00,1.961,1.962,1.958,1.958,9464.0
2026-06-24 23:20:00,1.957,1.963,1.957,1.963,23685.1
2026-06-24 23:25:00,1.963,1.965,1.961,1.963,7344.2
2026-06-24 23:30:00,1.962,1.965,1.961,1.964,11709.8
2026-06-24 23:35:00,1.964,1.966,1.964,1.964,15761.6
2026-06-24 23:40:00,1.964,1.964,1.961,1.964,33697.5
2026-06-24 23:45:00,1.965,1.967,1.961,1.963,15217.1
2026-06-24 23:50:00,1.963,1.965,1.959,1.965,13943.6
2026-06-24 23:55:00,1.965,1.966,1.964,1.965,15709.2
2026-06-25 00:00:00,1.965,1.969,1.962,1.968,62698.3
2026-06-25 00:05:00,1.968,1.969,1.966,1.968,12743.3
2026-06-25 00:10:00,1.967,1.972,1.967,1.968,18287.0
2026-06-25 00:15:00,1.968,1.968,1.964,1.966,15630.0
2026-06-25 00:20:00,1.965,1.967,1.963,1.966,10650.5
2026-06-25 00:25:00,1.965,1.966,1.962,1.963,7056.9
2026-06-25 00:30:00,1.963,1.964,1.96,1.961,15069.8
2026-06-25 00:35:00,1.961,1.961,1.957,1.958,29946.2
2026-06-25 00:40:00,1.959,1.964,1.958,1.958,29252.7
2026-06-25 00:45:00,1.959,1.961,1.954,1.956,86293.5
2026-06-25 00:50:00,1.957,1.961,1.957,1.959,12179.2
2026-06-25 00:55:00,1.959,1.961,1.956,1.959,22513.3
2026-06-25 01:00:00,1.96,1.964,1.955,1.956,40526.7
2026-06-25 01:05:00,1.956,1.959,1.955,1.956,10633.8
2026-06-25 01:10:00,1.957,1.957,1.954,1.955,21242.6
2026-06-25 01:15:00,1.955,1.959,1.953,1.955,36723.5
2026-06-25 01:20:00,1.955,1.957,1.955,1.955,20939.4
2026-06-25 01:25:00,1.955,1.955,1.953,1.954,7106.8
2026-06-25 01:30:00,1.954,1.956,1.95,1.951,6569.6
2026-06-25 01:35:00,1.952,1.955,1.951,1.954,27553.1
2026-06-25 01:40:00,1.954,1.954,1.95,1.951,13721.9
2026-06-25 01:45:00,1.951,1.953,1.951,1.953,5630.8
2026-06-25 01:50:00,1.954,1.956,1.953,1.954,3917.6
2026-06-25 01:55:00,1.954,1.955,1.949,1.95,20104.2
2026-06-25 02:00:00,1.949,1.952,1.948,1.95,13654.8
2026-06-25 02:05:00,1.949,1.951,1.949,1.951,5410.0
2026-06-25 02:10:00,1.95,1.95,1.946,1.947,10123.4
2026-06-25 02:15:00,1.946,1.946,1.943,1.945,9565.7
2026-06-25 02:20:00,1.945,1.946,1.942,1.944,18283.5
2026-06-25 02:25:00,1.944,1.949,1.944,1.948,18913.0
2026-06-25 02:30:00,1.948,1.948,1.947,1.948,7755.0
2026-06-25 02:35:00,1.948,1.95,1.947,1.949,12794.2
2026-06-25 02:40:00,1.949,1.95,1.943,1.944,31895.9
2026-06-25 02:45:00,1.944,1.944,1.939,1.942,51656.9
2026-06-25 02:50:00,1.943,1.943,1.941,1.943,8091.8
2026-06-25 02:55:00,1.943,1.943,1.94,1.942,8247.9
2026-06-25 03:00:00,1.942,1.943,1.94,1.941,13692.4
2026-06-25 03:05:00,1.942,1.947,1.941,1.944,28489.6
2026-06-25 03:10:00,1.944,1.944,1.939,1.94,16715.2
2026-06-25 03:15:00,1.94,1.94,1.936,1.939,35259.2
2026-06-25 03:20:00,1.939,1.94,1.938,1.939,6145.5
2026-06-25 03:25:00,1.939,1.94,1.938,1.939,7366.4
2026-06-25 03:30:00,1.938,1.94,1.937,1.938,14119.2
2026-06-25 03:35:00,1.937,1.937,1.935,1.937,8439.0
2026-06-25 03:40:00,1.938,1.938,1.937,1.937,8521.5
2026-06-25 03:45:00,1.938,1.941,1.937,1.937,18779.4
2026-06-25 03:50:00,1.938,1.941,1.938,1.941,10131.3
2026-06-25 03:55:00,1.941,1.944,1.94,1.943,7459.1
2026-06-25 04:00:00,1.943,1.944,1.942,1.943,8199.5
2026-06-25 04:05:00,1.942,1.943,1.94,1.941,62959.0
2026-06-25 04:10:00,1.941,1.942,1.94,1.94,7739.7
2026-06-25 04:15:00,1.939,1.939,1.938,1.938,5186.2
2026-06-25 04:20:00,1.938,1.938,1.934,1.934,7624.3
2026-06-25 04:25:00,1.934,1.935,1.933,1.933,4433.4
2026-06-25 04:30:00,1.933,1.935,1.929,1.929,52036.0
2026-06-25 04:35:00,1.929,1.93,1.928,1.93,8791.4
2026-06-25 04:40:00,1.93,1.941,1.929,1.94,49253.6
2026-06-25 04:45:00,1.939,1.944,1.939,1.944,40826.4
2026-06-25 04:50:00,1.943,1.948,1.942,1.947,140019.9
2026-06-25 04:55:00,1.947,1.952,1.946,1.951,47263.1
2026-06-25 05:00:00,1.951,1.96,1.95,1.958,86542.8
2026-06-25 05:05:00,1.958,1.966,1.958,1.966,66534.6
2026-06-25 05:10:00,1.966,1.967,1.958,1.961,102087.2
2026-06-25 05:15:00,1.962,1.966,1.96,1.963,30470.6
2026-06-25 05:20:00,1.964,1.972,1.962,1.968,38042.2
2026-06-25 05:25:00,1.969,1.97,1.966,1.969,30964.0
2026-06-25 05:30:00,1.969,1.971,1.966,1.968,34939.7
2026-06-25 05:35:00,1.968,1.968,1.965,1.965,18194.2
2026-06-25 05:40:00,1.965,1.966,1.963,1.965,25141.1
2026-06-25 05:45:00,1.965,1.966,1.964,1.966,7316.3
2026-06-25 05:50:00,1.966,1.971,1.966,1.969,23151.3
2026-06-25 05:55:00,1.969,1.971,1.969,1.97,20240.6
2026-06-25 06:00:00,1.97,1.974,1.97,1.97,13252.0
2026-06-25 06:05:00,1.97,1.971,1.966,1.97,33586.5
2026-06-25 06:10:00,1.97,1.972,1.969,1.97,10527.9
2026-06-25 06:15:00,1.969,1.974,1.969,1.974,24683.4
2026-06-25 06:20:00,1.975,1.975,1.969,1.971,17234.9
2026-06-25 06:25:00,1.971,1.971,1.968,1.971,9076.1
2026-06-25 06:30:00,1.971,1.974,1.97,1.974,36950.1
2026-06-25 06:35:00,1.975,1.976,1.973,1.976,11905.2
2026-06-25 06:40:00,1.975,1.976,1.971,1.974,27261.6
2026-06-25 06:45:00,1.974,1.978,1.972,1.976,12904.0
2026-06-25 06:50:00,1.976,1.977,1.975,1.975,38446.0
2026-06-25 06:55:00,1.976,1.976,1.973,1.974,27174.1
2026-06-25 07:00:00,1.975,1.976,1.967,1.968,25183.9
2026-06-25 07:05:00,1.968,1.969,1.962,1.963,56448.9
2026-06-25 07:10:00,1.963,1.964,1.959,1.959,54407.2
2026-06-25 07:15:00,1.959,1.967,1.959,1.966,43939.6
2026-06-25 07:20:00,1.967,1.968,1.964,1.967,29979.0
2026-06-25 07:25:00,1.967,1.968,1.962,1.965,36258.7
2026-06-25 07:30:00,1.965,1.967,1.962,1.964,30110.0
2026-06-25 07:35:00,1.964,1.969,1.962,1.969,27296.0
2026-06-25 07:40:00,1.968,1.971,1.967,1.968,25431.1
2026-06-25 07:45:00,1.968,1.968,1.963,1.965,21651.5
2026-06-25 07:50:00,1.965,1.968,1.964,1.968,11691.1
2026-06-25 07:55:00,1.968,1.971,1.967,1.971,33946.4
2026-06-25 08:00:00,1.971,1.974,1.969,1.97,65010.0
2026-06-25 08:05:00,1.969,1.97,1.962,1.962,24363.2
2026-06-25 08:10:00,1.962,1.965,1.962,1.965,29881.9
2026-06-25 08:15:00,1.964,1.965,1.957,1.958,37686.1
2026-06-25 08:20:00,1.959,1.964,1.959,1.963,52243.4
2026-06-25 08:25:00,1.963,1.964,1.961,1.961,33479.8
2026-06-25 08:30:00,1.961,1.963,1.958,1.96,50690.4
2026-06-25 08:35:00,1.961,1.963,1.958,1.963,49862.8
2026-06-25 08:40:00,1.963,1.963,1.958,1.962,31500.0
2026-06-25 08:45:00,1.962,1.962,1.958,1.959,33318.1
2026-06-25 08:50:00,1.958,1.96,1.953,1.954,100325.3
2026-06-25 08:55:00,1.954,1.956,1.952,1.954,46884.4
2026-06-25 09:00:00,1.955,1.956,1.948,1.95,53904.9
2026-06-25 09:05:00,1.951,1.952,1.947,1.949,49997.7
2026-06-25 09:10:00,1.949,1.951,1.947,1.948,52248.4
2026-06-25 09:15:00,1.949,1.949,1.94,1.944,89345.8
2026-06-25 09:20:00,1.944,1.947,1.939,1.947,47376.0
2026-06-25 09:25:00,1.947,1.95,1.945,1.95,106784.0
2026-06-25 09:30:00,1.949,1.949,1.944,1.946,76709.1
2026-06-25 09:35:00,1.945,1.952,1.943,1.951,76035.3
2026-06-25 09:40:00,1.951,1.952,1.949,1.95,53037.8
2026-06-25 09:45:00,1.95,1.952,1.949,1.951,47291.4
2026-06-25 09:50:00,1.951,1.955,1.95,1.954,102774.5
2026-06-25 09:55:00,1.954,1.955,1.95,1.951,74800.9
2026-06-25 10:00:00,1.951,1.952,1.947,1.947,36825.5
2026-06-25 10:05:00,1.947,1.951,1.943,1.951,54519.4
2026-06-25 10:10:00,1.951,1.953,1.948,1.95,46645.6
2026-06-25 10:15:00,1.95,1.952,1.947,1.948,61712.3
2026-06-25 10:20:00,1.948,1.949,1.94,1.942,101158.1
2026-06-25 10:25:00,1.941,1.942,1.937,1.937,48175.2
2026-06-25 10:30:00,1.937,1.94,1.935,1.937,51366.6
2026-06-25 10:35:00,1.938,1.943,1.938,1.938,27102.7
2026-06-25 10:40:00,1.938,1.939,1.936,1.936,52915.8
2026-06-25 10:45:00,1.936,1.937,1.933,1.935,28124.7
2026-06-25 10:50:00,1.935,1.938,1.935,1.936,37123.5
2026-06-25 10:55:00,1.936,1.936,1.934,1.934,10668.4
2026-06-25 11:00:00,1.935,1.936,1.933,1.934,13224.1
2026-06-25 11:05:00,1.934,1.934,1.929,1.931,46945.1
2026-06-25 11:10:00,1.932,1.94,1.932,1.939,21702.3
2026-06-25 11:15:00,1.939,1.941,1.936,1.936,31080.8
2026-06-25 11:20:00,1.936,1.938,1.935,1.937,14886.6
2026-06-25 11:25:00,1.937,1.939,1.937,1.937,6987.0
2026-06-25 11:30:00,1.938,1.944,1.938,1.94,51496.6
2026-06-25 11:35:00,1.94,1.946,1.94,1.944,18729.8
2026-06-25 11:40:00,1.945,1.945,1.91,1.919,582791.7
2026-06-25 11:45:00,1.919,1.922,1.903,1.906,135618.2
2026-06-25 11:50:00,1.906,1.91,1.904,1.905,66406.3
2026-06-25 11:55:00,1.905,1.906,1.903,1.905,77205.7
2026-06-25 12:00:00,1.905,1.907,1.904,1.905,88016.1
2026-06-25 12:05:00,1.906,1.908,1.904,1.907,40889.2
2026-06-25 12:10:00,1.906,1.908,1.904,1.906,32406.7
2026-06-25 12:15:00,1.906,1.906,1.898,1.904,86112.1
2026-06-25 12:20:00,1.904,1.905,1.9,1.9,33715.5
2026-06-25 12:25:00,1.901,1.903,1.895,1.897,39158.6
2026-06-25 12:30:00,1.898,1.934,1.897,1.916,323007.6
2026-06-25 12:35:00,1.916,1.918,1.912,1.915,61940.6
2026-06-25 12:40:00,1.915,1.915,1.911,1.913,18426.9
2026-06-25 12:45:00,1.913,1.92,1.912,1.918,16955.9
2026-06-25 12:50:00,1.917,1.918,1.915,1.915,21875.8
2026-06-25 12:55:00,1.915,1.918,1.912,1.917,54843.2
2026-06-25 13:00:00,1.917,1.924,1.917,1.922,72611.6
2026-06-25 13:05:00,1.923,1.923,1.918,1.921,24276.5
2026-06-25 13:10:00,1.921,1.938,1.919,1.937,149253.5
2026-06-25 13:15:00,1.937,1.945,1.936,1.943,63129.3
2026-06-25 13:20:00,1.943,1.943,1.936,1.936,53075.2
2026-06-25 13:25:00,1.936,1.942,1.934,1.939,62474.7
2026-06-25 13:30:00,1.938,1.95,1.92,1.92,347495.7
2026-06-25 13:35:00,1.921,1.926,1.916,1.916,58229.2
2026-06-25 13:40:00,1.916,1.917,1.893,1.894,182331.6
2026-06-25 13:45:00,1.894,1.902,1.865,1.879,629630.9
2026-06-25 13:50:00,1.878,1.882,1.838,1.847,737195.7
2026-06-25 13:55:00,1.848,1.85,1.805,1.812,665126.2
2026-06-25 14:00:00,1.811,1.858,1.811,1.848,506050.7
2026-06-25 14:05:00,1.849,1.868,1.847,1.865,300456.5
2026-06-25 14:10:00,1.865,1.875,1.862,1.864,156714.6
2026-06-25 14:15:00,1.865,1.872,1.845,1.856,242176.3
2026-06-25 14:20:00,1.856,1.875,1.855,1.86,180383.3
2026-06-25 14:25:00,1.86,1.869,1.857,1.858,94431.6
2026-06-25 14:30:00,1.858,1.896,1.848,1.877,543162.1
2026-06-25 14:35:00,1.877,1.881,1.859,1.867,207163.0
2026-06-25 14:40:00,1.866,1.866,1.854,1.858,109651.9
2026-06-25 14:45:00,1.859,1.861,1.852,1.858,132286.5
2026-06-25 14:50:00,1.858,1.875,1.858,1.875,242565.9
2026-06-25 14:55:00,1.874,1.875,1.857,1.861,297540.0
2026-06-25 15:00:00,1.861,1.866,1.857,1.864,137560.9
2026-06-25 15:05:00,1.864,1.867,1.853,1.864,195638.2
2026-06-25 15:10:00,1.864,1.865,1.847,1.849,142664.3
2026-06-25 15:15:00,1.849,1.858,1.836,1.853,367304.2
2026-06-25 15:20:00,1.853,1.857,1.845,1.857,179638.6
2026-06-25 15:25:00,1.856,1.859,1.846,1.848,87980.1
2026-06-25 15:30:00,1.849,1.852,1.846,1.847,60718.4
2026-06-25 15:35:00,1.847,1.859,1.847,1.851,154189.8
2026-06-25 15:40:00,1.851,1.853,1.846,1.85,44923.5
2026-06-25 15:45:00,1.85,1.854,1.849,1.849,57375.3
2026-06-25 15:50:00,1.849,1.861,1.849,1.861,88436.7
2026-06-25 15:55:00,1.861,1.871,1.86,1.864,163357.3
2026-06-25 16:00:00,1.864,1.868,1.862,1.865,114018.3
2026-06-25 16:05:00,1.865,1.887,1.864,1.886,156443.3
2026-06-25 16:10:00,1.886,1.89,1.875,1.881,219351.2
2026-06-25 16:15:00,1.88,1.887,1.879,1.885,136855.4
2026-06-25 16:20:00,1.885,1.888,1.877,1.882,119568.4
2026-06-25 16:25:00,1.882,1.885,1.88,1.882,99977.5
2026-06-25 16:30:00,1.882,1.882,1.864,1.87,170040.5
2026-06-25 16:35:00,1.87,1.878,1.866,1.867,51899.7
2026-06-25 16:40:00,1.867,1.869,1.861,1.862,77685.9
2026-06-25 16:45:00,1.863,1.864,1.847,1.852,156932.0
2026-06-25 16:50:00,1.852,1.853,1.84,1.844,77132.2
2026-06-25 16:55:00,1.844,1.844,1.836,1.837,130741.4
2026-06-25 17:00:00,1.837,1.839,1.828,1.83,94888.1
2026-06-25 17:05:00,1.83,1.84,1.829,1.84,75527.7
2026-06-25 17:10:00,1.841,1.857,1.84,1.854,137625.1
2026-06-25 17:15:00,1.855,1.865,1.855,1.856,89909.9
2026-06-25 17:20:00,1.856,1.869,1.851,1.866,161275.3
2026-06-25 17:25:00,1.865,1.873,1.864,1.87,138334.4
2026-06-25 17:30:00,1.871,1.873,1.862,1.865,89235.2
2026-06-25 17:35:00,1.864,1.873,1.863,1.87,99205.8
2026-06-25 17:40:00,1.87,1.872,1.862,1.862,49868.4
2026-06-25 17:45:00,1.861,1.862,1.858,1.86,38263.8
2026-06-25 17:50:00,1.859,1.865,1.857,1.862,45720.0
2026-06-25 17:55:00,1.861,1.866,1.855,1.865,57558.3
2026-06-25 18:00:00,1.866,1.867,1.856,1.863,84241.1
2026-06-25 18:05:00,1.863,1.87,1.858,1.868,43098.9
2026-06-25 18:10:00,1.868,1.869,1.861,1.862,27388.6
2026-06-25 18:15:00,1.862,1.877,1.86,1.874,118458.4
2026-06-25 18:20:00,1.874,1.875,1.867,1.868,79209.0
2026-06-25 18:25:00,1.868,1.872,1.867,1.871,40081.0
2026-06-25 18:30:00,1.871,1.871,1.845,1.845,115062.5
2026-06-25 18:35:00,1.846,1.849,1.843,1.848,111149.2
2026-06-25 18:40:00,1.849,1.854,1.848,1.851,30955.9
2026-06-25 18:45:00,1.851,1.853,1.847,1.852,33696.6
2026-06-25 18:50:00,1.852,1.855,1.85,1.853,20991.2
2026-06-25 18:55:00,1.853,1.86,1.852,1.854,77251.8
2026-06-25 19:00:00,1.855,1.856,1.849,1.849,46591.9
2026-06-25 19:05:00,1.849,1.852,1.848,1.852,28603.5
2026-06-25 19:10:00,1.852,1.852,1.844,1.846,25550.1
2026-06-25 19:15:00,1.846,1.848,1.837,1.838,41666.0
2026-06-25 19:20:00,1.839,1.84,1.824,1.83,140852.2
2026-06-25 19:25:00,1.83,1.831,1.825,1.829,95232.7
2026-06-25 19:30:00,1.829,1.832,1.826,1.832,58793.4
2026-06-25 19:35:00,1.831,1.833,1.825,1.833,35552.3
2026-06-25 19:40:00,1.833,1.833,1.823,1.823,95639.3
2026-06-25 19:45:00,1.823,1.828,1.821,1.828,43011.9
2026-06-25 19:50:00,1.828,1.833,1.827,1.832,40593.6
2026-06-25 19:55:00,1.831,1.833,1.828,1.833,57070.4
2026-06-25 20:00:00,1.833,1.838,1.83,1.832,194159.9
2026-06-25 20:05:00,1.831,1.835,1.828,1.83,66950.4
2026-06-25 20:10:00,1.829,1.832,1.823,1.824,18568.2
2026-06-25 20:15:00,1.824,1.825,1.819,1.824,140771.5
2026-06-25 20:20:00,1.823,1.826,1.821,1.822,78819.1
2026-06-25 20:25:00,1.823,1.823,1.818,1.819,33400.7
2026-06-25 20:30:00,1.819,1.823,1.814,1.821,115370.6
2026-06-25 20:35:00,1.821,1.824,1.815,1.816,170055.7
2026-06-25 20:40:00,1.815,1.816,1.811,1.814,62324.0
2026-06-25 20:45:00,1.814,1.814,1.81,1.811,38438.0
2026-06-25 20:50:00,1.811,1.813,1.81,1.811,24578.3
2026-06-25 20:55:00,1.81,1.812,1.808,1.811,34631.7
2026-06-25 21:00:00,1.811,1.813,1.806,1.807,67555.0
2026-06-25 21:05:00,1.807,1.811,1.804,1.81,84693.5
2026-06-25 21:10:00,1.81,1.83,1.81,1.828,60564.8
2026-06-25 21:15:00,1.828,1.832,1.825,1.827,98208.4
2026-06-25 21:20:00,1.827,1.828,1.823,1.823,35655.0
2026-06-25 21:25:00,1.822,1.832,1.819,1.832,56538.8
2026-06-25 21:30:00,1.833,1.837,1.831,1.835,79848.8
2026-06-25 21:35:00,1.835,1.84,1.835,1.838,36343.1
2026-06-25 21:40:00,1.838,1.838,1.826,1.827,33164.2
2026-06-25 21:45:00,1.826,1.831,1.826,1.826,49996.5
2026-06-25 21:50:00,1.826,1.831,1.826,1.831,18057.8
2026-06-25 21:55:00,1.83,1.838,1.828,1.834,37240.8
2026-06-25 22:00:00,1.834,1.835,1.827,1.83,68950.3
2026-06-25 22:05:00,1.831,1.832,1.825,1.825,53132.5
2026-06-25 22:10:00,1.825,1.825,1.819,1.819,77241.2
2026-06-25 22:15:00,1.819,1.826,1.818,1.822,37133.4
2026-06-25 22:20:00,1.821,1.821,1.817,1.82,39802.5
2026-06-25 22:25:00,1.821,1.822,1.819,1.819,35694.9
2026-06-25 22:30:00,1.818,1.819,1.807,1.809,96705.2
2026-06-25 22:35:00,1.808,1.811,1.777,1.789,702317.8
2026-06-25 22:40:00,1.789,1.797,1.789,1.797,117672.8
2026-06-25 22:45:00,1.797,1.803,1.797,1.797,127118.9
2026-06-25 22:50:00,1.798,1.806,1.797,1.806,73657.9
2026-06-25 22:55:00,1.806,1.806,1.801,1.803,70275.3
2026-06-25 23:00:00,1.802,1.809,1.802,1.806,83932.7
2026-06-25 23:05:00,1.805,1.806,1.801,1.804,53571.9
2026-06-25 23:10:00,1.803,1.813,1.803,1.812,72805.4
2026-06-25 23:15:00,1.811,1.817,1.81,1.815,43867.1
2026-06-25 23:20:00,1.816,1.83,1.816,1.829,81379.5
2026-06-25 23:25:00,1.828,1.847,1.827,1.841,344233.0
2026-06-25 23:30:00,1.841,1.858,1.84,1.857,546416.6
2026-06-25 23:35:00,1.857,1.861,1.849,1.851,115012.4
2026-06-25 23:40:00,1.851,1.851,1.838,1.84,251906.3
2026-06-25 23:45:00,1.84,1.84,1.836,1.84,51123.2
2026-06-25 23:50:00,1.84,1.84,1.834,1.835,51640.3
2026-06-25 23:55:00,1.836,1.836,1.829,1.835,103725.5
2026-06-26 00:00:00,1.835,1.842,1.835,1.836,81966.9
2026-06-26 00:05:00,1.835,1.841,1.835,1.841,28089.6
2026-06-26 00:10:00,1.84,1.841,1.831,1.836,88781.6
2026-06-26 00:15:00,1.836,1.839,1.833,1.836,38730.8
2026-06-26 00:20:00,1.835,1.838,1.831,1.831,28676.9
2026-06-26 00:25:00,1.831,1.833,1.827,1.83,34698.8
2026-06-26 00:30:00,1.831,1.831,1.826,1.828,35208.1
2026-06-26 00:35:00,1.829,1.83,1.825,1.829,27334.5
2026-06-26 00:40:00,1.83,1.833,1.826,1.826,22314.4
2026-06-26 00:45:00,1.826,1.827,1.822,1.822,46627.4
2026-06-26 00:50:00,1.822,1.822,1.814,1.814,84696.2
2026-06-26 00:55:00,1.814,1.817,1.81,1.814,132068.7
2026-06-26 01:00:00,1.813,1.816,1.809,1.81,39627.1
2026-06-26 01:05:00,1.809,1.811,1.804,1.808,81974.1
2026-06-26 01:10:00,1.808,1.814,1.807,1.812,25939.9
2026-06-26 01:15:00,1.813,1.817,1.812,1.814,36265.3
2026-06-26 01:20:00,1.815,1.817,1.811,1.812,28298.9
2026-06-26 01:25:00,1.813,1.813,1.807,1.807,27193.9
2026-06-26 01:30:00,1.807,1.809,1.804,1.806,60828.2
2026-06-26 01:35:00,1.806,1.808,1.803,1.807,19129.4
2026-06-26 01:40:00,1.807,1.809,1.805,1.809,26714.4
2026-06-26 01:45:00,1.809,1.816,1.807,1.816,14110.4
2026-06-26 01:50:00,1.816,1.817,1.811,1.811,23965.6
2026-06-26 01:55:00,1.812,1.812,1.807,1.809,13446.3
2026-06-26 02:00:00,1.81,1.811,1.803,1.804,10861.6
2026-06-26 02:05:00,1.804,1.807,1.798,1.8,51628.5
2026-06-26 02:10:00,1.8,1.805,1.758,1.771,858272.8
2026-06-26 02:15:00,1.771,1.789,1.771,1.776,282652.4
2026-06-26 02:20:00,1.776,1.778,1.77,1.773,135843.5
2026-06-26 02:25:00,1.773,1.787,1.773,1.787,84925.0
2026-06-26 02:30:00,1.786,1.789,1.778,1.788,76574.7
2026-06-26 02:35:00,1.789,1.791,1.779,1.783,69028.3
2026-06-26 02:40:00,1.783,1.789,1.783,1.785,70186.6
2026-06-26 02:45:00,1.785,1.786,1.769,1.773,177907.3
2026-06-26 02:50:00,1.774,1.777,1.766,1.766,135172.2
2026-06-26 02:55:00,1.765,1.768,1.759,1.764,142916.2
2026-06-26 03:00:00,1.765,1.77,1.759,1.769,154163.1
2026-06-26 03:05:00,1.77,1.785,1.767,1.784,189710.4
2026-06-26 03:10:00,1.785,1.803,1.783,1.801,269896.4
2026-06-26 03:15:00,1.8,1.801,1.792,1.794,58920.2
2026-06-26 03:20:00,1.794,1.795,1.785,1.789,106469.2
2026-06-26 03:25:00,1.789,1.8,1.786,1.797,105758.7
2026-06-26 03:30:00,1.796,1.796,1.788,1.794,111091.8
2026-06-26 03:35:00,1.793,1.802,1.791,1.802,75970.5
2026-06-26 03:40:00,1.802,1.807,1.799,1.806,94072.5
2026-06-26 03:45:00,1.805,1.82,1.805,1.818,109141.4
2026-06-26 03:50:00,1.817,1.826,1.815,1.823,65015.5
2026-06-26 03:55:00,1.824,1.835,1.822,1.826,136610.0
2026-06-26 04:00:00,1.826,1.827,1.822,1.822,49087.8
2026-06-26 04:05:00,1.821,1.825,1.818,1.818,65660.1
2026-06-26 04:10:00,1.818,1.821,1.817,1.817,58200.7
2026-06-26 04:15:00,1.817,1.826,1.816,1.82,48141.0
2026-06-26 04:20:00,1.819,1.825,1.818,1.819,50907.6
2026-06-26 04:25:00,1.82,1.82,1.815,1.818,25664.8
2026-06-26 04:30:00,1.818,1.82,1.813,1.813,32062.9
2026-06-26 04:35:00,1.814,1.816,1.811,1.814,37090.2
2026-06-26 04:40:00,1.814,1.815,1.811,1.813,13628.0
2026-06-26 04:45:00,1.813,1.813,1.807,1.807,20178.2
2026-06-26 04:50:00,1.808,1.808,1.803,1.805,21919.4
2026-06-26 04:55:00,1.805,1.808,1.803,1.804,34513.3
2026-06-26 05:00:00,1.804,1.805,1.798,1.799,51144.3
2026-06-26 05:05:00,1.799,1.805,1.798,1.802,25217.7
2026-06-26 05:10:00,1.801,1.809,1.801,1.808,41384.1
2026-06-26 05:15:00,1.808,1.81,1.804,1.805,23040.0
2026-06-26 05:20:00,1.804,1.805,1.798,1.801,37232.1
2026-06-26 05:25:00,1.801,1.81,1.801,1.809,47419.9
2026-06-26 05:30:00,1.81,1.815,1.809,1.815,17911.6
2026-06-26 05:35:00,1.815,1.816,1.811,1.812,15882.4
2026-06-26 05:40:00,1.813,1.813,1.809,1.809,31538.4
2026-06-26 05:45:00,1.809,1.813,1.804,1.813,32223.8
2026-06-26 05:50:00,1.813,1.82,1.812,1.82,21815.4
2026-06-26 05:55:00,1.82,1.821,1.813,1.814,65494.3
2026-06-26 06:00:00,1.813,1.814,1.804,1.806,54525.9
2026-06-26 06:05:00,1.806,1.807,1.804,1.805,48285.1
2026-06-26 06:10:00,1.805,1.807,1.803,1.803,21671.9
2026-06-26 06:15:00,1.804,1.809,1.804,1.809,14405.4
2026-06-26 06:20:00,1.808,1.828,1.807,1.827,102351.6
2026-06-26 06:25:00,1.827,1.829,1.822,1.826,35065.1
2026-06-26 06:30:00,1.826,1.828,1.822,1.827,40620.5
2026-06-26 06:35:00,1.826,1.842,1.826,1.84,164983.6
2026-06-26 06:40:00,1.84,1.863,1.838,1.856,343027.8
2026-06-26 06:45:00,1.857,1.864,1.852,1.854,166057.9
2026-06-26 06:50:00,1.854,1.859,1.85,1.858,86238.6
2026-06-26 06:55:00,1.858,1.858,1.851,1.852,43346.0
2026-06-26 07:00:00,1.852,1.854,1.848,1.85,78275.9
2026-06-26 07:05:00,1.85,1.855,1.85,1.851,49481.9
2026-06-26 07:10:00,1.852,1.863,1.851,1.86,126228.5
2026-06-26 07:15:00,1.859,1.863,1.854,1.855,320500.0
2026-06-26 07:20:00,1.856,1.858,1.851,1.856,140217.6
2026-06-26 07:25:00,1.856,1.856,1.848,1.85,58537.1
2026-06-26 07:30:00,1.85,1.857,1.849,1.849,84181.7
2026-06-26 07:35:00,1.849,1.85,1.841,1.846,599620.3
2026-06-26 07:40:00,1.846,1.848,1.843,1.843,51059.7
2026-06-26 07:45:00,1.843,1.843,1.838,1.841,49228.0
2026-06-26 07:50:00,1.841,1.844,1.836,1.844,65583.3
2026-06-26 07:55:00,1.845,1.85,1.844,1.85,108377.1
2026-06-26 08:00:00,1.85,1.851,1.843,1.847,91909.2
2026-06-26 08:05:00,1.847,1.847,1.839,1.839,101300.7
2026-06-26 08:10:00,1.838,1.84,1.831,1.832,46389.1
2026-06-26 08:15:00,1.833,1.833,1.829,1.83,88890.9
2026-06-26 08:20:00,1.83,1.834,1.83,1.831,21170.7
2026-06-26 08:25:00,1.832,1.837,1.831,1.833,58971.9
2026-06-26 08:30:00,1.833,1.833,1.824,1.825,34689.7
2026-06-26 08:35:00,1.825,1.827,1.821,1.824,105930.4
2026-06-26 08:40:00,1.825,1.827,1.824,1.825,29874.7
2026-06-26 08:45:00,1.825,1.826,1.821,1.821,32326.9
2026-06-26 08:50:00,1.822,1.823,1.815,1.817,97807.9
2026-06-26 08:55:00,1.817,1.821,1.815,1.82,29714.6
2026-06-26 09:00:00,1.819,1.82,1.814,1.815,22190.2
2026-06-26 09:05:00,1.816,1.818,1.814,1.817,34857.0
2026-06-26 09:10:00,1.817,1.821,1.814,1.82,36770.7
2026-06-26 09:15:00,1.82,1.82,1.809,1.816,62896.5
2026-06-26 09:20:00,1.815,1.819,1.813,1.817,46215.1
2026-06-26 09:25:00,1.817,1.82,1.816,1.82,62025.4
2026-06-26 09:30:00,1.819,1.82,1.816,1.818,37593.1
2026-06-26 09:35:00,1.818,1.822,1.817,1.818,80079.9
2026-06-26 09:40:00,1.817,1.822,1.816,1.818,73803.7
2026-06-26 09:45:00,1.818,1.819,1.813,1.815,85056.3
2026-06-26 09:50:00,1.815,1.816,1.802,1.809,113223.5
2026-06-26 09:55:00,1.81,1.812,1.803,1.805,56668.7
2026-06-26 10:00:00,1.805,1.805,1.798,1.804,62493.9
2026-06-26 10:05:00,1.804,1.809,1.804,1.808,56848.8
2026-06-26 10:10:00,1.808,1.809,1.803,1.803,24833.1
2026-06-26 10:15:00,1.803,1.806,1.803,1.803,31816.0
2026-06-26 10:20:00,1.803,1.806,1.803,1.804,13605.1
2026-06-26 10:25:00,1.804,1.807,1.803,1.803,25710.4
2026-06-26 10:30:00,1.804,1.811,1.802,1.809,46702.9
2026-06-26 10:35:00,1.809,1.811,1.797,1.798,62041.9
2026-06-26 10:40:00,1.798,1.801,1.796,1.8,39774.1
2026-06-26 10:45:00,1.801,1.803,1.795,1.799,45042.6
2026-06-26 10:50:00,1.8,1.8,1.795,1.798,21269.3
2026-06-26 10:55:00,1.799,1.802,1.796,1.798,45211.9
2026-06-26 11:00:00,1.798,1.809,1.797,1.808,55930.2
2026-06-26 11:05:00,1.808,1.809,1.799,1.799,29275.2
2026-06-26 11:10:00,1.8,1.82,1.795,1.813,323972.2
2026-06-26 11:15:00,1.812,1.812,1.802,1.805,127953.3
2026-06-26 11:20:00,1.805,1.805,1.784,1.792,442198.4
2026-06-26 11:25:00,1.792,1.793,1.787,1.79,35288.6
2026-06-26 11:30:00,1.791,1.795,1.79,1.793,19810.8
2026-06-26 11:35:00,1.793,1.796,1.792,1.793,24445.3
2026-06-26 11:40:00,1.792,1.793,1.787,1.789,31241.3
2026-06-26 11:45:00,1.788,1.793,1.787,1.792,42560.6
2026-06-26 11:50:00,1.792,1.792,1.781,1.788,82485.4
2026-06-26 11:55:00,1.787,1.791,1.787,1.79,14403.0
2026-06-26 12:00:00,1.791,1.795,1.79,1.792,38427.7
2026-06-26 12:05:00,1.792,1.798,1.79,1.791,29388.3
2026-06-26 12:10:00,1.792,1.795,1.791,1.792,51098.9
2026-06-26 12:15:00,1.792,1.798,1.792,1.795,32626.0
2026-06-26 12:20:00,1.796,1.799,1.792,1.797,22293.8
2026-06-26 12:25:00,1.797,1.798,1.794,1.797,24001.0
2026-06-26 12:30:00,1.797,1.805,1.793,1.803,67870.0
2026-06-26 12:35:00,1.803,1.803,1.786,1.786,200667.9
2026-06-26 12:40:00,1.786,1.786,1.774,1.78,199828.1
2026-06-26 12:45:00,1.78,1.794,1.776,1.784,128289.8
2026-06-26 12:50:00,1.785,1.788,1.781,1.783,58692.6
2026-06-26 12:55:00,1.783,1.785,1.779,1.78,115900.4
2026-06-26 13:00:00,1.781,1.784,1.778,1.779,38212.6
2026-06-26 13:05:00,1.778,1.782,1.777,1.778,68086.8
2026-06-26 13:10:00,1.778,1.792,1.778,1.782,68618.8
2026-06-26 13:15:00,1.782,1.784,1.761,1.769,188196.4
2026-06-26 13:20:00,1.77,1.776,1.766,1.767,115522.6
2026-06-26 13:25:00,1.767,1.769,1.76,1.763,140326.9
2026-06-26 13:30:00,1.762,1.768,1.752,1.762,317005.5
2026-06-26 13:35:00,1.762,1.772,1.76,1.768,126135.0
2026-06-26 13:40:00,1.768,1.785,1.764,1.782,111545.0
2026-06-26 13:45:00,1.781,1.786,1.773,1.778,74032.0
2026-06-26 13:50:00,1.778,1.788,1.775,1.785,113726.1
2026-06-26 13:55:00,1.786,1.809,1.784,1.807,398693.1
2026-06-26 14:00:00,1.807,1.807,1.792,1.8,218196.9
2026-06-26 14:05:00,1.801,1.801,1.79,1.8,78973.2
2026-06-26 14:10:00,1.8,1.802,1.794,1.799,57819.8
2026-06-26 14:15:00,1.799,1.807,1.791,1.797,253406.5
2026-06-26 14:20:00,1.797,1.81,1.797,1.803,111976.1
2026-06-26 14:25:00,1.803,1.806,1.799,1.803,78542.5
2026-06-26 14:30:00,1.803,1.807,1.792,1.796,190010.8
2026-06-26 14:35:00,1.797,1.797,1.78,1.781,173125.8
2026-06-26 14:40:00,1.781,1.787,1.779,1.782,87937.3
2026-06-26 14:45:00,1.782,1.802,1.781,1.798,86326.0
2026-06-26 14:50:00,1.798,1.801,1.79,1.791,107596.8
2026-06-26 14:55:00,1.791,1.793,1.784,1.789,35863.7
2026-06-26 15:00:00,1.789,1.793,1.786,1.787,28756.1
2026-06-26 15:05:00,1.786,1.799,1.782,1.796,84391.2
2026-06-26 15:10:00,1.796,1.797,1.784,1.785,61914.4
2026-06-26 15:15:00,1.785,1.79,1.783,1.789,38419.5
2026-06-26 15:20:00,1.79,1.801,1.79,1.801,71958.8
2026-06-26 15:25:00,1.801,1.807,1.794,1.796,119059.6
2026-06-26 15:30:00,1.796,1.814,1.796,1.804,156175.4
2026-06-26 15:35:00,1.805,1.813,1.803,1.811,58340.1
2026-06-26 15:40:00,1.81,1.818,1.81,1.815,77491.1
2026-06-26 15:45:00,1.816,1.818,1.806,1.807,86178.7
2026-06-26 15:50:00,1.807,1.811,1.79,1.799,384462.7
2026-06-26 15:55:00,1.799,1.808,1.797,1.803,59204.3
2026-06-26 16:00:00,1.804,1.822,1.804,1.817,235613.5
2026-06-26 16:05:00,1.816,1.819,1.806,1.808,85037.3
2026-06-26 16:10:00,1.808,1.809,1.803,1.806,82764.6
2026-06-26 16:15:00,1.806,1.808,1.798,1.8,148532.4
2026-06-26 16:20:00,1.8,1.802,1.789,1.793,248020.1
2026-06-26 16:25:00,1.793,1.802,1.793,1.8,43102.4
2026-06-26 16:30:00,1.8,1.814,1.8,1.813,173237.3
2026-06-26 16:35:00,1.814,1.829,1.814,1.823,251664.8
2026-06-26 16:40:00,1.823,1.825,1.813,1.813,180156.9
2026-06-26 16:45:00,1.813,1.825,1.812,1.815,546095.3
2026-06-26 16:50:00,1.814,1.817,1.801,1.805,546956.9
2026-06-26 16:55:00,1.805,1.807,1.8,1.804,55951.7
2026-06-26 17:00:00,1.804,1.809,1.802,1.807,90682.4
2026-06-26 17:05:00,1.806,1.808,1.801,1.808,113747.2
2026-06-26 17:10:00,1.807,1.814,1.807,1.812,112090.8
2026-06-26 17:15:00,1.813,1.814,1.806,1.811,71827.0
2026-06-26 17:20:00,1.811,1.816,1.808,1.814,66588.8
2026-06-26 17:25:00,1.814,1.825,1.812,1.821,55586.3
2026-06-26 17:30:00,1.821,1.826,1.819,1.821,68185.0
2026-06-26 17:35:00,1.821,1.821,1.815,1.817,62244.6
2026-06-26 17:40:00,1.816,1.825,1.81,1.819,68896.5
2026-06-26 17:45:00,1.819,1.821,1.817,1.818,21001.0
2026-06-26 17:50:00,1.817,1.819,1.814,1.817,32659.6
2026-06-26 17:55:00,1.817,1.817,1.809,1.812,31197.4
2026-06-26 18:00:00,1.812,1.817,1.811,1.817,47749.6
2026-06-26 18:05:00,1.816,1.819,1.814,1.817,24298.0
2026-06-26 18:10:00,1.817,1.825,1.815,1.822,32054.4
2026-06-26 18:15:00,1.823,1.824,1.817,1.819,37506.0
2026-06-26 18:20:00,1.82,1.825,1.82,1.822,71016.6
2026-06-26 18:25:00,1.822,1.824,1.809,1.811,53993.1
2026-06-26 18:30:00,1.81,1.814,1.807,1.812,27075.1
2026-06-26 18:35:00,1.812,1.812,1.801,1.802,52966.1
2026-06-26 18:40:00,1.803,1.808,1.801,1.807,36166.6
2026-06-26 18:45:00,1.807,1.807,1.796,1.8,65508.6
2026-06-26 18:50:00,1.8,1.802,1.797,1.799,27405.7
2026-06-26 18:55:00,1.8,1.802,1.798,1.801,26815.7
2026-06-26 19:00:00,1.8,1.8,1.794,1.795,23529.1
2026-06-26 19:05:00,1.796,1.817,1.794,1.817,65342.8
2026-06-26 19:10:00,1.817,1.821,1.817,1.818,38382.1
2026-06-26 19:15:00,1.817,1.817,1.81,1.812,17494.5
2026-06-26 19:20:00,1.811,1.814,1.807,1.808,61778.1
2026-06-26 19:25:00,1.808,1.816,1.808,1.814,58791.8
2026-06-26 19:30:00,1.815,1.842,1.813,1.828,410621.2
2026-06-26 19:35:00,1.829,1.832,1.822,1.824,70272.2
2026-06-26 19:40:00,1.825,1.831,1.824,1.825,49255.3
2026-06-26 19:45:00,1.825,1.826,1.821,1.823,41471.7
2026-06-26 19:50:00,1.823,1.824,1.814,1.817,176085.6
2026-06-26 19:55:00,1.816,1.82,1.805,1.807,68224.2
2026-06-26 20:00:00,1.807,1.83,1.807,1.817,340348.1
2026-06-26 20:05:00,1.817,1.82,1.814,1.815,42234.6
2026-06-26 20:10:00,1.816,1.816,1.811,1.816,41552.0
2026-06-26 20:15:00,1.816,1.821,1.816,1.818,27955.3
2026-06-26 20:20:00,1.818,1.823,1.816,1.823,29873.5
2026-06-26 20:25:00,1.823,1.826,1.82,1.825,96124.9
2026-06-26 20:30:00,1.825,1.825,1.808,1.81,120093.2
2026-06-26 20:35:00,1.811,1.812,1.8,1.807,172369.1
2026-06-26 20:40:00,1.807,1.808,1.805,1.807,31933.8
2026-06-26 20:45:00,1.807,1.813,1.805,1.81,124064.4
2026-06-26 20:50:00,1.811,1.814,1.808,1.809,28893.6
2026-06-26 20:55:00,1.809,1.812,1.806,1.811,49030.5
2026-06-26 21:00:00,1.811,1.812,1.786,1.789,784672.9
2026-06-26 21:05:00,1.79,1.792,1.786,1.789,134295.8
2026-06-26 21:10:00,1.789,1.796,1.789,1.796,171771.4
2026-06-26 21:15:00,1.795,1.797,1.786,1.793,165922.8
2026-06-26 21:20:00,1.793,1.796,1.789,1.795,155668.3
2026-06-26 21:25:00,1.795,1.797,1.791,1.796,46156.1
2026-06-26 21:30:00,1.796,1.804,1.796,1.8,104217.6
2026-06-26 21:35:00,1.801,1.802,1.796,1.798,84670.8
2026-06-26 21:40:00,1.797,1.809,1.797,1.807,109502.3
2026-06-26 21:45:00,1.807,1.81,1.799,1.8,197866.6
2026-06-26 21:50:00,1.801,1.804,1.798,1.803,42141.0
2026-06-26 21:55:00,1.803,1.803,1.794,1.795,41350.4
2026-06-26 22:00:00,1.794,1.797,1.783,1.786,135250.0
2026-06-26 22:05:00,1.786,1.788,1.784,1.787,53195.2
2026-06-26 22:10:00,1.787,1.793,1.786,1.791,28226.3
2026-06-26 22:15:00,1.791,1.792,1.789,1.791,25236.1
2026-06-26 22:20:00,1.792,1.793,1.787,1.787,15074.0
2026-06-26 22:25:00,1.788,1.789,1.784,1.785,37728.3
2026-06-26 22:30:00,1.785,1.785,1.78,1.782,42153.7
2026-06-26 22:35:00,1.781,1.784,1.78,1.784,81232.4
2026-06-26 22:40:00,1.785,1.79,1.785,1.789,87011.3
2026-06-26 22:45:00,1.788,1.789,1.786,1.787,21722.9
2026-06-26 22:50:00,1.786,1.793,1.785,1.793,73025.0
2026-06-26 22:55:00,1.794,1.795,1.792,1.794,13358.4
2026-06-26 23:00:00,1.794,1.797,1.793,1.796,40144.0
2026-06-26 23:05:00,1.796,1.798,1.794,1.795,16830.1
2026-06-26 23:10:00,1.796,1.818,1.794,1.818,469332.1
2026-06-26 23:15:00,1.818,1.819,1.804,1.806,143269.4
2026-06-26 23:20:00,1.806,1.809,1.803,1.806,54943.6
2026-06-26 23:25:00,1.806,1.806,1.797,1.798,21915.2
2026-06-26 23:30:00,1.798,1.798,1.795,1.798,54415.7
2026-06-26 23:35:00,1.797,1.801,1.795,1.8,31205.6
2026-06-26 23:40:00,1.801,1.805,1.799,1.803,26157.8
2026-06-26 23:45:00,1.804,1.808,1.804,1.805,46863.5
2026-06-26 23:50:00,1.805,1.805,1.801,1.803,30725.0
2026-06-26 23:55:00,1.802,1.804,1.8,1.804,23625.6
2026-06-27 00:00:00,1.804,1.807,1.802,1.805,25159.3
2026-06-27 00:05:00,1.805,1.813,1.804,1.813,89917.6
2026-06-27 00:10:00,1.813,1.813,1.808,1.809,41453.5
2026-06-27 00:15:00,1.81,1.81,1.806,1.808,21877.9
2026-06-27 00:20:00,1.807,1.807,1.799,1.8,9452.1
2026-06-27 00:25:00,1.8,1.801,1.793,1.799,52536.5
2026-06-27 00:30:00,1.798,1.799,1.791,1.793,20127.6
2026-06-27 00:35:00,1.793,1.798,1.79,1.797,20670.0
2026-06-27 00:40:00,1.797,1.798,1.794,1.798,14059.7
2026-06-27 00:45:00,1.798,1.803,1.797,1.803,29626.1
2026-06-27 00:50:00,1.803,1.808,1.801,1.808,18416.4
2026-06-27 00:55:00,1.808,1.808,1.805,1.807,16544.4
2026-06-27 01:00:00,1.807,1.809,1.803,1.803,18809.1
2026-06-27 01:05:00,1.803,1.805,1.8,1.8,9749.4
2026-06-27 01:10:00,1.799,1.801,1.798,1.801,15013.3
2026-06-27 01:15:00,1.801,1.805,1.798,1.803,36865.7
2026-06-27 01:20:00,1.804,1.806,1.803,1.806,13642.8
2026-06-27 01:25:00,1.805,1.808,1.802,1.806,34257.4
2026-06-27 01:30:00,1.805,1.805,1.8,1.804,13389.1
2026-06-27 01:35:00,1.805,1.806,1.802,1.804,10241.1
2026-06-27 01:40:00,1.804,1.804,1.802,1.803,7813.7
2026-06-27 01:45:00,1.803,1.804,1.8,1.8,11535.5
2026-06-27 01:50:00,1.801,1.802,1.795,1.797,27182.9
2026-06-27 01:55:00,1.797,1.798,1.793,1.797,16444.0
2026-06-27 02:00:00,1.797,1.797,1.795,1.797,22252.6
2026-06-27 02:05:00,1.796,1.8,1.795,1.799,31383.8
2026-06-27 02:10:00,1.8,1.803,1.798,1.803,73462.5
2026-06-27 02:15:00,1.804,1.806,1.801,1.804,35723.6
2026-06-27 02:20:00,1.805,1.814,1.805,1.813,49518.0
2026-06-27 02:25:00,1.814,1.837,1.812,1.83,325586.1
2026-06-27 02:30:00,1.829,1.832,1.823,1.83,72069.2
2026-06-27 02:35:00,1.829,1.83,1.822,1.83,66433.4
2026-06-27 02:40:00,1.83,1.833,1.829,1.83,59128.4
2026-06-27 02:45:00,1.829,1.834,1.827,1.829,18519.6
2026-06-27 02:50:00,1.829,1.832,1.828,1.831,29946.5
2026-06-27 02:55:00,1.831,1.831,1.825,1.825,20845.2
2026-06-27 03:00:00,1.825,1.827,1.818,1.818,26269.2
2026-06-27 03:05:00,1.818,1.823,1.812,1.814,70120.4
2026-06-27 03:10:00,1.814,1.817,1.811,1.816,22229.3
2026-06-27 03:15:00,1.816,1.824,1.815,1.824,24217.7
2026-06-27 03:20:00,1.823,1.823,1.819,1.822,30985.2
2026-06-27 03:25:00,1.821,1.823,1.818,1.819,35952.7
2026-06-27 03:30:00,1.819,1.821,1.817,1.82,34477.5
2026-06-27 03:35:00,1.819,1.822,1.814,1.815,21730.5
2026-06-27 03:40:00,1.815,1.817,1.814,1.817,13110.6
2026-06-27 03:45:00,1.816,1.816,1.812,1.814,18778.8
2026-06-27 03:50:00,1.814,1.815,1.807,1.808,42158.8
2026-06-27 03:55:00,1.808,1.813,1.808,1.81,29661.8
2026-06-27 04:00:00,1.81,1.815,1.81,1.815,13431.5
2026-06-27 04:05:00,1.814,1.817,1.812,1.813,28275.7
2026-06-27 04:10:00,1.813,1.82,1.813,1.819,29582.6
2026-06-27 04:15:00,1.818,1.818,1.809,1.818,377472.8
2026-06-27 04:20:00,1.818,1.82,1.814,1.82,68595.7
2026-06-27 04:25:00,1.82,1.82,1.812,1.812,36025.3
2026-06-27 04:30:00,1.812,1.816,1.812,1.815,15292.7
2026-06-27 04:35:00,1.814,1.815,1.813,1.813,9099.3
2026-06-27 04:40:00,1.813,1.814,1.806,1.809,91609.5
2026-06-27 04:45:00,1.808,1.809,1.803,1.805,20434.0
2026-06-27 04:50:00,1.804,1.808,1.804,1.806,29948.0
2026-06-27 04:55:00,1.805,1.806,1.802,1.803,27061.6
2026-06-27 05:00:00,1.804,1.806,1.8,1.8,63039.6
2026-06-27 05:05:00,1.801,1.803,1.799,1.803,60643.7
2026-06-27 05:10:00,1.803,1.806,1.803,1.806,25062.6
2026-06-27 05:15:00,1.806,1.807,1.802,1.806,73868.9
2026-06-27 05:20:00,1.805,1.807,1.804,1.806,16621.7
2026-06-27 05:25:00,1.807,1.807,1.801,1.802,23702.7
2026-06-27 05:30:00,1.803,1.804,1.8,1.804,88903.6
2026-06-27 05:35:00,1.804,1.806,1.804,1.806,13999.6
2026-06-27 05:40:00,1.806,1.807,1.805,1.807,62988.7
2026-06-27 05:45:00,1.808,1.811,1.807,1.809,15276.4
2026-06-27 05:50:00,1.809,1.812,1.809,1.81,11961.3
2026-06-27 05:55:00,1.81,1.812,1.81,1.812,7379.3
2026-06-27 06:00:00,1.812,1.813,1.807,1.807,33629.2
2026-06-27 06:05:00,1.806,1.806,1.801,1.803,70958.0
2026-06-27 06:10:00,1.802,1.802,1.797,1.797,61519.8
2026-06-27 06:15:00,1.798,1.801,1.798,1.8,31360.7
2026-06-27 06:20:00,1.8,1.801,1.797,1.799,27800.4
2026-06-27 06:25:00,1.799,1.803,1.798,1.801,14056.0
2026-06-27 06:30:00,1.801,1.815,1.8,1.807,105422.1
2026-06-27 06:35:00,1.807,1.811,1.805,1.808,52673.3
2026-06-27 06:40:00,1.808,1.811,1.808,1.811,24731.2
2026-06-27 06:45:00,1.811,1.814,1.809,1.81,22325.4
2026-06-27 06:50:00,1.809,1.809,1.803,1.806,63395.2
2026-06-27 06:55:00,1.806,1.806,1.803,1.803,8950.5
2026-06-27 07:00:00,1.804,1.813,1.801,1.809,137050.5
2026-06-27 07:05:00,1.809,1.81,1.804,1.804,41148.1
2026-06-27 07:10:00,1.804,1.805,1.802,1.804,14423.1
2026-06-27 07:15:00,1.805,1.807,1.804,1.806,30445.4
2026-06-27 07:20:00,1.807,1.813,1.807,1.811,28942.8
2026-06-27 07:25:00,1.81,1.811,1.809,1.809,14842.8
2026-06-27 07:30:00,1.81,1.811,1.806,1.81,14771.1
2026-06-27 07:35:00,1.81,1.812,1.807,1.81,76529.1
2026-06-27 07:40:00,1.81,1.812,1.81,1.812,12109.2
2026-06-27 07:45:00,1.812,1.814,1.812,1.813,23539.4
2026-06-27 07:50:00,1.814,1.814,1.811,1.813,28746.8
2026-06-27 07:55:00,1.813,1.816,1.812,1.813,20938.4
2026-06-27 08:00:00,1.813,1.813,1.807,1.808,37824.0
2026-06-27 08:05:00,1.808,1.812,1.807,1.811,24141.1
2026-06-27 08:10:00,1.811,1.811,1.806,1.807,44796.5
2026-06-27 08:15:00,1.807,1.807,1.801,1.802,20434.5
2026-06-27 08:20:00,1.801,1.807,1.8,1.807,46528.8
2026-06-27 08:25:00,1.806,1.807,1.801,1.802,14148.9
2026-06-27 08:30:00,1.802,1.804,1.8,1.803,21266.9
2026-06-27 08:35:00,1.803,1.805,1.799,1.8,17514.2
2026-06-27 08:40:00,1.8,1.801,1.794,1.795,18518.3
2026-06-27 08:45:00,1.796,1.798,1.795,1.798,20008.6
2026-06-27 08:50:00,1.798,1.802,1.798,1.799,35719.7
2026-06-27 08:55:00,1.799,1.801,1.798,1.8,14154.8
2026-06-27 09:00:00,1.799,1.802,1.796,1.802,48056.5
2026-06-27 09:05:00,1.802,1.806,1.801,1.801,29714.5
2026-06-27 09:10:00,1.8,1.8,1.795,1.795,24227.7
2026-06-27 09:15:00,1.796,1.796,1.792,1.795,20452.3
2026-06-27 09:20:00,1.795,1.797,1.793,1.794,12867.7
2026-06-27 09:25:00,1.795,1.796,1.794,1.794,10072.3
2026-06-27 09:30:00,1.795,1.8,1.793,1.795,18944.4
2026-06-27 09:35:00,1.795,1.798,1.795,1.796,9936.7
2026-06-27 09:40:00,1.796,1.798,1.795,1.795,10007.7
2026-06-27 09:45:00,1.795,1.798,1.794,1.797,17477.3
2026-06-27 09:50:00,1.796,1.8,1.796,1.8,12101.2
2026-06-27 09:55:00,1.801,1.805,1.8,1.803,20317.8
2026-06-27 10:00:00,1.802,1.805,1.8,1.802,18872.5
2026-06-27 10:05:00,1.802,1.803,1.799,1.8,12335.2
2026-06-27 10:10:00,1.8,1.801,1.799,1.801,10760.5
2026-06-27 10:15:00,1.8,1.801,1.799,1.801,22872.2
2026-06-27 10:20:00,1.801,1.802,1.8,1.802,28424.3
2026-06-27 10:25:00,1.803,1.803,1.799,1.802,36548.5
2026-06-27 10:30:00,1.801,1.803,1.8,1.802,71246.1
2026-06-27 10:35:00,1.802,1.806,1.801,1.805,17333.9
2026-06-27 10:40:00,1.806,1.808,1.805,1.807,45616.3
2026-06-27 10:45:00,1.807,1.809,1.806,1.808,12226.8
2026-06-27 10:50:00,1.809,1.81,1.806,1.807,35751.8
2026-06-27 10:55:00,1.807,1.809,1.806,1.807,11133.5
2026-06-27 11:00:00,1.808,1.818,1.808,1.818,106225.8
2026-06-27 11:05:00,1.817,1.818,1.812,1.814,56246.9
2026-06-27 11:10:00,1.814,1.815,1.812,1.813,13736.1
2026-06-27 11:15:00,1.814,1.814,1.804,1.804,68892.9
2026-06-27 11:20:00,1.805,1.808,1.805,1.806,26268.1
2026-06-27 11:25:00,1.805,1.807,1.801,1.803,29800.2
2026-06-27 11:30:00,1.804,1.807,1.804,1.807,11088.8
2026-06-27 11:35:00,1.807,1.809,1.804,1.809,39077.2
2026-06-27 11:40:00,1.809,1.813,1.808,1.811,21511.2
2026-06-27 11:45:00,1.811,1.819,1.81,1.819,49941.8
2026-06-27 11:50:00,1.818,1.82,1.817,1.82,24102.8
2026-06-27 11:55:00,1.82,1.825,1.82,1.822,76826.8
2026-06-27 12:00:00,1.822,1.824,1.82,1.822,24247.9
2026-06-27 12:05:00,1.822,1.822,1.819,1.819,17198.8
2026-06-27 12:10:00,1.819,1.82,1.815,1.816,23270.3
2026-06-27 12:15:00,1.817,1.82,1.817,1.819,20348.7
2026-06-27 12:20:00,1.819,1.823,1.817,1.818,27905.4
2026-06-27 12:25:00,1.818,1.819,1.815,1.815,14656.9
2026-06-27 12:30:00,1.816,1.819,1.813,1.814,30068.2
2026-06-27 12:35:00,1.814,1.819,1.812,1.812,24615.1
2026-06-27 12:40:00,1.812,1.815,1.812,1.815,17588.3
2026-06-27 12:45:00,1.815,1.818,1.814,1.816,33295.1
2026-06-27 12:50:00,1.815,1.819,1.814,1.819,18438.5
2026-06-27 12:55:00,1.819,1.819,1.816,1.819,20150.8
2026-06-27 13:00:00,1.819,1.824,1.818,1.822,24270.7
2026-06-27 13:05:00,1.822,1.825,1.82,1.825,29775.4
2026-06-27 13:10:00,1.825,1.827,1.823,1.824,66471.4
2026-06-27 13:15:00,1.824,1.824,1.818,1.82,100080.0
2026-06-27 13:20:00,1.819,1.822,1.819,1.82,20514.7
2026-06-27 13:25:00,1.82,1.821,1.818,1.819,13938.5
2026-06-27 13:30:00,1.819,1.821,1.817,1.819,27729.6
2026-06-27 13:35:00,1.819,1.834,1.816,1.833,218864.5
2026-06-27 13:40:00,1.833,1.844,1.83,1.842,222990.0
2026-06-27 13:45:00,1.841,1.842,1.831,1.838,301613.3
2026-06-27 13:50:00,1.838,1.847,1.836,1.846,459328.7
2026-06-27 13:55:00,1.847,1.852,1.847,1.85,313220.3
2026-06-27 14:00:00,1.85,1.859,1.842,1.856,395529.7
2026-06-27 14:05:00,1.856,1.862,1.856,1.86,142023.4
2026-06-27 14:10:00,1.859,1.867,1.852,1.863,128315.5
2026-06-27 14:15:00,1.863,1.863,1.859,1.861,68841.5
2026-06-27 14:20:00,1.862,1.862,1.856,1.857,76823.7
2026-06-27 14:25:00,1.857,1.861,1.854,1.857,74518.2
2026-06-27 14:30:00,1.857,1.862,1.857,1.862,88393.3
2026-06-27 14:35:00,1.862,1.865,1.855,1.865,57629.6
2026-06-27 14:40:00,1.865,1.875,1.864,1.87,135364.9
2026-06-27 14:45:00,1.871,1.872,1.866,1.871,46244.6
2026-06-27 14:50:00,1.871,1.875,1.869,1.874,27929.3
2026-06-27 14:55:00,1.874,1.881,1.873,1.881,211496.5
2026-06-27 15:00:00,1.881,1.883,1.87,1.876,62988.6
2026-06-27 15:05:00,1.877,1.89,1.877,1.886,157472.6
2026-06-27 15:10:00,1.885,1.903,1.882,1.898,181693.3
2026-06-27 15:15:00,1.899,1.899,1.887,1.888,75165.7
2026-06-27 15:20:00,1.889,1.889,1.883,1.888,60831.6
2026-06-27 15:25:00,1.889,1.903,1.889,1.899,86759.7
2026-06-27 15:30:00,1.899,1.901,1.888,1.9,96029.1
2026-06-27 15:35:00,1.9,1.9,1.893,1.898,96355.3
2026-06-27 15:40:00,1.897,1.897,1.889,1.889,66546.3
2026-06-27 15:45:00,1.89,1.894,1.886,1.894,68398.5
2026-06-27 15:50:00,1.894,1.894,1.889,1.893,49102.9
2026-06-27 15:55:00,1.893,1.896,1.89,1.895,39885.2
2026-06-27 16:00:00,1.895,1.897,1.889,1.891,129163.6
2026-06-27 16:05:00,1.892,1.902,1.888,1.902,95560.3
2026-06-27 16:10:00,1.901,1.902,1.891,1.896,67469.1
2026-06-27 16:15:00,1.896,1.896,1.886,1.888,68862.9
2026-06-27 16:20:00,1.888,1.912,1.888,1.907,180012.3
2026-06-27 16:25:00,1.908,1.919,1.908,1.918,282124.5
2026-06-27 16:30:00,1.917,1.924,1.917,1.923,118194.3
2026-06-27 16:35:00,1.923,1.924,1.908,1.912,171108.3
2026-06-27 16:40:00,1.912,1.912,1.901,1.904,43907.2
2026-06-27 16:45:00,1.904,1.918,1.902,1.917,101957.0
2026-06-27 16:50:00,1.918,1.922,1.914,1.919,79955.1
2026-06-27 16:55:00,1.919,1.925,1.917,1.924,88691.6
2026-06-27 17:00:00,1.924,1.926,1.897,1.898,222089.8
2026-06-27 17:05:00,1.898,1.907,1.898,1.9,107446.1
2026-06-27 17:10:00,1.9,1.902,1.891,1.892,69397.2
2026-06-27 17:15:00,1.893,1.894,1.88,1.893,155607.5
2026-06-27 17:20:00,1.893,1.893,1.888,1.891,66891.9
2026-06-27 17:25:00,1.891,1.892,1.879,1.886,133493.5
2026-06-27 17:30:00,1.887,1.895,1.88,1.893,148735.6
2026-06-27 17:35:00,1.895,1.914,1.895,1.908,145675.8
2026-06-27 17:40:00,1.909,1.919,1.907,1.918,67261.0
2026-06-27 17:45:00,1.917,1.921,1.91,1.921,65563.4
2026-06-27 17:50:00,1.922,1.93,1.922,1.928,110420.1
2026-06-27 17:55:00,1.927,1.927,1.909,1.91,146593.9
2026-06-27 18:00:00,1.91,1.91,1.89,1.893,369281.5
2026-06-27 18:05:00,1.893,1.896,1.885,1.895,44535.7
2026-06-27 18:10:00,1.895,1.895,1.882,1.884,111718.5
2026-06-27 18:15:00,1.884,1.891,1.883,1.883,94397.7
2026-06-27 18:20:00,1.883,1.883,1.866,1.87,228384.0
2026-06-27 18:25:00,1.871,1.877,1.866,1.875,174133.2
2026-06-27 18:30:00,1.875,1.879,1.873,1.878,40717.2
2026-06-27 18:35:00,1.878,1.882,1.877,1.88,28856.4
2026-06-27 18:40:00,1.88,1.88,1.875,1.878,36523.7
2026-06-27 18:45:00,1.877,1.877,1.873,1.877,26246.8
2026-06-27 18:50:00,1.878,1.883,1.874,1.883,31478.3
2026-06-27 18:55:00,1.883,1.884,1.879,1.879,51505.4
2026-06-27 19:00:00,1.879,1.885,1.877,1.883,75369.8
2026-06-27 19:05:00,1.882,1.883,1.88,1.882,23822.4
2026-06-27 19:10:00,1.881,1.886,1.881,1.885,51111.5
2026-06-27 19:15:00,1.885,1.885,1.874,1.875,40372.4
2026-06-27 19:20:00,1.874,1.876,1.87,1.871,52577.6
2026-06-27 19:25:00,1.87,1.87,1.858,1.863,477100.6
2026-06-27 19:30:00,1.863,1.863,1.844,1.845,612374.8
2026-06-27 19:35:00,1.845,1.848,1.835,1.847,563114.1
2026-06-27 19:40:00,1.847,1.852,1.843,1.85,77853.8
2026-06-27 19:45:00,1.85,1.856,1.85,1.855,84474.1
2026-06-27 19:50:00,1.856,1.862,1.855,1.859,72721.2
2026-06-27 19:55:00,1.859,1.861,1.857,1.861,88106.0
2026-06-27 20:00:00,1.861,1.866,1.858,1.865,92019.2
2026-06-27 20:05:00,1.866,1.868,1.863,1.866,58842.9
2026-06-27 20:10:00,1.867,1.88,1.867,1.87,152059.9
2026-06-27 20:15:00,1.87,1.875,1.869,1.872,40406.7
2026-06-27 20:20:00,1.871,1.876,1.871,1.876,20122.2
2026-06-27 20:25:00,1.877,1.878,1.874,1.876,14435.5
2026-06-27 20:30:00,1.876,1.888,1.876,1.888,96966.8
2026-06-27 20:35:00,1.888,1.894,1.885,1.892,146679.2
2026-06-27 20:40:00,1.893,1.893,1.884,1.885,166858.3
2026-06-27 20:45:00,1.886,1.894,1.885,1.89,51125.2
2026-06-27 20:50:00,1.89,1.891,1.886,1.887,26032.8
2026-06-27 20:55:00,1.887,1.891,1.886,1.891,14764.6
2026-06-27 21:00:00,1.892,1.895,1.891,1.894,45434.7
2026-06-27 21:05:00,1.894,1.9,1.893,1.899,60381.8
2026-06-27 21:10:00,1.898,1.906,1.89,1.905,235847.3
2026-06-27 21:15:00,1.905,1.908,1.904,1.906,56876.1
2026-06-27 21:20:00,1.907,1.914,1.907,1.908,59289.7
2026-06-27 21:25:00,1.907,1.907,1.9,1.904,24281.8
2026-06-27 21:30:00,1.903,1.903,1.893,1.893,87698.6
2026-06-27 21:35:00,1.892,1.892,1.879,1.879,174983.0
2026-06-27 21:40:00,1.879,1.88,1.874,1.877,39862.3
2026-06-27 21:45:00,1.877,1.886,1.877,1.886,36484.8
2026-06-27 21:50:00,1.885,1.886,1.866,1.874,211826.8
2026-06-27 21:55:00,1.874,1.878,1.874,1.874,17646.8
2026-06-27 22:00:00,1.873,1.875,1.867,1.87,30243.0
2026-06-27 22:05:00,1.87,1.881,1.87,1.878,151105.1
2026-06-27 22:10:00,1.879,1.882,1.877,1.878,18248.0
2026-06-27 22:15:00,1.878,1.878,1.865,1.87,93126.6
2026-06-27 22:20:00,1.871,1.873,1.867,1.87,71319.2
2026-06-27 22:25:00,1.87,1.873,1.868,1.872,19832.3
2026-06-27 22:30:00,1.872,1.879,1.872,1.878,54812.5
2026-06-27 22:35:00,1.877,1.88,1.872,1.873,55671.8
2026-06-27 22:40:00,1.873,1.874,1.862,1.862,65949.6
2026-06-27 22:45:00,1.862,1.863,1.856,1.86,76779.9
2026-06-27 22:50:00,1.861,1.865,1.86,1.864,33413.0
2026-06-27 22:55:00,1.864,1.868,1.864,1.865,19978.4
2026-06-27 23:00:00,1.864,1.869,1.864,1.866,18406.2
2026-06-27 23:05:00,1.866,1.872,1.865,1.871,48704.5
2026-06-27 23:10:00,1.871,1.873,1.859,1.859,53026.6
2026-06-27 23:15:00,1.859,1.866,1.858,1.862,46580.8
2026-06-27 23:20:00,1.862,1.863,1.858,1.861,66582.3
2026-06-27 23:25:00,1.861,1.865,1.861,1.863,24825.6
2026-06-27 23:30:00,1.864,1.867,1.861,1.867,38795.0
2026-06-27 23:35:00,1.867,1.877,1.866,1.877,53843.0
2026-06-27 23:40:00,1.876,1.88,1.874,1.877,27901.7
2026-06-27 23:45:00,1.877,1.882,1.875,1.881,60765.6
2026-06-27 23:50:00,1.882,1.882,1.874,1.875,34268.3
2026-06-27 23:55:00,1.874,1.874,1.868,1.868,31184.5
2026-06-28 00:00:00,1.869,1.878,1.869,1.874,63369.2
2026-06-28 00:05:00,1.874,1.95,1.873,1.941,987580.5
2026-06-28 00:10:00,1.94,1.94,1.912,1.913,294262.3
2026-06-28 00:15:00,1.913,1.922,1.912,1.921,133625.5
2026-06-28 00:20:00,1.921,1.921,1.905,1.908,57942.3
2026-06-28 00:25:00,1.908,1.925,1.908,1.925,84421.3
2026-06-28 00:30:00,1.925,1.925,1.915,1.919,128229.6
2026-06-28 00:35:00,1.918,1.921,1.911,1.921,57412.6
2026-06-28 00:40:00,1.921,1.923,1.919,1.922,24214.8
2026-06-28 00:45:00,1.923,1.923,1.913,1.918,57258.9
2026-06-28 00:50:00,1.918,1.918,1.908,1.913,44838.5
2026-06-28 00:55:00,1.914,1.914,1.905,1.905,25329.2
2026-06-28 01:00:00,1.904,1.908,1.896,1.896,113954.3
2026-06-28 01:05:00,1.896,1.897,1.889,1.893,70495.3
2026-06-28 01:10:00,1.893,1.895,1.885,1.895,45079.0
2026-06-28 01:15:00,1.895,1.906,1.893,1.901,97524.1
2026-06-28 01:20:00,1.901,1.908,1.9,1.903,36248.7
2026-06-28 01:25:00,1.903,1.906,1.902,1.905,46456.1
2026-06-28 01:30:00,1.905,1.906,1.898,1.902,41741.0
2026-06-28 01:35:00,1.902,1.902,1.898,1.9,18426.1
2026-06-28 01:40:00,1.9,1.909,1.899,1.908,13845.4
2026-06-28 01:45:00,1.908,1.908,1.902,1.903,14837.0
2026-06-28 01:50:00,1.902,1.904,1.9,1.9,13647.5
2026-06-28 01:55:00,1.9,1.901,1.898,1.9,16092.3
2026-06-28 02:00:00,1.9,1.902,1.899,1.9,20047.5
2026-06-28 02:05:00,1.899,1.9,1.891,1.893,50802.0
2026-06-28 02:10:00,1.893,1.913,1.893,1.91,104591.8
2026-06-28 02:15:00,1.91,1.913,1.905,1.906,29890.9
2026-06-28 02:20:00,1.906,1.907,1.892,1.894,55169.7
2026-06-28 02:25:00,1.895,1.899,1.891,1.897,46307.8
2026-06-28 02:30:00,1.898,1.906,1.898,1.906,33522.3
2026-06-28 02:35:00,1.905,1.91,1.904,1.904,33548.2
2026-06-28 02:40:00,1.904,1.905,1.901,1.904,19179.8
2026-06-28 02:45:00,1.905,1.905,1.9,1.901,14104.8
2026-06-28 02:50:00,1.902,1.91,1.902,1.908,72699.5
2026-06-28 02:55:00,1.909,1.91,1.908,1.91,19316.3
2026-06-28 03:00:00,1.909,1.914,1.908,1.911,58350.0
2026-06-28 03:05:00,1.912,1.917,1.912,1.915,37741.9
2026-06-28 03:10:00,1.915,1.921,1.901,1.901,199238.8
2026-06-28 03:15:00,1.902,1.906,1.894,1.906,117675.9
2026-06-28 03:20:00,1.906,1.909,1.902,1.902,15368.8
2026-06-28 03:25:00,1.903,1.906,1.901,1.902,14161.2
2026-06-28 03:30:00,1.903,1.905,1.9,1.901,13238.0
2026-06-28 03:35:00,1.9,1.904,1.899,1.903,51495.6
2026-06-28 03:40:00,1.904,1.909,1.903,1.909,27631.8
2026-06-28 03:45:00,1.909,1.91,1.907,1.91,21824.9
2026-06-28 03:50:00,1.91,1.91,1.903,1.908,22859.9
2026-06-28 03:55:00,1.907,1.91,1.905,1.91,23750.3
2026-06-28 04:00:00,1.91,1.91,1.903,1.903,26294.4
2026-06-28 04:05:00,1.903,1.904,1.901,1.901,17018.6
2026-06-28 04:10:00,1.901,1.903,1.899,1.901,44804.2
2026-06-28 04:15:00,1.902,1.903,1.895,1.896,28291.1
2026-06-28 04:20:00,1.895,1.899,1.895,1.899,14180.1
2026-06-28 04:25:00,1.9,1.903,1.899,1.9,13115.4
2026-06-28 04:30:00,1.899,1.899,1.887,1.887,123463.7
2026-06-28 04:35:00,1.888,1.891,1.885,1.889,39338.0
2026-06-28 04:40:00,1.889,1.891,1.888,1.891,9394.9
2026-06-28 04:45:00,1.891,1.893,1.89,1.892,9234.1
2026-06-28 04:50:00,1.892,1.896,1.89,1.89,31576.2
2026-06-28 04:55:00,1.89,1.89,1.887,1.887,9642.8
2026-06-28 05:00:00,1.887,1.888,1.878,1.879,64383.7
2026-06-28 05:05:00,1.88,1.883,1.878,1.881,25791.3
2026-06-28 05:10:00,1.881,1.883,1.88,1.881,18810.8
2026-06-28 05:15:00,1.881,1.886,1.878,1.886,15867.4
2026-06-28 05:20:00,1.885,1.885,1.878,1.879,8744.9
2026-06-28 05:25:00,1.879,1.879,1.869,1.873,131488.6
2026-06-28 05:30:00,1.873,1.882,1.87,1.881,29404.6
2026-06-28 05:35:00,1.88,1.885,1.878,1.883,9654.9
2026-06-28 05:40:00,1.883,1.884,1.882,1.883,6552.5
2026-06-28 05:45:00,1.883,1.885,1.882,1.884,6580.5
2026-06-28 05:50:00,1.883,1.884,1.879,1.882,6762.5
2026-06-28 05:55:00,1.883,1.886,1.881,1.886,38771.2
2026-06-28 06:00:00,1.887,1.888,1.882,1.884,63106.6
2026-06-28 06:05:00,1.885,1.889,1.883,1.887,18261.8
2026-06-28 06:10:00,1.886,1.886,1.849,1.854,578301.2
2026-06-28 06:15:00,1.855,1.858,1.842,1.852,344328.1
2026-06-28 06:20:00,1.852,1.855,1.848,1.853,45450.8
2026-06-28 06:25:00,1.853,1.854,1.85,1.854,20168.9
2026-06-28 06:30:00,1.853,1.856,1.852,1.855,17867.9
2026-06-28 06:35:00,1.854,1.858,1.854,1.857,20423.0
2026-06-28 06:40:00,1.857,1.859,1.855,1.855,21673.1
2026-06-28 06:45:00,1.854,1.857,1.854,1.856,13475.7
2026-06-28 06:50:00,1.856,1.86,1.855,1.858,56396.6
2026-06-28 06:55:00,1.857,1.858,1.85,1.853,118723.8
2026-06-28 07:00:00,1.853,1.868,1.853,1.862,95822.2
2026-06-28 07:05:00,1.861,1.864,1.86,1.863,11130.4
2026-06-28 07:10:00,1.864,1.867,1.863,1.865,35350.3
2026-06-28 07:15:00,1.865,1.866,1.864,1.865,11207.2
2026-06-28 07:20:00,1.865,1.865,1.861,1.862,7257.3
2026-06-28 07:25:00,1.861,1.862,1.86,1.861,14862.0
2026-06-28 07:30:00,1.862,1.87,1.861,1.87,35672.4
2026-06-28 07:35:00,1.869,1.875,1.869,1.873,35037.4
2026-06-28 07:40:00,1.872,1.874,1.871,1.874,11718.7
2026-06-28 07:45:00,1.873,1.876,1.869,1.87,41822.8
2026-06-28 07:50:00,1.87,1.872,1.867,1.87,13836.2
2026-06-28 07:55:00,1.87,1.873,1.869,1.873,13740.3
2026-06-28 08:00:00,1.873,1.875,1.872,1.872,19653.9
2026-06-28 08:05:00,1.872,1.874,1.867,1.868,18200.6
2026-06-28 08:10:00,1.867,1.869,1.865,1.869,35307.6
2026-06-28 08:15:00,1.869,1.873,1.868,1.868,48108.9
2026-06-28 08:20:00,1.869,1.872,1.868,1.87,25104.9
2026-06-28 08:25:00,1.87,1.871,1.868,1.868,5876.4
2026-06-28 08:30:00,1.869,1.873,1.868,1.873,10349.0
2026-06-28 08:35:00,1.873,1.892,1.872,1.891,78373.6
2026-06-28 08:40:00,1.89,1.892,1.884,1.886,35823.0
2026-06-28 08:45:00,1.887,1.89,1.881,1.885,61841.8
2026-06-28 08:50:00,1.885,1.885,1.879,1.88,46420.6
2026-06-28 08:55:00,1.881,1.882,1.878,1.879,29207.5
2026-06-28 09:00:00,1.88,1.882,1.878,1.88,46447.5
2026-06-28 09:05:00,1.881,1.889,1.881,1.888,15198.5
2026-06-28 09:10:00,1.887,1.89,1.885,1.886,20101.9
2026-06-28 09:15:00,1.886,1.888,1.885,1.885,12402.2
2026-06-28 09:20:00,1.885,1.889,1.884,1.888,7645.8
2026-06-28 09:25:00,1.889,1.891,1.887,1.89,30596.5
2026-06-28 09:30:00,1.891,1.891,1.887,1.889,28640.5
2026-06-28 09:35:00,1.89,1.891,1.886,1.887,16187.8
2026-06-28 09:40:00,1.887,1.89,1.884,1.889,16388.0
2026-06-28 09:45:00,1.888,1.889,1.879,1.879,22213.0
2026-06-28 09:50:00,1.879,1.881,1.877,1.878,14323.8
2026-06-28 09:55:00,1.878,1.878,1.872,1.873,28863.3
2026-06-28 10:00:00,1.874,1.876,1.871,1.875,48115.9
2026-06-28 10:05:00,1.875,1.878,1.872,1.876,24906.5
2026-06-28 10:10:00,1.877,1.884,1.877,1.883,19509.0
2026-06-28 10:15:00,1.882,1.883,1.876,1.877,12476.4
2026-06-28 10:20:00,1.877,1.878,1.874,1.875,21248.0
2026-06-28 10:25:00,1.874,1.875,1.865,1.866,81145.9
2026-06-28 10:30:00,1.866,1.868,1.858,1.866,122780.5
2026-06-28 10:35:00,1.866,1.866,1.861,1.864,18076.6
2026-06-28 10:40:00,1.864,1.867,1.85,1.854,270716.1
2026-06-28 10:45:00,1.854,1.86,1.854,1.855,73051.9
2026-06-28 10:50:00,1.855,1.859,1.853,1.857,31420.8
2026-06-28 10:55:00,1.858,1.861,1.857,1.859,33051.1
2026-06-28 11:00:00,1.859,1.865,1.859,1.864,36368.2
2026-06-28 11:05:00,1.863,1.864,1.859,1.86,19270.5
2026-06-28 11:10:00,1.859,1.861,1.858,1.859,29887.5
2026-06-28 11:15:00,1.86,1.864,1.858,1.864,9945.7
2026-06-28 11:20:00,1.864,1.875,1.864,1.873,48580.4
2026-06-28 11:25:00,1.873,1.877,1.872,1.873,27586.8
2026-06-28 11:30:00,1.873,1.873,1.869,1.87,18920.7
2026-06-28 11:35:00,1.87,1.87,1.862,1.869,26054.4
2026-06-28 11:40:00,1.869,1.87,1.866,1.869,24230.8
2026-06-28 11:45:00,1.869,1.87,1.86,1.861,35724.0
2026-06-28 11:50:00,1.861,1.869,1.859,1.869,45886.8
2026-06-28 11:55:00,1.868,1.871,1.868,1.87,73014.1
2026-06-28 12:00:00,1.869,1.87,1.862,1.865,15894.7
2026-06-28 12:05:00,1.864,1.868,1.863,1.863,12263.9
2026-06-28 12:10:00,1.863,1.863,1.859,1.861,12729.2
2026-06-28 12:15:00,1.86,1.861,1.855,1.858,25267.6
2026-06-28 12:20:00,1.859,1.862,1.859,1.862,15561.1
2026-06-28 12:25:00,1.861,1.869,1.861,1.869,13922.5
2026-06-28 12:30:00,1.869,1.875,1.861,1.864,55545.3
2026-06-28 12:35:00,1.863,1.863,1.857,1.861,26968.8
2026-06-28 12:40:00,1.861,1.861,1.858,1.859,7557.5
2026-06-28 12:45:00,1.859,1.862,1.859,1.862,5062.3
2026-06-28 12:50:00,1.862,1.866,1.862,1.863,36709.3
2026-06-28 12:55:00,1.864,1.867,1.863,1.864,25054.2
2026-06-28 13:00:00,1.863,1.863,1.848,1.849,79149.0
2026-06-28 13:05:00,1.849,1.852,1.849,1.849,38127.7
2026-06-28 13:10:00,1.849,1.856,1.848,1.856,91212.2
2026-06-28 13:15:00,1.856,1.875,1.851,1.86,258208.8
2026-06-28 13:20:00,1.861,1.868,1.859,1.864,51785.3
2026-06-28 13:25:00,1.864,1.874,1.862,1.867,103987.0
2026-06-28 13:30:00,1.868,1.868,1.865,1.865,21307.4
2026-06-28 13:35:00,1.865,1.866,1.863,1.865,32098.3
2026-06-28 13:40:00,1.865,1.867,1.862,1.867,35035.5
2026-06-28 13:45:00,1.867,1.868,1.864,1.865,17823.3
2026-06-28 13:50:00,1.864,1.866,1.863,1.864,14390.0
2026-06-28 13:55:00,1.864,1.864,1.861,1.862,12971.1
2026-06-28 14:00:00,1.862,1.862,1.857,1.86,23248.2
2026-06-28 14:05:00,1.86,1.87,1.859,1.87,56411.9
2026-06-28 14:10:00,1.87,1.873,1.868,1.871,55954.2
2026-06-28 14:15:00,1.87,1.883,1.869,1.881,80408.2
2026-06-28 14:20:00,1.88,1.883,1.876,1.876,44236.9
2026-06-28 14:25:00,1.875,1.879,1.872,1.879,23774.2
2026-06-28 14:30:00,1.879,1.883,1.879,1.881,37584.2
2026-06-28 14:35:00,1.881,1.886,1.88,1.88,36929.2
2026-06-28 14:40:00,1.881,1.882,1.878,1.88,10503.2
2026-06-28 14:45:00,1.879,1.884,1.877,1.879,37881.6
2026-06-28 14:50:00,1.879,1.883,1.879,1.88,12951.7
2026-06-28 14:55:00,1.879,1.88,1.874,1.874,29105.7
2026-06-28 15:00:00,1.875,1.88,1.874,1.877,8836.8
2026-06-28 15:05:00,1.878,1.881,1.871,1.872,49074.5
2026-06-28 15:10:00,1.872,1.875,1.864,1.874,95669.2
2026-06-28 15:15:00,1.874,1.875,1.867,1.872,14693.7
2026-06-28 15:20:00,1.872,1.874,1.872,1.873,9851.1
2026-06-28 15:25:00,1.873,1.875,1.87,1.872,14490.3
2026-06-28 15:30:00,1.871,1.878,1.87,1.877,11057.7
2026-06-28 15:35:00,1.876,1.877,1.866,1.867,39924.0
2026-06-28 15:40:00,1.867,1.869,1.861,1.865,25473.2
2026-06-28 15:45:00,1.865,1.866,1.859,1.86,127658.5
2026-06-28 15:50:00,1.86,1.867,1.858,1.864,105326.5
2026-06-28 15:55:00,1.864,1.867,1.864,1.866,18236.6
2026-06-28 16:00:00,1.867,1.869,1.863,1.868,28870.3
2026-06-28 16:05:00,1.869,1.871,1.864,1.864,28504.4
2026-06-28 16:10:00,1.865,1.87,1.865,1.87,128678.2
2026-06-28 16:15:00,1.868,1.87,1.866,1.868,46539.5
2026-06-28 16:20:00,1.869,1.87,1.864,1.864,23730.5
2026-06-28 16:25:00,1.864,1.864,1.856,1.859,79907.2
2026-06-28 16:30:00,1.859,1.861,1.85,1.854,99351.7
2026-06-28 16:35:00,1.855,1.86,1.854,1.858,67227.7
2026-06-28 16:40:00,1.858,1.863,1.853,1.854,21437.0
2026-06-28 16:45:00,1.854,1.86,1.853,1.859,17303.9
2026-06-28 16:50:00,1.859,1.86,1.855,1.858,13569.7
2026-06-28 16:55:00,1.857,1.857,1.854,1.854,5985.2
2026-06-28 17:00:00,1.854,1.857,1.843,1.849,357130.6
2026-06-28 17:05:00,1.848,1.858,1.838,1.841,296874.2
2026-06-28 17:10:00,1.841,1.841,1.831,1.837,87863.8
2026-06-28 17:15:00,1.837,1.84,1.833,1.835,120373.6
2026-06-28 17:20:00,1.835,1.837,1.833,1.836,27768.2
2026-06-28 17:25:00,1.836,1.836,1.821,1.824,356848.1
2026-06-28 17:30:00,1.825,1.828,1.823,1.824,189348.2
2026-06-28 17:35:00,1.824,1.826,1.816,1.826,96002.4
2026-06-28 17:40:00,1.827,1.829,1.816,1.82,245327.9
2026-06-28 17:45:00,1.82,1.82,1.817,1.818,42129.8
2026-06-28 17:50:00,1.819,1.82,1.819,1.82,181394.1
2026-06-28 17:55:00,1.82,1.826,1.819,1.821,284425.3
2026-06-28 18:00:00,1.821,1.83,1.816,1.827,176275.4
2026-06-28 18:05:00,1.827,1.833,1.827,1.828,57000.5
2026-06-28 18:10:00,1.828,1.83,1.827,1.829,34718.5
2026-06-28 18:15:00,1.829,1.83,1.826,1.826,36019.9
2026-06-28 18:20:00,1.826,1.831,1.825,1.829,22510.1
2026-06-28 18:25:00,1.829,1.831,1.823,1.823,55015.8
2026-06-28 18:30:00,1.823,1.828,1.822,1.823,46259.8
2026-06-28 18:35:00,1.822,1.826,1.822,1.826,7829.9
2026-06-28 18:40:00,1.826,1.83,1.825,1.826,50880.1
2026-06-28 18:45:00,1.825,1.827,1.821,1.825,56173.6
2026-06-28 18:50:00,1.825,1.83,1.824,1.83,27162.8
2026-06-28 18:55:00,1.83,1.836,1.83,1.834,47172.4
2026-06-28 19:00:00,1.833,1.835,1.828,1.831,22528.1
2026-06-28 19:05:00,1.83,1.832,1.83,1.83,23245.5
2026-06-28 19:10:00,1.831,1.833,1.831,1.832,4825.2
2026-06-28 19:15:00,1.832,1.832,1.827,1.83,10046.8
2026-06-28 19:20:00,1.829,1.834,1.828,1.829,28411.0
2026-06-28 19:25:00,1.829,1.831,1.824,1.825,23546.8
2026-06-28 19:30:00,1.826,1.835,1.826,1.827,51327.6
2026-06-28 19:35:00,1.826,1.826,1.819,1.822,71018.4
2026-06-28 19:40:00,1.822,1.824,1.822,1.822,5201.9
2026-06-28 19:45:00,1.822,1.822,1.813,1.817,100759.0
2026-06-28 19:50:00,1.816,1.827,1.814,1.827,71118.8
2026-06-28 19:55:00,1.826,1.831,1.825,1.825,34751.7
2026-06-28 20:00:00,1.825,1.829,1.824,1.827,31935.3
2026-06-28 20:05:00,1.827,1.829,1.826,1.827,17731.2
2026-06-28 20:10:00,1.828,1.839,1.828,1.837,125913.6
2026-06-28 20:15:00,1.836,1.844,1.836,1.842,35591.2
2026-06-28 20:20:00,1.843,1.846,1.84,1.846,50263.0
2026-06-28 20:25:00,1.846,1.848,1.843,1.846,83301.9
2026-06-28 20:30:00,1.846,1.847,1.842,1.845,25971.0
2026-06-28 20:35:00,1.846,1.847,1.844,1.844,17401.2
2026-06-28 20:40:00,1.844,1.846,1.843,1.846,17436.5
2026-06-28 20:45:00,1.846,1.849,1.844,1.847,14180.8
2026-06-28 20:50:00,1.847,1.847,1.843,1.844,72408.9
2026-06-28 20:55:00,1.844,1.848,1.843,1.845,10110.1
2026-06-28 21:00:00,1.845,1.845,1.838,1.839,69691.0
2026-06-28 21:05:00,1.838,1.84,1.837,1.838,13483.4
2026-06-28 21:10:00,1.839,1.839,1.836,1.838,11935.7
2026-06-28 21:15:00,1.838,1.839,1.832,1.835,22696.7
2026-06-28 21:20:00,1.835,1.836,1.828,1.833,27957.7
2026-06-28 21:25:00,1.832,1.832,1.828,1.832,12683.4
2026-06-28 21:30:00,1.831,1.835,1.829,1.831,44229.3
2026-06-28 21:35:00,1.831,1.832,1.828,1.828,13269.4
2026-06-28 21:40:00,1.828,1.829,1.823,1.826,37928.2
2026-06-28 21:45:00,1.826,1.827,1.803,1.81,159280.6
2026-06-28 21:50:00,1.81,1.818,1.808,1.815,80458.7
2026-06-28 21:55:00,1.814,1.816,1.81,1.815,32650.8
2026-06-28 22:00:00,1.815,1.846,1.815,1.839,260843.1
2026-06-28 22:05:00,1.839,1.846,1.839,1.84,53411.7
2026-06-28 22:10:00,1.84,1.841,1.834,1.836,41046.6
2026-06-28 22:15:00,1.835,1.837,1.823,1.825,57544.9
2026-06-28 22:20:00,1.825,1.837,1.819,1.833,84287.7
2026-06-28 22:25:00,1.832,1.833,1.825,1.83,40566.0
2026-06-28 22:30:00,1.83,1.834,1.821,1.822,41937.9
2026-06-28 22:35:00,1.822,1.828,1.821,1.826,32332.0
2026-06-28 22:40:00,1.825,1.825,1.821,1.822,31319.6
2026-06-28 22:45:00,1.822,1.827,1.82,1.821,76850.3
2026-06-28 22:50:00,1.82,1.82,1.806,1.81,92349.5
2026-06-28 22:55:00,1.811,1.815,1.81,1.813,29575.0
2026-06-28 23:00:00,1.813,1.824,1.81,1.819,37419.4
2026-06-28 23:05:00,1.819,1.828,1.818,1.824,52483.8
2026-06-28 23:10:00,1.824,1.829,1.821,1.821,41258.3
2026-06-28 23:15:00,1.82,1.827,1.817,1.827,42283.7
2026-06-28 23:20:00,1.827,1.832,1.824,1.829,54570.7
2026-06-28 23:25:00,1.828,1.837,1.828,1.836,59340.3
2026-06-28 23:30:00,1.835,1.841,1.831,1.836,89621.1
2026-06-28 23:35:00,1.835,1.844,1.83,1.841,134184.7
2026-06-28 23:40:00,1.842,1.854,1.842,1.847,217180.1
2026-06-28 23:45:00,1.846,1.849,1.844,1.846,33265.2
2026-06-28 23:50:00,1.846,1.846,1.836,1.836,50973.6
2026-06-28 23:55:00,1.836,1.837,1.833,1.834,17114.7
2026-06-29 00:00:00,1.834,1.835,1.821,1.827,151311.0
2026-06-29 00:05:00,1.826,1.827,1.823,1.824,14930.5
2026-06-29 00:10:00,1.825,1.831,1.823,1.827,22289.5
2026-06-29 00:15:00,1.827,1.827,1.813,1.818,80393.7
2026-06-29 00:20:00,1.818,1.818,1.809,1.813,48860.7
2026-06-29 00:25:00,1.812,1.814,1.808,1.809,28368.2
2026-06-29 00:30:00,1.809,1.817,1.807,1.817,85392.1
2026-06-29 00:35:00,1.817,1.818,1.808,1.812,58554.6
2026-06-29 00:40:00,1.813,1.827,1.813,1.826,39983.0
2026-06-29 00:45:00,1.825,1.825,1.815,1.82,33497.0
2026-06-29 00:50:00,1.821,1.827,1.821,1.826,19724.6
2026-06-29 00:55:00,1.827,1.844,1.827,1.84,112602.6
2026-06-29 01:00:00,1.84,1.84,1.829,1.83,40138.9
2026-06-29 01:05:00,1.83,1.84,1.83,1.834,15706.8
2026-06-29 01:10:00,1.833,1.834,1.829,1.83,8616.9
2026-06-29 01:15:00,1.829,1.833,1.818,1.823,35203.3
2026-06-29 01:20:00,1.824,1.828,1.822,1.826,43164.9
2026-06-29 01:25:00,1.826,1.829,1.822,1.822,17384.8
2026-06-29 01:30:00,1.821,1.826,1.819,1.819,17655.8
2026-06-29 01:35:00,1.819,1.835,1.817,1.834,55091.8
2026-06-29 01:40:00,1.835,1.839,1.835,1.836,44959.3
2026-06-29 01:45:00,1.837,1.853,1.836,1.852,121621.4
2026-06-29 01:50:00,1.852,1.853,1.845,1.848,26045.3
2026-06-29 01:55:00,1.848,1.848,1.844,1.844,10034.9
2026-06-29 02:00:00,1.843,1.846,1.837,1.839,50289.5
2026-06-29 02:05:00,1.84,1.842,1.833,1.834,26514.1
2026-06-29 02:10:00,1.835,1.836,1.818,1.822,123682.4
2026-06-29 02:15:00,1.822,1.829,1.819,1.827,43602.7
2026-06-29 02:20:00,1.827,1.836,1.826,1.834,32863.4
2026-06-29 02:25:00,1.833,1.85,1.833,1.847,87207.4
2026-06-29 02:30:00,1.846,1.848,1.841,1.846,63376.0
2026-06-29 02:35:00,1.846,1.852,1.846,1.85,41822.2
2026-06-29 02:40:00,1.849,1.857,1.848,1.855,44773.1
2026-06-29 02:45:00,1.856,1.862,1.855,1.862,94957.4
2026-06-29 02:50:00,1.861,1.862,1.855,1.856,25222.4
2026-06-29 02:55:00,1.856,1.859,1.854,1.857,40778.6
2026-06-29 03:00:00,1.857,1.866,1.857,1.865,52179.0
2026-06-29 03:05:00,1.865,1.879,1.865,1.875,108544.7
2026-06-29 03:10:00,1.876,1.88,1.87,1.871,27712.2
2026-06-29 03:15:00,1.871,1.872,1.868,1.872,17200.1
2026-06-29 03:20:00,1.871,1.878,1.871,1.877,25212.7
2026-06-29 03:25:00,1.877,1.881,1.875,1.88,25076.9
2026-06-29 03:30:00,1.88,1.882,1.871,1.873,28554.2
2026-06-29 03:35:00,1.873,1.873,1.861,1.863,34119.8
2026-06-29 03:40:00,1.863,1.864,1.859,1.86,18236.6
2026-06-29 03:45:00,1.86,1.863,1.858,1.862,26746.1
2026-06-29 03:50:00,1.862,1.865,1.861,1.863,17693.6
2026-06-29 03:55:00,1.863,1.867,1.858,1.867,28577.3
2026-06-29 04:00:00,1.866,1.867,1.861,1.861,41078.5
2026-06-29 04:05:00,1.861,1.861,1.856,1.858,24482.2
2026-06-29 04:10:00,1.858,1.859,1.855,1.857,36148.6
2026-06-29 04:15:00,1.857,1.86,1.855,1.856,13558.1
2026-06-29 04:20:00,1.856,1.859,1.851,1.859,44393.5
2026-06-29 04:25:00,1.859,1.862,1.857,1.858,18128.8
2026-06-29 04:30:00,1.858,1.859,1.852,1.854,29291.6
2026-06-29 04:35:00,1.854,1.855,1.849,1.851,27741.2
2026-06-29 04:40:00,1.85,1.85,1.843,1.849,104685.0
2026-06-29 04:45:00,1.848,1.848,1.842,1.844,38902.8
2026-06-29 04:50:00,1.844,1.849,1.843,1.848,17610.2
2026-06-29 04:55:00,1.848,1.848,1.841,1.843,32903.9
2026-06-29 05:00:00,1.844,1.846,1.837,1.839,13811.3
2026-06-29 05:05:00,1.839,1.839,1.825,1.828,127750.0
2026-06-29 05:10:00,1.827,1.831,1.821,1.831,73793.9
2026-06-29 05:15:00,1.83,1.834,1.828,1.829,21137.7
2026-06-29 05:20:00,1.83,1.833,1.829,1.833,16794.6
2026-06-29 05:25:00,1.832,1.835,1.83,1.832,13518.3
2026-06-29 05:30:00,1.831,1.84,1.83,1.84,22933.4
2026-06-29 05:35:00,1.839,1.839,1.831,1.837,36363.7
2026-06-29 05:40:00,1.837,1.846,1.834,1.844,40026.7
2026-06-29 05:45:00,1.844,1.847,1.843,1.845,17357.1
2026-06-29 05:50:00,1.845,1.851,1.845,1.851,17610.7
2026-06-29 05:55:00,1.85,1.856,1.848,1.855,21951.6
2026-06-29 06:00:00,1.856,1.861,1.854,1.856,28506.8
2026-06-29 06:05:00,1.856,1.861,1.852,1.861,44510.8
2026-06-29 06:10:00,1.861,1.863,1.859,1.862,73256.4
2026-06-29 06:15:00,1.862,1.868,1.86,1.866,44872.1
2026-06-29 06:20:00,1.867,1.87,1.865,1.868,49711.1
2026-06-29 06:25:00,1.868,1.871,1.864,1.866,18599.5
2026-06-29 06:30:00,1.866,1.868,1.862,1.862,38051.6
2026-06-29 06:35:00,1.863,1.863,1.856,1.858,21766.6
2026-06-29 06:40:00,1.858,1.864,1.857,1.859,45519.8
2026-06-29 06:45:00,1.859,1.861,1.858,1.858,65131.2
2026-06-29 06:50:00,1.858,1.863,1.858,1.862,11829.5
2026-06-29 06:55:00,1.862,1.863,1.859,1.862,32474.5
2026-06-29 07:00:00,1.862,1.862,1.854,1.862,17059.0
2026-06-29 07:05:00,1.861,1.862,1.86,1.861,6636.3
2026-06-29 07:10:00,1.861,1.865,1.859,1.865,5918.7
2026-06-29 07:15:00,1.865,1.874,1.865,1.872,19713.8
2026-06-29 07:20:00,1.872,1.872,1.867,1.868,8913.8
2026-06-29 07:25:00,1.869,1.877,1.868,1.873,65903.4
2026-06-29 07:30:00,1.872,1.874,1.867,1.87,40146.3
2026-06-29 07:35:00,1.87,1.874,1.869,1.873,18192.9
2026-06-29 07:40:00,1.873,1.874,1.87,1.871,22508.1
2026-06-29 07:45:00,1.871,1.873,1.868,1.869,24002.1
2026-06-29 07:50:00,1.869,1.871,1.868,1.871,9748.2
2026-06-29 07:55:00,1.871,1.871,1.866,1.866,12198.9
2026-06-29 08:00:00,1.867,1.874,1.867,1.873,27286.6
2026-06-29 08:05:00,1.872,1.873,1.864,1.867,34761.9
2026-06-29 08:10:00,1.866,1.866,1.86,1.861,18809.6
2026-06-29 08:15:00,1.861,1.863,1.859,1.859,34610.9
2026-06-29 08:20:00,1.858,1.858,1.842,1.844,92576.5
2026-06-29 08:25:00,1.844,1.845,1.833,1.836,59487.8
2026-06-29 08:30:00,1.836,1.846,1.834,1.845,60204.2
2026-06-29 08:35:00,1.845,1.847,1.843,1.845,20483.6
2026-06-29 08:40:00,1.846,1.846,1.842,1.843,16219.7
2026-06-29 08:45:00,1.843,1.849,1.843,1.846,43058.8
2026-06-29 08:50:00,1.846,1.851,1.845,1.846,32883.1
2026-06-29 08:55:00,1.846,1.846,1.838,1.841,23179.1
2026-06-29 09:00:00,1.84,1.843,1.838,1.841,105984.8
2026-06-29 09:05:00,1.84,1.843,1.839,1.841,20396.3
2026-06-29 09:10:00,1.841,1.843,1.84,1.843,13640.6
2026-06-29 09:15:00,1.843,1.851,1.843,1.848,49919.9
2026-06-29 09:20:00,1.848,1.85,1.841,1.841,30399.6
2026-06-29 09:25:00,1.841,1.847,1.837,1.846,66585.1
2026-06-29 09:30:00,1.846,1.848,1.845,1.845,8230.6
2026-06-29 09:35:00,1.845,1.845,1.838,1.842,41284.1
2026-06-29 09:40:00,1.841,1.845,1.839,1.844,25733.1
2026-06-29 09:45:00,1.845,1.849,1.844,1.844,13945.2
2026-06-29 09:50:00,1.844,1.845,1.838,1.844,54330.3
2026-06-29 09:55:00,1.844,1.85,1.844,1.85,10464.4
2026-06-29 10:00:00,1.851,1.855,1.849,1.851,28670.0
2026-06-29 10:05:00,1.852,1.857,1.85,1.857,16537.4
2026-06-29 10:10:00,1.858,1.862,1.855,1.861,47031.7
2026-06-29 10:15:00,1.861,1.861,1.859,1.861,12087.6
2026-06-29 10:20:00,1.862,1.863,1.86,1.863,9905.2
2026-06-29 10:25:00,1.862,1.865,1.862,1.865,10171.8
2026-06-29 10:30:00,1.864,1.864,1.856,1.859,39123.7
2026-06-29 10:35:00,1.858,1.859,1.854,1.858,34175.7
2026-06-29 10:40:00,1.859,1.859,1.854,1.855,10727.8
2026-06-29 10:45:00,1.854,1.856,1.85,1.852,113631.1
2026-06-29 10:50:00,1.853,1.856,1.852,1.853,14332.4
2026-06-29 10:55:00,1.854,1.855,1.852,1.854,17531.3
2026-06-29 11:00:00,1.854,1.856,1.848,1.849,59657.0
2026-06-29 11:05:00,1.848,1.849,1.844,1.846,43011.7
2026-06-29 11:10:00,1.845,1.845,1.836,1.836,17260.8
2026-06-29 11:15:00,1.836,1.838,1.834,1.835,16042.9
2026-06-29 11:20:00,1.834,1.836,1.833,1.836,18370.1
2026-06-29 11:25:00,1.837,1.839,1.836,1.837,17800.4
2026-06-29 11:30:00,1.837,1.855,1.834,1.844,190478.3
2026-06-29 11:35:00,1.845,1.845,1.834,1.835,45500.1
2026-06-29 11:40:00,1.835,1.838,1.832,1.832,33039.2
2026-06-29 11:45:00,1.832,1.84,1.831,1.837,51263.0
2026-06-29 11:50:00,1.837,1.838,1.834,1.836,80735.0
2026-06-29 11:55:00,1.836,1.842,1.836,1.84,55467.6
2026-06-29 12:00:00,1.841,1.853,1.828,1.849,278419.8
2026-06-29 12:05:00,1.85,1.867,1.85,1.855,146326.1
2026-06-29 12:10:00,1.856,1.876,1.854,1.872,139461.6
2026-06-29 12:15:00,1.873,1.876,1.87,1.874,115117.1
2026-06-29 12:20:00,1.875,1.877,1.863,1.863,151061.5
2026-06-29 12:25:00,1.863,1.871,1.863,1.87,30299.1
2026-06-29 12:30:00,1.87,1.87,1.862,1.869,40593.7
2026-06-29 12:35:00,1.869,1.871,1.846,1.848,131712.1
2026-06-29 12:40:00,1.848,1.848,1.84,1.847,137838.5
2026-06-29 12:45:00,1.847,1.853,1.844,1.844,57224.1
2026-06-29 12:50:00,1.843,1.849,1.838,1.848,48911.4
2026-06-29 12:55:00,1.848,1.85,1.848,1.848,13074.0
2026-06-29 13:00:00,1.848,1.858,1.848,1.856,100352.0
2026-06-29 13:05:00,1.857,1.862,1.856,1.858,29213.9
2026-06-29 13:10:00,1.858,1.869,1.857,1.866,26006.9
2026-06-29 13:15:00,1.866,1.869,1.863,1.864,39340.7
2026-06-29 13:20:00,1.864,1.865,1.848,1.85,55302.8
2026-06-29 13:25:00,1.85,1.85,1.838,1.839,116832.0
2026-06-29 13:30:00,1.838,1.86,1.829,1.856,250509.0
2026-06-29 13:35:00,1.856,1.856,1.838,1.839,88357.5
2026-06-29 13:40:00,1.839,1.843,1.832,1.834,153507.8
2026-06-29 13:45:00,1.835,1.839,1.828,1.834,95134.9
2026-06-29 13:50:00,1.834,1.85,1.831,1.839,96266.5
2026-06-29 13:55:00,1.84,1.849,1.835,1.848,86297.2
2026-06-29 14:00:00,1.849,1.85,1.841,1.848,90982.3
2026-06-29 14:05:00,1.848,1.848,1.834,1.838,69945.7
2026-06-29 14:10:00,1.838,1.843,1.832,1.835,83239.3
2026-06-29 14:15:00,1.835,1.835,1.818,1.827,526285.8
2026-06-29 14:20:00,1.826,1.827,1.815,1.823,108777.7
2026-06-29 14:25:00,1.824,1.834,1.823,1.828,67244.8
2026-06-29 14:30:00,1.828,1.841,1.825,1.837,57516.9
2026-06-29 14:35:00,1.837,1.838,1.83,1.832,48108.9
2026-06-29 14:40:00,1.831,1.836,1.826,1.827,30625.5
2026-06-29 14:45:00,1.826,1.831,1.822,1.827,56207.7
2026-06-29 14:50:00,1.828,1.847,1.827,1.842,87569.0
2026-06-29 14:55:00,1.843,1.848,1.842,1.847,35475.3
2026-06-29 15:00:00,1.848,1.848,1.827,1.829,55101.2
2026-06-29 15:05:00,1.828,1.83,1.822,1.828,84343.6
2026-06-29 15:10:00,1.829,1.831,1.821,1.827,30019.9
2026-06-29 15:15:00,1.827,1.832,1.827,1.831,29433.0
2026-06-29 15:20:00,1.831,1.832,1.818,1.821,84366.3
2026-06-29 15:25:00,1.822,1.836,1.821,1.836,59793.9
2026-06-29 15:30:00,1.835,1.844,1.835,1.838,101631.3
2026-06-29 15:35:00,1.837,1.846,1.835,1.842,73657.5
2026-06-29 15:40:00,1.842,1.844,1.837,1.843,42072.3
2026-06-29 15:45:00,1.843,1.846,1.84,1.845,57448.3
2026-06-29 15:50:00,1.845,1.85,1.842,1.85,50863.1
2026-06-29 15:55:00,1.851,1.851,1.844,1.847,31270.4
2026-06-29 16:00:00,1.847,1.849,1.844,1.844,35126.7
2026-06-29 16:05:00,1.844,1.85,1.844,1.847,16735.1
2026-06-29 16:10:00,1.847,1.853,1.845,1.848,58881.3
2026-06-29 16:15:00,1.848,1.85,1.846,1.847,26803.0
2026-06-29 16:20:00,1.848,1.848,1.843,1.843,42945.4
2026-06-29 16:25:00,1.844,1.848,1.84,1.845,41923.7
2026-06-29 16:30:00,1.844,1.849,1.841,1.843,34816.6
2026-06-29 16:35:00,1.843,1.85,1.843,1.85,16583.3
2026-06-29 16:40:00,1.85,1.86,1.849,1.858,75861.9
2026-06-29 16:45:00,1.858,1.862,1.855,1.862,72976.6
2026-06-29 16:50:00,1.862,1.864,1.859,1.859,49840.3
2026-06-29 16:55:00,1.86,1.86,1.854,1.856,28502.3
2026-06-29 17:00:00,1.856,1.867,1.855,1.867,79028.2
2026-06-29 17:05:00,1.867,1.873,1.864,1.866,84106.2
2026-06-29 17:10:00,1.866,1.887,1.866,1.882,96679.5
2026-06-29 17:15:00,1.883,1.914,1.883,1.9,378007.0
2026-06-29 17:20:00,1.901,1.903,1.889,1.892,81538.9
2026-06-29 17:25:00,1.892,1.899,1.889,1.898,62108.1
2026-06-29 17:30:00,1.898,1.904,1.887,1.892,88901.5
2026-06-29 17:35:00,1.891,1.908,1.89,1.897,174764.3
2026-06-29 17:40:00,1.897,1.912,1.895,1.908,159049.4
2026-06-29 17:45:00,1.908,1.908,1.902,1.904,63900.7
2026-06-29 17:50:00,1.904,1.905,1.897,1.897,63977.5
2026-06-29 17:55:00,1.898,1.913,1.897,1.903,165696.3
2026-06-29 18:00:00,1.902,1.902,1.896,1.901,38189.3
2026-06-29 18:05:00,1.901,1.916,1.901,1.909,86916.6
2026-06-29 18:10:00,1.91,1.913,1.909,1.911,89306.8
2026-06-29 18:15:00,1.911,1.913,1.897,1.908,145722.5
2026-06-29 18:20:00,1.907,1.908,1.903,1.905,24707.5
2026-06-29 18:25:00,1.905,1.907,1.894,1.894,39031.6
2026-06-29 18:30:00,1.894,1.896,1.891,1.893,31439.9
2026-06-29 18:35:00,1.893,1.896,1.889,1.893,48200.4
2026-06-29 18:40:00,1.893,1.902,1.893,1.897,79087.4
2026-06-29 18:45:00,1.897,1.897,1.891,1.891,30246.2
2026-06-29 18:50:00,1.891,1.891,1.887,1.889,28783.7
2026-06-29 18:55:00,1.889,1.892,1.887,1.892,28759.6
2026-06-29 19:00:00,1.892,1.893,1.883,1.884,53150.4
2026-06-29 19:05:00,1.884,1.886,1.881,1.884,33506.6
2026-06-29 19:10:00,1.884,1.886,1.882,1.886,34375.5
2026-06-29 19:15:00,1.885,1.896,1.884,1.895,42936.9
2026-06-29 19:20:00,1.895,1.901,1.895,1.9,36268.8
2026-06-29 19:25:00,1.9,1.907,1.899,1.905,52532.4
2026-06-29 19:30:00,1.905,1.906,1.9,1.902,22093.3
2026-06-29 19:35:00,1.902,1.908,1.901,1.905,23711.4
2026-06-29 19:40:00,1.906,1.909,1.9,1.905,30924.5
2026-06-29 19:45:00,1.904,1.906,1.898,1.9,48065.4
2026-06-29 19:50:00,1.9,1.9,1.894,1.894,40571.7
2026-06-29 19:55:00,1.895,1.896,1.892,1.895,16439.7
2026-06-29 20:00:00,1.895,1.896,1.893,1.894,22797.4
2026-06-29 20:05:00,1.895,1.895,1.89,1.891,42194.8
2026-06-29 20:10:00,1.89,1.897,1.889,1.895,42491.1
2026-06-29 20:15:00,1.894,1.898,1.893,1.897,15753.1
2026-06-29 20:20:00,1.896,1.9,1.896,1.899,12741.6
2026-06-29 20:25:00,1.899,1.9,1.891,1.892,26278.1
2026-06-29 20:30:00,1.892,1.892,1.889,1.892,26164.8
2026-06-29 20:35:00,1.892,1.892,1.888,1.888,24045.6
2026-06-29 20:40:00,1.888,1.889,1.87,1.874,413745.8
2026-06-29 20:45:00,1.874,1.874,1.869,1.87,102745.8
2026-06-29 20:50:00,1.87,1.871,1.866,1.869,48803.7
2026-06-29 20:55:00,1.869,1.869,1.865,1.869,24026.4
2026-06-29 21:00:00,1.868,1.872,1.863,1.864,35678.7
2026-06-29 21:05:00,1.864,1.866,1.862,1.864,24366.9
2026-06-29 21:10:00,1.863,1.876,1.863,1.875,162040.8
2026-06-29 21:15:00,1.876,1.876,1.869,1.87,23526.6
2026-06-29 21:20:00,1.871,1.877,1.87,1.872,30761.2
2026-06-29 21:25:00,1.873,1.881,1.872,1.877,45461.3
2026-06-29 21:30:00,1.877,1.883,1.872,1.882,100373.7
2026-06-29 21:35:00,1.882,1.889,1.878,1.887,58107.4
2026-06-29 21:40:00,1.887,1.887,1.879,1.879,40569.2
2026-06-29 21:45:00,1.88,1.885,1.879,1.882,8391.9
2026-06-29 21:50:00,1.881,1.883,1.879,1.881,20237.5
2026-06-29 21:55:00,1.881,1.881,1.856,1.86,704955.9
2026-06-29 22:00:00,1.859,1.873,1.854,1.871,143649.2
2026-06-29 22:05:00,1.87,1.874,1.869,1.872,30502.4
2026-06-29 22:10:00,1.871,1.871,1.864,1.865,23800.1
2026-06-29 22:15:00,1.865,1.867,1.861,1.864,19774.5
2026-06-29 22:20:00,1.863,1.866,1.861,1.863,42911.4
2026-06-29 22:25:00,1.863,1.864,1.859,1.86,24844.3
2026-06-29 22:30:00,1.86,1.862,1.858,1.859,126714.0
2026-06-29 22:35:00,1.86,1.861,1.858,1.861,118439.2
2026-06-29 22:40:00,1.861,1.864,1.86,1.862,19865.1
2026-06-29 22:45:00,1.863,1.865,1.862,1.864,12417.7
2026-06-29 22:50:00,1.863,1.865,1.862,1.865,12832.2
2026-06-29 22:55:00,1.865,1.865,1.855,1.855,64239.0
2026-06-29 23:00:00,1.855,1.859,1.854,1.858,22891.5
2026-06-29 23:05:00,1.857,1.86,1.856,1.858,10335.3
2026-06-29 23:10:00,1.859,1.86,1.856,1.859,13578.7
2026-06-29 23:15:00,1.859,1.861,1.857,1.859,9549.8
2026-06-29 23:20:00,1.859,1.859,1.856,1.858,21117.7
2026-06-29 23:25:00,1.859,1.861,1.858,1.861,19737.8
2026-06-29 23:30:00,1.86,1.867,1.858,1.867,22572.3
2026-06-29 23:35:00,1.866,1.87,1.865,1.865,28891.9
2026-06-29 23:40:00,1.864,1.868,1.861,1.867,37343.2
2026-06-29 23:45:00,1.867,1.87,1.863,1.864,10612.3
2026-06-29 23:50:00,1.865,1.867,1.858,1.863,76560.6
2026-06-29 23:55:00,1.863,1.866,1.863,1.865,10491.6
2026-06-30 00:00:00,1.865,1.867,1.855,1.858,119215.6
2026-06-30 00:05:00,1.858,1.862,1.843,1.847,84595.9
2026-06-30 00:10:00,1.847,1.855,1.846,1.851,50407.4
2026-06-30 00:15:00,1.851,1.854,1.85,1.85,25381.6
2026-06-30 00:20:00,1.85,1.85,1.847,1.848,21505.8
2026-06-30 00:25:00,1.847,1.849,1.84,1.842,27801.3
2026-06-30 00:30:00,1.843,1.844,1.834,1.837,90769.9
2026-06-30 00:35:00,1.837,1.841,1.832,1.836,97847.9
2026-06-30 00:40:00,1.837,1.84,1.836,1.84,26501.0
2026-06-30 00:45:00,1.84,1.841,1.837,1.839,30627.7
2026-06-30 00:50:00,1.839,1.843,1.835,1.84,17702.7
2026-06-30 00:55:00,1.841,1.841,1.835,1.837,21118.0
2026-06-30 01:00:00,1.836,1.838,1.832,1.834,113801.0
2026-06-30 01:05:00,1.834,1.835,1.83,1.831,60785.9
2026-06-30 01:10:00,1.831,1.834,1.829,1.832,26678.9
2026-06-30 01:15:00,1.832,1.835,1.828,1.834,54492.6
2026-06-30 01:20:00,1.834,1.837,1.832,1.836,31338.1
2026-06-30 01:25:00,1.836,1.842,1.834,1.842,70515.0
2026-06-30 01:30:00,1.842,1.842,1.838,1.839,20431.9
2026-06-30 01:35:00,1.839,1.839,1.833,1.837,22417.1
2026-06-30 01:40:00,1.836,1.837,1.83,1.835,67677.1
2026-06-30 01:45:00,1.836,1.837,1.833,1.836,15704.1
2026-06-30 01:50:00,1.836,1.838,1.834,1.834,49310.8
2026-06-30 01:55:00,1.834,1.84,1.834,1.84,8916.5
2026-06-30 02:00:00,1.84,1.84,1.835,1.837,21515.8
2026-06-30 02:05:00,1.837,1.838,1.833,1.834,12965.4
2026-06-30 02:10:00,1.835,1.835,1.829,1.832,46241.2
2026-06-30 02:15:00,1.832,1.834,1.829,1.834,49223.2
2026-06-30 02:20:00,1.834,1.841,1.834,1.84,57820.9
2026-06-30 02:25:00,1.841,1.842,1.84,1.841,72578.3
2026-06-30 02:30:00,1.84,1.84,1.836,1.838,17805.4
2026-06-30 02:35:00,1.838,1.838,1.834,1.838,7064.1
2026-06-30 02:40:00,1.838,1.84,1.835,1.839,16930.0
2026-06-30 02:45:00,1.839,1.843,1.837,1.842,21601.3
2026-06-30 02:50:00,1.842,1.844,1.841,1.843,13450.2
2026-06-30 02:55:00,1.843,1.843,1.839,1.84,16257.6
2026-06-30 03:00:00,1.84,1.843,1.838,1.842,6394.0
2026-06-30 03:05:00,1.842,1.845,1.841,1.845,13514.5
2026-06-30 03:10:00,1.844,1.846,1.843,1.844,28558.5
2026-06-30 03:15:00,1.845,1.85,1.844,1.85,12242.8
2026-06-30 03:20:00,1.85,1.852,1.847,1.847,37868.5
2026-06-30 03:25:00,1.846,1.85,1.846,1.85,17607.1
2026-06-30 03:30:00,1.85,1.854,1.849,1.851,28587.7
2026-06-30 03:35:00,1.851,1.854,1.849,1.853,17590.3
2026-06-30 03:40:00,1.853,1.853,1.852,1.853,18319.6
2026-06-30 03:45:00,1.853,1.855,1.852,1.854,13848.3
2026-06-30 03:50:00,1.854,1.855,1.849,1.852,19655.7
2026-06-30 03:55:00,1.851,1.854,1.848,1.852,22013.5
2026-06-30 04:00:00,1.851,1.857,1.847,1.857,80298.5
2026-06-30 04:05:00,1.857,1.857,1.842,1.843,58694.1
2026-06-30 04:10:00,1.843,1.855,1.842,1.855,36263.7
2026-06-30 04:15:00,1.854,1.857,1.849,1.852,22845.0
2026-06-30 04:20:00,1.852,1.859,1.85,1.855,53940.7
2026-06-30 04:25:00,1.855,1.859,1.854,1.859,20667.1
2026-06-30 04:30:00,1.858,1.863,1.858,1.862,44899.7
2026-06-30 04:35:00,1.862,1.866,1.859,1.862,116234.5
2026-06-30 04:40:00,1.863,1.864,1.859,1.861,24664.6
2026-06-30 04:45:00,1.861,1.862,1.857,1.859,29408.1
2026-06-30 04:50:00,1.86,1.864,1.858,1.861,30968.5
2026-06-30 04:55:00,1.861,1.863,1.859,1.862,20669.1
2026-06-30 05:00:00,1.861,1.865,1.86,1.862,30264.5
2026-06-30 05:05:00,1.862,1.867,1.861,1.866,18885.8
2026-06-30 05:10:00,1.866,1.872,1.865,1.871,36641.0
2026-06-30 05:15:00,1.871,1.871,1.861,1.861,28223.0
2026-06-30 05:20:00,1.861,1.869,1.861,1.869,25809.3
2026-06-30 05:25:00,1.869,1.869,1.863,1.867,81742.4
2026-06-30 05:30:00,1.867,1.871,1.864,1.865,104456.5
2026-06-30 05:35:00,1.865,1.866,1.862,1.865,64641.4
2026-06-30 05:40:00,1.864,1.871,1.863,1.865,44296.6
2026-06-30 05:45:00,1.866,1.87,1.866,1.87,10384.6
2026-06-30 05:50:00,1.87,1.873,1.867,1.873,70612.6
2026-06-30 05:55:00,1.872,1.875,1.872,1.874,29619.2
2026-06-30 06:00:00,1.874,1.875,1.872,1.873,15858.7
2026-06-30 06:05:00,1.873,1.873,1.861,1.864,63983.5
2026-06-30 06:10:00,1.865,1.87,1.863,1.866,54017.0
2026-06-30 06:15:00,1.866,1.867,1.858,1.859,40777.0
2026-06-30 06:20:00,1.859,1.867,1.859,1.867,39278.1
2026-06-30 06:25:00,1.866,1.867,1.862,1.865,53894.8
2026-06-30 06:30:00,1.866,1.866,1.863,1.864,22876.0
2026-06-30 06:35:00,1.865,1.867,1.863,1.867,13504.0
2026-06-30 06:40:00,1.867,1.869,1.864,1.865,47645.8
2026-06-30 06:45:00,1.864,1.864,1.858,1.863,28895.0
2026-06-30 06:50:00,1.863,1.863,1.859,1.859,19960.3
2026-06-30 06:55:00,1.86,1.861,1.857,1.857,16468.4
2026-06-30 07:00:00,1.858,1.865,1.855,1.855,129195.0
2026-06-30 07:05:00,1.855,1.857,1.849,1.852,40101.7
2026-06-30 07:10:00,1.852,1.852,1.847,1.851,11968.6
2026-06-30 07:15:00,1.851,1.856,1.851,1.853,21675.0
2026-06-30 07:20:00,1.854,1.854,1.851,1.852,9746.3
2026-06-30 07:25:00,1.852,1.854,1.851,1.851,19966.0
2026-06-30 07:30:00,1.851,1.856,1.851,1.854,24377.3
2026-06-30 07:35:00,1.854,1.859,1.854,1.857,33549.6
2026-06-30 07:40:00,1.857,1.859,1.855,1.856,18085.9
2026-06-30 07:45:00,1.856,1.862,1.855,1.861,31811.0
2026-06-30 07:50:00,1.861,1.861,1.854,1.857,46075.7
2026-06-30 07:55:00,1.858,1.858,1.854,1.858,17465.7
2026-06-30 08:00:00,1.857,1.857,1.852,1.853,27166.6
2026-06-30 08:05:00,1.853,1.855,1.849,1.85,24969.3
2026-06-30 08:10:00,1.851,1.854,1.845,1.847,123829.1
2026-06-30 08:15:00,1.847,1.851,1.844,1.851,33799.5
2026-06-30 08:20:00,1.851,1.854,1.848,1.85,26970.0
2026-06-30 08:25:00,1.85,1.851,1.845,1.846,22227.7
2026-06-30 08:30:00,1.846,1.847,1.84,1.841,27442.6
2026-06-30 08:35:00,1.842,1.861,1.835,1.843,452835.3
2026-06-30 08:40:00,1.843,1.851,1.831,1.846,307981.6
2026-06-30 08:45:00,1.846,1.846,1.838,1.842,46756.6
2026-06-30 08:50:00,1.841,1.851,1.84,1.849,83402.0
2026-06-30 08:55:00,1.848,1.851,1.847,1.849,24791.2
2026-06-30 09:00:00,1.848,1.848,1.846,1.847,18411.7
2026-06-30 09:05:00,1.847,1.847,1.841,1.843,15082.9
2026-06-30 09:10:00,1.844,1.846,1.841,1.842,76905.4
2026-06-30 09:15:00,1.842,1.842,1.832,1.839,55177.4
2026-06-30 09:20:00,1.839,1.839,1.836,1.838,25694.1
2026-06-30 09:25:00,1.838,1.843,1.836,1.836,68735.9
2026-06-30 09:30:00,1.836,1.837,1.835,1.836,23092.6
2026-06-30 09:35:00,1.837,1.844,1.836,1.842,25335.5
2026-06-30 09:40:00,1.842,1.844,1.84,1.84,25034.7
2026-06-30 09:45:00,1.84,1.842,1.84,1.842,8155.4
2026-06-30 09:50:00,1.842,1.844,1.842,1.844,18601.0
2026-06-30 09:55:00,1.844,1.844,1.842,1.844,15430.3
2026-06-30 10:00:00,1.845,1.845,1.841,1.842,23357.4
2026-06-30 10:05:00,1.842,1.843,1.838,1.838,22315.3
2026-06-30 10:10:00,1.838,1.843,1.836,1.842,26387.7
2026-06-30 10:15:00,1.843,1.845,1.838,1.84,46816.9
2026-06-30 10:20:00,1.84,1.841,1.838,1.84,25234.7
2026-06-30 10:25:00,1.84,1.841,1.839,1.841,14598.1
2026-06-30 10:30:00,1.84,1.844,1.839,1.843,26388.1
2026-06-30 10:35:00,1.842,1.843,1.84,1.843,16378.6
2026-06-30 10:40:00,1.842,1.847,1.841,1.846,30485.5
2026-06-30 10:45:00,1.846,1.853,1.845,1.851,53535.2
2026-06-30 10:50:00,1.85,1.857,1.849,1.856,52478.9
2026-06-30 10:55:00,1.856,1.862,1.854,1.859,34415.9
2026-06-30 11:00:00,1.859,1.859,1.855,1.858,29033.7
2026-06-30 11:05:00,1.857,1.857,1.853,1.853,63224.0
2026-06-30 11:10:00,1.853,1.854,1.85,1.852,19839.9
2026-06-30 11:15:00,1.852,1.854,1.843,1.843,44648.1
2026-06-30 11:20:00,1.843,1.845,1.839,1.841,33830.1
2026-06-30 11:25:00,1.841,1.842,1.838,1.839,22737.9
2026-06-30 11:30:00,1.84,1.84,1.835,1.836,33265.8
2026-06-30 11:35:00,1.836,1.841,1.835,1.839,18571.7
2026-06-30 11:40:00,1.84,1.845,1.84,1.843,18515.7
2026-06-30 11:45:00,1.844,1.846,1.843,1.844,17703.1
2026-06-30 11:50:00,1.844,1.85,1.837,1.838,77228.9
2026-06-30 11:55:00,1.837,1.847,1.834,1.846,81880.6
2026-06-30 12:00:00,1.846,1.846,1.834,1.836,62913.2
2026-06-30 12:05:00,1.835,1.836,1.832,1.833,35521.6
2026-06-30 12:10:00,1.832,1.833,1.819,1.821,150231.7
2026-06-30 12:15:00,1.82,1.826,1.819,1.824,53436.6
2026-06-30 12:20:00,1.824,1.824,1.808,1.811,98825.3
2026-06-30 12:25:00,1.81,1.82,1.809,1.815,62722.9
2026-06-30 12:30:00,1.815,1.819,1.813,1.817,55268.0
2026-06-30 12:35:00,1.817,1.819,1.813,1.815,90260.7
2026-06-30 12:40:00,1.816,1.816,1.799,1.8,236342.0
2026-06-30 12:45:00,1.8,1.802,1.775,1.786,642737.3
2026-06-30 12:50:00,1.786,1.79,1.778,1.783,76535.1
2026-06-30 12:55:00,1.783,1.788,1.774,1.775,199615.9
2026-06-30 13:00:00,1.776,1.786,1.769,1.77,240635.9
2026-06-30 13:05:00,1.771,1.78,1.769,1.776,195251.6
2026-06-30 13:10:00,1.776,1.777,1.759,1.764,344126.3
2026-06-30 13:15:00,1.764,1.778,1.764,1.775,121926.6
2026-06-30 13:20:00,1.775,1.783,1.775,1.78,52725.5
2026-06-30 13:25:00,1.781,1.785,1.78,1.783,41650.3
2026-06-30 13:30:00,1.783,1.793,1.775,1.781,167748.6
2026-06-30 13:35:00,1.782,1.784,1.775,1.779,108969.9
2026-06-30 13:40:00,1.778,1.791,1.778,1.787,179248.5
2026-06-30 13:45:00,1.786,1.787,1.776,1.78,69595.1
2026-06-30 13:50:00,1.781,1.801,1.781,1.792,183407.4
2026-06-30 13:55:00,1.791,1.795,1.788,1.793,62847.0
2026-06-30 14:00:00,1.793,1.809,1.788,1.79,624957.3
2026-06-30 14:05:00,1.79,1.799,1.788,1.798,251789.7
2026-06-30 14:10:00,1.798,1.806,1.793,1.804,106817.3
2026-06-30 14:15:00,1.805,1.807,1.801,1.803,52159.4
2026-06-30 14:20:00,1.804,1.811,1.802,1.807,46446.7
2026-06-30 14:25:00,1.807,1.813,1.805,1.81,33401.0
2026-06-30 14:30:00,1.811,1.814,1.807,1.811,59879.6
2026-06-30 14:35:00,1.812,1.814,1.796,1.8,140038.7
2026-06-30 14:40:00,1.801,1.804,1.799,1.803,28375.5
2026-06-30 14:45:00,1.803,1.803,1.791,1.791,45527.7
2026-06-30 14:50:00,1.792,1.794,1.784,1.784,62868.9
2026-06-30 14:55:00,1.784,1.79,1.783,1.786,104558.1
2026-06-30 15:00:00,1.785,1.791,1.78,1.781,67324.4
2026-06-30 15:05:00,1.78,1.786,1.778,1.781,116541.8
2026-06-30 15:10:00,1.782,1.785,1.78,1.784,44421.3
2026-06-30 15:15:00,1.784,1.786,1.777,1.781,58744.7
2026-06-30 15:20:00,1.782,1.786,1.78,1.786,27836.1
2026-06-30 15:25:00,1.786,1.788,1.78,1.78,19869.3
2026-06-30 15:30:00,1.78,1.79,1.778,1.788,248116.1
2026-06-30 15:35:00,1.787,1.791,1.78,1.783,308367.2
2026-06-30 15:40:00,1.783,1.79,1.782,1.787,31763.5
2026-06-30 15:45:00,1.788,1.799,1.788,1.794,67379.4
2026-06-30 15:50:00,1.793,1.794,1.791,1.793,27802.0
2026-06-30 15:55:00,1.793,1.798,1.788,1.788,33979.2
2026-06-30 16:00:00,1.788,1.789,1.785,1.787,36721.4
2026-06-30 16:05:00,1.786,1.793,1.785,1.793,48764.5
2026-06-30 16:10:00,1.793,1.795,1.784,1.785,59844.2
2026-06-30 16:15:00,1.784,1.791,1.781,1.788,64192.7
2026-06-30 16:20:00,1.788,1.789,1.778,1.781,59404.5
2026-06-30 16:25:00,1.781,1.781,1.774,1.777,55217.2
2026-06-30 16:30:00,1.777,1.797,1.774,1.795,674077.7
2026-06-30 16:35:00,1.795,1.806,1.79,1.805,233465.3
2026-06-30 16:40:00,1.806,1.806,1.796,1.797,147664.1
2026-06-30 16:45:00,1.796,1.8,1.796,1.798,66258.1
2026-06-30 16:50:00,1.798,1.8,1.796,1.799,156400.0
2026-06-30 16:55:00,1.798,1.8,1.798,1.8,32127.6
2026-06-30 17:00:00,1.8,1.8,1.798,1.799,42255.5
2026-06-30 17:05:00,1.8,1.808,1.798,1.804,254321.0
2026-06-30 17:10:00,1.804,1.805,1.797,1.797,23712.1
2026-06-30 17:15:00,1.798,1.802,1.797,1.801,22669.5
2026-06-30 17:20:00,1.801,1.802,1.795,1.796,23918.8
2026-06-30 17:25:00,1.796,1.798,1.795,1.795,7790.6
2026-06-30 17:30:00,1.795,1.804,1.794,1.801,21085.1
2026-06-30 17:35:00,1.802,1.805,1.8,1.8,11882.9
2026-06-30 17:40:00,1.799,1.804,1.799,1.803,15959.3
2026-06-30 17:45:00,1.802,1.802,1.798,1.799,24109.2
2026-06-30 17:50:00,1.799,1.804,1.799,1.804,21297.1
2026-06-30 17:55:00,1.803,1.805,1.793,1.795,95012.9
2026-06-30 18:00:00,1.796,1.8,1.794,1.796,40417.8
2026-06-30 18:05:00,1.797,1.804,1.795,1.804,18457.5
2026-06-30 18:10:00,1.804,1.804,1.8,1.803,20033.7
2026-06-30 18:15:00,1.804,1.812,1.8,1.809,50026.7
2026-06-30 18:20:00,1.808,1.809,1.799,1.8,34675.1
2026-06-30 18:25:00,1.801,1.804,1.8,1.802,10732.7
2026-06-30 18:30:00,1.802,1.804,1.8,1.802,10997.0
2026-06-30 18:35:00,1.801,1.802,1.796,1.797,40470.8
2026-06-30 18:40:00,1.797,1.803,1.797,1.803,13825.3
2026-06-30 18:45:00,1.804,1.806,1.802,1.806,11589.5
2026-06-30 18:50:00,1.807,1.807,1.803,1.804,11604.9
2026-06-30 18:55:00,1.804,1.806,1.802,1.805,3854.3
2026-06-30 19:00:00,1.804,1.807,1.804,1.805,11127.6
2026-06-30 19:05:00,1.804,1.809,1.801,1.807,9724.1
2026-06-30 19:10:00,1.807,1.807,1.803,1.806,6770.2
2026-06-30 19:15:00,1.805,1.805,1.801,1.801,11572.2
2026-06-30 19:20:00,1.801,1.801,1.797,1.799,10116.5
2026-06-30 19:25:00,1.8,1.802,1.798,1.802,20964.2
2026-06-30 19:30:00,1.802,1.805,1.802,1.805,9832.7
2026-06-30 19:35:00,1.805,1.806,1.801,1.801,9599.5
2026-06-30 19:40:00,1.802,1.802,1.797,1.8,23880.2
2026-06-30 19:45:00,1.8,1.801,1.797,1.799,15852.9
2026-06-30 19:50:00,1.798,1.802,1.796,1.798,33171.2
2026-06-30 19:55:00,1.799,1.8,1.797,1.798,11534.1
2026-06-30 20:00:00,1.797,1.801,1.795,1.799,41515.8
2026-06-30 20:05:00,1.799,1.801,1.798,1.801,20033.6
2026-06-30 20:10:00,1.801,1.802,1.797,1.8,44074.3
2026-06-30 20:15:00,1.8,1.8,1.795,1.8,21329.7
2026-06-30 20:20:00,1.799,1.799,1.794,1.795,28919.1
2026-06-30 20:25:00,1.794,1.797,1.792,1.796,23149.0
2026-06-30 20:30:00,1.796,1.796,1.79,1.794,24627.5
2026-06-30 20:35:00,1.794,1.795,1.79,1.793,9020.8
2026-06-30 20:40:00,1.793,1.793,1.787,1.788,19666.0
2026-06-30 20:45:00,1.787,1.793,1.786,1.79,21207.5
2026-06-30 20:50:00,1.79,1.793,1.79,1.79,20596.2
2026-06-30 20:55:00,1.79,1.793,1.789,1.789,6421.2
2026-06-30 21:00:00,1.789,1.791,1.788,1.788,3258.9
2026-06-30 21:05:00,1.788,1.79,1.785,1.786,4701.9
2026-06-30 21:10:00,1.785,1.785,1.779,1.782,72666.5
2026-06-30 21:15:00,1.781,1.783,1.781,1.783,12399.0
2026-06-30 21:20:00,1.782,1.782,1.778,1.779,24424.3
2026-06-30 21:25:00,1.779,1.783,1.779,1.783,14286.8
2026-06-30 21:30:00,1.784,1.79,1.784,1.79,12751.7
2026-06-30 21:35:00,1.79,1.793,1.79,1.792,17815.2
2026-06-30 21:40:00,1.793,1.794,1.788,1.789,20990.4
2026-06-30 21:45:00,1.789,1.791,1.789,1.789,5227.6
2026-06-30 21:50:00,1.789,1.79,1.787,1.789,15563.4
2026-06-30 21:55:00,1.789,1.792,1.789,1.792,6298.5
2026-06-30 22:00:00,1.792,1.798,1.792,1.796,31174.6
2026-06-30 22:05:00,1.796,1.801,1.796,1.797,27950.3
2026-06-30 22:10:00,1.796,1.798,1.791,1.796,34604.1
2026-06-30 22:15:00,1.797,1.797,1.793,1.794,16241.8
2026-06-30 22:20:00,1.794,1.796,1.79,1.795,32516.0
2026-06-30 22:25:00,1.795,1.795,1.791,1.791,9435.1
2026-06-30 22:30:00,1.791,1.791,1.784,1.786,47361.4
2026-06-30 22:35:00,1.785,1.789,1.785,1.789,9129.0
2026-06-30 22:40:00,1.79,1.792,1.789,1.79,11430.9
2026-06-30 22:45:00,1.79,1.79,1.788,1.79,3086.2
2026-06-30 22:50:00,1.79,1.79,1.787,1.789,8226.7
2026-06-30 22:55:00,1.788,1.789,1.786,1.786,10387.8
2026-06-30 23:00:00,1.786,1.787,1.783,1.786,14153.3
2026-06-30 23:05:00,1.786,1.786,1.783,1.784,18864.9
2026-06-30 23:10:00,1.783,1.786,1.782,1.784,20189.8
2026-06-30 23:15:00,1.785,1.787,1.783,1.784,26334.2
2026-06-30 23:20:00,1.784,1.785,1.78,1.785,47686.0
2026-06-30 23:25:00,1.786,1.79,1.786,1.786,50499.8
2026-06-30 23:30:00,1.787,1.787,1.78,1.783,32978.5
2026-06-30 23:35:00,1.784,1.785,1.782,1.782,19478.0
2026-06-30 23:40:00,1.782,1.784,1.782,1.784,19119.4
2026-06-30 23:45:00,1.783,1.785,1.782,1.783,36164.1
2026-06-30 23:50:00,1.783,1.784,1.781,1.781,19448.2
2026-06-30 23:55:00,1.782,1.783,1.781,1.782,9350.4
2026-07-01 00:00:00,1.783,1.784,1.781,1.784,15766.2
2026-07-01 00:05:00,1.784,1.785,1.781,1.781,25661.5
2026-07-01 00:10:00,1.781,1.784,1.78,1.783,14865.2
2026-07-01 00:15:00,1.783,1.785,1.779,1.779,26958.8
2026-07-01 00:20:00,1.779,1.78,1.776,1.78,70729.8
2026-07-01 00:25:00,1.78,1.785,1.778,1.783,64081.3
2026-07-01 00:30:00,1.783,1.788,1.782,1.785,59715.9
2026-07-01 00:35:00,1.785,1.785,1.779,1.779,20315.8
2026-07-01 00:40:00,1.779,1.78,1.778,1.779,13046.2
2026-07-01 00:45:00,1.779,1.781,1.775,1.777,39066.1
2026-07-01 00:50:00,1.776,1.78,1.776,1.778,29476.8
2026-07-01 00:55:00,1.778,1.78,1.776,1.776,14394.8
2026-07-01 01:00:00,1.776,1.777,1.772,1.772,30780.3
2026-07-01 01:05:00,1.773,1.773,1.768,1.77,28960.7
2026-07-01 01:10:00,1.769,1.77,1.723,1.741,1135848.3
2026-07-01 01:15:00,1.742,1.757,1.742,1.756,193595.9
2026-07-01 01:20:00,1.756,1.763,1.754,1.756,112144.2
2026-07-01 01:25:00,1.757,1.764,1.755,1.762,34417.6
2026-07-01 01:30:00,1.761,1.79,1.76,1.77,489222.5
2026-07-01 01:35:00,1.771,1.785,1.769,1.779,124747.4
2026-07-01 01:40:00,1.778,1.784,1.774,1.777,73079.8
2026-07-01 01:45:00,1.777,1.782,1.774,1.775,50170.3
2026-07-01 01:50:00,1.775,1.775,1.766,1.769,93699.4
2026-07-01 01:55:00,1.77,1.777,1.769,1.774,71263.2
2026-07-01 02:00:00,1.775,1.776,1.771,1.771,15989.6
2026-07-01 02:05:00,1.77,1.77,1.765,1.765,36813.2
2026-07-01 02:10:00,1.765,1.774,1.765,1.773,15749.1
2026-07-01 02:15:00,1.774,1.785,1.774,1.784,89049.4
2026-07-01 02:20:00,1.784,1.794,1.782,1.791,64955.6
2026-07-01 02:25:00,1.79,1.793,1.789,1.792,29030.9
2026-07-01 02:30:00,1.792,1.798,1.791,1.796,141022.1
2026-07-01 02:35:00,1.796,1.802,1.796,1.799,35793.2
2026-07-01 02:40:00,1.799,1.805,1.796,1.805,47191.4
2026-07-01 02:45:00,1.804,1.808,1.803,1.803,76088.1
2026-07-01 02:50:00,1.803,1.809,1.802,1.808,52769.1
2026-07-01 02:55:00,1.809,1.812,1.805,1.812,109674.2
2026-07-01 03:00:00,1.813,1.816,1.807,1.808,76441.0
2026-07-01 03:05:00,1.809,1.815,1.809,1.811,48203.5
2026-07-01 03:10:00,1.811,1.813,1.81,1.811,38900.6
2026-07-01 03:15:00,1.811,1.811,1.803,1.803,40245.8
2026-07-01 03:20:00,1.803,1.806,1.801,1.805,67133.3
2026-07-01 03:25:00,1.805,1.808,1.802,1.808,39667.5
2026-07-01 03:30:00,1.809,1.81,1.803,1.804,28255.1
2026-07-01 03:35:00,1.804,1.826,1.804,1.821,178576.5
2026-07-01 03:40:00,1.822,1.83,1.82,1.828,77845.9
2026-07-01 03:45:00,1.829,1.838,1.829,1.832,75521.5
2026-07-01 03:50:00,1.833,1.844,1.833,1.839,181683.2
2026-07-01 03:55:00,1.839,1.842,1.837,1.841,44313.0
2026-07-01 04:00:00,1.841,1.844,1.836,1.841,107104.7
2026-07-01 04:05:00,1.842,1.846,1.841,1.844,39100.7
2026-07-01 04:10:00,1.845,1.847,1.837,1.838,95892.6
2026-07-01 04:15:00,1.838,1.843,1.838,1.841,42466.2
2026-07-01 04:20:00,1.841,1.845,1.838,1.838,62434.5
2026-07-01 04:25:00,1.837,1.847,1.837,1.845,90578.1
2026-07-01 04:30:00,1.845,1.845,1.838,1.842,49124.5
2026-07-01 04:35:00,1.841,1.842,1.836,1.84,27165.1
2026-07-01 04:40:00,1.841,1.847,1.839,1.843,52000.3
2026-07-01 04:45:00,1.843,1.855,1.841,1.848,111629.2
2026-07-01 04:50:00,1.849,1.852,1.845,1.846,21616.9
2026-07-01 04:55:00,1.846,1.846,1.839,1.843,29703.4
2026-07-01 05:00:00,1.842,1.844,1.838,1.841,57388.4
2026-07-01 05:05:00,1.841,1.846,1.837,1.837,42005.5
2026-07-01 05:10:00,1.837,1.84,1.835,1.836,16058.2
2026-07-01 05:15:00,1.836,1.841,1.836,1.837,13970.9
2026-07-01 05:20:00,1.837,1.839,1.831,1.835,56380.1
2026-07-01 05:25:00,1.834,1.837,1.827,1.829,38009.4
2026-07-01 05:30:00,1.829,1.843,1.829,1.833,83565.7
2026-07-01 05:35:00,1.833,1.834,1.827,1.83,91761.3
2026-07-01 05:40:00,1.829,1.831,1.828,1.831,28135.6
2026-07-01 05:45:00,1.831,1.835,1.826,1.829,50527.0
2026-07-01 05:50:00,1.83,1.833,1.826,1.827,13336.1
2026-07-01 05:55:00,1.826,1.829,1.826,1.828,26144.6
2026-07-01 06:00:00,1.828,1.828,1.821,1.821,50459.5
2026-07-01 06:05:00,1.821,1.823,1.816,1.817,36995.1
2026-07-01 06:10:00,1.817,1.82,1.817,1.819,24775.1
2026-07-01 06:15:00,1.82,1.822,1.818,1.818,40630.1
2026-07-01 06:20:00,1.819,1.821,1.81,1.817,88614.7
2026-07-01 06:25:00,1.817,1.819,1.814,1.818,29551.5
2026-07-01 06:30:00,1.819,1.821,1.811,1.811,70723.5
2026-07-01 06:35:00,1.811,1.811,1.8,1.806,173895.4
2026-07-01 06:40:00,1.806,1.808,1.803,1.808,36990.5
2026-07-01 06:45:00,1.807,1.807,1.797,1.803,82758.8
2026-07-01 06:50:00,1.803,1.807,1.803,1.805,17262.2
2026-07-01 06:55:00,1.805,1.806,1.802,1.806,13715.6
2026-07-01 07:00:00,1.806,1.808,1.799,1.799,52932.6
2026-07-01 07:05:00,1.8,1.8,1.794,1.798,75816.7
2026-07-01 07:10:00,1.798,1.801,1.795,1.799,72990.3
2026-07-01 07:15:00,1.798,1.801,1.792,1.796,64634.1
2026-07-01 07:20:00,1.796,1.802,1.793,1.801,29361.7
2026-07-01 07:25:00,1.801,1.801,1.797,1.797,17198.2
2026-07-01 07:30:00,1.796,1.796,1.79,1.796,24489.8
2026-07-01 07:35:00,1.796,1.796,1.792,1.793,10121.6
2026-07-01 07:40:00,1.792,1.796,1.79,1.791,26515.9
2026-07-01 07:45:00,1.79,1.797,1.788,1.797,31258.7
2026-07-01 07:50:00,1.797,1.8,1.793,1.794,24323.0
2026-07-01 07:55:00,1.795,1.796,1.794,1.795,8643.7
2026-07-01 08:00:00,1.795,1.797,1.79,1.796,20514.6
2026-07-01 08:05:00,1.795,1.798,1.794,1.795,24940.2
2026-07-01 08:10:00,1.794,1.796,1.792,1.794,26318.0
2026-07-01 08:15:00,1.794,1.795,1.791,1.793,40554.6
2026-07-01 08:20:00,1.792,1.792,1.78,1.783,132980.5
2026-07-01 08:25:00,1.782,1.784,1.774,1.777,187260.9
2026-07-01 08:30:00,1.778,1.78,1.775,1.78,31876.0
2026-07-01 08:35:00,1.779,1.781,1.776,1.78,26293.9
2026-07-01 08:40:00,1.78,1.787,1.78,1.787,15303.5
2026-07-01 08:45:00,1.786,1.787,1.78,1.78,60251.0
2026-07-01 08:50:00,1.78,1.784,1.778,1.782,284228.7
2026-07-01 08:55:00,1.781,1.795,1.78,1.795,198211.5
2026-07-01 09:00:00,1.796,1.796,1.789,1.793,58378.3
2026-07-01 09:05:00,1.793,1.799,1.791,1.796,135764.5
2026-07-01 09:10:00,1.796,1.796,1.793,1.794,17111.2
2026-07-01 09:15:00,1.794,1.799,1.793,1.797,11813.3
2026-07-01 09:20:00,1.797,1.798,1.793,1.795,40515.7
2026-07-01 09:25:00,1.794,1.794,1.792,1.794,63778.8
2026-07-01 09:30:00,1.794,1.794,1.791,1.793,74929.2
2026-07-01 09:35:00,1.793,1.793,1.79,1.792,20529.0
2026-07-01 09:40:00,1.792,1.793,1.789,1.792,44615.5
2026-07-01 09:45:00,1.793,1.796,1.787,1.789,70531.0
2026-07-01 09:50:00,1.79,1.793,1.788,1.792,27138.2
2026-07-01 09:55:00,1.792,1.796,1.792,1.795,33630.3
2026-07-01 10:00:00,1.794,1.796,1.791,1.795,37999.5
2026-07-01 10:05:00,1.794,1.796,1.792,1.795,43593.9
2026-07-01 10:10:00,1.794,1.794,1.788,1.788,36240.3
2026-07-01 10:15:00,1.788,1.791,1.786,1.79,36914.2
2026-07-01 10:20:00,1.79,1.792,1.782,1.782,21476.2
2026-07-01 10:25:00,1.782,1.783,1.778,1.782,30809.9
2026-07-01 10:30:00,1.783,1.783,1.781,1.781,21590.5
2026-07-01 10:35:00,1.782,1.784,1.781,1.781,53572.1
2026-07-01 10:40:00,1.781,1.783,1.778,1.78,26855.2
2026-07-01 10:45:00,1.781,1.786,1.781,1.785,18988.9
2026-07-01 10:50:00,1.785,1.786,1.783,1.783,115466.3
2026-07-01 10:55:00,1.783,1.787,1.78,1.781,428929.0
2026-07-01 11:00:00,1.781,1.787,1.778,1.784,215354.6
2026-07-01 11:05:00,1.784,1.788,1.784,1.788,19000.8
2026-07-01 11:10:00,1.787,1.796,1.787,1.795,48954.9
2026-07-01 11:15:00,1.795,1.796,1.786,1.79,72693.3
2026-07-01 11:20:00,1.79,1.792,1.788,1.791,38941.1
2026-07-01 11:25:00,1.791,1.796,1.791,1.795,51262.2
2026-07-01 11:30:00,1.795,1.797,1.794,1.795,29008.9
2026-07-01 11:35:00,1.795,1.803,1.795,1.797,62714.1
2026-07-01 11:40:00,1.797,1.798,1.793,1.796,26624.3
2026-07-01 11:45:00,1.796,1.797,1.792,1.792,36504.8
2026-07-01 11:50:00,1.792,1.793,1.791,1.792,31784.4
2026-07-01 11:55:00,1.792,1.792,1.786,1.789,26713.7
2026-07-01 12:00:00,1.79,1.793,1.778,1.78,85391.8
2026-07-01 12:05:00,1.781,1.784,1.776,1.783,29562.9
2026-07-01 12:10:00,1.783,1.786,1.779,1.781,31854.1
2026-07-01 12:15:00,1.782,1.788,1.782,1.787,36836.4
2026-07-01 12:20:00,1.787,1.788,1.783,1.788,6379.1
2026-07-01 12:25:00,1.788,1.792,1.786,1.79,30042.0
2026-07-01 12:30:00,1.789,1.798,1.787,1.788,82128.5
2026-07-01 12:35:00,1.788,1.793,1.786,1.79,42777.1
2026-07-01 12:40:00,1.789,1.794,1.788,1.79,27174.9
2026-07-01 12:45:00,1.791,1.792,1.787,1.788,15417.8
2026-07-01 12:50:00,1.789,1.793,1.784,1.787,45152.8
2026-07-01 12:55:00,1.788,1.789,1.783,1.785,50923.5
2026-07-01 13:00:00,1.785,1.794,1.785,1.789,55996.0
2026-07-01 13:05:00,1.789,1.79,1.784,1.786,19244.4
2026-07-01 13:10:00,1.786,1.789,1.784,1.787,23730.8
2026-07-01 13:15:00,1.787,1.795,1.786,1.786,43398.7
2026-07-01 13:20:00,1.786,1.798,1.786,1.795,43984.9
2026-07-01 13:25:00,1.794,1.795,1.788,1.791,64895.2
2026-07-01 13:30:00,1.79,1.792,1.769,1.786,380500.8
2026-07-01 13:35:00,1.787,1.795,1.782,1.786,113159.4
2026-07-01 13:40:00,1.785,1.794,1.783,1.792,90550.8
2026-07-01 13:45:00,1.792,1.805,1.787,1.802,116461.8
2026-07-01 13:50:00,1.803,1.813,1.8,1.809,126463.0
2026-07-01 13:55:00,1.81,1.816,1.806,1.815,77672.2
2026-07-01 14:00:00,1.816,1.816,1.804,1.811,75296.5
2026-07-01 14:05:00,1.811,1.819,1.808,1.819,64120.4
2026-07-01 14:10:00,1.819,1.835,1.817,1.832,156846.8
2026-07-01 14:15:00,1.832,1.834,1.823,1.827,163665.5
2026-07-01 14:20:00,1.827,1.833,1.826,1.828,156899.3
2026-07-01 14:25:00,1.827,1.828,1.823,1.823,61148.5
2026-07-01 14:30:00,1.823,1.824,1.814,1.82,69154.8
2026-07-01 14:35:00,1.82,1.824,1.812,1.823,46030.2
2026-07-01 14:40:00,1.824,1.826,1.818,1.822,49505.4
2026-07-01 14:45:00,1.822,1.831,1.82,1.83,267069.8
2026-07-01 14:50:00,1.83,1.842,1.83,1.841,152350.4
2026-07-01 14:55:00,1.841,1.846,1.84,1.845,102560.8
2026-07-01 15:00:00,1.844,1.879,1.84,1.856,1056436.4
2026-07-01 15:05:00,1.857,1.859,1.849,1.849,333178.5
2026-07-01 15:10:00,1.85,1.85,1.841,1.843,95616.5
2026-07-01 15:15:00,1.843,1.845,1.84,1.843,59207.9
2026-07-01 15:20:00,1.844,1.863,1.842,1.855,338591.6
2026-07-01 15:25:00,1.855,1.857,1.844,1.848,233173.6
2026-07-01 15:30:00,1.848,1.85,1.846,1.847,48337.9
2026-07-01 15:35:00,1.847,1.852,1.844,1.85,108564.4
2026-07-01 15:40:00,1.85,1.854,1.849,1.852,42488.3
2026-07-01 15:45:00,1.852,1.852,1.838,1.838,69983.4
2026-07-01 15:50:00,1.839,1.84,1.836,1.838,51681.1
2026-07-01 15:55:00,1.838,1.844,1.836,1.841,47847.7
2026-07-01 16:00:00,1.842,1.844,1.835,1.836,30939.2
2026-07-01 16:05:00,1.836,1.839,1.831,1.832,31029.4
2026-07-01 16:10:00,1.831,1.841,1.829,1.838,71332.9
2026-07-01 16:15:00,1.838,1.844,1.838,1.841,66380.8
2026-07-01 16:20:00,1.841,1.841,1.837,1.839,49199.2
2026-07-01 16:25:00,1.838,1.845,1.836,1.845,94254.7
2026-07-01 16:30:00,1.844,1.844,1.84,1.84,16930.3
2026-07-01 16:35:00,1.84,1.843,1.839,1.839,18263.6
2026-07-01 16:40:00,1.839,1.839,1.836,1.837,30110.9
2026-07-01 16:45:00,1.837,1.837,1.829,1.831,48933.8
2026-07-01 16:50:00,1.83,1.832,1.825,1.826,39175.0
2026-07-01 16:55:00,1.826,1.828,1.823,1.825,28383.1
2026-07-01 17:00:00,1.825,1.828,1.816,1.817,39957.6
2026-07-01 17:05:00,1.818,1.821,1.816,1.821,19488.0
2026-07-01 17:10:00,1.822,1.824,1.819,1.824,28876.0
2026-07-01 17:15:00,1.824,1.83,1.821,1.83,24565.0
2026-07-01 17:20:00,1.83,1.835,1.828,1.835,81960.9
2026-07-01 17:25:00,1.835,1.836,1.828,1.83,25049.7
2026-07-01 17:30:00,1.829,1.831,1.823,1.823,33247.1
2026-07-01 17:35:00,1.823,1.827,1.822,1.825,30621.8
2026-07-01 17:40:00,1.825,1.826,1.822,1.823,8924.2
2026-07-01 17:45:00,1.822,1.829,1.822,1.824,11455.8
2026-07-01 17:50:00,1.825,1.835,1.825,1.835,14227.1
2026-07-01 17:55:00,1.834,1.84,1.832,1.837,67932.4
2026-07-01 18:00:00,1.837,1.843,1.832,1.843,53748.5
2026-07-01 18:05:00,1.843,1.844,1.835,1.835,52577.2
2026-07-01 18:10:00,1.834,1.834,1.829,1.832,44236.3
2026-07-01 18:15:00,1.832,1.834,1.83,1.834,9813.8
2026-07-01 18:20:00,1.833,1.833,1.824,1.827,15240.6
2026-07-01 18:25:00,1.827,1.828,1.824,1.825,13220.3
2026-07-01 18:30:00,1.825,1.841,1.821,1.831,334403.7
2026-07-01 18:35:00,1.831,1.833,1.826,1.83,443114.2
2026-07-01 18:40:00,1.83,1.851,1.83,1.845,424175.8
2026-07-01 18:45:00,1.846,1.846,1.84,1.843,85479.5
2026-07-01 18:50:00,1.842,1.843,1.832,1.835,470435.8
2026-07-01 18:55:00,1.835,1.838,1.831,1.837,50600.8
2026-07-01 19:00:00,1.838,1.846,1.837,1.845,28312.7
2026-07-01 19:05:00,1.845,1.847,1.84,1.845,34065.7
2026-07-01 19:10:00,1.846,1.847,1.84,1.841,26257.7
2026-07-01 19:15:00,1.841,1.845,1.84,1.844,41824.2
2026-07-01 19:20:00,1.844,1.844,1.841,1.842,30637.2
2026-07-01 19:25:00,1.842,1.843,1.834,1.835,25180.7
2026-07-01 19:30:00,1.835,1.84,1.834,1.836,59809.0
2026-07-01 19:35:00,1.836,1.836,1.832,1.833,36721.1
2026-07-01 19:40:00,1.834,1.834,1.83,1.834,24149.6
2026-07-01 19:45:00,1.833,1.833,1.83,1.833,22017.7
2026-07-01 19:50:00,1.834,1.836,1.827,1.831,34208.9
2026-07-01 19:55:00,1.83,1.832,1.826,1.829,37300.6
2026-07-01 20:00:00,1.83,1.831,1.822,1.825,39371.4
2026-07-01 20:05:00,1.826,1.829,1.822,1.822,31798.2
2026-07-01 20:10:00,1.822,1.83,1.822,1.827,28575.8
2026-07-01 20:15:00,1.827,1.828,1.82,1.822,49693.9
2026-07-01 20:20:00,1.822,1.827,1.822,1.827,30379.1
2026-07-01 20:25:00,1.827,1.829,1.825,1.829,23305.3
2026-07-01 20:30:00,1.829,1.832,1.827,1.831,26816.3
2026-07-01 20:35:00,1.832,1.832,1.83,1.831,5846.1
2026-07-01 20:40:00,1.831,1.835,1.831,1.835,24991.5
2026-07-01 20:45:00,1.835,1.839,1.833,1.838,19457.7
2026-07-01 20:50:00,1.838,1.838,1.832,1.833,8959.0
2026-07-01 20:55:00,1.833,1.837,1.833,1.837,50498.8
2026-07-01 21:00:00,1.837,1.839,1.836,1.839,16113.4
2026-07-01 21:05:00,1.84,1.844,1.839,1.844,47311.8
2026-07-01 21:10:00,1.844,1.852,1.843,1.852,69512.5
2026-07-01 21:15:00,1.852,1.863,1.847,1.863,147138.4
2026-07-01 21:20:00,1.862,1.863,1.859,1.861,28394.2
2026-07-01 21:25:00,1.86,1.863,1.858,1.862,25207.3
2026-07-01 21:30:00,1.862,1.873,1.862,1.872,77544.8
2026-07-01 21:35:00,1.872,1.876,1.87,1.875,46800.5
2026-07-01 21:40:00,1.875,1.875,1.868,1.871,22900.7
2026-07-01 21:45:00,1.871,1.871,1.867,1.87,77232.0
2026-07-01 21:50:00,1.871,1.875,1.868,1.873,61286.8
2026-07-01 21:55:00,1.873,1.875,1.87,1.872,67854.7
2026-07-01 22:00:00,1.872,1.875,1.87,1.87,34315.9
2026-07-01 22:05:00,1.869,1.874,1.867,1.873,43858.5
2026-07-01 22:10:00,1.873,1.878,1.872,1.875,40667.1
2026-07-01 22:15:00,1.874,1.875,1.855,1.858,222422.0
2026-07-01 22:20:00,1.859,1.876,1.858,1.87,253698.4
2026-07-01 22:25:00,1.871,1.875,1.856,1.856,79579.4
2026-07-01 22:30:00,1.857,1.861,1.856,1.857,48805.9
2026-07-01 22:35:00,1.856,1.858,1.854,1.857,27329.1
2026-07-01 22:40:00,1.857,1.859,1.852,1.852,17856.6
2026-07-01 22:45:00,1.853,1.853,1.846,1.847,40801.5
2026-07-01 22:50:00,1.847,1.848,1.845,1.848,28488.9
2026-07-01 22:55:00,1.848,1.849,1.842,1.847,43006.4
2026-07-01 23:00:00,1.846,1.846,1.834,1.836,61580.3
2026-07-01 23:05:00,1.835,1.837,1.83,1.836,71114.2
2026-07-01 23:10:00,1.835,1.835,1.83,1.832,41118.2
2026-07-01 23:15:00,1.832,1.835,1.827,1.831,35221.0
2026-07-01 23:20:00,1.832,1.832,1.827,1.83,53530.3
2026-07-01 23:25:00,1.83,1.833,1.826,1.829,37984.0
2026-07-01 23:30:00,1.829,1.829,1.812,1.813,167298.3
2026-07-01 23:35:00,1.812,1.812,1.806,1.806,156673.6
2026-07-01 23:40:00,1.805,1.811,1.803,1.81,64230.2
2026-07-01 23:45:00,1.809,1.811,1.804,1.807,65048.1
2026-07-01 23:50:00,1.808,1.811,1.804,1.807,40150.7
2026-07-01 23:55:00,1.807,1.807,1.804,1.807,25651.0
2026-07-02 00:00:00,1.807,1.816,1.802,1.804,250616.1
2026-07-02 00:05:00,1.805,1.817,1.805,1.816,24003.7
2026-07-02 00:10:00,1.816,1.821,1.816,1.819,27489.7
2026-07-02 00:15:00,1.819,1.821,1.814,1.815,27323.0
2026-07-02 00:20:00,1.814,1.821,1.813,1.821,55313.2
2026-07-02 00:25:00,1.821,1.821,1.815,1.818,31044.9
2026-07-02 00:30:00,1.818,1.818,1.811,1.817,42509.2
2026-07-02 00:35:00,1.817,1.821,1.814,1.817,49536.2
2026-07-02 00:40:00,1.817,1.819,1.813,1.816,29240.7
2026-07-02 00:45:00,1.817,1.823,1.815,1.823,31036.9
2026-07-02 00:50:00,1.824,1.827,1.824,1.827,46901.0
2026-07-02 00:55:00,1.827,1.828,1.823,1.825,39055.8
2026-07-02 01:00:00,1.826,1.828,1.825,1.827,41810.0
2026-07-02 01:05:00,1.827,1.835,1.827,1.834,29605.0
2026-07-02 01:10:00,1.834,1.857,1.832,1.852,416048.9
2026-07-02 01:15:00,1.852,1.874,1.851,1.868,1506085.4
2026-07-02 01:20:00,1.869,1.874,1.867,1.873,122834.2
2026-07-02 01:25:00,1.873,1.882,1.872,1.877,217548.9
2026-07-02 01:30:00,1.878,1.916,1.878,1.9,1096794.6
2026-07-02 01:35:00,1.9,1.904,1.896,1.904,182892.7
2026-07-02 01:40:00,1.904,1.909,1.895,1.897,201138.2
2026-07-02 01:45:00,1.897,1.902,1.896,1.896,81733.4
2026-07-02 01:50:00,1.895,1.895,1.887,1.887,117556.8
2026-07-02 01:55:00,1.888,1.89,1.882,1.887,66463.0
2026-07-02 02:00:00,1.886,1.896,1.884,1.896,63855.8
2026-07-02 02:05:00,1.896,1.896,1.888,1.888,40054.3
2026-07-02 02:10:00,1.888,1.89,1.882,1.888,36432.3
2026-07-02 02:15:00,1.888,1.893,1.888,1.888,25012.0
2026-07-02 02:20:00,1.889,1.889,1.881,1.881,30507.7
2026-07-02 02:25:00,1.882,1.886,1.882,1.885,27151.8
2026-07-02 02:30:00,1.885,1.889,1.884,1.888,39514.9
2026-07-02 02:35:00,1.889,1.892,1.886,1.889,42040.2
2026-07-02 02:40:00,1.89,1.895,1.89,1.894,33779.8
2026-07-02 02:45:00,1.895,1.899,1.882,1.892,212139.6
2026-07-02 02:50:00,1.892,1.892,1.884,1.886,79883.6
2026-07-02 02:55:00,1.886,1.891,1.886,1.889,50888.4
2026-07-02 03:00:00,1.89,1.895,1.885,1.885,42483.7
2026-07-02 03:05:00,1.886,1.886,1.881,1.881,15508.9
2026-07-02 03:10:00,1.882,1.889,1.88,1.889,41867.6
2026-07-02 03:15:00,1.889,1.89,1.875,1.877,67639.7
2026-07-02 03:20:00,1.877,1.88,1.873,1.88,64785.8
2026-07-02 03:25:00,1.88,1.908,1.875,1.904,364485.3
2026-07-02 03:30:00,1.903,1.914,1.9,1.914,175259.2
2026-07-02 03:35:00,1.914,1.921,1.911,1.919,126551.1
2026-07-02 03:40:00,1.919,1.919,1.909,1.913,62038.6
2026-07-02 03:45:00,1.913,1.913,1.906,1.912,60470.4
2026-07-02 03:50:00,1.913,1.927,1.913,1.922,199792.8
2026-07-02 03:55:00,1.922,1.925,1.921,1.923,108377.8
2026-07-02 04:00:00,1.923,1.926,1.914,1.916,99301.2
2026-07-02 04:05:00,1.916,1.921,1.913,1.92,53190.2
2026-07-02 04:10:00,1.921,1.926,1.916,1.924,30125.0
2026-07-02 04:15:00,1.924,1.925,1.92,1.925,48375.4
2026-07-02 04:20:00,1.926,1.926,1.916,1.918,36893.0
2026-07-02 04:25:00,1.918,1.92,1.914,1.918,61751.9
2026-07-02 04:30:00,1.919,1.919,1.909,1.918,50171.6
2026-07-02 04:35:00,1.918,1.92,1.915,1.918,58550.7
2026-07-02 04:40:00,1.918,1.92,1.913,1.92,29182.8
2026-07-02 04:45:00,1.92,1.921,1.916,1.92,29732.5
2026-07-02 04:50:00,1.919,1.922,1.917,1.918,33347.8
2026-07-02 04:55:00,1.918,1.925,1.918,1.922,32846.8
2026-07-02 05:00:00,1.922,1.923,1.915,1.92,81988.5
2026-07-02 05:05:00,1.92,1.922,1.911,1.921,51848.2
2026-07-02 05:10:00,1.92,1.921,1.917,1.918,29371.7
2026-07-02 05:15:00,1.918,1.925,1.917,1.923,101907.0
2026-07-02 05:20:00,1.922,1.923,1.919,1.92,50186.2
2026-07-02 05:25:00,1.919,1.92,1.915,1.917,16862.4
2026-07-02 05:30:00,1.916,1.919,1.912,1.917,28218.3
2026-07-02 05:35:00,1.917,1.918,1.909,1.91,39199.5
2026-07-02 05:40:00,1.91,1.911,1.902,1.906,49722.0
2026-07-02 05:45:00,1.906,1.909,1.904,1.908,29923.8
2026-07-02 05:50:00,1.909,1.909,1.904,1.905,21684.3
2026-07-02 05:55:00,1.904,1.905,1.901,1.902,24051.4
2026-07-02 06:00:00,1.903,1.903,1.897,1.897,81672.6
2026-07-02 06:05:00,1.898,1.901,1.894,1.895,69615.8
2026-07-02 06:10:00,1.895,1.898,1.894,1.897,18397.7
2026-07-02 06:15:00,1.897,1.914,1.897,1.912,49770.3
2026-07-02 06:20:00,1.912,1.924,1.911,1.917,97457.9
2026-07-02 06:25:00,1.918,1.921,1.914,1.914,29347.4
2026-07-02 06:30:00,1.914,1.922,1.914,1.92,35767.4
2026-07-02 06:35:00,1.92,1.921,1.916,1.918,25351.3
2026-07-02 06:40:00,1.918,1.922,1.918,1.919,28751.9
2026-07-02 06:45:00,1.92,1.92,1.907,1.908,56184.3
2026-07-02 06:50:00,1.909,1.911,1.903,1.91,43275.2
2026-07-02 06:55:00,1.91,1.916,1.908,1.91,21207.9
2026-07-02 07:00:00,1.91,1.911,1.905,1.908,35157.0
2026-07-02 07:05:00,1.908,1.912,1.905,1.909,21759.3
2026-07-02 07:10:00,1.91,1.912,1.908,1.91,26421.5
2026-07-02 07:15:00,1.91,1.915,1.91,1.912,23347.1
2026-07-02 07:20:00,1.913,1.915,1.909,1.913,19792.7
2026-07-02 07:25:00,1.912,1.912,1.905,1.909,46618.5
2026-07-02 07:30:00,1.908,1.911,1.904,1.909,23532.4
2026-07-02 07:35:00,1.908,1.916,1.908,1.915,27157.9
2026-07-02 07:40:00,1.914,1.917,1.912,1.915,45834.3
2026-07-02 07:45:00,1.914,1.916,1.912,1.916,40743.6
2026-07-02 07:50:00,1.915,1.919,1.911,1.913,19100.0
2026-07-02 07:55:00,1.912,1.919,1.912,1.917,16018.6
2026-07-02 08:00:00,1.916,1.919,1.915,1.918,18017.1
2026-07-02 08:05:00,1.919,1.922,1.917,1.919,40184.1
2026-07-02 08:10:00,1.92,1.921,1.916,1.916,37923.1
2026-07-02 08:15:00,1.916,1.922,1.916,1.922,23719.2
2026-07-02 08:20:00,1.921,1.931,1.921,1.927,205069.0
2026-07-02 08:25:00,1.928,1.938,1.928,1.937,100388.4
2026-07-02 08:30:00,1.936,1.951,1.934,1.936,184290.8
2026-07-02 08:35:00,1.937,1.94,1.931,1.935,58136.3
2026-07-02 08:40:00,1.934,1.935,1.933,1.934,15356.2
2026-07-02 08:45:00,1.934,1.936,1.929,1.934,49569.7
2026-07-02 08:50:00,1.933,1.937,1.932,1.935,27200.7
2026-07-02 08:55:00,1.936,1.936,1.931,1.933,16243.9
2026-07-02 09:00:00,1.932,1.932,1.923,1.923,37041.3
2026-07-02 09:05:00,1.924,1.925,1.916,1.92,110277.1
2026-07-02 09:10:00,1.92,1.923,1.915,1.915,15788.1
2026-07-02 09:15:00,1.916,1.916,1.911,1.913,87289.4
2026-07-02 09:20:00,1.913,1.919,1.912,1.917,30897.8
2026-07-02 09:25:00,1.917,1.93,1.916,1.927,53213.3
2026-07-02 09:30:00,1.926,1.939,1.926,1.935,79246.9
2026-07-02 09:35:00,1.934,1.942,1.933,1.94,84887.7
2026-07-02 09:40:00,1.941,1.944,1.934,1.937,158583.6
2026-07-02 09:45:00,1.936,1.94,1.929,1.939,235718.2
2026-07-02 09:50:00,1.939,1.949,1.938,1.946,152860.5
2026-07-02 09:55:00,1.947,1.951,1.945,1.945,71831.9
2026-07-02 10:00:00,1.946,1.947,1.942,1.945,37995.4
2026-07-02 10:05:00,1.945,1.949,1.942,1.943,59625.1
2026-07-02 10:10:00,1.943,1.949,1.942,1.948,57839.8
2026-07-02 10:15:00,1.949,1.95,1.941,1.944,27804.8
2026-07-02 10:20:00,1.944,1.944,1.938,1.94,48793.6
2026-07-02 10:25:00,1.94,1.948,1.939,1.948,65499.4
2026-07-02 10:30:00,1.948,1.955,1.948,1.952,96076.4
2026-07-02 10:35:00,1.953,1.953,1.951,1.952,39919.9
2026-07-02 10:40:00,1.952,1.953,1.939,1.94,39139.9
2026-07-02 10:45:00,1.94,1.944,1.935,1.941,88845.5
2026-07-02 10:50:00,1.942,1.943,1.935,1.937,31790.7
2026-07-02 10:55:00,1.937,1.94,1.934,1.939,64526.6
2026-07-02 11:00:00,1.938,1.941,1.932,1.941,102363.1
2026-07-02 11:05:00,1.941,1.95,1.941,1.946,60310.5
2026-07-02 11:10:00,1.947,1.953,1.947,1.949,81362.1
2026-07-02 11:15:00,1.949,1.952,1.948,1.949,70111.9
2026-07-02 11:20:00,1.95,1.95,1.941,1.949,83690.2
2026-07-02 11:25:00,1.949,1.95,1.943,1.945,33878.7
2026-07-02 11:30:00,1.945,1.948,1.939,1.94,53023.3
2026-07-02 11:35:00,1.941,1.945,1.937,1.94,80786.2
2026-07-02 11:40:00,1.939,1.941,1.936,1.94,32854.5
2026-07-02 11:45:00,1.941,1.946,1.94,1.944,53814.2
2026-07-02 11:50:00,1.944,1.947,1.94,1.94,25201.0
2026-07-02 11:55:00,1.941,1.946,1.936,1.946,40225.8
2026-07-02 12:00:00,1.946,1.95,1.942,1.949,46693.6
2026-07-02 12:05:00,1.949,1.949,1.944,1.949,47516.4
2026-07-02 12:10:00,1.95,1.952,1.945,1.951,47474.1
2026-07-02 12:15:00,1.951,1.952,1.937,1.94,91449.8
2026-07-02 12:20:00,1.941,1.942,1.937,1.94,46519.7
2026-07-02 12:25:00,1.94,1.944,1.939,1.943,52522.7
2026-07-02 12:30:00,1.944,1.955,1.933,1.94,268496.2
2026-07-02 12:35:00,1.94,1.942,1.938,1.941,52019.0
2026-07-02 12:40:00,1.941,1.941,1.934,1.934,18833.1
2026-07-02 12:45:00,1.935,1.94,1.934,1.936,83964.4
2026-07-02 12:50:00,1.936,1.94,1.931,1.94,56221.5
2026-07-02 12:55:00,1.94,1.94,1.932,1.933,75379.8
2026-07-02 13:00:00,1.933,1.938,1.928,1.935,132193.0
2026-07-02 13:05:00,1.936,1.937,1.931,1.934,53405.8
2026-07-02 13:10:00,1.935,1.943,1.935,1.941,39178.5
2026-07-02 13:15:00,1.942,1.946,1.938,1.944,80480.5
2026-07-02 13:20:00,1.944,1.946,1.941,1.945,27426.7
2026-07-02 13:25:00,1.945,1.949,1.936,1.939,72982.1
2026-07-02 13:30:00,1.94,1.95,1.929,1.95,203635.8
2026-07-02 13:35:00,1.95,1.951,1.943,1.946,77280.4
2026-07-02 13:40:00,1.946,1.952,1.944,1.948,46452.2
2026-07-02 13:45:00,1.948,1.951,1.943,1.949,41508.1
2026-07-02 13:50:00,1.948,1.949,1.941,1.942,38614.3
2026-07-02 13:55:00,1.942,1.945,1.939,1.942,62596.7
2026-07-02 14:00:00,1.943,1.949,1.939,1.943,59043.8
2026-07-02 14:05:00,1.944,1.946,1.937,1.939,50280.7
2026-07-02 14:10:00,1.94,1.953,1.938,1.947,64636.2
2026-07-02 14:15:00,1.947,1.951,1.928,1.929,92960.5
2026-07-02 14:20:00,1.929,1.929,1.918,1.921,143494.9
2026-07-02 14:25:00,1.921,1.924,1.916,1.92,139311.5
2026-07-02 14:30:00,1.919,1.922,1.909,1.909,147528.8
2026-07-02 14:35:00,1.91,1.922,1.908,1.913,93550.5
2026-07-02 14:40:00,1.912,1.915,1.903,1.907,92075.3
2026-07-02 14:45:00,1.908,1.915,1.907,1.912,48936.5
2026-07-02 14:50:00,1.913,1.918,1.906,1.908,85617.5
2026-07-02 14:55:00,1.907,1.913,1.907,1.912,44079.9
2026-07-02 15:00:00,1.912,1.914,1.903,1.904,41548.9
2026-07-02 15:05:00,1.904,1.906,1.9,1.903,131582.0
2026-07-02 15:10:00,1.904,1.912,1.902,1.904,64836.4
2026-07-02 15:15:00,1.904,1.909,1.9,1.902,131474.6
2026-07-02 15:20:00,1.903,1.908,1.902,1.906,54469.0
2026-07-02 15:25:00,1.906,1.908,1.904,1.905,42047.4
2026-07-02 15:30:00,1.904,1.906,1.902,1.905,25710.2
2026-07-02 15:35:00,1.905,1.908,1.902,1.905,37960.6
2026-07-02 15:40:00,1.905,1.909,1.905,1.906,26088.7
2026-07-02 15:45:00,1.906,1.916,1.906,1.909,144884.5
2026-07-02 15:50:00,1.908,1.913,1.905,1.913,111778.3
2026-07-02 15:55:00,1.913,1.918,1.911,1.914,48161.9
2026-07-02 16:00:00,1.915,1.919,1.905,1.913,61269.4
2026-07-02 16:05:00,1.913,1.917,1.911,1.915,60879.3
2026-07-02 16:10:00,1.916,1.922,1.916,1.919,50705.9
2026-07-02 16:15:00,1.918,1.918,1.914,1.916,17667.9
2026-07-02 16:20:00,1.916,1.919,1.914,1.919,12744.1
2026-07-02 16:25:00,1.919,1.923,1.914,1.917,61195.8
2026-07-02 16:30:00,1.917,1.922,1.917,1.918,32110.7
2026-07-02 16:35:00,1.918,1.92,1.914,1.917,29070.5
2026-07-02 16:40:00,1.917,1.921,1.916,1.92,14581.4
2026-07-02 16:45:00,1.92,1.934,1.92,1.931,133911.0
2026-07-02 16:50:00,1.93,1.93,1.923,1.927,91193.7
2026-07-02 16:55:00,1.927,1.927,1.921,1.926,90954.9
2026-07-02 17:00:00,1.925,1.926,1.921,1.924,35766.6
2026-07-02 17:05:00,1.925,1.929,1.921,1.924,22350.5
2026-07-02 17:10:00,1.924,1.929,1.922,1.928,21692.1
2026-07-02 17:15:00,1.927,1.935,1.925,1.933,77776.4
2026-07-02 17:20:00,1.932,1.934,1.93,1.933,41256.3
2026-07-02 17:25:00,1.933,1.938,1.932,1.938,21042.5
2026-07-02 17:30:00,1.937,1.938,1.935,1.937,15460.9
2026-07-02 17:35:00,1.936,1.938,1.931,1.938,54808.2
2026-07-02 17:40:00,1.938,1.95,1.938,1.949,77215.5
2026-07-02 17:45:00,1.949,1.95,1.939,1.94,35671.6
2026-07-02 17:50:00,1.941,1.948,1.939,1.947,55454.3
2026-07-02 17:55:00,1.947,1.947,1.941,1.942,16960.9
2026-07-02 18:00:00,1.942,1.949,1.941,1.948,14851.6
2026-07-02 18:05:00,1.948,1.951,1.947,1.949,25000.7
2026-07-02 18:10:00,1.95,1.95,1.943,1.949,36875.7
2026-07-02 18:15:00,1.949,1.949,1.943,1.948,22743.1
2026-07-02 18:20:00,1.949,1.951,1.945,1.947,50151.3
2026-07-02 18:25:00,1.948,1.951,1.946,1.949,17495.9
2026-07-02 18:30:00,1.948,1.948,1.939,1.94,52247.3
2026-07-02 18:35:00,1.94,1.944,1.938,1.943,11324.1
2026-07-02 18:40:00,1.944,1.946,1.942,1.944,7794.3
2026-07-02 18:45:00,1.944,1.949,1.943,1.946,24702.9
2026-07-02 18:50:00,1.946,1.95,1.944,1.947,22576.0
2026-07-02 18:55:00,1.947,1.947,1.944,1.947,15130.2
2026-07-02 19:00:00,1.948,1.948,1.941,1.942,22140.5
2026-07-02 19:05:00,1.943,1.943,1.938,1.94,11539.8
2026-07-02 19:10:00,1.939,1.94,1.936,1.94,13494.4
2026-07-02 19:15:00,1.939,1.941,1.936,1.94,10981.6
2026-07-02 19:20:00,1.94,1.94,1.935,1.937,12795.1
2026-07-02 19:25:00,1.937,1.944,1.935,1.944,23165.4
2026-07-02 19:30:00,1.945,1.947,1.944,1.945,13935.0
2026-07-02 19:35:00,1.945,1.946,1.937,1.941,35822.7
2026-07-02 19:40:00,1.942,1.944,1.939,1.939,16098.1
2026-07-02 19:45:00,1.938,1.943,1.938,1.941,53124.2
2026-07-02 19:50:00,1.941,1.95,1.941,1.943,75904.1
2026-07-02 19:55:00,1.942,1.942,1.937,1.94,15405.1
2026-07-02 20:00:00,1.94,1.941,1.935,1.937,28834.3
2026-07-02 20:05:00,1.937,1.939,1.936,1.939,5752.0
2026-07-02 20:10:00,1.94,1.941,1.938,1.94,14807.2
2026-07-02 20:15:00,1.94,1.944,1.936,1.936,18366.9
2026-07-02 20:20:00,1.937,1.937,1.929,1.93,38865.1
2026-07-02 20:25:00,1.93,1.93,1.927,1.93,36953.4
2026-07-02 20:30:00,1.93,1.933,1.929,1.932,17356.2
2026-07-02 20:35:00,1.933,1.946,1.931,1.939,197165.4
2026-07-02 20:40:00,1.939,1.939,1.934,1.935,57569.6
2026-07-02 20:45:00,1.936,1.938,1.935,1.938,6297.7
2026-07-02 20:50:00,1.937,1.938,1.923,1.927,345460.1
2026-07-02 20:55:00,1.928,1.94,1.926,1.934,208163.9
2026-07-02 21:00:00,1.933,1.935,1.928,1.929,15203.9
2026-07-02 21:05:00,1.929,1.93,1.927,1.927,5895.5
2026-07-02 21:10:00,1.928,1.929,1.926,1.929,13377.2
2026-07-02 21:15:00,1.928,1.929,1.925,1.926,4725.7
2026-07-02 21:20:00,1.926,1.929,1.926,1.929,5395.4
2026-07-02 21:25:00,1.929,1.93,1.928,1.928,4802.3
2026-07-02 21:30:00,1.928,1.929,1.922,1.926,20456.4
2026-07-02 21:35:00,1.927,1.932,1.926,1.926,27030.4
2026-07-02 21:40:00,1.926,1.928,1.917,1.923,44858.9
2026-07-02 21:45:00,1.923,1.924,1.921,1.924,13076.1
2026-07-02 21:50:00,1.925,1.928,1.922,1.925,11719.4
2026-07-02 21:55:00,1.924,1.929,1.923,1.927,11066.6
2026-07-02 22:00:00,1.927,1.93,1.924,1.929,21101.0
2026-07-02 22:05:00,1.929,1.933,1.926,1.927,14325.7
2026-07-02 22:10:00,1.926,1.929,1.925,1.928,16085.6
2026-07-02 22:15:00,1.927,1.929,1.925,1.926,7129.4
2026-07-02 22:20:00,1.925,1.925,1.921,1.924,15466.6
2026-07-02 22:25:00,1.924,1.924,1.922,1.923,5749.3
