timestamp,open,high,low,close,volume
2026-02-28 07:00:00,0.1106,0.1123,0.11,0.1121,1701366.06
2026-02-28 07:15:00,0.1122,0.1123,0.1106,0.111,1017498.67
2026-02-28 07:30:00,0.111,0.1141,0.111,0.1137,1137173.41
2026-02-28 07:45:00,0.1137,0.1137,0.1122,0.1123,425272.19
2026-02-28 08:00:00,0.1122,0.1122,0.1114,0.1115,608264.75
2026-02-28 08:15:00,0.1114,0.1119,0.1109,0.1116,424305.65
2026-02-28 08:30:00,0.1115,0.1121,0.1112,0.1115,424288.36
2026-02-28 08:45:00,0.1114,0.1116,0.1106,0.1107,457652.16
2026-02-28 09:00:00,0.1107,0.1116,0.1104,0.1113,797190.03
2026-02-28 09:15:00,0.1113,0.1117,0.111,0.1115,217583.84
2026-02-28 09:30:00,0.1114,0.1116,0.1108,0.111,209411.42
2026-02-28 09:45:00,0.1109,0.111,0.1097,0.1101,1043769.13
2026-02-28 10:00:00,0.1099,0.1102,0.1092,0.1096,793086.05
2026-02-28 10:15:00,0.1096,0.1102,0.1095,0.11,415626.0
2026-02-28 10:30:00,0.11,0.111,0.11,0.1106,384666.34
2026-02-28 10:45:00,0.1106,0.1107,0.1102,0.1104,395947.89
2026-02-28 11:00:00,0.1105,0.111,0.1104,0.1105,412340.23
2026-02-28 11:15:00,0.1105,0.1108,0.1103,0.1107,147477.79
2026-02-28 11:30:00,0.1106,0.1112,0.1105,0.1107,345014.04
2026-02-28 11:45:00,0.1107,0.1108,0.1099,0.11,334291.68
2026-02-28 12:00:00,0.1101,0.1106,0.1101,0.1106,776861.36
2026-02-28 12:15:00,0.1105,0.1107,0.1103,0.1106,466573.24
2026-02-28 12:30:00,0.1106,0.1112,0.1106,0.1107,528970.24
2026-02-28 12:45:00,0.1106,0.1107,0.1102,0.1106,258208.72
2026-02-28 13:00:00,0.1106,0.111,0.1106,0.1108,177464.34
2026-02-28 13:15:00,0.1109,0.1111,0.1102,0.1105,296409.32
2026-02-28 13:30:00,0.1105,0.1106,0.1097,0.1104,299471.56
2026-02-28 13:45:00,0.1104,0.1137,0.1104,0.1137,2254799.87
2026-02-28 14:00:00,0.1138,0.1149,0.113,0.1136,2026720.59
2026-02-28 14:15:00,0.1135,0.1145,0.1135,0.1145,386191.38
2026-02-28 14:30:00,0.1144,0.1148,0.1137,0.1145,486524.26
2026-02-28 14:45:00,0.1145,0.1146,0.1128,0.1133,968078.97
2026-02-28 15:00:00,0.1133,0.1133,0.1119,0.1119,574626.18
2026-02-28 15:15:00,0.112,0.1139,0.112,0.1137,685739.45
2026-02-28 15:30:00,0.1137,0.1141,0.1134,0.1136,474116.54
2026-02-28 15:45:00,0.1136,0.1137,0.1134,0.1136,225118.66
2026-02-28 16:00:00,0.1135,0.1135,0.1129,0.1132,377692.87
2026-02-28 16:15:00,0.1132,0.1133,0.1127,0.1129,222232.5
2026-02-28 16:30:00,0.1129,0.1131,0.1122,0.113,423459.27
2026-02-28 16:45:00,0.113,0.1134,0.1126,0.1133,224730.47
2026-02-28 17:00:00,0.1133,0.1133,0.1127,0.1129,263771.23
2026-02-28 17:15:00,0.1129,0.1132,0.1126,0.1131,174874.23
2026-02-28 17:30:00,0.1131,0.1132,0.1123,0.1126,955928.17
2026-02-28 17:45:00,0.1126,0.1141,0.1123,0.1137,501887.09
2026-02-28 18:00:00,0.1137,0.1142,0.1135,0.1139,308158.25
2026-02-28 18:15:00,0.1139,0.114,0.1136,0.1139,87745.06
2026-02-28 18:30:00,0.1139,0.1162,0.1138,0.1158,807238.2
2026-02-28 18:45:00,0.1159,0.1174,0.1157,0.1165,578188.45
2026-02-28 19:00:00,0.1165,0.1165,0.1155,0.1158,312095.37
2026-02-28 19:15:00,0.1158,0.1165,0.1158,0.1163,286833.04
2026-02-28 19:30:00,0.1163,0.1199,0.1162,0.1187,1317404.99
2026-02-28 19:45:00,0.1188,0.1194,0.1181,0.1184,396204.01
2026-02-28 20:00:00,0.1185,0.1198,0.1181,0.1194,331069.92
2026-02-28 20:15:00,0.1194,0.1208,0.119,0.12,1084540.22
2026-02-28 20:30:00,0.12,0.12,0.119,0.1199,312287.41
2026-02-28 20:45:00,0.1198,0.1211,0.1197,0.1209,943556.08
2026-02-28 21:00:00,0.1209,0.1212,0.1192,0.1196,640864.21
2026-02-28 21:15:00,0.1196,0.1197,0.1191,0.1194,457113.03
2026-02-28 21:30:00,0.1193,0.1207,0.119,0.1198,480917.45
2026-02-28 21:45:00,0.1199,0.1204,0.1197,0.1201,188765.12
2026-02-28 22:00:00,0.1201,0.1215,0.1201,0.1212,610842.04
2026-02-28 22:15:00,0.1211,0.1216,0.121,0.121,234898.48
2026-02-28 22:30:00,0.1211,0.1227,0.121,0.1216,1237357.31
2026-02-28 22:45:00,0.1215,0.1221,0.1212,0.1214,295991.07
2026-02-28 23:00:00,0.1215,0.122,0.1213,0.1214,233299.55
2026-02-28 23:15:00,0.1214,0.1216,0.1211,0.1214,370396.85
2026-02-28 23:30:00,0.1214,0.1219,0.1212,0.1219,355394.32
2026-02-28 23:45:00,0.1219,0.1227,0.1218,0.1227,658875.57
2026-03-01 00:00:00,0.1226,0.1231,0.1219,0.1221,415416.33
2026-03-01 00:15:00,0.122,0.1222,0.1211,0.1212,525352.97
2026-03-01 00:30:00,0.1214,0.1215,0.1207,0.1212,373306.46
2026-03-01 00:45:00,0.1213,0.1213,0.1207,0.121,283211.27
2026-03-01 01:00:00,0.1209,0.121,0.12,0.1203,690862.0
2026-03-01 01:15:00,0.1202,0.1211,0.1202,0.1211,1215646.82
2026-03-01 01:30:00,0.1211,0.1226,0.1208,0.1223,339689.54
2026-03-01 01:45:00,0.1223,0.1257,0.1223,0.1242,1702934.03
2026-03-01 02:00:00,0.1242,0.1269,0.1242,0.1263,1544603.12
2026-03-01 02:15:00,0.1264,0.1267,0.1251,0.1253,656615.71
2026-03-01 02:30:00,0.1253,0.126,0.1249,0.1259,582912.66
2026-03-01 02:45:00,0.1258,0.1262,0.125,0.1251,988246.57
2026-03-01 03:00:00,0.125,0.1253,0.1247,0.1251,453607.74
2026-03-01 03:15:00,0.1251,0.1255,0.1243,0.1247,553088.83
2026-03-01 03:30:00,0.1247,0.1248,0.1239,0.1243,167546.23
2026-03-01 03:45:00,0.1243,0.1244,0.1236,0.1241,567644.9
2026-03-01 04:00:00,0.1241,0.1248,0.1237,0.1238,421724.86
2026-03-01 04:15:00,0.1239,0.124,0.1228,0.1233,874640.46
2026-03-01 04:30:00,0.1233,0.1243,0.1232,0.1241,158182.01
2026-03-01 04:45:00,0.124,0.1242,0.1236,0.1237,178577.38
2026-03-01 05:00:00,0.1238,0.1245,0.1237,0.1239,145972.55
2026-03-01 05:15:00,0.124,0.1253,0.124,0.1247,429981.35
2026-03-01 05:30:00,0.1247,0.1254,0.1246,0.1249,304825.56
2026-03-01 05:45:00,0.1249,0.1251,0.1248,0.1251,166958.02
2026-03-01 06:00:00,0.1251,0.1252,0.1236,0.124,379885.35
2026-03-01 06:15:00,0.1241,0.1245,0.1239,0.1242,353184.43
2026-03-01 06:30:00,0.1243,0.1247,0.1235,0.1239,449703.87
2026-03-01 06:45:00,0.1238,0.1242,0.1234,0.1238,342814.31
2026-03-01 07:00:00,0.1238,0.124,0.1231,0.1237,643271.34
2026-03-01 07:15:00,0.1236,0.1246,0.1234,0.1242,277867.91
2026-03-01 07:30:00,0.1241,0.1249,0.124,0.1246,478316.02
2026-03-01 07:45:00,0.1245,0.1255,0.1244,0.1255,448955.03
2026-03-01 08:00:00,0.1255,0.1262,0.1249,0.126,660581.88
2026-03-01 08:15:00,0.126,0.1263,0.1251,0.1252,792288.92
2026-03-01 08:30:00,0.1252,0.1252,0.1242,0.1242,345940.68
2026-03-01 08:45:00,0.1243,0.1244,0.1227,0.1229,606151.54
2026-03-01 09:00:00,0.1229,0.1238,0.1223,0.1233,731333.54
2026-03-01 09:15:00,0.1233,0.124,0.123,0.1233,357815.53
2026-03-01 09:30:00,0.1233,0.1233,0.1225,0.1227,453771.13
2026-03-01 09:45:00,0.1227,0.123,0.1223,0.1225,313207.4
2026-03-01 10:00:00,0.1225,0.1229,0.1221,0.1229,485643.37
2026-03-01 10:15:00,0.1228,0.1231,0.1225,0.123,181487.97
2026-03-01 10:30:00,0.1231,0.1241,0.123,0.1235,312265.8
2026-03-01 10:45:00,0.1236,0.1238,0.1232,0.1233,158661.37
2026-03-01 11:00:00,0.1234,0.1235,0.1229,0.1229,330603.8
2026-03-01 11:15:00,0.123,0.1232,0.1229,0.123,162584.28
2026-03-01 11:30:00,0.123,0.1232,0.1226,0.1229,76892.4
2026-03-01 11:45:00,0.1229,0.1232,0.1228,0.1232,78319.4
2026-03-01 12:00:00,0.1231,0.1235,0.123,0.1232,203987.82
2026-03-01 12:15:00,0.1232,0.1237,0.1232,0.1233,125134.49
2026-03-01 12:30:00,0.1234,0.1237,0.1228,0.1228,341516.39
2026-03-01 12:45:00,0.1229,0.1229,0.1217,0.1218,529751.3
2026-03-01 13:00:00,0.1218,0.122,0.1213,0.1217,404021.03
2026-03-01 13:15:00,0.1217,0.1218,0.1208,0.1212,352435.67
2026-03-01 13:30:00,0.1212,0.1213,0.1209,0.121,266684.16
2026-03-01 13:45:00,0.121,0.1248,0.121,0.124,2828151.06
2026-03-01 14:00:00,0.1241,0.1251,0.1233,0.1242,873234.9
2026-03-01 14:15:00,0.1242,0.1243,0.1231,0.1233,382586.71
2026-03-01 14:30:00,0.1233,0.1237,0.1224,0.1226,417480.51
2026-03-01 14:45:00,0.1226,0.1229,0.1223,0.1228,313107.9
2026-03-01 15:00:00,0.1228,0.1236,0.1227,0.1235,391919.52
2026-03-01 15:15:00,0.1236,0.1239,0.1233,0.1236,674932.72
2026-03-01 15:30:00,0.1236,0.1237,0.1229,0.1233,1116376.2
2026-03-01 15:45:00,0.1233,0.1238,0.1229,0.1229,665883.47
2026-03-01 16:00:00,0.123,0.1243,0.1226,0.1238,524682.22
2026-03-01 16:15:00,0.1238,0.124,0.1232,0.1238,336007.66
2026-03-01 16:30:00,0.1239,0.1243,0.1237,0.1237,256649.98
2026-03-01 16:45:00,0.1236,0.1236,0.1209,0.1217,871280.56
2026-03-01 17:00:00,0.1217,0.1217,0.1209,0.1213,593554.92
2026-03-01 17:15:00,0.1212,0.1213,0.1199,0.1211,562777.99
2026-03-01 17:30:00,0.121,0.1217,0.1206,0.1214,155901.8
2026-03-01 17:45:00,0.1214,0.1216,0.1208,0.1211,649868.59
2026-03-01 18:00:00,0.1211,0.1234,0.121,0.1227,777493.23
2026-03-01 18:15:00,0.1227,0.1233,0.1223,0.1224,247258.13
2026-03-01 18:30:00,0.1224,0.1225,0.1219,0.1223,486656.79
2026-03-01 18:45:00,0.1222,0.1225,0.1221,0.1221,94093.56
2026-03-01 19:00:00,0.1221,0.1222,0.1211,0.1211,374345.04
2026-03-01 19:15:00,0.1212,0.1214,0.1208,0.121,136003.79
2026-03-01 19:30:00,0.121,0.1218,0.1208,0.1209,497095.21
2026-03-01 19:45:00,0.121,0.1212,0.1207,0.1208,326379.44
2026-03-01 20:00:00,0.1208,0.121,0.1195,0.1196,917817.83
2026-03-01 20:15:00,0.1197,0.1199,0.1192,0.1192,515931.0
2026-03-01 20:30:00,0.1192,0.1194,0.1187,0.1188,770194.62
2026-03-01 20:45:00,0.1188,0.1193,0.1184,0.1189,1051750.15
2026-03-01 21:00:00,0.1189,0.1201,0.1189,0.1199,562203.73
2026-03-01 21:15:00,0.1198,0.1208,0.1196,0.1208,299252.15
2026-03-01 21:30:00,0.1207,0.1207,0.1199,0.1202,672170.11
2026-03-01 21:45:00,0.1202,0.1204,0.1201,0.1203,159607.22
2026-03-01 22:00:00,0.1203,0.1232,0.1199,0.1221,2061328.67
2026-03-01 22:15:00,0.1221,0.1226,0.1214,0.1216,476928.77
2026-03-01 22:30:00,0.1215,0.122,0.1208,0.1219,479434.36
2026-03-01 22:45:00,0.1219,0.1219,0.1209,0.121,575211.69
2026-03-01 23:00:00,0.1209,0.123,0.1208,0.1222,917936.54
2026-03-01 23:15:00,0.1222,0.1224,0.1216,0.1216,756619.94
2026-03-01 23:30:00,0.1216,0.122,0.1214,0.1217,571147.98
2026-03-01 23:45:00,0.1216,0.122,0.1214,0.1215,550290.6
2026-03-02 00:00:00,0.1216,0.1223,0.1216,0.1218,556668.34
2026-03-02 00:15:00,0.1218,0.1224,0.1215,0.1219,817863.99
2026-03-02 00:30:00,0.1219,0.1232,0.1218,0.1232,221571.62
2026-03-02 00:45:00,0.1232,0.1237,0.1229,0.1234,547310.16
2026-03-02 01:00:00,0.1234,0.1253,0.1228,0.1248,746546.99
2026-03-02 01:15:00,0.1248,0.125,0.1234,0.1236,390010.33
2026-03-02 01:30:00,0.1237,0.1241,0.1235,0.1237,279366.56
2026-03-02 01:45:00,0.1236,0.1239,0.1233,0.1236,495667.85
2026-03-02 02:00:00,0.1237,0.1242,0.1223,0.1226,764402.14
2026-03-02 02:15:00,0.1226,0.1229,0.1224,0.1227,152905.91
2026-03-02 02:30:00,0.1226,0.1234,0.1225,0.1226,295637.31
2026-03-02 02:45:00,0.1226,0.1231,0.1221,0.1224,250471.33
2026-03-02 03:00:00,0.1223,0.1233,0.1217,0.1229,541885.83
2026-03-02 03:15:00,0.1229,0.1241,0.1229,0.1239,512947.18
2026-03-02 03:30:00,0.1239,0.124,0.1235,0.1235,516345.49
2026-03-02 03:45:00,0.1235,0.1245,0.1235,0.1238,352614.28
2026-03-02 04:00:00,0.1239,0.1241,0.1237,0.1239,240267.99
2026-03-02 04:15:00,0.1239,0.1244,0.1236,0.1241,636424.6
2026-03-02 04:30:00,0.1241,0.1244,0.1238,0.124,422967.53
2026-03-02 04:45:00,0.1239,0.1239,0.1232,0.1234,447837.6
2026-03-02 05:00:00,0.1235,0.1235,0.1223,0.1224,373563.26
2026-03-02 05:15:00,0.1225,0.1229,0.1225,0.1229,229235.77
2026-03-02 05:30:00,0.1228,0.1234,0.1227,0.1232,235604.64
2026-03-02 05:45:00,0.1232,0.1232,0.1222,0.1222,82203.88
2026-03-02 06:00:00,0.1223,0.1223,0.1217,0.122,269334.35
2026-03-02 06:15:00,0.1219,0.122,0.1204,0.1211,513066.06
2026-03-02 06:30:00,0.1211,0.1218,0.1209,0.1216,474524.38
2026-03-02 06:45:00,0.1216,0.1216,0.1209,0.1213,135578.22
2026-03-02 07:00:00,0.1212,0.1213,0.12,0.1201,442079.83
2026-03-02 07:15:00,0.1202,0.1207,0.1198,0.1205,202072.93
2026-03-02 07:30:00,0.1204,0.1209,0.1204,0.1206,131195.62
2026-03-02 07:45:00,0.1206,0.1206,0.1204,0.1204,138234.24
2026-03-02 08:00:00,0.1204,0.1204,0.1193,0.1204,1014147.21
2026-03-02 08:15:00,0.1204,0.1204,0.1195,0.1197,231274.05
2026-03-02 08:30:00,0.1198,0.1203,0.1197,0.1203,205585.82
2026-03-02 08:45:00,0.1202,0.1211,0.1201,0.1208,380747.09
2026-03-02 09:00:00,0.1208,0.1219,0.1207,0.1217,346022.18
2026-03-02 09:15:00,0.1217,0.1227,0.1217,0.1221,809371.56
2026-03-02 09:30:00,0.1221,0.1231,0.1221,0.1227,692632.95
2026-03-02 09:45:00,0.1227,0.1227,0.1221,0.1221,277318.19
2026-03-02 10:00:00,0.122,0.1224,0.1217,0.122,241026.11
2026-03-02 10:15:00,0.1221,0.1223,0.122,0.1222,271496.15
2026-03-02 10:30:00,0.1222,0.1222,0.1215,0.1216,213214.05
2026-03-02 10:45:00,0.1216,0.1222,0.1215,0.1221,145545.47
2026-03-02 11:00:00,0.1221,0.1233,0.1221,0.123,520374.35
2026-03-02 11:15:00,0.123,0.1233,0.1223,0.1225,447208.09
2026-03-02 11:30:00,0.1225,0.1229,0.1224,0.1225,147933.47
2026-03-02 11:45:00,0.1224,0.123,0.1224,0.1229,452679.48
2026-03-02 12:00:00,0.1229,0.1231,0.1225,0.1226,281916.41
2026-03-02 12:15:00,0.1227,0.1227,0.1221,0.1223,244949.95
2026-03-02 12:30:00,0.1223,0.1228,0.1218,0.1224,539125.17
2026-03-02 12:45:00,0.1224,0.1225,0.1221,0.1223,625161.31
2026-03-02 13:00:00,0.1223,0.1226,0.122,0.1223,241203.29
2026-03-02 13:15:00,0.1224,0.1234,0.1224,0.1225,383666.22
2026-03-02 13:30:00,0.1226,0.123,0.1218,0.1223,627476.73
2026-03-02 13:45:00,0.1223,0.1223,0.1217,0.122,475179.69
2026-03-02 14:00:00,0.122,0.1228,0.1218,0.1227,259717.08
2026-03-02 14:15:00,0.1227,0.1233,0.1223,0.1227,520395.76
2026-03-02 14:30:00,0.1227,0.1258,0.1227,0.1255,1698262.31
2026-03-02 14:45:00,0.1255,0.1272,0.125,0.1272,1310701.84
2026-03-02 15:00:00,0.1272,0.1295,0.1264,0.1295,2357725.8
2026-03-02 15:15:00,0.1295,0.1299,0.1286,0.1293,1494621.43
2026-03-02 15:30:00,0.1294,0.13,0.1282,0.1288,1959718.3
2026-03-02 15:45:00,0.1288,0.1293,0.1278,0.1286,1784281.72
2026-03-02 16:00:00,0.1287,0.1291,0.1278,0.1289,1528435.45
2026-03-02 16:15:00,0.129,0.1294,0.1283,0.1286,1075195.97
2026-03-02 16:30:00,0.1286,0.1291,0.1269,0.129,1435602.42
2026-03-02 16:45:00,0.1289,0.1299,0.1285,0.1285,1101379.89
2026-03-02 17:00:00,0.1285,0.1285,0.1268,0.1272,673729.65
2026-03-02 17:15:00,0.1272,0.1274,0.1262,0.1269,442984.05
2026-03-02 17:30:00,0.1269,0.1275,0.1257,0.1258,606534.12
2026-03-02 17:45:00,0.1258,0.1276,0.1256,0.1273,387224.12
2026-03-02 18:00:00,0.1273,0.1273,0.1263,0.1273,244797.14
2026-03-02 18:15:00,0.1273,0.1273,0.1268,0.1268,157859.56
2026-03-02 18:30:00,0.1269,0.1273,0.1266,0.1272,301709.48
2026-03-02 18:45:00,0.1273,0.1275,0.1264,0.1268,1199478.67
2026-03-02 19:00:00,0.1267,0.1268,0.1251,0.1259,1152655.91
2026-03-02 19:15:00,0.126,0.1265,0.1258,0.1262,434385.44
2026-03-02 19:30:00,0.1263,0.127,0.1259,0.1266,353497.25
2026-03-02 19:45:00,0.1266,0.1274,0.1265,0.127,358257.72
2026-03-02 20:00:00,0.1269,0.1277,0.1254,0.1259,635543.99
2026-03-02 20:15:00,0.1259,0.1263,0.1257,0.126,394961.39
2026-03-02 20:30:00,0.1259,0.1264,0.1259,0.1264,138457.31
2026-03-02 20:45:00,0.1265,0.1269,0.1262,0.1263,258855.52
2026-03-02 21:00:00,0.1263,0.1263,0.1254,0.1259,223510.05
2026-03-02 21:15:00,0.1258,0.1262,0.1254,0.1261,125277.19
2026-03-02 21:30:00,0.126,0.1265,0.126,0.1264,293380.51
2026-03-02 21:45:00,0.1265,0.1266,0.1261,0.1262,113644.43
2026-03-02 22:00:00,0.1262,0.1271,0.1262,0.1268,183013.29
2026-03-02 22:15:00,0.1269,0.1274,0.1266,0.1274,229874.91
2026-03-02 22:30:00,0.1273,0.1275,0.1268,0.1268,354386.93
2026-03-02 22:45:00,0.127,0.127,0.1265,0.1267,103060.73
2026-03-02 23:00:00,0.1267,0.1268,0.1254,0.1256,406454.4
2026-03-02 23:15:00,0.1255,0.1257,0.1247,0.1248,512574.84
2026-03-02 23:30:00,0.1247,0.1247,0.1238,0.1241,509218.45
2026-03-02 23:45:00,0.1242,0.1248,0.124,0.1245,252408.06
2026-03-03 00:00:00,0.1245,0.1248,0.1242,0.1244,288605.16
2026-03-03 00:15:00,0.1245,0.1246,0.1238,0.1241,150417.98
2026-03-03 00:30:00,0.1241,0.1248,0.1236,0.1246,411845.08
2026-03-03 00:45:00,0.1246,0.1252,0.1239,0.1251,237490.21
2026-03-03 01:00:00,0.1251,0.1256,0.1246,0.1253,156349.18
2026-03-03 01:15:00,0.1252,0.1256,0.1248,0.1251,377666.85
2026-03-03 01:30:00,0.1251,0.1262,0.1246,0.1262,419492.86
2026-03-03 01:45:00,0.1261,0.1261,0.1253,0.1254,268644.8
2026-03-03 02:00:00,0.1254,0.1255,0.1248,0.125,525699.57
2026-03-03 02:15:00,0.125,0.1251,0.1243,0.1251,588568.44
2026-03-03 02:30:00,0.1251,0.1257,0.1251,0.1255,393465.56
2026-03-03 02:45:00,0.1255,0.1259,0.1253,0.1254,262554.28
2026-03-03 03:00:00,0.1254,0.1257,0.1249,0.1254,344584.39
2026-03-03 03:15:00,0.1254,0.1256,0.1249,0.1255,266786.99
2026-03-03 03:30:00,0.1255,0.1268,0.1255,0.1268,345541.62
2026-03-03 03:45:00,0.1267,0.1271,0.1264,0.1269,261605.15
2026-03-03 04:00:00,0.127,0.1273,0.126,0.1262,390976.9
2026-03-03 04:15:00,0.1262,0.1271,0.1262,0.1264,237273.08
2026-03-03 04:30:00,0.1264,0.1266,0.1259,0.1264,211681.54
2026-03-03 04:45:00,0.1264,0.1265,0.1258,0.1264,202573.85
2026-03-03 05:00:00,0.1263,0.1273,0.1258,0.1273,265136.74
2026-03-03 05:15:00,0.1272,0.1283,0.1272,0.1281,1131017.87
2026-03-03 05:30:00,0.1281,0.1281,0.1269,0.1273,467079.28
2026-03-03 05:45:00,0.1272,0.1273,0.1254,0.1259,491576.2
2026-03-03 06:00:00,0.1258,0.1261,0.1253,0.1256,492744.3
2026-03-03 06:15:00,0.1255,0.1256,0.125,0.1251,507240.14
2026-03-03 06:30:00,0.1251,0.1254,0.125,0.1252,124205.22
2026-03-03 06:45:00,0.1252,0.126,0.125,0.1255,181502.85
2026-03-03 07:00:00,0.1254,0.1259,0.1251,0.1257,414769.76
2026-03-03 07:15:00,0.1257,0.1261,0.1249,0.1251,194784.54
2026-03-03 07:30:00,0.1251,0.1254,0.1249,0.1253,406100.84
2026-03-03 07:45:00,0.1253,0.1255,0.1249,0.1254,235629.77
2026-03-03 08:00:00,0.1253,0.1259,0.1251,0.1252,233271.71
2026-03-03 08:15:00,0.1252,0.1256,0.1244,0.1251,510233.4
2026-03-03 08:30:00,0.125,0.1251,0.1236,0.1237,623960.45
2026-03-03 08:45:00,0.1237,0.124,0.1233,0.1236,514083.75
2026-03-03 09:00:00,0.1236,0.1251,0.1233,0.1248,662312.19
2026-03-03 09:15:00,0.1248,0.125,0.1228,0.1229,809540.91
2026-03-03 09:30:00,0.1229,0.1236,0.1225,0.1227,508737.59
2026-03-03 09:45:00,0.1227,0.1228,0.1224,0.1225,380244.01
2026-03-03 10:00:00,0.1225,0.1226,0.1219,0.1223,495924.16
2026-03-03 10:15:00,0.1223,0.1223,0.1217,0.122,395223.27
2026-03-03 10:30:00,0.1219,0.1225,0.1219,0.1221,1130054.62
2026-03-03 10:45:00,0.1221,0.1227,0.1218,0.1223,320104.68
2026-03-03 11:00:00,0.1223,0.1228,0.1221,0.1222,295577.02
2026-03-03 11:15:00,0.1221,0.1227,0.1218,0.1223,205983.63
2026-03-03 11:30:00,0.1223,0.1228,0.1219,0.1225,251024.28
2026-03-03 11:45:00,0.1225,0.1227,0.122,0.1225,249465.33
2026-03-03 12:00:00,0.1225,0.1252,0.1224,0.1247,581369.63
2026-03-03 12:15:00,0.1247,0.1247,0.1236,0.1239,376763.43
2026-03-03 12:30:00,0.1239,0.124,0.1234,0.1238,1306141.54
2026-03-03 12:45:00,0.1238,0.1241,0.1235,0.124,271985.03
2026-03-03 13:00:00,0.1241,0.1242,0.123,0.123,933365.14
2026-03-03 13:15:00,0.123,0.1238,0.123,0.1237,124814.22
2026-03-03 13:30:00,0.1236,0.1236,0.1228,0.1232,227226.44
2026-03-03 13:45:00,0.1231,0.1236,0.1227,0.1232,355573.67
2026-03-03 14:00:00,0.1231,0.1237,0.1229,0.1235,182061.28
2026-03-03 14:15:00,0.1236,0.1242,0.1231,0.1237,150210.53
2026-03-03 14:30:00,0.1236,0.125,0.1225,0.123,912148.3
2026-03-03 14:45:00,0.123,0.1245,0.1222,0.1234,918182.65
2026-03-03 15:00:00,0.1234,0.1238,0.1227,0.1233,968040.9
2026-03-03 15:15:00,0.1233,0.1237,0.122,0.1228,479859.38
2026-03-03 15:30:00,0.1229,0.125,0.1229,0.1239,672081.13
2026-03-03 15:45:00,0.124,0.1249,0.124,0.1247,215461.87
2026-03-03 16:00:00,0.1247,0.1265,0.1244,0.1265,882179.66
2026-03-03 16:15:00,0.1266,0.1279,0.1259,0.1273,687749.41
2026-03-03 16:30:00,0.1272,0.1272,0.1237,0.1246,972514.4
2026-03-03 16:45:00,0.1246,0.1267,0.1245,0.1259,646927.67
2026-03-03 17:00:00,0.1259,0.1259,0.1243,0.125,582228.59
2026-03-03 17:15:00,0.125,0.1259,0.1246,0.1258,304702.16
2026-03-03 17:30:00,0.1259,0.1262,0.125,0.1261,327656.46
2026-03-03 17:45:00,0.1262,0.1272,0.126,0.127,496733.5
2026-03-03 18:00:00,0.127,0.1271,0.1263,0.1266,270507.27
2026-03-03 18:15:00,0.1266,0.128,0.1266,0.1278,630252.97
2026-03-03 18:30:00,0.1278,0.1289,0.1277,0.1282,1024282.01
2026-03-03 18:45:00,0.1281,0.1282,0.127,0.1272,375594.48
2026-03-03 19:00:00,0.1272,0.1273,0.1262,0.1266,118909.01
2026-03-03 19:15:00,0.1266,0.127,0.1262,0.1266,261208.93
2026-03-03 19:30:00,0.1266,0.1272,0.126,0.1271,456094.79
2026-03-03 19:45:00,0.1271,0.1275,0.1267,0.1269,265900.79
2026-03-03 20:00:00,0.1269,0.1269,0.1262,0.1262,91473.73
2026-03-03 20:15:00,0.1262,0.1268,0.1261,0.1265,107792.39
2026-03-03 20:30:00,0.1264,0.1269,0.1263,0.1266,193088.72
2026-03-03 20:45:00,0.1267,0.1267,0.1255,0.1259,307850.59
2026-03-03 21:00:00,0.1259,0.126,0.1251,0.1254,190176.39
2026-03-03 21:15:00,0.1253,0.1256,0.1248,0.1251,364137.17
2026-03-03 21:30:00,0.1251,0.1256,0.1251,0.1256,97457.34
2026-03-03 21:45:00,0.1255,0.1259,0.1254,0.1256,131982.95
2026-03-03 22:00:00,0.1256,0.127,0.1255,0.1264,263571.63
2026-03-03 22:15:00,0.1265,0.1267,0.1261,0.1265,75034.52
2026-03-03 22:30:00,0.1264,0.1271,0.1262,0.127,218088.8
2026-03-03 22:45:00,0.1269,0.1269,0.1262,0.1263,59576.27
2026-03-03 23:00:00,0.1264,0.1272,0.1259,0.1268,524312.36
2026-03-03 23:15:00,0.1268,0.1268,0.1263,0.1266,193905.12
2026-03-03 23:30:00,0.1266,0.1269,0.1263,0.1266,435809.97
2026-03-03 23:45:00,0.1267,0.1267,0.1264,0.1265,175402.14
2026-03-04 00:00:00,0.1266,0.1266,0.1262,0.1265,102086.48
2026-03-04 00:15:00,0.1264,0.1273,0.1264,0.127,139420.57
2026-03-04 00:30:00,0.127,0.1271,0.1253,0.1254,471065.44
2026-03-04 00:45:00,0.1254,0.1267,0.1254,0.1264,170855.32
2026-03-04 01:00:00,0.1264,0.1274,0.1264,0.127,348274.9
2026-03-04 01:15:00,0.1269,0.1276,0.1266,0.1274,388841.81
2026-03-04 01:30:00,0.1273,0.1286,0.127,0.1282,860963.24
2026-03-04 01:45:00,0.1282,0.1282,0.1272,0.1272,223082.03
2026-03-04 02:00:00,0.1273,0.1276,0.1268,0.1272,276802.82
2026-03-04 02:15:00,0.1271,0.1274,0.1268,0.1268,140450.0
2026-03-04 02:30:00,0.1269,0.1277,0.1267,0.1276,168712.15
2026-03-04 02:45:00,0.1276,0.128,0.1274,0.1278,141979.06
2026-03-04 03:00:00,0.1277,0.1281,0.1272,0.1279,447558.15
2026-03-04 03:15:00,0.1279,0.1283,0.1271,0.1271,404096.72
2026-03-04 03:30:00,0.1271,0.1271,0.1258,0.1262,855871.51
2026-03-04 03:45:00,0.1261,0.1269,0.1257,0.1269,339706.78
2026-03-04 04:00:00,0.127,0.1274,0.1265,0.127,630056.59
2026-03-04 04:15:00,0.127,0.127,0.126,0.126,249489.04
2026-03-04 04:30:00,0.1259,0.1264,0.1258,0.1263,268731.26
2026-03-04 04:45:00,0.1264,0.1271,0.1263,0.127,261732.24
2026-03-04 05:00:00,0.127,0.1275,0.1267,0.1275,525219.29
2026-03-04 05:15:00,0.1275,0.1277,0.1267,0.1271,272410.9
2026-03-04 05:30:00,0.1271,0.1288,0.1269,0.1281,1491687.66
2026-03-04 05:45:00,0.128,0.1283,0.1275,0.1275,541414.97
2026-03-04 06:00:00,0.1276,0.1279,0.1267,0.1268,488305.75
2026-03-04 06:15:00,0.1268,0.1268,0.126,0.1261,799524.64
2026-03-04 06:30:00,0.1261,0.1281,0.126,0.1274,905001.56
2026-03-04 06:45:00,0.1274,0.1275,0.1269,0.1275,372116.18
2026-03-04 07:00:00,0.1275,0.1278,0.1264,0.1265,1200993.02
2026-03-04 07:15:00,0.1265,0.1271,0.1264,0.1271,203773.5
2026-03-04 07:30:00,0.1272,0.1275,0.1268,0.1272,288401.0
2026-03-04 07:45:00,0.1272,0.128,0.1268,0.1277,753909.8
2026-03-04 08:00:00,0.1277,0.1279,0.1272,0.1273,944406.5
2026-03-04 08:15:00,0.1272,0.1273,0.1268,0.1269,154242.39
2026-03-04 08:30:00,0.127,0.1284,0.127,0.1283,713515.54
2026-03-04 08:45:00,0.1283,0.1304,0.1283,0.1301,2708952.21
2026-03-04 09:00:00,0.1302,0.1302,0.1288,0.1295,2142158.1
2026-03-04 09:15:00,0.1296,0.1305,0.1295,0.1302,1102653.27
2026-03-04 09:30:00,0.1302,0.1314,0.1298,0.131,2341160.24
2026-03-04 09:45:00,0.1311,0.1314,0.1302,0.1305,568997.62
2026-03-04 10:00:00,0.1305,0.1311,0.1301,0.1303,787797.24
2026-03-04 10:15:00,0.1302,0.1303,0.1292,0.1295,900614.28
2026-03-04 10:30:00,0.1294,0.1295,0.1287,0.1293,1089501.94
2026-03-04 10:45:00,0.1293,0.1298,0.1291,0.1298,262230.56
2026-03-04 11:00:00,0.1299,0.1302,0.1297,0.1301,409631.15
2026-03-04 11:15:00,0.1302,0.1303,0.1293,0.1295,340198.56
2026-03-04 11:30:00,0.1294,0.1295,0.1279,0.1284,742605.59
2026-03-04 11:45:00,0.1283,0.1291,0.1283,0.1289,397370.24
2026-03-04 12:00:00,0.1288,0.129,0.1284,0.1286,400536.08
2026-03-04 12:15:00,0.1285,0.1286,0.1279,0.128,476833.15
2026-03-04 12:30:00,0.1279,0.1285,0.1275,0.1285,482817.27
2026-03-04 12:45:00,0.1284,0.1292,0.1284,0.1288,580817.71
2026-03-04 13:00:00,0.1288,0.1298,0.1287,0.1289,695230.27
2026-03-04 13:15:00,0.129,0.1291,0.1285,0.1289,403878.68
2026-03-04 13:30:00,0.1289,0.1291,0.1287,0.1287,237168.98
2026-03-04 13:45:00,0.1287,0.1289,0.1285,0.1287,187892.86
2026-03-04 14:00:00,0.1286,0.1293,0.1286,0.1293,416550.95
2026-03-04 14:15:00,0.1292,0.1294,0.1286,0.1292,556230.12
2026-03-04 14:30:00,0.1292,0.1308,0.1282,0.1283,2685931.72
2026-03-04 14:45:00,0.1283,0.1286,0.1279,0.1285,1281224.46
2026-03-04 15:00:00,0.1285,0.1294,0.1284,0.1288,1186104.16
2026-03-04 15:15:00,0.1287,0.1312,0.1287,0.1311,1828202.85
2026-03-04 15:30:00,0.1312,0.1314,0.1301,0.1305,2111501.2
2026-03-04 15:45:00,0.1305,0.132,0.1305,0.132,1736739.37
2026-03-04 16:00:00,0.132,0.1323,0.1302,0.1303,1790344.24
2026-03-04 16:15:00,0.1303,0.1305,0.1295,0.1298,1844529.85
2026-03-04 16:30:00,0.1299,0.1301,0.1297,0.1298,246527.29
2026-03-04 16:45:00,0.1297,0.1301,0.1296,0.1297,183828.28
2026-03-04 17:00:00,0.1297,0.13,0.1293,0.1293,371719.13
2026-03-04 17:15:00,0.1294,0.1297,0.1283,0.1288,985322.05
2026-03-04 17:30:00,0.1289,0.1295,0.1289,0.1294,686575.76
2026-03-04 17:45:00,0.1295,0.1301,0.1294,0.1297,970427.54
2026-03-04 18:00:00,0.1297,0.1301,0.129,0.129,667520.88
2026-03-04 18:15:00,0.1291,0.1297,0.129,0.1296,193718.28
2026-03-04 18:30:00,0.1296,0.1298,0.1291,0.1298,151830.28
2026-03-04 18:45:00,0.1298,0.1303,0.1296,0.13,456199.16
2026-03-04 19:00:00,0.13,0.1307,0.1295,0.1304,808661.93
2026-03-04 19:15:00,0.1304,0.131,0.1299,0.1302,740001.4
2026-03-04 19:30:00,0.1302,0.1309,0.1299,0.1307,447130.84
2026-03-04 19:45:00,0.1306,0.1308,0.1303,0.1306,385363.13
2026-03-04 20:00:00,0.1306,0.1307,0.1298,0.1302,275101.77
2026-03-04 20:15:00,0.1302,0.1305,0.1299,0.1303,195588.25
2026-03-04 20:30:00,0.1304,0.1304,0.1302,0.1303,193265.61
2026-03-04 20:45:00,0.1303,0.1304,0.1295,0.1295,917327.11
2026-03-04 21:00:00,0.1296,0.1296,0.1291,0.1292,880766.34
2026-03-04 21:15:00,0.1291,0.1297,0.1291,0.1296,224415.31
2026-03-04 21:30:00,0.1295,0.1301,0.1294,0.1299,343132.35
2026-03-04 21:45:00,0.1299,0.13,0.1297,0.1298,161147.11
2026-03-04 22:00:00,0.1299,0.1303,0.1297,0.13,185272.8
2026-03-04 22:15:00,0.13,0.1302,0.1296,0.1302,344292.65
2026-03-04 22:30:00,0.1301,0.1301,0.1293,0.1294,588535.09
2026-03-04 22:45:00,0.1294,0.1294,0.1285,0.1288,500268.86
2026-03-04 23:00:00,0.1288,0.1289,0.1284,0.1286,229830.3
2026-03-04 23:15:00,0.1286,0.1288,0.127,0.128,1385386.3
2026-03-04 23:30:00,0.128,0.1287,0.1274,0.1286,503606.56
2026-03-04 23:45:00,0.1286,0.1288,0.1285,0.1286,248684.43
2026-03-05 00:00:00,0.1285,0.1287,0.1283,0.1285,220602.73
2026-03-05 00:15:00,0.1286,0.1286,0.1281,0.1281,239115.48
2026-03-05 00:30:00,0.128,0.1284,0.1279,0.1283,269936.01
2026-03-05 00:45:00,0.1284,0.1288,0.1281,0.1283,302157.58
2026-03-05 01:00:00,0.1283,0.1291,0.128,0.1288,303637.07
2026-03-05 01:15:00,0.1288,0.1289,0.128,0.1282,263299.67
2026-03-05 01:30:00,0.1281,0.1282,0.1275,0.1276,523726.99
2026-03-05 01:45:00,0.1277,0.1277,0.1271,0.1274,209989.34
2026-03-05 02:00:00,0.1274,0.1287,0.1274,0.1284,1118543.32
2026-03-05 02:15:00,0.1284,0.1286,0.1282,0.1283,75283.45
2026-03-05 02:30:00,0.1283,0.1283,0.1275,0.1276,227642.29
2026-03-05 02:45:00,0.1277,0.1284,0.1277,0.1283,216579.34
2026-03-05 03:00:00,0.1283,0.1288,0.1283,0.1286,237819.94
2026-03-05 03:15:00,0.1287,0.1288,0.1282,0.1283,204569.08
2026-03-05 03:30:00,0.1283,0.1283,0.1275,0.1275,787077.36
2026-03-05 03:45:00,0.1276,0.1283,0.1276,0.1282,200556.68
2026-03-05 04:00:00,0.1282,0.1285,0.128,0.1282,154558.46
2026-03-05 04:15:00,0.1281,0.1285,0.1279,0.1284,162695.5
2026-03-05 04:30:00,0.1284,0.1286,0.1278,0.1286,385400.74
2026-03-05 04:45:00,0.1285,0.1291,0.1285,0.1288,1018351.79
2026-03-05 05:00:00,0.1287,0.1291,0.1287,0.1289,77338.98
2026-03-05 05:15:00,0.1289,0.1289,0.128,0.1281,449652.32
2026-03-05 05:30:00,0.1281,0.1281,0.1272,0.1273,647983.88
2026-03-05 05:45:00,0.1274,0.1276,0.1272,0.1276,275667.81
2026-03-05 06:00:00,0.1276,0.1278,0.1268,0.1271,339804.84
2026-03-05 06:15:00,0.127,0.1278,0.1268,0.1276,351082.26
2026-03-05 06:30:00,0.1276,0.1279,0.1274,0.1276,118846.94
2026-03-05 06:45:00,0.1275,0.1286,0.1275,0.1284,224982.62
2026-03-05 07:00:00,0.1284,0.1287,0.1281,0.1285,109392.78
2026-03-05 07:15:00,0.1285,0.1287,0.1283,0.1283,47985.84
2026-03-05 07:30:00,0.1284,0.1284,0.128,0.1281,168810.74
2026-03-05 07:45:00,0.1281,0.1282,0.127,0.1276,526166.42
2026-03-05 08:00:00,0.1276,0.1277,0.1269,0.127,199750.43
2026-03-05 08:15:00,0.1269,0.1275,0.1269,0.1275,218413.8
2026-03-05 08:30:00,0.1274,0.1284,0.1273,0.1284,311876.11
2026-03-05 08:45:00,0.1284,0.1285,0.1282,0.1284,253349.71
2026-03-05 09:00:00,0.1284,0.1297,0.1283,0.1295,1004662.28
2026-03-05 09:15:00,0.1296,0.1298,0.1292,0.1292,245774.69
2026-03-05 09:30:00,0.1292,0.1295,0.1288,0.1288,248078.84
2026-03-05 09:45:00,0.1289,0.1293,0.1289,0.1292,199778.49
2026-03-05 10:00:00,0.1291,0.1294,0.1288,0.1293,1474108.34
2026-03-05 10:15:00,0.1292,0.1299,0.1289,0.1296,1176674.68
2026-03-05 10:30:00,0.1296,0.1303,0.1294,0.1297,568041.09
2026-03-05 10:45:00,0.1298,0.1306,0.1296,0.13,2222680.98
2026-03-05 11:00:00,0.1299,0.1301,0.1293,0.1294,951136.73
2026-03-05 11:15:00,0.1293,0.1293,0.1284,0.1285,797383.39
2026-03-05 11:30:00,0.1285,0.1286,0.1272,0.1273,516761.5
2026-03-05 11:45:00,0.1273,0.1277,0.1272,0.1275,230818.55
2026-03-05 12:00:00,0.1274,0.1279,0.127,0.1275,502556.79
2026-03-05 12:15:00,0.1275,0.1282,0.1272,0.1278,433989.66
2026-03-05 12:30:00,0.1279,0.1284,0.1277,0.1282,229278.52
2026-03-05 12:45:00,0.1281,0.1286,0.1281,0.1284,238040.91
2026-03-05 13:00:00,0.1284,0.1284,0.1276,0.1277,384820.78
2026-03-05 13:15:00,0.1278,0.128,0.1273,0.1278,326451.06
2026-03-05 13:30:00,0.1278,0.1278,0.1266,0.1274,769832.66
2026-03-05 13:45:00,0.1274,0.1282,0.1274,0.128,829029.76
2026-03-05 14:00:00,0.128,0.1287,0.1277,0.1286,310742.76
2026-03-05 14:15:00,0.1286,0.1292,0.1284,0.1292,428989.23
2026-03-05 14:30:00,0.1292,0.1301,0.1287,0.1288,1923488.55
2026-03-05 14:45:00,0.1289,0.1298,0.1287,0.1296,755884.05
2026-03-05 15:00:00,0.1297,0.13,0.1276,0.1282,1256862.26
2026-03-05 15:15:00,0.1281,0.1283,0.1269,0.1271,911678.38
2026-03-05 15:30:00,0.1272,0.1281,0.1268,0.1277,839090.56
2026-03-05 15:45:00,0.1277,0.1278,0.1268,0.1271,594807.97
2026-03-05 16:00:00,0.1272,0.1272,0.1238,0.1246,1993849.78
2026-03-05 16:15:00,0.1246,0.1251,0.1242,0.1248,537212.55
2026-03-05 16:30:00,0.1248,0.126,0.1247,0.1255,378807.63
2026-03-05 16:45:00,0.1255,0.1256,0.1251,0.1253,190281.72
2026-03-05 17:00:00,0.1253,0.1257,0.1244,0.1247,500758.5
2026-03-05 17:15:00,0.1247,0.1247,0.124,0.1242,289473.5
2026-03-05 17:30:00,0.1241,0.1241,0.1233,0.1237,411309.09
2026-03-05 17:45:00,0.1237,0.1239,0.1232,0.1235,189527.42
2026-03-05 18:00:00,0.1235,0.1239,0.1232,0.1239,310283.96
2026-03-05 18:15:00,0.1239,0.1245,0.1237,0.124,288772.09
2026-03-05 18:30:00,0.1241,0.125,0.1241,0.1247,103402.04
2026-03-05 18:45:00,0.1247,0.1252,0.1246,0.125,264337.14
2026-03-05 19:00:00,0.125,0.1263,0.125,0.1263,493015.72
2026-03-05 19:15:00,0.1263,0.1267,0.1255,0.1258,289839.45
2026-03-05 19:30:00,0.1257,0.1258,0.1252,0.1255,145182.84
2026-03-05 19:45:00,0.1256,0.1258,0.1253,0.1255,107728.71
2026-03-05 20:00:00,0.1255,0.1261,0.125,0.126,244033.86
2026-03-05 20:15:00,0.1261,0.1271,0.1261,0.1269,170897.21
2026-03-05 20:30:00,0.1269,0.1274,0.1266,0.1267,193662.03
2026-03-05 20:45:00,0.1268,0.127,0.1262,0.1267,145594.14
2026-03-05 21:00:00,0.1266,0.1268,0.1264,0.1265,74718.3
2026-03-05 21:15:00,0.1266,0.1271,0.1265,0.1267,291918.69
2026-03-05 21:30:00,0.1268,0.1269,0.1254,0.1257,277757.31
2026-03-05 21:45:00,0.1258,0.1261,0.1254,0.1258,168362.22
2026-03-05 22:00:00,0.1259,0.1259,0.125,0.1252,157879.83
2026-03-05 22:15:00,0.1253,0.1255,0.1251,0.1252,86850.56
2026-03-05 22:30:00,0.1253,0.1259,0.1253,0.1259,112468.21
2026-03-05 22:45:00,0.1258,0.1259,0.1254,0.1254,45844.79
2026-03-05 23:00:00,0.1253,0.1257,0.1253,0.1255,49708.22
2026-03-05 23:15:00,0.1255,0.1259,0.1255,0.1258,77892.95
2026-03-05 23:30:00,0.1258,0.1258,0.125,0.1252,241131.02
2026-03-05 23:45:00,0.1252,0.1253,0.125,0.1252,98918.35
2026-03-06 00:00:00,0.1253,0.1258,0.1252,0.1257,138409.72
2026-03-06 00:15:00,0.1257,0.1257,0.1253,0.1254,111998.98
2026-03-06 00:30:00,0.1254,0.1259,0.1254,0.1257,69186.16
2026-03-06 00:45:00,0.1257,0.1259,0.1253,0.1254,104198.34
2026-03-06 01:00:00,0.1255,0.1256,0.1253,0.1254,126785.53
2026-03-06 01:15:00,0.1254,0.1256,0.1251,0.1252,112811.45
2026-03-06 01:30:00,0.1252,0.1267,0.1252,0.1266,237668.33
2026-03-06 01:45:00,0.1267,0.127,0.1264,0.1268,172980.15
2026-03-06 02:00:00,0.1268,0.1273,0.1266,0.1272,103016.26
2026-03-06 02:15:00,0.1272,0.1272,0.1266,0.1269,127533.3
2026-03-06 02:30:00,0.1269,0.1272,0.1267,0.1272,97474.6
2026-03-06 02:45:00,0.1272,0.1273,0.1268,0.1272,175622.08
2026-03-06 03:00:00,0.1272,0.1273,0.1267,0.1269,142648.41
2026-03-06 03:15:00,0.1269,0.1278,0.1269,0.1277,93446.29
2026-03-06 03:30:00,0.1277,0.1277,0.1274,0.1276,179692.31
2026-03-06 03:45:00,0.1276,0.1278,0.1273,0.1278,108512.47
2026-03-06 04:00:00,0.1278,0.128,0.1274,0.1274,343974.13
2026-03-06 04:15:00,0.1274,0.1275,0.1269,0.127,236041.0
2026-03-06 04:30:00,0.127,0.1272,0.1257,0.1261,502050.97
2026-03-06 04:45:00,0.1261,0.1264,0.1257,0.1264,235223.19
2026-03-06 05:00:00,0.1263,0.1264,0.126,0.1264,126596.96
2026-03-06 05:15:00,0.1264,0.1268,0.1258,0.126,72420.75
2026-03-06 05:30:00,0.126,0.1263,0.1255,0.1256,162316.9
2026-03-06 05:45:00,0.1255,0.1264,0.1254,0.1262,177607.55
2026-03-06 06:00:00,0.1262,0.1267,0.1261,0.1264,83871.84
2026-03-06 06:15:00,0.1265,0.1265,0.1262,0.1262,83709.44
2026-03-06 06:30:00,0.1263,0.1267,0.1262,0.1267,141237.77
2026-03-06 06:45:00,0.1267,0.1271,0.1265,0.1267,137665.33
2026-03-06 07:00:00,0.1266,0.1268,0.1264,0.1265,86898.17
2026-03-06 07:15:00,0.1265,0.1273,0.1264,0.1272,181614.82
2026-03-06 07:30:00,0.1272,0.1274,0.1269,0.1274,135679.08
2026-03-06 07:45:00,0.1274,0.1276,0.1273,0.1273,201803.57
2026-03-06 08:00:00,0.1273,0.1275,0.127,0.1273,486515.08
2026-03-06 08:15:00,0.1272,0.1274,0.127,0.1272,240156.58
2026-03-06 08:30:00,0.1272,0.1272,0.1267,0.1267,103182.15
2026-03-06 08:45:00,0.1268,0.1273,0.1268,0.127,230716.11
2026-03-06 09:00:00,0.127,0.1271,0.1258,0.1259,138435.47
2026-03-06 09:15:00,0.126,0.126,0.1252,0.1254,546994.75
2026-03-06 09:30:00,0.1253,0.1254,0.125,0.1254,184281.84
2026-03-06 09:45:00,0.1255,0.1261,0.1252,0.1261,126874.89
2026-03-06 10:00:00,0.126,0.1272,0.1258,0.1269,231626.04
2026-03-06 10:15:00,0.1269,0.1271,0.1268,0.1269,149722.24
2026-03-06 10:30:00,0.1269,0.1269,0.1264,0.1266,93883.31
2026-03-06 10:45:00,0.1267,0.1268,0.1263,0.1265,122955.55
2026-03-06 11:00:00,0.1265,0.1265,0.1258,0.1263,364732.09
2026-03-06 11:15:00,0.1262,0.1262,0.1259,0.1259,52242.46
2026-03-06 11:30:00,0.1259,0.1259,0.1247,0.1249,297688.73
2026-03-06 11:45:00,0.1249,0.125,0.1246,0.125,240308.82
2026-03-06 12:00:00,0.1249,0.125,0.1238,0.1242,260341.41
2026-03-06 12:15:00,0.1242,0.1251,0.1242,0.1247,220284.3
2026-03-06 12:30:00,0.1247,0.1248,0.1238,0.1239,234693.65
2026-03-06 12:45:00,0.1239,0.1246,0.1236,0.1246,156670.71
2026-03-06 13:00:00,0.1245,0.1247,0.1242,0.1242,186152.43
2026-03-06 13:15:00,0.1242,0.1248,0.1239,0.1244,110356.98
2026-03-06 13:30:00,0.1243,0.1252,0.123,0.1246,2091123.28
2026-03-06 13:45:00,0.1246,0.1248,0.1225,0.1226,1728576.14
2026-03-06 14:00:00,0.1226,0.1233,0.1215,0.1221,1321666.77
2026-03-06 14:15:00,0.1221,0.1224,0.1217,0.1219,738638.44
2026-03-06 14:30:00,0.1219,0.1225,0.1202,0.121,2256356.82
2026-03-06 14:45:00,0.121,0.1215,0.1196,0.1203,1506123.58
2026-03-06 15:00:00,0.1203,0.1212,0.1201,0.1209,608595.7
2026-03-06 15:15:00,0.1209,0.121,0.1202,0.1205,442645.78
2026-03-06 15:30:00,0.1204,0.1213,0.1203,0.1205,618198.57
2026-03-06 15:45:00,0.1204,0.1204,0.1191,0.1198,654077.13
2026-03-06 16:00:00,0.1197,0.1197,0.1186,0.1188,363476.09
2026-03-06 16:15:00,0.1187,0.1193,0.1185,0.1189,421393.89
2026-03-06 16:30:00,0.1189,0.1194,0.1188,0.1191,291483.46
2026-03-06 16:45:00,0.1191,0.1195,0.1186,0.1187,443736.44
2026-03-06 17:00:00,0.1188,0.1194,0.1187,0.1187,350770.99
2026-03-06 17:15:00,0.1188,0.1194,0.1184,0.1186,315255.59
2026-03-06 17:30:00,0.1186,0.1186,0.1169,0.1171,1173358.86
2026-03-06 17:45:00,0.1172,0.118,0.1172,0.1178,238936.58
2026-03-06 18:00:00,0.1177,0.1187,0.1177,0.1187,355706.03
2026-03-06 18:15:00,0.1187,0.119,0.1186,0.1187,588696.02
2026-03-06 18:30:00,0.1188,0.1194,0.1188,0.1193,241670.51
2026-03-06 18:45:00,0.1194,0.1196,0.1191,0.1194,323423.59
2026-03-06 19:00:00,0.1194,0.1199,0.1194,0.1198,111330.72
2026-03-06 19:15:00,0.1198,0.1201,0.1194,0.1196,334237.43
2026-03-06 19:30:00,0.1196,0.1201,0.1194,0.1198,365000.8
2026-03-06 19:45:00,0.1198,0.12,0.1196,0.1199,173994.17
2026-03-06 20:00:00,0.1198,0.1203,0.1198,0.12,215002.5
2026-03-06 20:15:00,0.12,0.1202,0.1194,0.1194,630001.48
2026-03-06 20:30:00,0.1194,0.1203,0.1193,0.1202,186521.68
2026-03-06 20:45:00,0.1203,0.1206,0.1203,0.1205,80491.63
2026-03-06 21:00:00,0.1205,0.1205,0.1202,0.1203,71863.61
2026-03-06 21:15:00,0.1204,0.1204,0.1199,0.12,359774.56
2026-03-06 21:30:00,0.12,0.1205,0.12,0.1205,175045.17
2026-03-06 21:45:00,0.1205,0.1209,0.1205,0.1209,132869.69
2026-03-06 22:00:00,0.1208,0.121,0.1206,0.1208,113295.8
2026-03-06 22:15:00,0.1208,0.121,0.1208,0.1209,155880.18
2026-03-06 22:30:00,0.121,0.121,0.1207,0.1208,100660.37
2026-03-06 22:45:00,0.1209,0.1212,0.1207,0.121,204103.16
2026-03-06 23:00:00,0.121,0.1211,0.1206,0.1208,113187.18
2026-03-06 23:15:00,0.1209,0.121,0.1208,0.121,99362.92
2026-03-06 23:30:00,0.1209,0.121,0.1208,0.1208,281088.88
2026-03-06 23:45:00,0.1208,0.1209,0.1202,0.1205,210598.59
2026-03-07 00:00:00,0.1205,0.1209,0.1204,0.1207,223757.5
2026-03-07 00:15:00,0.1207,0.121,0.1206,0.1208,98170.43
2026-03-07 00:30:00,0.1208,0.1212,0.1208,0.1209,111758.3
2026-03-07 00:45:00,0.1208,0.1209,0.1206,0.1207,136575.7
2026-03-07 01:00:00,0.1206,0.1207,0.1199,0.1199,166742.39
2026-03-07 01:15:00,0.12,0.1201,0.1197,0.12,126679.24
2026-03-07 01:30:00,0.1201,0.1201,0.1199,0.12,102710.95
2026-03-07 01:45:00,0.1201,0.1202,0.1199,0.1199,85156.17
2026-03-07 02:00:00,0.1199,0.1203,0.1198,0.1201,143998.38
2026-03-07 02:15:00,0.12,0.1201,0.1194,0.1195,118322.97
2026-03-07 02:30:00,0.1195,0.1198,0.1195,0.1197,172917.42
2026-03-07 02:45:00,0.1196,0.1201,0.1195,0.12,80375.3
2026-03-07 03:00:00,0.1199,0.1206,0.1198,0.1206,233564.47
2026-03-07 03:15:00,0.1206,0.1207,0.12,0.12,242175.46
2026-03-07 03:30:00,0.1199,0.1199,0.1196,0.1198,67943.31
2026-03-07 03:45:00,0.1197,0.1203,0.1196,0.1201,547689.78
2026-03-07 04:00:00,0.1201,0.1201,0.1194,0.1198,202116.31
2026-03-07 04:15:00,0.1198,0.1205,0.1198,0.1205,95600.61
2026-03-07 04:30:00,0.1205,0.121,0.1204,0.1209,80561.77
2026-03-07 04:45:00,0.1209,0.1209,0.1203,0.1204,145933.8
2026-03-07 05:00:00,0.1204,0.1206,0.1203,0.1204,72813.34
2026-03-07 05:15:00,0.1205,0.1205,0.1202,0.1204,94786.19
2026-03-07 05:30:00,0.1203,0.1204,0.1201,0.1202,41003.22
2026-03-07 05:45:00,0.1203,0.1204,0.1202,0.1203,209354.43
2026-03-07 06:00:00,0.1202,0.1202,0.1195,0.1196,161140.47
2026-03-07 06:15:00,0.1196,0.1196,0.1193,0.1193,71324.54
2026-03-07 06:30:00,0.1193,0.1195,0.1188,0.1192,164254.48
2026-03-07 06:45:00,0.1192,0.1192,0.1189,0.1191,102520.66
2026-03-07 07:00:00,0.1192,0.1192,0.1186,0.1192,295769.38
2026-03-07 07:15:00,0.1191,0.1192,0.1189,0.1191,93759.0
2026-03-07 07:30:00,0.119,0.1194,0.119,0.1193,67708.54
2026-03-07 07:45:00,0.1194,0.1195,0.1192,0.1195,51034.64
2026-03-07 08:00:00,0.1194,0.1198,0.1194,0.1198,92569.9
2026-03-07 08:15:00,0.1197,0.1202,0.1197,0.12,92255.48
2026-03-07 08:30:00,0.12,0.1202,0.1198,0.1199,82797.61
2026-03-07 08:45:00,0.1199,0.1199,0.1192,0.1193,91529.34
2026-03-07 09:00:00,0.1192,0.1195,0.1189,0.1195,118878.1
2026-03-07 09:15:00,0.1195,0.1198,0.1195,0.1197,78912.2
2026-03-07 09:30:00,0.1197,0.12,0.1197,0.1198,57611.74
2026-03-07 09:45:00,0.1199,0.12,0.1199,0.12,68187.25
2026-03-07 10:00:00,0.12,0.12,0.1197,0.1199,152334.96
2026-03-07 10:15:00,0.1199,0.1199,0.1198,0.1198,54112.43
2026-03-07 10:30:00,0.1198,0.1199,0.1197,0.1199,52315.19
2026-03-07 10:45:00,0.1199,0.12,0.1198,0.1199,76805.83
2026-03-07 11:00:00,0.1198,0.1204,0.1196,0.1204,176825.73
2026-03-07 11:15:00,0.1203,0.1205,0.12,0.1201,101211.32
2026-03-07 11:30:00,0.1201,0.1202,0.1196,0.1197,107596.51
2026-03-07 11:45:00,0.1197,0.1199,0.1196,0.1197,46084.07
2026-03-07 12:00:00,0.1197,0.1197,0.1194,0.1196,42165.06
2026-03-07 12:15:00,0.1196,0.1196,0.1193,0.1194,83345.85
2026-03-07 12:30:00,0.1194,0.1194,0.1192,0.1193,151325.87
2026-03-07 12:45:00,0.1193,0.1193,0.1187,0.1189,164974.98
2026-03-07 13:00:00,0.1189,0.1192,0.1187,0.1191,217421.7
2026-03-07 13:15:00,0.1192,0.1194,0.1189,0.1192,362463.52
2026-03-07 13:30:00,0.1192,0.1194,0.119,0.119,302329.54
2026-03-07 13:45:00,0.1191,0.1192,0.1188,0.119,144210.99
2026-03-07 14:00:00,0.119,0.119,0.1176,0.1178,430390.0
2026-03-07 14:15:00,0.1178,0.118,0.1176,0.1178,358380.12
2026-03-07 14:30:00,0.1178,0.1188,0.1176,0.1184,311283.7
2026-03-07 14:45:00,0.1184,0.1185,0.1182,0.1182,247712.64
2026-03-07 15:00:00,0.1181,0.1182,0.1177,0.1179,793309.89
2026-03-07 15:15:00,0.1179,0.118,0.1173,0.1175,267360.01
2026-03-07 15:30:00,0.1175,0.1177,0.1167,0.117,276527.84
2026-03-07 15:45:00,0.1169,0.1173,0.1168,0.1172,223030.2
2026-03-07 16:00:00,0.1172,0.1176,0.1172,0.1174,162325.88
2026-03-07 16:15:00,0.1174,0.1176,0.1171,0.1175,399080.48
2026-03-07 16:30:00,0.1174,0.1176,0.1172,0.1173,205177.74
2026-03-07 16:45:00,0.1173,0.1176,0.1172,0.1174,190331.97
2026-03-07 17:00:00,0.1175,0.1181,0.1175,0.118,205114.04
2026-03-07 17:15:00,0.1179,0.1185,0.1179,0.1185,171291.06
2026-03-07 17:30:00,0.1185,0.1186,0.1185,0.1186,181708.41
2026-03-07 17:45:00,0.1185,0.1187,0.1181,0.1181,165005.05
2026-03-07 18:00:00,0.1182,0.1182,0.1171,0.1172,968309.68
2026-03-07 18:15:00,0.1171,0.1174,0.1169,0.1173,157876.06
2026-03-07 18:30:00,0.1174,0.1175,0.1172,0.1174,91600.47
2026-03-07 18:45:00,0.1175,0.1175,0.1172,0.1172,78413.15
2026-03-07 19:00:00,0.1172,0.1172,0.1169,0.117,70088.33
2026-03-07 19:15:00,0.117,0.1171,0.1163,0.1164,325288.54
2026-03-07 19:30:00,0.1165,0.117,0.1165,0.1168,135130.55
2026-03-07 19:45:00,0.1167,0.1169,0.1159,0.1164,500920.05
2026-03-07 20:00:00,0.1164,0.117,0.1164,0.1167,68402.8
2026-03-07 20:15:00,0.1168,0.1168,0.1165,0.1167,50722.39
2026-03-07 20:30:00,0.1166,0.117,0.1166,0.1169,88254.73
2026-03-07 20:45:00,0.1169,0.117,0.1166,0.1168,153877.25
2026-03-07 21:00:00,0.1168,0.1168,0.1167,0.1167,105681.22
2026-03-07 21:15:00,0.1167,0.1171,0.1167,0.117,116298.74
2026-03-07 21:30:00,0.117,0.117,0.1164,0.1164,128084.99
2026-03-07 21:45:00,0.1164,0.1167,0.1163,0.1167,70577.95
2026-03-07 22:00:00,0.1166,0.1167,0.1161,0.1162,108885.54
2026-03-07 22:15:00,0.1162,0.1163,0.1156,0.1159,206290.51
2026-03-07 22:30:00,0.116,0.1161,0.1151,0.116,452253.47
2026-03-07 22:45:00,0.116,0.1162,0.1157,0.1159,165377.39
2026-03-07 23:00:00,0.116,0.1161,0.1158,0.116,167789.4
2026-03-07 23:15:00,0.116,0.1164,0.1159,0.1162,128348.45
2026-03-07 23:30:00,0.1163,0.1165,0.1162,0.1165,155232.45
2026-03-07 23:45:00,0.1165,0.1165,0.1163,0.1164,83068.65
2026-03-08 00:00:00,0.1164,0.1165,0.116,0.1161,124111.54
2026-03-08 00:15:00,0.1161,0.1162,0.1159,0.116,67837.67
2026-03-08 00:30:00,0.1161,0.1161,0.1158,0.1159,89853.04
2026-03-08 00:45:00,0.116,0.116,0.1156,0.1157,121758.98
2026-03-08 01:00:00,0.1156,0.1157,0.1152,0.1157,157820.13
2026-03-08 01:15:00,0.1157,0.1158,0.1156,0.1156,113159.19
2026-03-08 01:30:00,0.1155,0.1158,0.1153,0.1158,109098.68
2026-03-08 01:45:00,0.1158,0.1159,0.1156,0.1157,126546.68
2026-03-08 02:00:00,0.1156,0.1156,0.1151,0.1153,118139.54
2026-03-08 02:15:00,0.1153,0.1153,0.1147,0.1149,438702.12
2026-03-08 02:30:00,0.1148,0.1156,0.1144,0.1156,309303.77
2026-03-08 02:45:00,0.1155,0.1155,0.1141,0.1143,565514.08
2026-03-08 03:00:00,0.1143,0.1145,0.114,0.1144,183283.38
2026-03-08 03:15:00,0.1144,0.1149,0.1142,0.1149,107285.54
2026-03-08 03:30:00,0.1149,0.115,0.1146,0.1147,230754.16
2026-03-08 03:45:00,0.1147,0.1148,0.1145,0.1146,60769.62
2026-03-08 04:00:00,0.1146,0.1148,0.1141,0.1143,100785.78
2026-03-08 04:15:00,0.1143,0.1146,0.1143,0.1144,30511.0
2026-03-08 04:30:00,0.1144,0.1144,0.1139,0.114,99926.62
2026-03-08 04:45:00,0.114,0.114,0.1132,0.1138,282997.03
2026-03-08 05:00:00,0.1137,0.1145,0.1137,0.1144,82438.64
2026-03-08 05:15:00,0.1144,0.115,0.1144,0.1148,75557.51
2026-03-08 05:30:00,0.1149,0.115,0.1147,0.1148,79755.6
2026-03-08 05:45:00,0.1148,0.1149,0.1144,0.1144,103074.32
2026-03-08 06:00:00,0.1144,0.1145,0.1139,0.1139,309845.47
2026-03-08 06:15:00,0.114,0.114,0.1137,0.1137,77912.74
2026-03-08 06:30:00,0.1137,0.114,0.1136,0.1139,57303.3
2026-03-08 06:45:00,0.114,0.1142,0.1139,0.1142,98974.23
2026-03-08 07:00:00,0.1141,0.1151,0.114,0.1151,139011.45
2026-03-08 07:15:00,0.1151,0.1153,0.1149,0.1152,118650.87
2026-03-08 07:30:00,0.1151,0.1152,0.1148,0.115,77590.5
2026-03-08 07:45:00,0.1151,0.1151,0.1147,0.1148,246555.06
2026-03-08 08:00:00,0.1148,0.1148,0.114,0.1141,66921.24
2026-03-08 08:15:00,0.1141,0.1145,0.114,0.1145,110105.49
2026-03-08 08:30:00,0.1144,0.1148,0.1142,0.1148,66885.72
2026-03-08 08:45:00,0.1148,0.115,0.1146,0.1148,76263.77
2026-03-08 09:00:00,0.1147,0.115,0.1145,0.1149,122588.23
2026-03-08 09:15:00,0.1149,0.1153,0.1148,0.1151,247459.11
2026-03-08 09:30:00,0.1151,0.1152,0.1149,0.1151,86251.75
2026-03-08 09:45:00,0.115,0.1152,0.115,0.1152,62682.67
2026-03-08 10:00:00,0.1151,0.1153,0.115,0.1153,139667.45
2026-03-08 10:15:00,0.1152,0.1165,0.1152,0.1162,270187.21
2026-03-08 10:30:00,0.1161,0.1162,0.1156,0.1156,123233.29
2026-03-08 10:45:00,0.1157,0.1161,0.1155,0.1161,174549.78
2026-03-08 11:00:00,0.1162,0.1163,0.1148,0.1154,246025.32
2026-03-08 11:15:00,0.1153,0.1161,0.1153,0.1157,62029.62
2026-03-08 11:30:00,0.1158,0.1162,0.1153,0.1155,215100.5
2026-03-08 11:45:00,0.1155,0.1159,0.1155,0.1158,147087.55
2026-03-08 12:00:00,0.1157,0.1158,0.1142,0.1146,676513.63
2026-03-08 12:15:00,0.1146,0.1167,0.1142,0.1166,345858.28
2026-03-08 12:30:00,0.1166,0.1169,0.1162,0.1166,280001.84
2026-03-08 12:45:00,0.1165,0.1165,0.1161,0.1162,136583.91
2026-03-08 13:00:00,0.1163,0.1164,0.115,0.1151,599936.3
2026-03-08 13:15:00,0.1151,0.1155,0.1144,0.1154,322226.27
2026-03-08 13:30:00,0.1153,0.1154,0.1148,0.1154,255044.07
2026-03-08 13:45:00,0.1153,0.1165,0.1151,0.1154,3181878.78
2026-03-08 14:00:00,0.1153,0.1159,0.1151,0.1155,155532.07
2026-03-08 14:15:00,0.1155,0.1156,0.1151,0.1153,217844.79
2026-03-08 14:30:00,0.1152,0.1156,0.1148,0.1149,172334.53
2026-03-08 14:45:00,0.115,0.1153,0.1147,0.1153,70634.25
2026-03-08 15:00:00,0.1153,0.1153,0.1145,0.1148,169050.32
2026-03-08 15:15:00,0.1148,0.1149,0.114,0.1143,283324.32
2026-03-08 15:30:00,0.1142,0.1145,0.1141,0.1143,105796.1
2026-03-08 15:45:00,0.1144,0.1148,0.114,0.1148,212614.26
2026-03-08 16:00:00,0.1148,0.1149,0.1146,0.1146,64723.18
2026-03-08 16:15:00,0.1146,0.1149,0.1144,0.1149,65109.14
2026-03-08 16:30:00,0.1148,0.1149,0.1139,0.1145,247673.18
2026-03-08 16:45:00,0.1145,0.1145,0.1141,0.1143,84176.67
2026-03-08 17:00:00,0.1143,0.1152,0.1142,0.115,112561.14
2026-03-08 17:15:00,0.1151,0.1154,0.115,0.115,63636.77
2026-03-08 17:30:00,0.1149,0.1153,0.1149,0.115,177746.85
2026-03-08 17:45:00,0.115,0.1152,0.1148,0.1151,221480.2
2026-03-08 18:00:00,0.1151,0.1154,0.115,0.115,230478.04
2026-03-08 18:15:00,0.115,0.1151,0.1147,0.1149,156746.83
2026-03-08 18:30:00,0.1149,0.1154,0.1149,0.1153,144458.44
2026-03-08 18:45:00,0.1152,0.1156,0.1152,0.1155,92879.09
2026-03-08 19:00:00,0.1155,0.1163,0.1154,0.1162,441696.82
2026-03-08 19:15:00,0.1162,0.1174,0.1161,0.1173,471912.06
2026-03-08 19:30:00,0.1172,0.1173,0.1168,0.1173,280747.92
2026-03-08 19:45:00,0.1173,0.1176,0.117,0.1171,131050.55
2026-03-08 20:00:00,0.1172,0.1173,0.1166,0.1166,251129.81
2026-03-08 20:15:00,0.1165,0.1169,0.1163,0.1165,288243.66
2026-03-08 20:30:00,0.1165,0.1175,0.1165,0.1169,459884.21
2026-03-08 20:45:00,0.1169,0.117,0.1164,0.1165,260275.09
2026-03-08 21:00:00,0.1165,0.1166,0.1154,0.1157,268848.48
2026-03-08 21:15:00,0.1157,0.1163,0.1157,0.1161,139361.36
2026-03-08 21:30:00,0.1162,0.1165,0.1162,0.1164,56739.12
2026-03-08 21:45:00,0.1163,0.1168,0.1163,0.1165,137229.68
2026-03-08 22:00:00,0.1165,0.1165,0.1136,0.115,1230377.89
2026-03-08 22:15:00,0.1149,0.1154,0.1139,0.1153,627896.23
2026-03-08 22:30:00,0.1152,0.1163,0.1147,0.1159,655577.16
2026-03-08 22:45:00,0.1158,0.1165,0.1158,0.116,253201.22
2026-03-08 23:00:00,0.1161,0.1166,0.1156,0.1162,380490.25
2026-03-08 23:15:00,0.1163,0.1165,0.1159,0.1162,142595.33
2026-03-08 23:30:00,0.1163,0.1164,0.1153,0.1153,173615.73
2026-03-08 23:45:00,0.1152,0.1158,0.115,0.1154,140238.47
2026-03-09 00:00:00,0.1153,0.1163,0.1152,0.116,227358.6
2026-03-09 00:15:00,0.1161,0.1163,0.115,0.1155,338172.0
2026-03-09 00:30:00,0.1155,0.1172,0.1155,0.1162,453140.15
2026-03-09 00:45:00,0.1163,0.1166,0.1156,0.1158,174261.29
2026-03-09 01:00:00,0.1158,0.1159,0.1149,0.1154,325067.26
2026-03-09 01:15:00,0.1155,0.1164,0.1153,0.116,251626.91
2026-03-09 01:30:00,0.116,0.1167,0.1155,0.1167,446915.46
2026-03-09 01:45:00,0.1165,0.1166,0.1156,0.1157,192784.51
2026-03-09 02:00:00,0.1156,0.1163,0.1153,0.1159,165298.11
2026-03-09 02:15:00,0.1159,0.1159,0.1154,0.1156,170794.87
2026-03-09 02:30:00,0.1155,0.117,0.1153,0.1169,200420.66
2026-03-09 02:45:00,0.1169,0.117,0.1165,0.1165,79881.64
2026-03-09 03:00:00,0.1164,0.1183,0.1163,0.118,850838.34
2026-03-09 03:15:00,0.1181,0.1183,0.1166,0.1167,588653.41
2026-03-09 03:30:00,0.1167,0.1167,0.116,0.1162,183972.31
2026-03-09 03:45:00,0.1162,0.1165,0.116,0.1165,160900.15
2026-03-09 04:00:00,0.1166,0.1169,0.1165,0.1167,67385.93
2026-03-09 04:15:00,0.1167,0.1174,0.1167,0.1174,113824.67
2026-03-09 04:30:00,0.1174,0.1175,0.1171,0.1174,294800.32
2026-03-09 04:45:00,0.1174,0.1175,0.117,0.1171,87603.2
2026-03-09 05:00:00,0.1171,0.1172,0.117,0.117,96950.16
2026-03-09 05:15:00,0.117,0.118,0.1169,0.118,417164.36
2026-03-09 05:30:00,0.1179,0.1196,0.1178,0.1194,700868.65
2026-03-09 05:45:00,0.1195,0.1202,0.1191,0.1197,820654.55
2026-03-09 06:00:00,0.1197,0.1197,0.1192,0.1193,211588.04
2026-03-09 06:15:00,0.1193,0.1196,0.119,0.1194,119350.6
2026-03-09 06:30:00,0.1193,0.1194,0.1183,0.1185,125080.0
2026-03-09 06:45:00,0.1184,0.1185,0.1181,0.1181,129011.43
2026-03-09 07:00:00,0.1181,0.1181,0.1174,0.1176,372879.02
2026-03-09 07:15:00,0.1177,0.1184,0.1168,0.1183,313843.24
2026-03-09 07:30:00,0.1182,0.1191,0.1182,0.1188,170874.47
2026-03-09 07:45:00,0.1188,0.119,0.1183,0.1186,171608.54
2026-03-09 08:00:00,0.1186,0.1188,0.1181,0.1184,159557.92
2026-03-09 08:15:00,0.1183,0.1188,0.118,0.1187,208855.55
2026-03-09 08:30:00,0.1186,0.1187,0.118,0.1183,202074.57
2026-03-09 08:45:00,0.1183,0.1185,0.1181,0.1181,76092.2
2026-03-09 09:00:00,0.1181,0.1182,0.1177,0.1182,292406.42
2026-03-09 09:15:00,0.1182,0.1185,0.1181,0.1184,82156.96
2026-03-09 09:30:00,0.1184,0.1193,0.1182,0.119,365141.63
2026-03-09 09:45:00,0.119,0.1191,0.1181,0.1183,160435.72
2026-03-09 10:00:00,0.1184,0.1185,0.1181,0.1181,190406.82
2026-03-09 10:15:00,0.1182,0.1182,0.1176,0.1179,115211.79
2026-03-09 10:30:00,0.1179,0.1181,0.1175,0.1177,129992.97
2026-03-09 10:45:00,0.1176,0.1177,0.1175,0.1176,53741.69
2026-03-09 11:00:00,0.1176,0.1177,0.1174,0.1175,138929.17
2026-03-09 11:15:00,0.1175,0.1175,0.1167,0.117,355294.25
2026-03-09 11:30:00,0.1169,0.118,0.1169,0.1176,164692.87
2026-03-09 11:45:00,0.1176,0.118,0.1175,0.1178,65206.47
2026-03-09 12:00:00,0.1178,0.118,0.1177,0.118,99348.93
2026-03-09 12:15:00,0.1181,0.1187,0.1181,0.1187,119482.25
2026-03-09 12:30:00,0.1187,0.119,0.1182,0.1183,727445.11
2026-03-09 12:45:00,0.1184,0.1186,0.1182,0.1185,69389.26
2026-03-09 13:00:00,0.1184,0.1191,0.1184,0.1191,100178.6
2026-03-09 13:15:00,0.119,0.12,0.1187,0.1198,343171.11
2026-03-09 13:30:00,0.1199,0.1207,0.1194,0.1206,487732.33
2026-03-09 13:45:00,0.1206,0.1207,0.1193,0.1197,331203.4
2026-03-09 14:00:00,0.1196,0.1202,0.1188,0.1195,1127226.66
2026-03-09 14:15:00,0.1195,0.1207,0.1194,0.1203,630532.18
2026-03-09 14:30:00,0.1204,0.1208,0.1202,0.1204,990021.02
2026-03-09 14:45:00,0.1203,0.1204,0.1195,0.1198,428902.2
2026-03-09 15:00:00,0.1198,0.1198,0.1189,0.1192,253122.01
2026-03-09 15:15:00,0.1193,0.1194,0.1186,0.1186,242887.01
2026-03-09 15:30:00,0.1187,0.119,0.118,0.1186,415064.34
2026-03-09 15:45:00,0.1186,0.1196,0.1186,0.1191,298109.63
2026-03-09 16:00:00,0.1191,0.1194,0.1189,0.1194,289227.44
2026-03-09 16:15:00,0.1194,0.1202,0.1192,0.12,351800.81
2026-03-09 16:30:00,0.12,0.12,0.1189,0.1193,262158.15
2026-03-09 16:45:00,0.1192,0.1195,0.1187,0.1189,304880.83
2026-03-09 17:00:00,0.1189,0.1193,0.1188,0.1191,154031.37
2026-03-09 17:15:00,0.1192,0.1193,0.1188,0.119,280809.07
2026-03-09 17:30:00,0.119,0.1197,0.119,0.1194,246972.98
2026-03-09 17:45:00,0.1194,0.1199,0.1192,0.1195,113878.21
2026-03-09 18:00:00,0.1195,0.1195,0.119,0.1193,187809.69
2026-03-09 18:15:00,0.1193,0.12,0.1192,0.1198,244200.55
2026-03-09 18:30:00,0.1199,0.1204,0.1196,0.1196,549651.88
2026-03-09 18:45:00,0.1196,0.1196,0.1191,0.1193,85539.84
2026-03-09 19:00:00,0.1194,0.1196,0.119,0.119,62844.94
2026-03-09 19:15:00,0.119,0.1224,0.119,0.1224,1078431.5
2026-03-09 19:30:00,0.1224,0.1227,0.1204,0.1206,316236.67
2026-03-09 19:45:00,0.1205,0.1205,0.1201,0.1205,167035.17
2026-03-09 20:00:00,0.1204,0.1208,0.1197,0.1198,285848.53
2026-03-09 20:15:00,0.1198,0.1198,0.1195,0.1196,191918.34
2026-03-09 20:30:00,0.1196,0.1197,0.1192,0.1196,374441.07
2026-03-09 20:45:00,0.1196,0.1201,0.1193,0.1198,126565.9
2026-03-09 21:00:00,0.1198,0.1207,0.1198,0.1205,174355.73
2026-03-09 21:15:00,0.1205,0.1205,0.1199,0.1201,63605.96
2026-03-09 21:30:00,0.12,0.12,0.1195,0.12,107881.67
2026-03-09 21:45:00,0.12,0.1202,0.1199,0.1201,257531.85
2026-03-09 22:00:00,0.1201,0.1201,0.1192,0.1194,87039.23
2026-03-09 22:15:00,0.1194,0.1195,0.1191,0.1194,86525.34
2026-03-09 22:30:00,0.1193,0.1193,0.1186,0.1188,448205.76
2026-03-09 22:45:00,0.1187,0.1188,0.1182,0.1184,295353.11
2026-03-09 23:00:00,0.1184,0.1188,0.1184,0.1187,169034.53
2026-03-09 23:15:00,0.1188,0.1188,0.118,0.1184,235152.33
2026-03-09 23:30:00,0.1184,0.1186,0.1184,0.1185,60066.51
2026-03-09 23:45:00,0.1184,0.1184,0.1181,0.1184,77113.76
2026-03-10 00:00:00,0.1184,0.1186,0.1182,0.1184,135723.52
2026-03-10 00:15:00,0.1184,0.1198,0.1184,0.1197,225662.73
2026-03-10 00:30:00,0.1197,0.1202,0.1194,0.1198,159785.07
2026-03-10 00:45:00,0.1197,0.12,0.1194,0.1194,104215.6
2026-03-10 01:00:00,0.1193,0.1198,0.1193,0.1197,82811.85
2026-03-10 01:15:00,0.1197,0.1197,0.1191,0.1191,84170.91
2026-03-10 01:30:00,0.1191,0.1193,0.1186,0.1189,97536.2
2026-03-10 01:45:00,0.1189,0.1197,0.1187,0.1194,227359.9
2026-03-10 02:00:00,0.1194,0.1199,0.1191,0.1196,349835.12
2026-03-10 02:15:00,0.1195,0.1203,0.1193,0.1202,160892.75
2026-03-10 02:30:00,0.1202,0.1218,0.1202,0.1216,679782.01
2026-03-10 02:45:00,0.1216,0.122,0.1211,0.1212,219795.87
2026-03-10 03:00:00,0.1212,0.1213,0.1206,0.1209,377581.99
2026-03-10 03:15:00,0.1208,0.1211,0.1207,0.1207,153752.72
2026-03-10 03:30:00,0.1207,0.1208,0.1201,0.1201,534755.06
2026-03-10 03:45:00,0.1201,0.1201,0.1193,0.1196,375604.81
2026-03-10 04:00:00,0.1196,0.1203,0.1196,0.1202,102369.59
2026-03-10 04:15:00,0.1202,0.1208,0.1201,0.1208,112818.08
2026-03-10 04:30:00,0.1207,0.1212,0.1205,0.1211,154018.2
2026-03-10 04:45:00,0.121,0.121,0.1206,0.1208,226282.73
2026-03-10 05:00:00,0.1208,0.1211,0.1204,0.1205,225326.2
2026-03-10 05:15:00,0.1205,0.1206,0.12,0.12,524730.48
2026-03-10 05:30:00,0.12,0.12,0.1194,0.1195,152781.78
2026-03-10 05:45:00,0.1195,0.1196,0.1193,0.1196,319004.4
2026-03-10 06:00:00,0.1197,0.1199,0.1194,0.1196,482097.27
2026-03-10 06:15:00,0.1196,0.1198,0.1193,0.1197,202799.62
2026-03-10 06:30:00,0.1197,0.1199,0.1195,0.1198,203301.66
2026-03-10 06:45:00,0.1197,0.1202,0.1197,0.1201,141890.33
2026-03-10 07:00:00,0.1201,0.1209,0.1198,0.1207,499826.79
2026-03-10 07:15:00,0.1206,0.1216,0.1206,0.1211,353561.48
2026-03-10 07:30:00,0.121,0.1212,0.1209,0.1211,154756.37
2026-03-10 07:45:00,0.121,0.1213,0.1209,0.1211,189330.93
2026-03-10 08:00:00,0.1212,0.1221,0.1212,0.1218,539517.0
2026-03-10 08:15:00,0.1218,0.122,0.1206,0.121,525783.61
2026-03-10 08:30:00,0.1211,0.1224,0.121,0.1213,831417.74
2026-03-10 08:45:00,0.1212,0.1214,0.121,0.1212,116854.96
2026-03-10 09:00:00,0.1213,0.1217,0.1213,0.1215,318523.43
2026-03-10 09:15:00,0.1216,0.1225,0.1215,0.1225,277338.49
2026-03-10 09:30:00,0.1224,0.1225,0.1222,0.1223,140554.26
2026-03-10 09:45:00,0.1222,0.1223,0.122,0.1222,144356.95
2026-03-10 10:00:00,0.1222,0.1222,0.1213,0.1215,105789.19
2026-03-10 10:15:00,0.1215,0.1215,0.1209,0.121,474280.44
2026-03-10 10:30:00,0.121,0.1212,0.1208,0.1212,181298.41
2026-03-10 10:45:00,0.1212,0.1218,0.1211,0.1212,235454.13
2026-03-10 11:00:00,0.1212,0.1213,0.1207,0.1211,240070.11
2026-03-10 11:15:00,0.1211,0.1214,0.1211,0.1213,159832.37
2026-03-10 11:30:00,0.1212,0.1212,0.1209,0.1211,104311.77
2026-03-10 11:45:00,0.1211,0.1215,0.121,0.1214,92928.41
2026-03-10 12:00:00,0.1214,0.1215,0.121,0.1212,272403.66
2026-03-10 12:15:00,0.1211,0.1214,0.121,0.1212,103182.46
2026-03-10 12:30:00,0.1212,0.1218,0.121,0.1216,208856.64
2026-03-10 12:45:00,0.1215,0.1216,0.1214,0.1215,94550.08
2026-03-10 13:00:00,0.1215,0.1222,0.1215,0.122,139860.38
2026-03-10 13:15:00,0.122,0.1221,0.1215,0.1216,194416.59
2026-03-10 13:30:00,0.1217,0.1218,0.1204,0.1211,627473.81
2026-03-10 13:45:00,0.1211,0.1218,0.121,0.1211,193974.93
2026-03-10 14:00:00,0.1211,0.1215,0.12,0.1202,807899.74
2026-03-10 14:15:00,0.1201,0.1209,0.1197,0.1206,415385.4
2026-03-10 14:30:00,0.1206,0.1219,0.1206,0.1218,458844.78
2026-03-10 14:45:00,0.1217,0.1232,0.1217,0.1231,869161.67
2026-03-10 15:00:00,0.1232,0.1235,0.1221,0.1224,726323.88
2026-03-10 15:15:00,0.1223,0.1227,0.1218,0.1225,616166.33
2026-03-10 15:30:00,0.1225,0.1228,0.1217,0.122,682501.94
2026-03-10 15:45:00,0.1219,0.1225,0.1217,0.1224,152799.78
2026-03-10 16:00:00,0.1225,0.1226,0.1215,0.1217,352863.29
2026-03-10 16:15:00,0.1218,0.1228,0.1218,0.1223,293388.44
2026-03-10 16:30:00,0.1224,0.1225,0.1219,0.1224,308002.42
2026-03-10 16:45:00,0.1224,0.1224,0.122,0.1222,244292.98
2026-03-10 17:00:00,0.1222,0.1224,0.1218,0.1219,290297.6
2026-03-10 17:15:00,0.1219,0.122,0.121,0.1213,276628.78
2026-03-10 17:30:00,0.1213,0.1215,0.1204,0.1207,539390.39
2026-03-10 17:45:00,0.1207,0.1214,0.1206,0.1213,236329.48
2026-03-10 18:00:00,0.1213,0.1214,0.1203,0.1204,382726.6
2026-03-10 18:15:00,0.1203,0.1206,0.1194,0.1202,1163316.55
2026-03-10 18:30:00,0.1201,0.1204,0.1193,0.1196,297434.62
2026-03-10 18:45:00,0.1196,0.1197,0.1189,0.1195,358448.23
2026-03-10 19:00:00,0.1195,0.1197,0.1188,0.1192,300181.51
2026-03-10 19:15:00,0.1193,0.1195,0.1185,0.1185,453299.08
2026-03-10 19:30:00,0.1185,0.1191,0.1183,0.1188,181745.74
2026-03-10 19:45:00,0.1189,0.1189,0.1186,0.1188,98065.07
2026-03-10 20:00:00,0.1187,0.1195,0.1187,0.119,343070.22
2026-03-10 20:15:00,0.1191,0.1195,0.119,0.1195,190310.94
2026-03-10 20:30:00,0.1195,0.1196,0.1193,0.1194,247769.91
2026-03-10 20:45:00,0.1195,0.1196,0.1194,0.1195,198989.71
2026-03-10 21:00:00,0.1195,0.1197,0.1192,0.1193,126591.26
2026-03-10 21:15:00,0.1194,0.1195,0.1191,0.1191,112371.87
2026-03-10 21:30:00,0.1191,0.1192,0.1184,0.1185,256946.32
2026-03-10 21:45:00,0.1185,0.1185,0.1181,0.1183,233593.26
2026-03-10 22:00:00,0.1183,0.1184,0.1176,0.1178,300992.19
2026-03-10 22:15:00,0.1178,0.1187,0.1176,0.1186,157689.55
2026-03-10 22:30:00,0.1185,0.1187,0.1181,0.1186,199779.26
2026-03-10 22:45:00,0.1186,0.1188,0.1184,0.1185,75195.24
2026-03-10 23:00:00,0.1186,0.119,0.1186,0.1189,193795.28
2026-03-10 23:15:00,0.1188,0.1189,0.1185,0.1189,60811.85
2026-03-10 23:30:00,0.1188,0.1191,0.1188,0.1188,105021.1
2026-03-10 23:45:00,0.1187,0.1188,0.1187,0.1187,113150.66
2026-03-11 00:00:00,0.1188,0.1189,0.1186,0.1188,277758.51
2026-03-11 00:15:00,0.1187,0.1191,0.1186,0.1188,230626.56
2026-03-11 00:30:00,0.1187,0.1187,0.1183,0.1183,242538.43
2026-03-11 00:45:00,0.1184,0.1191,0.1184,0.1189,49436.47
2026-03-11 01:00:00,0.1189,0.1191,0.1187,0.1191,147470.48
2026-03-11 01:15:00,0.119,0.1191,0.1188,0.119,39767.96
2026-03-11 01:30:00,0.1191,0.1192,0.1187,0.1191,89600.72
2026-03-11 01:45:00,0.119,0.1192,0.1188,0.119,48779.85
2026-03-11 02:00:00,0.1191,0.1191,0.1189,0.1189,55540.32
2026-03-11 02:15:00,0.1188,0.119,0.1187,0.1188,88951.33
2026-03-11 02:30:00,0.1188,0.1188,0.1181,0.1183,108511.07
2026-03-11 02:45:00,0.1183,0.1188,0.1181,0.1188,57861.35
2026-03-11 03:00:00,0.1189,0.1191,0.1189,0.1191,77313.71
2026-03-11 03:15:00,0.119,0.1192,0.1186,0.1187,94677.66
2026-03-11 03:30:00,0.1187,0.1189,0.1187,0.1189,31890.39
2026-03-11 03:45:00,0.1189,0.1189,0.1186,0.1187,27198.7
2026-03-11 04:00:00,0.1186,0.1187,0.1182,0.1184,157404.56
2026-03-11 04:15:00,0.1184,0.1191,0.1183,0.119,402684.98
2026-03-11 04:30:00,0.1189,0.119,0.1187,0.1187,138071.85
2026-03-11 04:45:00,0.1187,0.1191,0.1186,0.119,45220.55
2026-03-11 05:00:00,0.119,0.119,0.1184,0.1185,76876.51
2026-03-11 05:15:00,0.1185,0.1185,0.1181,0.1183,252304.82
2026-03-11 05:30:00,0.1182,0.1182,0.1169,0.1174,438867.21
2026-03-11 05:45:00,0.1174,0.1177,0.1174,0.1176,199515.9
2026-03-11 06:00:00,0.1176,0.1179,0.1175,0.1179,226517.37
2026-03-11 06:15:00,0.118,0.1188,0.118,0.1185,280154.65
2026-03-11 06:30:00,0.1185,0.1189,0.1185,0.1187,75600.91
2026-03-11 06:45:00,0.1186,0.1191,0.1184,0.1188,127158.08
2026-03-11 07:00:00,0.1187,0.1191,0.1187,0.1191,95092.37
2026-03-11 07:15:00,0.119,0.1193,0.1189,0.1191,228038.24
2026-03-11 07:30:00,0.1191,0.1192,0.1183,0.1184,232920.8
2026-03-11 07:45:00,0.1185,0.1187,0.1184,0.1187,40270.68
2026-03-11 08:00:00,0.1187,0.1189,0.1186,0.1189,104099.24
2026-03-11 08:15:00,0.1188,0.1193,0.1186,0.1186,418432.62
2026-03-11 08:30:00,0.1187,0.1192,0.1185,0.1192,310453.25
2026-03-11 08:45:00,0.1191,0.1194,0.1186,0.1188,308556.77
2026-03-11 09:00:00,0.1188,0.1191,0.1187,0.1189,125692.02
2026-03-11 09:15:00,0.1189,0.1194,0.1189,0.1193,254582.68
2026-03-11 09:30:00,0.1192,0.1197,0.1192,0.1194,489511.98
2026-03-11 09:45:00,0.1193,0.1196,0.1187,0.1188,168880.64
2026-03-11 10:00:00,0.1189,0.1193,0.1187,0.1191,160180.78
2026-03-11 10:15:00,0.1192,0.1197,0.1191,0.1197,121162.95
2026-03-11 10:30:00,0.1196,0.1204,0.1195,0.1204,165390.83
2026-03-11 10:45:00,0.1204,0.1204,0.1198,0.1199,519257.11
2026-03-11 11:00:00,0.1198,0.1202,0.1195,0.1202,207209.57
2026-03-11 11:15:00,0.1202,0.1202,0.1197,0.1197,82524.56
2026-03-11 11:30:00,0.1197,0.12,0.1193,0.1194,77929.69
2026-03-11 11:45:00,0.1194,0.1198,0.1193,0.1194,374542.06
2026-03-11 12:00:00,0.1194,0.1199,0.1191,0.1198,243878.52
2026-03-11 12:15:00,0.1198,0.1212,0.1198,0.121,394859.95
2026-03-11 12:30:00,0.121,0.1221,0.1207,0.1208,1221462.74
2026-03-11 12:45:00,0.1209,0.121,0.1204,0.1205,153213.55
2026-03-11 13:00:00,0.1205,0.122,0.1204,0.1216,395572.23
2026-03-11 13:15:00,0.1216,0.1217,0.1211,0.1212,282177.15
2026-03-11 13:30:00,0.1212,0.1227,0.121,0.121,854661.69
2026-03-11 13:45:00,0.1211,0.1212,0.12,0.1211,1038543.12
2026-03-11 14:00:00,0.1211,0.1223,0.121,0.1213,474931.41
2026-03-11 14:15:00,0.1214,0.122,0.1212,0.1219,912602.26
2026-03-11 14:30:00,0.1219,0.1222,0.1214,0.1218,321715.6
2026-03-11 14:45:00,0.1219,0.122,0.1208,0.121,274718.61
2026-03-11 15:00:00,0.121,0.1211,0.1198,0.12,407516.17
2026-03-11 15:15:00,0.1201,0.121,0.1198,0.1204,460539.62
2026-03-11 15:30:00,0.1204,0.1205,0.1191,0.1201,728050.82
2026-03-11 15:45:00,0.12,0.1204,0.1195,0.1204,264864.61
2026-03-11 16:00:00,0.1204,0.1207,0.1202,0.1206,312471.25
2026-03-11 16:15:00,0.1207,0.1209,0.1201,0.1203,209701.83
2026-03-11 16:30:00,0.1204,0.1208,0.1201,0.1207,592602.11
2026-03-11 16:45:00,0.1208,0.1208,0.1203,0.1208,152052.06
2026-03-11 17:00:00,0.1208,0.1216,0.1207,0.1214,427518.83
2026-03-11 17:15:00,0.1214,0.1217,0.1211,0.1213,198203.62
2026-03-11 17:30:00,0.1213,0.1213,0.1194,0.1202,336234.09
2026-03-11 17:45:00,0.1201,0.1205,0.12,0.1204,128828.47
2026-03-11 18:00:00,0.1205,0.1207,0.1203,0.1205,184205.07
2026-03-11 18:15:00,0.1206,0.1207,0.1204,0.1206,131655.52
2026-03-11 18:30:00,0.1206,0.1208,0.1202,0.1203,293284.25
2026-03-11 18:45:00,0.1202,0.1208,0.1202,0.1207,148352.24
2026-03-11 19:00:00,0.1207,0.1209,0.1203,0.1204,263138.57
2026-03-11 19:15:00,0.1204,0.1206,0.1201,0.1206,130687.17
2026-03-11 19:30:00,0.1205,0.121,0.1204,0.1209,121979.1
2026-03-11 19:45:00,0.1208,0.1208,0.1205,0.1206,95379.43
2026-03-11 20:00:00,0.1206,0.1209,0.1204,0.1206,53579.31
2026-03-11 20:15:00,0.1205,0.1206,0.1204,0.1204,76283.09
2026-03-11 20:30:00,0.1204,0.1205,0.1202,0.1202,52461.44
2026-03-11 20:45:00,0.1202,0.1207,0.1202,0.1206,94185.1
2026-03-11 21:00:00,0.1206,0.121,0.1205,0.1208,108009.84
2026-03-11 21:15:00,0.1207,0.1209,0.1206,0.1207,28133.17
2026-03-11 21:30:00,0.1207,0.1211,0.1207,0.121,55798.91
2026-03-11 21:45:00,0.1209,0.1213,0.1209,0.121,164827.75
2026-03-11 22:00:00,0.121,0.1214,0.1207,0.1212,251887.71
2026-03-11 22:15:00,0.1212,0.1213,0.1205,0.1206,214161.68
2026-03-11 22:30:00,0.1206,0.1207,0.1203,0.1206,176721.1
2026-03-11 22:45:00,0.1207,0.1209,0.1206,0.1209,70166.55
2026-03-11 23:00:00,0.1209,0.1212,0.1208,0.1209,158097.51
2026-03-11 23:15:00,0.1208,0.1208,0.1206,0.1208,52347.35
2026-03-11 23:30:00,0.1207,0.1208,0.1204,0.1204,100381.34
2026-03-11 23:45:00,0.1204,0.1204,0.12,0.1204,154933.25
2026-03-12 00:00:00,0.1204,0.1207,0.1202,0.1203,67041.25
2026-03-12 00:15:00,0.1202,0.1205,0.1202,0.1203,64972.69
2026-03-12 00:30:00,0.1203,0.1207,0.1201,0.1205,63131.72
2026-03-12 00:45:00,0.1204,0.1206,0.1204,0.1205,48370.15
2026-03-12 01:00:00,0.1206,0.1206,0.12,0.1203,175484.41
2026-03-12 01:15:00,0.1202,0.1203,0.1201,0.1202,47097.27
2026-03-12 01:30:00,0.1201,0.1202,0.1197,0.1201,229471.46
2026-03-12 01:45:00,0.1201,0.1202,0.1196,0.1199,142021.32
2026-03-12 02:00:00,0.1198,0.1202,0.1198,0.1202,109788.83
2026-03-12 02:15:00,0.1202,0.1203,0.1196,0.12,311653.09
2026-03-12 02:30:00,0.12,0.1201,0.1194,0.1196,292664.1
2026-03-12 02:45:00,0.1196,0.1197,0.1191,0.1192,217096.04
2026-03-12 03:00:00,0.1193,0.1196,0.1192,0.1195,55580.37
2026-03-12 03:15:00,0.1195,0.1196,0.1192,0.1193,119700.09
2026-03-12 03:30:00,0.1192,0.1197,0.1192,0.1194,108085.71
2026-03-12 03:45:00,0.1194,0.1194,0.1188,0.119,239493.6
2026-03-12 04:00:00,0.119,0.1196,0.119,0.1194,190317.2
2026-03-12 04:15:00,0.1194,0.1194,0.119,0.119,104469.76
2026-03-12 04:30:00,0.1189,0.1193,0.1189,0.119,149102.31
2026-03-12 04:45:00,0.119,0.119,0.1188,0.1189,151942.65
2026-03-12 05:00:00,0.1189,0.1192,0.1188,0.1188,313551.93
2026-03-12 05:15:00,0.1188,0.1189,0.1181,0.1182,499601.0
2026-03-12 05:30:00,0.1182,0.1185,0.1182,0.1184,175287.82
2026-03-12 05:45:00,0.1184,0.1186,0.1182,0.1186,192119.87
2026-03-12 06:00:00,0.1186,0.1187,0.1184,0.1187,89749.36
2026-03-12 06:15:00,0.1186,0.1187,0.1185,0.1186,181347.94
2026-03-12 06:30:00,0.1186,0.1186,0.1184,0.1186,74175.79
2026-03-12 06:45:00,0.1186,0.119,0.1185,0.1188,79218.14
2026-03-12 07:00:00,0.1188,0.1189,0.1186,0.1187,140850.72
2026-03-12 07:15:00,0.1188,0.1188,0.1186,0.1188,77358.48
2026-03-12 07:30:00,0.1188,0.1191,0.1187,0.119,255401.06
2026-03-12 07:45:00,0.1189,0.119,0.1188,0.1189,194352.91
2026-03-12 08:00:00,0.1189,0.1189,0.1186,0.1186,128464.57
2026-03-12 08:15:00,0.1186,0.119,0.1184,0.1185,476839.77
2026-03-12 08:30:00,0.1185,0.1186,0.1184,0.1186,83346.84
2026-03-12 08:45:00,0.1187,0.1188,0.1185,0.1186,39410.71
2026-03-12 09:00:00,0.1185,0.1186,0.1181,0.1182,131214.33
2026-03-12 09:15:00,0.1182,0.1183,0.1181,0.1183,102182.74
2026-03-12 09:30:00,0.1183,0.1196,0.1182,0.1195,193061.77
2026-03-12 09:45:00,0.1195,0.1198,0.1189,0.1193,251448.95
2026-03-12 10:00:00,0.1193,0.1194,0.1191,0.1191,202354.41
2026-03-12 10:15:00,0.1192,0.1199,0.1192,0.1199,133294.28
2026-03-12 10:30:00,0.1199,0.1204,0.1198,0.1203,159799.82
2026-03-12 10:45:00,0.1203,0.1203,0.1196,0.1198,198993.63
2026-03-12 11:00:00,0.1197,0.1197,0.1192,0.1194,97479.15
2026-03-12 11:15:00,0.1194,0.1197,0.1187,0.119,177309.03
2026-03-12 11:30:00,0.1189,0.119,0.1187,0.119,103329.55
2026-03-12 11:45:00,0.119,0.119,0.1179,0.1184,427557.48
2026-03-12 12:00:00,0.1184,0.1184,0.1177,0.1181,329737.09
2026-03-12 12:15:00,0.1181,0.1185,0.118,0.1183,309560.77
2026-03-12 12:30:00,0.1183,0.1183,0.118,0.1183,182747.16
2026-03-12 12:45:00,0.1182,0.1185,0.118,0.1182,424520.92
2026-03-12 13:00:00,0.1182,0.1185,0.1181,0.1183,159058.39
2026-03-12 13:15:00,0.1182,0.1182,0.1173,0.1178,661327.91
2026-03-12 13:30:00,0.1178,0.1188,0.1175,0.1178,851972.48
2026-03-12 13:45:00,0.1177,0.1179,0.117,0.1176,767501.53
2026-03-12 14:00:00,0.1177,0.1183,0.1176,0.1178,935668.3
2026-03-12 14:15:00,0.1178,0.1182,0.1164,0.1166,929755.62
2026-03-12 14:30:00,0.1166,0.1168,0.1158,0.1162,828103.12
2026-03-12 14:45:00,0.1162,0.1171,0.1162,0.117,221434.28
2026-03-12 15:00:00,0.1171,0.1175,0.1168,0.1173,180548.88
2026-03-12 15:15:00,0.1173,0.1181,0.1169,0.1178,235811.15
2026-03-12 15:30:00,0.1178,0.1181,0.1175,0.1178,150894.95
2026-03-12 15:45:00,0.1178,0.118,0.1172,0.1175,165847.28
2026-03-12 16:00:00,0.1175,0.1177,0.1172,0.1177,328095.28
2026-03-12 16:15:00,0.1178,0.1186,0.1177,0.1179,445394.47
2026-03-12 16:30:00,0.1179,0.1185,0.1179,0.1184,317386.55
2026-03-12 16:45:00,0.1184,0.1185,0.1179,0.118,341907.99
2026-03-12 17:00:00,0.118,0.1181,0.1176,0.1179,188731.41
2026-03-12 17:15:00,0.1179,0.118,0.1175,0.1176,148994.36
2026-03-12 17:30:00,0.1176,0.1178,0.1172,0.1174,186435.72
2026-03-12 17:45:00,0.1174,0.1175,0.1168,0.1172,236519.2
2026-03-12 18:00:00,0.1171,0.1173,0.1168,0.117,313895.66
2026-03-12 18:15:00,0.117,0.1172,0.1165,0.1172,104521.31
2026-03-12 18:30:00,0.1173,0.1175,0.1173,0.1173,60203.03
2026-03-12 18:45:00,0.1173,0.1175,0.1173,0.1173,69217.71
2026-03-12 19:00:00,0.1174,0.1178,0.1174,0.1177,115170.31
2026-03-12 19:15:00,0.1178,0.1189,0.1178,0.1189,368047.54
2026-03-12 19:30:00,0.1189,0.1191,0.1183,0.1187,350565.62
2026-03-12 19:45:00,0.1187,0.1192,0.1187,0.1191,242355.29
2026-03-12 20:00:00,0.119,0.1192,0.1188,0.1188,228055.05
2026-03-12 20:15:00,0.1187,0.1187,0.1181,0.1181,66628.95
2026-03-12 20:30:00,0.1181,0.1182,0.1178,0.1181,129476.54
2026-03-12 20:45:00,0.118,0.118,0.1176,0.1178,146084.42
2026-03-12 21:00:00,0.1178,0.1179,0.1177,0.1178,101870.52
2026-03-12 21:15:00,0.1178,0.1183,0.1178,0.1183,226468.06
2026-03-12 21:30:00,0.1184,0.1187,0.1184,0.1185,78736.89
2026-03-12 21:45:00,0.1186,0.1197,0.1186,0.1196,306736.73
2026-03-12 22:00:00,0.1196,0.1202,0.1194,0.1198,420620.39
2026-03-12 22:15:00,0.1198,0.12,0.1196,0.1198,240648.95
2026-03-12 22:30:00,0.1198,0.12,0.1196,0.1198,123832.32
2026-03-12 22:45:00,0.1198,0.1199,0.1193,0.1198,318527.24
2026-03-12 23:00:00,0.1198,0.121,0.1197,0.1208,874481.8
2026-03-12 23:15:00,0.1207,0.1207,0.1198,0.1199,221599.2
2026-03-12 23:30:00,0.1198,0.1206,0.1194,0.1205,547265.23
2026-03-12 23:45:00,0.1205,0.1207,0.1199,0.1199,230787.86
2026-03-13 00:00:00,0.12,0.1204,0.1198,0.1201,147676.43
2026-03-13 00:15:00,0.1201,0.1221,0.1201,0.1216,1112910.05
2026-03-13 00:30:00,0.1217,0.1228,0.1212,0.1213,892483.88
2026-03-13 00:45:00,0.1214,0.1216,0.121,0.1216,372430.98
2026-03-13 01:00:00,0.1216,0.1224,0.1216,0.1219,222791.56
2026-03-13 01:15:00,0.1218,0.1223,0.1213,0.1215,831579.23
2026-03-13 01:30:00,0.1216,0.1223,0.1213,0.1223,288811.27
2026-03-13 01:45:00,0.1223,0.1227,0.1221,0.1226,171007.84
2026-03-13 02:00:00,0.1227,0.1232,0.1222,0.1231,524096.92
2026-03-13 02:15:00,0.1231,0.1233,0.1227,0.1227,493457.28
2026-03-13 02:30:00,0.1227,0.123,0.1226,0.1227,304806.19
2026-03-13 02:45:00,0.1227,0.123,0.1223,0.1229,235698.8
2026-03-13 03:00:00,0.123,0.1235,0.1227,0.1232,464943.29
2026-03-13 03:15:00,0.1232,0.124,0.1231,0.1234,347583.73
2026-03-13 03:30:00,0.1234,0.1236,0.1231,0.1231,260860.88
2026-03-13 03:45:00,0.1232,0.1243,0.1232,0.1242,509071.54
2026-03-13 04:00:00,0.1242,0.1247,0.1242,0.1245,371620.1
2026-03-13 04:15:00,0.1245,0.1247,0.1237,0.1238,224318.39
2026-03-13 04:30:00,0.1238,0.1238,0.1234,0.1234,442375.62
2026-03-13 04:45:00,0.1234,0.1242,0.1234,0.1242,338625.16
2026-03-13 05:00:00,0.1242,0.1243,0.1235,0.1237,267660.75
2026-03-13 05:15:00,0.1238,0.1247,0.1238,0.1245,311932.79
2026-03-13 05:30:00,0.1245,0.1253,0.1244,0.1245,316945.87
2026-03-13 05:45:00,0.1245,0.1246,0.1241,0.1243,212089.6
2026-03-13 06:00:00,0.1243,0.1245,0.1235,0.1235,317405.42
2026-03-13 06:15:00,0.1235,0.1239,0.1231,0.1232,384144.27
2026-03-13 06:30:00,0.1232,0.1242,0.1232,0.124,355053.5
2026-03-13 06:45:00,0.1241,0.1246,0.124,0.124,320793.7
2026-03-13 07:00:00,0.124,0.1242,0.1237,0.1239,295784.11
2026-03-13 07:15:00,0.124,0.124,0.1236,0.1238,76282.91
2026-03-13 07:30:00,0.1238,0.1241,0.1235,0.1236,206145.71
2026-03-13 07:45:00,0.1236,0.124,0.1235,0.1237,105506.69
2026-03-13 08:00:00,0.1237,0.1239,0.1233,0.1236,183906.93
2026-03-13 08:15:00,0.1236,0.1241,0.1236,0.124,171428.2
2026-03-13 08:30:00,0.124,0.1249,0.124,0.1243,311172.88
2026-03-13 08:45:00,0.1243,0.1245,0.1235,0.1244,567148.75
2026-03-13 09:00:00,0.1244,0.1249,0.1244,0.1249,386376.7
2026-03-13 09:15:00,0.1248,0.1251,0.1244,0.1248,223061.93
2026-03-13 09:30:00,0.1248,0.1253,0.1247,0.1249,396510.3
2026-03-13 09:45:00,0.125,0.1251,0.1248,0.1248,161873.62
2026-03-13 10:00:00,0.1248,0.1255,0.1247,0.1251,348547.68
2026-03-13 10:15:00,0.1252,0.1257,0.125,0.1256,305934.28
2026-03-13 10:30:00,0.1255,0.1255,0.1252,0.1252,185781.2
2026-03-13 10:45:00,0.1253,0.1259,0.1251,0.1257,414011.6
2026-03-13 11:00:00,0.1258,0.126,0.1251,0.1252,375734.66
2026-03-13 11:15:00,0.1252,0.1253,0.1248,0.1249,372118.94
2026-03-13 11:30:00,0.1248,0.125,0.1246,0.125,219614.15
2026-03-13 11:45:00,0.125,0.1254,0.1248,0.1253,120792.57
2026-03-13 12:00:00,0.1252,0.126,0.1252,0.1254,328940.96
2026-03-13 12:15:00,0.1254,0.1257,0.1252,0.1255,156381.89
2026-03-13 12:30:00,0.1255,0.1256,0.1249,0.1251,371975.56
2026-03-13 12:45:00,0.1251,0.1261,0.1251,0.1256,487493.11
2026-03-13 13:00:00,0.1256,0.1266,0.1252,0.1258,1632644.22
2026-03-13 13:15:00,0.1259,0.127,0.1257,0.1264,1139154.54
2026-03-13 13:30:00,0.1264,0.1272,0.1259,0.1272,889278.25
2026-03-13 13:45:00,0.1272,0.1276,0.1264,0.1265,352257.1
2026-03-13 14:00:00,0.1266,0.1274,0.1262,0.1266,469101.63
2026-03-13 14:15:00,0.1266,0.1269,0.1263,0.1265,525994.89
2026-03-13 14:30:00,0.1265,0.1266,0.1255,0.1257,1008186.07
2026-03-13 14:45:00,0.1257,0.1262,0.1253,0.1259,2003072.37
2026-03-13 15:00:00,0.1259,0.1273,0.1257,0.1269,1123680.2
2026-03-13 15:15:00,0.1268,0.1273,0.1265,0.1265,509874.34
2026-03-13 15:30:00,0.1265,0.1265,0.1257,0.126,863886.32
2026-03-13 15:45:00,0.126,0.1266,0.1255,0.1258,534213.39
2026-03-13 16:00:00,0.1259,0.1265,0.1251,0.1254,632700.08
2026-03-13 16:15:00,0.1254,0.1254,0.1242,0.1247,604011.61
2026-03-13 16:30:00,0.1248,0.1258,0.1248,0.1258,172736.85
2026-03-13 16:45:00,0.1258,0.1264,0.1258,0.1262,197338.29
2026-03-13 17:00:00,0.1261,0.1264,0.1258,0.1261,283087.18
2026-03-13 17:15:00,0.1262,0.1264,0.1248,0.1249,475583.34
2026-03-13 17:30:00,0.1249,0.1249,0.1239,0.1241,322369.48
2026-03-13 17:45:00,0.1241,0.1242,0.1235,0.1241,506794.05
2026-03-13 18:00:00,0.1241,0.1245,0.1239,0.1244,230634.09
2026-03-13 18:15:00,0.1244,0.1248,0.1234,0.1243,1451726.44
2026-03-13 18:30:00,0.1243,0.1249,0.1242,0.1248,222064.5
2026-03-13 18:45:00,0.1248,0.1248,0.1242,0.1242,82909.44
2026-03-13 19:00:00,0.1242,0.1246,0.1239,0.1244,303431.67
2026-03-13 19:15:00,0.1244,0.1247,0.124,0.124,54346.06
2026-03-13 19:30:00,0.124,0.1243,0.1239,0.1241,40285.44
2026-03-13 19:45:00,0.1242,0.1244,0.1241,0.1242,145526.55
2026-03-13 20:00:00,0.1242,0.1245,0.124,0.1244,183852.99
2026-03-13 20:15:00,0.1244,0.1245,0.1239,0.1241,130818.67
2026-03-13 20:30:00,0.1241,0.1242,0.1239,0.1241,88552.79
2026-03-13 20:45:00,0.1241,0.1245,0.1241,0.1244,101683.78
2026-03-13 21:00:00,0.1245,0.1253,0.1245,0.1248,181969.99
2026-03-13 21:15:00,0.1248,0.1249,0.1242,0.1242,83016.42
2026-03-13 21:30:00,0.1242,0.1246,0.1239,0.1244,102879.26
2026-03-13 21:45:00,0.1244,0.1246,0.1242,0.1242,55066.57
2026-03-13 22:00:00,0.1241,0.1242,0.1229,0.1232,530612.2
2026-03-13 22:15:00,0.1232,0.1232,0.1224,0.1225,334928.61
2026-03-13 22:30:00,0.1224,0.1228,0.1224,0.1227,408151.81
2026-03-13 22:45:00,0.1227,0.1231,0.1225,0.1231,136343.65
2026-03-13 23:00:00,0.1231,0.1236,0.123,0.1235,622810.32
2026-03-13 23:15:00,0.1235,0.124,0.1235,0.1238,345036.1
2026-03-13 23:30:00,0.1237,0.124,0.1235,0.124,131386.17
2026-03-13 23:45:00,0.1239,0.1239,0.1236,0.1237,99464.95
2026-03-14 00:00:00,0.1237,0.1237,0.1227,0.1229,246888.15
2026-03-14 00:15:00,0.1229,0.1231,0.1227,0.1231,362097.29
2026-03-14 00:30:00,0.1231,0.1234,0.1229,0.1229,198555.44
2026-03-14 00:45:00,0.1229,0.1229,0.1225,0.1227,94799.39
2026-03-14 01:00:00,0.1226,0.1228,0.1222,0.1223,191257.88
2026-03-14 01:15:00,0.1224,0.1234,0.1224,0.1234,81092.53
2026-03-14 01:30:00,0.1233,0.1235,0.1226,0.1233,309820.07
2026-03-14 01:45:00,0.1233,0.1239,0.1233,0.1238,231168.35
2026-03-14 02:00:00,0.1238,0.1238,0.1235,0.1237,150955.67
2026-03-14 02:15:00,0.1236,0.1237,0.1232,0.1232,178302.4
2026-03-14 02:30:00,0.1233,0.1239,0.1232,0.1237,189447.09
2026-03-14 02:45:00,0.1237,0.1247,0.1236,0.1243,328418.94
2026-03-14 03:00:00,0.1244,0.1247,0.1242,0.1246,167397.05
2026-03-14 03:15:00,0.1246,0.1252,0.1245,0.125,215556.44
2026-03-14 03:30:00,0.125,0.1254,0.1249,0.1252,93336.32
2026-03-14 03:45:00,0.1251,0.1252,0.1249,0.1252,86734.87
2026-03-14 04:00:00,0.1252,0.1265,0.1252,0.1258,1293561.75
2026-03-14 04:15:00,0.1258,0.1258,0.1253,0.1254,275843.26
2026-03-14 04:30:00,0.1253,0.1257,0.125,0.1254,179146.23
2026-03-14 04:45:00,0.1253,0.1253,0.1241,0.1246,706051.61
2026-03-14 05:00:00,0.1245,0.1245,0.1239,0.124,158725.78
2026-03-14 05:15:00,0.1241,0.1241,0.1239,0.1241,79145.8
2026-03-14 05:30:00,0.124,0.1241,0.123,0.1232,216330.85
2026-03-14 05:45:00,0.1233,0.1237,0.1233,0.1236,155841.76
2026-03-14 06:00:00,0.1235,0.1235,0.1233,0.1234,129507.88
2026-03-14 06:15:00,0.1234,0.1234,0.1224,0.1225,812778.84
2026-03-14 06:30:00,0.1224,0.1227,0.1217,0.122,751764.96
2026-03-14 06:45:00,0.1221,0.1229,0.1221,0.1227,239910.44
2026-03-14 07:00:00,0.1227,0.1228,0.1224,0.1227,63488.17
2026-03-14 07:15:00,0.1227,0.1231,0.1225,0.1231,249877.53
2026-03-14 07:30:00,0.123,0.123,0.1226,0.1227,179976.35
2026-03-14 07:45:00,0.1226,0.1228,0.1223,0.1227,207577.21
2026-03-14 08:00:00,0.1227,0.1227,0.122,0.1225,1365508.18
2026-03-14 08:15:00,0.1225,0.1225,0.1222,0.1224,70863.11
2026-03-14 08:30:00,0.1225,0.1226,0.1223,0.1224,155419.93
2026-03-14 08:45:00,0.1224,0.1224,0.1222,0.1223,120065.77
2026-03-14 09:00:00,0.1223,0.123,0.1223,0.1228,267138.49
2026-03-14 09:15:00,0.1227,0.1228,0.1225,0.1228,61049.98
2026-03-14 09:30:00,0.1229,0.1229,0.1226,0.1227,114263.69
2026-03-14 09:45:00,0.1226,0.1227,0.1222,0.1224,179305.22
2026-03-14 10:00:00,0.1223,0.1225,0.1222,0.1225,233902.44
2026-03-14 10:15:00,0.1225,0.1225,0.1222,0.1224,146453.78
2026-03-14 10:30:00,0.1224,0.1226,0.1222,0.1226,173668.58
2026-03-14 10:45:00,0.1226,0.1228,0.1224,0.1228,330881.56
2026-03-14 11:00:00,0.1228,0.1233,0.1226,0.123,358223.02
2026-03-14 11:15:00,0.123,0.1233,0.1229,0.1232,134363.98
2026-03-14 11:30:00,0.1231,0.1234,0.1231,0.1234,53631.96
2026-03-14 11:45:00,0.1235,0.1239,0.1235,0.1237,140805.24
2026-03-14 12:00:00,0.1236,0.1239,0.1233,0.1235,377750.89
2026-03-14 12:15:00,0.1235,0.1236,0.1233,0.1233,66683.94
2026-03-14 12:30:00,0.1233,0.1233,0.1225,0.1226,779653.85
2026-03-14 12:45:00,0.1226,0.1229,0.1226,0.1229,177501.21
2026-03-14 13:00:00,0.1229,0.123,0.1228,0.1229,68320.23
2026-03-14 13:15:00,0.1229,0.1235,0.1229,0.1234,68399.4
2026-03-14 13:30:00,0.1234,0.1235,0.1232,0.1234,69579.45
2026-03-14 13:45:00,0.1233,0.1236,0.1231,0.1236,55735.4
2026-03-14 14:00:00,0.1237,0.1239,0.1236,0.1239,224455.92
2026-03-14 14:15:00,0.1239,0.1241,0.1237,0.1238,143565.14
2026-03-14 14:30:00,0.1238,0.1238,0.1229,0.123,274073.65
2026-03-14 14:45:00,0.1231,0.1234,0.123,0.1232,123719.66
2026-03-14 15:00:00,0.1232,0.1233,0.1227,0.1228,533948.3
2026-03-14 15:15:00,0.1229,0.123,0.1226,0.1227,192609.26
2026-03-14 15:30:00,0.1227,0.1227,0.1222,0.1223,170291.46
2026-03-14 15:45:00,0.1223,0.1228,0.1223,0.1226,46968.77
2026-03-14 16:00:00,0.1226,0.1229,0.1225,0.1227,45895.04
2026-03-14 16:15:00,0.1229,0.1234,0.1229,0.1232,188967.12
2026-03-14 16:30:00,0.1232,0.1234,0.1232,0.1234,32216.44
2026-03-14 16:45:00,0.1234,0.1234,0.1233,0.1233,17442.42
2026-03-14 17:00:00,0.1234,0.1235,0.1232,0.1234,89291.28
2026-03-14 17:15:00,0.1233,0.1235,0.1231,0.1234,135759.17
2026-03-14 17:30:00,0.1233,0.1233,0.123,0.123,150735.54
2026-03-14 17:45:00,0.1231,0.1232,0.1227,0.1231,62813.96
2026-03-14 18:00:00,0.123,0.123,0.1227,0.123,78549.52
2026-03-14 18:15:00,0.1229,0.1229,0.1227,0.1228,46237.04
2026-03-14 18:30:00,0.1228,0.1233,0.1227,0.1231,116100.31
2026-03-14 18:45:00,0.1231,0.1231,0.1229,0.1229,25166.96
2026-03-14 19:00:00,0.1229,0.123,0.1226,0.1228,64638.87
2026-03-14 19:15:00,0.1228,0.1229,0.1226,0.1226,47835.63
2026-03-14 19:30:00,0.1225,0.1228,0.1225,0.1227,258090.37
2026-03-14 19:45:00,0.1227,0.1227,0.1224,0.1225,68975.09
2026-03-14 20:00:00,0.1225,0.1225,0.1223,0.1224,145980.16
2026-03-14 20:15:00,0.1224,0.1225,0.1222,0.1224,83649.58
2026-03-14 20:30:00,0.1224,0.1227,0.1223,0.1227,40455.81
2026-03-14 20:45:00,0.1227,0.1227,0.1225,0.1227,109463.62
2026-03-14 21:00:00,0.1226,0.1228,0.1224,0.1226,161430.35
2026-03-14 21:15:00,0.1226,0.1228,0.1225,0.1225,23828.48
2026-03-14 21:30:00,0.1226,0.1228,0.1225,0.1228,101314.21
2026-03-14 21:45:00,0.1228,0.1233,0.1227,0.123,170824.4
2026-03-14 22:00:00,0.123,0.1234,0.1229,0.1231,151134.08
2026-03-14 22:15:00,0.1231,0.1233,0.123,0.123,169355.93
2026-03-14 22:30:00,0.123,0.1232,0.1229,0.1232,130420.82
2026-03-14 22:45:00,0.1231,0.1231,0.1227,0.1228,146270.7
2026-03-14 23:00:00,0.1229,0.1237,0.1229,0.1233,628064.75
2026-03-14 23:15:00,0.1233,0.1234,0.123,0.1234,155940.73
2026-03-14 23:30:00,0.1235,0.1238,0.1235,0.1237,118675.0
2026-03-14 23:45:00,0.1238,0.1239,0.1236,0.1238,243009.08
2026-03-15 00:00:00,0.1238,0.1239,0.1236,0.1238,196998.21
2026-03-15 00:15:00,0.1237,0.1237,0.1231,0.1232,437724.44
2026-03-15 00:30:00,0.1231,0.1238,0.1231,0.1238,304857.79
2026-03-15 00:45:00,0.1239,0.1239,0.1233,0.1235,404619.07
2026-03-15 01:00:00,0.1235,0.1237,0.1233,0.1235,72524.59
2026-03-15 01:15:00,0.1235,0.1237,0.1232,0.1237,122107.29
2026-03-15 01:30:00,0.1238,0.1245,0.1237,0.1244,315466.0
2026-03-15 01:45:00,0.1245,0.1248,0.1241,0.1248,438996.57
2026-03-15 02:00:00,0.1248,0.1259,0.1248,0.1254,460837.95
2026-03-15 02:15:00,0.1254,0.1256,0.1252,0.1253,159777.93
2026-03-15 02:30:00,0.1252,0.1263,0.1252,0.1263,248715.79
2026-03-15 02:45:00,0.1263,0.1272,0.1263,0.127,278967.71
2026-03-15 03:00:00,0.1271,0.1274,0.127,0.1273,293776.01
2026-03-15 03:15:00,0.1274,0.1275,0.126,0.1261,665416.76
2026-03-15 03:30:00,0.1261,0.1263,0.1258,0.1259,389544.18
2026-03-15 03:45:00,0.1259,0.1263,0.1257,0.1263,112971.35
2026-03-15 04:00:00,0.1264,0.1273,0.1264,0.1269,1297381.28
2026-03-15 04:15:00,0.1268,0.1269,0.126,0.1262,217136.36
2026-03-15 04:30:00,0.1262,0.1268,0.1261,0.1268,312704.98
2026-03-15 04:45:00,0.1268,0.1268,0.1264,0.1266,172574.16
2026-03-15 05:00:00,0.1266,0.1266,0.1261,0.1262,122937.97
2026-03-15 05:15:00,0.1262,0.1269,0.1261,0.1263,683910.82
2026-03-15 05:30:00,0.1264,0.1269,0.1264,0.1269,423384.05
2026-03-15 05:45:00,0.127,0.1271,0.1265,0.1265,194775.97
2026-03-15 06:00:00,0.1265,0.1266,0.1259,0.126,97813.73
2026-03-15 06:15:00,0.126,0.1265,0.1258,0.1263,429723.87
2026-03-15 06:30:00,0.1262,0.1269,0.1262,0.1264,828725.49
2026-03-15 06:45:00,0.1265,0.1271,0.1265,0.127,287470.47
2026-03-15 07:00:00,0.1269,0.1275,0.1268,0.1274,272929.37
2026-03-15 07:15:00,0.1274,0.1274,0.1267,0.1267,367413.22
2026-03-15 07:30:00,0.1267,0.1271,0.1266,0.1267,252096.52
2026-03-15 07:45:00,0.1268,0.127,0.1265,0.1269,337544.11
2026-03-15 08:00:00,0.1269,0.1272,0.1261,0.1263,608113.22
2026-03-15 08:15:00,0.1263,0.1264,0.1262,0.1264,240493.41
2026-03-15 08:30:00,0.1264,0.1264,0.1261,0.1262,118668.49
2026-03-15 08:45:00,0.1262,0.1264,0.126,0.1264,107748.88
2026-03-15 09:00:00,0.1263,0.1267,0.1262,0.1262,132057.93
2026-03-15 09:15:00,0.1262,0.1265,0.1262,0.1262,139510.33
2026-03-15 09:30:00,0.1262,0.1264,0.126,0.126,46563.71
2026-03-15 09:45:00,0.126,0.1262,0.126,0.1261,107886.75
2026-03-15 10:00:00,0.126,0.1275,0.1259,0.1274,722068.67
2026-03-15 10:15:00,0.1274,0.1275,0.1269,0.127,180784.79
2026-03-15 10:30:00,0.1269,0.1277,0.1267,0.1274,441547.71
2026-03-15 10:45:00,0.1273,0.1277,0.1273,0.1276,222038.34
2026-03-15 11:00:00,0.1275,0.1276,0.1265,0.127,404967.31
2026-03-15 11:15:00,0.1271,0.1275,0.1271,0.1272,170699.98
2026-03-15 11:30:00,0.1271,0.1272,0.1271,0.1272,249965.49
2026-03-15 11:45:00,0.1271,0.1271,0.1268,0.1269,247546.37
2026-03-15 12:00:00,0.1268,0.1272,0.1267,0.1268,65425.49
2026-03-15 12:15:00,0.1268,0.1274,0.1268,0.1274,125290.22
2026-03-15 12:30:00,0.1273,0.1283,0.1272,0.1277,860949.73
2026-03-15 12:45:00,0.1277,0.1281,0.1269,0.1271,634788.06
2026-03-15 13:00:00,0.1271,0.1272,0.1253,0.1257,665334.97
2026-03-15 13:15:00,0.1256,0.1259,0.1253,0.1258,198884.51
2026-03-15 13:30:00,0.1258,0.1259,0.1249,0.1254,422875.19
2026-03-15 13:45:00,0.1254,0.1259,0.1253,0.1259,71781.78
2026-03-15 14:00:00,0.126,0.1262,0.1258,0.1262,224074.08
2026-03-15 14:15:00,0.1261,0.1261,0.1257,0.1257,157072.57
2026-03-15 14:30:00,0.1256,0.1257,0.1252,0.1255,85141.82
2026-03-15 14:45:00,0.1255,0.1259,0.1253,0.1259,271451.56
2026-03-15 15:00:00,0.1259,0.1259,0.1255,0.1255,84930.98
2026-03-15 15:15:00,0.1254,0.1257,0.1254,0.1254,38516.44
2026-03-15 15:30:00,0.1254,0.1256,0.1253,0.1255,120472.12
2026-03-15 15:45:00,0.1255,0.1255,0.1253,0.1254,65700.1
2026-03-15 16:00:00,0.1254,0.1262,0.1253,0.1262,150120.57
2026-03-15 16:15:00,0.1263,0.1263,0.1254,0.1258,280127.15
2026-03-15 16:30:00,0.1258,0.1261,0.1253,0.1258,189436.78
2026-03-15 16:45:00,0.1258,0.1258,0.1254,0.1257,154699.94
2026-03-15 17:00:00,0.1257,0.1265,0.1257,0.1262,231616.57
2026-03-15 17:15:00,0.1263,0.1266,0.1261,0.1265,241649.44
2026-03-15 17:30:00,0.1266,0.1267,0.1264,0.1264,156114.04
2026-03-15 17:45:00,0.1264,0.1278,0.1263,0.1274,238984.41
2026-03-15 18:00:00,0.1274,0.1277,0.1273,0.1274,280987.66
2026-03-15 18:15:00,0.1274,0.1274,0.127,0.1271,96485.52
2026-03-15 18:30:00,0.1272,0.1277,0.1272,0.1275,114589.39
2026-03-15 18:45:00,0.1274,0.1274,0.1265,0.1269,124691.02
2026-03-15 19:00:00,0.1269,0.1276,0.1269,0.1275,199410.89
2026-03-15 19:15:00,0.1275,0.1277,0.1272,0.1275,100680.38
2026-03-15 19:30:00,0.1275,0.1278,0.1273,0.1274,177226.4
2026-03-15 19:45:00,0.1275,0.1277,0.1274,0.1276,262211.07
2026-03-15 20:00:00,0.1275,0.128,0.1273,0.1275,263659.2
2026-03-15 20:15:00,0.1274,0.1275,0.1272,0.1273,113029.09
2026-03-15 20:30:00,0.1274,0.129,0.1274,0.1284,424565.79
2026-03-15 20:45:00,0.1284,0.1284,0.1279,0.1281,170138.45
2026-03-15 21:00:00,0.1281,0.1282,0.1278,0.1282,128574.17
2026-03-15 21:15:00,0.1282,0.1285,0.1281,0.1283,79630.89
2026-03-15 21:30:00,0.1282,0.1291,0.1281,0.1287,183414.57
2026-03-15 21:45:00,0.1288,0.1288,0.1283,0.1284,324253.94
2026-03-15 22:00:00,0.1285,0.1292,0.1278,0.1278,392455.1
2026-03-15 22:15:00,0.1279,0.128,0.1274,0.1279,214209.49
2026-03-15 22:30:00,0.1279,0.1288,0.1278,0.1281,829863.7
2026-03-15 22:45:00,0.1281,0.1287,0.1281,0.1284,584190.17
2026-03-15 23:00:00,0.1284,0.1286,0.128,0.1283,479564.48
2026-03-15 23:15:00,0.1284,0.1288,0.1273,0.1276,803344.22
2026-03-15 23:30:00,0.1275,0.128,0.1275,0.1279,316958.65
2026-03-15 23:45:00,0.1279,0.1284,0.1277,0.1284,260997.83
2026-03-16 00:00:00,0.1284,0.1289,0.1278,0.1283,1760039.01
2026-03-16 00:15:00,0.1282,0.1283,0.1275,0.1276,516472.92
2026-03-16 00:30:00,0.1277,0.1278,0.1272,0.1275,516763.15
2026-03-16 00:45:00,0.1276,0.1281,0.1276,0.128,136100.99
2026-03-16 01:00:00,0.1281,0.1281,0.1274,0.1274,333034.15
2026-03-16 01:15:00,0.1275,0.1281,0.1275,0.1281,103920.15
2026-03-16 01:30:00,0.1281,0.1281,0.1277,0.1278,75051.78
2026-03-16 01:45:00,0.1279,0.1284,0.1279,0.1282,68942.29
2026-03-16 02:00:00,0.1282,0.1284,0.1281,0.1283,152018.78
2026-03-16 02:15:00,0.1284,0.1284,0.1277,0.1277,129414.32
2026-03-16 02:30:00,0.1278,0.128,0.1277,0.128,135755.94
2026-03-16 02:45:00,0.1281,0.1285,0.1278,0.1283,97315.22
2026-03-16 03:00:00,0.1283,0.1287,0.1279,0.1285,167151.98
2026-03-16 03:15:00,0.1285,0.1291,0.1284,0.1288,632797.83
2026-03-16 03:30:00,0.1288,0.1309,0.1288,0.1298,1687548.57
2026-03-16 03:45:00,0.1298,0.1298,0.1291,0.1292,362018.8
2026-03-16 04:00:00,0.1292,0.1296,0.1292,0.1293,331314.26
2026-03-16 04:15:00,0.1294,0.1297,0.1291,0.1292,443904.35
2026-03-16 04:30:00,0.1292,0.1294,0.129,0.1293,353916.51
2026-03-16 04:45:00,0.1294,0.1303,0.1294,0.1298,480873.49
2026-03-16 05:00:00,0.1298,0.13,0.1295,0.1295,325495.08
2026-03-16 05:15:00,0.1295,0.1299,0.1293,0.1298,484068.85
2026-03-16 05:30:00,0.1298,0.1299,0.1295,0.1299,157398.05
2026-03-16 05:45:00,0.1299,0.1308,0.1299,0.1304,596943.56
2026-03-16 06:00:00,0.1304,0.1305,0.1292,0.1294,353036.72
2026-03-16 06:15:00,0.1295,0.1307,0.1295,0.1303,517238.66
2026-03-16 06:30:00,0.1303,0.1315,0.1302,0.1314,530101.84
2026-03-16 06:45:00,0.1314,0.1315,0.1307,0.1308,305574.68
2026-03-16 07:00:00,0.1308,0.1317,0.1308,0.1314,304234.43
2026-03-16 07:15:00,0.1313,0.1326,0.1306,0.1319,1491672.34
2026-03-16 07:30:00,0.1319,0.1321,0.1317,0.1317,274369.64
2026-03-16 07:45:00,0.1316,0.1317,0.1312,0.1313,376771.19
2026-03-16 08:00:00,0.1313,0.1328,0.1312,0.1322,682853.83
2026-03-16 08:15:00,0.1322,0.1326,0.1308,0.1311,930861.93
2026-03-16 08:30:00,0.1311,0.1313,0.1308,0.1309,447106.27
2026-03-16 08:45:00,0.131,0.1319,0.1308,0.131,1185979.19
2026-03-16 09:00:00,0.131,0.1316,0.131,0.1314,519121.55
2026-03-16 09:15:00,0.1314,0.1318,0.1314,0.1317,212610.81
2026-03-16 09:30:00,0.1316,0.1316,0.131,0.1311,201664.78
2026-03-16 09:45:00,0.1311,0.1315,0.131,0.1312,188244.15
2026-03-16 10:00:00,0.1311,0.1312,0.1306,0.1308,520529.84
2026-03-16 10:15:00,0.1309,0.1313,0.1308,0.1309,225322.06
2026-03-16 10:30:00,0.1309,0.1309,0.1303,0.1305,392680.49
2026-03-16 10:45:00,0.1305,0.1311,0.1305,0.1309,213354.46
2026-03-16 11:00:00,0.1309,0.1312,0.1307,0.1307,273493.48
2026-03-16 11:15:00,0.1306,0.1308,0.1304,0.1308,167131.06
2026-03-16 11:30:00,0.1308,0.1313,0.1305,0.1313,362155.19
2026-03-16 11:45:00,0.1313,0.1315,0.1308,0.1309,452958.16
2026-03-16 12:00:00,0.1309,0.1314,0.1306,0.1311,281375.63
2026-03-16 12:15:00,0.131,0.1314,0.1306,0.1313,605870.43
2026-03-16 12:30:00,0.1312,0.1315,0.131,0.1315,490633.48
2026-03-16 12:45:00,0.1315,0.1316,0.1312,0.1314,164435.36
2026-03-16 13:00:00,0.1314,0.1316,0.1311,0.1315,210100.34
2026-03-16 13:15:00,0.1315,0.1315,0.1308,0.1314,323843.25
2026-03-16 13:30:00,0.1313,0.1324,0.131,0.1311,1250919.15
2026-03-16 13:45:00,0.1311,0.1318,0.1308,0.1314,524038.72
2026-03-16 14:00:00,0.1314,0.1321,0.1309,0.1315,395023.96
2026-03-16 14:15:00,0.1315,0.1317,0.1304,0.1304,425070.06
2026-03-16 14:30:00,0.1304,0.1307,0.1295,0.1304,1176300.97
2026-03-16 14:45:00,0.1305,0.1315,0.1299,0.1312,492915.9
2026-03-16 15:00:00,0.1312,0.1313,0.1306,0.1309,457219.14
2026-03-16 15:15:00,0.1309,0.131,0.1306,0.1306,310724.61
2026-03-16 15:30:00,0.1307,0.1309,0.13,0.13,446580.25
2026-03-16 15:45:00,0.1301,0.1303,0.1297,0.13,266082.86
2026-03-16 16:00:00,0.13,0.1309,0.13,0.1308,131171.74
2026-03-16 16:15:00,0.1309,0.1319,0.1309,0.1317,364164.07
2026-03-16 16:30:00,0.1317,0.1326,0.1314,0.1323,813435.73
2026-03-16 16:45:00,0.1323,0.1326,0.1319,0.1321,617260.71
2026-03-16 17:00:00,0.1322,0.1327,0.1322,0.1325,207116.05
2026-03-16 17:15:00,0.1325,0.1325,0.1322,0.1323,96319.47
2026-03-16 17:30:00,0.1323,0.133,0.1323,0.133,350582.49
2026-03-16 17:45:00,0.1329,0.1338,0.1324,0.1333,970436.99
2026-03-16 18:00:00,0.1332,0.1338,0.1328,0.1336,569284.96
2026-03-16 18:15:00,0.1336,0.1344,0.1336,0.1338,616005.67
2026-03-16 18:30:00,0.1338,0.1338,0.133,0.1335,879040.3
2026-03-16 18:45:00,0.1335,0.1335,0.133,0.1331,142368.87
2026-03-16 19:00:00,0.1331,0.1347,0.1327,0.1346,510567.41
2026-03-16 19:15:00,0.1346,0.135,0.1341,0.1345,229228.37
2026-03-16 19:30:00,0.1345,0.1349,0.1345,0.1347,273692.39
2026-03-16 19:45:00,0.1347,0.1347,0.1341,0.1345,279471.94
2026-03-16 20:00:00,0.1345,0.1347,0.1341,0.1346,313716.44
2026-03-16 20:15:00,0.1346,0.1353,0.1346,0.1351,308430.15
2026-03-16 20:30:00,0.1351,0.1357,0.135,0.1352,423266.81
2026-03-16 20:45:00,0.1352,0.1359,0.1352,0.1359,600814.64
2026-03-16 21:00:00,0.1358,0.1372,0.1356,0.1365,872868.99
2026-03-16 21:15:00,0.1366,0.1372,0.1362,0.1366,470630.42
2026-03-16 21:30:00,0.1365,0.1383,0.1365,0.1382,590602.2
2026-03-16 21:45:00,0.1382,0.1385,0.1378,0.1381,301885.46
2026-03-16 22:00:00,0.1381,0.139,0.138,0.1382,729335.1
2026-03-16 22:15:00,0.1382,0.1385,0.138,0.1383,478742.27
2026-03-16 22:30:00,0.1384,0.1388,0.1378,0.1387,317354.59
2026-03-16 22:45:00,0.1387,0.1395,0.1381,0.1384,858901.45
2026-03-16 23:00:00,0.1384,0.1384,0.1367,0.1371,603451.77
2026-03-16 23:15:00,0.1371,0.1383,0.1369,0.1382,285021.21
2026-03-16 23:30:00,0.1381,0.1387,0.1379,0.1386,321088.58
2026-03-16 23:45:00,0.1387,0.1388,0.1374,0.1375,288700.42
2026-03-17 00:00:00,0.1375,0.1378,0.137,0.1376,519848.76
2026-03-17 00:15:00,0.1376,0.1377,0.1361,0.1373,710147.75
2026-03-17 00:30:00,0.1374,0.1378,0.137,0.1371,311751.57
2026-03-17 00:45:00,0.137,0.1375,0.1366,0.1375,333946.93
2026-03-17 01:00:00,0.1376,0.1376,0.1364,0.137,517263.71
2026-03-17 01:15:00,0.137,0.137,0.1364,0.1369,416365.71
2026-03-17 01:30:00,0.1369,0.1372,0.1364,0.1367,405969.05
2026-03-17 01:45:00,0.1368,0.1369,0.1363,0.1369,243840.1
2026-03-17 02:00:00,0.1368,0.137,0.1362,0.137,497605.47
2026-03-17 02:15:00,0.137,0.137,0.1366,0.1368,186404.59
2026-03-17 02:30:00,0.1369,0.1373,0.1366,0.137,261552.06
2026-03-17 02:45:00,0.137,0.137,0.1362,0.1363,625672.5
2026-03-17 03:00:00,0.1363,0.1365,0.1355,0.1356,552367.74
2026-03-17 03:15:00,0.1356,0.1356,0.1348,0.1353,472437.57
2026-03-17 03:30:00,0.1353,0.1353,0.1343,0.1343,592940.3
2026-03-17 03:45:00,0.1344,0.1355,0.1342,0.1355,665596.75
2026-03-17 04:00:00,0.1355,0.1359,0.1351,0.1353,243866.4
2026-03-17 04:15:00,0.1353,0.1353,0.1341,0.1345,257654.08
2026-03-17 04:30:00,0.1345,0.1346,0.1337,0.1341,654140.22
2026-03-17 04:45:00,0.1341,0.1345,0.1339,0.1344,174921.53
2026-03-17 05:00:00,0.1343,0.1343,0.1338,0.1339,132753.83
2026-03-17 05:15:00,0.1339,0.1343,0.1338,0.1341,102536.69
2026-03-17 05:30:00,0.1341,0.1344,0.1337,0.1338,325553.58
2026-03-17 05:45:00,0.1337,0.1345,0.1336,0.1342,387569.39
2026-03-17 06:00:00,0.1342,0.1345,0.1335,0.1343,182741.77
2026-03-17 06:15:00,0.1343,0.1346,0.1341,0.1346,227104.14
2026-03-17 06:30:00,0.1345,0.1348,0.1339,0.134,362161.95
2026-03-17 06:45:00,0.1341,0.1342,0.1339,0.1342,96315.13
2026-03-17 07:00:00,0.1342,0.1353,0.1342,0.1353,195822.28
2026-03-17 07:15:00,0.1352,0.136,0.1352,0.136,291318.01
2026-03-17 07:30:00,0.1359,0.136,0.1354,0.1356,201385.1
2026-03-17 07:45:00,0.1357,0.1358,0.1353,0.1353,100580.37
2026-03-17 08:00:00,0.1354,0.1358,0.1354,0.1356,253971.4
2026-03-17 08:15:00,0.1355,0.1359,0.1352,0.1358,247078.84
2026-03-17 08:30:00,0.1358,0.1359,0.1354,0.1356,183889.11
2026-03-17 08:45:00,0.1355,0.1356,0.135,0.1351,382402.45
2026-03-17 09:00:00,0.1351,0.1354,0.1346,0.135,382795.54
2026-03-17 09:15:00,0.1351,0.1357,0.1349,0.1353,378323.15
2026-03-17 09:30:00,0.1353,0.1355,0.1349,0.1354,325697.84
2026-03-17 09:45:00,0.1354,0.1355,0.135,0.1354,118703.08
2026-03-17 10:00:00,0.1353,0.1354,0.1349,0.1352,313874.91
2026-03-17 10:15:00,0.1351,0.1354,0.1349,0.1351,152326.1
2026-03-17 10:30:00,0.1351,0.1353,0.135,0.1351,278945.03
2026-03-17 10:45:00,0.1351,0.1356,0.1351,0.1356,108630.24
2026-03-17 11:00:00,0.1356,0.1357,0.1355,0.1357,118451.23
2026-03-17 11:15:00,0.1358,0.1362,0.1358,0.136,247994.96
2026-03-17 11:30:00,0.1359,0.136,0.1355,0.1356,195995.55
2026-03-17 11:45:00,0.1356,0.1356,0.135,0.1351,115643.35
2026-03-17 12:00:00,0.135,0.135,0.1344,0.1344,240586.55
2026-03-17 12:15:00,0.1345,0.1347,0.1339,0.1341,218754.48
2026-03-17 12:30:00,0.1341,0.1341,0.1335,0.1338,311781.49
2026-03-17 12:45:00,0.1339,0.1342,0.1336,0.134,137931.47
2026-03-17 13:00:00,0.1339,0.1341,0.1338,0.1338,202830.33
2026-03-17 13:15:00,0.1338,0.1338,0.1335,0.1336,109709.7
2026-03-17 13:30:00,0.1336,0.1348,0.1336,0.134,426403.06
2026-03-17 13:45:00,0.1339,0.1342,0.1333,0.1341,657394.94
2026-03-17 14:00:00,0.1341,0.1347,0.1337,0.1346,172544.16
2026-03-17 14:15:00,0.1345,0.1349,0.1342,0.1349,171008.1
2026-03-17 14:30:00,0.1349,0.1352,0.1345,0.1346,146776.76
2026-03-17 14:45:00,0.1347,0.1348,0.1342,0.1348,235040.6
2026-03-17 15:00:00,0.1348,0.1354,0.1341,0.1341,349999.11
2026-03-17 15:15:00,0.1341,0.1345,0.134,0.1343,181823.73
2026-03-17 15:30:00,0.1343,0.1345,0.1336,0.1341,313608.25
2026-03-17 15:45:00,0.1341,0.1351,0.1339,0.1349,285035.36
2026-03-17 16:00:00,0.1348,0.1352,0.1346,0.1349,455912.05
2026-03-17 16:15:00,0.1349,0.1357,0.1349,0.1352,368082.94
2026-03-17 16:30:00,0.1352,0.1354,0.1347,0.1348,558867.52
2026-03-17 16:45:00,0.1348,0.1351,0.1346,0.1348,118140.93
2026-03-17 17:00:00,0.1349,0.1354,0.1346,0.1352,106909.4
2026-03-17 17:15:00,0.1352,0.1355,0.1352,0.1353,109698.22
2026-03-17 17:30:00,0.1354,0.1354,0.1349,0.1353,133957.09
2026-03-17 17:45:00,0.1354,0.1357,0.1352,0.1356,148301.17
2026-03-17 18:00:00,0.1357,0.1359,0.1355,0.1357,140203.66
2026-03-17 18:15:00,0.1356,0.1357,0.1352,0.1352,197235.58
2026-03-17 18:30:00,0.1353,0.1358,0.1353,0.1356,127420.17
2026-03-17 18:45:00,0.1356,0.1358,0.1355,0.1357,40419.03
2026-03-17 19:00:00,0.1357,0.1359,0.1356,0.1356,281260.47
2026-03-17 19:15:00,0.1357,0.1357,0.1351,0.1352,90806.8
2026-03-17 19:30:00,0.1353,0.1357,0.1352,0.1355,57245.05
2026-03-17 19:45:00,0.1355,0.1355,0.135,0.135,66446.05
2026-03-17 20:00:00,0.135,0.1353,0.135,0.135,134808.51
2026-03-17 20:15:00,0.1351,0.1359,0.1351,0.1359,95970.48
2026-03-17 20:30:00,0.1359,0.136,0.1357,0.1359,150961.1
2026-03-17 20:45:00,0.1359,0.1367,0.1358,0.1364,227048.84
2026-03-17 21:00:00,0.1365,0.138,0.1364,0.1378,667079.31
2026-03-17 21:15:00,0.1377,0.1388,0.1373,0.1375,800893.6
2026-03-17 21:30:00,0.1375,0.1375,0.1368,0.1372,497691.31
2026-03-17 21:45:00,0.1373,0.1374,0.1367,0.1367,98471.86
2026-03-17 22:00:00,0.1368,0.1375,0.1367,0.1369,181613.34
2026-03-17 22:15:00,0.1368,0.1371,0.1366,0.1366,186194.65
2026-03-17 22:30:00,0.1366,0.1366,0.1359,0.1365,238343.53
2026-03-17 22:45:00,0.1365,0.1368,0.1363,0.1367,169009.23
2026-03-17 23:00:00,0.1367,0.1368,0.1365,0.1367,112443.64
2026-03-17 23:15:00,0.1366,0.1366,0.1361,0.1363,108392.7
2026-03-17 23:30:00,0.1362,0.1362,0.1358,0.1359,103759.79
2026-03-17 23:45:00,0.136,0.1363,0.1359,0.1361,173353.74
2026-03-18 00:00:00,0.1361,0.1371,0.1361,0.1362,1004060.36
2026-03-18 00:15:00,0.1363,0.1364,0.1357,0.1357,264595.4
2026-03-18 00:30:00,0.1357,0.1357,0.1352,0.1357,245345.04
2026-03-18 00:45:00,0.1358,0.1362,0.1358,0.1361,106284.28
2026-03-18 01:00:00,0.1361,0.1366,0.1359,0.1361,289581.57
2026-03-18 01:15:00,0.1361,0.1361,0.1357,0.1359,177894.17
2026-03-18 01:30:00,0.1359,0.1362,0.1357,0.1359,275119.62
2026-03-18 01:45:00,0.1358,0.1359,0.1356,0.1356,139286.55
2026-03-18 02:00:00,0.1355,0.1361,0.1354,0.1358,116680.01
2026-03-18 02:15:00,0.1359,0.136,0.1356,0.1357,167900.4
2026-03-18 02:30:00,0.1357,0.1363,0.1356,0.1363,128157.79
2026-03-18 02:45:00,0.1363,0.1363,0.1358,0.1358,72201.64
2026-03-18 03:00:00,0.1358,0.1361,0.1358,0.1358,89018.48
2026-03-18 03:15:00,0.1358,0.1364,0.1358,0.1362,116204.57
2026-03-18 03:30:00,0.1363,0.1363,0.136,0.136,103513.6
2026-03-18 03:45:00,0.136,0.136,0.1358,0.1358,63077.09
2026-03-18 04:00:00,0.1357,0.1358,0.1349,0.135,1514816.69
2026-03-18 04:15:00,0.1351,0.1351,0.1346,0.1346,452598.19
2026-03-18 04:30:00,0.1347,0.135,0.1346,0.1349,120907.88
2026-03-18 04:45:00,0.1348,0.1351,0.1348,0.135,24397.67
2026-03-18 05:00:00,0.135,0.1364,0.135,0.1363,481256.21
2026-03-18 05:15:00,0.1363,0.1363,0.1357,0.1357,206725.62
2026-03-18 05:30:00,0.1357,0.1357,0.1354,0.1355,168787.02
2026-03-18 05:45:00,0.1355,0.136,0.1351,0.1353,532013.46
2026-03-18 06:00:00,0.1354,0.1355,0.1352,0.1353,206643.3
2026-03-18 06:15:00,0.1353,0.1357,0.1349,0.1357,70708.07
2026-03-18 06:30:00,0.1357,0.1357,0.135,0.135,181508.08
2026-03-18 06:45:00,0.1351,0.1352,0.135,0.135,61654.78
2026-03-18 07:00:00,0.1349,0.1349,0.1345,0.1348,177388.42
2026-03-18 07:15:00,0.1349,0.1349,0.1344,0.1345,124885.94
2026-03-18 07:30:00,0.1345,0.1351,0.1345,0.1345,120276.29
2026-03-18 07:45:00,0.1346,0.1351,0.1346,0.1351,180594.11
2026-03-18 08:00:00,0.1352,0.1355,0.135,0.1352,137656.98
2026-03-18 08:15:00,0.1352,0.1354,0.135,0.1352,205321.14
2026-03-18 08:30:00,0.1351,0.1352,0.135,0.135,59004.0
2026-03-18 08:45:00,0.135,0.1355,0.135,0.1355,72549.2
2026-03-18 09:00:00,0.1355,0.1356,0.1353,0.1356,154567.23
2026-03-18 09:15:00,0.1354,0.1357,0.1354,0.1357,122670.6
2026-03-18 09:30:00,0.1357,0.1361,0.1357,0.1358,164014.98
2026-03-18 09:45:00,0.1358,0.1359,0.1354,0.1356,165198.85
2026-03-18 10:00:00,0.1356,0.1358,0.1354,0.1356,99226.18
2026-03-18 10:15:00,0.1356,0.1356,0.1352,0.1354,101804.72
2026-03-18 10:30:00,0.1354,0.1356,0.1349,0.1351,142422.67
2026-03-18 10:45:00,0.1351,0.1357,0.1349,0.1357,180809.93
2026-03-18 11:00:00,0.1356,0.1357,0.1352,0.1354,169813.9
2026-03-18 11:15:00,0.1354,0.1356,0.1343,0.1345,280200.67
2026-03-18 11:30:00,0.1345,0.1347,0.1314,0.1324,2295585.88
2026-03-18 11:45:00,0.1324,0.1325,0.1317,0.1321,593731.43
2026-03-18 12:00:00,0.132,0.132,0.1311,0.1314,512717.56
2026-03-18 12:15:00,0.1314,0.1318,0.1314,0.1316,338884.4
2026-03-18 12:30:00,0.1315,0.1315,0.1297,0.1301,992650.6
2026-03-18 12:45:00,0.13,0.1303,0.1295,0.13,693125.71
2026-03-18 13:00:00,0.13,0.1305,0.129,0.1304,515106.46
2026-03-18 13:15:00,0.1304,0.1304,0.1297,0.1299,379093.35
2026-03-18 13:30:00,0.1298,0.131,0.1297,0.1303,295507.48
2026-03-18 13:45:00,0.1302,0.1306,0.1299,0.13,135063.99
2026-03-18 14:00:00,0.1301,0.1301,0.1292,0.1292,272448.97
2026-03-18 14:15:00,0.1292,0.1295,0.1282,0.1283,601887.79
2026-03-18 14:30:00,0.1283,0.1286,0.1273,0.1274,1092041.37
2026-03-18 14:45:00,0.1274,0.1277,0.1265,0.1266,533072.58
2026-03-18 15:00:00,0.1267,0.1271,0.1256,0.1263,930877.73
2026-03-18 15:15:00,0.1262,0.1267,0.1262,0.1264,356500.58
2026-03-18 15:30:00,0.1263,0.127,0.1263,0.1269,223452.1
2026-03-18 15:45:00,0.1269,0.127,0.1266,0.1267,253390.32
2026-03-18 16:00:00,0.1266,0.1267,0.1262,0.1264,209509.0
2026-03-18 16:15:00,0.1264,0.1264,0.1252,0.1255,245649.76
2026-03-18 16:30:00,0.1254,0.1257,0.125,0.1256,648804.07
2026-03-18 16:45:00,0.1256,0.1261,0.1254,0.1257,218570.46
2026-03-18 17:00:00,0.1257,0.1258,0.1251,0.1253,170146.95
2026-03-18 17:15:00,0.1253,0.1261,0.1251,0.126,178804.46
2026-03-18 17:30:00,0.1261,0.1271,0.1258,0.1267,443536.05
2026-03-18 17:45:00,0.1267,0.1269,0.1266,0.1269,316370.33
2026-03-18 18:00:00,0.1269,0.1282,0.1269,0.1277,406970.51
2026-03-18 18:15:00,0.1277,0.1278,0.1268,0.127,157267.3
2026-03-18 18:30:00,0.127,0.1279,0.127,0.1276,267231.71
2026-03-18 18:45:00,0.1275,0.1275,0.126,0.1266,250893.48
2026-03-18 19:00:00,0.1265,0.1274,0.1265,0.127,167477.65
2026-03-18 19:15:00,0.127,0.1275,0.1266,0.1268,177771.78
2026-03-18 19:30:00,0.1269,0.1271,0.1264,0.1264,89605.01
2026-03-18 19:45:00,0.1264,0.1264,0.1261,0.1261,128886.27
2026-03-18 20:00:00,0.126,0.126,0.1249,0.1258,1705137.7
2026-03-18 20:15:00,0.1257,0.1262,0.1256,0.1261,160172.79
2026-03-18 20:30:00,0.1261,0.1267,0.1261,0.1267,222986.87
2026-03-18 20:45:00,0.1265,0.127,0.1264,0.1268,204994.67
2026-03-18 21:00:00,0.1267,0.1275,0.1266,0.1274,152357.48
2026-03-18 21:15:00,0.1274,0.1275,0.1272,0.1272,111428.73
2026-03-18 21:30:00,0.1272,0.1277,0.127,0.1276,208778.0
2026-03-18 21:45:00,0.1275,0.1276,0.1274,0.1274,174145.3
2026-03-18 22:00:00,0.1274,0.1274,0.1265,0.1266,238879.34
2026-03-18 22:15:00,0.1267,0.127,0.1266,0.1268,57045.15
2026-03-18 22:30:00,0.1268,0.1269,0.1263,0.1264,191870.28
2026-03-18 22:45:00,0.1263,0.1265,0.1262,0.1264,37797.61
2026-03-18 23:00:00,0.1265,0.1265,0.1257,0.1259,311887.6
2026-03-18 23:15:00,0.1258,0.1261,0.1257,0.1261,64481.29
2026-03-18 23:30:00,0.1261,0.1264,0.1261,0.1262,59347.74
2026-03-18 23:45:00,0.1262,0.1264,0.126,0.1263,55351.25
2026-03-19 00:00:00,0.1264,0.1268,0.1262,0.1268,79686.84
2026-03-19 00:15:00,0.1268,0.1268,0.1261,0.1263,128504.14
2026-03-19 00:30:00,0.1263,0.1263,0.1257,0.126,163578.88
2026-03-19 00:45:00,0.1259,0.126,0.1255,0.1255,302145.83
2026-03-19 01:00:00,0.1256,0.1256,0.125,0.125,195992.23
2026-03-19 01:15:00,0.1251,0.1254,0.1251,0.1252,51937.3
2026-03-19 01:30:00,0.1253,0.1254,0.125,0.1254,249698.33
2026-03-19 01:45:00,0.1253,0.1254,0.1252,0.1252,30681.61
2026-03-19 02:00:00,0.1251,0.1256,0.1249,0.1256,891034.0
2026-03-19 02:15:00,0.1256,0.1259,0.1255,0.1256,60649.73
2026-03-19 02:30:00,0.1256,0.1257,0.1254,0.1255,44347.32
2026-03-19 02:45:00,0.1254,0.1258,0.1254,0.1255,60070.77
2026-03-19 03:00:00,0.1254,0.126,0.1254,0.126,198879.56
2026-03-19 03:15:00,0.1261,0.1274,0.1261,0.1273,272591.54
2026-03-19 03:30:00,0.1273,0.1273,0.1263,0.1263,95361.66
2026-03-19 03:45:00,0.1262,0.1265,0.126,0.1261,70788.11
2026-03-19 04:00:00,0.126,0.1261,0.1253,0.1256,119992.62
2026-03-19 04:15:00,0.1256,0.1258,0.1253,0.1254,91781.6
2026-03-19 04:30:00,0.1255,0.1256,0.1253,0.1255,250247.47
2026-03-19 04:45:00,0.1254,0.1255,0.125,0.125,25449.45
2026-03-19 05:00:00,0.125,0.1253,0.125,0.1251,289520.3
2026-03-19 05:15:00,0.1251,0.1252,0.1241,0.1243,846379.39
2026-03-19 05:30:00,0.1242,0.1248,0.124,0.1244,358834.55
2026-03-19 05:45:00,0.1244,0.1246,0.1244,0.1244,81274.99
2026-03-19 06:00:00,0.1244,0.1245,0.124,0.1243,100488.95
2026-03-19 06:15:00,0.1242,0.1245,0.1238,0.1238,160343.02
2026-03-19 06:30:00,0.1237,0.1243,0.1234,0.1242,194269.39
2026-03-19 06:45:00,0.1242,0.1244,0.1239,0.1239,41991.88
2026-03-19 07:00:00,0.1239,0.124,0.1224,0.1228,522321.67
2026-03-19 07:15:00,0.1228,0.1228,0.1214,0.1221,979484.64
2026-03-19 07:30:00,0.122,0.1229,0.1219,0.1225,351614.81
2026-03-19 07:45:00,0.1225,0.1225,0.1217,0.1217,129922.1
2026-03-19 08:00:00,0.1218,0.122,0.1214,0.1216,231382.23
2026-03-19 08:15:00,0.1217,0.122,0.1214,0.1218,262685.43
2026-03-19 08:30:00,0.1218,0.1229,0.1218,0.1226,227454.07
2026-03-19 08:45:00,0.1225,0.1227,0.1222,0.1223,95331.84
2026-03-19 09:00:00,0.1223,0.1224,0.122,0.1223,199135.61
2026-03-19 09:15:00,0.1223,0.1235,0.1223,0.1228,354793.17
2026-03-19 09:30:00,0.1229,0.1235,0.1228,0.1233,146987.77
2026-03-19 09:45:00,0.1233,0.1234,0.123,0.1232,195014.54
2026-03-19 10:00:00,0.1233,0.1233,0.1225,0.1229,483715.28
2026-03-19 10:15:00,0.1229,0.1229,0.1226,0.1227,85780.56
2026-03-19 10:30:00,0.1227,0.1227,0.122,0.1221,999736.54
2026-03-19 10:45:00,0.1221,0.1223,0.122,0.1221,322269.3
2026-03-19 11:00:00,0.1221,0.1223,0.122,0.122,149350.41
2026-03-19 11:15:00,0.1221,0.1224,0.122,0.1223,114380.89
2026-03-19 11:30:00,0.1224,0.1226,0.1222,0.1223,73520.73
2026-03-19 11:45:00,0.1224,0.1225,0.1223,0.1223,83046.56
2026-03-19 12:00:00,0.1223,0.1224,0.122,0.1223,368906.95
2026-03-19 12:15:00,0.1222,0.1222,0.1217,0.1218,731945.78
2026-03-19 12:30:00,0.1218,0.122,0.1217,0.1219,119665.68
2026-03-19 12:45:00,0.1218,0.1218,0.1207,0.121,461953.84
2026-03-19 13:00:00,0.1209,0.1212,0.1201,0.1202,445714.74
2026-03-19 13:15:00,0.1203,0.1211,0.1201,0.1206,469970.35
2026-03-19 13:30:00,0.1206,0.1216,0.1204,0.1215,512640.44
2026-03-19 13:45:00,0.1214,0.1214,0.1208,0.121,116815.86
2026-03-19 14:00:00,0.1211,0.1215,0.1204,0.1204,593721.24
2026-03-19 14:15:00,0.1204,0.1205,0.1199,0.12,301817.64
2026-03-19 14:30:00,0.12,0.1204,0.1198,0.1201,282308.4
2026-03-19 14:45:00,0.12,0.1207,0.1199,0.1204,197652.03
2026-03-19 15:00:00,0.1203,0.1206,0.1197,0.1199,344228.16
2026-03-19 15:15:00,0.1199,0.1201,0.1188,0.1189,528569.26
2026-03-19 15:30:00,0.119,0.1194,0.1189,0.119,185119.4
2026-03-19 15:45:00,0.1189,0.1201,0.1187,0.1201,259133.62
2026-03-19 16:00:00,0.12,0.12,0.1195,0.1198,261309.8
2026-03-19 16:15:00,0.1199,0.12,0.1196,0.1198,171778.93
2026-03-19 16:30:00,0.1198,0.12,0.1195,0.1198,48154.65
2026-03-19 16:45:00,0.1198,0.1199,0.1194,0.1198,155170.79
2026-03-19 17:00:00,0.1198,0.1198,0.1191,0.1191,128629.97
2026-03-19 17:15:00,0.1192,0.1204,0.1191,0.1203,216048.98
2026-03-19 17:30:00,0.1204,0.1204,0.12,0.1201,252574.9
2026-03-19 17:45:00,0.1202,0.1209,0.1201,0.1209,231110.54
2026-03-19 18:00:00,0.1208,0.1209,0.1204,0.1206,143031.83
2026-03-19 18:15:00,0.1206,0.1207,0.1203,0.1203,57083.98
2026-03-19 18:30:00,0.1203,0.1203,0.12,0.1201,67437.8
2026-03-19 18:45:00,0.1201,0.1205,0.12,0.1205,142424.32
2026-03-19 19:00:00,0.1205,0.1218,0.1205,0.1213,285122.07
2026-03-19 19:15:00,0.1212,0.1216,0.1209,0.1209,119134.78
2026-03-19 19:30:00,0.1209,0.121,0.1205,0.1208,224030.13
2026-03-19 19:45:00,0.1208,0.1209,0.1204,0.1205,93710.23
2026-03-19 20:00:00,0.1205,0.1207,0.1204,0.1204,61911.64
2026-03-19 20:15:00,0.1205,0.1206,0.1203,0.1203,95671.08
2026-03-19 20:30:00,0.1203,0.121,0.1203,0.1206,91723.01
2026-03-19 20:45:00,0.1206,0.1207,0.1205,0.1205,71547.19
2026-03-19 21:00:00,0.1205,0.121,0.1205,0.1208,116676.6
2026-03-19 21:15:00,0.1209,0.121,0.1208,0.1209,65113.06
2026-03-19 21:30:00,0.121,0.1212,0.121,0.1211,241740.12
2026-03-19 21:45:00,0.121,0.1213,0.121,0.1213,41166.48
2026-03-19 22:00:00,0.1213,0.1213,0.1206,0.1211,370223.6
2026-03-19 22:15:00,0.121,0.1213,0.1208,0.1212,48828.75
2026-03-19 22:30:00,0.1211,0.1211,0.1204,0.1206,102661.83
2026-03-19 22:45:00,0.1206,0.1212,0.1206,0.1212,127089.84
2026-03-19 23:00:00,0.1213,0.1217,0.1213,0.1215,39962.96
2026-03-19 23:15:00,0.1214,0.1218,0.1212,0.1217,148138.66
2026-03-19 23:30:00,0.1218,0.1219,0.1212,0.1213,120123.29
2026-03-19 23:45:00,0.1213,0.1217,0.1212,0.1215,390019.38
2026-03-20 00:00:00,0.1215,0.1217,0.1214,0.1215,261278.49
2026-03-20 00:15:00,0.1215,0.1218,0.1214,0.1217,215791.12
2026-03-20 00:30:00,0.1217,0.1219,0.1215,0.1218,100687.57
2026-03-20 00:45:00,0.1219,0.1222,0.1219,0.122,128940.22
2026-03-20 01:00:00,0.1221,0.1226,0.122,0.1226,137106.39
2026-03-20 01:15:00,0.1226,0.1226,0.1223,0.1224,231489.75
2026-03-20 01:30:00,0.1225,0.1232,0.1225,0.1232,223657.98
2026-03-20 01:45:00,0.1232,0.1233,0.1229,0.1229,102950.23
2026-03-20 02:00:00,0.123,0.1232,0.1229,0.123,214485.46
2026-03-20 02:15:00,0.123,0.123,0.1226,0.1226,127826.37
2026-03-20 02:30:00,0.1227,0.1233,0.1224,0.1232,514767.18
2026-03-20 02:45:00,0.1233,0.1237,0.123,0.1234,402842.18
2026-03-20 03:00:00,0.1234,0.1236,0.1232,0.1232,122119.95
2026-03-20 03:15:00,0.1233,0.1235,0.1232,0.1234,195449.98
2026-03-20 03:30:00,0.1235,0.1237,0.1228,0.1229,152744.61
2026-03-20 03:45:00,0.1228,0.1232,0.1227,0.1229,269633.69
2026-03-20 04:00:00,0.1228,0.1232,0.1227,0.1232,126699.32
2026-03-20 04:15:00,0.1231,0.1232,0.123,0.1232,68551.4
2026-03-20 04:30:00,0.1232,0.1233,0.1227,0.1227,109651.32
2026-03-20 04:45:00,0.1228,0.1236,0.1227,0.1235,97149.09
2026-03-20 05:00:00,0.1235,0.1243,0.1235,0.1242,240489.92
2026-03-20 05:15:00,0.1243,0.1245,0.1236,0.1236,188051.46
2026-03-20 05:30:00,0.1236,0.1246,0.1234,0.1245,225404.8
2026-03-20 05:45:00,0.1246,0.1247,0.1242,0.1243,150172.16
2026-03-20 06:00:00,0.1244,0.1244,0.1241,0.1243,85636.02
2026-03-20 06:15:00,0.1243,0.1245,0.1242,0.1244,100621.91
2026-03-20 06:30:00,0.1244,0.1245,0.124,0.1242,101221.3
2026-03-20 06:45:00,0.1243,0.1246,0.1241,0.1241,205509.65
2026-03-20 07:00:00,0.1241,0.1241,0.1233,0.1235,231825.68
2026-03-20 07:15:00,0.1234,0.124,0.1234,0.1238,73242.63
2026-03-20 07:30:00,0.1237,0.1245,0.1237,0.1242,143845.83
2026-03-20 07:45:00,0.1242,0.1242,0.1237,0.124,42872.94
2026-03-20 08:00:00,0.1241,0.1247,0.124,0.1245,249948.11
2026-03-20 08:15:00,0.1245,0.1246,0.1241,0.1243,174082.32
2026-03-20 08:30:00,0.1242,0.1245,0.1239,0.1241,165691.41
2026-03-20 08:45:00,0.1241,0.1246,0.124,0.1243,751539.32
2026-03-20 09:00:00,0.1244,0.1244,0.1239,0.1242,81029.94
2026-03-20 09:15:00,0.1241,0.1241,0.1235,0.124,97298.64
2026-03-20 09:30:00,0.124,0.1256,0.124,0.1255,440467.66
2026-03-20 09:45:00,0.1255,0.1255,0.1247,0.125,104284.4
2026-03-20 10:00:00,0.125,0.1252,0.1245,0.1248,207359.53
2026-03-20 10:15:00,0.1247,0.1249,0.1245,0.1247,194733.21
2026-03-20 10:30:00,0.1246,0.1249,0.1243,0.1245,145127.24
2026-03-20 10:45:00,0.1246,0.1252,0.1245,0.125,161508.79
2026-03-20 11:00:00,0.125,0.1262,0.1249,0.126,452241.34
2026-03-20 11:15:00,0.126,0.126,0.1255,0.1255,127669.88
2026-03-20 11:30:00,0.1255,0.1255,0.1245,0.1246,172947.17
2026-03-20 11:45:00,0.1246,0.1249,0.1244,0.1248,95949.55
2026-03-20 12:00:00,0.1249,0.1264,0.1249,0.1256,952224.11
2026-03-20 12:15:00,0.1256,0.1258,0.125,0.1252,220649.54
2026-03-20 12:30:00,0.1253,0.1254,0.125,0.1251,86344.96
2026-03-20 12:45:00,0.1252,0.1252,0.1248,0.1248,71174.1
2026-03-20 13:00:00,0.1249,0.1254,0.1244,0.1247,174615.61
2026-03-20 13:15:00,0.1247,0.1252,0.1246,0.1248,181737.49
2026-03-20 13:30:00,0.1248,0.125,0.1236,0.1246,425791.36
2026-03-20 13:45:00,0.1246,0.1248,0.1237,0.1238,427304.58
2026-03-20 14:00:00,0.1238,0.1244,0.1234,0.1235,369063.61
2026-03-20 14:15:00,0.1234,0.1241,0.123,0.1238,435801.73
2026-03-20 14:30:00,0.1239,0.1247,0.1238,0.1238,219502.79
2026-03-20 14:45:00,0.1238,0.124,0.1229,0.123,233986.27
2026-03-20 15:00:00,0.1231,0.1235,0.1223,0.1229,272336.26
2026-03-20 15:15:00,0.1229,0.1237,0.1226,0.1227,504268.66
2026-03-20 15:30:00,0.1227,0.1231,0.1226,0.1228,92340.22
2026-03-20 15:45:00,0.1228,0.1233,0.1228,0.1233,196847.36
2026-03-20 16:00:00,0.1233,0.1236,0.1228,0.1229,234654.15
2026-03-20 16:15:00,0.1228,0.1233,0.1227,0.1233,435562.16
2026-03-20 16:30:00,0.1233,0.1234,0.1229,0.1233,177485.99
2026-03-20 16:45:00,0.1232,0.1236,0.1228,0.1234,218334.76
2026-03-20 17:00:00,0.1233,0.1238,0.1233,0.1235,313269.41
2026-03-20 17:15:00,0.1236,0.1238,0.1234,0.1234,134810.07
2026-03-20 17:30:00,0.1235,0.1236,0.1232,0.1234,311854.47
2026-03-20 17:45:00,0.1234,0.1244,0.1233,0.1243,146259.3
2026-03-20 18:00:00,0.1244,0.1249,0.1243,0.1247,207482.66
2026-03-20 18:15:00,0.1246,0.1246,0.1236,0.1236,334811.69
2026-03-20 18:30:00,0.1235,0.1235,0.1227,0.123,280882.2
2026-03-20 18:45:00,0.123,0.1233,0.1229,0.1231,136440.55
2026-03-20 19:00:00,0.1232,0.1234,0.1231,0.1232,118398.96
2026-03-20 19:15:00,0.1232,0.1232,0.1227,0.1229,153970.17
2026-03-20 19:30:00,0.1229,0.1233,0.1223,0.1233,104825.75
2026-03-20 19:45:00,0.1234,0.1235,0.1231,0.1235,138285.07
2026-03-20 20:00:00,0.1235,0.1235,0.1232,0.1234,82607.3
2026-03-20 20:15:00,0.1234,0.1234,0.1228,0.1229,82425.82
2026-03-20 20:30:00,0.1229,0.1229,0.1223,0.1227,126762.87
2026-03-20 20:45:00,0.1227,0.1232,0.1227,0.1232,152717.58
2026-03-20 21:00:00,0.1232,0.1234,0.1229,0.1233,239536.22
2026-03-20 21:15:00,0.1233,0.1243,0.1233,0.1241,328451.56
2026-03-20 21:30:00,0.1242,0.125,0.1238,0.1239,291661.62
2026-03-20 21:45:00,0.1239,0.1243,0.1239,0.1243,42080.66
2026-03-20 22:00:00,0.1244,0.1255,0.1244,0.1247,620274.15
2026-03-20 22:15:00,0.1248,0.1249,0.1245,0.1247,97732.51
2026-03-20 22:30:00,0.1246,0.1246,0.1242,0.1244,271077.06
2026-03-20 22:45:00,0.1244,0.1246,0.1243,0.1243,84173.56
2026-03-20 23:00:00,0.1242,0.1242,0.1237,0.1237,118441.95
2026-03-20 23:15:00,0.1237,0.1238,0.1235,0.1238,69516.86
2026-03-20 23:30:00,0.1237,0.124,0.1237,0.1239,52402.56
2026-03-20 23:45:00,0.1238,0.124,0.1236,0.1238,133070.28
2026-03-21 00:00:00,0.1238,0.1241,0.1238,0.1238,74656.63
2026-03-21 00:15:00,0.1238,0.124,0.1237,0.1239,80548.8
2026-03-21 00:30:00,0.1238,0.1239,0.1236,0.1237,122733.41
2026-03-21 00:45:00,0.1236,0.1238,0.1235,0.1238,31396.54
2026-03-21 01:00:00,0.1237,0.124,0.1237,0.1238,92197.18
2026-03-21 01:15:00,0.1237,0.1238,0.1236,0.1238,76830.39
2026-03-21 01:30:00,0.1238,0.1238,0.1235,0.1235,90438.86
2026-03-21 01:45:00,0.1235,0.1235,0.1232,0.1232,175988.57
2026-03-21 02:00:00,0.1232,0.1237,0.1232,0.1233,136372.18
2026-03-21 02:15:00,0.1234,0.1238,0.1234,0.1238,54876.81
2026-03-21 02:30:00,0.1238,0.124,0.1238,0.1238,45732.63
2026-03-21 02:45:00,0.1238,0.1239,0.1236,0.1236,82606.61
2026-03-21 03:00:00,0.1237,0.1237,0.1233,0.1233,310202.52
2026-03-21 03:15:00,0.1233,0.1233,0.1231,0.1231,341440.1
2026-03-21 03:30:00,0.123,0.1232,0.1229,0.123,194547.46
2026-03-21 03:45:00,0.123,0.1231,0.1229,0.1231,174691.83
2026-03-21 04:00:00,0.1231,0.1232,0.1229,0.1229,84534.0
2026-03-21 04:15:00,0.123,0.1232,0.123,0.1231,249201.3
2026-03-21 04:30:00,0.1231,0.1231,0.1227,0.1228,96627.38
2026-03-21 04:45:00,0.1228,0.1229,0.1227,0.1227,56574.17
2026-03-21 05:00:00,0.1228,0.123,0.1228,0.1229,106200.25
2026-03-21 05:15:00,0.1229,0.1232,0.1229,0.123,95842.25
2026-03-21 05:30:00,0.1231,0.1234,0.1229,0.123,319778.86
2026-03-21 05:45:00,0.1229,0.123,0.1227,0.1229,23737.09
2026-03-21 06:00:00,0.1228,0.1229,0.1227,0.1229,36709.88
2026-03-21 06:15:00,0.1229,0.1232,0.1229,0.1232,480547.89
2026-03-21 06:30:00,0.1233,0.1234,0.123,0.1232,154304.08
2026-03-21 06:45:00,0.1231,0.1232,0.123,0.123,148515.2
2026-03-21 07:00:00,0.123,0.1232,0.1227,0.1229,192500.15
2026-03-21 07:15:00,0.1228,0.123,0.1228,0.1229,63341.01
2026-03-21 07:30:00,0.1229,0.1229,0.1226,0.1226,76421.54
2026-03-21 07:45:00,0.1226,0.1226,0.1223,0.1224,87375.72
2026-03-21 08:00:00,0.1225,0.1227,0.1223,0.1224,77015.24
2026-03-21 08:15:00,0.1224,0.1225,0.1222,0.1223,36589.31
2026-03-21 08:30:00,0.1223,0.1226,0.1223,0.1226,28826.29
2026-03-21 08:45:00,0.1226,0.123,0.1226,0.123,26515.61
2026-03-21 09:00:00,0.123,0.1235,0.123,0.1233,108390.57
2026-03-21 09:15:00,0.1232,0.1232,0.1229,0.1229,213773.49
2026-03-21 09:30:00,0.1229,0.1229,0.1225,0.1225,485045.61
2026-03-21 09:45:00,0.1226,0.1226,0.1224,0.1225,53032.02
2026-03-21 10:00:00,0.1225,0.1226,0.1217,0.1219,253457.4
2026-03-21 10:15:00,0.1218,0.122,0.1218,0.1218,67075.08
2026-03-21 10:30:00,0.1218,0.1221,0.1218,0.1219,48057.31
2026-03-21 10:45:00,0.122,0.122,0.1215,0.1216,174340.39
2026-03-21 11:00:00,0.1216,0.1217,0.1215,0.1215,42225.38
2026-03-21 11:15:00,0.1214,0.1218,0.1214,0.1217,159099.21
2026-03-21 11:30:00,0.1217,0.1217,0.1215,0.1217,60954.92
2026-03-21 11:45:00,0.1216,0.1217,0.1215,0.1217,98185.91
2026-03-21 12:00:00,0.1217,0.1218,0.1216,0.1217,109854.76
2026-03-21 12:15:00,0.1217,0.1219,0.1216,0.1217,79658.88
2026-03-21 12:30:00,0.1218,0.1219,0.1216,0.1217,58143.69
2026-03-21 12:45:00,0.1217,0.1218,0.1215,0.1217,33023.18
2026-03-21 13:00:00,0.1217,0.1219,0.1217,0.1218,32369.41
2026-03-21 13:15:00,0.1218,0.1219,0.1216,0.1217,38290.34
2026-03-21 13:30:00,0.1217,0.1219,0.1216,0.1216,52691.93
2026-03-21 13:45:00,0.1217,0.1221,0.1216,0.122,36682.41
2026-03-21 14:00:00,0.122,0.1227,0.122,0.1225,172874.85
2026-03-21 14:15:00,0.1226,0.1227,0.1223,0.1224,85466.4
2026-03-21 14:30:00,0.1224,0.1227,0.1223,0.1225,96460.73
2026-03-21 14:45:00,0.1225,0.1225,0.122,0.1221,49896.28
2026-03-21 15:00:00,0.1222,0.1225,0.1221,0.1224,73096.26
2026-03-21 15:15:00,0.1225,0.1231,0.1222,0.123,71933.6
2026-03-21 15:30:00,0.1231,0.1239,0.1231,0.1237,240129.4
2026-03-21 15:45:00,0.1238,0.1242,0.1235,0.1241,185082.7
2026-03-21 16:00:00,0.1242,0.1242,0.1237,0.1237,120603.97
2026-03-21 16:15:00,0.1238,0.1239,0.1232,0.1232,93175.88
2026-03-21 16:30:00,0.1233,0.1234,0.1229,0.1232,47516.43
2026-03-21 16:45:00,0.1232,0.1233,0.1227,0.1229,126017.1
2026-03-21 17:00:00,0.1228,0.1229,0.1224,0.1226,255772.79
2026-03-21 17:15:00,0.1225,0.1227,0.1223,0.1227,85897.42
2026-03-21 17:30:00,0.1226,0.1228,0.1226,0.1228,16586.86
2026-03-21 17:45:00,0.1228,0.1228,0.1227,0.1227,38086.72
2026-03-21 18:00:00,0.1226,0.1227,0.1224,0.1224,22151.23
2026-03-21 18:15:00,0.1225,0.1225,0.1224,0.1224,9145.58
2026-03-21 18:30:00,0.1224,0.1225,0.1222,0.1224,36587.7
2026-03-21 18:45:00,0.1225,0.1225,0.1223,0.1224,11638.65
2026-03-21 19:00:00,0.1223,0.1223,0.1221,0.1221,40471.04
2026-03-21 19:15:00,0.1221,0.1223,0.122,0.1223,146857.52
2026-03-21 19:30:00,0.1223,0.1223,0.1221,0.1223,102541.41
2026-03-21 19:45:00,0.1222,0.1223,0.122,0.1223,75916.89
2026-03-21 20:00:00,0.1222,0.1227,0.1221,0.1225,82739.81
2026-03-21 20:15:00,0.1226,0.1229,0.1224,0.1228,68495.13
2026-03-21 20:30:00,0.1228,0.1228,0.1225,0.1227,132130.91
2026-03-21 20:45:00,0.1228,0.1229,0.1228,0.1229,28901.24
2026-03-21 21:00:00,0.1229,0.1229,0.1224,0.1224,35818.21
2026-03-21 21:15:00,0.1225,0.1226,0.1225,0.1226,18312.62
2026-03-21 21:30:00,0.1225,0.1225,0.1223,0.1224,106786.26
2026-03-21 21:45:00,0.1224,0.1224,0.1221,0.1222,61687.0
2026-03-21 22:00:00,0.1222,0.1222,0.1219,0.1221,34129.86
2026-03-21 22:15:00,0.1221,0.1221,0.1219,0.122,34461.79
2026-03-21 22:30:00,0.122,0.1222,0.1219,0.1219,60616.72
2026-03-21 22:45:00,0.1219,0.1219,0.1216,0.1217,97461.6
2026-03-21 23:00:00,0.1217,0.1217,0.1214,0.1214,35368.36
2026-03-21 23:15:00,0.1214,0.1216,0.1214,0.1214,211262.57
2026-03-21 23:30:00,0.1214,0.1216,0.1214,0.1216,110946.44
2026-03-21 23:45:00,0.1215,0.1215,0.1169,0.1178,3694608.85
2026-03-22 00:00:00,0.1177,0.118,0.1155,0.1171,2186962.34
2026-03-22 00:15:00,0.117,0.1181,0.117,0.1177,605870.65
2026-03-22 00:30:00,0.1178,0.1186,0.1178,0.1182,498411.28
2026-03-22 00:45:00,0.1183,0.1185,0.1177,0.1181,57566.2
2026-03-22 01:00:00,0.1182,0.1188,0.1182,0.1186,359829.13
2026-03-22 01:15:00,0.1186,0.1189,0.1183,0.1184,91991.46
2026-03-22 01:30:00,0.1184,0.1185,0.1178,0.118,156814.75
2026-03-22 01:45:00,0.118,0.1186,0.118,0.1186,170333.24
2026-03-22 02:00:00,0.1187,0.119,0.1186,0.1189,224273.5
2026-03-22 02:15:00,0.1188,0.1197,0.1185,0.1195,190722.52
2026-03-22 02:30:00,0.1195,0.1195,0.1188,0.119,215049.88
2026-03-22 02:45:00,0.119,0.1192,0.119,0.1192,167198.47
2026-03-22 03:00:00,0.1191,0.1191,0.1186,0.119,68585.22
2026-03-22 03:15:00,0.1191,0.1198,0.119,0.1196,188484.84
2026-03-22 03:30:00,0.1195,0.1201,0.1194,0.1194,324377.58
2026-03-22 03:45:00,0.1193,0.1193,0.1189,0.1191,65835.38
2026-03-22 04:00:00,0.119,0.1195,0.1189,0.1194,51749.44
2026-03-22 04:15:00,0.1195,0.1199,0.119,0.1191,193579.94
2026-03-22 04:30:00,0.1191,0.1198,0.1191,0.1195,203275.19
2026-03-22 04:45:00,0.1196,0.1197,0.1195,0.1195,149121.13
2026-03-22 05:00:00,0.1195,0.1195,0.1193,0.1193,153631.41
2026-03-22 05:15:00,0.1192,0.1195,0.119,0.119,265454.52
2026-03-22 05:30:00,0.119,0.1192,0.119,0.119,86262.39
2026-03-22 05:45:00,0.119,0.1191,0.1188,0.119,136223.06
2026-03-22 06:00:00,0.1189,0.119,0.1188,0.1188,126767.34
2026-03-22 06:15:00,0.1187,0.1189,0.1186,0.1188,98811.49
2026-03-22 06:30:00,0.1189,0.119,0.1186,0.1186,93103.77
2026-03-22 06:45:00,0.1186,0.1189,0.1185,0.1188,88414.1
2026-03-22 07:00:00,0.1188,0.1191,0.1187,0.1189,176425.92
2026-03-22 07:15:00,0.119,0.119,0.118,0.1181,361313.65
2026-03-22 07:30:00,0.118,0.1182,0.1177,0.1177,235727.01
2026-03-22 07:45:00,0.1177,0.1178,0.1171,0.1171,202093.42
2026-03-22 08:00:00,0.117,0.1171,0.1165,0.1168,389744.49
2026-03-22 08:15:00,0.1169,0.1169,0.1162,0.1165,443088.64
2026-03-22 08:30:00,0.1164,0.1172,0.1163,0.1171,258568.54
2026-03-22 08:45:00,0.1171,0.1173,0.1168,0.1173,72983.87
2026-03-22 09:00:00,0.1172,0.1175,0.1171,0.1174,299630.44
2026-03-22 09:15:00,0.1174,0.1176,0.1168,0.117,175013.16
2026-03-22 09:30:00,0.1169,0.1171,0.1168,0.1169,118906.47
2026-03-22 09:45:00,0.117,0.1171,0.117,0.1171,63951.87
2026-03-22 10:00:00,0.117,0.117,0.1167,0.1169,63767.21
2026-03-22 10:15:00,0.1169,0.1169,0.1165,0.1166,72184.09
2026-03-22 10:30:00,0.1166,0.1166,0.1161,0.1162,122550.12
2026-03-22 10:45:00,0.1162,0.1163,0.1161,0.1161,151450.26
2026-03-22 11:00:00,0.116,0.1161,0.1158,0.116,126738.85
2026-03-22 11:15:00,0.1159,0.1162,0.1155,0.1157,254087.91
2026-03-22 11:30:00,0.1158,0.1161,0.1156,0.1161,207414.72
2026-03-22 11:45:00,0.1161,0.1161,0.1156,0.1156,91954.43
2026-03-22 12:00:00,0.1156,0.1159,0.1156,0.1159,103688.16
2026-03-22 12:15:00,0.1159,0.1167,0.1158,0.1166,334285.5
2026-03-22 12:30:00,0.1165,0.1167,0.116,0.1161,97246.08
2026-03-22 12:45:00,0.116,0.116,0.1155,0.1159,293241.42
2026-03-22 13:00:00,0.1159,0.1165,0.1159,0.1162,347650.37
2026-03-22 13:15:00,0.1161,0.1162,0.1158,0.116,193439.05
2026-03-22 13:30:00,0.116,0.1162,0.1156,0.1157,151956.36
2026-03-22 13:45:00,0.1157,0.116,0.1156,0.116,52470.77
2026-03-22 14:00:00,0.116,0.116,0.1155,0.1159,71690.34
2026-03-22 14:15:00,0.1159,0.1164,0.1157,0.1161,202274.08
2026-03-22 14:30:00,0.1161,0.1162,0.1158,0.116,266358.83
2026-03-22 14:45:00,0.1159,0.116,0.1155,0.1156,98142.02
2026-03-22 15:00:00,0.1156,0.1163,0.1156,0.1162,90805.7
2026-03-22 15:15:00,0.1162,0.1163,0.116,0.116,78114.7
2026-03-22 15:30:00,0.1161,0.1162,0.1158,0.1159,98297.21
2026-03-22 15:45:00,0.1159,0.1163,0.1159,0.1163,35291.0
2026-03-22 16:00:00,0.1162,0.1163,0.1161,0.1163,61214.82
2026-03-22 16:15:00,0.1163,0.1164,0.1161,0.1162,103322.08
2026-03-22 16:30:00,0.1161,0.1162,0.1159,0.1159,56601.0
2026-03-22 16:45:00,0.1159,0.1162,0.1159,0.1159,51908.61
2026-03-22 17:00:00,0.1159,0.1159,0.1155,0.1158,312378.04
2026-03-22 17:15:00,0.1158,0.1159,0.1155,0.1157,109731.32
2026-03-22 17:30:00,0.1157,0.1157,0.1153,0.1153,148055.23
2026-03-22 17:45:00,0.1153,0.1156,0.1153,0.1153,75228.44
2026-03-22 18:00:00,0.1153,0.1154,0.115,0.1154,259256.48
2026-03-22 18:15:00,0.1153,0.1155,0.1152,0.1154,142358.57
2026-03-22 18:30:00,0.1153,0.1155,0.1143,0.1147,539286.95
2026-03-22 18:45:00,0.1146,0.1149,0.1145,0.1149,69756.22
2026-03-22 19:00:00,0.115,0.115,0.1143,0.1143,111636.08
2026-03-22 19:15:00,0.1144,0.1145,0.1141,0.1142,227217.81
2026-03-22 19:30:00,0.1143,0.1147,0.1139,0.1147,298445.37
2026-03-22 19:45:00,0.1147,0.1147,0.1144,0.1146,55273.69
2026-03-22 20:00:00,0.1147,0.115,0.1147,0.1148,162137.41
2026-03-22 20:15:00,0.1148,0.115,0.1147,0.1147,123689.65
2026-03-22 20:30:00,0.1147,0.1147,0.1144,0.1144,475198.69
2026-03-22 20:45:00,0.1144,0.1145,0.1141,0.1144,94120.61
2026-03-22 21:00:00,0.1144,0.1145,0.1131,0.1138,774904.45
2026-03-22 21:15:00,0.1138,0.114,0.1128,0.1139,594103.92
2026-03-22 21:30:00,0.1139,0.1142,0.1136,0.114,111218.14
2026-03-22 21:45:00,0.114,0.1141,0.1137,0.114,56630.32
2026-03-22 22:00:00,0.114,0.1143,0.1131,0.1137,304553.41
2026-03-22 22:15:00,0.1138,0.1152,0.1136,0.1148,497441.36
2026-03-22 22:30:00,0.1147,0.1151,0.1145,0.1145,97552.77
2026-03-22 22:45:00,0.1146,0.1151,0.1146,0.115,62709.04
2026-03-22 23:00:00,0.115,0.1154,0.1148,0.1152,171325.36
2026-03-22 23:15:00,0.1152,0.1152,0.1149,0.1149,88530.11
2026-03-22 23:30:00,0.1149,0.115,0.1147,0.1149,91695.96
2026-03-22 23:45:00,0.1149,0.1149,0.1145,0.1146,310791.52
2026-03-23 00:00:00,0.1147,0.1153,0.1146,0.115,152180.64
2026-03-23 00:15:00,0.115,0.1154,0.1149,0.1151,150842.02
2026-03-23 00:30:00,0.1151,0.1151,0.1142,0.1149,262877.5
2026-03-23 00:45:00,0.1149,0.1153,0.1149,0.1151,304019.67
2026-03-23 01:00:00,0.1151,0.1154,0.1147,0.1151,93645.58
2026-03-23 01:15:00,0.1151,0.1158,0.1151,0.1155,163553.96
2026-03-23 01:30:00,0.1155,0.1158,0.1153,0.1155,166241.84
2026-03-23 01:45:00,0.1156,0.1156,0.1152,0.1152,64665.42
2026-03-23 02:00:00,0.1153,0.1158,0.1152,0.1153,213608.08
2026-03-23 02:15:00,0.1153,0.1165,0.1152,0.1164,267582.35
2026-03-23 02:30:00,0.1164,0.1165,0.1159,0.116,205555.21
2026-03-23 02:45:00,0.1159,0.1161,0.1157,0.116,93680.68
2026-03-23 03:00:00,0.1161,0.1167,0.1159,0.116,166882.35
2026-03-23 03:15:00,0.116,0.1162,0.1158,0.1159,67328.0
2026-03-23 03:30:00,0.1158,0.1159,0.1156,0.1157,148919.5
2026-03-23 03:45:00,0.1157,0.1157,0.1156,0.1157,17502.73
2026-03-23 04:00:00,0.1156,0.1158,0.1156,0.1158,109901.48
2026-03-23 04:15:00,0.1157,0.116,0.1157,0.1159,65281.89
2026-03-23 04:30:00,0.116,0.1161,0.1159,0.1159,27967.93
2026-03-23 04:45:00,0.116,0.1167,0.116,0.1167,97630.69
2026-03-23 05:00:00,0.1166,0.1168,0.1165,0.1166,102289.02
2026-03-23 05:15:00,0.1166,0.1167,0.1162,0.1164,144312.14
2026-03-23 05:30:00,0.1163,0.1164,0.116,0.1162,133388.73
2026-03-23 05:45:00,0.1162,0.1166,0.1161,0.1165,72149.43
2026-03-23 06:00:00,0.1165,0.1165,0.1153,0.1154,262533.57
2026-03-23 06:15:00,0.1155,0.1156,0.1153,0.1156,92674.24
2026-03-23 06:30:00,0.1155,0.1155,0.1143,0.1144,252991.19
2026-03-23 06:45:00,0.1144,0.1147,0.1141,0.1146,164006.02
2026-03-23 07:00:00,0.1147,0.1147,0.1135,0.1138,381129.66
2026-03-23 07:15:00,0.1139,0.114,0.113,0.1135,499558.03
2026-03-23 07:30:00,0.1134,0.1144,0.1134,0.1143,224282.23
2026-03-23 07:45:00,0.1143,0.1144,0.1138,0.1139,113326.64
2026-03-23 08:00:00,0.1139,0.114,0.1137,0.1139,207144.51
2026-03-23 08:15:00,0.1139,0.1139,0.1137,0.1137,104193.02
2026-03-23 08:30:00,0.1137,0.1139,0.1134,0.1134,199275.81
2026-03-23 08:45:00,0.1134,0.1135,0.113,0.1131,221269.54
2026-03-23 09:00:00,0.1131,0.1131,0.1126,0.113,334019.62
2026-03-23 09:15:00,0.1131,0.1135,0.113,0.1132,213731.79
2026-03-23 09:30:00,0.1132,0.1133,0.1124,0.1132,490441.87
2026-03-23 09:45:00,0.1133,0.1138,0.1133,0.1137,140570.09
2026-03-23 10:00:00,0.1137,0.1144,0.1137,0.1142,218924.2
2026-03-23 10:15:00,0.1142,0.1142,0.1137,0.1138,136031.74
2026-03-23 10:30:00,0.1138,0.1139,0.1135,0.1137,103462.46
2026-03-23 10:45:00,0.1136,0.114,0.1134,0.1139,143842.35
2026-03-23 11:00:00,0.1139,0.1198,0.1138,0.1184,9725582.01
2026-03-23 11:15:00,0.1184,0.1191,0.117,0.1179,2198344.57
2026-03-23 11:30:00,0.118,0.1187,0.1175,0.1177,763028.78
2026-03-23 11:45:00,0.1178,0.1178,0.1166,0.1167,589299.72
2026-03-23 12:00:00,0.1168,0.1173,0.1162,0.1167,774800.13
2026-03-23 12:15:00,0.1166,0.117,0.1164,0.1167,286672.25
2026-03-23 12:30:00,0.1167,0.117,0.1163,0.117,529053.24
2026-03-23 12:45:00,0.1169,0.1171,0.1167,0.1171,257337.41
2026-03-23 13:00:00,0.1171,0.1173,0.1163,0.1165,521428.38
2026-03-23 13:15:00,0.1165,0.1166,0.1164,0.1164,53486.06
2026-03-23 13:30:00,0.1165,0.1171,0.1162,0.1169,519064.63
2026-03-23 13:45:00,0.1168,0.1176,0.1168,0.1174,620898.52
2026-03-23 14:00:00,0.1175,0.1181,0.1172,0.1174,616336.86
2026-03-23 14:15:00,0.1174,0.1176,0.1168,0.1169,378453.12
2026-03-23 14:30:00,0.1169,0.1169,0.1162,0.1163,409375.16
2026-03-23 14:45:00,0.1163,0.1167,0.1158,0.1166,761425.51
2026-03-23 15:00:00,0.1165,0.1172,0.1165,0.1169,623082.2
2026-03-23 15:15:00,0.1168,0.1168,0.1162,0.1163,885880.2
2026-03-23 15:30:00,0.1163,0.1163,0.1156,0.1157,393853.7
2026-03-23 15:45:00,0.1157,0.1161,0.1151,0.1152,1116193.02
2026-03-23 16:00:00,0.1153,0.1157,0.1153,0.1156,546522.44
2026-03-23 16:15:00,0.1155,0.1157,0.1142,0.1144,985016.88
2026-03-23 16:30:00,0.1143,0.1146,0.1139,0.1142,607129.77
2026-03-23 16:45:00,0.1141,0.1147,0.1141,0.1145,251552.0
2026-03-23 17:00:00,0.1146,0.1148,0.1141,0.1142,401967.12
2026-03-23 17:15:00,0.1141,0.1142,0.1134,0.1138,458000.78
2026-03-23 17:30:00,0.1137,0.1149,0.1136,0.1146,759964.58
2026-03-23 17:45:00,0.1147,0.1148,0.1145,0.1145,221465.77
2026-03-23 18:00:00,0.1145,0.1146,0.114,0.1141,400942.03
2026-03-23 18:15:00,0.1141,0.1143,0.114,0.1142,209530.6
2026-03-23 18:30:00,0.1142,0.1149,0.1142,0.1147,359081.39
2026-03-23 18:45:00,0.1148,0.1156,0.1147,0.1156,432860.49
2026-03-23 19:00:00,0.1156,0.1159,0.1144,0.1146,1489829.09
2026-03-23 19:15:00,0.1146,0.1146,0.1141,0.1144,127309.85
2026-03-23 19:30:00,0.1143,0.1146,0.1143,0.1145,302423.6
2026-03-23 19:45:00,0.1146,0.1146,0.1141,0.1142,165547.3
2026-03-23 20:00:00,0.1143,0.1143,0.1136,0.1139,760913.16
2026-03-23 20:15:00,0.1139,0.1141,0.1134,0.1136,873464.07
2026-03-23 20:30:00,0.1136,0.1147,0.1136,0.1145,986969.56
2026-03-23 20:45:00,0.1145,0.1151,0.1145,0.115,399567.34
2026-03-23 21:00:00,0.115,0.1151,0.1139,0.114,633306.66
2026-03-23 21:15:00,0.1141,0.1145,0.1141,0.1144,237926.45
2026-03-23 21:30:00,0.1145,0.1149,0.1144,0.1148,390031.58
2026-03-23 21:45:00,0.1147,0.1151,0.1145,0.1145,186448.3
2026-03-23 22:00:00,0.1146,0.1147,0.1137,0.1139,370069.03
2026-03-23 22:15:00,0.1138,0.1139,0.1136,0.1138,301527.63
2026-03-23 22:30:00,0.1137,0.1139,0.1135,0.1135,342462.0
2026-03-23 22:45:00,0.1136,0.1137,0.1134,0.1136,614385.84
2026-03-23 23:00:00,0.1135,0.1137,0.1126,0.1127,1502716.8
2026-03-23 23:15:00,0.1127,0.1133,0.112,0.1132,1202368.24
2026-03-23 23:30:00,0.1131,0.1136,0.1129,0.1136,328383.15
2026-03-23 23:45:00,0.1136,0.1136,0.1132,0.1134,397591.89
2026-03-24 00:00:00,0.1135,0.1142,0.113,0.1133,396212.42
2026-03-24 00:15:00,0.1133,0.1138,0.113,0.1132,419602.63
2026-03-24 00:30:00,0.1132,0.1133,0.1122,0.1129,995927.21
2026-03-24 00:45:00,0.1129,0.1137,0.1129,0.1135,755175.21
2026-03-24 01:00:00,0.1134,0.1134,0.1128,0.1129,194655.84
2026-03-24 01:15:00,0.1128,0.1129,0.1123,0.1123,83296.28
2026-03-24 01:30:00,0.1123,0.1123,0.1114,0.1116,859251.18
2026-03-24 01:45:00,0.1117,0.1121,0.1107,0.1119,811376.44
2026-03-24 02:00:00,0.1118,0.1128,0.1117,0.1123,522926.94
2026-03-24 02:15:00,0.1122,0.1125,0.1117,0.1119,268470.03
2026-03-24 02:30:00,0.112,0.1123,0.1115,0.1121,342625.56
2026-03-24 02:45:00,0.1121,0.1125,0.1121,0.1123,277706.45
2026-03-24 03:00:00,0.1123,0.1126,0.1121,0.1124,358887.82
2026-03-24 03:15:00,0.1124,0.1128,0.1123,0.1125,166913.1
2026-03-24 03:30:00,0.1125,0.1129,0.1122,0.1129,249918.85
2026-03-24 03:45:00,0.1129,0.1132,0.1127,0.113,275083.77
2026-03-24 04:00:00,0.1129,0.113,0.1124,0.1126,404046.51
2026-03-24 04:15:00,0.1126,0.1127,0.1123,0.1125,289851.55
2026-03-24 04:30:00,0.1124,0.1127,0.1118,0.1119,688841.11
2026-03-24 04:45:00,0.1119,0.1124,0.1119,0.1124,240074.94
2026-03-24 05:00:00,0.1123,0.1125,0.1121,0.1122,734070.04
2026-03-24 05:15:00,0.1123,0.1126,0.1121,0.1123,248579.88
2026-03-24 05:30:00,0.1124,0.1136,0.1124,0.1136,489703.98
2026-03-24 05:45:00,0.1136,0.1137,0.1133,0.1135,209603.6
2026-03-24 06:00:00,0.1134,0.1136,0.1131,0.1132,552479.0
2026-03-24 06:15:00,0.1132,0.1132,0.1127,0.113,993055.16
2026-03-24 06:30:00,0.113,0.1138,0.113,0.1134,389619.33
2026-03-24 06:45:00,0.1135,0.114,0.1134,0.1138,248568.79
2026-03-24 07:00:00,0.1138,0.1141,0.1136,0.1137,241902.92
2026-03-24 07:15:00,0.1137,0.1138,0.1133,0.1134,209169.35
2026-03-24 07:30:00,0.1134,0.1139,0.1134,0.1137,264282.41
2026-03-24 07:45:00,0.1137,0.1147,0.1136,0.1146,313985.06
2026-03-24 08:00:00,0.1147,0.1155,0.1145,0.1154,687630.09
2026-03-24 08:15:00,0.1155,0.1155,0.1149,0.1155,545507.72
2026-03-24 08:30:00,0.1155,0.1164,0.1152,0.1161,435503.67
2026-03-24 08:45:00,0.1162,0.1163,0.1151,0.1153,888898.25
2026-03-24 09:00:00,0.1153,0.1163,0.115,0.1152,2199017.29
2026-03-24 09:15:00,0.1152,0.1159,0.1151,0.1157,220711.85
2026-03-24 09:30:00,0.1156,0.1168,0.1154,0.1166,576391.31
2026-03-24 09:45:00,0.1166,0.1172,0.1163,0.1168,957453.13
2026-03-24 10:00:00,0.1168,0.1168,0.1153,0.1157,1035102.62
2026-03-24 10:15:00,0.1157,0.1158,0.1146,0.1146,1025194.44
2026-03-24 10:30:00,0.1146,0.1151,0.1144,0.1151,424570.05
2026-03-24 10:45:00,0.1152,0.1152,0.115,0.115,390578.29
2026-03-24 11:00:00,0.115,0.115,0.1141,0.1146,659716.58
2026-03-24 11:15:00,0.1146,0.1152,0.1143,0.1151,315796.8
2026-03-24 11:30:00,0.1151,0.1158,0.115,0.1152,217003.71
2026-03-24 11:45:00,0.1152,0.1154,0.1149,0.1154,187915.4
2026-03-24 12:00:00,0.1153,0.1153,0.1143,0.1146,445755.58
2026-03-24 12:15:00,0.1145,0.1147,0.1144,0.1146,84345.35
2026-03-24 12:30:00,0.1145,0.1148,0.1141,0.1146,223836.27
2026-03-24 12:45:00,0.1145,0.1148,0.1144,0.1145,221350.42
2026-03-24 13:00:00,0.1145,0.1146,0.1141,0.1146,143545.84
2026-03-24 13:15:00,0.1147,0.1151,0.1146,0.1149,525653.93
2026-03-24 13:30:00,0.1148,0.1149,0.1137,0.1139,655718.24
2026-03-24 13:45:00,0.1139,0.1141,0.1136,0.1138,472348.11
2026-03-24 14:00:00,0.1139,0.1141,0.1124,0.1126,473554.92
2026-03-24 14:15:00,0.1126,0.113,0.1124,0.1127,263690.81
2026-03-24 14:30:00,0.1126,0.1127,0.112,0.1122,256759.75
2026-03-24 14:45:00,0.1123,0.1127,0.1114,0.1119,1208312.64
2026-03-24 15:00:00,0.1119,0.1123,0.1119,0.1122,319125.66
2026-03-24 15:15:00,0.1123,0.1126,0.1119,0.112,373477.11
2026-03-24 15:30:00,0.112,0.1122,0.1116,0.1122,358042.53
2026-03-24 15:45:00,0.1122,0.1122,0.1114,0.1116,387663.85
2026-03-24 16:00:00,0.1115,0.112,0.1112,0.1119,342890.96
2026-03-24 16:15:00,0.1119,0.1122,0.1116,0.1119,294567.9
2026-03-24 16:30:00,0.1119,0.1122,0.1113,0.1114,347898.58
2026-03-24 16:45:00,0.1115,0.1116,0.1109,0.1112,437684.91
2026-03-24 17:00:00,0.1112,0.1113,0.1097,0.1105,1813305.35
2026-03-24 17:15:00,0.1105,0.1108,0.1103,0.1104,408395.49
2026-03-24 17:30:00,0.1103,0.1104,0.1094,0.1094,402030.6
2026-03-24 17:45:00,0.1095,0.1102,0.1094,0.11,519839.27
2026-03-24 18:00:00,0.11,0.1105,0.11,0.1105,586754.25
2026-03-24 18:15:00,0.1106,0.1109,0.1103,0.1106,202696.86
2026-03-24 18:30:00,0.1106,0.1114,0.1106,0.1112,417012.26
2026-03-24 18:45:00,0.1112,0.1114,0.111,0.1111,124620.84
2026-03-24 19:00:00,0.1111,0.1117,0.1111,0.1117,196053.28
2026-03-24 19:15:00,0.1117,0.1124,0.1117,0.112,514841.08
2026-03-24 19:30:00,0.1121,0.1122,0.1115,0.112,231527.31
2026-03-24 19:45:00,0.112,0.112,0.1115,0.1116,180875.3
2026-03-24 20:00:00,0.1117,0.1117,0.1113,0.1117,371258.36
2026-03-24 20:15:00,0.1117,0.1143,0.1116,0.1136,1116803.54
2026-03-24 20:30:00,0.1135,0.1143,0.1134,0.1135,667582.36
2026-03-24 20:45:00,0.1136,0.1137,0.1132,0.1134,363911.52
2026-03-24 21:00:00,0.1135,0.1137,0.1124,0.1124,292976.24
2026-03-24 21:15:00,0.1125,0.1127,0.1123,0.1126,213309.82
2026-03-24 21:30:00,0.1127,0.1131,0.1126,0.1129,263710.83
2026-03-24 21:45:00,0.113,0.1133,0.1127,0.113,153711.58
2026-03-24 22:00:00,0.113,0.1137,0.1129,0.1136,308892.85
2026-03-24 22:15:00,0.1135,0.1137,0.1132,0.1133,193835.52
2026-03-24 22:30:00,0.1132,0.1133,0.1129,0.1132,713557.81
2026-03-24 22:45:00,0.1132,0.1135,0.1132,0.1134,375083.84
2026-03-24 23:00:00,0.1133,0.1141,0.1132,0.1141,572886.78
2026-03-24 23:15:00,0.1142,0.1147,0.1141,0.1144,478156.48
2026-03-24 23:30:00,0.1144,0.1144,0.1138,0.1139,350253.86
2026-03-24 23:45:00,0.1139,0.1141,0.1136,0.1137,140705.71
2026-03-25 00:00:00,0.1138,0.1139,0.1132,0.1134,200842.41
2026-03-25 00:15:00,0.1134,0.1134,0.113,0.1132,193045.02
2026-03-25 00:30:00,0.1132,0.114,0.1127,0.1139,327986.75
2026-03-25 00:45:00,0.1139,0.1141,0.1134,0.1134,183142.14
2026-03-25 01:00:00,0.1135,0.114,0.1132,0.1136,322724.56
2026-03-25 01:15:00,0.1135,0.1139,0.1135,0.1138,168653.3
2026-03-25 01:30:00,0.1138,0.1151,0.1136,0.1146,1236128.29
2026-03-25 01:45:00,0.1145,0.1146,0.1141,0.1141,251753.15
2026-03-25 02:00:00,0.114,0.1141,0.1137,0.1139,358878.52
2026-03-25 02:15:00,0.114,0.1145,0.1137,0.1144,164448.79
2026-03-25 02:30:00,0.1144,0.1146,0.1142,0.1144,88942.18
2026-03-25 02:45:00,0.1144,0.1145,0.1141,0.1141,100990.78
2026-03-25 03:00:00,0.1141,0.1143,0.1135,0.1136,155040.32
2026-03-25 03:15:00,0.1135,0.1143,0.1132,0.1143,213675.66
2026-03-25 03:30:00,0.1143,0.1149,0.1143,0.1147,128823.19
2026-03-25 03:45:00,0.1146,0.1148,0.1143,0.1143,261705.7
2026-03-25 04:00:00,0.1144,0.1144,0.114,0.114,199341.79
2026-03-25 04:15:00,0.1141,0.1141,0.1136,0.1138,213979.09
2026-03-25 04:30:00,0.1138,0.114,0.1135,0.114,134989.45
2026-03-25 04:45:00,0.114,0.1143,0.1138,0.1143,81402.85
2026-03-25 05:00:00,0.1142,0.1145,0.1138,0.114,480582.21
2026-03-25 05:15:00,0.114,0.1141,0.1134,0.1138,106455.22
2026-03-25 05:30:00,0.1139,0.1139,0.1135,0.1136,201172.66
2026-03-25 05:45:00,0.1136,0.1138,0.1134,0.1135,207994.41
2026-03-25 06:00:00,0.1134,0.1135,0.1128,0.1128,225915.37
2026-03-25 06:15:00,0.1129,0.1133,0.1127,0.1133,302051.93
2026-03-25 06:30:00,0.1132,0.1134,0.113,0.1131,175459.31
2026-03-25 06:45:00,0.1131,0.1131,0.1126,0.1127,454702.86
2026-03-25 07:00:00,0.1128,0.1131,0.1127,0.1131,129081.67
2026-03-25 07:15:00,0.113,0.1133,0.113,0.113,87662.85
2026-03-25 07:30:00,0.1131,0.1139,0.113,0.1135,329334.58
2026-03-25 07:45:00,0.1134,0.1134,0.113,0.113,177105.65
2026-03-25 08:00:00,0.113,0.1134,0.113,0.1132,170919.06
2026-03-25 08:15:00,0.1132,0.1138,0.1131,0.1135,330095.75
2026-03-25 08:30:00,0.1134,0.114,0.1131,0.1136,1022193.37
2026-03-25 08:45:00,0.1135,0.1135,0.1131,0.1132,160264.35
2026-03-25 09:00:00,0.1133,0.1133,0.1125,0.1131,1227276.65
2026-03-25 09:15:00,0.1132,0.1134,0.1131,0.1133,171955.77
2026-03-25 09:30:00,0.1132,0.1134,0.1131,0.1133,268038.24
2026-03-25 09:45:00,0.1134,0.1141,0.1134,0.1138,364849.67
2026-03-25 10:00:00,0.1138,0.1139,0.1135,0.1138,591007.61
2026-03-25 10:15:00,0.1139,0.1144,0.1137,0.1144,221135.61
2026-03-25 10:30:00,0.1143,0.1147,0.1142,0.1144,504510.25
2026-03-25 10:45:00,0.1144,0.1149,0.1144,0.1146,171509.18
2026-03-25 11:00:00,0.1147,0.1147,0.1143,0.1146,178124.12
2026-03-25 11:15:00,0.1146,0.1153,0.1144,0.1149,919630.3
2026-03-25 11:30:00,0.115,0.1152,0.1145,0.1147,489539.02
2026-03-25 11:45:00,0.1147,0.115,0.1142,0.1149,378633.5
2026-03-25 12:00:00,0.115,0.1157,0.115,0.1153,154178.57
2026-03-25 12:15:00,0.1153,0.1153,0.1143,0.1145,549715.93
2026-03-25 12:30:00,0.1144,0.1146,0.1142,0.1143,268910.9
2026-03-25 12:45:00,0.1144,0.1149,0.1139,0.1146,215926.13
2026-03-25 13:00:00,0.1146,0.1146,0.1141,0.1145,566672.68
2026-03-25 13:15:00,0.1145,0.1145,0.1142,0.1144,123525.66
2026-03-25 13:30:00,0.1145,0.1147,0.1143,0.1143,340186.45
2026-03-25 13:45:00,0.1144,0.1144,0.1136,0.1137,439432.56
2026-03-25 14:00:00,0.1137,0.1139,0.1133,0.1137,345791.91
2026-03-25 14:15:00,0.1137,0.1143,0.1137,0.1142,256996.94
2026-03-25 14:30:00,0.1142,0.1143,0.114,0.1143,203138.51
2026-03-25 14:45:00,0.1142,0.1147,0.1141,0.1145,144040.88
2026-03-25 15:00:00,0.1145,0.115,0.1144,0.1145,454455.8
2026-03-25 15:15:00,0.1145,0.1145,0.1136,0.114,503710.8
2026-03-25 15:30:00,0.114,0.1141,0.1134,0.1135,378449.19
2026-03-25 15:45:00,0.1135,0.1138,0.1134,0.1138,219388.87
2026-03-25 16:00:00,0.1137,0.1137,0.1131,0.1135,143818.03
2026-03-25 16:15:00,0.1134,0.1146,0.1129,0.1142,511580.46
2026-03-25 16:30:00,0.1142,0.1146,0.114,0.1144,260073.06
2026-03-25 16:45:00,0.1144,0.1144,0.1136,0.1137,266154.03
2026-03-25 17:00:00,0.1137,0.1142,0.1135,0.1138,197838.72
2026-03-25 17:15:00,0.1138,0.1142,0.1135,0.1141,99966.68
2026-03-25 17:30:00,0.114,0.114,0.1136,0.114,232659.88
2026-03-25 17:45:00,0.1139,0.114,0.1134,0.1135,149751.22
2026-03-25 18:00:00,0.1136,0.1139,0.1136,0.1138,35283.52
2026-03-25 18:15:00,0.1139,0.1142,0.1138,0.1139,103304.48
2026-03-25 18:30:00,0.114,0.114,0.1135,0.1135,101692.83
2026-03-25 18:45:00,0.1135,0.1138,0.1133,0.1135,151983.63
2026-03-25 19:00:00,0.1135,0.1139,0.1134,0.1139,119108.2
2026-03-25 19:15:00,0.1139,0.114,0.1136,0.114,75890.36
2026-03-25 19:30:00,0.1139,0.1139,0.1136,0.1136,59447.92
2026-03-25 19:45:00,0.1135,0.1136,0.1133,0.1134,70374.6
2026-03-25 20:00:00,0.1135,0.1136,0.113,0.1131,127853.43
2026-03-25 20:15:00,0.1131,0.1134,0.1126,0.1128,451780.11
2026-03-25 20:30:00,0.1127,0.1127,0.1124,0.1127,108900.68
2026-03-25 20:45:00,0.1127,0.1128,0.1126,0.1128,244880.51
2026-03-25 21:00:00,0.1128,0.113,0.1126,0.113,63860.25
2026-03-25 21:15:00,0.113,0.113,0.1126,0.1127,181290.95
2026-03-25 21:30:00,0.1128,0.1131,0.1125,0.113,336663.45
2026-03-25 21:45:00,0.113,0.113,0.1127,0.1128,50027.16
2026-03-25 22:00:00,0.1128,0.1132,0.1126,0.1128,108939.85
2026-03-25 22:15:00,0.1128,0.1135,0.1128,0.1134,91624.12
2026-03-25 22:30:00,0.1134,0.1142,0.1134,0.1136,455600.38
2026-03-25 22:45:00,0.1137,0.1138,0.1134,0.1135,259418.25
2026-03-25 23:00:00,0.1135,0.1135,0.1133,0.1133,59530.64
2026-03-25 23:15:00,0.1133,0.1135,0.1133,0.1133,173520.37
2026-03-25 23:30:00,0.1132,0.1134,0.1131,0.1131,79130.83
2026-03-25 23:45:00,0.1131,0.1135,0.1131,0.1134,128874.92
2026-03-26 00:00:00,0.1135,0.1138,0.1134,0.1134,225657.55
2026-03-26 00:15:00,0.1135,0.1135,0.1132,0.1133,105761.07
2026-03-26 00:30:00,0.1133,0.1134,0.113,0.1134,157286.86
2026-03-26 00:45:00,0.1134,0.1137,0.1131,0.1134,227327.59
2026-03-26 01:00:00,0.1134,0.1137,0.1134,0.1136,166212.01
2026-03-26 01:15:00,0.1136,0.1138,0.1133,0.1137,117193.26
2026-03-26 01:30:00,0.1137,0.114,0.1136,0.1136,259997.56
2026-03-26 01:45:00,0.1136,0.1137,0.1134,0.1135,168596.67
2026-03-26 02:00:00,0.1134,0.1135,0.1131,0.1131,80853.08
2026-03-26 02:15:00,0.1131,0.1131,0.1126,0.1127,98361.11
2026-03-26 02:30:00,0.1126,0.1126,0.1121,0.1124,295541.82
2026-03-26 02:45:00,0.1125,0.1128,0.1125,0.1128,82675.43
2026-03-26 03:00:00,0.1127,0.1128,0.1123,0.1125,140411.68
2026-03-26 03:15:00,0.1125,0.1126,0.1115,0.1116,517350.4
2026-03-26 03:30:00,0.1117,0.1119,0.1116,0.1119,225867.26
2026-03-26 03:45:00,0.1118,0.112,0.1118,0.112,46344.48
2026-03-26 04:00:00,0.1119,0.112,0.1117,0.1118,146278.12
2026-03-26 04:15:00,0.1118,0.1118,0.1115,0.1117,236218.3
2026-03-26 04:30:00,0.1117,0.1117,0.1115,0.1117,105822.76
2026-03-26 04:45:00,0.1116,0.1118,0.1116,0.1116,67177.59
2026-03-26 05:00:00,0.1116,0.1119,0.1113,0.1114,326815.68
2026-03-26 05:15:00,0.1114,0.1118,0.1112,0.1115,156157.48
2026-03-26 05:30:00,0.1115,0.1116,0.1106,0.1107,337918.21
2026-03-26 05:45:00,0.1106,0.1107,0.1101,0.1103,599940.38
2026-03-26 06:00:00,0.1103,0.1108,0.1103,0.1106,220366.69
2026-03-26 06:15:00,0.1106,0.1107,0.1097,0.1101,793618.29
2026-03-26 06:30:00,0.1101,0.1103,0.11,0.1101,236412.42
2026-03-26 06:45:00,0.11,0.1102,0.1099,0.1101,175483.8
2026-03-26 07:00:00,0.1102,0.1105,0.1101,0.1102,127911.42
2026-03-26 07:15:00,0.1102,0.1104,0.1099,0.1101,352406.56
2026-03-26 07:30:00,0.1101,0.1103,0.11,0.1101,190377.21
2026-03-26 07:45:00,0.1102,0.1106,0.1102,0.1105,94614.23
2026-03-26 08:00:00,0.1105,0.1107,0.1103,0.1103,122897.94
2026-03-26 08:15:00,0.1103,0.1104,0.1087,0.1091,1447572.32
2026-03-26 08:30:00,0.1091,0.1093,0.1087,0.1089,1456184.73
2026-03-26 08:45:00,0.109,0.1092,0.1087,0.109,395879.13
2026-03-26 09:00:00,0.1091,0.1095,0.1089,0.1093,715108.33
2026-03-26 09:15:00,0.1094,0.1096,0.109,0.1096,253855.06
2026-03-26 09:30:00,0.1095,0.1095,0.108,0.1085,2323669.13
2026-03-26 09:45:00,0.1085,0.1085,0.1082,0.1084,610179.83
2026-03-26 10:00:00,0.1083,0.1084,0.1079,0.1081,194895.89
2026-03-26 10:15:00,0.1082,0.1086,0.1082,0.1086,118056.78
2026-03-26 10:30:00,0.1085,0.1087,0.1083,0.1085,187900.43
2026-03-26 10:45:00,0.1085,0.1086,0.1083,0.1084,111126.34
2026-03-26 11:00:00,0.1084,0.1086,0.1081,0.1084,236945.15
2026-03-26 11:15:00,0.1083,0.1084,0.108,0.1082,110283.46
2026-03-26 11:30:00,0.1082,0.1085,0.1082,0.1083,110458.83
2026-03-26 11:45:00,0.1083,0.1085,0.1082,0.1083,151422.12
2026-03-26 12:00:00,0.1084,0.1084,0.1079,0.1081,292165.86
2026-03-26 12:15:00,0.1081,0.1085,0.1081,0.1085,200068.01
2026-03-26 12:30:00,0.1085,0.1086,0.1082,0.1082,422719.12
2026-03-26 12:45:00,0.1083,0.1083,0.1081,0.1082,162401.29
2026-03-26 13:00:00,0.1082,0.1085,0.1082,0.1083,215139.36
2026-03-26 13:15:00,0.1084,0.1085,0.1082,0.1082,190898.01
2026-03-26 13:30:00,0.1082,0.1086,0.108,0.1086,532681.6
2026-03-26 13:45:00,0.1087,0.1097,0.1086,0.1091,965707.64
2026-03-26 14:00:00,0.1092,0.1095,0.109,0.1091,216830.81
2026-03-26 14:15:00,0.1091,0.1093,0.1088,0.109,185812.78
2026-03-26 14:30:00,0.109,0.1095,0.109,0.1091,262943.42
2026-03-26 14:45:00,0.1091,0.1093,0.1088,0.109,126653.05
2026-03-26 15:00:00,0.109,0.1091,0.1081,0.1081,198151.42
2026-03-26 15:15:00,0.1081,0.1087,0.1078,0.1086,254970.88
2026-03-26 15:30:00,0.1085,0.1088,0.1085,0.1086,201102.52
2026-03-26 15:45:00,0.1086,0.1088,0.1084,0.1086,195720.48
2026-03-26 16:00:00,0.1087,0.1093,0.1086,0.1093,166850.15
2026-03-26 16:15:00,0.1093,0.1094,0.1089,0.1093,326938.52
2026-03-26 16:30:00,0.1093,0.1096,0.1091,0.1094,471291.56
2026-03-26 16:45:00,0.1094,0.1097,0.1091,0.1097,345361.58
2026-03-26 17:00:00,0.1097,0.1105,0.1097,0.1104,432654.25
2026-03-26 17:15:00,0.1104,0.1117,0.1103,0.1108,1649864.01
2026-03-26 17:30:00,0.1108,0.1118,0.1107,0.1115,743353.54
2026-03-26 17:45:00,0.1116,0.1122,0.1107,0.1115,973306.11
2026-03-26 18:00:00,0.1115,0.112,0.1111,0.1116,632783.49
2026-03-26 18:15:00,0.1116,0.1116,0.11,0.1104,789411.75
2026-03-26 18:30:00,0.1104,0.1105,0.107,0.1071,5323640.65
2026-03-26 18:45:00,0.1071,0.1083,0.107,0.1075,3414428.34
2026-03-26 19:00:00,0.1075,0.1077,0.1072,0.1074,271751.36
2026-03-26 19:15:00,0.1073,0.1074,0.1062,0.1065,884248.43
2026-03-26 19:30:00,0.1066,0.107,0.1064,0.1069,625339.15
2026-03-26 19:45:00,0.1068,0.1071,0.1066,0.1066,189562.03
2026-03-26 20:00:00,0.1066,0.1087,0.1057,0.1079,1981368.33
2026-03-26 20:15:00,0.108,0.1089,0.1079,0.1084,454170.46
2026-03-26 20:30:00,0.1085,0.1088,0.1084,0.1085,169222.9
2026-03-26 20:45:00,0.1085,0.1086,0.108,0.1082,196928.91
2026-03-26 21:00:00,0.1082,0.1086,0.1082,0.1085,198250.41
2026-03-26 21:15:00,0.1086,0.1093,0.1085,0.1092,201385.64
2026-03-26 21:30:00,0.1092,0.1097,0.1091,0.1096,186959.86
2026-03-26 21:45:00,0.1095,0.1097,0.1094,0.1095,138386.31
2026-03-26 22:00:00,0.1095,0.1101,0.1095,0.1098,356923.06
2026-03-26 22:15:00,0.1097,0.1097,0.1089,0.1092,291836.64
2026-03-26 22:30:00,0.1092,0.1093,0.109,0.1092,105190.59
2026-03-26 22:45:00,0.1092,0.1094,0.109,0.1092,259786.16
2026-03-26 23:00:00,0.1092,0.1094,0.1088,0.1089,65526.11
2026-03-26 23:15:00,0.1089,0.1091,0.1088,0.1088,282233.31
2026-03-26 23:30:00,0.1089,0.109,0.1086,0.1088,214534.42
2026-03-26 23:45:00,0.1088,0.1088,0.1086,0.1087,268553.82
2026-03-27 00:00:00,0.1086,0.1094,0.1086,0.1091,356904.29
2026-03-27 00:15:00,0.1091,0.1091,0.1087,0.1089,218960.12
2026-03-27 00:30:00,0.1089,0.109,0.1085,0.1087,444182.54
2026-03-27 00:45:00,0.1086,0.1089,0.1084,0.1089,57927.99
2026-03-27 01:00:00,0.1089,0.1095,0.1088,0.1094,86891.52
2026-03-27 01:15:00,0.1095,0.1096,0.1093,0.1095,301789.64
2026-03-27 01:30:00,0.1094,0.1096,0.1093,0.1093,195281.06
2026-03-27 01:45:00,0.1092,0.1094,0.1092,0.1093,131768.48
2026-03-27 02:00:00,0.1093,0.1095,0.1092,0.1093,161710.42
2026-03-27 02:15:00,0.1093,0.1093,0.1091,0.1092,146537.81
2026-03-27 02:30:00,0.1092,0.1094,0.109,0.1092,31444.81
2026-03-27 02:45:00,0.1091,0.1094,0.1091,0.1093,51780.32
2026-03-27 03:00:00,0.1093,0.1094,0.1089,0.1091,399923.69
2026-03-27 03:15:00,0.1091,0.1094,0.1091,0.1094,147960.59
2026-03-27 03:30:00,0.1094,0.1096,0.1094,0.1096,108571.32
2026-03-27 03:45:00,0.1095,0.1095,0.1094,0.1094,80816.98
2026-03-27 04:00:00,0.1094,0.1094,0.1085,0.1087,445664.88
2026-03-27 04:15:00,0.1087,0.1098,0.1087,0.1095,522531.14
2026-03-27 04:30:00,0.1095,0.1098,0.1094,0.1097,246886.64
2026-03-27 04:45:00,0.1096,0.1096,0.1093,0.1093,53825.34
2026-03-27 05:00:00,0.1092,0.1096,0.1092,0.1095,95000.68
2026-03-27 05:15:00,0.1095,0.1097,0.1091,0.1092,241203.81
2026-03-27 05:30:00,0.1091,0.1091,0.1089,0.109,198336.25
2026-03-27 05:45:00,0.1089,0.1091,0.1089,0.1091,39694.12
2026-03-27 06:00:00,0.1091,0.1091,0.109,0.109,114746.04
2026-03-27 06:15:00,0.1089,0.109,0.1084,0.1089,248908.1
2026-03-27 06:30:00,0.1089,0.1091,0.1088,0.1089,219892.32
2026-03-27 06:45:00,0.1089,0.1091,0.1088,0.1091,154861.8
2026-03-27 07:00:00,0.1091,0.1099,0.109,0.1098,250934.75
2026-03-27 07:15:00,0.1098,0.1103,0.1097,0.11,439522.46
2026-03-27 07:30:00,0.11,0.1101,0.1095,0.1096,119726.09
2026-03-27 07:45:00,0.1096,0.11,0.1096,0.11,171742.04
2026-03-27 08:00:00,0.11,0.1105,0.1099,0.1102,463659.51
2026-03-27 08:15:00,0.1101,0.1101,0.1096,0.1097,210324.33
2026-03-27 08:30:00,0.1097,0.1098,0.1083,0.1088,815745.14
2026-03-27 08:45:00,0.1088,0.1098,0.1087,0.109,530283.04
2026-03-27 09:00:00,0.109,0.109,0.1073,0.1075,467626.27
2026-03-27 09:15:00,0.1076,0.1083,0.1076,0.1082,216949.67
2026-03-27 09:30:00,0.1082,0.1082,0.1079,0.108,100816.46
2026-03-27 09:45:00,0.1079,0.1081,0.1079,0.1081,115232.66
2026-03-27 10:00:00,0.108,0.108,0.1075,0.1075,195274.09
2026-03-27 10:15:00,0.1075,0.1078,0.1075,0.1078,126206.98
2026-03-27 10:30:00,0.1078,0.1079,0.1055,0.1063,1713209.18
2026-03-27 10:45:00,0.1063,0.1063,0.1046,0.105,1067799.46
2026-03-27 11:00:00,0.1051,0.1056,0.1046,0.1054,846779.3
2026-03-27 11:15:00,0.1055,0.1056,0.1052,0.1053,257158.77
2026-03-27 11:30:00,0.1054,0.1058,0.1054,0.1058,237955.66
2026-03-27 11:45:00,0.1058,0.1059,0.1054,0.1056,260532.07
2026-03-27 12:00:00,0.1056,0.1056,0.1052,0.1053,554376.22
2026-03-27 12:15:00,0.1053,0.1053,0.1048,0.1049,683443.23
2026-03-27 12:30:00,0.1049,0.1052,0.1047,0.1051,496889.72
2026-03-27 12:45:00,0.1052,0.1056,0.1051,0.1054,156964.63
2026-03-27 13:00:00,0.1055,0.1056,0.1052,0.1054,79778.13
2026-03-27 13:15:00,0.1053,0.1056,0.1052,0.1055,198488.0
2026-03-27 13:30:00,0.1056,0.1057,0.1044,0.1055,894141.99
2026-03-27 13:45:00,0.1055,0.1057,0.1047,0.1048,630013.81
2026-03-27 14:00:00,0.1048,0.1056,0.1048,0.1055,515936.27
2026-03-27 14:15:00,0.1054,0.1055,0.1041,0.1043,870177.45
2026-03-27 14:30:00,0.1043,0.1046,0.1042,0.1043,266315.79
2026-03-27 14:45:00,0.1043,0.1047,0.1036,0.1044,1133119.31
2026-03-27 15:00:00,0.1045,0.1049,0.1045,0.1046,348117.34
2026-03-27 15:15:00,0.1046,0.1048,0.1036,0.1042,1256061.94
2026-03-27 15:30:00,0.1042,0.105,0.1042,0.1045,651620.51
2026-03-27 15:45:00,0.1045,0.1048,0.1039,0.104,858785.89
2026-03-27 16:00:00,0.104,0.104,0.1029,0.1032,1143929.53
2026-03-27 16:15:00,0.1031,0.1034,0.1029,0.1029,693652.84
2026-03-27 16:30:00,0.1029,0.1031,0.1026,0.1031,623460.02
2026-03-27 16:45:00,0.1031,0.1035,0.1031,0.1033,207914.48
2026-03-27 17:00:00,0.1034,0.1044,0.1034,0.1041,453945.34
2026-03-27 17:15:00,0.1041,0.1042,0.1034,0.1035,203402.76
2026-03-27 17:30:00,0.1035,0.1036,0.1029,0.103,288870.55
2026-03-27 17:45:00,0.103,0.1031,0.1028,0.1031,153934.11
2026-03-27 18:00:00,0.1031,0.1031,0.1027,0.1029,216956.44
2026-03-27 18:15:00,0.1029,0.1032,0.1024,0.1028,211289.07
2026-03-27 18:30:00,0.1028,0.103,0.1027,0.103,94080.2
2026-03-27 18:45:00,0.103,0.1035,0.103,0.1034,238335.19
2026-03-27 19:00:00,0.1033,0.1034,0.1028,0.1031,194139.85
2026-03-27 19:15:00,0.1032,0.1039,0.103,0.1039,224971.02
2026-03-27 19:30:00,0.104,0.1047,0.104,0.1045,238736.1
2026-03-27 19:45:00,0.1045,0.1046,0.1042,0.1045,197093.49
2026-03-27 20:00:00,0.1045,0.1047,0.1044,0.1044,170793.63
2026-03-27 20:15:00,0.1045,0.1047,0.1036,0.1037,374479.76
2026-03-27 20:30:00,0.1037,0.1039,0.1035,0.1038,195987.58
2026-03-27 20:45:00,0.1038,0.1041,0.1037,0.104,153089.0
2026-03-27 21:00:00,0.1039,0.1043,0.1039,0.1043,119556.52
2026-03-27 21:15:00,0.1044,0.1044,0.1039,0.104,431100.82
2026-03-27 21:30:00,0.104,0.1041,0.1038,0.104,149101.92
2026-03-27 21:45:00,0.1039,0.1041,0.1035,0.1035,122636.41
2026-03-27 22:00:00,0.1035,0.104,0.1035,0.1039,112802.26
2026-03-27 22:15:00,0.104,0.104,0.1036,0.1037,138235.06
2026-03-27 22:30:00,0.1038,0.1039,0.1036,0.1038,190430.21
2026-03-27 22:45:00,0.1039,0.104,0.1037,0.1037,85367.66
2026-03-27 23:00:00,0.1037,0.1039,0.1036,0.1038,203048.4
2026-03-27 23:15:00,0.1038,0.104,0.1036,0.104,92027.27
2026-03-27 23:30:00,0.1039,0.1043,0.1039,0.1042,127392.72
2026-03-27 23:45:00,0.1042,0.1043,0.1041,0.1041,63903.69
2026-03-28 00:00:00,0.1042,0.1043,0.104,0.1041,215786.1
2026-03-28 00:15:00,0.1041,0.1041,0.1038,0.1039,102431.31
2026-03-28 00:30:00,0.1039,0.1042,0.1039,0.1041,118288.49
2026-03-28 00:45:00,0.1041,0.1042,0.1039,0.1039,51671.55
2026-03-28 01:00:00,0.1038,0.1038,0.1029,0.1029,196223.81
2026-03-28 01:15:00,0.1029,0.1032,0.1027,0.1029,235495.36
2026-03-28 01:30:00,0.1028,0.1029,0.102,0.1025,321167.15
2026-03-28 01:45:00,0.1025,0.103,0.1025,0.103,157419.56
2026-03-28 02:00:00,0.103,0.1036,0.103,0.1032,229705.92
2026-03-28 02:15:00,0.1032,0.1032,0.1028,0.103,146037.12
2026-03-28 02:30:00,0.1029,0.103,0.1026,0.103,237162.09
2026-03-28 02:45:00,0.1029,0.1031,0.1029,0.1031,107928.32
2026-03-28 03:00:00,0.1031,0.1033,0.1031,0.1032,90271.1
2026-03-28 03:15:00,0.1031,0.1034,0.1031,0.1033,77033.89
2026-03-28 03:30:00,0.1033,0.1035,0.1032,0.1033,241868.61
2026-03-28 03:45:00,0.1032,0.1034,0.1032,0.1034,32157.37
2026-03-28 04:00:00,0.1034,0.1035,0.103,0.1031,154437.92
2026-03-28 04:15:00,0.1031,0.1036,0.1031,0.1034,55765.1
2026-03-28 04:30:00,0.1035,0.1035,0.1033,0.1033,169099.85
2026-03-28 04:45:00,0.1034,0.1035,0.1031,0.1033,198244.46
2026-03-28 05:00:00,0.1033,0.1033,0.1029,0.103,61496.1
2026-03-28 05:15:00,0.103,0.1032,0.103,0.1032,112088.7
2026-03-28 05:30:00,0.1032,0.1032,0.103,0.1031,72021.87
2026-03-28 05:45:00,0.1032,0.1034,0.1031,0.1033,42679.0
2026-03-28 06:00:00,0.1032,0.1034,0.1031,0.1032,65039.98
2026-03-28 06:15:00,0.1033,0.1036,0.1031,0.1035,500416.86
2026-03-28 06:30:00,0.1034,0.1035,0.1031,0.1032,80167.64
2026-03-28 06:45:00,0.1032,0.1035,0.1032,0.1035,367718.39
2026-03-28 07:00:00,0.1035,0.1039,0.1035,0.1039,71340.89
2026-03-28 07:15:00,0.1039,0.1041,0.1039,0.104,132542.71
2026-03-28 07:30:00,0.104,0.1043,0.104,0.1042,104086.19
2026-03-28 07:45:00,0.1042,0.1044,0.1041,0.1043,49411.5
2026-03-28 08:00:00,0.1044,0.1048,0.1044,0.1046,156327.84
2026-03-28 08:15:00,0.1046,0.1051,0.1046,0.1049,156837.17
2026-03-28 08:30:00,0.1049,0.105,0.1049,0.1049,36835.14
2026-03-28 08:45:00,0.1048,0.1049,0.1045,0.1048,218334.86
2026-03-28 09:00:00,0.1048,0.1048,0.1045,0.1046,70566.54
2026-03-28 09:15:00,0.1046,0.105,0.1046,0.1048,445197.63
2026-03-28 09:30:00,0.1048,0.1048,0.1043,0.1043,112130.78
2026-03-28 09:45:00,0.1042,0.1044,0.1039,0.1042,377483.74
2026-03-28 10:00:00,0.1042,0.1049,0.1042,0.1046,151438.16
2026-03-28 10:15:00,0.1046,0.1046,0.1042,0.1043,54695.61
2026-03-28 10:30:00,0.1042,0.1044,0.1042,0.1044,83189.73
2026-03-28 10:45:00,0.1044,0.1045,0.1043,0.1045,130723.73
2026-03-28 11:00:00,0.1045,0.1046,0.1044,0.1045,88216.64
2026-03-28 11:15:00,0.1046,0.1047,0.1044,0.1047,28336.57
2026-03-28 11:30:00,0.1047,0.1048,0.1047,0.1048,147432.27
2026-03-28 11:45:00,0.1048,0.105,0.1047,0.1048,70486.54
2026-03-28 12:00:00,0.1048,0.1048,0.1044,0.1045,87633.69
2026-03-28 12:15:00,0.1045,0.1048,0.1045,0.1045,267157.59
2026-03-28 12:30:00,0.1045,0.1045,0.1038,0.1038,251090.12
2026-03-28 12:45:00,0.1039,0.1043,0.1039,0.1041,403892.02
2026-03-28 13:00:00,0.1041,0.1044,0.104,0.1044,64647.34
2026-03-28 13:15:00,0.1043,0.1047,0.1043,0.1047,135144.39
2026-03-28 13:30:00,0.1047,0.1062,0.1047,0.1059,1094525.98
2026-03-28 13:45:00,0.1059,0.106,0.1054,0.1056,291854.72
2026-03-28 14:00:00,0.1056,0.1056,0.1049,0.105,89050.46
2026-03-28 14:15:00,0.105,0.1052,0.1047,0.105,45723.5
2026-03-28 14:30:00,0.105,0.1055,0.1048,0.1052,125531.99
2026-03-28 14:45:00,0.1053,0.1053,0.1046,0.1048,119206.56
2026-03-28 15:00:00,0.1047,0.1048,0.1046,0.1048,103683.08
2026-03-28 15:15:00,0.1048,0.1056,0.1047,0.1048,345951.72
2026-03-28 15:30:00,0.1048,0.1049,0.1046,0.1047,111770.12
2026-03-28 15:45:00,0.1047,0.1047,0.1044,0.1045,115553.02
2026-03-28 16:00:00,0.1046,0.105,0.1044,0.1048,317115.86
2026-03-28 16:15:00,0.1049,0.1052,0.1049,0.105,1074535.89
2026-03-28 16:30:00,0.105,0.105,0.1048,0.105,247539.57
2026-03-28 16:45:00,0.105,0.1057,0.1049,0.1053,938527.91
2026-03-28 17:00:00,0.1053,0.1056,0.1052,0.1054,428703.11
2026-03-28 17:15:00,0.1053,0.1053,0.1048,0.105,295241.52
2026-03-28 17:30:00,0.105,0.1053,0.1048,0.1051,171066.94
2026-03-28 17:45:00,0.1051,0.1053,0.105,0.1053,193381.58
2026-03-28 18:00:00,0.1052,0.1052,0.1052,0.1052,92307.91
2026-03-28 18:15:00,0.1052,0.1052,0.1049,0.105,64633.77
2026-03-28 18:30:00,0.1049,0.1051,0.1048,0.1051,99663.31
2026-03-28 18:45:00,0.1051,0.1051,0.1049,0.105,28794.9
2026-03-28 19:00:00,0.105,0.1052,0.1048,0.1049,157743.04
2026-03-28 19:15:00,0.1049,0.1049,0.1048,0.1048,104922.98
2026-03-28 19:30:00,0.1047,0.1048,0.1046,0.1046,25993.77
2026-03-28 19:45:00,0.1045,0.1047,0.1045,0.1047,66483.29
2026-03-28 20:00:00,0.1047,0.105,0.1047,0.1048,62288.05
2026-03-28 20:15:00,0.1049,0.1049,0.1047,0.1047,170184.67
2026-03-28 20:30:00,0.1047,0.1048,0.1047,0.1047,37811.44
2026-03-28 20:45:00,0.1048,0.1048,0.1046,0.1047,91703.8
2026-03-28 21:00:00,0.1046,0.1047,0.1042,0.1044,144844.83
2026-03-28 21:15:00,0.1044,0.1044,0.1043,0.1044,61094.69
2026-03-28 21:30:00,0.1045,0.1046,0.1043,0.1046,52050.84
2026-03-28 21:45:00,0.1045,0.1045,0.1036,0.1038,519890.84
2026-03-28 22:00:00,0.1038,0.1039,0.1036,0.1038,200984.46
2026-03-28 22:15:00,0.1038,0.1041,0.1038,0.104,149504.34
2026-03-28 22:30:00,0.104,0.104,0.1038,0.1038,123443.68
2026-03-28 22:45:00,0.1038,0.104,0.1038,0.104,67307.38
2026-03-28 23:00:00,0.1039,0.104,0.1022,0.1025,507764.33
2026-03-28 23:15:00,0.1025,0.1029,0.1022,0.1029,187572.82
2026-03-28 23:30:00,0.1028,0.1029,0.1025,0.1025,184406.12
2026-03-28 23:45:00,0.1025,0.1026,0.1021,0.1025,233448.6
2026-03-29 00:00:00,0.1024,0.1027,0.1023,0.1023,199899.41
2026-03-29 00:15:00,0.1024,0.1024,0.1017,0.1021,378139.66
2026-03-29 00:30:00,0.1021,0.1024,0.102,0.1021,327766.29
2026-03-29 00:45:00,0.1021,0.1024,0.102,0.1024,140185.69
2026-03-29 01:00:00,0.1024,0.1031,0.1024,0.103,238516.58
2026-03-29 01:15:00,0.1029,0.1031,0.1029,0.1031,131069.53
2026-03-29 01:30:00,0.1031,0.1031,0.1028,0.1029,110603.76
2026-03-29 01:45:00,0.103,0.103,0.1027,0.1027,160105.76
2026-03-29 02:00:00,0.1027,0.103,0.1027,0.1028,126459.12
2026-03-29 02:15:00,0.1028,0.103,0.1028,0.1028,181855.65
2026-03-29 02:30:00,0.1028,0.1032,0.1027,0.103,249710.53
2026-03-29 02:45:00,0.1029,0.1031,0.1029,0.1031,125380.56
2026-03-29 03:00:00,0.1031,0.1041,0.1031,0.1035,674203.32
2026-03-29 03:15:00,0.1035,0.1045,0.1028,0.1033,1288173.34
2026-03-29 03:30:00,0.1034,0.1035,0.1032,0.1032,121923.63
2026-03-29 03:45:00,0.1033,0.1034,0.1031,0.1032,58680.66
2026-03-29 04:00:00,0.1032,0.1033,0.1032,0.1032,112519.26
2026-03-29 04:15:00,0.1033,0.1034,0.103,0.103,406843.4
2026-03-29 04:30:00,0.103,0.1032,0.1029,0.103,72800.79
2026-03-29 04:45:00,0.103,0.103,0.1029,0.103,28856.68
2026-03-29 05:00:00,0.1029,0.1029,0.1026,0.1027,105302.2
2026-03-29 05:15:00,0.1026,0.1026,0.1024,0.1025,267209.26
2026-03-29 05:30:00,0.1025,0.1025,0.1023,0.1024,50093.82
2026-03-29 05:45:00,0.1025,0.1028,0.1023,0.1026,300655.45
2026-03-29 06:00:00,0.1025,0.1027,0.1025,0.1027,97686.52
2026-03-29 06:15:00,0.1027,0.1028,0.1023,0.1024,175792.48
2026-03-29 06:30:00,0.1024,0.1024,0.1022,0.1024,116432.05
2026-03-29 06:45:00,0.1024,0.1027,0.1024,0.1025,88409.03
2026-03-29 07:00:00,0.1025,0.1026,0.1023,0.1026,221043.48
2026-03-29 07:15:00,0.1025,0.1026,0.1025,0.1026,85969.59
2026-03-29 07:30:00,0.1026,0.1027,0.1023,0.1023,118347.57
2026-03-29 07:45:00,0.1023,0.1026,0.1022,0.1023,157102.74
2026-03-29 08:00:00,0.1022,0.1025,0.1022,0.1023,194673.93
2026-03-29 08:15:00,0.1023,0.1026,0.1023,0.1025,78670.12
2026-03-29 08:30:00,0.1025,0.1025,0.1024,0.1025,35871.69
2026-03-29 08:45:00,0.1025,0.1025,0.1023,0.1024,93616.23
2026-03-29 09:00:00,0.1024,0.1026,0.1023,0.1025,78758.27
2026-03-29 09:15:00,0.1026,0.1029,0.1025,0.1026,555415.43
2026-03-29 09:30:00,0.1027,0.1028,0.1024,0.1025,207911.06
2026-03-29 09:45:00,0.1025,0.1026,0.1024,0.1025,33262.16
2026-03-29 10:00:00,0.1025,0.1025,0.1021,0.1021,57821.87
2026-03-29 10:15:00,0.1022,0.1022,0.1017,0.1017,326187.34
2026-03-29 10:30:00,0.1016,0.1018,0.1014,0.1017,536463.92
2026-03-29 10:45:00,0.1017,0.102,0.1017,0.102,48398.85
2026-03-29 11:00:00,0.1021,0.1027,0.1021,0.1026,133067.93
2026-03-29 11:15:00,0.1025,0.1026,0.1023,0.1024,156389.08
2026-03-29 11:30:00,0.1025,0.1028,0.1024,0.1027,95735.95
2026-03-29 11:45:00,0.1026,0.1027,0.1024,0.1024,102204.46
2026-03-29 12:00:00,0.1024,0.1024,0.102,0.1021,137943.91
2026-03-29 12:15:00,0.102,0.102,0.1017,0.1017,201162.24
2026-03-29 12:30:00,0.1017,0.1017,0.1011,0.1012,239032.47
2026-03-29 12:45:00,0.1013,0.1017,0.101,0.1015,345679.99
2026-03-29 13:00:00,0.1015,0.1016,0.1004,0.1008,816275.8
2026-03-29 13:15:00,0.1008,0.1014,0.1007,0.1012,130634.26
2026-03-29 13:30:00,0.1013,0.1014,0.1012,0.1013,81301.24
2026-03-29 13:45:00,0.1014,0.1014,0.101,0.101,232588.31
2026-03-29 14:00:00,0.1011,0.1018,0.1009,0.1014,373801.93
2026-03-29 14:15:00,0.1015,0.1016,0.1011,0.1013,69681.07
2026-03-29 14:30:00,0.1013,0.1015,0.1012,0.1012,203879.11
2026-03-29 14:45:00,0.1013,0.1013,0.101,0.1013,189745.69
2026-03-29 15:00:00,0.1013,0.1016,0.1012,0.1014,201550.46
2026-03-29 15:15:00,0.1015,0.1018,0.101,0.1012,211696.49
2026-03-29 15:30:00,0.1012,0.1013,0.101,0.101,85256.37
2026-03-29 15:45:00,0.1011,0.1015,0.1011,0.1015,476296.05
2026-03-29 16:00:00,0.1015,0.1017,0.1014,0.1016,113954.46
2026-03-29 16:15:00,0.1015,0.1022,0.1015,0.1021,203731.43
2026-03-29 16:30:00,0.1021,0.1021,0.1017,0.1017,114338.21
2026-03-29 16:45:00,0.1016,0.1018,0.1016,0.1016,45079.31
2026-03-29 17:00:00,0.1016,0.1018,0.1014,0.1014,93873.43
2026-03-29 17:15:00,0.1014,0.1015,0.1011,0.1013,164346.47
2026-03-29 17:30:00,0.1013,0.1019,0.1012,0.1019,163828.79
2026-03-29 17:45:00,0.1019,0.1021,0.1019,0.1019,36280.87
2026-03-29 18:00:00,0.102,0.1021,0.1017,0.1019,101940.56
2026-03-29 18:15:00,0.1019,0.102,0.1016,0.1018,61048.32
2026-03-29 18:30:00,0.1018,0.1024,0.1018,0.1022,199299.62
2026-03-29 18:45:00,0.1022,0.1023,0.1021,0.1021,44082.75
2026-03-29 19:00:00,0.1021,0.1021,0.1019,0.102,111378.77
2026-03-29 19:15:00,0.102,0.1021,0.102,0.102,56141.34
2026-03-29 19:30:00,0.102,0.102,0.1018,0.1018,89126.6
2026-03-29 19:45:00,0.1019,0.102,0.1018,0.1019,171198.57
2026-03-29 20:00:00,0.1019,0.1023,0.1019,0.1021,114225.06
2026-03-29 20:15:00,0.1021,0.1028,0.1021,0.1027,130652.79
2026-03-29 20:30:00,0.1027,0.1027,0.1025,0.1025,12142.18
2026-03-29 20:45:00,0.1025,0.1029,0.1025,0.1029,205805.3
2026-03-29 21:00:00,0.103,0.1032,0.1027,0.103,664512.22
2026-03-29 21:15:00,0.103,0.1032,0.103,0.1032,116704.4
2026-03-29 21:30:00,0.1031,0.1035,0.1031,0.1034,90173.31
2026-03-29 21:45:00,0.1034,0.1036,0.1034,0.1036,26237.35
2026-03-29 22:00:00,0.1035,0.1035,0.1026,0.1026,179777.48
2026-03-29 22:15:00,0.1026,0.1029,0.1026,0.1027,40923.8
2026-03-29 22:30:00,0.1027,0.1027,0.1011,0.1014,564124.61
2026-03-29 22:45:00,0.1013,0.102,0.0987,0.1016,4348744.74
2026-03-29 23:00:00,0.1016,0.1024,0.1016,0.1021,514811.18
2026-03-29 23:15:00,0.1021,0.1023,0.1016,0.1016,470792.56
2026-03-29 23:30:00,0.1016,0.1018,0.1014,0.1018,135020.2
2026-03-29 23:45:00,0.1018,0.1021,0.1016,0.102,231082.07
2026-03-30 00:00:00,0.1021,0.1023,0.1019,0.1022,149317.04
2026-03-30 00:15:00,0.1022,0.1046,0.1021,0.1042,1012168.85
2026-03-30 00:30:00,0.1042,0.1044,0.1029,0.103,211899.57
2026-03-30 00:45:00,0.1031,0.1035,0.1029,0.1034,123284.72
2026-03-30 01:00:00,0.1034,0.1041,0.1034,0.104,125220.97
2026-03-30 01:15:00,0.104,0.1041,0.1038,0.104,159099.45
2026-03-30 01:30:00,0.104,0.1046,0.1039,0.1045,184604.04
2026-03-30 01:45:00,0.1046,0.105,0.1045,0.1049,224215.24
2026-03-30 02:00:00,0.1049,0.1053,0.1047,0.105,357537.82
2026-03-30 02:15:00,0.1051,0.1053,0.1044,0.1044,294844.01
2026-03-30 02:30:00,0.1045,0.1054,0.1044,0.1054,284983.85
2026-03-30 02:45:00,0.1053,0.1063,0.1053,0.1055,333135.49
2026-03-30 03:00:00,0.1054,0.1056,0.105,0.105,94486.43
2026-03-30 03:15:00,0.105,0.1053,0.105,0.1052,82535.17
2026-03-30 03:30:00,0.1052,0.106,0.1052,0.1056,483145.73
2026-03-30 03:45:00,0.1055,0.1059,0.1055,0.1057,132669.97
2026-03-30 04:00:00,0.1057,0.1066,0.1057,0.1066,295819.87
2026-03-30 04:15:00,0.1066,0.1076,0.1066,0.1072,1095773.45
2026-03-30 04:30:00,0.1072,0.1076,0.1069,0.1071,617290.66
2026-03-30 04:45:00,0.107,0.108,0.107,0.1077,547673.6
2026-03-30 05:00:00,0.1076,0.108,0.1076,0.1078,466118.47
2026-03-30 05:15:00,0.1078,0.1079,0.1075,0.1076,200550.93
2026-03-30 05:30:00,0.1076,0.1077,0.1069,0.1071,515479.98
2026-03-30 05:45:00,0.1071,0.1073,0.1068,0.1071,186738.45
2026-03-30 06:00:00,0.1071,0.1079,0.1071,0.1075,455290.87
2026-03-30 06:15:00,0.1075,0.1075,0.1071,0.1074,273996.97
2026-03-30 06:30:00,0.1074,0.1076,0.1073,0.1076,88717.08
2026-03-30 06:45:00,0.1076,0.1081,0.1076,0.1079,322512.88
2026-03-30 07:00:00,0.1078,0.1085,0.1078,0.1083,352624.36
2026-03-30 07:15:00,0.1082,0.1087,0.1081,0.1082,202836.87
2026-03-30 07:30:00,0.1083,0.1084,0.1078,0.108,173515.95
2026-03-30 07:45:00,0.108,0.1091,0.108,0.1086,1008224.11
2026-03-30 08:00:00,0.1086,0.1088,0.1082,0.1085,179636.89
2026-03-30 08:15:00,0.1084,0.1086,0.1081,0.1083,220800.08
2026-03-30 08:30:00,0.1084,0.1087,0.1082,0.1083,346325.59
2026-03-30 08:45:00,0.1084,0.1088,0.1084,0.1085,266097.61
2026-03-30 09:00:00,0.1084,0.1085,0.1079,0.1079,313863.21
2026-03-30 09:15:00,0.108,0.1081,0.1076,0.1076,413885.89
2026-03-30 09:30:00,0.1076,0.1077,0.1072,0.1072,213753.76
2026-03-30 09:45:00,0.1072,0.1072,0.1067,0.1068,346191.94
2026-03-30 10:00:00,0.1069,0.107,0.1066,0.1067,283507.92
2026-03-30 10:15:00,0.1067,0.1069,0.1067,0.1069,136745.88
2026-03-30 10:30:00,0.1069,0.1073,0.1069,0.1072,126661.51
2026-03-30 10:45:00,0.1073,0.1077,0.1071,0.1076,159283.74
2026-03-30 11:00:00,0.1075,0.1077,0.1073,0.1077,184163.81
2026-03-30 11:15:00,0.1077,0.1088,0.1076,0.1077,817476.05
2026-03-30 11:30:00,0.1078,0.108,0.1075,0.1076,286682.69
2026-03-30 11:45:00,0.1076,0.1081,0.1075,0.1081,280754.42
2026-03-30 12:00:00,0.1082,0.1086,0.1081,0.1084,547541.81
2026-03-30 12:15:00,0.1083,0.1089,0.1082,0.1088,954994.7
2026-03-30 12:30:00,0.1088,0.1101,0.1086,0.1086,2350251.17
2026-03-30 12:45:00,0.1087,0.1092,0.1084,0.1091,322042.99
2026-03-30 13:00:00,0.1092,0.1098,0.109,0.1092,585632.45
2026-03-30 13:15:00,0.1092,0.1093,0.1087,0.1089,208877.53
2026-03-30 13:30:00,0.1088,0.109,0.1081,0.1082,661542.42
2026-03-30 13:45:00,0.1083,0.1084,0.1073,0.1074,282334.15
2026-03-30 14:00:00,0.1074,0.1078,0.1071,0.1077,328052.51
2026-03-30 14:15:00,0.1077,0.1077,0.1073,0.1074,272248.69
2026-03-30 14:30:00,0.1074,0.1077,0.1068,0.1068,438735.34
2026-03-30 14:45:00,0.1069,0.1079,0.1068,0.1077,306704.37
2026-03-30 15:00:00,0.1077,0.1077,0.1067,0.1068,396524.76
2026-03-30 15:15:00,0.1067,0.1071,0.1065,0.1071,185730.48
2026-03-30 15:30:00,0.1071,0.1077,0.1069,0.1076,471586.75
2026-03-30 15:45:00,0.1076,0.1077,0.1073,0.1073,195998.09
2026-03-30 16:00:00,0.1072,0.1074,0.1069,0.1069,226392.74
2026-03-30 16:15:00,0.1069,0.1074,0.1069,0.1074,566926.36
2026-03-30 16:30:00,0.1074,0.1077,0.1073,0.1075,209436.32
2026-03-30 16:45:00,0.1074,0.1076,0.107,0.1076,223027.63
2026-03-30 17:00:00,0.1076,0.1078,0.107,0.1071,248282.75
2026-03-30 17:15:00,0.1072,0.1072,0.1061,0.1062,265465.35
2026-03-30 17:30:00,0.1062,0.107,0.1062,0.1069,608405.48
2026-03-30 17:45:00,0.1069,0.107,0.1065,0.1066,133330.46
2026-03-30 18:00:00,0.1067,0.1069,0.1062,0.1064,178936.76
2026-03-30 18:15:00,0.1065,0.1067,0.1061,0.1065,304801.65
2026-03-30 18:30:00,0.1065,0.1067,0.1063,0.1065,116876.91
2026-03-30 18:45:00,0.1065,0.1065,0.1061,0.1063,99400.11
2026-03-30 19:00:00,0.1063,0.1064,0.1056,0.1059,143744.11
2026-03-30 19:15:00,0.106,0.106,0.1055,0.1056,292817.08
2026-03-30 19:30:00,0.1056,0.1059,0.1055,0.1058,444439.49
2026-03-30 19:45:00,0.1058,0.1066,0.1058,0.1065,210834.69
2026-03-30 20:00:00,0.1066,0.107,0.1066,0.1067,308526.36
2026-03-30 20:15:00,0.1066,0.1067,0.1064,0.1065,43158.23
2026-03-30 20:30:00,0.1064,0.1064,0.1062,0.1063,100304.27
2026-03-30 20:45:00,0.1062,0.1066,0.1062,0.1065,130730.08
2026-03-30 21:00:00,0.1064,0.1069,0.1062,0.1068,194555.01
2026-03-30 21:15:00,0.1068,0.1073,0.1068,0.1068,256172.16
2026-03-30 21:30:00,0.1069,0.1072,0.1068,0.107,74648.52
2026-03-30 21:45:00,0.1069,0.107,0.1069,0.1069,13634.53
2026-03-30 22:00:00,0.1069,0.1072,0.1067,0.1071,202386.74
2026-03-30 22:15:00,0.1071,0.1071,0.1065,0.1066,112587.12
2026-03-30 22:30:00,0.1065,0.1067,0.1065,0.1067,85507.88
2026-03-30 22:45:00,0.1066,0.1066,0.1064,0.1065,82314.32
2026-03-30 23:00:00,0.1065,0.1065,0.1055,0.1057,232490.03
2026-03-30 23:15:00,0.1057,0.1061,0.1055,0.1059,91397.95
2026-03-30 23:30:00,0.106,0.1062,0.106,0.1062,37024.9
2026-03-30 23:45:00,0.1061,0.1061,0.1058,0.1059,124385.32
2026-03-31 00:00:00,0.106,0.1061,0.1057,0.1061,304032.36
2026-03-31 00:15:00,0.1062,0.1062,0.1057,0.1061,331485.32
2026-03-31 00:30:00,0.106,0.1062,0.1059,0.1062,272878.41
2026-03-31 00:45:00,0.1062,0.1066,0.1061,0.1064,262017.39
2026-03-31 01:00:00,0.1064,0.107,0.1063,0.1069,343919.9
2026-03-31 01:15:00,0.1069,0.1078,0.1069,0.1078,306117.34
2026-03-31 01:30:00,0.1078,0.1085,0.1078,0.1078,587103.2
2026-03-31 01:45:00,0.1078,0.1081,0.1075,0.1081,288694.16
2026-03-31 02:00:00,0.108,0.1082,0.1078,0.1081,199099.89
2026-03-31 02:15:00,0.1081,0.1085,0.1081,0.1083,203789.42
2026-03-31 02:30:00,0.1084,0.1086,0.1079,0.1081,170207.9
2026-03-31 02:45:00,0.1081,0.1083,0.1079,0.1083,126813.51
2026-03-31 03:00:00,0.1082,0.1082,0.1076,0.1076,544451.72
2026-03-31 03:15:00,0.1077,0.1079,0.1074,0.1078,222560.97
2026-03-31 03:30:00,0.1078,0.1082,0.1078,0.1081,148980.91
2026-03-31 03:45:00,0.1081,0.1084,0.108,0.1082,251432.33
2026-03-31 04:00:00,0.1083,0.1085,0.1079,0.1081,255849.17
2026-03-31 04:15:00,0.1081,0.1084,0.1077,0.1078,413117.22
2026-03-31 04:30:00,0.1078,0.1081,0.1076,0.108,205311.97
2026-03-31 04:45:00,0.108,0.1085,0.108,0.1082,331300.83
2026-03-31 05:00:00,0.1081,0.1083,0.1079,0.1082,274236.18
2026-03-31 05:15:00,0.1082,0.1083,0.108,0.1082,178662.31
2026-03-31 05:30:00,0.1082,0.1084,0.1081,0.1083,197758.66
2026-03-31 05:45:00,0.1083,0.1085,0.108,0.1083,241582.87
2026-03-31 06:00:00,0.1083,0.1084,0.108,0.1084,201324.43
2026-03-31 06:15:00,0.1084,0.1085,0.1081,0.1082,207958.47
2026-03-31 06:30:00,0.1082,0.1084,0.1081,0.1084,301522.67
2026-03-31 06:45:00,0.1084,0.1091,0.1084,0.109,982866.13
2026-03-31 07:00:00,0.109,0.1091,0.1082,0.1084,368559.83
2026-03-31 07:15:00,0.1083,0.1083,0.1078,0.1081,395733.46
2026-03-31 07:30:00,0.108,0.1083,0.1079,0.1083,257335.12
2026-03-31 07:45:00,0.1083,0.1092,0.1083,0.1092,319807.84
2026-03-31 08:00:00,0.1092,0.1093,0.1087,0.1087,588014.28
2026-03-31 08:15:00,0.1087,0.1092,0.1087,0.1092,388124.52
2026-03-31 08:30:00,0.1092,0.1092,0.1074,0.1076,967273.93
2026-03-31 08:45:00,0.1075,0.1077,0.1073,0.1075,242107.35
2026-03-31 09:00:00,0.1075,0.1079,0.1073,0.1077,248250.14
2026-03-31 09:15:00,0.1076,0.1076,0.1067,0.1071,439266.21
2026-03-31 09:30:00,0.1071,0.1076,0.1068,0.1075,132826.33
2026-03-31 09:45:00,0.1076,0.1078,0.1067,0.1073,671500.09
2026-03-31 10:00:00,0.1073,0.1079,0.1073,0.1079,259726.36
2026-03-31 10:15:00,0.1079,0.108,0.1075,0.1076,193587.27
2026-03-31 10:30:00,0.1076,0.1078,0.1072,0.1073,429673.82
2026-03-31 10:45:00,0.1073,0.1077,0.1073,0.1076,158194.14
2026-03-31 11:00:00,0.1076,0.1081,0.1072,0.1081,1235923.13
2026-03-31 11:15:00,0.1081,0.1089,0.1081,0.1086,626801.05
2026-03-31 11:30:00,0.1087,0.1097,0.1087,0.1096,376875.84
2026-03-31 11:45:00,0.1096,0.1097,0.1091,0.1097,265462.45
2026-03-31 12:00:00,0.1098,0.1101,0.1094,0.1097,713262.41
2026-03-31 12:15:00,0.1096,0.1098,0.1091,0.1097,555699.8
2026-03-31 12:30:00,0.1097,0.11,0.1095,0.1099,313370.09
2026-03-31 12:45:00,0.11,0.1103,0.1095,0.1096,352424.98
2026-03-31 13:00:00,0.1097,0.1105,0.1096,0.11,341085.33
2026-03-31 13:15:00,0.1099,0.1108,0.1099,0.1107,373753.36
2026-03-31 13:30:00,0.1107,0.1118,0.1105,0.1106,1186207.27
2026-03-31 13:45:00,0.1107,0.1115,0.1101,0.111,1046290.82
2026-03-31 14:00:00,0.1111,0.1118,0.1109,0.1118,513515.48
2026-03-31 14:15:00,0.1118,0.1124,0.1118,0.1122,918020.72
2026-03-31 14:30:00,0.1122,0.1124,0.1104,0.1107,631491.31
2026-03-31 14:45:00,0.1106,0.1106,0.1091,0.1095,1172423.4
2026-03-31 15:00:00,0.1095,0.1114,0.1095,0.1113,550771.34
2026-03-31 15:15:00,0.1113,0.1113,0.11,0.1102,493359.16
2026-03-31 15:30:00,0.1101,0.1104,0.1092,0.1092,497954.81
2026-03-31 15:45:00,0.1092,0.1099,0.1092,0.1095,217242.36
2026-03-31 16:00:00,0.1095,0.1101,0.1094,0.11,181967.33
2026-03-31 16:15:00,0.11,0.1103,0.1095,0.1097,216712.6
2026-03-31 16:30:00,0.1096,0.11,0.1085,0.1095,1652998.17
2026-03-31 16:45:00,0.1095,0.1109,0.1091,0.1106,1065563.54
2026-03-31 17:00:00,0.1107,0.1113,0.1101,0.1113,648420.74
2026-03-31 17:15:00,0.1113,0.112,0.1113,0.1116,498989.14
2026-03-31 17:30:00,0.1115,0.1117,0.1103,0.1107,454227.77
2026-03-31 17:45:00,0.1107,0.1108,0.1103,0.1106,271041.34
2026-03-31 18:00:00,0.1106,0.1108,0.1104,0.1106,288928.72
2026-03-31 18:15:00,0.1106,0.1109,0.1098,0.11,482076.57
2026-03-31 18:30:00,0.11,0.1106,0.1098,0.1106,329343.54
2026-03-31 18:45:00,0.1106,0.1107,0.1102,0.1106,406688.75
2026-03-31 19:00:00,0.1106,0.111,0.1106,0.1107,363107.34
2026-03-31 19:15:00,0.1106,0.1108,0.1102,0.1103,363572.39
2026-03-31 19:30:00,0.1102,0.1102,0.1096,0.1099,369226.35
2026-03-31 19:45:00,0.1098,0.1104,0.1098,0.1103,190289.83
2026-03-31 20:00:00,0.1103,0.1105,0.1101,0.1104,190358.63
2026-03-31 20:15:00,0.1105,0.1106,0.1103,0.1105,175394.35
2026-03-31 20:30:00,0.1104,0.1107,0.1103,0.1106,455346.52
2026-03-31 20:45:00,0.1105,0.1108,0.1103,0.1107,298764.22
2026-03-31 21:00:00,0.1106,0.1106,0.11,0.1103,223142.77
2026-03-31 21:15:00,0.1103,0.1108,0.1102,0.1108,300289.8
2026-03-31 21:30:00,0.1108,0.1109,0.1106,0.1106,386198.84
2026-03-31 21:45:00,0.1106,0.1113,0.1106,0.1106,234605.85
2026-03-31 22:00:00,0.1106,0.1109,0.1104,0.1107,300589.54
2026-03-31 22:15:00,0.1108,0.1109,0.1104,0.1106,164061.7
2026-03-31 22:30:00,0.1105,0.1107,0.1098,0.1107,370299.3
2026-03-31 22:45:00,0.1106,0.1106,0.1103,0.1104,257786.26
2026-03-31 23:00:00,0.1104,0.1105,0.1102,0.1104,175777.9
2026-03-31 23:15:00,0.1104,0.1109,0.1103,0.1105,375420.89
2026-03-31 23:30:00,0.1105,0.1107,0.1104,0.1105,169666.36
2026-03-31 23:45:00,0.1105,0.1108,0.1103,0.1108,350098.86
2026-04-01 00:00:00,0.1107,0.1107,0.1102,0.1103,229160.78
2026-04-01 00:15:00,0.1102,0.1103,0.1099,0.11,58753.7
2026-04-01 00:30:00,0.11,0.11,0.1094,0.1098,274846.89
2026-04-01 00:45:00,0.1097,0.1103,0.1096,0.1101,148310.72
2026-04-01 01:00:00,0.1102,0.1103,0.11,0.1101,122815.6
2026-04-01 01:15:00,0.11,0.11,0.1092,0.1092,224710.82
2026-04-01 01:30:00,0.1091,0.1093,0.1086,0.1093,1112556.97
2026-04-01 01:45:00,0.1093,0.1093,0.109,0.109,122805.04
2026-04-01 02:00:00,0.1091,0.1094,0.1091,0.1093,118339.59
2026-04-01 02:15:00,0.1093,0.1094,0.109,0.1092,153218.96
2026-04-01 02:30:00,0.1092,0.1093,0.1091,0.1092,99232.09
2026-04-01 02:45:00,0.1092,0.1093,0.109,0.1092,161126.32
2026-04-01 03:00:00,0.1093,0.1105,0.1093,0.1105,122398.91
2026-04-01 03:15:00,0.1105,0.1106,0.1098,0.1099,158651.54
2026-04-01 03:30:00,0.1099,0.1103,0.1099,0.1103,55590.01
2026-04-01 03:45:00,0.1104,0.1107,0.1103,0.1103,144512.21
2026-04-01 04:00:00,0.1104,0.1108,0.1102,0.1106,296464.56
2026-04-01 04:15:00,0.1106,0.1109,0.1105,0.1108,110456.57
2026-04-01 04:30:00,0.1108,0.1113,0.1108,0.1112,99994.7
2026-04-01 04:45:00,0.1111,0.1111,0.1108,0.1108,37298.17
2026-04-01 05:00:00,0.1108,0.1112,0.1106,0.1112,183326.84
2026-04-01 05:15:00,0.1112,0.1122,0.1111,0.1121,478829.35
2026-04-01 05:30:00,0.1122,0.1123,0.1119,0.112,199484.84
2026-04-01 05:45:00,0.112,0.1121,0.1117,0.1118,99283.12
2026-04-01 06:00:00,0.1118,0.1125,0.1116,0.1121,182782.87
2026-04-01 06:15:00,0.112,0.1121,0.1115,0.1119,173152.31
2026-04-01 06:30:00,0.1119,0.1121,0.1117,0.112,224308.56
2026-04-01 06:45:00,0.1121,0.1122,0.1116,0.1122,219357.43
2026-04-01 07:00:00,0.1122,0.1124,0.1118,0.112,707608.66
2026-04-01 07:15:00,0.112,0.112,0.1116,0.1119,464494.53
2026-04-01 07:30:00,0.1119,0.1128,0.1119,0.1128,742253.58
2026-04-01 07:45:00,0.1128,0.1129,0.1124,0.1127,246185.66
2026-04-01 08:00:00,0.1127,0.1128,0.1123,0.1126,178750.09
2026-04-01 08:15:00,0.1126,0.1127,0.1124,0.1126,171863.19
2026-04-01 08:30:00,0.1125,0.1134,0.1125,0.113,214445.1
2026-04-01 08:45:00,0.113,0.1131,0.1123,0.1123,472489.49
2026-04-01 09:00:00,0.1122,0.1126,0.1116,0.1118,387899.51
2026-04-01 09:15:00,0.1118,0.1118,0.1116,0.1118,73105.86
2026-04-01 09:30:00,0.1118,0.1122,0.1118,0.1119,249169.29
2026-04-01 09:45:00,0.1118,0.1122,0.1117,0.112,883055.6
2026-04-01 10:00:00,0.1121,0.1124,0.112,0.1122,436037.2
2026-04-01 10:15:00,0.1122,0.1123,0.1119,0.1119,514351.83
2026-04-01 10:30:00,0.1119,0.1119,0.1115,0.1118,326601.87
2026-04-01 10:45:00,0.1118,0.1119,0.1108,0.1112,465179.15
2026-04-01 11:00:00,0.1112,0.1113,0.1109,0.1111,149039.3
2026-04-01 11:15:00,0.1112,0.1113,0.1109,0.1109,154133.26
2026-04-01 11:30:00,0.1109,0.1111,0.1108,0.1111,96342.51
2026-04-01 11:45:00,0.1111,0.1115,0.111,0.1114,456923.36
2026-04-01 12:00:00,0.1115,0.1117,0.1113,0.1115,271880.06
2026-04-01 12:15:00,0.1115,0.1118,0.1113,0.1117,367360.68
2026-04-01 12:30:00,0.1117,0.1134,0.1115,0.1131,713001.68
2026-04-01 12:45:00,0.1131,0.1132,0.1122,0.1122,799541.19
2026-04-01 13:00:00,0.1122,0.1123,0.1118,0.112,124145.99
2026-04-01 13:15:00,0.112,0.1122,0.1119,0.1121,158460.0
2026-04-01 13:30:00,0.1122,0.1122,0.1106,0.111,304578.25
2026-04-01 13:45:00,0.111,0.1112,0.1106,0.1109,310806.89
2026-04-01 14:00:00,0.1109,0.1113,0.1108,0.1112,333206.02
2026-04-01 14:15:00,0.1113,0.1113,0.111,0.1113,219579.44
2026-04-01 14:30:00,0.1113,0.1118,0.1109,0.1117,361804.46
2026-04-01 14:45:00,0.1117,0.1119,0.1113,0.1114,179278.08
2026-04-01 15:00:00,0.1115,0.1116,0.111,0.1111,167956.46
2026-04-01 15:15:00,0.1112,0.1117,0.111,0.1113,167569.09
2026-04-01 15:30:00,0.1113,0.1115,0.1111,0.1115,175105.36
2026-04-01 15:45:00,0.1114,0.1119,0.1114,0.1119,128537.34
2026-04-01 16:00:00,0.1119,0.112,0.1115,0.1116,202201.02
2026-04-01 16:15:00,0.1115,0.112,0.1115,0.112,275943.79
2026-04-01 16:30:00,0.112,0.1121,0.1116,0.1118,207453.02
2026-04-01 16:45:00,0.1118,0.1118,0.1114,0.1117,250729.84
2026-04-01 17:00:00,0.1116,0.1127,0.1116,0.1118,310009.62
2026-04-01 17:15:00,0.1118,0.1119,0.1113,0.1113,206104.1
2026-04-01 17:30:00,0.1113,0.1117,0.1111,0.1114,176949.83
2026-04-01 17:45:00,0.1115,0.1115,0.1111,0.1111,226273.64
2026-04-01 18:00:00,0.1111,0.1114,0.1107,0.1112,309750.74
2026-04-01 18:15:00,0.1111,0.1113,0.111,0.111,131968.83
2026-04-01 18:30:00,0.1109,0.1113,0.1107,0.1111,172733.88
2026-04-01 18:45:00,0.111,0.111,0.1105,0.1106,34531.76
2026-04-01 19:00:00,0.1107,0.1108,0.1105,0.1106,56400.81
2026-04-01 19:15:00,0.1106,0.1112,0.1106,0.1112,100605.51
2026-04-01 19:30:00,0.1113,0.1114,0.111,0.1112,135781.55
2026-04-01 19:45:00,0.1111,0.1112,0.1109,0.1109,132160.99
2026-04-01 20:00:00,0.1109,0.1109,0.1106,0.1106,139979.79
2026-04-01 20:15:00,0.1106,0.1107,0.1102,0.1104,99712.24
2026-04-01 20:30:00,0.1103,0.1108,0.1102,0.1107,128613.65
2026-04-01 20:45:00,0.1107,0.1108,0.1104,0.1108,1140454.65
2026-04-01 21:00:00,0.1108,0.1118,0.1108,0.1115,169537.21
2026-04-01 21:15:00,0.1116,0.1116,0.1112,0.1112,972519.62
2026-04-01 21:30:00,0.1112,0.112,0.1112,0.1117,866162.97
2026-04-01 21:45:00,0.1117,0.1117,0.1111,0.1116,135751.65
2026-04-01 22:00:00,0.1115,0.1115,0.1106,0.1107,127288.21
2026-04-01 22:15:00,0.1106,0.1106,0.1101,0.1102,282776.0
2026-04-01 22:30:00,0.1101,0.1102,0.1096,0.1101,571047.6
2026-04-01 22:45:00,0.1101,0.1102,0.11,0.11,289719.51
2026-04-01 23:00:00,0.11,0.11,0.1098,0.1098,120105.91
2026-04-01 23:15:00,0.1097,0.11,0.1097,0.1099,145122.63
2026-04-01 23:30:00,0.1099,0.1102,0.1098,0.1098,168340.28
2026-04-01 23:45:00,0.1098,0.1102,0.1098,0.1101,96473.97
2026-04-02 00:00:00,0.1102,0.1106,0.1101,0.1103,275941.26
2026-04-02 00:15:00,0.1102,0.1104,0.1101,0.1103,202312.84
2026-04-02 00:30:00,0.1102,0.111,0.1102,0.111,245052.22
2026-04-02 00:45:00,0.111,0.1112,0.1105,0.1109,164425.1
2026-04-02 01:00:00,0.1109,0.1113,0.1094,0.1105,994402.23
2026-04-02 01:15:00,0.1104,0.1104,0.1082,0.1087,887038.21
2026-04-02 01:30:00,0.1087,0.1087,0.1076,0.108,994484.33
2026-04-02 01:45:00,0.1079,0.1086,0.1078,0.1084,399146.26
2026-04-02 02:00:00,0.1083,0.1084,0.1073,0.1074,442923.94
2026-04-02 02:15:00,0.1074,0.1076,0.1067,0.1071,430343.01
2026-04-02 02:30:00,0.107,0.1074,0.1064,0.1064,415621.37
2026-04-02 02:45:00,0.1063,0.1072,0.1063,0.1071,179041.82
2026-04-02 03:00:00,0.107,0.1072,0.1066,0.1068,151504.53
2026-04-02 03:15:00,0.1068,0.1073,0.1065,0.1072,129927.85
2026-04-02 03:30:00,0.1072,0.1076,0.1064,0.1066,769621.12
2026-04-02 03:45:00,0.1066,0.1069,0.1065,0.1068,210767.65
2026-04-02 04:00:00,0.1067,0.1069,0.1066,0.1067,143233.05
2026-04-02 04:15:00,0.1067,0.1069,0.1066,0.1068,191378.67
2026-04-02 04:30:00,0.1067,0.1068,0.1061,0.1063,516878.41
2026-04-02 04:45:00,0.1063,0.1064,0.1062,0.1063,164902.19
2026-04-02 05:00:00,0.1063,0.1067,0.1061,0.1067,222785.12
2026-04-02 05:15:00,0.1066,0.1069,0.1065,0.1065,274318.35
2026-04-02 05:30:00,0.1066,0.1076,0.1066,0.1075,473833.01
2026-04-02 05:45:00,0.1075,0.1077,0.1074,0.1075,352207.51
2026-04-02 06:00:00,0.1076,0.1078,0.1073,0.1076,241772.28
2026-04-02 06:15:00,0.1076,0.1082,0.1074,0.1075,348747.68
2026-04-02 06:30:00,0.1074,0.1074,0.1071,0.1071,143271.12
2026-04-02 06:45:00,0.1072,0.1075,0.1071,0.1074,302826.23
2026-04-02 07:00:00,0.1074,0.1076,0.1072,0.1073,148412.12
2026-04-02 07:15:00,0.1074,0.1076,0.1074,0.1075,75866.34
2026-04-02 07:30:00,0.1075,0.1076,0.1072,0.1073,151266.23
2026-04-02 07:45:00,0.1073,0.1076,0.1072,0.1074,100797.96
2026-04-02 08:00:00,0.1074,0.1075,0.107,0.107,176169.74
2026-04-02 08:15:00,0.1071,0.1072,0.1069,0.1072,78755.49
2026-04-02 08:30:00,0.1071,0.1073,0.1067,0.1068,85053.55
2026-04-02 08:45:00,0.1068,0.1069,0.1066,0.1067,193261.93
2026-04-02 09:00:00,0.1066,0.1067,0.1062,0.1066,614582.08
2026-04-02 09:15:00,0.1067,0.1068,0.1063,0.1065,297537.4
2026-04-02 09:30:00,0.1064,0.1068,0.1063,0.1065,306171.63
2026-04-02 09:45:00,0.1066,0.1066,0.1064,0.1066,120653.68
2026-04-02 10:00:00,0.1066,0.1067,0.1061,0.1062,150042.71
2026-04-02 10:15:00,0.1062,0.1065,0.1061,0.1064,62281.66
2026-04-02 10:30:00,0.1063,0.1066,0.1061,0.1065,181802.68
2026-04-02 10:45:00,0.1065,0.1066,0.1064,0.1065,103582.07
2026-04-02 11:00:00,0.1065,0.1066,0.1062,0.1063,186528.25
2026-04-02 11:15:00,0.1064,0.1069,0.106,0.1066,258677.28
2026-04-02 11:30:00,0.1065,0.1066,0.1063,0.1066,114842.12
2026-04-02 11:45:00,0.1066,0.107,0.1066,0.1068,81054.77
2026-04-02 12:00:00,0.1068,0.1068,0.106,0.1061,200012.37
2026-04-02 12:15:00,0.1062,0.1064,0.1059,0.1061,212829.38
2026-04-02 12:30:00,0.106,0.1062,0.1058,0.1061,74821.1
2026-04-02 12:45:00,0.1062,0.1062,0.1052,0.1056,1963597.25
2026-04-02 13:00:00,0.1056,0.1058,0.1051,0.1052,484762.34
2026-04-02 13:15:00,0.1051,0.1057,0.105,0.1054,602089.74
2026-04-02 13:30:00,0.1055,0.1057,0.1046,0.105,551401.84
2026-04-02 13:45:00,0.105,0.1054,0.1049,0.1053,758871.07
2026-04-02 14:00:00,0.1053,0.1057,0.1051,0.1055,489572.46
2026-04-02 14:15:00,0.1055,0.1058,0.1054,0.1055,197748.23
2026-04-02 14:30:00,0.1056,0.1072,0.1056,0.1072,1234485.34
2026-04-02 14:45:00,0.1072,0.1073,0.1064,0.1071,216272.98
2026-04-02 15:00:00,0.1071,0.1071,0.1067,0.1069,244509.69
2026-04-02 15:15:00,0.1068,0.1068,0.1059,0.1066,403156.78
2026-04-02 15:30:00,0.1066,0.1071,0.1065,0.107,194416.19
2026-04-02 15:45:00,0.107,0.107,0.1062,0.1066,1845157.15
2026-04-02 16:00:00,0.1067,0.1067,0.1064,0.1064,738355.15
2026-04-02 16:15:00,0.1063,0.1063,0.1058,0.1062,431320.0
2026-04-02 16:30:00,0.1062,0.1073,0.1061,0.1071,684186.3
2026-04-02 16:45:00,0.1071,0.1072,0.1065,0.1066,404860.89
2026-04-02 17:00:00,0.1065,0.1072,0.1062,0.1072,247669.79
2026-04-02 17:15:00,0.1072,0.108,0.1072,0.1074,352491.37
2026-04-02 17:30:00,0.1073,0.1073,0.1065,0.1066,1224105.35
2026-04-02 17:45:00,0.1066,0.1066,0.106,0.1062,535736.13
2026-04-02 18:00:00,0.1063,0.1068,0.1063,0.1065,208395.99
2026-04-02 18:15:00,0.1065,0.1068,0.1064,0.1066,206969.09
2026-04-02 18:30:00,0.1066,0.1068,0.1065,0.1066,212346.12
2026-04-02 18:45:00,0.1067,0.1073,0.1067,0.1069,107843.91
2026-04-02 19:00:00,0.1069,0.1069,0.1065,0.1066,54143.8
2026-04-02 19:15:00,0.1066,0.1068,0.1063,0.1067,326246.31
2026-04-02 19:30:00,0.1067,0.1067,0.1061,0.1062,220705.39
2026-04-02 19:45:00,0.1062,0.1065,0.1062,0.1063,448509.52
2026-04-02 20:00:00,0.1063,0.1063,0.1058,0.106,1027826.39
2026-04-02 20:15:00,0.106,0.1068,0.106,0.1068,145233.36
2026-04-02 20:30:00,0.1067,0.1072,0.1067,0.1068,163302.87
2026-04-02 20:45:00,0.1068,0.1069,0.1065,0.1065,46315.71
2026-04-02 21:00:00,0.1066,0.1066,0.1059,0.1062,112924.0
2026-04-02 21:15:00,0.1062,0.1063,0.106,0.1061,55551.36
2026-04-02 21:30:00,0.1061,0.1064,0.106,0.1061,128959.04
2026-04-02 21:45:00,0.1062,0.1065,0.1061,0.1064,27671.6
2026-04-02 22:00:00,0.1064,0.1067,0.1063,0.1065,35827.52
2026-04-02 22:15:00,0.1065,0.1066,0.1059,0.1061,326473.39
2026-04-02 22:30:00,0.1061,0.1064,0.1061,0.1063,121485.24
2026-04-02 22:45:00,0.1063,0.1063,0.1061,0.1062,226816.35
2026-04-02 23:00:00,0.1061,0.1063,0.1061,0.1062,172096.33
2026-04-02 23:15:00,0.1063,0.1066,0.1063,0.1063,255015.97
2026-04-02 23:30:00,0.1062,0.1065,0.1062,0.1064,122567.8
2026-04-02 23:45:00,0.1064,0.1065,0.1063,0.1064,38329.23
2026-04-03 00:00:00,0.1064,0.1065,0.1063,0.1064,83814.98
2026-04-03 00:15:00,0.1064,0.1065,0.1061,0.1062,142301.05
2026-04-03 00:30:00,0.1061,0.1065,0.106,0.1063,415592.92
2026-04-03 00:45:00,0.1063,0.1065,0.1062,0.1064,158375.63
2026-04-03 01:00:00,0.1065,0.1066,0.1063,0.1066,186658.5
2026-04-03 01:15:00,0.1065,0.107,0.1063,0.1069,408696.38
2026-04-03 01:30:00,0.1069,0.107,0.1063,0.1065,94782.74
2026-04-03 01:45:00,0.1064,0.1069,0.1063,0.1068,134352.92
2026-04-03 02:00:00,0.1069,0.107,0.1067,0.107,397706.14
2026-04-03 02:15:00,0.107,0.1077,0.107,0.1072,264816.23
2026-04-03 02:30:00,0.1071,0.1071,0.1066,0.1066,193876.4
2026-04-03 02:45:00,0.1066,0.1075,0.1066,0.1072,449133.34
2026-04-03 03:00:00,0.1072,0.1073,0.1069,0.1073,164709.47
2026-04-03 03:15:00,0.1073,0.1078,0.1073,0.1075,82087.13
2026-04-03 03:30:00,0.1075,0.1076,0.1072,0.1076,230672.47
2026-04-03 03:45:00,0.1076,0.1082,0.1076,0.1076,833906.98
2026-04-03 04:00:00,0.1076,0.1081,0.1075,0.1081,223222.17
2026-04-03 04:15:00,0.108,0.1081,0.1076,0.1076,128509.31
2026-04-03 04:30:00,0.1076,0.1079,0.1076,0.1078,149177.72
2026-04-03 04:45:00,0.1077,0.1085,0.1076,0.1083,460771.72
2026-04-03 05:00:00,0.1084,0.1087,0.1083,0.1085,256226.28
2026-04-03 05:15:00,0.1085,0.1087,0.1081,0.1086,222807.44
2026-04-03 05:30:00,0.1087,0.1094,0.1087,0.1091,426826.25
2026-04-03 05:45:00,0.1091,0.1095,0.109,0.1092,319780.65
2026-04-03 06:00:00,0.1091,0.1093,0.1091,0.1093,223365.15
2026-04-03 06:15:00,0.1093,0.1096,0.1091,0.1092,396245.74
2026-04-03 06:30:00,0.1092,0.1097,0.109,0.1096,283748.55
2026-04-03 06:45:00,0.1096,0.11,0.1095,0.1095,861556.78
2026-04-03 07:00:00,0.1094,0.1099,0.1094,0.1098,213826.91
2026-04-03 07:15:00,0.1098,0.1098,0.109,0.1091,249743.26
2026-04-03 07:30:00,0.1091,0.1096,0.1089,0.1091,174796.82
2026-04-03 07:45:00,0.1091,0.1091,0.1089,0.1091,299388.72
2026-04-03 08:00:00,0.1092,0.11,0.1091,0.1098,301670.11
2026-04-03 08:15:00,0.1098,0.1099,0.1093,0.1099,162759.64
2026-04-03 08:30:00,0.1099,0.1103,0.1099,0.1101,513637.07
2026-04-03 08:45:00,0.11,0.1104,0.1099,0.1101,189704.06
2026-04-03 09:00:00,0.1101,0.1104,0.1099,0.1103,294094.48
2026-04-03 09:15:00,0.1103,0.1107,0.1097,0.1107,977018.51
2026-04-03 09:30:00,0.1106,0.1111,0.1104,0.111,230409.02
2026-04-03 09:45:00,0.111,0.1111,0.1106,0.1108,255041.85
2026-04-03 10:00:00,0.1109,0.1111,0.1105,0.1106,453944.43
2026-04-03 10:15:00,0.1106,0.1106,0.11,0.1101,190966.9
2026-04-03 10:30:00,0.11,0.1101,0.1096,0.1098,451818.85
2026-04-03 10:45:00,0.1098,0.1101,0.1097,0.11,174697.93
2026-04-03 11:00:00,0.11,0.1103,0.11,0.1102,126867.87
2026-04-03 11:15:00,0.1102,0.1105,0.1099,0.1104,622713.25
2026-04-03 11:30:00,0.1105,0.1107,0.1102,0.1102,241065.87
2026-04-03 11:45:00,0.1102,0.1109,0.1102,0.1108,264057.14
2026-04-03 12:00:00,0.1108,0.1112,0.1106,0.1111,111303.96
2026-04-03 12:15:00,0.1111,0.1111,0.1104,0.1106,321667.77
2026-04-03 12:30:00,0.1106,0.1119,0.1102,0.1104,2045319.47
2026-04-03 12:45:00,0.1104,0.1106,0.11,0.1104,283667.92
2026-04-03 13:00:00,0.1105,0.1105,0.11,0.1102,151665.92
2026-04-03 13:15:00,0.1101,0.1103,0.1098,0.1102,162656.39
2026-04-03 13:30:00,0.1102,0.1102,0.1096,0.1097,307276.08
2026-04-03 13:45:00,0.1097,0.1101,0.1095,0.11,213512.79
2026-04-03 14:00:00,0.11,0.1101,0.1096,0.1098,199177.69
2026-04-03 14:15:00,0.1098,0.1106,0.1096,0.1103,189846.41
2026-04-03 14:30:00,0.1102,0.1103,0.1099,0.11,144466.98
2026-04-03 14:45:00,0.11,0.1109,0.11,0.1105,263357.6
2026-04-03 15:00:00,0.1105,0.1109,0.1103,0.1106,359520.63
2026-04-03 15:15:00,0.1106,0.1106,0.1104,0.1104,301810.11
2026-04-03 15:30:00,0.1104,0.1105,0.1099,0.1099,160298.19
2026-04-03 15:45:00,0.11,0.1101,0.1099,0.1099,106099.11
2026-04-03 16:00:00,0.1099,0.1103,0.1099,0.1102,259102.2
2026-04-03 16:15:00,0.1102,0.1105,0.1101,0.1104,228967.4
2026-04-03 16:30:00,0.1103,0.1103,0.1099,0.11,408976.27
2026-04-03 16:45:00,0.1101,0.1104,0.1099,0.1103,214650.67
2026-04-03 17:00:00,0.1103,0.1106,0.1101,0.1104,279671.19
2026-04-03 17:15:00,0.1105,0.1105,0.1101,0.1104,200903.39
2026-04-03 17:30:00,0.1105,0.1107,0.1102,0.1102,102241.48
2026-04-03 17:45:00,0.1102,0.1102,0.1098,0.1102,113718.24
2026-04-03 18:00:00,0.1101,0.1105,0.1101,0.1105,66846.98
2026-04-03 18:15:00,0.1105,0.1106,0.11,0.1101,173424.21
2026-04-03 18:30:00,0.1101,0.1103,0.11,0.1102,239050.78
2026-04-03 18:45:00,0.1103,0.1104,0.1102,0.1102,83639.33
2026-04-03 19:00:00,0.1102,0.1102,0.1097,0.1098,181752.72
2026-04-03 19:15:00,0.1098,0.1103,0.1098,0.11,154649.75
2026-04-03 19:30:00,0.11,0.1103,0.11,0.1103,165839.58
2026-04-03 19:45:00,0.1103,0.1105,0.1103,0.1105,151426.98
2026-04-03 20:00:00,0.1105,0.1109,0.1105,0.1108,90452.22
2026-04-03 20:15:00,0.1107,0.1109,0.1102,0.1103,76193.65
2026-04-03 20:30:00,0.1103,0.1105,0.1102,0.1103,149704.44
2026-04-03 20:45:00,0.1103,0.1104,0.1102,0.1104,44861.14
2026-04-03 21:00:00,0.1105,0.111,0.1105,0.111,186817.94
2026-04-03 21:15:00,0.111,0.111,0.1107,0.1108,42612.15
2026-04-03 21:30:00,0.1108,0.1111,0.1108,0.111,199629.94
2026-04-03 21:45:00,0.111,0.111,0.1107,0.1109,71460.53
2026-04-03 22:00:00,0.1109,0.1111,0.1105,0.1107,293500.58
2026-04-03 22:15:00,0.1107,0.111,0.1107,0.1109,92234.83
2026-04-03 22:30:00,0.111,0.1111,0.1107,0.1107,87170.67
2026-04-03 22:45:00,0.1106,0.1106,0.1102,0.1103,132602.62
2026-04-03 23:00:00,0.1103,0.1103,0.1099,0.11,79596.12
2026-04-03 23:15:00,0.1101,0.1101,0.1098,0.1098,67149.89
2026-04-03 23:30:00,0.1098,0.11,0.1097,0.1099,90606.52
2026-04-03 23:45:00,0.11,0.1103,0.11,0.11,95833.98
2026-04-04 00:00:00,0.1101,0.1102,0.1098,0.1098,241081.64
2026-04-04 00:15:00,0.1098,0.1098,0.1094,0.1097,206304.31
2026-04-04 00:30:00,0.1096,0.11,0.1095,0.11,340727.88
2026-04-04 00:45:00,0.1099,0.1099,0.1094,0.1096,65995.25
2026-04-04 01:00:00,0.1096,0.1099,0.1095,0.1096,207457.55
2026-04-04 01:15:00,0.1096,0.1099,0.1095,0.1099,77558.86
2026-04-04 01:30:00,0.1098,0.1101,0.1098,0.11,59449.2
2026-04-04 01:45:00,0.1099,0.11,0.1097,0.11,73243.87
2026-04-04 02:00:00,0.1099,0.1101,0.1097,0.11,99228.05
2026-04-04 02:15:00,0.1101,0.1104,0.11,0.1104,214311.56
2026-04-04 02:30:00,0.1104,0.1104,0.11,0.1103,356780.88
2026-04-04 02:45:00,0.1102,0.1104,0.11,0.1101,180929.18
2026-04-04 03:00:00,0.1101,0.1102,0.1098,0.11,281943.38
2026-04-04 03:15:00,0.11,0.1102,0.1099,0.1102,88959.35
2026-04-04 03:30:00,0.1102,0.1109,0.1102,0.1108,100211.0
2026-04-04 03:45:00,0.1107,0.1107,0.1103,0.1103,212058.65
2026-04-04 04:00:00,0.1102,0.1102,0.11,0.11,91266.89
2026-04-04 04:15:00,0.1101,0.1102,0.1097,0.1101,317396.95
2026-04-04 04:30:00,0.1101,0.1102,0.11,0.1101,82995.05
2026-04-04 04:45:00,0.1101,0.1102,0.1099,0.1101,104880.75
2026-04-04 05:00:00,0.11,0.11,0.1098,0.1099,147524.53
2026-04-04 05:15:00,0.1098,0.1102,0.1098,0.11,78179.71
2026-04-04 05:30:00,0.1101,0.1105,0.11,0.11,196554.93
2026-04-04 05:45:00,0.11,0.1102,0.1098,0.1098,398477.23
2026-04-04 06:00:00,0.1097,0.1098,0.1096,0.1097,47075.24
2026-04-04 06:15:00,0.1097,0.1097,0.1095,0.1096,92651.87
2026-04-04 06:30:00,0.1097,0.11,0.1097,0.11,30027.59
2026-04-04 06:45:00,0.1101,0.1104,0.1101,0.1103,110922.74
2026-04-04 07:00:00,0.1103,0.1111,0.1103,0.1111,165688.68
2026-04-04 07:15:00,0.111,0.111,0.1107,0.1108,612691.75
2026-04-04 07:30:00,0.1108,0.1109,0.1107,0.1107,82595.96
2026-04-04 07:45:00,0.1106,0.1108,0.1105,0.1105,149008.04
2026-04-04 08:00:00,0.1104,0.1106,0.1102,0.1103,134405.76
2026-04-04 08:15:00,0.1104,0.1104,0.1102,0.1103,214970.05
2026-04-04 08:30:00,0.1102,0.1103,0.1099,0.1103,382292.79
2026-04-04 08:45:00,0.1103,0.1104,0.1101,0.1103,82188.84
2026-04-04 09:00:00,0.1103,0.1106,0.11,0.1102,294233.96
2026-04-04 09:15:00,0.1101,0.1101,0.1095,0.1098,74880.54
2026-04-04 09:30:00,0.1098,0.1099,0.1096,0.1098,65283.09
2026-04-04 09:45:00,0.1099,0.1099,0.1096,0.1097,290665.63
2026-04-04 10:00:00,0.1096,0.1097,0.109,0.1091,257286.42
2026-04-04 10:15:00,0.1091,0.1092,0.109,0.1091,146306.76
2026-04-04 10:30:00,0.1091,0.1097,0.109,0.1096,175177.79
2026-04-04 10:45:00,0.1096,0.1096,0.1095,0.1095,111308.87
2026-04-04 11:00:00,0.1095,0.1097,0.1095,0.1095,42282.92
2026-04-04 11:15:00,0.1095,0.1096,0.1094,0.1095,57533.68
2026-04-04 11:30:00,0.1094,0.1098,0.1094,0.1098,208568.3
2026-04-04 11:45:00,0.1098,0.11,0.1098,0.1099,103623.75
2026-04-04 12:00:00,0.1098,0.1099,0.1097,0.1098,84310.81
2026-04-04 12:15:00,0.1098,0.1099,0.1096,0.1096,106509.94
2026-04-04 12:30:00,0.1095,0.1096,0.1094,0.1094,163666.31
2026-04-04 12:45:00,0.1095,0.1097,0.1095,0.1097,8352.69
2026-04-04 13:00:00,0.1096,0.1097,0.1094,0.1096,30930.29
2026-04-04 13:15:00,0.1096,0.1097,0.1094,0.1095,75242.01
2026-04-04 13:30:00,0.1094,0.1095,0.1091,0.1092,158271.74
2026-04-04 13:45:00,0.1091,0.1092,0.1087,0.1089,160194.07
2026-04-04 14:00:00,0.1088,0.1089,0.1086,0.1087,205363.39
2026-04-04 14:15:00,0.1087,0.1089,0.1087,0.1088,30242.73
2026-04-04 14:30:00,0.1088,0.1089,0.1084,0.1089,292155.7
2026-04-04 14:45:00,0.109,0.1097,0.1089,0.1096,150889.37
2026-04-04 15:00:00,0.1095,0.1103,0.1094,0.1097,676649.53
2026-04-04 15:15:00,0.1097,0.1097,0.1093,0.1094,161845.99
2026-04-04 15:30:00,0.1095,0.1097,0.1093,0.1095,161121.97
2026-04-04 15:45:00,0.1094,0.1095,0.1093,0.1095,55672.98
2026-04-04 16:00:00,0.1095,0.1097,0.1095,0.1095,76796.87
2026-04-04 16:15:00,0.1094,0.1098,0.1093,0.1098,111251.02
2026-04-04 16:30:00,0.1098,0.1099,0.1096,0.1096,175350.13
2026-04-04 16:45:00,0.1095,0.1097,0.1092,0.1093,107081.87
2026-04-04 17:00:00,0.1093,0.1102,0.1091,0.1101,121777.71
2026-04-04 17:15:00,0.1102,0.1107,0.1102,0.1107,275400.82
2026-04-04 17:30:00,0.1107,0.1107,0.1104,0.1105,148934.73
2026-04-04 17:45:00,0.1105,0.1105,0.1102,0.1103,54371.95
2026-04-04 18:00:00,0.1103,0.1106,0.1101,0.1102,101585.04
2026-04-04 18:15:00,0.1102,0.1104,0.1101,0.1103,119804.32
2026-04-04 18:30:00,0.1102,0.1103,0.1101,0.1101,166815.22
2026-04-04 18:45:00,0.1102,0.1104,0.11,0.1103,248662.36
2026-04-04 19:00:00,0.1103,0.1114,0.1102,0.1114,269569.94
2026-04-04 19:15:00,0.1114,0.1115,0.1102,0.1104,220409.79
2026-04-04 19:30:00,0.1105,0.1105,0.11,0.1101,83674.16
2026-04-04 19:45:00,0.1102,0.1106,0.1102,0.1105,34891.04
2026-04-04 20:00:00,0.1105,0.1105,0.1099,0.1101,110756.44
2026-04-04 20:15:00,0.1101,0.1105,0.1101,0.1104,116566.86
2026-04-04 20:30:00,0.1103,0.1105,0.1102,0.1105,201206.85
2026-04-04 20:45:00,0.1104,0.1105,0.1102,0.1102,30999.19
2026-04-04 21:00:00,0.1102,0.1108,0.1102,0.1106,366705.73
2026-04-04 21:15:00,0.1106,0.1106,0.1103,0.1104,86390.06
2026-04-04 21:30:00,0.1104,0.1106,0.1102,0.1104,165270.24
2026-04-04 21:45:00,0.1104,0.1105,0.1103,0.1103,43810.08
2026-04-04 22:00:00,0.1103,0.1106,0.1103,0.1106,19424.39
2026-04-04 22:15:00,0.1106,0.1107,0.1104,0.1105,108789.97
2026-04-04 22:30:00,0.1106,0.1107,0.1104,0.1106,62317.97
2026-04-04 22:45:00,0.1106,0.1106,0.1105,0.1105,40883.29
2026-04-04 23:00:00,0.1104,0.1105,0.1104,0.1105,18780.59
2026-04-04 23:15:00,0.1104,0.1106,0.1104,0.1104,158006.1
2026-04-04 23:30:00,0.1104,0.1105,0.1103,0.1104,66565.73
2026-04-04 23:45:00,0.1104,0.1107,0.1104,0.1106,82383.59
2026-04-05 00:00:00,0.1107,0.1109,0.1103,0.1105,387163.39
2026-04-05 00:15:00,0.1105,0.1107,0.1103,0.1105,296983.52
2026-04-05 00:30:00,0.1105,0.1105,0.1101,0.1103,268888.25
2026-04-05 00:45:00,0.1102,0.1102,0.11,0.1102,67808.42
2026-04-05 01:00:00,0.1103,0.1106,0.11,0.1103,297364.52
2026-04-05 01:15:00,0.1102,0.1103,0.11,0.11,117548.86
2026-04-05 01:30:00,0.11,0.11,0.1099,0.11,117826.76
2026-04-05 01:45:00,0.1099,0.1099,0.1098,0.1098,56076.45
2026-04-05 02:00:00,0.1098,0.1098,0.1094,0.1094,94631.09
2026-04-05 02:15:00,0.1094,0.1098,0.1093,0.1097,194755.64
2026-04-05 02:30:00,0.1096,0.1097,0.1094,0.1095,258505.95
2026-04-05 02:45:00,0.1095,0.1096,0.1094,0.1095,88791.39
2026-04-05 03:00:00,0.1095,0.1095,0.1093,0.1094,62789.67
2026-04-05 03:15:00,0.1094,0.1094,0.1093,0.1094,135328.33
2026-04-05 03:30:00,0.1094,0.1094,0.109,0.1093,191846.8
2026-04-05 03:45:00,0.1092,0.1093,0.1092,0.1093,48610.04
2026-04-05 04:00:00,0.1092,0.1092,0.1091,0.1091,53247.32
2026-04-05 04:15:00,0.1091,0.1092,0.109,0.1092,39661.0
2026-04-05 04:30:00,0.1092,0.1092,0.109,0.1091,74140.61
2026-04-05 04:45:00,0.1091,0.1091,0.1089,0.1089,52230.26
2026-04-05 05:00:00,0.1088,0.1091,0.1088,0.1089,15141.43
2026-04-05 05:15:00,0.1089,0.1089,0.1088,0.1088,24374.68
2026-04-05 05:30:00,0.1087,0.1088,0.1084,0.1085,100292.58
2026-04-05 05:45:00,0.1085,0.1085,0.1079,0.1081,232085.95
2026-04-05 06:00:00,0.108,0.1081,0.1072,0.1073,281354.45
2026-04-05 06:15:00,0.1072,0.1076,0.1069,0.1076,158903.07
2026-04-05 06:30:00,0.1075,0.1078,0.1075,0.1078,67552.94
2026-04-05 06:45:00,0.1079,0.1079,0.1074,0.1075,213043.44
2026-04-05 07:00:00,0.1075,0.1076,0.1072,0.1074,111392.97
2026-04-05 07:15:00,0.1075,0.1076,0.1073,0.1075,170223.47
2026-04-05 07:30:00,0.1074,0.1074,0.1069,0.107,90284.77
2026-04-05 07:45:00,0.1071,0.1073,0.107,0.1071,72518.82
2026-04-05 08:00:00,0.1071,0.1073,0.1069,0.1073,141728.28
2026-04-05 08:15:00,0.1074,0.1075,0.1072,0.1073,84904.51
2026-04-05 08:30:00,0.1073,0.1074,0.1072,0.1073,27604.86
2026-04-05 08:45:00,0.1073,0.1074,0.1073,0.1074,3920.57
2026-04-05 09:00:00,0.1074,0.1076,0.1074,0.1075,53067.06
2026-04-05 09:15:00,0.1075,0.1078,0.1074,0.1077,79711.13
2026-04-05 09:30:00,0.1077,0.1077,0.1074,0.1076,19139.9
2026-04-05 09:45:00,0.1076,0.1079,0.1076,0.1078,191072.33
2026-04-05 10:00:00,0.1078,0.1078,0.1073,0.1074,38016.86
2026-04-05 10:15:00,0.1075,0.1075,0.1073,0.1073,52548.03
2026-04-05 10:30:00,0.1073,0.1079,0.1072,0.1074,154662.14
2026-04-05 10:45:00,0.1074,0.1074,0.107,0.1071,79010.23
2026-04-05 11:00:00,0.1071,0.1072,0.1068,0.1071,148212.06
2026-04-05 11:15:00,0.1072,0.1073,0.1069,0.107,168688.48
2026-04-05 11:30:00,0.107,0.1074,0.107,0.1073,217552.07
2026-04-05 11:45:00,0.1073,0.1074,0.1072,0.1073,52498.08
2026-04-05 12:00:00,0.1072,0.1073,0.107,0.1071,289412.04
2026-04-05 12:15:00,0.1071,0.1072,0.1068,0.107,370414.62
2026-04-05 12:30:00,0.1069,0.107,0.1062,0.1065,625973.34
2026-04-05 12:45:00,0.1064,0.1067,0.1064,0.1067,84122.6
2026-04-05 13:00:00,0.1066,0.1067,0.1063,0.1063,214200.28
2026-04-05 13:15:00,0.1062,0.1065,0.1058,0.106,217166.64
2026-04-05 13:30:00,0.1059,0.1066,0.1057,0.1066,258679.87
2026-04-05 13:45:00,0.1067,0.1068,0.1066,0.1068,186502.99
2026-04-05 14:00:00,0.1067,0.107,0.1065,0.1065,208101.59
2026-04-05 14:15:00,0.1066,0.107,0.1064,0.1069,233844.22
2026-04-05 14:30:00,0.1069,0.1069,0.1068,0.1069,49815.17
2026-04-05 14:45:00,0.1068,0.1068,0.1066,0.1066,17727.91
2026-04-05 15:00:00,0.1066,0.1067,0.1061,0.1064,245261.94
2026-04-05 15:15:00,0.1064,0.1077,0.1063,0.1074,342912.03
2026-04-05 15:30:00,0.1074,0.1083,0.1068,0.107,809304.62
2026-04-05 15:45:00,0.1071,0.1073,0.1069,0.1071,193756.05
2026-04-05 16:00:00,0.1071,0.1073,0.107,0.1072,230305.18
2026-04-05 16:15:00,0.1071,0.1072,0.1069,0.1069,48835.44
2026-04-05 16:30:00,0.1068,0.107,0.1067,0.1069,77605.37
2026-04-05 16:45:00,0.1069,0.1069,0.1065,0.1065,121044.3
2026-04-05 17:00:00,0.1065,0.1067,0.1064,0.1066,84156.12
2026-04-05 17:15:00,0.1065,0.1065,0.1062,0.1065,88505.63
2026-04-05 17:30:00,0.1065,0.1071,0.1064,0.1071,91317.71
2026-04-05 17:45:00,0.1072,0.1073,0.1069,0.107,191058.49
2026-04-05 18:00:00,0.107,0.1071,0.1068,0.1069,190037.2
2026-04-05 18:15:00,0.1068,0.1068,0.1066,0.1067,60585.68
2026-04-05 18:30:00,0.1067,0.1072,0.1067,0.1069,192266.55
2026-04-05 18:45:00,0.1069,0.1069,0.1067,0.1068,22954.78
2026-04-05 19:00:00,0.1068,0.1069,0.1067,0.1068,91495.61
2026-04-05 19:15:00,0.1068,0.1073,0.1068,0.1071,111485.14
2026-04-05 19:30:00,0.107,0.107,0.1065,0.1065,74473.58
2026-04-05 19:45:00,0.1065,0.107,0.1064,0.1069,141370.54
2026-04-05 20:00:00,0.1069,0.1071,0.1068,0.1069,20158.17
2026-04-05 20:15:00,0.1069,0.107,0.1068,0.107,44307.43
2026-04-05 20:30:00,0.1069,0.1072,0.1068,0.107,303111.69
2026-04-05 20:45:00,0.1069,0.1072,0.1069,0.1071,88205.18
2026-04-05 21:00:00,0.1071,0.1071,0.1068,0.1069,204858.7
2026-04-05 21:15:00,0.1069,0.1069,0.1065,0.1067,132126.51
2026-04-05 21:30:00,0.1067,0.1069,0.1066,0.1067,172222.67
2026-04-05 21:45:00,0.1067,0.1072,0.1067,0.1068,48042.0
2026-04-05 22:00:00,0.1069,0.1072,0.1068,0.1071,173580.66
2026-04-05 22:15:00,0.1071,0.1071,0.1066,0.1068,206333.54
2026-04-05 22:30:00,0.1068,0.108,0.1068,0.1079,387354.72
2026-04-05 22:45:00,0.1079,0.109,0.1079,0.109,351430.97
2026-04-05 23:00:00,0.109,0.1092,0.1086,0.1091,391991.23
2026-04-05 23:15:00,0.1092,0.1099,0.1092,0.1096,439597.9
2026-04-05 23:30:00,0.1096,0.1103,0.1096,0.1098,389218.78
2026-04-05 23:45:00,0.1099,0.1104,0.1099,0.1103,133380.0
2026-04-06 00:00:00,0.1104,0.1115,0.1104,0.1113,628825.96
2026-04-06 00:15:00,0.1112,0.1118,0.1109,0.1116,218121.13
2026-04-06 00:30:00,0.1115,0.1118,0.1113,0.1116,470323.05
2026-04-06 00:45:00,0.1117,0.1118,0.1109,0.111,462293.73
2026-04-06 01:00:00,0.1109,0.111,0.1102,0.1104,285406.6
2026-04-06 01:15:00,0.1103,0.1107,0.1101,0.1107,123215.58
2026-04-06 01:30:00,0.1106,0.1107,0.1104,0.1105,118160.48
2026-04-06 01:45:00,0.1105,0.1107,0.1104,0.1105,145601.77
2026-04-06 02:00:00,0.1106,0.1123,0.1106,0.1119,589753.75
2026-04-06 02:15:00,0.1118,0.1124,0.1116,0.1119,398715.68
2026-04-06 02:30:00,0.112,0.1123,0.1114,0.1115,120427.5
2026-04-06 02:45:00,0.1116,0.1122,0.1115,0.112,223021.81
2026-04-06 03:00:00,0.112,0.1122,0.1117,0.1117,159582.31
2026-04-06 03:15:00,0.1117,0.1118,0.111,0.1114,271338.04
2026-04-06 03:30:00,0.1114,0.1114,0.111,0.1112,87808.74
2026-04-06 03:45:00,0.1112,0.1116,0.1112,0.1116,166968.81
2026-04-06 04:00:00,0.1117,0.1123,0.1116,0.1118,316021.7
2026-04-06 04:15:00,0.1118,0.1119,0.1117,0.1119,196978.75
2026-04-06 04:30:00,0.1118,0.1125,0.1117,0.1123,108656.99
2026-04-06 04:45:00,0.1124,0.1124,0.1119,0.1121,121415.25
2026-04-06 05:00:00,0.1122,0.1125,0.1121,0.1124,203817.53
2026-04-06 05:15:00,0.1124,0.1126,0.1119,0.1119,283632.3
2026-04-06 05:30:00,0.1119,0.1122,0.1119,0.1121,131276.43
2026-04-06 05:45:00,0.112,0.1121,0.1119,0.112,67692.67
2026-04-06 06:00:00,0.1121,0.1122,0.1118,0.112,172065.05
2026-04-06 06:15:00,0.1119,0.1119,0.1109,0.1113,344891.89
2026-04-06 06:30:00,0.1113,0.112,0.1113,0.1118,248604.09
2026-04-06 06:45:00,0.1117,0.1122,0.1115,0.1118,969227.24
2026-04-06 07:00:00,0.1118,0.1118,0.1114,0.1115,83671.22
2026-04-06 07:15:00,0.1115,0.112,0.1115,0.1116,105781.76
2026-04-06 07:30:00,0.1115,0.1116,0.1113,0.1116,95225.32
2026-04-06 07:45:00,0.1117,0.1122,0.1116,0.112,222163.44
2026-04-06 08:00:00,0.1121,0.1123,0.112,0.1122,169648.21
2026-04-06 08:15:00,0.1122,0.1125,0.1122,0.1124,127002.64
2026-04-06 08:30:00,0.1124,0.113,0.1124,0.1126,443759.06
2026-04-06 08:45:00,0.1125,0.1126,0.1121,0.1121,81324.03
2026-04-06 09:00:00,0.1121,0.1126,0.1121,0.1125,312451.54
2026-04-06 09:15:00,0.1125,0.1136,0.1125,0.113,552691.83
2026-04-06 09:30:00,0.1131,0.1132,0.1123,0.1125,539969.6
2026-04-06 09:45:00,0.1126,0.1133,0.1126,0.1132,194703.33
2026-04-06 10:00:00,0.1133,0.1141,0.1133,0.1138,518470.2
2026-04-06 10:15:00,0.1139,0.1143,0.1139,0.1141,185136.68
2026-04-06 10:30:00,0.1141,0.1145,0.114,0.1142,238170.39
2026-04-06 10:45:00,0.1142,0.1143,0.1136,0.1142,813001.77
2026-04-06 11:00:00,0.1142,0.1146,0.114,0.1144,308618.13
2026-04-06 11:15:00,0.1145,0.1147,0.1142,0.1142,201111.15
2026-04-06 11:30:00,0.1143,0.1146,0.1142,0.1145,237852.83
2026-04-06 11:45:00,0.1146,0.1148,0.1145,0.1147,383745.99
2026-04-06 12:00:00,0.1148,0.115,0.1147,0.115,240914.24
2026-04-06 12:15:00,0.115,0.1151,0.1147,0.1149,508008.23
2026-04-06 12:30:00,0.1149,0.115,0.1139,0.1139,586753.7
2026-04-06 12:45:00,0.114,0.1141,0.1136,0.1141,534234.91
2026-04-06 13:00:00,0.1141,0.1141,0.1136,0.1136,226087.52
2026-04-06 13:15:00,0.1137,0.1138,0.1133,0.1133,172144.53
2026-04-06 13:30:00,0.1134,0.1137,0.1129,0.1131,215375.98
2026-04-06 13:45:00,0.1131,0.1133,0.113,0.1133,70710.61
2026-04-06 14:00:00,0.1133,0.1137,0.1128,0.1132,510556.12
2026-04-06 14:15:00,0.1133,0.1136,0.113,0.113,164790.08
2026-04-06 14:30:00,0.1129,0.1132,0.1122,0.1123,318490.97
2026-04-06 14:45:00,0.1123,0.1131,0.1122,0.1131,131986.34
2026-04-06 15:00:00,0.1131,0.1134,0.113,0.1133,319509.36
2026-04-06 15:15:00,0.1132,0.1134,0.113,0.1134,99856.85
2026-04-06 15:30:00,0.1135,0.1138,0.1135,0.1136,260527.24
2026-04-06 15:45:00,0.1137,0.1138,0.1136,0.1137,140835.11
2026-04-06 16:00:00,0.1136,0.1138,0.1133,0.1135,136352.71
2026-04-06 16:15:00,0.1134,0.1135,0.1131,0.1133,61616.63
2026-04-06 16:30:00,0.1133,0.1134,0.1131,0.1132,129900.52
2026-04-06 16:45:00,0.1132,0.1136,0.1129,0.1132,205312.5
2026-04-06 17:00:00,0.1132,0.1133,0.1125,0.1126,243328.6
2026-04-06 17:15:00,0.1125,0.1134,0.1124,0.1133,128428.29
2026-04-06 17:30:00,0.1133,0.1135,0.1129,0.1129,178517.75
2026-04-06 17:45:00,0.1129,0.113,0.1128,0.1129,95459.94
2026-04-06 18:00:00,0.1129,0.1132,0.1126,0.1129,210110.73
2026-04-06 18:15:00,0.1129,0.113,0.1128,0.1129,85065.65
2026-04-06 18:30:00,0.1129,0.1129,0.1125,0.1126,96747.28
2026-04-06 18:45:00,0.1126,0.1127,0.1125,0.1127,124471.82
2026-04-06 19:00:00,0.1127,0.1127,0.1121,0.1122,164698.24
2026-04-06 19:15:00,0.1123,0.1124,0.1122,0.1123,32123.07
2026-04-06 19:30:00,0.1123,0.1123,0.1121,0.1122,92179.35
2026-04-06 19:45:00,0.1121,0.1123,0.112,0.1123,123776.56
2026-04-06 20:00:00,0.1123,0.1124,0.1121,0.1122,80020.29
2026-04-06 20:15:00,0.1122,0.1126,0.1122,0.1125,62772.61
2026-04-06 20:30:00,0.1125,0.1126,0.1124,0.1124,9234.12
2026-04-06 20:45:00,0.1124,0.1125,0.1121,0.1121,44946.26
2026-04-06 21:00:00,0.1121,0.1122,0.1119,0.1121,287450.91
2026-04-06 21:15:00,0.1121,0.1121,0.1119,0.112,101969.7
2026-04-06 21:30:00,0.112,0.1121,0.1116,0.1116,218988.88
2026-04-06 21:45:00,0.1116,0.1117,0.1115,0.1116,78179.81
2026-04-06 22:00:00,0.1116,0.1119,0.1114,0.1118,148621.69
2026-04-06 22:15:00,0.1119,0.1119,0.1114,0.1115,85275.13
2026-04-06 22:30:00,0.1114,0.1114,0.1109,0.1109,98064.68
2026-04-06 22:45:00,0.1108,0.1109,0.1099,0.1099,404514.45
2026-04-06 23:00:00,0.1099,0.11,0.109,0.1096,563382.91
2026-04-06 23:15:00,0.1095,0.1096,0.1091,0.1092,107767.97
2026-04-06 23:30:00,0.1091,0.1099,0.109,0.1099,166416.08
2026-04-06 23:45:00,0.1098,0.11,0.1096,0.1098,412415.34
2026-04-07 00:00:00,0.1098,0.1103,0.1098,0.1099,337178.89
2026-04-07 00:15:00,0.1099,0.1101,0.1095,0.1097,291079.19
2026-04-07 00:30:00,0.1097,0.1098,0.1093,0.1094,153148.24
2026-04-07 00:45:00,0.1095,0.1097,0.1095,0.1096,47748.88
2026-04-07 01:00:00,0.1095,0.1095,0.1092,0.1094,152108.23
2026-04-07 01:15:00,0.1095,0.11,0.1095,0.1098,166175.87
2026-04-07 01:30:00,0.1098,0.1098,0.1094,0.1098,98015.2
2026-04-07 01:45:00,0.1098,0.1098,0.1091,0.1093,62020.27
2026-04-07 02:00:00,0.1092,0.1093,0.1083,0.1088,267535.93
2026-04-07 02:15:00,0.1087,0.1093,0.1087,0.1092,139575.69
2026-04-07 02:30:00,0.1092,0.1095,0.1091,0.1092,269376.22
2026-04-07 02:45:00,0.1092,0.1092,0.109,0.1092,148875.44
2026-04-07 03:00:00,0.1093,0.1096,0.1093,0.1096,38813.23
2026-04-07 03:15:00,0.1096,0.1097,0.1095,0.1097,68917.24
2026-04-07 03:30:00,0.1097,0.1098,0.1094,0.1095,49679.77
2026-04-07 03:45:00,0.1095,0.1096,0.1095,0.1096,53326.33
2026-04-07 04:00:00,0.1095,0.1097,0.1094,0.1095,194091.6
2026-04-07 04:15:00,0.1095,0.1097,0.1093,0.1096,106481.76
2026-04-07 04:30:00,0.1096,0.1099,0.1096,0.1099,69906.25
2026-04-07 04:45:00,0.1099,0.1103,0.1098,0.1099,142973.02
2026-04-07 05:00:00,0.1099,0.1099,0.1096,0.1097,28213.66
2026-04-07 05:15:00,0.1097,0.1097,0.1094,0.1094,40304.04
2026-04-07 05:30:00,0.1094,0.1095,0.1093,0.1093,49957.09
2026-04-07 05:45:00,0.1093,0.1096,0.1091,0.1096,200816.2
2026-04-07 06:00:00,0.1097,0.1097,0.1091,0.1092,54296.23
2026-04-07 06:15:00,0.1091,0.1094,0.109,0.109,105808.08
2026-04-07 06:30:00,0.1091,0.1094,0.1091,0.1093,303934.85
2026-04-07 06:45:00,0.1094,0.1095,0.1092,0.1094,92491.99
2026-04-07 07:00:00,0.1093,0.1094,0.1092,0.1093,156624.96
2026-04-07 07:15:00,0.1094,0.1098,0.1093,0.1096,112032.33
2026-04-07 07:30:00,0.1096,0.1102,0.1096,0.1102,138446.1
2026-04-07 07:45:00,0.1101,0.1101,0.1098,0.1099,241094.27
2026-04-07 08:00:00,0.1098,0.1106,0.1097,0.1103,212892.43
2026-04-07 08:15:00,0.1102,0.1102,0.1096,0.1097,152318.87
2026-04-07 08:30:00,0.1097,0.1098,0.1096,0.1098,37246.07
2026-04-07 08:45:00,0.1099,0.11,0.1098,0.1099,32723.22
2026-04-07 09:00:00,0.1099,0.1104,0.1099,0.1102,82759.44
2026-04-07 09:15:00,0.1101,0.1104,0.11,0.1102,119689.38
2026-04-07 09:30:00,0.1101,0.1104,0.1101,0.1102,51197.85
2026-04-07 09:45:00,0.1103,0.1103,0.1101,0.1102,41524.99
2026-04-07 10:00:00,0.1103,0.1103,0.1093,0.1094,429959.39
2026-04-07 10:15:00,0.1094,0.1101,0.1091,0.1093,720276.0
2026-04-07 10:30:00,0.1094,0.1096,0.1092,0.1092,212116.86
2026-04-07 10:45:00,0.1093,0.1093,0.1089,0.1091,367081.98
2026-04-07 11:00:00,0.1091,0.1094,0.109,0.1091,108202.7
2026-04-07 11:15:00,0.1092,0.1092,0.1088,0.1089,153826.04
2026-04-07 11:30:00,0.1088,0.1092,0.1085,0.1092,325675.85
2026-04-07 11:45:00,0.1092,0.1093,0.1091,0.1092,291162.23
2026-04-07 12:00:00,0.1092,0.1092,0.1074,0.108,1270265.77
2026-04-07 12:15:00,0.1081,0.1085,0.108,0.1082,427696.85
2026-04-07 12:30:00,0.1083,0.1083,0.108,0.108,208767.7
2026-04-07 12:45:00,0.108,0.1089,0.108,0.1085,418124.01
2026-04-07 13:00:00,0.1085,0.109,0.1085,0.109,291865.66
2026-04-07 13:15:00,0.1091,0.1091,0.1087,0.1088,819323.4
2026-04-07 13:30:00,0.1088,0.1091,0.1088,0.1088,447097.05
2026-04-07 13:45:00,0.1089,0.1089,0.1084,0.1084,143562.18
2026-04-07 14:00:00,0.1085,0.1085,0.1078,0.1081,213509.79
2026-04-07 14:15:00,0.1081,0.1091,0.1081,0.1089,263507.5
2026-04-07 14:30:00,0.1089,0.109,0.1083,0.1083,725841.72
2026-04-07 14:45:00,0.1083,0.1088,0.108,0.1081,102234.32
2026-04-07 15:00:00,0.108,0.1083,0.1077,0.1082,658339.4
2026-04-07 15:15:00,0.1083,0.109,0.1083,0.1089,313296.76
2026-04-07 15:30:00,0.1088,0.1088,0.1085,0.1085,135723.87
2026-04-07 15:45:00,0.1085,0.1086,0.1082,0.1084,259378.01
2026-04-07 16:00:00,0.1084,0.109,0.1084,0.1087,102192.0
2026-04-07 16:15:00,0.1086,0.1089,0.1083,0.1088,147753.53
2026-04-07 16:30:00,0.1087,0.1088,0.1085,0.1086,102919.28
2026-04-07 16:45:00,0.1087,0.1088,0.1083,0.1083,132407.82
2026-04-07 17:00:00,0.1084,0.1085,0.1082,0.1083,170711.77
2026-04-07 17:15:00,0.1083,0.1087,0.1083,0.1086,142076.86
2026-04-07 17:30:00,0.1087,0.11,0.1087,0.1095,269795.83
2026-04-07 17:45:00,0.1095,0.1096,0.1093,0.1093,237589.05
2026-04-07 18:00:00,0.1094,0.1095,0.1092,0.1093,34025.95
2026-04-07 18:15:00,0.1093,0.1099,0.1093,0.1099,126820.09
2026-04-07 18:30:00,0.11,0.11,0.1096,0.1097,107250.6
2026-04-07 18:45:00,0.1098,0.1099,0.1091,0.1094,84623.83
2026-04-07 19:00:00,0.1093,0.1097,0.1093,0.1097,64155.61
2026-04-07 19:15:00,0.1098,0.1103,0.1098,0.11,164120.12
2026-04-07 19:30:00,0.1101,0.1101,0.1097,0.11,92430.09
2026-04-07 19:45:00,0.1099,0.1116,0.1099,0.1116,590458.35
2026-04-07 20:00:00,0.1117,0.1123,0.1116,0.1118,231620.61
2026-04-07 20:15:00,0.1118,0.1119,0.1113,0.1114,683722.04
2026-04-07 20:30:00,0.1115,0.1117,0.1112,0.1114,658073.53
2026-04-07 20:45:00,0.1113,0.1114,0.1112,0.1114,166099.14
2026-04-07 21:00:00,0.1114,0.1138,0.1114,0.1134,760677.8
2026-04-07 21:15:00,0.1134,0.1135,0.1129,0.113,310165.01
2026-04-07 21:30:00,0.113,0.1145,0.113,0.1145,471567.89
2026-04-07 21:45:00,0.1146,0.1154,0.1146,0.1152,427892.44
2026-04-07 22:00:00,0.1153,0.1156,0.1146,0.1149,798432.89
2026-04-07 22:15:00,0.115,0.115,0.1144,0.1149,1141922.46
2026-04-07 22:30:00,0.1149,0.1165,0.1148,0.1163,2589083.38
2026-04-07 22:45:00,0.1163,0.118,0.1162,0.1178,1245072.44
2026-04-07 23:00:00,0.1179,0.1185,0.1171,0.1176,736465.34
2026-04-07 23:15:00,0.1176,0.1191,0.1173,0.1191,2612344.59
2026-04-07 23:30:00,0.1191,0.1195,0.1184,0.1194,688960.93
2026-04-07 23:45:00,0.1194,0.1198,0.1185,0.1187,950526.19
2026-04-08 00:00:00,0.1188,0.1191,0.1182,0.1186,808584.98
2026-04-08 00:15:00,0.1186,0.1187,0.1182,0.1184,460658.49
2026-04-08 00:30:00,0.1183,0.1187,0.1178,0.1186,464134.81
2026-04-08 00:45:00,0.1186,0.1187,0.118,0.1185,353497.17
2026-04-08 01:00:00,0.1186,0.1192,0.1184,0.1191,226506.98
2026-04-08 01:15:00,0.1192,0.1199,0.1192,0.1194,658797.91
2026-04-08 01:30:00,0.1193,0.1197,0.1187,0.1194,331559.0
2026-04-08 01:45:00,0.1195,0.1205,0.1195,0.1198,1149838.88
2026-04-08 02:00:00,0.1198,0.1208,0.1195,0.1206,1154070.53
2026-04-08 02:15:00,0.1206,0.1208,0.1197,0.1199,693274.23
2026-04-08 02:30:00,0.12,0.12,0.1194,0.1194,285466.09
2026-04-08 02:45:00,0.1195,0.1199,0.1193,0.1196,404389.43
2026-04-08 03:00:00,0.1196,0.1199,0.1195,0.1197,321473.04
2026-04-08 03:15:00,0.1196,0.1201,0.119,0.1201,430831.83
2026-04-08 03:30:00,0.12,0.12,0.1198,0.1198,154136.0
2026-04-08 03:45:00,0.1197,0.1199,0.1196,0.1196,67550.37
2026-04-08 04:00:00,0.1196,0.1205,0.1196,0.1201,1808684.23
2026-04-08 04:15:00,0.1201,0.1207,0.1201,0.1206,248481.45
2026-04-08 04:30:00,0.1206,0.1209,0.1203,0.1207,465218.99
2026-04-08 04:45:00,0.1206,0.1208,0.1195,0.1196,531335.2
2026-04-08 05:00:00,0.1196,0.1206,0.1196,0.1202,735270.64
2026-04-08 05:15:00,0.1203,0.1206,0.1198,0.1201,871906.42
2026-04-08 05:30:00,0.1202,0.1205,0.1201,0.1203,197000.5
2026-04-08 05:45:00,0.1203,0.1203,0.1197,0.1199,180325.78
2026-04-08 06:00:00,0.1199,0.1199,0.119,0.1192,344438.77
2026-04-08 06:15:00,0.1192,0.1201,0.1192,0.1198,222060.01
2026-04-08 06:30:00,0.1198,0.1199,0.1196,0.1197,244383.14
2026-04-08 06:45:00,0.1197,0.1201,0.1196,0.1198,215793.38
2026-04-08 07:00:00,0.1199,0.12,0.1197,0.1199,379126.4
2026-04-08 07:15:00,0.1199,0.12,0.1197,0.1197,938929.95
2026-04-08 07:30:00,0.1196,0.1196,0.1193,0.1196,92228.67
2026-04-08 07:45:00,0.1196,0.12,0.1196,0.1199,597607.74
2026-04-08 08:00:00,0.1198,0.1199,0.1192,0.1197,1444740.99
2026-04-08 08:15:00,0.1197,0.12,0.1196,0.1197,603874.37
2026-04-08 08:30:00,0.1196,0.1196,0.1186,0.1188,621502.45
2026-04-08 08:45:00,0.1188,0.1189,0.1188,0.1189,49572.51
2026-04-08 09:00:00,0.1188,0.1191,0.1185,0.1187,604947.08
2026-04-08 09:15:00,0.1186,0.119,0.1181,0.1183,1517310.75
2026-04-08 09:30:00,0.1183,0.1188,0.1183,0.1183,383680.42
2026-04-08 09:45:00,0.1182,0.1187,0.1182,0.1182,91061.57
2026-04-08 10:00:00,0.1182,0.1185,0.118,0.1182,710434.03
2026-04-08 10:15:00,0.1182,0.1185,0.1181,0.1185,208449.58
2026-04-08 10:30:00,0.1185,0.1185,0.1179,0.118,240477.76
2026-04-08 10:45:00,0.118,0.1181,0.1179,0.118,128721.55
2026-04-08 11:00:00,0.1179,0.1182,0.1177,0.1181,190633.37
2026-04-08 11:15:00,0.1181,0.1182,0.1179,0.1181,113766.7
2026-04-08 11:30:00,0.1181,0.1181,0.1174,0.1178,995584.22
2026-04-08 11:45:00,0.1178,0.1182,0.1177,0.118,254936.96
2026-04-08 12:00:00,0.118,0.1181,0.1176,0.1177,122743.91
2026-04-08 12:15:00,0.1178,0.1178,0.1173,0.1176,343026.32
2026-04-08 12:30:00,0.1175,0.1177,0.1174,0.1176,289774.71
2026-04-08 12:45:00,0.1176,0.1177,0.1174,0.1174,398935.31
2026-04-08 13:00:00,0.1175,0.1185,0.1175,0.1184,410010.19
2026-04-08 13:15:00,0.1183,0.1183,0.1178,0.1182,159868.88
2026-04-08 13:30:00,0.1183,0.1185,0.1178,0.1179,305395.03
2026-04-08 13:45:00,0.1178,0.1183,0.1178,0.1181,215732.79
2026-04-08 14:00:00,0.1181,0.1183,0.1175,0.1177,409447.75
2026-04-08 14:15:00,0.1177,0.1177,0.1169,0.1169,472727.28
2026-04-08 14:30:00,0.117,0.117,0.1159,0.1159,411033.26
2026-04-08 14:45:00,0.116,0.1163,0.1154,0.1157,434566.52
2026-04-08 15:00:00,0.1157,0.1159,0.1154,0.1157,389069.91
2026-04-08 15:15:00,0.1156,0.1162,0.1156,0.116,245662.34
2026-04-08 15:30:00,0.116,0.1163,0.1159,0.1161,96252.87
2026-04-08 15:45:00,0.1161,0.1165,0.1161,0.1164,193334.32
2026-04-08 16:00:00,0.1165,0.1168,0.1164,0.1166,185935.27
2026-04-08 16:15:00,0.1166,0.1167,0.1164,0.1164,212228.02
2026-04-08 16:30:00,0.1164,0.1164,0.1161,0.1162,185235.38
2026-04-08 16:45:00,0.1162,0.1169,0.1162,0.1168,162722.78
2026-04-08 17:00:00,0.1168,0.1178,0.1167,0.1177,406164.3
2026-04-08 17:15:00,0.1176,0.1176,0.1165,0.1166,240166.33
2026-04-08 17:30:00,0.1166,0.1172,0.1164,0.1167,402447.47
2026-04-08 17:45:00,0.1167,0.1168,0.1167,0.1167,27194.97
2026-04-08 18:00:00,0.1167,0.1167,0.1165,0.1166,230719.85
2026-04-08 18:15:00,0.1166,0.1166,0.1159,0.1159,226102.22
2026-04-08 18:30:00,0.1158,0.1161,0.1153,0.1154,400981.6
2026-04-08 18:45:00,0.1154,0.1157,0.1149,0.115,271263.65
2026-04-08 19:00:00,0.115,0.1153,0.1148,0.1151,134474.3
2026-04-08 19:15:00,0.1151,0.1154,0.1151,0.1152,150540.34
2026-04-08 19:30:00,0.1151,0.1155,0.1151,0.1155,126668.56
2026-04-08 19:45:00,0.1155,0.1157,0.1154,0.1157,87703.23
2026-04-08 20:00:00,0.1158,0.1162,0.1157,0.1158,223176.26
2026-04-08 20:15:00,0.1158,0.1158,0.1155,0.1156,78402.75
2026-04-08 20:30:00,0.1156,0.1157,0.1152,0.1154,138067.53
2026-04-08 20:45:00,0.1154,0.1155,0.1153,0.1154,62134.36
2026-04-08 21:00:00,0.1154,0.1163,0.1154,0.1161,327115.8
2026-04-08 21:15:00,0.1162,0.1169,0.1162,0.1168,355914.74
2026-04-08 21:30:00,0.1167,0.1168,0.1164,0.1165,145157.73
2026-04-08 21:45:00,0.1165,0.1167,0.1164,0.1166,118584.44
2026-04-08 22:00:00,0.1166,0.1169,0.1164,0.1165,222804.38
2026-04-08 22:15:00,0.1165,0.1165,0.1156,0.1157,275109.36
2026-04-08 22:30:00,0.1157,0.1163,0.1155,0.116,238775.33
2026-04-08 22:45:00,0.1159,0.1161,0.1153,0.1154,215181.43
2026-04-08 23:00:00,0.1153,0.1153,0.1144,0.1153,732891.97
2026-04-08 23:15:00,0.1153,0.1156,0.1146,0.1147,588509.96
2026-04-08 23:30:00,0.1146,0.1149,0.1142,0.1147,363692.79
2026-04-08 23:45:00,0.1147,0.115,0.1147,0.115,205803.31
2026-04-09 00:00:00,0.1149,0.115,0.1144,0.1145,208108.0
2026-04-09 00:15:00,0.1145,0.1146,0.1135,0.1137,423693.31
2026-04-09 00:30:00,0.1137,0.1138,0.1131,0.1136,387546.68
2026-04-09 00:45:00,0.1137,0.1142,0.1135,0.114,582347.47
2026-04-09 01:00:00,0.1139,0.114,0.1128,0.1133,616803.2
2026-04-09 01:15:00,0.1134,0.1135,0.1126,0.1128,85634.07
2026-04-09 01:30:00,0.1128,0.1132,0.1126,0.1128,184177.43
2026-04-09 01:45:00,0.1129,0.1133,0.1127,0.1133,204299.57
2026-04-09 02:00:00,0.1133,0.1136,0.113,0.113,189790.86
2026-04-09 02:15:00,0.113,0.1135,0.113,0.1135,36398.79
2026-04-09 02:30:00,0.1135,0.1137,0.1135,0.1137,97295.06
2026-04-09 02:45:00,0.1138,0.114,0.1137,0.1137,133984.46
2026-04-09 03:00:00,0.1137,0.1138,0.1132,0.1138,188027.96
2026-04-09 03:15:00,0.1137,0.1139,0.1134,0.1135,391861.34
2026-04-09 03:30:00,0.1136,0.1138,0.1134,0.1134,184715.83
2026-04-09 03:45:00,0.1134,0.1135,0.1132,0.1135,135708.58
2026-04-09 04:00:00,0.1134,0.1135,0.1131,0.1135,220301.54
2026-04-09 04:15:00,0.1135,0.114,0.1135,0.1138,170648.8
2026-04-09 04:30:00,0.1138,0.1141,0.1138,0.1139,118713.27
2026-04-09 04:45:00,0.1138,0.114,0.1136,0.1136,154503.05
2026-04-09 05:00:00,0.1136,0.1136,0.1134,0.1135,287528.0
2026-04-09 05:15:00,0.1136,0.114,0.1134,0.114,166596.97
2026-04-09 05:30:00,0.114,0.1147,0.1137,0.1139,956175.83
2026-04-09 05:45:00,0.1139,0.1139,0.1133,0.1135,279418.87
2026-04-09 06:00:00,0.1135,0.114,0.1135,0.114,240462.11
2026-04-09 06:15:00,0.114,0.1141,0.1139,0.114,288058.79
2026-04-09 06:30:00,0.114,0.1142,0.1138,0.1138,222464.6
2026-04-09 06:45:00,0.1138,0.1139,0.1137,0.1139,166456.85
2026-04-09 07:00:00,0.114,0.1144,0.114,0.1143,113783.59
2026-04-09 07:15:00,0.1142,0.1142,0.1138,0.1139,112454.93
2026-04-09 07:30:00,0.1138,0.1141,0.1137,0.1139,165992.5
2026-04-09 07:45:00,0.1139,0.114,0.1135,0.1136,173519.58
2026-04-09 08:00:00,0.1135,0.1139,0.1134,0.1136,209941.33
2026-04-09 08:15:00,0.1136,0.1136,0.1134,0.1135,57841.03
2026-04-09 08:30:00,0.1134,0.1138,0.1134,0.1138,103597.05
2026-04-09 08:45:00,0.1138,0.1139,0.1134,0.1135,230675.23
2026-04-09 09:00:00,0.1135,0.1135,0.1124,0.113,1117772.42
2026-04-09 09:15:00,0.1129,0.1132,0.1129,0.1132,297402.0
2026-04-09 09:30:00,0.1131,0.1134,0.1131,0.1131,114011.84
2026-04-09 09:45:00,0.113,0.1135,0.113,0.1132,114403.29
2026-04-09 10:00:00,0.1132,0.1132,0.1129,0.113,69082.41
2026-04-09 10:15:00,0.113,0.113,0.1128,0.1128,92213.3
2026-04-09 10:30:00,0.1127,0.1129,0.1126,0.1128,328221.0
2026-04-09 10:45:00,0.1128,0.1129,0.1125,0.1126,166692.87
2026-04-09 11:00:00,0.1125,0.1126,0.1124,0.1125,88983.79
2026-04-09 11:15:00,0.1124,0.1125,0.1122,0.1123,91625.74
2026-04-09 11:30:00,0.1122,0.1124,0.1121,0.1124,173396.19
2026-04-09 11:45:00,0.1123,0.1124,0.1122,0.1123,36028.01
2026-04-09 12:00:00,0.1122,0.1124,0.1122,0.1124,76129.2
2026-04-09 12:15:00,0.1124,0.1126,0.1123,0.1125,130218.37
2026-04-09 12:30:00,0.1125,0.1129,0.1122,0.1128,111510.74
2026-04-09 12:45:00,0.1128,0.1129,0.1125,0.1126,98248.29
2026-04-09 13:00:00,0.1126,0.1126,0.1123,0.1124,37251.8
2026-04-09 13:15:00,0.1124,0.1124,0.1116,0.1119,541225.89
2026-04-09 13:30:00,0.1119,0.1121,0.1112,0.1115,698339.0
2026-04-09 13:45:00,0.1115,0.1119,0.1114,0.1117,419563.58
2026-04-09 14:00:00,0.1117,0.1118,0.1112,0.1115,166670.08
2026-04-09 14:15:00,0.1115,0.1116,0.111,0.1113,210854.49
2026-04-09 14:30:00,0.1114,0.112,0.1113,0.112,92302.99
2026-04-09 14:45:00,0.112,0.1124,0.1119,0.1122,247720.15
2026-04-09 15:00:00,0.1123,0.1127,0.1117,0.1126,211401.47
2026-04-09 15:15:00,0.1127,0.1131,0.1124,0.1128,284333.34
2026-04-09 15:30:00,0.1127,0.1143,0.1126,0.1142,961861.07
2026-04-09 15:45:00,0.1141,0.1146,0.1141,0.1143,537720.12
2026-04-09 16:00:00,0.1143,0.1148,0.1143,0.1146,402984.99
2026-04-09 16:15:00,0.1145,0.1148,0.1143,0.1147,314620.82
2026-04-09 16:30:00,0.1147,0.1147,0.1136,0.1139,115428.81
2026-04-09 16:45:00,0.1139,0.1141,0.1134,0.1137,166315.33
2026-04-09 17:00:00,0.1137,0.1143,0.1137,0.1139,198283.87
2026-04-09 17:15:00,0.1139,0.114,0.1133,0.1135,333327.36
2026-04-09 17:30:00,0.1135,0.1138,0.1127,0.1137,547861.29
2026-04-09 17:45:00,0.1137,0.1137,0.1134,0.1135,109918.07
2026-04-09 18:00:00,0.1134,0.1134,0.1125,0.1127,237383.18
2026-04-09 18:15:00,0.1128,0.1133,0.1124,0.1132,174132.83
2026-04-09 18:30:00,0.1132,0.1136,0.113,0.1134,151363.88
2026-04-09 18:45:00,0.1135,0.1136,0.1134,0.1136,135989.47
2026-04-09 19:00:00,0.1135,0.1144,0.1134,0.1142,204135.0
2026-04-09 19:15:00,0.1142,0.1143,0.1133,0.1136,262511.77
2026-04-09 19:30:00,0.1137,0.1144,0.1137,0.1142,270279.16
2026-04-09 19:45:00,0.1143,0.1145,0.1139,0.1141,226572.72
2026-04-09 20:00:00,0.1142,0.1146,0.1142,0.1143,350673.73
2026-04-09 20:15:00,0.1143,0.115,0.1142,0.1149,346124.62
2026-04-09 20:30:00,0.115,0.1151,0.1147,0.1147,221348.11
2026-04-09 20:45:00,0.1146,0.1148,0.1146,0.1146,107669.25
2026-04-09 21:00:00,0.1145,0.1151,0.1144,0.1146,207501.4
2026-04-09 21:15:00,0.1146,0.1147,0.1143,0.1144,76337.23
2026-04-09 21:30:00,0.1143,0.1147,0.1142,0.1147,154895.58
2026-04-09 21:45:00,0.1147,0.115,0.1145,0.1146,170520.98
2026-04-09 22:00:00,0.1146,0.1156,0.1146,0.1156,268032.97
2026-04-09 22:15:00,0.1155,0.1168,0.1155,0.1158,544058.7
2026-04-09 22:30:00,0.1159,0.1159,0.1154,0.1156,98046.85
2026-04-09 22:45:00,0.1156,0.1157,0.1149,0.115,110341.62
2026-04-09 23:00:00,0.1149,0.115,0.1146,0.1147,183929.07
2026-04-09 23:15:00,0.1146,0.1149,0.1142,0.1143,150705.05
2026-04-09 23:30:00,0.1142,0.1144,0.1135,0.1142,177522.54
2026-04-09 23:45:00,0.1141,0.1142,0.1139,0.1141,386639.75
2026-04-10 00:00:00,0.1142,0.1144,0.1135,0.1136,379776.22
2026-04-10 00:15:00,0.1137,0.1141,0.1134,0.1141,256524.64
2026-04-10 00:30:00,0.1141,0.1145,0.1139,0.1142,190464.0
2026-04-10 00:45:00,0.1142,0.1142,0.1138,0.1142,624175.94
2026-04-10 01:00:00,0.1141,0.1148,0.1141,0.1145,332526.91
2026-04-10 01:15:00,0.1145,0.1145,0.1135,0.1142,196692.86
2026-04-10 01:30:00,0.1143,0.1154,0.1143,0.1147,254640.86
2026-04-10 01:45:00,0.1146,0.1146,0.1141,0.1141,157034.28
2026-04-10 02:00:00,0.1141,0.115,0.1141,0.1146,96049.66
2026-04-10 02:15:00,0.1146,0.1148,0.1146,0.1146,57805.84
2026-04-10 02:30:00,0.1147,0.1148,0.1146,0.1146,56642.58
2026-04-10 02:45:00,0.1147,0.1147,0.1143,0.1144,111364.34
2026-04-10 03:00:00,0.1144,0.1148,0.1143,0.1143,75633.89
2026-04-10 03:15:00,0.1142,0.1145,0.1139,0.1139,177974.39
2026-04-10 03:30:00,0.1139,0.1142,0.1139,0.1142,46358.38
2026-04-10 03:45:00,0.1141,0.1142,0.114,0.114,275056.22
2026-04-10 04:00:00,0.1141,0.1144,0.114,0.1144,79112.99
2026-04-10 04:15:00,0.1144,0.1154,0.1144,0.1152,679730.06
2026-04-10 04:30:00,0.1151,0.1154,0.1149,0.115,526500.46
2026-04-10 04:45:00,0.1151,0.1161,0.1151,0.1157,354989.79
2026-04-10 05:00:00,0.1157,0.1157,0.1151,0.1152,182633.02
2026-04-10 05:15:00,0.1152,0.1161,0.1151,0.1158,210970.7
2026-04-10 05:30:00,0.1158,0.1161,0.1157,0.1158,87630.89
2026-04-10 05:45:00,0.1158,0.1161,0.1158,0.116,82033.82
2026-04-10 06:00:00,0.1161,0.1163,0.1159,0.1162,164125.05
2026-04-10 06:15:00,0.1162,0.1162,0.1155,0.1157,211348.01
2026-04-10 06:30:00,0.1157,0.1157,0.1151,0.1152,359585.41
2026-04-10 06:45:00,0.1151,0.1152,0.1147,0.115,198379.42
2026-04-10 07:00:00,0.115,0.1152,0.1147,0.1147,455101.0
2026-04-10 07:15:00,0.1147,0.1148,0.1146,0.1148,121303.89
2026-04-10 07:30:00,0.1148,0.1154,0.1148,0.1151,185462.9
2026-04-10 07:45:00,0.1152,0.1153,0.1145,0.1145,133990.4
2026-04-10 08:00:00,0.1145,0.1145,0.114,0.1141,174335.76
2026-04-10 08:15:00,0.1142,0.1142,0.1139,0.1141,133173.41
2026-04-10 08:30:00,0.1142,0.115,0.1142,0.1147,555362.6
2026-04-10 08:45:00,0.1147,0.1149,0.114,0.1142,244195.53
2026-04-10 09:00:00,0.1142,0.1151,0.1142,0.1151,398463.16
2026-04-10 09:15:00,0.1151,0.1157,0.1149,0.1152,452176.17
2026-04-10 09:30:00,0.1152,0.1152,0.1148,0.1152,259971.95
2026-04-10 09:45:00,0.1152,0.1152,0.1148,0.1149,105809.15
2026-04-10 10:00:00,0.1149,0.1149,0.1144,0.1146,73928.56
2026-04-10 10:15:00,0.1146,0.115,0.1145,0.1148,246587.91
2026-04-10 10:30:00,0.1149,0.1149,0.1145,0.1145,115700.52
2026-04-10 10:45:00,0.1145,0.1147,0.1142,0.1143,238335.58
2026-04-10 11:00:00,0.1143,0.1146,0.1143,0.1144,206021.01
2026-04-10 11:15:00,0.1145,0.1147,0.1144,0.1147,26379.54
2026-04-10 11:30:00,0.1146,0.1149,0.1145,0.1145,234733.23
2026-04-10 11:45:00,0.1145,0.1146,0.1142,0.1142,130592.45
2026-04-10 12:00:00,0.1142,0.1149,0.1142,0.1149,203737.04
2026-04-10 12:15:00,0.1148,0.1156,0.1144,0.1152,772426.75
2026-04-10 12:30:00,0.1152,0.1156,0.1145,0.115,711433.88
2026-04-10 12:45:00,0.1149,0.115,0.1146,0.1147,258018.89
2026-04-10 13:00:00,0.1147,0.115,0.1144,0.1148,425592.71
2026-04-10 13:15:00,0.1149,0.1149,0.1144,0.1144,136869.86
2026-04-10 13:30:00,0.1145,0.1146,0.1138,0.1143,382825.12
2026-04-10 13:45:00,0.1144,0.1148,0.1144,0.1145,79748.97
2026-04-10 14:00:00,0.1145,0.1145,0.1133,0.1139,443621.65
2026-04-10 14:15:00,0.114,0.1148,0.1139,0.1146,263321.65
2026-04-10 14:30:00,0.1147,0.1151,0.1145,0.115,168966.42
2026-04-10 14:45:00,0.115,0.1155,0.1149,0.1155,304511.24
2026-04-10 15:00:00,0.1155,0.116,0.1155,0.1158,254894.9
2026-04-10 15:15:00,0.1158,0.1159,0.1151,0.1152,198725.1
2026-04-10 15:30:00,0.1153,0.1155,0.1146,0.115,247913.53
2026-04-10 15:45:00,0.115,0.115,0.1145,0.1147,348082.8
2026-04-10 16:00:00,0.1148,0.1154,0.1147,0.1153,240856.56
2026-04-10 16:15:00,0.1152,0.1156,0.1151,0.1154,438679.77
2026-04-10 16:30:00,0.1154,0.1155,0.115,0.1151,204382.12
2026-04-10 16:45:00,0.1152,0.1153,0.1151,0.1153,82786.93
2026-04-10 17:00:00,0.1152,0.1152,0.115,0.1151,189096.08
2026-04-10 17:15:00,0.1151,0.1151,0.1146,0.1147,149281.29
2026-04-10 17:30:00,0.1147,0.1148,0.1144,0.1146,172546.37
2026-04-10 17:45:00,0.1146,0.115,0.1145,0.1146,220578.89
2026-04-10 18:00:00,0.1147,0.115,0.1145,0.115,174646.45
2026-04-10 18:15:00,0.115,0.1154,0.115,0.1153,300294.8
2026-04-10 18:30:00,0.1153,0.1156,0.1152,0.1155,73770.82
2026-04-10 18:45:00,0.1156,0.1159,0.1155,0.1157,311337.7
2026-04-10 19:00:00,0.1156,0.1162,0.1154,0.1162,116571.68
2026-04-10 19:15:00,0.1162,0.1163,0.1157,0.1158,82097.29
2026-04-10 19:30:00,0.1158,0.1161,0.1157,0.116,98495.72
2026-04-10 19:45:00,0.1159,0.1161,0.1158,0.1159,234884.63
2026-04-10 20:00:00,0.116,0.1161,0.1158,0.1161,148602.82
2026-04-10 20:15:00,0.116,0.1161,0.1157,0.1158,135031.63
2026-04-10 20:30:00,0.1157,0.1158,0.1152,0.1153,141816.35
2026-04-10 20:45:00,0.1153,0.1157,0.1152,0.1156,73953.86
2026-04-10 21:00:00,0.1156,0.1157,0.1144,0.1147,501659.5
2026-04-10 21:15:00,0.1148,0.1151,0.1145,0.1151,152392.21
2026-04-10 21:30:00,0.1151,0.1152,0.1147,0.1148,142767.04
2026-04-10 21:45:00,0.1149,0.1152,0.1147,0.1152,30714.68
2026-04-10 22:00:00,0.1153,0.1155,0.1151,0.1154,235561.74
2026-04-10 22:15:00,0.1154,0.1155,0.1153,0.1155,186887.05
2026-04-10 22:30:00,0.1155,0.1158,0.115,0.1153,366676.73
2026-04-10 22:45:00,0.1153,0.1153,0.115,0.1153,43171.38
2026-04-10 23:00:00,0.1154,0.1154,0.1148,0.1149,173327.53
2026-04-10 23:15:00,0.1148,0.1151,0.1147,0.1149,558535.05
2026-04-10 23:30:00,0.115,0.1155,0.1149,0.1153,117251.2
2026-04-10 23:45:00,0.1153,0.1153,0.1149,0.1152,147969.6
2026-04-11 00:00:00,0.1152,0.1152,0.1144,0.1146,287599.77
2026-04-11 00:15:00,0.1146,0.1149,0.1144,0.1148,823251.36
2026-04-11 00:30:00,0.1149,0.115,0.1133,0.1133,1207254.41
2026-04-11 00:45:00,0.1133,0.1133,0.1121,0.1126,1302162.69
2026-04-11 01:00:00,0.1125,0.1129,0.1125,0.1126,300197.36
2026-04-11 01:15:00,0.1126,0.1126,0.1119,0.1125,472876.12
2026-04-11 01:30:00,0.1126,0.1131,0.1124,0.1125,187762.55
2026-04-11 01:45:00,0.1125,0.1131,0.1125,0.1128,151414.5
2026-04-11 02:00:00,0.1128,0.1134,0.1127,0.113,338146.51
2026-04-11 02:15:00,0.1131,0.1133,0.1129,0.1132,349634.82
2026-04-11 02:30:00,0.1132,0.1134,0.1131,0.1131,179580.99
2026-04-11 02:45:00,0.1131,0.1133,0.1127,0.1133,292937.77
2026-04-11 03:00:00,0.1134,0.1141,0.1133,0.1141,102650.1
2026-04-11 03:15:00,0.1141,0.1144,0.1139,0.114,253971.38
2026-04-11 03:30:00,0.1139,0.114,0.1135,0.114,141102.45
2026-04-11 03:45:00,0.114,0.114,0.1133,0.1135,266719.81
2026-04-11 04:00:00,0.1135,0.114,0.1134,0.1137,436921.55
2026-04-11 04:15:00,0.1137,0.1138,0.1133,0.1134,210500.38
2026-04-11 04:30:00,0.1134,0.1138,0.1133,0.1138,175678.45
2026-04-11 04:45:00,0.1138,0.1138,0.1134,0.1135,217696.43
2026-04-11 05:00:00,0.1135,0.1135,0.1125,0.1126,374215.33
2026-04-11 05:15:00,0.1125,0.1131,0.1124,0.1131,178014.11
2026-04-11 05:30:00,0.1131,0.1136,0.113,0.1134,198724.74
2026-04-11 05:45:00,0.1134,0.1136,0.113,0.113,372949.51
2026-04-11 06:00:00,0.113,0.113,0.1125,0.1126,168274.24
2026-04-11 06:15:00,0.1126,0.1127,0.1125,0.1126,110730.83
2026-04-11 06:30:00,0.1126,0.1128,0.1125,0.1128,87420.39
2026-04-11 06:45:00,0.1127,0.1128,0.1126,0.1127,194244.79
2026-04-11 07:00:00,0.1127,0.1127,0.1123,0.1126,301752.06
2026-04-11 07:15:00,0.1126,0.1126,0.1124,0.1126,217039.13
2026-04-11 07:30:00,0.1125,0.1125,0.1121,0.1123,252437.24
2026-04-11 07:45:00,0.1122,0.1124,0.112,0.1123,135579.05
2026-04-11 08:00:00,0.1122,0.1125,0.1121,0.1124,98280.8
2026-04-11 08:15:00,0.1124,0.1124,0.1121,0.1121,158191.56
2026-04-11 08:30:00,0.1122,0.1125,0.1121,0.1125,117952.67
2026-04-11 08:45:00,0.1124,0.1125,0.1121,0.1121,150173.54
2026-04-11 09:00:00,0.1121,0.1123,0.1119,0.1121,121281.17
2026-04-11 09:15:00,0.1121,0.1127,0.1121,0.1124,409201.5
2026-04-11 09:30:00,0.1124,0.1124,0.1118,0.1122,179911.61
2026-04-11 09:45:00,0.1123,0.1128,0.1123,0.1128,88988.58
2026-04-11 10:00:00,0.1127,0.1127,0.112,0.1122,136433.67
2026-04-11 10:15:00,0.1122,0.1124,0.1121,0.1122,90708.39
2026-04-11 10:30:00,0.1122,0.1125,0.1121,0.1124,106903.84
2026-04-11 10:45:00,0.1124,0.1126,0.1122,0.1124,186268.43
2026-04-11 11:00:00,0.1125,0.1128,0.1125,0.1127,293604.17
2026-04-11 11:15:00,0.1127,0.1127,0.1125,0.1126,237855.77
2026-04-11 11:30:00,0.1125,0.1126,0.1124,0.1125,217210.48
2026-04-11 11:45:00,0.1125,0.1126,0.1124,0.1125,71952.52
2026-04-11 12:00:00,0.1124,0.1125,0.112,0.1121,412191.49
2026-04-11 12:15:00,0.112,0.112,0.1111,0.1112,1438244.17
2026-04-11 12:30:00,0.1112,0.1117,0.1112,0.1115,126356.7
2026-04-11 12:45:00,0.1114,0.1115,0.1112,0.1113,143932.46
2026-04-11 13:00:00,0.1113,0.1113,0.1103,0.1108,949265.42
2026-04-11 13:15:00,0.1108,0.111,0.1104,0.1105,407472.16
2026-04-11 13:30:00,0.1104,0.1107,0.1102,0.1107,390071.17
2026-04-11 13:45:00,0.1108,0.1109,0.1106,0.1107,182937.72
2026-04-11 14:00:00,0.1108,0.1115,0.1107,0.1113,327203.78
2026-04-11 14:15:00,0.1113,0.1115,0.1111,0.1114,226953.09
2026-04-11 14:30:00,0.1113,0.1113,0.1109,0.111,215694.14
2026-04-11 14:45:00,0.111,0.1112,0.1109,0.1109,74985.56
2026-04-11 15:00:00,0.1109,0.1116,0.1109,0.1114,236768.86
2026-04-11 15:15:00,0.1115,0.1118,0.1112,0.1115,240511.02
2026-04-11 15:30:00,0.1115,0.1116,0.1112,0.1115,211932.15
2026-04-11 15:45:00,0.1114,0.1119,0.1114,0.1118,152309.47
2026-04-11 16:00:00,0.1118,0.1121,0.1116,0.1121,170615.76
2026-04-11 16:15:00,0.1122,0.1126,0.1122,0.1125,421253.34
2026-04-11 16:30:00,0.1125,0.1136,0.1122,0.113,632624.89
2026-04-11 16:45:00,0.1131,0.1134,0.1129,0.1132,407099.83
2026-04-11 17:00:00,0.1131,0.1133,0.1128,0.1132,229608.76
2026-04-11 17:15:00,0.1131,0.1132,0.1129,0.1131,442554.8
2026-04-11 17:30:00,0.1131,0.1141,0.1131,0.1137,898908.85
2026-04-11 17:45:00,0.1138,0.1139,0.1133,0.1133,166134.24
2026-04-11 18:00:00,0.1134,0.1134,0.1132,0.1132,186370.55
2026-04-11 18:15:00,0.1133,0.1139,0.1133,0.1139,357749.33
2026-04-11 18:30:00,0.1139,0.1156,0.1139,0.1149,1013415.28
2026-04-11 18:45:00,0.1149,0.1154,0.1148,0.1149,599511.78
2026-04-11 19:00:00,0.115,0.1153,0.1146,0.1146,1112048.24
2026-04-11 19:15:00,0.1145,0.1157,0.1145,0.1155,836729.04
2026-04-11 19:30:00,0.1156,0.1161,0.1155,0.1161,555626.57
2026-04-11 19:45:00,0.116,0.1162,0.1158,0.1162,326109.98
2026-04-11 20:00:00,0.1163,0.1163,0.1155,0.1158,870601.45
2026-04-11 20:15:00,0.1158,0.1162,0.1157,0.1158,168579.55
2026-04-11 20:30:00,0.1158,0.1158,0.1151,0.1154,235744.7
2026-04-11 20:45:00,0.1155,0.1161,0.1155,0.1159,277135.64
2026-04-11 21:00:00,0.1158,0.1158,0.1152,0.1152,723331.97
2026-04-11 21:15:00,0.1152,0.1154,0.115,0.1151,208766.45
2026-04-11 21:30:00,0.115,0.1159,0.1149,0.1158,246265.11
2026-04-11 21:45:00,0.1158,0.1164,0.1157,0.1157,130692.44
2026-04-11 22:00:00,0.1157,0.116,0.1155,0.1159,36601.29
2026-04-11 22:15:00,0.116,0.1163,0.1158,0.1158,431682.28
2026-04-11 22:30:00,0.1158,0.1158,0.1147,0.115,331592.48
2026-04-11 22:45:00,0.115,0.1152,0.1148,0.1152,98931.95
2026-04-11 23:00:00,0.1151,0.1152,0.114,0.1143,417650.97
2026-04-11 23:15:00,0.1144,0.1148,0.1143,0.1144,98997.15
2026-04-11 23:30:00,0.1143,0.1144,0.1141,0.1142,254864.08
2026-04-11 23:45:00,0.1142,0.1146,0.1142,0.1145,98299.22
2026-04-12 00:00:00,0.1146,0.1147,0.1139,0.114,591740.87
2026-04-12 00:15:00,0.114,0.1144,0.1139,0.1142,118892.48
2026-04-12 00:30:00,0.1142,0.1146,0.1142,0.1143,138110.36
2026-04-12 00:45:00,0.1143,0.1146,0.1142,0.1143,608745.53
2026-04-12 01:00:00,0.1144,0.1147,0.114,0.114,209132.99
2026-04-12 01:15:00,0.114,0.1142,0.1139,0.1141,58241.65
2026-04-12 01:30:00,0.114,0.1141,0.11,0.1106,1470832.92
2026-04-12 01:45:00,0.1106,0.1106,0.1094,0.1098,724631.86
2026-04-12 02:00:00,0.1098,0.1101,0.109,0.1097,660049.92
2026-04-12 02:15:00,0.1097,0.1101,0.1092,0.1097,300369.18
2026-04-12 02:30:00,0.1097,0.1102,0.1096,0.1101,154375.88
2026-04-12 02:45:00,0.11,0.1102,0.1098,0.1099,150196.92
2026-04-12 03:00:00,0.1098,0.1101,0.1097,0.11,207055.31
2026-04-12 03:15:00,0.11,0.11,0.1097,0.1098,129722.42
2026-04-12 03:30:00,0.1099,0.1099,0.1094,0.1095,173594.32
2026-04-12 03:45:00,0.1095,0.1096,0.1091,0.1093,248644.69
2026-04-12 04:00:00,0.1092,0.1092,0.1087,0.109,249228.33
2026-04-12 04:15:00,0.1091,0.1092,0.1086,0.1088,185188.75
2026-04-12 04:30:00,0.1088,0.109,0.1087,0.109,124993.78
2026-04-12 04:45:00,0.1089,0.1091,0.1087,0.1088,290971.46
2026-04-12 05:00:00,0.1088,0.1092,0.1086,0.1088,805184.76
2026-04-12 05:15:00,0.1088,0.109,0.1087,0.1088,163055.47
2026-04-12 05:30:00,0.1089,0.109,0.1087,0.1088,111183.59
2026-04-12 05:45:00,0.1089,0.1095,0.1089,0.1093,175317.8
2026-04-12 06:00:00,0.1093,0.1095,0.1091,0.1094,212553.03
2026-04-12 06:15:00,0.1093,0.1093,0.1091,0.1092,64783.34
2026-04-12 06:30:00,0.1092,0.1092,0.1088,0.1088,99265.37
2026-04-12 06:45:00,0.1088,0.1089,0.1086,0.1086,220892.17
2026-04-12 07:00:00,0.1087,0.1087,0.1081,0.1083,156882.7
2026-04-12 07:15:00,0.1083,0.1084,0.1079,0.1083,248946.98
2026-04-12 07:30:00,0.1083,0.1085,0.1082,0.1083,27450.41
2026-04-12 07:45:00,0.1084,0.1084,0.1081,0.1082,104292.67
2026-04-12 08:00:00,0.1082,0.1083,0.108,0.1083,167882.32
2026-04-12 08:15:00,0.1083,0.1087,0.1083,0.1086,179087.21
2026-04-12 08:30:00,0.1086,0.1087,0.1084,0.1085,137238.0
2026-04-12 08:45:00,0.1085,0.1085,0.1082,0.1082,141574.84
2026-04-12 09:00:00,0.1082,0.1082,0.1078,0.1082,227932.33
2026-04-12 09:15:00,0.1082,0.1083,0.1081,0.1083,91648.09
2026-04-12 09:30:00,0.1082,0.1084,0.1082,0.1084,87372.74
2026-04-12 09:45:00,0.1084,0.1085,0.1081,0.1081,304404.38
2026-04-12 10:00:00,0.1082,0.1085,0.1082,0.1083,292818.63
2026-04-12 10:15:00,0.1084,0.1088,0.1083,0.1087,155273.2
2026-04-12 10:30:00,0.1087,0.1088,0.1084,0.1085,352427.79
2026-04-12 10:45:00,0.1085,0.1085,0.1078,0.108,400788.67
2026-04-12 11:00:00,0.1079,0.1086,0.1074,0.1085,665122.21
2026-04-12 11:15:00,0.1086,0.1088,0.1086,0.1087,88090.46
2026-04-12 11:30:00,0.1088,0.109,0.1086,0.1086,128993.01
2026-04-12 11:45:00,0.1087,0.1087,0.1084,0.1084,130793.12
2026-04-12 12:00:00,0.1084,0.1084,0.1081,0.1084,200454.97
2026-04-12 12:15:00,0.1085,0.1085,0.1082,0.1082,78068.18
2026-04-12 12:30:00,0.1082,0.1092,0.1078,0.1092,425023.61
2026-04-12 12:45:00,0.1091,0.1093,0.1084,0.1084,567974.68
2026-04-12 13:00:00,0.1084,0.1088,0.108,0.1085,447383.59
2026-04-12 13:15:00,0.1085,0.1086,0.1082,0.1083,110976.52
2026-04-12 13:30:00,0.1082,0.1082,0.1077,0.1081,242848.84
2026-04-12 13:45:00,0.108,0.1081,0.1075,0.1076,225980.29
2026-04-12 14:00:00,0.1076,0.1078,0.1074,0.1078,228788.02
2026-04-12 14:15:00,0.1078,0.1083,0.1076,0.1082,344287.07
2026-04-12 14:30:00,0.1082,0.1083,0.1077,0.1078,526669.03
2026-04-12 14:45:00,0.1078,0.1081,0.1077,0.1077,288517.73
2026-04-12 15:00:00,0.1077,0.1077,0.1075,0.1076,137001.78
2026-04-12 15:15:00,0.1075,0.1075,0.107,0.1073,551184.31
2026-04-12 15:30:00,0.1072,0.1076,0.1071,0.1074,221229.96
2026-04-12 15:45:00,0.1074,0.1076,0.1073,0.1075,262130.96
2026-04-12 16:00:00,0.1075,0.1079,0.1075,0.1078,441533.12
2026-04-12 16:15:00,0.1077,0.1077,0.1074,0.1076,68111.85
2026-04-12 16:30:00,0.1077,0.1078,0.1075,0.1076,160545.44
2026-04-12 16:45:00,0.1077,0.1079,0.1076,0.1078,129940.3
2026-04-12 17:00:00,0.1078,0.1082,0.1077,0.1077,419177.53
2026-04-12 17:15:00,0.1078,0.1081,0.1077,0.108,225543.76
2026-04-12 17:30:00,0.108,0.1087,0.108,0.1085,192012.65
2026-04-12 17:45:00,0.1085,0.1096,0.1084,0.1094,437591.39
2026-04-12 18:00:00,0.1095,0.1096,0.1093,0.1094,99388.91
2026-04-12 18:15:00,0.1095,0.1095,0.1089,0.1089,233327.34
2026-04-12 18:30:00,0.1089,0.1095,0.1089,0.1092,97507.69
2026-04-12 18:45:00,0.1093,0.1093,0.1088,0.109,179427.91
2026-04-12 19:00:00,0.1089,0.1095,0.1088,0.1094,185047.9
2026-04-12 19:15:00,0.1094,0.1096,0.1093,0.1094,52601.51
2026-04-12 19:30:00,0.1094,0.1094,0.1091,0.1092,20766.2
2026-04-12 19:45:00,0.1091,0.1091,0.1089,0.109,128912.71
2026-04-12 20:00:00,0.1091,0.1092,0.1086,0.1088,119512.38
2026-04-12 20:15:00,0.1087,0.1087,0.1084,0.1085,78459.17
2026-04-12 20:30:00,0.1085,0.1097,0.1084,0.1094,182320.79
2026-04-12 20:45:00,0.1095,0.1096,0.1093,0.1093,46547.95
2026-04-12 21:00:00,0.1093,0.1093,0.1083,0.1084,121915.94
2026-04-12 21:15:00,0.1084,0.1086,0.1083,0.1085,13401.58
2026-04-12 21:30:00,0.1084,0.1084,0.1078,0.1081,132553.95
2026-04-12 21:45:00,0.1082,0.1082,0.1079,0.1081,86468.82
2026-04-12 22:00:00,0.1081,0.1081,0.1069,0.1075,406550.85
2026-04-12 22:15:00,0.1075,0.1075,0.1067,0.1069,520390.87
2026-04-12 22:30:00,0.1069,0.1075,0.1066,0.1072,205391.31
2026-04-12 22:45:00,0.1072,0.1073,0.1071,0.1073,51678.18
2026-04-12 23:00:00,0.1072,0.1072,0.1067,0.1071,306761.43
2026-04-12 23:15:00,0.107,0.1071,0.1066,0.1071,637972.04
2026-04-12 23:30:00,0.107,0.107,0.1066,0.1069,171864.38
2026-04-12 23:45:00,0.107,0.1071,0.1068,0.1069,28736.14
2026-04-13 00:00:00,0.107,0.1076,0.1068,0.1076,280620.41
2026-04-13 00:15:00,0.1075,0.1081,0.1075,0.108,167134.46
2026-04-13 00:30:00,0.1079,0.1081,0.1076,0.1076,44913.43
2026-04-13 00:45:00,0.1075,0.1078,0.1074,0.1076,115761.05
2026-04-13 01:00:00,0.1076,0.1076,0.1072,0.1073,150030.8
2026-04-13 01:15:00,0.1073,0.1075,0.1071,0.1073,306787.73
2026-04-13 01:30:00,0.1073,0.1073,0.1069,0.1071,100524.84
2026-04-13 01:45:00,0.1071,0.1076,0.1071,0.1075,113810.22
2026-04-13 02:00:00,0.1075,0.1075,0.1063,0.1063,425796.95
2026-04-13 02:15:00,0.1064,0.1072,0.1064,0.1068,95270.47
2026-04-13 02:30:00,0.1068,0.1069,0.1063,0.1063,77159.42
2026-04-13 02:45:00,0.1062,0.1066,0.106,0.1063,122020.72
2026-04-13 03:00:00,0.1064,0.1064,0.1061,0.1063,108161.37
2026-04-13 03:15:00,0.1062,0.1066,0.1061,0.1065,53469.85
2026-04-13 03:30:00,0.1065,0.1066,0.1064,0.1066,78000.29
2026-04-13 03:45:00,0.1067,0.1067,0.1063,0.1067,107858.71
2026-04-13 04:00:00,0.1066,0.1067,0.1065,0.1065,52896.03
2026-04-13 04:15:00,0.1065,0.1065,0.1062,0.1064,256030.4
2026-04-13 04:30:00,0.1064,0.1069,0.1064,0.1067,95176.95
2026-04-13 04:45:00,0.1067,0.1067,0.1062,0.1063,196293.62
2026-04-13 05:00:00,0.1063,0.1063,0.106,0.1062,237835.47
2026-04-13 05:15:00,0.1062,0.1063,0.1059,0.1062,271798.2
2026-04-13 05:30:00,0.1061,0.1062,0.1056,0.1058,138537.13
2026-04-13 05:45:00,0.1058,0.1062,0.1058,0.1062,219091.84
2026-04-13 06:00:00,0.1062,0.1069,0.1062,0.1069,200216.64
2026-04-13 06:15:00,0.1069,0.108,0.1069,0.1077,432531.15
2026-04-13 06:30:00,0.1076,0.1076,0.1071,0.1075,127632.72
2026-04-13 06:45:00,0.1075,0.1076,0.1072,0.1072,59319.12
2026-04-13 07:00:00,0.1072,0.1072,0.1066,0.1067,153319.33
2026-04-13 07:15:00,0.1066,0.1066,0.1059,0.1061,360212.93
2026-04-13 07:30:00,0.1062,0.1065,0.1062,0.1065,238249.83
2026-04-13 07:45:00,0.1064,0.1066,0.1061,0.1061,170620.14
2026-04-13 08:00:00,0.1061,0.1062,0.1054,0.1057,270285.61
2026-04-13 08:15:00,0.1057,0.1063,0.1056,0.1062,503092.07
2026-04-13 08:30:00,0.1061,0.1066,0.1061,0.1062,139533.71
2026-04-13 08:45:00,0.1062,0.1063,0.1061,0.1061,128693.01
2026-04-13 09:00:00,0.1062,0.1065,0.1061,0.1063,374365.58
2026-04-13 09:15:00,0.1064,0.1071,0.1063,0.1068,115125.24
2026-04-13 09:30:00,0.1068,0.1068,0.1066,0.1067,228979.89
2026-04-13 09:45:00,0.1067,0.1068,0.1066,0.1066,38840.79
2026-04-13 10:00:00,0.1066,0.1073,0.1065,0.107,270781.58
2026-04-13 10:15:00,0.107,0.107,0.1068,0.1069,102886.71
2026-04-13 10:30:00,0.1069,0.107,0.1065,0.1069,327268.16
2026-04-13 10:45:00,0.1068,0.1069,0.1066,0.1066,99887.81
2026-04-13 11:00:00,0.1067,0.1071,0.1066,0.1067,351353.28
2026-04-13 11:15:00,0.1067,0.1071,0.1067,0.107,60276.05
2026-04-13 11:30:00,0.107,0.1073,0.1069,0.1072,108311.77
2026-04-13 11:45:00,0.1072,0.1073,0.107,0.107,194829.42
2026-04-13 12:00:00,0.107,0.1071,0.1068,0.107,198160.22
2026-04-13 12:15:00,0.1069,0.1069,0.1064,0.1066,95497.97
2026-04-13 12:30:00,0.1065,0.1074,0.1065,0.1073,139866.49
2026-04-13 12:45:00,0.1073,0.1085,0.1073,0.1081,297228.77
2026-04-13 13:00:00,0.1081,0.1082,0.1078,0.1079,378614.3
2026-04-13 13:15:00,0.1078,0.1081,0.1076,0.108,298718.34
2026-04-13 13:30:00,0.108,0.108,0.1072,0.1077,129981.83
2026-04-13 13:45:00,0.1076,0.1091,0.1075,0.1087,520676.62
2026-04-13 14:00:00,0.1088,0.1093,0.1083,0.1084,418207.5
2026-04-13 14:15:00,0.1084,0.1088,0.1083,0.1088,193215.63
2026-04-13 14:30:00,0.1088,0.1095,0.1087,0.1095,330153.33
2026-04-13 14:45:00,0.1094,0.1097,0.109,0.1097,369771.89
2026-04-13 15:00:00,0.1097,0.1097,0.1088,0.1091,398820.35
2026-04-13 15:15:00,0.1092,0.1093,0.1089,0.109,153984.55
2026-04-13 15:30:00,0.1089,0.1089,0.1082,0.1082,257637.25
2026-04-13 15:45:00,0.1082,0.1088,0.1081,0.1088,30893.74
2026-04-13 16:00:00,0.1088,0.1092,0.1085,0.1092,337038.59
2026-04-13 16:15:00,0.1091,0.1093,0.1086,0.1093,316371.76
2026-04-13 16:30:00,0.1093,0.1097,0.1092,0.1095,673339.18
2026-04-13 16:45:00,0.1095,0.1097,0.1093,0.1095,146156.55
2026-04-13 17:00:00,0.1095,0.1095,0.1089,0.109,267010.41
2026-04-13 17:15:00,0.109,0.1096,0.109,0.1096,130086.28
2026-04-13 17:30:00,0.1096,0.1102,0.1093,0.1094,221968.58
2026-04-13 17:45:00,0.1093,0.1093,0.1084,0.1085,596546.1
2026-04-13 18:00:00,0.1084,0.1087,0.1084,0.1086,230015.51
2026-04-13 18:15:00,0.1086,0.1086,0.1082,0.1085,180397.59
2026-04-13 18:30:00,0.1085,0.1092,0.1085,0.1091,144261.35
2026-04-13 18:45:00,0.1092,0.1095,0.1089,0.1094,218010.05
2026-04-13 19:00:00,0.1095,0.1097,0.1093,0.1095,507093.73
2026-04-13 19:15:00,0.1095,0.1109,0.1095,0.1107,525575.87
2026-04-13 19:30:00,0.1108,0.1113,0.1106,0.1112,409872.49
2026-04-13 19:45:00,0.1112,0.1124,0.1112,0.1121,704075.77
2026-04-13 20:00:00,0.1122,0.1122,0.1112,0.1113,545074.64
2026-04-13 20:15:00,0.1112,0.1114,0.1108,0.1108,248182.83
2026-04-13 20:30:00,0.1108,0.1109,0.1107,0.1108,111862.51
2026-04-13 20:45:00,0.1108,0.111,0.1107,0.1108,98029.55
2026-04-13 21:00:00,0.1108,0.1111,0.1105,0.111,241555.17
2026-04-13 21:15:00,0.1109,0.1114,0.1108,0.1114,333048.6
2026-04-13 21:30:00,0.1115,0.1121,0.1115,0.112,339033.39
2026-04-13 21:45:00,0.1119,0.1122,0.1118,0.1121,188417.52
2026-04-13 22:00:00,0.1121,0.1134,0.1119,0.1131,610953.25
2026-04-13 22:15:00,0.1131,0.1152,0.113,0.115,1514735.03
2026-04-13 22:30:00,0.1151,0.1159,0.1151,0.1156,1189154.27
2026-04-13 22:45:00,0.1157,0.1166,0.1155,0.1163,1139752.96
2026-04-13 23:00:00,0.1164,0.1165,0.1154,0.1158,893017.8
2026-04-13 23:15:00,0.1158,0.1161,0.1154,0.1158,1335931.53
2026-04-13 23:30:00,0.1159,0.1162,0.1158,0.1161,886583.75
2026-04-13 23:45:00,0.116,0.1164,0.1156,0.1163,450624.52
2026-04-14 00:00:00,0.1163,0.117,0.1158,0.1158,1327621.34
2026-04-14 00:15:00,0.1159,0.1161,0.1154,0.1157,302484.38
2026-04-14 00:30:00,0.1157,0.1166,0.1153,0.1166,722535.85
2026-04-14 00:45:00,0.1165,0.1165,0.1155,0.1155,428698.74
2026-04-14 01:00:00,0.1155,0.1156,0.115,0.1155,235109.98
2026-04-14 01:15:00,0.1155,0.1155,0.1146,0.1147,376763.45
2026-04-14 01:30:00,0.1146,0.1147,0.1142,0.1145,578610.9
2026-04-14 01:45:00,0.1145,0.1147,0.1144,0.1144,276983.97
2026-04-14 02:00:00,0.1144,0.1145,0.1141,0.1145,198160.48
2026-04-14 02:15:00,0.1145,0.1146,0.1142,0.1143,182477.55
2026-04-14 02:30:00,0.1143,0.1149,0.1141,0.1148,190315.75
2026-04-14 02:45:00,0.1148,0.1149,0.1144,0.1144,145426.64
2026-04-14 03:00:00,0.1143,0.1145,0.1141,0.1143,124796.8
2026-04-14 03:15:00,0.1143,0.1148,0.1143,0.1147,69099.11
2026-04-14 03:30:00,0.1147,0.1153,0.1146,0.1148,130669.62
2026-04-14 03:45:00,0.1147,0.1147,0.1144,0.1144,237759.01
2026-04-14 04:00:00,0.1144,0.1148,0.1144,0.1147,218956.11
2026-04-14 04:15:00,0.1147,0.1149,0.1146,0.1148,68909.23
2026-04-14 04:30:00,0.1148,0.1149,0.1145,0.1146,68247.71
2026-04-14 04:45:00,0.1145,0.1146,0.114,0.1146,147939.12
2026-04-14 05:00:00,0.1146,0.1149,0.1144,0.1148,81469.63
2026-04-14 05:15:00,0.1147,0.1149,0.1144,0.1145,177346.96
2026-04-14 05:30:00,0.1145,0.1147,0.114,0.114,309754.43
2026-04-14 05:45:00,0.114,0.114,0.1133,0.1136,204500.16
2026-04-14 06:00:00,0.1137,0.1141,0.1137,0.1139,109410.67
2026-04-14 06:15:00,0.1139,0.114,0.1137,0.1137,149426.4
2026-04-14 06:30:00,0.1136,0.1138,0.1135,0.1137,175181.4
2026-04-14 06:45:00,0.1136,0.1139,0.1136,0.1137,140022.33
2026-04-14 07:00:00,0.1137,0.1139,0.1135,0.1136,227952.41
2026-04-14 07:15:00,0.1135,0.1136,0.1133,0.1135,105536.54
2026-04-14 07:30:00,0.1134,0.1134,0.1129,0.113,365428.26
2026-04-14 07:45:00,0.113,0.1137,0.113,0.1136,166454.72
2026-04-14 08:00:00,0.1137,0.1138,0.1136,0.1137,171841.67
2026-04-14 08:15:00,0.1137,0.1137,0.1133,0.1133,174490.84
2026-04-14 08:30:00,0.1133,0.1135,0.1131,0.1135,418771.26
2026-04-14 08:45:00,0.1136,0.1141,0.1134,0.1137,216877.87
2026-04-14 09:00:00,0.1136,0.1136,0.1133,0.1134,51663.08
2026-04-14 09:15:00,0.1134,0.1135,0.1133,0.1134,66679.19
2026-04-14 09:30:00,0.1134,0.1136,0.1131,0.1133,246644.37
2026-04-14 09:45:00,0.1133,0.114,0.1133,0.1139,66800.37
2026-04-14 10:00:00,0.1139,0.1141,0.1137,0.1138,283132.64
2026-04-14 10:15:00,0.1138,0.1139,0.1134,0.1134,153786.16
2026-04-14 10:30:00,0.1133,0.1134,0.1131,0.1134,235225.92
2026-04-14 10:45:00,0.1133,0.1135,0.1131,0.1135,138768.23
2026-04-14 11:00:00,0.1134,0.1134,0.1131,0.1133,105084.89
2026-04-14 11:15:00,0.1132,0.1132,0.1129,0.113,66887.47
2026-04-14 11:30:00,0.1129,0.113,0.1127,0.1128,103910.4
2026-04-14 11:45:00,0.1129,0.1131,0.1128,0.113,142998.74
2026-04-14 12:00:00,0.113,0.1132,0.1127,0.1132,179536.3
2026-04-14 12:15:00,0.1132,0.1132,0.113,0.1131,105226.89
2026-04-14 12:30:00,0.1132,0.1133,0.113,0.113,137289.06
2026-04-14 12:45:00,0.113,0.1132,0.113,0.1132,92381.66
2026-04-14 13:00:00,0.1131,0.1136,0.1131,0.1134,80203.1
2026-04-14 13:15:00,0.1134,0.1138,0.1133,0.1134,946158.23
2026-04-14 13:30:00,0.1134,0.1144,0.1134,0.1141,363880.7
2026-04-14 13:45:00,0.1141,0.1145,0.1138,0.1145,281762.62
2026-04-14 14:00:00,0.1145,0.1147,0.1138,0.1142,467369.43
2026-04-14 14:15:00,0.1142,0.1147,0.1139,0.1146,155047.4
2026-04-14 14:30:00,0.1146,0.1168,0.1141,0.1153,5317472.08
2026-04-14 14:45:00,0.1153,0.1153,0.1146,0.1147,1165670.86
2026-04-14 15:00:00,0.1147,0.1154,0.1132,0.1133,1024324.04
2026-04-14 15:15:00,0.1132,0.1137,0.113,0.1131,724747.1
2026-04-14 15:30:00,0.1132,0.1141,0.1128,0.1139,265320.8
2026-04-14 15:45:00,0.114,0.1143,0.1134,0.1134,163947.85
2026-04-14 16:00:00,0.1133,0.1138,0.1132,0.1134,1694265.83
2026-04-14 16:15:00,0.1135,0.1137,0.113,0.1137,322735.83
2026-04-14 16:30:00,0.1136,0.1144,0.1134,0.1143,303787.95
2026-04-14 16:45:00,0.1143,0.1147,0.1135,0.1138,597376.82
2026-04-14 17:00:00,0.1138,0.1141,0.1135,0.1141,396808.77
2026-04-14 17:15:00,0.1141,0.1143,0.1135,0.1135,174070.11
2026-04-14 17:30:00,0.1134,0.1136,0.1123,0.1127,494425.96
2026-04-14 17:45:00,0.1127,0.1131,0.1127,0.113,187157.36
2026-04-14 18:00:00,0.1131,0.1134,0.113,0.1132,116609.44
2026-04-14 18:15:00,0.1132,0.1132,0.1114,0.1116,954958.61
2026-04-14 18:30:00,0.1115,0.1117,0.111,0.1111,293063.52
2026-04-14 18:45:00,0.1111,0.1113,0.1102,0.1107,530552.0
2026-04-14 19:00:00,0.1107,0.1113,0.1106,0.1112,174954.89
2026-04-14 19:15:00,0.1111,0.1113,0.1102,0.1109,197817.57
2026-04-14 19:30:00,0.1109,0.1111,0.1107,0.1109,458388.43
2026-04-14 19:45:00,0.1109,0.1112,0.1108,0.1112,85712.89
2026-04-14 20:00:00,0.1112,0.1113,0.1108,0.1111,122070.59
2026-04-14 20:15:00,0.1112,0.1112,0.1105,0.1108,172219.9
2026-04-14 20:30:00,0.1109,0.1109,0.1104,0.1104,444573.45
2026-04-14 20:45:00,0.1105,0.1106,0.1103,0.1104,241533.04
2026-04-14 21:00:00,0.1104,0.1113,0.1103,0.1112,549418.24
2026-04-14 21:15:00,0.1112,0.1112,0.1106,0.1108,416489.05
2026-04-14 21:30:00,0.1108,0.1112,0.1107,0.111,134050.99
2026-04-14 21:45:00,0.1109,0.1112,0.1108,0.1112,74026.51
2026-04-14 22:00:00,0.1111,0.1117,0.1111,0.1117,132957.57
2026-04-14 22:15:00,0.1117,0.1117,0.1109,0.1109,106008.58
2026-04-14 22:30:00,0.1109,0.1111,0.1106,0.1106,66194.95
2026-04-14 22:45:00,0.1107,0.1109,0.1107,0.1109,10778.12
2026-04-14 23:00:00,0.1108,0.1109,0.1105,0.1107,64914.57
2026-04-14 23:15:00,0.1106,0.111,0.1106,0.1109,54730.9
2026-04-14 23:30:00,0.1109,0.1113,0.1109,0.1113,97591.84
2026-04-14 23:45:00,0.1112,0.1115,0.1112,0.1113,112992.92
2026-04-15 00:00:00,0.1112,0.1123,0.1111,0.1118,163878.11
2026-04-15 00:15:00,0.1117,0.1119,0.1115,0.1118,65318.19
2026-04-15 00:30:00,0.1119,0.1119,0.1115,0.1119,126759.28
2026-04-15 00:45:00,0.112,0.1121,0.1115,0.1116,228767.84
2026-04-15 01:00:00,0.1116,0.1121,0.1115,0.112,53950.88
2026-04-15 01:15:00,0.1121,0.1123,0.1119,0.1119,57011.58
2026-04-15 01:30:00,0.112,0.1126,0.1119,0.1126,158370.31
2026-04-15 01:45:00,0.1127,0.113,0.1124,0.1124,250586.15
2026-04-15 02:00:00,0.1124,0.1125,0.1123,0.1124,49750.33
2026-04-15 02:15:00,0.1124,0.1126,0.1122,0.1123,59263.49
2026-04-15 02:30:00,0.1122,0.1122,0.1118,0.1119,97058.29
2026-04-15 02:45:00,0.112,0.1126,0.1118,0.1126,213453.41
2026-04-15 03:00:00,0.1126,0.1126,0.1122,0.1123,84538.56
2026-04-15 03:15:00,0.1123,0.1124,0.1122,0.1123,35114.75
2026-04-15 03:30:00,0.1124,0.1126,0.1121,0.1122,433349.7
2026-04-15 03:45:00,0.1123,0.1125,0.1122,0.1122,230987.48
2026-04-15 04:00:00,0.1122,0.1129,0.1122,0.1127,302206.6
2026-04-15 04:15:00,0.1126,0.1128,0.1126,0.1128,291472.43
2026-04-15 04:30:00,0.1129,0.113,0.1123,0.1123,414565.83
2026-04-15 04:45:00,0.1122,0.1131,0.1121,0.113,137261.41
2026-04-15 05:00:00,0.113,0.1133,0.1127,0.1127,225060.22
2026-04-15 05:15:00,0.1127,0.1128,0.1122,0.1123,155208.61
2026-04-15 05:30:00,0.1122,0.1122,0.1118,0.1119,158394.8
2026-04-15 05:45:00,0.112,0.1122,0.1119,0.1121,136025.16
2026-04-15 06:00:00,0.1121,0.1121,0.1114,0.1116,75433.39
2026-04-15 06:15:00,0.1117,0.1119,0.1117,0.1119,70622.54
2026-04-15 06:30:00,0.1119,0.1123,0.1119,0.1123,86266.27
2026-04-15 06:45:00,0.1123,0.1125,0.1121,0.1121,73924.29
2026-04-15 07:00:00,0.1122,0.1126,0.112,0.1125,111800.58
2026-04-15 07:15:00,0.1124,0.1124,0.1118,0.112,190225.75
2026-04-15 07:30:00,0.112,0.112,0.1116,0.1119,72880.5
2026-04-15 07:45:00,0.1118,0.112,0.1117,0.1118,202673.59
2026-04-15 08:00:00,0.1119,0.1124,0.1118,0.1124,83709.6
2026-04-15 08:15:00,0.1125,0.1133,0.1125,0.1132,174996.88
2026-04-15 08:30:00,0.1131,0.1135,0.113,0.1132,104180.23
2026-04-15 08:45:00,0.1131,0.1132,0.1128,0.1128,286418.56
2026-04-15 09:00:00,0.1129,0.1135,0.1129,0.1134,223422.6
2026-04-15 09:15:00,0.1134,0.1135,0.113,0.1131,139836.53
2026-04-15 09:30:00,0.1132,0.1132,0.1127,0.1128,213908.6
2026-04-15 09:45:00,0.1128,0.1134,0.1128,0.1134,96558.11
2026-04-15 10:00:00,0.1135,0.1141,0.1134,0.1138,360950.94
2026-04-15 10:15:00,0.1139,0.1139,0.1133,0.1133,156958.4
2026-04-15 10:30:00,0.1134,0.1139,0.1134,0.1139,44687.48
2026-04-15 10:45:00,0.114,0.1147,0.1137,0.1139,108950.91
2026-04-15 11:00:00,0.114,0.115,0.1139,0.1148,235998.52
2026-04-15 11:15:00,0.1147,0.1148,0.1143,0.1145,368629.91
2026-04-15 11:30:00,0.1145,0.1152,0.1143,0.115,444043.84
2026-04-15 11:45:00,0.1151,0.116,0.1151,0.1152,636054.27
2026-04-15 12:00:00,0.1152,0.1156,0.1145,0.1152,1494260.41
2026-04-15 12:15:00,0.1152,0.1156,0.1151,0.1155,144129.02
2026-04-15 12:30:00,0.1155,0.1163,0.1155,0.1162,252656.74
2026-04-15 12:45:00,0.1161,0.1162,0.1158,0.116,263400.77
2026-04-15 13:00:00,0.1161,0.1169,0.116,0.1165,512391.73
2026-04-15 13:15:00,0.1165,0.1166,0.1159,0.1163,371541.22
2026-04-15 13:30:00,0.1163,0.1163,0.1156,0.116,512890.71
2026-04-15 13:45:00,0.1159,0.116,0.1155,0.1157,202043.08
2026-04-15 14:00:00,0.1157,0.116,0.1154,0.1159,171827.48
2026-04-15 14:15:00,0.1159,0.1161,0.1155,0.1158,298323.62
2026-04-15 14:30:00,0.1158,0.1163,0.1157,0.1161,357106.91
2026-04-15 14:45:00,0.1162,0.1175,0.1161,0.1175,318674.12
2026-04-15 15:00:00,0.1176,0.1178,0.1163,0.1168,276770.81
2026-04-15 15:15:00,0.1169,0.1169,0.1162,0.1165,346917.68
2026-04-15 15:30:00,0.1165,0.1167,0.1156,0.1164,654255.55
2026-04-15 15:45:00,0.1164,0.1171,0.1164,0.1167,409806.0
2026-04-15 16:00:00,0.1168,0.1181,0.1167,0.118,400463.52
2026-04-15 16:15:00,0.1181,0.1183,0.1176,0.1181,222557.01
2026-04-15 16:30:00,0.1182,0.1195,0.1179,0.1192,518269.87
2026-04-15 16:45:00,0.1193,0.1201,0.1188,0.1193,493763.01
2026-04-15 17:00:00,0.1194,0.1208,0.1194,0.1198,965363.44
2026-04-15 17:15:00,0.1198,0.1206,0.1197,0.1201,843948.75
2026-04-15 17:30:00,0.1201,0.1209,0.1192,0.1196,491395.73
2026-04-15 17:45:00,0.1196,0.1206,0.1194,0.1202,337413.33
2026-04-15 18:00:00,0.1201,0.1203,0.1193,0.1199,523280.46
2026-04-15 18:15:00,0.1199,0.1202,0.1193,0.1195,614224.76
2026-04-15 18:30:00,0.1194,0.1206,0.1194,0.1203,277975.38
2026-04-15 18:45:00,0.1204,0.1211,0.1202,0.1209,329697.58
2026-04-15 19:00:00,0.1209,0.1214,0.1204,0.1208,484270.17
2026-04-15 19:15:00,0.1208,0.121,0.1205,0.1207,264568.2
2026-04-15 19:30:00,0.1207,0.1224,0.1207,0.1211,740102.41
2026-04-15 19:45:00,0.1212,0.1218,0.1207,0.1214,304017.27
2026-04-15 20:00:00,0.1214,0.1216,0.121,0.1211,235215.33
2026-04-15 20:15:00,0.121,0.1211,0.1204,0.1209,227726.01
2026-04-15 20:30:00,0.121,0.1217,0.1203,0.1206,263790.26
2026-04-15 20:45:00,0.1206,0.1211,0.1205,0.1208,834241.75
2026-04-15 21:00:00,0.1208,0.121,0.1202,0.1203,101059.06
2026-04-15 21:15:00,0.1203,0.1203,0.1199,0.1202,200681.52
2026-04-15 21:30:00,0.1202,0.1204,0.12,0.1204,95769.72
2026-04-15 21:45:00,0.1204,0.1214,0.1204,0.1212,288835.0
2026-04-15 22:00:00,0.1212,0.1215,0.121,0.1214,340926.32
2026-04-15 22:15:00,0.1213,0.1215,0.1207,0.1211,193389.63
2026-04-15 22:30:00,0.121,0.1211,0.1203,0.1203,177481.06
2026-04-15 22:45:00,0.1203,0.1204,0.1196,0.1197,249339.35
2026-04-15 23:00:00,0.1198,0.1199,0.1192,0.1197,303214.42
2026-04-15 23:15:00,0.1196,0.1196,0.1189,0.1193,474545.38
2026-04-15 23:30:00,0.1194,0.1195,0.1191,0.1194,249070.25
2026-04-15 23:45:00,0.1194,0.1202,0.1194,0.1199,172590.49
2026-04-16 00:00:00,0.1199,0.1201,0.1185,0.1186,194173.56
2026-04-16 00:15:00,0.1187,0.1191,0.1187,0.119,51912.16
2026-04-16 00:30:00,0.119,0.1201,0.1189,0.12,176050.87
2026-04-16 00:45:00,0.1199,0.12,0.1196,0.1197,106297.54
2026-04-16 01:00:00,0.1198,0.12,0.119,0.1192,195425.56
2026-04-16 01:15:00,0.1192,0.1195,0.119,0.1191,129968.3
2026-04-16 01:30:00,0.1191,0.1198,0.1191,0.1197,97701.13
2026-04-16 01:45:00,0.1197,0.1202,0.1195,0.1201,106015.29
2026-04-16 02:00:00,0.1202,0.1209,0.1199,0.1207,648358.8
2026-04-16 02:15:00,0.1206,0.1208,0.1199,0.1207,279644.39
2026-04-16 02:30:00,0.1208,0.1214,0.1208,0.1213,281585.39
2026-04-16 02:45:00,0.1213,0.1213,0.1202,0.1208,237294.04
2026-04-16 03:00:00,0.1207,0.1215,0.1204,0.1212,299698.3
2026-04-16 03:15:00,0.1212,0.1214,0.1209,0.1211,484964.35
2026-04-16 03:30:00,0.121,0.1213,0.1207,0.1211,300382.97
2026-04-16 03:45:00,0.1212,0.1215,0.1208,0.1212,342125.39
2026-04-16 04:00:00,0.1211,0.1219,0.1208,0.1217,289473.2
2026-04-16 04:15:00,0.1216,0.122,0.1215,0.1217,366348.06
2026-04-16 04:30:00,0.1217,0.1224,0.1211,0.1222,309046.34
2026-04-16 04:45:00,0.1221,0.1225,0.1216,0.1223,571077.63
2026-04-16 05:00:00,0.1222,0.1223,0.1212,0.1214,349407.83
2026-04-16 05:15:00,0.1214,0.1225,0.1213,0.1222,1704019.21
2026-04-16 05:30:00,0.1222,0.1229,0.1222,0.1224,165754.63
2026-04-16 05:45:00,0.1224,0.1232,0.1224,0.1226,346568.46
2026-04-16 06:00:00,0.1227,0.123,0.122,0.122,542271.83
2026-04-16 06:15:00,0.122,0.1224,0.1216,0.1219,354045.62
2026-04-16 06:30:00,0.122,0.1227,0.1219,0.1222,370625.05
2026-04-16 06:45:00,0.1222,0.1224,0.1221,0.1222,214899.67
2026-04-16 07:00:00,0.1223,0.1227,0.1222,0.1227,286137.0
2026-04-16 07:15:00,0.1228,0.1235,0.1228,0.1231,1017120.29
2026-04-16 07:30:00,0.1232,0.1237,0.1226,0.1236,998914.23
2026-04-16 07:45:00,0.1236,0.1236,0.1226,0.1226,1278773.18
2026-04-16 08:00:00,0.1227,0.1228,0.1224,0.1226,454150.78
2026-04-16 08:15:00,0.1227,0.1231,0.1222,0.1222,592613.73
2026-04-16 08:30:00,0.1222,0.1227,0.122,0.1224,867754.85
2026-04-16 08:45:00,0.1224,0.1227,0.1219,0.1222,408190.36
2026-04-16 09:00:00,0.1221,0.1224,0.1217,0.1223,220491.5
2026-04-16 09:15:00,0.1223,0.1231,0.1223,0.1224,418675.78
2026-04-16 09:30:00,0.1224,0.1224,0.1214,0.1215,250021.37
2026-04-16 09:45:00,0.1215,0.1219,0.1214,0.1214,307774.85
2026-04-16 10:00:00,0.1213,0.1218,0.121,0.1212,425124.14
2026-04-16 10:15:00,0.1212,0.1216,0.1211,0.1215,212182.58
2026-04-16 10:30:00,0.1215,0.1224,0.1215,0.1222,1286379.97
2026-04-16 10:45:00,0.1222,0.1222,0.1215,0.1216,179295.14
2026-04-16 11:00:00,0.1216,0.122,0.1214,0.1217,709053.24
2026-04-16 11:15:00,0.1217,0.1226,0.1217,0.1225,450109.38
2026-04-16 11:30:00,0.1226,0.1232,0.1224,0.1225,1338807.34
2026-04-16 11:45:00,0.1224,0.1232,0.1223,0.1231,367742.49
2026-04-16 12:00:00,0.1232,0.1248,0.1232,0.1248,1211681.6
2026-04-16 12:15:00,0.1248,0.1255,0.1247,0.1253,487785.43
2026-04-16 12:30:00,0.1253,0.1259,0.1248,0.1258,786886.88
2026-04-16 12:45:00,0.1258,0.1261,0.1253,0.126,705860.75
2026-04-16 13:00:00,0.126,0.1281,0.1259,0.128,1449514.52
2026-04-16 13:15:00,0.1279,0.129,0.1277,0.128,713908.93
2026-04-16 13:30:00,0.1281,0.129,0.1275,0.129,942921.43
2026-04-16 13:45:00,0.129,0.1291,0.1252,0.1269,1521302.56
2026-04-16 14:00:00,0.1269,0.1269,0.1249,0.1249,794666.96
2026-04-16 14:15:00,0.1249,0.1251,0.1227,0.124,1732221.38
2026-04-16 14:30:00,0.124,0.1253,0.124,0.1244,762488.01
2026-04-16 14:45:00,0.1245,0.1259,0.1244,0.1256,415329.84
2026-04-16 15:00:00,0.1255,0.1272,0.1251,0.127,858142.11
2026-04-16 15:15:00,0.127,0.1283,0.127,0.1276,643542.45
2026-04-16 15:30:00,0.1276,0.1307,0.1276,0.1303,1757973.02
2026-04-16 15:45:00,0.1304,0.131,0.13,0.1305,1371094.15
2026-04-16 16:00:00,0.1306,0.1317,0.1286,0.1291,1566343.14
2026-04-16 16:15:00,0.1292,0.1301,0.1272,0.1273,1113889.64
2026-04-16 16:30:00,0.1273,0.128,0.1264,0.1269,975400.37
2026-04-16 16:45:00,0.127,0.1273,0.125,0.1263,882072.99
2026-04-16 17:00:00,0.1263,0.127,0.126,0.1261,321310.96
2026-04-16 17:15:00,0.126,0.1273,0.1258,0.1272,360679.33
2026-04-16 17:30:00,0.1272,0.129,0.1272,0.1287,392617.58
2026-04-16 17:45:00,0.1287,0.1291,0.1281,0.1284,469736.49
2026-04-16 18:00:00,0.1284,0.129,0.128,0.1288,312528.21
2026-04-16 18:15:00,0.1288,0.1291,0.1283,0.129,339138.66
2026-04-16 18:30:00,0.129,0.1296,0.1285,0.1285,456631.31
2026-04-16 18:45:00,0.1286,0.1305,0.1286,0.1304,341007.08
2026-04-16 19:00:00,0.1305,0.1312,0.1303,0.1311,470206.17
2026-04-16 19:15:00,0.1311,0.1319,0.1304,0.1313,1451087.75
2026-04-16 19:30:00,0.1313,0.1324,0.1308,0.132,731109.82
2026-04-16 19:45:00,0.132,0.1327,0.1317,0.1325,344395.59
2026-04-16 20:00:00,0.1324,0.1328,0.1317,0.1328,517831.73
2026-04-16 20:15:00,0.1329,0.133,0.1312,0.1324,166285.96
2026-04-16 20:30:00,0.1325,0.1326,0.1316,0.1322,228312.22
2026-04-16 20:45:00,0.1322,0.1322,0.1311,0.1311,217121.85
2026-04-16 21:00:00,0.1312,0.1318,0.1309,0.1315,323744.58
2026-04-16 21:15:00,0.1315,0.1318,0.1297,0.1302,364768.64
2026-04-16 21:30:00,0.1302,0.1305,0.1298,0.1304,109532.82
2026-04-16 21:45:00,0.1305,0.1315,0.1303,0.1315,147331.09
2026-04-16 22:00:00,0.1316,0.132,0.1311,0.1312,259666.98
2026-04-16 22:15:00,0.1313,0.1321,0.1309,0.1319,165674.63
2026-04-16 22:30:00,0.132,0.1325,0.1318,0.1321,309899.9
2026-04-16 22:45:00,0.1322,0.1326,0.1317,0.1317,278072.54
2026-04-16 23:00:00,0.1316,0.1321,0.1313,0.1314,187814.94
2026-04-16 23:15:00,0.1315,0.1324,0.1312,0.1322,263219.37
2026-04-16 23:30:00,0.1322,0.1328,0.1322,0.1324,337511.34
2026-04-16 23:45:00,0.1324,0.1327,0.1321,0.1324,391252.53
2026-04-17 00:00:00,0.1323,0.1324,0.1314,0.1315,566783.64
2026-04-17 00:15:00,0.1315,0.1325,0.1315,0.1317,389009.68
2026-04-17 00:30:00,0.1317,0.1328,0.1313,0.1323,708650.48
2026-04-17 00:45:00,0.1323,0.1339,0.1321,0.1337,610819.85
2026-04-17 01:00:00,0.1336,0.1343,0.1327,0.1327,768921.53
2026-04-17 01:15:00,0.1327,0.133,0.1316,0.1323,1203632.97
2026-04-17 01:30:00,0.1323,0.1335,0.1315,0.1326,703334.79
2026-04-17 01:45:00,0.1327,0.1327,0.1313,0.1318,574035.2
2026-04-17 02:00:00,0.1317,0.1322,0.1316,0.1319,227837.2
2026-04-17 02:15:00,0.1318,0.1318,0.1304,0.1306,472966.59
2026-04-17 02:30:00,0.1306,0.1318,0.1304,0.1317,653120.33
2026-04-17 02:45:00,0.1317,0.1322,0.1312,0.1316,123754.9
2026-04-17 03:00:00,0.1315,0.1316,0.1307,0.1314,217496.47
2026-04-17 03:15:00,0.1314,0.1317,0.1311,0.1312,195054.77
2026-04-17 03:30:00,0.1312,0.1317,0.1307,0.1314,207388.37
2026-04-17 03:45:00,0.1313,0.1317,0.1309,0.131,222200.56
2026-04-17 04:00:00,0.1309,0.1313,0.1307,0.1311,146627.54
2026-04-17 04:15:00,0.1312,0.1317,0.131,0.131,168123.75
2026-04-17 04:30:00,0.131,0.1312,0.1303,0.1304,308844.11
2026-04-17 04:45:00,0.1304,0.1307,0.1301,0.1302,349461.65
2026-04-17 05:00:00,0.1302,0.1302,0.1288,0.1292,308528.07
2026-04-17 05:15:00,0.1292,0.1296,0.1285,0.1286,292007.65
2026-04-17 05:30:00,0.1285,0.129,0.1284,0.1287,268003.33
2026-04-17 05:45:00,0.1288,0.1292,0.1284,0.1285,311157.66
2026-04-17 06:00:00,0.1285,0.129,0.1284,0.1288,248581.64
2026-04-17 06:15:00,0.1287,0.1298,0.1287,0.1295,325689.57
2026-04-17 06:30:00,0.1294,0.1297,0.1289,0.1297,467749.66
2026-04-17 06:45:00,0.1297,0.13,0.1292,0.1297,261010.64
2026-04-17 07:00:00,0.1297,0.13,0.1295,0.1297,438761.62
2026-04-17 07:15:00,0.1296,0.13,0.1293,0.1298,279456.19
2026-04-17 07:30:00,0.1298,0.1308,0.1295,0.1307,526999.76
2026-04-17 07:45:00,0.1307,0.131,0.1303,0.1309,509508.99
2026-04-17 08:00:00,0.1309,0.1318,0.1309,0.1315,403614.82
2026-04-17 08:15:00,0.1315,0.1316,0.1305,0.1308,687232.14
2026-04-17 08:30:00,0.1308,0.1317,0.1308,0.1314,211532.7
2026-04-17 08:45:00,0.1314,0.132,0.1312,0.1314,180988.54
2026-04-17 09:00:00,0.1314,0.1316,0.1304,0.1307,299456.23
2026-04-17 09:15:00,0.1307,0.1316,0.1304,0.1313,132067.49
2026-04-17 09:30:00,0.1312,0.1316,0.1303,0.1316,496846.98
2026-04-17 09:45:00,0.1316,0.1319,0.1313,0.1315,680313.78
2026-04-17 10:00:00,0.1314,0.1318,0.1308,0.1312,285663.21
2026-04-17 10:15:00,0.1311,0.1316,0.1301,0.1303,677782.24
2026-04-17 10:30:00,0.1303,0.1303,0.1294,0.1296,660202.82
2026-04-17 10:45:00,0.1295,0.1303,0.1294,0.1302,254674.12
2026-04-17 11:00:00,0.1303,0.1309,0.1302,0.1306,415571.95
2026-04-17 11:15:00,0.1306,0.1318,0.1306,0.1318,354916.41
2026-04-17 11:30:00,0.1318,0.1322,0.1317,0.1321,435250.13
2026-04-17 11:45:00,0.1321,0.1323,0.1311,0.1313,1462111.24
2026-04-17 12:00:00,0.1314,0.1325,0.1309,0.1322,943552.04
2026-04-17 12:15:00,0.1321,0.1322,0.1313,0.1318,453207.19
2026-04-17 12:30:00,0.1318,0.132,0.1312,0.1316,288399.4
2026-04-17 12:45:00,0.1315,0.1327,0.1315,0.1324,750081.09
2026-04-17 13:00:00,0.1324,0.1329,0.1317,0.1329,480867.76
2026-04-17 13:15:00,0.1329,0.1349,0.1329,0.1344,1758984.54
2026-04-17 13:30:00,0.1344,0.1347,0.1338,0.1345,1483436.03
2026-04-17 13:45:00,0.1345,0.1354,0.1337,0.1353,892012.8
2026-04-17 14:00:00,0.1352,0.1355,0.1344,0.1351,621182.74
2026-04-17 14:15:00,0.1351,0.1359,0.1347,0.1357,442403.66
2026-04-17 14:30:00,0.1357,0.1373,0.1353,0.1356,1966425.42
2026-04-17 14:45:00,0.1356,0.1359,0.1348,0.1349,484017.68
2026-04-17 15:00:00,0.1348,0.1348,0.1333,0.1336,987661.38
2026-04-17 15:15:00,0.1336,0.1343,0.1334,0.1336,287962.24
2026-04-17 15:30:00,0.1336,0.1336,0.1326,0.1327,394970.11
2026-04-17 15:45:00,0.1326,0.1335,0.1326,0.1335,697673.15
2026-04-17 16:00:00,0.1335,0.1336,0.1327,0.1327,1558040.79
2026-04-17 16:15:00,0.1328,0.1338,0.1326,0.1333,889577.99
2026-04-17 16:30:00,0.1333,0.1345,0.1333,0.1343,409207.93
2026-04-17 16:45:00,0.1343,0.1347,0.1338,0.134,384862.92
2026-04-17 17:00:00,0.1341,0.1343,0.1334,0.1341,834333.09
2026-04-17 17:15:00,0.1341,0.1347,0.1332,0.1336,795573.9
2026-04-17 17:30:00,0.1336,0.134,0.1334,0.1336,224248.41
2026-04-17 17:45:00,0.1337,0.1337,0.133,0.1331,150533.48
2026-04-17 18:00:00,0.1331,0.1333,0.1324,0.1325,383327.81
2026-04-17 18:15:00,0.1326,0.1333,0.1323,0.1328,256892.15
2026-04-17 18:30:00,0.1329,0.1335,0.1327,0.1334,98772.43
2026-04-17 18:45:00,0.1335,0.1338,0.1333,0.1333,190870.24
2026-04-17 19:00:00,0.1333,0.1336,0.1328,0.1333,320852.74
2026-04-17 19:15:00,0.1334,0.1342,0.1334,0.134,129191.76
2026-04-17 19:30:00,0.134,0.1347,0.1338,0.1346,208693.64
2026-04-17 19:45:00,0.1346,0.135,0.1342,0.1346,389770.19
2026-04-17 20:00:00,0.1346,0.1351,0.1344,0.1346,202723.17
2026-04-17 20:15:00,0.1346,0.135,0.1343,0.1348,111444.18
2026-04-17 20:30:00,0.1348,0.1348,0.1338,0.134,386101.83
2026-04-17 20:45:00,0.134,0.1342,0.1338,0.1342,136383.96
2026-04-17 21:00:00,0.1342,0.1346,0.1341,0.1343,243367.28
2026-04-17 21:15:00,0.1343,0.1353,0.1342,0.1346,152811.29
2026-04-17 21:30:00,0.1345,0.1346,0.1336,0.1338,280430.88
2026-04-17 21:45:00,0.1339,0.1341,0.1337,0.1339,75971.93
2026-04-17 22:00:00,0.1338,0.1344,0.1337,0.1339,429808.82
2026-04-17 22:15:00,0.1339,0.1344,0.1336,0.1339,251763.94
2026-04-17 22:30:00,0.1339,0.1345,0.1338,0.1344,187045.31
2026-04-17 22:45:00,0.1345,0.1349,0.1343,0.1346,54967.53
2026-04-17 23:00:00,0.1347,0.135,0.1344,0.1345,284555.15
2026-04-17 23:15:00,0.1344,0.1345,0.1332,0.1335,614395.59
2026-04-17 23:30:00,0.1335,0.1341,0.1335,0.1339,330924.27
2026-04-17 23:45:00,0.1339,0.1348,0.1338,0.1344,322893.54
2026-04-18 00:00:00,0.1344,0.1355,0.1332,0.1338,1426715.11
2026-04-18 00:15:00,0.1338,0.1343,0.1337,0.1339,133822.64
2026-04-18 00:30:00,0.1338,0.134,0.1325,0.1329,359386.46
2026-04-18 00:45:00,0.1329,0.1339,0.1329,0.1337,121516.83
2026-04-18 01:00:00,0.1338,0.1348,0.1334,0.1346,277939.08
2026-04-18 01:15:00,0.1346,0.135,0.1338,0.134,232592.07
2026-04-18 01:30:00,0.1341,0.1341,0.133,0.133,126421.26
2026-04-18 01:45:00,0.133,0.1332,0.1318,0.1319,347434.49
2026-04-18 02:00:00,0.1318,0.1323,0.1314,0.1317,206999.63
2026-04-18 02:15:00,0.1317,0.1325,0.1316,0.1324,169370.87
2026-04-18 02:30:00,0.1324,0.1331,0.1321,0.1329,181381.91
2026-04-18 02:45:00,0.1328,0.133,0.1325,0.1328,49203.06
2026-04-18 03:00:00,0.1327,0.1327,0.1318,0.1321,221986.52
2026-04-18 03:15:00,0.1321,0.1324,0.1319,0.1322,56631.1
2026-04-18 03:30:00,0.1321,0.1324,0.132,0.1324,168149.46
2026-04-18 03:45:00,0.1324,0.1326,0.1315,0.1319,500551.31
2026-04-18 04:00:00,0.132,0.1324,0.1316,0.1323,174486.73
2026-04-18 04:15:00,0.1323,0.1324,0.1319,0.1319,198855.78
2026-04-18 04:30:00,0.1319,0.1321,0.1315,0.1317,134284.71
2026-04-18 04:45:00,0.1317,0.132,0.1315,0.1315,54941.91
2026-04-18 05:00:00,0.1315,0.1328,0.1314,0.1327,1371042.33
2026-04-18 05:15:00,0.1327,0.1328,0.1323,0.1324,171755.88
2026-04-18 05:30:00,0.1324,0.1328,0.1321,0.1324,256284.8
2026-04-18 05:45:00,0.1323,0.1332,0.1323,0.1332,108846.31
2026-04-18 06:00:00,0.1332,0.1335,0.1329,0.1329,119245.66
2026-04-18 06:15:00,0.1329,0.133,0.1324,0.1327,88006.16
2026-04-18 06:30:00,0.1326,0.1344,0.1326,0.1343,213096.83
2026-04-18 06:45:00,0.1343,0.1345,0.1337,0.1337,176374.03
2026-04-18 07:00:00,0.1337,0.1344,0.1334,0.1344,969284.46
2026-04-18 07:15:00,0.1343,0.1343,0.1336,0.1336,265097.38
2026-04-18 07:30:00,0.1336,0.1338,0.1333,0.1338,359272.19
2026-04-18 07:45:00,0.1337,0.1342,0.1335,0.1338,191839.43
2026-04-18 08:00:00,0.1338,0.1344,0.1326,0.134,1428750.74
2026-04-18 08:15:00,0.134,0.1341,0.1325,0.1327,940428.3
2026-04-18 08:30:00,0.1327,0.1327,0.1308,0.1316,618494.25
2026-04-18 08:45:00,0.1316,0.132,0.1315,0.1316,96992.22
2026-04-18 09:00:00,0.1316,0.132,0.13,0.1308,304920.68
2026-04-18 09:15:00,0.1307,0.1313,0.1302,0.1313,131299.37
2026-04-18 09:30:00,0.1313,0.1321,0.1311,0.1311,152847.1
2026-04-18 09:45:00,0.1311,0.1312,0.1307,0.1308,167316.0
2026-04-18 10:00:00,0.1307,0.1309,0.1293,0.1299,630881.09
2026-04-18 10:15:00,0.1298,0.1303,0.1298,0.1299,158255.99
2026-04-18 10:30:00,0.1299,0.1301,0.1297,0.1297,268831.17
2026-04-18 10:45:00,0.1297,0.1299,0.1289,0.1292,260012.54
2026-04-18 11:00:00,0.1293,0.1293,0.1284,0.1284,207916.48
2026-04-18 11:15:00,0.1284,0.1288,0.1284,0.1288,227249.75
2026-04-18 11:30:00,0.1287,0.1289,0.1278,0.1279,195788.51
2026-04-18 11:45:00,0.128,0.1289,0.1278,0.1286,155068.13
2026-04-18 12:00:00,0.1286,0.1287,0.1284,0.1286,66708.63
2026-04-18 12:15:00,0.1286,0.1288,0.1281,0.1284,207551.12
2026-04-18 12:30:00,0.1284,0.1285,0.1279,0.1281,173218.2
2026-04-18 12:45:00,0.1281,0.1291,0.1279,0.129,443645.49
2026-04-18 13:00:00,0.1291,0.1293,0.1284,0.1285,180315.24
2026-04-18 13:15:00,0.1284,0.1284,0.1276,0.1277,118680.06
2026-04-18 13:30:00,0.1277,0.1277,0.1272,0.1276,105242.08
2026-04-18 13:45:00,0.1275,0.1286,0.1275,0.1285,147198.77
2026-04-18 14:00:00,0.1284,0.1285,0.1281,0.1281,121591.7
2026-04-18 14:15:00,0.1282,0.1283,0.1277,0.1283,205108.19
2026-04-18 14:30:00,0.1284,0.129,0.1284,0.1285,193300.4
2026-04-18 14:45:00,0.1285,0.1288,0.1285,0.1287,171293.71
2026-04-18 15:00:00,0.1286,0.129,0.1284,0.1285,250232.69
2026-04-18 15:15:00,0.1285,0.1288,0.1283,0.1284,94808.79
2026-04-18 15:30:00,0.1284,0.1287,0.1282,0.1285,254680.47
2026-04-18 15:45:00,0.1285,0.1286,0.128,0.1282,96368.32
2026-04-18 16:00:00,0.1282,0.1286,0.1279,0.1285,107031.4
2026-04-18 16:15:00,0.1285,0.1291,0.1277,0.1284,511345.65
2026-04-18 16:30:00,0.1285,0.1285,0.128,0.1281,30463.07
2026-04-18 16:45:00,0.128,0.1282,0.1275,0.1277,404307.07
2026-04-18 17:00:00,0.1277,0.1277,0.1271,0.1272,235575.05
2026-04-18 17:15:00,0.1273,0.128,0.1273,0.1279,312364.25
2026-04-18 17:30:00,0.128,0.1284,0.128,0.1283,73375.58
2026-04-18 17:45:00,0.1282,0.1284,0.128,0.128,44103.57
2026-04-18 18:00:00,0.1281,0.1281,0.1273,0.1277,143108.26
2026-04-18 18:15:00,0.1277,0.1277,0.1271,0.1273,101556.36
2026-04-18 18:30:00,0.1273,0.1273,0.1262,0.1265,649496.2
2026-04-18 18:45:00,0.1266,0.1269,0.1261,0.1263,817196.92
2026-04-18 19:00:00,0.1263,0.1271,0.1263,0.127,165094.37
2026-04-18 19:15:00,0.127,0.1272,0.1267,0.1269,43502.08
2026-04-18 19:30:00,0.1269,0.1269,0.1262,0.1263,120603.32
2026-04-18 19:45:00,0.1263,0.1267,0.1262,0.1264,86372.76
2026-04-18 20:00:00,0.1264,0.1264,0.1258,0.126,209430.01
2026-04-18 20:15:00,0.1261,0.1263,0.126,0.1262,83999.51
2026-04-18 20:30:00,0.1263,0.1267,0.1263,0.1266,59642.23
2026-04-18 20:45:00,0.1266,0.1268,0.1264,0.1264,39950.97
2026-04-18 21:00:00,0.1264,0.1267,0.1262,0.1263,54814.07
2026-04-18 21:15:00,0.1263,0.1265,0.1261,0.1264,70124.01
2026-04-18 21:30:00,0.1264,0.1269,0.1264,0.1268,200194.2
2026-04-18 21:45:00,0.1269,0.127,0.1264,0.1268,225681.85
2026-04-18 22:00:00,0.1267,0.1269,0.1261,0.1263,104433.95
2026-04-18 22:15:00,0.1263,0.1264,0.1261,0.1264,206213.55
2026-04-18 22:30:00,0.1265,0.1268,0.1265,0.1267,421131.89
2026-04-18 22:45:00,0.1268,0.1271,0.1267,0.1267,105156.72
2026-04-18 23:00:00,0.1266,0.127,0.1266,0.1267,66415.49
2026-04-18 23:15:00,0.1267,0.1267,0.1262,0.1264,29210.97
2026-04-18 23:30:00,0.1264,0.1264,0.126,0.126,48190.71
2026-04-18 23:45:00,0.126,0.1263,0.1258,0.1259,188251.12
2026-04-19 00:00:00,0.126,0.126,0.1251,0.1253,248478.47
2026-04-19 00:15:00,0.1252,0.1252,0.1247,0.1248,305201.22
2026-04-19 00:30:00,0.1248,0.1248,0.1244,0.1245,89365.83
2026-04-19 00:45:00,0.1246,0.1252,0.1246,0.1252,111764.35
2026-04-19 01:00:00,0.1252,0.1257,0.1247,0.1248,189270.84
2026-04-19 01:15:00,0.1248,0.1248,0.1237,0.1238,173772.29
2026-04-19 01:30:00,0.1238,0.1238,0.1232,0.1233,228928.85
2026-04-19 01:45:00,0.1234,0.1243,0.1233,0.1243,114420.61
2026-04-19 02:00:00,0.1242,0.1243,0.1239,0.1241,123410.68
2026-04-19 02:15:00,0.1241,0.1242,0.1227,0.1228,244285.89
2026-04-19 02:30:00,0.1229,0.1236,0.1225,0.1235,559791.53
2026-04-19 02:45:00,0.1234,0.1236,0.123,0.1234,301004.52
2026-04-19 03:00:00,0.1233,0.1239,0.1228,0.1239,190525.98
2026-04-19 03:15:00,0.124,0.1242,0.1238,0.1239,156480.07
2026-04-19 03:30:00,0.124,0.1244,0.1237,0.1242,245286.19
2026-04-19 03:45:00,0.1241,0.1241,0.1235,0.1235,117825.7
2026-04-19 04:00:00,0.1235,0.1243,0.1233,0.1243,215713.71
2026-04-19 04:15:00,0.1243,0.1244,0.1238,0.124,127331.71
2026-04-19 04:30:00,0.124,0.124,0.1229,0.1232,420257.51
2026-04-19 04:45:00,0.1233,0.1238,0.1231,0.1238,98757.07
2026-04-19 05:00:00,0.1237,0.1244,0.1237,0.124,221189.25
2026-04-19 05:15:00,0.1239,0.1243,0.1238,0.1242,92304.36
2026-04-19 05:30:00,0.1243,0.1246,0.124,0.124,106364.41
2026-04-19 05:45:00,0.124,0.124,0.1232,0.1232,105926.56
2026-04-19 06:00:00,0.1232,0.1233,0.1228,0.1229,230175.24
2026-04-19 06:15:00,0.1229,0.1238,0.1227,0.1235,224580.82
2026-04-19 06:30:00,0.1235,0.1239,0.1234,0.1236,153762.69
2026-04-19 06:45:00,0.1235,0.1238,0.1235,0.1238,49954.38
2026-04-19 07:00:00,0.1237,0.124,0.1232,0.1236,234137.07
2026-04-19 07:15:00,0.1235,0.1235,0.1227,0.1228,370656.84
2026-04-19 07:30:00,0.1228,0.1234,0.1227,0.1232,669702.38
2026-04-19 07:45:00,0.1232,0.1237,0.1231,0.1235,94010.77
2026-04-19 08:00:00,0.1234,0.1235,0.123,0.1232,109972.83
2026-04-19 08:15:00,0.1232,0.1235,0.1231,0.1232,128682.84
2026-04-19 08:30:00,0.1233,0.1238,0.1232,0.1237,119364.15
2026-04-19 08:45:00,0.1237,0.1238,0.1234,0.1235,235191.93
2026-04-19 09:00:00,0.1236,0.1241,0.1236,0.1238,74553.32
2026-04-19 09:15:00,0.1238,0.124,0.1232,0.1236,139458.51
2026-04-19 09:30:00,0.1235,0.1236,0.123,0.1232,102810.68
2026-04-19 09:45:00,0.1232,0.1235,0.123,0.1232,145311.36
2026-04-19 10:00:00,0.1232,0.1232,0.1229,0.1232,56228.71
2026-04-19 10:15:00,0.1232,0.1232,0.123,0.123,122762.95
2026-04-19 10:30:00,0.123,0.1235,0.123,0.1235,94348.55
2026-04-19 10:45:00,0.1235,0.1239,0.1233,0.1234,66408.45
2026-04-19 11:00:00,0.1235,0.125,0.1233,0.1247,256999.27
2026-04-19 11:15:00,0.1247,0.1251,0.1247,0.1247,231974.38
2026-04-19 11:30:00,0.1247,0.125,0.1245,0.1246,72952.13
2026-04-19 11:45:00,0.1245,0.1247,0.1244,0.1246,304826.25
2026-04-19 12:00:00,0.1245,0.1249,0.1244,0.1249,215866.31
2026-04-19 12:15:00,0.1249,0.1252,0.1247,0.1247,126181.28
2026-04-19 12:30:00,0.1247,0.1251,0.1246,0.1249,83955.15
2026-04-19 12:45:00,0.125,0.1257,0.1249,0.1253,134242.92
2026-04-19 13:00:00,0.1253,0.1258,0.1253,0.1255,104211.34
2026-04-19 13:15:00,0.1256,0.1269,0.1255,0.1265,405489.6
2026-04-19 13:30:00,0.1266,0.1266,0.1261,0.1263,500562.79
2026-04-19 13:45:00,0.1263,0.1263,0.1257,0.1257,154885.4
2026-04-19 14:00:00,0.1257,0.1258,0.1252,0.1257,426963.86
2026-04-19 14:15:00,0.1256,0.1262,0.1256,0.126,152909.59
2026-04-19 14:30:00,0.126,0.126,0.1255,0.126,173672.35
2026-04-19 14:45:00,0.1259,0.1265,0.1257,0.1259,404891.54
2026-04-19 15:00:00,0.1259,0.1261,0.1253,0.1255,493854.05
2026-04-19 15:15:00,0.1255,0.1257,0.1249,0.1251,577268.53
2026-04-19 15:30:00,0.1251,0.1252,0.1235,0.1245,689273.62
2026-04-19 15:45:00,0.1245,0.125,0.1241,0.125,282103.71
2026-04-19 16:00:00,0.125,0.125,0.1245,0.1248,339511.48
2026-04-19 16:15:00,0.1247,0.1249,0.1242,0.1242,152263.83
2026-04-19 16:30:00,0.1242,0.1246,0.1241,0.1243,105379.83
2026-04-19 16:45:00,0.1244,0.1247,0.1241,0.1243,140060.61
2026-04-19 17:00:00,0.1243,0.1243,0.1232,0.1237,617601.12
2026-04-19 17:15:00,0.1237,0.1239,0.1231,0.1233,120777.83
2026-04-19 17:30:00,0.1233,0.1236,0.1223,0.1229,354045.83
2026-04-19 17:45:00,0.1228,0.1229,0.1218,0.1219,295410.51
2026-04-19 18:00:00,0.1219,0.1224,0.1216,0.1221,335546.36
2026-04-19 18:15:00,0.122,0.1226,0.1217,0.1223,393969.32
2026-04-19 18:30:00,0.1223,0.1223,0.1219,0.1221,59967.91
2026-04-19 18:45:00,0.122,0.1221,0.1217,0.122,213360.46
2026-04-19 19:00:00,0.1221,0.1229,0.1221,0.1228,230077.03
2026-04-19 19:15:00,0.1228,0.1236,0.1228,0.1235,471420.97
2026-04-19 19:30:00,0.1236,0.1239,0.1232,0.1232,139281.75
2026-04-19 19:45:00,0.1232,0.1234,0.123,0.1231,111273.51
2026-04-19 20:00:00,0.1232,0.1232,0.1227,0.1228,205962.26
2026-04-19 20:15:00,0.1228,0.123,0.1225,0.123,82505.46
2026-04-19 20:30:00,0.1229,0.1233,0.1226,0.1227,581172.61
2026-04-19 20:45:00,0.1228,0.123,0.1224,0.1226,137082.29
2026-04-19 21:00:00,0.1226,0.123,0.1224,0.123,180502.38
2026-04-19 21:15:00,0.1229,0.1229,0.1227,0.1229,52640.74
2026-04-19 21:30:00,0.123,0.1235,0.123,0.1232,51680.79
2026-04-19 21:45:00,0.1232,0.1233,0.1223,0.1225,102869.4
2026-04-19 22:00:00,0.1224,0.1224,0.1212,0.1213,423312.22
2026-04-19 22:15:00,0.1213,0.1213,0.1202,0.121,610794.22
2026-04-19 22:30:00,0.121,0.1217,0.121,0.1213,315956.68
2026-04-19 22:45:00,0.1214,0.1214,0.121,0.121,92903.06
2026-04-19 23:00:00,0.1209,0.1209,0.12,0.1205,352728.74
2026-04-19 23:15:00,0.1205,0.1206,0.1198,0.1201,399973.03
2026-04-19 23:30:00,0.1202,0.1204,0.1199,0.1202,204595.78
2026-04-19 23:45:00,0.1202,0.1205,0.12,0.1204,296478.28
2026-04-20 00:00:00,0.1205,0.1207,0.1203,0.1205,218454.83
2026-04-20 00:15:00,0.1205,0.1218,0.1205,0.1217,160633.95
2026-04-20 00:30:00,0.1218,0.1219,0.1212,0.1212,105208.07
2026-04-20 00:45:00,0.1212,0.1215,0.1212,0.1215,100887.0
2026-04-20 01:00:00,0.1214,0.1219,0.1214,0.1216,262282.18
2026-04-20 01:15:00,0.1216,0.1216,0.1214,0.1215,121425.79
2026-04-20 01:30:00,0.1215,0.1223,0.1215,0.122,178445.51
2026-04-20 01:45:00,0.1221,0.1223,0.122,0.122,98573.49
2026-04-20 02:00:00,0.122,0.122,0.1215,0.1215,146266.24
2026-04-20 02:15:00,0.1215,0.1217,0.1213,0.1217,97358.33
2026-04-20 02:30:00,0.1217,0.122,0.1216,0.1219,186932.03
2026-04-20 02:45:00,0.122,0.1223,0.1218,0.1219,147347.27
2026-04-20 03:00:00,0.1219,0.1221,0.1218,0.1218,129437.91
2026-04-20 03:15:00,0.1219,0.1219,0.1215,0.1217,111023.31
2026-04-20 03:30:00,0.1217,0.1225,0.1216,0.1222,316443.7
2026-04-20 03:45:00,0.1221,0.1228,0.122,0.1223,209315.74
2026-04-20 04:00:00,0.1224,0.1224,0.1219,0.1219,160319.02
2026-04-20 04:15:00,0.1218,0.1223,0.1217,0.1222,169318.44
2026-04-20 04:30:00,0.1222,0.1226,0.122,0.1222,102428.15
2026-04-20 04:45:00,0.1222,0.1227,0.1222,0.1222,191167.48
2026-04-20 05:00:00,0.1223,0.1223,0.121,0.1214,233141.21
2026-04-20 05:15:00,0.1213,0.1214,0.1208,0.1209,131078.78
2026-04-20 05:30:00,0.1208,0.121,0.1205,0.1205,69364.09
2026-04-20 05:45:00,0.1204,0.121,0.1204,0.121,212171.15
2026-04-20 06:00:00,0.1209,0.1216,0.1207,0.1211,114273.6
2026-04-20 06:15:00,0.121,0.1214,0.1209,0.1212,133974.81
2026-04-20 06:30:00,0.1212,0.1226,0.1212,0.1221,242476.82
2026-04-20 06:45:00,0.122,0.1221,0.1215,0.1218,152720.45
2026-04-20 07:00:00,0.1219,0.1221,0.1217,0.122,145150.75
2026-04-20 07:15:00,0.122,0.1245,0.1219,0.1239,924612.98
2026-04-20 07:30:00,0.124,0.124,0.123,0.123,465059.25
2026-04-20 07:45:00,0.1229,0.1232,0.1224,0.1229,241697.75
2026-04-20 08:00:00,0.1228,0.123,0.1224,0.1228,136737.63
2026-04-20 08:15:00,0.1227,0.1232,0.1224,0.1226,105361.45
2026-04-20 08:30:00,0.1225,0.123,0.1224,0.1227,200178.67
2026-04-20 08:45:00,0.1227,0.1228,0.1218,0.1218,316269.11
2026-04-20 09:00:00,0.1217,0.1227,0.1215,0.1227,231273.54
2026-04-20 09:15:00,0.1227,0.1233,0.1226,0.123,93268.16
2026-04-20 09:30:00,0.123,0.1233,0.1229,0.123,87826.2
2026-04-20 09:45:00,0.1231,0.1233,0.1225,0.1226,137984.92
2026-04-20 10:00:00,0.1227,0.1238,0.1227,0.1238,215178.14
2026-04-20 10:15:00,0.1238,0.1239,0.1234,0.1236,233527.69
2026-04-20 10:30:00,0.1235,0.1235,0.1229,0.1231,125823.21
2026-04-20 10:45:00,0.1231,0.1234,0.1229,0.1229,86968.45
2026-04-20 11:00:00,0.1229,0.1233,0.1226,0.1232,129033.58
2026-04-20 11:15:00,0.1233,0.1234,0.1227,0.123,69907.54
2026-04-20 11:30:00,0.1229,0.1232,0.1228,0.1228,128255.45
2026-04-20 11:45:00,0.1228,0.1229,0.1226,0.1227,72221.6
2026-04-20 12:00:00,0.1228,0.123,0.1223,0.1226,127715.26
2026-04-20 12:15:00,0.1226,0.1234,0.1225,0.123,160605.6
2026-04-20 12:30:00,0.123,0.1234,0.1229,0.1233,211216.04
2026-04-20 12:45:00,0.1233,0.1236,0.1232,0.1236,65639.65
2026-04-20 13:00:00,0.1236,0.124,0.1233,0.1236,278515.26
2026-04-20 13:15:00,0.1235,0.1236,0.123,0.1232,163254.32
2026-04-20 13:30:00,0.1233,0.1235,0.1227,0.1233,143329.72
2026-04-20 13:45:00,0.1232,0.1239,0.1231,0.1238,237440.68
2026-04-20 14:00:00,0.1239,0.1241,0.1234,0.1237,195831.88
2026-04-20 14:15:00,0.1236,0.1247,0.1236,0.1241,316557.63
2026-04-20 14:30:00,0.1241,0.1243,0.1233,0.1237,288715.88
2026-04-20 14:45:00,0.1237,0.1238,0.1222,0.1227,505169.17
2026-04-20 15:00:00,0.1228,0.1228,0.1218,0.1223,260451.01
2026-04-20 15:15:00,0.1223,0.124,0.1223,0.124,257118.64
2026-04-20 15:30:00,0.1239,0.1239,0.1233,0.1233,69050.15
2026-04-20 15:45:00,0.1232,0.1233,0.1228,0.1233,158210.7
2026-04-20 16:00:00,0.1232,0.1233,0.1229,0.1232,159283.13
2026-04-20 16:15:00,0.1232,0.1237,0.123,0.1236,125229.48
2026-04-20 16:30:00,0.1236,0.124,0.1234,0.1239,201843.81
2026-04-20 16:45:00,0.124,0.124,0.1232,0.1232,159363.94
2026-04-20 17:00:00,0.1233,0.1241,0.1231,0.124,207870.06
2026-04-20 17:15:00,0.1239,0.1243,0.1239,0.124,174246.96
2026-04-20 17:30:00,0.1241,0.1241,0.1236,0.1239,124085.77
2026-04-20 17:45:00,0.1239,0.1245,0.1239,0.1244,167392.38
2026-04-20 18:00:00,0.1245,0.1255,0.1245,0.1254,575991.35
2026-04-20 18:15:00,0.1253,0.1257,0.1252,0.1252,243497.67
2026-04-20 18:30:00,0.1253,0.1255,0.1248,0.1254,294711.12
2026-04-20 18:45:00,0.1254,0.1258,0.1252,0.1254,459146.95
2026-04-20 19:00:00,0.1253,0.1253,0.1249,0.125,140531.35
2026-04-20 19:15:00,0.125,0.1251,0.1246,0.1247,81248.51
2026-04-20 19:30:00,0.1247,0.1249,0.1246,0.1247,33067.38
2026-04-20 19:45:00,0.1247,0.1248,0.1243,0.1248,239312.92
2026-04-20 20:00:00,0.1248,0.1249,0.1244,0.1245,92463.34
2026-04-20 20:15:00,0.1246,0.1253,0.1245,0.1248,105275.66
2026-04-20 20:30:00,0.1248,0.1253,0.1248,0.1249,1189943.95
2026-04-20 20:45:00,0.125,0.1257,0.125,0.1256,137137.37
2026-04-20 21:00:00,0.1256,0.126,0.1249,0.1251,315853.88
2026-04-20 21:15:00,0.1251,0.1253,0.1248,0.1252,109070.92
2026-04-20 21:30:00,0.1252,0.1259,0.1252,0.1258,112233.29
2026-04-20 21:45:00,0.1257,0.1259,0.1256,0.1256,26780.35
2026-04-20 22:00:00,0.1256,0.1257,0.1253,0.1253,83407.49
2026-04-20 22:15:00,0.1254,0.1254,0.1249,0.1249,79544.59
2026-04-20 22:30:00,0.1249,0.1251,0.1246,0.1247,129747.02
2026-04-20 22:45:00,0.1247,0.1247,0.1245,0.1246,147353.57
2026-04-20 23:00:00,0.1245,0.1245,0.1237,0.1238,201718.15
2026-04-20 23:15:00,0.1238,0.1241,0.1237,0.1238,85466.67
2026-04-20 23:30:00,0.1239,0.124,0.1237,0.1239,65752.83
2026-04-20 23:45:00,0.1239,0.1241,0.1238,0.124,30677.33
2026-04-21 00:00:00,0.1241,0.1244,0.1239,0.1239,169679.84
2026-04-21 00:15:00,0.1238,0.124,0.1238,0.1239,125167.6
2026-04-21 00:30:00,0.1238,0.1241,0.1238,0.1239,39499.68
2026-04-21 00:45:00,0.1239,0.1242,0.1239,0.124,145020.99
2026-04-21 01:00:00,0.124,0.1243,0.1239,0.1243,134538.9
2026-04-21 01:15:00,0.1242,0.1243,0.1241,0.1243,77519.8
2026-04-21 01:30:00,0.1243,0.1244,0.1238,0.1242,197204.44
2026-04-21 01:45:00,0.1243,0.1243,0.1235,0.1236,64171.96
2026-04-21 02:00:00,0.1236,0.1236,0.1229,0.1229,118554.04
2026-04-21 02:15:00,0.1229,0.1234,0.1229,0.1233,67294.41
2026-04-21 02:30:00,0.1232,0.1234,0.1232,0.1233,45663.77
2026-04-21 02:45:00,0.1233,0.1234,0.1228,0.1228,62374.47
2026-04-21 03:00:00,0.1228,0.1229,0.1224,0.1224,132494.43
2026-04-21 03:15:00,0.1225,0.1228,0.1223,0.1228,44207.31
2026-04-21 03:30:00,0.1229,0.1232,0.1227,0.1227,34936.07
2026-04-21 03:45:00,0.1228,0.1233,0.1227,0.1229,33599.26
2026-04-21 04:00:00,0.1229,0.123,0.1227,0.1227,44768.0
2026-04-21 04:15:00,0.1226,0.1228,0.1224,0.1227,74957.51
2026-04-21 04:30:00,0.1227,0.1229,0.1227,0.1229,59137.92
2026-04-21 04:45:00,0.1229,0.1233,0.1228,0.1233,21829.73
2026-04-21 05:00:00,0.1232,0.1243,0.1232,0.1239,92376.94
2026-04-21 05:15:00,0.1239,0.1239,0.1234,0.1236,140267.71
2026-04-21 05:30:00,0.1237,0.1238,0.1236,0.1238,27644.26
2026-04-21 05:45:00,0.1238,0.124,0.1237,0.1239,112824.47
2026-04-21 06:00:00,0.1239,0.124,0.1235,0.1236,77975.49
2026-04-21 06:15:00,0.1235,0.1236,0.1232,0.1232,29785.15
2026-04-21 06:30:00,0.1231,0.1241,0.123,0.1237,86937.51
2026-04-21 06:45:00,0.1237,0.1239,0.1235,0.1235,83682.36
2026-04-21 07:00:00,0.1235,0.1237,0.1232,0.1237,62181.94
2026-04-21 07:15:00,0.1236,0.1241,0.1235,0.1237,100515.15
2026-04-21 07:30:00,0.1237,0.1237,0.1232,0.1235,144025.61
2026-04-21 07:45:00,0.1234,0.1236,0.1232,0.1232,91218.32
2026-04-21 08:00:00,0.1232,0.1234,0.1231,0.1233,27610.2
2026-04-21 08:15:00,0.1234,0.1237,0.1234,0.1234,103768.81
2026-04-21 08:30:00,0.1234,0.1237,0.1231,0.1237,58114.49
2026-04-21 08:45:00,0.1236,0.1243,0.1231,0.1232,117986.11
2026-04-21 09:00:00,0.1231,0.1232,0.1229,0.1229,87503.52
2026-04-21 09:15:00,0.123,0.1234,0.123,0.123,71429.8
2026-04-21 09:30:00,0.1231,0.1237,0.1229,0.1237,102021.09
2026-04-21 09:45:00,0.1237,0.1239,0.1236,0.1237,121977.84
2026-04-21 10:00:00,0.1237,0.1239,0.1236,0.1238,176696.0
2026-04-21 10:15:00,0.1239,0.1241,0.1238,0.1239,154066.42
2026-04-21 10:30:00,0.1238,0.1241,0.1237,0.1241,76129.43
2026-04-21 10:45:00,0.124,0.1247,0.124,0.1245,281315.3
2026-04-21 11:00:00,0.1244,0.1245,0.1234,0.1237,884811.44
2026-04-21 11:15:00,0.1237,0.1247,0.1237,0.1246,149578.83
2026-04-21 11:30:00,0.1246,0.1261,0.1246,0.1252,3628900.96
2026-04-21 11:45:00,0.1252,0.1253,0.1239,0.124,479038.9
2026-04-21 12:00:00,0.124,0.1243,0.124,0.1241,327977.4
2026-04-21 12:15:00,0.1241,0.1241,0.1238,0.124,107050.25
2026-04-21 12:30:00,0.1239,0.124,0.1222,0.1226,1174664.04
2026-04-21 12:45:00,0.1225,0.123,0.1222,0.1229,226106.0
2026-04-21 13:00:00,0.1229,0.123,0.1225,0.1226,66181.55
2026-04-21 13:15:00,0.1225,0.1227,0.1222,0.1226,181059.81
2026-04-21 13:30:00,0.1226,0.1227,0.1216,0.1221,2895886.31
2026-04-21 13:45:00,0.1221,0.123,0.1221,0.1229,334079.52
2026-04-21 14:00:00,0.1229,0.1232,0.1222,0.1224,210767.28
2026-04-21 14:15:00,0.1224,0.1235,0.1224,0.123,332511.81
2026-04-21 14:30:00,0.123,0.1239,0.1229,0.1237,172504.83
2026-04-21 14:45:00,0.1236,0.1236,0.1226,0.1229,325644.46
2026-04-21 15:00:00,0.123,0.1239,0.1228,0.1237,871092.1
2026-04-21 15:15:00,0.1238,0.1242,0.1234,0.1235,365937.98
2026-04-21 15:30:00,0.1236,0.1241,0.1232,0.1239,120661.4
2026-04-21 15:45:00,0.1238,0.124,0.1236,0.1239,67760.33
2026-04-21 16:00:00,0.124,0.1245,0.1235,0.1237,279627.01
2026-04-21 16:15:00,0.1237,0.1239,0.1234,0.1235,104777.8
2026-04-21 16:30:00,0.1234,0.1239,0.1233,0.1235,74280.69
2026-04-21 16:45:00,0.1235,0.1236,0.1226,0.1227,133920.85
2026-04-21 17:00:00,0.1227,0.1229,0.1221,0.1221,156996.04
2026-04-21 17:15:00,0.1221,0.1221,0.1208,0.121,373600.98
2026-04-21 17:30:00,0.121,0.1224,0.1208,0.1221,373112.49
2026-04-21 17:45:00,0.1221,0.1221,0.1215,0.1216,176055.88
2026-04-21 18:00:00,0.1216,0.1217,0.121,0.1213,200185.36
2026-04-21 18:15:00,0.1213,0.1216,0.1211,0.1211,302601.52
2026-04-21 18:30:00,0.1212,0.1215,0.1212,0.1214,10197.24
2026-04-21 18:45:00,0.1213,0.1218,0.121,0.1217,181227.42
2026-04-21 19:00:00,0.1218,0.1223,0.1216,0.1217,134615.36
2026-04-21 19:15:00,0.1217,0.1227,0.1216,0.1222,140177.59
2026-04-21 19:30:00,0.1222,0.1222,0.1202,0.1203,299689.73
2026-04-21 19:45:00,0.1203,0.1206,0.12,0.1206,174986.16
2026-04-21 20:00:00,0.1205,0.1224,0.1204,0.1224,1202097.82
2026-04-21 20:15:00,0.1223,0.1226,0.122,0.1221,151758.05
2026-04-21 20:30:00,0.1222,0.1226,0.1219,0.122,115058.79
2026-04-21 20:45:00,0.122,0.1221,0.1217,0.1219,104264.42
2026-04-21 21:00:00,0.1219,0.1219,0.1213,0.1215,310230.07
2026-04-21 21:15:00,0.1215,0.1221,0.1214,0.1218,87214.54
2026-04-21 21:30:00,0.1219,0.122,0.1217,0.1218,92943.27
2026-04-21 21:45:00,0.1218,0.1221,0.1218,0.1219,108872.94
2026-04-21 22:00:00,0.1219,0.122,0.1218,0.122,256377.84
2026-04-21 22:15:00,0.1219,0.1219,0.1212,0.1214,121907.24
2026-04-21 22:30:00,0.1213,0.1219,0.1211,0.1218,794760.31
2026-04-21 22:45:00,0.1218,0.1219,0.1216,0.1219,52855.01
2026-04-21 23:00:00,0.1219,0.1226,0.1219,0.1223,196169.5
2026-04-21 23:15:00,0.1224,0.1226,0.1222,0.1223,76980.6
2026-04-21 23:30:00,0.1224,0.123,0.1224,0.1229,106197.23
2026-04-21 23:45:00,0.123,0.1236,0.123,0.1232,139521.47
2026-04-22 00:00:00,0.1232,0.1236,0.1232,0.1234,146823.06
2026-04-22 00:15:00,0.1233,0.1235,0.1232,0.1233,42697.1
2026-04-22 00:30:00,0.1233,0.1234,0.123,0.1234,174144.46
2026-04-22 00:45:00,0.1234,0.1234,0.1229,0.1231,166303.29
2026-04-22 01:00:00,0.1231,0.1233,0.123,0.1231,158405.49
2026-04-22 01:15:00,0.123,0.123,0.1221,0.1224,1091241.42
2026-04-22 01:30:00,0.1225,0.1228,0.1225,0.1225,124618.0
2026-04-22 01:45:00,0.1225,0.1228,0.1224,0.1226,347034.55
2026-04-22 02:00:00,0.1226,0.1237,0.1224,0.1234,161604.2
2026-04-22 02:15:00,0.1235,0.1249,0.1235,0.1248,386262.27
2026-04-22 02:30:00,0.1248,0.1253,0.1243,0.1253,157764.04
2026-04-22 02:45:00,0.1252,0.1255,0.1248,0.1254,160785.68
2026-04-22 03:00:00,0.1255,0.1258,0.1252,0.1256,381026.75
2026-04-22 03:15:00,0.1256,0.1257,0.1252,0.1253,93191.03
2026-04-22 03:30:00,0.1253,0.1253,0.1248,0.1252,330198.34
2026-04-22 03:45:00,0.1253,0.1256,0.125,0.1256,210415.36
2026-04-22 04:00:00,0.1256,0.1261,0.1256,0.1258,138180.93
2026-04-22 04:15:00,0.1257,0.1261,0.1256,0.1261,211971.62
2026-04-22 04:30:00,0.1262,0.127,0.1262,0.1269,287084.74
2026-04-22 04:45:00,0.1269,0.1269,0.1265,0.1268,296794.27
2026-04-22 05:00:00,0.1269,0.127,0.1264,0.1266,226963.66
2026-04-22 05:15:00,0.1266,0.1286,0.1265,0.1283,1763386.43
2026-04-22 05:30:00,0.1282,0.1288,0.1278,0.1284,596131.72
2026-04-22 05:45:00,0.1283,0.1286,0.1276,0.1277,289049.34
2026-04-22 06:00:00,0.1276,0.1279,0.1273,0.1273,385671.43
2026-04-22 06:15:00,0.1272,0.1274,0.1272,0.1272,114504.5
2026-04-22 06:30:00,0.1272,0.1274,0.1271,0.1274,84403.95
2026-04-22 06:45:00,0.1273,0.1277,0.1273,0.1277,87157.83
2026-04-22 07:00:00,0.1277,0.1279,0.1273,0.1273,113565.71
2026-04-22 07:15:00,0.1273,0.1273,0.1268,0.1269,195085.31
2026-04-22 07:30:00,0.127,0.127,0.1266,0.127,155673.34
2026-04-22 07:45:00,0.127,0.1271,0.1269,0.1269,113413.16
2026-04-22 08:00:00,0.1269,0.1271,0.1268,0.1271,62080.06
2026-04-22 08:15:00,0.1271,0.1273,0.127,0.1272,117841.69
2026-04-22 08:30:00,0.1271,0.1275,0.127,0.1273,101169.29
2026-04-22 08:45:00,0.1274,0.1277,0.1273,0.1274,116334.78
2026-04-22 09:00:00,0.1274,0.1281,0.1272,0.1277,125634.15
2026-04-22 09:15:00,0.1277,0.1278,0.1273,0.1273,116643.68
2026-04-22 09:30:00,0.1274,0.1276,0.1272,0.1272,159747.73
2026-04-22 09:45:00,0.1273,0.1273,0.1264,0.1267,197884.43
2026-04-22 10:00:00,0.1267,0.1268,0.1264,0.1264,278245.75
2026-04-22 10:15:00,0.1264,0.1267,0.1263,0.1267,135286.1
2026-04-22 10:30:00,0.1266,0.1272,0.1266,0.1269,86799.53
2026-04-22 10:45:00,0.127,0.1274,0.127,0.1274,49436.69
2026-04-22 11:00:00,0.1275,0.1278,0.1274,0.1275,201649.44
2026-04-22 11:15:00,0.1275,0.1276,0.1267,0.1268,173294.17
2026-04-22 11:30:00,0.1268,0.1271,0.1267,0.1268,116150.51
2026-04-22 11:45:00,0.1268,0.1274,0.1268,0.1273,65330.63
2026-04-22 12:00:00,0.1274,0.1275,0.1271,0.1271,113481.07
2026-04-22 12:15:00,0.1272,0.1272,0.1265,0.1265,123682.23
2026-04-22 12:30:00,0.1265,0.1265,0.126,0.126,121012.33
2026-04-22 12:45:00,0.1261,0.1265,0.126,0.1263,98834.92
2026-04-22 13:00:00,0.1263,0.1269,0.1258,0.1266,491393.04
2026-04-22 13:15:00,0.1266,0.1266,0.1263,0.1264,145557.17
2026-04-22 13:30:00,0.1265,0.1267,0.126,0.1262,311326.01
2026-04-22 13:45:00,0.1261,0.1264,0.1257,0.1259,222945.23
2026-04-22 14:00:00,0.1259,0.1265,0.1259,0.1265,154753.11
2026-04-22 14:15:00,0.1266,0.1269,0.1263,0.1264,147631.87
2026-04-22 14:30:00,0.1263,0.1268,0.126,0.1261,198668.72
2026-04-22 14:45:00,0.1261,0.1268,0.1261,0.1267,211322.59
2026-04-22 15:00:00,0.1266,0.1268,0.1262,0.1266,163715.22
2026-04-22 15:15:00,0.1266,0.127,0.1263,0.1269,267104.67
2026-04-22 15:30:00,0.1268,0.1271,0.1266,0.1268,311422.6
2026-04-22 15:45:00,0.1267,0.1267,0.1261,0.1262,135353.85
2026-04-22 16:00:00,0.1262,0.1264,0.126,0.1263,135516.54
2026-04-22 16:15:00,0.1263,0.1263,0.1259,0.1262,185711.14
2026-04-22 16:30:00,0.1262,0.1267,0.1261,0.1266,584538.62
2026-04-22 16:45:00,0.1265,0.1268,0.1263,0.1265,153690.0
2026-04-22 17:00:00,0.1264,0.1272,0.1264,0.1269,165586.06
2026-04-22 17:15:00,0.1268,0.1268,0.1265,0.1266,107886.81
2026-04-22 17:30:00,0.1265,0.1266,0.1261,0.1265,186839.65
2026-04-22 17:45:00,0.1264,0.1275,0.1264,0.1274,164220.48
2026-04-22 18:00:00,0.1274,0.1282,0.1274,0.1281,162286.17
2026-04-22 18:15:00,0.1282,0.1282,0.1274,0.1275,265350.18
2026-04-22 18:30:00,0.1275,0.1277,0.1272,0.1273,235087.32
2026-04-22 18:45:00,0.1273,0.1277,0.1271,0.1271,109634.24
2026-04-22 19:00:00,0.127,0.127,0.1267,0.1268,101638.83
2026-04-22 19:15:00,0.1269,0.1272,0.1262,0.1263,316693.57
2026-04-22 19:30:00,0.1264,0.1264,0.1247,0.1252,423121.88
2026-04-22 19:45:00,0.1253,0.1259,0.1252,0.1257,905906.65
2026-04-22 20:00:00,0.1258,0.1258,0.1253,0.1255,159338.85
2026-04-22 20:15:00,0.1255,0.1255,0.125,0.1253,64682.62
2026-04-22 20:30:00,0.1253,0.1253,0.1249,0.125,106210.81
2026-04-22 20:45:00,0.1249,0.1252,0.1248,0.1249,144684.24
2026-04-22 21:00:00,0.1249,0.1254,0.1245,0.1247,381976.01
2026-04-22 21:15:00,0.1246,0.125,0.1245,0.1249,108113.91
2026-04-22 21:30:00,0.1248,0.1251,0.1248,0.1248,287218.34
2026-04-22 21:45:00,0.1248,0.1251,0.1248,0.1249,88900.01
2026-04-22 22:00:00,0.1248,0.1248,0.1241,0.1241,160414.24
2026-04-22 22:15:00,0.1242,0.1242,0.1228,0.123,257694.23
2026-04-22 22:30:00,0.123,0.1234,0.1229,0.1231,367385.26
2026-04-22 22:45:00,0.1231,0.1231,0.1227,0.1228,81404.68
2026-04-22 23:00:00,0.1228,0.1229,0.1221,0.1225,317857.68
2026-04-22 23:15:00,0.1225,0.1225,0.1214,0.1217,558258.76
2026-04-22 23:30:00,0.1217,0.1217,0.1211,0.1212,219165.09
2026-04-22 23:45:00,0.1212,0.1214,0.1209,0.121,197727.3
2026-04-23 00:00:00,0.1211,0.1214,0.1196,0.1197,804610.83
2026-04-23 00:15:00,0.1196,0.1212,0.119,0.121,872854.79
2026-04-23 00:30:00,0.121,0.1212,0.1206,0.121,443076.4
2026-04-23 00:45:00,0.121,0.1211,0.1207,0.1208,201391.52
2026-04-23 01:00:00,0.1207,0.1209,0.1203,0.1203,181949.77
2026-04-23 01:15:00,0.1204,0.1204,0.1199,0.12,194824.22
2026-04-23 01:30:00,0.1199,0.1204,0.1198,0.1202,197933.9
2026-04-23 01:45:00,0.1203,0.1205,0.1202,0.1203,163384.26
2026-04-23 02:00:00,0.1203,0.1203,0.1195,0.1195,125721.62
2026-04-23 02:15:00,0.1195,0.1197,0.1188,0.1189,417870.62
2026-04-23 02:30:00,0.1189,0.119,0.1182,0.1187,230037.38
2026-04-23 02:45:00,0.1186,0.1191,0.1186,0.1186,116756.45
2026-04-23 03:00:00,0.1185,0.1191,0.1185,0.1185,217954.39
2026-04-23 03:15:00,0.1185,0.1186,0.1183,0.1186,210819.07
2026-04-23 03:30:00,0.1186,0.1187,0.1177,0.1182,443168.73
2026-04-23 03:45:00,0.1182,0.1183,0.118,0.1182,311913.39
2026-04-23 04:00:00,0.1183,0.1185,0.1178,0.1183,110035.67
2026-04-23 04:15:00,0.1183,0.1187,0.118,0.1186,1004072.6
2026-04-23 04:30:00,0.1186,0.1189,0.1185,0.1185,101694.63
2026-04-23 04:45:00,0.1185,0.1189,0.1185,0.1186,233118.33
2026-04-23 05:00:00,0.1186,0.119,0.1184,0.1186,422759.05
2026-04-23 05:15:00,0.1185,0.1187,0.1182,0.1184,195914.52
2026-04-23 05:30:00,0.1183,0.1183,0.1178,0.1181,215162.17
2026-04-23 05:45:00,0.1182,0.1191,0.1182,0.1187,188078.67
2026-04-23 06:00:00,0.1188,0.1196,0.1188,0.1191,331355.38
2026-04-23 06:15:00,0.1192,0.1195,0.1191,0.1193,257527.84
2026-04-23 06:30:00,0.1192,0.1194,0.1191,0.1192,84960.19
2026-04-23 06:45:00,0.1193,0.1194,0.1191,0.1193,67731.29
2026-04-23 07:00:00,0.1193,0.1196,0.1192,0.1193,176590.81
2026-04-23 07:15:00,0.1193,0.1193,0.1189,0.119,125369.68
2026-04-23 07:30:00,0.119,0.1191,0.1188,0.119,140061.89
2026-04-23 07:45:00,0.1191,0.1191,0.1185,0.1188,172965.57
2026-04-23 08:00:00,0.1189,0.1189,0.1186,0.1188,103416.69
2026-04-23 08:15:00,0.1188,0.1194,0.1188,0.1188,201991.33
2026-04-23 08:30:00,0.1189,0.1189,0.1185,0.1185,95171.97
2026-04-23 08:45:00,0.1185,0.1192,0.1185,0.1191,159727.55
2026-04-23 09:00:00,0.1191,0.1191,0.1184,0.1186,279019.44
2026-04-23 09:15:00,0.1186,0.119,0.1185,0.1186,257176.51
2026-04-23 09:30:00,0.1186,0.1192,0.1186,0.1189,166210.4
2026-04-23 09:45:00,0.1188,0.1189,0.1184,0.1189,234364.19
2026-04-23 10:00:00,0.1189,0.1193,0.1182,0.1182,707008.23
2026-04-23 10:15:00,0.1182,0.1185,0.1182,0.1183,144132.6
2026-04-23 10:30:00,0.1183,0.1186,0.1183,0.1183,60568.18
2026-04-23 10:45:00,0.1184,0.1185,0.1183,0.1184,47245.15
2026-04-23 11:00:00,0.1184,0.1191,0.1182,0.119,179498.25
2026-04-23 11:15:00,0.119,0.1191,0.1187,0.1187,34433.38
2026-04-23 11:30:00,0.1187,0.119,0.1187,0.1188,99571.76
2026-04-23 11:45:00,0.1189,0.1196,0.1189,0.1191,184165.82
2026-04-23 12:00:00,0.1191,0.1198,0.1191,0.1195,202905.97
2026-04-23 12:15:00,0.1195,0.1196,0.1194,0.1194,69092.56
2026-04-23 12:30:00,0.1194,0.12,0.1193,0.1198,150617.56
2026-04-23 12:45:00,0.1198,0.1199,0.1191,0.1195,566833.82
2026-04-23 13:00:00,0.1195,0.12,0.1194,0.1197,128197.83
2026-04-23 13:15:00,0.1198,0.1203,0.1196,0.1201,211302.55
2026-04-23 13:30:00,0.1202,0.1206,0.1202,0.1204,136693.88
2026-04-23 13:45:00,0.1204,0.1208,0.1203,0.1203,126198.97
2026-04-23 14:00:00,0.1203,0.1204,0.1199,0.1203,143975.29
2026-04-23 14:15:00,0.1204,0.1209,0.1204,0.1206,112721.63
2026-04-23 14:30:00,0.1206,0.1208,0.1205,0.1207,155205.64
2026-04-23 14:45:00,0.1208,0.1216,0.1207,0.1215,381069.32
2026-04-23 15:00:00,0.1215,0.1216,0.1208,0.121,127292.92
2026-04-23 15:15:00,0.1209,0.1223,0.1209,0.1218,206429.85
2026-04-23 15:30:00,0.1218,0.1226,0.1215,0.1224,252315.77
2026-04-23 15:45:00,0.1223,0.1228,0.1221,0.1225,477009.93
2026-04-23 16:00:00,0.1225,0.1227,0.1222,0.1224,227558.54
2026-04-23 16:15:00,0.1223,0.1225,0.122,0.1223,293204.25
2026-04-23 16:30:00,0.1223,0.1225,0.1217,0.1218,265008.98
2026-04-23 16:45:00,0.1218,0.1219,0.1208,0.1209,120019.79
2026-04-23 17:00:00,0.1209,0.121,0.12,0.1204,489173.22
2026-04-23 17:15:00,0.1203,0.1203,0.1195,0.1196,285132.68
2026-04-23 17:30:00,0.1195,0.1196,0.118,0.1182,447267.83
2026-04-23 17:45:00,0.1181,0.1191,0.1176,0.1187,1048091.65
2026-04-23 18:00:00,0.1186,0.1192,0.1186,0.1186,259639.86
2026-04-23 18:15:00,0.1187,0.1189,0.1186,0.1186,158320.5
2026-04-23 18:30:00,0.1186,0.1195,0.1186,0.1193,78275.36
2026-04-23 18:45:00,0.1193,0.1193,0.1187,0.1187,115893.61
2026-04-23 19:00:00,0.1187,0.1192,0.1185,0.1192,194340.35
2026-04-23 19:15:00,0.1192,0.1198,0.1192,0.1196,83349.98
2026-04-23 19:30:00,0.1196,0.1196,0.1186,0.1187,70551.53
2026-04-23 19:45:00,0.1188,0.1192,0.1183,0.119,505176.92
2026-04-23 20:00:00,0.119,0.1197,0.119,0.1195,63929.07
2026-04-23 20:15:00,0.1195,0.1196,0.1193,0.1194,36023.61
2026-04-23 20:30:00,0.1195,0.1205,0.1193,0.1205,130796.51
2026-04-23 20:45:00,0.1205,0.1206,0.1198,0.12,138788.94
2026-04-23 21:00:00,0.1201,0.1204,0.1199,0.1203,101045.22
2026-04-23 21:15:00,0.1203,0.1209,0.1202,0.1208,130965.16
2026-04-23 21:30:00,0.1209,0.1219,0.1209,0.1217,357318.83
2026-04-23 21:45:00,0.1217,0.122,0.1213,0.1213,45657.81
2026-04-23 22:00:00,0.1212,0.1216,0.1212,0.1215,94470.46
2026-04-23 22:15:00,0.1215,0.1218,0.1214,0.1216,32769.65
2026-04-23 22:30:00,0.1215,0.1215,0.1213,0.1214,136412.91
2026-04-23 22:45:00,0.1214,0.1216,0.1212,0.1212,56997.91
2026-04-23 23:00:00,0.1212,0.1213,0.1209,0.1212,164574.1
2026-04-23 23:15:00,0.1212,0.1217,0.1212,0.1215,25662.15
2026-04-23 23:30:00,0.1215,0.122,0.1215,0.1218,60723.97
2026-04-23 23:45:00,0.1218,0.1218,0.1216,0.1216,24036.25
2026-04-24 00:00:00,0.1216,0.122,0.1215,0.1218,210314.48
2026-04-24 00:15:00,0.1218,0.1222,0.1217,0.1222,170707.08
2026-04-24 00:30:00,0.1221,0.1227,0.1221,0.1223,176596.79
2026-04-24 00:45:00,0.1223,0.1228,0.1221,0.1224,143521.98
2026-04-24 01:00:00,0.1224,0.1224,0.1217,0.1218,157721.58
2026-04-24 01:15:00,0.1218,0.1219,0.1211,0.1213,549300.03
2026-04-24 01:30:00,0.1212,0.1215,0.121,0.1212,44721.66
2026-04-24 01:45:00,0.1212,0.122,0.1212,0.1219,110373.69
2026-04-24 02:00:00,0.1219,0.122,0.1209,0.121,201349.76
2026-04-24 02:15:00,0.1211,0.1215,0.121,0.1211,143592.62
2026-04-24 02:30:00,0.121,0.1216,0.1209,0.1216,57202.62
2026-04-24 02:45:00,0.1216,0.1217,0.1207,0.1211,124769.91
2026-04-24 03:00:00,0.1212,0.1212,0.1207,0.121,135969.13
2026-04-24 03:15:00,0.1209,0.1211,0.1202,0.1205,140527.29
2026-04-24 03:30:00,0.1204,0.1205,0.1199,0.1202,248054.39
2026-04-24 03:45:00,0.1202,0.1206,0.1202,0.1206,113230.21
2026-04-24 04:00:00,0.1207,0.1207,0.1202,0.1204,136376.06
2026-04-24 04:15:00,0.1203,0.1206,0.1201,0.1201,63107.64
2026-04-24 04:30:00,0.1202,0.1203,0.12,0.1201,155243.56
2026-04-24 04:45:00,0.1201,0.1204,0.12,0.1202,55296.74
2026-04-24 05:00:00,0.1202,0.1202,0.1199,0.1201,89243.14
2026-04-24 05:15:00,0.1202,0.1205,0.12,0.1204,91109.11
2026-04-24 05:30:00,0.1203,0.1205,0.1203,0.1204,75598.95
2026-04-24 05:45:00,0.1204,0.1216,0.1204,0.1211,203815.97
2026-04-24 06:00:00,0.121,0.1211,0.1207,0.1211,103082.95
2026-04-24 06:15:00,0.1211,0.1215,0.121,0.1212,165176.73
2026-04-24 06:30:00,0.1213,0.1213,0.1208,0.121,138373.83
2026-04-24 06:45:00,0.121,0.1211,0.1209,0.1211,98406.35
2026-04-24 07:00:00,0.1211,0.1217,0.1211,0.1215,92009.26
2026-04-24 07:15:00,0.1216,0.1216,0.1208,0.121,162426.77
2026-04-24 07:30:00,0.121,0.1214,0.1209,0.121,60485.77
2026-04-24 07:45:00,0.121,0.1212,0.1208,0.1212,70805.2
2026-04-24 08:00:00,0.1213,0.1213,0.1209,0.121,47230.84
2026-04-24 08:15:00,0.121,0.1222,0.121,0.1216,350351.12
2026-04-24 08:30:00,0.1216,0.1218,0.1215,0.1216,119512.69
2026-04-24 08:45:00,0.1216,0.122,0.1216,0.1216,59495.52
2026-04-24 09:00:00,0.1215,0.1216,0.1208,0.121,123932.64
2026-04-24 09:15:00,0.121,0.121,0.1208,0.1209,40639.85
2026-04-24 09:30:00,0.1209,0.1214,0.1209,0.1213,71054.55
2026-04-24 09:45:00,0.1213,0.1214,0.1211,0.1211,43638.82
2026-04-24 10:00:00,0.1211,0.1214,0.1209,0.1213,185698.43
2026-04-24 10:15:00,0.1214,0.122,0.1214,0.1218,102303.21
2026-04-24 10:30:00,0.1218,0.1222,0.1217,0.1221,62882.18
2026-04-24 10:45:00,0.1221,0.1229,0.122,0.1224,367982.39
2026-04-24 11:00:00,0.1223,0.1231,0.1222,0.1227,195044.99
2026-04-24 11:15:00,0.1227,0.1232,0.1223,0.1231,96075.11
2026-04-24 11:30:00,0.1231,0.1235,0.1228,0.123,244924.69
2026-04-24 11:45:00,0.1229,0.123,0.1226,0.1229,78255.1
2026-04-24 12:00:00,0.123,0.1233,0.1229,0.1233,207434.46
2026-04-24 12:15:00,0.1233,0.1234,0.1226,0.1229,247258.27
2026-04-24 12:30:00,0.1228,0.1231,0.1228,0.1228,289765.63
2026-04-24 12:45:00,0.1228,0.1231,0.1226,0.1226,265544.44
2026-04-24 13:00:00,0.1226,0.1231,0.1225,0.123,182808.71
2026-04-24 13:15:00,0.1229,0.1229,0.1223,0.1223,44810.52
2026-04-24 13:30:00,0.1223,0.1224,0.1221,0.1221,114496.85
2026-04-24 13:45:00,0.1222,0.1223,0.1218,0.1222,45781.81
2026-04-24 14:00:00,0.1221,0.1222,0.1217,0.1218,186171.47
2026-04-24 14:15:00,0.1219,0.1221,0.1216,0.1217,82610.53
2026-04-24 14:30:00,0.1218,0.1225,0.1218,0.1224,94013.6
2026-04-24 14:45:00,0.1224,0.1226,0.122,0.122,66275.05
2026-04-24 15:00:00,0.1221,0.1221,0.1211,0.1216,142934.16
2026-04-24 15:15:00,0.1216,0.1225,0.1214,0.1224,158022.12
2026-04-24 15:30:00,0.1225,0.1232,0.1223,0.123,253259.26
2026-04-24 15:45:00,0.1231,0.1242,0.1228,0.1241,686347.42
2026-04-24 16:00:00,0.1241,0.1241,0.1232,0.1236,1594311.85
2026-04-24 16:15:00,0.1236,0.1239,0.1229,0.1236,444034.07
2026-04-24 16:30:00,0.1237,0.1238,0.1229,0.1234,932047.39
2026-04-24 16:45:00,0.1234,0.1234,0.1229,0.1232,221695.02
2026-04-24 17:00:00,0.1233,0.1238,0.1233,0.1236,174895.79
2026-04-24 17:15:00,0.1235,0.1235,0.1231,0.1234,53437.08
2026-04-24 17:30:00,0.1234,0.1235,0.123,0.1235,248334.31
2026-04-24 17:45:00,0.1235,0.1237,0.1232,0.1233,158755.32
2026-04-24 18:00:00,0.1233,0.1236,0.1231,0.1231,50193.05
2026-04-24 18:15:00,0.123,0.1234,0.1228,0.1233,95307.34
2026-04-24 18:30:00,0.1232,0.1237,0.1231,0.1236,125623.14
2026-04-24 18:45:00,0.1235,0.1242,0.1235,0.1237,267947.97
2026-04-24 19:00:00,0.1236,0.1243,0.1236,0.1237,145314.13
2026-04-24 19:15:00,0.1237,0.1238,0.1234,0.1235,27515.92
2026-04-24 19:30:00,0.1236,0.124,0.1236,0.1239,123280.4
2026-04-24 19:45:00,0.1239,0.1255,0.1239,0.1252,666869.66
2026-04-24 20:00:00,0.1252,0.127,0.1252,0.1258,1861172.93
2026-04-24 20:15:00,0.1258,0.1261,0.124,0.1246,426295.6
2026-04-24 20:30:00,0.1246,0.1256,0.1241,0.1253,243604.13
2026-04-24 20:45:00,0.1253,0.1262,0.1252,0.1259,141509.35
2026-04-24 21:00:00,0.1259,0.1266,0.1257,0.1258,518253.26
2026-04-24 21:15:00,0.1257,0.126,0.1254,0.1257,182010.26
2026-04-24 21:30:00,0.1257,0.1258,0.1253,0.1256,91031.43
2026-04-24 21:45:00,0.1255,0.1263,0.1251,0.1261,281017.33
2026-04-24 22:00:00,0.126,0.1261,0.1253,0.1253,206516.94
2026-04-24 22:15:00,0.1253,0.1258,0.1253,0.1256,442507.25
2026-04-24 22:30:00,0.1257,0.1257,0.1245,0.1249,412326.12
2026-04-24 22:45:00,0.1249,0.1249,0.1246,0.1248,107630.17
2026-04-24 23:00:00,0.1248,0.125,0.1243,0.1248,234380.4
2026-04-24 23:15:00,0.1247,0.1251,0.1246,0.1251,285864.24
2026-04-24 23:30:00,0.1251,0.1254,0.125,0.1251,368407.27
2026-04-24 23:45:00,0.125,0.1259,0.125,0.1252,346658.26
2026-04-25 00:00:00,0.1251,0.1253,0.1245,0.1245,248358.16
2026-04-25 00:15:00,0.1245,0.1253,0.1245,0.1247,253670.43
2026-04-25 00:30:00,0.1246,0.125,0.1246,0.1248,210904.37
2026-04-25 00:45:00,0.1247,0.126,0.1247,0.1259,222476.96
2026-04-25 01:00:00,0.1259,0.1263,0.1258,0.1258,345640.43
2026-04-25 01:15:00,0.1257,0.1265,0.1257,0.1263,339131.36
2026-04-25 01:30:00,0.1263,0.1269,0.1262,0.1269,515148.95
2026-04-25 01:45:00,0.127,0.1274,0.1268,0.127,244684.06
2026-04-25 02:00:00,0.127,0.1271,0.1261,0.1267,518955.18
2026-04-25 02:15:00,0.1267,0.1272,0.1262,0.1269,114245.03
2026-04-25 02:30:00,0.1269,0.1276,0.1269,0.1272,231713.62
2026-04-25 02:45:00,0.1272,0.1277,0.127,0.1272,177705.2
2026-04-25 03:00:00,0.1273,0.1278,0.1272,0.1276,223841.64
2026-04-25 03:15:00,0.1276,0.128,0.1273,0.1275,279279.93
2026-04-25 03:30:00,0.1275,0.1285,0.1274,0.1284,580780.31
2026-04-25 03:45:00,0.1285,0.1288,0.128,0.1282,411021.12
2026-04-25 04:00:00,0.1283,0.1287,0.128,0.1284,920997.21
2026-04-25 04:15:00,0.1285,0.1288,0.128,0.1284,471581.59
2026-04-25 04:30:00,0.1284,0.1286,0.1279,0.1284,241105.1
2026-04-25 04:45:00,0.1283,0.1294,0.1283,0.1291,403213.28
2026-04-25 05:00:00,0.1291,0.1291,0.1275,0.1286,2742184.49
2026-04-25 05:15:00,0.1286,0.1294,0.1285,0.1292,441935.95
2026-04-25 05:30:00,0.1291,0.13,0.129,0.1294,688396.1
2026-04-25 05:45:00,0.1295,0.1298,0.129,0.1294,205936.83
2026-04-25 06:00:00,0.1295,0.1302,0.1295,0.1301,489229.09
2026-04-25 06:15:00,0.1301,0.1302,0.1288,0.1289,410591.24
2026-04-25 06:30:00,0.1288,0.1295,0.1287,0.1293,301483.53
2026-04-25 06:45:00,0.1292,0.1293,0.1288,0.1289,228932.79
2026-04-25 07:00:00,0.1288,0.1288,0.1282,0.1285,266531.12
2026-04-25 07:15:00,0.1285,0.1294,0.1284,0.1288,602534.18
2026-04-25 07:30:00,0.1288,0.1288,0.1283,0.1287,449654.97
2026-04-25 07:45:00,0.1287,0.1291,0.1285,0.1286,221074.3
2026-04-25 08:00:00,0.1286,0.1291,0.1283,0.1286,453516.76
2026-04-25 08:15:00,0.1286,0.1297,0.1286,0.1293,408726.71
2026-04-25 08:30:00,0.1292,0.1301,0.1289,0.1298,816183.84
2026-04-25 08:45:00,0.1298,0.1326,0.1294,0.1324,4539118.03
2026-04-25 09:00:00,0.1324,0.1335,0.131,0.1311,2261949.15
2026-04-25 09:15:00,0.1312,0.1325,0.1304,0.1308,1592544.19
2026-04-25 09:30:00,0.1307,0.1316,0.13,0.1314,1541330.27
2026-04-25 09:45:00,0.1315,0.1328,0.1309,0.1323,1133383.82
2026-04-25 10:00:00,0.1323,0.1326,0.1316,0.1319,723029.94
2026-04-25 10:15:00,0.132,0.1331,0.1312,0.1321,1867842.47
2026-04-25 10:30:00,0.1321,0.1327,0.1307,0.1313,657286.3
2026-04-25 10:45:00,0.1313,0.1318,0.1306,0.1309,637055.36
2026-04-25 11:00:00,0.1309,0.131,0.1303,0.1304,661492.26
2026-04-25 11:15:00,0.1304,0.1305,0.1295,0.13,727655.88
2026-04-25 11:30:00,0.1301,0.1302,0.1293,0.1294,472313.81
2026-04-25 11:45:00,0.1295,0.1296,0.128,0.1286,1218338.73
2026-04-25 12:00:00,0.1285,0.1286,0.1274,0.1278,922704.78
2026-04-25 12:15:00,0.1277,0.1284,0.1277,0.1281,406057.37
2026-04-25 12:30:00,0.1282,0.1285,0.1275,0.1278,1019390.92
2026-04-25 12:45:00,0.1279,0.1282,0.1278,0.1279,395610.14
2026-04-25 13:00:00,0.1278,0.128,0.1271,0.1278,594486.85
2026-04-25 13:15:00,0.1278,0.1284,0.1274,0.128,634697.93
2026-04-25 13:30:00,0.1279,0.128,0.1271,0.1277,401747.53
2026-04-25 13:45:00,0.1276,0.1276,0.1269,0.1269,218424.21
2026-04-25 14:00:00,0.1269,0.1269,0.126,0.1265,406104.69
2026-04-25 14:15:00,0.1266,0.1269,0.1264,0.1265,270892.41
2026-04-25 14:30:00,0.1267,0.127,0.1266,0.1269,106213.68
2026-04-25 14:45:00,0.1269,0.127,0.1262,0.1263,272309.38
2026-04-25 15:00:00,0.1262,0.1267,0.126,0.1265,181020.74
2026-04-25 15:15:00,0.1266,0.1266,0.1263,0.1265,147761.21
2026-04-25 15:30:00,0.1264,0.1265,0.126,0.1264,335458.92
2026-04-25 15:45:00,0.1263,0.1263,0.1248,0.1255,4337091.81
2026-04-25 16:00:00,0.1255,0.1261,0.125,0.1255,898347.66
2026-04-25 16:15:00,0.1256,0.1257,0.1249,0.1251,402116.22
2026-04-25 16:30:00,0.1251,0.1254,0.1241,0.1247,1037804.81
2026-04-25 16:45:00,0.1247,0.1248,0.1244,0.1246,129091.56
2026-04-25 17:00:00,0.1246,0.1248,0.1244,0.1246,119150.58
2026-04-25 17:15:00,0.1246,0.1248,0.1242,0.1243,180590.08
2026-04-25 17:30:00,0.1242,0.1243,0.124,0.124,196830.08
2026-04-25 17:45:00,0.1241,0.1242,0.1239,0.124,169132.79
2026-04-25 18:00:00,0.124,0.1245,0.124,0.1242,229364.06
2026-04-25 18:15:00,0.1242,0.1245,0.1242,0.1244,146872.77
2026-04-25 18:30:00,0.1245,0.1251,0.1245,0.1249,207422.18
2026-04-25 18:45:00,0.1248,0.125,0.1244,0.1244,260971.23
2026-04-25 19:00:00,0.1243,0.1244,0.1241,0.1244,333417.92
2026-04-25 19:15:00,0.1245,0.1245,0.124,0.1241,201605.86
2026-04-25 19:30:00,0.1241,0.1241,0.1239,0.1241,65994.58
2026-04-25 19:45:00,0.1241,0.1244,0.124,0.124,83518.05
2026-04-25 20:00:00,0.1241,0.1242,0.1236,0.1241,899198.03
2026-04-25 20:15:00,0.1242,0.1243,0.124,0.124,110298.21
2026-04-25 20:30:00,0.1241,0.1243,0.124,0.1242,87995.35
2026-04-25 20:45:00,0.1242,0.1244,0.1241,0.1244,51572.14
2026-04-25 21:00:00,0.1244,0.1248,0.1243,0.1247,346683.07
2026-04-25 21:15:00,0.1247,0.1249,0.1246,0.1248,397313.88
2026-04-25 21:30:00,0.1248,0.1248,0.1245,0.1245,210073.3
2026-04-25 21:45:00,0.1246,0.1249,0.1245,0.1248,185252.15
2026-04-25 22:00:00,0.1249,0.1251,0.1247,0.1249,115302.19
2026-04-25 22:15:00,0.1249,0.1251,0.1248,0.1251,30174.69
2026-04-25 22:30:00,0.125,0.1255,0.125,0.1254,102869.63
2026-04-25 22:45:00,0.1255,0.1255,0.125,0.125,222592.76
2026-04-25 23:00:00,0.125,0.1254,0.1249,0.1253,129881.95
2026-04-25 23:15:00,0.1252,0.1252,0.1249,0.1249,104273.9
2026-04-25 23:30:00,0.1249,0.1253,0.1248,0.1252,128199.41
2026-04-25 23:45:00,0.1252,0.1252,0.125,0.125,51016.3
2026-04-26 00:00:00,0.125,0.125,0.1245,0.1247,119110.42
2026-04-26 00:15:00,0.1247,0.1248,0.1243,0.1244,75603.12
2026-04-26 00:30:00,0.1245,0.1246,0.1243,0.1246,79022.85
2026-04-26 00:45:00,0.1245,0.1246,0.1241,0.1243,311651.34
2026-04-26 01:00:00,0.1244,0.1244,0.1239,0.1239,328365.86
2026-04-26 01:15:00,0.1239,0.1243,0.1239,0.1241,59795.98
2026-04-26 01:30:00,0.1241,0.1245,0.1241,0.1243,116557.2
2026-04-26 01:45:00,0.1243,0.1243,0.1235,0.1238,488139.16
2026-04-26 02:00:00,0.1238,0.1245,0.1238,0.1245,109944.99
2026-04-26 02:15:00,0.1245,0.1247,0.1244,0.1245,487052.29
2026-04-26 02:30:00,0.1246,0.1247,0.1243,0.1243,64427.57
2026-04-26 02:45:00,0.1244,0.1245,0.1241,0.1242,150429.61
2026-04-26 03:00:00,0.1242,0.1242,0.1241,0.1241,86687.05
2026-04-26 03:15:00,0.1242,0.1243,0.1239,0.1239,59619.33
2026-04-26 03:30:00,0.1238,0.1238,0.123,0.1236,827364.51
2026-04-26 03:45:00,0.1236,0.124,0.1233,0.1239,962222.53
2026-04-26 04:00:00,0.1239,0.1239,0.1237,0.1237,55791.62
2026-04-26 04:15:00,0.1237,0.1246,0.1237,0.1242,233966.77
2026-04-26 04:30:00,0.1243,0.1244,0.1238,0.1244,132178.62
2026-04-26 04:45:00,0.1244,0.1253,0.1244,0.1246,185162.27
2026-04-26 05:00:00,0.1245,0.1256,0.1244,0.1256,252419.99
2026-04-26 05:15:00,0.1256,0.1262,0.1255,0.1257,690572.42
2026-04-26 05:30:00,0.1257,0.1261,0.1254,0.1255,428210.48
2026-04-26 05:45:00,0.1254,0.1256,0.1253,0.1256,82978.79
2026-04-26 06:00:00,0.1256,0.1261,0.1256,0.1258,194816.48
2026-04-26 06:15:00,0.1258,0.1262,0.1256,0.1262,113291.98
2026-04-26 06:30:00,0.1261,0.1268,0.1261,0.1266,77546.33
2026-04-26 06:45:00,0.1266,0.1268,0.1259,0.1262,329078.17
2026-04-26 07:00:00,0.1262,0.1262,0.1258,0.1261,82821.61
2026-04-26 07:15:00,0.1261,0.1268,0.126,0.1263,129015.09
2026-04-26 07:30:00,0.1262,0.1264,0.1259,0.1262,83531.81
2026-04-26 07:45:00,0.1261,0.1266,0.1261,0.1262,111811.61
2026-04-26 08:00:00,0.1262,0.1262,0.1257,0.126,159765.21
2026-04-26 08:15:00,0.126,0.1261,0.1255,0.1259,186243.52
2026-04-26 08:30:00,0.1259,0.126,0.1255,0.1257,134407.38
2026-04-26 08:45:00,0.1256,0.126,0.1255,0.1258,49278.57
2026-04-26 09:00:00,0.1259,0.1259,0.1257,0.1257,37881.5
2026-04-26 09:15:00,0.1257,0.1258,0.1256,0.1257,56422.42
2026-04-26 09:30:00,0.1257,0.1261,0.1256,0.126,56048.3
2026-04-26 09:45:00,0.126,0.1262,0.126,0.126,199272.61
2026-04-26 10:00:00,0.1259,0.1261,0.1258,0.1261,82732.12
2026-04-26 10:15:00,0.1261,0.1263,0.1261,0.1261,50605.63
2026-04-26 10:30:00,0.1262,0.1265,0.1262,0.1264,51456.61
2026-04-26 10:45:00,0.1265,0.1268,0.1263,0.1268,90026.91
2026-04-26 11:00:00,0.1268,0.1269,0.1262,0.1264,200667.48
2026-04-26 11:15:00,0.1264,0.1272,0.1264,0.1272,156349.64
2026-04-26 11:30:00,0.1272,0.1273,0.1268,0.1268,339348.53
2026-04-26 11:45:00,0.1268,0.1271,0.1267,0.1267,500755.65
2026-04-26 12:00:00,0.1267,0.1269,0.1263,0.1264,261485.04
2026-04-26 12:15:00,0.1264,0.1264,0.126,0.126,147041.48
2026-04-26 12:30:00,0.126,0.1261,0.1254,0.1254,131770.86
2026-04-26 12:45:00,0.1255,0.1256,0.1252,0.1256,55538.42
2026-04-26 13:00:00,0.1257,0.1258,0.1253,0.1256,207804.95
2026-04-26 13:15:00,0.1256,0.1257,0.1253,0.1256,56093.06
2026-04-26 13:30:00,0.1256,0.1258,0.1253,0.1256,85101.22
2026-04-26 13:45:00,0.1256,0.1256,0.1249,0.1251,162368.11
2026-04-26 14:00:00,0.1251,0.1252,0.1249,0.1252,122638.11
2026-04-26 14:15:00,0.1252,0.1265,0.1252,0.1262,723962.08
2026-04-26 14:30:00,0.1262,0.1265,0.1259,0.1265,248297.45
2026-04-26 14:45:00,0.1264,0.1268,0.1262,0.1262,279218.61
2026-04-26 15:00:00,0.1262,0.1265,0.1257,0.1258,258462.68
2026-04-26 15:15:00,0.1258,0.1265,0.1258,0.1265,42928.28
2026-04-26 15:30:00,0.1264,0.1268,0.1263,0.1264,67108.7
2026-04-26 15:45:00,0.1264,0.1268,0.1261,0.1267,259157.41
2026-04-26 16:00:00,0.1267,0.1268,0.1263,0.1264,176743.88
2026-04-26 16:15:00,0.1264,0.1268,0.1264,0.1266,92351.53
2026-04-26 16:30:00,0.1265,0.1267,0.1262,0.1264,68636.31
2026-04-26 16:45:00,0.1263,0.1263,0.1259,0.1261,214468.22
2026-04-26 17:00:00,0.1262,0.1262,0.1257,0.1261,62853.92
2026-04-26 17:15:00,0.1261,0.1264,0.126,0.1264,18115.52
2026-04-26 17:30:00,0.1263,0.1264,0.1259,0.1264,55239.65
2026-04-26 17:45:00,0.1264,0.1268,0.1264,0.1266,60175.72
2026-04-26 18:00:00,0.1267,0.1269,0.1262,0.1268,263918.47
2026-04-26 18:15:00,0.1267,0.127,0.1265,0.1267,86785.25
2026-04-26 18:30:00,0.1268,0.127,0.1264,0.1266,40675.6
2026-04-26 18:45:00,0.1267,0.127,0.1267,0.1269,113546.6
2026-04-26 19:00:00,0.1269,0.1273,0.1268,0.1272,54302.9
2026-04-26 19:15:00,0.1272,0.1276,0.1266,0.1268,198557.44
2026-04-26 19:30:00,0.1268,0.1272,0.1268,0.1271,29702.31
2026-04-26 19:45:00,0.1271,0.1272,0.1268,0.1268,24545.39
2026-04-26 20:00:00,0.1268,0.1269,0.1265,0.1267,35779.2
2026-04-26 20:15:00,0.1266,0.127,0.1266,0.1269,12396.71
2026-04-26 20:30:00,0.1269,0.127,0.1267,0.1267,80903.38
2026-04-26 20:45:00,0.1268,0.1269,0.1265,0.1265,46971.93
2026-04-26 21:00:00,0.1265,0.1267,0.1264,0.1265,53006.14
2026-04-26 21:15:00,0.1265,0.1267,0.1264,0.1264,56494.99
2026-04-26 21:30:00,0.1264,0.1264,0.1254,0.1257,543216.72
2026-04-26 21:45:00,0.1256,0.1263,0.1248,0.1263,512206.97
2026-04-26 22:00:00,0.1263,0.1265,0.126,0.1262,94459.84
2026-04-26 22:15:00,0.1262,0.1267,0.126,0.126,106718.15
2026-04-26 22:30:00,0.1261,0.1261,0.1253,0.1258,66067.13
2026-04-26 22:45:00,0.1259,0.1261,0.1257,0.1258,80389.45
2026-04-26 23:00:00,0.1258,0.1259,0.1256,0.1258,37388.92
2026-04-26 23:15:00,0.1257,0.1262,0.1256,0.1257,86517.18
2026-04-26 23:30:00,0.1256,0.1262,0.1254,0.1262,84995.93
2026-04-26 23:45:00,0.1262,0.1264,0.1257,0.1258,88937.44
2026-04-27 00:00:00,0.1258,0.1261,0.1257,0.1257,66543.98
2026-04-27 00:15:00,0.1257,0.1263,0.1253,0.1254,382408.23
2026-04-27 00:30:00,0.1255,0.1261,0.1253,0.1261,157942.6
2026-04-27 00:45:00,0.1262,0.1267,0.1258,0.1266,232619.57
2026-04-27 01:00:00,0.1266,0.1273,0.1266,0.1269,189583.51
2026-04-27 01:15:00,0.1268,0.1269,0.1263,0.1266,258919.8
2026-04-27 01:30:00,0.1266,0.1273,0.1266,0.127,93241.78
2026-04-27 01:45:00,0.127,0.1275,0.127,0.1275,135022.7
2026-04-27 02:00:00,0.1276,0.1276,0.1267,0.1268,276793.06
2026-04-27 02:15:00,0.1268,0.1271,0.1266,0.1268,160091.97
2026-04-27 02:30:00,0.1269,0.1272,0.1268,0.1268,152407.54
2026-04-27 02:45:00,0.1268,0.1282,0.1268,0.1279,781861.24
2026-04-27 03:00:00,0.1278,0.129,0.1277,0.1288,1364194.89
2026-04-27 03:15:00,0.1287,0.129,0.1282,0.1289,374942.51
2026-04-27 03:30:00,0.1289,0.1291,0.1286,0.1288,144506.24
2026-04-27 03:45:00,0.1288,0.1289,0.1284,0.1284,87097.14
2026-04-27 04:00:00,0.1284,0.1285,0.1281,0.1281,81362.12
2026-04-27 04:15:00,0.128,0.128,0.1276,0.1279,212919.35
2026-04-27 04:30:00,0.1279,0.1281,0.1274,0.1279,86526.81
2026-04-27 04:45:00,0.1278,0.1279,0.1274,0.1277,94009.34
2026-04-27 05:00:00,0.1277,0.1277,0.126,0.1261,322080.38
2026-04-27 05:15:00,0.1261,0.1261,0.1239,0.1242,1255865.47
2026-04-27 05:30:00,0.1242,0.1244,0.1233,0.1243,1766394.0
2026-04-27 05:45:00,0.1243,0.1245,0.1238,0.1245,337862.09
2026-04-27 06:00:00,0.1244,0.1244,0.1234,0.124,342917.53
2026-04-27 06:15:00,0.124,0.1243,0.1234,0.1237,239590.72
2026-04-27 06:30:00,0.1236,0.1236,0.122,0.1227,890922.49
2026-04-27 06:45:00,0.1227,0.123,0.1226,0.1229,131515.28
2026-04-27 07:00:00,0.1228,0.1229,0.1221,0.1226,236247.1
2026-04-27 07:15:00,0.1226,0.1228,0.1224,0.1225,108256.09
2026-04-27 07:30:00,0.1224,0.1225,0.1219,0.1221,141215.6
2026-04-27 07:45:00,0.1222,0.1225,0.122,0.1221,174079.1
2026-04-27 08:00:00,0.122,0.1224,0.1219,0.1222,149172.69
2026-04-27 08:15:00,0.1223,0.1224,0.122,0.122,184614.5
2026-04-27 08:30:00,0.122,0.1221,0.1217,0.1218,191170.83
2026-04-27 08:45:00,0.1218,0.1225,0.1218,0.1225,80556.46
2026-04-27 09:00:00,0.1225,0.1227,0.1223,0.1227,163571.98
2026-04-27 09:15:00,0.1227,0.1228,0.1223,0.1224,63961.12
2026-04-27 09:30:00,0.1225,0.123,0.1225,0.123,292210.04
2026-04-27 09:45:00,0.1229,0.1229,0.1225,0.1225,279586.64
2026-04-27 10:00:00,0.1225,0.1227,0.1223,0.1224,96857.44
2026-04-27 10:15:00,0.1223,0.1224,0.1221,0.1223,122264.02
2026-04-27 10:30:00,0.1223,0.1225,0.1222,0.1222,104886.59
2026-04-27 10:45:00,0.1222,0.1224,0.122,0.122,92731.33
2026-04-27 11:00:00,0.122,0.122,0.1213,0.1218,119902.01
2026-04-27 11:15:00,0.1217,0.1221,0.1216,0.1219,159827.54
2026-04-27 11:30:00,0.1219,0.1221,0.1217,0.1219,154696.81
2026-04-27 11:45:00,0.1219,0.1221,0.1219,0.1221,121904.07
2026-04-27 12:00:00,0.1222,0.1223,0.1217,0.1217,82461.55
2026-04-27 12:15:00,0.1217,0.1219,0.1215,0.1217,38390.64
2026-04-27 12:30:00,0.1218,0.1218,0.1215,0.1217,109864.92
2026-04-27 12:45:00,0.1216,0.1219,0.1215,0.1219,116369.68
2026-04-27 13:00:00,0.1219,0.1221,0.1216,0.1217,145840.95
2026-04-27 13:15:00,0.1217,0.1219,0.1216,0.1217,183033.5
2026-04-27 13:30:00,0.1218,0.1219,0.1216,0.1217,109014.47
2026-04-27 13:45:00,0.1218,0.1218,0.1209,0.1214,679107.33
2026-04-27 14:00:00,0.1214,0.122,0.1214,0.1218,119648.11
2026-04-27 14:15:00,0.1219,0.1219,0.1216,0.1216,105403.66
2026-04-27 14:30:00,0.1216,0.123,0.1216,0.123,431430.26
2026-04-27 14:45:00,0.123,0.123,0.122,0.1224,144137.66
2026-04-27 15:00:00,0.1224,0.1224,0.1209,0.121,229091.75
2026-04-27 15:15:00,0.1209,0.1209,0.119,0.12,1466500.43
2026-04-27 15:30:00,0.1201,0.1204,0.1198,0.1198,322940.15
2026-04-27 15:45:00,0.1198,0.1199,0.1193,0.1198,445443.39
2026-04-27 16:00:00,0.1198,0.1198,0.1193,0.1197,242387.42
2026-04-27 16:15:00,0.1198,0.1203,0.1198,0.1199,136276.83
2026-04-27 16:30:00,0.12,0.1201,0.1196,0.12,69739.9
2026-04-27 16:45:00,0.12,0.1204,0.1199,0.1203,67266.24
2026-04-27 17:00:00,0.1204,0.1208,0.1204,0.1206,112271.29
2026-04-27 17:15:00,0.1206,0.1212,0.1204,0.1209,198234.66
2026-04-27 17:30:00,0.1209,0.1213,0.1209,0.1212,1146468.15
2026-04-27 17:45:00,0.1213,0.1213,0.1208,0.1208,81539.34
2026-04-27 18:00:00,0.1208,0.121,0.1206,0.1207,191112.15
2026-04-27 18:15:00,0.1208,0.1211,0.1207,0.1207,103672.02
2026-04-27 18:30:00,0.1207,0.121,0.1207,0.1207,35014.55
2026-04-27 18:45:00,0.1206,0.121,0.1206,0.1208,40716.06
2026-04-27 19:00:00,0.1208,0.1209,0.1206,0.1207,103090.14
2026-04-27 19:15:00,0.1207,0.1208,0.1199,0.12,81808.87
2026-04-27 19:30:00,0.12,0.1206,0.1198,0.1205,67725.37
2026-04-27 19:45:00,0.1205,0.1209,0.1203,0.1209,93184.94
2026-04-27 20:00:00,0.1209,0.1214,0.1208,0.121,92563.9
2026-04-27 20:15:00,0.121,0.1211,0.1208,0.1209,41286.76
2026-04-27 20:30:00,0.121,0.1214,0.121,0.1213,54137.9
2026-04-27 20:45:00,0.1212,0.1212,0.1209,0.1209,87501.09
2026-04-27 21:00:00,0.1209,0.1211,0.1208,0.121,20208.0
2026-04-27 21:15:00,0.121,0.1212,0.1209,0.1211,34751.45
2026-04-27 21:30:00,0.1211,0.1218,0.1211,0.1216,91295.33
2026-04-27 21:45:00,0.1216,0.1216,0.1212,0.1213,9575.44
2026-04-27 22:00:00,0.1214,0.1219,0.1213,0.1215,79482.09
2026-04-27 22:15:00,0.1216,0.1217,0.1214,0.1217,81552.44
2026-04-27 22:30:00,0.1218,0.1223,0.1218,0.1219,96895.76
2026-04-27 22:45:00,0.1219,0.122,0.1217,0.1219,173669.0
2026-04-27 23:00:00,0.1219,0.1221,0.1219,0.1221,56108.38
2026-04-27 23:15:00,0.1221,0.1226,0.1221,0.1222,61136.34
2026-04-27 23:30:00,0.1222,0.1224,0.1221,0.1223,41011.13
2026-04-27 23:45:00,0.1222,0.1226,0.122,0.1225,38578.56
2026-04-28 00:00:00,0.1224,0.1226,0.1222,0.1222,211059.66
2026-04-28 00:15:00,0.1222,0.1224,0.1221,0.1221,96214.0
2026-04-28 00:30:00,0.1221,0.1225,0.1221,0.1223,165851.98
2026-04-28 00:45:00,0.1224,0.1229,0.1224,0.1224,268073.67
2026-04-28 01:00:00,0.1223,0.1227,0.1223,0.1226,45189.7
2026-04-28 01:15:00,0.1225,0.1225,0.1223,0.1223,147839.8
2026-04-28 01:30:00,0.1224,0.1224,0.1221,0.1222,19579.3
2026-04-28 01:45:00,0.1222,0.1224,0.122,0.122,32933.39
2026-04-28 02:00:00,0.1221,0.1222,0.122,0.1222,44659.99
2026-04-28 02:15:00,0.1222,0.1228,0.1222,0.1223,52547.7
2026-04-28 02:30:00,0.1222,0.1223,0.1216,0.1217,154397.51
2026-04-28 02:45:00,0.1217,0.122,0.1217,0.1219,32753.48
2026-04-28 03:00:00,0.1218,0.1218,0.1215,0.1216,110182.83
2026-04-28 03:15:00,0.1216,0.1217,0.1214,0.1215,42852.86
2026-04-28 03:30:00,0.1215,0.1218,0.1215,0.1218,28775.55
2026-04-28 03:45:00,0.1218,0.1223,0.1218,0.1223,405835.67
2026-04-28 04:00:00,0.1223,0.1224,0.122,0.1224,56743.51
2026-04-28 04:15:00,0.1225,0.1229,0.1222,0.1223,227618.29
2026-04-28 04:30:00,0.1224,0.1228,0.1222,0.1227,76035.78
2026-04-28 04:45:00,0.1228,0.1229,0.1226,0.1227,46680.15
2026-04-28 05:00:00,0.1227,0.1231,0.1226,0.1227,183533.38
2026-04-28 05:15:00,0.1227,0.123,0.1225,0.1229,350710.36
2026-04-28 05:30:00,0.1229,0.123,0.1225,0.1226,108252.15
2026-04-28 05:45:00,0.1226,0.1227,0.1223,0.1226,30770.1
2026-04-28 06:00:00,0.1226,0.1233,0.1226,0.123,125932.31
2026-04-28 06:15:00,0.123,0.123,0.1224,0.1224,485603.09
2026-04-28 06:30:00,0.1225,0.1228,0.1217,0.1218,185530.49
2026-04-28 06:45:00,0.1218,0.1222,0.1217,0.1221,74177.63
2026-04-28 07:00:00,0.1221,0.1222,0.1216,0.1217,369583.04
2026-04-28 07:15:00,0.1216,0.1216,0.1211,0.1215,157609.76
2026-04-28 07:30:00,0.1215,0.122,0.1214,0.1219,65394.05
2026-04-28 07:45:00,0.1219,0.122,0.1216,0.1218,42002.84
2026-04-28 08:00:00,0.1218,0.1218,0.1215,0.1216,35866.09
2026-04-28 08:15:00,0.1217,0.1223,0.1217,0.1223,92907.79
2026-04-28 08:30:00,0.1223,0.1224,0.1218,0.1218,101911.15
2026-04-28 08:45:00,0.1218,0.1219,0.1216,0.1219,54626.15
2026-04-28 09:00:00,0.1219,0.1219,0.1217,0.1219,33969.98
2026-04-28 09:15:00,0.1219,0.1219,0.1213,0.1216,723731.1
2026-04-28 09:30:00,0.1216,0.1216,0.1211,0.1212,84103.63
2026-04-28 09:45:00,0.1212,0.1214,0.1208,0.1211,312071.45
2026-04-28 10:00:00,0.1212,0.1215,0.121,0.1211,1057430.1
2026-04-28 10:15:00,0.1211,0.1212,0.1209,0.1211,197926.56
2026-04-28 10:30:00,0.1211,0.1217,0.1211,0.1217,100010.17
2026-04-28 10:45:00,0.1216,0.1218,0.1213,0.1213,70132.81
2026-04-28 11:00:00,0.1214,0.1215,0.1207,0.1208,95513.47
2026-04-28 11:15:00,0.1207,0.121,0.1205,0.121,165085.87
2026-04-28 11:30:00,0.121,0.121,0.1205,0.1207,94250.36
2026-04-28 11:45:00,0.1207,0.1207,0.1201,0.1205,329207.93
2026-04-28 12:00:00,0.1206,0.1208,0.1204,0.1206,96040.26
2026-04-28 12:15:00,0.1205,0.1209,0.1202,0.1204,330587.97
2026-04-28 12:30:00,0.1205,0.1209,0.1204,0.1209,107321.76
2026-04-28 12:45:00,0.1209,0.1212,0.1208,0.121,219273.87
2026-04-28 13:00:00,0.1209,0.121,0.1201,0.1203,324798.5
2026-04-28 13:15:00,0.1203,0.1211,0.1201,0.121,167072.23
2026-04-28 13:30:00,0.121,0.1214,0.1208,0.1213,88735.01
2026-04-28 13:45:00,0.1213,0.1219,0.121,0.1215,260034.29
2026-04-28 14:00:00,0.1214,0.1214,0.1208,0.1209,52953.51
2026-04-28 14:15:00,0.121,0.121,0.1202,0.1205,149795.09
2026-04-28 14:30:00,0.1205,0.1207,0.1201,0.1205,193284.49
2026-04-28 14:45:00,0.1205,0.1209,0.1203,0.1209,101390.7
2026-04-28 15:00:00,0.121,0.1214,0.121,0.1213,79987.29
2026-04-28 15:15:00,0.1214,0.1214,0.1211,0.1212,59655.29
2026-04-28 15:30:00,0.1212,0.1215,0.121,0.1212,49481.33
2026-04-28 15:45:00,0.1212,0.1215,0.1211,0.1215,72710.67
2026-04-28 16:00:00,0.1215,0.1216,0.1213,0.1215,35616.33
2026-04-28 16:15:00,0.1216,0.1222,0.1214,0.1218,505643.8
2026-04-28 16:30:00,0.1218,0.1219,0.1209,0.1209,131335.07
2026-04-28 16:45:00,0.1209,0.1214,0.1206,0.1209,216344.72
2026-04-28 17:00:00,0.1208,0.1209,0.1207,0.1207,51929.38
2026-04-28 17:15:00,0.1207,0.1208,0.1205,0.1208,70216.54
2026-04-28 17:30:00,0.1208,0.1214,0.1208,0.1211,91393.95
2026-04-28 17:45:00,0.1211,0.1213,0.121,0.121,105581.51
2026-04-28 18:00:00,0.1209,0.1213,0.1209,0.1209,324458.46
2026-04-28 18:15:00,0.1209,0.1214,0.1209,0.1212,137159.71
2026-04-28 18:30:00,0.1213,0.1214,0.1211,0.1211,71923.25
2026-04-28 18:45:00,0.1211,0.1217,0.121,0.1216,110003.47
2026-04-28 19:00:00,0.1216,0.1218,0.1214,0.1214,42396.22
2026-04-28 19:15:00,0.1214,0.1216,0.1213,0.1215,46142.72
2026-04-28 19:30:00,0.1215,0.1219,0.1214,0.1218,99923.11
2026-04-28 19:45:00,0.1219,0.1221,0.1217,0.1219,182739.28
2026-04-28 20:00:00,0.122,0.1221,0.1214,0.1215,66430.87
2026-04-28 20:15:00,0.1215,0.1216,0.1213,0.1214,35550.52
2026-04-28 20:30:00,0.1214,0.1217,0.1213,0.1214,36563.94
2026-04-28 20:45:00,0.1215,0.1215,0.1213,0.1215,106192.27
2026-04-28 21:00:00,0.1214,0.1219,0.1214,0.1216,107885.43
2026-04-28 21:15:00,0.1216,0.1219,0.1214,0.1214,43145.17
2026-04-28 21:30:00,0.1214,0.1214,0.1212,0.1212,52003.41
2026-04-28 21:45:00,0.1211,0.1214,0.121,0.1213,81702.1
2026-04-28 22:00:00,0.1214,0.1218,0.1212,0.1213,202771.57
2026-04-28 22:15:00,0.1213,0.1216,0.1212,0.1215,163673.24
2026-04-28 22:30:00,0.1215,0.1215,0.1212,0.1212,19844.23
2026-04-28 22:45:00,0.1212,0.1212,0.1211,0.1212,32500.54
2026-04-28 23:00:00,0.1212,0.1212,0.121,0.1211,47253.09
2026-04-28 23:15:00,0.1212,0.1212,0.1208,0.1209,90326.57
2026-04-28 23:30:00,0.121,0.1211,0.121,0.1211,22085.81
2026-04-28 23:45:00,0.1211,0.1213,0.1211,0.1211,26761.4
2026-04-29 00:00:00,0.1212,0.1213,0.1211,0.1213,25265.58
2026-04-29 00:15:00,0.1213,0.1214,0.121,0.1212,110390.89
2026-04-29 00:30:00,0.1212,0.1213,0.121,0.1212,56538.17
2026-04-29 00:45:00,0.1212,0.1214,0.1211,0.1213,71552.16
2026-04-29 01:00:00,0.1212,0.1213,0.1208,0.121,130073.2
2026-04-29 01:15:00,0.121,0.1212,0.1208,0.1209,81782.78
2026-04-29 01:30:00,0.1208,0.1208,0.1205,0.1207,296082.17
2026-04-29 01:45:00,0.1207,0.121,0.1207,0.1207,57007.75
2026-04-29 02:00:00,0.1207,0.1212,0.1207,0.1209,64217.66
2026-04-29 02:15:00,0.1208,0.1209,0.1206,0.1206,39485.32
2026-04-29 02:30:00,0.1205,0.1206,0.1203,0.1205,146208.69
2026-04-29 02:45:00,0.1205,0.121,0.1205,0.1208,98663.21
2026-04-29 03:00:00,0.1209,0.1213,0.1209,0.1212,209498.07
2026-04-29 03:15:00,0.1212,0.1219,0.1212,0.1217,198451.31
2026-04-29 03:30:00,0.1218,0.1228,0.1216,0.1226,241310.35
2026-04-29 03:45:00,0.1226,0.1228,0.1224,0.1226,117371.03
2026-04-29 04:00:00,0.1226,0.1229,0.1224,0.1224,155416.64
2026-04-29 04:15:00,0.1224,0.1228,0.1224,0.1226,79450.2
2026-04-29 04:30:00,0.1225,0.1237,0.1225,0.1234,396366.81
2026-04-29 04:45:00,0.1234,0.1238,0.1234,0.1236,118502.99
2026-04-29 05:00:00,0.1237,0.1238,0.1235,0.1237,87280.31
2026-04-29 05:15:00,0.1237,0.1241,0.1234,0.1241,75583.11
2026-04-29 05:30:00,0.1241,0.1241,0.1237,0.1237,29476.99
2026-04-29 05:45:00,0.1237,0.1242,0.1237,0.1241,100309.23
2026-04-29 06:00:00,0.1241,0.1246,0.1241,0.1241,95103.86
2026-04-29 06:15:00,0.1242,0.1242,0.1238,0.1242,66393.81
2026-04-29 06:30:00,0.1242,0.1244,0.1239,0.1241,166029.27
2026-04-29 06:45:00,0.124,0.124,0.1233,0.1237,186861.2
2026-04-29 07:00:00,0.1237,0.1237,0.123,0.1232,64650.3
2026-04-29 07:15:00,0.1232,0.1239,0.123,0.1236,105970.03
2026-04-29 07:30:00,0.1236,0.1241,0.1235,0.1238,195852.34
2026-04-29 07:45:00,0.1237,0.1239,0.1236,0.1236,85640.3
2026-04-29 08:00:00,0.1236,0.1237,0.1231,0.1231,158761.59
2026-04-29 08:15:00,0.123,0.1236,0.123,0.1233,143363.62
2026-04-29 08:30:00,0.1233,0.1234,0.1231,0.1234,70623.56
2026-04-29 08:45:00,0.1235,0.1236,0.1233,0.1233,85079.19
2026-04-29 09:00:00,0.1232,0.1233,0.1229,0.1231,220192.31
2026-04-29 09:15:00,0.1231,0.1238,0.1231,0.1236,154100.19
2026-04-29 09:30:00,0.1236,0.1243,0.1236,0.124,221241.54
2026-04-29 09:45:00,0.1239,0.1252,0.1239,0.1251,348931.68
2026-04-29 10:00:00,0.1252,0.1259,0.1251,0.1258,642160.31
2026-04-29 10:15:00,0.1257,0.126,0.1253,0.1256,449989.9
2026-04-29 10:30:00,0.1257,0.1258,0.1244,0.1246,449787.81
2026-04-29 10:45:00,0.1246,0.1253,0.1246,0.1248,329101.81
2026-04-29 11:00:00,0.1247,0.1247,0.1243,0.1244,160285.9
2026-04-29 11:15:00,0.1245,0.125,0.1243,0.1243,130752.7
2026-04-29 11:30:00,0.1243,0.1244,0.1237,0.1238,157617.38
2026-04-29 11:45:00,0.1238,0.1242,0.1238,0.1238,194493.71
2026-04-29 12:00:00,0.1239,0.124,0.1222,0.1222,1240942.42
2026-04-29 12:15:00,0.1223,0.1228,0.1218,0.122,663027.17
2026-04-29 12:30:00,0.1221,0.1222,0.1216,0.1222,647187.16
2026-04-29 12:45:00,0.1222,0.1224,0.1221,0.1224,323843.66
2026-04-29 13:00:00,0.1223,0.1226,0.122,0.1224,459656.27
2026-04-29 13:15:00,0.1224,0.1224,0.1216,0.1218,223861.83
2026-04-29 13:30:00,0.1218,0.1218,0.121,0.1213,267920.89
2026-04-29 13:45:00,0.1213,0.1216,0.1208,0.1214,159980.53
2026-04-29 14:00:00,0.1214,0.1214,0.1206,0.1211,285229.36
2026-04-29 14:15:00,0.121,0.1217,0.121,0.1216,131606.53
2026-04-29 14:30:00,0.1216,0.1219,0.1214,0.1214,120737.01
2026-04-29 14:45:00,0.1214,0.1214,0.1209,0.1209,62404.99
2026-04-29 15:00:00,0.1208,0.121,0.1191,0.1193,1077298.38
2026-04-29 15:15:00,0.1193,0.1199,0.1191,0.1198,254883.51
2026-04-29 15:30:00,0.1198,0.12,0.1184,0.1184,368993.99
2026-04-29 15:45:00,0.1185,0.1188,0.1182,0.1185,539956.62
2026-04-29 16:00:00,0.1185,0.1191,0.1183,0.1187,305045.22
2026-04-29 16:15:00,0.1188,0.1188,0.1183,0.1188,371866.25
2026-04-29 16:30:00,0.1187,0.1188,0.1182,0.1187,130572.76
2026-04-29 16:45:00,0.1187,0.1188,0.1184,0.1187,138830.5
2026-04-29 17:00:00,0.1187,0.1195,0.1187,0.1192,70108.11
2026-04-29 17:15:00,0.1192,0.1197,0.119,0.1192,143344.26
2026-04-29 17:30:00,0.1193,0.1195,0.1192,0.1193,134253.91
2026-04-29 17:45:00,0.1193,0.1201,0.1192,0.1201,80834.93
2026-04-29 18:00:00,0.1202,0.1202,0.1155,0.1164,1228308.03
2026-04-29 18:15:00,0.1164,0.1171,0.1155,0.1163,763920.33
2026-04-29 18:30:00,0.1164,0.117,0.1156,0.1167,705951.37
2026-04-29 18:45:00,0.1167,0.1176,0.1166,0.1176,161486.69
2026-04-29 19:00:00,0.1177,0.1179,0.1174,0.1179,146851.81
2026-04-29 19:15:00,0.118,0.1181,0.1176,0.1177,88056.73
2026-04-29 19:30:00,0.1176,0.1176,0.1171,0.1174,88042.06
2026-04-29 19:45:00,0.1175,0.1178,0.1175,0.1176,246115.57
2026-04-29 20:00:00,0.1177,0.1184,0.1176,0.1179,398741.44
2026-04-29 20:15:00,0.1179,0.1186,0.1179,0.1186,144135.99
2026-04-29 20:30:00,0.1186,0.1192,0.1185,0.1189,327061.52
2026-04-29 20:45:00,0.119,0.1193,0.1189,0.1189,216192.79
2026-04-29 21:00:00,0.1188,0.1194,0.1187,0.1194,118448.66
2026-04-29 21:15:00,0.1193,0.1198,0.1192,0.1198,162204.03
2026-04-29 21:30:00,0.1197,0.1201,0.1197,0.12,319175.78
2026-04-29 21:45:00,0.12,0.1203,0.1194,0.1196,109266.92
2026-04-29 22:00:00,0.1195,0.12,0.1194,0.12,176912.53
2026-04-29 22:15:00,0.12,0.1201,0.1195,0.1195,74572.44
2026-04-29 22:30:00,0.1196,0.1199,0.1195,0.1199,42941.67
2026-04-29 22:45:00,0.1199,0.12,0.1196,0.1197,141374.67
2026-04-29 23:00:00,0.1196,0.1197,0.1194,0.1197,67184.33
2026-04-29 23:15:00,0.1197,0.1197,0.1192,0.1194,129852.01
2026-04-29 23:30:00,0.1195,0.1197,0.1194,0.1197,22559.66
2026-04-29 23:45:00,0.1198,0.1199,0.1196,0.1197,177326.04
2026-04-30 00:00:00,0.1198,0.12,0.1196,0.1199,44456.17
2026-04-30 00:15:00,0.1199,0.12,0.1196,0.1199,63439.02
2026-04-30 00:30:00,0.12,0.1206,0.12,0.1205,182609.67
2026-04-30 00:45:00,0.1205,0.1214,0.1205,0.1213,261360.59
2026-04-30 01:00:00,0.1213,0.1215,0.1208,0.121,81036.24
2026-04-30 01:15:00,0.1209,0.1212,0.1206,0.1211,73305.1
2026-04-30 01:30:00,0.1211,0.1215,0.1211,0.1212,291017.04
2026-04-30 01:45:00,0.1212,0.1218,0.1211,0.1216,233674.54
2026-04-30 02:00:00,0.1216,0.1217,0.1211,0.1216,902067.09
2026-04-30 02:15:00,0.1216,0.1217,0.1209,0.1212,181540.71
2026-04-30 02:30:00,0.1212,0.1212,0.1196,0.1196,295393.51
2026-04-30 02:45:00,0.1196,0.12,0.1192,0.1198,122256.75
2026-04-30 03:00:00,0.1198,0.12,0.1196,0.1197,62064.22
2026-04-30 03:15:00,0.1197,0.1203,0.1196,0.1203,56730.4
2026-04-30 03:30:00,0.1203,0.1207,0.12,0.1204,29080.15
2026-04-30 03:45:00,0.1203,0.1207,0.1203,0.1206,43626.67
2026-04-30 04:00:00,0.1205,0.1205,0.12,0.1202,318693.55
2026-04-30 04:15:00,0.1202,0.1204,0.1198,0.1203,173418.51
2026-04-30 04:30:00,0.1202,0.1202,0.1191,0.1192,93117.78
2026-04-30 04:45:00,0.1193,0.1196,0.1191,0.1191,86614.17
2026-04-30 05:00:00,0.1191,0.12,0.1191,0.1198,190521.28
2026-04-30 05:15:00,0.1199,0.1199,0.1188,0.1191,210078.25
2026-04-30 05:30:00,0.119,0.1198,0.119,0.1196,83901.53
2026-04-30 05:45:00,0.1197,0.1197,0.1193,0.1195,47514.67
2026-04-30 06:00:00,0.1195,0.1196,0.1192,0.1192,76218.77
2026-04-30 06:15:00,0.1193,0.1195,0.1193,0.1194,122500.15
2026-04-30 06:30:00,0.1194,0.1199,0.1193,0.1199,101114.28
2026-04-30 06:45:00,0.1199,0.1203,0.1197,0.12,283761.14
2026-04-30 07:00:00,0.1199,0.12,0.1197,0.1197,312833.45
2026-04-30 07:15:00,0.1197,0.12,0.1197,0.1199,89261.79
2026-04-30 07:30:00,0.1199,0.1207,0.1199,0.1205,190661.53
2026-04-30 07:45:00,0.1206,0.1207,0.1204,0.1206,91542.28
2026-04-30 08:00:00,0.1206,0.121,0.1204,0.1209,1045752.18
2026-04-30 08:15:00,0.1209,0.121,0.1205,0.1208,344061.11
2026-04-30 08:30:00,0.1207,0.121,0.1206,0.121,172876.55
2026-04-30 08:45:00,0.121,0.121,0.1205,0.1206,63984.1
2026-04-30 09:00:00,0.1205,0.121,0.1205,0.1209,585263.67
2026-04-30 09:15:00,0.1209,0.1215,0.1207,0.1215,661231.39
2026-04-30 09:30:00,0.1215,0.1219,0.1215,0.1217,294738.92
2026-04-30 09:45:00,0.1218,0.1219,0.1215,0.1215,128495.93
2026-04-30 10:00:00,0.1214,0.1219,0.1213,0.1213,164645.75
2026-04-30 10:15:00,0.1213,0.1216,0.121,0.1211,940044.78
2026-04-30 10:30:00,0.1211,0.1217,0.1211,0.1214,280445.24
2026-04-30 10:45:00,0.1214,0.1216,0.1213,0.1216,55838.37
2026-04-30 11:00:00,0.1216,0.1219,0.1212,0.1218,474576.95
2026-04-30 11:15:00,0.1218,0.1225,0.1218,0.122,113089.91
2026-04-30 11:30:00,0.122,0.1221,0.1214,0.1216,120700.26
2026-04-30 11:45:00,0.1216,0.1221,0.1212,0.122,363355.41
2026-04-30 12:00:00,0.122,0.1225,0.1219,0.1221,256805.13
2026-04-30 12:15:00,0.1221,0.1227,0.1221,0.1222,560028.19
2026-04-30 12:30:00,0.1221,0.1224,0.122,0.1221,213149.72
2026-04-30 12:45:00,0.1221,0.1223,0.1216,0.1217,328817.76
2026-04-30 13:00:00,0.1217,0.122,0.1216,0.1217,306050.44
2026-04-30 13:15:00,0.1217,0.122,0.1215,0.1215,55722.5
2026-04-30 13:30:00,0.1215,0.1216,0.1209,0.1215,187653.9
2026-04-30 13:45:00,0.1215,0.1216,0.1208,0.121,238077.58
2026-04-30 14:00:00,0.121,0.1215,0.1208,0.1212,350402.29
2026-04-30 14:15:00,0.1212,0.1213,0.1202,0.1207,160704.27
2026-04-30 14:30:00,0.1207,0.1214,0.1202,0.1205,112470.69
2026-04-30 14:45:00,0.1205,0.1207,0.1201,0.1203,232875.82
2026-04-30 15:00:00,0.1203,0.1206,0.1201,0.1206,182349.13
2026-04-30 15:15:00,0.1206,0.1207,0.1202,0.1206,173068.1
2026-04-30 15:30:00,0.1207,0.1212,0.1204,0.1206,139872.69
2026-04-30 15:45:00,0.1206,0.1215,0.1204,0.1212,122731.78
2026-04-30 16:00:00,0.1213,0.1216,0.1211,0.1215,123142.86
2026-04-30 16:15:00,0.1215,0.1215,0.1206,0.1208,82370.43
2026-04-30 16:30:00,0.1209,0.1209,0.1203,0.1206,250657.71
2026-04-30 16:45:00,0.1206,0.1208,0.1203,0.1205,60280.23
2026-04-30 17:00:00,0.1204,0.1207,0.1203,0.1205,240530.4
2026-04-30 17:15:00,0.1204,0.1205,0.1201,0.1204,131731.21
2026-04-30 17:30:00,0.1205,0.1208,0.1202,0.1202,81897.88
2026-04-30 17:45:00,0.1203,0.1208,0.1202,0.1205,85724.84
2026-04-30 18:00:00,0.1205,0.1209,0.1204,0.1206,92829.52
2026-04-30 18:15:00,0.1207,0.1209,0.1205,0.1205,92394.52
2026-04-30 18:30:00,0.1206,0.1209,0.1202,0.1207,338766.89
2026-04-30 18:45:00,0.1208,0.1211,0.1208,0.1208,172158.35
2026-04-30 19:00:00,0.1207,0.1214,0.1206,0.1213,66780.94
2026-04-30 19:15:00,0.1213,0.1214,0.1211,0.1212,49008.25
2026-04-30 19:30:00,0.1212,0.1215,0.1211,0.1215,83179.08
2026-04-30 19:45:00,0.1214,0.1215,0.1211,0.1211,91195.99
2026-04-30 20:00:00,0.121,0.1211,0.1208,0.1209,121074.1
2026-04-30 20:15:00,0.121,0.1211,0.1207,0.1208,72488.82
2026-04-30 20:30:00,0.1207,0.121,0.1206,0.1209,68936.81
2026-04-30 20:45:00,0.1209,0.1209,0.1206,0.1206,119425.44
2026-04-30 21:00:00,0.1206,0.1208,0.1206,0.1208,24120.4
2026-04-30 21:15:00,0.1207,0.1207,0.1203,0.1203,22203.72
2026-04-30 21:30:00,0.1203,0.1205,0.1202,0.1204,33708.8
2026-04-30 21:45:00,0.1204,0.1204,0.1198,0.1201,292449.0
2026-04-30 22:00:00,0.1201,0.1201,0.1198,0.12,66644.1
2026-04-30 22:15:00,0.12,0.1201,0.1199,0.12,36108.46
2026-04-30 22:30:00,0.12,0.12,0.1196,0.1197,25201.59
2026-04-30 22:45:00,0.1198,0.1198,0.1194,0.1197,41648.52
2026-04-30 23:00:00,0.1197,0.1198,0.1195,0.1198,63544.81
2026-04-30 23:15:00,0.1198,0.1201,0.1197,0.1201,29630.41
2026-04-30 23:30:00,0.1201,0.1204,0.12,0.1201,54220.86
2026-04-30 23:45:00,0.12,0.1205,0.12,0.1204,83589.43
2026-05-01 00:00:00,0.1203,0.1207,0.1203,0.1206,70635.88
2026-05-01 00:15:00,0.1206,0.1211,0.1204,0.1206,129690.53
2026-05-01 00:30:00,0.1206,0.1208,0.1205,0.1208,65200.56
2026-05-01 00:45:00,0.1208,0.121,0.1204,0.1205,47112.66
2026-05-01 01:00:00,0.1205,0.1211,0.1205,0.1207,62881.74
2026-05-01 01:15:00,0.1208,0.1209,0.1207,0.1208,63242.29
2026-05-01 01:30:00,0.1208,0.121,0.1206,0.1208,70081.23
2026-05-01 01:45:00,0.1208,0.1218,0.1208,0.1216,184571.75
2026-05-01 02:00:00,0.1217,0.1217,0.1212,0.1215,148345.73
2026-05-01 02:15:00,0.1215,0.1216,0.1212,0.1212,80511.33
2026-05-01 02:30:00,0.1212,0.1212,0.1208,0.1211,132061.04
2026-05-01 02:45:00,0.1211,0.1212,0.121,0.1212,97799.5
2026-05-01 03:00:00,0.1211,0.1215,0.1208,0.1213,83572.27
2026-05-01 03:15:00,0.1213,0.1229,0.1213,0.1223,678403.55
2026-05-01 03:30:00,0.1223,0.1228,0.1222,0.1225,77412.11
2026-05-01 03:45:00,0.1225,0.1226,0.1221,0.1221,67284.75
2026-05-01 04:00:00,0.1221,0.123,0.1221,0.1227,405737.9
2026-05-01 04:15:00,0.1227,0.1228,0.122,0.1221,65818.26
2026-05-01 04:30:00,0.1221,0.1228,0.1221,0.1224,57695.5
2026-05-01 04:45:00,0.1225,0.1228,0.1222,0.1222,90141.9
2026-05-01 05:00:00,0.1222,0.1225,0.1219,0.1225,178517.26
2026-05-01 05:15:00,0.1225,0.1225,0.1221,0.1222,48392.01
2026-05-01 05:30:00,0.1221,0.1222,0.1218,0.1221,26514.41
2026-05-01 05:45:00,0.1221,0.1223,0.1219,0.1219,110392.63
2026-05-01 06:00:00,0.122,0.1221,0.1218,0.1221,60800.08
2026-05-01 06:15:00,0.1221,0.1222,0.1215,0.1215,80639.58
2026-05-01 06:30:00,0.1215,0.1215,0.121,0.1212,98400.77
2026-05-01 06:45:00,0.1212,0.1212,0.1208,0.1209,117134.22
2026-05-01 07:00:00,0.1209,0.1211,0.1206,0.1207,102426.28
2026-05-01 07:15:00,0.1207,0.1209,0.1206,0.1207,45762.36
2026-05-01 07:30:00,0.1208,0.1212,0.1207,0.1209,39018.16
2026-05-01 07:45:00,0.121,0.1215,0.121,0.1213,33073.23
2026-05-01 08:00:00,0.1212,0.1213,0.1211,0.1212,224306.18
2026-05-01 08:15:00,0.1212,0.1215,0.1212,0.1213,62846.24
2026-05-01 08:30:00,0.1213,0.1214,0.1212,0.1212,79570.42
2026-05-01 08:45:00,0.1212,0.1215,0.1211,0.1213,250666.17
2026-05-01 09:00:00,0.1213,0.1215,0.1211,0.1213,70262.24
2026-05-01 09:15:00,0.1214,0.1215,0.1211,0.1213,141667.04
2026-05-01 09:30:00,0.1213,0.1213,0.1211,0.1212,317968.31
2026-05-01 09:45:00,0.1211,0.1211,0.1206,0.1209,178079.36
2026-05-01 10:00:00,0.1208,0.121,0.1198,0.1201,259389.89
2026-05-01 10:15:00,0.1202,0.1206,0.1202,0.1204,50425.44
2026-05-01 10:30:00,0.1205,0.1207,0.1204,0.1205,188536.13
2026-05-01 10:45:00,0.1205,0.1208,0.1204,0.1207,128864.62
2026-05-01 11:00:00,0.1207,0.1211,0.1207,0.121,131012.32
2026-05-01 11:15:00,0.121,0.1212,0.1208,0.1208,494492.32
2026-05-01 11:30:00,0.1207,0.1208,0.1203,0.1205,76604.64
2026-05-01 11:45:00,0.1205,0.1208,0.1205,0.1208,58852.84
2026-05-01 12:00:00,0.1208,0.1211,0.1206,0.1209,156663.86
2026-05-01 12:15:00,0.1208,0.1215,0.1208,0.1213,452331.95
2026-05-01 12:30:00,0.1213,0.1215,0.1212,0.1213,143902.09
2026-05-01 12:45:00,0.1213,0.1215,0.1213,0.1213,102287.1
2026-05-01 13:00:00,0.1213,0.1221,0.1213,0.1217,162301.82
2026-05-01 13:15:00,0.1218,0.122,0.1217,0.1217,217629.44
2026-05-01 13:30:00,0.1217,0.1223,0.1217,0.1221,140824.49
2026-05-01 13:45:00,0.1221,0.1228,0.122,0.1227,221657.69
2026-05-01 14:00:00,0.1227,0.1228,0.1221,0.1226,225520.35
2026-05-01 14:15:00,0.1225,0.1225,0.1221,0.1223,65310.66
2026-05-01 14:30:00,0.1223,0.1223,0.1215,0.1218,91798.16
2026-05-01 14:45:00,0.1217,0.1224,0.1217,0.1223,22147.22
2026-05-01 15:00:00,0.1223,0.1223,0.1215,0.1219,180811.19
2026-05-01 15:15:00,0.1219,0.1221,0.1218,0.1221,44429.46
2026-05-01 15:30:00,0.1221,0.1229,0.1221,0.1225,135058.92
2026-05-01 15:45:00,0.1225,0.1227,0.1214,0.1223,508398.68
2026-05-01 16:00:00,0.1224,0.1226,0.1221,0.1221,132691.4
2026-05-01 16:15:00,0.122,0.1222,0.1216,0.1219,147370.26
2026-05-01 16:30:00,0.1219,0.122,0.1216,0.122,16290.31
2026-05-01 16:45:00,0.122,0.1226,0.1219,0.122,86541.38
2026-05-01 17:00:00,0.122,0.1225,0.1218,0.1222,284860.33
2026-05-01 17:15:00,0.1223,0.1225,0.1221,0.1221,121574.89
2026-05-01 17:30:00,0.1221,0.1225,0.122,0.1221,65409.82
2026-05-01 17:45:00,0.1221,0.1226,0.1221,0.1225,59491.51
2026-05-01 18:00:00,0.1225,0.1227,0.1223,0.1225,121866.21
2026-05-01 18:15:00,0.1224,0.1228,0.1221,0.1226,84615.16
2026-05-01 18:30:00,0.1226,0.1229,0.1225,0.1228,31038.62
2026-05-01 18:45:00,0.1228,0.1231,0.1227,0.1227,192213.55
2026-05-01 19:00:00,0.1226,0.1232,0.1225,0.1231,84892.64
2026-05-01 19:15:00,0.1231,0.1232,0.1227,0.1232,59124.68
2026-05-01 19:30:00,0.1232,0.1232,0.1225,0.1226,111062.77
2026-05-01 19:45:00,0.1226,0.1226,0.1223,0.1224,27499.43
2026-05-01 20:00:00,0.1224,0.1227,0.1223,0.1225,219215.78
2026-05-01 20:15:00,0.1224,0.1224,0.1219,0.1223,54268.48
2026-05-01 20:30:00,0.1223,0.1223,0.1218,0.1219,130331.06
2026-05-01 20:45:00,0.122,0.1221,0.121,0.1214,278034.3
2026-05-01 21:00:00,0.1214,0.1217,0.1213,0.1214,82847.3
2026-05-01 21:15:00,0.1214,0.1215,0.1214,0.1214,11061.08
2026-05-01 21:30:00,0.1213,0.1218,0.1213,0.1217,80069.01
2026-05-01 21:45:00,0.1217,0.1219,0.1216,0.1216,67837.7
2026-05-01 22:00:00,0.1217,0.1219,0.1216,0.1219,56541.98
2026-05-01 22:15:00,0.1219,0.1224,0.1219,0.1222,30396.21
2026-05-01 22:30:00,0.1221,0.1221,0.1217,0.1217,49413.69
2026-05-01 22:45:00,0.1217,0.1217,0.1212,0.1212,10126.85
2026-05-01 23:00:00,0.1212,0.1212,0.1208,0.1211,96990.57
2026-05-01 23:15:00,0.121,0.121,0.1204,0.1204,192412.67
2026-05-01 23:30:00,0.1203,0.1209,0.1203,0.1209,133952.65
2026-05-01 23:45:00,0.1209,0.121,0.1207,0.1209,61128.48
2026-05-02 00:00:00,0.121,0.1211,0.1207,0.1208,124632.22
2026-05-02 00:15:00,0.1207,0.1209,0.1206,0.1206,106597.23
2026-05-02 00:30:00,0.1207,0.1209,0.1206,0.1209,92330.41
2026-05-02 00:45:00,0.1209,0.1213,0.1209,0.1211,50700.96
2026-05-02 01:00:00,0.1211,0.1212,0.121,0.1212,19587.75
2026-05-02 01:15:00,0.1212,0.1212,0.121,0.1212,110364.35
2026-05-02 01:30:00,0.1213,0.1214,0.1211,0.1212,34416.93
2026-05-02 01:45:00,0.1212,0.1212,0.1211,0.1212,22574.19
2026-05-02 02:00:00,0.1212,0.1213,0.121,0.121,75897.53
2026-05-02 02:15:00,0.121,0.1211,0.1209,0.1209,32831.41
2026-05-02 02:30:00,0.1209,0.1209,0.1205,0.1205,24939.0
2026-05-02 02:45:00,0.1205,0.1207,0.1204,0.1204,46332.94
2026-05-02 03:00:00,0.1204,0.1204,0.12,0.1203,220687.29
2026-05-02 03:15:00,0.1203,0.1207,0.1201,0.1206,42803.02
2026-05-02 03:30:00,0.1205,0.1207,0.1203,0.1203,67322.33
2026-05-02 03:45:00,0.1203,0.1206,0.1202,0.1205,76313.7
2026-05-02 04:00:00,0.1206,0.1207,0.1201,0.1203,90290.3
2026-05-02 04:15:00,0.1203,0.1204,0.1203,0.1204,8990.66
2026-05-02 04:30:00,0.1204,0.1205,0.1203,0.1204,40255.56
2026-05-02 04:45:00,0.1203,0.1203,0.1199,0.12,425613.97
2026-05-02 05:00:00,0.12,0.1201,0.1195,0.1196,335627.17
2026-05-02 05:15:00,0.1196,0.1198,0.1193,0.1197,108470.65
2026-05-02 05:30:00,0.1196,0.12,0.1196,0.1198,105591.21
2026-05-02 05:45:00,0.1199,0.1202,0.1197,0.1197,119746.39
2026-05-02 06:00:00,0.1197,0.1202,0.1197,0.1199,67697.54
2026-05-02 06:15:00,0.1198,0.12,0.1197,0.1197,17505.12
2026-05-02 06:30:00,0.1197,0.1199,0.1196,0.1199,202579.5
2026-05-02 06:45:00,0.12,0.1204,0.1198,0.1203,133345.47
2026-05-02 07:00:00,0.1203,0.1203,0.12,0.1201,19820.3
2026-05-02 07:15:00,0.1201,0.1205,0.1201,0.1202,129410.69
2026-05-02 07:30:00,0.1202,0.1204,0.1202,0.1202,379871.33
2026-05-02 07:45:00,0.1203,0.1203,0.1201,0.1201,46718.81
2026-05-02 08:00:00,0.1201,0.1201,0.12,0.12,64387.97
2026-05-02 08:15:00,0.1201,0.1201,0.1199,0.1201,76202.06
2026-05-02 08:30:00,0.1202,0.1205,0.1202,0.1204,63121.37
2026-05-02 08:45:00,0.1204,0.1205,0.1203,0.1204,104842.4
2026-05-02 09:00:00,0.1204,0.1212,0.1204,0.121,179581.19
2026-05-02 09:15:00,0.1211,0.1213,0.1209,0.1209,116709.1
2026-05-02 09:30:00,0.1209,0.1214,0.1207,0.1211,155901.87
2026-05-02 09:45:00,0.1211,0.1212,0.121,0.121,74054.86
2026-05-02 10:00:00,0.1211,0.1211,0.1209,0.121,72641.53
2026-05-02 10:15:00,0.121,0.1215,0.121,0.1213,177717.73
2026-05-02 10:30:00,0.1212,0.1215,0.1211,0.1212,177462.67
2026-05-02 10:45:00,0.1212,0.1213,0.1211,0.1211,44224.36
2026-05-02 11:00:00,0.1211,0.1211,0.1206,0.1207,78649.29
2026-05-02 11:15:00,0.1207,0.1207,0.1205,0.1206,26521.64
2026-05-02 11:30:00,0.1207,0.1207,0.1204,0.1205,75981.46
2026-05-02 11:45:00,0.1205,0.1207,0.1204,0.1207,66225.16
2026-05-02 12:00:00,0.1206,0.1209,0.1205,0.1205,63885.98
2026-05-02 12:15:00,0.1206,0.1212,0.1206,0.1211,103301.65
2026-05-02 12:30:00,0.121,0.1213,0.121,0.1213,68366.45
2026-05-02 12:45:00,0.1212,0.1212,0.1207,0.1208,92580.34
2026-05-02 13:00:00,0.1208,0.1214,0.1208,0.1212,229973.85
2026-05-02 13:15:00,0.1211,0.1212,0.1209,0.1211,125794.49
2026-05-02 13:30:00,0.1212,0.1216,0.1211,0.1216,107809.12
2026-05-02 13:45:00,0.1216,0.1219,0.1213,0.1216,193140.38
2026-05-02 14:00:00,0.1217,0.1222,0.1216,0.1222,158800.1
2026-05-02 14:15:00,0.1222,0.1223,0.1219,0.1222,351925.17
2026-05-02 14:30:00,0.1223,0.1223,0.122,0.1221,201581.2
2026-05-02 14:45:00,0.1221,0.1227,0.122,0.1226,119894.94
2026-05-02 15:00:00,0.1226,0.1229,0.1224,0.1229,95738.5
2026-05-02 15:15:00,0.1229,0.1231,0.1224,0.1227,539513.24
2026-05-02 15:30:00,0.1227,0.123,0.1226,0.123,213527.91
2026-05-02 15:45:00,0.123,0.1234,0.1229,0.1234,486849.68
2026-05-02 16:00:00,0.1234,0.124,0.1234,0.1235,312557.84
2026-05-02 16:15:00,0.1235,0.1238,0.1233,0.1233,321883.85
2026-05-02 16:30:00,0.1234,0.1236,0.1232,0.1235,124403.11
2026-05-02 16:45:00,0.1235,0.1241,0.1233,0.1241,184802.09
2026-05-02 17:00:00,0.1241,0.1244,0.1239,0.1243,324742.84
2026-05-02 17:15:00,0.1243,0.1245,0.1241,0.1242,197543.12
2026-05-02 17:30:00,0.1242,0.1247,0.124,0.124,194787.02
2026-05-02 17:45:00,0.1239,0.1241,0.1237,0.1238,169952.14
2026-05-02 18:00:00,0.1239,0.1239,0.1228,0.1229,303964.14
2026-05-02 18:15:00,0.123,0.1238,0.123,0.1237,280064.85
2026-05-02 18:30:00,0.1237,0.125,0.1237,0.1246,194236.47
2026-05-02 18:45:00,0.1247,0.1255,0.1246,0.1251,415441.57
2026-05-02 19:00:00,0.1252,0.126,0.1252,0.1257,319651.64
2026-05-02 19:15:00,0.1256,0.1259,0.1255,0.1255,164794.93
2026-05-02 19:30:00,0.1255,0.1256,0.125,0.1255,559541.92
2026-05-02 19:45:00,0.1255,0.126,0.1255,0.1259,278484.69
2026-05-02 20:00:00,0.126,0.1278,0.1257,0.1263,1571677.53
2026-05-02 20:15:00,0.1263,0.1266,0.1263,0.1264,305508.41
2026-05-02 20:30:00,0.1263,0.1266,0.126,0.1262,191631.65
2026-05-02 20:45:00,0.1262,0.1265,0.1262,0.1264,119872.05
2026-05-02 21:00:00,0.1264,0.1264,0.1253,0.1254,347607.29
2026-05-02 21:15:00,0.1255,0.1258,0.1254,0.1258,45379.93
2026-05-02 21:30:00,0.1258,0.1267,0.1255,0.1258,254696.39
2026-05-02 21:45:00,0.1259,0.1261,0.1258,0.1259,47009.02
2026-05-02 22:00:00,0.1259,0.1265,0.1259,0.1263,126115.73
2026-05-02 22:15:00,0.1262,0.1262,0.1256,0.1256,33409.4
2026-05-02 22:30:00,0.1256,0.126,0.1255,0.1259,162459.81
2026-05-02 22:45:00,0.1259,0.1263,0.1259,0.1262,27703.89
2026-05-02 23:00:00,0.1261,0.1261,0.1255,0.1255,76096.95
2026-05-02 23:15:00,0.1254,0.1255,0.1253,0.1255,143606.59
2026-05-02 23:30:00,0.1254,0.1259,0.1254,0.1258,61206.03
2026-05-02 23:45:00,0.1257,0.1257,0.1253,0.1255,32596.72
2026-05-03 00:00:00,0.1256,0.1257,0.1245,0.1246,273372.12
2026-05-03 00:15:00,0.1246,0.1252,0.1243,0.1252,157151.88
2026-05-03 00:30:00,0.1253,0.1255,0.1248,0.1249,67002.43
2026-05-03 00:45:00,0.1248,0.1249,0.1245,0.1247,71810.13
2026-05-03 01:00:00,0.1247,0.1247,0.1238,0.1239,163918.23
2026-05-03 01:15:00,0.1239,0.1239,0.1233,0.1236,119365.9
2026-05-03 01:30:00,0.1235,0.1235,0.123,0.1231,158245.38
2026-05-03 01:45:00,0.1231,0.1233,0.1231,0.1233,44123.11
2026-05-03 02:00:00,0.1232,0.1235,0.1221,0.1226,827612.1
2026-05-03 02:15:00,0.1225,0.1225,0.1222,0.1223,69890.11
2026-05-03 02:30:00,0.1224,0.1228,0.1224,0.1226,93956.51
2026-05-03 02:45:00,0.1226,0.1228,0.1226,0.1226,29924.35
2026-05-03 03:00:00,0.1225,0.1225,0.122,0.1222,225308.17
2026-05-03 03:15:00,0.1222,0.1225,0.1222,0.1224,34415.81
2026-05-03 03:30:00,0.1223,0.1229,0.1223,0.1225,33644.12
2026-05-03 03:45:00,0.1225,0.1226,0.1224,0.1225,133470.99
2026-05-03 04:00:00,0.1224,0.1226,0.1223,0.1224,86370.98
2026-05-03 04:15:00,0.1223,0.1225,0.1221,0.1224,37494.3
2026-05-03 04:30:00,0.1224,0.1227,0.1224,0.1226,83608.65
2026-05-03 04:45:00,0.1226,0.1226,0.1223,0.1224,46038.9
2026-05-03 05:00:00,0.1224,0.1229,0.1224,0.1229,144898.17
2026-05-03 05:15:00,0.1228,0.1228,0.1223,0.1225,262485.23
2026-05-03 05:30:00,0.1225,0.1226,0.122,0.122,226695.11
2026-05-03 05:45:00,0.122,0.1225,0.122,0.1223,139162.14
2026-05-03 06:00:00,0.1223,0.1223,0.122,0.122,194914.24
2026-05-03 06:15:00,0.122,0.122,0.1217,0.1217,50387.08
2026-05-03 06:30:00,0.1218,0.1219,0.1216,0.1218,47139.9
2026-05-03 06:45:00,0.1218,0.1225,0.1217,0.1219,157923.69
2026-05-03 07:00:00,0.1219,0.1226,0.1219,0.1221,186784.79
2026-05-03 07:15:00,0.1222,0.1225,0.122,0.1222,29989.87
2026-05-03 07:30:00,0.1223,0.1226,0.1222,0.1224,67561.25
2026-05-03 07:45:00,0.1224,0.1227,0.1221,0.1223,187464.29
2026-05-03 08:00:00,0.1222,0.1224,0.1218,0.1224,1272041.02
2026-05-03 08:15:00,0.1224,0.1226,0.1221,0.1222,115144.97
2026-05-03 08:30:00,0.1223,0.1223,0.122,0.1221,103708.66
2026-05-03 08:45:00,0.1221,0.1221,0.1218,0.1218,55572.31
2026-05-03 09:00:00,0.1218,0.1218,0.1215,0.1217,98146.89
2026-05-03 09:15:00,0.1217,0.1221,0.1216,0.1221,39739.53
2026-05-03 09:30:00,0.122,0.1224,0.1217,0.1221,236332.22
2026-05-03 09:45:00,0.1221,0.1221,0.1218,0.1221,91985.15
2026-05-03 10:00:00,0.1221,0.1225,0.1221,0.1225,108867.86
2026-05-03 10:15:00,0.1226,0.1226,0.1222,0.1222,37083.95
2026-05-03 10:30:00,0.1222,0.1225,0.1222,0.1222,86295.32
2026-05-03 10:45:00,0.1221,0.1222,0.1216,0.1216,180617.04
2026-05-03 11:00:00,0.1216,0.1221,0.1211,0.1219,390305.37
2026-05-03 11:15:00,0.1218,0.122,0.1215,0.1219,27390.27
2026-05-03 11:30:00,0.1219,0.1229,0.1218,0.1225,225136.08
2026-05-03 11:45:00,0.1225,0.1228,0.122,0.122,215663.26
2026-05-03 12:00:00,0.1221,0.123,0.122,0.1227,277573.35
2026-05-03 12:15:00,0.1228,0.1229,0.1226,0.1228,86626.4
2026-05-03 12:30:00,0.1229,0.1229,0.1226,0.1227,74207.98
2026-05-03 12:45:00,0.1227,0.1228,0.1223,0.1224,82603.38
2026-05-03 13:00:00,0.1224,0.1224,0.122,0.1221,157079.04
2026-05-03 13:15:00,0.1221,0.1221,0.1215,0.1216,143864.3
2026-05-03 13:30:00,0.1216,0.1218,0.1212,0.1214,179607.64
2026-05-03 13:45:00,0.1215,0.1216,0.1214,0.1215,95194.97
2026-05-03 14:00:00,0.1216,0.122,0.1215,0.1219,66673.35
2026-05-03 14:15:00,0.1219,0.122,0.1214,0.1217,185007.33
2026-05-03 14:30:00,0.1217,0.1219,0.1216,0.1218,72258.33
2026-05-03 14:45:00,0.1218,0.1221,0.1215,0.122,137327.62
2026-05-03 15:00:00,0.1221,0.1227,0.1221,0.1227,110146.38
2026-05-03 15:15:00,0.1226,0.1227,0.1224,0.1226,66672.33
2026-05-03 15:30:00,0.1226,0.1227,0.122,0.122,163267.17
2026-05-03 15:45:00,0.122,0.1223,0.122,0.1222,64537.35
2026-05-03 16:00:00,0.1221,0.1222,0.1218,0.1219,99256.48
2026-05-03 16:15:00,0.1219,0.122,0.1217,0.1219,237566.56
2026-05-03 16:30:00,0.122,0.1225,0.122,0.1223,70061.99
2026-05-03 16:45:00,0.1224,0.1224,0.1222,0.1223,43899.14
2026-05-03 17:00:00,0.1223,0.1225,0.1217,0.1225,120265.42
2026-05-03 17:15:00,0.1226,0.1229,0.1226,0.1226,80766.4
2026-05-03 17:30:00,0.1226,0.1228,0.1226,0.1226,40554.98
2026-05-03 17:45:00,0.1226,0.1227,0.1223,0.1224,104707.96
2026-05-03 18:00:00,0.1225,0.1226,0.1224,0.1225,28964.67
2026-05-03 18:15:00,0.1225,0.1225,0.1223,0.1225,33645.32
2026-05-03 18:30:00,0.1225,0.1227,0.1224,0.1224,42144.32
2026-05-03 18:45:00,0.1224,0.1227,0.1223,0.1224,46159.76
2026-05-03 19:00:00,0.1225,0.1225,0.1223,0.1225,65573.13
2026-05-03 19:15:00,0.1225,0.1229,0.1225,0.1228,134487.34
2026-05-03 19:30:00,0.1228,0.1234,0.1228,0.1233,174114.37
2026-05-03 19:45:00,0.1234,0.1234,0.1231,0.1231,17490.84
2026-05-03 20:00:00,0.1231,0.1237,0.1231,0.1235,114234.79
2026-05-03 20:15:00,0.1235,0.1241,0.1234,0.1237,453233.51
2026-05-03 20:30:00,0.1238,0.1243,0.1237,0.1242,777310.31
2026-05-03 20:45:00,0.1241,0.1241,0.1235,0.1237,246848.81
2026-05-03 21:00:00,0.1237,0.124,0.1233,0.124,336527.6
2026-05-03 21:15:00,0.124,0.124,0.1231,0.1231,94230.29
2026-05-03 21:30:00,0.1231,0.1234,0.1226,0.1228,226113.29
2026-05-03 21:45:00,0.1227,0.1228,0.1223,0.1227,204047.22
2026-05-03 22:00:00,0.1228,0.1244,0.1228,0.1241,514036.4
2026-05-03 22:15:00,0.1241,0.1245,0.1236,0.1237,348994.45
2026-05-03 22:30:00,0.1238,0.1248,0.1238,0.1245,106591.89
2026-05-03 22:45:00,0.1246,0.1248,0.1242,0.1244,64398.3
2026-05-03 23:00:00,0.1244,0.1248,0.1242,0.1243,58622.94
2026-05-03 23:15:00,0.1243,0.1243,0.1236,0.1237,128938.96
2026-05-03 23:30:00,0.1237,0.1239,0.1235,0.1236,85015.21
2026-05-03 23:45:00,0.1235,0.1235,0.1229,0.1229,343551.29
2026-05-04 00:00:00,0.1229,0.1229,0.1218,0.122,402903.55
2026-05-04 00:15:00,0.1221,0.1221,0.1211,0.1218,392740.01
2026-05-04 00:30:00,0.1218,0.122,0.1215,0.1216,43641.24
2026-05-04 00:45:00,0.1216,0.1229,0.1215,0.1225,147360.2
2026-05-04 01:00:00,0.1225,0.1227,0.1222,0.1224,136069.34
2026-05-04 01:15:00,0.1224,0.1225,0.1218,0.1222,253636.38
2026-05-04 01:30:00,0.1222,0.1235,0.1222,0.1231,327927.83
2026-05-04 01:45:00,0.1231,0.1249,0.1231,0.1249,1472655.16
2026-05-04 02:00:00,0.125,0.1258,0.125,0.1256,565919.18
2026-05-04 02:15:00,0.1256,0.1261,0.1251,0.1257,343990.24
2026-05-04 02:30:00,0.1258,0.1267,0.1258,0.1267,493489.91
2026-05-04 02:45:00,0.1267,0.1273,0.1264,0.1269,313880.19
2026-05-04 03:00:00,0.1269,0.1271,0.1264,0.1268,371369.93
2026-05-04 03:15:00,0.1268,0.1269,0.1261,0.1263,210550.88
2026-05-04 03:30:00,0.1263,0.1264,0.1258,0.126,203910.61
2026-05-04 03:45:00,0.1261,0.1269,0.1258,0.1268,235120.1
2026-05-04 04:00:00,0.1269,0.1274,0.1266,0.127,1327935.02
2026-05-04 04:15:00,0.127,0.1277,0.1269,0.1271,273635.71
2026-05-04 04:30:00,0.1272,0.1275,0.1272,0.1275,113760.44
2026-05-04 04:45:00,0.1274,0.1274,0.1269,0.1271,217311.05
2026-05-04 05:00:00,0.1271,0.1277,0.1267,0.1268,477637.99
2026-05-04 05:15:00,0.1269,0.1269,0.1264,0.1267,117764.18
2026-05-04 05:30:00,0.1268,0.1276,0.1267,0.1275,80827.82
2026-05-04 05:45:00,0.1276,0.1276,0.1268,0.1268,230291.83
2026-05-04 06:00:00,0.1268,0.127,0.1265,0.1265,144797.05
2026-05-04 06:15:00,0.1264,0.1264,0.1245,0.1251,484207.91
2026-05-04 06:30:00,0.1252,0.1254,0.1251,0.1253,102397.97
2026-05-04 06:45:00,0.1253,0.1262,0.1253,0.1257,357945.63
2026-05-04 07:00:00,0.1258,0.126,0.1255,0.1259,208003.0
2026-05-04 07:15:00,0.1259,0.1259,0.1254,0.1256,78947.99
2026-05-04 07:30:00,0.1256,0.1256,0.1251,0.1253,285036.32
2026-05-04 07:45:00,0.1254,0.1256,0.1251,0.1253,127601.57
2026-05-04 08:00:00,0.1252,0.1254,0.1248,0.1254,1074055.12
2026-05-04 08:15:00,0.1254,0.1256,0.125,0.1252,180248.94
2026-05-04 08:30:00,0.1252,0.1252,0.1249,0.1249,73834.33
2026-05-04 08:45:00,0.1249,0.1251,0.1248,0.1248,102782.14
2026-05-04 09:00:00,0.1248,0.1252,0.1247,0.125,165083.46
2026-05-04 09:15:00,0.1251,0.1251,0.1245,0.1246,548986.01
2026-05-04 09:30:00,0.1245,0.1258,0.1245,0.1258,189601.46
2026-05-04 09:45:00,0.1258,0.1258,0.1254,0.1255,162570.37
2026-05-04 10:00:00,0.1256,0.1256,0.1209,0.1213,1651666.38
2026-05-04 10:15:00,0.1212,0.1217,0.1206,0.1212,970391.7
2026-05-04 10:30:00,0.1212,0.1227,0.1212,0.1219,963874.22
2026-05-04 10:45:00,0.1219,0.1222,0.1211,0.1213,276413.11
2026-05-04 11:00:00,0.1213,0.1216,0.121,0.1214,342745.77
2026-05-04 11:15:00,0.1214,0.1216,0.1209,0.121,542653.5
2026-05-04 11:30:00,0.121,0.1218,0.121,0.1213,151455.31
2026-05-04 11:45:00,0.1213,0.1216,0.1212,0.1214,142949.0
2026-05-04 12:00:00,0.1213,0.1216,0.1213,0.1216,277084.77
2026-05-04 12:15:00,0.1216,0.1222,0.1214,0.1216,199090.14
2026-05-04 12:30:00,0.1216,0.1218,0.1215,0.1217,106557.06
2026-05-04 12:45:00,0.1216,0.1218,0.1212,0.1213,323077.14
2026-05-04 13:00:00,0.1212,0.1213,0.1205,0.1211,792965.78
2026-05-04 13:15:00,0.1211,0.1217,0.1211,0.1212,516773.19
2026-05-04 13:30:00,0.1212,0.1221,0.1211,0.1218,218851.68
2026-05-04 13:45:00,0.1217,0.1222,0.1215,0.1217,517671.48
2026-05-04 14:00:00,0.1217,0.1223,0.1212,0.1221,383826.4
2026-05-04 14:15:00,0.1221,0.1234,0.1219,0.1228,1021396.31
2026-05-04 14:30:00,0.1228,0.1235,0.1227,0.123,345423.48
2026-05-04 14:45:00,0.1231,0.1254,0.1231,0.1248,1732368.76
2026-05-04 15:00:00,0.1248,0.125,0.124,0.1245,476933.68
2026-05-04 15:15:00,0.1245,0.125,0.1226,0.1232,1249870.7
2026-05-04 15:30:00,0.1232,0.1233,0.1225,0.1229,394664.49
2026-05-04 15:45:00,0.1229,0.1231,0.1219,0.1227,462183.98
2026-05-04 16:00:00,0.1228,0.1231,0.1217,0.1218,919050.76
2026-05-04 16:15:00,0.1217,0.1237,0.1216,0.1232,790146.16
2026-05-04 16:30:00,0.1233,0.1236,0.1229,0.1236,805660.4
2026-05-04 16:45:00,0.1235,0.1236,0.123,0.1231,468842.22
2026-05-04 17:00:00,0.1231,0.1243,0.123,0.124,289280.95
2026-05-04 17:15:00,0.1241,0.1246,0.1239,0.1243,232726.45
2026-05-04 17:30:00,0.1244,0.1246,0.1237,0.1245,98424.63
2026-05-04 17:45:00,0.1244,0.1256,0.1243,0.1252,609718.37
2026-05-04 18:00:00,0.1252,0.1257,0.125,0.1254,172002.0
2026-05-04 18:15:00,0.1253,0.1253,0.1243,0.1248,361209.55
2026-05-04 18:30:00,0.1248,0.1257,0.1247,0.1252,358770.38
2026-05-04 18:45:00,0.1252,0.1256,0.1249,0.1253,374693.89
2026-05-04 19:00:00,0.1254,0.1255,0.1248,0.1254,516604.33
2026-05-04 19:15:00,0.1254,0.1258,0.1247,0.1251,3357769.47
2026-05-04 19:30:00,0.125,0.125,0.1244,0.1245,149326.59
2026-05-04 19:45:00,0.1245,0.1249,0.1244,0.1249,259465.56
2026-05-04 20:00:00,0.1249,0.1249,0.1244,0.1247,164754.7
2026-05-04 20:15:00,0.1248,0.125,0.1242,0.1243,135994.38
2026-05-04 20:30:00,0.1243,0.1243,0.1232,0.1233,785234.38
2026-05-04 20:45:00,0.1233,0.1234,0.1231,0.1232,145254.31
2026-05-04 21:00:00,0.1233,0.1247,0.1233,0.1244,346497.23
2026-05-04 21:15:00,0.1245,0.1251,0.1244,0.1248,205806.05
2026-05-04 21:30:00,0.1249,0.1256,0.1249,0.1255,427028.82
2026-05-04 21:45:00,0.1255,0.1261,0.1255,0.1258,101734.52
2026-05-04 22:00:00,0.1257,0.126,0.1253,0.1256,206312.25
2026-05-04 22:15:00,0.1257,0.1258,0.1247,0.1249,111352.94
2026-05-04 22:30:00,0.1249,0.1249,0.1236,0.1236,481872.15
2026-05-04 22:45:00,0.1236,0.1244,0.1236,0.1244,547168.0
2026-05-04 23:00:00,0.1243,0.1246,0.1238,0.1238,299157.45
2026-05-04 23:15:00,0.1238,0.1242,0.1238,0.1241,44712.47
2026-05-04 23:30:00,0.1241,0.1243,0.1236,0.1238,157026.74
2026-05-04 23:45:00,0.1238,0.1242,0.1237,0.1241,112182.83
2026-05-05 00:00:00,0.1242,0.1243,0.1236,0.1238,241752.96
2026-05-05 00:15:00,0.1238,0.1241,0.1236,0.1238,1860143.43
2026-05-05 00:30:00,0.1238,0.125,0.1237,0.125,397784.03
2026-05-05 00:45:00,0.125,0.1258,0.125,0.1255,233262.74
2026-05-05 01:00:00,0.1255,0.1265,0.1252,0.1264,420306.45
2026-05-05 01:15:00,0.1264,0.1266,0.1257,0.1264,252527.59
2026-05-05 01:30:00,0.1264,0.1269,0.1262,0.1265,274574.75
2026-05-05 01:45:00,0.1265,0.1272,0.1265,0.1266,867731.35
2026-05-05 02:00:00,0.1267,0.1275,0.1264,0.1273,364395.95
2026-05-05 02:15:00,0.1274,0.1284,0.1272,0.1281,726431.29
2026-05-05 02:30:00,0.1282,0.1286,0.1278,0.1279,565101.8
2026-05-05 02:45:00,0.128,0.128,0.1263,0.1268,320441.64
2026-05-05 03:00:00,0.1268,0.1269,0.1263,0.1268,68478.49
2026-05-05 03:15:00,0.1269,0.1275,0.1267,0.1275,373288.28
2026-05-05 03:30:00,0.1276,0.1278,0.1272,0.1274,109592.6
2026-05-05 03:45:00,0.1274,0.1277,0.1272,0.1273,116711.14
2026-05-05 04:00:00,0.1273,0.1281,0.1271,0.1274,1182770.06
2026-05-05 04:15:00,0.1275,0.1281,0.1274,0.1278,218465.07
2026-05-05 04:30:00,0.1278,0.1278,0.1274,0.1277,253859.56
2026-05-05 04:45:00,0.1277,0.1278,0.1273,0.1273,259454.14
2026-05-05 05:00:00,0.1273,0.1279,0.127,0.1275,218195.98
2026-05-05 05:15:00,0.1275,0.1277,0.1273,0.1275,322238.13
2026-05-05 05:30:00,0.1275,0.1279,0.1271,0.1271,103366.51
2026-05-05 05:45:00,0.127,0.1276,0.1269,0.1274,253181.17
2026-05-05 06:00:00,0.1275,0.1276,0.127,0.1273,153939.66
2026-05-05 06:15:00,0.1272,0.1272,0.1263,0.1264,157146.71
2026-05-05 06:30:00,0.1264,0.1267,0.1263,0.1263,487039.47
2026-05-05 06:45:00,0.1263,0.127,0.1263,0.1269,459496.79
2026-05-05 07:00:00,0.127,0.1271,0.1267,0.1267,106427.5
2026-05-05 07:15:00,0.1267,0.1276,0.1267,0.1273,280489.12
2026-05-05 07:30:00,0.1274,0.1279,0.1274,0.1276,286750.99
2026-05-05 07:45:00,0.1276,0.1277,0.127,0.1272,1232713.66
2026-05-05 08:00:00,0.1272,0.128,0.1271,0.1277,162329.02
2026-05-05 08:15:00,0.1277,0.1279,0.1275,0.1279,293593.77
2026-05-05 08:30:00,0.1279,0.1284,0.1278,0.1281,658756.21
2026-05-05 08:45:00,0.1282,0.1284,0.1279,0.1283,513270.09
2026-05-05 09:00:00,0.1283,0.1289,0.1281,0.1283,285953.58
2026-05-05 09:15:00,0.1284,0.1293,0.1283,0.1291,389072.25
2026-05-05 09:30:00,0.1291,0.1294,0.1287,0.129,252366.81
2026-05-05 09:45:00,0.1289,0.1295,0.1288,0.1291,332058.96
2026-05-05 10:00:00,0.1292,0.1298,0.1287,0.1293,321251.47
2026-05-05 10:15:00,0.1294,0.1302,0.1293,0.1296,783882.61
2026-05-05 10:30:00,0.1295,0.1303,0.1295,0.1298,243857.01
2026-05-05 10:45:00,0.1298,0.1299,0.1293,0.1299,509010.67
2026-05-05 11:00:00,0.1299,0.1303,0.1292,0.1292,581213.02
2026-05-05 11:15:00,0.1291,0.1297,0.1283,0.1293,301759.78
2026-05-05 11:30:00,0.1293,0.1299,0.129,0.1298,634593.47
2026-05-05 11:45:00,0.1297,0.1299,0.1292,0.1299,296707.17
2026-05-05 12:00:00,0.1299,0.1302,0.1296,0.13,261357.7
2026-05-05 12:15:00,0.13,0.1304,0.1296,0.1304,273648.44
2026-05-05 12:30:00,0.1304,0.1307,0.1302,0.1303,300227.33
2026-05-05 12:45:00,0.1304,0.1305,0.1296,0.1296,444329.72
2026-05-05 13:00:00,0.1296,0.1296,0.1285,0.1291,2628156.99
2026-05-05 13:15:00,0.1291,0.1293,0.1282,0.1284,557076.06
2026-05-05 13:30:00,0.1284,0.1285,0.1277,0.1283,484758.66
2026-05-05 13:45:00,0.1283,0.1289,0.1281,0.1282,382068.15
2026-05-05 14:00:00,0.1282,0.129,0.1279,0.1279,477134.11
2026-05-05 14:15:00,0.128,0.1287,0.1276,0.1283,1014811.16
2026-05-05 14:30:00,0.1282,0.1283,0.1269,0.1275,424627.6
2026-05-05 14:45:00,0.1274,0.1278,0.1269,0.1277,260136.1
2026-05-05 15:00:00,0.1277,0.1281,0.1274,0.1277,118822.89
2026-05-05 15:15:00,0.1277,0.1278,0.1273,0.1274,373302.46
2026-05-05 15:30:00,0.1274,0.1276,0.1272,0.1274,191045.68
2026-05-05 15:45:00,0.1274,0.1279,0.1273,0.1274,293583.45
2026-05-05 16:00:00,0.1274,0.1277,0.1262,0.1275,1602129.86
2026-05-05 16:15:00,0.1276,0.1279,0.1274,0.1277,174382.62
2026-05-05 16:30:00,0.1276,0.1276,0.1268,0.127,265261.13
2026-05-05 16:45:00,0.127,0.1271,0.1265,0.1271,344586.05
2026-05-05 17:00:00,0.127,0.1274,0.1265,0.1269,256120.53
2026-05-05 17:15:00,0.127,0.1273,0.1268,0.1269,259632.72
2026-05-05 17:30:00,0.1269,0.127,0.1265,0.1269,51176.46
2026-05-05 17:45:00,0.1269,0.1273,0.1269,0.1273,95290.71
2026-05-05 18:00:00,0.1273,0.1278,0.127,0.1278,597196.1
2026-05-05 18:15:00,0.1277,0.1277,0.1273,0.1273,177917.69
2026-05-05 18:30:00,0.1274,0.1276,0.1273,0.1274,202020.63
2026-05-05 18:45:00,0.1273,0.1277,0.1272,0.1272,177682.49
2026-05-05 19:00:00,0.1273,0.1278,0.1273,0.1274,29911.54
2026-05-05 19:15:00,0.1274,0.1278,0.1273,0.1277,145245.6
2026-05-05 19:30:00,0.1278,0.1281,0.1277,0.128,212810.93
2026-05-05 19:45:00,0.1279,0.1281,0.1276,0.1278,790933.47
2026-05-05 20:00:00,0.1279,0.1294,0.1279,0.1293,725158.06
2026-05-05 20:15:00,0.1293,0.13,0.1289,0.1296,451879.68
2026-05-05 20:30:00,0.1295,0.1302,0.1295,0.1299,467725.48
2026-05-05 20:45:00,0.1298,0.1302,0.1296,0.1302,678782.17
2026-05-05 21:00:00,0.1301,0.131,0.1301,0.1306,162130.93
2026-05-05 21:15:00,0.1306,0.1308,0.13,0.1301,327568.66
2026-05-05 21:30:00,0.1302,0.1302,0.1292,0.1292,722540.87
2026-05-05 21:45:00,0.1292,0.1294,0.129,0.1291,62666.45
2026-05-05 22:00:00,0.1292,0.1293,0.1286,0.1287,194287.18
2026-05-05 22:15:00,0.1287,0.1294,0.1287,0.1292,269354.01
2026-05-05 22:30:00,0.1292,0.1292,0.1277,0.128,661097.85
2026-05-05 22:45:00,0.128,0.129,0.1279,0.1286,1235814.31
