timestamp,open,high,low,close,volume
2026-05-22 06:30:00,5.84e-06,5.85e-06,5.84e-06,5.84e-06,800200169.0
2026-05-22 06:35:00,5.84e-06,5.85e-06,5.83e-06,5.84e-06,900072820.0
2026-05-22 06:40:00,5.83e-06,5.85e-06,5.83e-06,5.84e-06,1318567088.0
2026-05-22 06:45:00,5.84e-06,5.85e-06,5.83e-06,5.85e-06,432409938.0
2026-05-22 06:50:00,5.85e-06,5.85e-06,5.83e-06,5.84e-06,1786212528.0
2026-05-22 06:55:00,5.83e-06,5.84e-06,5.82e-06,5.83e-06,2638569026.0
2026-05-22 07:00:00,5.82e-06,5.83e-06,5.81e-06,5.82e-06,3100567391.0
2026-05-22 07:05:00,5.82e-06,5.83e-06,5.81e-06,5.81e-06,1070623201.0
2026-05-22 07:10:00,5.82e-06,5.83e-06,5.82e-06,5.83e-06,1875104170.0
2026-05-22 07:15:00,5.82e-06,5.85e-06,5.82e-06,5.84e-06,1123325647.0
2026-05-22 07:20:00,5.84e-06,5.85e-06,5.84e-06,5.84e-06,892714576.0
2026-05-22 07:25:00,5.84e-06,5.85e-06,5.84e-06,5.84e-06,374416483.0
2026-05-22 07:30:00,5.84e-06,5.85e-06,5.83e-06,5.84e-06,950726665.0
2026-05-22 07:35:00,5.84e-06,5.84e-06,5.83e-06,5.84e-06,487514603.0
2026-05-22 07:40:00,5.84e-06,5.85e-06,5.84e-06,5.85e-06,480330691.0
2026-05-22 07:45:00,5.85e-06,5.85e-06,5.84e-06,5.84e-06,192389001.0
2026-05-22 07:50:00,5.84e-06,5.85e-06,5.84e-06,5.85e-06,303071832.0
2026-05-22 07:55:00,5.84e-06,5.85e-06,5.83e-06,5.83e-06,771965701.0
2026-05-22 08:00:00,5.84e-06,5.85e-06,5.83e-06,5.85e-06,1141169405.0
2026-05-22 08:05:00,5.84e-06,5.84e-06,5.83e-06,5.84e-06,560711855.0
2026-05-22 08:10:00,5.84e-06,5.85e-06,5.83e-06,5.84e-06,1673232058.0
2026-05-22 08:15:00,5.85e-06,5.86e-06,5.84e-06,5.86e-06,2404198987.0
2026-05-22 08:20:00,5.86e-06,5.86e-06,5.85e-06,5.86e-06,379030747.0
2026-05-22 08:25:00,5.85e-06,5.86e-06,5.85e-06,5.86e-06,2333532856.0
2026-05-22 08:30:00,5.85e-06,5.87e-06,5.85e-06,5.85e-06,5633345311.0
2026-05-22 08:35:00,5.84e-06,5.85e-06,5.83e-06,5.84e-06,1780775653.0
2026-05-22 08:40:00,5.84e-06,5.85e-06,5.83e-06,5.84e-06,2020964568.0
2026-05-22 08:45:00,5.84e-06,5.85e-06,5.84e-06,5.84e-06,317325373.0
2026-05-22 08:50:00,5.85e-06,5.86e-06,5.84e-06,5.86e-06,1965388867.0
2026-05-22 08:55:00,5.86e-06,5.86e-06,5.84e-06,5.84e-06,2197945313.0
2026-05-22 09:00:00,5.85e-06,5.86e-06,5.84e-06,5.86e-06,779791269.0
2026-05-22 09:05:00,5.85e-06,5.85e-06,5.84e-06,5.84e-06,564975172.0
2026-05-22 09:10:00,5.84e-06,5.85e-06,5.84e-06,5.84e-06,632962506.0
2026-05-22 09:15:00,5.84e-06,5.85e-06,5.83e-06,5.84e-06,1156572413.0
2026-05-22 09:20:00,5.85e-06,5.86e-06,5.84e-06,5.85e-06,855842462.0
2026-05-22 09:25:00,5.85e-06,5.86e-06,5.84e-06,5.85e-06,660680606.0
2026-05-22 09:30:00,5.85e-06,5.85e-06,5.84e-06,5.84e-06,719549166.0
2026-05-22 09:35:00,5.84e-06,5.85e-06,5.83e-06,5.84e-06,1098365344.0
2026-05-22 09:40:00,5.84e-06,5.85e-06,5.84e-06,5.84e-06,1579371682.0
2026-05-22 09:45:00,5.85e-06,5.85e-06,5.83e-06,5.83e-06,1143216970.0
2026-05-22 09:50:00,5.84e-06,5.85e-06,5.83e-06,5.83e-06,3282219892.0
2026-05-22 09:55:00,5.83e-06,5.84e-06,5.83e-06,5.83e-06,176055148.0
2026-05-22 10:00:00,5.84e-06,5.84e-06,5.83e-06,5.83e-06,852685346.0
2026-05-22 10:05:00,5.83e-06,5.84e-06,5.82e-06,5.83e-06,361757789.0
2026-05-22 10:10:00,5.83e-06,5.84e-06,5.83e-06,5.83e-06,107828424.0
2026-05-22 10:15:00,5.83e-06,5.83e-06,5.82e-06,5.82e-06,1016199581.0
2026-05-22 10:20:00,5.82e-06,5.84e-06,5.82e-06,5.84e-06,1094175207.0
2026-05-22 10:25:00,5.83e-06,5.84e-06,5.83e-06,5.84e-06,434734730.0
2026-05-22 10:30:00,5.84e-06,5.85e-06,5.83e-06,5.84e-06,2405991194.0
2026-05-22 10:35:00,5.84e-06,5.85e-06,5.83e-06,5.84e-06,1398488680.0
2026-05-22 10:40:00,5.85e-06,5.85e-06,5.83e-06,5.84e-06,899720117.0
2026-05-22 10:45:00,5.84e-06,5.85e-06,5.83e-06,5.84e-06,1556757050.0
2026-05-22 10:50:00,5.84e-06,5.85e-06,5.83e-06,5.84e-06,1004238633.0
2026-05-22 10:55:00,5.83e-06,5.84e-06,5.83e-06,5.83e-06,2033365952.0
2026-05-22 11:00:00,5.83e-06,5.84e-06,5.83e-06,5.83e-06,1291842788.0
2026-05-22 11:05:00,5.84e-06,5.84e-06,5.84e-06,5.84e-06,2015338191.0
2026-05-22 11:10:00,5.83e-06,5.84e-06,5.83e-06,5.84e-06,113605567.0
2026-05-22 11:15:00,5.83e-06,5.84e-06,5.83e-06,5.84e-06,259202134.0
2026-05-22 11:20:00,5.84e-06,5.84e-06,5.83e-06,5.84e-06,1154922402.0
2026-05-22 11:25:00,5.84e-06,5.85e-06,5.84e-06,5.85e-06,522580646.0
2026-05-22 11:30:00,5.85e-06,5.85e-06,5.84e-06,5.85e-06,564125956.0
2026-05-22 11:35:00,5.84e-06,5.85e-06,5.84e-06,5.85e-06,1005018461.0
2026-05-22 11:40:00,5.84e-06,5.85e-06,5.84e-06,5.85e-06,291271904.0
2026-05-22 11:45:00,5.85e-06,5.86e-06,5.84e-06,5.85e-06,601926351.0
2026-05-22 11:50:00,5.85e-06,5.86e-06,5.85e-06,5.86e-06,236517957.0
2026-05-22 11:55:00,5.86e-06,5.86e-06,5.85e-06,5.86e-06,4657864061.0
2026-05-22 12:00:00,5.86e-06,5.86e-06,5.85e-06,5.86e-06,425337714.0
2026-05-22 12:05:00,5.86e-06,5.87e-06,5.86e-06,5.86e-06,1162847231.0
2026-05-22 12:10:00,5.86e-06,5.88e-06,5.86e-06,5.87e-06,4074641530.0
2026-05-22 12:15:00,5.87e-06,5.88e-06,5.86e-06,5.87e-06,5037067375.0
2026-05-22 12:20:00,5.86e-06,5.87e-06,5.85e-06,5.86e-06,780277519.0
2026-05-22 12:25:00,5.86e-06,5.87e-06,5.86e-06,5.86e-06,250201296.0
2026-05-22 12:30:00,5.87e-06,5.87e-06,5.85e-06,5.85e-06,20134643604.0
2026-05-22 12:35:00,5.86e-06,5.87e-06,5.85e-06,5.86e-06,1339341496.0
2026-05-22 12:40:00,5.86e-06,5.87e-06,5.85e-06,5.85e-06,390389948.0
2026-05-22 12:45:00,5.86e-06,5.87e-06,5.86e-06,5.87e-06,356380692.0
2026-05-22 12:50:00,5.86e-06,5.89e-06,5.86e-06,5.89e-06,3247451658.0
2026-05-22 12:55:00,5.89e-06,5.89e-06,5.87e-06,5.89e-06,5024601801.0
2026-05-22 13:00:00,5.9e-06,5.9e-06,5.88e-06,5.88e-06,1240939981.0
2026-05-22 13:05:00,5.88e-06,5.9e-06,5.87e-06,5.89e-06,7932863069.0
2026-05-22 13:10:00,5.89e-06,5.9e-06,5.88e-06,5.88e-06,2083106555.0
2026-05-22 13:15:00,5.88e-06,5.89e-06,5.88e-06,5.88e-06,445049242.0
2026-05-22 13:20:00,5.88e-06,5.89e-06,5.87e-06,5.88e-06,6224627892.0
2026-05-22 13:25:00,5.88e-06,5.88e-06,5.87e-06,5.88e-06,514183774.0
2026-05-22 13:30:00,5.87e-06,5.88e-06,5.85e-06,5.86e-06,6131516465.0
2026-05-22 13:35:00,5.86e-06,5.88e-06,5.86e-06,5.87e-06,1853318023.0
2026-05-22 13:40:00,5.87e-06,5.88e-06,5.85e-06,5.87e-06,7329526619.0
2026-05-22 13:45:00,5.87e-06,5.88e-06,5.86e-06,5.87e-06,1720424189.0
2026-05-22 13:50:00,5.87e-06,5.87e-06,5.85e-06,5.87e-06,2687418728.0
2026-05-22 13:55:00,5.87e-06,5.88e-06,5.86e-06,5.87e-06,6103588671.0
2026-05-22 14:00:00,5.87e-06,5.87e-06,5.85e-06,5.85e-06,21851720712.0
2026-05-22 14:05:00,5.86e-06,5.86e-06,5.84e-06,5.85e-06,5081079580.0
2026-05-22 14:10:00,5.85e-06,5.86e-06,5.85e-06,5.86e-06,183214341.0
2026-05-22 14:15:00,5.85e-06,5.85e-06,5.82e-06,5.82e-06,5813698082.0
2026-05-22 14:20:00,5.83e-06,5.83e-06,5.81e-06,5.82e-06,3103558560.0
2026-05-22 14:25:00,5.82e-06,5.84e-06,5.82e-06,5.83e-06,848387115.0
2026-05-22 14:30:00,5.83e-06,5.83e-06,5.82e-06,5.82e-06,140854271.0
2026-05-22 14:35:00,5.82e-06,5.84e-06,5.82e-06,5.82e-06,1728869433.0
2026-05-22 14:40:00,5.83e-06,5.84e-06,5.82e-06,5.83e-06,3323646847.0
2026-05-22 14:45:00,5.83e-06,5.83e-06,5.82e-06,5.83e-06,1393196460.0
2026-05-22 14:50:00,5.82e-06,5.82e-06,5.8e-06,5.82e-06,3726033751.0
2026-05-22 14:55:00,5.82e-06,5.83e-06,5.81e-06,5.82e-06,1866841343.0
2026-05-22 15:00:00,5.82e-06,5.83e-06,5.81e-06,5.83e-06,681041184.0
2026-05-22 15:05:00,5.83e-06,5.83e-06,5.81e-06,5.81e-06,232860531.0
2026-05-22 15:10:00,5.82e-06,5.82e-06,5.8e-06,5.8e-06,3126602641.0
2026-05-22 15:15:00,5.81e-06,5.82e-06,5.8e-06,5.82e-06,1188149304.0
2026-05-22 15:20:00,5.82e-06,5.82e-06,5.8e-06,5.8e-06,4149964005.0
2026-05-22 15:25:00,5.79e-06,5.82e-06,5.79e-06,5.82e-06,3555235299.0
2026-05-22 15:30:00,5.82e-06,5.84e-06,5.82e-06,5.83e-06,885802207.0
2026-05-22 15:35:00,5.84e-06,5.84e-06,5.82e-06,5.83e-06,512767385.0
2026-05-22 15:40:00,5.83e-06,5.83e-06,5.81e-06,5.82e-06,6333233282.0
2026-05-22 15:45:00,5.82e-06,5.83e-06,5.82e-06,5.83e-06,34458464.0
2026-05-22 15:50:00,5.82e-06,5.84e-06,5.82e-06,5.84e-06,2224999496.0
2026-05-22 15:55:00,5.84e-06,5.84e-06,5.83e-06,5.84e-06,1489823106.0
2026-05-22 16:00:00,5.83e-06,5.84e-06,5.83e-06,5.84e-06,3137910374.0
2026-05-22 16:05:00,5.84e-06,5.84e-06,5.82e-06,5.83e-06,1884683654.0
2026-05-22 16:10:00,5.82e-06,5.84e-06,5.82e-06,5.83e-06,2456694702.0
2026-05-22 16:15:00,5.83e-06,5.83e-06,5.81e-06,5.82e-06,11858218481.0
2026-05-22 16:20:00,5.82e-06,5.83e-06,5.81e-06,5.82e-06,3360808207.0
2026-05-22 16:25:00,5.82e-06,5.82e-06,5.81e-06,5.82e-06,28116425.0
2026-05-22 16:30:00,5.82e-06,5.83e-06,5.81e-06,5.81e-06,1757923427.0
2026-05-22 16:35:00,5.82e-06,5.82e-06,5.81e-06,5.81e-06,412473017.0
2026-05-22 16:40:00,5.82e-06,5.82e-06,5.81e-06,5.82e-06,97508210.0
2026-05-22 16:45:00,5.81e-06,5.83e-06,5.81e-06,5.82e-06,640057059.0
2026-05-22 16:50:00,5.83e-06,5.84e-06,5.82e-06,5.83e-06,586704259.0
2026-05-22 16:55:00,5.83e-06,5.84e-06,5.82e-06,5.83e-06,840374930.0
2026-05-22 17:00:00,5.84e-06,5.84e-06,5.83e-06,5.83e-06,426805544.0
2026-05-22 17:05:00,5.83e-06,5.84e-06,5.83e-06,5.83e-06,856907391.0
2026-05-22 17:10:00,5.83e-06,5.83e-06,5.82e-06,5.83e-06,1535035073.0
2026-05-22 17:15:00,5.83e-06,5.84e-06,5.82e-06,5.82e-06,2600652336.0
2026-05-22 17:20:00,5.82e-06,5.82e-06,5.81e-06,5.81e-06,2543512045.0
2026-05-22 17:25:00,5.81e-06,5.85e-06,5.81e-06,5.84e-06,6476881643.0
2026-05-22 17:30:00,5.85e-06,5.85e-06,5.83e-06,5.84e-06,343855459.0
2026-05-22 17:35:00,5.84e-06,5.84e-06,5.83e-06,5.84e-06,774933385.0
2026-05-22 17:40:00,5.84e-06,5.85e-06,5.84e-06,5.85e-06,25563515.0
2026-05-22 17:45:00,5.84e-06,5.84e-06,5.82e-06,5.82e-06,1188711121.0
2026-05-22 17:50:00,5.83e-06,5.83e-06,5.82e-06,5.83e-06,247414225.0
2026-05-22 17:55:00,5.82e-06,5.83e-06,5.81e-06,5.81e-06,850515169.0
2026-05-22 18:00:00,5.82e-06,5.82e-06,5.79e-06,5.79e-06,4207019765.0
2026-05-22 18:05:00,5.8e-06,5.81e-06,5.79e-06,5.79e-06,2497568458.0
2026-05-22 18:10:00,5.8e-06,5.81e-06,5.79e-06,5.81e-06,663500964.0
2026-05-22 18:15:00,5.8e-06,5.81e-06,5.8e-06,5.8e-06,484808042.0
2026-05-22 18:20:00,5.8e-06,5.81e-06,5.8e-06,5.81e-06,1312359335.0
2026-05-22 18:25:00,5.8e-06,5.8e-06,5.79e-06,5.79e-06,2889179067.0
2026-05-22 18:30:00,5.8e-06,5.8e-06,5.77e-06,5.78e-06,1110522504.0
2026-05-22 18:35:00,5.78e-06,5.78e-06,5.75e-06,5.78e-06,4754740326.0
2026-05-22 18:40:00,5.78e-06,5.78e-06,5.76e-06,5.76e-06,2526538311.0
2026-05-22 18:45:00,5.76e-06,5.77e-06,5.69e-06,5.73e-06,28157427990.0
2026-05-22 18:50:00,5.74e-06,5.75e-06,5.73e-06,5.75e-06,4127048915.0
2026-05-22 18:55:00,5.75e-06,5.76e-06,5.74e-06,5.74e-06,1333057662.0
2026-05-22 19:00:00,5.74e-06,5.75e-06,5.72e-06,5.73e-06,5901125578.0
2026-05-22 19:05:00,5.72e-06,5.73e-06,5.7e-06,5.71e-06,3385535154.0
2026-05-22 19:10:00,5.71e-06,5.73e-06,5.71e-06,5.72e-06,4840738295.0
2026-05-22 19:15:00,5.71e-06,5.73e-06,5.71e-06,5.73e-06,2388490453.0
2026-05-22 19:20:00,5.73e-06,5.74e-06,5.72e-06,5.74e-06,1691100243.0
2026-05-22 19:25:00,5.73e-06,5.74e-06,5.72e-06,5.73e-06,1814499472.0
2026-05-22 19:30:00,5.72e-06,5.72e-06,5.68e-06,5.7e-06,9813268360.0
2026-05-22 19:35:00,5.69e-06,5.71e-06,5.69e-06,5.69e-06,2819887837.0
2026-05-22 19:40:00,5.69e-06,5.7e-06,5.67e-06,5.69e-06,5188075099.0
2026-05-22 19:45:00,5.69e-06,5.7e-06,5.69e-06,5.7e-06,1878838913.0
2026-05-22 19:50:00,5.7e-06,5.73e-06,5.69e-06,5.72e-06,19300574736.0
2026-05-22 19:55:00,5.72e-06,5.73e-06,5.71e-06,5.72e-06,2682093943.0
2026-05-22 20:00:00,5.72e-06,5.73e-06,5.72e-06,5.73e-06,5227946033.0
2026-05-22 20:05:00,5.72e-06,5.74e-06,5.72e-06,5.73e-06,1747595006.0
2026-05-22 20:10:00,5.73e-06,5.74e-06,5.72e-06,5.72e-06,1515983578.0
2026-05-22 20:15:00,5.72e-06,5.73e-06,5.72e-06,5.72e-06,553576972.0
2026-05-22 20:20:00,5.72e-06,5.73e-06,5.71e-06,5.73e-06,1037030268.0
2026-05-22 20:25:00,5.73e-06,5.73e-06,5.72e-06,5.73e-06,664405447.0
2026-05-22 20:30:00,5.72e-06,5.73e-06,5.71e-06,5.72e-06,4301971098.0
2026-05-22 20:35:00,5.73e-06,5.74e-06,5.72e-06,5.73e-06,1848890545.0
2026-05-22 20:40:00,5.72e-06,5.74e-06,5.72e-06,5.73e-06,844135004.0
2026-05-22 20:45:00,5.73e-06,5.74e-06,5.73e-06,5.74e-06,1908624332.0
2026-05-22 20:50:00,5.74e-06,5.75e-06,5.73e-06,5.75e-06,2973323900.0
2026-05-22 20:55:00,5.74e-06,5.75e-06,5.73e-06,5.74e-06,709629959.0
2026-05-22 21:00:00,5.74e-06,5.75e-06,5.73e-06,5.74e-06,821392557.0
2026-05-22 21:05:00,5.74e-06,5.75e-06,5.73e-06,5.74e-06,1335747569.0
2026-05-22 21:10:00,5.73e-06,5.75e-06,5.73e-06,5.74e-06,1999570826.0
2026-05-22 21:15:00,5.74e-06,5.75e-06,5.73e-06,5.75e-06,744562408.0
2026-05-22 21:20:00,5.74e-06,5.75e-06,5.74e-06,5.74e-06,221300852.0
2026-05-22 21:25:00,5.75e-06,5.75e-06,5.74e-06,5.75e-06,37842533.0
2026-05-22 21:30:00,5.75e-06,5.76e-06,5.75e-06,5.76e-06,1160185748.0
2026-05-22 21:35:00,5.76e-06,5.76e-06,5.75e-06,5.76e-06,413662137.0
2026-05-22 21:40:00,5.76e-06,5.76e-06,5.75e-06,5.75e-06,1063135968.0
2026-05-22 21:45:00,5.75e-06,5.76e-06,5.75e-06,5.75e-06,115225325.0
2026-05-22 21:50:00,5.75e-06,5.76e-06,5.75e-06,5.76e-06,191543865.0
2026-05-22 21:55:00,5.76e-06,5.76e-06,5.75e-06,5.75e-06,945074530.0
2026-05-22 22:00:00,5.75e-06,5.76e-06,5.75e-06,5.76e-06,2193977350.0
2026-05-22 22:05:00,5.75e-06,5.75e-06,5.74e-06,5.74e-06,359849251.0
2026-05-22 22:10:00,5.74e-06,5.75e-06,5.73e-06,5.75e-06,1149500653.0
2026-05-22 22:15:00,5.75e-06,5.75e-06,5.73e-06,5.74e-06,253375630.0
2026-05-22 22:20:00,5.73e-06,5.74e-06,5.73e-06,5.74e-06,128122680.0
2026-05-22 22:25:00,5.74e-06,5.74e-06,5.73e-06,5.73e-06,368534222.0
2026-05-22 22:30:00,5.74e-06,5.74e-06,5.72e-06,5.73e-06,2375559209.0
2026-05-22 22:35:00,5.73e-06,5.73e-06,5.72e-06,5.72e-06,136444773.0
2026-05-22 22:40:00,5.73e-06,5.73e-06,5.71e-06,5.72e-06,2740741068.0
2026-05-22 22:45:00,5.73e-06,5.73e-06,5.72e-06,5.73e-06,99774638.0
2026-05-22 22:50:00,5.72e-06,5.73e-06,5.72e-06,5.73e-06,55945260.0
2026-05-22 22:55:00,5.73e-06,5.73e-06,5.72e-06,5.73e-06,39644013.0
2026-05-22 23:00:00,5.73e-06,5.75e-06,5.72e-06,5.74e-06,3066197337.0
2026-05-22 23:05:00,5.75e-06,5.75e-06,5.74e-06,5.74e-06,244117176.0
2026-05-22 23:10:00,5.75e-06,5.75e-06,5.74e-06,5.74e-06,1168530824.0
2026-05-22 23:15:00,5.74e-06,5.75e-06,5.72e-06,5.72e-06,1104001273.0
2026-05-22 23:20:00,5.73e-06,5.73e-06,5.72e-06,5.73e-06,121363897.0
2026-05-22 23:25:00,5.72e-06,5.72e-06,5.7e-06,5.7e-06,537601256.0
2026-05-22 23:30:00,5.7e-06,5.71e-06,5.7e-06,5.71e-06,1313367459.0
2026-05-22 23:35:00,5.7e-06,5.72e-06,5.69e-06,5.7e-06,13406742554.0
2026-05-22 23:40:00,5.7e-06,5.71e-06,5.69e-06,5.71e-06,1976814522.0
2026-05-22 23:45:00,5.7e-06,5.7e-06,5.62e-06,5.64e-06,60818624891.0
2026-05-22 23:50:00,5.64e-06,5.66e-06,5.64e-06,5.66e-06,2782837382.0
2026-05-22 23:55:00,5.66e-06,5.67e-06,5.65e-06,5.65e-06,2167500488.0
2026-05-23 00:00:00,5.66e-06,5.67e-06,5.64e-06,5.66e-06,4673221720.0
2026-05-23 00:05:00,5.66e-06,5.67e-06,5.65e-06,5.66e-06,1832971287.0
2026-05-23 00:10:00,5.66e-06,5.66e-06,5.64e-06,5.65e-06,2815526635.0
2026-05-23 00:15:00,5.65e-06,5.66e-06,5.64e-06,5.65e-06,2189755827.0
2026-05-23 00:20:00,5.65e-06,5.67e-06,5.65e-06,5.67e-06,2424237723.0
2026-05-23 00:25:00,5.67e-06,5.67e-06,5.65e-06,5.66e-06,919594778.0
2026-05-23 00:30:00,5.66e-06,5.67e-06,5.65e-06,5.66e-06,3606974517.0
2026-05-23 00:35:00,5.66e-06,5.67e-06,5.64e-06,5.66e-06,2546240617.0
2026-05-23 00:40:00,5.66e-06,5.66e-06,5.63e-06,5.65e-06,2607610425.0
2026-05-23 00:45:00,5.65e-06,5.66e-06,5.65e-06,5.66e-06,1341626698.0
2026-05-23 00:50:00,5.66e-06,5.67e-06,5.66e-06,5.67e-06,68110149.0
2026-05-23 00:55:00,5.66e-06,5.67e-06,5.66e-06,5.67e-06,2557433136.0
2026-05-23 01:00:00,5.67e-06,5.69e-06,5.67e-06,5.69e-06,6337450047.0
2026-05-23 01:05:00,5.68e-06,5.69e-06,5.67e-06,5.67e-06,1075374151.0
2026-05-23 01:10:00,5.67e-06,5.68e-06,5.67e-06,5.67e-06,91664058.0
2026-05-23 01:15:00,5.68e-06,5.68e-06,5.66e-06,5.68e-06,3327448035.0
2026-05-23 01:20:00,5.68e-06,5.69e-06,5.68e-06,5.68e-06,216407503.0
2026-05-23 01:25:00,5.68e-06,5.69e-06,5.68e-06,5.68e-06,381015473.0
2026-05-23 01:30:00,5.69e-06,5.69e-06,5.68e-06,5.69e-06,566792482.0
2026-05-23 01:35:00,5.68e-06,5.69e-06,5.68e-06,5.69e-06,2029743133.0
2026-05-23 01:40:00,5.69e-06,5.69e-06,5.68e-06,5.69e-06,3222620430.0
2026-05-23 01:45:00,5.69e-06,5.69e-06,5.68e-06,5.69e-06,125236955.0
2026-05-23 01:50:00,5.69e-06,5.69e-06,5.68e-06,5.68e-06,953866202.0
2026-05-23 01:55:00,5.69e-06,5.69e-06,5.68e-06,5.68e-06,32819463.0
2026-05-23 02:00:00,5.69e-06,5.7e-06,5.68e-06,5.68e-06,679453756.0
2026-05-23 02:05:00,5.68e-06,5.69e-06,5.68e-06,5.68e-06,665762043.0
2026-05-23 02:10:00,5.69e-06,5.7e-06,5.68e-06,5.69e-06,2700879302.0
2026-05-23 02:15:00,5.68e-06,5.7e-06,5.68e-06,5.68e-06,526892690.0
2026-05-23 02:20:00,5.68e-06,5.7e-06,5.68e-06,5.7e-06,1282612772.0
2026-05-23 02:25:00,5.7e-06,5.7e-06,5.68e-06,5.69e-06,282404090.0
2026-05-23 02:30:00,5.69e-06,5.69e-06,5.68e-06,5.68e-06,996713750.0
2026-05-23 02:35:00,5.68e-06,5.69e-06,5.68e-06,5.68e-06,350933920.0
2026-05-23 02:40:00,5.69e-06,5.69e-06,5.68e-06,5.69e-06,268292231.0
2026-05-23 02:45:00,5.69e-06,5.69e-06,5.68e-06,5.69e-06,532870767.0
2026-05-23 02:50:00,5.69e-06,5.69e-06,5.68e-06,5.69e-06,919225605.0
2026-05-23 02:55:00,5.69e-06,5.7e-06,5.68e-06,5.69e-06,770725056.0
2026-05-23 03:00:00,5.69e-06,5.7e-06,5.69e-06,5.7e-06,749653531.0
2026-05-23 03:05:00,5.69e-06,5.7e-06,5.69e-06,5.69e-06,463833759.0
2026-05-23 03:10:00,5.69e-06,5.7e-06,5.69e-06,5.69e-06,269035041.0
2026-05-23 03:15:00,5.69e-06,5.7e-06,5.69e-06,5.69e-06,512571003.0
2026-05-23 03:20:00,5.69e-06,5.7e-06,5.69e-06,5.69e-06,308306754.0
2026-05-23 03:25:00,5.69e-06,5.7e-06,5.69e-06,5.69e-06,303658019.0
2026-05-23 03:30:00,5.69e-06,5.7e-06,5.69e-06,5.69e-06,155933242.0
2026-05-23 03:35:00,5.69e-06,5.7e-06,5.69e-06,5.69e-06,167022545.0
2026-05-23 03:40:00,5.69e-06,5.69e-06,5.68e-06,5.68e-06,621975165.0
2026-05-23 03:45:00,5.68e-06,5.69e-06,5.68e-06,5.68e-06,177539836.0
2026-05-23 03:50:00,5.68e-06,5.69e-06,5.68e-06,5.68e-06,238988510.0
2026-05-23 03:55:00,5.69e-06,5.69e-06,5.68e-06,5.68e-06,337893304.0
2026-05-23 04:00:00,5.69e-06,5.69e-06,5.67e-06,5.67e-06,3621806587.0
2026-05-23 04:05:00,5.67e-06,5.68e-06,5.67e-06,5.67e-06,190654871.0
2026-05-23 04:10:00,5.68e-06,5.68e-06,5.67e-06,5.67e-06,165997708.0
2026-05-23 04:15:00,5.68e-06,5.68e-06,5.67e-06,5.68e-06,420679343.0
2026-05-23 04:20:00,5.67e-06,5.67e-06,5.66e-06,5.66e-06,356362760.0
2026-05-23 04:25:00,5.67e-06,5.67e-06,5.66e-06,5.67e-06,360695833.0
2026-05-23 04:30:00,5.67e-06,5.68e-06,5.66e-06,5.68e-06,1957442331.0
2026-05-23 04:35:00,5.68e-06,5.68e-06,5.67e-06,5.67e-06,2132602068.0
2026-05-23 04:40:00,5.67e-06,5.67e-06,5.66e-06,5.67e-06,116464112.0
2026-05-23 04:45:00,5.67e-06,5.67e-06,5.66e-06,5.67e-06,243947117.0
2026-05-23 04:50:00,5.67e-06,5.67e-06,5.66e-06,5.67e-06,140664320.0
2026-05-23 04:55:00,5.66e-06,5.67e-06,5.66e-06,5.67e-06,231367765.0
2026-05-23 05:00:00,5.67e-06,5.67e-06,5.66e-06,5.67e-06,4008199199.0
2026-05-23 05:05:00,5.67e-06,5.68e-06,5.66e-06,5.67e-06,1678930130.0
2026-05-23 05:10:00,5.67e-06,5.67e-06,5.66e-06,5.66e-06,274083205.0
2026-05-23 05:15:00,5.66e-06,5.67e-06,5.65e-06,5.65e-06,1584225341.0
2026-05-23 05:20:00,5.65e-06,5.65e-06,5.64e-06,5.64e-06,908104978.0
2026-05-23 05:25:00,5.64e-06,5.65e-06,5.64e-06,5.65e-06,553883602.0
2026-05-23 05:30:00,5.65e-06,5.65e-06,5.64e-06,5.65e-06,996670061.0
2026-05-23 05:35:00,5.65e-06,5.66e-06,5.64e-06,5.66e-06,1157289852.0
2026-05-23 05:40:00,5.66e-06,5.66e-06,5.65e-06,5.66e-06,493269102.0
2026-05-23 05:45:00,5.66e-06,5.67e-06,5.65e-06,5.65e-06,712564243.0
2026-05-23 05:50:00,5.65e-06,5.66e-06,5.64e-06,5.66e-06,12201015708.0
2026-05-23 05:55:00,5.65e-06,5.66e-06,5.64e-06,5.64e-06,1455924029.0
2026-05-23 06:00:00,5.64e-06,5.65e-06,5.64e-06,5.64e-06,172054707.0
2026-05-23 06:05:00,5.64e-06,5.65e-06,5.64e-06,5.64e-06,304138271.0
2026-05-23 06:10:00,5.64e-06,5.65e-06,5.64e-06,5.65e-06,1191377125.0
2026-05-23 06:15:00,5.65e-06,5.65e-06,5.64e-06,5.65e-06,2222442508.0
2026-05-23 06:20:00,5.65e-06,5.66e-06,5.64e-06,5.65e-06,4480257398.0
2026-05-23 06:25:00,5.66e-06,5.66e-06,5.64e-06,5.65e-06,1086519141.0
2026-05-23 06:30:00,5.64e-06,5.65e-06,5.64e-06,5.64e-06,2288687971.0
2026-05-23 06:35:00,5.65e-06,5.65e-06,5.63e-06,5.64e-06,2778234243.0
2026-05-23 06:40:00,5.64e-06,5.64e-06,5.63e-06,5.64e-06,2924167180.0
2026-05-23 06:45:00,5.64e-06,5.64e-06,5.62e-06,5.64e-06,1263796455.0
2026-05-23 06:50:00,5.63e-06,5.64e-06,5.62e-06,5.63e-06,1867145495.0
2026-05-23 06:55:00,5.63e-06,5.64e-06,5.62e-06,5.63e-06,2248474615.0
2026-05-23 07:00:00,5.63e-06,5.64e-06,5.63e-06,5.64e-06,2439977527.0
2026-05-23 07:05:00,5.63e-06,5.63e-06,5.62e-06,5.63e-06,5165042793.0
2026-05-23 07:10:00,5.64e-06,5.64e-06,5.62e-06,5.63e-06,1472529357.0
2026-05-23 07:15:00,5.63e-06,5.63e-06,5.62e-06,5.62e-06,1020014469.0
2026-05-23 07:20:00,5.62e-06,5.63e-06,5.62e-06,5.62e-06,1702392694.0
2026-05-23 07:25:00,5.63e-06,5.63e-06,5.62e-06,5.63e-06,742509163.0
2026-05-23 07:30:00,5.63e-06,5.63e-06,5.61e-06,5.62e-06,2749114205.0
2026-05-23 07:35:00,5.62e-06,5.63e-06,5.61e-06,5.62e-06,4693160745.0
2026-05-23 07:40:00,5.62e-06,5.62e-06,5.61e-06,5.61e-06,433031923.0
2026-05-23 07:45:00,5.61e-06,5.62e-06,5.56e-06,5.56e-06,54548560419.0
2026-05-23 07:50:00,5.56e-06,5.57e-06,5.48e-06,5.52e-06,131541150423.0
2026-05-23 07:55:00,5.51e-06,5.53e-06,5.5e-06,5.52e-06,12170934020.0
2026-05-23 08:00:00,5.52e-06,5.52e-06,5.49e-06,5.5e-06,6395837345.0
2026-05-23 08:05:00,5.51e-06,5.52e-06,5.49e-06,5.51e-06,8700190638.0
2026-05-23 08:10:00,5.51e-06,5.53e-06,5.51e-06,5.53e-06,2623056038.0
2026-05-23 08:15:00,5.52e-06,5.53e-06,5.52e-06,5.52e-06,2585328684.0
2026-05-23 08:20:00,5.53e-06,5.53e-06,5.51e-06,5.53e-06,12023818898.0
2026-05-23 08:25:00,5.52e-06,5.52e-06,5.5e-06,5.51e-06,3202888329.0
2026-05-23 08:30:00,5.5e-06,5.51e-06,5.49e-06,5.51e-06,8015641636.0
2026-05-23 08:35:00,5.51e-06,5.51e-06,5.49e-06,5.5e-06,4815966642.0
2026-05-23 08:40:00,5.5e-06,5.51e-06,5.48e-06,5.51e-06,4551116759.0
2026-05-23 08:45:00,5.51e-06,5.53e-06,5.5e-06,5.53e-06,7422519499.0
2026-05-23 08:50:00,5.53e-06,5.53e-06,5.51e-06,5.51e-06,1124875554.0
2026-05-23 08:55:00,5.51e-06,5.52e-06,5.51e-06,5.52e-06,1026546657.0
2026-05-23 09:00:00,5.52e-06,5.53e-06,5.51e-06,5.53e-06,3127559387.0
2026-05-23 09:05:00,5.52e-06,5.52e-06,5.51e-06,5.52e-06,851802172.0
2026-05-23 09:10:00,5.52e-06,5.52e-06,5.5e-06,5.51e-06,2760448104.0
2026-05-23 09:15:00,5.51e-06,5.52e-06,5.5e-06,5.51e-06,3606028653.0
2026-05-23 09:20:00,5.51e-06,5.52e-06,5.5e-06,5.52e-06,2171946050.0
2026-05-23 09:25:00,5.51e-06,5.52e-06,5.51e-06,5.52e-06,988601288.0
2026-05-23 09:30:00,5.52e-06,5.53e-06,5.51e-06,5.52e-06,1223449630.0
2026-05-23 09:35:00,5.52e-06,5.52e-06,5.51e-06,5.52e-06,669371025.0
2026-05-23 09:40:00,5.52e-06,5.52e-06,5.51e-06,5.52e-06,582036359.0
2026-05-23 09:45:00,5.52e-06,5.52e-06,5.51e-06,5.52e-06,706203886.0
2026-05-23 09:50:00,5.51e-06,5.52e-06,5.51e-06,5.52e-06,413585612.0
2026-05-23 09:55:00,5.52e-06,5.52e-06,5.5e-06,5.51e-06,1733467596.0
2026-05-23 10:00:00,5.51e-06,5.51e-06,5.5e-06,5.51e-06,2586419643.0
2026-05-23 10:05:00,5.51e-06,5.51e-06,5.5e-06,5.51e-06,994361107.0
2026-05-23 10:10:00,5.51e-06,5.52e-06,5.5e-06,5.52e-06,3542216232.0
2026-05-23 10:15:00,5.52e-06,5.52e-06,5.5e-06,5.51e-06,1559553697.0
2026-05-23 10:20:00,5.51e-06,5.51e-06,5.5e-06,5.51e-06,1151875556.0
2026-05-23 10:25:00,5.51e-06,5.51e-06,5.5e-06,5.51e-06,426031990.0
2026-05-23 10:30:00,5.51e-06,5.52e-06,5.5e-06,5.52e-06,1002626512.0
2026-05-23 10:35:00,5.52e-06,5.52e-06,5.51e-06,5.51e-06,1977561510.0
2026-05-23 10:40:00,5.51e-06,5.52e-06,5.51e-06,5.51e-06,181858000.0
2026-05-23 10:45:00,5.51e-06,5.52e-06,5.51e-06,5.51e-06,2980969259.0
2026-05-23 10:50:00,5.51e-06,5.51e-06,5.5e-06,5.51e-06,689539088.0
2026-05-23 10:55:00,5.51e-06,5.51e-06,5.5e-06,5.5e-06,827053847.0
2026-05-23 11:00:00,5.51e-06,5.52e-06,5.5e-06,5.51e-06,3720892055.0
2026-05-23 11:05:00,5.5e-06,5.52e-06,5.5e-06,5.51e-06,1121955863.0
2026-05-23 11:10:00,5.52e-06,5.52e-06,5.51e-06,5.51e-06,1041472453.0
2026-05-23 11:15:00,5.52e-06,5.52e-06,5.51e-06,5.52e-06,982666311.0
2026-05-23 11:20:00,5.52e-06,5.53e-06,5.52e-06,5.52e-06,7421970382.0
2026-05-23 11:25:00,5.53e-06,5.53e-06,5.52e-06,5.52e-06,3304168419.0
2026-05-23 11:30:00,5.53e-06,5.53e-06,5.52e-06,5.53e-06,180142011.0
2026-05-23 11:35:00,5.52e-06,5.53e-06,5.51e-06,5.52e-06,3514788031.0
2026-05-23 11:40:00,5.52e-06,5.52e-06,5.51e-06,5.52e-06,477422122.0
2026-05-23 11:45:00,5.52e-06,5.52e-06,5.51e-06,5.51e-06,4036851924.0
2026-05-23 11:50:00,5.52e-06,5.52e-06,5.51e-06,5.51e-06,441189270.0
2026-05-23 11:55:00,5.52e-06,5.53e-06,5.51e-06,5.51e-06,3000711746.0
2026-05-23 12:00:00,5.51e-06,5.52e-06,5.51e-06,5.51e-06,3160817704.0
2026-05-23 12:05:00,5.51e-06,5.52e-06,5.51e-06,5.51e-06,1108727950.0
2026-05-23 12:10:00,5.52e-06,5.52e-06,5.5e-06,5.5e-06,3274218441.0
2026-05-23 12:15:00,5.51e-06,5.51e-06,5.5e-06,5.51e-06,519378185.0
2026-05-23 12:20:00,5.51e-06,5.51e-06,5.5e-06,5.51e-06,737064784.0
2026-05-23 12:25:00,5.51e-06,5.52e-06,5.51e-06,5.51e-06,2870409799.0
2026-05-23 12:30:00,5.52e-06,5.52e-06,5.51e-06,5.52e-06,1477556321.0
2026-05-23 12:35:00,5.51e-06,5.52e-06,5.51e-06,5.51e-06,657770273.0
2026-05-23 12:40:00,5.51e-06,5.52e-06,5.51e-06,5.52e-06,939615147.0
2026-05-23 12:45:00,5.52e-06,5.52e-06,5.51e-06,5.51e-06,403031183.0
2026-05-23 12:50:00,5.52e-06,5.52e-06,5.51e-06,5.52e-06,409061450.0
2026-05-23 12:55:00,5.52e-06,5.52e-06,5.51e-06,5.52e-06,1038670394.0
2026-05-23 13:00:00,5.52e-06,5.54e-06,5.52e-06,5.54e-06,3602254588.0
2026-05-23 13:05:00,5.53e-06,5.55e-06,5.52e-06,5.54e-06,10129439860.0
2026-05-23 13:10:00,5.55e-06,5.56e-06,5.54e-06,5.55e-06,24114972854.0
2026-05-23 13:15:00,5.55e-06,5.57e-06,5.54e-06,5.55e-06,9160765614.0
2026-05-23 13:20:00,5.55e-06,5.57e-06,5.55e-06,5.56e-06,5556665520.0
2026-05-23 13:25:00,5.56e-06,5.56e-06,5.55e-06,5.56e-06,1923519102.0
2026-05-23 13:30:00,5.56e-06,5.57e-06,5.55e-06,5.55e-06,4226584754.0
2026-05-23 13:35:00,5.55e-06,5.56e-06,5.54e-06,5.56e-06,1708184356.0
2026-05-23 13:40:00,5.56e-06,5.56e-06,5.55e-06,5.56e-06,308614124.0
2026-05-23 13:45:00,5.55e-06,5.57e-06,5.55e-06,5.57e-06,1826535116.0
2026-05-23 13:50:00,5.56e-06,5.57e-06,5.55e-06,5.57e-06,1501083453.0
2026-05-23 13:55:00,5.56e-06,5.57e-06,5.56e-06,5.57e-06,2383081293.0
2026-05-23 14:00:00,5.56e-06,5.57e-06,5.55e-06,5.56e-06,1870981560.0
2026-05-23 14:05:00,5.55e-06,5.58e-06,5.55e-06,5.57e-06,5160963615.0
2026-05-23 14:10:00,5.57e-06,5.58e-06,5.57e-06,5.58e-06,3064860962.0
2026-05-23 14:15:00,5.58e-06,5.58e-06,5.57e-06,5.58e-06,217626212.0
2026-05-23 14:20:00,5.57e-06,5.58e-06,5.57e-06,5.58e-06,649282700.0
2026-05-23 14:25:00,5.58e-06,5.58e-06,5.57e-06,5.58e-06,484782388.0
2026-05-23 14:30:00,5.57e-06,5.58e-06,5.57e-06,5.57e-06,2612300205.0
2026-05-23 14:35:00,5.58e-06,5.58e-06,5.57e-06,5.58e-06,906020771.0
2026-05-23 14:40:00,5.58e-06,5.59e-06,5.57e-06,5.57e-06,4460690959.0
2026-05-23 14:45:00,5.57e-06,5.6e-06,5.57e-06,5.59e-06,1225021671.0
2026-05-23 14:50:00,5.58e-06,5.59e-06,5.58e-06,5.59e-06,2084089498.0
2026-05-23 14:55:00,5.59e-06,5.62e-06,5.58e-06,5.6e-06,10050316133.0
2026-05-23 15:00:00,5.61e-06,5.62e-06,5.6e-06,5.62e-06,2106460063.0
2026-05-23 15:05:00,5.62e-06,5.64e-06,5.61e-06,5.62e-06,3152176671.0
2026-05-23 15:10:00,5.63e-06,5.63e-06,5.62e-06,5.63e-06,410138347.0
2026-05-23 15:15:00,5.63e-06,5.63e-06,5.61e-06,5.62e-06,4561499518.0
2026-05-23 15:20:00,5.62e-06,5.62e-06,5.61e-06,5.62e-06,5311949094.0
2026-05-23 15:25:00,5.61e-06,5.62e-06,5.6e-06,5.61e-06,4142530925.0
2026-05-23 15:30:00,5.6e-06,5.61e-06,5.59e-06,5.59e-06,2492729961.0
2026-05-23 15:35:00,5.59e-06,5.6e-06,5.59e-06,5.59e-06,674367098.0
2026-05-23 15:40:00,5.6e-06,5.6e-06,5.58e-06,5.59e-06,1604599481.0
2026-05-23 15:45:00,5.59e-06,5.6e-06,5.59e-06,5.6e-06,2044536142.0
2026-05-23 15:50:00,5.6e-06,5.6e-06,5.59e-06,5.6e-06,1214851748.0
2026-05-23 15:55:00,5.6e-06,5.6e-06,5.59e-06,5.6e-06,105245811.0
2026-05-23 16:00:00,5.6e-06,5.61e-06,5.59e-06,5.6e-06,1701563120.0
2026-05-23 16:05:00,5.59e-06,5.6e-06,5.59e-06,5.6e-06,364094329.0
2026-05-23 16:10:00,5.6e-06,5.6e-06,5.59e-06,5.59e-06,815509230.0
2026-05-23 16:15:00,5.59e-06,5.6e-06,5.58e-06,5.6e-06,1351510300.0
2026-05-23 16:20:00,5.6e-06,5.6e-06,5.58e-06,5.58e-06,1467348973.0
2026-05-23 16:25:00,5.59e-06,5.6e-06,5.58e-06,5.59e-06,586742852.0
2026-05-23 16:30:00,5.59e-06,5.61e-06,5.59e-06,5.61e-06,2563422617.0
2026-05-23 16:35:00,5.61e-06,5.62e-06,5.6e-06,5.61e-06,2574352629.0
2026-05-23 16:40:00,5.61e-06,5.61e-06,5.6e-06,5.61e-06,163394424.0
2026-05-23 16:45:00,5.61e-06,5.61e-06,5.6e-06,5.61e-06,327096411.0
2026-05-23 16:50:00,5.61e-06,5.61e-06,5.6e-06,5.61e-06,264842474.0
2026-05-23 16:55:00,5.61e-06,5.62e-06,5.6e-06,5.6e-06,571922218.0
2026-05-23 17:00:00,5.61e-06,5.61e-06,5.6e-06,5.61e-06,1095279513.0
2026-05-23 17:05:00,5.61e-06,5.62e-06,5.6e-06,5.62e-06,873955976.0
2026-05-23 17:10:00,5.61e-06,5.62e-06,5.6e-06,5.61e-06,3516965738.0
2026-05-23 17:15:00,5.62e-06,5.62e-06,5.6e-06,5.6e-06,2119208873.0
2026-05-23 17:20:00,5.6e-06,5.61e-06,5.59e-06,5.59e-06,5385546012.0
2026-05-23 17:25:00,5.6e-06,5.61e-06,5.59e-06,5.61e-06,2329977337.0
2026-05-23 17:30:00,5.61e-06,5.61e-06,5.6e-06,5.61e-06,4392788431.0
2026-05-23 17:35:00,5.61e-06,5.61e-06,5.59e-06,5.6e-06,1544489024.0
2026-05-23 17:40:00,5.59e-06,5.6e-06,5.59e-06,5.59e-06,2186086111.0
2026-05-23 17:45:00,5.59e-06,5.6e-06,5.58e-06,5.6e-06,4691747630.0
2026-05-23 17:50:00,5.6e-06,5.6e-06,5.59e-06,5.6e-06,140583692.0
2026-05-23 17:55:00,5.6e-06,5.6e-06,5.59e-06,5.6e-06,815081285.0
2026-05-23 18:00:00,5.6e-06,5.6e-06,5.59e-06,5.6e-06,427704316.0
2026-05-23 18:05:00,5.6e-06,5.61e-06,5.59e-06,5.61e-06,1403186775.0
2026-05-23 18:10:00,5.61e-06,5.63e-06,5.6e-06,5.62e-06,3919212937.0
2026-05-23 18:15:00,5.63e-06,5.63e-06,5.61e-06,5.62e-06,4545325696.0
2026-05-23 18:20:00,5.62e-06,5.64e-06,5.62e-06,5.62e-06,3161428119.0
2026-05-23 18:25:00,5.62e-06,5.63e-06,5.62e-06,5.63e-06,2185407230.0
2026-05-23 18:30:00,5.64e-06,5.65e-06,5.63e-06,5.64e-06,4960769057.0
2026-05-23 18:35:00,5.64e-06,5.66e-06,5.63e-06,5.63e-06,3791408509.0
2026-05-23 18:40:00,5.64e-06,5.65e-06,5.63e-06,5.64e-06,1419263196.0
2026-05-23 18:45:00,5.64e-06,5.64e-06,5.62e-06,5.62e-06,3590262537.0
2026-05-23 18:50:00,5.62e-06,5.64e-06,5.62e-06,5.63e-06,1812747321.0
2026-05-23 18:55:00,5.63e-06,5.64e-06,5.62e-06,5.62e-06,1985899516.0
2026-05-23 19:00:00,5.62e-06,5.63e-06,5.62e-06,5.62e-06,4478594575.0
2026-05-23 19:05:00,5.62e-06,5.62e-06,5.61e-06,5.62e-06,2836389799.0
2026-05-23 19:10:00,5.62e-06,5.62e-06,5.61e-06,5.62e-06,3220440754.0
2026-05-23 19:15:00,5.62e-06,5.64e-06,5.62e-06,5.63e-06,4906485659.0
2026-05-23 19:20:00,5.63e-06,5.63e-06,5.62e-06,5.63e-06,2500570207.0
2026-05-23 19:25:00,5.63e-06,5.63e-06,5.62e-06,5.62e-06,357630507.0
2026-05-23 19:30:00,5.63e-06,5.64e-06,5.62e-06,5.62e-06,1935048394.0
2026-05-23 19:35:00,5.62e-06,5.63e-06,5.62e-06,5.63e-06,300258215.0
2026-05-23 19:40:00,5.63e-06,5.63e-06,5.62e-06,5.63e-06,3048271571.0
2026-05-23 19:45:00,5.63e-06,5.63e-06,5.61e-06,5.62e-06,2889723397.0
2026-05-23 19:50:00,5.63e-06,5.63e-06,5.62e-06,5.62e-06,152545149.0
2026-05-23 19:55:00,5.62e-06,5.62e-06,5.62e-06,5.62e-06,158582206.0
2026-05-23 20:00:00,5.62e-06,5.62e-06,5.61e-06,5.61e-06,679783164.0
2026-05-23 20:05:00,5.61e-06,5.62e-06,5.61e-06,5.62e-06,510649036.0
2026-05-23 20:10:00,5.62e-06,5.63e-06,5.61e-06,5.62e-06,7595742091.0
2026-05-23 20:15:00,5.62e-06,5.63e-06,5.61e-06,5.62e-06,2787878738.0
2026-05-23 20:20:00,5.62e-06,5.63e-06,5.61e-06,5.62e-06,1467730745.0
2026-05-23 20:25:00,5.62e-06,5.62e-06,5.61e-06,5.61e-06,206536518.0
2026-05-23 20:30:00,5.61e-06,5.64e-06,5.61e-06,5.64e-06,9026612536.0
2026-05-23 20:35:00,5.63e-06,5.71e-06,5.63e-06,5.7e-06,29263687944.0
2026-05-23 20:40:00,5.71e-06,5.74e-06,5.7e-06,5.72e-06,11842588519.0
2026-05-23 20:45:00,5.73e-06,5.73e-06,5.71e-06,5.73e-06,5542247443.0
2026-05-23 20:50:00,5.72e-06,5.73e-06,5.72e-06,5.73e-06,5933983756.0
2026-05-23 20:55:00,5.73e-06,5.77e-06,5.73e-06,5.76e-06,12663930130.0
2026-05-23 21:00:00,5.77e-06,5.78e-06,5.72e-06,5.74e-06,23457905931.0
2026-05-23 21:05:00,5.74e-06,5.75e-06,5.73e-06,5.74e-06,992171125.0
2026-05-23 21:10:00,5.75e-06,5.76e-06,5.73e-06,5.73e-06,6893410259.0
2026-05-23 21:15:00,5.74e-06,5.74e-06,5.72e-06,5.74e-06,3783457531.0
2026-05-23 21:20:00,5.74e-06,5.75e-06,5.73e-06,5.75e-06,2923185874.0
2026-05-23 21:25:00,5.74e-06,5.74e-06,5.73e-06,5.73e-06,3443242025.0
2026-05-23 21:30:00,5.72e-06,5.73e-06,5.7e-06,5.73e-06,5349932945.0
2026-05-23 21:35:00,5.73e-06,5.73e-06,5.71e-06,5.72e-06,1591135334.0
2026-05-23 21:40:00,5.71e-06,5.72e-06,5.7e-06,5.71e-06,2001553205.0
2026-05-23 21:45:00,5.71e-06,5.72e-06,5.68e-06,5.69e-06,9959469878.0
2026-05-23 21:50:00,5.69e-06,5.71e-06,5.69e-06,5.7e-06,1624178370.0
2026-05-23 21:55:00,5.71e-06,5.71e-06,5.7e-06,5.7e-06,347179297.0
2026-05-23 22:00:00,5.71e-06,5.72e-06,5.71e-06,5.71e-06,2070668208.0
2026-05-23 22:05:00,5.71e-06,5.71e-06,5.7e-06,5.71e-06,2382617807.0
2026-05-23 22:10:00,5.7e-06,5.7e-06,5.69e-06,5.7e-06,589280492.0
2026-05-23 22:15:00,5.69e-06,5.7e-06,5.69e-06,5.69e-06,261151054.0
2026-05-23 22:20:00,5.69e-06,5.7e-06,5.68e-06,5.69e-06,1085234730.0
2026-05-23 22:25:00,5.69e-06,5.69e-06,5.68e-06,5.68e-06,147712336.0
2026-05-23 22:30:00,5.69e-06,5.69e-06,5.67e-06,5.69e-06,8716383730.0
2026-05-23 22:35:00,5.69e-06,5.69e-06,5.64e-06,5.65e-06,24784107768.0
2026-05-23 22:40:00,5.65e-06,5.67e-06,5.65e-06,5.66e-06,2758432214.0
2026-05-23 22:45:00,5.66e-06,5.67e-06,5.65e-06,5.67e-06,2108621296.0
2026-05-23 22:50:00,5.67e-06,5.67e-06,5.66e-06,5.67e-06,403254853.0
2026-05-23 22:55:00,5.66e-06,5.67e-06,5.66e-06,5.67e-06,2720397930.0
2026-05-23 23:00:00,5.66e-06,5.67e-06,5.65e-06,5.66e-06,2690733384.0
2026-05-23 23:05:00,5.67e-06,5.67e-06,5.66e-06,5.67e-06,7031587074.0
2026-05-23 23:10:00,5.67e-06,5.67e-06,5.66e-06,5.67e-06,221313567.0
2026-05-23 23:15:00,5.67e-06,5.67e-06,5.66e-06,5.66e-06,2170263429.0
2026-05-23 23:20:00,5.67e-06,5.67e-06,5.65e-06,5.66e-06,290451415.0
2026-05-23 23:25:00,5.66e-06,5.66e-06,5.65e-06,5.66e-06,392766356.0
2026-05-23 23:30:00,5.66e-06,5.67e-06,5.66e-06,5.67e-06,541425531.0
2026-05-23 23:35:00,5.66e-06,5.67e-06,5.66e-06,5.66e-06,273141705.0
2026-05-23 23:40:00,5.67e-06,5.67e-06,5.66e-06,5.67e-06,5313601175.0
2026-05-23 23:45:00,5.67e-06,5.67e-06,5.66e-06,5.67e-06,234528193.0
2026-05-23 23:50:00,5.67e-06,5.67e-06,5.66e-06,5.67e-06,1260959886.0
2026-05-23 23:55:00,5.68e-06,5.68e-06,5.67e-06,5.68e-06,36756925.0
2026-05-24 00:00:00,5.68e-06,5.68e-06,5.66e-06,5.67e-06,2020890194.0
2026-05-24 00:05:00,5.67e-06,5.67e-06,5.66e-06,5.66e-06,696310639.0
2026-05-24 00:10:00,5.66e-06,5.67e-06,5.66e-06,5.67e-06,479960633.0
2026-05-24 00:15:00,5.67e-06,5.68e-06,5.66e-06,5.66e-06,1656727667.0
2026-05-24 00:20:00,5.67e-06,5.68e-06,5.66e-06,5.66e-06,3287847425.0
2026-05-24 00:25:00,5.67e-06,5.68e-06,5.67e-06,5.68e-06,178112980.0
2026-05-24 00:30:00,5.68e-06,5.69e-06,5.68e-06,5.68e-06,7186362632.0
2026-05-24 00:35:00,5.69e-06,5.69e-06,5.68e-06,5.68e-06,408949650.0
2026-05-24 00:40:00,5.69e-06,5.69e-06,5.67e-06,5.68e-06,4023293583.0
2026-05-24 00:45:00,5.67e-06,5.68e-06,5.67e-06,5.68e-06,5792526870.0
2026-05-24 00:50:00,5.68e-06,5.68e-06,5.67e-06,5.68e-06,1078030420.0
2026-05-24 00:55:00,5.67e-06,5.68e-06,5.67e-06,5.68e-06,2288730377.0
2026-05-24 01:00:00,5.68e-06,5.68e-06,5.67e-06,5.68e-06,2565073346.0
2026-05-24 01:05:00,5.67e-06,5.68e-06,5.67e-06,5.68e-06,780658595.0
2026-05-24 01:10:00,5.67e-06,5.68e-06,5.67e-06,5.68e-06,2752749605.0
2026-05-24 01:15:00,5.68e-06,5.69e-06,5.67e-06,5.68e-06,5177093082.0
2026-05-24 01:20:00,5.68e-06,5.7e-06,5.68e-06,5.69e-06,2803062435.0
2026-05-24 01:25:00,5.69e-06,5.69e-06,5.68e-06,5.69e-06,20636549.0
2026-05-24 01:30:00,5.69e-06,5.69e-06,5.68e-06,5.69e-06,153631567.0
2026-05-24 01:35:00,5.69e-06,5.69e-06,5.68e-06,5.69e-06,409411394.0
2026-05-24 01:40:00,5.68e-06,5.69e-06,5.67e-06,5.67e-06,3860875906.0
2026-05-24 01:45:00,5.67e-06,5.69e-06,5.67e-06,5.68e-06,3073786641.0
2026-05-24 01:50:00,5.68e-06,5.69e-06,5.67e-06,5.68e-06,3803078060.0
2026-05-24 01:55:00,5.68e-06,5.68e-06,5.67e-06,5.68e-06,244087305.0
2026-05-24 02:00:00,5.68e-06,5.69e-06,5.68e-06,5.68e-06,1837733062.0
2026-05-24 02:05:00,5.68e-06,5.69e-06,5.67e-06,5.68e-06,4216463202.0
2026-05-24 02:10:00,5.68e-06,5.68e-06,5.67e-06,5.68e-06,57395933.0
2026-05-24 02:15:00,5.68e-06,5.68e-06,5.67e-06,5.68e-06,108445764.0
2026-05-24 02:20:00,5.68e-06,5.68e-06,5.66e-06,5.66e-06,2454459924.0
2026-05-24 02:25:00,5.66e-06,5.66e-06,5.65e-06,5.66e-06,2537760511.0
2026-05-24 02:30:00,5.65e-06,5.66e-06,5.65e-06,5.66e-06,83571986.0
2026-05-24 02:35:00,5.66e-06,5.66e-06,5.65e-06,5.66e-06,328402136.0
2026-05-24 02:40:00,5.66e-06,5.66e-06,5.65e-06,5.66e-06,875704898.0
2026-05-24 02:45:00,5.66e-06,5.67e-06,5.66e-06,5.67e-06,4828677062.0
2026-05-24 02:50:00,5.66e-06,5.67e-06,5.66e-06,5.67e-06,2843707075.0
2026-05-24 02:55:00,5.66e-06,5.67e-06,5.66e-06,5.67e-06,879029487.0
2026-05-24 03:00:00,5.67e-06,5.67e-06,5.65e-06,5.67e-06,4281448987.0
2026-05-24 03:05:00,5.67e-06,5.68e-06,5.67e-06,5.67e-06,941619570.0
2026-05-24 03:10:00,5.68e-06,5.68e-06,5.66e-06,5.67e-06,1484777394.0
2026-05-24 03:15:00,5.66e-06,5.67e-06,5.65e-06,5.66e-06,1820073273.0
2026-05-24 03:20:00,5.66e-06,5.66e-06,5.65e-06,5.66e-06,2063614043.0
2026-05-24 03:25:00,5.66e-06,5.66e-06,5.65e-06,5.65e-06,162031610.0
2026-05-24 03:30:00,5.66e-06,5.66e-06,5.65e-06,5.65e-06,48381903.0
2026-05-24 03:35:00,5.65e-06,5.65e-06,5.64e-06,5.65e-06,2758612543.0
2026-05-24 03:40:00,5.65e-06,5.65e-06,5.64e-06,5.64e-06,2335336090.0
2026-05-24 03:45:00,5.65e-06,5.65e-06,5.64e-06,5.65e-06,28623536.0
2026-05-24 03:50:00,5.65e-06,5.65e-06,5.64e-06,5.65e-06,2785613466.0
2026-05-24 03:55:00,5.64e-06,5.66e-06,5.64e-06,5.64e-06,5902034016.0
2026-05-24 04:00:00,5.65e-06,5.66e-06,5.65e-06,5.65e-06,113900043.0
2026-05-24 04:05:00,5.65e-06,5.66e-06,5.64e-06,5.64e-06,2077058159.0
2026-05-24 04:10:00,5.64e-06,5.66e-06,5.64e-06,5.65e-06,9691214153.0
2026-05-24 04:15:00,5.66e-06,5.66e-06,5.65e-06,5.66e-06,182607034.0
2026-05-24 04:20:00,5.66e-06,5.66e-06,5.65e-06,5.65e-06,17882754.0
2026-05-24 04:25:00,5.66e-06,5.66e-06,5.65e-06,5.65e-06,86307492.0
2026-05-24 04:30:00,5.66e-06,5.66e-06,5.65e-06,5.66e-06,382506555.0
2026-05-24 04:35:00,5.66e-06,5.67e-06,5.66e-06,5.66e-06,1058244946.0
2026-05-24 04:40:00,5.66e-06,5.66e-06,5.65e-06,5.66e-06,341347594.0
2026-05-24 04:45:00,5.66e-06,5.66e-06,5.65e-06,5.66e-06,299017168.0
2026-05-24 04:50:00,5.65e-06,5.67e-06,5.65e-06,5.66e-06,776459464.0
2026-05-24 04:55:00,5.66e-06,5.66e-06,5.65e-06,5.66e-06,1667149068.0
2026-05-24 05:00:00,5.65e-06,5.66e-06,5.65e-06,5.66e-06,161488823.0
2026-05-24 05:05:00,5.65e-06,5.65e-06,5.64e-06,5.65e-06,3430931400.0
2026-05-24 05:10:00,5.65e-06,5.65e-06,5.64e-06,5.65e-06,90678818.0
2026-05-24 05:15:00,5.65e-06,5.65e-06,5.64e-06,5.65e-06,1669353633.0
2026-05-24 05:20:00,5.65e-06,5.65e-06,5.64e-06,5.65e-06,3255458760.0
2026-05-24 05:25:00,5.64e-06,5.64e-06,5.63e-06,5.64e-06,986160289.0
2026-05-24 05:30:00,5.64e-06,5.65e-06,5.63e-06,5.63e-06,2435124273.0
2026-05-24 05:35:00,5.63e-06,5.64e-06,5.63e-06,5.63e-06,433230811.0
2026-05-24 05:40:00,5.64e-06,5.64e-06,5.63e-06,5.63e-06,4354209908.0
2026-05-24 05:45:00,5.63e-06,5.65e-06,5.63e-06,5.65e-06,2565907396.0
2026-05-24 05:50:00,5.64e-06,5.65e-06,5.64e-06,5.65e-06,85021261.0
2026-05-24 05:55:00,5.64e-06,5.65e-06,5.64e-06,5.65e-06,62891047.0
2026-05-24 06:00:00,5.64e-06,5.65e-06,5.64e-06,5.65e-06,246061276.0
2026-05-24 06:05:00,5.64e-06,5.65e-06,5.64e-06,5.65e-06,1175345546.0
2026-05-24 06:10:00,5.64e-06,5.65e-06,5.64e-06,5.64e-06,142860184.0
2026-05-24 06:15:00,5.65e-06,5.65e-06,5.64e-06,5.64e-06,380485257.0
2026-05-24 06:20:00,5.64e-06,5.65e-06,5.63e-06,5.64e-06,9551334757.0
2026-05-24 06:25:00,5.64e-06,5.65e-06,5.63e-06,5.64e-06,1575585646.0
2026-05-24 06:30:00,5.64e-06,5.64e-06,5.63e-06,5.64e-06,124135258.0
2026-05-24 06:35:00,5.63e-06,5.65e-06,5.63e-06,5.65e-06,1945098638.0
2026-05-24 06:40:00,5.65e-06,5.66e-06,5.64e-06,5.66e-06,1488236887.0
2026-05-24 06:45:00,5.66e-06,5.66e-06,5.64e-06,5.65e-06,2283851806.0
2026-05-24 06:50:00,5.66e-06,5.67e-06,5.65e-06,5.65e-06,1321196825.0
2026-05-24 06:55:00,5.66e-06,5.67e-06,5.65e-06,5.67e-06,817058238.0
2026-05-24 07:00:00,5.66e-06,5.66e-06,5.65e-06,5.65e-06,3386182049.0
2026-05-24 07:05:00,5.66e-06,5.66e-06,5.65e-06,5.66e-06,130308472.0
2026-05-24 07:10:00,5.65e-06,5.66e-06,5.64e-06,5.64e-06,2066749078.0
2026-05-24 07:15:00,5.64e-06,5.65e-06,5.64e-06,5.64e-06,144391317.0
2026-05-24 07:20:00,5.64e-06,5.65e-06,5.63e-06,5.64e-06,1801578280.0
2026-05-24 07:25:00,5.64e-06,5.64e-06,5.63e-06,5.63e-06,473893007.0
2026-05-24 07:30:00,5.64e-06,5.64e-06,5.63e-06,5.64e-06,1527131601.0
2026-05-24 07:35:00,5.64e-06,5.65e-06,5.63e-06,5.65e-06,1148648710.0
2026-05-24 07:40:00,5.64e-06,5.64e-06,5.63e-06,5.64e-06,1671710717.0
2026-05-24 07:45:00,5.64e-06,5.64e-06,5.63e-06,5.64e-06,332674856.0
2026-05-24 07:50:00,5.64e-06,5.64e-06,5.63e-06,5.64e-06,88381270.0
2026-05-24 07:55:00,5.63e-06,5.64e-06,5.63e-06,5.64e-06,91895121.0
2026-05-24 08:00:00,5.64e-06,5.64e-06,5.63e-06,5.63e-06,76372021.0
2026-05-24 08:05:00,5.63e-06,5.64e-06,5.63e-06,5.64e-06,4823592046.0
2026-05-24 08:10:00,5.64e-06,5.64e-06,5.63e-06,5.64e-06,50277377.0
2026-05-24 08:15:00,5.64e-06,5.65e-06,5.63e-06,5.65e-06,1029433242.0
2026-05-24 08:20:00,5.65e-06,5.66e-06,5.64e-06,5.66e-06,964401021.0
2026-05-24 08:25:00,5.66e-06,5.66e-06,5.65e-06,5.65e-06,1830288602.0
2026-05-24 08:30:00,5.65e-06,5.66e-06,5.64e-06,5.65e-06,2144905308.0
2026-05-24 08:35:00,5.65e-06,5.66e-06,5.64e-06,5.65e-06,2297292953.0
2026-05-24 08:40:00,5.65e-06,5.66e-06,5.65e-06,5.65e-06,334508240.0
2026-05-24 08:45:00,5.66e-06,5.66e-06,5.65e-06,5.65e-06,457792401.0
2026-05-24 08:50:00,5.66e-06,5.66e-06,5.65e-06,5.65e-06,961027511.0
2026-05-24 08:55:00,5.65e-06,5.65e-06,5.64e-06,5.65e-06,954499718.0
2026-05-24 09:00:00,5.65e-06,5.66e-06,5.64e-06,5.65e-06,2168041384.0
2026-05-24 09:05:00,5.64e-06,5.65e-06,5.64e-06,5.65e-06,1539178489.0
2026-05-24 09:10:00,5.65e-06,5.65e-06,5.64e-06,5.65e-06,371138264.0
2026-05-24 09:15:00,5.64e-06,5.65e-06,5.64e-06,5.64e-06,540563746.0
2026-05-24 09:20:00,5.65e-06,5.67e-06,5.64e-06,5.66e-06,3924855822.0
2026-05-24 09:25:00,5.66e-06,5.66e-06,5.65e-06,5.66e-06,2955240572.0
2026-05-24 09:30:00,5.66e-06,5.66e-06,5.65e-06,5.65e-06,547866824.0
2026-05-24 09:35:00,5.65e-06,5.66e-06,5.65e-06,5.66e-06,6568268495.0
2026-05-24 09:40:00,5.66e-06,5.66e-06,5.65e-06,5.65e-06,15114340.0
2026-05-24 09:45:00,5.65e-06,5.66e-06,5.65e-06,5.66e-06,5548873077.0
2026-05-24 09:50:00,5.66e-06,5.66e-06,5.65e-06,5.66e-06,540215818.0
2026-05-24 09:55:00,5.66e-06,5.66e-06,5.65e-06,5.65e-06,296337296.0
2026-05-24 10:00:00,5.65e-06,5.65e-06,5.64e-06,5.64e-06,4516530217.0
2026-05-24 10:05:00,5.65e-06,5.66e-06,5.64e-06,5.66e-06,5828096660.0
2026-05-24 10:10:00,5.65e-06,5.66e-06,5.64e-06,5.65e-06,2767427499.0
2026-05-24 10:15:00,5.65e-06,5.65e-06,5.64e-06,5.65e-06,99105929.0
2026-05-24 10:20:00,5.64e-06,5.65e-06,5.64e-06,5.65e-06,67538113.0
2026-05-24 10:25:00,5.65e-06,5.68e-06,5.64e-06,5.67e-06,9239537871.0
2026-05-24 10:30:00,5.67e-06,5.67e-06,5.65e-06,5.67e-06,3516415664.0
2026-05-24 10:35:00,5.67e-06,5.67e-06,5.65e-06,5.66e-06,5667201434.0
2026-05-24 10:40:00,5.66e-06,5.66e-06,5.65e-06,5.65e-06,72357966.0
2026-05-24 10:45:00,5.66e-06,5.66e-06,5.65e-06,5.65e-06,177435909.0
2026-05-24 10:50:00,5.66e-06,5.66e-06,5.65e-06,5.66e-06,215518006.0
2026-05-24 10:55:00,5.66e-06,5.66e-06,5.65e-06,5.66e-06,2231670097.0
2026-05-24 11:00:00,5.65e-06,5.67e-06,5.65e-06,5.66e-06,3479030852.0
2026-05-24 11:05:00,5.67e-06,5.67e-06,5.66e-06,5.66e-06,329767837.0
2026-05-24 11:10:00,5.66e-06,5.67e-06,5.65e-06,5.66e-06,3668726700.0
2026-05-24 11:15:00,5.66e-06,5.66e-06,5.65e-06,5.65e-06,1503944915.0
2026-05-24 11:20:00,5.65e-06,5.66e-06,5.65e-06,5.66e-06,180604293.0
2026-05-24 11:25:00,5.65e-06,5.66e-06,5.64e-06,5.65e-06,2551909035.0
2026-05-24 11:30:00,5.66e-06,5.66e-06,5.65e-06,5.66e-06,1075685299.0
2026-05-24 11:35:00,5.65e-06,5.66e-06,5.65e-06,5.66e-06,154248008.0
2026-05-24 11:40:00,5.65e-06,5.66e-06,5.65e-06,5.66e-06,212138966.0
2026-05-24 11:45:00,5.65e-06,5.66e-06,5.65e-06,5.66e-06,327596737.0
2026-05-24 11:50:00,5.65e-06,5.66e-06,5.65e-06,5.65e-06,313595081.0
2026-05-24 11:55:00,5.66e-06,5.67e-06,5.65e-06,5.66e-06,2620004741.0
2026-05-24 12:00:00,5.66e-06,5.66e-06,5.65e-06,5.65e-06,432211786.0
2026-05-24 12:05:00,5.65e-06,5.66e-06,5.64e-06,5.65e-06,1621153037.0
2026-05-24 12:10:00,5.65e-06,5.65e-06,5.64e-06,5.64e-06,1186325477.0
2026-05-24 12:15:00,5.65e-06,5.65e-06,5.63e-06,5.64e-06,2323994069.0
2026-05-24 12:20:00,5.64e-06,5.65e-06,5.63e-06,5.63e-06,608640584.0
2026-05-24 12:25:00,5.63e-06,5.64e-06,5.63e-06,5.64e-06,160169346.0
2026-05-24 12:30:00,5.63e-06,5.64e-06,5.62e-06,5.63e-06,1775408566.0
2026-05-24 12:35:00,5.62e-06,5.64e-06,5.62e-06,5.64e-06,2162632344.0
2026-05-24 12:40:00,5.63e-06,5.64e-06,5.63e-06,5.63e-06,345490137.0
2026-05-24 12:45:00,5.63e-06,5.64e-06,5.63e-06,5.64e-06,162359133.0
2026-05-24 12:50:00,5.63e-06,5.64e-06,5.63e-06,5.63e-06,213175139.0
2026-05-24 12:55:00,5.63e-06,5.64e-06,5.63e-06,5.63e-06,164436055.0
2026-05-24 13:00:00,5.63e-06,5.64e-06,5.63e-06,5.64e-06,1668649504.0
2026-05-24 13:05:00,5.63e-06,5.64e-06,5.63e-06,5.64e-06,355039706.0
2026-05-24 13:10:00,5.64e-06,5.64e-06,5.63e-06,5.64e-06,446281007.0
2026-05-24 13:15:00,5.64e-06,5.64e-06,5.63e-06,5.64e-06,306068426.0
2026-05-24 13:20:00,5.64e-06,5.65e-06,5.63e-06,5.65e-06,1309734520.0
2026-05-24 13:25:00,5.64e-06,5.65e-06,5.64e-06,5.64e-06,2276834325.0
2026-05-24 13:30:00,5.64e-06,5.64e-06,5.63e-06,5.64e-06,229568250.0
2026-05-24 13:35:00,5.63e-06,5.64e-06,5.62e-06,5.63e-06,2440255539.0
2026-05-24 13:40:00,5.64e-06,5.65e-06,5.63e-06,5.65e-06,144049228.0
2026-05-24 13:45:00,5.65e-06,5.65e-06,5.63e-06,5.64e-06,2596658076.0
2026-05-24 13:50:00,5.64e-06,5.64e-06,5.62e-06,5.62e-06,3742281368.0
2026-05-24 13:55:00,5.62e-06,5.62e-06,5.6e-06,5.62e-06,12255336714.0
2026-05-24 14:00:00,5.62e-06,5.63e-06,5.6e-06,5.62e-06,13386802517.0
2026-05-24 14:05:00,5.62e-06,5.62e-06,5.61e-06,5.62e-06,412103756.0
2026-05-24 14:10:00,5.62e-06,5.63e-06,5.57e-06,5.58e-06,26355901908.0
2026-05-24 14:15:00,5.59e-06,5.59e-06,5.53e-06,5.57e-06,25575399766.0
2026-05-24 14:20:00,5.56e-06,5.59e-06,5.56e-06,5.58e-06,8213478297.0
2026-05-24 14:25:00,5.58e-06,5.58e-06,5.57e-06,5.58e-06,743057626.0
2026-05-24 14:30:00,5.57e-06,5.58e-06,5.57e-06,5.58e-06,1448839215.0
2026-05-24 14:35:00,5.58e-06,5.59e-06,5.57e-06,5.58e-06,1082674654.0
2026-05-24 14:40:00,5.58e-06,5.58e-06,5.57e-06,5.57e-06,2314995217.0
2026-05-24 14:45:00,5.58e-06,5.59e-06,5.57e-06,5.58e-06,3808409258.0
2026-05-24 14:50:00,5.58e-06,5.59e-06,5.57e-06,5.58e-06,4143598262.0
2026-05-24 14:55:00,5.58e-06,5.59e-06,5.57e-06,5.58e-06,5435091042.0
2026-05-24 15:00:00,5.58e-06,5.58e-06,5.57e-06,5.58e-06,92504040.0
2026-05-24 15:05:00,5.57e-06,5.58e-06,5.57e-06,5.58e-06,985117007.0
2026-05-24 15:10:00,5.58e-06,5.58e-06,5.57e-06,5.58e-06,95366513.0
2026-05-24 15:15:00,5.58e-06,5.58e-06,5.56e-06,5.57e-06,7194338563.0
2026-05-24 15:20:00,5.57e-06,5.59e-06,5.56e-06,5.58e-06,7733258643.0
2026-05-24 15:25:00,5.59e-06,5.59e-06,5.58e-06,5.59e-06,393904396.0
2026-05-24 15:30:00,5.59e-06,5.59e-06,5.58e-06,5.58e-06,348099860.0
2026-05-24 15:35:00,5.59e-06,5.59e-06,5.58e-06,5.59e-06,2000264756.0
2026-05-24 15:40:00,5.58e-06,5.59e-06,5.58e-06,5.59e-06,248061700.0
2026-05-24 15:45:00,5.58e-06,5.6e-06,5.58e-06,5.59e-06,5249118718.0
2026-05-24 15:50:00,5.59e-06,5.6e-06,5.58e-06,5.59e-06,1223545148.0
2026-05-24 15:55:00,5.58e-06,5.59e-06,5.58e-06,5.59e-06,192250700.0
2026-05-24 16:00:00,5.59e-06,5.6e-06,5.59e-06,5.59e-06,1643596734.0
2026-05-24 16:05:00,5.6e-06,5.61e-06,5.59e-06,5.59e-06,3233075429.0
2026-05-24 16:10:00,5.59e-06,5.6e-06,5.59e-06,5.59e-06,514869370.0
2026-05-24 16:15:00,5.59e-06,5.61e-06,5.59e-06,5.6e-06,2943365758.0
2026-05-24 16:20:00,5.6e-06,5.6e-06,5.59e-06,5.59e-06,1137459447.0
2026-05-24 16:25:00,5.59e-06,5.59e-06,5.58e-06,5.58e-06,259811228.0
2026-05-24 16:30:00,5.58e-06,5.59e-06,5.57e-06,5.58e-06,1079624118.0
2026-05-24 16:35:00,5.57e-06,5.57e-06,5.56e-06,5.56e-06,5300975908.0
2026-05-24 16:40:00,5.57e-06,5.57e-06,5.56e-06,5.56e-06,652897606.0
2026-05-24 16:45:00,5.56e-06,5.58e-06,5.56e-06,5.57e-06,2607184015.0
2026-05-24 16:50:00,5.58e-06,5.58e-06,5.57e-06,5.58e-06,521891913.0
2026-05-24 16:55:00,5.58e-06,5.58e-06,5.57e-06,5.58e-06,135741713.0
2026-05-24 17:00:00,5.58e-06,5.58e-06,5.57e-06,5.57e-06,629096953.0
2026-05-24 17:05:00,5.58e-06,5.59e-06,5.57e-06,5.58e-06,686522573.0
2026-05-24 17:10:00,5.59e-06,5.59e-06,5.58e-06,5.59e-06,97225251.0
2026-05-24 17:15:00,5.59e-06,5.59e-06,5.58e-06,5.59e-06,278792242.0
2026-05-24 17:20:00,5.58e-06,5.6e-06,5.58e-06,5.6e-06,3177426191.0
2026-05-24 17:25:00,5.6e-06,5.6e-06,5.58e-06,5.59e-06,1674019534.0
2026-05-24 17:30:00,5.58e-06,5.6e-06,5.58e-06,5.6e-06,990383667.0
2026-05-24 17:35:00,5.6e-06,5.6e-06,5.59e-06,5.6e-06,87899818.0
2026-05-24 17:40:00,5.6e-06,5.6e-06,5.59e-06,5.6e-06,71222767.0
2026-05-24 17:45:00,5.6e-06,5.6e-06,5.59e-06,5.6e-06,181079994.0
2026-05-24 17:50:00,5.59e-06,5.6e-06,5.59e-06,5.59e-06,16017533.0
2026-05-24 17:55:00,5.59e-06,5.6e-06,5.59e-06,5.6e-06,540406084.0
2026-05-24 18:00:00,5.6e-06,5.6e-06,5.59e-06,5.6e-06,143716725.0
2026-05-24 18:05:00,5.6e-06,5.6e-06,5.59e-06,5.6e-06,3698070144.0
2026-05-24 18:10:00,5.6e-06,5.6e-06,5.59e-06,5.59e-06,186853017.0
2026-05-24 18:15:00,5.59e-06,5.6e-06,5.59e-06,5.6e-06,101981134.0
2026-05-24 18:20:00,5.6e-06,5.6e-06,5.59e-06,5.59e-06,2837119672.0
2026-05-24 18:25:00,5.6e-06,5.6e-06,5.59e-06,5.59e-06,112327420.0
2026-05-24 18:30:00,5.59e-06,5.59e-06,5.58e-06,5.59e-06,1616577830.0
2026-05-24 18:35:00,5.59e-06,5.59e-06,5.58e-06,5.59e-06,80422541.0
2026-05-24 18:40:00,5.59e-06,5.59e-06,5.57e-06,5.57e-06,2388369634.0
2026-05-24 18:45:00,5.58e-06,5.58e-06,5.57e-06,5.57e-06,2806875417.0
2026-05-24 18:50:00,5.57e-06,5.57e-06,5.56e-06,5.57e-06,197187304.0
2026-05-24 18:55:00,5.56e-06,5.57e-06,5.56e-06,5.57e-06,214291608.0
2026-05-24 19:00:00,5.57e-06,5.58e-06,5.57e-06,5.58e-06,748271474.0
2026-05-24 19:05:00,5.57e-06,5.58e-06,5.56e-06,5.57e-06,2454792251.0
2026-05-24 19:10:00,5.58e-06,5.58e-06,5.57e-06,5.58e-06,37957524.0
2026-05-24 19:15:00,5.57e-06,5.58e-06,5.57e-06,5.58e-06,1906437328.0
2026-05-24 19:20:00,5.58e-06,5.58e-06,5.57e-06,5.58e-06,106132453.0
2026-05-24 19:25:00,5.57e-06,5.57e-06,5.57e-06,5.57e-06,4508681331.0
2026-05-24 19:30:00,5.56e-06,5.57e-06,5.56e-06,5.57e-06,160894657.0
2026-05-24 19:35:00,5.56e-06,5.57e-06,5.56e-06,5.56e-06,133259069.0
2026-05-24 19:40:00,5.56e-06,5.58e-06,5.56e-06,5.58e-06,1177089845.0
2026-05-24 19:45:00,5.57e-06,5.58e-06,5.57e-06,5.57e-06,97178027.0
2026-05-24 19:50:00,5.57e-06,5.59e-06,5.57e-06,5.58e-06,1045386806.0
2026-05-24 19:55:00,5.58e-06,5.59e-06,5.57e-06,5.57e-06,2387419785.0
2026-05-24 20:00:00,5.57e-06,5.58e-06,5.56e-06,5.57e-06,1604877681.0
2026-05-24 20:05:00,5.56e-06,5.57e-06,5.56e-06,5.57e-06,2121696671.0
2026-05-24 20:10:00,5.57e-06,5.57e-06,5.56e-06,5.56e-06,1046849863.0
2026-05-24 20:15:00,5.57e-06,5.57e-06,5.56e-06,5.56e-06,59613324.0
2026-05-24 20:20:00,5.57e-06,5.57e-06,5.56e-06,5.57e-06,14894602.0
2026-05-24 20:25:00,5.57e-06,5.57e-06,5.56e-06,5.57e-06,831039557.0
2026-05-24 20:30:00,5.57e-06,5.57e-06,5.56e-06,5.57e-06,8234150829.0
2026-05-24 20:35:00,5.57e-06,5.58e-06,5.57e-06,5.57e-06,23367722424.0
2026-05-24 20:40:00,5.58e-06,5.58e-06,5.57e-06,5.57e-06,34989839.0
2026-05-24 20:45:00,5.57e-06,5.58e-06,5.56e-06,5.56e-06,1519411542.0
2026-05-24 20:50:00,5.57e-06,5.57e-06,5.56e-06,5.57e-06,78584751.0
2026-05-24 20:55:00,5.57e-06,5.57e-06,5.56e-06,5.57e-06,507476680.0
2026-05-24 21:00:00,5.57e-06,5.58e-06,5.56e-06,5.58e-06,3068553012.0
2026-05-24 21:05:00,5.57e-06,5.58e-06,5.57e-06,5.58e-06,82240712.0
2026-05-24 21:10:00,5.58e-06,5.58e-06,5.57e-06,5.57e-06,98228047.0
2026-05-24 21:15:00,5.57e-06,5.58e-06,5.57e-06,5.58e-06,105721192.0
2026-05-24 21:20:00,5.58e-06,5.58e-06,5.57e-06,5.57e-06,342255883.0
2026-05-24 21:25:00,5.57e-06,5.57e-06,5.54e-06,5.54e-06,8144188534.0
2026-05-24 21:30:00,5.55e-06,5.55e-06,5.52e-06,5.52e-06,10874339455.0
2026-05-24 21:35:00,5.53e-06,5.53e-06,5.5e-06,5.51e-06,11232364640.0
2026-05-24 21:40:00,5.52e-06,5.53e-06,5.5e-06,5.5e-06,5353566363.0
2026-05-24 21:45:00,5.5e-06,5.52e-06,5.49e-06,5.51e-06,11974668581.0
2026-05-24 21:50:00,5.52e-06,5.52e-06,5.51e-06,5.52e-06,406374318.0
2026-05-24 21:55:00,5.51e-06,5.52e-06,5.5e-06,5.5e-06,5341969017.0
2026-05-24 22:00:00,5.51e-06,5.55e-06,5.51e-06,5.55e-06,8471460582.0
2026-05-24 22:05:00,5.55e-06,5.57e-06,5.55e-06,5.57e-06,2596561303.0
2026-05-24 22:10:00,5.57e-06,5.58e-06,5.56e-06,5.57e-06,4476105907.0
2026-05-24 22:15:00,5.57e-06,5.57e-06,5.56e-06,5.56e-06,2364535812.0
2026-05-24 22:20:00,5.57e-06,5.57e-06,5.56e-06,5.57e-06,1201827735.0
2026-05-24 22:25:00,5.57e-06,5.57e-06,5.56e-06,5.56e-06,1143627743.0
2026-05-24 22:30:00,5.56e-06,5.57e-06,5.56e-06,5.56e-06,387856430.0
2026-05-24 22:35:00,5.56e-06,5.56e-06,5.54e-06,5.55e-06,4183745590.0
2026-05-24 22:40:00,5.55e-06,5.55e-06,5.54e-06,5.55e-06,690622004.0
2026-05-24 22:45:00,5.56e-06,5.57e-06,5.56e-06,5.57e-06,699744282.0
2026-05-24 22:50:00,5.56e-06,5.57e-06,5.55e-06,5.56e-06,1775936519.0
2026-05-24 22:55:00,5.56e-06,5.56e-06,5.55e-06,5.56e-06,307648978.0
2026-05-24 23:00:00,5.56e-06,5.57e-06,5.55e-06,5.56e-06,4040735019.0
2026-05-24 23:05:00,5.56e-06,5.57e-06,5.56e-06,5.57e-06,1052751729.0
2026-05-24 23:10:00,5.57e-06,5.57e-06,5.56e-06,5.57e-06,319397345.0
2026-05-24 23:15:00,5.56e-06,5.57e-06,5.56e-06,5.57e-06,317398776.0
2026-05-24 23:20:00,5.56e-06,5.57e-06,5.56e-06,5.56e-06,256946933.0
2026-05-24 23:25:00,5.57e-06,5.57e-06,5.55e-06,5.56e-06,3657010426.0
2026-05-24 23:30:00,5.56e-06,5.58e-06,5.56e-06,5.57e-06,2793913576.0
2026-05-24 23:35:00,5.58e-06,5.59e-06,5.57e-06,5.58e-06,1170700246.0
2026-05-24 23:40:00,5.58e-06,5.59e-06,5.57e-06,5.59e-06,2903169291.0
2026-05-24 23:45:00,5.59e-06,5.59e-06,5.58e-06,5.59e-06,1181195975.0
2026-05-24 23:50:00,5.58e-06,5.59e-06,5.58e-06,5.59e-06,681585661.0
2026-05-24 23:55:00,5.59e-06,5.59e-06,5.58e-06,5.58e-06,2475645505.0
2026-05-25 00:00:00,5.59e-06,5.6e-06,5.58e-06,5.6e-06,2432879868.0
2026-05-25 00:05:00,5.6e-06,5.6e-06,5.6e-06,5.6e-06,679767440.0
2026-05-25 00:10:00,5.61e-06,5.61e-06,5.59e-06,5.6e-06,3586810886.0
2026-05-25 00:15:00,5.6e-06,5.61e-06,5.59e-06,5.61e-06,3032362988.0
2026-05-25 00:20:00,5.61e-06,5.61e-06,5.6e-06,5.61e-06,1761542406.0
2026-05-25 00:25:00,5.61e-06,5.61e-06,5.6e-06,5.6e-06,48412576.0
2026-05-25 00:30:00,5.61e-06,5.62e-06,5.59e-06,5.6e-06,5796007294.0
2026-05-25 00:35:00,5.61e-06,5.61e-06,5.6e-06,5.61e-06,119952002.0
2026-05-25 00:40:00,5.61e-06,5.61e-06,5.59e-06,5.59e-06,1797484315.0
2026-05-25 00:45:00,5.6e-06,5.61e-06,5.59e-06,5.61e-06,851939643.0
2026-05-25 00:50:00,5.6e-06,5.6e-06,5.59e-06,5.6e-06,2014528704.0
2026-05-25 00:55:00,5.6e-06,5.6e-06,5.59e-06,5.6e-06,144858970.0
2026-05-25 01:00:00,5.6e-06,5.6e-06,5.58e-06,5.59e-06,6467101927.0
2026-05-25 01:05:00,5.59e-06,5.6e-06,5.58e-06,5.59e-06,6395899028.0
2026-05-25 01:10:00,5.59e-06,5.6e-06,5.58e-06,5.59e-06,810246243.0
2026-05-25 01:15:00,5.6e-06,5.6e-06,5.59e-06,5.6e-06,427679403.0
2026-05-25 01:20:00,5.6e-06,5.61e-06,5.59e-06,5.6e-06,3347997771.0
2026-05-25 01:25:00,5.61e-06,5.61e-06,5.6e-06,5.6e-06,2497187491.0
2026-05-25 01:30:00,5.6e-06,5.6e-06,5.59e-06,5.6e-06,169143875.0
2026-05-25 01:35:00,5.6e-06,5.6e-06,5.59e-06,5.6e-06,43086998.0
2026-05-25 01:40:00,5.59e-06,5.6e-06,5.58e-06,5.59e-06,4732287771.0
2026-05-25 01:45:00,5.58e-06,5.59e-06,5.58e-06,5.59e-06,833968980.0
2026-05-25 01:50:00,5.58e-06,5.59e-06,5.58e-06,5.58e-06,1002104463.0
2026-05-25 01:55:00,5.57e-06,5.58e-06,5.56e-06,5.56e-06,3522680369.0
2026-05-25 02:00:00,5.57e-06,5.58e-06,5.56e-06,5.58e-06,1285564031.0
2026-05-25 02:05:00,5.58e-06,5.6e-06,5.58e-06,5.6e-06,3705372985.0
2026-05-25 02:10:00,5.6e-06,5.6e-06,5.59e-06,5.59e-06,273388347.0
2026-05-25 02:15:00,5.59e-06,5.6e-06,5.58e-06,5.58e-06,2619695588.0
2026-05-25 02:20:00,5.59e-06,5.59e-06,5.58e-06,5.59e-06,7627659742.0
2026-05-25 02:25:00,5.58e-06,5.59e-06,5.57e-06,5.58e-06,3196812116.0
2026-05-25 02:30:00,5.58e-06,5.58e-06,5.57e-06,5.57e-06,144653313.0
2026-05-25 02:35:00,5.56e-06,5.57e-06,5.56e-06,5.56e-06,1772712529.0
2026-05-25 02:40:00,5.57e-06,5.57e-06,5.56e-06,5.57e-06,7928242100.0
2026-05-25 02:45:00,5.57e-06,5.57e-06,5.56e-06,5.57e-06,187138709.0
2026-05-25 02:50:00,5.57e-06,5.57e-06,5.56e-06,5.57e-06,209623535.0
2026-05-25 02:55:00,5.57e-06,5.57e-06,5.56e-06,5.57e-06,72822482.0
2026-05-25 03:00:00,5.57e-06,5.57e-06,5.56e-06,5.57e-06,2401521480.0
2026-05-25 03:05:00,5.57e-06,5.57e-06,5.55e-06,5.56e-06,1865076159.0
2026-05-25 03:10:00,5.56e-06,5.56e-06,5.55e-06,5.55e-06,311239099.0
2026-05-25 03:15:00,5.56e-06,5.56e-06,5.55e-06,5.55e-06,138483951.0
2026-05-25 03:20:00,5.55e-06,5.56e-06,5.55e-06,5.56e-06,35463420.0
2026-05-25 03:25:00,5.56e-06,5.56e-06,5.55e-06,5.55e-06,248087709.0
2026-05-25 03:30:00,5.56e-06,5.57e-06,5.55e-06,5.57e-06,678441360.0
2026-05-25 03:35:00,5.57e-06,5.57e-06,5.56e-06,5.57e-06,14411897.0
2026-05-25 03:40:00,5.57e-06,5.57e-06,5.57e-06,5.57e-06,47631127.0
2026-05-25 03:45:00,5.56e-06,5.58e-06,5.56e-06,5.58e-06,2563178129.0
2026-05-25 03:50:00,5.57e-06,5.58e-06,5.57e-06,5.57e-06,4090516606.0
2026-05-25 03:55:00,5.58e-06,5.58e-06,5.57e-06,5.57e-06,282374843.0
2026-05-25 04:00:00,5.57e-06,5.58e-06,5.57e-06,5.58e-06,176790068.0
2026-05-25 04:05:00,5.57e-06,5.58e-06,5.56e-06,5.56e-06,809100858.0
2026-05-25 04:10:00,5.57e-06,5.57e-06,5.56e-06,5.57e-06,115442252.0
2026-05-25 04:15:00,5.57e-06,5.57e-06,5.56e-06,5.57e-06,1742847847.0
2026-05-25 04:20:00,5.57e-06,5.57e-06,5.56e-06,5.57e-06,214874175.0
2026-05-25 04:25:00,5.57e-06,5.58e-06,5.57e-06,5.57e-06,1159501837.0
2026-05-25 04:30:00,5.58e-06,5.59e-06,5.58e-06,5.58e-06,2123949333.0
2026-05-25 04:35:00,5.58e-06,5.59e-06,5.58e-06,5.59e-06,53750432.0
2026-05-25 04:40:00,5.58e-06,5.59e-06,5.58e-06,5.59e-06,3201764992.0
2026-05-25 04:45:00,5.59e-06,5.61e-06,5.59e-06,5.61e-06,888637250.0
2026-05-25 04:50:00,5.6e-06,5.61e-06,5.6e-06,5.6e-06,1439925116.0
2026-05-25 04:55:00,5.61e-06,5.61e-06,5.6e-06,5.61e-06,66768464.0
2026-05-25 05:00:00,5.61e-06,5.62e-06,5.6e-06,5.62e-06,2950629652.0
2026-05-25 05:05:00,5.62e-06,5.63e-06,5.61e-06,5.61e-06,2790873892.0
2026-05-25 05:10:00,5.61e-06,5.62e-06,5.61e-06,5.61e-06,352418781.0
2026-05-25 05:15:00,5.61e-06,5.63e-06,5.61e-06,5.62e-06,1875765489.0
2026-05-25 05:20:00,5.63e-06,5.63e-06,5.61e-06,5.62e-06,1379093785.0
2026-05-25 05:25:00,5.61e-06,5.62e-06,5.61e-06,5.61e-06,150950497.0
2026-05-25 05:30:00,5.62e-06,5.63e-06,5.62e-06,5.62e-06,753175604.0
2026-05-25 05:35:00,5.62e-06,5.64e-06,5.62e-06,5.63e-06,1123532573.0
2026-05-25 05:40:00,5.63e-06,5.64e-06,5.63e-06,5.64e-06,705175708.0
2026-05-25 05:45:00,5.64e-06,5.65e-06,5.63e-06,5.65e-06,1165910579.0
2026-05-25 05:50:00,5.64e-06,5.64e-06,5.63e-06,5.64e-06,992701950.0
2026-05-25 05:55:00,5.63e-06,5.64e-06,5.63e-06,5.64e-06,35665204.0
2026-05-25 06:00:00,5.64e-06,5.64e-06,5.63e-06,5.64e-06,1511086129.0
2026-05-25 06:05:00,5.64e-06,5.65e-06,5.63e-06,5.64e-06,6694143037.0
2026-05-25 06:10:00,5.64e-06,5.64e-06,5.63e-06,5.64e-06,1289606632.0
2026-05-25 06:15:00,5.63e-06,5.63e-06,5.62e-06,5.62e-06,4360743359.0
2026-05-25 06:20:00,5.62e-06,5.63e-06,5.62e-06,5.62e-06,5746213722.0
2026-05-25 06:25:00,5.62e-06,5.63e-06,5.62e-06,5.63e-06,61041110.0
2026-05-25 06:30:00,5.63e-06,5.64e-06,5.63e-06,5.63e-06,1999722402.0
2026-05-25 06:35:00,5.64e-06,5.65e-06,5.63e-06,5.64e-06,3236993307.0
2026-05-25 06:40:00,5.63e-06,5.64e-06,5.63e-06,5.64e-06,1352244252.0
2026-05-25 06:45:00,5.64e-06,5.64e-06,5.63e-06,5.63e-06,362392758.0
2026-05-25 06:50:00,5.64e-06,5.64e-06,5.63e-06,5.63e-06,80562080.0
2026-05-25 06:55:00,5.63e-06,5.64e-06,5.63e-06,5.64e-06,243816319.0
2026-05-25 07:00:00,5.64e-06,5.66e-06,5.64e-06,5.65e-06,4419610396.0
2026-05-25 07:05:00,5.66e-06,5.66e-06,5.64e-06,5.65e-06,1752479485.0
2026-05-25 07:10:00,5.64e-06,5.65e-06,5.63e-06,5.64e-06,1908893050.0
2026-05-25 07:15:00,5.64e-06,5.64e-06,5.61e-06,5.62e-06,7359669175.0
2026-05-25 07:20:00,5.61e-06,5.62e-06,5.61e-06,5.62e-06,110752650.0
2026-05-25 07:25:00,5.61e-06,5.62e-06,5.61e-06,5.62e-06,425980738.0
2026-05-25 07:30:00,5.61e-06,5.62e-06,5.6e-06,5.62e-06,1637979217.0
2026-05-25 07:35:00,5.62e-06,5.62e-06,5.61e-06,5.62e-06,71230051.0
2026-05-25 07:40:00,5.61e-06,5.62e-06,5.61e-06,5.61e-06,257329701.0
2026-05-25 07:45:00,5.62e-06,5.62e-06,5.61e-06,5.62e-06,162902534.0
2026-05-25 07:50:00,5.62e-06,5.63e-06,5.62e-06,5.63e-06,2096313137.0
2026-05-25 07:55:00,5.62e-06,5.63e-06,5.62e-06,5.63e-06,1885970419.0
2026-05-25 08:00:00,5.62e-06,5.63e-06,5.62e-06,5.62e-06,347243141.0
2026-05-25 08:05:00,5.62e-06,5.63e-06,5.62e-06,5.63e-06,120288496.0
2026-05-25 08:10:00,5.62e-06,5.63e-06,5.61e-06,5.62e-06,1028379831.0
2026-05-25 08:15:00,5.61e-06,5.62e-06,5.61e-06,5.61e-06,325177516.0
2026-05-25 08:20:00,5.61e-06,5.62e-06,5.61e-06,5.62e-06,62708359.0
2026-05-25 08:25:00,5.62e-06,5.62e-06,5.61e-06,5.62e-06,4155123668.0
2026-05-25 08:30:00,5.62e-06,5.63e-06,5.61e-06,5.62e-06,1136436876.0
2026-05-25 08:35:00,5.63e-06,5.63e-06,5.62e-06,5.62e-06,3368028705.0
2026-05-25 08:40:00,5.62e-06,5.64e-06,5.62e-06,5.62e-06,1874701692.0
2026-05-25 08:45:00,5.62e-06,5.64e-06,5.62e-06,5.64e-06,3014851384.0
2026-05-25 08:50:00,5.64e-06,5.64e-06,5.63e-06,5.63e-06,224221812.0
2026-05-25 08:55:00,5.64e-06,5.64e-06,5.63e-06,5.64e-06,67229202.0
2026-05-25 09:00:00,5.64e-06,5.64e-06,5.63e-06,5.63e-06,234676154.0
2026-05-25 09:05:00,5.63e-06,5.64e-06,5.63e-06,5.63e-06,217326400.0
2026-05-25 09:10:00,5.64e-06,5.64e-06,5.63e-06,5.63e-06,1096523044.0
2026-05-25 09:15:00,5.63e-06,5.64e-06,5.63e-06,5.63e-06,646719397.0
2026-05-25 09:20:00,5.63e-06,5.64e-06,5.62e-06,5.64e-06,5181248351.0
2026-05-25 09:25:00,5.63e-06,5.64e-06,5.63e-06,5.64e-06,187815928.0
2026-05-25 09:30:00,5.64e-06,5.65e-06,5.63e-06,5.63e-06,1467889142.0
2026-05-25 09:35:00,5.64e-06,5.64e-06,5.63e-06,5.63e-06,109185118.0
2026-05-25 09:40:00,5.64e-06,5.64e-06,5.63e-06,5.64e-06,32648503.0
2026-05-25 09:45:00,5.64e-06,5.64e-06,5.63e-06,5.63e-06,43396857.0
2026-05-25 09:50:00,5.63e-06,5.64e-06,5.63e-06,5.64e-06,16124560.0
2026-05-25 09:55:00,5.64e-06,5.64e-06,5.63e-06,5.63e-06,234859316.0
2026-05-25 10:00:00,5.64e-06,5.64e-06,5.63e-06,5.64e-06,1813815990.0
2026-05-25 10:05:00,5.63e-06,5.64e-06,5.63e-06,5.64e-06,134906706.0
2026-05-25 10:10:00,5.63e-06,5.64e-06,5.63e-06,5.63e-06,759916445.0
2026-05-25 10:15:00,5.63e-06,5.65e-06,5.63e-06,5.65e-06,2322561390.0
2026-05-25 10:20:00,5.64e-06,5.64e-06,5.63e-06,5.64e-06,1113134244.0
2026-05-25 10:25:00,5.63e-06,5.64e-06,5.63e-06,5.63e-06,239002540.0
2026-05-25 10:30:00,5.64e-06,5.64e-06,5.63e-06,5.63e-06,343680786.0
2026-05-25 10:35:00,5.64e-06,5.64e-06,5.63e-06,5.63e-06,798943438.0
2026-05-25 10:40:00,5.64e-06,5.64e-06,5.63e-06,5.64e-06,38676928.0
2026-05-25 10:45:00,5.64e-06,5.65e-06,5.63e-06,5.65e-06,484422883.0
2026-05-25 10:50:00,5.64e-06,5.65e-06,5.64e-06,5.64e-06,2145450122.0
2026-05-25 10:55:00,5.64e-06,5.65e-06,5.64e-06,5.65e-06,75451120.0
2026-05-25 11:00:00,5.64e-06,5.65e-06,5.64e-06,5.65e-06,2093653595.0
2026-05-25 11:05:00,5.64e-06,5.65e-06,5.64e-06,5.65e-06,151902064.0
2026-05-25 11:10:00,5.64e-06,5.65e-06,5.64e-06,5.65e-06,58958133.0
2026-05-25 11:15:00,5.64e-06,5.65e-06,5.63e-06,5.63e-06,1657736532.0
2026-05-25 11:20:00,5.64e-06,5.64e-06,5.63e-06,5.63e-06,71960894.0
2026-05-25 11:25:00,5.64e-06,5.64e-06,5.63e-06,5.64e-06,151960305.0
2026-05-25 11:30:00,5.63e-06,5.64e-06,5.63e-06,5.64e-06,165874533.0
2026-05-25 11:35:00,5.64e-06,5.64e-06,5.63e-06,5.63e-06,842344751.0
2026-05-25 11:40:00,5.64e-06,5.64e-06,5.63e-06,5.63e-06,2683777305.0
2026-05-25 11:45:00,5.63e-06,5.64e-06,5.62e-06,5.63e-06,6844257139.0
2026-05-25 11:50:00,5.63e-06,5.63e-06,5.61e-06,5.62e-06,2032787455.0
2026-05-25 11:55:00,5.62e-06,5.62e-06,5.61e-06,5.62e-06,99378047.0
2026-05-25 12:00:00,5.61e-06,5.62e-06,5.6e-06,5.62e-06,1956997441.0
2026-05-25 12:05:00,5.62e-06,5.62e-06,5.61e-06,5.62e-06,188470346.0
2026-05-25 12:10:00,5.62e-06,5.62e-06,5.61e-06,5.61e-06,380196212.0
2026-05-25 12:15:00,5.61e-06,5.63e-06,5.61e-06,5.62e-06,6338022115.0
2026-05-25 12:20:00,5.61e-06,5.62e-06,5.61e-06,5.62e-06,835958367.0
2026-05-25 12:25:00,5.62e-06,5.62e-06,5.61e-06,5.61e-06,2603875537.0
2026-05-25 12:30:00,5.62e-06,5.63e-06,5.62e-06,5.62e-06,760635144.0
2026-05-25 12:35:00,5.63e-06,5.63e-06,5.62e-06,5.62e-06,112650291.0
2026-05-25 12:40:00,5.63e-06,5.63e-06,5.62e-06,5.63e-06,240204732.0
2026-05-25 12:45:00,5.62e-06,5.63e-06,5.62e-06,5.62e-06,857151083.0
2026-05-25 12:50:00,5.62e-06,5.63e-06,5.61e-06,5.63e-06,1863342834.0
2026-05-25 12:55:00,5.63e-06,5.63e-06,5.61e-06,5.62e-06,3461299376.0
2026-05-25 13:00:00,5.61e-06,5.63e-06,5.61e-06,5.63e-06,3633679421.0
2026-05-25 13:05:00,5.63e-06,5.63e-06,5.62e-06,5.63e-06,75454596.0
2026-05-25 13:10:00,5.62e-06,5.63e-06,5.61e-06,5.61e-06,1198307101.0
2026-05-25 13:15:00,5.62e-06,5.62e-06,5.61e-06,5.61e-06,90688537.0
2026-05-25 13:20:00,5.61e-06,5.62e-06,5.61e-06,5.61e-06,111441853.0
2026-05-25 13:25:00,5.61e-06,5.62e-06,5.61e-06,5.62e-06,176806299.0
2026-05-25 13:30:00,5.61e-06,5.62e-06,5.61e-06,5.62e-06,1014234518.0
2026-05-25 13:35:00,5.61e-06,5.62e-06,5.61e-06,5.61e-06,95379891.0
2026-05-25 13:40:00,5.62e-06,5.62e-06,5.62e-06,5.62e-06,18170128.0
2026-05-25 13:45:00,5.61e-06,5.62e-06,5.61e-06,5.62e-06,763282695.0
2026-05-25 13:50:00,5.62e-06,5.63e-06,5.62e-06,5.63e-06,139462232.0
2026-05-25 13:55:00,5.63e-06,5.63e-06,5.62e-06,5.62e-06,152462152.0
2026-05-25 14:00:00,5.63e-06,5.64e-06,5.62e-06,5.63e-06,1942924096.0
2026-05-25 14:05:00,5.64e-06,5.64e-06,5.63e-06,5.63e-06,2215868619.0
2026-05-25 14:10:00,5.64e-06,5.65e-06,5.63e-06,5.63e-06,3354812399.0
2026-05-25 14:15:00,5.64e-06,5.64e-06,5.63e-06,5.64e-06,208462279.0
2026-05-25 14:20:00,5.64e-06,5.64e-06,5.63e-06,5.64e-06,1941527874.0
2026-05-25 14:25:00,5.63e-06,5.65e-06,5.63e-06,5.64e-06,1090471327.0
2026-05-25 14:30:00,5.65e-06,5.65e-06,5.63e-06,5.63e-06,3379813045.0
2026-05-25 14:35:00,5.64e-06,5.65e-06,5.63e-06,5.64e-06,32721677701.0
2026-05-25 14:40:00,5.64e-06,5.64e-06,5.63e-06,5.64e-06,4530099650.0
2026-05-25 14:45:00,5.64e-06,5.65e-06,5.63e-06,5.64e-06,693125278.0
2026-05-25 14:50:00,5.64e-06,5.65e-06,5.64e-06,5.65e-06,336794838.0
2026-05-25 14:55:00,5.64e-06,5.65e-06,5.64e-06,5.64e-06,981477693.0
2026-05-25 15:00:00,5.65e-06,5.66e-06,5.65e-06,5.65e-06,1775476447.0
2026-05-25 15:05:00,5.65e-06,5.66e-06,5.65e-06,5.65e-06,2757273791.0
2026-05-25 15:10:00,5.65e-06,5.67e-06,5.65e-06,5.66e-06,5798259623.0
2026-05-25 15:15:00,5.65e-06,5.66e-06,5.64e-06,5.64e-06,5792513720.0
2026-05-25 15:20:00,5.65e-06,5.65e-06,5.63e-06,5.64e-06,1651338819.0
2026-05-25 15:25:00,5.64e-06,5.65e-06,5.63e-06,5.64e-06,750594177.0
2026-05-25 15:30:00,5.64e-06,5.64e-06,5.63e-06,5.64e-06,4004416827.0
2026-05-25 15:35:00,5.64e-06,5.64e-06,5.63e-06,5.63e-06,132073742.0
2026-05-25 15:40:00,5.64e-06,5.64e-06,5.63e-06,5.64e-06,1242945717.0
2026-05-25 15:45:00,5.64e-06,5.64e-06,5.63e-06,5.63e-06,1766347667.0
2026-05-25 15:50:00,5.63e-06,5.63e-06,5.62e-06,5.63e-06,649158169.0
2026-05-25 15:55:00,5.62e-06,5.64e-06,5.62e-06,5.63e-06,1076134782.0
2026-05-25 16:00:00,5.64e-06,5.64e-06,5.62e-06,5.63e-06,1309818490.0
2026-05-25 16:05:00,5.64e-06,5.64e-06,5.62e-06,5.63e-06,918357984.0
2026-05-25 16:10:00,5.62e-06,5.63e-06,5.61e-06,5.61e-06,1681473568.0
2026-05-25 16:15:00,5.61e-06,5.63e-06,5.61e-06,5.61e-06,3059957019.0
2026-05-25 16:20:00,5.62e-06,5.63e-06,5.61e-06,5.62e-06,2931502789.0
2026-05-25 16:25:00,5.62e-06,5.63e-06,5.62e-06,5.62e-06,557117592.0
2026-05-25 16:30:00,5.63e-06,5.63e-06,5.61e-06,5.62e-06,2574176300.0
2026-05-25 16:35:00,5.62e-06,5.63e-06,5.62e-06,5.63e-06,1062824776.0
2026-05-25 16:40:00,5.63e-06,5.63e-06,5.62e-06,5.62e-06,326046585.0
2026-05-25 16:45:00,5.62e-06,5.65e-06,5.62e-06,5.64e-06,3330863117.0
2026-05-25 16:50:00,5.63e-06,5.64e-06,5.62e-06,5.63e-06,1081415757.0
2026-05-25 16:55:00,5.63e-06,5.63e-06,5.62e-06,5.63e-06,118815334.0
2026-05-25 17:00:00,5.63e-06,5.64e-06,5.63e-06,5.63e-06,479353882.0
2026-05-25 17:05:00,5.63e-06,5.65e-06,5.63e-06,5.65e-06,884018311.0
2026-05-25 17:10:00,5.64e-06,5.65e-06,5.64e-06,5.64e-06,157052907.0
2026-05-25 17:15:00,5.64e-06,5.65e-06,5.63e-06,5.65e-06,3636301399.0
2026-05-25 17:20:00,5.64e-06,5.66e-06,5.64e-06,5.66e-06,640993622.0
2026-05-25 17:25:00,5.66e-06,5.66e-06,5.65e-06,5.66e-06,782007898.0
2026-05-25 17:30:00,5.66e-06,5.66e-06,5.64e-06,5.65e-06,847423744.0
2026-05-25 17:35:00,5.65e-06,5.65e-06,5.64e-06,5.64e-06,1146249128.0
2026-05-25 17:40:00,5.65e-06,5.65e-06,5.64e-06,5.65e-06,572748655.0
2026-05-25 17:45:00,5.64e-06,5.66e-06,5.64e-06,5.65e-06,2507893997.0
2026-05-25 17:50:00,5.65e-06,5.65e-06,5.64e-06,5.64e-06,824520537.0
2026-05-25 17:55:00,5.65e-06,5.65e-06,5.64e-06,5.65e-06,407903813.0
2026-05-25 18:00:00,5.65e-06,5.66e-06,5.64e-06,5.66e-06,1708742102.0
2026-05-25 18:05:00,5.66e-06,5.66e-06,5.65e-06,5.65e-06,413628414.0
2026-05-25 18:10:00,5.66e-06,5.66e-06,5.64e-06,5.65e-06,2753706681.0
2026-05-25 18:15:00,5.64e-06,5.65e-06,5.64e-06,5.65e-06,516884699.0
2026-05-25 18:20:00,5.65e-06,5.65e-06,5.63e-06,5.64e-06,969963392.0
2026-05-25 18:25:00,5.64e-06,5.65e-06,5.64e-06,5.65e-06,567285323.0
2026-05-25 18:30:00,5.65e-06,5.65e-06,5.63e-06,5.64e-06,1640748666.0
2026-05-25 18:35:00,5.64e-06,5.64e-06,5.63e-06,5.64e-06,61035312.0
2026-05-25 18:40:00,5.63e-06,5.64e-06,5.63e-06,5.64e-06,154214080.0
2026-05-25 18:45:00,5.64e-06,5.64e-06,5.63e-06,5.63e-06,928228816.0
2026-05-25 18:50:00,5.64e-06,5.64e-06,5.63e-06,5.63e-06,231126643.0
2026-05-25 18:55:00,5.63e-06,5.63e-06,5.62e-06,5.63e-06,1035553811.0
2026-05-25 19:00:00,5.62e-06,5.63e-06,5.61e-06,5.61e-06,2405273355.0
2026-05-25 19:05:00,5.62e-06,5.62e-06,5.61e-06,5.61e-06,178957354.0
2026-05-25 19:10:00,5.62e-06,5.62e-06,5.61e-06,5.62e-06,141875944.0
2026-05-25 19:15:00,5.61e-06,5.62e-06,5.61e-06,5.62e-06,329512187.0
2026-05-25 19:20:00,5.62e-06,5.63e-06,5.61e-06,5.63e-06,1476083721.0
2026-05-25 19:25:00,5.62e-06,5.63e-06,5.62e-06,5.62e-06,2827486832.0
2026-05-25 19:30:00,5.62e-06,5.63e-06,5.6e-06,5.6e-06,1834709753.0
2026-05-25 19:35:00,5.6e-06,5.61e-06,5.59e-06,5.59e-06,5354847638.0
2026-05-25 19:40:00,5.6e-06,5.61e-06,5.6e-06,5.6e-06,1165044248.0
2026-05-25 19:45:00,5.6e-06,5.61e-06,5.6e-06,5.6e-06,476256797.0
2026-05-25 19:50:00,5.61e-06,5.61e-06,5.6e-06,5.61e-06,494741342.0
2026-05-25 19:55:00,5.6e-06,5.61e-06,5.6e-06,5.61e-06,381174288.0
2026-05-25 20:00:00,5.61e-06,5.62e-06,5.61e-06,5.62e-06,2040673819.0
2026-05-25 20:05:00,5.62e-06,5.62e-06,5.61e-06,5.62e-06,168676514.0
2026-05-25 20:10:00,5.61e-06,5.62e-06,5.61e-06,5.61e-06,111222886.0
2026-05-25 20:15:00,5.61e-06,5.62e-06,5.61e-06,5.62e-06,254414560.0
2026-05-25 20:20:00,5.62e-06,5.62e-06,5.61e-06,5.62e-06,402417287.0
2026-05-25 20:25:00,5.62e-06,5.62e-06,5.6e-06,5.6e-06,1281914885.0
2026-05-25 20:30:00,5.61e-06,5.62e-06,5.6e-06,5.6e-06,1270165888.0
2026-05-25 20:35:00,5.6e-06,5.6e-06,5.59e-06,5.6e-06,569830783.0
2026-05-25 20:40:00,5.59e-06,5.6e-06,5.57e-06,5.59e-06,5282914762.0
2026-05-25 20:45:00,5.58e-06,5.6e-06,5.58e-06,5.59e-06,1161217220.0
2026-05-25 20:50:00,5.59e-06,5.6e-06,5.59e-06,5.6e-06,349313293.0
2026-05-25 20:55:00,5.6e-06,5.61e-06,5.59e-06,5.6e-06,2364924759.0
2026-05-25 21:00:00,5.6e-06,5.6e-06,5.59e-06,5.59e-06,102615310.0
2026-05-25 21:05:00,5.6e-06,5.6e-06,5.59e-06,5.6e-06,306706996.0
2026-05-25 21:10:00,5.6e-06,5.6e-06,5.58e-06,5.59e-06,3015012994.0
2026-05-25 21:15:00,5.59e-06,5.59e-06,5.58e-06,5.59e-06,1058611419.0
2026-05-25 21:20:00,5.58e-06,5.59e-06,5.58e-06,5.59e-06,192574924.0
2026-05-25 21:25:00,5.58e-06,5.59e-06,5.58e-06,5.59e-06,210403324.0
2026-05-25 21:30:00,5.59e-06,5.59e-06,5.58e-06,5.59e-06,63545135.0
2026-05-25 21:35:00,5.58e-06,5.59e-06,5.57e-06,5.58e-06,3968445947.0
2026-05-25 21:40:00,5.58e-06,5.59e-06,5.57e-06,5.57e-06,1706486877.0
2026-05-25 21:45:00,5.57e-06,5.58e-06,5.57e-06,5.58e-06,127008234.0
2026-05-25 21:50:00,5.58e-06,5.58e-06,5.57e-06,5.58e-06,1694171916.0
2026-05-25 21:55:00,5.58e-06,5.59e-06,5.57e-06,5.58e-06,2636613088.0
2026-05-25 22:00:00,5.58e-06,5.58e-06,5.56e-06,5.57e-06,2798392302.0
2026-05-25 22:05:00,5.57e-06,5.58e-06,5.57e-06,5.58e-06,1992954476.0
2026-05-25 22:10:00,5.57e-06,5.58e-06,5.57e-06,5.58e-06,149030424.0
2026-05-25 22:15:00,5.58e-06,5.58e-06,5.57e-06,5.58e-06,2400264392.0
2026-05-25 22:20:00,5.58e-06,5.58e-06,5.57e-06,5.58e-06,394330901.0
2026-05-25 22:25:00,5.58e-06,5.58e-06,5.56e-06,5.57e-06,1087424873.0
2026-05-25 22:30:00,5.56e-06,5.56e-06,5.54e-06,5.55e-06,3788106061.0
2026-05-25 22:35:00,5.54e-06,5.56e-06,5.53e-06,5.56e-06,7071724910.0
2026-05-25 22:40:00,5.56e-06,5.56e-06,5.55e-06,5.56e-06,1529432813.0
2026-05-25 22:45:00,5.56e-06,5.56e-06,5.55e-06,5.56e-06,2197223220.0
2026-05-25 22:50:00,5.56e-06,5.56e-06,5.55e-06,5.55e-06,1335781366.0
2026-05-25 22:55:00,5.55e-06,5.55e-06,5.54e-06,5.55e-06,1711507494.0
2026-05-25 23:00:00,5.54e-06,5.55e-06,5.53e-06,5.55e-06,4571709289.0
2026-05-25 23:05:00,5.55e-06,5.56e-06,5.55e-06,5.56e-06,4210181580.0
2026-05-25 23:10:00,5.55e-06,5.56e-06,5.55e-06,5.56e-06,336956496.0
2026-05-25 23:15:00,5.56e-06,5.56e-06,5.55e-06,5.56e-06,836666999.0
2026-05-25 23:20:00,5.55e-06,5.56e-06,5.55e-06,5.55e-06,119719470.0
2026-05-25 23:25:00,5.55e-06,5.56e-06,5.55e-06,5.56e-06,104326728.0
2026-05-25 23:30:00,5.55e-06,5.57e-06,5.55e-06,5.56e-06,854875428.0
2026-05-25 23:35:00,5.57e-06,5.57e-06,5.56e-06,5.56e-06,1866411049.0
2026-05-25 23:40:00,5.56e-06,5.57e-06,5.55e-06,5.56e-06,1370592302.0
2026-05-25 23:45:00,5.55e-06,5.56e-06,5.55e-06,5.55e-06,211255344.0
2026-05-25 23:50:00,5.56e-06,5.56e-06,5.55e-06,5.56e-06,1295466966.0
2026-05-25 23:55:00,5.55e-06,5.56e-06,5.55e-06,5.56e-06,1381814252.0
2026-05-26 00:00:00,5.56e-06,5.57e-06,5.55e-06,5.56e-06,3011395665.0
2026-05-26 00:05:00,5.56e-06,5.56e-06,5.55e-06,5.55e-06,100606255.0
2026-05-26 00:10:00,5.56e-06,5.56e-06,5.55e-06,5.56e-06,841920050.0
2026-05-26 00:15:00,5.55e-06,5.56e-06,5.54e-06,5.54e-06,3821055979.0
2026-05-26 00:20:00,5.54e-06,5.55e-06,5.54e-06,5.55e-06,309855106.0
2026-05-26 00:25:00,5.55e-06,5.56e-06,5.54e-06,5.55e-06,885291902.0
2026-05-26 00:30:00,5.55e-06,5.56e-06,5.54e-06,5.54e-06,1328617874.0
2026-05-26 00:35:00,5.54e-06,5.54e-06,5.52e-06,5.54e-06,8351395584.0
2026-05-26 00:40:00,5.53e-06,5.53e-06,5.52e-06,5.53e-06,893995249.0
2026-05-26 00:45:00,5.53e-06,5.54e-06,5.52e-06,5.52e-06,2995470405.0
2026-05-26 00:50:00,5.52e-06,5.53e-06,5.5e-06,5.52e-06,5814872518.0
2026-05-26 00:55:00,5.51e-06,5.53e-06,5.51e-06,5.52e-06,1398827508.0
2026-05-26 01:00:00,5.52e-06,5.52e-06,5.51e-06,5.51e-06,4093138695.0
2026-05-26 01:05:00,5.51e-06,5.52e-06,5.5e-06,5.52e-06,1328450147.0
2026-05-26 01:10:00,5.51e-06,5.53e-06,5.5e-06,5.53e-06,8202387739.0
2026-05-26 01:15:00,5.52e-06,5.53e-06,5.51e-06,5.52e-06,1864838833.0
2026-05-26 01:20:00,5.53e-06,5.53e-06,5.51e-06,5.52e-06,2244008781.0
2026-05-26 01:25:00,5.51e-06,5.52e-06,5.5e-06,5.52e-06,9019527700.0
2026-05-26 01:30:00,5.51e-06,5.52e-06,5.49e-06,5.49e-06,8009580348.0
2026-05-26 01:35:00,5.49e-06,5.5e-06,5.49e-06,5.5e-06,3433760167.0
2026-05-26 01:40:00,5.5e-06,5.5e-06,5.49e-06,5.49e-06,1286090061.0
2026-05-26 01:45:00,5.49e-06,5.5e-06,5.49e-06,5.5e-06,7884302118.0
2026-05-26 01:50:00,5.5e-06,5.51e-06,5.49e-06,5.51e-06,804249967.0
2026-05-26 01:55:00,5.51e-06,5.51e-06,5.5e-06,5.51e-06,921531573.0
2026-05-26 02:00:00,5.51e-06,5.51e-06,5.49e-06,5.5e-06,733515021.0
2026-05-26 02:05:00,5.5e-06,5.51e-06,5.5e-06,5.5e-06,1177570015.0
2026-05-26 02:10:00,5.49e-06,5.51e-06,5.49e-06,5.51e-06,1900116212.0
2026-05-26 02:15:00,5.5e-06,5.51e-06,5.5e-06,5.51e-06,770648990.0
2026-05-26 02:20:00,5.51e-06,5.52e-06,5.5e-06,5.52e-06,723500222.0
2026-05-26 02:25:00,5.52e-06,5.52e-06,5.5e-06,5.51e-06,948873162.0
2026-05-26 02:30:00,5.51e-06,5.52e-06,5.51e-06,5.52e-06,1490965728.0
2026-05-26 02:35:00,5.52e-06,5.52e-06,5.5e-06,5.51e-06,1962779200.0
2026-05-26 02:40:00,5.51e-06,5.51e-06,5.5e-06,5.5e-06,157363008.0
2026-05-26 02:45:00,5.5e-06,5.52e-06,5.5e-06,5.51e-06,1630544852.0
2026-05-26 02:50:00,5.51e-06,5.52e-06,5.51e-06,5.52e-06,225911332.0
2026-05-26 02:55:00,5.51e-06,5.52e-06,5.5e-06,5.51e-06,1299182232.0
2026-05-26 03:00:00,5.51e-06,5.51e-06,5.5e-06,5.5e-06,1285000137.0
2026-05-26 03:05:00,5.5e-06,5.51e-06,5.49e-06,5.49e-06,1702066586.0
2026-05-26 03:10:00,5.5e-06,5.5e-06,5.49e-06,5.5e-06,187153689.0
2026-05-26 03:15:00,5.49e-06,5.51e-06,5.49e-06,5.51e-06,2967947007.0
2026-05-26 03:20:00,5.5e-06,5.51e-06,5.5e-06,5.5e-06,1453498062.0
2026-05-26 03:25:00,5.51e-06,5.51e-06,5.5e-06,5.5e-06,3011126695.0
2026-05-26 03:30:00,5.5e-06,5.52e-06,5.5e-06,5.52e-06,941178100.0
2026-05-26 03:35:00,5.51e-06,5.52e-06,5.51e-06,5.52e-06,319007862.0
2026-05-26 03:40:00,5.52e-06,5.52e-06,5.5e-06,5.51e-06,627657582.0
2026-05-26 03:45:00,5.51e-06,5.51e-06,5.5e-06,5.51e-06,48054067.0
2026-05-26 03:50:00,5.51e-06,5.51e-06,5.5e-06,5.51e-06,52331531.0
2026-05-26 03:55:00,5.51e-06,5.51e-06,5.5e-06,5.51e-06,113749555.0
2026-05-26 04:00:00,5.51e-06,5.52e-06,5.5e-06,5.51e-06,1468810512.0
2026-05-26 04:05:00,5.52e-06,5.52e-06,5.5e-06,5.52e-06,473373320.0
2026-05-26 04:10:00,5.51e-06,5.52e-06,5.51e-06,5.52e-06,475806167.0
2026-05-26 04:15:00,5.52e-06,5.53e-06,5.51e-06,5.52e-06,2945566887.0
2026-05-26 04:20:00,5.52e-06,5.54e-06,5.51e-06,5.54e-06,1097045067.0
2026-05-26 04:25:00,5.53e-06,5.54e-06,5.53e-06,5.54e-06,2165488594.0
2026-05-26 04:30:00,5.54e-06,5.54e-06,5.53e-06,5.53e-06,190765707.0
2026-05-26 04:35:00,5.54e-06,5.54e-06,5.53e-06,5.54e-06,1323652136.0
2026-05-26 04:40:00,5.54e-06,5.54e-06,5.53e-06,5.53e-06,106791027.0
2026-05-26 04:45:00,5.54e-06,5.54e-06,5.53e-06,5.53e-06,268033891.0
2026-05-26 04:50:00,5.53e-06,5.54e-06,5.52e-06,5.54e-06,3799593704.0
2026-05-26 04:55:00,5.54e-06,5.55e-06,5.53e-06,5.54e-06,491889605.0
2026-05-26 05:00:00,5.53e-06,5.54e-06,5.53e-06,5.54e-06,129489540.0
2026-05-26 05:05:00,5.54e-06,5.55e-06,5.53e-06,5.54e-06,1110519522.0
2026-05-26 05:10:00,5.53e-06,5.55e-06,5.53e-06,5.55e-06,552356154.0
2026-05-26 05:15:00,5.54e-06,5.55e-06,5.54e-06,5.55e-06,104026636.0
2026-05-26 05:20:00,5.55e-06,5.56e-06,5.55e-06,5.56e-06,1520564849.0
2026-05-26 05:25:00,5.56e-06,5.56e-06,5.55e-06,5.56e-06,658383113.0
2026-05-26 05:30:00,5.56e-06,5.56e-06,5.55e-06,5.55e-06,234308954.0
2026-05-26 05:35:00,5.56e-06,5.57e-06,5.55e-06,5.56e-06,1455539731.0
2026-05-26 05:40:00,5.56e-06,5.56e-06,5.55e-06,5.55e-06,327039919.0
2026-05-26 05:45:00,5.56e-06,5.56e-06,5.54e-06,5.55e-06,729174633.0
2026-05-26 05:50:00,5.55e-06,5.55e-06,5.54e-06,5.55e-06,326649183.0
2026-05-26 05:55:00,5.55e-06,5.56e-06,5.54e-06,5.56e-06,835832561.0
2026-05-26 06:00:00,5.55e-06,5.55e-06,5.54e-06,5.55e-06,979673659.0
2026-05-26 06:05:00,5.56e-06,5.56e-06,5.55e-06,5.56e-06,7428807661.0
2026-05-26 06:10:00,5.55e-06,5.56e-06,5.55e-06,5.56e-06,198597980.0
2026-05-26 06:15:00,5.55e-06,5.56e-06,5.55e-06,5.56e-06,4934407332.0
2026-05-26 06:20:00,5.56e-06,5.56e-06,5.55e-06,5.55e-06,6317568942.0
2026-05-26 06:25:00,5.55e-06,5.56e-06,5.55e-06,5.55e-06,2080580253.0
2026-05-26 06:30:00,5.55e-06,5.56e-06,5.54e-06,5.55e-06,748354557.0
2026-05-26 06:35:00,5.55e-06,5.56e-06,5.55e-06,5.56e-06,2482913826.0
2026-05-26 06:40:00,5.56e-06,5.57e-06,5.55e-06,5.56e-06,4280783455.0
2026-05-26 06:45:00,5.56e-06,5.57e-06,5.55e-06,5.55e-06,755892948.0
2026-05-26 06:50:00,5.56e-06,5.57e-06,5.56e-06,5.56e-06,734322406.0
2026-05-26 06:55:00,5.56e-06,5.57e-06,5.55e-06,5.55e-06,1202379940.0
2026-05-26 07:00:00,5.56e-06,5.56e-06,5.55e-06,5.55e-06,3457756846.0
2026-05-26 07:05:00,5.55e-06,5.56e-06,5.55e-06,5.55e-06,538098346.0
2026-05-26 07:10:00,5.54e-06,5.55e-06,5.54e-06,5.54e-06,2457333465.0
2026-05-26 07:15:00,5.55e-06,5.55e-06,5.53e-06,5.55e-06,7576537624.0
2026-05-26 07:20:00,5.55e-06,5.55e-06,5.54e-06,5.54e-06,166068558.0
2026-05-26 07:25:00,5.55e-06,5.55e-06,5.54e-06,5.54e-06,51614692.0
2026-05-26 07:30:00,5.54e-06,5.55e-06,5.52e-06,5.53e-06,4556908881.0
2026-05-26 07:35:00,5.53e-06,5.53e-06,5.52e-06,5.53e-06,2045495634.0
2026-05-26 07:40:00,5.52e-06,5.54e-06,5.52e-06,5.53e-06,3501670442.0
2026-05-26 07:45:00,5.53e-06,5.55e-06,5.53e-06,5.54e-06,1111687788.0
2026-05-26 07:50:00,5.55e-06,5.55e-06,5.54e-06,5.55e-06,571344910.0
2026-05-26 07:55:00,5.55e-06,5.55e-06,5.53e-06,5.54e-06,3813925641.0
2026-05-26 08:00:00,5.54e-06,5.54e-06,5.53e-06,5.53e-06,1043603416.0
2026-05-26 08:05:00,5.53e-06,5.54e-06,5.53e-06,5.54e-06,1155754837.0
2026-05-26 08:10:00,5.54e-06,5.54e-06,5.54e-06,5.54e-06,158119823.0
2026-05-26 08:15:00,5.54e-06,5.55e-06,5.53e-06,5.54e-06,738231018.0
2026-05-26 08:20:00,5.55e-06,5.55e-06,5.54e-06,5.55e-06,727125621.0
2026-05-26 08:25:00,5.55e-06,5.55e-06,5.54e-06,5.54e-06,292751614.0
2026-05-26 08:30:00,5.55e-06,5.55e-06,5.54e-06,5.54e-06,941658741.0
2026-05-26 08:35:00,5.53e-06,5.55e-06,5.53e-06,5.54e-06,531011220.0
2026-05-26 08:40:00,5.55e-06,5.55e-06,5.54e-06,5.55e-06,186350171.0
2026-05-26 08:45:00,5.55e-06,5.55e-06,5.54e-06,5.55e-06,93481680.0
2026-05-26 08:50:00,5.55e-06,5.55e-06,5.53e-06,5.54e-06,258833635.0
2026-05-26 08:55:00,5.55e-06,5.55e-06,5.54e-06,5.54e-06,136416204.0
2026-05-26 09:00:00,5.54e-06,5.55e-06,5.54e-06,5.55e-06,373064884.0
2026-05-26 09:05:00,5.55e-06,5.55e-06,5.54e-06,5.54e-06,293291237.0
2026-05-26 09:10:00,5.55e-06,5.55e-06,5.54e-06,5.55e-06,144348500.0
2026-05-26 09:15:00,5.55e-06,5.56e-06,5.54e-06,5.56e-06,1231116732.0
2026-05-26 09:20:00,5.56e-06,5.56e-06,5.55e-06,5.55e-06,1766194734.0
2026-05-26 09:25:00,5.55e-06,5.56e-06,5.55e-06,5.55e-06,1275030224.0
2026-05-26 09:30:00,5.55e-06,5.56e-06,5.55e-06,5.56e-06,139437040.0
2026-05-26 09:35:00,5.56e-06,5.56e-06,5.55e-06,5.56e-06,237679043.0
2026-05-26 09:40:00,5.56e-06,5.56e-06,5.54e-06,5.55e-06,1287844963.0
2026-05-26 09:45:00,5.56e-06,5.56e-06,5.54e-06,5.54e-06,1205715135.0
2026-05-26 09:50:00,5.55e-06,5.55e-06,5.54e-06,5.55e-06,235765557.0
2026-05-26 09:55:00,5.54e-06,5.55e-06,5.54e-06,5.54e-06,230920790.0
2026-05-26 10:00:00,5.55e-06,5.56e-06,5.55e-06,5.55e-06,1915192050.0
2026-05-26 10:05:00,5.55e-06,5.55e-06,5.54e-06,5.55e-06,23834018.0
2026-05-26 10:10:00,5.55e-06,5.56e-06,5.55e-06,5.56e-06,600472684.0
2026-05-26 10:15:00,5.55e-06,5.59e-06,5.55e-06,5.59e-06,4103070854.0
2026-05-26 10:20:00,5.58e-06,5.59e-06,5.57e-06,5.59e-06,4362044936.0
2026-05-26 10:25:00,5.58e-06,5.61e-06,5.58e-06,5.61e-06,3700767610.0
2026-05-26 10:30:00,5.6e-06,5.61e-06,5.6e-06,5.6e-06,11193944791.0
2026-05-26 10:35:00,5.6e-06,5.62e-06,5.6e-06,5.61e-06,1463819307.0
2026-05-26 10:40:00,5.62e-06,5.62e-06,5.61e-06,5.62e-06,3865607866.0
2026-05-26 10:45:00,5.61e-06,5.63e-06,5.61e-06,5.63e-06,3455814184.0
2026-05-26 10:50:00,5.63e-06,5.63e-06,5.61e-06,5.62e-06,5513882250.0
2026-05-26 10:55:00,5.62e-06,5.63e-06,5.61e-06,5.62e-06,6441923502.0
2026-05-26 11:00:00,5.62e-06,5.62e-06,5.61e-06,5.62e-06,578086101.0
2026-05-26 11:05:00,5.61e-06,5.62e-06,5.6e-06,5.61e-06,3050076159.0
2026-05-26 11:10:00,5.61e-06,5.61e-06,5.6e-06,5.6e-06,918774843.0
2026-05-26 11:15:00,5.6e-06,5.61e-06,5.59e-06,5.6e-06,2601476747.0
2026-05-26 11:20:00,5.6e-06,5.61e-06,5.6e-06,5.6e-06,2237369779.0
2026-05-26 11:25:00,5.61e-06,5.61e-06,5.6e-06,5.61e-06,67496331.0
2026-05-26 11:30:00,5.6e-06,5.62e-06,5.6e-06,5.6e-06,10450992978.0
2026-05-26 11:35:00,5.61e-06,5.62e-06,5.6e-06,5.61e-06,1653537708.0
2026-05-26 11:40:00,5.6e-06,5.62e-06,5.6e-06,5.61e-06,1145438206.0
2026-05-26 11:45:00,5.61e-06,5.62e-06,5.61e-06,5.61e-06,854293000.0
2026-05-26 11:50:00,5.61e-06,5.62e-06,5.61e-06,5.61e-06,253565567.0
2026-05-26 11:55:00,5.62e-06,5.62e-06,5.6e-06,5.61e-06,1323217398.0
2026-05-26 12:00:00,5.6e-06,5.62e-06,5.6e-06,5.61e-06,1317541111.0
2026-05-26 12:05:00,5.61e-06,5.62e-06,5.59e-06,5.6e-06,7751259657.0
2026-05-26 12:10:00,5.6e-06,5.62e-06,5.59e-06,5.61e-06,4738251811.0
2026-05-26 12:15:00,5.61e-06,5.62e-06,5.61e-06,5.62e-06,2005893422.0
2026-05-26 12:20:00,5.61e-06,5.62e-06,5.6e-06,5.61e-06,6723705853.0
2026-05-26 12:25:00,5.61e-06,5.61e-06,5.6e-06,5.61e-06,101311683.0
2026-05-26 12:30:00,5.61e-06,5.62e-06,5.6e-06,5.61e-06,5151750858.0
2026-05-26 12:35:00,5.61e-06,5.62e-06,5.6e-06,5.61e-06,3568578784.0
2026-05-26 12:40:00,5.61e-06,5.62e-06,5.6e-06,5.61e-06,1909301087.0
2026-05-26 12:45:00,5.61e-06,5.62e-06,5.61e-06,5.61e-06,68559780.0
2026-05-26 12:50:00,5.61e-06,5.63e-06,5.61e-06,5.62e-06,459855047.0
2026-05-26 12:55:00,5.63e-06,5.63e-06,5.62e-06,5.62e-06,302837857.0
2026-05-26 13:00:00,5.62e-06,5.63e-06,5.62e-06,5.63e-06,402861159.0
2026-05-26 13:05:00,5.63e-06,5.63e-06,5.61e-06,5.62e-06,1493356401.0
2026-05-26 13:10:00,5.62e-06,5.62e-06,5.61e-06,5.61e-06,171306939.0
2026-05-26 13:15:00,5.61e-06,5.62e-06,5.6e-06,5.61e-06,1881758575.0
2026-05-26 13:20:00,5.61e-06,5.61e-06,5.59e-06,5.61e-06,2699617641.0
2026-05-26 13:25:00,5.6e-06,5.6e-06,5.58e-06,5.59e-06,1640620471.0
2026-05-26 13:30:00,5.58e-06,5.59e-06,5.57e-06,5.58e-06,3205305579.0
2026-05-26 13:35:00,5.57e-06,5.59e-06,5.57e-06,5.58e-06,3082945379.0
2026-05-26 13:40:00,5.59e-06,5.59e-06,5.58e-06,5.58e-06,2795640160.0
2026-05-26 13:45:00,5.59e-06,5.6e-06,5.58e-06,5.6e-06,3080720420.0
2026-05-26 13:50:00,5.6e-06,5.61e-06,5.59e-06,5.6e-06,4613696975.0
2026-05-26 13:55:00,5.6e-06,5.61e-06,5.6e-06,5.61e-06,3798979051.0
2026-05-26 14:00:00,5.61e-06,5.62e-06,5.6e-06,5.61e-06,2626142244.0
2026-05-26 14:05:00,5.61e-06,5.62e-06,5.6e-06,5.62e-06,492065845.0
2026-05-26 14:10:00,5.62e-06,5.63e-06,5.61e-06,5.62e-06,2561344797.0
2026-05-26 14:15:00,5.62e-06,5.64e-06,5.61e-06,5.63e-06,2086664018.0
2026-05-26 14:20:00,5.63e-06,5.64e-06,5.63e-06,5.64e-06,1161763546.0
2026-05-26 14:25:00,5.65e-06,5.67e-06,5.64e-06,5.65e-06,8390515385.0
2026-05-26 14:30:00,5.66e-06,5.66e-06,5.64e-06,5.64e-06,5069022949.0
2026-05-26 14:35:00,5.64e-06,5.65e-06,5.6e-06,5.6e-06,5655612321.0
2026-05-26 14:40:00,5.61e-06,5.61e-06,5.57e-06,5.58e-06,18313017419.0
2026-05-26 14:45:00,5.59e-06,5.6e-06,5.58e-06,5.6e-06,4203257251.0
2026-05-26 14:50:00,5.59e-06,5.61e-06,5.59e-06,5.61e-06,664383522.0
2026-05-26 14:55:00,5.6e-06,5.61e-06,5.6e-06,5.6e-06,9920651742.0
2026-05-26 15:00:00,5.6e-06,5.6e-06,5.57e-06,5.58e-06,8129924039.0
2026-05-26 15:05:00,5.58e-06,5.59e-06,5.58e-06,5.58e-06,1341381392.0
2026-05-26 15:10:00,5.59e-06,5.6e-06,5.58e-06,5.59e-06,1304982317.0
2026-05-26 15:15:00,5.59e-06,5.6e-06,5.58e-06,5.58e-06,1452754984.0
2026-05-26 15:20:00,5.58e-06,5.59e-06,5.55e-06,5.58e-06,7396601242.0
2026-05-26 15:25:00,5.57e-06,5.58e-06,5.57e-06,5.57e-06,1655337826.0
2026-05-26 15:30:00,5.57e-06,5.58e-06,5.55e-06,5.57e-06,5010884857.0
2026-05-26 15:35:00,5.56e-06,5.57e-06,5.55e-06,5.56e-06,4376823237.0
2026-05-26 15:40:00,5.57e-06,5.58e-06,5.56e-06,5.57e-06,1222867109.0
2026-05-26 15:45:00,5.58e-06,5.58e-06,5.56e-06,5.57e-06,1189283303.0
2026-05-26 15:50:00,5.57e-06,5.57e-06,5.54e-06,5.55e-06,3391414180.0
2026-05-26 15:55:00,5.55e-06,5.58e-06,5.54e-06,5.56e-06,2402057329.0
2026-05-26 16:00:00,5.56e-06,5.57e-06,5.56e-06,5.56e-06,499462632.0
2026-05-26 16:05:00,5.56e-06,5.56e-06,5.54e-06,5.56e-06,1917016912.0
2026-05-26 16:10:00,5.55e-06,5.55e-06,5.53e-06,5.55e-06,4407628914.0
2026-05-26 16:15:00,5.55e-06,5.56e-06,5.54e-06,5.55e-06,603918811.0
2026-05-26 16:20:00,5.55e-06,5.56e-06,5.55e-06,5.55e-06,1322562950.0
2026-05-26 16:25:00,5.55e-06,5.57e-06,5.55e-06,5.55e-06,2082137124.0
2026-05-26 16:30:00,5.55e-06,5.56e-06,5.54e-06,5.55e-06,3828166733.0
2026-05-26 16:35:00,5.56e-06,5.56e-06,5.55e-06,5.55e-06,479081990.0
2026-05-26 16:40:00,5.55e-06,5.55e-06,5.54e-06,5.54e-06,1714467192.0
2026-05-26 16:45:00,5.55e-06,5.56e-06,5.53e-06,5.54e-06,2333146771.0
2026-05-26 16:50:00,5.54e-06,5.54e-06,5.53e-06,5.54e-06,1707744808.0
2026-05-26 16:55:00,5.55e-06,5.55e-06,5.54e-06,5.55e-06,249480150.0
2026-05-26 17:00:00,5.55e-06,5.56e-06,5.54e-06,5.55e-06,228969053.0
2026-05-26 17:05:00,5.56e-06,5.56e-06,5.54e-06,5.55e-06,1549757478.0
2026-05-26 17:10:00,5.56e-06,5.56e-06,5.55e-06,5.56e-06,184436490.0
2026-05-26 17:15:00,5.55e-06,5.55e-06,5.53e-06,5.54e-06,2202446024.0
2026-05-26 17:20:00,5.53e-06,5.53e-06,5.51e-06,5.51e-06,11511091100.0
2026-05-26 17:25:00,5.52e-06,5.52e-06,5.5e-06,5.5e-06,13389677267.0
2026-05-26 17:30:00,5.5e-06,5.51e-06,5.48e-06,5.5e-06,12442990106.0
2026-05-26 17:35:00,5.49e-06,5.52e-06,5.49e-06,5.51e-06,3288254889.0
2026-05-26 17:40:00,5.51e-06,5.51e-06,5.5e-06,5.51e-06,1098028259.0
2026-05-26 17:45:00,5.52e-06,5.52e-06,5.51e-06,5.52e-06,7215968851.0
2026-05-26 17:50:00,5.52e-06,5.53e-06,5.51e-06,5.53e-06,2623705921.0
2026-05-26 17:55:00,5.52e-06,5.53e-06,5.51e-06,5.51e-06,2742720848.0
2026-05-26 18:00:00,5.51e-06,5.53e-06,5.51e-06,5.53e-06,2730363681.0
2026-05-26 18:05:00,5.52e-06,5.54e-06,5.52e-06,5.52e-06,1962861689.0
2026-05-26 18:10:00,5.53e-06,5.53e-06,5.52e-06,5.53e-06,72744833.0
2026-05-26 18:15:00,5.53e-06,5.54e-06,5.53e-06,5.54e-06,1381804365.0
2026-05-26 18:20:00,5.54e-06,5.55e-06,5.53e-06,5.54e-06,3174969708.0
2026-05-26 18:25:00,5.55e-06,5.55e-06,5.53e-06,5.53e-06,602053140.0
2026-05-26 18:30:00,5.54e-06,5.54e-06,5.53e-06,5.54e-06,11092028.0
2026-05-26 18:35:00,5.54e-06,5.54e-06,5.52e-06,5.53e-06,290098586.0
2026-05-26 18:40:00,5.53e-06,5.53e-06,5.5e-06,5.51e-06,2049354593.0
2026-05-26 18:45:00,5.51e-06,5.52e-06,5.5e-06,5.51e-06,1506182658.0
2026-05-26 18:50:00,5.51e-06,5.53e-06,5.51e-06,5.53e-06,1649506691.0
2026-05-26 18:55:00,5.52e-06,5.52e-06,5.51e-06,5.51e-06,1336496015.0
2026-05-26 19:00:00,5.51e-06,5.52e-06,5.51e-06,5.52e-06,418890114.0
2026-05-26 19:05:00,5.51e-06,5.52e-06,5.51e-06,5.51e-06,519514180.0
2026-05-26 19:10:00,5.51e-06,5.52e-06,5.49e-06,5.5e-06,4051136549.0
2026-05-26 19:15:00,5.5e-06,5.51e-06,5.49e-06,5.5e-06,3842537130.0
2026-05-26 19:20:00,5.51e-06,5.51e-06,5.49e-06,5.5e-06,366786495.0
2026-05-26 19:25:00,5.51e-06,5.51e-06,5.5e-06,5.5e-06,191834491.0
2026-05-26 19:30:00,5.51e-06,5.52e-06,5.5e-06,5.52e-06,5495018663.0
2026-05-26 19:35:00,5.51e-06,5.52e-06,5.51e-06,5.52e-06,2521562442.0
2026-05-26 19:40:00,5.52e-06,5.53e-06,5.51e-06,5.52e-06,452448126.0
2026-05-26 19:45:00,5.53e-06,5.53e-06,5.52e-06,5.52e-06,406076691.0
2026-05-26 19:50:00,5.52e-06,5.53e-06,5.52e-06,5.53e-06,1587195569.0
2026-05-26 19:55:00,5.53e-06,5.53e-06,5.52e-06,5.52e-06,21105294.0
2026-05-26 20:00:00,5.52e-06,5.53e-06,5.51e-06,5.53e-06,6129423121.0
2026-05-26 20:05:00,5.53e-06,5.53e-06,5.52e-06,5.53e-06,1849063533.0
2026-05-26 20:10:00,5.53e-06,5.53e-06,5.52e-06,5.52e-06,398769484.0
2026-05-26 20:15:00,5.52e-06,5.53e-06,5.51e-06,5.52e-06,1984786417.0
2026-05-26 20:20:00,5.51e-06,5.52e-06,5.51e-06,5.52e-06,28391133.0
2026-05-26 20:25:00,5.51e-06,5.52e-06,5.51e-06,5.51e-06,213559551.0
2026-05-26 20:30:00,5.52e-06,5.52e-06,5.51e-06,5.51e-06,1561525976.0
2026-05-26 20:35:00,5.51e-06,5.52e-06,5.5e-06,5.51e-06,1074398785.0
2026-05-26 20:40:00,5.51e-06,5.52e-06,5.51e-06,5.52e-06,281676404.0
2026-05-26 20:45:00,5.52e-06,5.52e-06,5.51e-06,5.52e-06,33605600.0
2026-05-26 20:50:00,5.52e-06,5.52e-06,5.51e-06,5.52e-06,92599363.0
2026-05-26 20:55:00,5.52e-06,5.53e-06,5.52e-06,5.53e-06,989600823.0
2026-05-26 21:00:00,5.52e-06,5.53e-06,5.51e-06,5.51e-06,266988095.0
2026-05-26 21:05:00,5.52e-06,5.53e-06,5.51e-06,5.52e-06,631233989.0
2026-05-26 21:10:00,5.51e-06,5.52e-06,5.5e-06,5.51e-06,4370071024.0
2026-05-26 21:15:00,5.5e-06,5.52e-06,5.5e-06,5.52e-06,1203927733.0
2026-05-26 21:20:00,5.52e-06,5.53e-06,5.52e-06,5.53e-06,614160304.0
2026-05-26 21:25:00,5.53e-06,5.53e-06,5.52e-06,5.53e-06,1536642191.0
2026-05-26 21:30:00,5.53e-06,5.53e-06,5.52e-06,5.53e-06,52660012.0
2026-05-26 21:35:00,5.52e-06,5.53e-06,5.52e-06,5.52e-06,31497333.0
2026-05-26 21:40:00,5.53e-06,5.53e-06,5.52e-06,5.53e-06,547384040.0
2026-05-26 21:45:00,5.53e-06,5.53e-06,5.52e-06,5.53e-06,1979763061.0
2026-05-26 21:50:00,5.53e-06,5.53e-06,5.51e-06,5.51e-06,2614869527.0
2026-05-26 21:55:00,5.51e-06,5.52e-06,5.5e-06,5.5e-06,770854886.0
2026-05-26 22:00:00,5.51e-06,5.52e-06,5.51e-06,5.52e-06,1572072725.0
2026-05-26 22:05:00,5.51e-06,5.52e-06,5.5e-06,5.52e-06,2033500054.0
2026-05-26 22:10:00,5.52e-06,5.52e-06,5.51e-06,5.52e-06,2392996102.0
2026-05-26 22:15:00,5.51e-06,5.53e-06,5.51e-06,5.52e-06,527427919.0
2026-05-26 22:20:00,5.52e-06,5.53e-06,5.51e-06,5.52e-06,416373712.0
2026-05-26 22:25:00,5.53e-06,5.53e-06,5.52e-06,5.53e-06,700115868.0
2026-05-26 22:30:00,5.52e-06,5.53e-06,5.52e-06,5.52e-06,371029775.0
2026-05-26 22:35:00,5.53e-06,5.53e-06,5.51e-06,5.51e-06,1468189942.0
2026-05-26 22:40:00,5.52e-06,5.52e-06,5.51e-06,5.51e-06,855932699.0
2026-05-26 22:45:00,5.52e-06,5.52e-06,5.5e-06,5.51e-06,6582106858.0
2026-05-26 22:50:00,5.52e-06,5.52e-06,5.51e-06,5.52e-06,641890833.0
2026-05-26 22:55:00,5.52e-06,5.52e-06,5.5e-06,5.51e-06,2173064688.0
2026-05-26 23:00:00,5.52e-06,5.54e-06,5.52e-06,5.53e-06,1136359231.0
2026-05-26 23:05:00,5.54e-06,5.54e-06,5.52e-06,5.52e-06,633165528.0
2026-05-26 23:10:00,5.53e-06,5.54e-06,5.52e-06,5.54e-06,1681047144.0
2026-05-26 23:15:00,5.53e-06,5.54e-06,5.53e-06,5.53e-06,189616498.0
2026-05-26 23:20:00,5.53e-06,5.54e-06,5.53e-06,5.53e-06,805734061.0
2026-05-26 23:25:00,5.53e-06,5.54e-06,5.52e-06,5.54e-06,1070152277.0
2026-05-26 23:30:00,5.53e-06,5.54e-06,5.53e-06,5.53e-06,230905482.0
2026-05-26 23:35:00,5.54e-06,5.54e-06,5.53e-06,5.54e-06,561005372.0
2026-05-26 23:40:00,5.54e-06,5.55e-06,5.54e-06,5.54e-06,801530099.0
2026-05-26 23:45:00,5.55e-06,5.55e-06,5.53e-06,5.54e-06,2607209117.0
2026-05-26 23:50:00,5.54e-06,5.54e-06,5.52e-06,5.52e-06,1041274647.0
2026-05-26 23:55:00,5.52e-06,5.53e-06,5.52e-06,5.53e-06,711387467.0
2026-05-27 00:00:00,5.53e-06,5.54e-06,5.52e-06,5.53e-06,779478719.0
2026-05-27 00:05:00,5.53e-06,5.55e-06,5.53e-06,5.54e-06,807885464.0
2026-05-27 00:10:00,5.54e-06,5.55e-06,5.53e-06,5.54e-06,3289080692.0
2026-05-27 00:15:00,5.55e-06,5.55e-06,5.53e-06,5.53e-06,1956566377.0
2026-05-27 00:20:00,5.53e-06,5.54e-06,5.53e-06,5.53e-06,985000729.0
2026-05-27 00:25:00,5.53e-06,5.55e-06,5.53e-06,5.54e-06,992277555.0
2026-05-27 00:30:00,5.55e-06,5.56e-06,5.55e-06,5.56e-06,977010047.0
2026-05-27 00:35:00,5.56e-06,5.56e-06,5.55e-06,5.55e-06,5633714103.0
2026-05-27 00:40:00,5.56e-06,5.56e-06,5.55e-06,5.56e-06,145030187.0
2026-05-27 00:45:00,5.56e-06,5.56e-06,5.55e-06,5.55e-06,310717781.0
2026-05-27 00:50:00,5.55e-06,5.56e-06,5.55e-06,5.55e-06,1061710800.0
2026-05-27 00:55:00,5.55e-06,5.57e-06,5.55e-06,5.55e-06,3774619290.0
2026-05-27 01:00:00,5.56e-06,5.56e-06,5.55e-06,5.55e-06,130388534.0
2026-05-27 01:05:00,5.55e-06,5.56e-06,5.54e-06,5.56e-06,1275608436.0
2026-05-27 01:10:00,5.55e-06,5.56e-06,5.55e-06,5.56e-06,85014533.0
2026-05-27 01:15:00,5.55e-06,5.56e-06,5.54e-06,5.55e-06,558037972.0
2026-05-27 01:20:00,5.55e-06,5.55e-06,5.53e-06,5.53e-06,2133082677.0
2026-05-27 01:25:00,5.54e-06,5.55e-06,5.53e-06,5.54e-06,1241055824.0
2026-05-27 01:30:00,5.55e-06,5.55e-06,5.54e-06,5.54e-06,334349265.0
2026-05-27 01:35:00,5.54e-06,5.55e-06,5.54e-06,5.54e-06,269741820.0
2026-05-27 01:40:00,5.55e-06,5.55e-06,5.54e-06,5.54e-06,182103309.0
2026-05-27 01:45:00,5.55e-06,5.56e-06,5.54e-06,5.56e-06,1406777621.0
2026-05-27 01:50:00,5.55e-06,5.56e-06,5.54e-06,5.56e-06,883426804.0
2026-05-27 01:55:00,5.56e-06,5.56e-06,5.53e-06,5.53e-06,1036509788.0
2026-05-27 02:00:00,5.53e-06,5.54e-06,5.53e-06,5.53e-06,3119683977.0
2026-05-27 02:05:00,5.54e-06,5.54e-06,5.52e-06,5.54e-06,2278954580.0
2026-05-27 02:10:00,5.54e-06,5.54e-06,5.52e-06,5.53e-06,1617168107.0
2026-05-27 02:15:00,5.53e-06,5.54e-06,5.51e-06,5.52e-06,7409377904.0
2026-05-27 02:20:00,5.52e-06,5.53e-06,5.52e-06,5.52e-06,2267282114.0
2026-05-27 02:25:00,5.52e-06,5.53e-06,5.52e-06,5.52e-06,3483078145.0
2026-05-27 02:30:00,5.52e-06,5.53e-06,5.51e-06,5.52e-06,1918247431.0
2026-05-27 02:35:00,5.53e-06,5.53e-06,5.51e-06,5.51e-06,3462111708.0
2026-05-27 02:40:00,5.5e-06,5.52e-06,5.5e-06,5.51e-06,2375171309.0
2026-05-27 02:45:00,5.52e-06,5.52e-06,5.51e-06,5.52e-06,1756436799.0
2026-05-27 02:50:00,5.52e-06,5.52e-06,5.51e-06,5.51e-06,202777200.0
2026-05-27 02:55:00,5.51e-06,5.53e-06,5.51e-06,5.52e-06,490474877.0
2026-05-27 03:00:00,5.52e-06,5.53e-06,5.51e-06,5.53e-06,875913128.0
2026-05-27 03:05:00,5.53e-06,5.53e-06,5.52e-06,5.52e-06,82987364.0
2026-05-27 03:10:00,5.53e-06,5.53e-06,5.52e-06,5.52e-06,92395144.0
2026-05-27 03:15:00,5.52e-06,5.53e-06,5.52e-06,5.52e-06,109533945.0
2026-05-27 03:20:00,5.52e-06,5.53e-06,5.51e-06,5.53e-06,1383023110.0
2026-05-27 03:25:00,5.53e-06,5.53e-06,5.52e-06,5.52e-06,278271224.0
2026-05-27 03:30:00,5.53e-06,5.54e-06,5.53e-06,5.53e-06,1603479209.0
2026-05-27 03:35:00,5.53e-06,5.53e-06,5.52e-06,5.53e-06,524504976.0
2026-05-27 03:40:00,5.53e-06,5.53e-06,5.52e-06,5.52e-06,21187563.0
2026-05-27 03:45:00,5.52e-06,5.52e-06,5.51e-06,5.51e-06,2176611080.0
2026-05-27 03:50:00,5.51e-06,5.52e-06,5.51e-06,5.51e-06,540015509.0
2026-05-27 03:55:00,5.51e-06,5.52e-06,5.51e-06,5.51e-06,141004483.0
2026-05-27 04:00:00,5.52e-06,5.52e-06,5.51e-06,5.51e-06,429232064.0
2026-05-27 04:05:00,5.51e-06,5.52e-06,5.51e-06,5.52e-06,191427899.0
2026-05-27 04:10:00,5.52e-06,5.53e-06,5.51e-06,5.53e-06,980437578.0
2026-05-27 04:15:00,5.52e-06,5.52e-06,5.5e-06,5.51e-06,2461622120.0
2026-05-27 04:20:00,5.51e-06,5.51e-06,5.5e-06,5.51e-06,1027662963.0
2026-05-27 04:25:00,5.51e-06,5.51e-06,5.5e-06,5.5e-06,400000702.0
2026-05-27 04:30:00,5.5e-06,5.5e-06,5.46e-06,5.49e-06,15702939577.0
2026-05-27 04:35:00,5.48e-06,5.49e-06,5.48e-06,5.48e-06,281181181.0
2026-05-27 04:40:00,5.49e-06,5.49e-06,5.48e-06,5.48e-06,1835474036.0
2026-05-27 04:45:00,5.48e-06,5.51e-06,5.48e-06,5.5e-06,1953269689.0
2026-05-27 04:50:00,5.51e-06,5.52e-06,5.5e-06,5.52e-06,1061965998.0
2026-05-27 04:55:00,5.51e-06,5.53e-06,5.51e-06,5.52e-06,5365136258.0
2026-05-27 05:00:00,5.52e-06,5.54e-06,5.52e-06,5.52e-06,5643222196.0
2026-05-27 05:05:00,5.53e-06,5.53e-06,5.52e-06,5.52e-06,519425106.0
2026-05-27 05:10:00,5.52e-06,5.52e-06,5.51e-06,5.52e-06,1389093712.0
2026-05-27 05:15:00,5.51e-06,5.52e-06,5.51e-06,5.52e-06,480040161.0
2026-05-27 05:20:00,5.51e-06,5.53e-06,5.51e-06,5.52e-06,1222532997.0
2026-05-27 05:25:00,5.52e-06,5.54e-06,5.52e-06,5.54e-06,2353146066.0
2026-05-27 05:30:00,5.53e-06,5.54e-06,5.53e-06,5.54e-06,397259493.0
2026-05-27 05:35:00,5.54e-06,5.54e-06,5.53e-06,5.54e-06,328361193.0
2026-05-27 05:40:00,5.54e-06,5.54e-06,5.52e-06,5.53e-06,1412807176.0
2026-05-27 05:45:00,5.52e-06,5.54e-06,5.52e-06,5.53e-06,1015594178.0
2026-05-27 05:50:00,5.54e-06,5.55e-06,5.53e-06,5.54e-06,1470414148.0
2026-05-27 05:55:00,5.54e-06,5.54e-06,5.53e-06,5.53e-06,602373497.0
2026-05-27 06:00:00,5.53e-06,5.54e-06,5.53e-06,5.53e-06,79302150.0
2026-05-27 06:05:00,5.54e-06,5.55e-06,5.54e-06,5.55e-06,1650556156.0
2026-05-27 06:10:00,5.54e-06,5.55e-06,5.53e-06,5.54e-06,1562571732.0
2026-05-27 06:15:00,5.53e-06,5.54e-06,5.53e-06,5.54e-06,696977983.0
2026-05-27 06:20:00,5.54e-06,5.54e-06,5.53e-06,5.53e-06,48728375.0
2026-05-27 06:25:00,5.54e-06,5.55e-06,5.53e-06,5.54e-06,950839008.0
2026-05-27 06:30:00,5.55e-06,5.55e-06,5.54e-06,5.54e-06,690384290.0
2026-05-27 06:35:00,5.54e-06,5.55e-06,5.54e-06,5.55e-06,195622245.0
2026-05-27 06:40:00,5.54e-06,5.55e-06,5.54e-06,5.54e-06,4970977054.0
2026-05-27 06:45:00,5.54e-06,5.55e-06,5.54e-06,5.54e-06,125915981.0
2026-05-27 06:50:00,5.55e-06,5.55e-06,5.54e-06,5.54e-06,546015897.0
2026-05-27 06:55:00,5.55e-06,5.55e-06,5.54e-06,5.54e-06,83411424.0
2026-05-27 07:00:00,5.55e-06,5.56e-06,5.54e-06,5.55e-06,2235760802.0
2026-05-27 07:05:00,5.55e-06,5.55e-06,5.54e-06,5.54e-06,646164538.0
2026-05-27 07:10:00,5.54e-06,5.54e-06,5.53e-06,5.54e-06,150039007.0
2026-05-27 07:15:00,5.53e-06,5.54e-06,5.53e-06,5.53e-06,261808543.0
2026-05-27 07:20:00,5.53e-06,5.54e-06,5.53e-06,5.54e-06,175636556.0
2026-05-27 07:25:00,5.54e-06,5.54e-06,5.53e-06,5.54e-06,885871720.0
2026-05-27 07:30:00,5.54e-06,5.55e-06,5.53e-06,5.55e-06,2380327103.0
2026-05-27 07:35:00,5.55e-06,5.55e-06,5.53e-06,5.53e-06,3368359689.0
2026-05-27 07:40:00,5.54e-06,5.54e-06,5.53e-06,5.54e-06,66590884.0
2026-05-27 07:45:00,5.54e-06,5.54e-06,5.53e-06,5.54e-06,274269833.0
2026-05-27 07:50:00,5.54e-06,5.54e-06,5.53e-06,5.54e-06,130007767.0
2026-05-27 07:55:00,5.53e-06,5.55e-06,5.53e-06,5.55e-06,848674202.0
2026-05-27 08:00:00,5.55e-06,5.55e-06,5.54e-06,5.54e-06,192816454.0
2026-05-27 08:05:00,5.55e-06,5.55e-06,5.54e-06,5.55e-06,1556414266.0
2026-05-27 08:10:00,5.54e-06,5.55e-06,5.54e-06,5.55e-06,227629415.0
2026-05-27 08:15:00,5.55e-06,5.55e-06,5.54e-06,5.54e-06,249272825.0
2026-05-27 08:20:00,5.54e-06,5.55e-06,5.54e-06,5.54e-06,3762095664.0
2026-05-27 08:25:00,5.54e-06,5.56e-06,5.54e-06,5.54e-06,1359701132.0
2026-05-27 08:30:00,5.55e-06,5.55e-06,5.54e-06,5.54e-06,262098362.0
2026-05-27 08:35:00,5.55e-06,5.55e-06,5.54e-06,5.54e-06,196450151.0
2026-05-27 08:40:00,5.54e-06,5.55e-06,5.54e-06,5.54e-06,163860686.0
2026-05-27 08:45:00,5.54e-06,5.54e-06,5.53e-06,5.53e-06,1998937827.0
2026-05-27 08:50:00,5.54e-06,5.54e-06,5.51e-06,5.51e-06,839364167.0
2026-05-27 08:55:00,5.51e-06,5.53e-06,5.51e-06,5.51e-06,329302529.0
2026-05-27 09:00:00,5.52e-06,5.52e-06,5.5e-06,5.5e-06,1434252922.0
2026-05-27 09:05:00,5.5e-06,5.52e-06,5.5e-06,5.51e-06,2064433993.0
2026-05-27 09:10:00,5.51e-06,5.52e-06,5.51e-06,5.51e-06,4196680822.0
2026-05-27 09:15:00,5.51e-06,5.51e-06,5.5e-06,5.5e-06,573335248.0
2026-05-27 09:20:00,5.51e-06,5.52e-06,5.5e-06,5.52e-06,1163732957.0
2026-05-27 09:25:00,5.51e-06,5.52e-06,5.5e-06,5.51e-06,378282059.0
2026-05-27 09:30:00,5.51e-06,5.52e-06,5.5e-06,5.51e-06,1237579069.0
2026-05-27 09:35:00,5.51e-06,5.52e-06,5.51e-06,5.52e-06,1136233222.0
2026-05-27 09:40:00,5.52e-06,5.53e-06,5.51e-06,5.51e-06,662497941.0
2026-05-27 09:45:00,5.51e-06,5.52e-06,5.51e-06,5.51e-06,205475485.0
2026-05-27 09:50:00,5.51e-06,5.52e-06,5.5e-06,5.51e-06,1680471639.0
2026-05-27 09:55:00,5.51e-06,5.52e-06,5.5e-06,5.51e-06,663556558.0
2026-05-27 10:00:00,5.52e-06,5.52e-06,5.5e-06,5.51e-06,2998833111.0
2026-05-27 10:05:00,5.5e-06,5.51e-06,5.5e-06,5.5e-06,569505023.0
2026-05-27 10:10:00,5.51e-06,5.52e-06,5.5e-06,5.51e-06,2197816598.0
2026-05-27 10:15:00,5.51e-06,5.52e-06,5.51e-06,5.52e-06,453537524.0
2026-05-27 10:20:00,5.51e-06,5.52e-06,5.51e-06,5.51e-06,317003217.0
2026-05-27 10:25:00,5.51e-06,5.53e-06,5.51e-06,5.51e-06,2375734010.0
2026-05-27 10:30:00,5.51e-06,5.52e-06,5.51e-06,5.52e-06,2609905629.0
2026-05-27 10:35:00,5.51e-06,5.51e-06,5.5e-06,5.5e-06,1580929463.0
2026-05-27 10:40:00,5.5e-06,5.51e-06,5.5e-06,5.5e-06,335812656.0
2026-05-27 10:45:00,5.5e-06,5.51e-06,5.5e-06,5.5e-06,6967384425.0
2026-05-27 10:50:00,5.5e-06,5.51e-06,5.5e-06,5.5e-06,340709213.0
2026-05-27 10:55:00,5.5e-06,5.51e-06,5.5e-06,5.5e-06,527790893.0
2026-05-27 11:00:00,5.5e-06,5.52e-06,5.5e-06,5.51e-06,300789888.0
2026-05-27 11:05:00,5.51e-06,5.52e-06,5.51e-06,5.51e-06,248762282.0
2026-05-27 11:10:00,5.51e-06,5.52e-06,5.51e-06,5.52e-06,514654000.0
2026-05-27 11:15:00,5.51e-06,5.52e-06,5.51e-06,5.52e-06,521617473.0
2026-05-27 11:20:00,5.51e-06,5.52e-06,5.51e-06,5.51e-06,266656293.0
2026-05-27 11:25:00,5.51e-06,5.52e-06,5.51e-06,5.51e-06,374157884.0
2026-05-27 11:30:00,5.51e-06,5.51e-06,5.5e-06,5.5e-06,1549108060.0
2026-05-27 11:35:00,5.51e-06,5.52e-06,5.51e-06,5.51e-06,521305007.0
2026-05-27 11:40:00,5.51e-06,5.51e-06,5.5e-06,5.5e-06,1032350149.0
2026-05-27 11:45:00,5.5e-06,5.51e-06,5.5e-06,5.5e-06,287283743.0
2026-05-27 11:50:00,5.5e-06,5.51e-06,5.5e-06,5.5e-06,707284607.0
2026-05-27 11:55:00,5.5e-06,5.51e-06,5.5e-06,5.51e-06,121158164.0
2026-05-27 12:00:00,5.51e-06,5.51e-06,5.49e-06,5.49e-06,6170073147.0
2026-05-27 12:05:00,5.5e-06,5.5e-06,5.48e-06,5.49e-06,2940196867.0
2026-05-27 12:10:00,5.49e-06,5.5e-06,5.49e-06,5.49e-06,2298412440.0
2026-05-27 12:15:00,5.5e-06,5.52e-06,5.49e-06,5.51e-06,3323435100.0
2026-05-27 12:20:00,5.52e-06,5.56e-06,5.52e-06,5.53e-06,6190696124.0
2026-05-27 12:25:00,5.53e-06,5.54e-06,5.52e-06,5.53e-06,1166529846.0
2026-05-27 12:30:00,5.53e-06,5.54e-06,5.52e-06,5.52e-06,808337785.0
2026-05-27 12:35:00,5.52e-06,5.54e-06,5.52e-06,5.54e-06,413461399.0
2026-05-27 12:40:00,5.54e-06,5.54e-06,5.53e-06,5.53e-06,429936785.0
2026-05-27 12:45:00,5.54e-06,5.54e-06,5.52e-06,5.52e-06,2397380084.0
2026-05-27 12:50:00,5.52e-06,5.53e-06,5.52e-06,5.53e-06,81223103.0
2026-05-27 12:55:00,5.53e-06,5.53e-06,5.51e-06,5.52e-06,2217510631.0
2026-05-27 13:00:00,5.52e-06,5.53e-06,5.52e-06,5.52e-06,640729058.0
2026-05-27 13:05:00,5.52e-06,5.52e-06,5.5e-06,5.5e-06,656821025.0
2026-05-27 13:10:00,5.5e-06,5.52e-06,5.5e-06,5.51e-06,697384413.0
2026-05-27 13:15:00,5.5e-06,5.51e-06,5.5e-06,5.5e-06,458234195.0
2026-05-27 13:20:00,5.51e-06,5.51e-06,5.5e-06,5.51e-06,97175617.0
2026-05-27 13:25:00,5.51e-06,5.51e-06,5.49e-06,5.49e-06,1270543830.0
2026-05-27 13:30:00,5.49e-06,5.5e-06,5.48e-06,5.5e-06,1798656319.0
2026-05-27 13:35:00,5.5e-06,5.5e-06,5.47e-06,5.49e-06,8931025485.0
2026-05-27 13:40:00,5.48e-06,5.48e-06,5.46e-06,5.47e-06,8997158654.0
2026-05-27 13:45:00,5.47e-06,5.48e-06,5.46e-06,5.48e-06,10687840688.0
2026-05-27 13:50:00,5.48e-06,5.49e-06,5.46e-06,5.49e-06,2761745892.0
2026-05-27 13:55:00,5.48e-06,5.49e-06,5.47e-06,5.49e-06,4001995413.0
2026-05-27 14:00:00,5.49e-06,5.51e-06,5.49e-06,5.5e-06,4240207222.0
2026-05-27 14:05:00,5.51e-06,5.51e-06,5.48e-06,5.49e-06,5589386216.0
2026-05-27 14:10:00,5.49e-06,5.49e-06,5.47e-06,5.48e-06,2890963420.0
2026-05-27 14:15:00,5.48e-06,5.49e-06,5.47e-06,5.48e-06,3460936465.0
2026-05-27 14:20:00,5.49e-06,5.49e-06,5.46e-06,5.46e-06,3874412790.0
2026-05-27 14:25:00,5.46e-06,5.47e-06,5.45e-06,5.47e-06,3433932605.0
2026-05-27 14:30:00,5.46e-06,5.48e-06,5.45e-06,5.46e-06,3991899456.0
2026-05-27 14:35:00,5.47e-06,5.48e-06,5.46e-06,5.48e-06,1478482527.0
2026-05-27 14:40:00,5.47e-06,5.48e-06,5.46e-06,5.47e-06,4097836761.0
2026-05-27 14:45:00,5.47e-06,5.5e-06,5.47e-06,5.49e-06,1381878940.0
2026-05-27 14:50:00,5.49e-06,5.51e-06,5.49e-06,5.5e-06,2685299409.0
2026-05-27 14:55:00,5.5e-06,5.51e-06,5.49e-06,5.5e-06,8459440902.0
2026-05-27 15:00:00,5.5e-06,5.52e-06,5.5e-06,5.52e-06,2014121534.0
2026-05-27 15:05:00,5.52e-06,5.53e-06,5.51e-06,5.53e-06,1064676694.0
2026-05-27 15:10:00,5.53e-06,5.55e-06,5.53e-06,5.53e-06,3384653000.0
2026-05-27 15:15:00,5.54e-06,5.56e-06,5.53e-06,5.54e-06,2674108507.0
2026-05-27 15:20:00,5.54e-06,5.55e-06,5.54e-06,5.55e-06,6313256276.0
2026-05-27 15:25:00,5.55e-06,5.55e-06,5.54e-06,5.54e-06,840318667.0
2026-05-27 15:30:00,5.54e-06,5.55e-06,5.54e-06,5.54e-06,3109123159.0
2026-05-27 15:35:00,5.55e-06,5.56e-06,5.54e-06,5.55e-06,668190191.0
2026-05-27 15:40:00,5.54e-06,5.55e-06,5.53e-06,5.53e-06,670825810.0
2026-05-27 15:45:00,5.53e-06,5.54e-06,5.53e-06,5.53e-06,1687204340.0
2026-05-27 15:50:00,5.53e-06,5.53e-06,5.52e-06,5.52e-06,1636898201.0
2026-05-27 15:55:00,5.52e-06,5.53e-06,5.51e-06,5.52e-06,844441727.0
2026-05-27 16:00:00,5.52e-06,5.54e-06,5.52e-06,5.52e-06,1728836634.0
2026-05-27 16:05:00,5.52e-06,5.53e-06,5.52e-06,5.53e-06,320030639.0
2026-05-27 16:10:00,5.53e-06,5.54e-06,5.53e-06,5.54e-06,126662083.0
2026-05-27 16:15:00,5.53e-06,5.54e-06,5.5e-06,5.51e-06,4622407544.0
2026-05-27 16:20:00,5.51e-06,5.52e-06,5.51e-06,5.51e-06,662667212.0
2026-05-27 16:25:00,5.51e-06,5.52e-06,5.51e-06,5.51e-06,244979186.0
2026-05-27 16:30:00,5.51e-06,5.52e-06,5.51e-06,5.51e-06,1701672880.0
2026-05-27 16:35:00,5.51e-06,5.52e-06,5.5e-06,5.51e-06,2322794659.0
2026-05-27 16:40:00,5.51e-06,5.52e-06,5.5e-06,5.51e-06,1393987926.0
2026-05-27 16:45:00,5.51e-06,5.52e-06,5.51e-06,5.51e-06,517538893.0
2026-05-27 16:50:00,5.51e-06,5.53e-06,5.51e-06,5.52e-06,2975862752.0
2026-05-27 16:55:00,5.52e-06,5.53e-06,5.52e-06,5.52e-06,301227128.0
2026-05-27 17:00:00,5.53e-06,5.53e-06,5.5e-06,5.51e-06,8579830970.0
2026-05-27 17:05:00,5.51e-06,5.51e-06,5.5e-06,5.51e-06,871016690.0
2026-05-27 17:10:00,5.5e-06,5.5e-06,5.48e-06,5.5e-06,8895456204.0
2026-05-27 17:15:00,5.49e-06,5.5e-06,5.48e-06,5.49e-06,4808933217.0
2026-05-27 17:20:00,5.49e-06,5.51e-06,5.49e-06,5.5e-06,1302944812.0
2026-05-27 17:25:00,5.5e-06,5.5e-06,5.49e-06,5.5e-06,2732015961.0
2026-05-27 17:30:00,5.5e-06,5.51e-06,5.49e-06,5.5e-06,10341451466.0
2026-05-27 17:35:00,5.5e-06,5.51e-06,5.49e-06,5.51e-06,4026992393.0
2026-05-27 17:40:00,5.52e-06,5.52e-06,5.5e-06,5.5e-06,9681775600.0
2026-05-27 17:45:00,5.51e-06,5.51e-06,5.49e-06,5.5e-06,6670082943.0
2026-05-27 17:50:00,5.5e-06,5.51e-06,5.5e-06,5.5e-06,1044140263.0
2026-05-27 17:55:00,5.5e-06,5.51e-06,5.49e-06,5.49e-06,4859515089.0
2026-05-27 18:00:00,5.5e-06,5.5e-06,5.48e-06,5.48e-06,2975486381.0
2026-05-27 18:05:00,5.48e-06,5.5e-06,5.48e-06,5.49e-06,836794684.0
2026-05-27 18:10:00,5.49e-06,5.5e-06,5.47e-06,5.49e-06,2545429122.0
2026-05-27 18:15:00,5.48e-06,5.49e-06,5.48e-06,5.48e-06,3822539737.0
2026-05-27 18:20:00,5.49e-06,5.49e-06,5.48e-06,5.49e-06,98024955.0
2026-05-27 18:25:00,5.49e-06,5.49e-06,5.47e-06,5.48e-06,292735090.0
2026-05-27 18:30:00,5.49e-06,5.49e-06,5.48e-06,5.49e-06,1025986592.0
2026-05-27 18:35:00,5.49e-06,5.49e-06,5.48e-06,5.48e-06,530308442.0
2026-05-27 18:40:00,5.48e-06,5.5e-06,5.48e-06,5.49e-06,1061257979.0
2026-05-27 18:45:00,5.5e-06,5.5e-06,5.49e-06,5.5e-06,475816436.0
2026-05-27 18:50:00,5.5e-06,5.51e-06,5.5e-06,5.5e-06,1548619078.0
2026-05-27 18:55:00,5.5e-06,5.51e-06,5.5e-06,5.51e-06,1863452105.0
2026-05-27 19:00:00,5.5e-06,5.51e-06,5.5e-06,5.51e-06,2503241957.0
2026-05-27 19:05:00,5.51e-06,5.51e-06,5.5e-06,5.51e-06,205465532.0
2026-05-27 19:10:00,5.5e-06,5.51e-06,5.5e-06,5.5e-06,477951669.0
2026-05-27 19:15:00,5.5e-06,5.51e-06,5.5e-06,5.5e-06,339604440.0
2026-05-27 19:20:00,5.51e-06,5.51e-06,5.5e-06,5.51e-06,1042049291.0
2026-05-27 19:25:00,5.51e-06,5.51e-06,5.5e-06,5.5e-06,1566020336.0
2026-05-27 19:30:00,5.5e-06,5.51e-06,5.5e-06,5.51e-06,501833468.0
2026-05-27 19:35:00,5.5e-06,5.51e-06,5.5e-06,5.5e-06,2004150980.0
2026-05-27 19:40:00,5.5e-06,5.5e-06,5.49e-06,5.5e-06,2252819326.0
2026-05-27 19:45:00,5.5e-06,5.5e-06,5.48e-06,5.48e-06,6724550094.0
2026-05-27 19:50:00,5.49e-06,5.5e-06,5.48e-06,5.49e-06,730869884.0
2026-05-27 19:55:00,5.5e-06,5.5e-06,5.49e-06,5.49e-06,104229291.0
2026-05-27 20:00:00,5.5e-06,5.5e-06,5.49e-06,5.49e-06,198188305.0
2026-05-27 20:05:00,5.49e-06,5.5e-06,5.49e-06,5.49e-06,1068856741.0
2026-05-27 20:10:00,5.5e-06,5.5e-06,5.49e-06,5.49e-06,315247880.0
2026-05-27 20:15:00,5.5e-06,5.5e-06,5.49e-06,5.49e-06,298575186.0
2026-05-27 20:20:00,5.5e-06,5.5e-06,5.48e-06,5.48e-06,2786732823.0
2026-05-27 20:25:00,5.49e-06,5.49e-06,5.47e-06,5.49e-06,2374242643.0
2026-05-27 20:30:00,5.48e-06,5.49e-06,5.47e-06,5.48e-06,598986718.0
2026-05-27 20:35:00,5.48e-06,5.49e-06,5.47e-06,5.48e-06,1646952070.0
2026-05-27 20:40:00,5.47e-06,5.49e-06,5.47e-06,5.48e-06,5570980405.0
2026-05-27 20:45:00,5.48e-06,5.5e-06,5.48e-06,5.5e-06,941472619.0
2026-05-27 20:50:00,5.5e-06,5.5e-06,5.49e-06,5.49e-06,481451607.0
2026-05-27 20:55:00,5.49e-06,5.5e-06,5.49e-06,5.49e-06,241705958.0
2026-05-27 21:00:00,5.49e-06,5.5e-06,5.49e-06,5.49e-06,451714605.0
2026-05-27 21:05:00,5.49e-06,5.5e-06,5.49e-06,5.5e-06,203456041.0
2026-05-27 21:10:00,5.5e-06,5.51e-06,5.49e-06,5.5e-06,2242797598.0
2026-05-27 21:15:00,5.5e-06,5.51e-06,5.49e-06,5.5e-06,758237833.0
2026-05-27 21:20:00,5.49e-06,5.5e-06,5.49e-06,5.5e-06,552458127.0
2026-05-27 21:25:00,5.5e-06,5.5e-06,5.49e-06,5.49e-06,1757181999.0
2026-05-27 21:30:00,5.49e-06,5.49e-06,5.48e-06,5.48e-06,500379387.0
2026-05-27 21:35:00,5.48e-06,5.48e-06,5.47e-06,5.47e-06,29066615.0
2026-05-27 21:40:00,5.47e-06,5.48e-06,5.41e-06,5.45e-06,20873950953.0
2026-05-27 21:45:00,5.44e-06,5.45e-06,5.39e-06,5.42e-06,25527305950.0
2026-05-27 21:50:00,5.43e-06,5.43e-06,5.4e-06,5.42e-06,5121682523.0
2026-05-27 21:55:00,5.41e-06,5.43e-06,5.4e-06,5.42e-06,4337086725.0
2026-05-27 22:00:00,5.42e-06,5.44e-06,5.4e-06,5.44e-06,5510688999.0
2026-05-27 22:05:00,5.44e-06,5.45e-06,5.42e-06,5.43e-06,4056874800.0
2026-05-27 22:10:00,5.43e-06,5.43e-06,5.41e-06,5.42e-06,6975468415.0
2026-05-27 22:15:00,5.42e-06,5.44e-06,5.41e-06,5.44e-06,1600139893.0
2026-05-27 22:20:00,5.43e-06,5.45e-06,5.43e-06,5.44e-06,5612852057.0
2026-05-27 22:25:00,5.43e-06,5.44e-06,5.43e-06,5.44e-06,873625575.0
2026-05-27 22:30:00,5.44e-06,5.44e-06,5.43e-06,5.44e-06,1002926784.0
2026-05-27 22:35:00,5.44e-06,5.45e-06,5.43e-06,5.44e-06,1988469630.0
2026-05-27 22:40:00,5.45e-06,5.45e-06,5.44e-06,5.45e-06,196298826.0
2026-05-27 22:45:00,5.44e-06,5.45e-06,5.43e-06,5.43e-06,3398932696.0
2026-05-27 22:50:00,5.43e-06,5.44e-06,5.42e-06,5.44e-06,2657853990.0
2026-05-27 22:55:00,5.43e-06,5.44e-06,5.42e-06,5.42e-06,5291604026.0
2026-05-27 23:00:00,5.43e-06,5.44e-06,5.42e-06,5.44e-06,2399587959.0
2026-05-27 23:05:00,5.44e-06,5.44e-06,5.43e-06,5.43e-06,3158116943.0
2026-05-27 23:10:00,5.43e-06,5.44e-06,5.43e-06,5.44e-06,895756550.0
2026-05-27 23:15:00,5.43e-06,5.45e-06,5.43e-06,5.45e-06,4271071552.0
2026-05-27 23:20:00,5.45e-06,5.45e-06,5.42e-06,5.43e-06,774492059.0
2026-05-27 23:25:00,5.43e-06,5.43e-06,5.42e-06,5.42e-06,6777260806.0
2026-05-27 23:30:00,5.42e-06,5.44e-06,5.42e-06,5.42e-06,1174823578.0
2026-05-27 23:35:00,5.43e-06,5.44e-06,5.42e-06,5.44e-06,1405548925.0
2026-05-27 23:40:00,5.43e-06,5.44e-06,5.42e-06,5.43e-06,5776083746.0
2026-05-27 23:45:00,5.43e-06,5.45e-06,5.42e-06,5.45e-06,3079401241.0
2026-05-27 23:50:00,5.44e-06,5.45e-06,5.43e-06,5.44e-06,3723174067.0
2026-05-27 23:55:00,5.43e-06,5.45e-06,5.43e-06,5.43e-06,973950086.0
2026-05-28 00:00:00,5.44e-06,5.45e-06,5.43e-06,5.44e-06,255949959.0
2026-05-28 00:05:00,5.45e-06,5.45e-06,5.44e-06,5.44e-06,370802313.0
2026-05-28 00:10:00,5.44e-06,5.45e-06,5.44e-06,5.45e-06,3165731356.0
2026-05-28 00:15:00,5.44e-06,5.46e-06,5.44e-06,5.45e-06,2663021360.0
2026-05-28 00:20:00,5.44e-06,5.46e-06,5.44e-06,5.45e-06,4012817057.0
2026-05-28 00:25:00,5.44e-06,5.45e-06,5.43e-06,5.44e-06,3879298450.0
2026-05-28 00:30:00,5.45e-06,5.46e-06,5.44e-06,5.46e-06,1948755798.0
2026-05-28 00:35:00,5.45e-06,5.45e-06,5.44e-06,5.44e-06,575727777.0
2026-05-28 00:40:00,5.44e-06,5.45e-06,5.44e-06,5.45e-06,299777454.0
2026-05-28 00:45:00,5.45e-06,5.45e-06,5.44e-06,5.45e-06,1479663090.0
2026-05-28 00:50:00,5.44e-06,5.45e-06,5.44e-06,5.45e-06,1008099060.0
2026-05-28 00:55:00,5.44e-06,5.45e-06,5.44e-06,5.45e-06,1840468744.0
2026-05-28 01:00:00,5.45e-06,5.46e-06,5.45e-06,5.45e-06,1388212925.0
2026-05-28 01:05:00,5.44e-06,5.46e-06,5.44e-06,5.44e-06,1687124766.0
2026-05-28 01:10:00,5.44e-06,5.45e-06,5.44e-06,5.44e-06,426997987.0
2026-05-28 01:15:00,5.45e-06,5.45e-06,5.42e-06,5.42e-06,10492556572.0
2026-05-28 01:20:00,5.43e-06,5.45e-06,5.42e-06,5.44e-06,1880805524.0
2026-05-28 01:25:00,5.43e-06,5.44e-06,5.4e-06,5.42e-06,12443401078.0
2026-05-28 01:30:00,5.42e-06,5.43e-06,5.41e-06,5.43e-06,2127870501.0
2026-05-28 01:35:00,5.42e-06,5.44e-06,5.42e-06,5.43e-06,837928151.0
2026-05-28 01:40:00,5.42e-06,5.43e-06,5.41e-06,5.43e-06,4441940124.0
2026-05-28 01:45:00,5.44e-06,5.45e-06,5.43e-06,5.45e-06,2282753045.0
2026-05-28 01:50:00,5.44e-06,5.46e-06,5.43e-06,5.43e-06,3756651504.0
2026-05-28 01:55:00,5.44e-06,5.45e-06,5.43e-06,5.45e-06,649325066.0
2026-05-28 02:00:00,5.44e-06,5.45e-06,5.44e-06,5.45e-06,1473921029.0
2026-05-28 02:05:00,5.44e-06,5.46e-06,5.44e-06,5.46e-06,349642105.0
2026-05-28 02:10:00,5.46e-06,5.46e-06,5.44e-06,5.45e-06,576693652.0
2026-05-28 02:15:00,5.44e-06,5.45e-06,5.43e-06,5.43e-06,3107932583.0
2026-05-28 02:20:00,5.42e-06,5.43e-06,5.42e-06,5.43e-06,85936301.0
2026-05-28 02:25:00,5.42e-06,5.43e-06,5.41e-06,5.41e-06,584267441.0
2026-05-28 02:30:00,5.42e-06,5.43e-06,5.41e-06,5.41e-06,5667759198.0
2026-05-28 02:35:00,5.41e-06,5.42e-06,5.41e-06,5.42e-06,2222203184.0
2026-05-28 02:40:00,5.42e-06,5.43e-06,5.42e-06,5.43e-06,981552716.0
2026-05-28 02:45:00,5.42e-06,5.43e-06,5.42e-06,5.43e-06,450157537.0
2026-05-28 02:50:00,5.42e-06,5.44e-06,5.42e-06,5.42e-06,3271550230.0
2026-05-28 02:55:00,5.43e-06,5.43e-06,5.42e-06,5.43e-06,899697798.0
2026-05-28 03:00:00,5.42e-06,5.43e-06,5.41e-06,5.42e-06,2138593308.0
2026-05-28 03:05:00,5.42e-06,5.42e-06,5.41e-06,5.42e-06,783480733.0
2026-05-28 03:10:00,5.41e-06,5.42e-06,5.4e-06,5.42e-06,2305226205.0
2026-05-28 03:15:00,5.41e-06,5.42e-06,5.31e-06,5.36e-06,48739434971.0
2026-05-28 03:20:00,5.36e-06,5.39e-06,5.35e-06,5.38e-06,5270247392.0
2026-05-28 03:25:00,5.39e-06,5.39e-06,5.37e-06,5.37e-06,3731003458.0
2026-05-28 03:30:00,5.36e-06,5.38e-06,5.35e-06,5.36e-06,3855371717.0
2026-05-28 03:35:00,5.36e-06,5.36e-06,5.34e-06,5.35e-06,14608156676.0
2026-05-28 03:40:00,5.35e-06,5.36e-06,5.34e-06,5.34e-06,4553829137.0
2026-05-28 03:45:00,5.34e-06,5.36e-06,5.34e-06,5.34e-06,4783412051.0
2026-05-28 03:50:00,5.34e-06,5.34e-06,5.32e-06,5.33e-06,5331712949.0
2026-05-28 03:55:00,5.32e-06,5.33e-06,5.3e-06,5.31e-06,20632778453.0
2026-05-28 04:00:00,5.3e-06,5.31e-06,5.24e-06,5.28e-06,45496550449.0
2026-05-28 04:05:00,5.28e-06,5.31e-06,5.27e-06,5.31e-06,10581829357.0
2026-05-28 04:10:00,5.31e-06,5.31e-06,5.29e-06,5.3e-06,2039000312.0
2026-05-28 04:15:00,5.29e-06,5.3e-06,5.27e-06,5.28e-06,2583908899.0
2026-05-28 04:20:00,5.27e-06,5.29e-06,5.24e-06,5.26e-06,6828471653.0
2026-05-28 04:25:00,5.26e-06,5.28e-06,5.25e-06,5.27e-06,5002951071.0
2026-05-28 04:30:00,5.26e-06,5.3e-06,5.26e-06,5.29e-06,4953738886.0
2026-05-28 04:35:00,5.29e-06,5.31e-06,5.29e-06,5.3e-06,2717606246.0
2026-05-28 04:40:00,5.3e-06,5.31e-06,5.29e-06,5.31e-06,4804948895.0
2026-05-28 04:45:00,5.31e-06,5.31e-06,5.28e-06,5.3e-06,2656919808.0
2026-05-28 04:50:00,5.3e-06,5.3e-06,5.28e-06,5.28e-06,3768824055.0
2026-05-28 04:55:00,5.29e-06,5.3e-06,5.28e-06,5.29e-06,2124579018.0
2026-05-28 05:00:00,5.29e-06,5.3e-06,5.28e-06,5.29e-06,2480844716.0
2026-05-28 05:05:00,5.29e-06,5.29e-06,5.27e-06,5.29e-06,23460510422.0
2026-05-28 05:10:00,5.28e-06,5.29e-06,5.25e-06,5.27e-06,30817722018.0
2026-05-28 05:15:00,5.26e-06,5.27e-06,5.24e-06,5.25e-06,11467507323.0
2026-05-28 05:20:00,5.25e-06,5.26e-06,5.24e-06,5.25e-06,7615372325.0
2026-05-28 05:25:00,5.25e-06,5.26e-06,5.24e-06,5.24e-06,11928785171.0
2026-05-28 05:30:00,5.24e-06,5.27e-06,5.24e-06,5.27e-06,3026058653.0
2026-05-28 05:35:00,5.27e-06,5.28e-06,5.26e-06,5.28e-06,4860476909.0
2026-05-28 05:40:00,5.28e-06,5.29e-06,5.27e-06,5.28e-06,4131159250.0
2026-05-28 05:45:00,5.27e-06,5.28e-06,5.26e-06,5.27e-06,3719720010.0
2026-05-28 05:50:00,5.27e-06,5.28e-06,5.26e-06,5.27e-06,1446671648.0
2026-05-28 05:55:00,5.28e-06,5.28e-06,5.26e-06,5.27e-06,769443347.0
2026-05-28 06:00:00,5.27e-06,5.28e-06,5.26e-06,5.27e-06,7002753680.0
2026-05-28 06:05:00,5.27e-06,5.28e-06,5.27e-06,5.28e-06,450896291.0
2026-05-28 06:10:00,5.28e-06,5.28e-06,5.27e-06,5.28e-06,816413677.0
2026-05-28 06:15:00,5.27e-06,5.28e-06,5.27e-06,5.27e-06,1483588868.0
2026-05-28 06:20:00,5.28e-06,5.28e-06,5.26e-06,5.27e-06,6355885011.0
2026-05-28 06:25:00,5.27e-06,5.28e-06,5.26e-06,5.27e-06,8914729662.0
2026-05-28 06:30:00,5.27e-06,5.28e-06,5.26e-06,5.27e-06,5470986550.0
2026-05-28 06:35:00,5.28e-06,5.28e-06,5.26e-06,5.27e-06,2343086676.0
2026-05-28 06:40:00,5.27e-06,5.28e-06,5.26e-06,5.27e-06,2434277193.0
2026-05-28 06:45:00,5.28e-06,5.3e-06,5.28e-06,5.29e-06,1964254126.0
2026-05-28 06:50:00,5.3e-06,5.3e-06,5.28e-06,5.28e-06,3787203513.0
2026-05-28 06:55:00,5.29e-06,5.29e-06,5.28e-06,5.28e-06,4644241399.0
2026-05-28 07:00:00,5.29e-06,5.29e-06,5.28e-06,5.28e-06,1358191408.0
2026-05-28 07:05:00,5.28e-06,5.29e-06,5.27e-06,5.28e-06,3906659433.0
2026-05-28 07:10:00,5.29e-06,5.29e-06,5.27e-06,5.28e-06,3909700123.0
2026-05-28 07:15:00,5.29e-06,5.3e-06,5.29e-06,5.3e-06,351196456.0
2026-05-28 07:20:00,5.3e-06,5.3e-06,5.29e-06,5.3e-06,197043025.0
2026-05-28 07:25:00,5.3e-06,5.3e-06,5.29e-06,5.29e-06,319307335.0
2026-05-28 07:30:00,5.29e-06,5.31e-06,5.29e-06,5.3e-06,6079157919.0
2026-05-28 07:35:00,5.31e-06,5.31e-06,5.3e-06,5.31e-06,502249874.0
2026-05-28 07:40:00,5.31e-06,5.31e-06,5.3e-06,5.31e-06,2524475431.0
2026-05-28 07:45:00,5.31e-06,5.31e-06,5.3e-06,5.31e-06,399230569.0
2026-05-28 07:50:00,5.31e-06,5.31e-06,5.29e-06,5.31e-06,3940155459.0
2026-05-28 07:55:00,5.3e-06,5.31e-06,5.3e-06,5.31e-06,526797554.0
2026-05-28 08:00:00,5.31e-06,5.31e-06,5.29e-06,5.3e-06,1231873915.0
2026-05-28 08:05:00,5.3e-06,5.31e-06,5.3e-06,5.31e-06,1063192183.0
2026-05-28 08:10:00,5.31e-06,5.32e-06,5.3e-06,5.32e-06,595731284.0
2026-05-28 08:15:00,5.31e-06,5.31e-06,5.3e-06,5.3e-06,1389499104.0
2026-05-28 08:20:00,5.31e-06,5.31e-06,5.29e-06,5.3e-06,1892757385.0
2026-05-28 08:25:00,5.3e-06,5.3e-06,5.29e-06,5.3e-06,1909465420.0
2026-05-28 08:30:00,5.3e-06,5.31e-06,5.29e-06,5.31e-06,456494885.0
2026-05-28 08:35:00,5.31e-06,5.31e-06,5.3e-06,5.3e-06,226384505.0
2026-05-28 08:40:00,5.3e-06,5.31e-06,5.3e-06,5.3e-06,3264323334.0
2026-05-28 08:45:00,5.3e-06,5.31e-06,5.3e-06,5.31e-06,193652246.0
2026-05-28 08:50:00,5.31e-06,5.31e-06,5.3e-06,5.31e-06,154034978.0
2026-05-28 08:55:00,5.3e-06,5.32e-06,5.3e-06,5.3e-06,7541422271.0
2026-05-28 09:00:00,5.31e-06,5.32e-06,5.3e-06,5.32e-06,2244450477.0
2026-05-28 09:05:00,5.32e-06,5.32e-06,5.3e-06,5.31e-06,1432477474.0
2026-05-28 09:10:00,5.31e-06,5.31e-06,5.3e-06,5.31e-06,710451883.0
2026-05-28 09:15:00,5.3e-06,5.32e-06,5.3e-06,5.31e-06,930940059.0
2026-05-28 09:20:00,5.31e-06,5.32e-06,5.31e-06,5.32e-06,546081077.0
2026-05-28 09:25:00,5.32e-06,5.33e-06,5.32e-06,5.32e-06,1415259730.0
2026-05-28 09:30:00,5.32e-06,5.33e-06,5.32e-06,5.32e-06,11596014941.0
2026-05-28 09:35:00,5.33e-06,5.34e-06,5.32e-06,5.33e-06,3338457300.0
2026-05-28 09:40:00,5.32e-06,5.34e-06,5.32e-06,5.33e-06,426677801.0
2026-05-28 09:45:00,5.34e-06,5.34e-06,5.33e-06,5.34e-06,138321823.0
2026-05-28 09:50:00,5.34e-06,5.34e-06,5.33e-06,5.34e-06,148548838.0
2026-05-28 09:55:00,5.33e-06,5.34e-06,5.33e-06,5.33e-06,499233714.0
2026-05-28 10:00:00,5.34e-06,5.34e-06,5.33e-06,5.33e-06,2507267326.0
2026-05-28 10:05:00,5.34e-06,5.35e-06,5.33e-06,5.34e-06,804286868.0
2026-05-28 10:10:00,5.34e-06,5.35e-06,5.34e-06,5.34e-06,586789994.0
2026-05-28 10:15:00,5.34e-06,5.35e-06,5.33e-06,5.34e-06,1231034942.0
2026-05-28 10:20:00,5.34e-06,5.34e-06,5.32e-06,5.32e-06,1352800912.0
2026-05-28 10:25:00,5.32e-06,5.34e-06,5.32e-06,5.33e-06,2594849155.0
2026-05-28 10:30:00,5.34e-06,5.34e-06,5.32e-06,5.32e-06,1773498511.0
2026-05-28 10:35:00,5.32e-06,5.33e-06,5.32e-06,5.32e-06,575730642.0
2026-05-28 10:40:00,5.33e-06,5.33e-06,5.31e-06,5.32e-06,3025103060.0
2026-05-28 10:45:00,5.32e-06,5.32e-06,5.31e-06,5.32e-06,314438834.0
2026-05-28 10:50:00,5.31e-06,5.31e-06,5.29e-06,5.31e-06,3534972274.0
2026-05-28 10:55:00,5.3e-06,5.31e-06,5.29e-06,5.29e-06,796340081.0
2026-05-28 11:00:00,5.3e-06,5.3e-06,5.29e-06,5.29e-06,1171240641.0
2026-05-28 11:05:00,5.29e-06,5.3e-06,5.28e-06,5.3e-06,3873422184.0
2026-05-28 11:10:00,5.29e-06,5.3e-06,5.28e-06,5.29e-06,1027424008.0
2026-05-28 11:15:00,5.29e-06,5.3e-06,5.28e-06,5.3e-06,1162528219.0
2026-05-28 11:20:00,5.29e-06,5.3e-06,5.28e-06,5.3e-06,1017506518.0
2026-05-28 11:25:00,5.29e-06,5.3e-06,5.28e-06,5.29e-06,1620392220.0
2026-05-28 11:30:00,5.28e-06,5.29e-06,5.28e-06,5.29e-06,2010355662.0
2026-05-28 11:35:00,5.29e-06,5.3e-06,5.29e-06,5.3e-06,271490781.0
2026-05-28 11:40:00,5.3e-06,5.3e-06,5.29e-06,5.3e-06,343731004.0
2026-05-28 11:45:00,5.29e-06,5.3e-06,5.29e-06,5.3e-06,61443274.0
2026-05-28 11:50:00,5.3e-06,5.3e-06,5.28e-06,5.3e-06,855897058.0
2026-05-28 11:55:00,5.3e-06,5.3e-06,5.29e-06,5.29e-06,529973003.0
2026-05-28 12:00:00,5.29e-06,5.3e-06,5.28e-06,5.28e-06,236902934.0
2026-05-28 12:05:00,5.28e-06,5.29e-06,5.28e-06,5.28e-06,1963912763.0
2026-05-28 12:10:00,5.28e-06,5.29e-06,5.27e-06,5.28e-06,1090374502.0
2026-05-28 12:15:00,5.28e-06,5.29e-06,5.26e-06,5.27e-06,1413197549.0
2026-05-28 12:20:00,5.27e-06,5.28e-06,5.26e-06,5.26e-06,1541376092.0
2026-05-28 12:25:00,5.27e-06,5.28e-06,5.26e-06,5.27e-06,2723587142.0
2026-05-28 12:30:00,5.27e-06,5.3e-06,5.27e-06,5.29e-06,1899982149.0
2026-05-28 12:35:00,5.29e-06,5.29e-06,5.28e-06,5.29e-06,1206791853.0
2026-05-28 12:40:00,5.3e-06,5.31e-06,5.29e-06,5.3e-06,774452401.0
2026-05-28 12:45:00,5.3e-06,5.31e-06,5.29e-06,5.31e-06,519284632.0
2026-05-28 12:50:00,5.31e-06,5.31e-06,5.29e-06,5.3e-06,445125155.0
2026-05-28 12:55:00,5.31e-06,5.31e-06,5.3e-06,5.31e-06,329761947.0
2026-05-28 13:00:00,5.3e-06,5.32e-06,5.3e-06,5.3e-06,1175114812.0
2026-05-28 13:05:00,5.31e-06,5.31e-06,5.29e-06,5.3e-06,1006933404.0
2026-05-28 13:10:00,5.3e-06,5.3e-06,5.29e-06,5.29e-06,8046675375.0
2026-05-28 13:15:00,5.3e-06,5.3e-06,5.28e-06,5.3e-06,3717135266.0
2026-05-28 13:20:00,5.3e-06,5.3e-06,5.28e-06,5.28e-06,450736033.0
2026-05-28 13:25:00,5.28e-06,5.31e-06,5.28e-06,5.31e-06,3220234484.0
2026-05-28 13:30:00,5.3e-06,5.3e-06,5.28e-06,5.29e-06,2110326805.0
2026-05-28 13:35:00,5.28e-06,5.29e-06,5.27e-06,5.28e-06,2754026881.0
2026-05-28 13:40:00,5.29e-06,5.29e-06,5.28e-06,5.28e-06,841901188.0
2026-05-28 13:45:00,5.28e-06,5.29e-06,5.27e-06,5.29e-06,3840611874.0
2026-05-28 13:50:00,5.29e-06,5.31e-06,5.28e-06,5.3e-06,14544934155.0
2026-05-28 13:55:00,5.29e-06,5.3e-06,5.29e-06,5.29e-06,1748745050.0
2026-05-28 14:00:00,5.29e-06,5.29e-06,5.26e-06,5.27e-06,4603599005.0
2026-05-28 14:05:00,5.27e-06,5.27e-06,5.24e-06,5.27e-06,8711542420.0
2026-05-28 14:10:00,5.26e-06,5.3e-06,5.24e-06,5.3e-06,14803096191.0
2026-05-28 14:15:00,5.29e-06,5.33e-06,5.29e-06,5.32e-06,6237329827.0
2026-05-28 14:20:00,5.32e-06,5.32e-06,5.29e-06,5.29e-06,2229417829.0
2026-05-28 14:25:00,5.29e-06,5.31e-06,5.29e-06,5.3e-06,1049565792.0
2026-05-28 14:30:00,5.3e-06,5.32e-06,5.29e-06,5.3e-06,3481640452.0
2026-05-28 14:35:00,5.3e-06,5.3e-06,5.29e-06,5.3e-06,2854069734.0
2026-05-28 14:40:00,5.3e-06,5.31e-06,5.29e-06,5.3e-06,1829191103.0
2026-05-28 14:45:00,5.3e-06,5.31e-06,5.29e-06,5.3e-06,3679468921.0
2026-05-28 14:50:00,5.29e-06,5.32e-06,5.29e-06,5.32e-06,3516251438.0
2026-05-28 14:55:00,5.32e-06,5.32e-06,5.3e-06,5.31e-06,2097184135.0
2026-05-28 15:00:00,5.32e-06,5.32e-06,5.3e-06,5.3e-06,1777246421.0
2026-05-28 15:05:00,5.31e-06,5.32e-06,5.29e-06,5.29e-06,2535282774.0
2026-05-28 15:10:00,5.3e-06,5.31e-06,5.29e-06,5.29e-06,2749348034.0
2026-05-28 15:15:00,5.29e-06,5.29e-06,5.28e-06,5.28e-06,2088140380.0
2026-05-28 15:20:00,5.28e-06,5.3e-06,5.27e-06,5.29e-06,1709271512.0
2026-05-28 15:25:00,5.28e-06,5.3e-06,5.28e-06,5.3e-06,1225559658.0
2026-05-28 15:30:00,5.3e-06,5.31e-06,5.29e-06,5.3e-06,2593216627.0
2026-05-28 15:35:00,5.3e-06,5.32e-06,5.3e-06,5.31e-06,1553247318.0
2026-05-28 15:40:00,5.31e-06,5.32e-06,5.31e-06,5.31e-06,1234390512.0
2026-05-28 15:45:00,5.32e-06,5.33e-06,5.31e-06,5.31e-06,1741537281.0
2026-05-28 15:50:00,5.32e-06,5.32e-06,5.31e-06,5.32e-06,678573158.0
2026-05-28 15:55:00,5.31e-06,5.32e-06,5.3e-06,5.31e-06,2407814328.0
2026-05-28 16:00:00,5.31e-06,5.32e-06,5.29e-06,5.29e-06,3326452090.0
2026-05-28 16:05:00,5.29e-06,5.3e-06,5.29e-06,5.3e-06,1101883761.0
2026-05-28 16:10:00,5.3e-06,5.32e-06,5.3e-06,5.31e-06,1498067508.0
2026-05-28 16:15:00,5.31e-06,5.33e-06,5.31e-06,5.32e-06,675133889.0
2026-05-28 16:20:00,5.33e-06,5.34e-06,5.31e-06,5.34e-06,4851620680.0
2026-05-28 16:25:00,5.33e-06,5.34e-06,5.33e-06,5.33e-06,458544699.0
2026-05-28 16:30:00,5.33e-06,5.35e-06,5.33e-06,5.33e-06,10139365473.0
2026-05-28 16:35:00,5.33e-06,5.35e-06,5.33e-06,5.33e-06,4159997861.0
2026-05-28 16:40:00,5.33e-06,5.34e-06,5.32e-06,5.33e-06,1893302460.0
2026-05-28 16:45:00,5.34e-06,5.35e-06,5.33e-06,5.34e-06,1445275998.0
2026-05-28 16:50:00,5.34e-06,5.36e-06,5.34e-06,5.35e-06,3413863862.0
2026-05-28 16:55:00,5.36e-06,5.36e-06,5.35e-06,5.36e-06,114292859.0
2026-05-28 17:00:00,5.35e-06,5.36e-06,5.34e-06,5.35e-06,1924071483.0
2026-05-28 17:05:00,5.35e-06,5.37e-06,5.34e-06,5.36e-06,1843370155.0
2026-05-28 17:10:00,5.37e-06,5.37e-06,5.35e-06,5.36e-06,3064273683.0
2026-05-28 17:15:00,5.37e-06,5.37e-06,5.35e-06,5.36e-06,2117998902.0
2026-05-28 17:20:00,5.37e-06,5.37e-06,5.35e-06,5.36e-06,658668464.0
2026-05-28 17:25:00,5.35e-06,5.35e-06,5.34e-06,5.35e-06,8365694357.0
2026-05-28 17:30:00,5.34e-06,5.37e-06,5.34e-06,5.36e-06,1499511197.0
2026-05-28 17:35:00,5.37e-06,5.38e-06,5.36e-06,5.38e-06,712868995.0
2026-05-28 17:40:00,5.38e-06,5.38e-06,5.36e-06,5.36e-06,2160242063.0
2026-05-28 17:45:00,5.36e-06,5.38e-06,5.36e-06,5.37e-06,975362023.0
2026-05-28 17:50:00,5.38e-06,5.38e-06,5.37e-06,5.38e-06,93132366.0
2026-05-28 17:55:00,5.38e-06,5.39e-06,5.37e-06,5.38e-06,815322296.0
2026-05-28 18:00:00,5.38e-06,5.41e-06,5.37e-06,5.4e-06,1666651239.0
2026-05-28 18:05:00,5.39e-06,5.41e-06,5.38e-06,5.4e-06,5413936981.0
2026-05-28 18:10:00,5.4e-06,5.41e-06,5.39e-06,5.4e-06,5228879464.0
2026-05-28 18:15:00,5.4e-06,5.42e-06,5.4e-06,5.41e-06,2222975490.0
2026-05-28 18:20:00,5.41e-06,5.41e-06,5.4e-06,5.4e-06,2251486707.0
2026-05-28 18:25:00,5.4e-06,5.41e-06,5.39e-06,5.39e-06,2908374832.0
2026-05-28 18:30:00,5.4e-06,5.4e-06,5.38e-06,5.39e-06,12850074123.0
2026-05-28 18:35:00,5.39e-06,5.39e-06,5.37e-06,5.38e-06,1873995361.0
2026-05-28 18:40:00,5.38e-06,5.38e-06,5.37e-06,5.38e-06,2324512149.0
2026-05-28 18:45:00,5.38e-06,5.38e-06,5.37e-06,5.38e-06,1211656683.0
2026-05-28 18:50:00,5.38e-06,5.38e-06,5.37e-06,5.38e-06,517564794.0
2026-05-28 18:55:00,5.38e-06,5.38e-06,5.37e-06,5.37e-06,1759129945.0
2026-05-28 19:00:00,5.37e-06,5.38e-06,5.36e-06,5.36e-06,2963809585.0
2026-05-28 19:05:00,5.36e-06,5.37e-06,5.36e-06,5.37e-06,164963423.0
2026-05-28 19:10:00,5.37e-06,5.37e-06,5.35e-06,5.37e-06,2760678678.0
2026-05-28 19:15:00,5.36e-06,5.37e-06,5.36e-06,5.36e-06,271203076.0
2026-05-28 19:20:00,5.36e-06,5.38e-06,5.36e-06,5.38e-06,649335145.0
2026-05-28 19:25:00,5.38e-06,5.38e-06,5.37e-06,5.38e-06,2314618156.0
2026-05-28 19:30:00,5.38e-06,5.38e-06,5.37e-06,5.37e-06,3510988678.0
2026-05-28 19:35:00,5.37e-06,5.38e-06,5.36e-06,5.37e-06,597062267.0
2026-05-28 19:40:00,5.37e-06,5.37e-06,5.36e-06,5.36e-06,38794524.0
2026-05-28 19:45:00,5.36e-06,5.37e-06,5.36e-06,5.36e-06,1058942520.0
2026-05-28 19:50:00,5.36e-06,5.37e-06,5.36e-06,5.36e-06,2944095848.0
2026-05-28 19:55:00,5.36e-06,5.36e-06,5.34e-06,5.35e-06,917609038.0
2026-05-28 20:00:00,5.35e-06,5.36e-06,5.34e-06,5.35e-06,6554221348.0
2026-05-28 20:05:00,5.34e-06,5.34e-06,5.33e-06,5.34e-06,1250375810.0
2026-05-28 20:10:00,5.34e-06,5.36e-06,5.34e-06,5.35e-06,2744833537.0
2026-05-28 20:15:00,5.35e-06,5.37e-06,5.35e-06,5.37e-06,521413240.0
2026-05-28 20:20:00,5.37e-06,5.37e-06,5.36e-06,5.37e-06,1099316388.0
2026-05-28 20:25:00,5.36e-06,5.38e-06,5.36e-06,5.38e-06,2882657910.0
2026-05-28 20:30:00,5.37e-06,5.38e-06,5.37e-06,5.38e-06,2606092799.0
2026-05-28 20:35:00,5.37e-06,5.39e-06,5.37e-06,5.38e-06,1561093893.0
2026-05-28 20:40:00,5.38e-06,5.39e-06,5.37e-06,5.39e-06,1067070759.0
2026-05-28 20:45:00,5.38e-06,5.39e-06,5.38e-06,5.38e-06,41765291.0
2026-05-28 20:50:00,5.38e-06,5.39e-06,5.38e-06,5.38e-06,79591612.0
2026-05-28 20:55:00,5.38e-06,5.38e-06,5.37e-06,5.38e-06,906043596.0
2026-05-28 21:00:00,5.38e-06,5.38e-06,5.36e-06,5.37e-06,3767802465.0
2026-05-28 21:05:00,5.36e-06,5.38e-06,5.36e-06,5.37e-06,188254250.0
2026-05-28 21:10:00,5.38e-06,5.4e-06,5.38e-06,5.39e-06,3255413233.0
2026-05-28 21:15:00,5.39e-06,5.4e-06,5.39e-06,5.39e-06,4172275183.0
2026-05-28 21:20:00,5.39e-06,5.39e-06,5.38e-06,5.38e-06,100875277.0
2026-05-28 21:25:00,5.38e-06,5.39e-06,5.38e-06,5.39e-06,504555589.0
2026-05-28 21:30:00,5.39e-06,5.39e-06,5.38e-06,5.39e-06,307761493.0
2026-05-28 21:35:00,5.38e-06,5.39e-06,5.38e-06,5.39e-06,763920663.0
2026-05-28 21:40:00,5.39e-06,5.4e-06,5.39e-06,5.4e-06,1641976495.0
2026-05-28 21:45:00,5.39e-06,5.4e-06,5.38e-06,5.39e-06,1989756196.0
2026-05-28 21:50:00,5.39e-06,5.4e-06,5.38e-06,5.39e-06,764828506.0
2026-05-28 21:55:00,5.39e-06,5.4e-06,5.38e-06,5.38e-06,1411765675.0
2026-05-28 22:00:00,5.38e-06,5.4e-06,5.38e-06,5.38e-06,1858670952.0
2026-05-28 22:05:00,5.38e-06,5.39e-06,5.37e-06,5.37e-06,1429447870.0
2026-05-28 22:10:00,5.37e-06,5.38e-06,5.37e-06,5.37e-06,748008135.0
2026-05-28 22:15:00,5.38e-06,5.38e-06,5.37e-06,5.37e-06,1711784852.0
2026-05-28 22:20:00,5.37e-06,5.37e-06,5.36e-06,5.36e-06,439253349.0
2026-05-28 22:25:00,5.37e-06,5.38e-06,5.36e-06,5.36e-06,2371832863.0
2026-05-28 22:30:00,5.36e-06,5.37e-06,5.35e-06,5.35e-06,3157685074.0
2026-05-28 22:35:00,5.36e-06,5.36e-06,5.35e-06,5.35e-06,163342948.0
2026-05-28 22:40:00,5.35e-06,5.36e-06,5.34e-06,5.34e-06,4264122081.0
2026-05-28 22:45:00,5.34e-06,5.37e-06,5.34e-06,5.37e-06,1337468564.0
2026-05-28 22:50:00,5.36e-06,5.37e-06,5.36e-06,5.36e-06,292082611.0
2026-05-28 22:55:00,5.36e-06,5.37e-06,5.35e-06,5.36e-06,1647695743.0
2026-05-28 23:00:00,5.36e-06,5.37e-06,5.35e-06,5.36e-06,1337185713.0
2026-05-28 23:05:00,5.36e-06,5.37e-06,5.35e-06,5.36e-06,785187064.0
2026-05-28 23:10:00,5.36e-06,5.37e-06,5.36e-06,5.36e-06,195579729.0
2026-05-28 23:15:00,5.36e-06,5.37e-06,5.36e-06,5.37e-06,142357614.0
2026-05-28 23:20:00,5.36e-06,5.37e-06,5.35e-06,5.36e-06,2278759918.0
2026-05-28 23:25:00,5.36e-06,5.38e-06,5.36e-06,5.37e-06,1932695372.0
2026-05-28 23:30:00,5.37e-06,5.38e-06,5.36e-06,5.36e-06,2393209638.0
2026-05-28 23:35:00,5.36e-06,5.37e-06,5.36e-06,5.36e-06,288787398.0
2026-05-28 23:40:00,5.36e-06,5.37e-06,5.36e-06,5.37e-06,466757090.0
2026-05-28 23:45:00,5.36e-06,5.37e-06,5.35e-06,5.37e-06,2645974560.0
2026-05-28 23:50:00,5.36e-06,5.37e-06,5.36e-06,5.36e-06,145365898.0
2026-05-28 23:55:00,5.36e-06,5.37e-06,5.36e-06,5.36e-06,4134681707.0
2026-05-29 00:00:00,5.37e-06,5.38e-06,5.37e-06,5.37e-06,2610563937.0
2026-05-29 00:05:00,5.37e-06,5.38e-06,5.37e-06,5.37e-06,561393511.0
2026-05-29 00:10:00,5.38e-06,5.39e-06,5.38e-06,5.38e-06,433843118.0
2026-05-29 00:15:00,5.38e-06,5.39e-06,5.37e-06,5.38e-06,2281854525.0
2026-05-29 00:20:00,5.37e-06,5.39e-06,5.37e-06,5.38e-06,2627589844.0
2026-05-29 00:25:00,5.38e-06,5.38e-06,5.37e-06,5.37e-06,1771847571.0
2026-05-29 00:30:00,5.38e-06,5.38e-06,5.37e-06,5.38e-06,3995270018.0
2026-05-29 00:35:00,5.38e-06,5.39e-06,5.38e-06,5.39e-06,7024811305.0
2026-05-29 00:40:00,5.39e-06,5.39e-06,5.38e-06,5.39e-06,3572225005.0
2026-05-29 00:45:00,5.39e-06,5.39e-06,5.38e-06,5.39e-06,1252142342.0
2026-05-29 00:50:00,5.39e-06,5.4e-06,5.38e-06,5.38e-06,1968087628.0
2026-05-29 00:55:00,5.39e-06,5.39e-06,5.38e-06,5.38e-06,60191372.0
2026-05-29 01:00:00,5.39e-06,5.4e-06,5.38e-06,5.38e-06,3618185535.0
2026-05-29 01:05:00,5.39e-06,5.4e-06,5.38e-06,5.39e-06,1669485392.0
2026-05-29 01:10:00,5.39e-06,5.39e-06,5.38e-06,5.38e-06,1893753884.0
2026-05-29 01:15:00,5.38e-06,5.39e-06,5.38e-06,5.38e-06,2233524777.0
2026-05-29 01:20:00,5.37e-06,5.38e-06,5.36e-06,5.38e-06,1256600132.0
2026-05-29 01:25:00,5.37e-06,5.38e-06,5.37e-06,5.37e-06,1824714524.0
2026-05-29 01:30:00,5.37e-06,5.38e-06,5.36e-06,5.37e-06,3029274631.0
2026-05-29 01:35:00,5.37e-06,5.38e-06,5.36e-06,5.37e-06,406726060.0
2026-05-29 01:40:00,5.37e-06,5.38e-06,5.37e-06,5.37e-06,8215113872.0
2026-05-29 01:45:00,5.38e-06,5.38e-06,5.36e-06,5.37e-06,1104156857.0
2026-05-29 01:50:00,5.36e-06,5.38e-06,5.36e-06,5.37e-06,1572676613.0
2026-05-29 01:55:00,5.38e-06,5.38e-06,5.36e-06,5.36e-06,1177167483.0
2026-05-29 02:00:00,5.36e-06,5.38e-06,5.36e-06,5.38e-06,390127142.0
2026-05-29 02:05:00,5.38e-06,5.38e-06,5.37e-06,5.38e-06,479069686.0
2026-05-29 02:10:00,5.38e-06,5.38e-06,5.37e-06,5.37e-06,1481157340.0
2026-05-29 02:15:00,5.37e-06,5.37e-06,5.36e-06,5.37e-06,2379304175.0
2026-05-29 02:20:00,5.36e-06,5.37e-06,5.36e-06,5.36e-06,2540865812.0
2026-05-29 02:25:00,5.36e-06,5.36e-06,5.35e-06,5.35e-06,1092318713.0
2026-05-29 02:30:00,5.35e-06,5.36e-06,5.34e-06,5.36e-06,2198339055.0
2026-05-29 02:35:00,5.36e-06,5.36e-06,5.35e-06,5.36e-06,662796051.0
2026-05-29 02:40:00,5.36e-06,5.36e-06,5.34e-06,5.34e-06,2305609987.0
2026-05-29 02:45:00,5.35e-06,5.35e-06,5.34e-06,5.34e-06,116041874.0
2026-05-29 02:50:00,5.34e-06,5.35e-06,5.32e-06,5.33e-06,1532900707.0
2026-05-29 02:55:00,5.33e-06,5.34e-06,5.33e-06,5.34e-06,2194456819.0
2026-05-29 03:00:00,5.34e-06,5.35e-06,5.33e-06,5.35e-06,1263772891.0
2026-05-29 03:05:00,5.35e-06,5.36e-06,5.35e-06,5.35e-06,622771538.0
2026-05-29 03:10:00,5.36e-06,5.36e-06,5.35e-06,5.36e-06,166392086.0
2026-05-29 03:15:00,5.36e-06,5.36e-06,5.35e-06,5.36e-06,235554550.0
2026-05-29 03:20:00,5.36e-06,5.36e-06,5.34e-06,5.35e-06,1884944071.0
2026-05-29 03:25:00,5.35e-06,5.36e-06,5.34e-06,5.35e-06,3452086438.0
2026-05-29 03:30:00,5.35e-06,5.36e-06,5.34e-06,5.35e-06,492710627.0
2026-05-29 03:35:00,5.36e-06,5.36e-06,5.35e-06,5.35e-06,1141953515.0
2026-05-29 03:40:00,5.35e-06,5.36e-06,5.34e-06,5.35e-06,1580271298.0
2026-05-29 03:45:00,5.36e-06,5.36e-06,5.34e-06,5.36e-06,2233974015.0
2026-05-29 03:50:00,5.35e-06,5.36e-06,5.34e-06,5.34e-06,778132116.0
2026-05-29 03:55:00,5.35e-06,5.35e-06,5.34e-06,5.35e-06,247502295.0
2026-05-29 04:00:00,5.35e-06,5.36e-06,5.34e-06,5.35e-06,1812902897.0
2026-05-29 04:05:00,5.36e-06,5.36e-06,5.33e-06,5.33e-06,3057269560.0
2026-05-29 04:10:00,5.33e-06,5.34e-06,5.32e-06,5.33e-06,1392220019.0
2026-05-29 04:15:00,5.34e-06,5.34e-06,5.33e-06,5.33e-06,462369715.0
2026-05-29 04:20:00,5.33e-06,5.35e-06,5.33e-06,5.35e-06,1335976916.0
2026-05-29 04:25:00,5.35e-06,5.35e-06,5.34e-06,5.34e-06,390051364.0
2026-05-29 04:30:00,5.35e-06,5.35e-06,5.34e-06,5.35e-06,196257628.0
2026-05-29 04:35:00,5.34e-06,5.35e-06,5.34e-06,5.35e-06,569605246.0
2026-05-29 04:40:00,5.35e-06,5.35e-06,5.34e-06,5.35e-06,133990240.0
2026-05-29 04:45:00,5.35e-06,5.36e-06,5.35e-06,5.35e-06,2518542567.0
2026-05-29 04:50:00,5.36e-06,5.36e-06,5.35e-06,5.35e-06,3963029313.0
2026-05-29 04:55:00,5.35e-06,5.37e-06,5.35e-06,5.36e-06,1882159303.0
2026-05-29 05:00:00,5.36e-06,5.38e-06,5.36e-06,5.37e-06,1732753802.0
2026-05-29 05:05:00,5.37e-06,5.38e-06,5.37e-06,5.38e-06,1909715854.0
2026-05-29 05:10:00,5.37e-06,5.39e-06,5.37e-06,5.37e-06,1146024781.0
2026-05-29 05:15:00,5.37e-06,5.38e-06,5.37e-06,5.37e-06,53665855.0
2026-05-29 05:20:00,5.38e-06,5.38e-06,5.36e-06,5.36e-06,973394037.0
2026-05-29 05:25:00,5.36e-06,5.38e-06,5.36e-06,5.38e-06,836472383.0
2026-05-29 05:30:00,5.37e-06,5.38e-06,5.36e-06,5.37e-06,935177295.0
2026-05-29 05:35:00,5.36e-06,5.37e-06,5.36e-06,5.37e-06,308698680.0
2026-05-29 05:40:00,5.36e-06,5.37e-06,5.36e-06,5.36e-06,301960750.0
2026-05-29 05:45:00,5.37e-06,5.39e-06,5.36e-06,5.38e-06,2756386527.0
2026-05-29 05:50:00,5.37e-06,5.38e-06,5.37e-06,5.38e-06,400125324.0
2026-05-29 05:55:00,5.38e-06,5.39e-06,5.37e-06,5.39e-06,783580394.0
2026-05-29 06:00:00,5.38e-06,5.39e-06,5.38e-06,5.39e-06,454315199.0
2026-05-29 06:05:00,5.39e-06,5.39e-06,5.38e-06,5.39e-06,824951370.0
2026-05-29 06:10:00,5.39e-06,5.4e-06,5.39e-06,5.39e-06,2191521875.0
2026-05-29 06:15:00,5.39e-06,5.4e-06,5.39e-06,5.4e-06,2216418706.0
2026-05-29 06:20:00,5.39e-06,5.41e-06,5.39e-06,5.4e-06,2656778794.0
2026-05-29 06:25:00,5.39e-06,5.4e-06,5.39e-06,5.39e-06,407568843.0
2026-05-29 06:30:00,5.39e-06,5.4e-06,5.38e-06,5.38e-06,2324238353.0
2026-05-29 06:35:00,5.39e-06,5.39e-06,5.38e-06,5.38e-06,182048313.0
2026-05-29 06:40:00,5.38e-06,5.4e-06,5.38e-06,5.39e-06,3265617618.0
2026-05-29 06:45:00,5.39e-06,5.4e-06,5.39e-06,5.39e-06,291330506.0
2026-05-29 06:50:00,5.39e-06,5.41e-06,5.39e-06,5.4e-06,3117870688.0
2026-05-29 06:55:00,5.41e-06,5.41e-06,5.39e-06,5.39e-06,3225601146.0
2026-05-29 07:00:00,5.4e-06,5.4e-06,5.39e-06,5.39e-06,219731892.0
2026-05-29 07:05:00,5.4e-06,5.4e-06,5.39e-06,5.39e-06,312028323.0
2026-05-29 07:10:00,5.39e-06,5.4e-06,5.39e-06,5.4e-06,893907143.0
2026-05-29 07:15:00,5.4e-06,5.41e-06,5.39e-06,5.39e-06,914083887.0
2026-05-29 07:20:00,5.39e-06,5.41e-06,5.39e-06,5.4e-06,1199082423.0
2026-05-29 07:25:00,5.4e-06,5.41e-06,5.39e-06,5.4e-06,2156869002.0
2026-05-29 07:30:00,5.4e-06,5.4e-06,5.38e-06,5.39e-06,1880101462.0
2026-05-29 07:35:00,5.39e-06,5.39e-06,5.37e-06,5.38e-06,3244924370.0
2026-05-29 07:40:00,5.37e-06,5.38e-06,5.36e-06,5.36e-06,2532768907.0
2026-05-29 07:45:00,5.37e-06,5.38e-06,5.36e-06,5.38e-06,985509929.0
2026-05-29 07:50:00,5.37e-06,5.38e-06,5.37e-06,5.38e-06,3275911597.0
2026-05-29 07:55:00,5.37e-06,5.39e-06,5.37e-06,5.38e-06,643586309.0
2026-05-29 08:00:00,5.39e-06,5.4e-06,5.39e-06,5.39e-06,761391191.0
2026-05-29 08:05:00,5.4e-06,5.4e-06,5.38e-06,5.38e-06,30134755527.0
2026-05-29 08:10:00,5.38e-06,5.39e-06,5.38e-06,5.38e-06,2396342668.0
2026-05-29 08:15:00,5.38e-06,5.39e-06,5.38e-06,5.39e-06,1758801430.0
2026-05-29 08:20:00,5.39e-06,5.41e-06,5.39e-06,5.4e-06,2573416842.0
2026-05-29 08:25:00,5.4e-06,5.41e-06,5.39e-06,5.4e-06,1292858091.0
2026-05-29 08:30:00,5.39e-06,5.4e-06,5.38e-06,5.4e-06,2959219899.0
2026-05-29 08:35:00,5.4e-06,5.4e-06,5.39e-06,5.4e-06,92051635.0
2026-05-29 08:40:00,5.4e-06,5.4e-06,5.39e-06,5.4e-06,172519381.0
2026-05-29 08:45:00,5.39e-06,5.4e-06,5.39e-06,5.39e-06,6465952922.0
2026-05-29 08:50:00,5.39e-06,5.4e-06,5.39e-06,5.39e-06,1343496731.0
2026-05-29 08:55:00,5.39e-06,5.4e-06,5.38e-06,5.39e-06,1405629053.0
2026-05-29 09:00:00,5.39e-06,5.4e-06,5.38e-06,5.39e-06,1013509747.0
2026-05-29 09:05:00,5.4e-06,5.41e-06,5.39e-06,5.4e-06,2550840975.0
2026-05-29 09:10:00,5.4e-06,5.41e-06,5.4e-06,5.4e-06,1334855431.0
2026-05-29 09:15:00,5.41e-06,5.42e-06,5.4e-06,5.42e-06,474932459.0
2026-05-29 09:20:00,5.42e-06,5.42e-06,5.4e-06,5.42e-06,857314152.0
2026-05-29 09:25:00,5.41e-06,5.42e-06,5.41e-06,5.41e-06,111530091.0
2026-05-29 09:30:00,5.42e-06,5.42e-06,5.41e-06,5.41e-06,249057110.0
2026-05-29 09:35:00,5.41e-06,5.42e-06,5.41e-06,5.42e-06,1916706445.0
2026-05-29 09:40:00,5.42e-06,5.42e-06,5.41e-06,5.42e-06,497498137.0
2026-05-29 09:45:00,5.41e-06,5.43e-06,5.41e-06,5.42e-06,1456491879.0
2026-05-29 09:50:00,5.42e-06,5.43e-06,5.41e-06,5.43e-06,413009495.0
2026-05-29 09:55:00,5.42e-06,5.43e-06,5.42e-06,5.43e-06,491264449.0
2026-05-29 10:00:00,5.43e-06,5.43e-06,5.42e-06,5.42e-06,3517763774.0
2026-05-29 10:05:00,5.42e-06,5.43e-06,5.41e-06,5.41e-06,1425331390.0
2026-05-29 10:10:00,5.42e-06,5.42e-06,5.41e-06,5.41e-06,122904979.0
2026-05-29 10:15:00,5.41e-06,5.42e-06,5.41e-06,5.42e-06,3103998664.0
2026-05-29 10:20:00,5.41e-06,5.42e-06,5.41e-06,5.42e-06,195478964.0
2026-05-29 10:25:00,5.42e-06,5.42e-06,5.4e-06,5.41e-06,1358994566.0
2026-05-29 10:30:00,5.41e-06,5.42e-06,5.4e-06,5.42e-06,965746563.0
2026-05-29 10:35:00,5.42e-06,5.43e-06,5.41e-06,5.41e-06,859556529.0
2026-05-29 10:40:00,5.42e-06,5.42e-06,5.41e-06,5.41e-06,316115433.0
2026-05-29 10:45:00,5.41e-06,5.42e-06,5.41e-06,5.41e-06,387671052.0
2026-05-29 10:50:00,5.41e-06,5.42e-06,5.41e-06,5.42e-06,301844479.0
2026-05-29 10:55:00,5.41e-06,5.42e-06,5.41e-06,5.42e-06,560203191.0
2026-05-29 11:00:00,5.42e-06,5.42e-06,5.41e-06,5.41e-06,2075166921.0
2026-05-29 11:05:00,5.41e-06,5.42e-06,5.41e-06,5.41e-06,584797558.0
2026-05-29 11:10:00,5.4e-06,5.41e-06,5.4e-06,5.41e-06,8117878795.0
2026-05-29 11:15:00,5.41e-06,5.41e-06,5.4e-06,5.41e-06,3342468032.0
2026-05-29 11:20:00,5.42e-06,5.42e-06,5.41e-06,5.42e-06,710604576.0
2026-05-29 11:25:00,5.41e-06,5.42e-06,5.4e-06,5.41e-06,953472207.0
2026-05-29 11:30:00,5.41e-06,5.41e-06,5.4e-06,5.41e-06,2087244170.0
2026-05-29 11:35:00,5.41e-06,5.41e-06,5.39e-06,5.39e-06,2496324844.0
2026-05-29 11:40:00,5.39e-06,5.4e-06,5.38e-06,5.39e-06,1295423203.0
2026-05-29 11:45:00,5.4e-06,5.4e-06,5.37e-06,5.38e-06,2966692455.0
2026-05-29 11:50:00,5.38e-06,5.38e-06,5.36e-06,5.37e-06,1735651933.0
2026-05-29 11:55:00,5.38e-06,5.39e-06,5.37e-06,5.38e-06,1737566872.0
2026-05-29 12:00:00,5.39e-06,5.39e-06,5.38e-06,5.38e-06,224192876.0
2026-05-29 12:05:00,5.38e-06,5.38e-06,5.37e-06,5.37e-06,924424885.0
2026-05-29 12:10:00,5.37e-06,5.38e-06,5.37e-06,5.37e-06,278105855.0
2026-05-29 12:15:00,5.37e-06,5.39e-06,5.37e-06,5.39e-06,861240823.0
2026-05-29 12:20:00,5.38e-06,5.39e-06,5.38e-06,5.38e-06,511097550.0
2026-05-29 12:25:00,5.38e-06,5.38e-06,5.37e-06,5.38e-06,641950890.0
2026-05-29 12:30:00,5.38e-06,5.39e-06,5.36e-06,5.37e-06,3889798560.0
2026-05-29 12:35:00,5.37e-06,5.37e-06,5.36e-06,5.36e-06,838003239.0
2026-05-29 12:40:00,5.36e-06,5.37e-06,5.35e-06,5.36e-06,1169749301.0
2026-05-29 12:45:00,5.36e-06,5.37e-06,5.35e-06,5.36e-06,1109019725.0
2026-05-29 12:50:00,5.35e-06,5.38e-06,5.35e-06,5.37e-06,1696137415.0
2026-05-29 12:55:00,5.37e-06,5.37e-06,5.36e-06,5.36e-06,572423850.0
2026-05-29 13:00:00,5.37e-06,5.37e-06,5.35e-06,5.35e-06,1814038697.0
2026-05-29 13:05:00,5.35e-06,5.36e-06,5.34e-06,5.35e-06,518451459.0
2026-05-29 13:10:00,5.36e-06,5.36e-06,5.33e-06,5.33e-06,6357733150.0
2026-05-29 13:15:00,5.33e-06,5.34e-06,5.33e-06,5.33e-06,1300446371.0
2026-05-29 13:20:00,5.34e-06,5.34e-06,5.33e-06,5.33e-06,1464785558.0
2026-05-29 13:25:00,5.34e-06,5.34e-06,5.32e-06,5.33e-06,2055253069.0
2026-05-29 13:30:00,5.33e-06,5.33e-06,5.31e-06,5.32e-06,1892686100.0
2026-05-29 13:35:00,5.32e-06,5.34e-06,5.32e-06,5.34e-06,2490528193.0
2026-05-29 13:40:00,5.33e-06,5.35e-06,5.32e-06,5.34e-06,6581019128.0
2026-05-29 13:45:00,5.34e-06,5.36e-06,5.34e-06,5.34e-06,1790020963.0
2026-05-29 13:50:00,5.34e-06,5.34e-06,5.33e-06,5.33e-06,1495105004.0
2026-05-29 13:55:00,5.34e-06,5.35e-06,5.33e-06,5.35e-06,328225442.0
2026-05-29 14:00:00,5.35e-06,5.36e-06,5.34e-06,5.35e-06,537271193.0
2026-05-29 14:05:00,5.34e-06,5.34e-06,5.32e-06,5.33e-06,14600236783.0
2026-05-29 14:10:00,5.33e-06,5.34e-06,5.33e-06,5.34e-06,622810624.0
2026-05-29 14:15:00,5.34e-06,5.35e-06,5.32e-06,5.33e-06,12087308459.0
2026-05-29 14:20:00,5.33e-06,5.34e-06,5.31e-06,5.32e-06,7597830651.0
2026-05-29 14:25:00,5.31e-06,5.32e-06,5.29e-06,5.31e-06,8791521495.0
2026-05-29 14:30:00,5.31e-06,5.33e-06,5.31e-06,5.32e-06,1216428606.0
2026-05-29 14:35:00,5.33e-06,5.33e-06,5.3e-06,5.31e-06,1075132191.0
2026-05-29 14:40:00,5.31e-06,5.31e-06,5.28e-06,5.29e-06,4224281085.0
2026-05-29 14:45:00,5.29e-06,5.31e-06,5.28e-06,5.3e-06,3253944788.0
2026-05-29 14:50:00,5.3e-06,5.35e-06,5.29e-06,5.33e-06,16996657403.0
2026-05-29 14:55:00,5.34e-06,5.34e-06,5.33e-06,5.33e-06,2774248421.0
2026-05-29 15:00:00,5.34e-06,5.35e-06,5.32e-06,5.34e-06,1336702626.0
2026-05-29 15:05:00,5.35e-06,5.38e-06,5.34e-06,5.38e-06,3016440037.0
2026-05-29 15:10:00,5.37e-06,5.39e-06,5.37e-06,5.38e-06,6616058757.0
2026-05-29 15:15:00,5.38e-06,5.4e-06,5.37e-06,5.39e-06,14548072611.0
2026-05-29 15:20:00,5.39e-06,5.39e-06,5.38e-06,5.39e-06,412009869.0
2026-05-29 15:25:00,5.39e-06,5.42e-06,5.38e-06,5.41e-06,6509961873.0
2026-05-29 15:30:00,5.41e-06,5.45e-06,5.41e-06,5.44e-06,10123592766.0
2026-05-29 15:35:00,5.44e-06,5.46e-06,5.44e-06,5.45e-06,4708130546.0
2026-05-29 15:40:00,5.46e-06,5.46e-06,5.42e-06,5.44e-06,3384751108.0
2026-05-29 15:45:00,5.43e-06,5.44e-06,5.42e-06,5.44e-06,1149254815.0
2026-05-29 15:50:00,5.43e-06,5.44e-06,5.42e-06,5.42e-06,1469695472.0
2026-05-29 15:55:00,5.42e-06,5.44e-06,5.42e-06,5.43e-06,2602210422.0
2026-05-29 16:00:00,5.43e-06,5.44e-06,5.42e-06,5.44e-06,1286327875.0
2026-05-29 16:05:00,5.43e-06,5.44e-06,5.43e-06,5.44e-06,459308217.0
2026-05-29 16:10:00,5.44e-06,5.44e-06,5.43e-06,5.43e-06,5031757237.0
2026-05-29 16:15:00,5.44e-06,5.44e-06,5.41e-06,5.42e-06,2474905996.0
2026-05-29 16:20:00,5.41e-06,5.42e-06,5.4e-06,5.41e-06,1982036354.0
2026-05-29 16:25:00,5.41e-06,5.42e-06,5.4e-06,5.42e-06,1229394378.0
2026-05-29 16:30:00,5.41e-06,5.45e-06,5.41e-06,5.44e-06,809363374.0
2026-05-29 16:35:00,5.45e-06,5.45e-06,5.44e-06,5.45e-06,3001971856.0
2026-05-29 16:40:00,5.44e-06,5.45e-06,5.43e-06,5.43e-06,1193712191.0
2026-05-29 16:45:00,5.43e-06,5.45e-06,5.43e-06,5.43e-06,2567567874.0
2026-05-29 16:50:00,5.43e-06,5.44e-06,5.42e-06,5.44e-06,2219371691.0
2026-05-29 16:55:00,5.43e-06,5.44e-06,5.42e-06,5.44e-06,1560656613.0
2026-05-29 17:00:00,5.44e-06,5.44e-06,5.42e-06,5.43e-06,1512777545.0
2026-05-29 17:05:00,5.42e-06,5.44e-06,5.42e-06,5.43e-06,400755589.0
2026-05-29 17:10:00,5.43e-06,5.45e-06,5.43e-06,5.45e-06,1815790274.0
2026-05-29 17:15:00,5.45e-06,5.46e-06,5.44e-06,5.45e-06,3235992945.0
2026-05-29 17:20:00,5.45e-06,5.46e-06,5.44e-06,5.45e-06,2207479701.0
2026-05-29 17:25:00,5.45e-06,5.46e-06,5.45e-06,5.46e-06,1186275922.0
2026-05-29 17:30:00,5.46e-06,5.46e-06,5.45e-06,5.46e-06,1162507477.0
2026-05-29 17:35:00,5.46e-06,5.46e-06,5.44e-06,5.46e-06,2038209260.0
2026-05-29 17:40:00,5.45e-06,5.46e-06,5.45e-06,5.45e-06,628059140.0
2026-05-29 17:45:00,5.45e-06,5.45e-06,5.43e-06,5.44e-06,2349312183.0
2026-05-29 17:50:00,5.44e-06,5.44e-06,5.43e-06,5.44e-06,847634363.0
2026-05-29 17:55:00,5.43e-06,5.44e-06,5.42e-06,5.43e-06,2348841273.0
2026-05-29 18:00:00,5.44e-06,5.44e-06,5.42e-06,5.44e-06,463309941.0
2026-05-29 18:05:00,5.44e-06,5.44e-06,5.43e-06,5.44e-06,449280304.0
2026-05-29 18:10:00,5.44e-06,5.45e-06,5.44e-06,5.45e-06,157155684.0
2026-05-29 18:15:00,5.45e-06,5.45e-06,5.43e-06,5.43e-06,1046827917.0
2026-05-29 18:20:00,5.44e-06,5.44e-06,5.42e-06,5.42e-06,2691613156.0
2026-05-29 18:25:00,5.43e-06,5.44e-06,5.42e-06,5.42e-06,2852382161.0
2026-05-29 18:30:00,5.42e-06,5.43e-06,5.42e-06,5.43e-06,39341282.0
2026-05-29 18:35:00,5.43e-06,5.43e-06,5.42e-06,5.43e-06,1316022625.0
2026-05-29 18:40:00,5.44e-06,5.44e-06,5.43e-06,5.43e-06,131845371.0
2026-05-29 18:45:00,5.43e-06,5.44e-06,5.4e-06,5.41e-06,2083065242.0
2026-05-29 18:50:00,5.41e-06,5.42e-06,5.38e-06,5.41e-06,6337645320.0
2026-05-29 18:55:00,5.4e-06,5.41e-06,5.4e-06,5.41e-06,2126719797.0
2026-05-29 19:00:00,5.41e-06,5.42e-06,5.4e-06,5.41e-06,652034188.0
2026-05-29 19:05:00,5.41e-06,5.42e-06,5.41e-06,5.41e-06,34257837.0
2026-05-29 19:10:00,5.41e-06,5.41e-06,5.39e-06,5.4e-06,301963216.0
2026-05-29 19:15:00,5.39e-06,5.39e-06,5.37e-06,5.38e-06,1809448075.0
2026-05-29 19:20:00,5.38e-06,5.39e-06,5.37e-06,5.38e-06,1121808003.0
2026-05-29 19:25:00,5.38e-06,5.39e-06,5.38e-06,5.38e-06,343843499.0
2026-05-29 19:30:00,5.38e-06,5.4e-06,5.38e-06,5.39e-06,1519227333.0
2026-05-29 19:35:00,5.4e-06,5.42e-06,5.4e-06,5.41e-06,896660623.0
2026-05-29 19:40:00,5.42e-06,5.42e-06,5.41e-06,5.41e-06,562509150.0
2026-05-29 19:45:00,5.42e-06,5.42e-06,5.41e-06,5.42e-06,2841235294.0
2026-05-29 19:50:00,5.41e-06,5.41e-06,5.4e-06,5.41e-06,1763139264.0
2026-05-29 19:55:00,5.4e-06,5.41e-06,5.4e-06,5.4e-06,417254595.0
2026-05-29 20:00:00,5.41e-06,5.41e-06,5.4e-06,5.4e-06,406402361.0
2026-05-29 20:05:00,5.4e-06,5.42e-06,5.4e-06,5.41e-06,1149518057.0
2026-05-29 20:10:00,5.42e-06,5.42e-06,5.41e-06,5.41e-06,412885728.0
2026-05-29 20:15:00,5.42e-06,5.42e-06,5.4e-06,5.41e-06,3835672022.0
2026-05-29 20:20:00,5.41e-06,5.42e-06,5.41e-06,5.42e-06,595485348.0
2026-05-29 20:25:00,5.43e-06,5.43e-06,5.42e-06,5.43e-06,575685864.0
2026-05-29 20:30:00,5.43e-06,5.43e-06,5.42e-06,5.43e-06,137972862.0
2026-05-29 20:35:00,5.43e-06,5.43e-06,5.42e-06,5.43e-06,1248040608.0
2026-05-29 20:40:00,5.42e-06,5.44e-06,5.42e-06,5.43e-06,1598589721.0
2026-05-29 20:45:00,5.42e-06,5.43e-06,5.42e-06,5.43e-06,1722381734.0
2026-05-29 20:50:00,5.43e-06,5.43e-06,5.42e-06,5.42e-06,1367708192.0
2026-05-29 20:55:00,5.41e-06,5.43e-06,5.41e-06,5.43e-06,998668739.0
2026-05-29 21:00:00,5.43e-06,5.43e-06,5.42e-06,5.42e-06,297661384.0
2026-05-29 21:05:00,5.43e-06,5.43e-06,5.42e-06,5.43e-06,585152512.0
2026-05-29 21:10:00,5.42e-06,5.45e-06,5.42e-06,5.44e-06,2581095766.0
2026-05-29 21:15:00,5.44e-06,5.44e-06,5.43e-06,5.43e-06,19917392.0
2026-05-29 21:20:00,5.44e-06,5.44e-06,5.42e-06,5.42e-06,2412155300.0
2026-05-29 21:25:00,5.43e-06,5.43e-06,5.42e-06,5.42e-06,465939319.0
2026-05-29 21:30:00,5.42e-06,5.43e-06,5.41e-06,5.43e-06,2617638288.0
2026-05-29 21:35:00,5.43e-06,5.43e-06,5.41e-06,5.43e-06,1020064697.0
2026-05-29 21:40:00,5.43e-06,5.44e-06,5.42e-06,5.44e-06,2606679689.0
2026-05-29 21:45:00,5.44e-06,5.44e-06,5.43e-06,5.43e-06,913518914.0
2026-05-29 21:50:00,5.42e-06,5.42e-06,5.4e-06,5.4e-06,304869264.0
2026-05-29 21:55:00,5.4e-06,5.41e-06,5.4e-06,5.4e-06,2057913560.0
2026-05-29 22:00:00,5.4e-06,5.41e-06,5.39e-06,5.41e-06,2232669940.0
2026-05-29 22:05:00,5.41e-06,5.41e-06,5.39e-06,5.4e-06,2503668895.0
2026-05-29 22:10:00,5.4e-06,5.41e-06,5.39e-06,5.39e-06,1469302853.0
2026-05-29 22:15:00,5.4e-06,5.41e-06,5.39e-06,5.41e-06,4444121946.0
2026-05-29 22:20:00,5.41e-06,5.42e-06,5.41e-06,5.42e-06,517214015.0
2026-05-29 22:25:00,5.42e-06,5.42e-06,5.41e-06,5.42e-06,168197161.0
2026-05-29 22:30:00,5.41e-06,5.42e-06,5.41e-06,5.42e-06,237042789.0
2026-05-29 22:35:00,5.42e-06,5.42e-06,5.4e-06,5.41e-06,3033662714.0
2026-05-29 22:40:00,5.4e-06,5.41e-06,5.4e-06,5.41e-06,181031432.0
2026-05-29 22:45:00,5.41e-06,5.42e-06,5.41e-06,5.42e-06,2224386502.0
2026-05-29 22:50:00,5.41e-06,5.41e-06,5.4e-06,5.41e-06,2467953749.0
2026-05-29 22:55:00,5.41e-06,5.42e-06,5.41e-06,5.41e-06,450953000.0
2026-05-29 23:00:00,5.42e-06,5.42e-06,5.41e-06,5.42e-06,278644034.0
2026-05-29 23:05:00,5.42e-06,5.43e-06,5.42e-06,5.43e-06,345421720.0
2026-05-29 23:10:00,5.42e-06,5.43e-06,5.41e-06,5.41e-06,710293145.0
2026-05-29 23:15:00,5.42e-06,5.43e-06,5.42e-06,5.42e-06,399324511.0
2026-05-29 23:20:00,5.41e-06,5.42e-06,5.4e-06,5.42e-06,2734401079.0
2026-05-29 23:25:00,5.41e-06,5.42e-06,5.41e-06,5.41e-06,183733334.0
2026-05-29 23:30:00,5.4e-06,5.41e-06,5.4e-06,5.41e-06,1145487505.0
2026-05-29 23:35:00,5.41e-06,5.41e-06,5.4e-06,5.4e-06,93687716.0
2026-05-29 23:40:00,5.41e-06,5.41e-06,5.4e-06,5.41e-06,552086440.0
2026-05-29 23:45:00,5.41e-06,5.42e-06,5.41e-06,5.42e-06,1607747058.0
2026-05-29 23:50:00,5.42e-06,5.43e-06,5.42e-06,5.43e-06,3770549976.0
2026-05-29 23:55:00,5.42e-06,5.43e-06,5.42e-06,5.43e-06,29184955.0
2026-05-30 00:00:00,5.43e-06,5.43e-06,5.42e-06,5.42e-06,3130309117.0
2026-05-30 00:05:00,5.42e-06,5.44e-06,5.42e-06,5.44e-06,902948104.0
2026-05-30 00:10:00,5.43e-06,5.44e-06,5.43e-06,5.44e-06,815295760.0
2026-05-30 00:15:00,5.44e-06,5.45e-06,5.44e-06,5.44e-06,593411577.0
2026-05-30 00:20:00,5.45e-06,5.45e-06,5.44e-06,5.44e-06,175307468.0
2026-05-30 00:25:00,5.44e-06,5.45e-06,5.44e-06,5.44e-06,372342949.0
2026-05-30 00:30:00,5.45e-06,5.45e-06,5.43e-06,5.44e-06,2771999573.0
2026-05-30 00:35:00,5.44e-06,5.46e-06,5.44e-06,5.45e-06,969289794.0
2026-05-30 00:40:00,5.45e-06,5.46e-06,5.44e-06,5.45e-06,3909284365.0
2026-05-30 00:45:00,5.44e-06,5.46e-06,5.44e-06,5.45e-06,627451797.0
2026-05-30 00:50:00,5.46e-06,5.46e-06,5.45e-06,5.46e-06,196254035.0
2026-05-30 00:55:00,5.46e-06,5.47e-06,5.46e-06,5.46e-06,1961275540.0
2026-05-30 01:00:00,5.46e-06,5.47e-06,5.45e-06,5.47e-06,1255599807.0
2026-05-30 01:05:00,5.46e-06,5.47e-06,5.46e-06,5.47e-06,2329982824.0
2026-05-30 01:10:00,5.46e-06,5.48e-06,5.46e-06,5.48e-06,1838901573.0
2026-05-30 01:15:00,5.48e-06,5.48e-06,5.47e-06,5.47e-06,1814738378.0
2026-05-30 01:20:00,5.48e-06,5.49e-06,5.47e-06,5.48e-06,2481232942.0
2026-05-30 01:25:00,5.49e-06,5.5e-06,5.48e-06,5.49e-06,2158503829.0
2026-05-30 01:30:00,5.49e-06,5.51e-06,5.49e-06,5.5e-06,13693629631.0
2026-05-30 01:35:00,5.5e-06,5.51e-06,5.49e-06,5.51e-06,1024524536.0
2026-05-30 01:40:00,5.51e-06,5.51e-06,5.48e-06,5.49e-06,2445733652.0
2026-05-30 01:45:00,5.49e-06,5.5e-06,5.49e-06,5.5e-06,812409242.0
2026-05-30 01:50:00,5.5e-06,5.51e-06,5.49e-06,5.51e-06,1494183174.0
2026-05-30 01:55:00,5.51e-06,5.51e-06,5.5e-06,5.51e-06,298306944.0
2026-05-30 02:00:00,5.51e-06,5.54e-06,5.51e-06,5.53e-06,6883649929.0
2026-05-30 02:05:00,5.53e-06,5.53e-06,5.52e-06,5.52e-06,337888917.0
2026-05-30 02:10:00,5.53e-06,5.53e-06,5.52e-06,5.53e-06,1271431830.0
2026-05-30 02:15:00,5.53e-06,5.54e-06,5.52e-06,5.53e-06,3409135949.0
2026-05-30 02:20:00,5.53e-06,5.53e-06,5.51e-06,5.52e-06,4510260406.0
2026-05-30 02:25:00,5.52e-06,5.53e-06,5.52e-06,5.52e-06,458594480.0
2026-05-30 02:30:00,5.52e-06,5.54e-06,5.52e-06,5.54e-06,933214608.0
2026-05-30 02:35:00,5.54e-06,5.55e-06,5.54e-06,5.54e-06,3201314673.0
2026-05-30 02:40:00,5.54e-06,5.55e-06,5.53e-06,5.54e-06,1070129211.0
2026-05-30 02:45:00,5.54e-06,5.55e-06,5.53e-06,5.53e-06,486670807.0
2026-05-30 02:50:00,5.53e-06,5.55e-06,5.53e-06,5.54e-06,1700345580.0
2026-05-30 02:55:00,5.54e-06,5.55e-06,5.53e-06,5.53e-06,1473708833.0
2026-05-30 03:00:00,5.54e-06,5.57e-06,5.53e-06,5.55e-06,7469382236.0
2026-05-30 03:05:00,5.55e-06,5.55e-06,5.54e-06,5.54e-06,522252582.0
2026-05-30 03:10:00,5.54e-06,5.55e-06,5.54e-06,5.54e-06,358045137.0
2026-05-30 03:15:00,5.54e-06,5.55e-06,5.52e-06,5.53e-06,3431696895.0
2026-05-30 03:20:00,5.53e-06,5.54e-06,5.51e-06,5.51e-06,1941813041.0
2026-05-30 03:25:00,5.51e-06,5.52e-06,5.51e-06,5.51e-06,41812006.0
2026-05-30 03:30:00,5.51e-06,5.52e-06,5.5e-06,5.51e-06,7205782325.0
2026-05-30 03:35:00,5.52e-06,5.52e-06,5.5e-06,5.51e-06,1017868078.0
2026-05-30 03:40:00,5.51e-06,5.51e-06,5.49e-06,5.5e-06,1806521759.0
2026-05-30 03:45:00,5.49e-06,5.51e-06,5.49e-06,5.51e-06,4199055216.0
2026-05-30 03:50:00,5.51e-06,5.51e-06,5.5e-06,5.51e-06,67848106.0
2026-05-30 03:55:00,5.51e-06,5.51e-06,5.5e-06,5.5e-06,187329034.0
2026-05-30 04:00:00,5.51e-06,5.52e-06,5.49e-06,5.49e-06,1970618907.0
2026-05-30 04:05:00,5.5e-06,5.5e-06,5.48e-06,5.48e-06,528998427.0
2026-05-30 04:10:00,5.48e-06,5.5e-06,5.48e-06,5.49e-06,1447310161.0
2026-05-30 04:15:00,5.5e-06,5.5e-06,5.47e-06,5.48e-06,1654420588.0
2026-05-30 04:20:00,5.48e-06,5.49e-06,5.47e-06,5.48e-06,1438356569.0
2026-05-30 04:25:00,5.47e-06,5.48e-06,5.44e-06,5.46e-06,6847118888.0
2026-05-30 04:30:00,5.45e-06,5.46e-06,5.44e-06,5.44e-06,1558984486.0
2026-05-30 04:35:00,5.44e-06,5.46e-06,5.44e-06,5.46e-06,1906494610.0
2026-05-30 04:40:00,5.45e-06,5.47e-06,5.45e-06,5.46e-06,497888062.0
2026-05-30 04:45:00,5.46e-06,5.47e-06,5.46e-06,5.46e-06,2507569079.0
2026-05-30 04:50:00,5.46e-06,5.48e-06,5.46e-06,5.46e-06,682360433.0
2026-05-30 04:55:00,5.47e-06,5.47e-06,5.46e-06,5.47e-06,706712115.0
2026-05-30 05:00:00,5.47e-06,5.48e-06,5.46e-06,5.48e-06,3318246907.0
2026-05-30 05:05:00,5.48e-06,5.5e-06,5.48e-06,5.48e-06,7936425367.0
2026-05-30 05:10:00,5.48e-06,5.49e-06,5.48e-06,5.49e-06,617975775.0
2026-05-30 05:15:00,5.49e-06,5.49e-06,5.48e-06,5.49e-06,708511792.0
2026-05-30 05:20:00,5.49e-06,5.49e-06,5.48e-06,5.49e-06,298146056.0
2026-05-30 05:25:00,5.48e-06,5.49e-06,5.47e-06,5.48e-06,1264059780.0
2026-05-30 05:30:00,5.48e-06,5.48e-06,5.47e-06,5.48e-06,716041377.0
2026-05-30 05:35:00,5.48e-06,5.49e-06,5.48e-06,5.49e-06,336830590.0
2026-05-30 05:40:00,5.49e-06,5.49e-06,5.48e-06,5.49e-06,169238160.0
2026-05-30 05:45:00,5.49e-06,5.51e-06,5.49e-06,5.5e-06,1909983098.0
2026-05-30 05:50:00,5.5e-06,5.5e-06,5.49e-06,5.5e-06,91710307.0
2026-05-30 05:55:00,5.5e-06,5.51e-06,5.49e-06,5.51e-06,3703184882.0
2026-05-30 06:00:00,5.51e-06,5.51e-06,5.5e-06,5.51e-06,266372712.0
2026-05-30 06:05:00,5.5e-06,5.51e-06,5.49e-06,5.5e-06,5700283527.0
2026-05-30 06:10:00,5.5e-06,5.5e-06,5.48e-06,5.49e-06,2114324000.0
2026-05-30 06:15:00,5.49e-06,5.5e-06,5.49e-06,5.49e-06,257576322.0
2026-05-30 06:20:00,5.49e-06,5.5e-06,5.49e-06,5.5e-06,301419437.0
2026-05-30 06:25:00,5.5e-06,5.5e-06,5.49e-06,5.5e-06,532044957.0
2026-05-30 06:30:00,5.5e-06,5.51e-06,5.49e-06,5.51e-06,1013833500.0
2026-05-30 06:35:00,5.5e-06,5.51e-06,5.5e-06,5.51e-06,316064476.0
2026-05-30 06:40:00,5.51e-06,5.51e-06,5.5e-06,5.5e-06,2947474422.0
2026-05-30 06:45:00,5.5e-06,5.51e-06,5.49e-06,5.5e-06,992285174.0
2026-05-30 06:50:00,5.49e-06,5.5e-06,5.48e-06,5.49e-06,1964986677.0
2026-05-30 06:55:00,5.5e-06,5.5e-06,5.49e-06,5.49e-06,35930145.0
2026-05-30 07:00:00,5.5e-06,5.5e-06,5.48e-06,5.49e-06,2693248941.0
2026-05-30 07:05:00,5.48e-06,5.49e-06,5.48e-06,5.48e-06,61666143.0
2026-05-30 07:10:00,5.48e-06,5.49e-06,5.48e-06,5.49e-06,272032884.0
2026-05-30 07:15:00,5.49e-06,5.49e-06,5.48e-06,5.49e-06,740446041.0
2026-05-30 07:20:00,5.49e-06,5.5e-06,5.49e-06,5.5e-06,264169029.0
2026-05-30 07:25:00,5.5e-06,5.5e-06,5.49e-06,5.5e-06,157270847.0
2026-05-30 07:30:00,5.5e-06,5.5e-06,5.49e-06,5.49e-06,385663090.0
2026-05-30 07:35:00,5.49e-06,5.5e-06,5.48e-06,5.49e-06,271912362.0
2026-05-30 07:40:00,5.48e-06,5.49e-06,5.48e-06,5.49e-06,207675486.0
2026-05-30 07:45:00,5.48e-06,5.49e-06,5.48e-06,5.48e-06,118852403.0
2026-05-30 07:50:00,5.48e-06,5.49e-06,5.48e-06,5.48e-06,163156577.0
2026-05-30 07:55:00,5.49e-06,5.5e-06,5.48e-06,5.49e-06,1458306043.0
2026-05-30 08:00:00,5.5e-06,5.5e-06,5.49e-06,5.49e-06,137526508.0
2026-05-30 08:05:00,5.5e-06,5.5e-06,5.49e-06,5.49e-06,323302262.0
2026-05-30 08:10:00,5.49e-06,5.5e-06,5.49e-06,5.5e-06,134996787.0
2026-05-30 08:15:00,5.5e-06,5.5e-06,5.48e-06,5.49e-06,430861423.0
2026-05-30 08:20:00,5.49e-06,5.5e-06,5.49e-06,5.5e-06,933508179.0
2026-05-30 08:25:00,5.5e-06,5.5e-06,5.49e-06,5.49e-06,55217201.0
2026-05-30 08:30:00,5.49e-06,5.5e-06,5.49e-06,5.49e-06,775799339.0
2026-05-30 08:35:00,5.48e-06,5.5e-06,5.48e-06,5.49e-06,697454622.0
2026-05-30 08:40:00,5.48e-06,5.49e-06,5.48e-06,5.49e-06,963023228.0
2026-05-30 08:45:00,5.48e-06,5.5e-06,5.48e-06,5.5e-06,173800178.0
2026-05-30 08:50:00,5.5e-06,5.5e-06,5.49e-06,5.49e-06,566286836.0
2026-05-30 08:55:00,5.49e-06,5.49e-06,5.48e-06,5.48e-06,795574915.0
2026-05-30 09:00:00,5.49e-06,5.49e-06,5.48e-06,5.49e-06,67677340.0
2026-05-30 09:05:00,5.48e-06,5.5e-06,5.48e-06,5.5e-06,1003499995.0
2026-05-30 09:10:00,5.49e-06,5.5e-06,5.49e-06,5.5e-06,157065659.0
2026-05-30 09:15:00,5.5e-06,5.5e-06,5.49e-06,5.5e-06,308518728.0
2026-05-30 09:20:00,5.5e-06,5.5e-06,5.49e-06,5.5e-06,365987152.0
2026-05-30 09:25:00,5.49e-06,5.5e-06,5.49e-06,5.5e-06,207445132.0
2026-05-30 09:30:00,5.49e-06,5.51e-06,5.49e-06,5.5e-06,1502754389.0
2026-05-30 09:35:00,5.5e-06,5.5e-06,5.49e-06,5.49e-06,403240735.0
2026-05-30 09:40:00,5.49e-06,5.5e-06,5.49e-06,5.49e-06,63517595.0
2026-05-30 09:45:00,5.49e-06,5.5e-06,5.49e-06,5.5e-06,77668781.0
2026-05-30 09:50:00,5.49e-06,5.51e-06,5.49e-06,5.5e-06,610556563.0
2026-05-30 09:55:00,5.49e-06,5.5e-06,5.49e-06,5.49e-06,195034097.0
2026-05-30 10:00:00,5.49e-06,5.5e-06,5.49e-06,5.49e-06,59034910.0
2026-05-30 10:05:00,5.5e-06,5.51e-06,5.49e-06,5.49e-06,401440380.0
2026-05-30 10:10:00,5.49e-06,5.5e-06,5.49e-06,5.49e-06,161769034.0
2026-05-30 10:15:00,5.5e-06,5.51e-06,5.49e-06,5.5e-06,743002940.0
2026-05-30 10:20:00,5.5e-06,5.5e-06,5.49e-06,5.49e-06,2401822957.0
2026-05-30 10:25:00,5.49e-06,5.5e-06,5.49e-06,5.49e-06,1903583479.0
2026-05-30 10:30:00,5.5e-06,5.5e-06,5.49e-06,5.49e-06,516369083.0
2026-05-30 10:35:00,5.5e-06,5.5e-06,5.49e-06,5.49e-06,198366234.0
2026-05-30 10:40:00,5.49e-06,5.5e-06,5.49e-06,5.5e-06,232602115.0
2026-05-30 10:45:00,5.49e-06,5.5e-06,5.49e-06,5.49e-06,117569479.0
2026-05-30 10:50:00,5.49e-06,5.5e-06,5.49e-06,5.49e-06,123181901.0
2026-05-30 10:55:00,5.49e-06,5.5e-06,5.48e-06,5.49e-06,1621279325.0
2026-05-30 11:00:00,5.48e-06,5.5e-06,5.48e-06,5.49e-06,2605991476.0
2026-05-30 11:05:00,5.49e-06,5.49e-06,5.48e-06,5.48e-06,142420215.0
2026-05-30 11:10:00,5.48e-06,5.49e-06,5.48e-06,5.48e-06,171806334.0
2026-05-30 11:15:00,5.49e-06,5.49e-06,5.47e-06,5.47e-06,889670109.0
2026-05-30 11:20:00,5.47e-06,5.48e-06,5.47e-06,5.47e-06,8762556654.0
2026-05-30 11:25:00,5.47e-06,5.48e-06,5.47e-06,5.48e-06,1239090681.0
2026-05-30 11:30:00,5.48e-06,5.49e-06,5.47e-06,5.48e-06,939078349.0
2026-05-30 11:35:00,5.49e-06,5.5e-06,5.48e-06,5.49e-06,483168293.0
2026-05-30 11:40:00,5.49e-06,5.49e-06,5.48e-06,5.48e-06,68332787.0
2026-05-30 11:45:00,5.48e-06,5.49e-06,5.48e-06,5.49e-06,36417634.0
2026-05-30 11:50:00,5.49e-06,5.49e-06,5.48e-06,5.48e-06,35999961.0
2026-05-30 11:55:00,5.48e-06,5.49e-06,5.48e-06,5.48e-06,105904971.0
2026-05-30 12:00:00,5.48e-06,5.49e-06,5.48e-06,5.48e-06,97271133.0
2026-05-30 12:05:00,5.48e-06,5.49e-06,5.48e-06,5.48e-06,167038150.0
2026-05-30 12:10:00,5.48e-06,5.49e-06,5.48e-06,5.49e-06,361849618.0
2026-05-30 12:15:00,5.48e-06,5.49e-06,5.48e-06,5.48e-06,583628366.0
2026-05-30 12:20:00,5.48e-06,5.49e-06,5.48e-06,5.49e-06,8709484389.0
2026-05-30 12:25:00,5.49e-06,5.5e-06,5.48e-06,5.48e-06,1251413545.0
2026-05-30 12:30:00,5.48e-06,5.5e-06,5.48e-06,5.49e-06,521448797.0
2026-05-30 12:35:00,5.48e-06,5.49e-06,5.48e-06,5.48e-06,82501991.0
2026-05-30 12:40:00,5.48e-06,5.49e-06,5.48e-06,5.49e-06,574066384.0
2026-05-30 12:45:00,5.48e-06,5.49e-06,5.48e-06,5.48e-06,123248797.0
2026-05-30 12:50:00,5.49e-06,5.49e-06,5.48e-06,5.48e-06,88543657.0
2026-05-30 12:55:00,5.49e-06,5.49e-06,5.48e-06,5.48e-06,64540157.0
2026-05-30 13:00:00,5.49e-06,5.5e-06,5.48e-06,5.5e-06,3610040172.0
2026-05-30 13:05:00,5.49e-06,5.5e-06,5.49e-06,5.49e-06,115808055.0
2026-05-30 13:10:00,5.5e-06,5.5e-06,5.49e-06,5.5e-06,273070982.0
2026-05-30 13:15:00,5.5e-06,5.5e-06,5.49e-06,5.5e-06,337125971.0
2026-05-30 13:20:00,5.5e-06,5.51e-06,5.49e-06,5.49e-06,8957857052.0
2026-05-30 13:25:00,5.5e-06,5.5e-06,5.49e-06,5.49e-06,271169398.0
2026-05-30 13:30:00,5.49e-06,5.5e-06,5.48e-06,5.49e-06,1474134132.0
2026-05-30 13:35:00,5.49e-06,5.49e-06,5.48e-06,5.49e-06,253276683.0
2026-05-30 13:40:00,5.49e-06,5.49e-06,5.48e-06,5.49e-06,424204218.0
2026-05-30 13:45:00,5.49e-06,5.5e-06,5.49e-06,5.5e-06,181895518.0
2026-05-30 13:50:00,5.49e-06,5.5e-06,5.49e-06,5.5e-06,824306702.0
2026-05-30 13:55:00,5.5e-06,5.51e-06,5.49e-06,5.5e-06,601630664.0
2026-05-30 14:00:00,5.5e-06,5.51e-06,5.5e-06,5.5e-06,5322729249.0
2026-05-30 14:05:00,5.51e-06,5.51e-06,5.5e-06,5.5e-06,1114749954.0
2026-05-30 14:10:00,5.5e-06,5.51e-06,5.5e-06,5.5e-06,1218494520.0
2026-05-30 14:15:00,5.5e-06,5.52e-06,5.5e-06,5.51e-06,313079257.0
2026-05-30 14:20:00,5.51e-06,5.52e-06,5.51e-06,5.51e-06,1610380626.0
2026-05-30 14:25:00,5.52e-06,5.52e-06,5.51e-06,5.51e-06,241619122.0
2026-05-30 14:30:00,5.52e-06,5.52e-06,5.51e-06,5.51e-06,319822418.0
2026-05-30 14:35:00,5.51e-06,5.53e-06,5.51e-06,5.52e-06,1532146526.0
2026-05-30 14:40:00,5.52e-06,5.52e-06,5.51e-06,5.51e-06,676497494.0
2026-05-30 14:45:00,5.51e-06,5.52e-06,5.5e-06,5.51e-06,4363230944.0
2026-05-30 14:50:00,5.52e-06,5.52e-06,5.51e-06,5.52e-06,560276869.0
2026-05-30 14:55:00,5.52e-06,5.52e-06,5.51e-06,5.52e-06,241153608.0
2026-05-30 15:00:00,5.52e-06,5.53e-06,5.51e-06,5.51e-06,614378815.0
2026-05-30 15:05:00,5.52e-06,5.52e-06,5.51e-06,5.52e-06,344192511.0
2026-05-30 15:10:00,5.52e-06,5.53e-06,5.51e-06,5.53e-06,2948235674.0
2026-05-30 15:15:00,5.53e-06,5.53e-06,5.52e-06,5.52e-06,688770042.0
2026-05-30 15:20:00,5.53e-06,5.53e-06,5.51e-06,5.51e-06,1567285864.0
2026-05-30 15:25:00,5.52e-06,5.53e-06,5.51e-06,5.53e-06,1992074397.0
2026-05-30 15:30:00,5.53e-06,5.53e-06,5.51e-06,5.51e-06,3099692247.0
2026-05-30 15:35:00,5.52e-06,5.52e-06,5.51e-06,5.52e-06,1090381271.0
2026-05-30 15:40:00,5.52e-06,5.52e-06,5.51e-06,5.51e-06,667981589.0
2026-05-30 15:45:00,5.52e-06,5.53e-06,5.51e-06,5.52e-06,1062560265.0
2026-05-30 15:50:00,5.52e-06,5.53e-06,5.51e-06,5.53e-06,634728853.0
2026-05-30 15:55:00,5.53e-06,5.53e-06,5.51e-06,5.52e-06,1089209998.0
2026-05-30 16:00:00,5.52e-06,5.52e-06,5.51e-06,5.52e-06,262990613.0
2026-05-30 16:05:00,5.52e-06,5.53e-06,5.52e-06,5.52e-06,799127455.0
2026-05-30 16:10:00,5.53e-06,5.54e-06,5.52e-06,5.53e-06,3858365133.0
2026-05-30 16:15:00,5.54e-06,5.54e-06,5.52e-06,5.52e-06,1009784382.0
2026-05-30 16:20:00,5.53e-06,5.53e-06,5.52e-06,5.53e-06,404227340.0
2026-05-30 16:25:00,5.53e-06,5.53e-06,5.52e-06,5.53e-06,701379580.0
2026-05-30 16:30:00,5.53e-06,5.54e-06,5.52e-06,5.54e-06,1039036775.0
2026-05-30 16:35:00,5.54e-06,5.54e-06,5.53e-06,5.54e-06,6250103686.0
2026-05-30 16:40:00,5.54e-06,5.54e-06,5.53e-06,5.54e-06,503853415.0
2026-05-30 16:45:00,5.54e-06,5.55e-06,5.53e-06,5.54e-06,702312156.0
2026-05-30 16:50:00,5.55e-06,5.55e-06,5.54e-06,5.54e-06,1272739578.0
2026-05-30 16:55:00,5.55e-06,5.55e-06,5.54e-06,5.54e-06,339735724.0
2026-05-30 17:00:00,5.54e-06,5.55e-06,5.53e-06,5.54e-06,1178424514.0
2026-05-30 17:05:00,5.54e-06,5.55e-06,5.53e-06,5.53e-06,1815914554.0
2026-05-30 17:10:00,5.54e-06,5.54e-06,5.53e-06,5.54e-06,139635472.0
2026-05-30 17:15:00,5.53e-06,5.54e-06,5.52e-06,5.53e-06,7164110218.0
2026-05-30 17:20:00,5.53e-06,5.54e-06,5.53e-06,5.53e-06,106646761.0
2026-05-30 17:25:00,5.54e-06,5.54e-06,5.52e-06,5.52e-06,1000137870.0
2026-05-30 17:30:00,5.52e-06,5.53e-06,5.51e-06,5.52e-06,3377710648.0
2026-05-30 17:35:00,5.52e-06,5.52e-06,5.51e-06,5.52e-06,643975223.0
2026-05-30 17:40:00,5.52e-06,5.53e-06,5.51e-06,5.52e-06,662685270.0
2026-05-30 17:45:00,5.53e-06,5.54e-06,5.52e-06,5.53e-06,347757995.0
2026-05-30 17:50:00,5.53e-06,5.54e-06,5.53e-06,5.54e-06,212182473.0
2026-05-30 17:55:00,5.53e-06,5.55e-06,5.53e-06,5.55e-06,944401951.0
2026-05-30 18:00:00,5.54e-06,5.55e-06,5.54e-06,5.55e-06,241438917.0
2026-05-30 18:05:00,5.54e-06,5.55e-06,5.53e-06,5.54e-06,552966205.0
2026-05-30 18:10:00,5.54e-06,5.54e-06,5.53e-06,5.53e-06,2013123933.0
2026-05-30 18:15:00,5.53e-06,5.54e-06,5.53e-06,5.54e-06,142923762.0
2026-05-30 18:20:00,5.53e-06,5.55e-06,5.53e-06,5.53e-06,865730661.0
2026-05-30 18:25:00,5.54e-06,5.54e-06,5.52e-06,5.52e-06,2012667390.0
2026-05-30 18:30:00,5.53e-06,5.54e-06,5.52e-06,5.53e-06,348083913.0
2026-05-30 18:35:00,5.53e-06,5.54e-06,5.53e-06,5.54e-06,184358065.0
2026-05-30 18:40:00,5.54e-06,5.54e-06,5.53e-06,5.54e-06,2826185573.0
2026-05-30 18:45:00,5.55e-06,5.55e-06,5.53e-06,5.53e-06,527417967.0
2026-05-30 18:50:00,5.54e-06,5.54e-06,5.53e-06,5.54e-06,249406067.0
2026-05-30 18:55:00,5.54e-06,5.54e-06,5.53e-06,5.53e-06,72975452.0
2026-05-30 19:00:00,5.53e-06,5.54e-06,5.52e-06,5.53e-06,2938549767.0
2026-05-30 19:05:00,5.53e-06,5.53e-06,5.52e-06,5.53e-06,1015173353.0
2026-05-30 19:10:00,5.52e-06,5.53e-06,5.52e-06,5.52e-06,1050290754.0
2026-05-30 19:15:00,5.52e-06,5.54e-06,5.52e-06,5.54e-06,1197181702.0
2026-05-30 19:20:00,5.53e-06,5.54e-06,5.52e-06,5.52e-06,6986031089.0
2026-05-30 19:25:00,5.53e-06,5.54e-06,5.52e-06,5.52e-06,946222245.0
2026-05-30 19:30:00,5.52e-06,5.53e-06,5.52e-06,5.53e-06,575425625.0
2026-05-30 19:35:00,5.53e-06,5.53e-06,5.52e-06,5.52e-06,366255405.0
2026-05-30 19:40:00,5.53e-06,5.53e-06,5.52e-06,5.52e-06,177549035.0
2026-05-30 19:45:00,5.52e-06,5.54e-06,5.52e-06,5.54e-06,978133706.0
2026-05-30 19:50:00,5.54e-06,5.54e-06,5.53e-06,5.54e-06,228423136.0
2026-05-30 19:55:00,5.53e-06,5.54e-06,5.52e-06,5.53e-06,2218107606.0
2026-05-30 20:00:00,5.54e-06,5.55e-06,5.53e-06,5.53e-06,7115167745.0
2026-05-30 20:05:00,5.54e-06,5.55e-06,5.53e-06,5.54e-06,779589579.0
2026-05-30 20:10:00,5.54e-06,5.55e-06,5.53e-06,5.53e-06,1129930448.0
2026-05-30 20:15:00,5.54e-06,5.54e-06,5.53e-06,5.54e-06,900507847.0
2026-05-30 20:20:00,5.54e-06,5.55e-06,5.53e-06,5.54e-06,585784630.0
2026-05-30 20:25:00,5.54e-06,5.55e-06,5.54e-06,5.54e-06,902763069.0
2026-05-30 20:30:00,5.55e-06,5.55e-06,5.53e-06,5.54e-06,370013267.0
2026-05-30 20:35:00,5.53e-06,5.54e-06,5.53e-06,5.53e-06,328723218.0
2026-05-30 20:40:00,5.53e-06,5.54e-06,5.53e-06,5.54e-06,232440588.0
2026-05-30 20:45:00,5.53e-06,5.54e-06,5.53e-06,5.53e-06,329013478.0
2026-05-30 20:50:00,5.53e-06,5.54e-06,5.53e-06,5.53e-06,2037150874.0
2026-05-30 20:55:00,5.53e-06,5.54e-06,5.53e-06,5.53e-06,156948019.0
2026-05-30 21:00:00,5.54e-06,5.54e-06,5.53e-06,5.53e-06,91710989.0
2026-05-30 21:05:00,5.53e-06,5.54e-06,5.53e-06,5.53e-06,293560071.0
2026-05-30 21:10:00,5.53e-06,5.54e-06,5.53e-06,5.53e-06,168742841.0
2026-05-30 21:15:00,5.53e-06,5.54e-06,5.53e-06,5.53e-06,89828823.0
2026-05-30 21:20:00,5.53e-06,5.55e-06,5.53e-06,5.53e-06,4010613666.0
2026-05-30 21:25:00,5.53e-06,5.55e-06,5.53e-06,5.54e-06,502224537.0
2026-05-30 21:30:00,5.55e-06,5.55e-06,5.54e-06,5.54e-06,301667486.0
2026-05-30 21:35:00,5.54e-06,5.55e-06,5.54e-06,5.55e-06,466021234.0
2026-05-30 21:40:00,5.55e-06,5.55e-06,5.54e-06,5.54e-06,2836374974.0
2026-05-30 21:45:00,5.54e-06,5.55e-06,5.54e-06,5.54e-06,1186586000.0
2026-05-30 21:50:00,5.55e-06,5.55e-06,5.54e-06,5.54e-06,2084823384.0
2026-05-30 21:55:00,5.54e-06,5.54e-06,5.53e-06,5.53e-06,1642275066.0
2026-05-30 22:00:00,5.53e-06,5.53e-06,5.51e-06,5.51e-06,1803916060.0
2026-05-30 22:05:00,5.51e-06,5.52e-06,5.5e-06,5.52e-06,2024066170.0
2026-05-30 22:10:00,5.52e-06,5.52e-06,5.51e-06,5.51e-06,301348598.0
2026-05-30 22:15:00,5.52e-06,5.52e-06,5.51e-06,5.52e-06,279280359.0
2026-05-30 22:20:00,5.51e-06,5.51e-06,5.5e-06,5.5e-06,2120172708.0
2026-05-30 22:25:00,5.5e-06,5.51e-06,5.5e-06,5.51e-06,87842083.0
2026-05-30 22:30:00,5.5e-06,5.51e-06,5.5e-06,5.5e-06,75659652.0
2026-05-30 22:35:00,5.51e-06,5.51e-06,5.49e-06,5.49e-06,139337733.0
2026-05-30 22:40:00,5.49e-06,5.5e-06,5.48e-06,5.5e-06,627427287.0
2026-05-30 22:45:00,5.49e-06,5.5e-06,5.49e-06,5.5e-06,65193403.0
2026-05-30 22:50:00,5.5e-06,5.5e-06,5.49e-06,5.49e-06,132201248.0
2026-05-30 22:55:00,5.49e-06,5.5e-06,5.49e-06,5.5e-06,801336887.0
2026-05-30 23:00:00,5.5e-06,5.51e-06,5.49e-06,5.51e-06,1500329557.0
2026-05-30 23:05:00,5.5e-06,5.51e-06,5.5e-06,5.5e-06,103146733.0
2026-05-30 23:10:00,5.5e-06,5.5e-06,5.49e-06,5.49e-06,218245140.0
2026-05-30 23:15:00,5.49e-06,5.5e-06,5.49e-06,5.5e-06,196189133.0
2026-05-30 23:20:00,5.49e-06,5.5e-06,5.49e-06,5.49e-06,74539201.0
2026-05-30 23:25:00,5.5e-06,5.5e-06,5.49e-06,5.5e-06,152085651.0
2026-05-30 23:30:00,5.5e-06,5.5e-06,5.49e-06,5.5e-06,18578048.0
2026-05-30 23:35:00,5.5e-06,5.5e-06,5.48e-06,5.49e-06,756867812.0
2026-05-30 23:40:00,5.48e-06,5.49e-06,5.48e-06,5.49e-06,11091684.0
2026-05-30 23:45:00,5.48e-06,5.49e-06,5.48e-06,5.48e-06,155552247.0
2026-05-30 23:50:00,5.48e-06,5.5e-06,5.48e-06,5.49e-06,8616462527.0
2026-05-30 23:55:00,5.5e-06,5.5e-06,5.49e-06,5.5e-06,192818306.0
2026-05-31 00:00:00,5.5e-06,5.51e-06,5.49e-06,5.5e-06,683889011.0
2026-05-31 00:05:00,5.49e-06,5.5e-06,5.49e-06,5.49e-06,332617528.0
2026-05-31 00:10:00,5.49e-06,5.5e-06,5.49e-06,5.5e-06,556081393.0
2026-05-31 00:15:00,5.49e-06,5.5e-06,5.49e-06,5.5e-06,475963049.0
2026-05-31 00:20:00,5.49e-06,5.51e-06,5.49e-06,5.51e-06,1394446969.0
2026-05-31 00:25:00,5.5e-06,5.51e-06,5.5e-06,5.5e-06,318970428.0
2026-05-31 00:30:00,5.51e-06,5.51e-06,5.5e-06,5.5e-06,80537433.0
2026-05-31 00:35:00,5.5e-06,5.51e-06,5.49e-06,5.5e-06,3261767899.0
2026-05-31 00:40:00,5.5e-06,5.5e-06,5.49e-06,5.5e-06,97565906.0
2026-05-31 00:45:00,5.5e-06,5.51e-06,5.49e-06,5.5e-06,717006948.0
2026-05-31 00:50:00,5.5e-06,5.51e-06,5.5e-06,5.5e-06,454236839.0
2026-05-31 00:55:00,5.5e-06,5.51e-06,5.5e-06,5.51e-06,621867161.0
2026-05-31 01:00:00,5.51e-06,5.51e-06,5.5e-06,5.51e-06,856075981.0
2026-05-31 01:05:00,5.51e-06,5.51e-06,5.5e-06,5.5e-06,166458599.0
2026-05-31 01:10:00,5.51e-06,5.51e-06,5.5e-06,5.5e-06,57026810.0
2026-05-31 01:15:00,5.51e-06,5.52e-06,5.5e-06,5.51e-06,839259241.0
2026-05-31 01:20:00,5.51e-06,5.52e-06,5.5e-06,5.51e-06,345137968.0
2026-05-31 01:25:00,5.51e-06,5.52e-06,5.51e-06,5.51e-06,875819421.0
2026-05-31 01:30:00,5.51e-06,5.53e-06,5.51e-06,5.52e-06,1241678093.0
2026-05-31 01:35:00,5.53e-06,5.53e-06,5.52e-06,5.52e-06,1505654458.0
2026-05-31 01:40:00,5.52e-06,5.52e-06,5.51e-06,5.51e-06,2706271390.0
2026-05-31 01:45:00,5.52e-06,5.53e-06,5.51e-06,5.53e-06,2210380101.0
2026-05-31 01:50:00,5.53e-06,5.53e-06,5.52e-06,5.52e-06,37527664.0
2026-05-31 01:55:00,5.52e-06,5.52e-06,5.51e-06,5.52e-06,1481788412.0
2026-05-31 02:00:00,5.52e-06,5.53e-06,5.52e-06,5.53e-06,543117602.0
2026-05-31 02:05:00,5.52e-06,5.54e-06,5.52e-06,5.54e-06,2401618117.0
2026-05-31 02:10:00,5.54e-06,5.54e-06,5.53e-06,5.54e-06,396560655.0
2026-05-31 02:15:00,5.54e-06,5.55e-06,5.53e-06,5.54e-06,5017524256.0
2026-05-31 02:20:00,5.54e-06,5.54e-06,5.53e-06,5.54e-06,638885424.0
2026-05-31 02:25:00,5.54e-06,5.54e-06,5.52e-06,5.52e-06,1332426563.0
2026-05-31 02:30:00,5.51e-06,5.53e-06,5.51e-06,5.51e-06,1665205050.0
2026-05-31 02:35:00,5.51e-06,5.52e-06,5.51e-06,5.51e-06,201113441.0
2026-05-31 02:40:00,5.52e-06,5.52e-06,5.51e-06,5.52e-06,134753247.0
2026-05-31 02:45:00,5.51e-06,5.52e-06,5.51e-06,5.52e-06,207699447.0
2026-05-31 02:50:00,5.52e-06,5.53e-06,5.51e-06,5.52e-06,1050377419.0
2026-05-31 02:55:00,5.52e-06,5.54e-06,5.52e-06,5.53e-06,1586292576.0
2026-05-31 03:00:00,5.52e-06,5.55e-06,5.52e-06,5.53e-06,5199837745.0
2026-05-31 03:05:00,5.53e-06,5.54e-06,5.53e-06,5.53e-06,299988212.0
2026-05-31 03:10:00,5.53e-06,5.54e-06,5.53e-06,5.53e-06,409363594.0
2026-05-31 03:15:00,5.53e-06,5.54e-06,5.52e-06,5.53e-06,612524388.0
2026-05-31 03:20:00,5.53e-06,5.54e-06,5.53e-06,5.54e-06,222182990.0
2026-05-31 03:25:00,5.53e-06,5.54e-06,5.53e-06,5.54e-06,97233823.0
2026-05-31 03:30:00,5.54e-06,5.54e-06,5.53e-06,5.53e-06,324070400.0
2026-05-31 03:35:00,5.54e-06,5.54e-06,5.53e-06,5.53e-06,457666467.0
2026-05-31 03:40:00,5.53e-06,5.54e-06,5.53e-06,5.53e-06,698852184.0
2026-05-31 03:45:00,5.54e-06,5.54e-06,5.53e-06,5.54e-06,123114230.0
2026-05-31 03:50:00,5.54e-06,5.55e-06,5.53e-06,5.54e-06,1007040803.0
2026-05-31 03:55:00,5.54e-06,5.54e-06,5.53e-06,5.54e-06,247362571.0
2026-05-31 04:00:00,5.53e-06,5.55e-06,5.53e-06,5.54e-06,630008131.0
2026-05-31 04:05:00,5.54e-06,5.55e-06,5.53e-06,5.54e-06,382764038.0
2026-05-31 04:10:00,5.53e-06,5.54e-06,5.53e-06,5.53e-06,417755314.0
2026-05-31 04:15:00,5.54e-06,5.55e-06,5.53e-06,5.54e-06,80893961.0
2026-05-31 04:20:00,5.54e-06,5.55e-06,5.54e-06,5.54e-06,455078048.0
2026-05-31 04:25:00,5.54e-06,5.55e-06,5.54e-06,5.54e-06,1160159533.0
2026-05-31 04:30:00,5.54e-06,5.55e-06,5.54e-06,5.54e-06,2337153766.0
2026-05-31 04:35:00,5.54e-06,5.55e-06,5.54e-06,5.54e-06,307555978.0
2026-05-31 04:40:00,5.54e-06,5.55e-06,5.53e-06,5.55e-06,847903216.0
2026-05-31 04:45:00,5.54e-06,5.55e-06,5.54e-06,5.54e-06,187522778.0
2026-05-31 04:50:00,5.54e-06,5.55e-06,5.54e-06,5.54e-06,122468727.0
2026-05-31 04:55:00,5.55e-06,5.55e-06,5.54e-06,5.54e-06,61429759.0
2026-05-31 05:00:00,5.55e-06,5.55e-06,5.54e-06,5.54e-06,681141725.0
2026-05-31 05:05:00,5.54e-06,5.55e-06,5.54e-06,5.54e-06,559936692.0
2026-05-31 05:10:00,5.54e-06,5.54e-06,5.53e-06,5.53e-06,3149403462.0
2026-05-31 05:15:00,5.53e-06,5.54e-06,5.53e-06,5.54e-06,532055307.0
2026-05-31 05:20:00,5.53e-06,5.54e-06,5.53e-06,5.53e-06,268991744.0
2026-05-31 05:25:00,5.54e-06,5.54e-06,5.52e-06,5.53e-06,760073331.0
2026-05-31 05:30:00,5.54e-06,5.54e-06,5.53e-06,5.54e-06,14739502.0
2026-05-31 05:35:00,5.53e-06,5.54e-06,5.53e-06,5.54e-06,39829130.0
2026-05-31 05:40:00,5.54e-06,5.54e-06,5.52e-06,5.52e-06,944040588.0
2026-05-31 05:45:00,5.52e-06,5.52e-06,5.51e-06,5.52e-06,10003532921.0
2026-05-31 05:50:00,5.51e-06,5.53e-06,5.51e-06,5.52e-06,2061836650.0
2026-05-31 05:55:00,5.52e-06,5.53e-06,5.51e-06,5.52e-06,1016437167.0
2026-05-31 06:00:00,5.52e-06,5.53e-06,5.51e-06,5.51e-06,1232503162.0
2026-05-31 06:05:00,5.52e-06,5.52e-06,5.51e-06,5.52e-06,33313454.0
2026-05-31 06:10:00,5.52e-06,5.52e-06,5.51e-06,5.52e-06,88328243.0
2026-05-31 06:15:00,5.51e-06,5.52e-06,5.51e-06,5.51e-06,1071663024.0
2026-05-31 06:20:00,5.52e-06,5.52e-06,5.51e-06,5.52e-06,219022436.0
2026-05-31 06:25:00,5.52e-06,5.53e-06,5.51e-06,5.52e-06,3394738369.0
2026-05-31 06:30:00,5.52e-06,5.52e-06,5.51e-06,5.52e-06,115805949.0
2026-05-31 06:35:00,5.52e-06,5.52e-06,5.51e-06,5.52e-06,112993430.0
2026-05-31 06:40:00,5.52e-06,5.52e-06,5.51e-06,5.52e-06,197972998.0
2026-05-31 06:45:00,5.52e-06,5.53e-06,5.51e-06,5.53e-06,1810087466.0
2026-05-31 06:50:00,5.52e-06,5.52e-06,5.51e-06,5.52e-06,753863627.0
2026-05-31 06:55:00,5.52e-06,5.52e-06,5.51e-06,5.51e-06,465799799.0
2026-05-31 07:00:00,5.51e-06,5.52e-06,5.5e-06,5.5e-06,2601685629.0
2026-05-31 07:05:00,5.5e-06,5.51e-06,5.5e-06,5.51e-06,1249934845.0
2026-05-31 07:10:00,5.51e-06,5.51e-06,5.49e-06,5.5e-06,3070181564.0
2026-05-31 07:15:00,5.5e-06,5.51e-06,5.49e-06,5.51e-06,517540773.0
2026-05-31 07:20:00,5.51e-06,5.51e-06,5.49e-06,5.49e-06,1299750490.0
2026-05-31 07:25:00,5.49e-06,5.49e-06,5.48e-06,5.48e-06,1307958236.0
2026-05-31 07:30:00,5.48e-06,5.5e-06,5.48e-06,5.49e-06,2198066827.0
2026-05-31 07:35:00,5.48e-06,5.5e-06,5.48e-06,5.49e-06,1505782155.0
2026-05-31 07:40:00,5.49e-06,5.5e-06,5.48e-06,5.49e-06,1293382598.0
2026-05-31 07:45:00,5.48e-06,5.49e-06,5.48e-06,5.48e-06,556759937.0
2026-05-31 07:50:00,5.48e-06,5.49e-06,5.48e-06,5.49e-06,620875522.0
2026-05-31 07:55:00,5.49e-06,5.5e-06,5.49e-06,5.49e-06,1476307228.0
2026-05-31 08:00:00,5.49e-06,5.5e-06,5.49e-06,5.5e-06,1477347077.0
2026-05-31 08:05:00,5.5e-06,5.51e-06,5.5e-06,5.5e-06,2119913032.0
2026-05-31 08:10:00,5.49e-06,5.5e-06,5.49e-06,5.5e-06,197128266.0
2026-05-31 08:15:00,5.49e-06,5.5e-06,5.49e-06,5.5e-06,349275269.0
2026-05-31 08:20:00,5.5e-06,5.51e-06,5.5e-06,5.5e-06,1054746935.0
2026-05-31 08:25:00,5.51e-06,5.51e-06,5.5e-06,5.51e-06,785286139.0
2026-05-31 08:30:00,5.5e-06,5.5e-06,5.49e-06,5.5e-06,1285499453.0
2026-05-31 08:35:00,5.5e-06,5.51e-06,5.49e-06,5.5e-06,594793554.0
2026-05-31 08:40:00,5.5e-06,5.5e-06,5.49e-06,5.5e-06,74090521.0
2026-05-31 08:45:00,5.5e-06,5.5e-06,5.49e-06,5.49e-06,68218995.0
2026-05-31 08:50:00,5.49e-06,5.5e-06,5.49e-06,5.49e-06,169897512.0
2026-05-31 08:55:00,5.49e-06,5.51e-06,5.49e-06,5.51e-06,1192391713.0
2026-05-31 09:00:00,5.5e-06,5.5e-06,5.49e-06,5.5e-06,283882225.0
2026-05-31 09:05:00,5.5e-06,5.5e-06,5.49e-06,5.5e-06,183510087.0
2026-05-31 09:10:00,5.5e-06,5.5e-06,5.49e-06,5.5e-06,152946394.0
2026-05-31 09:15:00,5.5e-06,5.51e-06,5.49e-06,5.5e-06,831110985.0
2026-05-31 09:20:00,5.5e-06,5.51e-06,5.5e-06,5.5e-06,1306379371.0
2026-05-31 09:25:00,5.51e-06,5.51e-06,5.5e-06,5.51e-06,2206229854.0
2026-05-31 09:30:00,5.51e-06,5.51e-06,5.51e-06,5.51e-06,85583416.0
2026-05-31 09:35:00,5.51e-06,5.51e-06,5.5e-06,5.5e-06,1150975558.0
2026-05-31 09:40:00,5.51e-06,5.52e-06,5.51e-06,5.51e-06,2003848309.0
2026-05-31 09:45:00,5.51e-06,5.52e-06,5.51e-06,5.52e-06,908377901.0
2026-05-31 09:50:00,5.52e-06,5.52e-06,5.5e-06,5.51e-06,830762020.0
2026-05-31 09:55:00,5.5e-06,5.51e-06,5.49e-06,5.5e-06,234098967.0
2026-05-31 10:00:00,5.5e-06,5.5e-06,5.49e-06,5.49e-06,328802313.0
2026-05-31 10:05:00,5.49e-06,5.5e-06,5.49e-06,5.5e-06,191837290.0
2026-05-31 10:10:00,5.5e-06,5.5e-06,5.49e-06,5.5e-06,312790688.0
2026-05-31 10:15:00,5.5e-06,5.5e-06,5.49e-06,5.49e-06,311986930.0
2026-05-31 10:20:00,5.49e-06,5.49e-06,5.47e-06,5.49e-06,5314217802.0
2026-05-31 10:25:00,5.49e-06,5.49e-06,5.48e-06,5.49e-06,105273071.0
2026-05-31 10:30:00,5.48e-06,5.5e-06,5.48e-06,5.49e-06,1559358522.0
2026-05-31 10:35:00,5.49e-06,5.5e-06,5.48e-06,5.49e-06,2245305740.0
2026-05-31 10:40:00,5.49e-06,5.49e-06,5.48e-06,5.49e-06,601137779.0
2026-05-31 10:45:00,5.49e-06,5.49e-06,5.48e-06,5.49e-06,1394867413.0
2026-05-31 10:50:00,5.5e-06,5.5e-06,5.49e-06,5.49e-06,410200896.0
2026-05-31 10:55:00,5.49e-06,5.51e-06,5.49e-06,5.51e-06,596155717.0
2026-05-31 11:00:00,5.51e-06,5.51e-06,5.5e-06,5.5e-06,719282578.0
2026-05-31 11:05:00,5.51e-06,5.51e-06,5.5e-06,5.51e-06,55805062.0
2026-05-31 11:10:00,5.5e-06,5.51e-06,5.5e-06,5.5e-06,54962705.0
2026-05-31 11:15:00,5.5e-06,5.5e-06,5.5e-06,5.5e-06,135875455.0
2026-05-31 11:20:00,5.5e-06,5.51e-06,5.5e-06,5.51e-06,698483442.0
2026-05-31 11:25:00,5.5e-06,5.52e-06,5.5e-06,5.52e-06,862697992.0
2026-05-31 11:30:00,5.51e-06,5.52e-06,5.51e-06,5.51e-06,562928864.0
2026-05-31 11:35:00,5.51e-06,5.52e-06,5.51e-06,5.51e-06,187986090.0
2026-05-31 11:40:00,5.51e-06,5.52e-06,5.51e-06,5.51e-06,110338429.0
2026-05-31 11:45:00,5.51e-06,5.52e-06,5.51e-06,5.52e-06,332625161.0
2026-05-31 11:50:00,5.51e-06,5.52e-06,5.5e-06,5.5e-06,3356836276.0
2026-05-31 11:55:00,5.5e-06,5.52e-06,5.5e-06,5.51e-06,1580707691.0
2026-05-31 12:00:00,5.51e-06,5.52e-06,5.5e-06,5.5e-06,574784954.0
2026-05-31 12:05:00,5.51e-06,5.51e-06,5.5e-06,5.5e-06,291924495.0
2026-05-31 12:10:00,5.5e-06,5.51e-06,5.5e-06,5.5e-06,605813620.0
2026-05-31 12:15:00,5.5e-06,5.52e-06,5.5e-06,5.51e-06,1474559301.0
2026-05-31 12:20:00,5.52e-06,5.52e-06,5.51e-06,5.51e-06,738653419.0
2026-05-31 12:25:00,5.51e-06,5.52e-06,5.51e-06,5.51e-06,526471023.0
2026-05-31 12:30:00,5.51e-06,5.52e-06,5.51e-06,5.51e-06,352927889.0
2026-05-31 12:35:00,5.51e-06,5.52e-06,5.51e-06,5.51e-06,365161485.0
2026-05-31 12:40:00,5.51e-06,5.53e-06,5.51e-06,5.53e-06,4477504014.0
2026-05-31 12:45:00,5.52e-06,5.53e-06,5.51e-06,5.51e-06,1354404667.0
2026-05-31 12:50:00,5.52e-06,5.52e-06,5.51e-06,5.51e-06,224176513.0
2026-05-31 12:55:00,5.52e-06,5.52e-06,5.51e-06,5.51e-06,202143741.0
2026-05-31 13:00:00,5.52e-06,5.52e-06,5.51e-06,5.51e-06,472969785.0
2026-05-31 13:05:00,5.51e-06,5.52e-06,5.51e-06,5.52e-06,1325905576.0
2026-05-31 13:10:00,5.52e-06,5.53e-06,5.51e-06,5.53e-06,1032795569.0
2026-05-31 13:15:00,5.53e-06,5.53e-06,5.52e-06,5.53e-06,244404556.0
2026-05-31 13:20:00,5.53e-06,5.54e-06,5.52e-06,5.52e-06,10210992349.0
2026-05-31 13:25:00,5.53e-06,5.53e-06,5.52e-06,5.53e-06,876694093.0
2026-05-31 13:30:00,5.52e-06,5.53e-06,5.52e-06,5.53e-06,195935968.0
2026-05-31 13:35:00,5.53e-06,5.53e-06,5.51e-06,5.53e-06,7710500607.0
2026-05-31 13:40:00,5.53e-06,5.53e-06,5.51e-06,5.52e-06,1662048308.0
2026-05-31 13:45:00,5.51e-06,5.52e-06,5.51e-06,5.52e-06,525234974.0
2026-05-31 13:50:00,5.51e-06,5.52e-06,5.51e-06,5.52e-06,109496944.0
2026-05-31 13:55:00,5.51e-06,5.52e-06,5.51e-06,5.52e-06,426674861.0
2026-05-31 14:00:00,5.52e-06,5.52e-06,5.5e-06,5.51e-06,259203778.0
2026-05-31 14:05:00,5.51e-06,5.51e-06,5.5e-06,5.51e-06,113524981.0
2026-05-31 14:10:00,5.51e-06,5.51e-06,5.48e-06,5.48e-06,3160300104.0
2026-05-31 14:15:00,5.49e-06,5.5e-06,5.46e-06,5.47e-06,9616009761.0
2026-05-31 14:20:00,5.46e-06,5.47e-06,5.45e-06,5.45e-06,3667730542.0
2026-05-31 14:25:00,5.46e-06,5.47e-06,5.45e-06,5.46e-06,5997722666.0
2026-05-31 14:30:00,5.46e-06,5.48e-06,5.45e-06,5.48e-06,6277448148.0
2026-05-31 14:35:00,5.47e-06,5.48e-06,5.46e-06,5.47e-06,2464808000.0
2026-05-31 14:40:00,5.47e-06,5.47e-06,5.46e-06,5.47e-06,472843167.0
2026-05-31 14:45:00,5.46e-06,5.47e-06,5.46e-06,5.46e-06,362960860.0
2026-05-31 14:50:00,5.46e-06,5.47e-06,5.46e-06,5.46e-06,1560969279.0
2026-05-31 14:55:00,5.47e-06,5.47e-06,5.46e-06,5.46e-06,1056528650.0
2026-05-31 15:00:00,5.46e-06,5.47e-06,5.45e-06,5.46e-06,914743878.0
2026-05-31 15:05:00,5.46e-06,5.47e-06,5.46e-06,5.47e-06,801994354.0
2026-05-31 15:10:00,5.46e-06,5.47e-06,5.46e-06,5.47e-06,432186813.0
2026-05-31 15:15:00,5.46e-06,5.47e-06,5.46e-06,5.46e-06,239589869.0
2026-05-31 15:20:00,5.46e-06,5.48e-06,5.46e-06,5.47e-06,1005404045.0
2026-05-31 15:25:00,5.48e-06,5.49e-06,5.47e-06,5.47e-06,937384837.0
2026-05-31 15:30:00,5.47e-06,5.48e-06,5.47e-06,5.47e-06,967920814.0
2026-05-31 15:35:00,5.48e-06,5.48e-06,5.47e-06,5.47e-06,648653589.0
2026-05-31 15:40:00,5.48e-06,5.48e-06,5.46e-06,5.47e-06,904590279.0
2026-05-31 15:45:00,5.46e-06,5.47e-06,5.46e-06,5.46e-06,562576056.0
2026-05-31 15:50:00,5.46e-06,5.46e-06,5.45e-06,5.45e-06,1018161851.0
2026-05-31 15:55:00,5.45e-06,5.46e-06,5.45e-06,5.45e-06,783324641.0
2026-05-31 16:00:00,5.46e-06,5.46e-06,5.45e-06,5.45e-06,2184732397.0
2026-05-31 16:05:00,5.45e-06,5.46e-06,5.45e-06,5.45e-06,1396101332.0
2026-05-31 16:10:00,5.45e-06,5.46e-06,5.43e-06,5.44e-06,2409148946.0
2026-05-31 16:15:00,5.44e-06,5.45e-06,5.44e-06,5.44e-06,260884934.0
2026-05-31 16:20:00,5.44e-06,5.45e-06,5.44e-06,5.44e-06,3102461741.0
2026-05-31 16:25:00,5.44e-06,5.45e-06,5.43e-06,5.45e-06,1246876389.0
2026-05-31 16:30:00,5.44e-06,5.44e-06,5.41e-06,5.42e-06,3053354115.0
2026-05-31 16:35:00,5.42e-06,5.43e-06,5.41e-06,5.43e-06,1452422901.0
2026-05-31 16:40:00,5.42e-06,5.43e-06,5.42e-06,5.42e-06,461427950.0
2026-05-31 16:45:00,5.43e-06,5.43e-06,5.41e-06,5.42e-06,1084407568.0
2026-05-31 16:50:00,5.41e-06,5.43e-06,5.41e-06,5.43e-06,1126397053.0
2026-05-31 16:55:00,5.42e-06,5.43e-06,5.42e-06,5.42e-06,198515813.0
2026-05-31 17:00:00,5.43e-06,5.43e-06,5.41e-06,5.41e-06,1183288841.0
2026-05-31 17:05:00,5.41e-06,5.43e-06,5.41e-06,5.42e-06,609132167.0
2026-05-31 17:10:00,5.42e-06,5.42e-06,5.41e-06,5.42e-06,1866918525.0
2026-05-31 17:15:00,5.43e-06,5.44e-06,5.42e-06,5.42e-06,1254874344.0
2026-05-31 17:20:00,5.42e-06,5.44e-06,5.42e-06,5.44e-06,447018813.0
2026-05-31 17:25:00,5.43e-06,5.44e-06,5.43e-06,5.43e-06,271012396.0
2026-05-31 17:30:00,5.43e-06,5.45e-06,5.43e-06,5.44e-06,1272150977.0
2026-05-31 17:35:00,5.44e-06,5.45e-06,5.44e-06,5.44e-06,1507590282.0
2026-05-31 17:40:00,5.44e-06,5.45e-06,5.44e-06,5.44e-06,272738825.0
2026-05-31 17:45:00,5.44e-06,5.46e-06,5.44e-06,5.46e-06,991871694.0
2026-05-31 17:50:00,5.45e-06,5.45e-06,5.45e-06,5.45e-06,1012222224.0
2026-05-31 17:55:00,5.46e-06,5.46e-06,5.44e-06,5.45e-06,1454502571.0
2026-05-31 18:00:00,5.44e-06,5.46e-06,5.44e-06,5.44e-06,501611340.0
2026-05-31 18:05:00,5.44e-06,5.45e-06,5.44e-06,5.45e-06,249702315.0
2026-05-31 18:10:00,5.44e-06,5.45e-06,5.44e-06,5.44e-06,1142848258.0
2026-05-31 18:15:00,5.44e-06,5.44e-06,5.43e-06,5.43e-06,1827085186.0
2026-05-31 18:20:00,5.43e-06,5.44e-06,5.43e-06,5.43e-06,276497835.0
2026-05-31 18:25:00,5.43e-06,5.45e-06,5.43e-06,5.44e-06,233870302.0
2026-05-31 18:30:00,5.44e-06,5.46e-06,5.44e-06,5.44e-06,456919935.0
2026-05-31 18:35:00,5.45e-06,5.45e-06,5.44e-06,5.44e-06,1163128582.0
2026-05-31 18:40:00,5.44e-06,5.44e-06,5.44e-06,5.44e-06,958535606.0
2026-05-31 18:45:00,5.45e-06,5.45e-06,5.44e-06,5.44e-06,295826229.0
2026-05-31 18:50:00,5.44e-06,5.45e-06,5.44e-06,5.44e-06,185258223.0
2026-05-31 18:55:00,5.44e-06,5.45e-06,5.44e-06,5.44e-06,1037629135.0
2026-05-31 19:00:00,5.44e-06,5.46e-06,5.44e-06,5.44e-06,2937201044.0
2026-05-31 19:05:00,5.44e-06,5.45e-06,5.44e-06,5.44e-06,144383965.0
2026-05-31 19:10:00,5.44e-06,5.45e-06,5.43e-06,5.43e-06,3441058995.0
2026-05-31 19:15:00,5.43e-06,5.45e-06,5.43e-06,5.44e-06,252387846.0
2026-05-31 19:20:00,5.44e-06,5.45e-06,5.43e-06,5.43e-06,345096598.0
2026-05-31 19:25:00,5.43e-06,5.44e-06,5.43e-06,5.44e-06,456915882.0
2026-05-31 19:30:00,5.44e-06,5.44e-06,5.42e-06,5.44e-06,2921658592.0
2026-05-31 19:35:00,5.43e-06,5.44e-06,5.43e-06,5.43e-06,2221520344.0
2026-05-31 19:40:00,5.43e-06,5.45e-06,5.43e-06,5.44e-06,4133696563.0
2026-05-31 19:45:00,5.45e-06,5.45e-06,5.44e-06,5.45e-06,232061435.0
2026-05-31 19:50:00,5.44e-06,5.45e-06,5.44e-06,5.44e-06,515059728.0
2026-05-31 19:55:00,5.44e-06,5.45e-06,5.44e-06,5.44e-06,878616822.0
2026-05-31 20:00:00,5.45e-06,5.46e-06,5.44e-06,5.44e-06,7770779762.0
2026-05-31 20:05:00,5.44e-06,5.46e-06,5.44e-06,5.46e-06,726362791.0
2026-05-31 20:10:00,5.45e-06,5.46e-06,5.45e-06,5.46e-06,1419126626.0
2026-05-31 20:15:00,5.45e-06,5.46e-06,5.45e-06,5.45e-06,430064955.0
2026-05-31 20:20:00,5.46e-06,5.46e-06,5.45e-06,5.46e-06,1039937922.0
2026-05-31 20:25:00,5.45e-06,5.46e-06,5.45e-06,5.46e-06,346855310.0
2026-05-31 20:30:00,5.46e-06,5.46e-06,5.45e-06,5.45e-06,378965834.0
2026-05-31 20:35:00,5.46e-06,5.46e-06,5.45e-06,5.45e-06,123211681.0
2026-05-31 20:40:00,5.45e-06,5.46e-06,5.45e-06,5.45e-06,120080394.0
2026-05-31 20:45:00,5.45e-06,5.46e-06,5.45e-06,5.45e-06,91687070.0
2026-05-31 20:50:00,5.45e-06,5.46e-06,5.45e-06,5.46e-06,593733183.0
2026-05-31 20:55:00,5.47e-06,5.47e-06,5.46e-06,5.47e-06,19847234.0
2026-05-31 21:00:00,5.46e-06,5.47e-06,5.46e-06,5.46e-06,119611364.0
2026-05-31 21:05:00,5.46e-06,5.47e-06,5.46e-06,5.46e-06,468522256.0
2026-05-31 21:10:00,5.47e-06,5.47e-06,5.46e-06,5.47e-06,355305735.0
2026-05-31 21:15:00,5.47e-06,5.48e-06,5.46e-06,5.48e-06,1129966508.0
2026-05-31 21:20:00,5.48e-06,5.48e-06,5.47e-06,5.48e-06,25567130.0
2026-05-31 21:25:00,5.47e-06,5.48e-06,5.47e-06,5.48e-06,116549492.0
2026-05-31 21:30:00,5.47e-06,5.48e-06,5.47e-06,5.47e-06,79881526.0
2026-05-31 21:35:00,5.48e-06,5.48e-06,5.47e-06,5.48e-06,629378229.0
2026-05-31 21:40:00,5.48e-06,5.49e-06,5.48e-06,5.49e-06,1357493571.0
2026-05-31 21:45:00,5.49e-06,5.5e-06,5.49e-06,5.5e-06,301127087.0
2026-05-31 21:50:00,5.49e-06,5.5e-06,5.49e-06,5.49e-06,711647922.0
2026-05-31 21:55:00,5.5e-06,5.5e-06,5.49e-06,5.5e-06,77253001.0
2026-05-31 22:00:00,5.5e-06,5.51e-06,5.49e-06,5.49e-06,6022158581.0
2026-05-31 22:05:00,5.49e-06,5.5e-06,5.49e-06,5.49e-06,998173850.0
2026-05-31 22:10:00,5.49e-06,5.51e-06,5.49e-06,5.51e-06,4912250626.0
2026-05-31 22:15:00,5.51e-06,5.52e-06,5.51e-06,5.51e-06,2576619914.0
2026-05-31 22:20:00,5.51e-06,5.51e-06,5.5e-06,5.5e-06,587388595.0
2026-05-31 22:25:00,5.5e-06,5.52e-06,5.5e-06,5.51e-06,11918775007.0
2026-05-31 22:30:00,5.52e-06,5.52e-06,5.5e-06,5.52e-06,1906792485.0
2026-05-31 22:35:00,5.52e-06,5.52e-06,5.51e-06,5.51e-06,1875846037.0
2026-05-31 22:40:00,5.52e-06,5.52e-06,5.51e-06,5.52e-06,38595785.0
2026-05-31 22:45:00,5.52e-06,5.53e-06,5.51e-06,5.51e-06,1657875640.0
2026-05-31 22:50:00,5.51e-06,5.52e-06,5.51e-06,5.52e-06,2095286868.0
2026-05-31 22:55:00,5.52e-06,5.53e-06,5.51e-06,5.53e-06,1510374899.0
2026-05-31 23:00:00,5.52e-06,5.55e-06,5.52e-06,5.54e-06,2906708987.0
2026-05-31 23:05:00,5.54e-06,5.54e-06,5.52e-06,5.53e-06,621931692.0
2026-05-31 23:10:00,5.52e-06,5.54e-06,5.52e-06,5.53e-06,2324622967.0
2026-05-31 23:15:00,5.53e-06,5.54e-06,5.52e-06,5.54e-06,1852544904.0
2026-05-31 23:20:00,5.54e-06,5.54e-06,5.52e-06,5.53e-06,596595838.0
2026-05-31 23:25:00,5.53e-06,5.53e-06,5.52e-06,5.53e-06,334885517.0
2026-05-31 23:30:00,5.52e-06,5.53e-06,5.51e-06,5.51e-06,3881613484.0
2026-05-31 23:35:00,5.51e-06,5.52e-06,5.5e-06,5.5e-06,473437518.0
2026-05-31 23:40:00,5.5e-06,5.51e-06,5.5e-06,5.5e-06,81044393.0
2026-05-31 23:45:00,5.5e-06,5.52e-06,5.5e-06,5.52e-06,2124780156.0
2026-05-31 23:50:00,5.52e-06,5.52e-06,5.51e-06,5.51e-06,308618712.0
2026-05-31 23:55:00,5.51e-06,5.53e-06,5.51e-06,5.52e-06,982742063.0
2026-06-01 00:00:00,5.53e-06,5.54e-06,5.53e-06,5.53e-06,1084787957.0
2026-06-01 00:05:00,5.54e-06,5.54e-06,5.52e-06,5.53e-06,1604637961.0
2026-06-01 00:10:00,5.53e-06,5.53e-06,5.52e-06,5.53e-06,1290547593.0
2026-06-01 00:15:00,5.54e-06,5.54e-06,5.52e-06,5.53e-06,510744727.0
2026-06-01 00:20:00,5.53e-06,5.54e-06,5.52e-06,5.54e-06,1408311537.0
2026-06-01 00:25:00,5.54e-06,5.55e-06,5.53e-06,5.55e-06,2681974230.0
2026-06-01 00:30:00,5.55e-06,5.56e-06,5.54e-06,5.54e-06,8156260464.0
2026-06-01 00:35:00,5.55e-06,5.55e-06,5.54e-06,5.54e-06,114629674.0
2026-06-01 00:40:00,5.54e-06,5.55e-06,5.53e-06,5.55e-06,2670483715.0
2026-06-01 00:45:00,5.55e-06,5.56e-06,5.55e-06,5.56e-06,934054934.0
2026-06-01 00:50:00,5.56e-06,5.56e-06,5.55e-06,5.56e-06,395425493.0
2026-06-01 00:55:00,5.55e-06,5.55e-06,5.54e-06,5.55e-06,2660593524.0
2026-06-01 01:00:00,5.54e-06,5.55e-06,5.53e-06,5.53e-06,1321432316.0
2026-06-01 01:05:00,5.54e-06,5.55e-06,5.53e-06,5.53e-06,2449945494.0
2026-06-01 01:10:00,5.52e-06,5.54e-06,5.52e-06,5.52e-06,819886852.0
2026-06-01 01:15:00,5.53e-06,5.54e-06,5.52e-06,5.53e-06,1361786938.0
2026-06-01 01:20:00,5.53e-06,5.53e-06,5.51e-06,5.51e-06,7325710784.0
2026-06-01 01:25:00,5.51e-06,5.52e-06,5.51e-06,5.51e-06,92088702.0
2026-06-01 01:30:00,5.51e-06,5.52e-06,5.51e-06,5.52e-06,418269420.0
2026-06-01 01:35:00,5.52e-06,5.52e-06,5.51e-06,5.51e-06,626010485.0
2026-06-01 01:40:00,5.51e-06,5.52e-06,5.49e-06,5.5e-06,2041598631.0
2026-06-01 01:45:00,5.5e-06,5.51e-06,5.49e-06,5.51e-06,2516772976.0
2026-06-01 01:50:00,5.51e-06,5.51e-06,5.48e-06,5.49e-06,2092938696.0
2026-06-01 01:55:00,5.48e-06,5.49e-06,5.47e-06,5.48e-06,4756869857.0
2026-06-01 02:00:00,5.47e-06,5.48e-06,5.47e-06,5.48e-06,2656378412.0
2026-06-01 02:05:00,5.48e-06,5.51e-06,5.48e-06,5.5e-06,7734141025.0
2026-06-01 02:10:00,5.5e-06,5.51e-06,5.5e-06,5.51e-06,603767426.0
2026-06-01 02:15:00,5.51e-06,5.51e-06,5.5e-06,5.5e-06,553257569.0
2026-06-01 02:20:00,5.5e-06,5.51e-06,5.49e-06,5.49e-06,1146421504.0
2026-06-01 02:25:00,5.5e-06,5.51e-06,5.5e-06,5.51e-06,392272688.0
2026-06-01 02:30:00,5.51e-06,5.51e-06,5.5e-06,5.51e-06,430098906.0
2026-06-01 02:35:00,5.51e-06,5.52e-06,5.5e-06,5.52e-06,2098949603.0
2026-06-01 02:40:00,5.52e-06,5.55e-06,5.52e-06,5.54e-06,3294883693.0
2026-06-01 02:45:00,5.54e-06,5.55e-06,5.54e-06,5.55e-06,676240482.0
2026-06-01 02:50:00,5.55e-06,5.55e-06,5.53e-06,5.55e-06,1029579381.0
2026-06-01 02:55:00,5.54e-06,5.54e-06,5.53e-06,5.54e-06,1347255800.0
2026-06-01 03:00:00,5.54e-06,5.56e-06,5.53e-06,5.55e-06,8338370070.0
2026-06-01 03:05:00,5.55e-06,5.55e-06,5.54e-06,5.54e-06,5706081752.0
2026-06-01 03:10:00,5.55e-06,5.55e-06,5.53e-06,5.54e-06,797624075.0
2026-06-01 03:15:00,5.53e-06,5.54e-06,5.53e-06,5.53e-06,227333232.0
2026-06-01 03:20:00,5.54e-06,5.55e-06,5.54e-06,5.55e-06,395641971.0
2026-06-01 03:25:00,5.55e-06,5.55e-06,5.53e-06,5.54e-06,1774188880.0
2026-06-01 03:30:00,5.54e-06,5.56e-06,5.54e-06,5.54e-06,2128091989.0
2026-06-01 03:35:00,5.55e-06,5.55e-06,5.53e-06,5.53e-06,2330957824.0
2026-06-01 03:40:00,5.54e-06,5.54e-06,5.53e-06,5.54e-06,1070999948.0
2026-06-01 03:45:00,5.54e-06,5.54e-06,5.53e-06,5.53e-06,994962493.0
2026-06-01 03:50:00,5.54e-06,5.54e-06,5.53e-06,5.53e-06,2465393044.0
2026-06-01 03:55:00,5.53e-06,5.53e-06,5.52e-06,5.53e-06,259930578.0
2026-06-01 04:00:00,5.54e-06,5.55e-06,5.53e-06,5.54e-06,3363645900.0
2026-06-01 04:05:00,5.53e-06,5.53e-06,5.52e-06,5.52e-06,2206896390.0
2026-06-01 04:10:00,5.52e-06,5.52e-06,5.51e-06,5.52e-06,1997890369.0
2026-06-01 04:15:00,5.51e-06,5.52e-06,5.5e-06,5.51e-06,2174655940.0
2026-06-01 04:20:00,5.51e-06,5.51e-06,5.49e-06,5.5e-06,2201846767.0
2026-06-01 04:25:00,5.49e-06,5.5e-06,5.49e-06,5.5e-06,167323705.0
2026-06-01 04:30:00,5.5e-06,5.51e-06,5.49e-06,5.51e-06,500133549.0
2026-06-01 04:35:00,5.5e-06,5.51e-06,5.49e-06,5.51e-06,715451741.0
2026-06-01 04:40:00,5.5e-06,5.51e-06,5.5e-06,5.5e-06,109126062.0
2026-06-01 04:45:00,5.51e-06,5.51e-06,5.47e-06,5.48e-06,3743527054.0
2026-06-01 04:50:00,5.48e-06,5.5e-06,5.48e-06,5.5e-06,386727719.0
2026-06-01 04:55:00,5.5e-06,5.51e-06,5.49e-06,5.5e-06,847043341.0
2026-06-01 05:00:00,5.5e-06,5.51e-06,5.49e-06,5.5e-06,799583265.0
2026-06-01 05:05:00,5.5e-06,5.5e-06,5.49e-06,5.49e-06,64594929.0
2026-06-01 05:10:00,5.5e-06,5.5e-06,5.48e-06,5.49e-06,895298950.0
2026-06-01 05:15:00,5.49e-06,5.49e-06,5.48e-06,5.49e-06,784291682.0
2026-06-01 05:20:00,5.49e-06,5.5e-06,5.49e-06,5.49e-06,966655023.0
2026-06-01 05:25:00,5.49e-06,5.49e-06,5.47e-06,5.48e-06,1389356462.0
2026-06-01 05:30:00,5.47e-06,5.49e-06,5.47e-06,5.49e-06,1286760554.0
2026-06-01 05:35:00,5.49e-06,5.49e-06,5.47e-06,5.49e-06,499372973.0
2026-06-01 05:40:00,5.49e-06,5.49e-06,5.48e-06,5.48e-06,120302544.0
2026-06-01 05:45:00,5.48e-06,5.5e-06,5.48e-06,5.49e-06,5501646255.0
2026-06-01 05:50:00,5.49e-06,5.5e-06,5.48e-06,5.48e-06,1009223341.0
2026-06-01 05:55:00,5.48e-06,5.49e-06,5.47e-06,5.47e-06,1805469817.0
2026-06-01 06:00:00,5.47e-06,5.48e-06,5.46e-06,5.47e-06,3315812235.0
2026-06-01 06:05:00,5.46e-06,5.47e-06,5.45e-06,5.45e-06,1209783615.0
2026-06-01 06:10:00,5.45e-06,5.47e-06,5.45e-06,5.46e-06,2610202553.0
2026-06-01 06:15:00,5.46e-06,5.47e-06,5.45e-06,5.45e-06,1124626253.0
2026-06-01 06:20:00,5.45e-06,5.46e-06,5.44e-06,5.46e-06,2851501683.0
2026-06-01 06:25:00,5.46e-06,5.46e-06,5.44e-06,5.45e-06,687710062.0
2026-06-01 06:30:00,5.45e-06,5.45e-06,5.44e-06,5.45e-06,738276990.0
2026-06-01 06:35:00,5.45e-06,5.45e-06,5.43e-06,5.44e-06,333526407.0
2026-06-01 06:40:00,5.44e-06,5.44e-06,5.42e-06,5.43e-06,715495526.0
2026-06-01 06:45:00,5.42e-06,5.45e-06,5.42e-06,5.45e-06,7920945119.0
2026-06-01 06:50:00,5.45e-06,5.45e-06,5.44e-06,5.45e-06,499264152.0
2026-06-01 06:55:00,5.45e-06,5.46e-06,5.44e-06,5.45e-06,1840730444.0
2026-06-01 07:00:00,5.45e-06,5.46e-06,5.44e-06,5.45e-06,1100723240.0
2026-06-01 07:05:00,5.45e-06,5.46e-06,5.45e-06,5.45e-06,348234942.0
2026-06-01 07:10:00,5.45e-06,5.46e-06,5.45e-06,5.46e-06,289284261.0
2026-06-01 07:15:00,5.45e-06,5.46e-06,5.44e-06,5.46e-06,1110574974.0
2026-06-01 07:20:00,5.46e-06,5.46e-06,5.44e-06,5.44e-06,342796773.0
2026-06-01 07:25:00,5.45e-06,5.45e-06,5.44e-06,5.45e-06,287007820.0
2026-06-01 07:30:00,5.44e-06,5.44e-06,5.42e-06,5.44e-06,1696345644.0
2026-06-01 07:35:00,5.43e-06,5.45e-06,5.43e-06,5.44e-06,2186357544.0
2026-06-01 07:40:00,5.44e-06,5.44e-06,5.43e-06,5.43e-06,992235856.0
2026-06-01 07:45:00,5.43e-06,5.44e-06,5.41e-06,5.41e-06,5107972014.0
2026-06-01 07:50:00,5.41e-06,5.43e-06,5.41e-06,5.42e-06,1622817333.0
2026-06-01 07:55:00,5.41e-06,5.43e-06,5.4e-06,5.41e-06,1809243087.0
2026-06-01 08:00:00,5.41e-06,5.42e-06,5.4e-06,5.41e-06,1503599934.0
2026-06-01 08:05:00,5.41e-06,5.42e-06,5.41e-06,5.41e-06,2335344299.0
2026-06-01 08:10:00,5.41e-06,5.43e-06,5.41e-06,5.42e-06,870380395.0
2026-06-01 08:15:00,5.41e-06,5.42e-06,5.4e-06,5.41e-06,734170105.0
2026-06-01 08:20:00,5.42e-06,5.43e-06,5.41e-06,5.42e-06,3573842289.0
2026-06-01 08:25:00,5.43e-06,5.43e-06,5.41e-06,5.41e-06,1054607615.0
2026-06-01 08:30:00,5.42e-06,5.43e-06,5.39e-06,5.42e-06,6229232609.0
2026-06-01 08:35:00,5.42e-06,5.43e-06,5.42e-06,5.42e-06,1600551855.0
2026-06-01 08:40:00,5.42e-06,5.43e-06,5.41e-06,5.42e-06,1325653231.0
2026-06-01 08:45:00,5.42e-06,5.44e-06,5.42e-06,5.43e-06,3571994339.0
2026-06-01 08:50:00,5.43e-06,5.44e-06,5.42e-06,5.42e-06,1266593079.0
2026-06-01 08:55:00,5.43e-06,5.44e-06,5.43e-06,5.43e-06,6126496915.0
2026-06-01 09:00:00,5.43e-06,5.44e-06,5.43e-06,5.44e-06,2356387555.0
2026-06-01 09:05:00,5.44e-06,5.44e-06,5.43e-06,5.44e-06,1118635303.0
2026-06-01 09:10:00,5.44e-06,5.45e-06,5.44e-06,5.44e-06,4036936035.0
2026-06-01 09:15:00,5.44e-06,5.45e-06,5.43e-06,5.45e-06,1197018570.0
2026-06-01 09:20:00,5.45e-06,5.46e-06,5.44e-06,5.44e-06,7085195515.0
2026-06-01 09:25:00,5.44e-06,5.45e-06,5.44e-06,5.45e-06,1400425614.0
2026-06-01 09:30:00,5.44e-06,5.45e-06,5.43e-06,5.44e-06,5486726786.0
2026-06-01 09:35:00,5.45e-06,5.45e-06,5.43e-06,5.44e-06,868563478.0
2026-06-01 09:40:00,5.44e-06,5.45e-06,5.44e-06,5.45e-06,4073838931.0
2026-06-01 09:45:00,5.45e-06,5.47e-06,5.45e-06,5.46e-06,2519771755.0
2026-06-01 09:50:00,5.47e-06,5.47e-06,5.46e-06,5.46e-06,2506014001.0
2026-06-01 09:55:00,5.45e-06,5.46e-06,5.45e-06,5.45e-06,354957009.0
2026-06-01 10:00:00,5.46e-06,5.46e-06,5.44e-06,5.46e-06,5475499083.0
2026-06-01 10:05:00,5.46e-06,5.46e-06,5.44e-06,5.45e-06,1185360383.0
2026-06-01 10:10:00,5.45e-06,5.46e-06,5.44e-06,5.44e-06,869734331.0
2026-06-01 10:15:00,5.44e-06,5.45e-06,5.44e-06,5.44e-06,108137714.0
2026-06-01 10:20:00,5.45e-06,5.46e-06,5.44e-06,5.45e-06,4446756620.0
2026-06-01 10:25:00,5.45e-06,5.45e-06,5.44e-06,5.44e-06,370430950.0
2026-06-01 10:30:00,5.45e-06,5.46e-06,5.43e-06,5.43e-06,5215949366.0
2026-06-01 10:35:00,5.44e-06,5.44e-06,5.43e-06,5.43e-06,619546403.0
2026-06-01 10:40:00,5.44e-06,5.45e-06,5.44e-06,5.44e-06,1345692899.0
2026-06-01 10:45:00,5.45e-06,5.46e-06,5.44e-06,5.46e-06,863498863.0
2026-06-01 10:50:00,5.46e-06,5.46e-06,5.45e-06,5.46e-06,485707293.0
2026-06-01 10:55:00,5.46e-06,5.46e-06,5.45e-06,5.45e-06,215270500.0
2026-06-01 11:00:00,5.45e-06,5.46e-06,5.45e-06,5.46e-06,4097756246.0
2026-06-01 11:05:00,5.46e-06,5.47e-06,5.45e-06,5.47e-06,3689107024.0
2026-06-01 11:10:00,5.46e-06,5.47e-06,5.45e-06,5.46e-06,738028176.0
2026-06-01 11:15:00,5.45e-06,5.47e-06,5.45e-06,5.47e-06,958531772.0
2026-06-01 11:20:00,5.46e-06,5.47e-06,5.45e-06,5.46e-06,3247250497.0
2026-06-01 11:25:00,5.47e-06,5.47e-06,5.45e-06,5.45e-06,1255052441.0
2026-06-01 11:30:00,5.46e-06,5.46e-06,5.45e-06,5.45e-06,156375317.0
2026-06-01 11:35:00,5.45e-06,5.46e-06,5.45e-06,5.46e-06,2485190749.0
2026-06-01 11:40:00,5.45e-06,5.46e-06,5.45e-06,5.46e-06,118985375.0
2026-06-01 11:45:00,5.45e-06,5.46e-06,5.44e-06,5.44e-06,536230708.0
2026-06-01 11:50:00,5.45e-06,5.45e-06,5.44e-06,5.45e-06,250457615.0
2026-06-01 11:55:00,5.45e-06,5.45e-06,5.43e-06,5.44e-06,6446590981.0
2026-06-01 12:00:00,5.44e-06,5.45e-06,5.43e-06,5.43e-06,934561234.0
2026-06-01 12:05:00,5.43e-06,5.44e-06,5.42e-06,5.42e-06,509847740.0
2026-06-01 12:10:00,5.42e-06,5.43e-06,5.4e-06,5.42e-06,7939694810.0
2026-06-01 12:15:00,5.42e-06,5.43e-06,5.42e-06,5.42e-06,3554983913.0
2026-06-01 12:20:00,5.42e-06,5.45e-06,5.42e-06,5.45e-06,3455483245.0
2026-06-01 12:25:00,5.44e-06,5.45e-06,5.44e-06,5.45e-06,1206329033.0
2026-06-01 12:30:00,5.44e-06,5.45e-06,5.43e-06,5.44e-06,2386743819.0
2026-06-01 12:35:00,5.45e-06,5.46e-06,5.44e-06,5.45e-06,2648471554.0
2026-06-01 12:40:00,5.45e-06,5.46e-06,5.44e-06,5.45e-06,1660995066.0
2026-06-01 12:45:00,5.46e-06,5.46e-06,5.44e-06,5.45e-06,726500539.0
2026-06-01 12:50:00,5.45e-06,5.45e-06,5.44e-06,5.45e-06,46097567.0
2026-06-01 12:55:00,5.44e-06,5.45e-06,5.44e-06,5.44e-06,347732548.0
2026-06-01 13:00:00,5.45e-06,5.45e-06,5.43e-06,5.44e-06,2522532316.0
2026-06-01 13:05:00,5.43e-06,5.44e-06,5.43e-06,5.44e-06,563376467.0
2026-06-01 13:10:00,5.43e-06,5.43e-06,5.4e-06,5.42e-06,4908498786.0
2026-06-01 13:15:00,5.42e-06,5.45e-06,5.42e-06,5.44e-06,3301901809.0
2026-06-01 13:20:00,5.44e-06,5.45e-06,5.43e-06,5.44e-06,4254414898.0
2026-06-01 13:25:00,5.43e-06,5.44e-06,5.42e-06,5.42e-06,2698345230.0
2026-06-01 13:30:00,5.43e-06,5.45e-06,5.42e-06,5.45e-06,7243190056.0
2026-06-01 13:35:00,5.45e-06,5.46e-06,5.44e-06,5.44e-06,1732120458.0
2026-06-01 13:40:00,5.44e-06,5.44e-06,5.43e-06,5.43e-06,6829803448.0
2026-06-01 13:45:00,5.43e-06,5.44e-06,5.42e-06,5.42e-06,2414149072.0
2026-06-01 13:50:00,5.43e-06,5.44e-06,5.41e-06,5.41e-06,6845151867.0
2026-06-01 13:55:00,5.41e-06,5.44e-06,5.38e-06,5.42e-06,38136567584.0
2026-06-01 14:00:00,5.42e-06,5.44e-06,5.41e-06,5.43e-06,9391661520.0
2026-06-01 14:05:00,5.43e-06,5.43e-06,5.41e-06,5.42e-06,4192589340.0
2026-06-01 14:10:00,5.42e-06,5.42e-06,5.4e-06,5.41e-06,1926913053.0
2026-06-01 14:15:00,5.41e-06,5.43e-06,5.39e-06,5.42e-06,5232378270.0
2026-06-01 14:20:00,5.42e-06,5.43e-06,5.41e-06,5.42e-06,1608675660.0
2026-06-01 14:25:00,5.42e-06,5.43e-06,5.4e-06,5.41e-06,3602802850.0
2026-06-01 14:30:00,5.4e-06,5.41e-06,5.39e-06,5.4e-06,1989176403.0
2026-06-01 14:35:00,5.41e-06,5.43e-06,5.41e-06,5.42e-06,2028512919.0
2026-06-01 14:40:00,5.41e-06,5.43e-06,5.41e-06,5.42e-06,398195063.0
2026-06-01 14:45:00,5.41e-06,5.43e-06,5.41e-06,5.42e-06,3935752916.0
2026-06-01 14:50:00,5.42e-06,5.43e-06,5.41e-06,5.41e-06,1271714764.0
2026-06-01 14:55:00,5.41e-06,5.42e-06,5.41e-06,5.42e-06,1535021533.0
2026-06-01 15:00:00,5.43e-06,5.43e-06,5.41e-06,5.43e-06,687279035.0
2026-06-01 15:05:00,5.42e-06,5.44e-06,5.42e-06,5.43e-06,2676110975.0
2026-06-01 15:10:00,5.43e-06,5.44e-06,5.42e-06,5.43e-06,1451507877.0
2026-06-01 15:15:00,5.43e-06,5.43e-06,5.4e-06,5.42e-06,2243235844.0
2026-06-01 15:20:00,5.42e-06,5.42e-06,5.4e-06,5.4e-06,437050482.0
2026-06-01 15:25:00,5.41e-06,5.41e-06,5.39e-06,5.4e-06,3863489629.0
2026-06-01 15:30:00,5.4e-06,5.45e-06,5.39e-06,5.44e-06,11370956348.0
2026-06-01 15:35:00,5.44e-06,5.46e-06,5.44e-06,5.45e-06,4665675033.0
2026-06-01 15:40:00,5.45e-06,5.46e-06,5.44e-06,5.46e-06,1049384663.0
2026-06-01 15:45:00,5.46e-06,5.47e-06,5.44e-06,5.46e-06,9868227974.0
2026-06-01 15:50:00,5.46e-06,5.46e-06,5.45e-06,5.45e-06,1310265698.0
2026-06-01 15:55:00,5.45e-06,5.46e-06,5.44e-06,5.45e-06,2774619192.0
2026-06-01 16:00:00,5.45e-06,5.46e-06,5.44e-06,5.44e-06,8825745333.0
2026-06-01 16:05:00,5.44e-06,5.45e-06,5.42e-06,5.42e-06,5790978047.0
2026-06-01 16:10:00,5.43e-06,5.43e-06,5.41e-06,5.43e-06,4457433519.0
2026-06-01 16:15:00,5.43e-06,5.45e-06,5.43e-06,5.44e-06,6363673979.0
2026-06-01 16:20:00,5.45e-06,5.46e-06,5.44e-06,5.45e-06,983779134.0
2026-06-01 16:25:00,5.45e-06,5.46e-06,5.44e-06,5.46e-06,2731750109.0
2026-06-01 16:30:00,5.46e-06,5.47e-06,5.45e-06,5.46e-06,988792959.0
2026-06-01 16:35:00,5.46e-06,5.47e-06,5.46e-06,5.46e-06,1513488045.0
2026-06-01 16:40:00,5.47e-06,5.48e-06,5.46e-06,5.48e-06,861324670.0
2026-06-01 16:45:00,5.48e-06,5.5e-06,5.48e-06,5.48e-06,2190873513.0
2026-06-01 16:50:00,5.49e-06,5.5e-06,5.48e-06,5.49e-06,3207563238.0
2026-06-01 16:55:00,5.5e-06,5.51e-06,5.49e-06,5.5e-06,5873354842.0
2026-06-01 17:00:00,5.51e-06,5.53e-06,5.5e-06,5.52e-06,4925318809.0
2026-06-01 17:05:00,5.52e-06,5.54e-06,5.52e-06,5.52e-06,1381155771.0
2026-06-01 17:10:00,5.53e-06,5.54e-06,5.52e-06,5.52e-06,4914416174.0
2026-06-01 17:15:00,5.53e-06,5.54e-06,5.51e-06,5.52e-06,3116008265.0
2026-06-01 17:20:00,5.52e-06,5.53e-06,5.51e-06,5.53e-06,2758793631.0
2026-06-01 17:25:00,5.53e-06,5.54e-06,5.52e-06,5.54e-06,1851079803.0
2026-06-01 17:30:00,5.54e-06,5.55e-06,5.52e-06,5.53e-06,15004304658.0
2026-06-01 17:35:00,5.53e-06,5.55e-06,5.52e-06,5.53e-06,3928353638.0
2026-06-01 17:40:00,5.54e-06,5.57e-06,5.53e-06,5.57e-06,17786471779.0
2026-06-01 17:45:00,5.57e-06,5.58e-06,5.55e-06,5.56e-06,3383386143.0
2026-06-01 17:50:00,5.57e-06,5.57e-06,5.54e-06,5.56e-06,1836608692.0
2026-06-01 17:55:00,5.55e-06,5.56e-06,5.54e-06,5.54e-06,1625204547.0
2026-06-01 18:00:00,5.54e-06,5.56e-06,5.54e-06,5.54e-06,1029492199.0
2026-06-01 18:05:00,5.54e-06,5.55e-06,5.54e-06,5.55e-06,739074566.0
2026-06-01 18:10:00,5.54e-06,5.54e-06,5.52e-06,5.53e-06,1730534823.0
2026-06-01 18:15:00,5.53e-06,5.54e-06,5.53e-06,5.54e-06,747793225.0
2026-06-01 18:20:00,5.53e-06,5.55e-06,5.53e-06,5.54e-06,621815705.0
2026-06-01 18:25:00,5.54e-06,5.56e-06,5.54e-06,5.55e-06,1341261442.0
2026-06-01 18:30:00,5.56e-06,5.56e-06,5.55e-06,5.55e-06,11370381979.0
2026-06-01 18:35:00,5.55e-06,5.55e-06,5.54e-06,5.54e-06,5724102886.0
2026-06-01 18:40:00,5.55e-06,5.55e-06,5.53e-06,5.53e-06,968704367.0
2026-06-01 18:45:00,5.53e-06,5.54e-06,5.53e-06,5.53e-06,6364317394.0
2026-06-01 18:50:00,5.52e-06,5.54e-06,5.52e-06,5.54e-06,505246145.0
2026-06-01 18:55:00,5.53e-06,5.54e-06,5.52e-06,5.53e-06,1878753973.0
2026-06-01 19:00:00,5.53e-06,5.53e-06,5.51e-06,5.51e-06,1188627418.0
2026-06-01 19:05:00,5.51e-06,5.53e-06,5.51e-06,5.52e-06,1540427937.0
2026-06-01 19:10:00,5.52e-06,5.52e-06,5.51e-06,5.52e-06,611319833.0
2026-06-01 19:15:00,5.51e-06,5.52e-06,5.51e-06,5.52e-06,272889460.0
2026-06-01 19:20:00,5.52e-06,5.53e-06,5.51e-06,5.52e-06,1306778809.0
2026-06-01 19:25:00,5.53e-06,5.54e-06,5.52e-06,5.53e-06,1142758759.0
2026-06-01 19:30:00,5.53e-06,5.54e-06,5.53e-06,5.53e-06,2988963274.0
2026-06-01 19:35:00,5.54e-06,5.54e-06,5.53e-06,5.53e-06,1014139820.0
2026-06-01 19:40:00,5.54e-06,5.54e-06,5.53e-06,5.53e-06,862555309.0
2026-06-01 19:45:00,5.53e-06,5.54e-06,5.53e-06,5.54e-06,201606167.0
2026-06-01 19:50:00,5.53e-06,5.54e-06,5.52e-06,5.54e-06,2940116415.0
2026-06-01 19:55:00,5.54e-06,5.55e-06,5.53e-06,5.55e-06,951941578.0
2026-06-01 20:00:00,5.54e-06,5.55e-06,5.53e-06,5.53e-06,1688929757.0
2026-06-01 20:05:00,5.54e-06,5.54e-06,5.52e-06,5.52e-06,815028974.0
2026-06-01 20:10:00,5.52e-06,5.53e-06,5.52e-06,5.53e-06,1283483698.0
2026-06-01 20:15:00,5.52e-06,5.54e-06,5.52e-06,5.53e-06,621734421.0
2026-06-01 20:20:00,5.53e-06,5.54e-06,5.53e-06,5.54e-06,476708808.0
2026-06-01 20:25:00,5.53e-06,5.53e-06,5.52e-06,5.52e-06,1616970162.0
2026-06-01 20:30:00,5.53e-06,5.54e-06,5.52e-06,5.53e-06,1179214468.0
2026-06-01 20:35:00,5.53e-06,5.54e-06,5.53e-06,5.53e-06,133221529.0
2026-06-01 20:40:00,5.54e-06,5.55e-06,5.53e-06,5.54e-06,4386810585.0
2026-06-01 20:45:00,5.54e-06,5.55e-06,5.54e-06,5.55e-06,288123465.0
2026-06-01 20:50:00,5.55e-06,5.55e-06,5.54e-06,5.54e-06,493159961.0
2026-06-01 20:55:00,5.54e-06,5.54e-06,5.53e-06,5.53e-06,278265981.0
2026-06-01 21:00:00,5.53e-06,5.54e-06,5.53e-06,5.53e-06,410201338.0
2026-06-01 21:05:00,5.53e-06,5.53e-06,5.51e-06,5.51e-06,1243647195.0
2026-06-01 21:10:00,5.51e-06,5.52e-06,5.51e-06,5.52e-06,1857806159.0
2026-06-01 21:15:00,5.52e-06,5.52e-06,5.5e-06,5.5e-06,4906349951.0
2026-06-01 21:20:00,5.5e-06,5.53e-06,5.5e-06,5.52e-06,4664128347.0
2026-06-01 21:25:00,5.52e-06,5.52e-06,5.51e-06,5.52e-06,2202325954.0
2026-06-01 21:30:00,5.52e-06,5.52e-06,5.51e-06,5.52e-06,158065610.0
2026-06-01 21:35:00,5.51e-06,5.52e-06,5.51e-06,5.51e-06,300880933.0
2026-06-01 21:40:00,5.51e-06,5.52e-06,5.5e-06,5.51e-06,2350824829.0
2026-06-01 21:45:00,5.51e-06,5.52e-06,5.5e-06,5.51e-06,6090427659.0
2026-06-01 21:50:00,5.51e-06,5.52e-06,5.51e-06,5.51e-06,2407107779.0
2026-06-01 21:55:00,5.5e-06,5.51e-06,5.49e-06,5.5e-06,865786767.0
2026-06-01 22:00:00,5.49e-06,5.49e-06,5.47e-06,5.49e-06,5489333828.0
2026-06-01 22:05:00,5.48e-06,5.49e-06,5.47e-06,5.48e-06,1716311311.0
2026-06-01 22:10:00,5.48e-06,5.5e-06,5.48e-06,5.49e-06,4550533345.0
2026-06-01 22:15:00,5.49e-06,5.51e-06,5.49e-06,5.51e-06,5269294935.0
2026-06-01 22:20:00,5.51e-06,5.51e-06,5.5e-06,5.5e-06,84225117.0
2026-06-01 22:25:00,5.51e-06,5.53e-06,5.51e-06,5.52e-06,4758092299.0
2026-06-01 22:30:00,5.52e-06,5.52e-06,5.51e-06,5.51e-06,257848367.0
2026-06-01 22:35:00,5.5e-06,5.51e-06,5.49e-06,5.5e-06,321322114.0
2026-06-01 22:40:00,5.5e-06,5.51e-06,5.49e-06,5.5e-06,261245621.0
2026-06-01 22:45:00,5.51e-06,5.54e-06,5.5e-06,5.53e-06,1427188401.0
2026-06-01 22:50:00,5.52e-06,5.54e-06,5.52e-06,5.53e-06,2885598081.0
2026-06-01 22:55:00,5.53e-06,5.54e-06,5.53e-06,5.53e-06,117323048.0
2026-06-01 23:00:00,5.54e-06,5.54e-06,5.52e-06,5.54e-06,1053072074.0
2026-06-01 23:05:00,5.54e-06,5.54e-06,5.53e-06,5.53e-06,306992139.0
2026-06-01 23:10:00,5.53e-06,5.55e-06,5.53e-06,5.53e-06,6626087585.0
2026-06-01 23:15:00,5.54e-06,5.55e-06,5.54e-06,5.54e-06,320247982.0
2026-06-01 23:20:00,5.54e-06,5.54e-06,5.53e-06,5.53e-06,296662958.0
2026-06-01 23:25:00,5.53e-06,5.53e-06,5.52e-06,5.52e-06,670524557.0
2026-06-01 23:30:00,5.51e-06,5.53e-06,5.51e-06,5.52e-06,293611547.0
2026-06-01 23:35:00,5.52e-06,5.54e-06,5.52e-06,5.54e-06,3592419514.0
2026-06-01 23:40:00,5.54e-06,5.54e-06,5.54e-06,5.54e-06,1251785.0
2026-06-01 23:45:00,5.54e-06,5.54e-06,5.53e-06,5.54e-06,984446906.0
2026-06-01 23:50:00,5.54e-06,5.54e-06,5.52e-06,5.53e-06,1500759345.0
2026-06-01 23:55:00,5.52e-06,5.53e-06,5.52e-06,5.53e-06,1560296177.0
2026-06-02 00:00:00,5.53e-06,5.55e-06,5.52e-06,5.54e-06,8100136517.0
2026-06-02 00:05:00,5.54e-06,5.54e-06,5.53e-06,5.54e-06,4850290971.0
2026-06-02 00:10:00,5.53e-06,5.54e-06,5.53e-06,5.54e-06,289124530.0
2026-06-02 00:15:00,5.53e-06,5.54e-06,5.52e-06,5.52e-06,1814249753.0
2026-06-02 00:20:00,5.53e-06,5.53e-06,5.51e-06,5.52e-06,413332094.0
2026-06-02 00:25:00,5.52e-06,5.52e-06,5.51e-06,5.52e-06,2236027247.0
2026-06-02 00:30:00,5.51e-06,5.53e-06,5.51e-06,5.52e-06,2889135565.0
2026-06-02 00:35:00,5.52e-06,5.53e-06,5.52e-06,5.52e-06,498785982.0
2026-06-02 00:40:00,5.51e-06,5.52e-06,5.5e-06,5.51e-06,298031170.0
2026-06-02 00:45:00,5.52e-06,5.52e-06,5.5e-06,5.51e-06,1347874887.0
2026-06-02 00:50:00,5.51e-06,5.52e-06,5.5e-06,5.52e-06,3121032250.0
2026-06-02 00:55:00,5.51e-06,5.52e-06,5.51e-06,5.52e-06,134181622.0
2026-06-02 01:00:00,5.51e-06,5.52e-06,5.5e-06,5.5e-06,3904977355.0
2026-06-02 01:05:00,5.51e-06,5.51e-06,5.49e-06,5.5e-06,726419723.0
2026-06-02 01:10:00,5.5e-06,5.51e-06,5.5e-06,5.51e-06,1675300754.0
2026-06-02 01:15:00,5.51e-06,5.52e-06,5.5e-06,5.51e-06,4010634349.0
2026-06-02 01:20:00,5.51e-06,5.53e-06,5.51e-06,5.52e-06,3406053477.0
2026-06-02 01:25:00,5.52e-06,5.52e-06,5.51e-06,5.51e-06,3324200193.0
2026-06-02 01:30:00,5.5e-06,5.5e-06,5.49e-06,5.49e-06,1619946171.0
2026-06-02 01:35:00,5.49e-06,5.49e-06,5.47e-06,5.47e-06,1073299149.0
2026-06-02 01:40:00,5.48e-06,5.5e-06,5.47e-06,5.5e-06,7560484783.0
2026-06-02 01:45:00,5.49e-06,5.5e-06,5.48e-06,5.48e-06,558776529.0
2026-06-02 01:50:00,5.48e-06,5.48e-06,5.47e-06,5.47e-06,5449094343.0
2026-06-02 01:55:00,5.47e-06,5.48e-06,5.46e-06,5.46e-06,332075883.0
2026-06-02 02:00:00,5.47e-06,5.48e-06,5.45e-06,5.45e-06,981740120.0
2026-06-02 02:05:00,5.45e-06,5.46e-06,5.43e-06,5.44e-06,15129214069.0
2026-06-02 02:10:00,5.43e-06,5.44e-06,5.42e-06,5.44e-06,7101778243.0
2026-06-02 02:15:00,5.45e-06,5.45e-06,5.43e-06,5.44e-06,3317569358.0
2026-06-02 02:20:00,5.44e-06,5.47e-06,5.44e-06,5.47e-06,2872235955.0
2026-06-02 02:25:00,5.47e-06,5.48e-06,5.47e-06,5.48e-06,1353908024.0
2026-06-02 02:30:00,5.48e-06,5.49e-06,5.48e-06,5.48e-06,578038844.0
2026-06-02 02:35:00,5.49e-06,5.49e-06,5.47e-06,5.48e-06,1680539336.0
2026-06-02 02:40:00,5.48e-06,5.48e-06,5.46e-06,5.47e-06,184574679.0
2026-06-02 02:45:00,5.46e-06,5.49e-06,5.46e-06,5.48e-06,866038430.0
2026-06-02 02:50:00,5.48e-06,5.49e-06,5.48e-06,5.49e-06,559660373.0
2026-06-02 02:55:00,5.48e-06,5.5e-06,5.48e-06,5.5e-06,4273272049.0
2026-06-02 03:00:00,5.51e-06,5.51e-06,5.49e-06,5.51e-06,628875533.0
2026-06-02 03:05:00,5.51e-06,5.51e-06,5.5e-06,5.5e-06,1747406837.0
2026-06-02 03:10:00,5.51e-06,5.51e-06,5.5e-06,5.51e-06,3100634365.0
2026-06-02 03:15:00,5.51e-06,5.52e-06,5.5e-06,5.51e-06,2311994825.0
2026-06-02 03:20:00,5.5e-06,5.51e-06,5.5e-06,5.51e-06,790811723.0
2026-06-02 03:25:00,5.51e-06,5.52e-06,5.5e-06,5.52e-06,3612687906.0
2026-06-02 03:30:00,5.52e-06,5.53e-06,5.51e-06,5.52e-06,2551178835.0
2026-06-02 03:35:00,5.52e-06,5.53e-06,5.52e-06,5.53e-06,546081851.0
2026-06-02 03:40:00,5.52e-06,5.53e-06,5.51e-06,5.52e-06,1010494332.0
2026-06-02 03:45:00,5.52e-06,5.53e-06,5.51e-06,5.51e-06,392176097.0
2026-06-02 03:50:00,5.51e-06,5.53e-06,5.51e-06,5.52e-06,755682512.0
2026-06-02 03:55:00,5.52e-06,5.52e-06,5.51e-06,5.51e-06,1517674985.0
2026-06-02 04:00:00,5.52e-06,5.53e-06,5.51e-06,5.51e-06,2438355954.0
2026-06-02 04:05:00,5.51e-06,5.52e-06,5.49e-06,5.49e-06,2245981499.0
2026-06-02 04:10:00,5.49e-06,5.5e-06,5.49e-06,5.5e-06,3055918118.0
2026-06-02 04:15:00,5.5e-06,5.51e-06,5.49e-06,5.51e-06,1456595721.0
2026-06-02 04:20:00,5.51e-06,5.51e-06,5.5e-06,5.5e-06,247600474.0
2026-06-02 04:25:00,5.51e-06,5.52e-06,5.5e-06,5.52e-06,3136196078.0
2026-06-02 04:30:00,5.52e-06,5.52e-06,5.5e-06,5.52e-06,1412650822.0
2026-06-02 04:35:00,5.51e-06,5.52e-06,5.5e-06,5.51e-06,649790933.0
2026-06-02 04:40:00,5.51e-06,5.51e-06,5.5e-06,5.5e-06,545679609.0
2026-06-02 04:45:00,5.51e-06,5.51e-06,5.48e-06,5.48e-06,608456518.0
2026-06-02 04:50:00,5.49e-06,5.5e-06,5.49e-06,5.5e-06,823129108.0
2026-06-02 04:55:00,5.49e-06,5.49e-06,5.48e-06,5.49e-06,236396051.0
2026-06-02 05:00:00,5.48e-06,5.49e-06,5.47e-06,5.47e-06,2095058218.0
2026-06-02 05:05:00,5.46e-06,5.48e-06,5.46e-06,5.48e-06,2139135846.0
2026-06-02 05:10:00,5.48e-06,5.5e-06,5.48e-06,5.5e-06,414184085.0
2026-06-02 05:15:00,5.5e-06,5.5e-06,5.48e-06,5.49e-06,359568725.0
2026-06-02 05:20:00,5.5e-06,5.5e-06,5.49e-06,5.49e-06,471112065.0
2026-06-02 05:25:00,5.48e-06,5.48e-06,5.47e-06,5.47e-06,1181927599.0
2026-06-02 05:30:00,5.47e-06,5.48e-06,5.46e-06,5.48e-06,1971017263.0
2026-06-02 05:35:00,5.48e-06,5.48e-06,5.46e-06,5.46e-06,1744385326.0
2026-06-02 05:40:00,5.46e-06,5.47e-06,5.45e-06,5.47e-06,2380236838.0
2026-06-02 05:45:00,5.47e-06,5.48e-06,5.46e-06,5.48e-06,2244968066.0
2026-06-02 05:50:00,5.47e-06,5.47e-06,5.46e-06,5.47e-06,1140569596.0
2026-06-02 05:55:00,5.46e-06,5.47e-06,5.45e-06,5.47e-06,3745408877.0
2026-06-02 06:00:00,5.47e-06,5.48e-06,5.46e-06,5.47e-06,427549227.0
2026-06-02 06:05:00,5.47e-06,5.48e-06,5.47e-06,5.48e-06,151516698.0
2026-06-02 06:10:00,5.47e-06,5.47e-06,5.46e-06,5.47e-06,384296703.0
2026-06-02 06:15:00,5.46e-06,5.47e-06,5.45e-06,5.46e-06,299929831.0
2026-06-02 06:20:00,5.45e-06,5.47e-06,5.45e-06,5.46e-06,178889642.0
2026-06-02 06:25:00,5.47e-06,5.48e-06,5.46e-06,5.47e-06,544885636.0
2026-06-02 06:30:00,5.47e-06,5.48e-06,5.47e-06,5.47e-06,168171604.0
2026-06-02 06:35:00,5.47e-06,5.49e-06,5.47e-06,5.47e-06,1179866660.0
2026-06-02 06:40:00,5.48e-06,5.48e-06,5.46e-06,5.47e-06,484905591.0
2026-06-02 06:45:00,5.47e-06,5.48e-06,5.46e-06,5.47e-06,3055555660.0
2026-06-02 06:50:00,5.47e-06,5.48e-06,5.46e-06,5.46e-06,561384614.0
2026-06-02 06:55:00,5.46e-06,5.47e-06,5.46e-06,5.47e-06,4990146743.0
2026-06-02 07:00:00,5.47e-06,5.47e-06,5.43e-06,5.45e-06,6792704011.0
2026-06-02 07:05:00,5.44e-06,5.46e-06,5.44e-06,5.45e-06,1920517037.0
2026-06-02 07:10:00,5.45e-06,5.47e-06,5.45e-06,5.47e-06,1043248656.0
2026-06-02 07:15:00,5.47e-06,5.48e-06,5.46e-06,5.47e-06,4819713042.0
2026-06-02 07:20:00,5.47e-06,5.48e-06,5.46e-06,5.46e-06,457125541.0
2026-06-02 07:25:00,5.46e-06,5.46e-06,5.45e-06,5.45e-06,369432031.0
2026-06-02 07:30:00,5.46e-06,5.47e-06,5.45e-06,5.46e-06,2021606130.0
2026-06-02 07:35:00,5.47e-06,5.5e-06,5.47e-06,5.49e-06,5958347676.0
2026-06-02 07:40:00,5.49e-06,5.5e-06,5.48e-06,5.48e-06,751073256.0
2026-06-02 07:45:00,5.49e-06,5.49e-06,5.47e-06,5.47e-06,321130008.0
2026-06-02 07:50:00,5.47e-06,5.48e-06,5.47e-06,5.48e-06,434346841.0
2026-06-02 07:55:00,5.47e-06,5.48e-06,5.47e-06,5.48e-06,268433830.0
2026-06-02 08:00:00,5.48e-06,5.48e-06,5.46e-06,5.47e-06,967342603.0
2026-06-02 08:05:00,5.46e-06,5.48e-06,5.46e-06,5.47e-06,1457960234.0
2026-06-02 08:10:00,5.46e-06,5.48e-06,5.46e-06,5.47e-06,3611149794.0
2026-06-02 08:15:00,5.47e-06,5.49e-06,5.47e-06,5.47e-06,671659669.0
2026-06-02 08:20:00,5.47e-06,5.48e-06,5.47e-06,5.48e-06,432093629.0
2026-06-02 08:25:00,5.48e-06,5.49e-06,5.47e-06,5.48e-06,2930779947.0
2026-06-02 08:30:00,5.48e-06,5.49e-06,5.48e-06,5.49e-06,476894633.0
2026-06-02 08:35:00,5.48e-06,5.48e-06,5.47e-06,5.47e-06,946333786.0
2026-06-02 08:40:00,5.47e-06,5.48e-06,5.46e-06,5.46e-06,912861989.0
2026-06-02 08:45:00,5.46e-06,5.48e-06,5.46e-06,5.47e-06,557965692.0
2026-06-02 08:50:00,5.47e-06,5.47e-06,5.46e-06,5.47e-06,83271424.0
2026-06-02 08:55:00,5.47e-06,5.47e-06,5.46e-06,5.47e-06,233790362.0
2026-06-02 09:00:00,5.46e-06,5.47e-06,5.45e-06,5.46e-06,419234130.0
2026-06-02 09:05:00,5.45e-06,5.47e-06,5.44e-06,5.45e-06,1100547598.0
2026-06-02 09:10:00,5.45e-06,5.45e-06,5.44e-06,5.45e-06,988676491.0
2026-06-02 09:15:00,5.45e-06,5.45e-06,5.44e-06,5.45e-06,1158388019.0
2026-06-02 09:20:00,5.45e-06,5.45e-06,5.43e-06,5.44e-06,2831616153.0
2026-06-02 09:25:00,5.43e-06,5.43e-06,5.42e-06,5.43e-06,791128826.0
2026-06-02 09:30:00,5.42e-06,5.45e-06,5.42e-06,5.45e-06,1940445807.0
2026-06-02 09:35:00,5.45e-06,5.45e-06,5.44e-06,5.44e-06,2527157108.0
2026-06-02 09:40:00,5.43e-06,5.44e-06,5.43e-06,5.44e-06,2635551173.0
2026-06-02 09:45:00,5.43e-06,5.45e-06,5.43e-06,5.45e-06,368355319.0
2026-06-02 09:50:00,5.45e-06,5.45e-06,5.43e-06,5.43e-06,3192574036.0
2026-06-02 09:55:00,5.43e-06,5.44e-06,5.43e-06,5.43e-06,655873500.0
2026-06-02 10:00:00,5.43e-06,5.44e-06,5.42e-06,5.43e-06,1434429073.0
2026-06-02 10:05:00,5.43e-06,5.46e-06,5.43e-06,5.45e-06,3230385833.0
2026-06-02 10:10:00,5.45e-06,5.47e-06,5.45e-06,5.46e-06,820913683.0
2026-06-02 10:15:00,5.46e-06,5.47e-06,5.46e-06,5.46e-06,1007701900.0
2026-06-02 10:20:00,5.46e-06,5.46e-06,5.44e-06,5.45e-06,1487865316.0
2026-06-02 10:25:00,5.45e-06,5.46e-06,5.44e-06,5.46e-06,1018112792.0
2026-06-02 10:30:00,5.46e-06,5.46e-06,5.44e-06,5.45e-06,2027588905.0
2026-06-02 10:35:00,5.45e-06,5.45e-06,5.44e-06,5.44e-06,224438749.0
2026-06-02 10:40:00,5.44e-06,5.45e-06,5.44e-06,5.44e-06,517307436.0
2026-06-02 10:45:00,5.44e-06,5.45e-06,5.43e-06,5.45e-06,2151283787.0
2026-06-02 10:50:00,5.44e-06,5.46e-06,5.44e-06,5.45e-06,406041628.0
2026-06-02 10:55:00,5.45e-06,5.46e-06,5.45e-06,5.46e-06,220575636.0
2026-06-02 11:00:00,5.45e-06,5.46e-06,5.44e-06,5.46e-06,6962752303.0
2026-06-02 11:05:00,5.46e-06,5.46e-06,5.45e-06,5.45e-06,720516191.0
2026-06-02 11:10:00,5.45e-06,5.46e-06,5.44e-06,5.46e-06,3522085867.0
2026-06-02 11:15:00,5.45e-06,5.45e-06,5.44e-06,5.44e-06,1502426882.0
2026-06-02 11:20:00,5.45e-06,5.45e-06,5.44e-06,5.45e-06,2203299052.0
2026-06-02 11:25:00,5.45e-06,5.45e-06,5.44e-06,5.45e-06,789211985.0
2026-06-02 11:30:00,5.44e-06,5.45e-06,5.43e-06,5.43e-06,899920501.0
2026-06-02 11:35:00,5.44e-06,5.45e-06,5.43e-06,5.44e-06,1535220074.0
2026-06-02 11:40:00,5.44e-06,5.45e-06,5.44e-06,5.45e-06,699838921.0
2026-06-02 11:45:00,5.44e-06,5.46e-06,5.44e-06,5.45e-06,636739612.0
2026-06-02 11:50:00,5.46e-06,5.47e-06,5.45e-06,5.47e-06,3308529042.0
2026-06-02 11:55:00,5.47e-06,5.47e-06,5.45e-06,5.45e-06,1618669370.0
2026-06-02 12:00:00,5.45e-06,5.46e-06,5.43e-06,5.46e-06,8891913229.0
2026-06-02 12:05:00,5.45e-06,5.45e-06,5.44e-06,5.45e-06,749754324.0
2026-06-02 12:10:00,5.46e-06,5.46e-06,5.44e-06,5.46e-06,3174456415.0
2026-06-02 12:15:00,5.45e-06,5.46e-06,5.44e-06,5.44e-06,301653318.0
2026-06-02 12:20:00,5.45e-06,5.47e-06,5.44e-06,5.46e-06,3363786833.0
2026-06-02 12:25:00,5.46e-06,5.46e-06,5.45e-06,5.45e-06,2279483385.0
2026-06-02 12:30:00,5.46e-06,5.46e-06,5.44e-06,5.45e-06,819436082.0
2026-06-02 12:35:00,5.44e-06,5.45e-06,5.44e-06,5.45e-06,2317640825.0
2026-06-02 12:40:00,5.45e-06,5.47e-06,5.45e-06,5.45e-06,7105742531.0
2026-06-02 12:45:00,5.46e-06,5.46e-06,5.45e-06,5.45e-06,1661350560.0
2026-06-02 12:50:00,5.45e-06,5.46e-06,5.44e-06,5.45e-06,3108831541.0
2026-06-02 12:55:00,5.45e-06,5.46e-06,5.44e-06,5.45e-06,1042494610.0
2026-06-02 13:00:00,5.45e-06,5.47e-06,5.44e-06,5.46e-06,5227363331.0
2026-06-02 13:05:00,5.46e-06,5.47e-06,5.45e-06,5.45e-06,2434154808.0
2026-06-02 13:10:00,5.45e-06,5.46e-06,5.44e-06,5.45e-06,1390452563.0
2026-06-02 13:15:00,5.45e-06,5.47e-06,5.44e-06,5.46e-06,3949845097.0
2026-06-02 13:20:00,5.46e-06,5.46e-06,5.45e-06,5.46e-06,141535171.0
2026-06-02 13:25:00,5.45e-06,5.47e-06,5.45e-06,5.45e-06,2345965259.0
2026-06-02 13:30:00,5.45e-06,5.46e-06,5.44e-06,5.45e-06,9991273933.0
2026-06-02 13:35:00,5.45e-06,5.45e-06,5.44e-06,5.44e-06,5120754467.0
2026-06-02 13:40:00,5.44e-06,5.46e-06,5.43e-06,5.44e-06,3695504667.0
2026-06-02 13:45:00,5.45e-06,5.45e-06,5.44e-06,5.44e-06,992663216.0
2026-06-02 13:50:00,5.44e-06,5.45e-06,5.43e-06,5.43e-06,6480755561.0
2026-06-02 13:55:00,5.43e-06,5.44e-06,5.43e-06,5.44e-06,894102871.0
2026-06-02 14:00:00,5.43e-06,5.44e-06,5.42e-06,5.43e-06,2660862308.0
2026-06-02 14:05:00,5.43e-06,5.44e-06,5.41e-06,5.42e-06,3769249576.0
2026-06-02 14:10:00,5.42e-06,5.44e-06,5.4e-06,5.43e-06,6253483539.0
2026-06-02 14:15:00,5.42e-06,5.43e-06,5.41e-06,5.41e-06,5461009457.0
2026-06-02 14:20:00,5.4e-06,5.41e-06,5.34e-06,5.35e-06,20008690359.0
2026-06-02 14:25:00,5.35e-06,5.38e-06,5.3e-06,5.33e-06,24608837142.0
2026-06-02 14:30:00,5.33e-06,5.36e-06,5.31e-06,5.35e-06,4362378891.0
2026-06-02 14:35:00,5.35e-06,5.37e-06,5.34e-06,5.35e-06,3584260466.0
2026-06-02 14:40:00,5.36e-06,5.36e-06,5.31e-06,5.32e-06,3739823886.0
2026-06-02 14:45:00,5.32e-06,5.36e-06,5.32e-06,5.36e-06,6755984942.0
2026-06-02 14:50:00,5.35e-06,5.37e-06,5.34e-06,5.35e-06,2127783398.0
2026-06-02 14:55:00,5.35e-06,5.36e-06,5.33e-06,5.34e-06,763510729.0
2026-06-02 15:00:00,5.34e-06,5.35e-06,5.3e-06,5.31e-06,7791972246.0
2026-06-02 15:05:00,5.31e-06,5.34e-06,5.31e-06,5.33e-06,3000513370.0
2026-06-02 15:10:00,5.33e-06,5.33e-06,5.31e-06,5.32e-06,2504384141.0
2026-06-02 15:15:00,5.32e-06,5.32e-06,5.3e-06,5.31e-06,4481522983.0
2026-06-02 15:20:00,5.3e-06,5.32e-06,5.27e-06,5.3e-06,7474407619.0
2026-06-02 15:25:00,5.31e-06,5.31e-06,5.27e-06,5.28e-06,5857070783.0
2026-06-02 15:30:00,5.29e-06,5.3e-06,5.24e-06,5.27e-06,22276822209.0
2026-06-02 15:35:00,5.27e-06,5.29e-06,5.25e-06,5.28e-06,6311845196.0
2026-06-02 15:40:00,5.29e-06,5.3e-06,5.28e-06,5.3e-06,3415191461.0
2026-06-02 15:45:00,5.29e-06,5.31e-06,5.27e-06,5.28e-06,5173758832.0
2026-06-02 15:50:00,5.28e-06,5.28e-06,5.26e-06,5.26e-06,1400128343.0
2026-06-02 15:55:00,5.27e-06,5.29e-06,5.26e-06,5.27e-06,4743619080.0
2026-06-02 16:00:00,5.28e-06,5.29e-06,5.25e-06,5.28e-06,7321783401.0
2026-06-02 16:05:00,5.28e-06,5.31e-06,5.28e-06,5.31e-06,2955485095.0
2026-06-02 16:10:00,5.3e-06,5.33e-06,5.3e-06,5.33e-06,2222210804.0
2026-06-02 16:15:00,5.33e-06,5.35e-06,5.32e-06,5.35e-06,6525444210.0
2026-06-02 16:20:00,5.34e-06,5.35e-06,5.32e-06,5.34e-06,3529901448.0
2026-06-02 16:25:00,5.33e-06,5.34e-06,5.33e-06,5.33e-06,1065089009.0
2026-06-02 16:30:00,5.34e-06,5.34e-06,5.32e-06,5.33e-06,788650452.0
2026-06-02 16:35:00,5.33e-06,5.34e-06,5.31e-06,5.33e-06,2126621474.0
2026-06-02 16:40:00,5.33e-06,5.34e-06,5.32e-06,5.32e-06,1226175808.0
2026-06-02 16:45:00,5.33e-06,5.34e-06,5.32e-06,5.33e-06,1488592786.0
2026-06-02 16:50:00,5.33e-06,5.34e-06,5.32e-06,5.32e-06,827999044.0
2026-06-02 16:55:00,5.31e-06,5.32e-06,5.3e-06,5.3e-06,2370382129.0
2026-06-02 17:00:00,5.31e-06,5.32e-06,5.3e-06,5.31e-06,1348175285.0
2026-06-02 17:05:00,5.31e-06,5.32e-06,5.3e-06,5.31e-06,2190646960.0
2026-06-02 17:10:00,5.31e-06,5.32e-06,5.3e-06,5.32e-06,1117157498.0
2026-06-02 17:15:00,5.31e-06,5.32e-06,5.31e-06,5.31e-06,1438602406.0
2026-06-02 17:20:00,5.32e-06,5.33e-06,5.31e-06,5.33e-06,4688292420.0
2026-06-02 17:25:00,5.32e-06,5.34e-06,5.32e-06,5.33e-06,971097224.0
2026-06-02 17:30:00,5.33e-06,5.34e-06,5.32e-06,5.33e-06,809876331.0
2026-06-02 17:35:00,5.33e-06,5.34e-06,5.32e-06,5.33e-06,1134143954.0
2026-06-02 17:40:00,5.33e-06,5.33e-06,5.31e-06,5.32e-06,2187668600.0
2026-06-02 17:45:00,5.32e-06,5.32e-06,5.31e-06,5.31e-06,841917503.0
2026-06-02 17:50:00,5.31e-06,5.32e-06,5.3e-06,5.31e-06,888432457.0
2026-06-02 17:55:00,5.31e-06,5.32e-06,5.3e-06,5.31e-06,874567741.0
2026-06-02 18:00:00,5.31e-06,5.33e-06,5.31e-06,5.31e-06,2575085797.0
2026-06-02 18:05:00,5.32e-06,5.33e-06,5.31e-06,5.31e-06,1133901235.0
2026-06-02 18:10:00,5.32e-06,5.33e-06,5.31e-06,5.31e-06,1669416098.0
2026-06-02 18:15:00,5.31e-06,5.32e-06,5.3e-06,5.3e-06,2003677030.0
2026-06-02 18:20:00,5.3e-06,5.31e-06,5.29e-06,5.29e-06,1174864709.0
2026-06-02 18:25:00,5.29e-06,5.3e-06,5.28e-06,5.28e-06,1173248985.0
2026-06-02 18:30:00,5.28e-06,5.29e-06,5.27e-06,5.27e-06,1471323626.0
2026-06-02 18:35:00,5.28e-06,5.28e-06,5.26e-06,5.26e-06,4391013498.0
2026-06-02 18:40:00,5.26e-06,5.27e-06,5.25e-06,5.26e-06,1957895140.0
2026-06-02 18:45:00,5.26e-06,5.26e-06,5.24e-06,5.25e-06,2122312113.0
2026-06-02 18:50:00,5.25e-06,5.26e-06,5.23e-06,5.23e-06,4651576450.0
2026-06-02 18:55:00,5.24e-06,5.25e-06,5.24e-06,5.25e-06,1323953490.0
2026-06-02 19:00:00,5.24e-06,5.26e-06,5.23e-06,5.24e-06,1639492429.0
2026-06-02 19:05:00,5.25e-06,5.26e-06,5.24e-06,5.25e-06,792626477.0
2026-06-02 19:10:00,5.25e-06,5.26e-06,5.24e-06,5.25e-06,2581865415.0
2026-06-02 19:15:00,5.25e-06,5.25e-06,5.23e-06,5.24e-06,1137098865.0
2026-06-02 19:20:00,5.24e-06,5.25e-06,5.21e-06,5.23e-06,13109812679.0
2026-06-02 19:25:00,5.23e-06,5.24e-06,5.21e-06,5.22e-06,5146151117.0
2026-06-02 19:30:00,5.23e-06,5.23e-06,5.16e-06,5.17e-06,23843425555.0
2026-06-02 19:35:00,5.17e-06,5.2e-06,5.17e-06,5.19e-06,2861611405.0
2026-06-02 19:40:00,5.2e-06,5.21e-06,5.17e-06,5.2e-06,2815480227.0
2026-06-02 19:45:00,5.21e-06,5.24e-06,5.2e-06,5.24e-06,2434419225.0
2026-06-02 19:50:00,5.24e-06,5.26e-06,5.23e-06,5.24e-06,1873973518.0
2026-06-02 19:55:00,5.24e-06,5.24e-06,5.23e-06,5.24e-06,921130399.0
2026-06-02 20:00:00,5.24e-06,5.26e-06,5.22e-06,5.25e-06,2000311253.0
2026-06-02 20:05:00,5.25e-06,5.27e-06,5.25e-06,5.26e-06,2761591186.0
2026-06-02 20:10:00,5.26e-06,5.27e-06,5.25e-06,5.25e-06,777969203.0
2026-06-02 20:15:00,5.25e-06,5.26e-06,5.23e-06,5.23e-06,769190755.0
2026-06-02 20:20:00,5.23e-06,5.24e-06,5.21e-06,5.21e-06,2416379877.0
2026-06-02 20:25:00,5.22e-06,5.23e-06,5.2e-06,5.22e-06,1785041632.0
2026-06-02 20:30:00,5.21e-06,5.25e-06,5.21e-06,5.24e-06,2069248550.0
2026-06-02 20:35:00,5.24e-06,5.25e-06,5.24e-06,5.25e-06,506306219.0
2026-06-02 20:40:00,5.25e-06,5.25e-06,5.24e-06,5.25e-06,2947397921.0
2026-06-02 20:45:00,5.25e-06,5.27e-06,5.25e-06,5.26e-06,1207433470.0
2026-06-02 20:50:00,5.26e-06,5.28e-06,5.26e-06,5.26e-06,1344771356.0
2026-06-02 20:55:00,5.27e-06,5.28e-06,5.26e-06,5.27e-06,674680879.0
2026-06-02 21:00:00,5.27e-06,5.28e-06,5.26e-06,5.26e-06,528232993.0
2026-06-02 21:05:00,5.27e-06,5.29e-06,5.27e-06,5.27e-06,1820667611.0
2026-06-02 21:10:00,5.27e-06,5.29e-06,5.24e-06,5.26e-06,24047702504.0
2026-06-02 21:15:00,5.25e-06,5.27e-06,5.25e-06,5.27e-06,1108507566.0
2026-06-02 21:20:00,5.28e-06,5.28e-06,5.27e-06,5.28e-06,1413577364.0
2026-06-02 21:25:00,5.27e-06,5.3e-06,5.27e-06,5.28e-06,6879686576.0
2026-06-02 21:30:00,5.29e-06,5.3e-06,5.28e-06,5.3e-06,3279061566.0
2026-06-02 21:35:00,5.29e-06,5.3e-06,5.28e-06,5.29e-06,1159429888.0
2026-06-02 21:40:00,5.29e-06,5.3e-06,5.27e-06,5.28e-06,7486591035.0
2026-06-02 21:45:00,5.29e-06,5.29e-06,5.27e-06,5.27e-06,493131185.0
2026-06-02 21:50:00,5.27e-06,5.27e-06,5.25e-06,5.25e-06,585189636.0
2026-06-02 21:55:00,5.25e-06,5.26e-06,5.25e-06,5.26e-06,961008189.0
2026-06-02 22:00:00,5.25e-06,5.26e-06,5.23e-06,5.24e-06,3595034300.0
2026-06-02 22:05:00,5.24e-06,5.26e-06,5.24e-06,5.25e-06,1557847038.0
2026-06-02 22:10:00,5.25e-06,5.25e-06,5.23e-06,5.23e-06,1960109029.0
2026-06-02 22:15:00,5.24e-06,5.24e-06,5.2e-06,5.2e-06,6208164017.0
2026-06-02 22:20:00,5.21e-06,5.24e-06,5.2e-06,5.24e-06,4549853426.0
2026-06-02 22:25:00,5.24e-06,5.26e-06,5.23e-06,5.24e-06,1572386364.0
2026-06-02 22:30:00,5.23e-06,5.24e-06,5.22e-06,5.22e-06,414203090.0
2026-06-02 22:35:00,5.22e-06,5.24e-06,5.22e-06,5.22e-06,3284033126.0
2026-06-02 22:40:00,5.22e-06,5.22e-06,5.2e-06,5.21e-06,2899113797.0
2026-06-02 22:45:00,5.21e-06,5.21e-06,5.18e-06,5.18e-06,3728918300.0
2026-06-02 22:50:00,5.18e-06,5.19e-06,5.12e-06,5.15e-06,10897820829.0
2026-06-02 22:55:00,5.15e-06,5.17e-06,5.12e-06,5.13e-06,4145021035.0
2026-06-02 23:00:00,5.13e-06,5.15e-06,5.12e-06,5.15e-06,4603857387.0
2026-06-02 23:05:00,5.16e-06,5.17e-06,5.15e-06,5.15e-06,3791018580.0
2026-06-02 23:10:00,5.15e-06,5.17e-06,5.15e-06,5.16e-06,4018481382.0
2026-06-02 23:15:00,5.17e-06,5.17e-06,5.15e-06,5.15e-06,2961146519.0
2026-06-02 23:20:00,5.15e-06,5.16e-06,5.13e-06,5.14e-06,7402834082.0
2026-06-02 23:25:00,5.14e-06,5.15e-06,5.09e-06,5.1e-06,8002741970.0
2026-06-02 23:30:00,5.11e-06,5.14e-06,5.09e-06,5.14e-06,12597362755.0
2026-06-02 23:35:00,5.14e-06,5.15e-06,5.13e-06,5.13e-06,8252558271.0
2026-06-02 23:40:00,5.13e-06,5.16e-06,5.13e-06,5.15e-06,2316212080.0
2026-06-02 23:45:00,5.15e-06,5.18e-06,5.15e-06,5.17e-06,2972022765.0
2026-06-02 23:50:00,5.17e-06,5.18e-06,5.16e-06,5.17e-06,2669616880.0
2026-06-02 23:55:00,5.17e-06,5.19e-06,5.17e-06,5.18e-06,3683219099.0
2026-06-03 00:00:00,5.18e-06,5.2e-06,5.18e-06,5.18e-06,5721646731.0
2026-06-03 00:05:00,5.18e-06,5.2e-06,5.17e-06,5.2e-06,2268612608.0
2026-06-03 00:10:00,5.2e-06,5.21e-06,5.19e-06,5.2e-06,4750951899.0
2026-06-03 00:15:00,5.2e-06,5.23e-06,5.2e-06,5.23e-06,3964827835.0
2026-06-03 00:20:00,5.22e-06,5.23e-06,5.21e-06,5.22e-06,1683467377.0
2026-06-03 00:25:00,5.22e-06,5.23e-06,5.21e-06,5.21e-06,625041172.0
2026-06-03 00:30:00,5.22e-06,5.23e-06,5.2e-06,5.23e-06,1802740041.0
2026-06-03 00:35:00,5.23e-06,5.24e-06,5.22e-06,5.23e-06,3469068159.0
2026-06-03 00:40:00,5.23e-06,5.24e-06,5.22e-06,5.24e-06,914011415.0
2026-06-03 00:45:00,5.23e-06,5.24e-06,5.22e-06,5.23e-06,1020095301.0
2026-06-03 00:50:00,5.23e-06,5.23e-06,5.22e-06,5.22e-06,2692938731.0
2026-06-03 00:55:00,5.22e-06,5.23e-06,5.22e-06,5.22e-06,520055418.0
2026-06-03 01:00:00,5.22e-06,5.23e-06,5.21e-06,5.22e-06,10991542628.0
2026-06-03 01:05:00,5.23e-06,5.23e-06,5.21e-06,5.22e-06,1667079184.0
2026-06-03 01:10:00,5.21e-06,5.23e-06,5.21e-06,5.22e-06,1272130352.0
2026-06-03 01:15:00,5.22e-06,5.24e-06,5.22e-06,5.23e-06,2364406825.0
2026-06-03 01:20:00,5.23e-06,5.23e-06,5.22e-06,5.23e-06,646751886.0
2026-06-03 01:25:00,5.23e-06,5.25e-06,5.23e-06,5.24e-06,733188569.0
2026-06-03 01:30:00,5.25e-06,5.25e-06,5.23e-06,5.23e-06,458012038.0
2026-06-03 01:35:00,5.24e-06,5.24e-06,5.2e-06,5.2e-06,900055567.0
2026-06-03 01:40:00,5.21e-06,5.22e-06,5.19e-06,5.2e-06,2718557549.0
2026-06-03 01:45:00,5.19e-06,5.21e-06,5.19e-06,5.21e-06,759729052.0
2026-06-03 01:50:00,5.21e-06,5.24e-06,5.2e-06,5.24e-06,2724205673.0
2026-06-03 01:55:00,5.24e-06,5.25e-06,5.23e-06,5.24e-06,914999855.0
2026-06-03 02:00:00,5.24e-06,5.24e-06,5.22e-06,5.23e-06,1772074763.0
2026-06-03 02:05:00,5.23e-06,5.24e-06,5.22e-06,5.23e-06,1466079541.0
2026-06-03 02:10:00,5.24e-06,5.24e-06,5.23e-06,5.24e-06,411097506.0
2026-06-03 02:15:00,5.23e-06,5.24e-06,5.22e-06,5.24e-06,574922361.0
2026-06-03 02:20:00,5.23e-06,5.23e-06,5.21e-06,5.22e-06,2542972813.0
2026-06-03 02:25:00,5.21e-06,5.23e-06,5.21e-06,5.22e-06,473939182.0
2026-06-03 02:30:00,5.22e-06,5.23e-06,5.21e-06,5.22e-06,1086169535.0
2026-06-03 02:35:00,5.22e-06,5.24e-06,5.22e-06,5.24e-06,2354129336.0
2026-06-03 02:40:00,5.23e-06,5.24e-06,5.23e-06,5.23e-06,4344192288.0
2026-06-03 02:45:00,5.24e-06,5.24e-06,5.22e-06,5.24e-06,3549493666.0
2026-06-03 02:50:00,5.23e-06,5.24e-06,5.23e-06,5.23e-06,455662477.0
2026-06-03 02:55:00,5.24e-06,5.25e-06,5.23e-06,5.24e-06,1396640182.0
2026-06-03 03:00:00,5.23e-06,5.25e-06,5.23e-06,5.24e-06,1820448582.0
2026-06-03 03:05:00,5.24e-06,5.25e-06,5.23e-06,5.23e-06,5173074290.0
2026-06-03 03:10:00,5.24e-06,5.24e-06,5.23e-06,5.23e-06,332484082.0
2026-06-03 03:15:00,5.23e-06,5.24e-06,5.22e-06,5.22e-06,1799910460.0
2026-06-03 03:20:00,5.23e-06,5.24e-06,5.22e-06,5.23e-06,2368416893.0
2026-06-03 03:25:00,5.24e-06,5.24e-06,5.21e-06,5.21e-06,5338373167.0
2026-06-03 03:30:00,5.22e-06,5.23e-06,5.21e-06,5.21e-06,2013929151.0
2026-06-03 03:35:00,5.21e-06,5.22e-06,5.18e-06,5.19e-06,2289995982.0
2026-06-03 03:40:00,5.18e-06,5.19e-06,5.16e-06,5.17e-06,1829898906.0
2026-06-03 03:45:00,5.17e-06,5.18e-06,5.14e-06,5.14e-06,3883302715.0
2026-06-03 03:50:00,5.14e-06,5.17e-06,5.13e-06,5.16e-06,4650342967.0
2026-06-03 03:55:00,5.17e-06,5.17e-06,5.15e-06,5.15e-06,1755647469.0
2026-06-03 04:00:00,5.16e-06,5.2e-06,5.15e-06,5.2e-06,1867511449.0
2026-06-03 04:05:00,5.2e-06,5.21e-06,5.18e-06,5.18e-06,2538678951.0
2026-06-03 04:10:00,5.18e-06,5.19e-06,5.18e-06,5.19e-06,392096661.0
2026-06-03 04:15:00,5.19e-06,5.2e-06,5.18e-06,5.19e-06,794360584.0
2026-06-03 04:20:00,5.19e-06,5.21e-06,5.19e-06,5.21e-06,1246382857.0
2026-06-03 04:25:00,5.21e-06,5.22e-06,5.2e-06,5.22e-06,5435783887.0
2026-06-03 04:30:00,5.22e-06,5.23e-06,5.2e-06,5.23e-06,2908121257.0
2026-06-03 04:35:00,5.22e-06,5.23e-06,5.21e-06,5.23e-06,1397832239.0
2026-06-03 04:40:00,5.23e-06,5.25e-06,5.22e-06,5.24e-06,2013278588.0
2026-06-03 04:45:00,5.23e-06,5.25e-06,5.23e-06,5.25e-06,1090222885.0
2026-06-03 04:50:00,5.24e-06,5.25e-06,5.22e-06,5.22e-06,2855763410.0
2026-06-03 04:55:00,5.22e-06,5.25e-06,5.22e-06,5.25e-06,622252983.0
2026-06-03 05:00:00,5.25e-06,5.29e-06,5.25e-06,5.29e-06,4757669439.0
2026-06-03 05:05:00,5.28e-06,5.32e-06,5.28e-06,5.32e-06,4680482032.0
2026-06-03 05:10:00,5.32e-06,5.33e-06,5.31e-06,5.32e-06,5392043603.0
2026-06-03 05:15:00,5.32e-06,5.33e-06,5.3e-06,5.32e-06,1689321991.0
2026-06-03 05:20:00,5.32e-06,5.32e-06,5.3e-06,5.31e-06,1022749392.0
2026-06-03 05:25:00,5.31e-06,5.31e-06,5.29e-06,5.31e-06,13194830532.0
2026-06-03 05:30:00,5.31e-06,5.31e-06,5.28e-06,5.3e-06,2442447142.0
2026-06-03 05:35:00,5.3e-06,5.31e-06,5.29e-06,5.31e-06,1109754548.0
2026-06-03 05:40:00,5.31e-06,5.32e-06,5.3e-06,5.3e-06,1528863585.0
2026-06-03 05:45:00,5.3e-06,5.31e-06,5.29e-06,5.3e-06,1477485148.0
2026-06-03 05:50:00,5.31e-06,5.32e-06,5.3e-06,5.31e-06,2623255586.0
2026-06-03 05:55:00,5.31e-06,5.33e-06,5.31e-06,5.33e-06,1143047273.0
2026-06-03 06:00:00,5.33e-06,5.33e-06,5.31e-06,5.32e-06,4004614390.0
2026-06-03 06:05:00,5.32e-06,5.32e-06,5.3e-06,5.3e-06,7211210334.0
2026-06-03 06:10:00,5.3e-06,5.31e-06,5.3e-06,5.3e-06,59800096.0
2026-06-03 06:15:00,5.3e-06,5.31e-06,5.3e-06,5.31e-06,246325901.0
2026-06-03 06:20:00,5.31e-06,5.32e-06,5.3e-06,5.31e-06,2089043420.0
2026-06-03 06:25:00,5.3e-06,5.32e-06,5.3e-06,5.3e-06,749270346.0
2026-06-03 06:30:00,5.3e-06,5.31e-06,5.3e-06,5.31e-06,1409284202.0
2026-06-03 06:35:00,5.31e-06,5.31e-06,5.3e-06,5.31e-06,3021976897.0
2026-06-03 06:40:00,5.31e-06,5.32e-06,5.3e-06,5.3e-06,3300861797.0
2026-06-03 06:45:00,5.31e-06,5.31e-06,5.3e-06,5.31e-06,1801930279.0
2026-06-03 06:50:00,5.3e-06,5.3e-06,5.29e-06,5.29e-06,1709253683.0
2026-06-03 06:55:00,5.29e-06,5.3e-06,5.28e-06,5.29e-06,1679426167.0
2026-06-03 07:00:00,5.29e-06,5.29e-06,5.27e-06,5.27e-06,796873214.0
2026-06-03 07:05:00,5.27e-06,5.29e-06,5.27e-06,5.28e-06,1951215817.0
2026-06-03 07:10:00,5.29e-06,5.31e-06,5.29e-06,5.3e-06,1274023531.0
2026-06-03 07:15:00,5.3e-06,5.31e-06,5.29e-06,5.3e-06,2136563178.0
2026-06-03 07:20:00,5.31e-06,5.31e-06,5.3e-06,5.31e-06,251605006.0
2026-06-03 07:25:00,5.3e-06,5.31e-06,5.3e-06,5.31e-06,1266594999.0
2026-06-03 07:30:00,5.31e-06,5.32e-06,5.3e-06,5.31e-06,938584361.0
2026-06-03 07:35:00,5.31e-06,5.32e-06,5.3e-06,5.31e-06,1185386541.0
2026-06-03 07:40:00,5.3e-06,5.31e-06,5.29e-06,5.3e-06,950159280.0
2026-06-03 07:45:00,5.31e-06,5.31e-06,5.3e-06,5.3e-06,361741411.0
2026-06-03 07:50:00,5.3e-06,5.31e-06,5.3e-06,5.3e-06,313557450.0
2026-06-03 07:55:00,5.31e-06,5.31e-06,5.3e-06,5.3e-06,208010943.0
2026-06-03 08:00:00,5.3e-06,5.3e-06,5.29e-06,5.29e-06,3819676699.0
2026-06-03 08:05:00,5.3e-06,5.3e-06,5.28e-06,5.29e-06,1649213454.0
2026-06-03 08:10:00,5.3e-06,5.3e-06,5.29e-06,5.29e-06,292442394.0
2026-06-03 08:15:00,5.29e-06,5.31e-06,5.29e-06,5.3e-06,142937192.0
2026-06-03 08:20:00,5.31e-06,5.31e-06,5.29e-06,5.3e-06,1544734730.0
2026-06-03 08:25:00,5.3e-06,5.31e-06,5.29e-06,5.31e-06,562815543.0
2026-06-03 08:30:00,5.31e-06,5.31e-06,5.3e-06,5.31e-06,714471203.0
2026-06-03 08:35:00,5.31e-06,5.32e-06,5.29e-06,5.3e-06,1442799795.0
2026-06-03 08:40:00,5.29e-06,5.31e-06,5.29e-06,5.3e-06,3432598866.0
2026-06-03 08:45:00,5.31e-06,5.31e-06,5.29e-06,5.31e-06,512224402.0
2026-06-03 08:50:00,5.31e-06,5.31e-06,5.29e-06,5.3e-06,3519004164.0
2026-06-03 08:55:00,5.3e-06,5.31e-06,5.3e-06,5.3e-06,309053996.0
2026-06-03 09:00:00,5.31e-06,5.31e-06,5.29e-06,5.3e-06,549883022.0
2026-06-03 09:05:00,5.3e-06,5.31e-06,5.29e-06,5.31e-06,371868507.0
2026-06-03 09:10:00,5.3e-06,5.3e-06,5.29e-06,5.3e-06,1184497241.0
2026-06-03 09:15:00,5.3e-06,5.3e-06,5.27e-06,5.28e-06,2223519376.0
2026-06-03 09:20:00,5.28e-06,5.29e-06,5.27e-06,5.29e-06,1283551649.0
2026-06-03 09:25:00,5.29e-06,5.3e-06,5.28e-06,5.3e-06,1387917593.0
2026-06-03 09:30:00,5.29e-06,5.3e-06,5.28e-06,5.3e-06,354389026.0
2026-06-03 09:35:00,5.29e-06,5.3e-06,5.28e-06,5.29e-06,1206456058.0
2026-06-03 09:40:00,5.29e-06,5.3e-06,5.28e-06,5.29e-06,1408157158.0
2026-06-03 09:45:00,5.28e-06,5.29e-06,5.27e-06,5.29e-06,6593395625.0
2026-06-03 09:50:00,5.3e-06,5.32e-06,5.3e-06,5.31e-06,3544087475.0
2026-06-03 09:55:00,5.31e-06,5.31e-06,5.3e-06,5.3e-06,1308103592.0
2026-06-03 10:00:00,5.29e-06,5.3e-06,5.29e-06,5.3e-06,1937557891.0
2026-06-03 10:05:00,5.31e-06,5.33e-06,5.3e-06,5.33e-06,2762909294.0
2026-06-03 10:10:00,5.33e-06,5.33e-06,5.31e-06,5.32e-06,710518966.0
2026-06-03 10:15:00,5.31e-06,5.32e-06,5.31e-06,5.32e-06,386841544.0
2026-06-03 10:20:00,5.32e-06,5.32e-06,5.31e-06,5.31e-06,1673431447.0
2026-06-03 10:25:00,5.32e-06,5.33e-06,5.32e-06,5.33e-06,556897251.0
2026-06-03 10:30:00,5.32e-06,5.35e-06,5.32e-06,5.35e-06,4123803178.0
2026-06-03 10:35:00,5.35e-06,5.35e-06,5.33e-06,5.34e-06,1194380363.0
2026-06-03 10:40:00,5.35e-06,5.35e-06,5.32e-06,5.33e-06,2529856418.0
2026-06-03 10:45:00,5.33e-06,5.34e-06,5.32e-06,5.33e-06,2357580133.0
2026-06-03 10:50:00,5.33e-06,5.34e-06,5.32e-06,5.33e-06,755333913.0
2026-06-03 10:55:00,5.33e-06,5.34e-06,5.33e-06,5.34e-06,598910553.0
2026-06-03 11:00:00,5.34e-06,5.35e-06,5.33e-06,5.34e-06,1057717843.0
2026-06-03 11:05:00,5.34e-06,5.35e-06,5.33e-06,5.33e-06,818212450.0
2026-06-03 11:10:00,5.34e-06,5.35e-06,5.33e-06,5.34e-06,642407376.0
2026-06-03 11:15:00,5.35e-06,5.35e-06,5.34e-06,5.34e-06,320440295.0
2026-06-03 11:20:00,5.34e-06,5.36e-06,5.34e-06,5.35e-06,3683898672.0
2026-06-03 11:25:00,5.35e-06,5.35e-06,5.34e-06,5.35e-06,1008418706.0
2026-06-03 11:30:00,5.35e-06,5.35e-06,5.33e-06,5.34e-06,838504932.0
2026-06-03 11:35:00,5.33e-06,5.34e-06,5.33e-06,5.33e-06,1198717356.0
2026-06-03 11:40:00,5.34e-06,5.34e-06,5.33e-06,5.33e-06,1462582235.0
2026-06-03 11:45:00,5.33e-06,5.34e-06,5.31e-06,5.31e-06,1056920912.0
2026-06-03 11:50:00,5.31e-06,5.33e-06,5.31e-06,5.31e-06,1384713631.0
2026-06-03 11:55:00,5.32e-06,5.33e-06,5.32e-06,5.32e-06,325704042.0
2026-06-03 12:00:00,5.32e-06,5.32e-06,5.31e-06,5.32e-06,675906781.0
2026-06-03 12:05:00,5.32e-06,5.33e-06,5.31e-06,5.32e-06,2976597004.0
2026-06-03 12:10:00,5.32e-06,5.33e-06,5.31e-06,5.32e-06,534377975.0
2026-06-03 12:15:00,5.31e-06,5.31e-06,5.29e-06,5.31e-06,1115651517.0
2026-06-03 12:20:00,5.3e-06,5.31e-06,5.29e-06,5.3e-06,1262329898.0
2026-06-03 12:25:00,5.3e-06,5.32e-06,5.3e-06,5.31e-06,714916300.0
2026-06-03 12:30:00,5.32e-06,5.33e-06,5.31e-06,5.31e-06,1000380607.0
2026-06-03 12:35:00,5.31e-06,5.33e-06,5.3e-06,5.31e-06,1739458720.0
2026-06-03 12:40:00,5.31e-06,5.32e-06,5.3e-06,5.32e-06,2162256926.0
2026-06-03 12:45:00,5.31e-06,5.32e-06,5.31e-06,5.31e-06,1121283373.0
2026-06-03 12:50:00,5.31e-06,5.33e-06,5.31e-06,5.32e-06,3678191888.0
2026-06-03 12:55:00,5.32e-06,5.32e-06,5.31e-06,5.32e-06,408071950.0
2026-06-03 13:00:00,5.32e-06,5.33e-06,5.31e-06,5.31e-06,3027992353.0
2026-06-03 13:05:00,5.32e-06,5.32e-06,5.3e-06,5.31e-06,3006284694.0
2026-06-03 13:10:00,5.32e-06,5.33e-06,5.31e-06,5.32e-06,2716620887.0
2026-06-03 13:15:00,5.32e-06,5.35e-06,5.32e-06,5.34e-06,1324428026.0
2026-06-03 13:20:00,5.34e-06,5.35e-06,5.33e-06,5.34e-06,1357739569.0
2026-06-03 13:25:00,5.33e-06,5.33e-06,5.31e-06,5.32e-06,3202046863.0
2026-06-03 13:30:00,5.32e-06,5.35e-06,5.32e-06,5.34e-06,4726723180.0
2026-06-03 13:35:00,5.33e-06,5.34e-06,5.32e-06,5.34e-06,1405527556.0
2026-06-03 13:40:00,5.33e-06,5.34e-06,5.31e-06,5.31e-06,1767697489.0
2026-06-03 13:45:00,5.32e-06,5.32e-06,5.3e-06,5.31e-06,2807140307.0
2026-06-03 13:50:00,5.31e-06,5.33e-06,5.31e-06,5.32e-06,548587159.0
2026-06-03 13:55:00,5.33e-06,5.33e-06,5.31e-06,5.33e-06,664531470.0
2026-06-03 14:00:00,5.32e-06,5.33e-06,5.3e-06,5.3e-06,2573235733.0
2026-06-03 14:05:00,5.3e-06,5.32e-06,5.3e-06,5.32e-06,830589010.0
2026-06-03 14:10:00,5.32e-06,5.33e-06,5.31e-06,5.32e-06,218295663.0
2026-06-03 14:15:00,5.32e-06,5.33e-06,5.3e-06,5.3e-06,1319141448.0
2026-06-03 14:20:00,5.3e-06,5.31e-06,5.29e-06,5.29e-06,4708931040.0
2026-06-03 14:25:00,5.29e-06,5.3e-06,5.28e-06,5.3e-06,2539289163.0
2026-06-03 14:30:00,5.29e-06,5.3e-06,5.28e-06,5.28e-06,1688079219.0
2026-06-03 14:35:00,5.28e-06,5.31e-06,5.28e-06,5.3e-06,7960883489.0
2026-06-03 14:40:00,5.3e-06,5.3e-06,5.28e-06,5.29e-06,1974223306.0
2026-06-03 14:45:00,5.29e-06,5.3e-06,5.29e-06,5.3e-06,464953885.0
2026-06-03 14:50:00,5.3e-06,5.31e-06,5.29e-06,5.3e-06,1566031290.0
2026-06-03 14:55:00,5.3e-06,5.3e-06,5.29e-06,5.3e-06,1151618172.0
2026-06-03 15:00:00,5.31e-06,5.32e-06,5.29e-06,5.3e-06,1500154532.0
2026-06-03 15:05:00,5.3e-06,5.3e-06,5.27e-06,5.28e-06,939331900.0
2026-06-03 15:10:00,5.29e-06,5.29e-06,5.28e-06,5.29e-06,1617703904.0
2026-06-03 15:15:00,5.29e-06,5.3e-06,5.28e-06,5.29e-06,423721063.0
2026-06-03 15:20:00,5.28e-06,5.29e-06,5.27e-06,5.28e-06,7124937016.0
2026-06-03 15:25:00,5.28e-06,5.31e-06,5.28e-06,5.31e-06,3992747717.0
2026-06-03 15:30:00,5.3e-06,5.31e-06,5.26e-06,5.27e-06,1405381161.0
2026-06-03 15:35:00,5.27e-06,5.28e-06,5.26e-06,5.27e-06,2573901193.0
2026-06-03 15:40:00,5.27e-06,5.29e-06,5.26e-06,5.28e-06,1029494687.0
2026-06-03 15:45:00,5.28e-06,5.28e-06,5.26e-06,5.27e-06,2674260338.0
2026-06-03 15:50:00,5.28e-06,5.28e-06,5.26e-06,5.27e-06,422312988.0
2026-06-03 15:55:00,5.27e-06,5.27e-06,5.26e-06,5.26e-06,1353948358.0
2026-06-03 16:00:00,5.26e-06,5.27e-06,5.23e-06,5.24e-06,2792437995.0
2026-06-03 16:05:00,5.25e-06,5.26e-06,5.21e-06,5.23e-06,7254384248.0
2026-06-03 16:10:00,5.23e-06,5.24e-06,5.22e-06,5.24e-06,887848191.0
2026-06-03 16:15:00,5.23e-06,5.25e-06,5.22e-06,5.22e-06,3229519036.0
2026-06-03 16:20:00,5.21e-06,5.22e-06,5.18e-06,5.2e-06,7380976605.0
2026-06-03 16:25:00,5.19e-06,5.21e-06,5.18e-06,5.21e-06,6684597269.0
2026-06-03 16:30:00,5.21e-06,5.22e-06,5.19e-06,5.22e-06,1488791180.0
2026-06-03 16:35:00,5.21e-06,5.23e-06,5.2e-06,5.23e-06,961719428.0
2026-06-03 16:40:00,5.23e-06,5.24e-06,5.22e-06,5.22e-06,1094526785.0
2026-06-03 16:45:00,5.23e-06,5.24e-06,5.22e-06,5.22e-06,2050604539.0
2026-06-03 16:50:00,5.22e-06,5.23e-06,5.22e-06,5.23e-06,624932731.0
2026-06-03 16:55:00,5.23e-06,5.25e-06,5.23e-06,5.25e-06,2486179134.0
2026-06-03 17:00:00,5.24e-06,5.25e-06,5.22e-06,5.23e-06,3314713155.0
2026-06-03 17:05:00,5.22e-06,5.22e-06,5.21e-06,5.21e-06,4230489353.0
2026-06-03 17:10:00,5.22e-06,5.23e-06,5.21e-06,5.21e-06,2086474745.0
2026-06-03 17:15:00,5.22e-06,5.25e-06,5.22e-06,5.24e-06,1363919497.0
2026-06-03 17:20:00,5.24e-06,5.24e-06,5.23e-06,5.23e-06,178092764.0
2026-06-03 17:25:00,5.23e-06,5.26e-06,5.23e-06,5.25e-06,2253899628.0
2026-06-03 17:30:00,5.25e-06,5.28e-06,5.24e-06,5.27e-06,1608979723.0
2026-06-03 17:35:00,5.27e-06,5.27e-06,5.25e-06,5.27e-06,4623533343.0
2026-06-03 17:40:00,5.27e-06,5.27e-06,5.26e-06,5.27e-06,519218404.0
2026-06-03 17:45:00,5.27e-06,5.27e-06,5.25e-06,5.26e-06,1338855981.0
2026-06-03 17:50:00,5.25e-06,5.26e-06,5.24e-06,5.25e-06,859574090.0
2026-06-03 17:55:00,5.25e-06,5.26e-06,5.24e-06,5.25e-06,893608066.0
2026-06-03 18:00:00,5.26e-06,5.27e-06,5.25e-06,5.25e-06,384340953.0
2026-06-03 18:05:00,5.25e-06,5.27e-06,5.25e-06,5.26e-06,804330501.0
2026-06-03 18:10:00,5.26e-06,5.26e-06,5.24e-06,5.25e-06,449836917.0
2026-06-03 18:15:00,5.24e-06,5.25e-06,5.22e-06,5.23e-06,874173053.0
2026-06-03 18:20:00,5.23e-06,5.24e-06,5.22e-06,5.23e-06,1461639164.0
2026-06-03 18:25:00,5.23e-06,5.24e-06,5.22e-06,5.23e-06,984380062.0
2026-06-03 18:30:00,5.24e-06,5.24e-06,5.22e-06,5.23e-06,2718498989.0
2026-06-03 18:35:00,5.23e-06,5.25e-06,5.22e-06,5.24e-06,1162933348.0
2026-06-03 18:40:00,5.25e-06,5.26e-06,5.25e-06,5.25e-06,314604176.0
2026-06-03 18:45:00,5.25e-06,5.26e-06,5.25e-06,5.25e-06,1480553940.0
2026-06-03 18:50:00,5.25e-06,5.27e-06,5.25e-06,5.27e-06,870320482.0
2026-06-03 18:55:00,5.26e-06,5.27e-06,5.26e-06,5.27e-06,258378291.0
2026-06-03 19:00:00,5.27e-06,5.27e-06,5.26e-06,5.27e-06,294473180.0
2026-06-03 19:05:00,5.27e-06,5.28e-06,5.25e-06,5.26e-06,908828604.0
2026-06-03 19:10:00,5.25e-06,5.27e-06,5.25e-06,5.26e-06,1722388992.0
2026-06-03 19:15:00,5.26e-06,5.26e-06,5.25e-06,5.25e-06,446816856.0
2026-06-03 19:20:00,5.26e-06,5.26e-06,5.23e-06,5.24e-06,2214666988.0
2026-06-03 19:25:00,5.24e-06,5.24e-06,5.22e-06,5.24e-06,896419091.0
2026-06-03 19:30:00,5.23e-06,5.24e-06,5.22e-06,5.24e-06,2124718933.0
2026-06-03 19:35:00,5.24e-06,5.25e-06,5.23e-06,5.24e-06,2193867611.0
2026-06-03 19:40:00,5.24e-06,5.26e-06,5.24e-06,5.25e-06,707039265.0
2026-06-03 19:45:00,5.25e-06,5.27e-06,5.25e-06,5.25e-06,961282803.0
2026-06-03 19:50:00,5.25e-06,5.25e-06,5.21e-06,5.21e-06,2870926794.0
2026-06-03 19:55:00,5.22e-06,5.22e-06,5.19e-06,5.2e-06,3249787768.0
2026-06-03 20:00:00,5.21e-06,5.21e-06,5.18e-06,5.19e-06,2538315917.0
2026-06-03 20:05:00,5.19e-06,5.22e-06,5.19e-06,5.22e-06,905796734.0
2026-06-03 20:10:00,5.22e-06,5.24e-06,5.22e-06,5.24e-06,753563024.0
2026-06-03 20:15:00,5.23e-06,5.23e-06,5.19e-06,5.21e-06,13694887421.0
2026-06-03 20:20:00,5.2e-06,5.23e-06,5.2e-06,5.23e-06,161244136.0
2026-06-03 20:25:00,5.22e-06,5.24e-06,5.22e-06,5.23e-06,1844429725.0
2026-06-03 20:30:00,5.23e-06,5.24e-06,5.21e-06,5.22e-06,1198397492.0
2026-06-03 20:35:00,5.21e-06,5.22e-06,5.2e-06,5.21e-06,657926267.0
2026-06-03 20:40:00,5.2e-06,5.21e-06,5.19e-06,5.19e-06,1523941541.0
2026-06-03 20:45:00,5.19e-06,5.19e-06,5.17e-06,5.18e-06,11112155301.0
2026-06-03 20:50:00,5.18e-06,5.19e-06,5.16e-06,5.16e-06,3193792677.0
2026-06-03 20:55:00,5.16e-06,5.17e-06,5.14e-06,5.16e-06,9921976843.0
2026-06-03 21:00:00,5.16e-06,5.19e-06,5.15e-06,5.17e-06,4789356312.0
2026-06-03 21:05:00,5.18e-06,5.22e-06,5.18e-06,5.21e-06,5100392172.0
2026-06-03 21:10:00,5.21e-06,5.21e-06,5.19e-06,5.2e-06,4151367357.0
2026-06-03 21:15:00,5.2e-06,5.21e-06,5.2e-06,5.21e-06,376419551.0
2026-06-03 21:20:00,5.2e-06,5.21e-06,5.2e-06,5.2e-06,208519932.0
2026-06-03 21:25:00,5.21e-06,5.22e-06,5.2e-06,5.21e-06,2393665157.0
2026-06-03 21:30:00,5.21e-06,5.23e-06,5.21e-06,5.22e-06,4851189858.0
2026-06-03 21:35:00,5.23e-06,5.24e-06,5.22e-06,5.22e-06,949503790.0
2026-06-03 21:40:00,5.22e-06,5.26e-06,5.21e-06,5.23e-06,2558905127.0
2026-06-03 21:45:00,5.23e-06,5.27e-06,5.23e-06,5.26e-06,7420420491.0
2026-06-03 21:50:00,5.26e-06,5.27e-06,5.25e-06,5.26e-06,1198824990.0
2026-06-03 21:55:00,5.27e-06,5.28e-06,5.25e-06,5.27e-06,2341970290.0
2026-06-03 22:00:00,5.27e-06,5.29e-06,5.26e-06,5.27e-06,1826489693.0
2026-06-03 22:05:00,5.27e-06,5.28e-06,5.26e-06,5.27e-06,647163588.0
2026-06-03 22:10:00,5.26e-06,5.26e-06,5.26e-06,5.26e-06,70171074.0
2026-06-03 22:15:00,5.25e-06,5.25e-06,5.23e-06,5.25e-06,1423323852.0
2026-06-03 22:20:00,5.25e-06,5.25e-06,5.23e-06,5.24e-06,1203788130.0
2026-06-03 22:25:00,5.24e-06,5.26e-06,5.23e-06,5.24e-06,701630652.0
2026-06-03 22:30:00,5.23e-06,5.25e-06,5.23e-06,5.24e-06,463667966.0
2026-06-03 22:35:00,5.24e-06,5.25e-06,5.23e-06,5.23e-06,2077112773.0
2026-06-03 22:40:00,5.24e-06,5.25e-06,5.24e-06,5.24e-06,707727700.0
2026-06-03 22:45:00,5.24e-06,5.25e-06,5.23e-06,5.23e-06,569051551.0
2026-06-03 22:50:00,5.24e-06,5.24e-06,5.22e-06,5.22e-06,791434396.0
2026-06-03 22:55:00,5.22e-06,5.25e-06,5.22e-06,5.23e-06,3085409127.0
2026-06-03 23:00:00,5.24e-06,5.24e-06,5.2e-06,5.2e-06,3243218582.0
2026-06-03 23:05:00,5.2e-06,5.21e-06,5.19e-06,5.2e-06,1949806218.0
2026-06-03 23:10:00,5.2e-06,5.22e-06,5.19e-06,5.2e-06,1178736584.0
2026-06-03 23:15:00,5.2e-06,5.21e-06,5.19e-06,5.2e-06,1592133866.0
2026-06-03 23:20:00,5.19e-06,5.21e-06,5.19e-06,5.19e-06,3500382720.0
2026-06-03 23:25:00,5.2e-06,5.21e-06,5.2e-06,5.21e-06,821918224.0
2026-06-03 23:30:00,5.21e-06,5.22e-06,5.21e-06,5.22e-06,4726231393.0
2026-06-03 23:35:00,5.21e-06,5.21e-06,5.19e-06,5.21e-06,19422661323.0
2026-06-03 23:40:00,5.2e-06,5.21e-06,5.19e-06,5.2e-06,1213212198.0
2026-06-03 23:45:00,5.2e-06,5.21e-06,5.19e-06,5.2e-06,1072586560.0
2026-06-03 23:50:00,5.21e-06,5.22e-06,5.2e-06,5.2e-06,74124764.0
2026-06-03 23:55:00,5.2e-06,5.21e-06,5.19e-06,5.2e-06,1702908530.0
2026-06-04 00:00:00,5.2e-06,5.23e-06,5.2e-06,5.23e-06,1782174715.0
2026-06-04 00:05:00,5.23e-06,5.23e-06,5.21e-06,5.21e-06,876494159.0
2026-06-04 00:10:00,5.21e-06,5.23e-06,5.21e-06,5.22e-06,572515040.0
2026-06-04 00:15:00,5.22e-06,5.23e-06,5.21e-06,5.22e-06,5328479639.0
2026-06-04 00:20:00,5.22e-06,5.22e-06,5.2e-06,5.21e-06,1692404133.0
2026-06-04 00:25:00,5.2e-06,5.2e-06,5.12e-06,5.13e-06,8895939145.0
2026-06-04 00:30:00,5.12e-06,5.17e-06,5.12e-06,5.16e-06,8079509141.0
2026-06-04 00:35:00,5.16e-06,5.17e-06,5.11e-06,5.12e-06,8771540218.0
2026-06-04 00:40:00,5.12e-06,5.17e-06,5.12e-06,5.17e-06,3192378500.0
2026-06-04 00:45:00,5.16e-06,5.16e-06,5.12e-06,5.12e-06,4755994169.0
2026-06-04 00:50:00,5.13e-06,5.15e-06,5.12e-06,5.13e-06,1606114858.0
2026-06-04 00:55:00,5.12e-06,5.14e-06,5.12e-06,5.14e-06,1880659133.0
2026-06-04 01:00:00,5.15e-06,5.15e-06,5.13e-06,5.14e-06,5391572934.0
2026-06-04 01:05:00,5.14e-06,5.15e-06,5.1e-06,5.12e-06,12413386154.0
2026-06-04 01:10:00,5.12e-06,5.13e-06,5.11e-06,5.11e-06,1942669119.0
2026-06-04 01:15:00,5.11e-06,5.12e-06,5.06e-06,5.07e-06,30474378962.0
2026-06-04 01:20:00,5.08e-06,5.09e-06,5.02e-06,5.04e-06,27397955103.0
2026-06-04 01:25:00,5.03e-06,5.07e-06,5.03e-06,5.04e-06,5390378733.0
2026-06-04 01:30:00,5.04e-06,5.07e-06,5.04e-06,5.07e-06,3877295825.0
2026-06-04 01:35:00,5.07e-06,5.09e-06,5.07e-06,5.08e-06,2566014411.0
2026-06-04 01:40:00,5.08e-06,5.09e-06,5.07e-06,5.08e-06,1518232186.0
2026-06-04 01:45:00,5.07e-06,5.07e-06,5.04e-06,5.05e-06,5004605371.0
2026-06-04 01:50:00,5.05e-06,5.06e-06,4.98e-06,4.99e-06,51817901082.0
2026-06-04 01:55:00,4.99e-06,5.01e-06,4.98e-06,5e-06,6146394597.0
2026-06-04 02:00:00,5e-06,5.01e-06,4.85e-06,4.87e-06,87035466072.0
2026-06-04 02:05:00,4.87e-06,4.98e-06,4.86e-06,4.93e-06,41596482535.0
2026-06-04 02:10:00,4.94e-06,4.99e-06,4.93e-06,4.96e-06,11405315425.0
2026-06-04 02:15:00,4.97e-06,4.99e-06,4.94e-06,4.99e-06,14955041046.0
2026-06-04 02:20:00,4.98e-06,5.04e-06,4.98e-06,5.04e-06,12726242511.0
2026-06-04 02:25:00,5.04e-06,5.05e-06,5.02e-06,5.03e-06,14382941542.0
2026-06-04 02:30:00,5.03e-06,5.05e-06,5.01e-06,5.04e-06,4473724539.0
2026-06-04 02:35:00,5.04e-06,5.04e-06,5.02e-06,5.04e-06,6205455011.0
2026-06-04 02:40:00,5.04e-06,5.06e-06,5.04e-06,5.05e-06,2675961680.0
2026-06-04 02:45:00,5.05e-06,5.06e-06,5.04e-06,5.06e-06,1028307800.0
2026-06-04 02:50:00,5.06e-06,5.07e-06,5.05e-06,5.06e-06,3735466293.0
2026-06-04 02:55:00,5.06e-06,5.06e-06,5.04e-06,5.04e-06,1296736566.0
2026-06-04 03:00:00,5.04e-06,5.09e-06,5.04e-06,5.08e-06,5744679999.0
2026-06-04 03:05:00,5.09e-06,5.11e-06,5.07e-06,5.1e-06,6057193853.0
2026-06-04 03:10:00,5.1e-06,5.11e-06,5.09e-06,5.1e-06,2581540155.0
2026-06-04 03:15:00,5.1e-06,5.13e-06,5.1e-06,5.13e-06,3930193398.0
2026-06-04 03:20:00,5.12e-06,5.13e-06,5.11e-06,5.12e-06,3942560308.0
2026-06-04 03:25:00,5.12e-06,5.12e-06,5.11e-06,5.12e-06,1740071250.0
2026-06-04 03:30:00,5.11e-06,5.15e-06,5.11e-06,5.13e-06,2470758857.0
2026-06-04 03:35:00,5.14e-06,5.14e-06,5.12e-06,5.13e-06,4819035907.0
2026-06-04 03:40:00,5.13e-06,5.16e-06,5.13e-06,5.14e-06,2556895085.0
2026-06-04 03:45:00,5.14e-06,5.15e-06,5.13e-06,5.14e-06,1137154275.0
2026-06-04 03:50:00,5.14e-06,5.15e-06,5.13e-06,5.14e-06,1623127572.0
2026-06-04 03:55:00,5.13e-06,5.14e-06,5.12e-06,5.14e-06,2570420918.0
2026-06-04 04:00:00,5.14e-06,5.15e-06,5.13e-06,5.15e-06,1716516314.0
2026-06-04 04:05:00,5.15e-06,5.15e-06,5.13e-06,5.14e-06,5589421415.0
2026-06-04 04:10:00,5.14e-06,5.15e-06,5.14e-06,5.14e-06,881478639.0
2026-06-04 04:15:00,5.15e-06,5.15e-06,5.13e-06,5.13e-06,869155260.0
2026-06-04 04:20:00,5.13e-06,5.14e-06,5.12e-06,5.14e-06,1819906603.0
2026-06-04 04:25:00,5.14e-06,5.15e-06,5.13e-06,5.13e-06,311999577.0
2026-06-04 04:30:00,5.13e-06,5.14e-06,5.11e-06,5.12e-06,3669025098.0
2026-06-04 04:35:00,5.12e-06,5.12e-06,5.1e-06,5.11e-06,983551732.0
2026-06-04 04:40:00,5.12e-06,5.13e-06,5.11e-06,5.13e-06,1325390382.0
2026-06-04 04:45:00,5.13e-06,5.13e-06,5.12e-06,5.13e-06,972230148.0
2026-06-04 04:50:00,5.13e-06,5.13e-06,5.11e-06,5.12e-06,1360768918.0
2026-06-04 04:55:00,5.11e-06,5.11e-06,5.1e-06,5.11e-06,921535231.0
2026-06-04 05:00:00,5.11e-06,5.11e-06,5.07e-06,5.08e-06,4899265220.0
2026-06-04 05:05:00,5.08e-06,5.09e-06,5.06e-06,5.07e-06,2343992364.0
2026-06-04 05:10:00,5.06e-06,5.07e-06,5.05e-06,5.06e-06,2591020184.0
2026-06-04 05:15:00,5.07e-06,5.08e-06,5.05e-06,5.06e-06,4212382865.0
2026-06-04 05:20:00,5.06e-06,5.06e-06,5.04e-06,5.05e-06,1319371156.0
2026-06-04 05:25:00,5.06e-06,5.06e-06,5.04e-06,5.04e-06,1571955168.0
2026-06-04 05:30:00,5.05e-06,5.07e-06,5.03e-06,5.06e-06,10643955078.0
2026-06-04 05:35:00,5.07e-06,5.08e-06,5.07e-06,5.07e-06,10560669291.0
2026-06-04 05:40:00,5.08e-06,5.09e-06,5.07e-06,5.09e-06,3997491108.0
2026-06-04 05:45:00,5.09e-06,5.09e-06,5.06e-06,5.08e-06,9518387149.0
2026-06-04 05:50:00,5.07e-06,5.08e-06,5.05e-06,5.05e-06,3067432132.0
2026-06-04 05:55:00,5.06e-06,5.06e-06,5.04e-06,5.06e-06,5537112048.0
2026-06-04 06:00:00,5.05e-06,5.07e-06,5.04e-06,5.06e-06,1848088926.0
2026-06-04 06:05:00,5.07e-06,5.07e-06,5.05e-06,5.07e-06,1180657084.0
2026-06-04 06:10:00,5.07e-06,5.08e-06,5.07e-06,5.07e-06,909793308.0
2026-06-04 06:15:00,5.07e-06,5.11e-06,5.06e-06,5.09e-06,4338403101.0
2026-06-04 06:20:00,5.09e-06,5.1e-06,5.08e-06,5.08e-06,1364182102.0
2026-06-04 06:25:00,5.07e-06,5.09e-06,5.07e-06,5.07e-06,1418053293.0
2026-06-04 06:30:00,5.07e-06,5.07e-06,5.05e-06,5.05e-06,4731229039.0
2026-06-04 06:35:00,5.06e-06,5.09e-06,5.06e-06,5.09e-06,4848530221.0
2026-06-04 06:40:00,5.08e-06,5.09e-06,5.08e-06,5.08e-06,1966490025.0
2026-06-04 06:45:00,5.07e-06,5.08e-06,5.06e-06,5.06e-06,2992757434.0
2026-06-04 06:50:00,5.06e-06,5.08e-06,5.06e-06,5.06e-06,3303274868.0
2026-06-04 06:55:00,5.06e-06,5.06e-06,5.04e-06,5.05e-06,5183654339.0
2026-06-04 07:00:00,5.05e-06,5.06e-06,5.04e-06,5.04e-06,4156980862.0
2026-06-04 07:05:00,5.03e-06,5.05e-06,5.02e-06,5.04e-06,6027391589.0
2026-06-04 07:10:00,5.04e-06,5.05e-06,5.02e-06,5.04e-06,3200865611.0
2026-06-04 07:15:00,5.04e-06,5.04e-06,5.01e-06,5.02e-06,10312577726.0
2026-06-04 07:20:00,5.02e-06,5.02e-06,5e-06,5.01e-06,6724780708.0
2026-06-04 07:25:00,5.01e-06,5.02e-06,5e-06,5.02e-06,2289410330.0
2026-06-04 07:30:00,5.02e-06,5.04e-06,5.01e-06,5.03e-06,2689439010.0
2026-06-04 07:35:00,5.03e-06,5.03e-06,5.02e-06,5.03e-06,2807669985.0
2026-06-04 07:40:00,5.03e-06,5.04e-06,5.02e-06,5.03e-06,3537078776.0
2026-06-04 07:45:00,5.03e-06,5.03e-06,5.01e-06,5.02e-06,3040160277.0
2026-06-04 07:50:00,5.02e-06,5.02e-06,5.01e-06,5.01e-06,2305437515.0
2026-06-04 07:55:00,5.01e-06,5.02e-06,4.99e-06,4.99e-06,6611594530.0
2026-06-04 08:00:00,5e-06,5.02e-06,4.99e-06,5.01e-06,3070765722.0
2026-06-04 08:05:00,5.01e-06,5.02e-06,4.99e-06,4.99e-06,1939969437.0
2026-06-04 08:10:00,5e-06,5.01e-06,4.96e-06,4.96e-06,17503958227.0
2026-06-04 08:15:00,4.97e-06,4.99e-06,4.95e-06,4.99e-06,12287205178.0
2026-06-04 08:20:00,4.99e-06,4.99e-06,4.95e-06,4.98e-06,2459925082.0
2026-06-04 08:25:00,4.98e-06,4.99e-06,4.97e-06,4.98e-06,1585039412.0
2026-06-04 08:30:00,4.98e-06,5e-06,4.96e-06,4.97e-06,1370179754.0
2026-06-04 08:35:00,4.98e-06,4.99e-06,4.96e-06,4.98e-06,1242002743.0
2026-06-04 08:40:00,4.98e-06,4.99e-06,4.96e-06,4.98e-06,1209980961.0
2026-06-04 08:45:00,4.97e-06,4.99e-06,4.97e-06,4.99e-06,1131013894.0
2026-06-04 08:50:00,4.99e-06,5e-06,4.98e-06,4.99e-06,2781705714.0
2026-06-04 08:55:00,4.98e-06,5e-06,4.98e-06,4.99e-06,2423165917.0
2026-06-04 09:00:00,4.98e-06,4.99e-06,4.94e-06,4.96e-06,10900975807.0
2026-06-04 09:05:00,4.95e-06,4.97e-06,4.94e-06,4.95e-06,2299079708.0
2026-06-04 09:10:00,4.96e-06,4.97e-06,4.93e-06,4.95e-06,3861605117.0
2026-06-04 09:15:00,4.94e-06,4.94e-06,4.91e-06,4.92e-06,4396549332.0
2026-06-04 09:20:00,4.92e-06,4.93e-06,4.9e-06,4.91e-06,7330426356.0
2026-06-04 09:25:00,4.9e-06,4.92e-06,4.88e-06,4.88e-06,7369369553.0
2026-06-04 09:30:00,4.89e-06,4.9e-06,4.87e-06,4.9e-06,4809121514.0
2026-06-04 09:35:00,4.89e-06,4.9e-06,4.87e-06,4.89e-06,4010101938.0
2026-06-04 09:40:00,4.9e-06,4.91e-06,4.89e-06,4.91e-06,3912301585.0
2026-06-04 09:45:00,4.9e-06,4.93e-06,4.9e-06,4.9e-06,4554470974.0
2026-06-04 09:50:00,4.91e-06,4.91e-06,4.89e-06,4.91e-06,1925531910.0
2026-06-04 09:55:00,4.91e-06,4.94e-06,4.9e-06,4.94e-06,2699158141.0
2026-06-04 10:00:00,4.93e-06,4.94e-06,4.91e-06,4.92e-06,14788041133.0
2026-06-04 10:05:00,4.92e-06,4.92e-06,4.89e-06,4.91e-06,2016713419.0
2026-06-04 10:10:00,4.9e-06,4.92e-06,4.89e-06,4.91e-06,8099750174.0
2026-06-04 10:15:00,4.91e-06,4.93e-06,4.89e-06,4.93e-06,5642259837.0
2026-06-04 10:20:00,4.92e-06,4.93e-06,4.91e-06,4.92e-06,3035157128.0
2026-06-04 10:25:00,4.93e-06,4.93e-06,4.9e-06,4.91e-06,5490953570.0
2026-06-04 10:30:00,4.9e-06,4.93e-06,4.9e-06,4.92e-06,7329065377.0
2026-06-04 10:35:00,4.92e-06,4.93e-06,4.92e-06,4.93e-06,1492512364.0
2026-06-04 10:40:00,4.93e-06,4.94e-06,4.91e-06,4.92e-06,4937156688.0
2026-06-04 10:45:00,4.92e-06,4.92e-06,4.89e-06,4.9e-06,18684175225.0
2026-06-04 10:50:00,4.9e-06,4.9e-06,4.88e-06,4.89e-06,8487496019.0
2026-06-04 10:55:00,4.88e-06,4.91e-06,4.88e-06,4.9e-06,3865438660.0
2026-06-04 11:00:00,4.9e-06,4.92e-06,4.89e-06,4.92e-06,2686217840.0
2026-06-04 11:05:00,4.92e-06,4.92e-06,4.9e-06,4.9e-06,29436077702.0
2026-06-04 11:10:00,4.9e-06,4.91e-06,4.88e-06,4.89e-06,7935278701.0
2026-06-04 11:15:00,4.88e-06,4.92e-06,4.88e-06,4.92e-06,3151672017.0
2026-06-04 11:20:00,4.93e-06,4.94e-06,4.91e-06,4.93e-06,2511833511.0
2026-06-04 11:25:00,4.93e-06,4.94e-06,4.93e-06,4.94e-06,1697885972.0
2026-06-04 11:30:00,4.94e-06,4.95e-06,4.93e-06,4.94e-06,5205122289.0
2026-06-04 11:35:00,4.94e-06,4.94e-06,4.91e-06,4.93e-06,4141527859.0
2026-06-04 11:40:00,4.93e-06,4.93e-06,4.9e-06,4.91e-06,1433886187.0
2026-06-04 11:45:00,4.91e-06,4.96e-06,4.91e-06,4.96e-06,2798413530.0
2026-06-04 11:50:00,4.96e-06,4.96e-06,4.94e-06,4.96e-06,2390915772.0
2026-06-04 11:55:00,4.96e-06,4.97e-06,4.95e-06,4.96e-06,2475969615.0
2026-06-04 12:00:00,4.96e-06,4.98e-06,4.95e-06,4.97e-06,6913424548.0
2026-06-04 12:05:00,4.97e-06,4.97e-06,4.93e-06,4.95e-06,9106975987.0
2026-06-04 12:10:00,4.94e-06,4.95e-06,4.93e-06,4.94e-06,7797832461.0
2026-06-04 12:15:00,4.94e-06,4.96e-06,4.93e-06,4.94e-06,5188469410.0
2026-06-04 12:20:00,4.94e-06,5e-06,4.94e-06,4.99e-06,13138631203.0
2026-06-04 12:25:00,4.99e-06,5e-06,4.97e-06,4.99e-06,7531479639.0
2026-06-04 12:30:00,5e-06,5.04e-06,4.99e-06,5.03e-06,15792941156.0
2026-06-04 12:35:00,5.03e-06,5.04e-06,5e-06,5.03e-06,9426748893.0
2026-06-04 12:40:00,5.03e-06,5.03e-06,5.01e-06,5.03e-06,15552965685.0
2026-06-04 12:45:00,5.02e-06,5.03e-06,5.01e-06,5.03e-06,11833936354.0
2026-06-04 12:50:00,5.03e-06,5.03e-06,5.01e-06,5.02e-06,13190900852.0
2026-06-04 12:55:00,5.02e-06,5.02e-06,5e-06,5.02e-06,3826097890.0
2026-06-04 13:00:00,5.02e-06,5.02e-06,5.01e-06,5.01e-06,1067274665.0
2026-06-04 13:05:00,5.01e-06,5.02e-06,5e-06,5e-06,3169915884.0
2026-06-04 13:10:00,5e-06,5.01e-06,4.99e-06,5e-06,7449964886.0
2026-06-04 13:15:00,4.99e-06,5e-06,4.97e-06,4.98e-06,6378256004.0
2026-06-04 13:20:00,4.98e-06,4.98e-06,4.95e-06,4.96e-06,2590437690.0
2026-06-04 13:25:00,4.95e-06,4.98e-06,4.95e-06,4.97e-06,1406532199.0
2026-06-04 13:30:00,4.97e-06,5.02e-06,4.97e-06,5.01e-06,4815691869.0
2026-06-04 13:35:00,5e-06,5.04e-06,5e-06,5.03e-06,5615803465.0
2026-06-04 13:40:00,5.02e-06,5.03e-06,5e-06,5.01e-06,3847664159.0
2026-06-04 13:45:00,5.01e-06,5.02e-06,4.99e-06,5e-06,2890069021.0
2026-06-04 13:50:00,5e-06,5.01e-06,4.99e-06,5e-06,2254196460.0
2026-06-04 13:55:00,5e-06,5.03e-06,4.99e-06,5.02e-06,3591081713.0
2026-06-04 14:00:00,5.02e-06,5.04e-06,5.01e-06,5.01e-06,4210707535.0
2026-06-04 14:05:00,5.01e-06,5.03e-06,5.01e-06,5.02e-06,1523014299.0
2026-06-04 14:10:00,5.02e-06,5.04e-06,5.02e-06,5.03e-06,3848899877.0
2026-06-04 14:15:00,5.03e-06,5.03e-06,5.01e-06,5.01e-06,5071737329.0
2026-06-04 14:20:00,5.01e-06,5.02e-06,5.01e-06,5.01e-06,3591324202.0
2026-06-04 14:25:00,5.01e-06,5.03e-06,5.01e-06,5.02e-06,1879223071.0
2026-06-04 14:30:00,5.02e-06,5.03e-06,5e-06,5.03e-06,2637148966.0
2026-06-04 14:35:00,5.03e-06,5.03e-06,5e-06,5.01e-06,1777569315.0
2026-06-04 14:40:00,5.01e-06,5.02e-06,5.01e-06,5.01e-06,1322229419.0
2026-06-04 14:45:00,5.02e-06,5.02e-06,5e-06,5.01e-06,1061112399.0
2026-06-04 14:50:00,5.02e-06,5.03e-06,5e-06,5.02e-06,2170939880.0
2026-06-04 14:55:00,5.02e-06,5.02e-06,5e-06,5.02e-06,568188247.0
2026-06-04 15:00:00,5.01e-06,5.02e-06,5e-06,5.02e-06,2296968911.0
2026-06-04 15:05:00,5.02e-06,5.06e-06,5.02e-06,5.05e-06,2174951212.0
2026-06-04 15:10:00,5.05e-06,5.06e-06,5.04e-06,5.05e-06,959696271.0
2026-06-04 15:15:00,5.06e-06,5.07e-06,5.03e-06,5.03e-06,1806308842.0
2026-06-04 15:20:00,5.04e-06,5.04e-06,5.01e-06,5.03e-06,2772307226.0
2026-06-04 15:25:00,5.03e-06,5.04e-06,5.03e-06,5.04e-06,1480210012.0
2026-06-04 15:30:00,5.04e-06,5.04e-06,5.02e-06,5.03e-06,2092894751.0
2026-06-04 15:35:00,5.04e-06,5.04e-06,5.02e-06,5.03e-06,1929366970.0
2026-06-04 15:40:00,5.03e-06,5.04e-06,5.02e-06,5.02e-06,1838307552.0
2026-06-04 15:45:00,5.03e-06,5.03e-06,5.01e-06,5.01e-06,1497674529.0
2026-06-04 15:50:00,5.02e-06,5.04e-06,5.01e-06,5.03e-06,3867720381.0
2026-06-04 15:55:00,5.02e-06,5.04e-06,5.02e-06,5.03e-06,5039616225.0
2026-06-04 16:00:00,5.03e-06,5.04e-06,5.01e-06,5.01e-06,742618062.0
2026-06-04 16:05:00,5.01e-06,5.02e-06,5e-06,5.01e-06,7061562376.0
2026-06-04 16:10:00,5.02e-06,5.02e-06,5e-06,5.01e-06,3019410849.0
2026-06-04 16:15:00,5.01e-06,5.03e-06,5.01e-06,5.01e-06,3039827649.0
2026-06-04 16:20:00,5.01e-06,5.03e-06,5.01e-06,5.02e-06,3700444902.0
2026-06-04 16:25:00,5.03e-06,5.03e-06,5e-06,5e-06,2814598732.0
2026-06-04 16:30:00,5e-06,5.02e-06,4.99e-06,5.01e-06,5522603287.0
2026-06-04 16:35:00,5.01e-06,5.04e-06,5e-06,5.03e-06,1537010374.0
2026-06-04 16:40:00,5.03e-06,5.04e-06,5.02e-06,5.03e-06,4619971022.0
2026-06-04 16:45:00,5.03e-06,5.03e-06,5.02e-06,5.02e-06,694513278.0
2026-06-04 16:50:00,5.02e-06,5.03e-06,5.01e-06,5.01e-06,934470362.0
2026-06-04 16:55:00,5.02e-06,5.02e-06,5.01e-06,5.02e-06,2196661129.0
2026-06-04 17:00:00,5.02e-06,5.03e-06,5.01e-06,5.02e-06,5057920989.0
2026-06-04 17:05:00,5.03e-06,5.03e-06,5.01e-06,5.03e-06,2371220281.0
2026-06-04 17:10:00,5.02e-06,5.04e-06,5.02e-06,5.04e-06,2205578817.0
2026-06-04 17:15:00,5.03e-06,5.03e-06,4.99e-06,5.01e-06,2986935591.0
2026-06-04 17:20:00,5.01e-06,5.01e-06,4.99e-06,4.99e-06,273341330.0
2026-06-04 17:25:00,5e-06,5.02e-06,5e-06,5e-06,2678460321.0
2026-06-04 17:30:00,5e-06,5.02e-06,4.98e-06,4.99e-06,2115030507.0
2026-06-04 17:35:00,4.99e-06,5e-06,4.97e-06,4.98e-06,4645619611.0
2026-06-04 17:40:00,4.97e-06,4.98e-06,4.96e-06,4.98e-06,2005124915.0
2026-06-04 17:45:00,4.98e-06,4.99e-06,4.96e-06,4.98e-06,2952065879.0
2026-06-04 17:50:00,4.98e-06,5.02e-06,4.98e-06,5.02e-06,5891983828.0
2026-06-04 17:55:00,5.02e-06,5.02e-06,5e-06,5e-06,1592069332.0
2026-06-04 18:00:00,5.01e-06,5.01e-06,4.98e-06,4.98e-06,1431538192.0
2026-06-04 18:05:00,4.99e-06,4.99e-06,4.97e-06,4.97e-06,939856947.0
2026-06-04 18:10:00,4.98e-06,4.98e-06,4.96e-06,4.97e-06,957763835.0
2026-06-04 18:15:00,4.97e-06,5e-06,4.96e-06,4.98e-06,1304991175.0
2026-06-04 18:20:00,4.98e-06,5.02e-06,4.98e-06,5.02e-06,1001354201.0
2026-06-04 18:25:00,5.01e-06,5.03e-06,5e-06,5.03e-06,5959747138.0
2026-06-04 18:30:00,5.03e-06,5.05e-06,5.02e-06,5.03e-06,1064749394.0
2026-06-04 18:35:00,5.03e-06,5.04e-06,5.02e-06,5.03e-06,1681252373.0
2026-06-04 18:40:00,5.03e-06,5.04e-06,5.02e-06,5.03e-06,967424716.0
2026-06-04 18:45:00,5.03e-06,5.04e-06,5.01e-06,5.03e-06,2567789618.0
2026-06-04 18:50:00,5.03e-06,5.03e-06,5.02e-06,5.03e-06,641208330.0
2026-06-04 18:55:00,5.03e-06,5.04e-06,5.01e-06,5.02e-06,3046109222.0
2026-06-04 19:00:00,5.01e-06,5.03e-06,5.01e-06,5.02e-06,861885552.0
2026-06-04 19:05:00,5.02e-06,5.02e-06,5e-06,5.01e-06,776865053.0
2026-06-04 19:10:00,5.01e-06,5.02e-06,5e-06,5.01e-06,478795298.0
2026-06-04 19:15:00,5.02e-06,5.03e-06,5.02e-06,5.03e-06,529305635.0
2026-06-04 19:20:00,5.03e-06,5.03e-06,5.02e-06,5.02e-06,197655246.0
2026-06-04 19:25:00,5.03e-06,5.05e-06,5.02e-06,5.05e-06,2967572186.0
2026-06-04 19:30:00,5.04e-06,5.04e-06,5.02e-06,5.04e-06,1190447258.0
2026-06-04 19:35:00,5.03e-06,5.03e-06,5e-06,5.02e-06,1666699486.0
2026-06-04 19:40:00,5.02e-06,5.02e-06,5.01e-06,5.01e-06,706353115.0
2026-06-04 19:45:00,5.01e-06,5.01e-06,5e-06,5.01e-06,496099169.0
2026-06-04 19:50:00,5e-06,5.01e-06,4.99e-06,4.99e-06,2318244327.0
2026-06-04 19:55:00,4.99e-06,5e-06,4.99e-06,5e-06,487331127.0
2026-06-04 20:00:00,5e-06,5e-06,4.97e-06,4.97e-06,5831174689.0
2026-06-04 20:05:00,4.98e-06,4.98e-06,4.96e-06,4.97e-06,2965771328.0
2026-06-04 20:10:00,4.98e-06,4.99e-06,4.97e-06,4.99e-06,481746630.0
2026-06-04 20:15:00,4.98e-06,5e-06,4.98e-06,4.99e-06,1377483691.0
2026-06-04 20:20:00,4.99e-06,5e-06,4.97e-06,4.98e-06,1186979445.0
2026-06-04 20:25:00,4.98e-06,4.98e-06,4.96e-06,4.98e-06,1516036781.0
2026-06-04 20:30:00,4.97e-06,4.99e-06,4.97e-06,4.98e-06,596116661.0
2026-06-04 20:35:00,4.98e-06,4.98e-06,4.96e-06,4.97e-06,437589533.0
2026-06-04 20:40:00,4.97e-06,4.98e-06,4.96e-06,4.96e-06,728394594.0
2026-06-04 20:45:00,4.97e-06,4.98e-06,4.95e-06,4.96e-06,4478323486.0
2026-06-04 20:50:00,4.96e-06,4.96e-06,4.94e-06,4.95e-06,419679095.0
2026-06-04 20:55:00,4.95e-06,4.96e-06,4.94e-06,4.96e-06,1936574628.0
2026-06-04 21:00:00,4.96e-06,4.97e-06,4.94e-06,4.96e-06,1343583218.0
2026-06-04 21:05:00,4.95e-06,4.98e-06,4.95e-06,4.98e-06,1800277156.0
2026-06-04 21:10:00,4.97e-06,4.97e-06,4.95e-06,4.95e-06,1502475842.0
2026-06-04 21:15:00,4.96e-06,4.96e-06,4.93e-06,4.94e-06,3049842031.0
2026-06-04 21:20:00,4.94e-06,4.94e-06,4.92e-06,4.93e-06,1874185961.0
2026-06-04 21:25:00,4.93e-06,4.94e-06,4.91e-06,4.92e-06,1900744885.0
2026-06-04 21:30:00,4.92e-06,4.92e-06,4.9e-06,4.9e-06,3528676160.0
2026-06-04 21:35:00,4.9e-06,4.91e-06,4.88e-06,4.89e-06,975013287.0
2026-06-04 21:40:00,4.88e-06,4.91e-06,4.87e-06,4.9e-06,10538209324.0
2026-06-04 21:45:00,4.9e-06,4.91e-06,4.89e-06,4.9e-06,3354944625.0
2026-06-04 21:50:00,4.9e-06,4.91e-06,4.89e-06,4.9e-06,1312970391.0
2026-06-04 21:55:00,4.9e-06,4.91e-06,4.89e-06,4.89e-06,1754054147.0
2026-06-04 22:00:00,4.88e-06,4.91e-06,4.88e-06,4.89e-06,3283444209.0
2026-06-04 22:05:00,4.89e-06,4.91e-06,4.88e-06,4.9e-06,2449936489.0
2026-06-04 22:10:00,4.9e-06,4.91e-06,4.89e-06,4.9e-06,11966760618.0
2026-06-04 22:15:00,4.9e-06,4.91e-06,4.89e-06,4.91e-06,2346150750.0
2026-06-04 22:20:00,4.91e-06,4.92e-06,4.9e-06,4.91e-06,2881153330.0
2026-06-04 22:25:00,4.9e-06,4.91e-06,4.89e-06,4.9e-06,2642564826.0
2026-06-04 22:30:00,4.91e-06,4.91e-06,4.88e-06,4.89e-06,5780775538.0
2026-06-04 22:35:00,4.88e-06,4.91e-06,4.88e-06,4.9e-06,3932418956.0
2026-06-04 22:40:00,4.9e-06,4.91e-06,4.89e-06,4.9e-06,2073854987.0
2026-06-04 22:45:00,4.9e-06,4.92e-06,4.89e-06,4.92e-06,2250175656.0
2026-06-04 22:50:00,4.91e-06,4.92e-06,4.91e-06,4.92e-06,2172135637.0
2026-06-04 22:55:00,4.92e-06,4.94e-06,4.92e-06,4.94e-06,1468748982.0
2026-06-04 23:00:00,4.93e-06,4.96e-06,4.93e-06,4.96e-06,3265437692.0
2026-06-04 23:05:00,4.95e-06,4.96e-06,4.95e-06,4.95e-06,1481148089.0
2026-06-04 23:10:00,4.95e-06,4.95e-06,4.94e-06,4.94e-06,329260695.0
2026-06-04 23:15:00,4.94e-06,4.95e-06,4.9e-06,4.91e-06,3313780478.0
2026-06-04 23:20:00,4.91e-06,4.93e-06,4.9e-06,4.92e-06,3508731325.0
2026-06-04 23:25:00,4.91e-06,4.93e-06,4.91e-06,4.92e-06,779333845.0
2026-06-04 23:30:00,4.92e-06,4.94e-06,4.92e-06,4.93e-06,1402384470.0
2026-06-04 23:35:00,4.92e-06,4.94e-06,4.92e-06,4.94e-06,1777420842.0
2026-06-04 23:40:00,4.94e-06,4.95e-06,4.94e-06,4.95e-06,2725814109.0
2026-06-04 23:45:00,4.94e-06,4.95e-06,4.93e-06,4.94e-06,1662596255.0
2026-06-04 23:50:00,4.94e-06,4.96e-06,4.94e-06,4.96e-06,3003211974.0
2026-06-04 23:55:00,4.96e-06,4.96e-06,4.94e-06,4.95e-06,593641164.0
2026-06-05 00:00:00,4.95e-06,4.96e-06,4.94e-06,4.94e-06,2006545236.0
2026-06-05 00:05:00,4.94e-06,4.96e-06,4.94e-06,4.96e-06,2249271204.0
2026-06-05 00:10:00,4.95e-06,4.96e-06,4.92e-06,4.93e-06,1855554479.0
2026-06-05 00:15:00,4.93e-06,4.94e-06,4.92e-06,4.93e-06,1245244506.0
2026-06-05 00:20:00,4.92e-06,4.96e-06,4.92e-06,4.94e-06,2564077123.0
2026-06-05 00:25:00,4.94e-06,4.96e-06,4.93e-06,4.96e-06,7177652240.0
2026-06-05 00:30:00,4.96e-06,4.97e-06,4.95e-06,4.96e-06,6696527984.0
2026-06-05 00:35:00,4.95e-06,4.96e-06,4.94e-06,4.96e-06,1294371305.0
2026-06-05 00:40:00,4.96e-06,4.96e-06,4.94e-06,4.96e-06,5709100520.0
2026-06-05 00:45:00,4.96e-06,4.97e-06,4.94e-06,4.96e-06,1795288834.0
2026-06-05 00:50:00,4.96e-06,4.96e-06,4.93e-06,4.94e-06,1867903445.0
2026-06-05 00:55:00,4.95e-06,4.95e-06,4.91e-06,4.92e-06,1310064540.0
2026-06-05 01:00:00,4.93e-06,4.93e-06,4.89e-06,4.89e-06,6381893568.0
2026-06-05 01:05:00,4.88e-06,4.92e-06,4.88e-06,4.89e-06,1666291608.0
2026-06-05 01:10:00,4.89e-06,4.91e-06,4.89e-06,4.91e-06,5400872813.0
2026-06-05 01:15:00,4.9e-06,4.93e-06,4.89e-06,4.92e-06,4690382768.0
2026-06-05 01:20:00,4.92e-06,4.93e-06,4.89e-06,4.92e-06,1905385757.0
2026-06-05 01:25:00,4.92e-06,4.93e-06,4.91e-06,4.93e-06,993053751.0
2026-06-05 01:30:00,4.93e-06,4.95e-06,4.92e-06,4.93e-06,4807091679.0
2026-06-05 01:35:00,4.93e-06,4.95e-06,4.91e-06,4.91e-06,1320680156.0
2026-06-05 01:40:00,4.92e-06,4.93e-06,4.91e-06,4.93e-06,686468245.0
2026-06-05 01:45:00,4.92e-06,4.93e-06,4.91e-06,4.92e-06,1449752003.0
2026-06-05 01:50:00,4.92e-06,4.93e-06,4.91e-06,4.92e-06,1446908851.0
2026-06-05 01:55:00,4.92e-06,4.93e-06,4.92e-06,4.93e-06,2214588135.0
2026-06-05 02:00:00,4.93e-06,4.93e-06,4.91e-06,4.92e-06,685050671.0
2026-06-05 02:05:00,4.92e-06,4.92e-06,4.9e-06,4.91e-06,2390695882.0
2026-06-05 02:10:00,4.91e-06,4.91e-06,4.9e-06,4.91e-06,1101945850.0
2026-06-05 02:15:00,4.9e-06,4.92e-06,4.89e-06,4.9e-06,4813308932.0
2026-06-05 02:20:00,4.9e-06,4.9e-06,4.87e-06,4.9e-06,3218091031.0
2026-06-05 02:25:00,4.9e-06,4.9e-06,4.87e-06,4.87e-06,2216377606.0
2026-06-05 02:30:00,4.87e-06,4.89e-06,4.87e-06,4.89e-06,2411686331.0
2026-06-05 02:35:00,4.89e-06,4.9e-06,4.88e-06,4.89e-06,1925579165.0
2026-06-05 02:40:00,4.89e-06,4.89e-06,4.85e-06,4.87e-06,8455790489.0
2026-06-05 02:45:00,4.86e-06,4.88e-06,4.85e-06,4.86e-06,4783860413.0
2026-06-05 02:50:00,4.86e-06,4.88e-06,4.85e-06,4.86e-06,4347776702.0
2026-06-05 02:55:00,4.86e-06,4.87e-06,4.84e-06,4.84e-06,6422454351.0
2026-06-05 03:00:00,4.84e-06,4.86e-06,4.82e-06,4.84e-06,12437452946.0
2026-06-05 03:05:00,4.85e-06,4.85e-06,4.82e-06,4.84e-06,9152273988.0
2026-06-05 03:10:00,4.84e-06,4.84e-06,4.82e-06,4.83e-06,5274056597.0
2026-06-05 03:15:00,4.83e-06,4.88e-06,4.83e-06,4.88e-06,4243243183.0
2026-06-05 03:20:00,4.87e-06,4.87e-06,4.85e-06,4.86e-06,2203799898.0
2026-06-05 03:25:00,4.86e-06,4.86e-06,4.84e-06,4.86e-06,2959148676.0
2026-06-05 03:30:00,4.86e-06,4.88e-06,4.86e-06,4.88e-06,5444781774.0
2026-06-05 03:35:00,4.88e-06,4.88e-06,4.85e-06,4.86e-06,2463873024.0
2026-06-05 03:40:00,4.85e-06,4.86e-06,4.84e-06,4.86e-06,4089669124.0
2026-06-05 03:45:00,4.86e-06,4.87e-06,4.85e-06,4.85e-06,2703022303.0
2026-06-05 03:50:00,4.86e-06,4.86e-06,4.84e-06,4.84e-06,4508743985.0
2026-06-05 03:55:00,4.85e-06,4.86e-06,4.83e-06,4.84e-06,2902725429.0
2026-06-05 04:00:00,4.83e-06,4.84e-06,4.82e-06,4.84e-06,4272189699.0
2026-06-05 04:05:00,4.84e-06,4.88e-06,4.83e-06,4.88e-06,10607702613.0
2026-06-05 04:10:00,4.88e-06,4.88e-06,4.86e-06,4.87e-06,2835725776.0
2026-06-05 04:15:00,4.87e-06,4.88e-06,4.84e-06,4.86e-06,4241699517.0
2026-06-05 04:20:00,4.85e-06,4.88e-06,4.85e-06,4.87e-06,13600864042.0
2026-06-05 04:25:00,4.88e-06,4.91e-06,4.88e-06,4.89e-06,24398266483.0
2026-06-05 04:30:00,4.9e-06,4.9e-06,4.87e-06,4.88e-06,3895028084.0
2026-06-05 04:35:00,4.88e-06,4.89e-06,4.87e-06,4.88e-06,1188965467.0
2026-06-05 04:40:00,4.88e-06,4.88e-06,4.85e-06,4.86e-06,1657276791.0
2026-06-05 04:45:00,4.86e-06,4.87e-06,4.84e-06,4.84e-06,5012129444.0
2026-06-05 04:50:00,4.85e-06,4.88e-06,4.85e-06,4.88e-06,14464934408.0
2026-06-05 04:55:00,4.88e-06,4.9e-06,4.86e-06,4.9e-06,5553216262.0
2026-06-05 05:00:00,4.89e-06,4.91e-06,4.87e-06,4.88e-06,3264825481.0
2026-06-05 05:05:00,4.88e-06,4.89e-06,4.87e-06,4.88e-06,1066033397.0
2026-06-05 05:10:00,4.87e-06,4.88e-06,4.86e-06,4.87e-06,1760662797.0
2026-06-05 05:15:00,4.88e-06,4.88e-06,4.86e-06,4.87e-06,2471762582.0
2026-06-05 05:20:00,4.87e-06,4.9e-06,4.87e-06,4.88e-06,1779754292.0
2026-06-05 05:25:00,4.88e-06,4.9e-06,4.88e-06,4.9e-06,3282842446.0
2026-06-05 05:30:00,4.9e-06,4.9e-06,4.88e-06,4.89e-06,1083881872.0
2026-06-05 05:35:00,4.89e-06,4.89e-06,4.85e-06,4.86e-06,8266360275.0
2026-06-05 05:40:00,4.86e-06,4.86e-06,4.82e-06,4.82e-06,5997812279.0
2026-06-05 05:45:00,4.83e-06,4.83e-06,4.79e-06,4.82e-06,18409626749.0
2026-06-05 05:50:00,4.82e-06,4.84e-06,4.81e-06,4.82e-06,3832074246.0
2026-06-05 05:55:00,4.82e-06,4.82e-06,4.8e-06,4.8e-06,5491086290.0
2026-06-05 06:00:00,4.8e-06,4.81e-06,4.76e-06,4.76e-06,23989388400.0
2026-06-05 06:05:00,4.77e-06,4.8e-06,4.77e-06,4.79e-06,6621849760.0
2026-06-05 06:10:00,4.78e-06,4.78e-06,4.74e-06,4.74e-06,11149085779.0
2026-06-05 06:15:00,4.75e-06,4.76e-06,4.69e-06,4.69e-06,37457213780.0
2026-06-05 06:20:00,4.7e-06,4.72e-06,4.59e-06,4.63e-06,65124449485.0
2026-06-05 06:25:00,4.63e-06,4.69e-06,4.62e-06,4.67e-06,17562859880.0
2026-06-05 06:30:00,4.67e-06,4.7e-06,4.65e-06,4.67e-06,17722947998.0
2026-06-05 06:35:00,4.67e-06,4.7e-06,4.65e-06,4.69e-06,10268837914.0
2026-06-05 06:40:00,4.68e-06,4.74e-06,4.68e-06,4.74e-06,7033627029.0
2026-06-05 06:45:00,4.74e-06,4.74e-06,4.7e-06,4.7e-06,9922039065.0
2026-06-05 06:50:00,4.71e-06,4.73e-06,4.69e-06,4.72e-06,5596090369.0
2026-06-05 06:55:00,4.71e-06,4.72e-06,4.7e-06,4.72e-06,6478069415.0
2026-06-05 07:00:00,4.71e-06,4.72e-06,4.68e-06,4.69e-06,22392468654.0
2026-06-05 07:05:00,4.69e-06,4.7e-06,4.66e-06,4.68e-06,9140217443.0
2026-06-05 07:10:00,4.68e-06,4.69e-06,4.65e-06,4.65e-06,6095993829.0
2026-06-05 07:15:00,4.65e-06,4.69e-06,4.65e-06,4.67e-06,13502029204.0
2026-06-05 07:20:00,4.68e-06,4.71e-06,4.66e-06,4.69e-06,11391273203.0
2026-06-05 07:25:00,4.68e-06,4.74e-06,4.68e-06,4.73e-06,8224970446.0
2026-06-05 07:30:00,4.73e-06,4.76e-06,4.72e-06,4.75e-06,9073658519.0
2026-06-05 07:35:00,4.75e-06,4.78e-06,4.74e-06,4.76e-06,3427814078.0
2026-06-05 07:40:00,4.77e-06,4.77e-06,4.74e-06,4.77e-06,1434492982.0
2026-06-05 07:45:00,4.77e-06,4.79e-06,4.75e-06,4.78e-06,5434027324.0
2026-06-05 07:50:00,4.78e-06,4.79e-06,4.76e-06,4.78e-06,6484606604.0
2026-06-05 07:55:00,4.78e-06,4.79e-06,4.76e-06,4.78e-06,4976296553.0
2026-06-05 08:00:00,4.79e-06,4.79e-06,4.75e-06,4.75e-06,4085313878.0
2026-06-05 08:05:00,4.76e-06,4.77e-06,4.74e-06,4.74e-06,2495720093.0
2026-06-05 08:10:00,4.74e-06,4.75e-06,4.73e-06,4.75e-06,1141413706.0
2026-06-05 08:15:00,4.75e-06,4.75e-06,4.72e-06,4.74e-06,3219618518.0
2026-06-05 08:20:00,4.74e-06,4.74e-06,4.72e-06,4.73e-06,4140994296.0
2026-06-05 08:25:00,4.73e-06,4.74e-06,4.72e-06,4.74e-06,2319805887.0
2026-06-05 08:30:00,4.73e-06,4.74e-06,4.73e-06,4.73e-06,2995635196.0
2026-06-05 08:35:00,4.72e-06,4.73e-06,4.7e-06,4.71e-06,8359153519.0
2026-06-05 08:40:00,4.71e-06,4.72e-06,4.7e-06,4.71e-06,3431635637.0
2026-06-05 08:45:00,4.7e-06,4.72e-06,4.69e-06,4.72e-06,3125118989.0
2026-06-05 08:50:00,4.72e-06,4.72e-06,4.7e-06,4.7e-06,3819099790.0
2026-06-05 08:55:00,4.71e-06,4.72e-06,4.71e-06,4.71e-06,625096976.0
2026-06-05 09:00:00,4.72e-06,4.75e-06,4.72e-06,4.73e-06,5329348534.0
2026-06-05 09:05:00,4.74e-06,4.75e-06,4.73e-06,4.75e-06,1793097288.0
2026-06-05 09:10:00,4.75e-06,4.79e-06,4.73e-06,4.79e-06,11344764463.0
2026-06-05 09:15:00,4.78e-06,4.8e-06,4.76e-06,4.76e-06,4745277730.0
2026-06-05 09:20:00,4.76e-06,4.78e-06,4.75e-06,4.78e-06,3012388178.0
2026-06-05 09:25:00,4.78e-06,4.79e-06,4.77e-06,4.79e-06,1247109571.0
2026-06-05 09:30:00,4.79e-06,4.79e-06,4.76e-06,4.77e-06,1633135341.0
2026-06-05 09:35:00,4.78e-06,4.79e-06,4.77e-06,4.77e-06,3292727866.0
2026-06-05 09:40:00,4.77e-06,4.78e-06,4.76e-06,4.78e-06,3993209687.0
2026-06-05 09:45:00,4.78e-06,4.79e-06,4.77e-06,4.78e-06,9965517010.0
2026-06-05 09:50:00,4.78e-06,4.8e-06,4.77e-06,4.8e-06,4897110039.0
2026-06-05 09:55:00,4.79e-06,4.8e-06,4.79e-06,4.8e-06,1494006707.0
2026-06-05 10:00:00,4.81e-06,4.82e-06,4.79e-06,4.79e-06,1776813908.0
2026-06-05 10:05:00,4.8e-06,4.8e-06,4.78e-06,4.79e-06,510583425.0
2026-06-05 10:10:00,4.78e-06,4.79e-06,4.77e-06,4.79e-06,3560489251.0
2026-06-05 10:15:00,4.79e-06,4.79e-06,4.76e-06,4.78e-06,2410450948.0
2026-06-05 10:20:00,4.78e-06,4.79e-06,4.77e-06,4.79e-06,2481810427.0
2026-06-05 10:25:00,4.78e-06,4.79e-06,4.78e-06,4.79e-06,1263189340.0
2026-06-05 10:30:00,4.79e-06,4.8e-06,4.78e-06,4.8e-06,773525632.0
2026-06-05 10:35:00,4.8e-06,4.8e-06,4.77e-06,4.78e-06,948666162.0
2026-06-05 10:40:00,4.78e-06,4.79e-06,4.77e-06,4.79e-06,1612034134.0
2026-06-05 10:45:00,4.78e-06,4.79e-06,4.76e-06,4.76e-06,2711751018.0
2026-06-05 10:50:00,4.76e-06,4.77e-06,4.75e-06,4.76e-06,745455724.0
2026-06-05 10:55:00,4.75e-06,4.77e-06,4.75e-06,4.77e-06,3598255047.0
2026-06-05 11:00:00,4.77e-06,4.78e-06,4.74e-06,4.75e-06,4456497719.0
2026-06-05 11:05:00,4.75e-06,4.76e-06,4.74e-06,4.75e-06,1646049124.0
2026-06-05 11:10:00,4.74e-06,4.76e-06,4.73e-06,4.75e-06,9943183434.0
2026-06-05 11:15:00,4.75e-06,4.78e-06,4.74e-06,4.77e-06,8190375117.0
2026-06-05 11:20:00,4.77e-06,4.78e-06,4.74e-06,4.75e-06,8171093173.0
2026-06-05 11:25:00,4.75e-06,4.76e-06,4.74e-06,4.75e-06,11035688104.0
2026-06-05 11:30:00,4.75e-06,4.76e-06,4.74e-06,4.74e-06,932355698.0
2026-06-05 11:35:00,4.74e-06,4.76e-06,4.73e-06,4.74e-06,873612444.0
2026-06-05 11:40:00,4.74e-06,4.74e-06,4.72e-06,4.73e-06,2507127006.0
2026-06-05 11:45:00,4.72e-06,4.74e-06,4.71e-06,4.72e-06,4809471544.0
2026-06-05 11:50:00,4.73e-06,4.74e-06,4.72e-06,4.73e-06,14770105906.0
2026-06-05 11:55:00,4.73e-06,4.73e-06,4.71e-06,4.73e-06,2080699922.0
2026-06-05 12:00:00,4.72e-06,4.72e-06,4.67e-06,4.68e-06,11106861501.0
2026-06-05 12:05:00,4.68e-06,4.72e-06,4.67e-06,4.69e-06,4863219466.0
2026-06-05 12:10:00,4.7e-06,4.71e-06,4.68e-06,4.68e-06,6876663160.0
2026-06-05 12:15:00,4.69e-06,4.72e-06,4.69e-06,4.71e-06,3613479327.0
2026-06-05 12:20:00,4.71e-06,4.72e-06,4.69e-06,4.7e-06,4309287681.0
2026-06-05 12:25:00,4.7e-06,4.7e-06,4.67e-06,4.68e-06,5305653584.0
2026-06-05 12:30:00,4.68e-06,4.7e-06,4.64e-06,4.65e-06,22051070463.0
2026-06-05 12:35:00,4.64e-06,4.68e-06,4.63e-06,4.67e-06,2905082385.0
2026-06-05 12:40:00,4.67e-06,4.69e-06,4.65e-06,4.67e-06,3377980624.0
2026-06-05 12:45:00,4.67e-06,4.68e-06,4.66e-06,4.66e-06,3914327659.0
2026-06-05 12:50:00,4.66e-06,4.67e-06,4.64e-06,4.66e-06,4313600779.0
2026-06-05 12:55:00,4.66e-06,4.68e-06,4.65e-06,4.68e-06,1734514508.0
2026-06-05 13:00:00,4.68e-06,4.71e-06,4.68e-06,4.69e-06,6706712389.0
2026-06-05 13:05:00,4.7e-06,4.71e-06,4.68e-06,4.69e-06,3518318132.0
2026-06-05 13:10:00,4.7e-06,4.71e-06,4.69e-06,4.71e-06,5039637004.0
2026-06-05 13:15:00,4.7e-06,4.73e-06,4.7e-06,4.72e-06,3111880221.0
2026-06-05 13:20:00,4.72e-06,4.74e-06,4.72e-06,4.73e-06,2964066274.0
2026-06-05 13:25:00,4.73e-06,4.75e-06,4.72e-06,4.73e-06,3571342986.0
2026-06-05 13:30:00,4.72e-06,4.76e-06,4.71e-06,4.74e-06,7107665779.0
2026-06-05 13:35:00,4.74e-06,4.75e-06,4.72e-06,4.72e-06,13578115003.0
2026-06-05 13:40:00,4.72e-06,4.73e-06,4.71e-06,4.72e-06,5347223330.0
2026-06-05 13:45:00,4.71e-06,4.72e-06,4.66e-06,4.67e-06,7606992081.0
2026-06-05 13:50:00,4.67e-06,4.68e-06,4.64e-06,4.64e-06,8894166955.0
2026-06-05 13:55:00,4.65e-06,4.65e-06,4.59e-06,4.6e-06,24274339092.0
2026-06-05 14:00:00,4.6e-06,4.63e-06,4.58e-06,4.59e-06,10745162128.0
2026-06-05 14:05:00,4.59e-06,4.66e-06,4.56e-06,4.65e-06,10364872578.0
2026-06-05 14:10:00,4.66e-06,4.66e-06,4.61e-06,4.64e-06,14090674070.0
2026-06-05 14:15:00,4.64e-06,4.66e-06,4.63e-06,4.65e-06,15863904457.0
2026-06-05 14:20:00,4.65e-06,4.66e-06,4.63e-06,4.64e-06,8625992077.0
2026-06-05 14:25:00,4.63e-06,4.64e-06,4.61e-06,4.64e-06,11648926553.0
2026-06-05 14:30:00,4.64e-06,4.65e-06,4.61e-06,4.65e-06,20296916077.0
2026-06-05 14:35:00,4.65e-06,4.68e-06,4.64e-06,4.64e-06,23319223593.0
2026-06-05 14:40:00,4.65e-06,4.66e-06,4.64e-06,4.66e-06,5833578107.0
2026-06-05 14:45:00,4.65e-06,4.68e-06,4.63e-06,4.64e-06,5905984357.0
2026-06-05 14:50:00,4.64e-06,4.66e-06,4.62e-06,4.62e-06,3047999562.0
2026-06-05 14:55:00,4.62e-06,4.65e-06,4.6e-06,4.64e-06,9820757694.0
2026-06-05 15:00:00,4.63e-06,4.65e-06,4.61e-06,4.62e-06,13835695479.0
2026-06-05 15:05:00,4.63e-06,4.63e-06,4.6e-06,4.61e-06,13443123604.0
2026-06-05 15:10:00,4.61e-06,4.61e-06,4.57e-06,4.59e-06,9825526351.0
2026-06-05 15:15:00,4.58e-06,4.6e-06,4.56e-06,4.59e-06,13432216300.0
2026-06-05 15:20:00,4.59e-06,4.6e-06,4.56e-06,4.59e-06,5562961153.0
2026-06-05 15:25:00,4.59e-06,4.6e-06,4.56e-06,4.58e-06,5941356355.0
2026-06-05 15:30:00,4.58e-06,4.59e-06,4.57e-06,4.58e-06,4974534300.0
2026-06-05 15:35:00,4.58e-06,4.59e-06,4.53e-06,4.55e-06,19849745873.0
2026-06-05 15:40:00,4.55e-06,4.58e-06,4.54e-06,4.55e-06,15960342729.0
2026-06-05 15:45:00,4.56e-06,4.58e-06,4.53e-06,4.58e-06,15985787648.0
2026-06-05 15:50:00,4.58e-06,4.58e-06,4.56e-06,4.57e-06,8014916812.0
2026-06-05 15:55:00,4.57e-06,4.58e-06,4.56e-06,4.57e-06,3444160768.0
2026-06-05 16:00:00,4.56e-06,4.56e-06,4.53e-06,4.53e-06,14474026350.0
2026-06-05 16:05:00,4.54e-06,4.56e-06,4.52e-06,4.54e-06,17260579318.0
2026-06-05 16:10:00,4.53e-06,4.57e-06,4.48e-06,4.57e-06,49271208731.0
2026-06-05 16:15:00,4.56e-06,4.61e-06,4.56e-06,4.6e-06,22466402847.0
2026-06-05 16:20:00,4.59e-06,4.64e-06,4.59e-06,4.62e-06,12838493310.0
2026-06-05 16:25:00,4.61e-06,4.63e-06,4.59e-06,4.59e-06,11564964023.0
2026-06-05 16:30:00,4.59e-06,4.61e-06,4.57e-06,4.57e-06,16100854135.0
2026-06-05 16:35:00,4.58e-06,4.59e-06,4.56e-06,4.58e-06,4159291873.0
2026-06-05 16:40:00,4.57e-06,4.58e-06,4.55e-06,4.57e-06,8750334373.0
2026-06-05 16:45:00,4.57e-06,4.62e-06,4.57e-06,4.62e-06,3487184283.0
2026-06-05 16:50:00,4.61e-06,4.64e-06,4.61e-06,4.64e-06,3805620502.0
2026-06-05 16:55:00,4.63e-06,4.66e-06,4.63e-06,4.64e-06,3347589729.0
2026-06-05 17:00:00,4.65e-06,4.66e-06,4.63e-06,4.66e-06,2749340409.0
2026-06-05 17:05:00,4.65e-06,4.66e-06,4.63e-06,4.66e-06,3775651230.0
2026-06-05 17:10:00,4.65e-06,4.65e-06,4.62e-06,4.63e-06,2036419417.0
2026-06-05 17:15:00,4.63e-06,4.63e-06,4.6e-06,4.6e-06,6965236147.0
2026-06-05 17:20:00,4.6e-06,4.61e-06,4.59e-06,4.6e-06,4388703849.0
2026-06-05 17:25:00,4.6e-06,4.6e-06,4.58e-06,4.59e-06,2650397576.0
2026-06-05 17:30:00,4.59e-06,4.6e-06,4.58e-06,4.6e-06,2435329681.0
2026-06-05 17:35:00,4.61e-06,4.61e-06,4.59e-06,4.6e-06,2124436424.0
2026-06-05 17:40:00,4.61e-06,4.63e-06,4.59e-06,4.59e-06,1374862229.0
2026-06-05 17:45:00,4.6e-06,4.61e-06,4.59e-06,4.59e-06,1511161788.0
2026-06-05 17:50:00,4.59e-06,4.6e-06,4.58e-06,4.59e-06,1536908343.0
2026-06-05 17:55:00,4.59e-06,4.6e-06,4.58e-06,4.59e-06,5112483557.0
2026-06-05 18:00:00,4.59e-06,4.61e-06,4.57e-06,4.58e-06,9733692612.0
2026-06-05 18:05:00,4.58e-06,4.6e-06,4.58e-06,4.59e-06,1270151090.0
2026-06-05 18:10:00,4.59e-06,4.59e-06,4.57e-06,4.58e-06,1385464282.0
2026-06-05 18:15:00,4.57e-06,4.58e-06,4.55e-06,4.56e-06,6601774464.0
2026-06-05 18:20:00,4.56e-06,4.56e-06,4.53e-06,4.54e-06,6957408752.0
2026-06-05 18:25:00,4.55e-06,4.55e-06,4.52e-06,4.53e-06,3355870029.0
2026-06-05 18:30:00,4.53e-06,4.53e-06,4.5e-06,4.51e-06,5965874172.0
2026-06-05 18:35:00,4.51e-06,4.55e-06,4.5e-06,4.54e-06,14529145027.0
2026-06-05 18:40:00,4.55e-06,4.56e-06,4.51e-06,4.53e-06,11229180887.0
2026-06-05 18:45:00,4.54e-06,4.54e-06,4.5e-06,4.51e-06,3857973308.0
2026-06-05 18:50:00,4.52e-06,4.52e-06,4.45e-06,4.45e-06,16664093223.0
2026-06-05 18:55:00,4.46e-06,4.5e-06,4.44e-06,4.45e-06,15847065250.0
2026-06-05 19:00:00,4.46e-06,4.47e-06,4.43e-06,4.44e-06,14057583309.0
2026-06-05 19:05:00,4.44e-06,4.45e-06,4.42e-06,4.45e-06,4879357120.0
2026-06-05 19:10:00,4.45e-06,4.46e-06,4.43e-06,4.44e-06,12220365458.0
2026-06-05 19:15:00,4.44e-06,4.44e-06,4.41e-06,4.43e-06,13628862016.0
2026-06-05 19:20:00,4.43e-06,4.47e-06,4.42e-06,4.46e-06,7735915053.0
2026-06-05 19:25:00,4.47e-06,4.49e-06,4.46e-06,4.49e-06,2166957900.0
2026-06-05 19:30:00,4.48e-06,4.49e-06,4.44e-06,4.46e-06,4563494734.0
2026-06-05 19:35:00,4.47e-06,4.49e-06,4.46e-06,4.49e-06,1467329476.0
2026-06-05 19:40:00,4.49e-06,4.5e-06,4.47e-06,4.49e-06,13115168843.0
2026-06-05 19:45:00,4.49e-06,4.56e-06,4.48e-06,4.55e-06,13026690462.0
2026-06-05 19:50:00,4.54e-06,4.56e-06,4.53e-06,4.54e-06,7133863019.0
2026-06-05 19:55:00,4.53e-06,4.54e-06,4.53e-06,4.53e-06,1733381288.0
2026-06-05 20:00:00,4.53e-06,4.55e-06,4.49e-06,4.5e-06,6750005922.0
2026-06-05 20:05:00,4.5e-06,4.57e-06,4.49e-06,4.57e-06,11050411580.0
2026-06-05 20:10:00,4.56e-06,4.57e-06,4.54e-06,4.55e-06,7644912901.0
2026-06-05 20:15:00,4.56e-06,4.58e-06,4.54e-06,4.57e-06,8409914416.0
2026-06-05 20:20:00,4.57e-06,4.58e-06,4.56e-06,4.57e-06,10634997799.0
2026-06-05 20:25:00,4.57e-06,4.59e-06,4.57e-06,4.58e-06,7483894736.0
2026-06-05 20:30:00,4.57e-06,4.59e-06,4.56e-06,4.58e-06,9937470598.0
2026-06-05 20:35:00,4.57e-06,4.6e-06,4.57e-06,4.6e-06,2944059130.0
2026-06-05 20:40:00,4.59e-06,4.6e-06,4.58e-06,4.59e-06,1472888466.0
2026-06-05 20:45:00,4.59e-06,4.62e-06,4.58e-06,4.62e-06,8714523511.0
2026-06-05 20:50:00,4.62e-06,4.64e-06,4.61e-06,4.62e-06,3451525072.0
2026-06-05 20:55:00,4.61e-06,4.64e-06,4.61e-06,4.62e-06,7090253324.0
2026-06-05 21:00:00,4.62e-06,4.65e-06,4.62e-06,4.64e-06,3231268401.0
2026-06-05 21:05:00,4.64e-06,4.65e-06,4.62e-06,4.63e-06,1997880425.0
2026-06-05 21:10:00,4.64e-06,4.64e-06,4.62e-06,4.63e-06,3143637183.0
2026-06-05 21:15:00,4.63e-06,4.64e-06,4.62e-06,4.62e-06,2270247383.0
2026-06-05 21:20:00,4.62e-06,4.63e-06,4.61e-06,4.62e-06,647779387.0
2026-06-05 21:25:00,4.62e-06,4.62e-06,4.6e-06,4.61e-06,1597693300.0
2026-06-05 21:30:00,4.61e-06,4.62e-06,4.6e-06,4.61e-06,2363431683.0
2026-06-05 21:35:00,4.61e-06,4.64e-06,4.61e-06,4.63e-06,6506242898.0
2026-06-05 21:40:00,4.63e-06,4.64e-06,4.62e-06,4.63e-06,4614960005.0
2026-06-05 21:45:00,4.63e-06,4.64e-06,4.62e-06,4.62e-06,2159214872.0
2026-06-05 21:50:00,4.62e-06,4.64e-06,4.62e-06,4.62e-06,2954732869.0
2026-06-05 21:55:00,4.62e-06,4.63e-06,4.61e-06,4.61e-06,817259187.0
2026-06-05 22:00:00,4.62e-06,4.62e-06,4.57e-06,4.57e-06,5627211817.0
2026-06-05 22:05:00,4.57e-06,4.58e-06,4.56e-06,4.57e-06,5740163637.0
2026-06-05 22:10:00,4.58e-06,4.58e-06,4.56e-06,4.57e-06,8265707838.0
2026-06-05 22:15:00,4.57e-06,4.6e-06,4.56e-06,4.6e-06,3961037605.0
2026-06-05 22:20:00,4.59e-06,4.6e-06,4.57e-06,4.58e-06,3448296792.0
2026-06-05 22:25:00,4.59e-06,4.59e-06,4.56e-06,4.57e-06,5502364087.0
2026-06-05 22:30:00,4.57e-06,4.58e-06,4.55e-06,4.58e-06,3773301058.0
2026-06-05 22:35:00,4.58e-06,4.59e-06,4.57e-06,4.59e-06,1455801362.0
2026-06-05 22:40:00,4.59e-06,4.59e-06,4.57e-06,4.59e-06,2823082438.0
2026-06-05 22:45:00,4.58e-06,4.6e-06,4.58e-06,4.6e-06,1072324733.0
2026-06-05 22:50:00,4.59e-06,4.62e-06,4.59e-06,4.62e-06,740185857.0
2026-06-05 22:55:00,4.61e-06,4.62e-06,4.6e-06,4.61e-06,2281357509.0
2026-06-05 23:00:00,4.61e-06,4.62e-06,4.6e-06,4.61e-06,3432941338.0
2026-06-05 23:05:00,4.61e-06,4.62e-06,4.58e-06,4.58e-06,6220951651.0
2026-06-05 23:10:00,4.58e-06,4.59e-06,4.56e-06,4.56e-06,9524218896.0
2026-06-05 23:15:00,4.57e-06,4.58e-06,4.55e-06,4.56e-06,6354860119.0
2026-06-05 23:20:00,4.55e-06,4.56e-06,4.53e-06,4.54e-06,8738500578.0
2026-06-05 23:25:00,4.54e-06,4.55e-06,4.53e-06,4.53e-06,1220467639.0
2026-06-05 23:30:00,4.54e-06,4.54e-06,4.49e-06,4.5e-06,3187601124.0
2026-06-05 23:35:00,4.49e-06,4.53e-06,4.49e-06,4.51e-06,3128593401.0
2026-06-05 23:40:00,4.51e-06,4.53e-06,4.5e-06,4.52e-06,3468086759.0
2026-06-05 23:45:00,4.52e-06,4.53e-06,4.51e-06,4.53e-06,3284243152.0
2026-06-05 23:50:00,4.53e-06,4.56e-06,4.53e-06,4.55e-06,745228906.0
2026-06-05 23:55:00,4.55e-06,4.56e-06,4.54e-06,4.56e-06,4671502000.0
2026-06-06 00:00:00,4.56e-06,4.6e-06,4.56e-06,4.59e-06,4034707945.0
2026-06-06 00:05:00,4.59e-06,4.61e-06,4.58e-06,4.61e-06,1683715926.0
2026-06-06 00:10:00,4.6e-06,4.61e-06,4.59e-06,4.6e-06,3595651914.0
2026-06-06 00:15:00,4.6e-06,4.61e-06,4.58e-06,4.58e-06,3481063686.0
2026-06-06 00:20:00,4.58e-06,4.6e-06,4.58e-06,4.59e-06,4514468765.0
2026-06-06 00:25:00,4.58e-06,4.6e-06,4.57e-06,4.59e-06,3073526547.0
2026-06-06 00:30:00,4.59e-06,4.61e-06,4.59e-06,4.6e-06,3219393006.0
2026-06-06 00:35:00,4.61e-06,4.61e-06,4.59e-06,4.6e-06,1133260133.0
2026-06-06 00:40:00,4.61e-06,4.61e-06,4.59e-06,4.6e-06,1099334510.0
2026-06-06 00:45:00,4.59e-06,4.62e-06,4.59e-06,4.6e-06,3356991535.0
2026-06-06 00:50:00,4.61e-06,4.61e-06,4.59e-06,4.6e-06,1596125762.0
2026-06-06 00:55:00,4.61e-06,4.62e-06,4.59e-06,4.61e-06,970876719.0
2026-06-06 01:00:00,4.61e-06,4.63e-06,4.61e-06,4.61e-06,5541366533.0
2026-06-06 01:05:00,4.61e-06,4.62e-06,4.6e-06,4.61e-06,3538946282.0
2026-06-06 01:10:00,4.6e-06,4.61e-06,4.59e-06,4.59e-06,1129383187.0
2026-06-06 01:15:00,4.59e-06,4.6e-06,4.58e-06,4.58e-06,1168236946.0
2026-06-06 01:20:00,4.58e-06,4.59e-06,4.57e-06,4.58e-06,827454862.0
2026-06-06 01:25:00,4.58e-06,4.61e-06,4.57e-06,4.6e-06,1942032192.0
2026-06-06 01:30:00,4.6e-06,4.61e-06,4.59e-06,4.61e-06,2624879795.0
2026-06-06 01:35:00,4.6e-06,4.61e-06,4.58e-06,4.59e-06,791477598.0
2026-06-06 01:40:00,4.58e-06,4.59e-06,4.57e-06,4.57e-06,3668781843.0
2026-06-06 01:45:00,4.58e-06,4.59e-06,4.56e-06,4.57e-06,509177869.0
2026-06-06 01:50:00,4.57e-06,4.58e-06,4.56e-06,4.58e-06,2725395622.0
2026-06-06 01:55:00,4.58e-06,4.58e-06,4.56e-06,4.57e-06,3104405338.0
2026-06-06 02:00:00,4.56e-06,4.57e-06,4.54e-06,4.54e-06,4400686631.0
2026-06-06 02:05:00,4.55e-06,4.56e-06,4.54e-06,4.55e-06,1241676692.0
2026-06-06 02:10:00,4.56e-06,4.57e-06,4.54e-06,4.54e-06,742111077.0
2026-06-06 02:15:00,4.55e-06,4.55e-06,4.53e-06,4.53e-06,1645925656.0
2026-06-06 02:20:00,4.53e-06,4.57e-06,4.53e-06,4.55e-06,993058055.0
2026-06-06 02:25:00,4.55e-06,4.56e-06,4.54e-06,4.55e-06,1050521210.0
2026-06-06 02:30:00,4.55e-06,4.56e-06,4.54e-06,4.56e-06,706544342.0
2026-06-06 02:35:00,4.56e-06,4.57e-06,4.55e-06,4.55e-06,4181142311.0
2026-06-06 02:40:00,4.56e-06,4.57e-06,4.54e-06,4.55e-06,863585760.0
2026-06-06 02:45:00,4.56e-06,4.57e-06,4.54e-06,4.57e-06,1275083121.0
2026-06-06 02:50:00,4.57e-06,4.58e-06,4.56e-06,4.57e-06,1253642768.0
2026-06-06 02:55:00,4.57e-06,4.57e-06,4.53e-06,4.55e-06,3403889132.0
2026-06-06 03:00:00,4.54e-06,4.54e-06,4.52e-06,4.52e-06,4349747487.0
2026-06-06 03:05:00,4.53e-06,4.54e-06,4.52e-06,4.53e-06,1130237973.0
2026-06-06 03:10:00,4.53e-06,4.55e-06,4.52e-06,4.53e-06,2534818296.0
2026-06-06 03:15:00,4.54e-06,4.55e-06,4.52e-06,4.54e-06,6332777611.0
2026-06-06 03:20:00,4.54e-06,4.54e-06,4.5e-06,4.52e-06,3323102054.0
2026-06-06 03:25:00,4.52e-06,4.52e-06,4.5e-06,4.52e-06,1530470493.0
2026-06-06 03:30:00,4.51e-06,4.52e-06,4.5e-06,4.5e-06,4718130525.0
2026-06-06 03:35:00,4.51e-06,4.53e-06,4.5e-06,4.5e-06,4451730429.0
2026-06-06 03:40:00,4.51e-06,4.51e-06,4.49e-06,4.51e-06,2706830068.0
2026-06-06 03:45:00,4.51e-06,4.51e-06,4.49e-06,4.51e-06,1128309375.0
2026-06-06 03:50:00,4.51e-06,4.52e-06,4.5e-06,4.5e-06,2143456336.0
2026-06-06 03:55:00,4.5e-06,4.52e-06,4.5e-06,4.51e-06,640355775.0
2026-06-06 04:00:00,4.5e-06,4.53e-06,4.49e-06,4.5e-06,2851588977.0
2026-06-06 04:05:00,4.5e-06,4.5e-06,4.44e-06,4.45e-06,5393633224.0
2026-06-06 04:10:00,4.44e-06,4.46e-06,4.41e-06,4.43e-06,11852549290.0
2026-06-06 04:15:00,4.42e-06,4.45e-06,4.39e-06,4.39e-06,8907206322.0
2026-06-06 04:20:00,4.4e-06,4.42e-06,4.39e-06,4.42e-06,6224145875.0
2026-06-06 04:25:00,4.41e-06,4.43e-06,4.37e-06,4.39e-06,13918603222.0
2026-06-06 04:30:00,4.39e-06,4.39e-06,4.34e-06,4.35e-06,11057920871.0
2026-06-06 04:35:00,4.35e-06,4.38e-06,4.32e-06,4.34e-06,15670006481.0
2026-06-06 04:40:00,4.34e-06,4.36e-06,4.33e-06,4.35e-06,9587639317.0
2026-06-06 04:45:00,4.35e-06,4.38e-06,4.33e-06,4.34e-06,7069896299.0
2026-06-06 04:50:00,4.35e-06,4.39e-06,4.35e-06,4.39e-06,5157282851.0
2026-06-06 04:55:00,4.38e-06,4.38e-06,4.34e-06,4.35e-06,3761219859.0
2026-06-06 05:00:00,4.35e-06,4.36e-06,4.3e-06,4.33e-06,13754158668.0
2026-06-06 05:05:00,4.33e-06,4.37e-06,4.32e-06,4.36e-06,10448731494.0
2026-06-06 05:10:00,4.37e-06,4.39e-06,4.34e-06,4.35e-06,4078702572.0
2026-06-06 05:15:00,4.34e-06,4.37e-06,4.34e-06,4.37e-06,2950030230.0
2026-06-06 05:20:00,4.37e-06,4.47e-06,4.37e-06,4.46e-06,20261594206.0
2026-06-06 05:25:00,4.46e-06,4.47e-06,4.43e-06,4.45e-06,11340876215.0
2026-06-06 05:30:00,4.45e-06,4.45e-06,4.43e-06,4.44e-06,4781912041.0
2026-06-06 05:35:00,4.44e-06,4.48e-06,4.44e-06,4.47e-06,5305739065.0
2026-06-06 05:40:00,4.46e-06,4.48e-06,4.45e-06,4.46e-06,1081737465.0
2026-06-06 05:45:00,4.46e-06,4.5e-06,4.46e-06,4.48e-06,2582130231.0
2026-06-06 05:50:00,4.49e-06,4.5e-06,4.48e-06,4.49e-06,2923540106.0
2026-06-06 05:55:00,4.49e-06,4.5e-06,4.48e-06,4.5e-06,1815287266.0
2026-06-06 06:00:00,4.49e-06,4.52e-06,4.49e-06,4.51e-06,9090870544.0
2026-06-06 06:05:00,4.51e-06,4.52e-06,4.5e-06,4.5e-06,4726455127.0
2026-06-06 06:10:00,4.51e-06,4.51e-06,4.5e-06,4.5e-06,720368249.0
2026-06-06 06:15:00,4.51e-06,4.51e-06,4.49e-06,4.51e-06,7725171575.0
2026-06-06 06:20:00,4.5e-06,4.53e-06,4.5e-06,4.52e-06,2850874691.0
2026-06-06 06:25:00,4.53e-06,4.53e-06,4.51e-06,4.52e-06,1519642263.0
2026-06-06 06:30:00,4.52e-06,4.53e-06,4.5e-06,4.51e-06,1822611125.0
2026-06-06 06:35:00,4.52e-06,4.54e-06,4.51e-06,4.52e-06,3570431300.0
2026-06-06 06:40:00,4.52e-06,4.53e-06,4.51e-06,4.51e-06,1472984613.0
2026-06-06 06:45:00,4.51e-06,4.51e-06,4.49e-06,4.49e-06,3268155445.0
2026-06-06 06:50:00,4.49e-06,4.51e-06,4.47e-06,4.49e-06,7262442828.0
2026-06-06 06:55:00,4.49e-06,4.49e-06,4.47e-06,4.47e-06,2982813453.0
2026-06-06 07:00:00,4.48e-06,4.48e-06,4.46e-06,4.48e-06,2743943965.0
2026-06-06 07:05:00,4.47e-06,4.51e-06,4.47e-06,4.49e-06,4446175539.0
2026-06-06 07:10:00,4.49e-06,4.51e-06,4.49e-06,4.51e-06,2641067817.0
2026-06-06 07:15:00,4.5e-06,4.53e-06,4.49e-06,4.5e-06,7330022824.0
2026-06-06 07:20:00,4.51e-06,4.51e-06,4.47e-06,4.48e-06,7766891795.0
2026-06-06 07:25:00,4.48e-06,4.48e-06,4.46e-06,4.47e-06,3919468938.0
2026-06-06 07:30:00,4.47e-06,4.49e-06,4.47e-06,4.49e-06,6106098946.0
2026-06-06 07:35:00,4.49e-06,4.49e-06,4.46e-06,4.49e-06,1964564278.0
2026-06-06 07:40:00,4.48e-06,4.49e-06,4.47e-06,4.48e-06,8157176304.0
2026-06-06 07:45:00,4.49e-06,4.49e-06,4.48e-06,4.49e-06,1672407895.0
2026-06-06 07:50:00,4.48e-06,4.49e-06,4.48e-06,4.49e-06,416225570.0
2026-06-06 07:55:00,4.49e-06,4.49e-06,4.47e-06,4.48e-06,2511837261.0
2026-06-06 08:00:00,4.48e-06,4.49e-06,4.47e-06,4.47e-06,786241639.0
2026-06-06 08:05:00,4.48e-06,4.49e-06,4.47e-06,4.47e-06,5666453455.0
2026-06-06 08:10:00,4.48e-06,4.48e-06,4.46e-06,4.47e-06,2348122585.0
2026-06-06 08:15:00,4.48e-06,4.48e-06,4.46e-06,4.46e-06,1076043220.0
2026-06-06 08:20:00,4.47e-06,4.49e-06,4.47e-06,4.49e-06,679440899.0
2026-06-06 08:25:00,4.48e-06,4.52e-06,4.48e-06,4.52e-06,6770800322.0
2026-06-06 08:30:00,4.52e-06,4.53e-06,4.5e-06,4.52e-06,13750350999.0
2026-06-06 08:35:00,4.52e-06,4.53e-06,4.5e-06,4.53e-06,7530746412.0
2026-06-06 08:40:00,4.52e-06,4.53e-06,4.51e-06,4.53e-06,8500226213.0
2026-06-06 08:45:00,4.53e-06,4.53e-06,4.51e-06,4.52e-06,3984791630.0
2026-06-06 08:50:00,4.52e-06,4.55e-06,4.52e-06,4.54e-06,3646111236.0
2026-06-06 08:55:00,4.54e-06,4.55e-06,4.53e-06,4.53e-06,4868334886.0
2026-06-06 09:00:00,4.53e-06,4.55e-06,4.52e-06,4.53e-06,3394383783.0
2026-06-06 09:05:00,4.52e-06,4.53e-06,4.51e-06,4.53e-06,3215044845.0
2026-06-06 09:10:00,4.52e-06,4.53e-06,4.52e-06,4.53e-06,1400619025.0
2026-06-06 09:15:00,4.53e-06,4.54e-06,4.52e-06,4.53e-06,2686004238.0
2026-06-06 09:20:00,4.52e-06,4.53e-06,4.51e-06,4.53e-06,746824169.0
2026-06-06 09:25:00,4.53e-06,4.55e-06,4.53e-06,4.54e-06,1629444596.0
2026-06-06 09:30:00,4.54e-06,4.54e-06,4.53e-06,4.53e-06,1082987693.0
2026-06-06 09:35:00,4.54e-06,4.54e-06,4.53e-06,4.54e-06,601153215.0
2026-06-06 09:40:00,4.53e-06,4.54e-06,4.51e-06,4.51e-06,4258515605.0
2026-06-06 09:45:00,4.52e-06,4.52e-06,4.48e-06,4.49e-06,1757246307.0
2026-06-06 09:50:00,4.49e-06,4.5e-06,4.48e-06,4.48e-06,515700237.0
2026-06-06 09:55:00,4.48e-06,4.5e-06,4.47e-06,4.5e-06,1076970566.0
2026-06-06 10:00:00,4.5e-06,4.5e-06,4.45e-06,4.47e-06,7018465874.0
2026-06-06 10:05:00,4.47e-06,4.47e-06,4.44e-06,4.46e-06,2372478399.0
2026-06-06 10:10:00,4.45e-06,4.46e-06,4.44e-06,4.45e-06,3623439362.0
2026-06-06 10:15:00,4.45e-06,4.46e-06,4.44e-06,4.45e-06,1687621541.0
2026-06-06 10:20:00,4.44e-06,4.47e-06,4.44e-06,4.45e-06,1810638035.0
2026-06-06 10:25:00,4.46e-06,4.46e-06,4.44e-06,4.45e-06,1403689119.0
2026-06-06 10:30:00,4.44e-06,4.45e-06,4.41e-06,4.43e-06,10904932383.0
2026-06-06 10:35:00,4.43e-06,4.43e-06,4.41e-06,4.43e-06,1980525104.0
2026-06-06 10:40:00,4.42e-06,4.44e-06,4.42e-06,4.44e-06,4656403735.0
2026-06-06 10:45:00,4.44e-06,4.44e-06,4.42e-06,4.42e-06,4336711998.0
2026-06-06 10:50:00,4.42e-06,4.45e-06,4.42e-06,4.44e-06,2234026041.0
2026-06-06 10:55:00,4.44e-06,4.46e-06,4.44e-06,4.46e-06,1784838987.0
2026-06-06 11:00:00,4.45e-06,4.48e-06,4.45e-06,4.47e-06,3216877458.0
2026-06-06 11:05:00,4.47e-06,4.49e-06,4.47e-06,4.48e-06,1476467392.0
2026-06-06 11:10:00,4.48e-06,4.48e-06,4.45e-06,4.47e-06,977436169.0
2026-06-06 11:15:00,4.46e-06,4.48e-06,4.45e-06,4.47e-06,2708241380.0
2026-06-06 11:20:00,4.47e-06,4.48e-06,4.46e-06,4.47e-06,1278238769.0
2026-06-06 11:25:00,4.46e-06,4.49e-06,4.46e-06,4.48e-06,1285275693.0
2026-06-06 11:30:00,4.49e-06,4.5e-06,4.47e-06,4.5e-06,1737624618.0
2026-06-06 11:35:00,4.5e-06,4.51e-06,4.49e-06,4.5e-06,1567301552.0
2026-06-06 11:40:00,4.5e-06,4.51e-06,4.49e-06,4.49e-06,2203047493.0
2026-06-06 11:45:00,4.5e-06,4.52e-06,4.49e-06,4.51e-06,3913092431.0
2026-06-06 11:50:00,4.5e-06,4.52e-06,4.5e-06,4.52e-06,1321701039.0
2026-06-06 11:55:00,4.51e-06,4.51e-06,4.49e-06,4.51e-06,2510608953.0
2026-06-06 12:00:00,4.51e-06,4.53e-06,4.5e-06,4.51e-06,2791133896.0
2026-06-06 12:05:00,4.52e-06,4.53e-06,4.51e-06,4.52e-06,3095930511.0
2026-06-06 12:10:00,4.51e-06,4.53e-06,4.51e-06,4.52e-06,1707713086.0
2026-06-06 12:15:00,4.53e-06,4.53e-06,4.5e-06,4.52e-06,3588527585.0
2026-06-06 12:20:00,4.52e-06,4.52e-06,4.5e-06,4.51e-06,878394644.0
2026-06-06 12:25:00,4.5e-06,4.51e-06,4.5e-06,4.5e-06,1122373730.0
2026-06-06 12:30:00,4.5e-06,4.52e-06,4.49e-06,4.5e-06,2230974983.0
2026-06-06 12:35:00,4.51e-06,4.52e-06,4.49e-06,4.49e-06,2105252098.0
2026-06-06 12:40:00,4.5e-06,4.53e-06,4.5e-06,4.52e-06,7760967065.0
2026-06-06 12:45:00,4.52e-06,4.55e-06,4.51e-06,4.55e-06,3610517575.0
2026-06-06 12:50:00,4.54e-06,4.56e-06,4.53e-06,4.56e-06,3867543348.0
2026-06-06 12:55:00,4.55e-06,4.56e-06,4.54e-06,4.54e-06,2981432001.0
2026-06-06 13:00:00,4.53e-06,4.55e-06,4.53e-06,4.55e-06,2964365962.0
2026-06-06 13:05:00,4.55e-06,4.55e-06,4.53e-06,4.54e-06,556611942.0
2026-06-06 13:10:00,4.55e-06,4.55e-06,4.53e-06,4.55e-06,472912357.0
2026-06-06 13:15:00,4.55e-06,4.55e-06,4.53e-06,4.53e-06,3863595823.0
2026-06-06 13:20:00,4.54e-06,4.55e-06,4.53e-06,4.53e-06,2946937986.0
2026-06-06 13:25:00,4.54e-06,4.55e-06,4.53e-06,4.55e-06,2370260960.0
2026-06-06 13:30:00,4.54e-06,4.54e-06,4.53e-06,4.53e-06,796335162.0
2026-06-06 13:35:00,4.54e-06,4.55e-06,4.53e-06,4.55e-06,2525927975.0
2026-06-06 13:40:00,4.55e-06,4.55e-06,4.54e-06,4.55e-06,1281475946.0
2026-06-06 13:45:00,4.55e-06,4.57e-06,4.53e-06,4.53e-06,11787518459.0
2026-06-06 13:50:00,4.53e-06,4.54e-06,4.53e-06,4.54e-06,320655119.0
2026-06-06 13:55:00,4.54e-06,4.54e-06,4.53e-06,4.53e-06,481677090.0
2026-06-06 14:00:00,4.53e-06,4.56e-06,4.53e-06,4.55e-06,3112971584.0
2026-06-06 14:05:00,4.55e-06,4.56e-06,4.54e-06,4.55e-06,1689969840.0
2026-06-06 14:10:00,4.54e-06,4.56e-06,4.54e-06,4.55e-06,477572958.0
2026-06-06 14:15:00,4.56e-06,4.57e-06,4.55e-06,4.57e-06,1029969416.0
2026-06-06 14:20:00,4.57e-06,4.57e-06,4.55e-06,4.56e-06,3940382099.0
2026-06-06 14:25:00,4.55e-06,4.57e-06,4.54e-06,4.55e-06,5836053111.0
2026-06-06 14:30:00,4.56e-06,4.57e-06,4.55e-06,4.56e-06,1268452026.0
2026-06-06 14:35:00,4.56e-06,4.57e-06,4.55e-06,4.56e-06,2739893061.0
2026-06-06 14:40:00,4.56e-06,4.57e-06,4.55e-06,4.56e-06,1049050655.0
2026-06-06 14:45:00,4.56e-06,4.57e-06,4.55e-06,4.57e-06,842271523.0
2026-06-06 14:50:00,4.57e-06,4.57e-06,4.55e-06,4.57e-06,1299754142.0
2026-06-06 14:55:00,4.57e-06,4.58e-06,4.56e-06,4.56e-06,5235019595.0
2026-06-06 15:00:00,4.56e-06,4.57e-06,4.54e-06,4.55e-06,1534805655.0
2026-06-06 15:05:00,4.55e-06,4.55e-06,4.53e-06,4.53e-06,8489728270.0
2026-06-06 15:10:00,4.54e-06,4.54e-06,4.52e-06,4.52e-06,2647722513.0
2026-06-06 15:15:00,4.53e-06,4.54e-06,4.51e-06,4.52e-06,2215939555.0
2026-06-06 15:20:00,4.52e-06,4.53e-06,4.51e-06,4.52e-06,1757020958.0
2026-06-06 15:25:00,4.51e-06,4.53e-06,4.51e-06,4.53e-06,1265863198.0
2026-06-06 15:30:00,4.54e-06,4.56e-06,4.53e-06,4.55e-06,2369643186.0
2026-06-06 15:35:00,4.55e-06,4.56e-06,4.54e-06,4.56e-06,1274944224.0
2026-06-06 15:40:00,4.55e-06,4.56e-06,4.55e-06,4.55e-06,191970037.0
2026-06-06 15:45:00,4.55e-06,4.56e-06,4.54e-06,4.55e-06,3222964455.0
2026-06-06 15:50:00,4.56e-06,4.57e-06,4.54e-06,4.55e-06,3427943446.0
2026-06-06 15:55:00,4.56e-06,4.56e-06,4.54e-06,4.55e-06,3117937255.0
2026-06-06 16:00:00,4.55e-06,4.56e-06,4.54e-06,4.56e-06,7511461144.0
2026-06-06 16:05:00,4.57e-06,4.57e-06,4.55e-06,4.56e-06,4429716009.0
2026-06-06 16:10:00,4.55e-06,4.56e-06,4.54e-06,4.55e-06,2517523030.0
2026-06-06 16:15:00,4.55e-06,4.56e-06,4.54e-06,4.55e-06,802267936.0
2026-06-06 16:20:00,4.55e-06,4.55e-06,4.53e-06,4.53e-06,974181833.0
2026-06-06 16:25:00,4.54e-06,4.55e-06,4.52e-06,4.53e-06,7832692992.0
2026-06-06 16:30:00,4.52e-06,4.54e-06,4.52e-06,4.53e-06,2266107602.0
2026-06-06 16:35:00,4.52e-06,4.53e-06,4.51e-06,4.52e-06,1214186170.0
2026-06-06 16:40:00,4.52e-06,4.55e-06,4.52e-06,4.55e-06,1091890806.0
2026-06-06 16:45:00,4.54e-06,4.57e-06,4.54e-06,4.56e-06,1663617866.0
2026-06-06 16:50:00,4.56e-06,4.56e-06,4.54e-06,4.56e-06,1022523616.0
2026-06-06 16:55:00,4.56e-06,4.56e-06,4.53e-06,4.55e-06,4253291018.0
2026-06-06 17:00:00,4.55e-06,4.56e-06,4.54e-06,4.55e-06,808450708.0
2026-06-06 17:05:00,4.54e-06,4.55e-06,4.53e-06,4.53e-06,728067431.0
2026-06-06 17:10:00,4.54e-06,4.55e-06,4.53e-06,4.54e-06,611081833.0
2026-06-06 17:15:00,4.55e-06,4.55e-06,4.53e-06,4.54e-06,2642974100.0
2026-06-06 17:20:00,4.55e-06,4.55e-06,4.52e-06,4.52e-06,2115837081.0
2026-06-06 17:25:00,4.53e-06,4.53e-06,4.52e-06,4.53e-06,1377907761.0
2026-06-06 17:30:00,4.53e-06,4.55e-06,4.53e-06,4.54e-06,492106300.0
2026-06-06 17:35:00,4.54e-06,4.54e-06,4.5e-06,4.52e-06,2453634486.0
2026-06-06 17:40:00,4.51e-06,4.52e-06,4.5e-06,4.52e-06,2956577755.0
2026-06-06 17:45:00,4.52e-06,4.53e-06,4.5e-06,4.5e-06,4682248315.0
2026-06-06 17:50:00,4.5e-06,4.51e-06,4.49e-06,4.5e-06,1619579095.0
2026-06-06 17:55:00,4.5e-06,4.51e-06,4.49e-06,4.51e-06,436751484.0
2026-06-06 18:00:00,4.5e-06,4.51e-06,4.5e-06,4.5e-06,382691066.0
2026-06-06 18:05:00,4.51e-06,4.51e-06,4.49e-06,4.51e-06,2169419514.0
2026-06-06 18:10:00,4.51e-06,4.52e-06,4.5e-06,4.51e-06,1562864030.0
2026-06-06 18:15:00,4.51e-06,4.51e-06,4.5e-06,4.51e-06,110034802.0
2026-06-06 18:20:00,4.51e-06,4.53e-06,4.5e-06,4.51e-06,914505182.0
2026-06-06 18:25:00,4.52e-06,4.54e-06,4.51e-06,4.53e-06,1174451160.0
2026-06-06 18:30:00,4.53e-06,4.53e-06,4.51e-06,4.52e-06,1207027142.0
2026-06-06 18:35:00,4.52e-06,4.52e-06,4.51e-06,4.51e-06,395329328.0
2026-06-06 18:40:00,4.52e-06,4.52e-06,4.51e-06,4.51e-06,1232985210.0
2026-06-06 18:45:00,4.52e-06,4.52e-06,4.5e-06,4.51e-06,363620960.0
2026-06-06 18:50:00,4.51e-06,4.51e-06,4.49e-06,4.5e-06,1161843560.0
2026-06-06 18:55:00,4.5e-06,4.52e-06,4.5e-06,4.52e-06,341267200.0
2026-06-06 19:00:00,4.51e-06,4.52e-06,4.51e-06,4.52e-06,1798075607.0
2026-06-06 19:05:00,4.52e-06,4.54e-06,4.51e-06,4.54e-06,2670269968.0
2026-06-06 19:10:00,4.54e-06,4.54e-06,4.53e-06,4.54e-06,369465807.0
2026-06-06 19:15:00,4.53e-06,4.53e-06,4.52e-06,4.52e-06,373911046.0
2026-06-06 19:20:00,4.53e-06,4.53e-06,4.51e-06,4.52e-06,901203801.0
2026-06-06 19:25:00,4.52e-06,4.52e-06,4.51e-06,4.52e-06,392486580.0
2026-06-06 19:30:00,4.52e-06,4.52e-06,4.51e-06,4.51e-06,1267293908.0
2026-06-06 19:35:00,4.51e-06,4.52e-06,4.5e-06,4.51e-06,465225692.0
2026-06-06 19:40:00,4.51e-06,4.52e-06,4.5e-06,4.52e-06,1303529443.0
2026-06-06 19:45:00,4.51e-06,4.52e-06,4.51e-06,4.52e-06,38355867.0
2026-06-06 19:50:00,4.52e-06,4.52e-06,4.51e-06,4.51e-06,825651496.0
2026-06-06 19:55:00,4.52e-06,4.52e-06,4.5e-06,4.51e-06,819822398.0
2026-06-06 20:00:00,4.51e-06,4.51e-06,4.49e-06,4.5e-06,4385809359.0
2026-06-06 20:05:00,4.5e-06,4.51e-06,4.49e-06,4.51e-06,654378310.0
2026-06-06 20:10:00,4.5e-06,4.51e-06,4.49e-06,4.51e-06,3028457200.0
2026-06-06 20:15:00,4.51e-06,4.52e-06,4.5e-06,4.51e-06,3788983666.0
2026-06-06 20:20:00,4.5e-06,4.51e-06,4.49e-06,4.51e-06,553167812.0
2026-06-06 20:25:00,4.5e-06,4.51e-06,4.5e-06,4.51e-06,34851590.0
2026-06-06 20:30:00,4.51e-06,4.52e-06,4.5e-06,4.51e-06,586629913.0
2026-06-06 20:35:00,4.51e-06,4.52e-06,4.51e-06,4.51e-06,259341149.0
2026-06-06 20:40:00,4.51e-06,4.53e-06,4.51e-06,4.53e-06,91394310.0
2026-06-06 20:45:00,4.52e-06,4.53e-06,4.52e-06,4.52e-06,2328975664.0
2026-06-06 20:50:00,4.52e-06,4.53e-06,4.52e-06,4.52e-06,352900356.0
2026-06-06 20:55:00,4.52e-06,4.53e-06,4.51e-06,4.52e-06,434034568.0
2026-06-06 21:00:00,4.52e-06,4.53e-06,4.52e-06,4.53e-06,149203161.0
2026-06-06 21:05:00,4.53e-06,4.53e-06,4.52e-06,4.53e-06,206198118.0
2026-06-06 21:10:00,4.53e-06,4.55e-06,4.53e-06,4.54e-06,1342675753.0
2026-06-06 21:15:00,4.54e-06,4.54e-06,4.53e-06,4.54e-06,1754782960.0
2026-06-06 21:20:00,4.54e-06,4.55e-06,4.53e-06,4.54e-06,1529420393.0
2026-06-06 21:25:00,4.54e-06,4.55e-06,4.53e-06,4.53e-06,349138206.0
2026-06-06 21:30:00,4.54e-06,4.55e-06,4.54e-06,4.55e-06,748733880.0
2026-06-06 21:35:00,4.55e-06,4.55e-06,4.53e-06,4.53e-06,323251882.0
2026-06-06 21:40:00,4.54e-06,4.55e-06,4.53e-06,4.54e-06,6793369277.0
2026-06-06 21:45:00,4.54e-06,4.54e-06,4.53e-06,4.54e-06,58622513.0
2026-06-06 21:50:00,4.53e-06,4.54e-06,4.53e-06,4.54e-06,191817026.0
2026-06-06 21:55:00,4.54e-06,4.54e-06,4.52e-06,4.53e-06,1519088513.0
2026-06-06 22:00:00,4.53e-06,4.54e-06,4.51e-06,4.51e-06,1990830484.0
2026-06-06 22:05:00,4.52e-06,4.53e-06,4.51e-06,4.52e-06,1384741275.0
2026-06-06 22:10:00,4.52e-06,4.53e-06,4.52e-06,4.53e-06,4724844734.0
2026-06-06 22:15:00,4.52e-06,4.54e-06,4.52e-06,4.53e-06,673209576.0
2026-06-06 22:20:00,4.53e-06,4.53e-06,4.51e-06,4.51e-06,1200787175.0
2026-06-06 22:25:00,4.51e-06,4.52e-06,4.51e-06,4.51e-06,2589702564.0
2026-06-06 22:30:00,4.52e-06,4.53e-06,4.51e-06,4.53e-06,2433149777.0
2026-06-06 22:35:00,4.52e-06,4.53e-06,4.52e-06,4.53e-06,1446365207.0
2026-06-06 22:40:00,4.52e-06,4.53e-06,4.52e-06,4.53e-06,1354964281.0
2026-06-06 22:45:00,4.52e-06,4.54e-06,4.52e-06,4.54e-06,645818230.0
2026-06-06 22:50:00,4.53e-06,4.55e-06,4.53e-06,4.55e-06,631721393.0
2026-06-06 22:55:00,4.54e-06,4.55e-06,4.53e-06,4.54e-06,1437620375.0
2026-06-06 23:00:00,4.53e-06,4.55e-06,4.53e-06,4.54e-06,1041284784.0
2026-06-06 23:05:00,4.54e-06,4.55e-06,4.54e-06,4.55e-06,141595950.0
2026-06-06 23:10:00,4.55e-06,4.55e-06,4.54e-06,4.54e-06,141677230.0
2026-06-06 23:15:00,4.55e-06,4.55e-06,4.53e-06,4.53e-06,1767990207.0
2026-06-06 23:20:00,4.53e-06,4.54e-06,4.53e-06,4.53e-06,93648418.0
2026-06-06 23:25:00,4.53e-06,4.54e-06,4.53e-06,4.54e-06,1546383185.0
2026-06-06 23:30:00,4.54e-06,4.55e-06,4.53e-06,4.55e-06,1533766548.0
2026-06-06 23:35:00,4.55e-06,4.55e-06,4.54e-06,4.54e-06,17568361.0
2026-06-06 23:40:00,4.55e-06,4.56e-06,4.55e-06,4.56e-06,1147245672.0
2026-06-06 23:45:00,4.56e-06,4.56e-06,4.55e-06,4.55e-06,74625761.0
2026-06-06 23:50:00,4.55e-06,4.56e-06,4.55e-06,4.56e-06,109081369.0
2026-06-06 23:55:00,4.55e-06,4.57e-06,4.55e-06,4.57e-06,307148232.0
2026-06-07 00:00:00,4.56e-06,4.58e-06,4.56e-06,4.57e-06,4997264629.0
2026-06-07 00:05:00,4.56e-06,4.57e-06,4.56e-06,4.57e-06,3442866633.0
2026-06-07 00:10:00,4.56e-06,4.56e-06,4.55e-06,4.56e-06,1287210798.0
2026-06-07 00:15:00,4.56e-06,4.56e-06,4.55e-06,4.56e-06,207604547.0
2026-06-07 00:20:00,4.56e-06,4.56e-06,4.55e-06,4.55e-06,2518895042.0
2026-06-07 00:25:00,4.56e-06,4.56e-06,4.55e-06,4.56e-06,941627663.0
2026-06-07 00:30:00,4.57e-06,4.58e-06,4.57e-06,4.58e-06,1658557192.0
2026-06-07 00:35:00,4.57e-06,4.58e-06,4.56e-06,4.58e-06,2495637038.0
2026-06-07 00:40:00,4.57e-06,4.57e-06,4.55e-06,4.55e-06,1329112248.0
2026-06-07 00:45:00,4.56e-06,4.57e-06,4.55e-06,4.57e-06,1542759422.0
2026-06-07 00:50:00,4.57e-06,4.58e-06,4.57e-06,4.57e-06,1062352444.0
2026-06-07 00:55:00,4.58e-06,4.58e-06,4.56e-06,4.56e-06,1857458542.0
2026-06-07 01:00:00,4.56e-06,4.59e-06,4.56e-06,4.58e-06,1153517092.0
2026-06-07 01:05:00,4.59e-06,4.63e-06,4.59e-06,4.62e-06,5672589494.0
2026-06-07 01:10:00,4.62e-06,4.62e-06,4.61e-06,4.62e-06,951353700.0
2026-06-07 01:15:00,4.62e-06,4.64e-06,4.61e-06,4.64e-06,6577516335.0
2026-06-07 01:20:00,4.63e-06,4.64e-06,4.63e-06,4.63e-06,971690688.0
2026-06-07 01:25:00,4.64e-06,4.66e-06,4.63e-06,4.65e-06,2690394789.0
2026-06-07 01:30:00,4.65e-06,4.66e-06,4.64e-06,4.65e-06,4370774834.0
2026-06-07 01:35:00,4.65e-06,4.66e-06,4.63e-06,4.65e-06,2486885380.0
2026-06-07 01:40:00,4.64e-06,4.65e-06,4.63e-06,4.65e-06,1389153665.0
2026-06-07 01:45:00,4.64e-06,4.66e-06,4.63e-06,4.65e-06,2604994581.0
2026-06-07 01:50:00,4.65e-06,4.65e-06,4.63e-06,4.63e-06,890216343.0
2026-06-07 01:55:00,4.63e-06,4.65e-06,4.63e-06,4.65e-06,832197528.0
2026-06-07 02:00:00,4.64e-06,4.65e-06,4.64e-06,4.65e-06,324135475.0
2026-06-07 02:05:00,4.64e-06,4.65e-06,4.64e-06,4.65e-06,2744201199.0
2026-06-07 02:10:00,4.65e-06,4.66e-06,4.64e-06,4.65e-06,3272075413.0
2026-06-07 02:15:00,4.64e-06,4.65e-06,4.63e-06,4.64e-06,1909198715.0
2026-06-07 02:20:00,4.63e-06,4.64e-06,4.62e-06,4.63e-06,1330182449.0
2026-06-07 02:25:00,4.63e-06,4.63e-06,4.62e-06,4.63e-06,1697906071.0
2026-06-07 02:30:00,4.63e-06,4.63e-06,4.61e-06,4.63e-06,2344341338.0
2026-06-07 02:35:00,4.63e-06,4.63e-06,4.61e-06,4.63e-06,1318170111.0
2026-06-07 02:40:00,4.63e-06,4.63e-06,4.62e-06,4.63e-06,225281345.0
2026-06-07 02:45:00,4.63e-06,4.65e-06,4.63e-06,4.65e-06,1452090616.0
2026-06-07 02:50:00,4.65e-06,4.65e-06,4.63e-06,4.64e-06,565972653.0
2026-06-07 02:55:00,4.64e-06,4.65e-06,4.63e-06,4.64e-06,3765030104.0
2026-06-07 03:00:00,4.64e-06,4.64e-06,4.62e-06,4.63e-06,708271153.0
2026-06-07 03:05:00,4.63e-06,4.64e-06,4.62e-06,4.64e-06,1175450993.0
2026-06-07 03:10:00,4.64e-06,4.65e-06,4.63e-06,4.64e-06,796407816.0
2026-06-07 03:15:00,4.65e-06,4.66e-06,4.63e-06,4.66e-06,578114893.0
2026-06-07 03:20:00,4.66e-06,4.66e-06,4.64e-06,4.65e-06,1754890049.0
2026-06-07 03:25:00,4.65e-06,4.66e-06,4.64e-06,4.66e-06,555124897.0
2026-06-07 03:30:00,4.66e-06,4.66e-06,4.64e-06,4.65e-06,2169850364.0
2026-06-07 03:35:00,4.64e-06,4.65e-06,4.63e-06,4.64e-06,554824549.0
2026-06-07 03:40:00,4.64e-06,4.65e-06,4.63e-06,4.65e-06,398597457.0
2026-06-07 03:45:00,4.64e-06,4.65e-06,4.64e-06,4.65e-06,312850126.0
2026-06-07 03:50:00,4.65e-06,4.65e-06,4.64e-06,4.65e-06,530806460.0
2026-06-07 03:55:00,4.65e-06,4.65e-06,4.64e-06,4.65e-06,186932922.0
2026-06-07 04:00:00,4.65e-06,4.66e-06,4.64e-06,4.66e-06,691373530.0
2026-06-07 04:05:00,4.66e-06,4.66e-06,4.64e-06,4.64e-06,1116757414.0
2026-06-07 04:10:00,4.64e-06,4.65e-06,4.64e-06,4.65e-06,1579843868.0
2026-06-07 04:15:00,4.65e-06,4.66e-06,4.64e-06,4.65e-06,3678466424.0
2026-06-07 04:20:00,4.64e-06,4.65e-06,4.63e-06,4.64e-06,889551362.0
2026-06-07 04:25:00,4.63e-06,4.64e-06,4.63e-06,4.64e-06,902132946.0
2026-06-07 04:30:00,4.63e-06,4.65e-06,4.63e-06,4.65e-06,2078871773.0
2026-06-07 04:35:00,4.65e-06,4.67e-06,4.65e-06,4.67e-06,1598087510.0
2026-06-07 04:40:00,4.66e-06,4.67e-06,4.65e-06,4.66e-06,1473214303.0
2026-06-07 04:45:00,4.66e-06,4.67e-06,4.65e-06,4.66e-06,829554905.0
2026-06-07 04:50:00,4.67e-06,4.68e-06,4.66e-06,4.68e-06,870478686.0
2026-06-07 04:55:00,4.68e-06,4.69e-06,4.67e-06,4.69e-06,1394571884.0
2026-06-07 05:00:00,4.69e-06,4.69e-06,4.67e-06,4.67e-06,2658435751.0
2026-06-07 05:05:00,4.67e-06,4.68e-06,4.67e-06,4.67e-06,439050790.0
2026-06-07 05:10:00,4.68e-06,4.7e-06,4.67e-06,4.69e-06,12552819549.0
2026-06-07 05:15:00,4.68e-06,4.71e-06,4.68e-06,4.7e-06,11553898757.0
2026-06-07 05:20:00,4.7e-06,4.7e-06,4.68e-06,4.7e-06,905195256.0
2026-06-07 05:25:00,4.7e-06,4.7e-06,4.68e-06,4.68e-06,1863331727.0
2026-06-07 05:30:00,4.68e-06,4.69e-06,4.67e-06,4.69e-06,2241899233.0
2026-06-07 05:35:00,4.69e-06,4.7e-06,4.68e-06,4.7e-06,3370363575.0
2026-06-07 05:40:00,4.7e-06,4.7e-06,4.69e-06,4.7e-06,569137904.0
2026-06-07 05:45:00,4.7e-06,4.7e-06,4.68e-06,4.69e-06,1971690971.0
2026-06-07 05:50:00,4.69e-06,4.7e-06,4.68e-06,4.68e-06,523928075.0
2026-06-07 05:55:00,4.69e-06,4.69e-06,4.68e-06,4.69e-06,691155050.0
2026-06-07 06:00:00,4.69e-06,4.69e-06,4.67e-06,4.67e-06,2174681714.0
2026-06-07 06:05:00,4.68e-06,4.69e-06,4.67e-06,4.67e-06,2078347884.0
2026-06-07 06:10:00,4.68e-06,4.69e-06,4.67e-06,4.68e-06,914859754.0
2026-06-07 06:15:00,4.68e-06,4.7e-06,4.68e-06,4.7e-06,4314644575.0
2026-06-07 06:20:00,4.7e-06,4.71e-06,4.69e-06,4.71e-06,1619428654.0
2026-06-07 06:25:00,4.71e-06,4.72e-06,4.7e-06,4.72e-06,6028245294.0
2026-06-07 06:30:00,4.71e-06,4.72e-06,4.7e-06,4.71e-06,4079806097.0
2026-06-07 06:35:00,4.71e-06,4.73e-06,4.71e-06,4.72e-06,2646653416.0
2026-06-07 06:40:00,4.73e-06,4.73e-06,4.72e-06,4.73e-06,1567264156.0
2026-06-07 06:45:00,4.73e-06,4.73e-06,4.72e-06,4.72e-06,260047473.0
2026-06-07 06:50:00,4.73e-06,4.73e-06,4.71e-06,4.71e-06,2291575491.0
2026-06-07 06:55:00,4.72e-06,4.72e-06,4.71e-06,4.72e-06,731605364.0
2026-06-07 07:00:00,4.71e-06,4.73e-06,4.7e-06,4.71e-06,8640289427.0
2026-06-07 07:05:00,4.72e-06,4.73e-06,4.71e-06,4.72e-06,4193593728.0
2026-06-07 07:10:00,4.71e-06,4.73e-06,4.71e-06,4.72e-06,3133866290.0
2026-06-07 07:15:00,4.72e-06,4.73e-06,4.71e-06,4.71e-06,2779759739.0
2026-06-07 07:20:00,4.72e-06,4.72e-06,4.71e-06,4.72e-06,345610233.0
2026-06-07 07:25:00,4.72e-06,4.74e-06,4.72e-06,4.73e-06,2698118393.0
2026-06-07 07:30:00,4.73e-06,4.74e-06,4.72e-06,4.72e-06,942357487.0
2026-06-07 07:35:00,4.73e-06,4.73e-06,4.71e-06,4.71e-06,791850875.0
2026-06-07 07:40:00,4.72e-06,4.72e-06,4.71e-06,4.71e-06,112144394.0
2026-06-07 07:45:00,4.71e-06,4.72e-06,4.71e-06,4.72e-06,1973348492.0
2026-06-07 07:50:00,4.72e-06,4.72e-06,4.71e-06,4.71e-06,321354003.0
2026-06-07 07:55:00,4.72e-06,4.73e-06,4.71e-06,4.72e-06,1795234365.0
2026-06-07 08:00:00,4.72e-06,4.73e-06,4.71e-06,4.71e-06,2902796896.0
2026-06-07 08:05:00,4.71e-06,4.71e-06,4.7e-06,4.71e-06,4181812629.0
2026-06-07 08:10:00,4.71e-06,4.72e-06,4.7e-06,4.71e-06,1550357669.0
2026-06-07 08:15:00,4.72e-06,4.72e-06,4.7e-06,4.7e-06,3809433312.0
2026-06-07 08:20:00,4.71e-06,4.72e-06,4.7e-06,4.71e-06,1665676030.0
2026-06-07 08:25:00,4.71e-06,4.73e-06,4.71e-06,4.72e-06,1637665209.0
2026-06-07 08:30:00,4.72e-06,4.72e-06,4.71e-06,4.71e-06,121699176.0
2026-06-07 08:35:00,4.71e-06,4.74e-06,4.71e-06,4.74e-06,1436043867.0
2026-06-07 08:40:00,4.74e-06,4.75e-06,4.72e-06,4.75e-06,1833227025.0
2026-06-07 08:45:00,4.75e-06,4.78e-06,4.74e-06,4.76e-06,9705383135.0
2026-06-07 08:50:00,4.77e-06,4.77e-06,4.75e-06,4.77e-06,6051433784.0
2026-06-07 08:55:00,4.77e-06,4.78e-06,4.76e-06,4.77e-06,1734615262.0
2026-06-07 09:00:00,4.78e-06,4.79e-06,4.77e-06,4.79e-06,3977686064.0
2026-06-07 09:05:00,4.78e-06,4.79e-06,4.77e-06,4.78e-06,5029098898.0
2026-06-07 09:10:00,4.78e-06,4.79e-06,4.77e-06,4.79e-06,3881099323.0
2026-06-07 09:15:00,4.78e-06,4.79e-06,4.77e-06,4.77e-06,5237066166.0
2026-06-07 09:20:00,4.78e-06,4.78e-06,4.75e-06,4.76e-06,3846535116.0
2026-06-07 09:25:00,4.75e-06,4.76e-06,4.75e-06,4.76e-06,2533385473.0
2026-06-07 09:30:00,4.76e-06,4.76e-06,4.75e-06,4.75e-06,2613939709.0
2026-06-07 09:35:00,4.74e-06,4.75e-06,4.74e-06,4.74e-06,362336816.0
2026-06-07 09:40:00,4.74e-06,4.75e-06,4.74e-06,4.75e-06,1314141733.0
2026-06-07 09:45:00,4.75e-06,4.75e-06,4.73e-06,4.74e-06,608843504.0
2026-06-07 09:50:00,4.73e-06,4.75e-06,4.73e-06,4.74e-06,6808068246.0
2026-06-07 09:55:00,4.73e-06,4.74e-06,4.72e-06,4.73e-06,2743511940.0
2026-06-07 10:00:00,4.73e-06,4.74e-06,4.71e-06,4.72e-06,5875258055.0
2026-06-07 10:05:00,4.71e-06,4.72e-06,4.7e-06,4.7e-06,1011050755.0
2026-06-07 10:10:00,4.7e-06,4.72e-06,4.7e-06,4.72e-06,588205642.0
2026-06-07 10:15:00,4.71e-06,4.72e-06,4.71e-06,4.72e-06,338510079.0
2026-06-07 10:20:00,4.72e-06,4.73e-06,4.71e-06,4.72e-06,3229803298.0
2026-06-07 10:25:00,4.72e-06,4.73e-06,4.72e-06,4.72e-06,169741464.0
2026-06-07 10:30:00,4.72e-06,4.73e-06,4.71e-06,4.71e-06,1725081988.0
2026-06-07 10:35:00,4.72e-06,4.72e-06,4.7e-06,4.71e-06,697192427.0
2026-06-07 10:40:00,4.71e-06,4.71e-06,4.7e-06,4.71e-06,301072753.0
2026-06-07 10:45:00,4.7e-06,4.71e-06,4.69e-06,4.7e-06,2241518762.0
2026-06-07 10:50:00,4.7e-06,4.7e-06,4.69e-06,4.7e-06,1544816880.0
2026-06-07 10:55:00,4.69e-06,4.71e-06,4.69e-06,4.7e-06,4411241003.0
2026-06-07 11:00:00,4.69e-06,4.71e-06,4.69e-06,4.7e-06,1274753013.0
2026-06-07 11:05:00,4.69e-06,4.71e-06,4.69e-06,4.71e-06,873985891.0
2026-06-07 11:10:00,4.71e-06,4.71e-06,4.69e-06,4.7e-06,1285395130.0
2026-06-07 11:15:00,4.7e-06,4.71e-06,4.69e-06,4.69e-06,475824973.0
2026-06-07 11:20:00,4.7e-06,4.71e-06,4.69e-06,4.7e-06,886540855.0
2026-06-07 11:25:00,4.71e-06,4.72e-06,4.7e-06,4.72e-06,1734782581.0
2026-06-07 11:30:00,4.71e-06,4.72e-06,4.7e-06,4.71e-06,472039493.0
2026-06-07 11:35:00,4.71e-06,4.72e-06,4.71e-06,4.71e-06,491965985.0
2026-06-07 11:40:00,4.72e-06,4.72e-06,4.7e-06,4.71e-06,1546502863.0
2026-06-07 11:45:00,4.71e-06,4.72e-06,4.71e-06,4.71e-06,372585893.0
2026-06-07 11:50:00,4.71e-06,4.72e-06,4.71e-06,4.71e-06,924201991.0
2026-06-07 11:55:00,4.71e-06,4.72e-06,4.7e-06,4.71e-06,1165119654.0
2026-06-07 12:00:00,4.72e-06,4.72e-06,4.71e-06,4.72e-06,854610739.0
2026-06-07 12:05:00,4.72e-06,4.72e-06,4.67e-06,4.69e-06,2548218066.0
2026-06-07 12:10:00,4.68e-06,4.68e-06,4.65e-06,4.66e-06,13189039168.0
2026-06-07 12:15:00,4.66e-06,4.68e-06,4.63e-06,4.64e-06,9275552838.0
2026-06-07 12:20:00,4.65e-06,4.66e-06,4.64e-06,4.65e-06,2048854006.0
2026-06-07 12:25:00,4.64e-06,4.66e-06,4.64e-06,4.64e-06,2895468046.0
2026-06-07 12:30:00,4.65e-06,4.66e-06,4.63e-06,4.65e-06,13846360351.0
2026-06-07 12:35:00,4.65e-06,4.66e-06,4.64e-06,4.64e-06,7158046901.0
2026-06-07 12:40:00,4.64e-06,4.65e-06,4.63e-06,4.64e-06,3176461161.0
2026-06-07 12:45:00,4.65e-06,4.67e-06,4.65e-06,4.66e-06,5432125668.0
2026-06-07 12:50:00,4.66e-06,4.66e-06,4.65e-06,4.65e-06,189597068.0
2026-06-07 12:55:00,4.65e-06,4.67e-06,4.65e-06,4.66e-06,1052212017.0
2026-06-07 13:00:00,4.66e-06,4.66e-06,4.64e-06,4.66e-06,1678849159.0
2026-06-07 13:05:00,4.66e-06,4.67e-06,4.65e-06,4.65e-06,703659932.0
2026-06-07 13:10:00,4.65e-06,4.67e-06,4.65e-06,4.66e-06,552946749.0
2026-06-07 13:15:00,4.67e-06,4.67e-06,4.65e-06,4.65e-06,1282452008.0
2026-06-07 13:20:00,4.65e-06,4.66e-06,4.65e-06,4.65e-06,268151132.0
2026-06-07 13:25:00,4.66e-06,4.67e-06,4.65e-06,4.66e-06,1927577913.0
2026-06-07 13:30:00,4.66e-06,4.67e-06,4.65e-06,4.65e-06,575708840.0
2026-06-07 13:35:00,4.65e-06,4.66e-06,4.64e-06,4.65e-06,3679562010.0
2026-06-07 13:40:00,4.66e-06,4.66e-06,4.65e-06,4.66e-06,290569924.0
2026-06-07 13:45:00,4.65e-06,4.66e-06,4.65e-06,4.66e-06,208225229.0
2026-06-07 13:50:00,4.65e-06,4.66e-06,4.65e-06,4.65e-06,567691220.0
2026-06-07 13:55:00,4.66e-06,4.66e-06,4.65e-06,4.66e-06,180633787.0
2026-06-07 14:00:00,4.66e-06,4.67e-06,4.65e-06,4.67e-06,866459319.0
2026-06-07 14:05:00,4.66e-06,4.67e-06,4.65e-06,4.66e-06,1704715176.0
2026-06-07 14:10:00,4.66e-06,4.67e-06,4.65e-06,4.67e-06,4588588942.0
2026-06-07 14:15:00,4.67e-06,4.69e-06,4.66e-06,4.67e-06,1362753811.0
2026-06-07 14:20:00,4.68e-06,4.7e-06,4.68e-06,4.7e-06,2772458351.0
2026-06-07 14:25:00,4.69e-06,4.7e-06,4.69e-06,4.69e-06,851739605.0
2026-06-07 14:30:00,4.69e-06,4.71e-06,4.69e-06,4.71e-06,776910335.0
2026-06-07 14:35:00,4.7e-06,4.71e-06,4.7e-06,4.7e-06,4891966104.0
2026-06-07 14:40:00,4.69e-06,4.7e-06,4.68e-06,4.69e-06,7053090529.0
2026-06-07 14:45:00,4.68e-06,4.69e-06,4.68e-06,4.69e-06,224978776.0
2026-06-07 14:50:00,4.68e-06,4.7e-06,4.68e-06,4.69e-06,1641839303.0
2026-06-07 14:55:00,4.7e-06,4.7e-06,4.69e-06,4.7e-06,112594479.0
2026-06-07 15:00:00,4.7e-06,4.7e-06,4.68e-06,4.68e-06,404809092.0
2026-06-07 15:05:00,4.69e-06,4.7e-06,4.68e-06,4.7e-06,2948440265.0
2026-06-07 15:10:00,4.7e-06,4.7e-06,4.68e-06,4.69e-06,4329716861.0
2026-06-07 15:15:00,4.69e-06,4.7e-06,4.67e-06,4.69e-06,1055961519.0
2026-06-07 15:20:00,4.68e-06,4.69e-06,4.67e-06,4.69e-06,2079264550.0
2026-06-07 15:25:00,4.69e-06,4.7e-06,4.68e-06,4.7e-06,4086701230.0
2026-06-07 15:30:00,4.69e-06,4.71e-06,4.69e-06,4.7e-06,1012857986.0
2026-06-07 15:35:00,4.69e-06,4.7e-06,4.69e-06,4.69e-06,58041087.0
2026-06-07 15:40:00,4.7e-06,4.71e-06,4.69e-06,4.71e-06,3221443882.0
2026-06-07 15:45:00,4.71e-06,4.71e-06,4.68e-06,4.68e-06,6935913267.0
2026-06-07 15:50:00,4.69e-06,4.7e-06,4.68e-06,4.68e-06,12594759359.0
2026-06-07 15:55:00,4.68e-06,4.69e-06,4.68e-06,4.69e-06,1525607834.0
2026-06-07 16:00:00,4.7e-06,4.7e-06,4.68e-06,4.69e-06,846767314.0
2026-06-07 16:05:00,4.68e-06,4.69e-06,4.67e-06,4.69e-06,1846301034.0
2026-06-07 16:10:00,4.69e-06,4.7e-06,4.67e-06,4.69e-06,10226704289.0
2026-06-07 16:15:00,4.68e-06,4.7e-06,4.68e-06,4.7e-06,3809015275.0
2026-06-07 16:20:00,4.7e-06,4.7e-06,4.69e-06,4.69e-06,222066877.0
2026-06-07 16:25:00,4.69e-06,4.7e-06,4.69e-06,4.7e-06,3670185801.0
2026-06-07 16:30:00,4.7e-06,4.71e-06,4.69e-06,4.71e-06,1204969756.0
2026-06-07 16:35:00,4.71e-06,4.71e-06,4.7e-06,4.71e-06,265379998.0
2026-06-07 16:40:00,4.7e-06,4.71e-06,4.7e-06,4.71e-06,1433234511.0
2026-06-07 16:45:00,4.7e-06,4.71e-06,4.7e-06,4.71e-06,2174864098.0
2026-06-07 16:50:00,4.7e-06,4.71e-06,4.7e-06,4.71e-06,155196656.0
2026-06-07 16:55:00,4.71e-06,4.71e-06,4.69e-06,4.7e-06,4897070248.0
2026-06-07 17:00:00,4.7e-06,4.71e-06,4.69e-06,4.71e-06,888566060.0
2026-06-07 17:05:00,4.71e-06,4.73e-06,4.71e-06,4.72e-06,1469882118.0
2026-06-07 17:10:00,4.72e-06,4.72e-06,4.71e-06,4.72e-06,1429434896.0
2026-06-07 17:15:00,4.72e-06,4.73e-06,4.71e-06,4.72e-06,1000837032.0
2026-06-07 17:20:00,4.72e-06,4.73e-06,4.71e-06,4.73e-06,1747017281.0
2026-06-07 17:25:00,4.72e-06,4.72e-06,4.71e-06,4.71e-06,1706479267.0
2026-06-07 17:30:00,4.72e-06,4.72e-06,4.71e-06,4.72e-06,62929024.0
2026-06-07 17:35:00,4.72e-06,4.72e-06,4.71e-06,4.72e-06,174812756.0
2026-06-07 17:40:00,4.71e-06,4.72e-06,4.71e-06,4.71e-06,11352998126.0
2026-06-07 17:45:00,4.71e-06,4.72e-06,4.7e-06,4.71e-06,1879163837.0
2026-06-07 17:50:00,4.71e-06,4.71e-06,4.7e-06,4.71e-06,3349342566.0
2026-06-07 17:55:00,4.71e-06,4.72e-06,4.71e-06,4.71e-06,366889748.0
2026-06-07 18:00:00,4.71e-06,4.72e-06,4.71e-06,4.71e-06,637035229.0
2026-06-07 18:05:00,4.71e-06,4.72e-06,4.7e-06,4.72e-06,3274076483.0
2026-06-07 18:10:00,4.72e-06,4.72e-06,4.71e-06,4.72e-06,804250537.0
2026-06-07 18:15:00,4.72e-06,4.72e-06,4.7e-06,4.71e-06,1059334818.0
2026-06-07 18:20:00,4.7e-06,4.71e-06,4.7e-06,4.7e-06,410981268.0
2026-06-07 18:25:00,4.71e-06,4.71e-06,4.7e-06,4.71e-06,233374793.0
2026-06-07 18:30:00,4.71e-06,4.72e-06,4.7e-06,4.71e-06,885661137.0
2026-06-07 18:35:00,4.71e-06,4.71e-06,4.69e-06,4.7e-06,1160769022.0
2026-06-07 18:40:00,4.69e-06,4.7e-06,4.69e-06,4.69e-06,326040074.0
2026-06-07 18:45:00,4.69e-06,4.7e-06,4.69e-06,4.69e-06,461041942.0
2026-06-07 18:50:00,4.69e-06,4.69e-06,4.68e-06,4.69e-06,616428891.0
2026-06-07 18:55:00,4.69e-06,4.69e-06,4.67e-06,4.67e-06,410333972.0
2026-06-07 19:00:00,4.68e-06,4.68e-06,4.64e-06,4.65e-06,3664618496.0
2026-06-07 19:05:00,4.65e-06,4.65e-06,4.63e-06,4.63e-06,1288678250.0
2026-06-07 19:10:00,4.62e-06,4.65e-06,4.62e-06,4.63e-06,4115340745.0
2026-06-07 19:15:00,4.62e-06,4.63e-06,4.6e-06,4.61e-06,5862742150.0
2026-06-07 19:20:00,4.6e-06,4.62e-06,4.6e-06,4.62e-06,3638739665.0
2026-06-07 19:25:00,4.61e-06,4.62e-06,4.6e-06,4.61e-06,2883994067.0
2026-06-07 19:30:00,4.62e-06,4.62e-06,4.6e-06,4.6e-06,1685085422.0
2026-06-07 19:35:00,4.6e-06,4.61e-06,4.59e-06,4.59e-06,2057483901.0
2026-06-07 19:40:00,4.59e-06,4.6e-06,4.58e-06,4.58e-06,971609011.0
2026-06-07 19:45:00,4.59e-06,4.6e-06,4.58e-06,4.6e-06,1014751722.0
2026-06-07 19:50:00,4.6e-06,4.62e-06,4.59e-06,4.61e-06,3845097746.0
2026-06-07 19:55:00,4.6e-06,4.61e-06,4.6e-06,4.61e-06,302197115.0
2026-06-07 20:00:00,4.6e-06,4.62e-06,4.58e-06,4.62e-06,3146880633.0
2026-06-07 20:05:00,4.62e-06,4.62e-06,4.61e-06,4.61e-06,138194356.0
2026-06-07 20:10:00,4.62e-06,4.63e-06,4.61e-06,4.61e-06,2654413165.0
2026-06-07 20:15:00,4.62e-06,4.62e-06,4.61e-06,4.61e-06,20496816932.0
2026-06-07 20:20:00,4.61e-06,4.64e-06,4.61e-06,4.63e-06,8490258976.0
2026-06-07 20:25:00,4.62e-06,4.64e-06,4.62e-06,4.62e-06,690407760.0
2026-06-07 20:30:00,4.63e-06,4.64e-06,4.63e-06,4.63e-06,1407387590.0
2026-06-07 20:35:00,4.64e-06,4.64e-06,4.62e-06,4.62e-06,507756934.0
2026-06-07 20:40:00,4.62e-06,4.63e-06,4.62e-06,4.63e-06,155437494.0
2026-06-07 20:45:00,4.63e-06,4.64e-06,4.62e-06,4.64e-06,1316473534.0
2026-06-07 20:50:00,4.63e-06,4.65e-06,4.63e-06,4.64e-06,1506464664.0
2026-06-07 20:55:00,4.64e-06,4.64e-06,4.63e-06,4.64e-06,29420793.0
2026-06-07 21:00:00,4.63e-06,4.64e-06,4.62e-06,4.62e-06,1775219643.0
2026-06-07 21:05:00,4.63e-06,4.63e-06,4.62e-06,4.62e-06,298020960.0
2026-06-07 21:10:00,4.63e-06,4.64e-06,4.62e-06,4.64e-06,3541115347.0
2026-06-07 21:15:00,4.63e-06,4.64e-06,4.62e-06,4.62e-06,1369351493.0
2026-06-07 21:20:00,4.63e-06,4.63e-06,4.62e-06,4.63e-06,208213552.0
2026-06-07 21:25:00,4.63e-06,4.63e-06,4.62e-06,4.63e-06,73307627.0
2026-06-07 21:30:00,4.63e-06,4.63e-06,4.61e-06,4.62e-06,1024989211.0
2026-06-07 21:35:00,4.62e-06,4.62e-06,4.61e-06,4.62e-06,168113924.0
2026-06-07 21:40:00,4.61e-06,4.62e-06,4.6e-06,4.62e-06,3382507045.0
2026-06-07 21:45:00,4.62e-06,4.62e-06,4.61e-06,4.61e-06,275337649.0
2026-06-07 21:50:00,4.61e-06,4.62e-06,4.61e-06,4.62e-06,276461143.0
2026-06-07 21:55:00,4.62e-06,4.64e-06,4.62e-06,4.63e-06,2015626855.0
2026-06-07 22:00:00,4.64e-06,4.64e-06,4.62e-06,4.64e-06,2582953423.0
2026-06-07 22:05:00,4.64e-06,4.65e-06,4.63e-06,4.64e-06,360329058.0
2026-06-07 22:10:00,4.65e-06,4.8e-06,4.65e-06,4.79e-06,22735629588.0
2026-06-07 22:15:00,4.78e-06,4.83e-06,4.77e-06,4.77e-06,44399527010.0
2026-06-07 22:20:00,4.77e-06,4.78e-06,4.74e-06,4.76e-06,8019986016.0
2026-06-07 22:25:00,4.75e-06,4.76e-06,4.74e-06,4.75e-06,11233288674.0
2026-06-07 22:30:00,4.75e-06,4.76e-06,4.72e-06,4.73e-06,10614918267.0
2026-06-07 22:35:00,4.73e-06,4.77e-06,4.73e-06,4.73e-06,8651696393.0
2026-06-07 22:40:00,4.74e-06,4.75e-06,4.73e-06,4.75e-06,1875310738.0
2026-06-07 22:45:00,4.75e-06,4.75e-06,4.74e-06,4.74e-06,2406518801.0
2026-06-07 22:50:00,4.74e-06,4.75e-06,4.73e-06,4.73e-06,1255327954.0
2026-06-07 22:55:00,4.72e-06,4.72e-06,4.7e-06,4.71e-06,9335975734.0
2026-06-07 23:00:00,4.71e-06,4.72e-06,4.7e-06,4.71e-06,4093657070.0
2026-06-07 23:05:00,4.71e-06,4.72e-06,4.71e-06,4.72e-06,2554304752.0
2026-06-07 23:10:00,4.72e-06,4.73e-06,4.71e-06,4.73e-06,4502921237.0
2026-06-07 23:15:00,4.72e-06,4.72e-06,4.7e-06,4.71e-06,1315963116.0
2026-06-07 23:20:00,4.71e-06,4.72e-06,4.7e-06,4.72e-06,1665734394.0
2026-06-07 23:25:00,4.71e-06,4.73e-06,4.71e-06,4.73e-06,532229058.0
2026-06-07 23:30:00,4.73e-06,4.73e-06,4.72e-06,4.72e-06,1816992531.0
2026-06-07 23:35:00,4.72e-06,4.73e-06,4.71e-06,4.72e-06,1155743805.0
2026-06-07 23:40:00,4.72e-06,4.73e-06,4.71e-06,4.72e-06,846767515.0
2026-06-07 23:45:00,4.71e-06,4.73e-06,4.71e-06,4.72e-06,5280768432.0
2026-06-07 23:50:00,4.71e-06,4.72e-06,4.71e-06,4.72e-06,3317622865.0
2026-06-07 23:55:00,4.71e-06,4.72e-06,4.71e-06,4.72e-06,3877516404.0
2026-06-08 00:00:00,4.72e-06,4.73e-06,4.71e-06,4.72e-06,1767536675.0
2026-06-08 00:05:00,4.72e-06,4.72e-06,4.7e-06,4.71e-06,2852057894.0
2026-06-08 00:10:00,4.71e-06,4.71e-06,4.7e-06,4.71e-06,528007899.0
2026-06-08 00:15:00,4.71e-06,4.72e-06,4.7e-06,4.71e-06,6062779124.0
2026-06-08 00:20:00,4.71e-06,4.72e-06,4.7e-06,4.71e-06,3049804797.0
2026-06-08 00:25:00,4.71e-06,4.73e-06,4.71e-06,4.73e-06,4839802036.0
2026-06-08 00:30:00,4.73e-06,4.74e-06,4.71e-06,4.72e-06,1738542891.0
2026-06-08 00:35:00,4.73e-06,4.76e-06,4.72e-06,4.76e-06,1973012188.0
2026-06-08 00:40:00,4.75e-06,4.76e-06,4.74e-06,4.75e-06,2161821557.0
2026-06-08 00:45:00,4.74e-06,4.75e-06,4.73e-06,4.75e-06,2197351514.0
2026-06-08 00:50:00,4.75e-06,4.76e-06,4.74e-06,4.74e-06,3267790521.0
2026-06-08 00:55:00,4.74e-06,4.74e-06,4.73e-06,4.73e-06,572443010.0
2026-06-08 01:00:00,4.74e-06,4.75e-06,4.72e-06,4.72e-06,3966431898.0
2026-06-08 01:05:00,4.73e-06,4.73e-06,4.7e-06,4.71e-06,12741383104.0
2026-06-08 01:10:00,4.7e-06,4.71e-06,4.68e-06,4.68e-06,4354660425.0
2026-06-08 01:15:00,4.69e-06,4.69e-06,4.67e-06,4.68e-06,7261460672.0
2026-06-08 01:20:00,4.68e-06,4.69e-06,4.67e-06,4.67e-06,2679319391.0
2026-06-08 01:25:00,4.67e-06,4.68e-06,4.66e-06,4.67e-06,5777539303.0
2026-06-08 01:30:00,4.67e-06,4.68e-06,4.66e-06,4.68e-06,3259116937.0
2026-06-08 01:35:00,4.67e-06,4.68e-06,4.67e-06,4.67e-06,2316635835.0
2026-06-08 01:40:00,4.68e-06,4.69e-06,4.68e-06,4.69e-06,2083158229.0
2026-06-08 01:45:00,4.69e-06,4.7e-06,4.69e-06,4.7e-06,792108281.0
2026-06-08 01:50:00,4.69e-06,4.7e-06,4.69e-06,4.7e-06,1369933953.0
2026-06-08 01:55:00,4.7e-06,4.71e-06,4.7e-06,4.71e-06,549710662.0
2026-06-08 02:00:00,4.71e-06,4.72e-06,4.71e-06,4.71e-06,3069353908.0
2026-06-08 02:05:00,4.7e-06,4.72e-06,4.7e-06,4.71e-06,1264628115.0
2026-06-08 02:10:00,4.71e-06,4.72e-06,4.7e-06,4.72e-06,4928097933.0
2026-06-08 02:15:00,4.72e-06,4.72e-06,4.7e-06,4.71e-06,1738985035.0
2026-06-08 02:20:00,4.71e-06,4.71e-06,4.7e-06,4.71e-06,789471807.0
2026-06-08 02:25:00,4.71e-06,4.72e-06,4.7e-06,4.71e-06,870452062.0
2026-06-08 02:30:00,4.71e-06,4.71e-06,4.69e-06,4.7e-06,4962119998.0
2026-06-08 02:35:00,4.69e-06,4.71e-06,4.69e-06,4.71e-06,698872286.0
2026-06-08 02:40:00,4.7e-06,4.71e-06,4.7e-06,4.7e-06,2170605278.0
2026-06-08 02:45:00,4.7e-06,4.71e-06,4.7e-06,4.7e-06,10979930163.0
2026-06-08 02:50:00,4.7e-06,4.71e-06,4.7e-06,4.7e-06,1346928717.0
2026-06-08 02:55:00,4.71e-06,4.71e-06,4.7e-06,4.7e-06,1642337172.0
2026-06-08 03:00:00,4.71e-06,4.71e-06,4.69e-06,4.69e-06,1385814330.0
2026-06-08 03:05:00,4.69e-06,4.71e-06,4.69e-06,4.71e-06,2138779588.0
2026-06-08 03:10:00,4.71e-06,4.73e-06,4.71e-06,4.71e-06,1483012296.0
2026-06-08 03:15:00,4.72e-06,4.72e-06,4.7e-06,4.71e-06,1288816924.0
2026-06-08 03:20:00,4.7e-06,4.71e-06,4.69e-06,4.71e-06,3933717649.0
2026-06-08 03:25:00,4.7e-06,4.71e-06,4.7e-06,4.7e-06,1584394103.0
2026-06-08 03:30:00,4.7e-06,4.71e-06,4.7e-06,4.71e-06,232492735.0
2026-06-08 03:35:00,4.7e-06,4.71e-06,4.69e-06,4.7e-06,1112060959.0
2026-06-08 03:40:00,4.7e-06,4.71e-06,4.69e-06,4.7e-06,1020010176.0
2026-06-08 03:45:00,4.7e-06,4.7e-06,4.69e-06,4.69e-06,2824541543.0
2026-06-08 03:50:00,4.7e-06,4.71e-06,4.7e-06,4.71e-06,1271288907.0
2026-06-08 03:55:00,4.71e-06,4.72e-06,4.7e-06,4.71e-06,1582777650.0
2026-06-08 04:00:00,4.71e-06,4.71e-06,4.69e-06,4.69e-06,3615430890.0
2026-06-08 04:05:00,4.7e-06,4.7e-06,4.68e-06,4.69e-06,2659956142.0
2026-06-08 04:10:00,4.69e-06,4.7e-06,4.68e-06,4.7e-06,2029168016.0
2026-06-08 04:15:00,4.69e-06,4.7e-06,4.68e-06,4.69e-06,3129200509.0
2026-06-08 04:20:00,4.69e-06,4.69e-06,4.67e-06,4.68e-06,1844339933.0
2026-06-08 04:25:00,4.68e-06,4.7e-06,4.68e-06,4.69e-06,2134521018.0
2026-06-08 04:30:00,4.68e-06,4.69e-06,4.68e-06,4.68e-06,2597921084.0
2026-06-08 04:35:00,4.68e-06,4.68e-06,4.67e-06,4.67e-06,141371213.0
2026-06-08 04:40:00,4.67e-06,4.68e-06,4.67e-06,4.67e-06,940716316.0
2026-06-08 04:45:00,4.67e-06,4.69e-06,4.67e-06,4.68e-06,1592699266.0
2026-06-08 04:50:00,4.69e-06,4.69e-06,4.67e-06,4.69e-06,1237947808.0
2026-06-08 04:55:00,4.69e-06,4.69e-06,4.67e-06,4.67e-06,619681667.0
2026-06-08 05:00:00,4.68e-06,4.69e-06,4.67e-06,4.67e-06,1706770138.0
2026-06-08 05:05:00,4.68e-06,4.68e-06,4.66e-06,4.67e-06,479050099.0
2026-06-08 05:10:00,4.66e-06,4.68e-06,4.65e-06,4.66e-06,12472128240.0
2026-06-08 05:15:00,4.66e-06,4.68e-06,4.66e-06,4.68e-06,2123510737.0
2026-06-08 05:20:00,4.67e-06,4.69e-06,4.67e-06,4.68e-06,3993265985.0
2026-06-08 05:25:00,4.67e-06,4.69e-06,4.66e-06,4.67e-06,1018728666.0
2026-06-08 05:30:00,4.68e-06,4.68e-06,4.67e-06,4.68e-06,1091867972.0
2026-06-08 05:35:00,4.68e-06,4.68e-06,4.65e-06,4.66e-06,3398413151.0
2026-06-08 05:40:00,4.67e-06,4.67e-06,4.65e-06,4.66e-06,1547839047.0
2026-06-08 05:45:00,4.66e-06,4.67e-06,4.66e-06,4.66e-06,577225941.0
2026-06-08 05:50:00,4.66e-06,4.68e-06,4.66e-06,4.67e-06,1440758423.0
2026-06-08 05:55:00,4.67e-06,4.68e-06,4.67e-06,4.68e-06,141325188.0
2026-06-08 06:00:00,4.68e-06,4.7e-06,4.68e-06,4.69e-06,4847531781.0
2026-06-08 06:05:00,4.68e-06,4.69e-06,4.68e-06,4.69e-06,1163305156.0
2026-06-08 06:10:00,4.7e-06,4.7e-06,4.68e-06,4.68e-06,1971712383.0
2026-06-08 06:15:00,4.69e-06,4.7e-06,4.68e-06,4.7e-06,1365158373.0
2026-06-08 06:20:00,4.69e-06,4.7e-06,4.69e-06,4.69e-06,1007706451.0
2026-06-08 06:25:00,4.69e-06,4.71e-06,4.69e-06,4.71e-06,488572103.0
2026-06-08 06:30:00,4.7e-06,4.71e-06,4.7e-06,4.71e-06,100610351.0
2026-06-08 06:35:00,4.71e-06,4.71e-06,4.7e-06,4.71e-06,361621918.0
2026-06-08 06:40:00,4.7e-06,4.7e-06,4.69e-06,4.7e-06,1943696908.0
2026-06-08 06:45:00,4.7e-06,4.7e-06,4.69e-06,4.69e-06,230671225.0
2026-06-08 06:50:00,4.7e-06,4.7e-06,4.69e-06,4.69e-06,628481560.0
2026-06-08 06:55:00,4.69e-06,4.7e-06,4.69e-06,4.69e-06,164653880.0
2026-06-08 07:00:00,4.7e-06,4.7e-06,4.68e-06,4.68e-06,3712558086.0
2026-06-08 07:05:00,4.69e-06,4.7e-06,4.68e-06,4.7e-06,1106565178.0
2026-06-08 07:10:00,4.7e-06,4.71e-06,4.7e-06,4.7e-06,1373316942.0
2026-06-08 07:15:00,4.7e-06,4.71e-06,4.69e-06,4.7e-06,1762864895.0
2026-06-08 07:20:00,4.71e-06,4.72e-06,4.7e-06,4.71e-06,1585917305.0
2026-06-08 07:25:00,4.71e-06,4.72e-06,4.71e-06,4.72e-06,747136270.0
2026-06-08 07:30:00,4.71e-06,4.72e-06,4.71e-06,4.72e-06,223874592.0
2026-06-08 07:35:00,4.71e-06,4.72e-06,4.71e-06,4.72e-06,843319362.0
2026-06-08 07:40:00,4.72e-06,4.72e-06,4.71e-06,4.71e-06,473306107.0
2026-06-08 07:45:00,4.72e-06,4.73e-06,4.71e-06,4.73e-06,1651914778.0
2026-06-08 07:50:00,4.72e-06,4.73e-06,4.72e-06,4.72e-06,1589976327.0
2026-06-08 07:55:00,4.73e-06,4.73e-06,4.72e-06,4.73e-06,390232690.0
2026-06-08 08:00:00,4.73e-06,4.73e-06,4.71e-06,4.71e-06,9961049799.0
2026-06-08 08:05:00,4.71e-06,4.73e-06,4.71e-06,4.72e-06,1665927002.0
2026-06-08 08:10:00,4.73e-06,4.73e-06,4.72e-06,4.72e-06,592111794.0
2026-06-08 08:15:00,4.73e-06,4.73e-06,4.71e-06,4.72e-06,3225296998.0
2026-06-08 08:20:00,4.72e-06,4.72e-06,4.7e-06,4.71e-06,921756781.0
2026-06-08 08:25:00,4.7e-06,4.71e-06,4.7e-06,4.71e-06,2739284751.0
2026-06-08 08:30:00,4.71e-06,4.72e-06,4.71e-06,4.72e-06,1724599436.0
2026-06-08 08:35:00,4.72e-06,4.72e-06,4.71e-06,4.71e-06,1136594384.0
2026-06-08 08:40:00,4.71e-06,4.71e-06,4.7e-06,4.71e-06,132486211.0
2026-06-08 08:45:00,4.7e-06,4.71e-06,4.69e-06,4.7e-06,3457158089.0
2026-06-08 08:50:00,4.7e-06,4.7e-06,4.69e-06,4.69e-06,842223267.0
2026-06-08 08:55:00,4.7e-06,4.71e-06,4.69e-06,4.71e-06,1194783931.0
2026-06-08 09:00:00,4.71e-06,4.71e-06,4.7e-06,4.71e-06,1646507375.0
2026-06-08 09:05:00,4.71e-06,4.72e-06,4.7e-06,4.71e-06,1048698522.0
2026-06-08 09:10:00,4.71e-06,4.72e-06,4.69e-06,4.72e-06,3950412332.0
2026-06-08 09:15:00,4.72e-06,4.74e-06,4.72e-06,4.72e-06,2240000835.0
2026-06-08 09:20:00,4.73e-06,4.73e-06,4.72e-06,4.73e-06,263653452.0
2026-06-08 09:25:00,4.73e-06,4.73e-06,4.71e-06,4.71e-06,195972108.0
2026-06-08 09:30:00,4.71e-06,4.72e-06,4.7e-06,4.7e-06,491142042.0
2026-06-08 09:35:00,4.71e-06,4.73e-06,4.7e-06,4.72e-06,12948066877.0
2026-06-08 09:40:00,4.71e-06,4.73e-06,4.71e-06,4.73e-06,959658339.0
2026-06-08 09:45:00,4.72e-06,4.73e-06,4.72e-06,4.73e-06,1999762997.0
2026-06-08 09:50:00,4.73e-06,4.73e-06,4.72e-06,4.73e-06,42658957.0
2026-06-08 09:55:00,4.72e-06,4.74e-06,4.72e-06,4.73e-06,1729790786.0
2026-06-08 10:00:00,4.74e-06,4.74e-06,4.72e-06,4.73e-06,1510816158.0
2026-06-08 10:05:00,4.72e-06,4.73e-06,4.72e-06,4.73e-06,286074456.0
2026-06-08 10:10:00,4.73e-06,4.73e-06,4.72e-06,4.72e-06,991853892.0
2026-06-08 10:15:00,4.72e-06,4.73e-06,4.71e-06,4.71e-06,480094608.0
2026-06-08 10:20:00,4.72e-06,4.72e-06,4.71e-06,4.72e-06,133460297.0
2026-06-08 10:25:00,4.72e-06,4.72e-06,4.7e-06,4.71e-06,1201751162.0
2026-06-08 10:30:00,4.71e-06,4.74e-06,4.7e-06,4.74e-06,8886216391.0
2026-06-08 10:35:00,4.73e-06,4.74e-06,4.72e-06,4.72e-06,914761525.0
2026-06-08 10:40:00,4.72e-06,4.73e-06,4.72e-06,4.72e-06,892339994.0
2026-06-08 10:45:00,4.72e-06,4.72e-06,4.71e-06,4.71e-06,1839974279.0
2026-06-08 10:50:00,4.71e-06,4.72e-06,4.71e-06,4.71e-06,1358201709.0
2026-06-08 10:55:00,4.72e-06,4.72e-06,4.71e-06,4.71e-06,358681333.0
2026-06-08 11:00:00,4.71e-06,4.72e-06,4.71e-06,4.71e-06,2756659342.0
2026-06-08 11:05:00,4.71e-06,4.73e-06,4.71e-06,4.72e-06,1104998908.0
2026-06-08 11:10:00,4.72e-06,4.75e-06,4.72e-06,4.74e-06,4844612763.0
2026-06-08 11:15:00,4.75e-06,4.76e-06,4.74e-06,4.76e-06,9656034356.0
2026-06-08 11:20:00,4.76e-06,4.77e-06,4.75e-06,4.76e-06,2215008845.0
2026-06-08 11:25:00,4.76e-06,4.77e-06,4.76e-06,4.76e-06,389811973.0
2026-06-08 11:30:00,4.76e-06,4.77e-06,4.76e-06,4.76e-06,37565487.0
2026-06-08 11:35:00,4.77e-06,4.79e-06,4.77e-06,4.79e-06,6896037583.0
2026-06-08 11:40:00,4.78e-06,4.79e-06,4.77e-06,4.78e-06,2093647100.0
2026-06-08 11:45:00,4.78e-06,4.78e-06,4.76e-06,4.77e-06,2100758981.0
2026-06-08 11:50:00,4.77e-06,4.77e-06,4.76e-06,4.77e-06,722638374.0
2026-06-08 11:55:00,4.76e-06,4.77e-06,4.76e-06,4.77e-06,3016704832.0
2026-06-08 12:00:00,4.76e-06,4.78e-06,4.74e-06,4.74e-06,8530673689.0
2026-06-08 12:05:00,4.74e-06,4.76e-06,4.73e-06,4.75e-06,5455512302.0
2026-06-08 12:10:00,4.75e-06,4.76e-06,4.73e-06,4.73e-06,3948673442.0
2026-06-08 12:15:00,4.74e-06,4.75e-06,4.73e-06,4.73e-06,2660980854.0
2026-06-08 12:20:00,4.73e-06,4.75e-06,4.73e-06,4.74e-06,9957315568.0
2026-06-08 12:25:00,4.75e-06,4.75e-06,4.74e-06,4.75e-06,2991789198.0
2026-06-08 12:30:00,4.75e-06,4.77e-06,4.74e-06,4.74e-06,5556511655.0
2026-06-08 12:35:00,4.75e-06,4.77e-06,4.74e-06,4.76e-06,4532726833.0
2026-06-08 12:40:00,4.76e-06,4.78e-06,4.75e-06,4.78e-06,4631312352.0
2026-06-08 12:45:00,4.78e-06,4.78e-06,4.77e-06,4.77e-06,4151825882.0
2026-06-08 12:50:00,4.77e-06,4.77e-06,4.76e-06,4.77e-06,777971928.0
2026-06-08 12:55:00,4.77e-06,4.79e-06,4.76e-06,4.78e-06,8809015517.0
2026-06-08 13:00:00,4.79e-06,4.79e-06,4.77e-06,4.78e-06,1517003965.0
2026-06-08 13:05:00,4.78e-06,4.78e-06,4.77e-06,4.78e-06,7411345036.0
2026-06-08 13:10:00,4.78e-06,4.78e-06,4.77e-06,4.78e-06,4120357683.0
2026-06-08 13:15:00,4.77e-06,4.78e-06,4.76e-06,4.77e-06,674599604.0
2026-06-08 13:20:00,4.77e-06,4.78e-06,4.76e-06,4.77e-06,5462699044.0
2026-06-08 13:25:00,4.77e-06,4.77e-06,4.75e-06,4.75e-06,2412375320.0
2026-06-08 13:30:00,4.75e-06,4.76e-06,4.74e-06,4.74e-06,5619463628.0
2026-06-08 13:35:00,4.74e-06,4.76e-06,4.74e-06,4.75e-06,4497756410.0
2026-06-08 13:40:00,4.75e-06,4.76e-06,4.75e-06,4.75e-06,4644422682.0
2026-06-08 13:45:00,4.75e-06,4.76e-06,4.74e-06,4.75e-06,3645020019.0
2026-06-08 13:50:00,4.75e-06,4.77e-06,4.75e-06,4.77e-06,2804064857.0
2026-06-08 13:55:00,4.76e-06,4.77e-06,4.75e-06,4.75e-06,1254136374.0
2026-06-08 14:00:00,4.76e-06,4.77e-06,4.75e-06,4.76e-06,2491260016.0
2026-06-08 14:05:00,4.75e-06,4.77e-06,4.74e-06,4.77e-06,2115002499.0
2026-06-08 14:10:00,4.77e-06,4.77e-06,4.75e-06,4.75e-06,363644528.0
2026-06-08 14:15:00,4.75e-06,4.76e-06,4.74e-06,4.75e-06,6290972949.0
2026-06-08 14:20:00,4.75e-06,4.76e-06,4.75e-06,4.75e-06,2348582756.0
2026-06-08 14:25:00,4.76e-06,4.76e-06,4.75e-06,4.76e-06,1364196303.0
2026-06-08 14:30:00,4.76e-06,4.77e-06,4.75e-06,4.76e-06,3125494932.0
2026-06-08 14:35:00,4.76e-06,4.77e-06,4.75e-06,4.75e-06,6822855601.0
2026-06-08 14:40:00,4.75e-06,4.76e-06,4.74e-06,4.76e-06,4421160489.0
2026-06-08 14:45:00,4.76e-06,4.77e-06,4.75e-06,4.76e-06,1584382476.0
2026-06-08 14:50:00,4.77e-06,4.78e-06,4.76e-06,4.77e-06,956465638.0
2026-06-08 14:55:00,4.77e-06,4.77e-06,4.76e-06,4.77e-06,1874787041.0
2026-06-08 15:00:00,4.77e-06,4.79e-06,4.77e-06,4.78e-06,4397564492.0
2026-06-08 15:05:00,4.78e-06,4.8e-06,4.77e-06,4.79e-06,2504667398.0
2026-06-08 15:10:00,4.79e-06,4.81e-06,4.78e-06,4.81e-06,2688632555.0
2026-06-08 15:15:00,4.81e-06,4.81e-06,4.78e-06,4.81e-06,2130558964.0
2026-06-08 15:20:00,4.8e-06,4.81e-06,4.79e-06,4.8e-06,3550159654.0
2026-06-08 15:25:00,4.79e-06,4.8e-06,4.78e-06,4.79e-06,1680796588.0
2026-06-08 15:30:00,4.78e-06,4.78e-06,4.77e-06,4.78e-06,3030602463.0
2026-06-08 15:35:00,4.78e-06,4.78e-06,4.77e-06,4.78e-06,2797766446.0
2026-06-08 15:40:00,4.78e-06,4.78e-06,4.77e-06,4.78e-06,818950209.0
2026-06-08 15:45:00,4.78e-06,4.79e-06,4.77e-06,4.78e-06,1308385903.0
2026-06-08 15:50:00,4.78e-06,4.78e-06,4.76e-06,4.76e-06,2026222964.0
2026-06-08 15:55:00,4.77e-06,4.77e-06,4.75e-06,4.76e-06,1231530862.0
2026-06-08 16:00:00,4.77e-06,4.78e-06,4.75e-06,4.76e-06,3222150111.0
2026-06-08 16:05:00,4.77e-06,4.78e-06,4.77e-06,4.77e-06,2341707149.0
2026-06-08 16:10:00,4.77e-06,4.78e-06,4.77e-06,4.77e-06,558302080.0
2026-06-08 16:15:00,4.78e-06,4.79e-06,4.77e-06,4.78e-06,2349623970.0
2026-06-08 16:20:00,4.78e-06,4.8e-06,4.78e-06,4.8e-06,3755517217.0
2026-06-08 16:25:00,4.8e-06,4.8e-06,4.77e-06,4.78e-06,888770149.0
2026-06-08 16:30:00,4.78e-06,4.78e-06,4.76e-06,4.76e-06,748020715.0
2026-06-08 16:35:00,4.76e-06,4.76e-06,4.75e-06,4.76e-06,1078045255.0
2026-06-08 16:40:00,4.75e-06,4.77e-06,4.75e-06,4.75e-06,1742855859.0
2026-06-08 16:45:00,4.76e-06,4.77e-06,4.75e-06,4.76e-06,1775904398.0
2026-06-08 16:50:00,4.76e-06,4.76e-06,4.75e-06,4.75e-06,392806836.0
2026-06-08 16:55:00,4.75e-06,4.76e-06,4.74e-06,4.74e-06,3119489031.0
2026-06-08 17:00:00,4.75e-06,4.76e-06,4.74e-06,4.75e-06,3785345584.0
2026-06-08 17:05:00,4.74e-06,4.76e-06,4.74e-06,4.74e-06,5199832374.0
2026-06-08 17:10:00,4.75e-06,4.75e-06,4.73e-06,4.74e-06,2130700780.0
2026-06-08 17:15:00,4.74e-06,4.74e-06,4.73e-06,4.74e-06,3006967869.0
2026-06-08 17:20:00,4.74e-06,4.75e-06,4.74e-06,4.74e-06,161280517.0
2026-06-08 17:25:00,4.75e-06,4.76e-06,4.75e-06,4.75e-06,5041730333.0
2026-06-08 17:30:00,4.75e-06,4.75e-06,4.74e-06,4.74e-06,1932178966.0
2026-06-08 17:35:00,4.75e-06,4.75e-06,4.73e-06,4.75e-06,1199377192.0
2026-06-08 17:40:00,4.74e-06,4.75e-06,4.74e-06,4.75e-06,1951072830.0
2026-06-08 17:45:00,4.75e-06,4.77e-06,4.75e-06,4.77e-06,375734707.0
2026-06-08 17:50:00,4.77e-06,4.77e-06,4.76e-06,4.76e-06,289987918.0
2026-06-08 17:55:00,4.77e-06,4.78e-06,4.76e-06,4.78e-06,792684028.0
2026-06-08 18:00:00,4.78e-06,4.79e-06,4.78e-06,4.78e-06,1258784390.0
2026-06-08 18:05:00,4.78e-06,4.79e-06,4.78e-06,4.78e-06,499169777.0
2026-06-08 18:10:00,4.79e-06,4.79e-06,4.78e-06,4.78e-06,101176423.0
2026-06-08 18:15:00,4.78e-06,4.79e-06,4.77e-06,4.79e-06,2337033764.0
2026-06-08 18:20:00,4.79e-06,4.79e-06,4.78e-06,4.78e-06,87498667.0
2026-06-08 18:25:00,4.79e-06,4.8e-06,4.78e-06,4.79e-06,607660449.0
2026-06-08 18:30:00,4.79e-06,4.8e-06,4.78e-06,4.79e-06,703737631.0
2026-06-08 18:35:00,4.79e-06,4.79e-06,4.78e-06,4.78e-06,1112216592.0
2026-06-08 18:40:00,4.79e-06,4.79e-06,4.78e-06,4.79e-06,685301361.0
2026-06-08 18:45:00,4.79e-06,4.79e-06,4.77e-06,4.77e-06,1507513622.0
2026-06-08 18:50:00,4.77e-06,4.78e-06,4.77e-06,4.78e-06,78636369.0
2026-06-08 18:55:00,4.78e-06,4.78e-06,4.77e-06,4.78e-06,1096423209.0
2026-06-08 19:00:00,4.78e-06,4.79e-06,4.77e-06,4.79e-06,1013728321.0
2026-06-08 19:05:00,4.78e-06,4.79e-06,4.77e-06,4.77e-06,317790831.0
2026-06-08 19:10:00,4.77e-06,4.79e-06,4.77e-06,4.77e-06,753777686.0
2026-06-08 19:15:00,4.77e-06,4.78e-06,4.77e-06,4.78e-06,427926388.0
2026-06-08 19:20:00,4.78e-06,4.8e-06,4.77e-06,4.78e-06,4390532596.0
2026-06-08 19:25:00,4.79e-06,4.79e-06,4.77e-06,4.78e-06,1725151846.0
2026-06-08 19:30:00,4.78e-06,4.79e-06,4.77e-06,4.78e-06,1794667319.0
2026-06-08 19:35:00,4.79e-06,4.79e-06,4.77e-06,4.77e-06,1364569178.0
2026-06-08 19:40:00,4.78e-06,4.78e-06,4.76e-06,4.78e-06,1604646515.0
2026-06-08 19:45:00,4.77e-06,4.78e-06,4.76e-06,4.77e-06,992683126.0
2026-06-08 19:50:00,4.77e-06,4.77e-06,4.76e-06,4.77e-06,3248632835.0
2026-06-08 19:55:00,4.77e-06,4.77e-06,4.76e-06,4.77e-06,492660217.0
2026-06-08 20:00:00,4.76e-06,4.77e-06,4.76e-06,4.77e-06,1669483363.0
2026-06-08 20:05:00,4.76e-06,4.77e-06,4.75e-06,4.75e-06,1631182800.0
2026-06-08 20:10:00,4.75e-06,4.76e-06,4.74e-06,4.75e-06,784799848.0
2026-06-08 20:15:00,4.75e-06,4.76e-06,4.74e-06,4.75e-06,1180859869.0
2026-06-08 20:20:00,4.74e-06,4.76e-06,4.74e-06,4.76e-06,495866764.0
2026-06-08 20:25:00,4.75e-06,4.76e-06,4.75e-06,4.75e-06,130273523.0
2026-06-08 20:30:00,4.75e-06,4.76e-06,4.74e-06,4.76e-06,3215335540.0
2026-06-08 20:35:00,4.76e-06,4.77e-06,4.75e-06,4.76e-06,1407681211.0
2026-06-08 20:40:00,4.76e-06,4.77e-06,4.76e-06,4.76e-06,71263929.0
2026-06-08 20:45:00,4.77e-06,4.77e-06,4.76e-06,4.77e-06,69322156.0
2026-06-08 20:50:00,4.77e-06,4.77e-06,4.76e-06,4.77e-06,189633037.0
2026-06-08 20:55:00,4.77e-06,4.77e-06,4.76e-06,4.77e-06,1337338518.0
2026-06-08 21:00:00,4.78e-06,4.78e-06,4.76e-06,4.78e-06,1186151594.0
2026-06-08 21:05:00,4.77e-06,4.8e-06,4.77e-06,4.79e-06,3413429162.0
2026-06-08 21:10:00,4.79e-06,4.8e-06,4.78e-06,4.79e-06,951291541.0
2026-06-08 21:15:00,4.79e-06,4.8e-06,4.78e-06,4.78e-06,1157165378.0
2026-06-08 21:20:00,4.78e-06,4.79e-06,4.78e-06,4.79e-06,414537610.0
2026-06-08 21:25:00,4.79e-06,4.8e-06,4.79e-06,4.79e-06,2858789623.0
2026-06-08 21:30:00,4.8e-06,4.8e-06,4.78e-06,4.8e-06,2882756435.0
2026-06-08 21:35:00,4.79e-06,4.8e-06,4.79e-06,4.8e-06,179689567.0
2026-06-08 21:40:00,4.79e-06,4.8e-06,4.79e-06,4.8e-06,1456367976.0
2026-06-08 21:45:00,4.79e-06,4.8e-06,4.79e-06,4.8e-06,339315950.0
2026-06-08 21:50:00,4.8e-06,4.8e-06,4.79e-06,4.79e-06,648292998.0
2026-06-08 21:55:00,4.79e-06,4.79e-06,4.77e-06,4.78e-06,3069518791.0
2026-06-08 22:00:00,4.77e-06,4.77e-06,4.75e-06,4.76e-06,2923359449.0
2026-06-08 22:05:00,4.76e-06,4.77e-06,4.76e-06,4.76e-06,562252324.0
2026-06-08 22:10:00,4.76e-06,4.77e-06,4.75e-06,4.75e-06,772534154.0
2026-06-08 22:15:00,4.76e-06,4.76e-06,4.74e-06,4.74e-06,3706380016.0
2026-06-08 22:20:00,4.74e-06,4.77e-06,4.74e-06,4.76e-06,2664256769.0
2026-06-08 22:25:00,4.76e-06,4.76e-06,4.74e-06,4.74e-06,1120393703.0
2026-06-08 22:30:00,4.75e-06,4.76e-06,4.74e-06,4.75e-06,1935930651.0
2026-06-08 22:35:00,4.75e-06,4.76e-06,4.74e-06,4.76e-06,552898158.0
2026-06-08 22:40:00,4.75e-06,4.76e-06,4.75e-06,4.76e-06,216255759.0
2026-06-08 22:45:00,4.76e-06,4.76e-06,4.74e-06,4.74e-06,901190133.0
2026-06-08 22:50:00,4.74e-06,4.75e-06,4.74e-06,4.74e-06,92143266.0
2026-06-08 22:55:00,4.75e-06,4.76e-06,4.74e-06,4.75e-06,2924621777.0
2026-06-08 23:00:00,4.76e-06,4.76e-06,4.74e-06,4.74e-06,4239918283.0
2026-06-08 23:05:00,4.75e-06,4.76e-06,4.74e-06,4.75e-06,1172852616.0
2026-06-08 23:10:00,4.75e-06,4.75e-06,4.74e-06,4.74e-06,6210829656.0
2026-06-08 23:15:00,4.74e-06,4.75e-06,4.73e-06,4.73e-06,3831546816.0
2026-06-08 23:20:00,4.73e-06,4.74e-06,4.72e-06,4.73e-06,1464375144.0
2026-06-08 23:25:00,4.73e-06,4.73e-06,4.72e-06,4.73e-06,1350874155.0
2026-06-08 23:30:00,4.73e-06,4.73e-06,4.71e-06,4.72e-06,2486712913.0
2026-06-08 23:35:00,4.73e-06,4.74e-06,4.72e-06,4.72e-06,755186174.0
2026-06-08 23:40:00,4.72e-06,4.73e-06,4.72e-06,4.73e-06,131803166.0
2026-06-08 23:45:00,4.72e-06,4.73e-06,4.71e-06,4.72e-06,3756231479.0
2026-06-08 23:50:00,4.72e-06,4.72e-06,4.71e-06,4.71e-06,740004713.0
2026-06-08 23:55:00,4.71e-06,4.72e-06,4.71e-06,4.71e-06,5274233124.0
2026-06-09 00:00:00,4.72e-06,4.72e-06,4.71e-06,4.71e-06,107172316.0
2026-06-09 00:05:00,4.71e-06,4.72e-06,4.7e-06,4.7e-06,476011106.0
2026-06-09 00:10:00,4.71e-06,4.72e-06,4.7e-06,4.71e-06,1843633400.0
2026-06-09 00:15:00,4.71e-06,4.72e-06,4.71e-06,4.72e-06,1165103344.0
2026-06-09 00:20:00,4.72e-06,4.72e-06,4.68e-06,4.68e-06,5722704162.0
2026-06-09 00:25:00,4.67e-06,4.69e-06,4.67e-06,4.68e-06,5564796199.0
2026-06-09 00:30:00,4.67e-06,4.68e-06,4.66e-06,4.66e-06,2678881474.0
2026-06-09 00:35:00,4.67e-06,4.67e-06,4.64e-06,4.65e-06,12006224102.0
2026-06-09 00:40:00,4.66e-06,4.68e-06,4.65e-06,4.66e-06,3902610751.0
2026-06-09 00:45:00,4.67e-06,4.67e-06,4.65e-06,4.66e-06,4580511995.0
2026-06-09 00:50:00,4.65e-06,4.67e-06,4.65e-06,4.67e-06,2199110386.0
2026-06-09 00:55:00,4.66e-06,4.67e-06,4.65e-06,4.66e-06,7934808728.0
2026-06-09 01:00:00,4.66e-06,4.67e-06,4.65e-06,4.66e-06,3412191774.0
2026-06-09 01:05:00,4.66e-06,4.67e-06,4.65e-06,4.66e-06,5544164247.0
2026-06-09 01:10:00,4.65e-06,4.67e-06,4.65e-06,4.65e-06,1150237411.0
2026-06-09 01:15:00,4.66e-06,4.67e-06,4.65e-06,4.67e-06,1596213632.0
2026-06-09 01:20:00,4.66e-06,4.69e-06,4.65e-06,4.67e-06,4568662823.0
2026-06-09 01:25:00,4.67e-06,4.68e-06,4.67e-06,4.68e-06,37857586.0
2026-06-09 01:30:00,4.68e-06,4.68e-06,4.67e-06,4.68e-06,940515443.0
2026-06-09 01:35:00,4.68e-06,4.68e-06,4.66e-06,4.66e-06,1198509579.0
2026-06-09 01:40:00,4.67e-06,4.68e-06,4.67e-06,4.67e-06,2103347855.0
2026-06-09 01:45:00,4.67e-06,4.69e-06,4.67e-06,4.68e-06,1998650679.0
2026-06-09 01:50:00,4.68e-06,4.68e-06,4.67e-06,4.68e-06,1505839724.0
2026-06-09 01:55:00,4.68e-06,4.68e-06,4.67e-06,4.67e-06,450820616.0
2026-06-09 02:00:00,4.68e-06,4.68e-06,4.67e-06,4.68e-06,210569141.0
2026-06-09 02:05:00,4.67e-06,4.69e-06,4.67e-06,4.69e-06,577257601.0
2026-06-09 02:10:00,4.69e-06,4.69e-06,4.67e-06,4.68e-06,1055151046.0
2026-06-09 02:15:00,4.68e-06,4.68e-06,4.66e-06,4.66e-06,3673690561.0
2026-06-09 02:20:00,4.67e-06,4.67e-06,4.65e-06,4.67e-06,1970176194.0
2026-06-09 02:25:00,4.66e-06,4.67e-06,4.66e-06,4.67e-06,632139599.0
2026-06-09 02:30:00,4.67e-06,4.67e-06,4.66e-06,4.67e-06,1596793889.0
2026-06-09 02:35:00,4.66e-06,4.66e-06,4.65e-06,4.66e-06,1349263276.0
2026-06-09 02:40:00,4.66e-06,4.66e-06,4.65e-06,4.66e-06,836389180.0
2026-06-09 02:45:00,4.66e-06,4.67e-06,4.66e-06,4.67e-06,135141873.0
2026-06-09 02:50:00,4.66e-06,4.67e-06,4.65e-06,4.66e-06,2681312102.0
2026-06-09 02:55:00,4.67e-06,4.68e-06,4.66e-06,4.68e-06,1929384860.0
2026-06-09 03:00:00,4.68e-06,4.68e-06,4.67e-06,4.68e-06,134076362.0
2026-06-09 03:05:00,4.68e-06,4.68e-06,4.67e-06,4.68e-06,31261056.0
2026-06-09 03:10:00,4.68e-06,4.68e-06,4.67e-06,4.67e-06,91340223.0
2026-06-09 03:15:00,4.68e-06,4.69e-06,4.67e-06,4.68e-06,2736411028.0
2026-06-09 03:20:00,4.68e-06,4.68e-06,4.67e-06,4.67e-06,1033248890.0
2026-06-09 03:25:00,4.66e-06,4.67e-06,4.66e-06,4.66e-06,185905218.0
2026-06-09 03:30:00,4.67e-06,4.67e-06,4.65e-06,4.65e-06,3073013882.0
2026-06-09 03:35:00,4.65e-06,4.67e-06,4.65e-06,4.66e-06,1580419704.0
2026-06-09 03:40:00,4.65e-06,4.67e-06,4.65e-06,4.67e-06,1456955924.0
2026-06-09 03:45:00,4.66e-06,4.67e-06,4.66e-06,4.67e-06,6872414372.0
2026-06-09 03:50:00,4.68e-06,4.68e-06,4.66e-06,4.66e-06,1985621785.0
2026-06-09 03:55:00,4.66e-06,4.68e-06,4.66e-06,4.68e-06,810197649.0
2026-06-09 04:00:00,4.67e-06,4.68e-06,4.67e-06,4.67e-06,2111885211.0
2026-06-09 04:05:00,4.66e-06,4.68e-06,4.66e-06,4.68e-06,1248711271.0
2026-06-09 04:10:00,4.69e-06,4.69e-06,4.68e-06,4.69e-06,830770291.0
2026-06-09 04:15:00,4.69e-06,4.69e-06,4.68e-06,4.69e-06,344394252.0
2026-06-09 04:20:00,4.68e-06,4.69e-06,4.68e-06,4.69e-06,523917284.0
2026-06-09 04:25:00,4.69e-06,4.69e-06,4.67e-06,4.68e-06,906321664.0
2026-06-09 04:30:00,4.67e-06,4.71e-06,4.67e-06,4.71e-06,11274982988.0
2026-06-09 04:35:00,4.72e-06,4.73e-06,4.71e-06,4.72e-06,6354979283.0
2026-06-09 04:40:00,4.72e-06,4.73e-06,4.71e-06,4.72e-06,3094240897.0
2026-06-09 04:45:00,4.72e-06,4.73e-06,4.72e-06,4.73e-06,3364163652.0
2026-06-09 04:50:00,4.73e-06,4.73e-06,4.72e-06,4.73e-06,1229424785.0
2026-06-09 04:55:00,4.72e-06,4.73e-06,4.72e-06,4.73e-06,160325013.0
2026-06-09 05:00:00,4.72e-06,4.73e-06,4.71e-06,4.73e-06,2471247127.0
2026-06-09 05:05:00,4.73e-06,4.73e-06,4.71e-06,4.71e-06,703702636.0
2026-06-09 05:10:00,4.71e-06,4.73e-06,4.71e-06,4.73e-06,1238151314.0
2026-06-09 05:15:00,4.73e-06,4.74e-06,4.72e-06,4.73e-06,2338914229.0
2026-06-09 05:20:00,4.73e-06,4.74e-06,4.73e-06,4.74e-06,1228880767.0
2026-06-09 05:25:00,4.74e-06,4.74e-06,4.73e-06,4.74e-06,277773462.0
2026-06-09 05:30:00,4.74e-06,4.76e-06,4.74e-06,4.75e-06,785404500.0
2026-06-09 05:35:00,4.75e-06,4.76e-06,4.74e-06,4.75e-06,2109262625.0
2026-06-09 05:40:00,4.75e-06,4.75e-06,4.74e-06,4.75e-06,53722290.0
2026-06-09 05:45:00,4.75e-06,4.75e-06,4.75e-06,4.75e-06,128367052.0
2026-06-09 05:50:00,4.74e-06,4.75e-06,4.74e-06,4.75e-06,303315950.0
2026-06-09 05:55:00,4.74e-06,4.75e-06,4.73e-06,4.73e-06,435247707.0
2026-06-09 06:00:00,4.74e-06,4.74e-06,4.72e-06,4.73e-06,1178040811.0
2026-06-09 06:05:00,4.73e-06,4.74e-06,4.73e-06,4.74e-06,1894854481.0
2026-06-09 06:10:00,4.73e-06,4.75e-06,4.73e-06,4.73e-06,3312906582.0
2026-06-09 06:15:00,4.74e-06,4.75e-06,4.73e-06,4.75e-06,2506619608.0
2026-06-09 06:20:00,4.75e-06,4.75e-06,4.74e-06,4.75e-06,510302000.0
2026-06-09 06:25:00,4.75e-06,4.75e-06,4.74e-06,4.74e-06,3570472879.0
2026-06-09 06:30:00,4.74e-06,4.74e-06,4.73e-06,4.74e-06,143847608.0
2026-06-09 06:35:00,4.73e-06,4.74e-06,4.73e-06,4.74e-06,1742072320.0
2026-06-09 06:40:00,4.74e-06,4.75e-06,4.73e-06,4.74e-06,3601312047.0
2026-06-09 06:45:00,4.74e-06,4.75e-06,4.74e-06,4.74e-06,4744981042.0
2026-06-09 06:50:00,4.73e-06,4.74e-06,4.73e-06,4.74e-06,127520437.0
2026-06-09 06:55:00,4.73e-06,4.74e-06,4.73e-06,4.73e-06,104809524.0
2026-06-09 07:00:00,4.73e-06,4.74e-06,4.73e-06,4.74e-06,2923399872.0
2026-06-09 07:05:00,4.73e-06,4.75e-06,4.73e-06,4.74e-06,400546903.0
2026-06-09 07:10:00,4.75e-06,4.75e-06,4.73e-06,4.73e-06,711915046.0
2026-06-09 07:15:00,4.73e-06,4.74e-06,4.73e-06,4.73e-06,1763749494.0
2026-06-09 07:20:00,4.73e-06,4.75e-06,4.73e-06,4.74e-06,1618975042.0
2026-06-09 07:25:00,4.74e-06,4.74e-06,4.71e-06,4.71e-06,1665448958.0
2026-06-09 07:30:00,4.71e-06,4.72e-06,4.71e-06,4.71e-06,441201268.0
2026-06-09 07:35:00,4.72e-06,4.73e-06,4.71e-06,4.72e-06,523305052.0
2026-06-09 07:40:00,4.73e-06,4.73e-06,4.72e-06,4.73e-06,174776617.0
2026-06-09 07:45:00,4.72e-06,4.73e-06,4.72e-06,4.73e-06,573246818.0
2026-06-09 07:50:00,4.73e-06,4.73e-06,4.72e-06,4.72e-06,589797840.0
2026-06-09 07:55:00,4.73e-06,4.73e-06,4.72e-06,4.73e-06,281548762.0
2026-06-09 08:00:00,4.72e-06,4.73e-06,4.71e-06,4.72e-06,185320344.0
2026-06-09 08:05:00,4.72e-06,4.72e-06,4.7e-06,4.71e-06,7158385252.0
2026-06-09 08:10:00,4.71e-06,4.72e-06,4.69e-06,4.72e-06,3528905312.0
2026-06-09 08:15:00,4.72e-06,4.72e-06,4.71e-06,4.72e-06,2794591584.0
2026-06-09 08:20:00,4.72e-06,4.73e-06,4.71e-06,4.73e-06,414860337.0
2026-06-09 08:25:00,4.73e-06,4.73e-06,4.72e-06,4.73e-06,436688910.0
2026-06-09 08:30:00,4.72e-06,4.73e-06,4.71e-06,4.73e-06,1699162980.0
2026-06-09 08:35:00,4.72e-06,4.73e-06,4.71e-06,4.72e-06,2325291297.0
2026-06-09 08:40:00,4.72e-06,4.73e-06,4.72e-06,4.73e-06,99583797.0
2026-06-09 08:45:00,4.72e-06,4.73e-06,4.71e-06,4.71e-06,1132714842.0
2026-06-09 08:50:00,4.71e-06,4.73e-06,4.71e-06,4.72e-06,1637229141.0
2026-06-09 08:55:00,4.72e-06,4.72e-06,4.71e-06,4.72e-06,190852616.0
2026-06-09 09:00:00,4.72e-06,4.72e-06,4.71e-06,4.72e-06,632975716.0
2026-06-09 09:05:00,4.72e-06,4.72e-06,4.7e-06,4.7e-06,4685926180.0
2026-06-09 09:10:00,4.7e-06,4.72e-06,4.7e-06,4.72e-06,1399632892.0
2026-06-09 09:15:00,4.72e-06,4.72e-06,4.71e-06,4.71e-06,348680490.0
2026-06-09 09:20:00,4.71e-06,4.72e-06,4.71e-06,4.71e-06,494506427.0
2026-06-09 09:25:00,4.72e-06,4.72e-06,4.7e-06,4.7e-06,416455104.0
2026-06-09 09:30:00,4.7e-06,4.71e-06,4.68e-06,4.68e-06,1080229125.0
2026-06-09 09:35:00,4.69e-06,4.69e-06,4.68e-06,4.68e-06,1014838448.0
2026-06-09 09:40:00,4.68e-06,4.69e-06,4.68e-06,4.68e-06,600214663.0
2026-06-09 09:45:00,4.68e-06,4.69e-06,4.68e-06,4.69e-06,1307464828.0
2026-06-09 09:50:00,4.69e-06,4.7e-06,4.68e-06,4.68e-06,1599368986.0
2026-06-09 09:55:00,4.69e-06,4.69e-06,4.68e-06,4.68e-06,503649284.0
2026-06-09 10:00:00,4.69e-06,4.7e-06,4.68e-06,4.69e-06,2854493172.0
2026-06-09 10:05:00,4.7e-06,4.7e-06,4.67e-06,4.68e-06,2818427599.0
2026-06-09 10:10:00,4.68e-06,4.69e-06,4.68e-06,4.69e-06,896597228.0
2026-06-09 10:15:00,4.69e-06,4.69e-06,4.68e-06,4.68e-06,75172010.0
2026-06-09 10:20:00,4.68e-06,4.69e-06,4.68e-06,4.69e-06,417965047.0
2026-06-09 10:25:00,4.69e-06,4.69e-06,4.68e-06,4.68e-06,468845735.0
2026-06-09 10:30:00,4.68e-06,4.69e-06,4.67e-06,4.68e-06,2619549288.0
2026-06-09 10:35:00,4.68e-06,4.69e-06,4.67e-06,4.68e-06,997541221.0
2026-06-09 10:40:00,4.69e-06,4.69e-06,4.68e-06,4.69e-06,77287507.0
2026-06-09 10:45:00,4.68e-06,4.69e-06,4.68e-06,4.69e-06,26373077.0
2026-06-09 10:50:00,4.69e-06,4.7e-06,4.68e-06,4.69e-06,5319997416.0
2026-06-09 10:55:00,4.69e-06,4.7e-06,4.68e-06,4.68e-06,2188772023.0
2026-06-09 11:00:00,4.68e-06,4.69e-06,4.67e-06,4.68e-06,773319620.0
2026-06-09 11:05:00,4.68e-06,4.69e-06,4.67e-06,4.68e-06,1228661533.0
2026-06-09 11:10:00,4.69e-06,4.69e-06,4.67e-06,4.67e-06,828817757.0
2026-06-09 11:15:00,4.67e-06,4.68e-06,4.67e-06,4.67e-06,717128794.0
2026-06-09 11:20:00,4.68e-06,4.68e-06,4.67e-06,4.68e-06,115212313.0
2026-06-09 11:25:00,4.68e-06,4.68e-06,4.67e-06,4.68e-06,202406106.0
2026-06-09 11:30:00,4.68e-06,4.69e-06,4.67e-06,4.68e-06,1154370779.0
2026-06-09 11:35:00,4.69e-06,4.69e-06,4.67e-06,4.68e-06,351778857.0
2026-06-09 11:40:00,4.68e-06,4.69e-06,4.67e-06,4.69e-06,1434743726.0
2026-06-09 11:45:00,4.69e-06,4.69e-06,4.68e-06,4.69e-06,273926236.0
2026-06-09 11:50:00,4.69e-06,4.69e-06,4.68e-06,4.68e-06,789072938.0
2026-06-09 11:55:00,4.68e-06,4.7e-06,4.68e-06,4.7e-06,3997117081.0
2026-06-09 12:00:00,4.69e-06,4.71e-06,4.69e-06,4.7e-06,1067414595.0
2026-06-09 12:05:00,4.7e-06,4.71e-06,4.7e-06,4.7e-06,78926932.0
2026-06-09 12:10:00,4.71e-06,4.71e-06,4.7e-06,4.71e-06,146933869.0
2026-06-09 12:15:00,4.71e-06,4.71e-06,4.7e-06,4.71e-06,450720810.0
2026-06-09 12:20:00,4.71e-06,4.71e-06,4.69e-06,4.7e-06,808606435.0
2026-06-09 12:25:00,4.7e-06,4.7e-06,4.69e-06,4.69e-06,542632365.0
2026-06-09 12:30:00,4.7e-06,4.71e-06,4.69e-06,4.69e-06,1702465642.0
2026-06-09 12:35:00,4.7e-06,4.71e-06,4.69e-06,4.71e-06,2428029550.0
2026-06-09 12:40:00,4.7e-06,4.71e-06,4.69e-06,4.7e-06,886427022.0
2026-06-09 12:45:00,4.7e-06,4.7e-06,4.69e-06,4.69e-06,681199579.0
2026-06-09 12:50:00,4.7e-06,4.7e-06,4.69e-06,4.7e-06,169307740.0
2026-06-09 12:55:00,4.7e-06,4.72e-06,4.69e-06,4.72e-06,655606420.0
2026-06-09 13:00:00,4.72e-06,4.72e-06,4.71e-06,4.72e-06,3363072245.0
2026-06-09 13:05:00,4.71e-06,4.73e-06,4.71e-06,4.73e-06,3892544086.0
2026-06-09 13:10:00,4.73e-06,4.73e-06,4.71e-06,4.72e-06,553613793.0
2026-06-09 13:15:00,4.71e-06,4.72e-06,4.69e-06,4.7e-06,1240353180.0
2026-06-09 13:20:00,4.69e-06,4.71e-06,4.69e-06,4.7e-06,5940283422.0
2026-06-09 13:25:00,4.69e-06,4.7e-06,4.69e-06,4.69e-06,2615191071.0
2026-06-09 13:30:00,4.69e-06,4.7e-06,4.68e-06,4.68e-06,5977852962.0
2026-06-09 13:35:00,4.69e-06,4.69e-06,4.68e-06,4.68e-06,4786342024.0
2026-06-09 13:40:00,4.68e-06,4.7e-06,4.68e-06,4.7e-06,1570310335.0
2026-06-09 13:45:00,4.7e-06,4.72e-06,4.69e-06,4.7e-06,3197733530.0
2026-06-09 13:50:00,4.71e-06,4.71e-06,4.69e-06,4.69e-06,1586221098.0
2026-06-09 13:55:00,4.7e-06,4.71e-06,4.69e-06,4.7e-06,3846998711.0
2026-06-09 14:00:00,4.69e-06,4.71e-06,4.68e-06,4.68e-06,4810062159.0
2026-06-09 14:05:00,4.68e-06,4.7e-06,4.68e-06,4.69e-06,4134875641.0
2026-06-09 14:10:00,4.69e-06,4.69e-06,4.67e-06,4.67e-06,3616687148.0
2026-06-09 14:15:00,4.67e-06,4.68e-06,4.64e-06,4.65e-06,15095374042.0
2026-06-09 14:20:00,4.65e-06,4.66e-06,4.63e-06,4.65e-06,5387168331.0
2026-06-09 14:25:00,4.65e-06,4.66e-06,4.63e-06,4.63e-06,8382462275.0
2026-06-09 14:30:00,4.63e-06,4.65e-06,4.62e-06,4.64e-06,9844647518.0
2026-06-09 14:35:00,4.63e-06,4.64e-06,4.62e-06,4.64e-06,6668273498.0
2026-06-09 14:40:00,4.64e-06,4.65e-06,4.63e-06,4.63e-06,3529684946.0
2026-06-09 14:45:00,4.63e-06,4.64e-06,4.62e-06,4.63e-06,5944704195.0
2026-06-09 14:50:00,4.62e-06,4.64e-06,4.62e-06,4.64e-06,5698789237.0
2026-06-09 14:55:00,4.64e-06,4.66e-06,4.63e-06,4.66e-06,2334701637.0
2026-06-09 15:00:00,4.65e-06,4.66e-06,4.64e-06,4.66e-06,4239666904.0
2026-06-09 15:05:00,4.65e-06,4.67e-06,4.65e-06,4.66e-06,3126365520.0
2026-06-09 15:10:00,4.67e-06,4.67e-06,4.66e-06,4.66e-06,2580061025.0
2026-06-09 15:15:00,4.66e-06,4.67e-06,4.65e-06,4.65e-06,3271694835.0
2026-06-09 15:20:00,4.65e-06,4.66e-06,4.64e-06,4.64e-06,2595426079.0
2026-06-09 15:25:00,4.65e-06,4.65e-06,4.63e-06,4.63e-06,5063508685.0
2026-06-09 15:30:00,4.64e-06,4.64e-06,4.62e-06,4.63e-06,4694884644.0
2026-06-09 15:35:00,4.62e-06,4.63e-06,4.61e-06,4.62e-06,6727535827.0
2026-06-09 15:40:00,4.63e-06,4.64e-06,4.62e-06,4.64e-06,4013782553.0
2026-06-09 15:45:00,4.64e-06,4.64e-06,4.62e-06,4.63e-06,2191354980.0
2026-06-09 15:50:00,4.63e-06,4.64e-06,4.62e-06,4.63e-06,4576935776.0
2026-06-09 15:55:00,4.63e-06,4.63e-06,4.61e-06,4.61e-06,3120268299.0
2026-06-09 16:00:00,4.61e-06,4.63e-06,4.61e-06,4.62e-06,5329194662.0
2026-06-09 16:05:00,4.62e-06,4.63e-06,4.6e-06,4.63e-06,6549284306.0
2026-06-09 16:10:00,4.62e-06,4.63e-06,4.61e-06,4.62e-06,2765716870.0
2026-06-09 16:15:00,4.62e-06,4.62e-06,4.59e-06,4.6e-06,6692889530.0
2026-06-09 16:20:00,4.6e-06,4.61e-06,4.59e-06,4.6e-06,5432754151.0
2026-06-09 16:25:00,4.6e-06,4.62e-06,4.59e-06,4.62e-06,3339495846.0
2026-06-09 16:30:00,4.61e-06,4.63e-06,4.61e-06,4.62e-06,6790402439.0
2026-06-09 16:35:00,4.62e-06,4.63e-06,4.58e-06,4.58e-06,21210480660.0
2026-06-09 16:40:00,4.57e-06,4.61e-06,4.57e-06,4.61e-06,2530503929.0
2026-06-09 16:45:00,4.61e-06,4.62e-06,4.59e-06,4.6e-06,3496600148.0
2026-06-09 16:50:00,4.6e-06,4.6e-06,4.59e-06,4.59e-06,2915452277.0
2026-06-09 16:55:00,4.59e-06,4.62e-06,4.59e-06,4.61e-06,3045964796.0
2026-06-09 17:00:00,4.61e-06,4.64e-06,4.6e-06,4.63e-06,1837376644.0
2026-06-09 17:05:00,4.63e-06,4.63e-06,4.62e-06,4.63e-06,629257984.0
2026-06-09 17:10:00,4.63e-06,4.64e-06,4.62e-06,4.64e-06,2183478628.0
2026-06-09 17:15:00,4.64e-06,4.67e-06,4.64e-06,4.67e-06,4659213402.0
2026-06-09 17:20:00,4.67e-06,4.68e-06,4.66e-06,4.67e-06,7454602221.0
2026-06-09 17:25:00,4.66e-06,4.67e-06,4.66e-06,4.67e-06,2663920759.0
2026-06-09 17:30:00,4.67e-06,4.68e-06,4.66e-06,4.68e-06,661734578.0
2026-06-09 17:35:00,4.67e-06,4.67e-06,4.66e-06,4.66e-06,831095557.0
2026-06-09 17:40:00,4.67e-06,4.68e-06,4.66e-06,4.67e-06,942684762.0
2026-06-09 17:45:00,4.66e-06,4.67e-06,4.65e-06,4.65e-06,2113580066.0
2026-06-09 17:50:00,4.66e-06,4.67e-06,4.64e-06,4.65e-06,1225370177.0
2026-06-09 17:55:00,4.65e-06,4.66e-06,4.65e-06,4.66e-06,167866569.0
2026-06-09 18:00:00,4.66e-06,4.66e-06,4.64e-06,4.66e-06,736376000.0
2026-06-09 18:05:00,4.66e-06,4.67e-06,4.65e-06,4.67e-06,1335418638.0
2026-06-09 18:10:00,4.66e-06,4.66e-06,4.65e-06,4.65e-06,1484081093.0
2026-06-09 18:15:00,4.66e-06,4.68e-06,4.65e-06,4.68e-06,2261199372.0
2026-06-09 18:20:00,4.68e-06,4.68e-06,4.67e-06,4.68e-06,1979468107.0
2026-06-09 18:25:00,4.67e-06,4.67e-06,4.66e-06,4.67e-06,1582785295.0
2026-06-09 18:30:00,4.67e-06,4.68e-06,4.66e-06,4.67e-06,1738924399.0
2026-06-09 18:35:00,4.67e-06,4.68e-06,4.67e-06,4.68e-06,145940139.0
2026-06-09 18:40:00,4.67e-06,4.67e-06,4.66e-06,4.66e-06,754630142.0
2026-06-09 18:45:00,4.66e-06,4.67e-06,4.66e-06,4.66e-06,344288676.0
2026-06-09 18:50:00,4.67e-06,4.67e-06,4.66e-06,4.66e-06,3732256063.0
2026-06-09 18:55:00,4.66e-06,4.67e-06,4.66e-06,4.67e-06,2854656738.0
2026-06-09 19:00:00,4.67e-06,4.67e-06,4.66e-06,4.67e-06,758130327.0
2026-06-09 19:05:00,4.67e-06,4.68e-06,4.67e-06,4.67e-06,1747318667.0
2026-06-09 19:10:00,4.66e-06,4.68e-06,4.66e-06,4.66e-06,2251807636.0
2026-06-09 19:15:00,4.66e-06,4.67e-06,4.66e-06,4.66e-06,214331872.0
2026-06-09 19:20:00,4.67e-06,4.68e-06,4.66e-06,4.68e-06,1114207830.0
2026-06-09 19:25:00,4.67e-06,4.68e-06,4.66e-06,4.67e-06,846406974.0
2026-06-09 19:30:00,4.67e-06,4.7e-06,4.67e-06,4.69e-06,720827390.0
2026-06-09 19:35:00,4.69e-06,4.7e-06,4.68e-06,4.68e-06,1158254259.0
2026-06-09 19:40:00,4.68e-06,4.68e-06,4.67e-06,4.67e-06,2004233897.0
2026-06-09 19:45:00,4.67e-06,4.67e-06,4.67e-06,4.67e-06,257887507.0
2026-06-09 19:50:00,4.67e-06,4.69e-06,4.67e-06,4.68e-06,1245135415.0
2026-06-09 19:55:00,4.69e-06,4.7e-06,4.68e-06,4.69e-06,1188698871.0
2026-06-09 20:00:00,4.68e-06,4.69e-06,4.68e-06,4.69e-06,1927069613.0
2026-06-09 20:05:00,4.69e-06,4.7e-06,4.68e-06,4.7e-06,794820256.0
2026-06-09 20:10:00,4.7e-06,4.7e-06,4.69e-06,4.7e-06,771855378.0
2026-06-09 20:15:00,4.7e-06,4.71e-06,4.69e-06,4.7e-06,493647327.0
2026-06-09 20:20:00,4.69e-06,4.69e-06,4.68e-06,4.68e-06,589779352.0
2026-06-09 20:25:00,4.69e-06,4.7e-06,4.68e-06,4.69e-06,1364454626.0
2026-06-09 20:30:00,4.7e-06,4.7e-06,4.69e-06,4.7e-06,245418341.0
2026-06-09 20:35:00,4.69e-06,4.7e-06,4.69e-06,4.7e-06,1751920440.0
2026-06-09 20:40:00,4.69e-06,4.71e-06,4.69e-06,4.71e-06,399267030.0
2026-06-09 20:45:00,4.7e-06,4.7e-06,4.69e-06,4.7e-06,497270065.0
2026-06-09 20:50:00,4.7e-06,4.7e-06,4.69e-06,4.7e-06,531470066.0
2026-06-09 20:55:00,4.7e-06,4.7e-06,4.69e-06,4.69e-06,31143048.0
2026-06-09 21:00:00,4.7e-06,4.7e-06,4.68e-06,4.68e-06,1623549378.0
2026-06-09 21:05:00,4.69e-06,4.7e-06,4.69e-06,4.7e-06,601885533.0
2026-06-09 21:10:00,4.7e-06,4.71e-06,4.69e-06,4.69e-06,1039616729.0
2026-06-09 21:15:00,4.7e-06,4.7e-06,4.69e-06,4.69e-06,700252120.0
2026-06-09 21:20:00,4.68e-06,4.69e-06,4.67e-06,4.68e-06,3876557932.0
2026-06-09 21:25:00,4.68e-06,4.68e-06,4.67e-06,4.68e-06,105488631.0
2026-06-09 21:30:00,4.67e-06,4.68e-06,4.67e-06,4.68e-06,116307682.0
2026-06-09 21:35:00,4.67e-06,4.68e-06,4.67e-06,4.68e-06,213371251.0
2026-06-09 21:40:00,4.68e-06,4.68e-06,4.66e-06,4.67e-06,1581874282.0
2026-06-09 21:45:00,4.67e-06,4.67e-06,4.66e-06,4.66e-06,430235463.0
2026-06-09 21:50:00,4.66e-06,4.67e-06,4.65e-06,4.65e-06,3430695727.0
2026-06-09 21:55:00,4.65e-06,4.66e-06,4.65e-06,4.65e-06,519764979.0
2026-06-09 22:00:00,4.65e-06,4.66e-06,4.65e-06,4.65e-06,453135335.0
2026-06-09 22:05:00,4.66e-06,4.66e-06,4.65e-06,4.66e-06,859376160.0
2026-06-09 22:10:00,4.66e-06,4.67e-06,4.65e-06,4.66e-06,544502106.0
2026-06-09 22:15:00,4.66e-06,4.68e-06,4.66e-06,4.67e-06,241212095.0
2026-06-09 22:20:00,4.67e-06,4.68e-06,4.67e-06,4.67e-06,1591325448.0
2026-06-09 22:25:00,4.67e-06,4.67e-06,4.66e-06,4.67e-06,344612547.0
2026-06-09 22:30:00,4.67e-06,4.68e-06,4.67e-06,4.67e-06,922851255.0
2026-06-09 22:35:00,4.68e-06,4.68e-06,4.66e-06,4.68e-06,1286166623.0
2026-06-09 22:40:00,4.68e-06,4.68e-06,4.66e-06,4.67e-06,698644662.0
2026-06-09 22:45:00,4.67e-06,4.68e-06,4.67e-06,4.67e-06,3060920609.0
2026-06-09 22:50:00,4.66e-06,4.67e-06,4.66e-06,4.66e-06,174346875.0
2026-06-09 22:55:00,4.67e-06,4.67e-06,4.65e-06,4.65e-06,1090774651.0
2026-06-09 23:00:00,4.65e-06,4.67e-06,4.65e-06,4.66e-06,2377942839.0
2026-06-09 23:05:00,4.66e-06,4.67e-06,4.66e-06,4.67e-06,385263979.0
2026-06-09 23:10:00,4.67e-06,4.67e-06,4.65e-06,4.67e-06,2003086014.0
2026-06-09 23:15:00,4.66e-06,4.67e-06,4.65e-06,4.66e-06,3107894723.0
2026-06-09 23:20:00,4.67e-06,4.67e-06,4.67e-06,4.67e-06,1366794731.0
2026-06-09 23:25:00,4.67e-06,4.67e-06,4.66e-06,4.66e-06,103616353.0
2026-06-09 23:30:00,4.66e-06,4.67e-06,4.66e-06,4.67e-06,57834456.0
2026-06-09 23:35:00,4.66e-06,4.67e-06,4.65e-06,4.66e-06,4054056570.0
2026-06-09 23:40:00,4.66e-06,4.67e-06,4.66e-06,4.67e-06,1697944682.0
2026-06-09 23:45:00,4.67e-06,4.68e-06,4.67e-06,4.67e-06,1736655560.0
2026-06-09 23:50:00,4.67e-06,4.68e-06,4.67e-06,4.68e-06,304222825.0
2026-06-09 23:55:00,4.68e-06,4.68e-06,4.67e-06,4.67e-06,479813081.0
2026-06-10 00:00:00,4.67e-06,4.69e-06,4.67e-06,4.68e-06,2472813722.0
2026-06-10 00:05:00,4.69e-06,4.69e-06,4.67e-06,4.68e-06,1225286727.0
2026-06-10 00:10:00,4.68e-06,4.68e-06,4.67e-06,4.68e-06,626647012.0
2026-06-10 00:15:00,4.68e-06,4.68e-06,4.67e-06,4.67e-06,56253221.0
2026-06-10 00:20:00,4.68e-06,4.68e-06,4.67e-06,4.67e-06,80013226.0
2026-06-10 00:25:00,4.68e-06,4.69e-06,4.67e-06,4.69e-06,732520363.0
2026-06-10 00:30:00,4.68e-06,4.68e-06,4.66e-06,4.67e-06,8461989275.0
2026-06-10 00:35:00,4.67e-06,4.67e-06,4.66e-06,4.67e-06,2108589600.0
2026-06-10 00:40:00,4.68e-06,4.68e-06,4.65e-06,4.65e-06,748254845.0
2026-06-10 00:45:00,4.65e-06,4.68e-06,4.65e-06,4.68e-06,3713779847.0
2026-06-10 00:50:00,4.67e-06,4.69e-06,4.66e-06,4.69e-06,825499336.0
2026-06-10 00:55:00,4.69e-06,4.7e-06,4.67e-06,4.7e-06,3523863613.0
2026-06-10 01:00:00,4.7e-06,4.7e-06,4.69e-06,4.7e-06,45045583.0
2026-06-10 01:05:00,4.69e-06,4.7e-06,4.68e-06,4.69e-06,2122176641.0
2026-06-10 01:10:00,4.68e-06,4.7e-06,4.68e-06,4.7e-06,630804977.0
2026-06-10 01:15:00,4.7e-06,4.71e-06,4.69e-06,4.69e-06,505303052.0
2026-06-10 01:20:00,4.7e-06,4.7e-06,4.69e-06,4.69e-06,773543279.0
2026-06-10 01:25:00,4.68e-06,4.7e-06,4.68e-06,4.69e-06,2192709870.0
2026-06-10 01:30:00,4.7e-06,4.7e-06,4.68e-06,4.69e-06,1336377166.0
2026-06-10 01:35:00,4.7e-06,4.7e-06,4.69e-06,4.69e-06,2116580417.0
2026-06-10 01:40:00,4.68e-06,4.69e-06,4.67e-06,4.68e-06,453475995.0
2026-06-10 01:45:00,4.68e-06,4.69e-06,4.67e-06,4.69e-06,1461512043.0
2026-06-10 01:50:00,4.68e-06,4.7e-06,4.68e-06,4.68e-06,674318389.0
2026-06-10 01:55:00,4.69e-06,4.69e-06,4.68e-06,4.69e-06,33062833.0
2026-06-10 02:00:00,4.69e-06,4.69e-06,4.68e-06,4.68e-06,1516360782.0
2026-06-10 02:05:00,4.68e-06,4.69e-06,4.67e-06,4.68e-06,990633140.0
2026-06-10 02:10:00,4.67e-06,4.68e-06,4.67e-06,4.67e-06,2139225697.0
2026-06-10 02:15:00,4.66e-06,4.67e-06,4.65e-06,4.66e-06,5074034240.0
2026-06-10 02:20:00,4.66e-06,4.67e-06,4.66e-06,4.66e-06,948440954.0
2026-06-10 02:25:00,4.65e-06,4.66e-06,4.65e-06,4.66e-06,690464446.0
2026-06-10 02:30:00,4.66e-06,4.66e-06,4.64e-06,4.64e-06,530938383.0
2026-06-10 02:35:00,4.65e-06,4.65e-06,4.64e-06,4.64e-06,1019851090.0
2026-06-10 02:40:00,4.64e-06,4.65e-06,4.64e-06,4.64e-06,143688593.0
2026-06-10 02:45:00,4.65e-06,4.65e-06,4.63e-06,4.64e-06,459227515.0
2026-06-10 02:50:00,4.64e-06,4.64e-06,4.63e-06,4.64e-06,1626173938.0
2026-06-10 02:55:00,4.63e-06,4.65e-06,4.63e-06,4.64e-06,1431045807.0
2026-06-10 03:00:00,4.65e-06,4.66e-06,4.64e-06,4.65e-06,1188417468.0
2026-06-10 03:05:00,4.66e-06,4.67e-06,4.65e-06,4.65e-06,141002581.0
2026-06-10 03:10:00,4.66e-06,4.66e-06,4.65e-06,4.66e-06,42440016.0
2026-06-10 03:15:00,4.66e-06,4.66e-06,4.65e-06,4.65e-06,678206534.0
2026-06-10 03:20:00,4.66e-06,4.66e-06,4.65e-06,4.66e-06,45933636.0
2026-06-10 03:25:00,4.66e-06,4.67e-06,4.66e-06,4.66e-06,1735551343.0
2026-06-10 03:30:00,4.67e-06,4.67e-06,4.65e-06,4.65e-06,1069162511.0
2026-06-10 03:35:00,4.66e-06,4.67e-06,4.66e-06,4.66e-06,376146592.0
2026-06-10 03:40:00,4.66e-06,4.67e-06,4.65e-06,4.67e-06,802902443.0
2026-06-10 03:45:00,4.67e-06,4.67e-06,4.66e-06,4.67e-06,14540267.0
2026-06-10 03:50:00,4.67e-06,4.67e-06,4.66e-06,4.67e-06,52684320.0
2026-06-10 03:55:00,4.67e-06,4.67e-06,4.66e-06,4.67e-06,526492679.0
2026-06-10 04:00:00,4.67e-06,4.67e-06,4.65e-06,4.66e-06,1293109998.0
2026-06-10 04:05:00,4.66e-06,4.67e-06,4.65e-06,4.67e-06,603950878.0
2026-06-10 04:10:00,4.67e-06,4.67e-06,4.66e-06,4.67e-06,208588245.0
2026-06-10 04:15:00,4.66e-06,4.67e-06,4.65e-06,4.67e-06,810617246.0
2026-06-10 04:20:00,4.67e-06,4.67e-06,4.66e-06,4.67e-06,1890929896.0
2026-06-10 04:25:00,4.67e-06,4.67e-06,4.65e-06,4.66e-06,328323649.0
2026-06-10 04:30:00,4.66e-06,4.66e-06,4.64e-06,4.65e-06,2934947599.0
2026-06-10 04:35:00,4.65e-06,4.65e-06,4.63e-06,4.64e-06,415841470.0
2026-06-10 04:40:00,4.64e-06,4.65e-06,4.63e-06,4.64e-06,624978738.0
2026-06-10 04:45:00,4.63e-06,4.64e-06,4.63e-06,4.64e-06,1827695630.0
2026-06-10 04:50:00,4.65e-06,4.65e-06,4.63e-06,4.64e-06,185014947.0
2026-06-10 04:55:00,4.64e-06,4.64e-06,4.64e-06,4.64e-06,98429107.0
2026-06-10 05:00:00,4.64e-06,4.65e-06,4.63e-06,4.65e-06,1165447774.0
2026-06-10 05:05:00,4.65e-06,4.65e-06,4.63e-06,4.65e-06,1057309358.0
2026-06-10 05:10:00,4.64e-06,4.64e-06,4.63e-06,4.63e-06,1221239694.0
2026-06-10 05:15:00,4.64e-06,4.64e-06,4.62e-06,4.62e-06,1049782945.0
2026-06-10 05:20:00,4.63e-06,4.63e-06,4.62e-06,4.63e-06,210259623.0
2026-06-10 05:25:00,4.63e-06,4.65e-06,4.63e-06,4.65e-06,591000332.0
2026-06-10 05:30:00,4.65e-06,4.65e-06,4.63e-06,4.64e-06,3588791581.0
2026-06-10 05:35:00,4.65e-06,4.65e-06,4.63e-06,4.64e-06,1814806775.0
2026-06-10 05:40:00,4.64e-06,4.64e-06,4.64e-06,4.64e-06,2079838277.0
2026-06-10 05:45:00,4.65e-06,4.65e-06,4.64e-06,4.64e-06,1983570172.0
2026-06-10 05:50:00,4.64e-06,4.65e-06,4.63e-06,4.64e-06,971633290.0
2026-06-10 05:55:00,4.64e-06,4.65e-06,4.63e-06,4.64e-06,1716501391.0
2026-06-10 06:00:00,4.64e-06,4.64e-06,4.63e-06,4.64e-06,243674405.0
2026-06-10 06:05:00,4.64e-06,4.65e-06,4.64e-06,4.64e-06,1985296961.0
2026-06-10 06:10:00,4.63e-06,4.65e-06,4.63e-06,4.65e-06,4239931223.0
2026-06-10 06:15:00,4.64e-06,4.65e-06,4.64e-06,4.65e-06,2851993679.0
2026-06-10 06:20:00,4.65e-06,4.66e-06,4.64e-06,4.64e-06,383440331.0
2026-06-10 06:25:00,4.64e-06,4.65e-06,4.64e-06,4.64e-06,2739522901.0
2026-06-10 06:30:00,4.65e-06,4.65e-06,4.63e-06,4.63e-06,4467907449.0
2026-06-10 06:35:00,4.63e-06,4.65e-06,4.63e-06,4.65e-06,1502024560.0
2026-06-10 06:40:00,4.64e-06,4.65e-06,4.64e-06,4.65e-06,1963771162.0
2026-06-10 06:45:00,4.65e-06,4.66e-06,4.65e-06,4.66e-06,1461068310.0
2026-06-10 06:50:00,4.66e-06,4.66e-06,4.64e-06,4.66e-06,796464538.0
2026-06-10 06:55:00,4.66e-06,4.66e-06,4.65e-06,4.65e-06,3103241394.0
2026-06-10 07:00:00,4.65e-06,4.66e-06,4.64e-06,4.66e-06,3894465161.0
2026-06-10 07:05:00,4.66e-06,4.67e-06,4.65e-06,4.67e-06,4211490195.0
2026-06-10 07:10:00,4.67e-06,4.67e-06,4.66e-06,4.67e-06,281793604.0
2026-06-10 07:15:00,4.67e-06,4.68e-06,4.66e-06,4.67e-06,1513996626.0
2026-06-10 07:20:00,4.68e-06,4.68e-06,4.67e-06,4.67e-06,138136314.0
2026-06-10 07:25:00,4.67e-06,4.68e-06,4.66e-06,4.67e-06,1119423076.0
2026-06-10 07:30:00,4.68e-06,4.69e-06,4.66e-06,4.68e-06,1559634943.0
2026-06-10 07:35:00,4.68e-06,4.69e-06,4.68e-06,4.69e-06,1095289205.0
2026-06-10 07:40:00,4.69e-06,4.69e-06,4.68e-06,4.68e-06,270249648.0
2026-06-10 07:45:00,4.68e-06,4.68e-06,4.67e-06,4.67e-06,2447279999.0
2026-06-10 07:50:00,4.67e-06,4.68e-06,4.67e-06,4.67e-06,1579750453.0
2026-06-10 07:55:00,4.67e-06,4.68e-06,4.67e-06,4.67e-06,101871503.0
2026-06-10 08:00:00,4.67e-06,4.68e-06,4.65e-06,4.65e-06,1663436871.0
2026-06-10 08:05:00,4.66e-06,4.66e-06,4.65e-06,4.66e-06,32641212.0
2026-06-10 08:10:00,4.66e-06,4.67e-06,4.65e-06,4.66e-06,2373811377.0
2026-06-10 08:15:00,4.66e-06,4.67e-06,4.66e-06,4.66e-06,1293347904.0
2026-06-10 08:20:00,4.67e-06,4.67e-06,4.66e-06,4.66e-06,1297346835.0
2026-06-10 08:25:00,4.66e-06,4.66e-06,4.65e-06,4.65e-06,159794912.0
2026-06-10 08:30:00,4.65e-06,4.67e-06,4.64e-06,4.65e-06,3181299284.0
2026-06-10 08:35:00,4.64e-06,4.65e-06,4.63e-06,4.64e-06,843569759.0
2026-06-10 08:40:00,4.63e-06,4.64e-06,4.63e-06,4.64e-06,73028633.0
2026-06-10 08:45:00,4.63e-06,4.64e-06,4.63e-06,4.64e-06,1224055039.0
2026-06-10 08:50:00,4.64e-06,4.65e-06,4.63e-06,4.64e-06,3183205432.0
2026-06-10 08:55:00,4.64e-06,4.65e-06,4.63e-06,4.63e-06,529510329.0
2026-06-10 09:00:00,4.63e-06,4.65e-06,4.63e-06,4.63e-06,4774233149.0
2026-06-10 09:05:00,4.63e-06,4.64e-06,4.63e-06,4.64e-06,1306931888.0
2026-06-10 09:10:00,4.63e-06,4.64e-06,4.62e-06,4.62e-06,422903191.0
2026-06-10 09:15:00,4.62e-06,4.63e-06,4.62e-06,4.63e-06,1617246979.0
2026-06-10 09:20:00,4.62e-06,4.63e-06,4.61e-06,4.62e-06,2077413214.0
2026-06-10 09:25:00,4.62e-06,4.64e-06,4.61e-06,4.62e-06,1234727433.0
2026-06-10 09:30:00,4.62e-06,4.63e-06,4.62e-06,4.63e-06,1303457069.0
2026-06-10 09:35:00,4.63e-06,4.64e-06,4.62e-06,4.63e-06,1284073000.0
2026-06-10 09:40:00,4.64e-06,4.64e-06,4.63e-06,4.64e-06,73349646.0
2026-06-10 09:45:00,4.64e-06,4.64e-06,4.62e-06,4.62e-06,431269519.0
2026-06-10 09:50:00,4.62e-06,4.64e-06,4.62e-06,4.63e-06,2385742886.0
2026-06-10 09:55:00,4.64e-06,4.65e-06,4.64e-06,4.65e-06,173575794.0
2026-06-10 10:00:00,4.64e-06,4.65e-06,4.63e-06,4.64e-06,4591961327.0
2026-06-10 10:05:00,4.63e-06,4.64e-06,4.63e-06,4.63e-06,324931293.0
2026-06-10 10:10:00,4.63e-06,4.64e-06,4.62e-06,4.64e-06,1129676875.0
2026-06-10 10:15:00,4.64e-06,4.64e-06,4.62e-06,4.62e-06,618677137.0
2026-06-10 10:20:00,4.62e-06,4.63e-06,4.62e-06,4.63e-06,989147322.0
2026-06-10 10:25:00,4.63e-06,4.65e-06,4.63e-06,4.65e-06,2624348590.0
2026-06-10 10:30:00,4.65e-06,4.65e-06,4.64e-06,4.65e-06,2021537012.0
2026-06-10 10:35:00,4.65e-06,4.65e-06,4.64e-06,4.65e-06,221607833.0
2026-06-10 10:40:00,4.64e-06,4.65e-06,4.63e-06,4.65e-06,2641147153.0
2026-06-10 10:45:00,4.65e-06,4.66e-06,4.64e-06,4.65e-06,1309550228.0
2026-06-10 10:50:00,4.65e-06,4.66e-06,4.64e-06,4.65e-06,2189929860.0
2026-06-10 10:55:00,4.65e-06,4.66e-06,4.65e-06,4.66e-06,939415241.0
2026-06-10 11:00:00,4.66e-06,4.67e-06,4.62e-06,4.62e-06,7698088260.0
2026-06-10 11:05:00,4.62e-06,4.63e-06,4.61e-06,4.62e-06,6205590870.0
2026-06-10 11:10:00,4.62e-06,4.64e-06,4.62e-06,4.63e-06,1496333021.0
2026-06-10 11:15:00,4.63e-06,4.64e-06,4.62e-06,4.63e-06,8414911779.0
2026-06-10 11:20:00,4.62e-06,4.64e-06,4.62e-06,4.63e-06,3768791549.0
2026-06-10 11:25:00,4.62e-06,4.63e-06,4.61e-06,4.62e-06,1878587468.0
2026-06-10 11:30:00,4.63e-06,4.63e-06,4.62e-06,4.62e-06,243381122.0
2026-06-10 11:35:00,4.63e-06,4.63e-06,4.62e-06,4.62e-06,189314540.0
2026-06-10 11:40:00,4.63e-06,4.64e-06,4.62e-06,4.64e-06,815628163.0
2026-06-10 11:45:00,4.63e-06,4.65e-06,4.63e-06,4.63e-06,6672913408.0
2026-06-10 11:50:00,4.63e-06,4.65e-06,4.63e-06,4.64e-06,1557185215.0
2026-06-10 11:55:00,4.63e-06,4.64e-06,4.63e-06,4.64e-06,4887248721.0
2026-06-10 12:00:00,4.64e-06,4.64e-06,4.62e-06,4.63e-06,4844519596.0
2026-06-10 12:05:00,4.64e-06,4.64e-06,4.63e-06,4.64e-06,214907812.0
2026-06-10 12:10:00,4.63e-06,4.65e-06,4.63e-06,4.65e-06,3938404974.0
2026-06-10 12:15:00,4.65e-06,4.65e-06,4.62e-06,4.62e-06,8914339194.0
2026-06-10 12:20:00,4.63e-06,4.64e-06,4.63e-06,4.64e-06,1198074953.0
2026-06-10 12:25:00,4.64e-06,4.64e-06,4.63e-06,4.63e-06,1805589454.0
2026-06-10 12:30:00,4.64e-06,4.71e-06,4.64e-06,4.68e-06,18618531344.0
2026-06-10 12:35:00,4.69e-06,4.69e-06,4.67e-06,4.68e-06,4340822836.0
2026-06-10 12:40:00,4.68e-06,4.69e-06,4.67e-06,4.69e-06,2347534222.0
2026-06-10 12:45:00,4.68e-06,4.69e-06,4.67e-06,4.69e-06,1765674528.0
2026-06-10 12:50:00,4.69e-06,4.69e-06,4.67e-06,4.68e-06,2572096102.0
2026-06-10 12:55:00,4.68e-06,4.68e-06,4.67e-06,4.68e-06,196969834.0
2026-06-10 13:00:00,4.67e-06,4.69e-06,4.67e-06,4.68e-06,1374832020.0
2026-06-10 13:05:00,4.68e-06,4.68e-06,4.67e-06,4.68e-06,1632976109.0
2026-06-10 13:10:00,4.69e-06,4.69e-06,4.68e-06,4.69e-06,148479034.0
2026-06-10 13:15:00,4.69e-06,4.69e-06,4.68e-06,4.68e-06,189187723.0
2026-06-10 13:20:00,4.68e-06,4.7e-06,4.68e-06,4.7e-06,5756001255.0
2026-06-10 13:25:00,4.69e-06,4.71e-06,4.68e-06,4.69e-06,3844355875.0
2026-06-10 13:30:00,4.7e-06,4.73e-06,4.7e-06,4.73e-06,11349967785.0
2026-06-10 13:35:00,4.73e-06,4.77e-06,4.73e-06,4.75e-06,13773514301.0
2026-06-10 13:40:00,4.75e-06,4.77e-06,4.75e-06,4.76e-06,3749784303.0
2026-06-10 13:45:00,4.77e-06,4.78e-06,4.75e-06,4.77e-06,3265314161.0
2026-06-10 13:50:00,4.77e-06,4.77e-06,4.74e-06,4.76e-06,2208443258.0
2026-06-10 13:55:00,4.75e-06,4.76e-06,4.73e-06,4.74e-06,7760193877.0
2026-06-10 14:00:00,4.74e-06,4.76e-06,4.73e-06,4.75e-06,3420153792.0
2026-06-10 14:05:00,4.75e-06,4.76e-06,4.74e-06,4.75e-06,6088613034.0
2026-06-10 14:10:00,4.75e-06,4.75e-06,4.73e-06,4.74e-06,4802190425.0
2026-06-10 14:15:00,4.73e-06,4.75e-06,4.72e-06,4.73e-06,8876404517.0
2026-06-10 14:20:00,4.74e-06,4.75e-06,4.73e-06,4.75e-06,3655965678.0
2026-06-10 14:25:00,4.75e-06,4.75e-06,4.74e-06,4.74e-06,982960137.0
2026-06-10 14:30:00,4.74e-06,4.75e-06,4.72e-06,4.74e-06,2414007348.0
2026-06-10 14:35:00,4.74e-06,4.74e-06,4.72e-06,4.74e-06,3095372466.0
2026-06-10 14:40:00,4.74e-06,4.76e-06,4.73e-06,4.73e-06,2551558173.0
2026-06-10 14:45:00,4.73e-06,4.74e-06,4.72e-06,4.73e-06,2574599308.0
2026-06-10 14:50:00,4.73e-06,4.74e-06,4.72e-06,4.73e-06,1888402541.0
2026-06-10 14:55:00,4.73e-06,4.74e-06,4.71e-06,4.73e-06,2960453121.0
2026-06-10 15:00:00,4.73e-06,4.75e-06,4.73e-06,4.74e-06,2129911856.0
2026-06-10 15:05:00,4.73e-06,4.73e-06,4.71e-06,4.71e-06,3418328826.0
2026-06-10 15:10:00,4.72e-06,4.73e-06,4.7e-06,4.72e-06,2606501835.0
2026-06-10 15:15:00,4.71e-06,4.72e-06,4.71e-06,4.72e-06,1315711119.0
2026-06-10 15:20:00,4.73e-06,4.74e-06,4.73e-06,4.74e-06,1416209486.0
2026-06-10 15:25:00,4.74e-06,4.74e-06,4.73e-06,4.74e-06,1653971851.0
2026-06-10 15:30:00,4.74e-06,4.75e-06,4.73e-06,4.75e-06,2085668806.0
2026-06-10 15:35:00,4.75e-06,4.75e-06,4.73e-06,4.73e-06,3858443276.0
2026-06-10 15:40:00,4.73e-06,4.74e-06,4.72e-06,4.74e-06,1929413766.0
2026-06-10 15:45:00,4.74e-06,4.76e-06,4.69e-06,4.72e-06,12128769001.0
2026-06-10 15:50:00,4.72e-06,4.76e-06,4.71e-06,4.75e-06,5927680895.0
2026-06-10 15:55:00,4.75e-06,4.75e-06,4.74e-06,4.75e-06,2179949124.0
2026-06-10 16:00:00,4.75e-06,4.75e-06,4.74e-06,4.74e-06,3504366047.0
2026-06-10 16:05:00,4.73e-06,4.76e-06,4.73e-06,4.75e-06,2906258494.0
2026-06-10 16:10:00,4.75e-06,4.75e-06,4.73e-06,4.73e-06,1553791461.0
2026-06-10 16:15:00,4.74e-06,4.75e-06,4.73e-06,4.74e-06,2598375453.0
2026-06-10 16:20:00,4.74e-06,4.74e-06,4.73e-06,4.73e-06,1525622381.0
2026-06-10 16:25:00,4.73e-06,4.74e-06,4.71e-06,4.74e-06,1111520458.0
2026-06-10 16:30:00,4.74e-06,4.75e-06,4.72e-06,4.74e-06,3579204389.0
2026-06-10 16:35:00,4.74e-06,4.75e-06,4.73e-06,4.73e-06,2312294184.0
2026-06-10 16:40:00,4.73e-06,4.74e-06,4.71e-06,4.72e-06,1617169157.0
2026-06-10 16:45:00,4.72e-06,4.72e-06,4.69e-06,4.69e-06,2324222297.0
2026-06-10 16:50:00,4.69e-06,4.71e-06,4.68e-06,4.71e-06,2780895312.0
2026-06-10 16:55:00,4.7e-06,4.71e-06,4.69e-06,4.7e-06,2305921257.0
2026-06-10 17:00:00,4.7e-06,4.73e-06,4.7e-06,4.72e-06,1650166583.0
2026-06-10 17:05:00,4.71e-06,4.72e-06,4.71e-06,4.71e-06,529616076.0
2026-06-10 17:10:00,4.7e-06,4.71e-06,4.69e-06,4.7e-06,1046768432.0
2026-06-10 17:15:00,4.7e-06,4.72e-06,4.7e-06,4.7e-06,1486139804.0
2026-06-10 17:20:00,4.7e-06,4.71e-06,4.69e-06,4.69e-06,803145615.0
2026-06-10 17:25:00,4.7e-06,4.7e-06,4.67e-06,4.67e-06,2260080452.0
2026-06-10 17:30:00,4.68e-06,4.68e-06,4.66e-06,4.67e-06,1867073410.0
2026-06-10 17:35:00,4.67e-06,4.67e-06,4.66e-06,4.66e-06,1430025835.0
2026-06-10 17:40:00,4.67e-06,4.67e-06,4.65e-06,4.66e-06,2530188584.0
2026-06-10 17:45:00,4.66e-06,4.68e-06,4.66e-06,4.68e-06,5037717277.0
2026-06-10 17:50:00,4.68e-06,4.68e-06,4.66e-06,4.66e-06,5071720088.0
2026-06-10 17:55:00,4.66e-06,4.69e-06,4.66e-06,4.68e-06,1328323196.0
2026-06-10 18:00:00,4.67e-06,4.69e-06,4.67e-06,4.68e-06,910391386.0
2026-06-10 18:05:00,4.68e-06,4.69e-06,4.67e-06,4.68e-06,2216011220.0
2026-06-10 18:10:00,4.68e-06,4.69e-06,4.67e-06,4.67e-06,1509755493.0
2026-06-10 18:15:00,4.68e-06,4.68e-06,4.67e-06,4.67e-06,2769691385.0
2026-06-10 18:20:00,4.67e-06,4.68e-06,4.66e-06,4.67e-06,676893705.0
2026-06-10 18:25:00,4.67e-06,4.68e-06,4.66e-06,4.68e-06,1429817481.0
2026-06-10 18:30:00,4.69e-06,4.69e-06,4.67e-06,4.68e-06,911222112.0
2026-06-10 18:35:00,4.67e-06,4.67e-06,4.66e-06,4.66e-06,4290127097.0
2026-06-10 18:40:00,4.67e-06,4.67e-06,4.65e-06,4.66e-06,233045578.0
2026-06-10 18:45:00,4.66e-06,4.67e-06,4.65e-06,4.67e-06,1160268945.0
2026-06-10 18:50:00,4.67e-06,4.68e-06,4.66e-06,4.68e-06,9347636601.0
2026-06-10 18:55:00,4.67e-06,4.69e-06,4.67e-06,4.68e-06,706226763.0
2026-06-10 19:00:00,4.69e-06,4.69e-06,4.68e-06,4.68e-06,490448381.0
2026-06-10 19:05:00,4.67e-06,4.69e-06,4.67e-06,4.68e-06,1813458341.0
2026-06-10 19:10:00,4.68e-06,4.68e-06,4.66e-06,4.67e-06,1481030885.0
2026-06-10 19:15:00,4.66e-06,4.67e-06,4.65e-06,4.66e-06,693439557.0
2026-06-10 19:20:00,4.66e-06,4.67e-06,4.65e-06,4.66e-06,867994796.0
2026-06-10 19:25:00,4.67e-06,4.68e-06,4.65e-06,4.67e-06,1716741127.0
2026-06-10 19:30:00,4.67e-06,4.68e-06,4.66e-06,4.67e-06,1631597616.0
2026-06-10 19:35:00,4.67e-06,4.68e-06,4.66e-06,4.67e-06,1588618463.0
2026-06-10 19:40:00,4.66e-06,4.67e-06,4.66e-06,4.66e-06,940476016.0
2026-06-10 19:45:00,4.66e-06,4.66e-06,4.64e-06,4.65e-06,3328368496.0
2026-06-10 19:50:00,4.65e-06,4.66e-06,4.63e-06,4.66e-06,7333930932.0
2026-06-10 19:55:00,4.65e-06,4.66e-06,4.64e-06,4.65e-06,3946803612.0
2026-06-10 20:00:00,4.65e-06,4.65e-06,4.64e-06,4.64e-06,1929285560.0
2026-06-10 20:05:00,4.64e-06,4.65e-06,4.63e-06,4.63e-06,2454068624.0
2026-06-10 20:10:00,4.63e-06,4.64e-06,4.63e-06,4.64e-06,836547302.0
2026-06-10 20:15:00,4.64e-06,4.65e-06,4.63e-06,4.64e-06,1642816899.0
2026-06-10 20:20:00,4.64e-06,4.65e-06,4.63e-06,4.64e-06,2057941253.0
2026-06-10 20:25:00,4.65e-06,4.66e-06,4.64e-06,4.64e-06,959573302.0
2026-06-10 20:30:00,4.64e-06,4.65e-06,4.63e-06,4.64e-06,991920006.0
2026-06-10 20:35:00,4.64e-06,4.64e-06,4.62e-06,4.62e-06,822404760.0
2026-06-10 20:40:00,4.63e-06,4.63e-06,4.62e-06,4.62e-06,5218014338.0
2026-06-10 20:45:00,4.62e-06,4.63e-06,4.62e-06,4.62e-06,239906347.0
2026-06-10 20:50:00,4.63e-06,4.63e-06,4.61e-06,4.62e-06,3635088291.0
2026-06-10 20:55:00,4.62e-06,4.62e-06,4.61e-06,4.62e-06,314410737.0
2026-06-10 21:00:00,4.62e-06,4.63e-06,4.61e-06,4.61e-06,1630602744.0
2026-06-10 21:05:00,4.62e-06,4.62e-06,4.59e-06,4.59e-06,3636645542.0
2026-06-10 21:10:00,4.59e-06,4.59e-06,4.57e-06,4.57e-06,5795278464.0
2026-06-10 21:15:00,4.57e-06,4.6e-06,4.57e-06,4.59e-06,3010533453.0
2026-06-10 21:20:00,4.58e-06,4.59e-06,4.58e-06,4.58e-06,1240210933.0
2026-06-10 21:25:00,4.58e-06,4.59e-06,4.57e-06,4.58e-06,1238045025.0
2026-06-10 21:30:00,4.59e-06,4.6e-06,4.59e-06,4.59e-06,237453570.0
2026-06-10 21:35:00,4.59e-06,4.6e-06,4.59e-06,4.6e-06,1060532984.0
2026-06-10 21:40:00,4.59e-06,4.61e-06,4.59e-06,4.6e-06,1846211167.0
2026-06-10 21:45:00,4.61e-06,4.61e-06,4.59e-06,4.59e-06,898041148.0
2026-06-10 21:50:00,4.58e-06,4.58e-06,4.56e-06,4.57e-06,1811792376.0
2026-06-10 21:55:00,4.57e-06,4.57e-06,4.56e-06,4.57e-06,3585954061.0
2026-06-10 22:00:00,4.57e-06,4.57e-06,4.56e-06,4.57e-06,2215566442.0
2026-06-10 22:05:00,4.57e-06,4.59e-06,4.57e-06,4.59e-06,603701487.0
2026-06-10 22:10:00,4.59e-06,4.59e-06,4.57e-06,4.58e-06,4181551901.0
2026-06-10 22:15:00,4.58e-06,4.58e-06,4.57e-06,4.57e-06,4302580064.0
2026-06-10 22:20:00,4.57e-06,4.58e-06,4.57e-06,4.58e-06,3029061299.0
2026-06-10 22:25:00,4.58e-06,4.6e-06,4.58e-06,4.58e-06,1439575754.0
2026-06-10 22:30:00,4.58e-06,4.6e-06,4.58e-06,4.6e-06,6436397982.0
2026-06-10 22:35:00,4.6e-06,4.61e-06,4.6e-06,4.6e-06,1428180737.0
2026-06-10 22:40:00,4.61e-06,4.62e-06,4.6e-06,4.61e-06,1702821409.0
2026-06-10 22:45:00,4.6e-06,4.61e-06,4.6e-06,4.6e-06,621237842.0
2026-06-10 22:50:00,4.6e-06,4.61e-06,4.6e-06,4.61e-06,63030080.0
2026-06-10 22:55:00,4.61e-06,4.61e-06,4.6e-06,4.6e-06,820821168.0
2026-06-10 23:00:00,4.6e-06,4.6e-06,4.59e-06,4.6e-06,514790465.0
2026-06-10 23:05:00,4.59e-06,4.6e-06,4.59e-06,4.6e-06,2124236092.0
2026-06-10 23:10:00,4.59e-06,4.6e-06,4.58e-06,4.59e-06,2445512299.0
2026-06-10 23:15:00,4.59e-06,4.61e-06,4.58e-06,4.61e-06,3055967251.0
2026-06-10 23:20:00,4.61e-06,4.62e-06,4.6e-06,4.62e-06,1805521911.0
2026-06-10 23:25:00,4.61e-06,4.63e-06,4.61e-06,4.62e-06,1341438868.0
2026-06-10 23:30:00,4.62e-06,4.63e-06,4.61e-06,4.61e-06,976994743.0
2026-06-10 23:35:00,4.61e-06,4.63e-06,4.61e-06,4.62e-06,3402870590.0
2026-06-10 23:40:00,4.61e-06,4.63e-06,4.61e-06,4.62e-06,780928486.0
2026-06-10 23:45:00,4.62e-06,4.63e-06,4.61e-06,4.61e-06,1065693050.0
2026-06-10 23:50:00,4.62e-06,4.63e-06,4.62e-06,4.62e-06,612017743.0
2026-06-10 23:55:00,4.63e-06,4.63e-06,4.61e-06,4.61e-06,116688491.0
2026-06-11 00:00:00,4.62e-06,4.63e-06,4.61e-06,4.63e-06,892410064.0
2026-06-11 00:05:00,4.62e-06,4.63e-06,4.62e-06,4.63e-06,1007618654.0
2026-06-11 00:10:00,4.63e-06,4.64e-06,4.62e-06,4.64e-06,2825931527.0
2026-06-11 00:15:00,4.63e-06,4.66e-06,4.63e-06,4.65e-06,1702451378.0
2026-06-11 00:20:00,4.65e-06,4.65e-06,4.64e-06,4.64e-06,819035736.0
2026-06-11 00:25:00,4.64e-06,4.64e-06,4.63e-06,4.64e-06,270172888.0
2026-06-11 00:30:00,4.65e-06,4.65e-06,4.63e-06,4.65e-06,1283028919.0
2026-06-11 00:35:00,4.65e-06,4.65e-06,4.63e-06,4.64e-06,6122507174.0
2026-06-11 00:40:00,4.65e-06,4.66e-06,4.64e-06,4.65e-06,843113374.0
2026-06-11 00:45:00,4.65e-06,4.66e-06,4.64e-06,4.66e-06,3189223807.0
2026-06-11 00:50:00,4.65e-06,4.66e-06,4.64e-06,4.64e-06,1266836351.0
2026-06-11 00:55:00,4.63e-06,4.65e-06,4.63e-06,4.64e-06,352687121.0
2026-06-11 01:00:00,4.65e-06,4.66e-06,4.64e-06,4.65e-06,2523048672.0
2026-06-11 01:05:00,4.66e-06,4.67e-06,4.65e-06,4.66e-06,500631143.0
2026-06-11 01:10:00,4.65e-06,4.67e-06,4.65e-06,4.66e-06,802816448.0
2026-06-11 01:15:00,4.66e-06,4.67e-06,4.66e-06,4.67e-06,861856307.0
2026-06-11 01:20:00,4.67e-06,4.68e-06,4.66e-06,4.67e-06,1027328671.0
2026-06-11 01:25:00,4.67e-06,4.67e-06,4.66e-06,4.66e-06,1164595813.0
2026-06-11 01:30:00,4.67e-06,4.68e-06,4.66e-06,4.67e-06,4137800196.0
2026-06-11 01:35:00,4.67e-06,4.68e-06,4.66e-06,4.68e-06,792684371.0
2026-06-11 01:40:00,4.68e-06,4.7e-06,4.68e-06,4.7e-06,2819083885.0
2026-06-11 01:45:00,4.69e-06,4.7e-06,4.68e-06,4.69e-06,1634967751.0
2026-06-11 01:50:00,4.69e-06,4.7e-06,4.68e-06,4.69e-06,3127112910.0
2026-06-11 01:55:00,4.69e-06,4.7e-06,4.68e-06,4.69e-06,4023565633.0
2026-06-11 02:00:00,4.69e-06,4.69e-06,4.68e-06,4.68e-06,419392977.0
2026-06-11 02:05:00,4.69e-06,4.69e-06,4.67e-06,4.68e-06,857171038.0
2026-06-11 02:10:00,4.68e-06,4.68e-06,4.67e-06,4.67e-06,46190631.0
2026-06-11 02:15:00,4.68e-06,4.69e-06,4.67e-06,4.69e-06,1189083505.0
2026-06-11 02:20:00,4.69e-06,4.69e-06,4.67e-06,4.67e-06,84297512.0
2026-06-11 02:25:00,4.67e-06,4.68e-06,4.66e-06,4.67e-06,1108978345.0
2026-06-11 02:30:00,4.67e-06,4.67e-06,4.65e-06,4.66e-06,5586415332.0
2026-06-11 02:35:00,4.66e-06,4.66e-06,4.65e-06,4.66e-06,1054702323.0
2026-06-11 02:40:00,4.66e-06,4.67e-06,4.66e-06,4.66e-06,152641039.0
2026-06-11 02:45:00,4.67e-06,4.67e-06,4.65e-06,4.65e-06,635665237.0
2026-06-11 02:50:00,4.66e-06,4.67e-06,4.66e-06,4.67e-06,187595391.0
2026-06-11 02:55:00,4.66e-06,4.68e-06,4.66e-06,4.66e-06,965244886.0
2026-06-11 03:00:00,4.67e-06,4.67e-06,4.66e-06,4.67e-06,1294015229.0
2026-06-11 03:05:00,4.66e-06,4.67e-06,4.66e-06,4.66e-06,363132918.0
2026-06-11 03:10:00,4.66e-06,4.66e-06,4.65e-06,4.66e-06,2741284995.0
2026-06-11 03:15:00,4.66e-06,4.67e-06,4.65e-06,4.66e-06,4520918348.0
2026-06-11 03:20:00,4.66e-06,4.67e-06,4.65e-06,4.66e-06,1286288169.0
2026-06-11 03:25:00,4.67e-06,4.67e-06,4.67e-06,4.67e-06,1849290272.0
2026-06-11 03:30:00,4.67e-06,4.7e-06,4.67e-06,4.7e-06,4405241364.0
2026-06-11 03:35:00,4.69e-06,4.69e-06,4.68e-06,4.68e-06,1763654665.0
2026-06-11 03:40:00,4.68e-06,4.69e-06,4.68e-06,4.69e-06,310424905.0
2026-06-11 03:45:00,4.69e-06,4.69e-06,4.68e-06,4.68e-06,79835413.0
2026-06-11 03:50:00,4.69e-06,4.69e-06,4.68e-06,4.68e-06,270232081.0
2026-06-11 03:55:00,4.69e-06,4.73e-06,4.68e-06,4.72e-06,8471368219.0
2026-06-11 04:00:00,4.72e-06,4.73e-06,4.71e-06,4.71e-06,5951878077.0
2026-06-11 04:05:00,4.71e-06,4.71e-06,4.7e-06,4.71e-06,765654416.0
2026-06-11 04:10:00,4.71e-06,4.72e-06,4.71e-06,4.72e-06,1119370316.0
2026-06-11 04:15:00,4.72e-06,4.72e-06,4.71e-06,4.72e-06,68613172.0
2026-06-11 04:20:00,4.72e-06,4.72e-06,4.71e-06,4.72e-06,2336570391.0
2026-06-11 04:25:00,4.71e-06,4.72e-06,4.7e-06,4.71e-06,1004804598.0
2026-06-11 04:30:00,4.71e-06,4.71e-06,4.7e-06,4.7e-06,208500849.0
2026-06-11 04:35:00,4.7e-06,4.72e-06,4.7e-06,4.71e-06,406517417.0
2026-06-11 04:40:00,4.72e-06,4.72e-06,4.71e-06,4.71e-06,1580702030.0
2026-06-11 04:45:00,4.72e-06,4.73e-06,4.72e-06,4.73e-06,633994391.0
2026-06-11 04:50:00,4.73e-06,4.74e-06,4.72e-06,4.74e-06,998110218.0
2026-06-11 04:55:00,4.73e-06,4.73e-06,4.72e-06,4.72e-06,858844852.0
2026-06-11 05:00:00,4.73e-06,4.73e-06,4.71e-06,4.71e-06,194533273.0
2026-06-11 05:05:00,4.71e-06,4.71e-06,4.7e-06,4.7e-06,627925479.0
2026-06-11 05:10:00,4.71e-06,4.72e-06,4.7e-06,4.7e-06,1790874541.0
2026-06-11 05:15:00,4.7e-06,4.72e-06,4.7e-06,4.71e-06,599487860.0
2026-06-11 05:20:00,4.71e-06,4.72e-06,4.71e-06,4.71e-06,763832273.0
2026-06-11 05:25:00,4.71e-06,4.71e-06,4.7e-06,4.71e-06,139643853.0
2026-06-11 05:30:00,4.71e-06,4.71e-06,4.7e-06,4.71e-06,68444590.0
2026-06-11 05:35:00,4.71e-06,4.71e-06,4.7e-06,4.71e-06,373818371.0
2026-06-11 05:40:00,4.7e-06,4.72e-06,4.7e-06,4.71e-06,1818364484.0
2026-06-11 05:45:00,4.72e-06,4.72e-06,4.71e-06,4.71e-06,225701538.0
2026-06-11 05:50:00,4.71e-06,4.72e-06,4.7e-06,4.71e-06,1288002993.0
2026-06-11 05:55:00,4.71e-06,4.72e-06,4.7e-06,4.7e-06,270398500.0
2026-06-11 06:00:00,4.7e-06,4.71e-06,4.7e-06,4.71e-06,112665691.0
2026-06-11 06:05:00,4.7e-06,4.71e-06,4.69e-06,4.7e-06,786977865.0
2026-06-11 06:10:00,4.7e-06,4.72e-06,4.7e-06,4.71e-06,239099185.0
2026-06-11 06:15:00,4.71e-06,4.72e-06,4.71e-06,4.72e-06,161730118.0
2026-06-11 06:20:00,4.72e-06,4.73e-06,4.72e-06,4.73e-06,641201736.0
2026-06-11 06:25:00,4.73e-06,4.73e-06,4.72e-06,4.73e-06,1318751620.0
2026-06-11 06:30:00,4.73e-06,4.74e-06,4.72e-06,4.73e-06,1041907330.0
2026-06-11 06:35:00,4.72e-06,4.73e-06,4.72e-06,4.73e-06,255222425.0
2026-06-11 06:40:00,4.73e-06,4.73e-06,4.71e-06,4.72e-06,944654545.0
2026-06-11 06:45:00,4.72e-06,4.72e-06,4.71e-06,4.72e-06,1278806092.0
2026-06-11 06:50:00,4.71e-06,4.72e-06,4.71e-06,4.71e-06,1693091181.0
2026-06-11 06:55:00,4.71e-06,4.71e-06,4.7e-06,4.71e-06,21550080.0
2026-06-11 07:00:00,4.7e-06,4.71e-06,4.7e-06,4.7e-06,153265300.0
2026-06-11 07:05:00,4.71e-06,4.71e-06,4.7e-06,4.71e-06,209620453.0
2026-06-11 07:10:00,4.71e-06,4.71e-06,4.7e-06,4.71e-06,223292105.0
2026-06-11 07:15:00,4.71e-06,4.72e-06,4.7e-06,4.72e-06,1576206765.0
2026-06-11 07:20:00,4.72e-06,4.72e-06,4.7e-06,4.71e-06,3264268340.0
2026-06-11 07:25:00,4.71e-06,4.72e-06,4.71e-06,4.71e-06,1711368097.0
2026-06-11 07:30:00,4.72e-06,4.72e-06,4.7e-06,4.71e-06,315621408.0
2026-06-11 07:35:00,4.71e-06,4.71e-06,4.69e-06,4.7e-06,455277685.0
2026-06-11 07:40:00,4.7e-06,4.7e-06,4.69e-06,4.7e-06,1822863903.0
2026-06-11 07:45:00,4.7e-06,4.71e-06,4.69e-06,4.7e-06,1164771070.0
2026-06-11 07:50:00,4.7e-06,4.71e-06,4.69e-06,4.7e-06,681335761.0
2026-06-11 07:55:00,4.7e-06,4.71e-06,4.7e-06,4.7e-06,195851229.0
2026-06-11 08:00:00,4.71e-06,4.72e-06,4.7e-06,4.71e-06,601398603.0
2026-06-11 08:05:00,4.71e-06,4.71e-06,4.7e-06,4.7e-06,642790331.0
2026-06-11 08:10:00,4.71e-06,4.73e-06,4.7e-06,4.73e-06,484014920.0
2026-06-11 08:15:00,4.72e-06,4.73e-06,4.71e-06,4.73e-06,2111251674.0
2026-06-11 08:20:00,4.73e-06,4.75e-06,4.72e-06,4.74e-06,4496447885.0
2026-06-11 08:25:00,4.74e-06,4.75e-06,4.73e-06,4.74e-06,2123473710.0
2026-06-11 08:30:00,4.75e-06,4.76e-06,4.74e-06,4.76e-06,4292824325.0
2026-06-11 08:35:00,4.75e-06,4.76e-06,4.74e-06,4.74e-06,3172441152.0
2026-06-11 08:40:00,4.74e-06,4.75e-06,4.73e-06,4.73e-06,1516412045.0
2026-06-11 08:45:00,4.73e-06,4.75e-06,4.73e-06,4.74e-06,1117393515.0
2026-06-11 08:50:00,4.75e-06,4.75e-06,4.74e-06,4.75e-06,64950772.0
2026-06-11 08:55:00,4.74e-06,4.75e-06,4.74e-06,4.74e-06,227016221.0
2026-06-11 09:00:00,4.74e-06,4.75e-06,4.74e-06,4.74e-06,202790201.0
2026-06-11 09:05:00,4.74e-06,4.74e-06,4.73e-06,4.73e-06,184784577.0
2026-06-11 09:10:00,4.73e-06,4.74e-06,4.72e-06,4.73e-06,982847389.0
2026-06-11 09:15:00,4.72e-06,4.73e-06,4.71e-06,4.73e-06,3672947060.0
2026-06-11 09:20:00,4.73e-06,4.73e-06,4.72e-06,4.72e-06,177169923.0
2026-06-11 09:25:00,4.72e-06,4.73e-06,4.72e-06,4.72e-06,1530713859.0
2026-06-11 09:30:00,4.72e-06,4.74e-06,4.72e-06,4.73e-06,1757381047.0
2026-06-11 09:35:00,4.73e-06,4.74e-06,4.73e-06,4.74e-06,391823884.0
2026-06-11 09:40:00,4.74e-06,4.74e-06,4.72e-06,4.73e-06,524757605.0
2026-06-11 09:45:00,4.73e-06,4.74e-06,4.72e-06,4.74e-06,1329393204.0
2026-06-11 09:50:00,4.73e-06,4.74e-06,4.73e-06,4.74e-06,1151568420.0
2026-06-11 09:55:00,4.74e-06,4.74e-06,4.72e-06,4.72e-06,471288889.0
2026-06-11 10:00:00,4.73e-06,4.74e-06,4.73e-06,4.73e-06,1543767041.0
2026-06-11 10:05:00,4.73e-06,4.73e-06,4.72e-06,4.73e-06,1202515562.0
2026-06-11 10:10:00,4.74e-06,4.74e-06,4.73e-06,4.73e-06,164717393.0
2026-06-11 10:15:00,4.73e-06,4.74e-06,4.72e-06,4.73e-06,752960528.0
2026-06-11 10:20:00,4.73e-06,4.73e-06,4.72e-06,4.72e-06,213385968.0
2026-06-11 10:25:00,4.72e-06,4.74e-06,4.72e-06,4.74e-06,291492737.0
2026-06-11 10:30:00,4.73e-06,4.74e-06,4.72e-06,4.73e-06,4013777488.0
2026-06-11 10:35:00,4.74e-06,4.74e-06,4.73e-06,4.73e-06,158368681.0
2026-06-11 10:40:00,4.73e-06,4.73e-06,4.72e-06,4.72e-06,421029868.0
2026-06-11 10:45:00,4.73e-06,4.73e-06,4.72e-06,4.73e-06,265342286.0
2026-06-11 10:50:00,4.72e-06,4.73e-06,4.72e-06,4.73e-06,3027083780.0
2026-06-11 10:55:00,4.73e-06,4.74e-06,4.73e-06,4.73e-06,1500649982.0
2026-06-11 11:00:00,4.73e-06,4.73e-06,4.72e-06,4.73e-06,305711421.0
2026-06-11 11:05:00,4.72e-06,4.73e-06,4.72e-06,4.72e-06,1151067186.0
2026-06-11 11:10:00,4.72e-06,4.74e-06,4.72e-06,4.74e-06,430568725.0
2026-06-11 11:15:00,4.74e-06,4.74e-06,4.72e-06,4.72e-06,1255884832.0
2026-06-11 11:20:00,4.73e-06,4.74e-06,4.72e-06,4.73e-06,290953309.0
2026-06-11 11:25:00,4.73e-06,4.74e-06,4.72e-06,4.73e-06,903212218.0
2026-06-11 11:30:00,4.74e-06,4.74e-06,4.73e-06,4.74e-06,11838830.0
2026-06-11 11:35:00,4.73e-06,4.74e-06,4.72e-06,4.73e-06,1384996180.0
2026-06-11 11:40:00,4.73e-06,4.74e-06,4.73e-06,4.74e-06,730148816.0
2026-06-11 11:45:00,4.73e-06,4.74e-06,4.73e-06,4.74e-06,144738708.0
2026-06-11 11:50:00,4.73e-06,4.76e-06,4.73e-06,4.75e-06,7431038432.0
2026-06-11 11:55:00,4.76e-06,4.76e-06,4.75e-06,4.75e-06,2381167919.0
2026-06-11 12:00:00,4.75e-06,4.76e-06,4.74e-06,4.75e-06,1450426988.0
2026-06-11 12:05:00,4.75e-06,4.76e-06,4.74e-06,4.75e-06,5405715185.0
2026-06-11 12:10:00,4.74e-06,4.75e-06,4.74e-06,4.74e-06,578657375.0
2026-06-11 12:15:00,4.75e-06,4.76e-06,4.74e-06,4.74e-06,1080573389.0
2026-06-11 12:20:00,4.74e-06,4.74e-06,4.69e-06,4.71e-06,16983092549.0
2026-06-11 12:25:00,4.71e-06,4.72e-06,4.71e-06,4.71e-06,2039209493.0
2026-06-11 12:30:00,4.72e-06,4.73e-06,4.71e-06,4.73e-06,7700410402.0
2026-06-11 12:35:00,4.73e-06,4.73e-06,4.72e-06,4.73e-06,3481409583.0
2026-06-11 12:40:00,4.72e-06,4.75e-06,4.72e-06,4.75e-06,2980346589.0
2026-06-11 12:45:00,4.74e-06,4.74e-06,4.73e-06,4.74e-06,1792000875.0
2026-06-11 12:50:00,4.73e-06,4.75e-06,4.73e-06,4.74e-06,2596960063.0
2026-06-11 12:55:00,4.74e-06,4.75e-06,4.74e-06,4.74e-06,597745210.0
2026-06-11 13:00:00,4.75e-06,4.75e-06,4.73e-06,4.74e-06,514150839.0
2026-06-11 13:05:00,4.73e-06,4.75e-06,4.73e-06,4.74e-06,1182260505.0
2026-06-11 13:10:00,4.74e-06,4.75e-06,4.74e-06,4.75e-06,287725206.0
2026-06-11 13:15:00,4.75e-06,4.75e-06,4.75e-06,4.75e-06,566898416.0
2026-06-11 13:20:00,4.75e-06,4.76e-06,4.74e-06,4.75e-06,2918799344.0
2026-06-11 13:25:00,4.74e-06,4.75e-06,4.74e-06,4.75e-06,1557866403.0
2026-06-11 13:30:00,4.74e-06,4.75e-06,4.73e-06,4.75e-06,1685240735.0
2026-06-11 13:35:00,4.74e-06,4.76e-06,4.74e-06,4.76e-06,706963232.0
2026-06-11 13:40:00,4.75e-06,4.76e-06,4.74e-06,4.75e-06,2292579378.0
2026-06-11 13:45:00,4.76e-06,4.78e-06,4.76e-06,4.78e-06,3288592237.0
2026-06-11 13:50:00,4.78e-06,4.79e-06,4.77e-06,4.78e-06,4030731140.0
2026-06-11 13:55:00,4.78e-06,4.78e-06,4.76e-06,4.76e-06,1670460693.0
2026-06-11 14:00:00,4.76e-06,4.78e-06,4.75e-06,4.76e-06,1250147177.0
2026-06-11 14:05:00,4.77e-06,4.77e-06,4.75e-06,4.76e-06,406367264.0
2026-06-11 14:10:00,4.75e-06,4.76e-06,4.74e-06,4.75e-06,1133596305.0
2026-06-11 14:15:00,4.75e-06,4.75e-06,4.73e-06,4.74e-06,1170192998.0
2026-06-11 14:20:00,4.74e-06,4.76e-06,4.74e-06,4.76e-06,2178920562.0
2026-06-11 14:25:00,4.75e-06,4.76e-06,4.75e-06,4.76e-06,1042425593.0
2026-06-11 14:30:00,4.75e-06,4.76e-06,4.74e-06,4.75e-06,586094632.0
2026-06-11 14:35:00,4.75e-06,4.77e-06,4.75e-06,4.75e-06,2152549205.0
2026-06-11 14:40:00,4.76e-06,4.76e-06,4.75e-06,4.75e-06,1663392552.0
2026-06-11 14:45:00,4.75e-06,4.77e-06,4.75e-06,4.76e-06,1968899219.0
2026-06-11 14:50:00,4.76e-06,4.78e-06,4.76e-06,4.76e-06,5670284672.0
2026-06-11 14:55:00,4.77e-06,4.77e-06,4.76e-06,4.76e-06,4059924486.0
2026-06-11 15:00:00,4.75e-06,4.76e-06,4.74e-06,4.74e-06,5923539313.0
2026-06-11 15:05:00,4.74e-06,4.75e-06,4.73e-06,4.74e-06,3017590788.0
2026-06-11 15:10:00,4.74e-06,4.76e-06,4.74e-06,4.76e-06,4270373013.0
2026-06-11 15:15:00,4.76e-06,4.76e-06,4.75e-06,4.75e-06,70712711.0
2026-06-11 15:20:00,4.76e-06,4.77e-06,4.76e-06,4.76e-06,806609504.0
2026-06-11 15:25:00,4.76e-06,4.77e-06,4.76e-06,4.76e-06,1232904380.0
2026-06-11 15:30:00,4.76e-06,4.77e-06,4.75e-06,4.76e-06,1999336862.0
2026-06-11 15:35:00,4.76e-06,4.77e-06,4.75e-06,4.76e-06,560912780.0
2026-06-11 15:40:00,4.76e-06,4.76e-06,4.75e-06,4.75e-06,117652100.0
2026-06-11 15:45:00,4.75e-06,4.76e-06,4.74e-06,4.76e-06,2028592958.0
2026-06-11 15:50:00,4.75e-06,4.76e-06,4.75e-06,4.76e-06,1861293012.0
2026-06-11 15:55:00,4.75e-06,4.76e-06,4.75e-06,4.76e-06,1318683590.0
2026-06-11 16:00:00,4.76e-06,4.77e-06,4.76e-06,4.76e-06,761201705.0
2026-06-11 16:05:00,4.76e-06,4.77e-06,4.75e-06,4.76e-06,380149072.0
2026-06-11 16:10:00,4.76e-06,4.78e-06,4.76e-06,4.78e-06,753806202.0
2026-06-11 16:15:00,4.78e-06,4.78e-06,4.77e-06,4.77e-06,891873839.0
2026-06-11 16:20:00,4.77e-06,4.78e-06,4.75e-06,4.76e-06,11811582340.0
2026-06-11 16:25:00,4.76e-06,4.77e-06,4.76e-06,4.77e-06,731743206.0
2026-06-11 16:30:00,4.77e-06,4.78e-06,4.75e-06,4.77e-06,6251837405.0
2026-06-11 16:35:00,4.78e-06,4.79e-06,4.77e-06,4.78e-06,4653277424.0
2026-06-11 16:40:00,4.77e-06,4.78e-06,4.76e-06,4.77e-06,259617078.0
2026-06-11 16:45:00,4.76e-06,4.77e-06,4.76e-06,4.77e-06,66829186.0
2026-06-11 16:50:00,4.77e-06,4.77e-06,4.76e-06,4.77e-06,125490535.0
2026-06-11 16:55:00,4.77e-06,4.77e-06,4.75e-06,4.77e-06,2473364690.0
2026-06-11 17:00:00,4.77e-06,4.78e-06,4.76e-06,4.77e-06,1175987036.0
2026-06-11 17:05:00,4.77e-06,4.78e-06,4.77e-06,4.78e-06,209971382.0
2026-06-11 17:10:00,4.78e-06,4.78e-06,4.76e-06,4.77e-06,796591143.0
2026-06-11 17:15:00,4.77e-06,4.77e-06,4.76e-06,4.76e-06,1979894799.0
2026-06-11 17:20:00,4.76e-06,4.76e-06,4.75e-06,4.76e-06,2823837390.0
2026-06-11 17:25:00,4.75e-06,4.81e-06,4.75e-06,4.81e-06,19855587483.0
2026-06-11 17:30:00,4.81e-06,4.85e-06,4.81e-06,4.84e-06,26303083831.0
2026-06-11 17:35:00,4.84e-06,4.85e-06,4.83e-06,4.83e-06,8483572065.0
2026-06-11 17:40:00,4.83e-06,4.86e-06,4.83e-06,4.86e-06,5813951462.0
2026-06-11 17:45:00,4.85e-06,4.89e-06,4.84e-06,4.88e-06,13857723885.0
2026-06-11 17:50:00,4.88e-06,4.89e-06,4.86e-06,4.87e-06,4714035875.0
2026-06-11 17:55:00,4.87e-06,4.88e-06,4.86e-06,4.87e-06,4397795450.0
2026-06-11 18:00:00,4.87e-06,4.89e-06,4.86e-06,4.87e-06,2686097647.0
2026-06-11 18:05:00,4.87e-06,4.87e-06,4.85e-06,4.86e-06,8474843017.0
2026-06-11 18:10:00,4.86e-06,4.88e-06,4.86e-06,4.87e-06,2694813569.0
2026-06-11 18:15:00,4.88e-06,4.89e-06,4.87e-06,4.88e-06,2260487355.0
2026-06-11 18:20:00,4.87e-06,4.88e-06,4.83e-06,4.84e-06,6395299199.0
2026-06-11 18:25:00,4.84e-06,4.85e-06,4.84e-06,4.85e-06,758426692.0
2026-06-11 18:30:00,4.84e-06,4.85e-06,4.83e-06,4.85e-06,2393031468.0
2026-06-11 18:35:00,4.85e-06,4.86e-06,4.84e-06,4.86e-06,3076477819.0
2026-06-11 18:40:00,4.85e-06,4.86e-06,4.84e-06,4.85e-06,1570457074.0
2026-06-11 18:45:00,4.85e-06,4.85e-06,4.84e-06,4.85e-06,1502036130.0
2026-06-11 18:50:00,4.85e-06,4.85e-06,4.84e-06,4.85e-06,343352313.0
2026-06-11 18:55:00,4.85e-06,4.85e-06,4.84e-06,4.85e-06,812218768.0
2026-06-11 19:00:00,4.84e-06,4.85e-06,4.83e-06,4.85e-06,5122082787.0
2026-06-11 19:05:00,4.84e-06,4.85e-06,4.83e-06,4.83e-06,1388013620.0
2026-06-11 19:10:00,4.83e-06,4.84e-06,4.82e-06,4.83e-06,5820837066.0
2026-06-11 19:15:00,4.83e-06,4.84e-06,4.83e-06,4.83e-06,569510468.0
2026-06-11 19:20:00,4.84e-06,4.85e-06,4.83e-06,4.84e-06,2424221048.0
2026-06-11 19:25:00,4.84e-06,4.85e-06,4.83e-06,4.83e-06,996722685.0
2026-06-11 19:30:00,4.84e-06,4.86e-06,4.84e-06,4.85e-06,5809206051.0
2026-06-11 19:35:00,4.85e-06,4.86e-06,4.84e-06,4.84e-06,565549838.0
2026-06-11 19:40:00,4.85e-06,4.85e-06,4.84e-06,4.84e-06,1926233810.0
2026-06-11 19:45:00,4.84e-06,4.85e-06,4.83e-06,4.85e-06,735930942.0
2026-06-11 19:50:00,4.84e-06,4.85e-06,4.83e-06,4.85e-06,562828566.0
2026-06-11 19:55:00,4.84e-06,4.85e-06,4.83e-06,4.84e-06,1371686947.0
2026-06-11 20:00:00,4.84e-06,4.84e-06,4.84e-06,4.84e-06,1364198622.0
2026-06-11 20:05:00,4.85e-06,4.85e-06,4.83e-06,4.83e-06,281711562.0
2026-06-11 20:10:00,4.83e-06,4.84e-06,4.83e-06,4.83e-06,3097655131.0
2026-06-11 20:15:00,4.84e-06,4.84e-06,4.83e-06,4.83e-06,372679327.0
2026-06-11 20:20:00,4.84e-06,4.84e-06,4.83e-06,4.84e-06,66454054.0
2026-06-11 20:25:00,4.83e-06,4.84e-06,4.82e-06,4.83e-06,5113677582.0
2026-06-11 20:30:00,4.83e-06,4.83e-06,4.82e-06,4.82e-06,94940917.0
2026-06-11 20:35:00,4.82e-06,4.83e-06,4.82e-06,4.82e-06,972612490.0
2026-06-11 20:40:00,4.82e-06,4.83e-06,4.82e-06,4.83e-06,76332111.0
2026-06-11 20:45:00,4.82e-06,4.83e-06,4.82e-06,4.82e-06,6921646768.0
2026-06-11 20:50:00,4.83e-06,4.84e-06,4.83e-06,4.83e-06,702744524.0
2026-06-11 20:55:00,4.82e-06,4.84e-06,4.82e-06,4.84e-06,1276856829.0
2026-06-11 21:00:00,4.84e-06,4.84e-06,4.83e-06,4.83e-06,105442340.0
2026-06-11 21:05:00,4.84e-06,4.84e-06,4.83e-06,4.84e-06,83438885.0
2026-06-11 21:10:00,4.84e-06,4.85e-06,4.83e-06,4.84e-06,313930825.0
2026-06-11 21:15:00,4.84e-06,4.85e-06,4.84e-06,4.85e-06,191313888.0
2026-06-11 21:20:00,4.84e-06,4.85e-06,4.84e-06,4.85e-06,858443271.0
2026-06-11 21:25:00,4.84e-06,4.84e-06,4.83e-06,4.84e-06,505502280.0
2026-06-11 21:30:00,4.83e-06,4.85e-06,4.83e-06,4.84e-06,1009701646.0
2026-06-11 21:35:00,4.83e-06,4.84e-06,4.83e-06,4.84e-06,83407687.0
2026-06-11 21:40:00,4.84e-06,4.84e-06,4.83e-06,4.84e-06,282943988.0
2026-06-11 21:45:00,4.84e-06,4.85e-06,4.84e-06,4.84e-06,1501427413.0
2026-06-11 21:50:00,4.84e-06,4.84e-06,4.83e-06,4.83e-06,982733680.0
2026-06-11 21:55:00,4.83e-06,4.84e-06,4.82e-06,4.83e-06,1826318556.0
2026-06-11 22:00:00,4.83e-06,4.84e-06,4.83e-06,4.84e-06,485730828.0
2026-06-11 22:05:00,4.84e-06,4.85e-06,4.83e-06,4.85e-06,1305580457.0
2026-06-11 22:10:00,4.84e-06,4.85e-06,4.83e-06,4.83e-06,2626278592.0
2026-06-11 22:15:00,4.84e-06,4.85e-06,4.83e-06,4.84e-06,3927328396.0
2026-06-11 22:20:00,4.84e-06,4.85e-06,4.83e-06,4.83e-06,411765978.0
2026-06-11 22:25:00,4.83e-06,4.84e-06,4.82e-06,4.83e-06,2340695740.0
2026-06-11 22:30:00,4.83e-06,4.84e-06,4.82e-06,4.82e-06,1889352106.0
2026-06-11 22:35:00,4.83e-06,4.83e-06,4.82e-06,4.83e-06,964861931.0
2026-06-11 22:40:00,4.82e-06,4.83e-06,4.82e-06,4.83e-06,56456743.0
2026-06-11 22:45:00,4.82e-06,4.83e-06,4.81e-06,4.82e-06,160713964.0
2026-06-11 22:50:00,4.83e-06,4.83e-06,4.82e-06,4.82e-06,16527118.0
2026-06-11 22:55:00,4.83e-06,4.83e-06,4.82e-06,4.83e-06,706638888.0
2026-06-11 23:00:00,4.82e-06,4.82e-06,4.81e-06,4.81e-06,1007092250.0
2026-06-11 23:05:00,4.81e-06,4.82e-06,4.8e-06,4.81e-06,3135834567.0
2026-06-11 23:10:00,4.81e-06,4.82e-06,4.81e-06,4.82e-06,206282128.0
2026-06-11 23:15:00,4.82e-06,4.82e-06,4.82e-06,4.82e-06,111181962.0
2026-06-11 23:20:00,4.82e-06,4.82e-06,4.81e-06,4.82e-06,6378396.0
2026-06-11 23:25:00,4.82e-06,4.82e-06,4.8e-06,4.8e-06,769138976.0
2026-06-11 23:30:00,4.8e-06,4.82e-06,4.8e-06,4.81e-06,202379044.0
2026-06-11 23:35:00,4.82e-06,4.82e-06,4.81e-06,4.81e-06,1086232558.0
2026-06-11 23:40:00,4.81e-06,4.83e-06,4.81e-06,4.82e-06,1764715735.0
2026-06-11 23:45:00,4.82e-06,4.82e-06,4.81e-06,4.82e-06,972738915.0
2026-06-11 23:50:00,4.82e-06,4.82e-06,4.81e-06,4.82e-06,1992773616.0
2026-06-11 23:55:00,4.82e-06,4.82e-06,4.81e-06,4.81e-06,39374243.0
2026-06-12 00:00:00,4.82e-06,4.82e-06,4.81e-06,4.82e-06,1603727222.0
2026-06-12 00:05:00,4.82e-06,4.83e-06,4.81e-06,4.83e-06,9459204115.0
2026-06-12 00:10:00,4.83e-06,4.83e-06,4.82e-06,4.83e-06,2887865301.0
2026-06-12 00:15:00,4.83e-06,4.84e-06,4.82e-06,4.84e-06,1916574569.0
2026-06-12 00:20:00,4.83e-06,4.84e-06,4.83e-06,4.83e-06,14067966.0
2026-06-12 00:25:00,4.83e-06,4.84e-06,4.83e-06,4.84e-06,862207692.0
2026-06-12 00:30:00,4.83e-06,4.84e-06,4.83e-06,4.83e-06,1109386642.0
2026-06-12 00:35:00,4.84e-06,4.85e-06,4.83e-06,4.84e-06,1287078177.0
2026-06-12 00:40:00,4.83e-06,4.84e-06,4.83e-06,4.83e-06,144195523.0
2026-06-12 00:45:00,4.83e-06,4.84e-06,4.83e-06,4.83e-06,135340778.0
2026-06-12 00:50:00,4.83e-06,4.84e-06,4.83e-06,4.84e-06,534596414.0
2026-06-12 00:55:00,4.84e-06,4.85e-06,4.83e-06,4.83e-06,1377395262.0
2026-06-12 01:00:00,4.83e-06,4.83e-06,4.82e-06,4.83e-06,764808262.0
2026-06-12 01:05:00,4.82e-06,4.83e-06,4.82e-06,4.83e-06,953578302.0
2026-06-12 01:10:00,4.82e-06,4.84e-06,4.82e-06,4.83e-06,951753642.0
2026-06-12 01:15:00,4.83e-06,4.83e-06,4.82e-06,4.82e-06,145386420.0
2026-06-12 01:20:00,4.83e-06,4.83e-06,4.81e-06,4.81e-06,1073665211.0
2026-06-12 01:25:00,4.82e-06,4.82e-06,4.8e-06,4.81e-06,6177197744.0
2026-06-12 01:30:00,4.82e-06,4.82e-06,4.81e-06,4.82e-06,957528297.0
2026-06-12 01:35:00,4.81e-06,4.82e-06,4.81e-06,4.81e-06,275538684.0
2026-06-12 01:40:00,4.81e-06,4.82e-06,4.81e-06,4.81e-06,358571195.0
2026-06-12 01:45:00,4.82e-06,4.83e-06,4.81e-06,4.83e-06,2478862490.0
2026-06-12 01:50:00,4.82e-06,4.83e-06,4.82e-06,4.83e-06,1273249047.0
2026-06-12 01:55:00,4.83e-06,4.84e-06,4.82e-06,4.84e-06,2144863878.0
2026-06-12 02:00:00,4.84e-06,4.84e-06,4.83e-06,4.83e-06,66513237.0
2026-06-12 02:05:00,4.83e-06,4.84e-06,4.83e-06,4.84e-06,782432560.0
2026-06-12 02:10:00,4.85e-06,4.85e-06,4.84e-06,4.85e-06,753590805.0
2026-06-12 02:15:00,4.84e-06,4.84e-06,4.83e-06,4.83e-06,644427606.0
2026-06-12 02:20:00,4.84e-06,4.85e-06,4.84e-06,4.84e-06,271385565.0
2026-06-12 02:25:00,4.84e-06,4.84e-06,4.83e-06,4.84e-06,298945704.0
2026-06-12 02:30:00,4.83e-06,4.84e-06,4.83e-06,4.84e-06,519429095.0
2026-06-12 02:35:00,4.84e-06,4.85e-06,4.83e-06,4.85e-06,317153618.0
2026-06-12 02:40:00,4.85e-06,4.85e-06,4.84e-06,4.85e-06,122633920.0
2026-06-12 02:45:00,4.84e-06,4.85e-06,4.84e-06,4.84e-06,66674029.0
2026-06-12 02:50:00,4.84e-06,4.85e-06,4.84e-06,4.84e-06,134164402.0
2026-06-12 02:55:00,4.84e-06,4.85e-06,4.84e-06,4.84e-06,2886500297.0
2026-06-12 03:00:00,4.85e-06,4.85e-06,4.84e-06,4.85e-06,2772497671.0
2026-06-12 03:05:00,4.84e-06,4.85e-06,4.84e-06,4.85e-06,139303546.0
2026-06-12 03:10:00,4.85e-06,4.85e-06,4.84e-06,4.85e-06,146580313.0
2026-06-12 03:15:00,4.84e-06,4.85e-06,4.83e-06,4.84e-06,3643763909.0
2026-06-12 03:20:00,4.84e-06,4.85e-06,4.83e-06,4.85e-06,4922582362.0
2026-06-12 03:25:00,4.84e-06,4.85e-06,4.83e-06,4.85e-06,6943799855.0
2026-06-12 03:30:00,4.85e-06,4.85e-06,4.84e-06,4.85e-06,181928742.0
2026-06-12 03:35:00,4.84e-06,4.85e-06,4.84e-06,4.84e-06,69505432.0
2026-06-12 03:40:00,4.85e-06,4.85e-06,4.84e-06,4.84e-06,48442753.0
2026-06-12 03:45:00,4.85e-06,4.86e-06,4.84e-06,4.85e-06,6992370218.0
2026-06-12 03:50:00,4.85e-06,4.86e-06,4.85e-06,4.86e-06,3042449702.0
2026-06-12 03:55:00,4.86e-06,4.86e-06,4.85e-06,4.86e-06,281398477.0
2026-06-12 04:00:00,4.86e-06,4.86e-06,4.84e-06,4.84e-06,3752114235.0
2026-06-12 04:05:00,4.84e-06,4.85e-06,4.84e-06,4.85e-06,326376229.0
2026-06-12 04:10:00,4.85e-06,4.85e-06,4.84e-06,4.85e-06,4895608881.0
2026-06-12 04:15:00,4.85e-06,4.86e-06,4.85e-06,4.85e-06,4276899536.0
2026-06-12 04:20:00,4.85e-06,4.86e-06,4.85e-06,4.85e-06,64216763.0
2026-06-12 04:25:00,4.86e-06,4.86e-06,4.85e-06,4.86e-06,3408860574.0
2026-06-12 04:30:00,4.86e-06,4.87e-06,4.86e-06,4.87e-06,2807517925.0
2026-06-12 04:35:00,4.87e-06,4.87e-06,4.86e-06,4.86e-06,398249629.0
2026-06-12 04:40:00,4.87e-06,4.87e-06,4.85e-06,4.86e-06,4326910044.0
2026-06-12 04:45:00,4.86e-06,4.86e-06,4.85e-06,4.86e-06,726549051.0
2026-06-12 04:50:00,4.85e-06,4.87e-06,4.85e-06,4.85e-06,661688982.0
2026-06-12 04:55:00,4.85e-06,4.86e-06,4.85e-06,4.85e-06,253781386.0
2026-06-12 05:00:00,4.85e-06,4.86e-06,4.84e-06,4.84e-06,3699127115.0
2026-06-12 05:05:00,4.84e-06,4.85e-06,4.84e-06,4.84e-06,3547586777.0
2026-06-12 05:10:00,4.84e-06,4.85e-06,4.83e-06,4.84e-06,3496562695.0
2026-06-12 05:15:00,4.83e-06,4.85e-06,4.83e-06,4.84e-06,2146804796.0
2026-06-12 05:20:00,4.84e-06,4.85e-06,4.83e-06,4.84e-06,7769723821.0
2026-06-12 05:25:00,4.84e-06,4.85e-06,4.84e-06,4.84e-06,2107381945.0
2026-06-12 05:30:00,4.85e-06,4.85e-06,4.84e-06,4.85e-06,4442290769.0
2026-06-12 05:35:00,4.85e-06,4.85e-06,4.82e-06,4.82e-06,4103062225.0
2026-06-12 05:40:00,4.83e-06,4.83e-06,4.82e-06,4.83e-06,99172041.0
2026-06-12 05:45:00,4.83e-06,4.83e-06,4.82e-06,4.82e-06,6643165618.0
2026-06-12 05:50:00,4.83e-06,4.83e-06,4.81e-06,4.82e-06,9144688193.0
2026-06-12 05:55:00,4.82e-06,4.83e-06,4.81e-06,4.81e-06,3184523558.0
2026-06-12 06:00:00,4.82e-06,4.83e-06,4.81e-06,4.82e-06,7367735851.0
2026-06-12 06:05:00,4.82e-06,4.82e-06,4.8e-06,4.81e-06,4867822988.0
2026-06-12 06:10:00,4.81e-06,4.81e-06,4.8e-06,4.8e-06,133754151.0
2026-06-12 06:15:00,4.81e-06,4.82e-06,4.8e-06,4.81e-06,9958766136.0
2026-06-12 06:20:00,4.81e-06,4.82e-06,4.8e-06,4.81e-06,8829588548.0
2026-06-12 06:25:00,4.82e-06,4.82e-06,4.8e-06,4.8e-06,1906670840.0
2026-06-12 06:30:00,4.81e-06,4.81e-06,4.78e-06,4.79e-06,14503248417.0
2026-06-12 06:35:00,4.79e-06,4.8e-06,4.78e-06,4.8e-06,7025201837.0
2026-06-12 06:40:00,4.79e-06,4.8e-06,4.79e-06,4.79e-06,639038961.0
2026-06-12 06:45:00,4.8e-06,4.81e-06,4.8e-06,4.8e-06,3216436892.0
2026-06-12 06:50:00,4.8e-06,4.81e-06,4.79e-06,4.8e-06,9936913945.0
2026-06-12 06:55:00,4.8e-06,4.81e-06,4.79e-06,4.79e-06,7811680288.0
2026-06-12 07:00:00,4.79e-06,4.81e-06,4.79e-06,4.8e-06,2686753305.0
2026-06-12 07:05:00,4.8e-06,4.81e-06,4.8e-06,4.81e-06,366691516.0
2026-06-12 07:10:00,4.8e-06,4.81e-06,4.8e-06,4.8e-06,8753615046.0
2026-06-12 07:15:00,4.79e-06,4.81e-06,4.79e-06,4.8e-06,2771619598.0
2026-06-12 07:20:00,4.81e-06,4.81e-06,4.8e-06,4.81e-06,3125355703.0
2026-06-12 07:25:00,4.81e-06,4.81e-06,4.8e-06,4.8e-06,1411216647.0
2026-06-12 07:30:00,4.8e-06,4.81e-06,4.8e-06,4.81e-06,2987850945.0
2026-06-12 07:35:00,4.8e-06,4.82e-06,4.8e-06,4.82e-06,1750927757.0
2026-06-12 07:40:00,4.82e-06,4.82e-06,4.81e-06,4.82e-06,76511904.0
2026-06-12 07:45:00,4.82e-06,4.82e-06,4.8e-06,4.81e-06,3551066562.0
2026-06-12 07:50:00,4.81e-06,4.82e-06,4.8e-06,4.82e-06,4081752248.0
2026-06-12 07:55:00,4.81e-06,4.83e-06,4.81e-06,4.82e-06,15645766852.0
2026-06-12 08:00:00,4.82e-06,4.83e-06,4.81e-06,4.83e-06,578858540.0
2026-06-12 08:05:00,4.82e-06,4.84e-06,4.82e-06,4.84e-06,1393111634.0
2026-06-12 08:10:00,4.83e-06,4.85e-06,4.83e-06,4.84e-06,6553350493.0
2026-06-12 08:15:00,4.84e-06,4.85e-06,4.83e-06,4.84e-06,6894725261.0
2026-06-12 08:20:00,4.85e-06,4.85e-06,4.84e-06,4.85e-06,6599741209.0
2026-06-12 08:25:00,4.85e-06,4.85e-06,4.84e-06,4.85e-06,281713876.0
2026-06-12 08:30:00,4.85e-06,4.85e-06,4.84e-06,4.85e-06,1892484534.0
2026-06-12 08:35:00,4.84e-06,4.85e-06,4.83e-06,4.85e-06,6502228767.0
2026-06-12 08:40:00,4.85e-06,4.85e-06,4.84e-06,4.84e-06,304620588.0
2026-06-12 08:45:00,4.85e-06,4.85e-06,4.84e-06,4.85e-06,2258891499.0
2026-06-12 08:50:00,4.85e-06,4.86e-06,4.84e-06,4.85e-06,2558799872.0
2026-06-12 08:55:00,4.84e-06,4.86e-06,4.84e-06,4.85e-06,1910569466.0
2026-06-12 09:00:00,4.86e-06,4.86e-06,4.84e-06,4.84e-06,4561063872.0
2026-06-12 09:05:00,4.84e-06,4.86e-06,4.84e-06,4.86e-06,5632340744.0
2026-06-12 09:10:00,4.85e-06,4.86e-06,4.85e-06,4.86e-06,4144087671.0
2026-06-12 09:15:00,4.85e-06,4.87e-06,4.85e-06,4.87e-06,4210811827.0
2026-06-12 09:20:00,4.86e-06,4.88e-06,4.86e-06,4.87e-06,5625456219.0
2026-06-12 09:25:00,4.88e-06,4.88e-06,4.87e-06,4.87e-06,2359327747.0
2026-06-12 09:30:00,4.87e-06,4.89e-06,4.87e-06,4.88e-06,7742570451.0
2026-06-12 09:35:00,4.88e-06,4.89e-06,4.87e-06,4.88e-06,10515555509.0
2026-06-12 09:40:00,4.88e-06,4.9e-06,4.88e-06,4.89e-06,1920686309.0
2026-06-12 09:45:00,4.9e-06,4.9e-06,4.89e-06,4.89e-06,16190165070.0
2026-06-12 09:50:00,4.89e-06,4.89e-06,4.88e-06,4.88e-06,4372134701.0
2026-06-12 09:55:00,4.88e-06,4.89e-06,4.88e-06,4.88e-06,7170077529.0
2026-06-12 10:00:00,4.88e-06,4.89e-06,4.88e-06,4.89e-06,2998564686.0
2026-06-12 10:05:00,4.88e-06,4.89e-06,4.88e-06,4.89e-06,5069803560.0
2026-06-12 10:10:00,4.89e-06,4.89e-06,4.87e-06,4.88e-06,9740345818.0
2026-06-12 10:15:00,4.88e-06,4.89e-06,4.87e-06,4.88e-06,4470233923.0
2026-06-12 10:20:00,4.88e-06,4.88e-06,4.86e-06,4.87e-06,4287371613.0
2026-06-12 10:25:00,4.87e-06,4.87e-06,4.86e-06,4.86e-06,10635605059.0
2026-06-12 10:30:00,4.87e-06,4.88e-06,4.87e-06,4.88e-06,4481762597.0
2026-06-12 10:35:00,4.88e-06,4.88e-06,4.87e-06,4.88e-06,8004215000.0
2026-06-12 10:40:00,4.88e-06,4.88e-06,4.86e-06,4.86e-06,392104929.0
2026-06-12 10:45:00,4.87e-06,4.88e-06,4.87e-06,4.87e-06,6844061474.0
2026-06-12 10:50:00,4.87e-06,4.88e-06,4.87e-06,4.87e-06,1466239552.0
2026-06-12 10:55:00,4.87e-06,4.88e-06,4.87e-06,4.87e-06,6140188041.0
2026-06-12 11:00:00,4.86e-06,4.88e-06,4.86e-06,4.86e-06,3331080439.0
2026-06-12 11:05:00,4.87e-06,4.88e-06,4.87e-06,4.87e-06,4977912803.0
2026-06-12 11:10:00,4.86e-06,4.88e-06,4.86e-06,4.87e-06,2282284916.0
2026-06-12 11:15:00,4.88e-06,4.88e-06,4.86e-06,4.87e-06,4114704823.0
2026-06-12 11:20:00,4.87e-06,4.88e-06,4.86e-06,4.87e-06,7497044109.0
2026-06-12 11:25:00,4.88e-06,4.88e-06,4.86e-06,4.86e-06,3424886290.0
2026-06-12 11:30:00,4.87e-06,4.87e-06,4.86e-06,4.87e-06,3368173192.0
2026-06-12 11:35:00,4.87e-06,4.87e-06,4.85e-06,4.85e-06,8838538340.0
2026-06-12 11:40:00,4.86e-06,4.87e-06,4.86e-06,4.87e-06,1649184206.0
2026-06-12 11:45:00,4.87e-06,4.88e-06,4.87e-06,4.87e-06,5482865668.0
2026-06-12 11:50:00,4.87e-06,4.87e-06,4.86e-06,4.87e-06,1424519135.0
2026-06-12 11:55:00,4.87e-06,4.87e-06,4.86e-06,4.87e-06,3255443300.0
2026-06-12 12:00:00,4.86e-06,4.87e-06,4.86e-06,4.87e-06,4050466543.0
2026-06-12 12:05:00,4.87e-06,4.88e-06,4.86e-06,4.88e-06,888350212.0
2026-06-12 12:10:00,4.88e-06,4.88e-06,4.86e-06,4.87e-06,3014061623.0
2026-06-12 12:15:00,4.87e-06,4.88e-06,4.86e-06,4.87e-06,2156483666.0
2026-06-12 12:20:00,4.87e-06,4.87e-06,4.86e-06,4.86e-06,8280241107.0
2026-06-12 12:25:00,4.87e-06,4.87e-06,4.86e-06,4.87e-06,6944965880.0
2026-06-12 12:30:00,4.86e-06,4.87e-06,4.86e-06,4.87e-06,3632773070.0
2026-06-12 12:35:00,4.87e-06,4.87e-06,4.85e-06,4.86e-06,2648619972.0
2026-06-12 12:40:00,4.85e-06,4.87e-06,4.85e-06,4.85e-06,11556935057.0
2026-06-12 12:45:00,4.85e-06,4.86e-06,4.85e-06,4.85e-06,7308897411.0
2026-06-12 12:50:00,4.86e-06,4.86e-06,4.85e-06,4.85e-06,2703994043.0
2026-06-12 12:55:00,4.85e-06,4.86e-06,4.84e-06,4.86e-06,4526313463.0
2026-06-12 13:00:00,4.86e-06,4.87e-06,4.84e-06,4.84e-06,12839136382.0
2026-06-12 13:05:00,4.84e-06,4.86e-06,4.84e-06,4.85e-06,10114572980.0
2026-06-12 13:10:00,4.85e-06,4.85e-06,4.84e-06,4.85e-06,4931062450.0
2026-06-12 13:15:00,4.85e-06,4.86e-06,4.84e-06,4.86e-06,4846353979.0
2026-06-12 13:20:00,4.85e-06,4.86e-06,4.84e-06,4.84e-06,1445547883.0
2026-06-12 13:25:00,4.84e-06,4.85e-06,4.83e-06,4.85e-06,9954435226.0
2026-06-12 13:30:00,4.85e-06,4.85e-06,4.82e-06,4.82e-06,23316841824.0
2026-06-12 13:35:00,4.83e-06,4.85e-06,4.83e-06,4.84e-06,8934632451.0
2026-06-12 13:40:00,4.85e-06,4.85e-06,4.8e-06,4.82e-06,18797820137.0
2026-06-12 13:45:00,4.82e-06,4.82e-06,4.81e-06,4.81e-06,14247394680.0
2026-06-12 13:50:00,4.82e-06,4.83e-06,4.81e-06,4.81e-06,10587415197.0
2026-06-12 13:55:00,4.81e-06,4.83e-06,4.8e-06,4.83e-06,8611208145.0
2026-06-12 14:00:00,4.82e-06,4.84e-06,4.82e-06,4.84e-06,13564773644.0
2026-06-12 14:05:00,4.84e-06,4.85e-06,4.83e-06,4.83e-06,7819161808.0
2026-06-12 14:10:00,4.83e-06,4.85e-06,4.83e-06,4.85e-06,1377490352.0
2026-06-12 14:15:00,4.85e-06,4.85e-06,4.83e-06,4.85e-06,10986785984.0
2026-06-12 14:20:00,4.84e-06,4.87e-06,4.84e-06,4.86e-06,15244721073.0
2026-06-12 14:25:00,4.86e-06,4.9e-06,4.86e-06,4.88e-06,16093723820.0
2026-06-12 14:30:00,4.88e-06,4.89e-06,4.87e-06,4.89e-06,23367137308.0
2026-06-12 14:35:00,4.89e-06,4.93e-06,4.89e-06,4.91e-06,19710008544.0
2026-06-12 14:40:00,4.91e-06,4.92e-06,4.89e-06,4.9e-06,13492297316.0
2026-06-12 14:45:00,4.89e-06,4.91e-06,4.88e-06,4.88e-06,20004237808.0
2026-06-12 14:50:00,4.89e-06,4.93e-06,4.88e-06,4.93e-06,23313311432.0
2026-06-12 14:55:00,4.93e-06,4.93e-06,4.91e-06,4.93e-06,21884781856.0
2026-06-12 15:00:00,4.93e-06,4.94e-06,4.9e-06,4.91e-06,13147873953.0
2026-06-12 15:05:00,4.91e-06,4.93e-06,4.91e-06,4.92e-06,13415244298.0
2026-06-12 15:10:00,4.92e-06,4.94e-06,4.91e-06,4.93e-06,8853259673.0
2026-06-12 15:15:00,4.94e-06,4.94e-06,4.91e-06,4.92e-06,11055143075.0
2026-06-12 15:20:00,4.91e-06,4.92e-06,4.9e-06,4.92e-06,13093245608.0
2026-06-12 15:25:00,4.92e-06,4.92e-06,4.89e-06,4.9e-06,10026103900.0
2026-06-12 15:30:00,4.9e-06,4.9e-06,4.88e-06,4.88e-06,5819566398.0
2026-06-12 15:35:00,4.89e-06,4.9e-06,4.87e-06,4.88e-06,29411686368.0
2026-06-12 15:40:00,4.88e-06,4.88e-06,4.86e-06,4.87e-06,15688248059.0
2026-06-12 15:45:00,4.88e-06,4.88e-06,4.85e-06,4.87e-06,13691605637.0
2026-06-12 15:50:00,4.87e-06,4.88e-06,4.86e-06,4.88e-06,19330254415.0
2026-06-12 15:55:00,4.88e-06,4.88e-06,4.84e-06,4.84e-06,9688572891.0
2026-06-12 16:00:00,4.84e-06,4.86e-06,4.84e-06,4.86e-06,20093697852.0
2026-06-12 16:05:00,4.86e-06,4.87e-06,4.85e-06,4.86e-06,5637390518.0
2026-06-12 16:10:00,4.86e-06,4.89e-06,4.86e-06,4.87e-06,23422887835.0
2026-06-12 16:15:00,4.88e-06,4.89e-06,4.86e-06,4.87e-06,4042336365.0
2026-06-12 16:20:00,4.87e-06,4.87e-06,4.86e-06,4.86e-06,4367151483.0
2026-06-12 16:25:00,4.86e-06,4.88e-06,4.85e-06,4.86e-06,8028761906.0
2026-06-12 16:30:00,4.87e-06,4.88e-06,4.86e-06,4.87e-06,7985053934.0
2026-06-12 16:35:00,4.87e-06,4.88e-06,4.86e-06,4.88e-06,2752297086.0
2026-06-12 16:40:00,4.87e-06,4.88e-06,4.86e-06,4.87e-06,6340144250.0
2026-06-12 16:45:00,4.87e-06,4.88e-06,4.86e-06,4.87e-06,1375475866.0
2026-06-12 16:50:00,4.88e-06,4.88e-06,4.87e-06,4.88e-06,1524075766.0
2026-06-12 16:55:00,4.87e-06,4.88e-06,4.87e-06,4.88e-06,105554504.0
2026-06-12 17:00:00,4.87e-06,4.88e-06,4.86e-06,4.87e-06,4712810697.0
2026-06-12 17:05:00,4.87e-06,4.89e-06,4.87e-06,4.88e-06,4199463448.0
2026-06-12 17:10:00,4.89e-06,4.89e-06,4.86e-06,4.87e-06,9313159592.0
2026-06-12 17:15:00,4.87e-06,4.87e-06,4.86e-06,4.86e-06,3002682051.0
2026-06-12 17:20:00,4.87e-06,4.87e-06,4.85e-06,4.85e-06,3909389703.0
2026-06-12 17:25:00,4.85e-06,4.87e-06,4.85e-06,4.86e-06,3153652535.0
2026-06-12 17:30:00,4.85e-06,4.86e-06,4.85e-06,4.86e-06,3465011014.0
2026-06-12 17:35:00,4.86e-06,4.86e-06,4.85e-06,4.86e-06,2946799759.0
2026-06-12 17:40:00,4.85e-06,4.86e-06,4.85e-06,4.86e-06,4667829644.0
2026-06-12 17:45:00,4.86e-06,4.86e-06,4.85e-06,4.86e-06,3592698675.0
2026-06-12 17:50:00,4.86e-06,4.86e-06,4.84e-06,4.84e-06,5095447996.0
2026-06-12 17:55:00,4.85e-06,4.85e-06,4.84e-06,4.85e-06,1827208293.0
2026-06-12 18:00:00,4.84e-06,4.86e-06,4.84e-06,4.86e-06,5359857786.0
2026-06-12 18:05:00,4.85e-06,4.86e-06,4.83e-06,4.84e-06,9852371904.0
2026-06-12 18:10:00,4.85e-06,4.86e-06,4.84e-06,4.84e-06,5532067663.0
2026-06-12 18:15:00,4.85e-06,4.85e-06,4.83e-06,4.84e-06,5078054173.0
2026-06-12 18:20:00,4.84e-06,4.85e-06,4.83e-06,4.84e-06,4173368002.0
2026-06-12 18:25:00,4.84e-06,4.85e-06,4.83e-06,4.84e-06,7548966816.0
2026-06-12 18:30:00,4.84e-06,4.85e-06,4.83e-06,4.85e-06,11016779448.0
2026-06-12 18:35:00,4.85e-06,4.86e-06,4.84e-06,4.86e-06,5055125183.0
2026-06-12 18:40:00,4.86e-06,4.86e-06,4.85e-06,4.86e-06,4840849783.0
2026-06-12 18:45:00,4.86e-06,4.87e-06,4.85e-06,4.86e-06,2669338261.0
2026-06-12 18:50:00,4.86e-06,4.86e-06,4.85e-06,4.86e-06,2494248765.0
2026-06-12 18:55:00,4.86e-06,4.87e-06,4.85e-06,4.85e-06,3908658378.0
2026-06-12 19:00:00,4.86e-06,4.87e-06,4.85e-06,4.86e-06,13573061013.0
2026-06-12 19:05:00,4.86e-06,4.87e-06,4.85e-06,4.87e-06,1990458928.0
2026-06-12 19:10:00,4.87e-06,4.87e-06,4.86e-06,4.86e-06,2139609740.0
2026-06-12 19:15:00,4.86e-06,4.87e-06,4.85e-06,4.87e-06,1054846516.0
2026-06-12 19:20:00,4.87e-06,4.87e-06,4.86e-06,4.86e-06,429840724.0
2026-06-12 19:25:00,4.86e-06,4.88e-06,4.85e-06,4.86e-06,18745734349.0
2026-06-12 19:30:00,4.86e-06,4.86e-06,4.85e-06,4.86e-06,2019896830.0
2026-06-12 19:35:00,4.86e-06,4.88e-06,4.85e-06,4.87e-06,14875310426.0
2026-06-12 19:40:00,4.87e-06,4.87e-06,4.86e-06,4.87e-06,235841720.0
2026-06-12 19:45:00,4.87e-06,4.87e-06,4.85e-06,4.86e-06,1053998262.0
2026-06-12 19:50:00,4.86e-06,4.86e-06,4.85e-06,4.86e-06,3413517677.0
2026-06-12 19:55:00,4.85e-06,4.86e-06,4.85e-06,4.85e-06,147878448.0
2026-06-12 20:00:00,4.86e-06,4.86e-06,4.85e-06,4.86e-06,6122139054.0
2026-06-12 20:05:00,4.86e-06,4.87e-06,4.85e-06,4.86e-06,3275884765.0
2026-06-12 20:10:00,4.86e-06,4.86e-06,4.85e-06,4.86e-06,2294466090.0
2026-06-12 20:15:00,4.85e-06,4.86e-06,4.85e-06,4.86e-06,49071752.0
2026-06-12 20:20:00,4.86e-06,4.87e-06,4.86e-06,4.86e-06,3673196483.0
2026-06-12 20:25:00,4.87e-06,4.87e-06,4.85e-06,4.85e-06,3600448183.0
2026-06-12 20:30:00,4.86e-06,4.87e-06,4.85e-06,4.85e-06,2551431889.0
2026-06-12 20:35:00,4.86e-06,4.86e-06,4.85e-06,4.86e-06,88364305.0
2026-06-12 20:40:00,4.86e-06,4.86e-06,4.85e-06,4.86e-06,1617109529.0
2026-06-12 20:45:00,4.86e-06,4.86e-06,4.84e-06,4.85e-06,6452474871.0
2026-06-12 20:50:00,4.84e-06,4.85e-06,4.84e-06,4.85e-06,417379395.0
2026-06-12 20:55:00,4.85e-06,4.85e-06,4.84e-06,4.85e-06,161043904.0
2026-06-12 21:00:00,4.85e-06,4.85e-06,4.84e-06,4.84e-06,1574347589.0
2026-06-12 21:05:00,4.84e-06,4.85e-06,4.84e-06,4.85e-06,2133687392.0
2026-06-12 21:10:00,4.85e-06,4.86e-06,4.84e-06,4.86e-06,3933380315.0
2026-06-12 21:15:00,4.86e-06,4.87e-06,4.86e-06,4.86e-06,1547143600.0
2026-06-12 21:20:00,4.87e-06,4.87e-06,4.86e-06,4.87e-06,284296812.0
2026-06-12 21:25:00,4.87e-06,4.87e-06,4.86e-06,4.87e-06,75423123.0
2026-06-12 21:30:00,4.86e-06,4.87e-06,4.86e-06,4.87e-06,15840496.0
2026-06-12 21:35:00,4.87e-06,4.87e-06,4.86e-06,4.87e-06,4402514174.0
2026-06-12 21:40:00,4.87e-06,4.87e-06,4.86e-06,4.87e-06,1987772927.0
2026-06-12 21:45:00,4.86e-06,4.87e-06,4.85e-06,4.85e-06,229872975.0
2026-06-12 21:50:00,4.86e-06,4.86e-06,4.85e-06,4.86e-06,58312649.0
2026-06-12 21:55:00,4.86e-06,4.86e-06,4.84e-06,4.85e-06,991506251.0
2026-06-12 22:00:00,4.85e-06,4.85e-06,4.84e-06,4.84e-06,1376582031.0
2026-06-12 22:05:00,4.84e-06,4.85e-06,4.84e-06,4.84e-06,276618108.0
2026-06-12 22:10:00,4.85e-06,4.85e-06,4.84e-06,4.85e-06,251838969.0
2026-06-12 22:15:00,4.85e-06,4.85e-06,4.84e-06,4.85e-06,845050810.0
2026-06-12 22:20:00,4.85e-06,4.86e-06,4.84e-06,4.85e-06,5483276009.0
2026-06-12 22:25:00,4.84e-06,4.85e-06,4.84e-06,4.85e-06,214182164.0
2026-06-12 22:30:00,4.84e-06,4.85e-06,4.83e-06,4.84e-06,6839234074.0
2026-06-12 22:35:00,4.84e-06,4.85e-06,4.84e-06,4.84e-06,2956237918.0
2026-06-12 22:40:00,4.84e-06,4.84e-06,4.83e-06,4.84e-06,596151316.0
2026-06-12 22:45:00,4.84e-06,4.84e-06,4.84e-06,4.84e-06,13922232.0
2026-06-12 22:50:00,4.84e-06,4.84e-06,4.83e-06,4.84e-06,167024964.0
2026-06-12 22:55:00,4.83e-06,4.84e-06,4.83e-06,4.83e-06,14578158.0
2026-06-12 23:00:00,4.84e-06,4.84e-06,4.83e-06,4.84e-06,9553478486.0
2026-06-12 23:05:00,4.83e-06,4.85e-06,4.83e-06,4.84e-06,4488140285.0
2026-06-12 23:10:00,4.83e-06,4.84e-06,4.83e-06,4.84e-06,143315417.0
2026-06-12 23:15:00,4.84e-06,4.84e-06,4.83e-06,4.83e-06,174707379.0
2026-06-12 23:20:00,4.83e-06,4.84e-06,4.82e-06,4.84e-06,4601574936.0
2026-06-12 23:25:00,4.84e-06,4.84e-06,4.83e-06,4.83e-06,221660440.0
2026-06-12 23:30:00,4.83e-06,4.84e-06,4.83e-06,4.84e-06,595272495.0
2026-06-12 23:35:00,4.84e-06,4.85e-06,4.83e-06,4.85e-06,6401812387.0
2026-06-12 23:40:00,4.85e-06,4.85e-06,4.84e-06,4.84e-06,1797923576.0
2026-06-12 23:45:00,4.84e-06,4.85e-06,4.84e-06,4.84e-06,2896718395.0
2026-06-12 23:50:00,4.85e-06,4.85e-06,4.84e-06,4.85e-06,2152265679.0
2026-06-12 23:55:00,4.85e-06,4.85e-06,4.84e-06,4.85e-06,5805134718.0
2026-06-13 00:00:00,4.85e-06,4.85e-06,4.84e-06,4.85e-06,1314180882.0
2026-06-13 00:05:00,4.85e-06,4.85e-06,4.83e-06,4.84e-06,3113370145.0
2026-06-13 00:10:00,4.85e-06,4.85e-06,4.84e-06,4.85e-06,23974447.0
2026-06-13 00:15:00,4.85e-06,4.86e-06,4.84e-06,4.85e-06,1471404670.0
2026-06-13 00:20:00,4.85e-06,4.85e-06,4.85e-06,4.85e-06,40496886.0
2026-06-13 00:25:00,4.84e-06,4.85e-06,4.84e-06,4.85e-06,352568365.0
2026-06-13 00:30:00,4.84e-06,4.86e-06,4.84e-06,4.86e-06,778793157.0
2026-06-13 00:35:00,4.85e-06,4.86e-06,4.85e-06,4.86e-06,1456112631.0
2026-06-13 00:40:00,4.86e-06,4.86e-06,4.85e-06,4.86e-06,59858652.0
2026-06-13 00:45:00,4.86e-06,4.86e-06,4.85e-06,4.86e-06,3008895509.0
2026-06-13 00:50:00,4.86e-06,4.86e-06,4.85e-06,4.86e-06,3186773272.0
2026-06-13 00:55:00,4.85e-06,4.86e-06,4.85e-06,4.85e-06,8305050039.0
2026-06-13 01:00:00,4.85e-06,4.86e-06,4.85e-06,4.86e-06,1578579716.0
2026-06-13 01:05:00,4.87e-06,4.88e-06,4.86e-06,4.86e-06,7576338284.0
2026-06-13 01:10:00,4.87e-06,4.88e-06,4.86e-06,4.87e-06,1669171610.0
2026-06-13 01:15:00,4.86e-06,4.87e-06,4.86e-06,4.86e-06,4993216027.0
2026-06-13 01:20:00,4.86e-06,4.87e-06,4.86e-06,4.87e-06,2990785180.0
2026-06-13 01:25:00,4.87e-06,4.87e-06,4.87e-06,4.87e-06,1602037585.0
2026-06-13 01:30:00,4.86e-06,4.88e-06,4.86e-06,4.86e-06,2082841174.0
2026-06-13 01:35:00,4.87e-06,4.88e-06,4.87e-06,4.87e-06,3067125273.0
2026-06-13 01:40:00,4.87e-06,4.89e-06,4.86e-06,4.88e-06,9346579523.0
2026-06-13 01:45:00,4.88e-06,4.88e-06,4.87e-06,4.88e-06,1426600581.0
2026-06-13 01:50:00,4.88e-06,4.89e-06,4.87e-06,4.87e-06,3754610906.0
2026-06-13 01:55:00,4.88e-06,4.89e-06,4.87e-06,4.88e-06,4728057710.0
2026-06-13 02:00:00,4.88e-06,4.88e-06,4.87e-06,4.87e-06,4732173499.0
2026-06-13 02:05:00,4.88e-06,4.88e-06,4.87e-06,4.88e-06,1391349358.0
2026-06-13 02:10:00,4.88e-06,4.88e-06,4.87e-06,4.88e-06,711046874.0
2026-06-13 02:15:00,4.87e-06,4.88e-06,4.87e-06,4.88e-06,1723550586.0
2026-06-13 02:20:00,4.88e-06,4.88e-06,4.87e-06,4.88e-06,3628679371.0
2026-06-13 02:25:00,4.87e-06,4.88e-06,4.86e-06,4.88e-06,2163487028.0
2026-06-13 02:30:00,4.88e-06,4.88e-06,4.86e-06,4.88e-06,2697583051.0
2026-06-13 02:35:00,4.87e-06,4.89e-06,4.87e-06,4.88e-06,4034156616.0
2026-06-13 02:40:00,4.88e-06,4.88e-06,4.87e-06,4.87e-06,899615214.0
2026-06-13 02:45:00,4.88e-06,4.88e-06,4.87e-06,4.87e-06,1080125357.0
2026-06-13 02:50:00,4.87e-06,4.87e-06,4.86e-06,4.86e-06,2335575631.0
2026-06-13 02:55:00,4.87e-06,4.88e-06,4.86e-06,4.87e-06,3659020498.0
2026-06-13 03:00:00,4.87e-06,4.88e-06,4.87e-06,4.88e-06,6392498596.0
2026-06-13 03:05:00,4.88e-06,4.88e-06,4.87e-06,4.87e-06,15788539.0
2026-06-13 03:10:00,4.87e-06,4.88e-06,4.87e-06,4.87e-06,2701379667.0
2026-06-13 03:15:00,4.87e-06,4.87e-06,4.86e-06,4.87e-06,4542394829.0
2026-06-13 03:20:00,4.86e-06,4.87e-06,4.86e-06,4.86e-06,4711246514.0
2026-06-13 03:25:00,4.86e-06,4.87e-06,4.85e-06,4.86e-06,5704404176.0
2026-06-13 03:30:00,4.86e-06,4.87e-06,4.86e-06,4.87e-06,1205560083.0
2026-06-13 03:35:00,4.86e-06,4.87e-06,4.86e-06,4.87e-06,835958302.0
2026-06-13 03:40:00,4.87e-06,4.88e-06,4.87e-06,4.88e-06,2861183430.0
2026-06-13 03:45:00,4.87e-06,4.88e-06,4.87e-06,4.88e-06,381536214.0
2026-06-13 03:50:00,4.88e-06,4.89e-06,4.88e-06,4.89e-06,6185501444.0
2026-06-13 03:55:00,4.88e-06,4.89e-06,4.88e-06,4.88e-06,5121852816.0
2026-06-13 04:00:00,4.88e-06,4.89e-06,4.86e-06,4.87e-06,4365547687.0
2026-06-13 04:05:00,4.87e-06,4.87e-06,4.86e-06,4.87e-06,181121047.0
2026-06-13 04:10:00,4.87e-06,4.87e-06,4.86e-06,4.87e-06,3972254122.0
2026-06-13 04:15:00,4.87e-06,4.87e-06,4.86e-06,4.87e-06,1283620998.0
2026-06-13 04:20:00,4.88e-06,4.88e-06,4.87e-06,4.87e-06,3137214067.0
2026-06-13 04:25:00,4.87e-06,4.88e-06,4.87e-06,4.87e-06,406173521.0
2026-06-13 04:30:00,4.87e-06,4.88e-06,4.87e-06,4.88e-06,2629881432.0
2026-06-13 04:35:00,4.88e-06,4.89e-06,4.88e-06,4.89e-06,6086758328.0
2026-06-13 04:40:00,4.88e-06,4.9e-06,4.88e-06,4.89e-06,1497413261.0
2026-06-13 04:45:00,4.9e-06,4.9e-06,4.89e-06,4.9e-06,788039593.0
2026-06-13 04:50:00,4.89e-06,4.9e-06,4.88e-06,4.88e-06,2679269734.0
2026-06-13 04:55:00,4.88e-06,4.89e-06,4.88e-06,4.88e-06,36851678.0
2026-06-13 05:00:00,4.89e-06,4.9e-06,4.88e-06,4.89e-06,2255222922.0
2026-06-13 05:05:00,4.9e-06,4.9e-06,4.88e-06,4.9e-06,4053246847.0
2026-06-13 05:10:00,4.89e-06,4.9e-06,4.89e-06,4.89e-06,3765431022.0
2026-06-13 05:15:00,4.89e-06,4.89e-06,4.88e-06,4.88e-06,698265460.0
2026-06-13 05:20:00,4.88e-06,4.89e-06,4.88e-06,4.89e-06,2839861787.0
2026-06-13 05:25:00,4.89e-06,4.89e-06,4.87e-06,4.88e-06,2896366137.0
2026-06-13 05:30:00,4.88e-06,4.88e-06,4.87e-06,4.88e-06,1420650728.0
2026-06-13 05:35:00,4.88e-06,4.89e-06,4.87e-06,4.89e-06,1717665129.0
2026-06-13 05:40:00,4.88e-06,4.9e-06,4.88e-06,4.88e-06,1370341853.0
2026-06-13 05:45:00,4.89e-06,4.89e-06,4.88e-06,4.88e-06,258689868.0
2026-06-13 05:50:00,4.88e-06,4.89e-06,4.88e-06,4.89e-06,2474401416.0
2026-06-13 05:55:00,4.89e-06,4.9e-06,4.89e-06,4.9e-06,5900122001.0
2026-06-13 06:00:00,4.9e-06,4.91e-06,4.89e-06,4.91e-06,7291658938.0
2026-06-13 06:05:00,4.91e-06,4.91e-06,4.9e-06,4.91e-06,2251856475.0
2026-06-13 06:10:00,4.91e-06,4.91e-06,4.89e-06,4.89e-06,1580759126.0
2026-06-13 06:15:00,4.89e-06,4.9e-06,4.89e-06,4.9e-06,2874574890.0
2026-06-13 06:20:00,4.9e-06,4.91e-06,4.9e-06,4.9e-06,239118138.0
2026-06-13 06:25:00,4.9e-06,4.91e-06,4.9e-06,4.91e-06,5492986060.0
2026-06-13 06:30:00,4.91e-06,4.92e-06,4.9e-06,4.91e-06,10801476632.0
2026-06-13 06:35:00,4.91e-06,4.93e-06,4.91e-06,4.92e-06,3844509021.0
2026-06-13 06:40:00,4.92e-06,4.92e-06,4.91e-06,4.92e-06,472139997.0
2026-06-13 06:45:00,4.92e-06,4.93e-06,4.91e-06,4.93e-06,2160848229.0
2026-06-13 06:50:00,4.93e-06,4.93e-06,4.92e-06,4.92e-06,3303770761.0
2026-06-13 06:55:00,4.92e-06,4.93e-06,4.92e-06,4.93e-06,619503220.0
2026-06-13 07:00:00,4.93e-06,4.93e-06,4.92e-06,4.93e-06,57876050.0
2026-06-13 07:05:00,4.93e-06,4.93e-06,4.92e-06,4.93e-06,213250003.0
2026-06-13 07:10:00,4.93e-06,4.93e-06,4.92e-06,4.93e-06,139595746.0
2026-06-13 07:15:00,4.92e-06,4.93e-06,4.92e-06,4.92e-06,242582473.0
2026-06-13 07:20:00,4.92e-06,4.93e-06,4.91e-06,4.92e-06,18057045695.0
2026-06-13 07:25:00,4.93e-06,4.94e-06,4.92e-06,4.94e-06,20537982111.0
2026-06-13 07:30:00,4.94e-06,4.95e-06,4.93e-06,4.94e-06,15236357143.0
2026-06-13 07:35:00,4.94e-06,4.94e-06,4.93e-06,4.94e-06,196663899.0
2026-06-13 07:40:00,4.94e-06,4.94e-06,4.93e-06,4.94e-06,2465239923.0
2026-06-13 07:45:00,4.94e-06,4.95e-06,4.93e-06,4.95e-06,11461754718.0
2026-06-13 07:50:00,4.94e-06,4.95e-06,4.94e-06,4.94e-06,3111017671.0
2026-06-13 07:55:00,4.95e-06,4.95e-06,4.94e-06,4.94e-06,526357632.0
2026-06-13 08:00:00,4.94e-06,4.95e-06,4.94e-06,4.95e-06,309114940.0
2026-06-13 08:05:00,4.95e-06,4.95e-06,4.94e-06,4.95e-06,5198331884.0
2026-06-13 08:10:00,4.95e-06,4.95e-06,4.93e-06,4.94e-06,5332987436.0
2026-06-13 08:15:00,4.94e-06,4.95e-06,4.94e-06,4.95e-06,4046261779.0
2026-06-13 08:20:00,4.95e-06,4.95e-06,4.93e-06,4.94e-06,4065900661.0
2026-06-13 08:25:00,4.93e-06,4.95e-06,4.93e-06,4.94e-06,1079629209.0
2026-06-13 08:30:00,4.94e-06,4.95e-06,4.94e-06,4.94e-06,3242523556.0
2026-06-13 08:35:00,4.95e-06,4.96e-06,4.94e-06,4.95e-06,6352404384.0
2026-06-13 08:40:00,4.94e-06,4.96e-06,4.94e-06,4.95e-06,13015480153.0
2026-06-13 08:45:00,4.95e-06,4.96e-06,4.94e-06,4.95e-06,1451810174.0
2026-06-13 08:50:00,4.94e-06,4.96e-06,4.94e-06,4.96e-06,6427164792.0
2026-06-13 08:55:00,4.95e-06,4.96e-06,4.95e-06,4.96e-06,803255227.0
2026-06-13 09:00:00,4.95e-06,4.97e-06,4.95e-06,4.96e-06,6854979062.0
2026-06-13 09:05:00,4.96e-06,4.97e-06,4.96e-06,4.97e-06,3344725289.0
2026-06-13 09:10:00,4.97e-06,4.98e-06,4.95e-06,4.97e-06,5424179700.0
2026-06-13 09:15:00,4.98e-06,4.99e-06,4.96e-06,4.99e-06,7947206693.0
2026-06-13 09:20:00,4.98e-06,4.99e-06,4.98e-06,4.99e-06,3828995555.0
2026-06-13 09:25:00,4.99e-06,5e-06,4.98e-06,5e-06,3980596649.0
2026-06-13 09:30:00,5e-06,5.02e-06,5e-06,5e-06,8530061313.0
2026-06-13 09:35:00,5.01e-06,5.01e-06,4.99e-06,4.99e-06,5021903482.0
2026-06-13 09:40:00,5e-06,5e-06,4.99e-06,5e-06,2388757024.0
2026-06-13 09:45:00,5e-06,5e-06,4.98e-06,4.99e-06,7231824952.0
2026-06-13 09:50:00,4.99e-06,4.99e-06,4.97e-06,4.98e-06,7346704756.0
2026-06-13 09:55:00,4.98e-06,4.99e-06,4.98e-06,4.98e-06,6940460169.0
2026-06-13 10:00:00,4.99e-06,5.01e-06,4.98e-06,4.99e-06,6380684440.0
2026-06-13 10:05:00,4.99e-06,5.01e-06,4.99e-06,5e-06,3350407911.0
2026-06-13 10:10:00,5e-06,5.01e-06,5e-06,5.01e-06,4216353016.0
2026-06-13 10:15:00,5.01e-06,5.02e-06,5e-06,5.02e-06,2095759610.0
2026-06-13 10:20:00,5.01e-06,5.02e-06,5e-06,5.01e-06,7285301136.0
2026-06-13 10:25:00,5.01e-06,5.02e-06,5.01e-06,5.01e-06,103666871.0
2026-06-13 10:30:00,5.01e-06,5.03e-06,5.01e-06,5.02e-06,13057435209.0
2026-06-13 10:35:00,5.02e-06,5.02e-06,5e-06,5.02e-06,3771277103.0
2026-06-13 10:40:00,5.01e-06,5.02e-06,5e-06,5e-06,3515708611.0
2026-06-13 10:45:00,5.01e-06,5.01e-06,5e-06,5.01e-06,3829093846.0
2026-06-13 10:50:00,5e-06,5.01e-06,4.99e-06,5e-06,1646800970.0
2026-06-13 10:55:00,4.99e-06,5e-06,4.98e-06,4.99e-06,4073402358.0
2026-06-13 11:00:00,4.99e-06,4.99e-06,4.96e-06,4.97e-06,6084091319.0
2026-06-13 11:05:00,4.98e-06,4.98e-06,4.97e-06,4.98e-06,7252607975.0
2026-06-13 11:10:00,4.99e-06,4.99e-06,4.98e-06,4.99e-06,1666465726.0
2026-06-13 11:15:00,5e-06,5e-06,4.99e-06,5e-06,3251460101.0
2026-06-13 11:20:00,4.99e-06,4.99e-06,4.98e-06,4.98e-06,4157308154.0
2026-06-13 11:25:00,4.99e-06,5e-06,4.98e-06,4.99e-06,2484695571.0
2026-06-13 11:30:00,5e-06,5e-06,4.99e-06,4.99e-06,5489112639.0
2026-06-13 11:35:00,4.99e-06,5.01e-06,4.99e-06,5e-06,5099050723.0
2026-06-13 11:40:00,5.01e-06,5.03e-06,5.01e-06,5.02e-06,5823895684.0
2026-06-13 11:45:00,5.03e-06,5.06e-06,5.02e-06,5.04e-06,9899493099.0
2026-06-13 11:50:00,5.04e-06,5.06e-06,5.03e-06,5.06e-06,6562326806.0
2026-06-13 11:55:00,5.05e-06,5.08e-06,5.04e-06,5.08e-06,7677443536.0
2026-06-13 12:00:00,5.08e-06,5.1e-06,5.07e-06,5.07e-06,4904601310.0
2026-06-13 12:05:00,5.07e-06,5.07e-06,5.05e-06,5.05e-06,5910765906.0
2026-06-13 12:10:00,5.04e-06,5.07e-06,5.03e-06,5.06e-06,7509827300.0
2026-06-13 12:15:00,5.05e-06,5.06e-06,5.04e-06,5.06e-06,7986734521.0
2026-06-13 12:20:00,5.05e-06,5.05e-06,5.01e-06,5.02e-06,12951080507.0
2026-06-13 12:25:00,5.02e-06,5.03e-06,5e-06,5.01e-06,17760151217.0
2026-06-13 12:30:00,5.01e-06,5.01e-06,5e-06,5.01e-06,10695327372.0
2026-06-13 12:35:00,5.01e-06,5.02e-06,5e-06,5.01e-06,8498062635.0
2026-06-13 12:40:00,5e-06,5.02e-06,5e-06,5.02e-06,2478715424.0
2026-06-13 12:45:00,5.02e-06,5.03e-06,5.01e-06,5.03e-06,9970132988.0
2026-06-13 12:50:00,5.02e-06,5.04e-06,5.01e-06,5.03e-06,7348631171.0
2026-06-13 12:55:00,5.03e-06,5.04e-06,5.01e-06,5.01e-06,3772273495.0
2026-06-13 13:00:00,5.01e-06,5.02e-06,5e-06,5.01e-06,5286325929.0
2026-06-13 13:05:00,5e-06,5.01e-06,4.99e-06,4.99e-06,9715336567.0
2026-06-13 13:10:00,4.99e-06,5e-06,4.99e-06,5e-06,297831990.0
2026-06-13 13:15:00,4.99e-06,5e-06,4.99e-06,4.99e-06,9506255989.0
2026-06-13 13:20:00,4.98e-06,5.01e-06,4.98e-06,5.01e-06,3573437965.0
2026-06-13 13:25:00,5e-06,5.01e-06,5e-06,5e-06,3019143295.0
2026-06-13 13:30:00,5e-06,5.01e-06,4.98e-06,5e-06,7198361593.0
2026-06-13 13:35:00,4.99e-06,5e-06,4.98e-06,4.99e-06,2786411332.0
2026-06-13 13:40:00,4.99e-06,5.01e-06,4.99e-06,5e-06,2030684633.0
2026-06-13 13:45:00,4.99e-06,5e-06,4.98e-06,4.99e-06,19195717042.0
2026-06-13 13:50:00,4.99e-06,5e-06,4.98e-06,4.99e-06,4682234357.0
2026-06-13 13:55:00,4.99e-06,5e-06,4.98e-06,4.99e-06,6939770577.0
2026-06-13 14:00:00,4.99e-06,5e-06,4.98e-06,4.98e-06,6555668468.0
2026-06-13 14:05:00,4.99e-06,5e-06,4.98e-06,4.99e-06,6786795954.0
2026-06-13 14:10:00,4.99e-06,5e-06,4.98e-06,4.99e-06,8101750607.0
2026-06-13 14:15:00,4.99e-06,5e-06,4.98e-06,4.99e-06,6488579538.0
2026-06-13 14:20:00,4.99e-06,4.99e-06,4.98e-06,4.98e-06,3474751667.0
2026-06-13 14:25:00,4.99e-06,5e-06,4.98e-06,4.99e-06,2927428227.0
2026-06-13 14:30:00,4.98e-06,4.99e-06,4.97e-06,4.97e-06,4058226582.0
2026-06-13 14:35:00,4.98e-06,4.98e-06,4.97e-06,4.97e-06,9205404531.0
2026-06-13 14:40:00,4.97e-06,4.98e-06,4.96e-06,4.96e-06,6198394502.0
2026-06-13 14:45:00,4.97e-06,4.98e-06,4.95e-06,4.97e-06,8050291469.0
2026-06-13 14:50:00,4.97e-06,4.99e-06,4.97e-06,4.98e-06,6402293729.0
2026-06-13 14:55:00,4.98e-06,4.99e-06,4.98e-06,4.99e-06,1683665184.0
2026-06-13 15:00:00,4.98e-06,4.99e-06,4.97e-06,4.99e-06,3044878550.0
2026-06-13 15:05:00,4.98e-06,5e-06,4.98e-06,4.99e-06,5530057066.0
2026-06-13 15:10:00,4.98e-06,5e-06,4.98e-06,5e-06,7717679680.0
2026-06-13 15:15:00,5e-06,5e-06,4.99e-06,4.99e-06,3244848199.0
2026-06-13 15:20:00,4.99e-06,4.99e-06,4.98e-06,4.98e-06,6674333189.0
2026-06-13 15:25:00,4.99e-06,5e-06,4.99e-06,5e-06,7312136772.0
2026-06-13 15:30:00,5e-06,5e-06,4.99e-06,5e-06,4409641771.0
2026-06-13 15:35:00,5e-06,5.01e-06,4.99e-06,5e-06,6417623076.0
2026-06-13 15:40:00,5e-06,5e-06,4.99e-06,4.99e-06,3749795955.0
2026-06-13 15:45:00,5e-06,5e-06,4.98e-06,4.99e-06,7035834812.0
2026-06-13 15:50:00,4.99e-06,5e-06,4.98e-06,4.99e-06,5487636929.0
2026-06-13 15:55:00,5e-06,5e-06,4.98e-06,4.99e-06,6893643167.0
2026-06-13 16:00:00,4.99e-06,4.99e-06,4.97e-06,4.98e-06,7018286411.0
2026-06-13 16:05:00,4.98e-06,4.99e-06,4.98e-06,4.99e-06,1543852805.0
2026-06-13 16:10:00,4.99e-06,4.99e-06,4.98e-06,4.98e-06,6020326982.0
2026-06-13 16:15:00,4.98e-06,4.98e-06,4.97e-06,4.98e-06,2893880985.0
2026-06-13 16:20:00,4.98e-06,4.99e-06,4.97e-06,4.97e-06,16696318626.0
2026-06-13 16:25:00,4.97e-06,4.99e-06,4.97e-06,4.97e-06,4048926913.0
2026-06-13 16:30:00,4.98e-06,4.98e-06,4.97e-06,4.97e-06,4056697796.0
2026-06-13 16:35:00,4.97e-06,4.98e-06,4.97e-06,4.98e-06,4994405622.0
2026-06-13 16:40:00,4.99e-06,4.99e-06,4.98e-06,4.99e-06,2831409343.0
2026-06-13 16:45:00,4.99e-06,5e-06,4.97e-06,4.97e-06,9346816074.0
2026-06-13 16:50:00,4.98e-06,4.99e-06,4.97e-06,4.99e-06,1158170115.0
2026-06-13 16:55:00,4.99e-06,5e-06,4.98e-06,5e-06,1427628025.0
2026-06-13 17:00:00,5.01e-06,5.01e-06,4.99e-06,4.99e-06,9514868278.0
2026-06-13 17:05:00,4.99e-06,5e-06,4.99e-06,5e-06,1014456531.0
2026-06-13 17:10:00,5e-06,5e-06,4.99e-06,5e-06,491713370.0
2026-06-13 17:15:00,5e-06,5.01e-06,4.99e-06,5.01e-06,593948367.0
2026-06-13 17:20:00,5e-06,5.01e-06,5e-06,5.01e-06,122195402.0
2026-06-13 17:25:00,5.01e-06,5.01e-06,4.99e-06,4.99e-06,1437989192.0
2026-06-13 17:30:00,5e-06,5.01e-06,5e-06,5e-06,1193309814.0
2026-06-13 17:35:00,5.01e-06,5.01e-06,5e-06,5e-06,51899200.0
2026-06-13 17:40:00,5e-06,5.01e-06,5e-06,5.01e-06,339462445.0
2026-06-13 17:45:00,5e-06,5.01e-06,5e-06,5.01e-06,3803609014.0
2026-06-13 17:50:00,5e-06,5.01e-06,4.99e-06,4.99e-06,10978020814.0
2026-06-13 17:55:00,4.99e-06,5e-06,4.97e-06,4.98e-06,12280857098.0
2026-06-13 18:00:00,4.98e-06,4.99e-06,4.98e-06,4.98e-06,13357282435.0
2026-06-13 18:05:00,4.98e-06,4.99e-06,4.98e-06,4.99e-06,173151595.0
2026-06-13 18:10:00,4.98e-06,4.99e-06,4.98e-06,4.99e-06,439427580.0
2026-06-13 18:15:00,4.98e-06,4.99e-06,4.98e-06,4.99e-06,1561950675.0
2026-06-13 18:20:00,4.99e-06,4.99e-06,4.98e-06,4.99e-06,1500908483.0
2026-06-13 18:25:00,4.99e-06,5e-06,4.98e-06,5e-06,2783148845.0
2026-06-13 18:30:00,5e-06,5e-06,4.99e-06,4.99e-06,2532661866.0
2026-06-13 18:35:00,4.99e-06,5e-06,4.98e-06,5e-06,2054790934.0
2026-06-13 18:40:00,5e-06,5e-06,4.99e-06,4.99e-06,3549554258.0
2026-06-13 18:45:00,5e-06,5e-06,4.99e-06,4.99e-06,1988859605.0
2026-06-13 18:50:00,4.98e-06,4.99e-06,4.97e-06,4.97e-06,12298383639.0
2026-06-13 18:55:00,4.98e-06,4.98e-06,4.97e-06,4.98e-06,92514329.0
2026-06-13 19:00:00,4.97e-06,4.99e-06,4.97e-06,4.99e-06,696932824.0
2026-06-13 19:05:00,4.98e-06,4.99e-06,4.98e-06,4.98e-06,8469697807.0
2026-06-13 19:10:00,4.98e-06,4.99e-06,4.98e-06,4.99e-06,159153285.0
2026-06-13 19:15:00,4.99e-06,4.99e-06,4.97e-06,4.99e-06,1390790244.0
2026-06-13 19:20:00,4.99e-06,4.99e-06,4.97e-06,4.99e-06,1360423181.0
2026-06-13 19:25:00,4.98e-06,4.98e-06,4.97e-06,4.97e-06,2246883426.0
2026-06-13 19:30:00,4.98e-06,4.98e-06,4.97e-06,4.98e-06,134153007.0
2026-06-13 19:35:00,4.98e-06,4.99e-06,4.98e-06,4.98e-06,5982427454.0
2026-06-13 19:40:00,4.98e-06,5.01e-06,4.98e-06,5.01e-06,4458732767.0
2026-06-13 19:45:00,5.01e-06,5.01e-06,5e-06,5e-06,4620553216.0
2026-06-13 19:50:00,5e-06,5.01e-06,4.99e-06,5e-06,7264918608.0
2026-06-13 19:55:00,5e-06,5.01e-06,4.99e-06,4.99e-06,5151119852.0
2026-06-13 20:00:00,4.99e-06,4.99e-06,4.98e-06,4.99e-06,660819775.0
2026-06-13 20:05:00,4.98e-06,4.99e-06,4.98e-06,4.99e-06,171694150.0
2026-06-13 20:10:00,4.99e-06,4.99e-06,4.98e-06,4.99e-06,695933729.0
2026-06-13 20:15:00,4.99e-06,4.99e-06,4.98e-06,4.98e-06,64754531.0
2026-06-13 20:20:00,4.99e-06,4.99e-06,4.98e-06,4.99e-06,189247416.0
2026-06-13 20:25:00,4.99e-06,4.99e-06,4.98e-06,4.99e-06,114631140.0
2026-06-13 20:30:00,4.99e-06,4.99e-06,4.98e-06,4.99e-06,245020532.0
2026-06-13 20:35:00,4.99e-06,5e-06,4.98e-06,4.99e-06,1614185785.0
2026-06-13 20:40:00,4.99e-06,5e-06,4.99e-06,5e-06,4460977063.0
2026-06-13 20:45:00,5e-06,5e-06,5e-06,5e-06,257858706.0
2026-06-13 20:50:00,5e-06,5e-06,4.99e-06,5e-06,2759424850.0
2026-06-13 20:55:00,5e-06,5e-06,4.99e-06,5e-06,5931674235.0
2026-06-13 21:00:00,4.99e-06,5.01e-06,4.99e-06,5.01e-06,1663039541.0
2026-06-13 21:05:00,5.01e-06,5.01e-06,5e-06,5.01e-06,364325858.0
2026-06-13 21:10:00,5e-06,5.01e-06,5e-06,5.01e-06,112076904.0
2026-06-13 21:15:00,5e-06,5.02e-06,5e-06,5.01e-06,5186919699.0
2026-06-13 21:20:00,5.01e-06,5.01e-06,5e-06,5e-06,67301154.0
2026-06-13 21:25:00,5.01e-06,5.01e-06,5e-06,5.01e-06,85846139.0
2026-06-13 21:30:00,5.01e-06,5.02e-06,5e-06,5.02e-06,1226349053.0
2026-06-13 21:35:00,5.01e-06,5.03e-06,5.01e-06,5.03e-06,5196362485.0
2026-06-13 21:40:00,5.03e-06,5.05e-06,5.03e-06,5.04e-06,17436611791.0
2026-06-13 21:45:00,5.04e-06,5.04e-06,5.03e-06,5.04e-06,455769924.0
2026-06-13 21:50:00,5.03e-06,5.05e-06,5.03e-06,5.04e-06,2392410946.0
2026-06-13 21:55:00,5.04e-06,5.04e-06,5.03e-06,5.03e-06,981170550.0
2026-06-13 22:00:00,5.03e-06,5.03e-06,5.02e-06,5.02e-06,196142453.0
2026-06-13 22:05:00,5.03e-06,5.03e-06,5.01e-06,5.02e-06,1399117593.0
2026-06-13 22:10:00,5.01e-06,5.02e-06,5.01e-06,5.02e-06,139312070.0
2026-06-13 22:15:00,5.02e-06,5.03e-06,5.02e-06,5.02e-06,3772509325.0
2026-06-13 22:20:00,5.02e-06,5.03e-06,5.02e-06,5.02e-06,2289397377.0
2026-06-13 22:25:00,5.03e-06,5.03e-06,5.02e-06,5.03e-06,166606832.0
2026-06-13 22:30:00,5.03e-06,5.03e-06,5.01e-06,5.01e-06,1147779965.0
2026-06-13 22:35:00,5.01e-06,5.02e-06,5e-06,5e-06,5716147670.0
2026-06-13 22:40:00,5e-06,5.01e-06,5e-06,5e-06,168818090.0
2026-06-13 22:45:00,5e-06,5.01e-06,5e-06,5.01e-06,49708429.0
2026-06-13 22:50:00,5.01e-06,5.01e-06,5e-06,5e-06,80687713.0
2026-06-13 22:55:00,5e-06,5.01e-06,5e-06,5.01e-06,17731140.0
2026-06-13 23:00:00,5.01e-06,5.02e-06,5.01e-06,5.01e-06,2627166599.0
2026-06-13 23:05:00,5.01e-06,5.02e-06,5.01e-06,5.02e-06,83987948.0
2026-06-13 23:10:00,5.02e-06,5.02e-06,5.01e-06,5.01e-06,53151532.0
2026-06-13 23:15:00,5.01e-06,5.02e-06,5.01e-06,5.01e-06,42763524.0
2026-06-13 23:20:00,5.01e-06,5.02e-06,5.01e-06,5.02e-06,143419802.0
2026-06-13 23:25:00,5.01e-06,5.02e-06,5e-06,5.01e-06,3946164934.0
2026-06-13 23:30:00,5.02e-06,5.02e-06,5e-06,5e-06,1903439222.0
2026-06-13 23:35:00,5e-06,5.02e-06,5e-06,5.01e-06,2050866955.0
2026-06-13 23:40:00,5.02e-06,5.02e-06,5.01e-06,5.02e-06,123239521.0
2026-06-13 23:45:00,5.02e-06,5.02e-06,5e-06,5.01e-06,2018546431.0
2026-06-13 23:50:00,5.01e-06,5.01e-06,5e-06,5.01e-06,3256397287.0
2026-06-13 23:55:00,5.01e-06,5.02e-06,5.01e-06,5.02e-06,4232277665.0
2026-06-14 00:00:00,5.01e-06,5.01e-06,5e-06,5.01e-06,2839148131.0
2026-06-14 00:05:00,5e-06,5.02e-06,5e-06,5.02e-06,1066351082.0
2026-06-14 00:10:00,5.02e-06,5.02e-06,5.01e-06,5.02e-06,88887880.0
2026-06-14 00:15:00,5.02e-06,5.03e-06,5.01e-06,5.01e-06,3892044334.0
2026-06-14 00:20:00,5.01e-06,5.01e-06,5e-06,5.01e-06,4767974229.0
2026-06-14 00:25:00,5.01e-06,5.02e-06,5.01e-06,5.02e-06,1914066788.0
2026-06-14 00:30:00,5.01e-06,5.02e-06,5.01e-06,5.02e-06,425738074.0
2026-06-14 00:35:00,5.01e-06,5.02e-06,5.01e-06,5.01e-06,226421525.0
2026-06-14 00:40:00,5.02e-06,5.02e-06,5.01e-06,5.02e-06,176515055.0
2026-06-14 00:45:00,5.02e-06,5.02e-06,5.01e-06,5.01e-06,68959709.0
2026-06-14 00:50:00,5.02e-06,5.02e-06,5e-06,5e-06,6258935663.0
2026-06-14 00:55:00,5.01e-06,5.02e-06,5e-06,5.02e-06,830110568.0
2026-06-14 01:00:00,5.02e-06,5.02e-06,5.01e-06,5.02e-06,49904164.0
2026-06-14 01:05:00,5.01e-06,5.02e-06,5.01e-06,5.01e-06,6467900127.0
2026-06-14 01:10:00,5.01e-06,5.03e-06,5.01e-06,5.03e-06,3239808356.0
2026-06-14 01:15:00,5.02e-06,5.03e-06,5.02e-06,5.02e-06,2918205654.0
2026-06-14 01:20:00,5.03e-06,5.03e-06,5.02e-06,5.02e-06,2015387020.0
2026-06-14 01:25:00,5.03e-06,5.03e-06,5.01e-06,5.02e-06,1484282573.0
2026-06-14 01:30:00,5.02e-06,5.02e-06,5.01e-06,5.01e-06,3796391892.0
2026-06-14 01:35:00,5.02e-06,5.02e-06,5.01e-06,5.02e-06,1740544394.0
2026-06-14 01:40:00,5.01e-06,5.03e-06,5.01e-06,5.02e-06,4531425978.0
2026-06-14 01:45:00,5.02e-06,5.03e-06,5.02e-06,5.03e-06,1027780521.0
2026-06-14 01:50:00,5.03e-06,5.03e-06,5.02e-06,5.03e-06,6240292522.0
2026-06-14 01:55:00,5.03e-06,5.03e-06,5.02e-06,5.03e-06,3311223689.0
2026-06-14 02:00:00,5.03e-06,5.03e-06,5.02e-06,5.03e-06,6039353290.0
2026-06-14 02:05:00,5.02e-06,5.03e-06,5.02e-06,5.02e-06,41900711.0
2026-06-14 02:10:00,5.03e-06,5.03e-06,5.02e-06,5.02e-06,3745861763.0
2026-06-14 02:15:00,5.02e-06,5.03e-06,5.02e-06,5.03e-06,3964323027.0
2026-06-14 02:20:00,5.03e-06,5.04e-06,5.03e-06,5.04e-06,2907762321.0
2026-06-14 02:25:00,5.04e-06,5.04e-06,5.02e-06,5.03e-06,2935995914.0
2026-06-14 02:30:00,5.03e-06,5.04e-06,5.03e-06,5.04e-06,1993876361.0
2026-06-14 02:35:00,5.03e-06,5.03e-06,5.02e-06,5.03e-06,2734722024.0
2026-06-14 02:40:00,5.03e-06,5.03e-06,5.02e-06,5.03e-06,5109965328.0
2026-06-14 02:45:00,5.03e-06,5.03e-06,5.02e-06,5.03e-06,1774823276.0
2026-06-14 02:50:00,5.03e-06,5.03e-06,5.02e-06,5.03e-06,28207109.0
2026-06-14 02:55:00,5.02e-06,5.02e-06,5.01e-06,5.02e-06,1824704380.0
2026-06-14 03:00:00,5.02e-06,5.02e-06,5.01e-06,5.02e-06,5166996942.0
2026-06-14 03:05:00,5.02e-06,5.02e-06,5.01e-06,5.01e-06,297325771.0
2026-06-14 03:10:00,5.02e-06,5.02e-06,5e-06,5e-06,1932672066.0
2026-06-14 03:15:00,5.01e-06,5.02e-06,5e-06,5.02e-06,1058788230.0
2026-06-14 03:20:00,5.01e-06,5.02e-06,5.01e-06,5.02e-06,108889588.0
2026-06-14 03:25:00,5.02e-06,5.03e-06,5.02e-06,5.03e-06,2323878562.0
2026-06-14 03:30:00,5.03e-06,5.03e-06,5.02e-06,5.02e-06,1286664986.0
2026-06-14 03:35:00,5.02e-06,5.02e-06,5.01e-06,5.02e-06,148401194.0
2026-06-14 03:40:00,5.02e-06,5.02e-06,5.01e-06,5.02e-06,48391982.0
2026-06-14 03:45:00,5.02e-06,5.02e-06,5.01e-06,5.02e-06,37830201.0
2026-06-14 03:50:00,5.02e-06,5.03e-06,5.02e-06,5.03e-06,1604590155.0
2026-06-14 03:55:00,5.02e-06,5.03e-06,5.02e-06,5.03e-06,1073419663.0
2026-06-14 04:00:00,5.03e-06,5.03e-06,5.02e-06,5.03e-06,2519221335.0
2026-06-14 04:05:00,5.02e-06,5.02e-06,5.01e-06,5.02e-06,1799542155.0
2026-06-14 04:10:00,5.02e-06,5.02e-06,5.01e-06,5.02e-06,191173861.0
2026-06-14 04:15:00,5.02e-06,5.03e-06,5.01e-06,5.02e-06,3253626992.0
2026-06-14 04:20:00,5.02e-06,5.02e-06,5.01e-06,5.01e-06,144778274.0
2026-06-14 04:25:00,5.02e-06,5.02e-06,5e-06,5.01e-06,1511249255.0
2026-06-14 04:30:00,5.02e-06,5.02e-06,5.01e-06,5.02e-06,1112269367.0
2026-06-14 04:35:00,5.01e-06,5.02e-06,5.01e-06,5.01e-06,5020724096.0
2026-06-14 04:40:00,5e-06,5.01e-06,5e-06,5e-06,2603352108.0
2026-06-14 04:45:00,5e-06,5.01e-06,4.99e-06,5e-06,3112093031.0
2026-06-14 04:50:00,5e-06,5.01e-06,4.99e-06,5e-06,4732202500.0
2026-06-14 04:55:00,5.01e-06,5.01e-06,5e-06,5e-06,2500522558.0
2026-06-14 05:00:00,5.01e-06,5.01e-06,5e-06,5.01e-06,293885235.0
2026-06-14 05:05:00,5e-06,5.01e-06,5e-06,5.01e-06,2481380651.0
2026-06-14 05:10:00,5.01e-06,5.01e-06,4.99e-06,5e-06,9821551585.0
2026-06-14 05:15:00,5e-06,5e-06,4.99e-06,5e-06,3057413134.0
2026-06-14 05:20:00,4.99e-06,5e-06,4.99e-06,5e-06,601383662.0
2026-06-14 05:25:00,5e-06,5e-06,4.99e-06,5e-06,1163713268.0
2026-06-14 05:30:00,4.99e-06,4.99e-06,4.98e-06,4.99e-06,4168986645.0
2026-06-14 05:35:00,4.99e-06,5.01e-06,4.99e-06,5.01e-06,3604252057.0
2026-06-14 05:40:00,5.01e-06,5.02e-06,5e-06,5.02e-06,1080768361.0
2026-06-14 05:45:00,5.02e-06,5.02e-06,5.01e-06,5.02e-06,631410479.0
2026-06-14 05:50:00,5.02e-06,5.02e-06,5.01e-06,5.02e-06,84965634.0
2026-06-14 05:55:00,5.02e-06,5.02e-06,5.01e-06,5.01e-06,296246147.0
2026-06-14 06:00:00,5.01e-06,5.02e-06,5.01e-06,5.02e-06,5306992890.0
2026-06-14 06:05:00,5.01e-06,5.03e-06,5.01e-06,5.02e-06,3255570538.0
2026-06-14 06:10:00,5.02e-06,5.02e-06,5.01e-06,5.01e-06,215855618.0
2026-06-14 06:15:00,5.01e-06,5.02e-06,5.01e-06,5.02e-06,1711333445.0
2026-06-14 06:20:00,5.02e-06,5.02e-06,5.01e-06,5.02e-06,251568129.0
2026-06-14 06:25:00,5.01e-06,5.02e-06,5e-06,5.02e-06,4004827707.0
2026-06-14 06:30:00,5.02e-06,5.02e-06,5e-06,5.01e-06,1247260369.0
2026-06-14 06:35:00,5.01e-06,5.01e-06,5e-06,5.01e-06,643526054.0
2026-06-14 06:40:00,5.01e-06,5.01e-06,5e-06,5e-06,2739927117.0
2026-06-14 06:45:00,5e-06,5.01e-06,5e-06,5.01e-06,852320615.0
2026-06-14 06:50:00,5.02e-06,5.02e-06,5e-06,5.01e-06,2677868609.0
2026-06-14 06:55:00,5.01e-06,5.02e-06,5e-06,5.01e-06,1446472905.0
2026-06-14 07:00:00,5e-06,5.02e-06,5e-06,5.01e-06,4003123358.0
2026-06-14 07:05:00,5.01e-06,5.01e-06,5e-06,5e-06,3751171653.0
2026-06-14 07:10:00,5e-06,5.01e-06,4.99e-06,5e-06,3771392281.0
2026-06-14 07:15:00,5e-06,5.01e-06,5e-06,5.01e-06,295963515.0
2026-06-14 07:20:00,5.01e-06,5.02e-06,5e-06,5.02e-06,2960431614.0
2026-06-14 07:25:00,5.02e-06,5.02e-06,5.01e-06,5.02e-06,56684755.0
2026-06-14 07:30:00,5.02e-06,5.02e-06,5e-06,5.01e-06,1188272650.0
2026-06-14 07:35:00,5e-06,5.01e-06,4.99e-06,5.01e-06,3525221369.0
2026-06-14 07:40:00,5e-06,5e-06,4.99e-06,5e-06,4390924566.0
2026-06-14 07:45:00,5e-06,5.01e-06,4.99e-06,5.01e-06,493562183.0
2026-06-14 07:50:00,5e-06,5.01e-06,5e-06,5.01e-06,366404919.0
2026-06-14 07:55:00,5.01e-06,5.02e-06,5e-06,5.01e-06,2714817905.0
2026-06-14 08:00:00,5.01e-06,5.01e-06,4.99e-06,5.01e-06,2468583379.0
2026-06-14 08:05:00,5.01e-06,5.01e-06,5e-06,5e-06,385844189.0
2026-06-14 08:10:00,5.01e-06,5.01e-06,5e-06,5.01e-06,861674997.0
2026-06-14 08:15:00,5.01e-06,5.02e-06,5.01e-06,5.01e-06,2800723154.0
2026-06-14 08:20:00,5.02e-06,5.02e-06,5.01e-06,5.01e-06,34121723.0
2026-06-14 08:25:00,5.01e-06,5.02e-06,5.01e-06,5.01e-06,1791440320.0
2026-06-14 08:30:00,5.02e-06,5.02e-06,5e-06,5.01e-06,4036461631.0
2026-06-14 08:35:00,5.02e-06,5.02e-06,5.01e-06,5.01e-06,324058240.0
2026-06-14 08:40:00,5.02e-06,5.02e-06,5.01e-06,5.02e-06,338231541.0
2026-06-14 08:45:00,5.02e-06,5.02e-06,5.01e-06,5.02e-06,121129492.0
2026-06-14 08:50:00,5.02e-06,5.02e-06,5e-06,5e-06,1560696629.0
2026-06-14 08:55:00,5e-06,5.01e-06,5e-06,5.01e-06,533449562.0
2026-06-14 09:00:00,5e-06,5.01e-06,5e-06,5.01e-06,2600199896.0
2026-06-14 09:05:00,5.01e-06,5.01e-06,4.99e-06,5e-06,4355253452.0
2026-06-14 09:10:00,5e-06,5e-06,4.99e-06,5e-06,1985633135.0
2026-06-14 09:15:00,4.99e-06,5e-06,4.98e-06,4.98e-06,7199803663.0
2026-06-14 09:20:00,4.98e-06,5e-06,4.98e-06,5e-06,2275097670.0
2026-06-14 09:25:00,4.99e-06,5e-06,4.98e-06,4.99e-06,5347091949.0
2026-06-14 09:30:00,5e-06,5.01e-06,4.99e-06,5e-06,2304750154.0
2026-06-14 09:35:00,5e-06,5.01e-06,4.99e-06,5e-06,981713773.0
2026-06-14 09:40:00,5.01e-06,5.01e-06,5e-06,5e-06,710825475.0
2026-06-14 09:45:00,5.01e-06,5.01e-06,5e-06,5e-06,139291133.0
2026-06-14 09:50:00,5e-06,5.01e-06,5e-06,5.01e-06,942129672.0
2026-06-14 09:55:00,5.01e-06,5.01e-06,5e-06,5e-06,57594303.0
2026-06-14 10:00:00,5e-06,5.01e-06,4.99e-06,5e-06,3029158863.0
2026-06-14 10:05:00,4.99e-06,5e-06,4.99e-06,5e-06,2246399627.0
2026-06-14 10:10:00,5e-06,5e-06,4.99e-06,5e-06,122053556.0
2026-06-14 10:15:00,4.99e-06,5e-06,4.99e-06,5e-06,172578872.0
2026-06-14 10:20:00,4.99e-06,5e-06,4.99e-06,5e-06,147787459.0
2026-06-14 10:25:00,4.99e-06,5e-06,4.99e-06,4.99e-06,2772067417.0
2026-06-14 10:30:00,4.98e-06,5e-06,4.98e-06,4.99e-06,2725515712.0
2026-06-14 10:35:00,5e-06,5e-06,4.99e-06,4.99e-06,173275618.0
2026-06-14 10:40:00,4.99e-06,5e-06,4.98e-06,4.99e-06,1890513652.0
2026-06-14 10:45:00,4.98e-06,4.99e-06,4.98e-06,4.98e-06,322536119.0
2026-06-14 10:50:00,4.99e-06,4.99e-06,4.98e-06,4.98e-06,683150775.0
2026-06-14 10:55:00,4.99e-06,4.99e-06,4.97e-06,4.98e-06,1479442142.0
2026-06-14 11:00:00,4.98e-06,4.98e-06,4.96e-06,4.96e-06,2015577104.0
2026-06-14 11:05:00,4.97e-06,4.97e-06,4.96e-06,4.96e-06,659522318.0
2026-06-14 11:10:00,4.96e-06,4.98e-06,4.96e-06,4.98e-06,1474923806.0
2026-06-14 11:15:00,4.98e-06,4.98e-06,4.97e-06,4.97e-06,7821513349.0
2026-06-14 11:20:00,4.97e-06,4.97e-06,4.96e-06,4.97e-06,540913452.0
2026-06-14 11:25:00,4.97e-06,4.97e-06,4.96e-06,4.96e-06,2664483378.0
2026-06-14 11:30:00,4.96e-06,4.97e-06,4.96e-06,4.97e-06,695670289.0
2026-06-14 11:35:00,4.97e-06,4.97e-06,4.96e-06,4.97e-06,400822126.0
2026-06-14 11:40:00,4.96e-06,4.97e-06,4.96e-06,4.97e-06,252817825.0
2026-06-14 11:45:00,4.97e-06,4.97e-06,4.96e-06,4.96e-06,460407609.0
2026-06-14 11:50:00,4.97e-06,4.97e-06,4.96e-06,4.97e-06,1645522849.0
2026-06-14 11:55:00,4.96e-06,4.97e-06,4.96e-06,4.97e-06,254096565.0
2026-06-14 12:00:00,4.97e-06,4.97e-06,4.96e-06,4.96e-06,3878026841.0
2026-06-14 12:05:00,4.97e-06,4.97e-06,4.95e-06,4.96e-06,1812659937.0
2026-06-14 12:10:00,4.96e-06,4.96e-06,4.95e-06,4.95e-06,1249164073.0
2026-06-14 12:15:00,4.95e-06,4.96e-06,4.95e-06,4.96e-06,839229438.0
2026-06-14 12:20:00,4.95e-06,4.97e-06,4.95e-06,4.96e-06,4042028155.0
2026-06-14 12:25:00,4.96e-06,4.96e-06,4.95e-06,4.95e-06,1295127559.0
2026-06-14 12:30:00,4.94e-06,4.95e-06,4.91e-06,4.93e-06,11685744988.0
2026-06-14 12:35:00,4.93e-06,4.93e-06,4.9e-06,4.91e-06,9455348710.0
2026-06-14 12:40:00,4.91e-06,4.92e-06,4.9e-06,4.92e-06,9397094971.0
2026-06-14 12:45:00,4.92e-06,4.92e-06,4.9e-06,4.91e-06,7119366619.0
2026-06-14 12:50:00,4.92e-06,4.92e-06,4.9e-06,4.92e-06,5303085333.0
2026-06-14 12:55:00,4.92e-06,4.93e-06,4.91e-06,4.93e-06,821292505.0
2026-06-14 13:00:00,4.93e-06,4.93e-06,4.91e-06,4.91e-06,3881712278.0
2026-06-14 13:05:00,4.91e-06,4.93e-06,4.91e-06,4.92e-06,1954417734.0
2026-06-14 13:10:00,4.92e-06,4.93e-06,4.91e-06,4.92e-06,2614743176.0
2026-06-14 13:15:00,4.92e-06,4.93e-06,4.92e-06,4.92e-06,1901918535.0
2026-06-14 13:20:00,4.92e-06,4.93e-06,4.92e-06,4.93e-06,2480721078.0
2026-06-14 13:25:00,4.93e-06,4.93e-06,4.92e-06,4.92e-06,5660912940.0
2026-06-14 13:30:00,4.92e-06,4.93e-06,4.91e-06,4.92e-06,3722834024.0
2026-06-14 13:35:00,4.93e-06,4.93e-06,4.91e-06,4.92e-06,1964804802.0
2026-06-14 13:40:00,4.92e-06,4.92e-06,4.91e-06,4.92e-06,2158372562.0
2026-06-14 13:45:00,4.92e-06,4.92e-06,4.9e-06,4.9e-06,2693938912.0
2026-06-14 13:50:00,4.91e-06,4.92e-06,4.9e-06,4.91e-06,4310441865.0
2026-06-14 13:55:00,4.92e-06,4.92e-06,4.91e-06,4.92e-06,111085969.0
2026-06-14 14:00:00,4.92e-06,4.93e-06,4.91e-06,4.92e-06,3164582198.0
2026-06-14 14:05:00,4.93e-06,4.93e-06,4.91e-06,4.92e-06,1123739407.0
2026-06-14 14:10:00,4.91e-06,4.92e-06,4.91e-06,4.92e-06,77717973.0
2026-06-14 14:15:00,4.92e-06,4.92e-06,4.9e-06,4.92e-06,3571219294.0
2026-06-14 14:20:00,4.92e-06,4.92e-06,4.91e-06,4.91e-06,3138878132.0
2026-06-14 14:25:00,4.91e-06,4.92e-06,4.9e-06,4.9e-06,635240040.0
2026-06-14 14:30:00,4.9e-06,4.91e-06,4.9e-06,4.9e-06,12643971435.0
2026-06-14 14:35:00,4.89e-06,4.9e-06,4.88e-06,4.89e-06,7008089782.0
2026-06-14 14:40:00,4.89e-06,4.89e-06,4.87e-06,4.89e-06,3613741519.0
2026-06-14 14:45:00,4.89e-06,4.89e-06,4.88e-06,4.88e-06,157410062.0
2026-06-14 14:50:00,4.89e-06,4.89e-06,4.88e-06,4.88e-06,2712543223.0
2026-06-14 14:55:00,4.89e-06,4.89e-06,4.88e-06,4.89e-06,7544589082.0
2026-06-14 15:00:00,4.89e-06,4.9e-06,4.88e-06,4.89e-06,8164520060.0
2026-06-14 15:05:00,4.9e-06,4.9e-06,4.89e-06,4.9e-06,463157877.0
2026-06-14 15:10:00,4.9e-06,4.9e-06,4.89e-06,4.89e-06,153250260.0
2026-06-14 15:15:00,4.89e-06,4.9e-06,4.88e-06,4.89e-06,1441136156.0
2026-06-14 15:20:00,4.89e-06,4.9e-06,4.88e-06,4.89e-06,3744869528.0
2026-06-14 15:25:00,4.89e-06,4.9e-06,4.88e-06,4.89e-06,260355783.0
2026-06-14 15:30:00,4.9e-06,4.9e-06,4.88e-06,4.89e-06,906698077.0
2026-06-14 15:35:00,4.89e-06,4.9e-06,4.89e-06,4.9e-06,32304685.0
2026-06-14 15:40:00,4.89e-06,4.9e-06,4.89e-06,4.9e-06,213237354.0
2026-06-14 15:45:00,4.89e-06,4.89e-06,4.88e-06,4.89e-06,5392088073.0
2026-06-14 15:50:00,4.89e-06,4.9e-06,4.89e-06,4.9e-06,288437969.0
2026-06-14 15:55:00,4.9e-06,4.9e-06,4.88e-06,4.88e-06,863989064.0
2026-06-14 16:00:00,4.89e-06,4.9e-06,4.88e-06,4.89e-06,2606871808.0
2026-06-14 16:05:00,4.89e-06,4.9e-06,4.89e-06,4.89e-06,1755620930.0
2026-06-14 16:10:00,4.9e-06,4.91e-06,4.89e-06,4.91e-06,1132880148.0
2026-06-14 16:15:00,4.91e-06,4.91e-06,4.9e-06,4.9e-06,59128951.0
2026-06-14 16:20:00,4.9e-06,4.91e-06,4.9e-06,4.91e-06,1341529528.0
2026-06-14 16:25:00,4.91e-06,4.91e-06,4.9e-06,4.91e-06,117901846.0
2026-06-14 16:30:00,4.91e-06,4.91e-06,4.9e-06,4.91e-06,717036046.0
2026-06-14 16:35:00,4.91e-06,4.92e-06,4.9e-06,4.9e-06,5546009358.0
2026-06-14 16:40:00,4.9e-06,4.91e-06,4.9e-06,4.91e-06,2892469194.0
2026-06-14 16:45:00,4.91e-06,4.91e-06,4.89e-06,4.9e-06,5498971336.0
2026-06-14 16:50:00,4.89e-06,4.9e-06,4.89e-06,4.9e-06,1085988744.0
2026-06-14 16:55:00,4.89e-06,4.9e-06,4.89e-06,4.9e-06,774650299.0
2026-06-14 17:00:00,4.89e-06,4.9e-06,4.89e-06,4.89e-06,692093968.0
2026-06-14 17:05:00,4.9e-06,4.9e-06,4.89e-06,4.9e-06,466444947.0
2026-06-14 17:10:00,4.9e-06,4.9e-06,4.89e-06,4.9e-06,915831158.0
2026-06-14 17:15:00,4.9e-06,4.91e-06,4.89e-06,4.91e-06,8405453559.0
2026-06-14 17:20:00,4.91e-06,4.91e-06,4.89e-06,4.9e-06,1315158250.0
2026-06-14 17:25:00,4.91e-06,4.91e-06,4.89e-06,4.89e-06,3380541870.0
2026-06-14 17:30:00,4.9e-06,4.9e-06,4.89e-06,4.89e-06,361126140.0
2026-06-14 17:35:00,4.89e-06,4.9e-06,4.88e-06,4.89e-06,5219111231.0
2026-06-14 17:40:00,4.9e-06,4.91e-06,4.89e-06,4.9e-06,1694178050.0
2026-06-14 17:45:00,4.9e-06,4.9e-06,4.89e-06,4.89e-06,602742755.0
2026-06-14 17:50:00,4.89e-06,4.89e-06,4.88e-06,4.88e-06,67149900.0
2026-06-14 17:55:00,4.89e-06,4.89e-06,4.89e-06,4.89e-06,235160564.0
2026-06-14 18:00:00,4.89e-06,4.9e-06,4.88e-06,4.9e-06,2091686390.0
2026-06-14 18:05:00,4.89e-06,4.89e-06,4.88e-06,4.89e-06,1269414140.0
2026-06-14 18:10:00,4.89e-06,4.9e-06,4.88e-06,4.89e-06,952923501.0
2026-06-14 18:15:00,4.89e-06,4.9e-06,4.88e-06,4.89e-06,3344674048.0
2026-06-14 18:20:00,4.89e-06,4.9e-06,4.88e-06,4.88e-06,1390076938.0
2026-06-14 18:25:00,4.88e-06,4.89e-06,4.87e-06,4.89e-06,7106161084.0
2026-06-14 18:30:00,4.88e-06,4.89e-06,4.88e-06,4.88e-06,1988212090.0
2026-06-14 18:35:00,4.88e-06,4.89e-06,4.88e-06,4.89e-06,63535132.0
2026-06-14 18:40:00,4.89e-06,4.9e-06,4.89e-06,4.89e-06,2025924001.0
2026-06-14 18:45:00,4.89e-06,4.9e-06,4.89e-06,4.9e-06,344583529.0
2026-06-14 18:50:00,4.89e-06,4.89e-06,4.88e-06,4.88e-06,1471984303.0
2026-06-14 18:55:00,4.88e-06,4.89e-06,4.88e-06,4.89e-06,699483178.0
2026-06-14 19:00:00,4.88e-06,4.89e-06,4.88e-06,4.89e-06,178041882.0
2026-06-14 19:05:00,4.89e-06,4.89e-06,4.88e-06,4.88e-06,1478182751.0
2026-06-14 19:10:00,4.88e-06,4.9e-06,4.88e-06,4.89e-06,2352882070.0
2026-06-14 19:15:00,4.9e-06,4.9e-06,4.89e-06,4.9e-06,657619868.0
2026-06-14 19:20:00,4.89e-06,4.9e-06,4.89e-06,4.89e-06,73684675.0
2026-06-14 19:25:00,4.89e-06,4.9e-06,4.89e-06,4.9e-06,55957330.0
2026-06-14 19:30:00,4.89e-06,4.9e-06,4.89e-06,4.89e-06,617980143.0
2026-06-14 19:35:00,4.9e-06,4.9e-06,4.88e-06,4.88e-06,458641237.0
2026-06-14 19:40:00,4.89e-06,4.89e-06,4.88e-06,4.88e-06,270419775.0
2026-06-14 19:45:00,4.88e-06,4.89e-06,4.88e-06,4.89e-06,174230397.0
2026-06-14 19:50:00,4.89e-06,4.89e-06,4.88e-06,4.88e-06,129816699.0
2026-06-14 19:55:00,4.89e-06,4.89e-06,4.88e-06,4.88e-06,206653596.0
2026-06-14 20:00:00,4.89e-06,4.89e-06,4.88e-06,4.88e-06,66640973.0
2026-06-14 20:05:00,4.88e-06,4.89e-06,4.88e-06,4.88e-06,3762060176.0
2026-06-14 20:10:00,4.89e-06,4.9e-06,4.88e-06,4.89e-06,4948887734.0
2026-06-14 20:15:00,4.9e-06,4.9e-06,4.89e-06,4.89e-06,237216935.0
2026-06-14 20:20:00,4.89e-06,4.9e-06,4.89e-06,4.9e-06,4609886100.0
2026-06-14 20:25:00,4.91e-06,4.91e-06,4.9e-06,4.91e-06,237247982.0
2026-06-14 20:30:00,4.91e-06,4.92e-06,4.9e-06,4.92e-06,1575938067.0
2026-06-14 20:35:00,4.92e-06,4.93e-06,4.91e-06,4.93e-06,4264910293.0
2026-06-14 20:40:00,4.92e-06,4.93e-06,4.92e-06,4.92e-06,38069855.0
2026-06-14 20:45:00,4.92e-06,4.92e-06,4.91e-06,4.92e-06,2288798115.0
2026-06-14 20:50:00,4.92e-06,4.92e-06,4.91e-06,4.92e-06,629854156.0
2026-06-14 20:55:00,4.92e-06,4.92e-06,4.91e-06,4.92e-06,69252177.0
2026-06-14 21:00:00,4.92e-06,4.92e-06,4.91e-06,4.91e-06,288406711.0
2026-06-14 21:05:00,4.92e-06,4.92e-06,4.91e-06,4.92e-06,1805941023.0
2026-06-14 21:10:00,4.92e-06,4.92e-06,4.91e-06,4.92e-06,2760590837.0
2026-06-14 21:15:00,4.92e-06,4.98e-06,4.92e-06,4.98e-06,24732145900.0
2026-06-14 21:20:00,4.98e-06,4.99e-06,4.97e-06,4.98e-06,4533692873.0
2026-06-14 21:25:00,4.99e-06,5e-06,4.97e-06,4.98e-06,9437967183.0
2026-06-14 21:30:00,4.99e-06,5e-06,4.96e-06,5e-06,19273875307.0
2026-06-14 21:35:00,4.99e-06,5e-06,4.98e-06,4.99e-06,1663435651.0
2026-06-14 21:40:00,4.99e-06,5.01e-06,4.99e-06,5.01e-06,8278770720.0
2026-06-14 21:45:00,5.01e-06,5.02e-06,5e-06,5.01e-06,1582751590.0
2026-06-14 21:50:00,5.01e-06,5.03e-06,5.01e-06,5.02e-06,5442167928.0
2026-06-14 21:55:00,5.02e-06,5.02e-06,5e-06,5e-06,3222737616.0
2026-06-14 22:00:00,5.01e-06,5.01e-06,4.99e-06,5e-06,3227607286.0
2026-06-14 22:05:00,5e-06,5e-06,4.98e-06,5e-06,5966878497.0
2026-06-14 22:10:00,4.99e-06,5.01e-06,4.98e-06,5e-06,10879348804.0
2026-06-14 22:15:00,5e-06,5.01e-06,4.99e-06,5.01e-06,8128634774.0
2026-06-14 22:20:00,5e-06,5.02e-06,5e-06,5.01e-06,7680036033.0
2026-06-14 22:25:00,5.01e-06,5.01e-06,4.99e-06,5.01e-06,6507056598.0
2026-06-14 22:30:00,5.01e-06,5.01e-06,5e-06,5e-06,4940456087.0
2026-06-14 22:35:00,5e-06,5.02e-06,5e-06,5.01e-06,7887935168.0
2026-06-14 22:40:00,5.01e-06,5.03e-06,5e-06,5.02e-06,7760483500.0
2026-06-14 22:45:00,5.01e-06,5.02e-06,5e-06,5.01e-06,675948051.0
2026-06-14 22:50:00,5.01e-06,5.01e-06,5e-06,5.01e-06,1961172959.0
2026-06-14 22:55:00,5e-06,5.01e-06,4.99e-06,5e-06,4397189708.0
2026-06-14 23:00:00,5e-06,5.01e-06,4.99e-06,4.99e-06,7892322909.0
2026-06-14 23:05:00,5e-06,5.02e-06,4.99e-06,5.01e-06,4103866349.0
2026-06-14 23:10:00,5.01e-06,5.02e-06,5e-06,5.01e-06,4437713529.0
2026-06-14 23:15:00,5.01e-06,5.02e-06,5.01e-06,5.01e-06,4424048740.0
2026-06-14 23:20:00,5.01e-06,5.02e-06,5.01e-06,5.01e-06,247465703.0
2026-06-14 23:25:00,5.02e-06,5.03e-06,5.02e-06,5.02e-06,1166473578.0
2026-06-14 23:30:00,5.03e-06,5.03e-06,5.01e-06,5.02e-06,7381874372.0
2026-06-14 23:35:00,5.02e-06,5.03e-06,5.01e-06,5.02e-06,3649965617.0
2026-06-14 23:40:00,5.02e-06,5.02e-06,5.01e-06,5.01e-06,1642390287.0
2026-06-14 23:45:00,5.02e-06,5.03e-06,5.01e-06,5.02e-06,2855192585.0
2026-06-14 23:50:00,5.02e-06,5.04e-06,5.02e-06,5.04e-06,3214906738.0
2026-06-14 23:55:00,5.04e-06,5.05e-06,5.03e-06,5.04e-06,415721510.0
2026-06-15 00:00:00,5.05e-06,5.05e-06,5.03e-06,5.04e-06,3813405801.0
2026-06-15 00:05:00,5.04e-06,5.05e-06,5.04e-06,5.05e-06,8305324787.0
2026-06-15 00:10:00,5.04e-06,5.05e-06,5.04e-06,5.05e-06,6578968488.0
2026-06-15 00:15:00,5.06e-06,5.06e-06,5.03e-06,5.03e-06,8043296442.0
2026-06-15 00:20:00,5.04e-06,5.05e-06,5.03e-06,5.03e-06,3209129799.0
2026-06-15 00:25:00,5.04e-06,5.05e-06,5.03e-06,5.04e-06,3642716403.0
2026-06-15 00:30:00,5.03e-06,5.04e-06,5.02e-06,5.03e-06,10269761084.0
2026-06-15 00:35:00,5.02e-06,5.03e-06,5.01e-06,5.02e-06,4489190602.0
2026-06-15 00:40:00,5.02e-06,5.03e-06,5.01e-06,5.01e-06,4196286172.0
2026-06-15 00:45:00,5.01e-06,5.03e-06,5.01e-06,5.02e-06,5236356526.0
2026-06-15 00:50:00,5.02e-06,5.02e-06,5.01e-06,5.02e-06,1684915574.0
2026-06-15 00:55:00,5.02e-06,5.02e-06,5.01e-06,5.02e-06,6741142059.0
2026-06-15 01:00:00,5.02e-06,5.02e-06,4.99e-06,5e-06,12049509579.0
2026-06-15 01:05:00,4.99e-06,5.02e-06,4.99e-06,5.01e-06,2496306606.0
2026-06-15 01:10:00,5e-06,5.01e-06,5e-06,5.01e-06,1963195540.0
2026-06-15 01:15:00,5.01e-06,5.01e-06,5e-06,5e-06,368560677.0
2026-06-15 01:20:00,5e-06,5.01e-06,5e-06,5e-06,916272940.0
2026-06-15 01:25:00,5e-06,5.01e-06,4.99e-06,5e-06,2149927755.0
2026-06-15 01:30:00,4.99e-06,5e-06,4.99e-06,5e-06,1815724757.0
2026-06-15 01:35:00,5e-06,5.02e-06,4.99e-06,5.02e-06,6181937075.0
2026-06-15 01:40:00,5.02e-06,5.02e-06,5e-06,5.02e-06,5481938231.0
2026-06-15 01:45:00,5.02e-06,5.02e-06,5.01e-06,5.01e-06,544488360.0
2026-06-15 01:50:00,5.02e-06,5.02e-06,5e-06,5.01e-06,6180645956.0
2026-06-15 01:55:00,5.01e-06,5.02e-06,5.01e-06,5.01e-06,782359405.0
2026-06-15 02:00:00,5.01e-06,5.01e-06,5e-06,5e-06,1512091635.0
2026-06-15 02:05:00,5.01e-06,5.02e-06,5e-06,5.02e-06,3936647852.0
2026-06-15 02:10:00,5.01e-06,5.02e-06,5.01e-06,5.01e-06,1849292896.0
2026-06-15 02:15:00,5.02e-06,5.04e-06,5.02e-06,5.03e-06,15379012501.0
2026-06-15 02:20:00,5.03e-06,5.03e-06,5.02e-06,5.02e-06,3017877365.0
2026-06-15 02:25:00,5.03e-06,5.03e-06,5.01e-06,5.01e-06,847220632.0
2026-06-15 02:30:00,5.01e-06,5.02e-06,5e-06,5.01e-06,2767983534.0
2026-06-15 02:35:00,5e-06,5.02e-06,5e-06,5.01e-06,2240466046.0
2026-06-15 02:40:00,5.01e-06,5.02e-06,5.01e-06,5.01e-06,1996580170.0
2026-06-15 02:45:00,5.01e-06,5.02e-06,5e-06,5.01e-06,2644932350.0
2026-06-15 02:50:00,5e-06,5.02e-06,5e-06,5e-06,3626427043.0
2026-06-15 02:55:00,5e-06,5.01e-06,5e-06,5e-06,643340985.0
2026-06-15 03:00:00,5e-06,5.01e-06,5e-06,5e-06,4039131728.0
2026-06-15 03:05:00,5e-06,5.01e-06,4.99e-06,5.01e-06,5618205320.0
2026-06-15 03:10:00,5e-06,5.02e-06,5e-06,5.02e-06,10855376291.0
2026-06-15 03:15:00,5.02e-06,5.02e-06,5.01e-06,5.01e-06,4828411578.0
2026-06-15 03:20:00,5.02e-06,5.02e-06,5e-06,5.02e-06,3084472144.0
2026-06-15 03:25:00,5.02e-06,5.02e-06,5.01e-06,5.01e-06,439162524.0
2026-06-15 03:30:00,5.02e-06,5.02e-06,5.01e-06,5.01e-06,316042549.0
2026-06-15 03:35:00,5.01e-06,5.02e-06,5.01e-06,5.01e-06,518804195.0
2026-06-15 03:40:00,5.01e-06,5.03e-06,5.01e-06,5.02e-06,2032190502.0
2026-06-15 03:45:00,5.02e-06,5.03e-06,5.01e-06,5.02e-06,6806274170.0
2026-06-15 03:50:00,5.03e-06,5.03e-06,5.02e-06,5.02e-06,1368220782.0
2026-06-15 03:55:00,5.03e-06,5.03e-06,5.02e-06,5.03e-06,2984233449.0
2026-06-15 04:00:00,5.03e-06,5.03e-06,5.01e-06,5.03e-06,14241443412.0
2026-06-15 04:05:00,5.02e-06,5.03e-06,5.01e-06,5.02e-06,3047885111.0
2026-06-15 04:10:00,5.02e-06,5.03e-06,5.01e-06,5.03e-06,1100345045.0
2026-06-15 04:15:00,5.02e-06,5.03e-06,5.01e-06,5.03e-06,1016379457.0
2026-06-15 04:20:00,5.03e-06,5.03e-06,5.02e-06,5.03e-06,24223990.0
2026-06-15 04:25:00,5.03e-06,5.03e-06,5.02e-06,5.02e-06,78849758.0
2026-06-15 04:30:00,5.02e-06,5.02e-06,5.01e-06,5.01e-06,2590017049.0
2026-06-15 04:35:00,5.01e-06,5.02e-06,5.01e-06,5.02e-06,4443254145.0
2026-06-15 04:40:00,5.01e-06,5.02e-06,5.01e-06,5.01e-06,1290231833.0
2026-06-15 04:45:00,5.02e-06,5.02e-06,5.01e-06,5.02e-06,2790257293.0
2026-06-15 04:50:00,5.02e-06,5.03e-06,5.01e-06,5.02e-06,3342108125.0
2026-06-15 04:55:00,5.01e-06,5.02e-06,5.01e-06,5.02e-06,1664059797.0
2026-06-15 05:00:00,5.02e-06,5.02e-06,5.01e-06,5.02e-06,3161164442.0
2026-06-15 05:05:00,5.02e-06,5.02e-06,5.01e-06,5.01e-06,1187097555.0
2026-06-15 05:10:00,5.01e-06,5.03e-06,5.01e-06,5.03e-06,2647740949.0
2026-06-15 05:15:00,5.03e-06,5.03e-06,5.02e-06,5.03e-06,3146163706.0
2026-06-15 05:20:00,5.03e-06,5.04e-06,5.02e-06,5.02e-06,1946723243.0
2026-06-15 05:25:00,5.03e-06,5.04e-06,5.02e-06,5.03e-06,4076748903.0
2026-06-15 05:30:00,5.03e-06,5.04e-06,5.03e-06,5.03e-06,4467829894.0
2026-06-15 05:35:00,5.03e-06,5.04e-06,5.02e-06,5.03e-06,533423269.0
2026-06-15 05:40:00,5.02e-06,5.03e-06,5.02e-06,5.03e-06,236108702.0
2026-06-15 05:45:00,5.03e-06,5.03e-06,5.02e-06,5.02e-06,718386419.0
2026-06-15 05:50:00,5.03e-06,5.04e-06,5.02e-06,5.04e-06,4284419226.0
2026-06-15 05:55:00,5.03e-06,5.04e-06,5.03e-06,5.03e-06,1276831234.0
2026-06-15 06:00:00,5.03e-06,5.03e-06,5.02e-06,5.03e-06,1886755525.0
2026-06-15 06:05:00,5.03e-06,5.04e-06,5.03e-06,5.03e-06,6379497968.0
2026-06-15 06:10:00,5.02e-06,5.04e-06,5.02e-06,5.04e-06,6144316880.0
2026-06-15 06:15:00,5.04e-06,5.09e-06,5.03e-06,5.05e-06,90952150007.0
2026-06-15 06:20:00,5.05e-06,5.05e-06,5.03e-06,5.04e-06,2814200956.0
2026-06-15 06:25:00,5.04e-06,5.06e-06,5.04e-06,5.05e-06,3732800123.0
2026-06-15 06:30:00,5.04e-06,5.05e-06,5.03e-06,5.03e-06,3285150294.0
2026-06-15 06:35:00,5.02e-06,5.03e-06,5.02e-06,5.03e-06,193650592.0
2026-06-15 06:40:00,5.02e-06,5.03e-06,5.02e-06,5.03e-06,526610827.0
2026-06-15 06:45:00,5.03e-06,5.04e-06,5.02e-06,5.04e-06,5534498973.0
2026-06-15 06:50:00,5.04e-06,5.04e-06,5.03e-06,5.04e-06,186562871.0
2026-06-15 06:55:00,5.04e-06,5.04e-06,5.02e-06,5.02e-06,2834347427.0
2026-06-15 07:00:00,5.03e-06,5.03e-06,5.01e-06,5.02e-06,2235911401.0
2026-06-15 07:05:00,5.02e-06,5.03e-06,5.01e-06,5.01e-06,2073575197.0
2026-06-15 07:10:00,5.02e-06,5.09e-06,5.02e-06,5.06e-06,42492256151.0
2026-06-15 07:15:00,5.07e-06,5.08e-06,5.03e-06,5.04e-06,20251741029.0
2026-06-15 07:20:00,5.03e-06,5.04e-06,5.03e-06,5.04e-06,3987368926.0
2026-06-15 07:25:00,5.04e-06,5.04e-06,5.02e-06,5.03e-06,4097316492.0
2026-06-15 07:30:00,5.03e-06,5.03e-06,5e-06,5.01e-06,9349330178.0
2026-06-15 07:35:00,5.01e-06,5.02e-06,5e-06,5.02e-06,3772772631.0
2026-06-15 07:40:00,5.02e-06,5.02e-06,5.01e-06,5.01e-06,348216044.0
2026-06-15 07:45:00,5.02e-06,5.02e-06,5.01e-06,5.01e-06,5436376514.0
2026-06-15 07:50:00,5.01e-06,5.03e-06,5.01e-06,5.03e-06,6970476229.0
2026-06-15 07:55:00,5.02e-06,5.02e-06,5e-06,5e-06,10043060252.0
2026-06-15 08:00:00,5e-06,5.01e-06,4.99e-06,5.01e-06,13236977329.0
2026-06-15 08:05:00,5.01e-06,5.02e-06,5e-06,5.01e-06,5887435002.0
2026-06-15 08:10:00,5.01e-06,5.01e-06,5e-06,5e-06,3444339152.0
2026-06-15 08:15:00,5.01e-06,5.02e-06,5e-06,5.01e-06,1636622246.0
2026-06-15 08:20:00,5e-06,5e-06,4.99e-06,4.99e-06,7735485404.0
2026-06-15 08:25:00,5e-06,5.01e-06,5e-06,5.01e-06,4075953330.0
2026-06-15 08:30:00,5e-06,5.02e-06,5e-06,5.01e-06,4022374242.0
2026-06-15 08:35:00,5.01e-06,5.01e-06,5e-06,5e-06,1842679858.0
2026-06-15 08:40:00,5e-06,5.01e-06,4.99e-06,5.01e-06,3263188873.0
2026-06-15 08:45:00,5.01e-06,5.01e-06,5e-06,5.01e-06,2172647016.0
2026-06-15 08:50:00,5.01e-06,5.01e-06,5e-06,5e-06,10197577370.0
2026-06-15 08:55:00,5e-06,5e-06,4.99e-06,5e-06,522241293.0
2026-06-15 09:00:00,4.99e-06,5e-06,4.99e-06,5e-06,4416027587.0
2026-06-15 09:05:00,5e-06,5.01e-06,4.99e-06,5e-06,2996783937.0
2026-06-15 09:10:00,5.01e-06,5.01e-06,4.99e-06,5e-06,1406680401.0
2026-06-15 09:15:00,5.01e-06,5.02e-06,5e-06,5.02e-06,3836970284.0
2026-06-15 09:20:00,5.02e-06,5.02e-06,5e-06,5.01e-06,1639497964.0
2026-06-15 09:25:00,5.01e-06,5.01e-06,4.99e-06,5e-06,7051656423.0
2026-06-15 09:30:00,5e-06,5e-06,4.99e-06,4.99e-06,3073321971.0
2026-06-15 09:35:00,4.99e-06,5e-06,4.98e-06,4.99e-06,1727510558.0
2026-06-15 09:40:00,4.99e-06,5.01e-06,4.99e-06,5.01e-06,458863983.0
2026-06-15 09:45:00,5e-06,5.01e-06,5e-06,5.01e-06,166592642.0
2026-06-15 09:50:00,5.01e-06,5.01e-06,5e-06,5.01e-06,266314253.0
2026-06-15 09:55:00,5.01e-06,5.02e-06,5.01e-06,5.01e-06,2689106973.0
2026-06-15 10:00:00,5.02e-06,5.02e-06,5.01e-06,5.01e-06,1453675172.0
2026-06-15 10:05:00,5.01e-06,5.02e-06,5.01e-06,5.01e-06,751280251.0
2026-06-15 10:10:00,5.01e-06,5.02e-06,5e-06,5.01e-06,3093695275.0
2026-06-15 10:15:00,5.01e-06,5.02e-06,5.01e-06,5.02e-06,507912693.0
2026-06-15 10:20:00,5.01e-06,5.02e-06,5.01e-06,5.01e-06,1882572507.0
2026-06-15 10:25:00,5.01e-06,5.01e-06,5e-06,5e-06,4688958447.0
2026-06-15 10:30:00,5.01e-06,5.02e-06,5e-06,5.01e-06,2360524643.0
2026-06-15 10:35:00,5.02e-06,5.03e-06,5.01e-06,5.02e-06,1368332790.0
2026-06-15 10:40:00,5.03e-06,5.03e-06,5.01e-06,5.02e-06,3106610103.0
2026-06-15 10:45:00,5.02e-06,5.02e-06,5.01e-06,5.02e-06,3153540599.0
2026-06-15 10:50:00,5.02e-06,5.05e-06,5.01e-06,5.03e-06,14828709543.0
2026-06-15 10:55:00,5.03e-06,5.04e-06,5.03e-06,5.04e-06,7496638029.0
2026-06-15 11:00:00,5.03e-06,5.05e-06,5.03e-06,5.04e-06,8733575790.0
2026-06-15 11:05:00,5.04e-06,5.06e-06,5.03e-06,5.04e-06,14056799899.0
2026-06-15 11:10:00,5.04e-06,5.06e-06,5.04e-06,5.04e-06,5991297400.0
2026-06-15 11:15:00,5.05e-06,5.06e-06,5.04e-06,5.06e-06,8736934353.0
2026-06-15 11:20:00,5.07e-06,5.08e-06,5.06e-06,5.08e-06,16851187319.0
2026-06-15 11:25:00,5.08e-06,5.08e-06,5.06e-06,5.06e-06,14557399557.0
2026-06-15 11:30:00,5.06e-06,5.07e-06,5.05e-06,5.07e-06,5058507330.0
2026-06-15 11:35:00,5.07e-06,5.07e-06,5.05e-06,5.07e-06,7392583145.0
2026-06-15 11:40:00,5.07e-06,5.07e-06,5.05e-06,5.06e-06,8942949237.0
2026-06-15 11:45:00,5.06e-06,5.07e-06,5.05e-06,5.06e-06,1809759547.0
2026-06-15 11:50:00,5.06e-06,5.07e-06,5.05e-06,5.07e-06,7452342515.0
2026-06-15 11:55:00,5.06e-06,5.07e-06,5.05e-06,5.06e-06,2418501727.0
2026-06-15 12:00:00,5.06e-06,5.08e-06,5.06e-06,5.07e-06,8416238363.0
2026-06-15 12:05:00,5.07e-06,5.08e-06,5.07e-06,5.08e-06,1648043517.0
2026-06-15 12:10:00,5.08e-06,5.09e-06,5.07e-06,5.08e-06,14517556859.0
2026-06-15 12:15:00,5.07e-06,5.08e-06,5.06e-06,5.06e-06,5564167682.0
2026-06-15 12:20:00,5.07e-06,5.08e-06,5.06e-06,5.08e-06,3034784418.0
2026-06-15 12:25:00,5.08e-06,5.08e-06,5.07e-06,5.08e-06,4437444978.0
2026-06-15 12:30:00,5.08e-06,5.08e-06,5.06e-06,5.07e-06,10844633218.0
2026-06-15 12:35:00,5.07e-06,5.08e-06,5.07e-06,5.08e-06,1648045240.0
2026-06-15 12:40:00,5.08e-06,5.11e-06,5.07e-06,5.1e-06,12488798030.0
2026-06-15 12:45:00,5.1e-06,5.11e-06,5.09e-06,5.1e-06,7933330678.0
2026-06-15 12:50:00,5.1e-06,5.1e-06,5.08e-06,5.09e-06,7265270538.0
2026-06-15 12:55:00,5.1e-06,5.1e-06,5.08e-06,5.08e-06,1843399333.0
2026-06-15 13:00:00,5.09e-06,5.11e-06,5.08e-06,5.1e-06,10432897499.0
2026-06-15 13:05:00,5.09e-06,5.1e-06,5.09e-06,5.1e-06,1637883903.0
2026-06-15 13:10:00,5.1e-06,5.12e-06,5.09e-06,5.12e-06,14199347474.0
2026-06-15 13:15:00,5.11e-06,5.13e-06,5.11e-06,5.12e-06,14891208354.0
2026-06-15 13:20:00,5.13e-06,5.14e-06,5.12e-06,5.13e-06,13100249158.0
2026-06-15 13:25:00,5.14e-06,5.15e-06,5.12e-06,5.13e-06,8866518973.0
2026-06-15 13:30:00,5.12e-06,5.14e-06,5.12e-06,5.14e-06,12874894925.0
2026-06-15 13:35:00,5.14e-06,5.15e-06,5.12e-06,5.12e-06,15602496531.0
2026-06-15 13:40:00,5.12e-06,5.12e-06,5.1e-06,5.12e-06,23364554010.0
2026-06-15 13:45:00,5.12e-06,5.13e-06,5.11e-06,5.12e-06,11842148110.0
2026-06-15 13:50:00,5.12e-06,5.13e-06,5.11e-06,5.12e-06,11526832599.0
2026-06-15 13:55:00,5.12e-06,5.13e-06,5.11e-06,5.12e-06,9770480000.0
2026-06-15 14:00:00,5.12e-06,5.13e-06,5.1e-06,5.11e-06,18487111058.0
2026-06-15 14:05:00,5.11e-06,5.12e-06,5.09e-06,5.1e-06,10091773019.0
2026-06-15 14:10:00,5.1e-06,5.11e-06,5.09e-06,5.11e-06,7667215764.0
2026-06-15 14:15:00,5.11e-06,5.12e-06,5.1e-06,5.12e-06,6240658950.0
2026-06-15 14:20:00,5.12e-06,5.12e-06,5.1e-06,5.12e-06,10443061225.0
2026-06-15 14:25:00,5.12e-06,5.13e-06,5.11e-06,5.12e-06,8203568001.0
2026-06-15 14:30:00,5.12e-06,5.14e-06,5.12e-06,5.13e-06,4825175411.0
2026-06-15 14:35:00,5.12e-06,5.13e-06,5.11e-06,5.13e-06,12477366907.0
2026-06-15 14:40:00,5.13e-06,5.13e-06,5.1e-06,5.12e-06,5524008515.0
2026-06-15 14:45:00,5.11e-06,5.13e-06,5.1e-06,5.12e-06,13373283769.0
2026-06-15 14:50:00,5.12e-06,5.13e-06,5.12e-06,5.13e-06,303381769.0
2026-06-15 14:55:00,5.13e-06,5.14e-06,5.12e-06,5.12e-06,13967857547.0
2026-06-15 15:00:00,5.13e-06,5.14e-06,5.12e-06,5.13e-06,13665230019.0
2026-06-15 15:05:00,5.12e-06,5.13e-06,5.12e-06,5.12e-06,5282386220.0
2026-06-15 15:10:00,5.13e-06,5.14e-06,5.12e-06,5.13e-06,3913798315.0
2026-06-15 15:15:00,5.12e-06,5.14e-06,5.12e-06,5.14e-06,1795514400.0
2026-06-15 15:20:00,5.13e-06,5.14e-06,5.12e-06,5.14e-06,14029553057.0
2026-06-15 15:25:00,5.13e-06,5.15e-06,5.12e-06,5.13e-06,8155219282.0
2026-06-15 15:30:00,5.12e-06,5.14e-06,5.11e-06,5.11e-06,13552031595.0
2026-06-15 15:35:00,5.11e-06,5.14e-06,5.11e-06,5.13e-06,9059486514.0
2026-06-15 15:40:00,5.12e-06,5.15e-06,5.12e-06,5.14e-06,13553338469.0
2026-06-15 15:45:00,5.15e-06,5.17e-06,5.14e-06,5.17e-06,18384352744.0
2026-06-15 15:50:00,5.17e-06,5.19e-06,5.16e-06,5.18e-06,11781782914.0
2026-06-15 15:55:00,5.18e-06,5.18e-06,5.16e-06,5.17e-06,10411627983.0
2026-06-15 16:00:00,5.17e-06,5.19e-06,5.16e-06,5.19e-06,25621631665.0
2026-06-15 16:05:00,5.19e-06,5.19e-06,5.17e-06,5.18e-06,5042335901.0
2026-06-15 16:10:00,5.18e-06,5.19e-06,5.16e-06,5.18e-06,7973608651.0
2026-06-15 16:15:00,5.17e-06,5.18e-06,5.15e-06,5.16e-06,5009642246.0
2026-06-15 16:20:00,5.15e-06,5.18e-06,5.15e-06,5.18e-06,9751071189.0
2026-06-15 16:25:00,5.17e-06,5.2e-06,5.17e-06,5.19e-06,5045831126.0
2026-06-15 16:30:00,5.2e-06,5.2e-06,5.17e-06,5.19e-06,12789292194.0
2026-06-15 16:35:00,5.18e-06,5.19e-06,5.17e-06,5.17e-06,3463196546.0
2026-06-15 16:40:00,5.17e-06,5.2e-06,5.17e-06,5.18e-06,12275977823.0
2026-06-15 16:45:00,5.18e-06,5.19e-06,5.15e-06,5.15e-06,11466202345.0
2026-06-15 16:50:00,5.16e-06,5.17e-06,5.15e-06,5.17e-06,16252599049.0
2026-06-15 16:55:00,5.16e-06,5.18e-06,5.15e-06,5.15e-06,6888503623.0
2026-06-15 17:00:00,5.16e-06,5.16e-06,5.11e-06,5.12e-06,58166823606.0
2026-06-15 17:05:00,5.12e-06,5.14e-06,5.12e-06,5.12e-06,15203951962.0
2026-06-15 17:10:00,5.13e-06,5.14e-06,5.12e-06,5.13e-06,2887011328.0
2026-06-15 17:15:00,5.14e-06,5.14e-06,5.12e-06,5.13e-06,4220387423.0
2026-06-15 17:20:00,5.12e-06,5.13e-06,5.11e-06,5.13e-06,11312328700.0
2026-06-15 17:25:00,5.13e-06,5.14e-06,5.12e-06,5.13e-06,3450323922.0
2026-06-15 17:30:00,5.12e-06,5.13e-06,5.1e-06,5.12e-06,19290909908.0
2026-06-15 17:35:00,5.12e-06,5.13e-06,5.11e-06,5.13e-06,2077438002.0
2026-06-15 17:40:00,5.13e-06,5.14e-06,5.12e-06,5.13e-06,2811647093.0
2026-06-15 17:45:00,5.12e-06,5.14e-06,5.12e-06,5.13e-06,4766151765.0
2026-06-15 17:50:00,5.13e-06,5.15e-06,5.13e-06,5.15e-06,3424715156.0
2026-06-15 17:55:00,5.14e-06,5.14e-06,5.12e-06,5.14e-06,6126530372.0
2026-06-15 18:00:00,5.14e-06,5.14e-06,5.12e-06,5.12e-06,13019991812.0
2026-06-15 18:05:00,5.13e-06,5.13e-06,5.12e-06,5.13e-06,3627947604.0
2026-06-15 18:10:00,5.12e-06,5.13e-06,5.11e-06,5.13e-06,6914339922.0
2026-06-15 18:15:00,5.12e-06,5.13e-06,5.11e-06,5.12e-06,3691316931.0
2026-06-15 18:20:00,5.13e-06,5.13e-06,5.12e-06,5.13e-06,2850272598.0
2026-06-15 18:25:00,5.13e-06,5.13e-06,5.12e-06,5.12e-06,8688368928.0
2026-06-15 18:30:00,5.12e-06,5.13e-06,5.12e-06,5.13e-06,1917103678.0
2026-06-15 18:35:00,5.12e-06,5.12e-06,5.11e-06,5.11e-06,6315845963.0
2026-06-15 18:40:00,5.12e-06,5.13e-06,5.11e-06,5.13e-06,22729692149.0
2026-06-15 18:45:00,5.13e-06,5.14e-06,5.12e-06,5.13e-06,6932360564.0
2026-06-15 18:50:00,5.13e-06,5.13e-06,5.11e-06,5.12e-06,6588322797.0
2026-06-15 18:55:00,5.12e-06,5.12e-06,5.11e-06,5.12e-06,5310703178.0
2026-06-15 19:00:00,5.11e-06,5.13e-06,5.1e-06,5.13e-06,3323812607.0
2026-06-15 19:05:00,5.13e-06,5.14e-06,5.12e-06,5.13e-06,5707135623.0
2026-06-15 19:10:00,5.12e-06,5.13e-06,5.12e-06,5.13e-06,8298382382.0
2026-06-15 19:15:00,5.12e-06,5.13e-06,5.05e-06,5.06e-06,27035310239.0
2026-06-15 19:20:00,5.05e-06,5.08e-06,5.05e-06,5.08e-06,9623111645.0
2026-06-15 19:25:00,5.07e-06,5.08e-06,5.06e-06,5.06e-06,5269038974.0
2026-06-15 19:30:00,5.07e-06,5.08e-06,5.06e-06,5.08e-06,3547210742.0
2026-06-15 19:35:00,5.08e-06,5.08e-06,5.07e-06,5.08e-06,4382773907.0
2026-06-15 19:40:00,5.08e-06,5.09e-06,5.07e-06,5.08e-06,5199596798.0
2026-06-15 19:45:00,5.08e-06,5.08e-06,5.06e-06,5.06e-06,8535925927.0
2026-06-15 19:50:00,5.06e-06,5.08e-06,5.05e-06,5.07e-06,13307727996.0
2026-06-15 19:55:00,5.07e-06,5.08e-06,5.06e-06,5.06e-06,7305506118.0
2026-06-15 20:00:00,5.07e-06,5.08e-06,5.05e-06,5.07e-06,4843240411.0
2026-06-15 20:05:00,5.07e-06,5.09e-06,5.07e-06,5.09e-06,4050564020.0
2026-06-15 20:10:00,5.09e-06,5.09e-06,5.08e-06,5.08e-06,463372816.0
2026-06-15 20:15:00,5.09e-06,5.09e-06,5.07e-06,5.07e-06,10625474168.0
2026-06-15 20:20:00,5.08e-06,5.08e-06,5.07e-06,5.08e-06,1795734163.0
2026-06-15 20:25:00,5.07e-06,5.08e-06,5.06e-06,5.08e-06,7758569155.0
2026-06-15 20:30:00,5.08e-06,5.09e-06,5.07e-06,5.08e-06,5050663307.0
2026-06-15 20:35:00,5.08e-06,5.08e-06,5.07e-06,5.07e-06,4950804126.0
2026-06-15 20:40:00,5.08e-06,5.08e-06,5.07e-06,5.07e-06,4497309488.0
2026-06-15 20:45:00,5.07e-06,5.08e-06,5.06e-06,5.06e-06,12380621235.0
2026-06-15 20:50:00,5.06e-06,5.07e-06,5.05e-06,5.05e-06,8018599261.0
2026-06-15 20:55:00,5.05e-06,5.06e-06,5.05e-06,5.06e-06,2910524257.0
2026-06-15 21:00:00,5.05e-06,5.07e-06,5.05e-06,5.06e-06,3992587856.0
2026-06-15 21:05:00,5.06e-06,5.06e-06,5.04e-06,5.06e-06,4366055723.0
2026-06-15 21:10:00,5.05e-06,5.06e-06,5.04e-06,5.06e-06,3228345398.0
2026-06-15 21:15:00,5.06e-06,5.07e-06,5.06e-06,5.06e-06,3445833074.0
2026-06-15 21:20:00,5.07e-06,5.07e-06,5.06e-06,5.06e-06,394760097.0
2026-06-15 21:25:00,5.06e-06,5.07e-06,5.05e-06,5.06e-06,2255966358.0
2026-06-15 21:30:00,5.05e-06,5.05e-06,5.04e-06,5.05e-06,1857086448.0
2026-06-15 21:35:00,5.04e-06,5.06e-06,5.04e-06,5.06e-06,1459346442.0
2026-06-15 21:40:00,5.06e-06,5.07e-06,5.05e-06,5.07e-06,2947358798.0
2026-06-15 21:45:00,5.06e-06,5.07e-06,5.05e-06,5.06e-06,603685800.0
2026-06-15 21:50:00,5.05e-06,5.06e-06,5.05e-06,5.06e-06,337860397.0
2026-06-15 21:55:00,5.05e-06,5.06e-06,5.05e-06,5.05e-06,423887510.0
2026-06-15 22:00:00,5.05e-06,5.06e-06,5.05e-06,5.05e-06,290241973.0
2026-06-15 22:05:00,5.05e-06,5.06e-06,5.05e-06,5.06e-06,350465954.0
2026-06-15 22:10:00,5.06e-06,5.07e-06,5.05e-06,5.06e-06,6669610523.0
2026-06-15 22:15:00,5.06e-06,5.06e-06,5.05e-06,5.06e-06,358831280.0
2026-06-15 22:20:00,5.05e-06,5.06e-06,5.04e-06,5.04e-06,8084880806.0
2026-06-15 22:25:00,5.05e-06,5.05e-06,5.03e-06,5.04e-06,26658145938.0
2026-06-15 22:30:00,5.03e-06,5.04e-06,5.01e-06,5.04e-06,13737670817.0
2026-06-15 22:35:00,5.03e-06,5.05e-06,5.03e-06,5.05e-06,7712899868.0
2026-06-15 22:40:00,5.04e-06,5.04e-06,5.03e-06,5.03e-06,5709366271.0
2026-06-15 22:45:00,5.03e-06,5.04e-06,5.02e-06,5.03e-06,10165639354.0
2026-06-15 22:50:00,5.03e-06,5.04e-06,5.02e-06,5.04e-06,3458428988.0
2026-06-15 22:55:00,5.03e-06,5.04e-06,5.03e-06,5.03e-06,753104437.0
2026-06-15 23:00:00,5.03e-06,5.04e-06,5.03e-06,5.03e-06,4850848338.0
2026-06-15 23:05:00,5.04e-06,5.05e-06,5.03e-06,5.04e-06,7002487937.0
2026-06-15 23:10:00,5.04e-06,5.05e-06,5.04e-06,5.05e-06,9598194848.0
2026-06-15 23:15:00,5.05e-06,5.05e-06,5.04e-06,5.05e-06,8957074694.0
2026-06-15 23:20:00,5.04e-06,5.05e-06,5.03e-06,5.03e-06,4102197533.0
2026-06-15 23:25:00,5.03e-06,5.05e-06,5.03e-06,5.05e-06,8032326217.0
2026-06-15 23:30:00,5.05e-06,5.06e-06,5.05e-06,5.05e-06,4701204001.0
2026-06-15 23:35:00,5.05e-06,5.06e-06,5.04e-06,5.04e-06,12421485071.0
2026-06-15 23:40:00,5.05e-06,5.06e-06,5.05e-06,5.05e-06,2721799226.0
2026-06-15 23:45:00,5.06e-06,5.06e-06,5.05e-06,5.06e-06,112463298.0
2026-06-15 23:50:00,5.05e-06,5.07e-06,5.05e-06,5.06e-06,3252595674.0
2026-06-15 23:55:00,5.05e-06,5.07e-06,5.05e-06,5.06e-06,1571707863.0
2026-06-16 00:00:00,5.06e-06,5.06e-06,5.05e-06,5.06e-06,957894992.0
2026-06-16 00:05:00,5.06e-06,5.06e-06,5.06e-06,5.06e-06,2533775250.0
2026-06-16 00:10:00,5.06e-06,5.07e-06,5.05e-06,5.06e-06,1719127731.0
2026-06-16 00:15:00,5.07e-06,5.07e-06,5.05e-06,5.06e-06,918106296.0
2026-06-16 00:20:00,5.06e-06,5.06e-06,5.03e-06,5.03e-06,2325610966.0
2026-06-16 00:25:00,5.04e-06,5.05e-06,5.04e-06,5.04e-06,5900575000.0
2026-06-16 00:30:00,5.05e-06,5.06e-06,5.04e-06,5.06e-06,9510320756.0
2026-06-16 00:35:00,5.06e-06,5.06e-06,5.05e-06,5.05e-06,2324223849.0
2026-06-16 00:40:00,5.06e-06,5.07e-06,5.05e-06,5.05e-06,6606290777.0
2026-06-16 00:45:00,5.05e-06,5.06e-06,5.05e-06,5.05e-06,1939406487.0
2026-06-16 00:50:00,5.05e-06,5.06e-06,5.04e-06,5.05e-06,4892703496.0
2026-06-16 00:55:00,5.04e-06,5.04e-06,5.03e-06,5.04e-06,3661376552.0
2026-06-16 01:00:00,5.04e-06,5.05e-06,5.03e-06,5.05e-06,6508860822.0
2026-06-16 01:05:00,5.05e-06,5.05e-06,5.04e-06,5.05e-06,8298155276.0
2026-06-16 01:10:00,5.04e-06,5.05e-06,5.04e-06,5.04e-06,3172693592.0
2026-06-16 01:15:00,5.03e-06,5.05e-06,5.03e-06,5.05e-06,426142918.0
2026-06-16 01:20:00,5.04e-06,5.05e-06,5.04e-06,5.04e-06,91774939.0
2026-06-16 01:25:00,5.04e-06,5.05e-06,5.03e-06,5.04e-06,5852352396.0
2026-06-16 01:30:00,5.04e-06,5.05e-06,5.03e-06,5.04e-06,2777423387.0
2026-06-16 01:35:00,5.04e-06,5.04e-06,5.03e-06,5.04e-06,2091239224.0
2026-06-16 01:40:00,5.04e-06,5.05e-06,5.04e-06,5.05e-06,129601222.0
2026-06-16 01:45:00,5.04e-06,5.05e-06,5.04e-06,5.05e-06,1135709518.0
2026-06-16 01:50:00,5.05e-06,5.05e-06,5.03e-06,5.04e-06,1190809123.0
2026-06-16 01:55:00,5.04e-06,5.04e-06,5.03e-06,5.03e-06,5043103369.0
2026-06-16 02:00:00,5.03e-06,5.03e-06,5e-06,5.02e-06,26904563305.0
2026-06-16 02:05:00,5.02e-06,5.02e-06,5.01e-06,5.01e-06,599131733.0
2026-06-16 02:10:00,5.02e-06,5.02e-06,4.99e-06,5e-06,18780699518.0
2026-06-16 02:15:00,5e-06,5.01e-06,5e-06,5.01e-06,2578982105.0
2026-06-16 02:20:00,5e-06,5.01e-06,5e-06,5.01e-06,52438321.0
2026-06-16 02:25:00,5e-06,5.01e-06,4.97e-06,4.98e-06,20634018706.0
2026-06-16 02:30:00,4.98e-06,4.99e-06,4.98e-06,4.98e-06,21518536755.0
2026-06-16 02:35:00,4.97e-06,5e-06,4.97e-06,4.98e-06,8325320499.0
2026-06-16 02:40:00,4.99e-06,5e-06,4.98e-06,5e-06,4982308877.0
2026-06-16 02:45:00,5e-06,5e-06,4.99e-06,4.99e-06,162816435.0
2026-06-16 02:50:00,4.99e-06,5e-06,4.98e-06,4.99e-06,1844674153.0
2026-06-16 02:55:00,4.99e-06,4.99e-06,4.98e-06,4.99e-06,1312243974.0
2026-06-16 03:00:00,4.98e-06,4.99e-06,4.98e-06,4.99e-06,1278574915.0
2026-06-16 03:05:00,4.99e-06,5e-06,4.98e-06,4.99e-06,650013097.0
2026-06-16 03:10:00,4.99e-06,5.01e-06,4.99e-06,5.01e-06,3065520982.0
2026-06-16 03:15:00,5e-06,5e-06,4.98e-06,4.99e-06,2908501186.0
2026-06-16 03:20:00,4.99e-06,5e-06,4.98e-06,4.99e-06,2934374813.0
2026-06-16 03:25:00,5e-06,5.02e-06,4.99e-06,5.01e-06,516172357.0
2026-06-16 03:30:00,5.02e-06,5.03e-06,5.01e-06,5.02e-06,3356674597.0
2026-06-16 03:35:00,5.01e-06,5.02e-06,5e-06,5.02e-06,12885889694.0
2026-06-16 03:40:00,5.01e-06,5.02e-06,5.01e-06,5.02e-06,352482853.0
2026-06-16 03:45:00,5.01e-06,5.02e-06,5.01e-06,5.02e-06,558923330.0
2026-06-16 03:50:00,5.03e-06,5.03e-06,5.02e-06,5.03e-06,294616618.0
2026-06-16 03:55:00,5.02e-06,5.03e-06,5.02e-06,5.02e-06,112130002.0
2026-06-16 04:00:00,5.03e-06,5.03e-06,5.02e-06,5.02e-06,469224765.0
2026-06-16 04:05:00,5.03e-06,5.03e-06,5.01e-06,5.01e-06,632771515.0
2026-06-16 04:10:00,5.02e-06,5.02e-06,5.01e-06,5.01e-06,32912502.0
2026-06-16 04:15:00,5.01e-06,5.02e-06,5e-06,5e-06,411637016.0
2026-06-16 04:20:00,5.01e-06,5.01e-06,5e-06,5.01e-06,133454476.0
2026-06-16 04:25:00,5e-06,5.01e-06,4.99e-06,4.99e-06,1618543397.0
2026-06-16 04:30:00,4.99e-06,5e-06,4.98e-06,4.99e-06,1149272656.0
2026-06-16 04:35:00,5e-06,5e-06,4.98e-06,4.99e-06,2510507427.0
2026-06-16 04:40:00,5e-06,5e-06,4.98e-06,4.99e-06,1374316297.0
2026-06-16 04:45:00,4.99e-06,4.99e-06,4.98e-06,4.99e-06,614653014.0
2026-06-16 04:50:00,4.99e-06,4.99e-06,4.98e-06,4.99e-06,110643981.0
2026-06-16 04:55:00,4.99e-06,4.99e-06,4.98e-06,4.99e-06,1883177803.0
2026-06-16 05:00:00,5e-06,5.01e-06,4.99e-06,5e-06,1026640517.0
2026-06-16 05:05:00,5e-06,5e-06,4.99e-06,5e-06,3128769069.0
2026-06-16 05:10:00,5.01e-06,5.02e-06,5e-06,5e-06,1716998287.0
2026-06-16 05:15:00,5e-06,5.01e-06,4.99e-06,5.01e-06,1164085955.0
2026-06-16 05:20:00,5e-06,5.01e-06,5e-06,5e-06,1366539570.0
2026-06-16 05:25:00,5.01e-06,5.02e-06,5e-06,5.01e-06,914445582.0
2026-06-16 05:30:00,5.02e-06,5.02e-06,5e-06,5.01e-06,788040643.0
2026-06-16 05:35:00,5.01e-06,5.02e-06,5e-06,5.02e-06,648311290.0
2026-06-16 05:40:00,5.02e-06,5.02e-06,5e-06,5.01e-06,1220734049.0
2026-06-16 05:45:00,5.01e-06,5.02e-06,5e-06,5.01e-06,1020438541.0
2026-06-16 05:50:00,5e-06,5.02e-06,5e-06,5.01e-06,1236333660.0
2026-06-16 05:55:00,5.01e-06,5.01e-06,5e-06,5.01e-06,351257989.0
2026-06-16 06:00:00,5e-06,5.02e-06,5e-06,5.02e-06,1828507584.0
2026-06-16 06:05:00,5.02e-06,5.02e-06,5e-06,5.02e-06,1485423226.0
2026-06-16 06:10:00,5.01e-06,5.01e-06,5e-06,5.01e-06,278181250.0
2026-06-16 06:15:00,5.01e-06,5.02e-06,5e-06,5.02e-06,3138393268.0
2026-06-16 06:20:00,5.02e-06,5.02e-06,5e-06,5.01e-06,1048660909.0
2026-06-16 06:25:00,5e-06,5.02e-06,5e-06,5.01e-06,445525098.0
2026-06-16 06:30:00,5.01e-06,5.03e-06,5.01e-06,5.03e-06,6023595423.0
2026-06-16 06:35:00,5.03e-06,5.04e-06,5.02e-06,5.03e-06,1834751755.0
2026-06-16 06:40:00,5.03e-06,5.03e-06,5.02e-06,5.02e-06,443844770.0
2026-06-16 06:45:00,5.02e-06,5.04e-06,5.02e-06,5.03e-06,807280545.0
2026-06-16 06:50:00,5.03e-06,5.04e-06,5.02e-06,5.02e-06,369880002.0
2026-06-16 06:55:00,5.02e-06,5.04e-06,5.02e-06,5.03e-06,1036392745.0
2026-06-16 07:00:00,5.03e-06,5.03e-06,5.02e-06,5.03e-06,12500107676.0
2026-06-16 07:05:00,5.02e-06,5.04e-06,5.02e-06,5.03e-06,2885391415.0
2026-06-16 07:10:00,5.03e-06,5.03e-06,5.01e-06,5.01e-06,2724389160.0
2026-06-16 07:15:00,5.01e-06,5.02e-06,5.01e-06,5.02e-06,184073372.0
2026-06-16 07:20:00,5.02e-06,5.02e-06,5e-06,5.02e-06,1764692258.0
2026-06-16 07:25:00,5.02e-06,5.02e-06,5.01e-06,5.01e-06,46204113.0
2026-06-16 07:30:00,5.02e-06,5.03e-06,5.01e-06,5.03e-06,1165591536.0
2026-06-16 07:35:00,5.02e-06,5.03e-06,5.02e-06,5.03e-06,2364204130.0
2026-06-16 07:40:00,5.03e-06,5.04e-06,5.02e-06,5.03e-06,310061105.0
2026-06-16 07:45:00,5.02e-06,5.03e-06,5.02e-06,5.03e-06,50461355.0
2026-06-16 07:50:00,5.03e-06,5.03e-06,5.02e-06,5.02e-06,276405896.0
2026-06-16 07:55:00,5.03e-06,5.04e-06,5.02e-06,5.04e-06,176130526.0
2026-06-16 08:00:00,5.04e-06,5.04e-06,5.03e-06,5.04e-06,167525145.0
2026-06-16 08:05:00,5.04e-06,5.04e-06,5.03e-06,5.04e-06,305122995.0
2026-06-16 08:10:00,5.04e-06,5.05e-06,5.03e-06,5.05e-06,1239741283.0
2026-06-16 08:15:00,5.05e-06,5.06e-06,5.04e-06,5.04e-06,1147424056.0
2026-06-16 08:20:00,5.05e-06,5.05e-06,5.04e-06,5.05e-06,40472510.0
2026-06-16 08:25:00,5.04e-06,5.05e-06,5.04e-06,5.05e-06,2895470357.0
2026-06-16 08:30:00,5.04e-06,5.05e-06,5.03e-06,5.05e-06,1462162325.0
2026-06-16 08:35:00,5.05e-06,5.05e-06,5.04e-06,5.05e-06,652424937.0
2026-06-16 08:40:00,5.05e-06,5.06e-06,5.04e-06,5.06e-06,3458213774.0
2026-06-16 08:45:00,5.05e-06,5.06e-06,5.05e-06,5.06e-06,1852822384.0
2026-06-16 08:50:00,5.06e-06,5.09e-06,5.06e-06,5.08e-06,1468376402.0
2026-06-16 08:55:00,5.08e-06,5.09e-06,5.07e-06,5.09e-06,2395683704.0
2026-06-16 09:00:00,5.08e-06,5.08e-06,5.07e-06,5.08e-06,1250559880.0
2026-06-16 09:05:00,5.08e-06,5.08e-06,5.06e-06,5.07e-06,1338974958.0
2026-06-16 09:10:00,5.06e-06,5.07e-06,5.06e-06,5.06e-06,305761299.0
2026-06-16 09:15:00,5.07e-06,5.07e-06,5.06e-06,5.06e-06,2294662599.0
2026-06-16 09:20:00,5.05e-06,5.07e-06,5.05e-06,5.06e-06,853663399.0
2026-06-16 09:25:00,5.07e-06,5.07e-06,5.05e-06,5.06e-06,2020941247.0
2026-06-16 09:30:00,5.07e-06,5.07e-06,5.06e-06,5.07e-06,1146231092.0
2026-06-16 09:35:00,5.07e-06,5.07e-06,5.04e-06,5.05e-06,15261132250.0
2026-06-16 09:40:00,5.05e-06,5.06e-06,5.05e-06,5.06e-06,1074752904.0
2026-06-16 09:45:00,5.06e-06,5.06e-06,5.04e-06,5.04e-06,2159576575.0
2026-06-16 09:50:00,5.05e-06,5.05e-06,5.03e-06,5.05e-06,3567387229.0
2026-06-16 09:55:00,5.04e-06,5.05e-06,5.03e-06,5.04e-06,690588140.0
2026-06-16 10:00:00,5.04e-06,5.05e-06,5.03e-06,5.04e-06,776413953.0
2026-06-16 10:05:00,5.03e-06,5.04e-06,5.03e-06,5.04e-06,1505886524.0
2026-06-16 10:10:00,5.04e-06,5.04e-06,5.03e-06,5.04e-06,994296030.0
2026-06-16 10:15:00,5.04e-06,5.05e-06,5.04e-06,5.05e-06,132657474.0
2026-06-16 10:20:00,5.04e-06,5.06e-06,5.04e-06,5.05e-06,2924957796.0
2026-06-16 10:25:00,5.04e-06,5.05e-06,5.03e-06,5.04e-06,1519066600.0
2026-06-16 10:30:00,5.04e-06,5.05e-06,5.04e-06,5.05e-06,74581102.0
2026-06-16 10:35:00,5.04e-06,5.05e-06,5.04e-06,5.04e-06,204616143.0
2026-06-16 10:40:00,5.04e-06,5.05e-06,5.04e-06,5.04e-06,723015159.0
2026-06-16 10:45:00,5.05e-06,5.05e-06,5.03e-06,5.04e-06,408366011.0
2026-06-16 10:50:00,5.04e-06,5.05e-06,5.03e-06,5.03e-06,205619287.0
2026-06-16 10:55:00,5.04e-06,5.04e-06,5.02e-06,5.02e-06,1264729868.0
2026-06-16 11:00:00,5.03e-06,5.04e-06,5.02e-06,5.03e-06,1578345136.0
2026-06-16 11:05:00,5.02e-06,5.03e-06,5.01e-06,5.01e-06,938284639.0
2026-06-16 11:10:00,5.02e-06,5.02e-06,5.01e-06,5.01e-06,274841520.0
2026-06-16 11:15:00,5.01e-06,5.03e-06,5.01e-06,5.02e-06,1007323978.0
2026-06-16 11:20:00,5.02e-06,5.03e-06,5.01e-06,5.01e-06,833970029.0
2026-06-16 11:25:00,5.01e-06,5.01e-06,5e-06,5e-06,948716034.0
2026-06-16 11:30:00,5e-06,5.01e-06,4.99e-06,5e-06,651646592.0
2026-06-16 11:35:00,5e-06,5e-06,4.99e-06,5e-06,403307493.0
2026-06-16 11:40:00,5e-06,5.01e-06,4.99e-06,5.01e-06,5523025091.0
2026-06-16 11:45:00,5e-06,5.01e-06,5e-06,5.01e-06,1632279066.0
2026-06-16 11:50:00,5.01e-06,5.01e-06,5e-06,5e-06,513733803.0
2026-06-16 11:55:00,5e-06,5.01e-06,5e-06,5e-06,530508404.0
2026-06-16 12:00:00,5e-06,5.01e-06,4.99e-06,4.99e-06,535078934.0
2026-06-16 12:05:00,4.99e-06,5.01e-06,4.99e-06,5.01e-06,1460903389.0
2026-06-16 12:10:00,5.01e-06,5.01e-06,5e-06,5.01e-06,1495867677.0
2026-06-16 12:15:00,5.01e-06,5.02e-06,5e-06,5.02e-06,962403562.0
2026-06-16 12:20:00,5.01e-06,5.03e-06,5.01e-06,5.02e-06,2880816851.0
2026-06-16 12:25:00,5.01e-06,5.03e-06,5.01e-06,5.03e-06,415179171.0
2026-06-16 12:30:00,5.03e-06,5.04e-06,5.02e-06,5.04e-06,2442487038.0
2026-06-16 12:35:00,5.04e-06,5.05e-06,5.03e-06,5.03e-06,1957038598.0
2026-06-16 12:40:00,5.03e-06,5.03e-06,5.01e-06,5.01e-06,1578576485.0
2026-06-16 12:45:00,5.02e-06,5.02e-06,5.01e-06,5.01e-06,294997974.0
2026-06-16 12:50:00,5.01e-06,5.02e-06,5e-06,5.02e-06,2341035255.0
2026-06-16 12:55:00,5.02e-06,5.03e-06,5.01e-06,5.02e-06,504918865.0
2026-06-16 13:00:00,5.03e-06,5.03e-06,5.02e-06,5.02e-06,337818575.0
2026-06-16 13:05:00,5.02e-06,5.02e-06,4.99e-06,5e-06,7359857752.0
2026-06-16 13:10:00,4.99e-06,5e-06,4.97e-06,5e-06,7849272804.0
2026-06-16 13:15:00,5e-06,5.01e-06,4.99e-06,5.01e-06,644702062.0
2026-06-16 13:20:00,5.01e-06,5.01e-06,4.99e-06,5e-06,2163954487.0
2026-06-16 13:25:00,5e-06,5e-06,4.98e-06,4.99e-06,1114678563.0
2026-06-16 13:30:00,4.98e-06,5e-06,4.98e-06,4.98e-06,3554634220.0
2026-06-16 13:35:00,4.99e-06,5e-06,4.97e-06,4.99e-06,6719805792.0
2026-06-16 13:40:00,5e-06,5e-06,4.99e-06,5e-06,848379669.0
2026-06-16 13:45:00,4.99e-06,5e-06,4.99e-06,5e-06,575510683.0
2026-06-16 13:50:00,4.99e-06,5e-06,4.98e-06,4.99e-06,2598348984.0
2026-06-16 13:55:00,4.98e-06,5e-06,4.98e-06,4.99e-06,3961408862.0
2026-06-16 14:00:00,4.99e-06,5e-06,4.99e-06,4.99e-06,982263520.0
2026-06-16 14:05:00,5e-06,5.01e-06,4.98e-06,4.98e-06,1634863553.0
2026-06-16 14:10:00,4.99e-06,4.99e-06,4.97e-06,4.98e-06,2441582874.0
2026-06-16 14:15:00,4.98e-06,4.98e-06,4.94e-06,4.96e-06,9756942384.0
2026-06-16 14:20:00,4.96e-06,4.96e-06,4.93e-06,4.95e-06,5042723611.0
2026-06-16 14:25:00,4.94e-06,4.96e-06,4.93e-06,4.93e-06,2358144028.0
2026-06-16 14:30:00,4.93e-06,4.94e-06,4.91e-06,4.94e-06,6502478469.0
2026-06-16 14:35:00,4.94e-06,4.96e-06,4.93e-06,4.95e-06,2295855269.0
2026-06-16 14:40:00,4.95e-06,4.97e-06,4.95e-06,4.96e-06,4176761973.0
2026-06-16 14:45:00,4.96e-06,4.99e-06,4.96e-06,4.96e-06,11330087194.0
2026-06-16 14:50:00,4.97e-06,4.98e-06,4.96e-06,4.96e-06,4946232817.0
2026-06-16 14:55:00,4.97e-06,4.97e-06,4.95e-06,4.95e-06,1830940298.0
2026-06-16 15:00:00,4.95e-06,4.97e-06,4.95e-06,4.96e-06,4851690038.0
2026-06-16 15:05:00,4.97e-06,4.98e-06,4.97e-06,4.98e-06,808012274.0
2026-06-16 15:10:00,4.98e-06,4.99e-06,4.97e-06,4.99e-06,1177312008.0
2026-06-16 15:15:00,4.98e-06,4.99e-06,4.96e-06,4.96e-06,2097092070.0
2026-06-16 15:20:00,4.97e-06,4.97e-06,4.96e-06,4.97e-06,45851993.0
2026-06-16 15:25:00,4.97e-06,4.98e-06,4.96e-06,4.98e-06,681326678.0
2026-06-16 15:30:00,4.98e-06,4.98e-06,4.97e-06,4.98e-06,105108407.0
2026-06-16 15:35:00,4.98e-06,4.99e-06,4.98e-06,4.98e-06,1776540103.0
2026-06-16 15:40:00,4.97e-06,4.99e-06,4.97e-06,4.97e-06,1784059800.0
2026-06-16 15:45:00,4.97e-06,4.98e-06,4.96e-06,4.97e-06,2926552887.0
2026-06-16 15:50:00,4.97e-06,4.99e-06,4.97e-06,4.99e-06,490789608.0
2026-06-16 15:55:00,4.99e-06,4.99e-06,4.98e-06,4.98e-06,403636082.0
2026-06-16 16:00:00,4.98e-06,4.99e-06,4.97e-06,4.98e-06,2183076933.0
2026-06-16 16:05:00,4.97e-06,4.98e-06,4.97e-06,4.97e-06,2658158761.0
2026-06-16 16:10:00,4.98e-06,4.99e-06,4.97e-06,4.97e-06,1546387615.0
2026-06-16 16:15:00,4.98e-06,4.99e-06,4.97e-06,4.98e-06,952804373.0
2026-06-16 16:20:00,4.98e-06,4.98e-06,4.97e-06,4.97e-06,491982705.0
2026-06-16 16:25:00,4.98e-06,4.98e-06,4.97e-06,4.98e-06,836546534.0
2026-06-16 16:30:00,4.97e-06,4.98e-06,4.96e-06,4.97e-06,1209041006.0
2026-06-16 16:35:00,4.97e-06,4.97e-06,4.95e-06,4.97e-06,1240088519.0
2026-06-16 16:40:00,4.96e-06,4.97e-06,4.96e-06,4.97e-06,351916979.0
2026-06-16 16:45:00,4.96e-06,4.97e-06,4.95e-06,4.95e-06,88781491.0
2026-06-16 16:50:00,4.96e-06,4.97e-06,4.95e-06,4.97e-06,1455793839.0
2026-06-16 16:55:00,4.97e-06,4.97e-06,4.95e-06,4.97e-06,2553859063.0
2026-06-16 17:00:00,4.96e-06,4.97e-06,4.96e-06,4.97e-06,362086308.0
2026-06-16 17:05:00,4.96e-06,4.97e-06,4.95e-06,4.95e-06,796781244.0
2026-06-16 17:10:00,4.96e-06,4.97e-06,4.96e-06,4.97e-06,1074966051.0
2026-06-16 17:15:00,4.97e-06,4.99e-06,4.96e-06,4.97e-06,1300541153.0
2026-06-16 17:20:00,4.97e-06,4.98e-06,4.96e-06,4.97e-06,395962121.0
2026-06-16 17:25:00,4.97e-06,4.97e-06,4.96e-06,4.97e-06,134214578.0
2026-06-16 17:30:00,4.96e-06,4.98e-06,4.96e-06,4.97e-06,1393066623.0
2026-06-16 17:35:00,4.97e-06,4.97e-06,4.95e-06,4.95e-06,441844921.0
2026-06-16 17:40:00,4.96e-06,4.96e-06,4.95e-06,4.96e-06,1145993873.0
2026-06-16 17:45:00,4.96e-06,4.98e-06,4.96e-06,4.98e-06,1983999142.0
2026-06-16 17:50:00,4.98e-06,4.99e-06,4.97e-06,4.97e-06,2253888246.0
2026-06-16 17:55:00,4.98e-06,4.99e-06,4.97e-06,4.99e-06,851396435.0
2026-06-16 18:00:00,4.99e-06,5.02e-06,4.98e-06,5e-06,6822229907.0
2026-06-16 18:05:00,5e-06,5.01e-06,5e-06,5e-06,478219500.0
2026-06-16 18:10:00,5e-06,5.01e-06,4.99e-06,5e-06,1661858849.0
2026-06-16 18:15:00,5e-06,5.01e-06,4.99e-06,5e-06,244783926.0
2026-06-16 18:20:00,5e-06,5e-06,4.98e-06,4.98e-06,1246597750.0
2026-06-16 18:25:00,4.99e-06,4.99e-06,4.97e-06,4.98e-06,811583369.0
2026-06-16 18:30:00,4.98e-06,4.99e-06,4.98e-06,4.99e-06,136247278.0
2026-06-16 18:35:00,4.99e-06,4.99e-06,4.98e-06,4.99e-06,124588301.0
2026-06-16 18:40:00,4.99e-06,5e-06,4.98e-06,4.99e-06,281134385.0
2026-06-16 18:45:00,4.99e-06,5e-06,4.99e-06,4.99e-06,390188347.0
2026-06-16 18:50:00,5e-06,5e-06,4.99e-06,4.99e-06,45318438.0
2026-06-16 18:55:00,5e-06,5e-06,4.99e-06,4.99e-06,73425901.0
2026-06-16 19:00:00,4.99e-06,5e-06,4.97e-06,4.97e-06,914365516.0
2026-06-16 19:05:00,4.98e-06,4.99e-06,4.98e-06,4.99e-06,1837113517.0
2026-06-16 19:10:00,4.99e-06,4.99e-06,4.97e-06,4.97e-06,318366265.0
2026-06-16 19:15:00,4.98e-06,4.98e-06,4.96e-06,4.97e-06,1109336133.0
2026-06-16 19:20:00,4.97e-06,4.98e-06,4.97e-06,4.98e-06,374729059.0
2026-06-16 19:25:00,4.97e-06,4.98e-06,4.97e-06,4.98e-06,208724117.0
2026-06-16 19:30:00,4.98e-06,4.99e-06,4.98e-06,4.99e-06,366474708.0
2026-06-16 19:35:00,4.99e-06,4.99e-06,4.98e-06,4.99e-06,151356158.0
2026-06-16 19:40:00,4.98e-06,4.99e-06,4.98e-06,4.99e-06,66969660.0
2026-06-16 19:45:00,4.99e-06,4.99e-06,4.98e-06,4.99e-06,3109515798.0
2026-06-16 19:50:00,4.99e-06,4.99e-06,4.98e-06,4.99e-06,1781413493.0
2026-06-16 19:55:00,4.98e-06,4.98e-06,4.97e-06,4.98e-06,2141340813.0
2026-06-16 20:00:00,4.98e-06,4.99e-06,4.97e-06,4.99e-06,460771025.0
2026-06-16 20:05:00,4.98e-06,4.99e-06,4.97e-06,4.99e-06,1088331951.0
2026-06-16 20:10:00,4.98e-06,5e-06,4.98e-06,4.99e-06,791483810.0
2026-06-16 20:15:00,5e-06,5.01e-06,4.99e-06,5e-06,1027725371.0
2026-06-16 20:20:00,5e-06,5.01e-06,4.99e-06,5e-06,994930239.0
2026-06-16 20:25:00,5e-06,5e-06,4.98e-06,4.99e-06,379644162.0
2026-06-16 20:30:00,4.99e-06,5e-06,4.98e-06,5e-06,1063996838.0
2026-06-16 20:35:00,4.99e-06,5.01e-06,4.99e-06,5e-06,2553955013.0
2026-06-16 20:40:00,5e-06,5.01e-06,5e-06,5.01e-06,705456353.0
2026-06-16 20:45:00,5e-06,5.01e-06,4.99e-06,4.99e-06,569642614.0
2026-06-16 20:50:00,5e-06,5.01e-06,4.99e-06,4.99e-06,639195860.0
2026-06-16 20:55:00,5e-06,5e-06,4.99e-06,5e-06,272985435.0
2026-06-16 21:00:00,5e-06,5e-06,4.99e-06,4.99e-06,268962514.0
2026-06-16 21:05:00,4.99e-06,5.01e-06,4.99e-06,5.01e-06,500208052.0
2026-06-16 21:10:00,5e-06,5.01e-06,4.99e-06,5.01e-06,349602219.0
2026-06-16 21:15:00,5.01e-06,5.01e-06,4.98e-06,4.99e-06,3522575866.0
2026-06-16 21:20:00,4.99e-06,5e-06,4.99e-06,4.99e-06,66120315.0
2026-06-16 21:25:00,4.99e-06,4.99e-06,4.98e-06,4.98e-06,1017081819.0
2026-06-16 21:30:00,4.99e-06,5e-06,4.98e-06,4.99e-06,871265683.0
2026-06-16 21:35:00,4.99e-06,4.99e-06,4.98e-06,4.98e-06,207069471.0
2026-06-16 21:40:00,4.99e-06,5e-06,4.99e-06,5e-06,813507817.0
2026-06-16 21:45:00,5e-06,5e-06,4.99e-06,4.99e-06,3744442748.0
2026-06-16 21:50:00,4.99e-06,5e-06,4.99e-06,4.99e-06,52010567.0
2026-06-16 21:55:00,4.99e-06,5e-06,4.99e-06,4.99e-06,133644287.0
2026-06-16 22:00:00,4.99e-06,4.99e-06,4.98e-06,4.98e-06,981606843.0
2026-06-16 22:05:00,4.98e-06,4.99e-06,4.98e-06,4.98e-06,171727354.0
2026-06-16 22:10:00,4.99e-06,5e-06,4.98e-06,4.98e-06,297672248.0
2026-06-16 22:15:00,4.98e-06,4.99e-06,4.98e-06,4.99e-06,2467273316.0
2026-06-16 22:20:00,4.99e-06,5e-06,4.97e-06,4.97e-06,1083494303.0
2026-06-16 22:25:00,4.97e-06,4.99e-06,4.97e-06,4.99e-06,1076100456.0
2026-06-16 22:30:00,4.98e-06,4.99e-06,4.98e-06,4.99e-06,1137068553.0
2026-06-16 22:35:00,4.98e-06,4.99e-06,4.98e-06,4.99e-06,136146691.0
2026-06-16 22:40:00,4.99e-06,4.99e-06,4.98e-06,4.99e-06,65797259.0
2026-06-16 22:45:00,4.98e-06,4.98e-06,4.98e-06,4.98e-06,65548953.0
2026-06-16 22:50:00,4.99e-06,4.99e-06,4.98e-06,4.99e-06,45839256.0
2026-06-16 22:55:00,4.99e-06,4.99e-06,4.98e-06,4.99e-06,159924459.0
2026-06-16 23:00:00,4.98e-06,5e-06,4.98e-06,4.99e-06,2637531380.0
2026-06-16 23:05:00,4.98e-06,4.99e-06,4.98e-06,4.98e-06,134236268.0
2026-06-16 23:10:00,4.98e-06,4.99e-06,4.98e-06,4.99e-06,35765430.0
2026-06-16 23:15:00,4.98e-06,4.99e-06,4.98e-06,4.99e-06,188093885.0
2026-06-16 23:20:00,4.98e-06,4.98e-06,4.97e-06,4.98e-06,3711270912.0
2026-06-16 23:25:00,4.98e-06,4.99e-06,4.98e-06,4.98e-06,826572696.0
2026-06-16 23:30:00,4.99e-06,4.99e-06,4.98e-06,4.98e-06,1121803508.0
2026-06-16 23:35:00,4.99e-06,4.99e-06,4.98e-06,4.99e-06,239307306.0
2026-06-16 23:40:00,4.99e-06,4.99e-06,4.98e-06,4.99e-06,42207633.0
2026-06-16 23:45:00,4.99e-06,4.99e-06,4.98e-06,4.98e-06,1100590170.0
2026-06-16 23:50:00,4.97e-06,4.99e-06,4.97e-06,4.99e-06,282738139.0
2026-06-16 23:55:00,4.99e-06,4.99e-06,4.97e-06,4.98e-06,566516680.0
2026-06-17 00:00:00,4.99e-06,4.99e-06,4.98e-06,4.99e-06,230883443.0
2026-06-17 00:05:00,4.99e-06,4.99e-06,4.98e-06,4.99e-06,439306548.0
2026-06-17 00:10:00,4.99e-06,4.99e-06,4.98e-06,4.99e-06,1507308787.0
2026-06-17 00:15:00,4.99e-06,4.99e-06,4.98e-06,4.99e-06,6579580060.0
2026-06-17 00:20:00,4.99e-06,4.99e-06,4.98e-06,4.98e-06,669690072.0
2026-06-17 00:25:00,4.99e-06,4.99e-06,4.99e-06,4.99e-06,2118076832.0
2026-06-17 00:30:00,4.99e-06,5e-06,4.99e-06,4.99e-06,1800660026.0
2026-06-17 00:35:00,4.99e-06,5e-06,4.99e-06,4.99e-06,8327835044.0
2026-06-17 00:40:00,4.98e-06,5e-06,4.98e-06,4.99e-06,4391753127.0
2026-06-17 00:45:00,4.99e-06,5e-06,4.99e-06,4.99e-06,5143053761.0
2026-06-17 00:50:00,4.99e-06,4.99e-06,4.98e-06,4.98e-06,1355308387.0
2026-06-17 00:55:00,4.98e-06,4.99e-06,4.98e-06,4.99e-06,267011796.0
2026-06-17 01:00:00,4.98e-06,4.99e-06,4.98e-06,4.98e-06,926925742.0
2026-06-17 01:05:00,4.99e-06,4.99e-06,4.98e-06,4.98e-06,1418527509.0
2026-06-17 01:10:00,4.98e-06,4.99e-06,4.98e-06,4.99e-06,89892973.0
2026-06-17 01:15:00,4.99e-06,4.99e-06,4.97e-06,4.97e-06,1651816742.0
2026-06-17 01:20:00,4.98e-06,4.98e-06,4.96e-06,4.96e-06,2063233301.0
2026-06-17 01:25:00,4.97e-06,4.97e-06,4.96e-06,4.97e-06,2713159982.0
2026-06-17 01:30:00,4.96e-06,4.97e-06,4.96e-06,4.97e-06,354889649.0
2026-06-17 01:35:00,4.97e-06,4.98e-06,4.96e-06,4.97e-06,2244794310.0
2026-06-17 01:40:00,4.97e-06,4.99e-06,4.97e-06,4.98e-06,2608464607.0
2026-06-17 01:45:00,4.99e-06,5e-06,4.98e-06,4.99e-06,1817811155.0
2026-06-17 01:50:00,5e-06,5e-06,4.99e-06,5e-06,1406676602.0
2026-06-17 01:55:00,4.99e-06,5e-06,4.99e-06,4.99e-06,1646653403.0
2026-06-17 02:00:00,5e-06,5e-06,4.99e-06,5e-06,241076495.0
2026-06-17 02:05:00,4.99e-06,5e-06,4.99e-06,5e-06,41562293.0
2026-06-17 02:10:00,4.99e-06,5e-06,4.99e-06,5e-06,579781117.0
2026-06-17 02:15:00,5.01e-06,5.01e-06,4.99e-06,5e-06,1959245438.0
2026-06-17 02:20:00,5.01e-06,5.03e-06,5e-06,5.02e-06,5321079813.0
2026-06-17 02:25:00,5.02e-06,5.03e-06,5.01e-06,5.03e-06,1543511528.0
2026-06-17 02:30:00,5.03e-06,5.03e-06,5.01e-06,5.02e-06,476685888.0
2026-06-17 02:35:00,5.01e-06,5.02e-06,5e-06,5.01e-06,591618778.0
2026-06-17 02:40:00,5.01e-06,5.02e-06,5e-06,5.02e-06,238352941.0
2026-06-17 02:45:00,5.01e-06,5.02e-06,5e-06,5.02e-06,576188877.0
2026-06-17 02:50:00,5.02e-06,5.02e-06,5e-06,5e-06,652755196.0
2026-06-17 02:55:00,5e-06,5.03e-06,5e-06,5.03e-06,1415294729.0
2026-06-17 03:00:00,5.03e-06,5.03e-06,5.02e-06,5.02e-06,2343810772.0
2026-06-17 03:05:00,5.02e-06,5.03e-06,5.01e-06,5.02e-06,1901833765.0
2026-06-17 03:10:00,5.01e-06,5.02e-06,5.01e-06,5.02e-06,242467275.0
2026-06-17 03:15:00,5.01e-06,5.01e-06,5e-06,5.01e-06,2582250837.0
2026-06-17 03:20:00,5.01e-06,5.01e-06,5e-06,5e-06,155694875.0
2026-06-17 03:25:00,5e-06,5.01e-06,5e-06,5.01e-06,309722019.0
2026-06-17 03:30:00,5e-06,5.01e-06,5e-06,5.01e-06,1805920444.0
2026-06-17 03:35:00,5.01e-06,5.01e-06,5e-06,5.01e-06,101344838.0
2026-06-17 03:40:00,5e-06,5.01e-06,4.99e-06,5e-06,1554575148.0
2026-06-17 03:45:00,5e-06,5e-06,4.99e-06,4.99e-06,44513292.0
2026-06-17 03:50:00,4.99e-06,5.01e-06,4.99e-06,5e-06,2321219032.0
2026-06-17 03:55:00,5.01e-06,5.01e-06,4.99e-06,4.99e-06,464803409.0
2026-06-17 04:00:00,5e-06,5e-06,4.99e-06,4.99e-06,838539520.0
2026-06-17 04:05:00,5e-06,5.01e-06,5e-06,5e-06,678943218.0
2026-06-17 04:10:00,5e-06,5.01e-06,4.99e-06,5e-06,1877082717.0
2026-06-17 04:15:00,5e-06,5e-06,4.99e-06,4.99e-06,475914913.0
2026-06-17 04:20:00,4.99e-06,5e-06,4.99e-06,5e-06,463669152.0
2026-06-17 04:25:00,5e-06,5e-06,4.99e-06,5e-06,3655338443.0
2026-06-17 04:30:00,5e-06,5e-06,4.99e-06,5e-06,1327787200.0
2026-06-17 04:35:00,5e-06,5.01e-06,5e-06,5e-06,811822046.0
2026-06-17 04:40:00,5.01e-06,5.01e-06,5e-06,5.01e-06,266196907.0
2026-06-17 04:45:00,5e-06,5.01e-06,5e-06,5.01e-06,691774430.0
2026-06-17 04:50:00,5.01e-06,5.02e-06,5e-06,5.01e-06,2596414048.0
2026-06-17 04:55:00,5.01e-06,5.01e-06,4.99e-06,4.99e-06,1167837854.0
2026-06-17 05:00:00,4.99e-06,5.01e-06,4.99e-06,5e-06,3359264719.0
2026-06-17 05:05:00,5.01e-06,5.01e-06,4.99e-06,4.99e-06,253192433.0
2026-06-17 05:10:00,5e-06,5e-06,4.99e-06,4.99e-06,37896476.0
2026-06-17 05:15:00,4.99e-06,5e-06,4.99e-06,4.99e-06,296607605.0
2026-06-17 05:20:00,4.99e-06,5e-06,4.99e-06,5e-06,1577054255.0
2026-06-17 05:25:00,4.99e-06,5.01e-06,4.99e-06,5.01e-06,1041343615.0
2026-06-17 05:30:00,5e-06,5.01e-06,5e-06,5.01e-06,1540081662.0
2026-06-17 05:35:00,5e-06,5.01e-06,5e-06,5.01e-06,278033084.0
2026-06-17 05:40:00,5.01e-06,5.01e-06,5e-06,5e-06,82382096.0
2026-06-17 05:45:00,5e-06,5.01e-06,4.99e-06,5e-06,723507333.0
2026-06-17 05:50:00,4.99e-06,5e-06,4.99e-06,5e-06,614820809.0
2026-06-17 05:55:00,5e-06,5e-06,4.99e-06,5e-06,192525930.0
2026-06-17 06:00:00,5e-06,5e-06,4.99e-06,5e-06,257165226.0
2026-06-17 06:05:00,5e-06,5e-06,4.99e-06,4.99e-06,82667943.0
2026-06-17 06:10:00,5e-06,5e-06,4.99e-06,5e-06,60474116.0
2026-06-17 06:15:00,4.99e-06,5e-06,4.99e-06,5e-06,416383290.0
2026-06-17 06:20:00,4.99e-06,5e-06,4.99e-06,5e-06,310753001.0
2026-06-17 06:25:00,4.99e-06,5e-06,4.98e-06,4.99e-06,569916217.0
2026-06-17 06:30:00,4.98e-06,4.99e-06,4.97e-06,4.98e-06,3315506450.0
2026-06-17 06:35:00,4.98e-06,4.99e-06,4.98e-06,4.98e-06,2960850444.0
2026-06-17 06:40:00,4.99e-06,4.99e-06,4.97e-06,4.97e-06,1999941826.0
2026-06-17 06:45:00,4.97e-06,4.99e-06,4.97e-06,4.99e-06,805798641.0
2026-06-17 06:50:00,4.98e-06,4.99e-06,4.98e-06,4.99e-06,771333298.0
2026-06-17 06:55:00,4.98e-06,4.99e-06,4.98e-06,4.99e-06,235362203.0
2026-06-17 07:00:00,4.98e-06,4.99e-06,4.97e-06,4.98e-06,1952290950.0
2026-06-17 07:05:00,4.97e-06,4.99e-06,4.97e-06,4.99e-06,1772147969.0
2026-06-17 07:10:00,4.99e-06,5e-06,4.99e-06,5e-06,1495018132.0
2026-06-17 07:15:00,5e-06,5e-06,4.99e-06,4.99e-06,1976760408.0
2026-06-17 07:20:00,5e-06,5e-06,4.98e-06,4.99e-06,1003413910.0
2026-06-17 07:25:00,4.99e-06,4.99e-06,4.98e-06,4.98e-06,662367695.0
2026-06-17 07:30:00,4.98e-06,4.99e-06,4.97e-06,4.99e-06,2901650370.0
2026-06-17 07:35:00,4.99e-06,4.99e-06,4.97e-06,4.98e-06,1309394159.0
2026-06-17 07:40:00,4.99e-06,4.99e-06,4.98e-06,4.99e-06,127468308.0
2026-06-17 07:45:00,4.98e-06,4.99e-06,4.97e-06,4.98e-06,277699043.0
2026-06-17 07:50:00,4.97e-06,4.98e-06,4.97e-06,4.97e-06,4443553929.0
2026-06-17 07:55:00,4.96e-06,4.98e-06,4.96e-06,4.98e-06,2635690772.0
2026-06-17 08:00:00,4.97e-06,4.98e-06,4.97e-06,4.98e-06,1247157977.0
2026-06-17 08:05:00,4.98e-06,4.98e-06,4.96e-06,4.97e-06,2290373649.0
2026-06-17 08:10:00,4.97e-06,4.97e-06,4.95e-06,4.95e-06,760606054.0
2026-06-17 08:15:00,4.95e-06,4.96e-06,4.95e-06,4.96e-06,1002676591.0
2026-06-17 08:20:00,4.95e-06,4.96e-06,4.94e-06,4.96e-06,756643981.0
2026-06-17 08:25:00,4.95e-06,4.96e-06,4.95e-06,4.95e-06,961568438.0
2026-06-17 08:30:00,4.95e-06,4.95e-06,4.94e-06,4.95e-06,1807571682.0
2026-06-17 08:35:00,4.94e-06,4.95e-06,4.93e-06,4.93e-06,4239595895.0
2026-06-17 08:40:00,4.94e-06,4.94e-06,4.92e-06,4.92e-06,979648821.0
2026-06-17 08:45:00,4.92e-06,4.94e-06,4.92e-06,4.93e-06,1947014705.0
2026-06-17 08:50:00,4.93e-06,4.94e-06,4.92e-06,4.93e-06,948411266.0
2026-06-17 08:55:00,4.93e-06,4.94e-06,4.93e-06,4.93e-06,114428590.0
2026-06-17 09:00:00,4.94e-06,4.94e-06,4.93e-06,4.93e-06,839830484.0
2026-06-17 09:05:00,4.93e-06,4.94e-06,4.93e-06,4.94e-06,664243480.0
2026-06-17 09:10:00,4.93e-06,4.95e-06,4.93e-06,4.94e-06,2226214473.0
2026-06-17 09:15:00,4.94e-06,4.95e-06,4.93e-06,4.93e-06,644124004.0
2026-06-17 09:20:00,4.94e-06,4.95e-06,4.93e-06,4.93e-06,880667454.0
2026-06-17 09:25:00,4.93e-06,4.95e-06,4.93e-06,4.94e-06,1026690113.0
2026-06-17 09:30:00,4.94e-06,4.95e-06,4.93e-06,4.94e-06,5635361902.0
2026-06-17 09:35:00,4.94e-06,4.95e-06,4.93e-06,4.94e-06,3152270163.0
2026-06-17 09:40:00,4.94e-06,4.95e-06,4.94e-06,4.95e-06,377982283.0
2026-06-17 09:45:00,4.95e-06,4.95e-06,4.94e-06,4.95e-06,436839423.0
2026-06-17 09:50:00,4.95e-06,4.95e-06,4.93e-06,4.93e-06,399319997.0
2026-06-17 09:55:00,4.94e-06,4.95e-06,4.93e-06,4.94e-06,697760819.0
2026-06-17 10:00:00,4.95e-06,4.95e-06,4.94e-06,4.94e-06,1317326501.0
2026-06-17 10:05:00,4.94e-06,4.95e-06,4.93e-06,4.94e-06,942128972.0
2026-06-17 10:10:00,4.93e-06,4.94e-06,4.93e-06,4.93e-06,353943035.0
2026-06-17 10:15:00,4.93e-06,4.95e-06,4.93e-06,4.94e-06,947745239.0
2026-06-17 10:20:00,4.93e-06,4.94e-06,4.93e-06,4.93e-06,354020364.0
2026-06-17 10:25:00,4.93e-06,4.94e-06,4.93e-06,4.94e-06,683539187.0
2026-06-17 10:30:00,4.94e-06,4.95e-06,4.94e-06,4.94e-06,2504263075.0
2026-06-17 10:35:00,4.94e-06,4.95e-06,4.94e-06,4.94e-06,3073795466.0
2026-06-17 10:40:00,4.94e-06,4.95e-06,4.94e-06,4.95e-06,1187010080.0
2026-06-17 10:45:00,4.94e-06,4.95e-06,4.94e-06,4.95e-06,508684604.0
2026-06-17 10:50:00,4.94e-06,4.95e-06,4.94e-06,4.94e-06,443495831.0
2026-06-17 10:55:00,4.94e-06,4.95e-06,4.93e-06,4.95e-06,3782530852.0
2026-06-17 11:00:00,4.95e-06,4.95e-06,4.92e-06,4.93e-06,2264171003.0
2026-06-17 11:05:00,4.92e-06,4.94e-06,4.92e-06,4.93e-06,7050200295.0
2026-06-17 11:10:00,4.93e-06,4.94e-06,4.92e-06,4.94e-06,129990223.0
2026-06-17 11:15:00,4.93e-06,4.94e-06,4.92e-06,4.93e-06,2562342181.0
2026-06-17 11:20:00,4.94e-06,4.94e-06,4.92e-06,4.93e-06,1842745499.0
2026-06-17 11:25:00,4.93e-06,4.94e-06,4.92e-06,4.93e-06,968718706.0
2026-06-17 11:30:00,4.93e-06,4.94e-06,4.93e-06,4.94e-06,953785571.0
2026-06-17 11:35:00,4.94e-06,4.94e-06,4.93e-06,4.94e-06,538194041.0
2026-06-17 11:40:00,4.94e-06,4.95e-06,4.93e-06,4.94e-06,490162521.0
2026-06-17 11:45:00,4.94e-06,4.95e-06,4.94e-06,4.95e-06,67096942.0
2026-06-17 11:50:00,4.95e-06,4.95e-06,4.94e-06,4.94e-06,292531172.0
2026-06-17 11:55:00,4.94e-06,4.95e-06,4.94e-06,4.94e-06,523003611.0
2026-06-17 12:00:00,4.94e-06,4.95e-06,4.93e-06,4.94e-06,4348778004.0
2026-06-17 12:05:00,4.94e-06,4.96e-06,4.94e-06,4.95e-06,551733378.0
2026-06-17 12:10:00,4.96e-06,4.97e-06,4.95e-06,4.96e-06,752781732.0
2026-06-17 12:15:00,4.96e-06,4.97e-06,4.95e-06,4.95e-06,488165434.0
2026-06-17 12:20:00,4.96e-06,4.96e-06,4.94e-06,4.94e-06,5153002057.0
2026-06-17 12:25:00,4.94e-06,4.95e-06,4.93e-06,4.94e-06,1214620145.0
2026-06-17 12:30:00,4.94e-06,4.96e-06,4.93e-06,4.96e-06,1140254099.0
2026-06-17 12:35:00,4.96e-06,4.96e-06,4.95e-06,4.96e-06,81713618.0
2026-06-17 12:40:00,4.96e-06,4.96e-06,4.95e-06,4.96e-06,4926368098.0
2026-06-17 12:45:00,4.96e-06,4.97e-06,4.96e-06,4.97e-06,2773445625.0
2026-06-17 12:50:00,4.97e-06,4.97e-06,4.96e-06,4.97e-06,1786643221.0
2026-06-17 12:55:00,4.97e-06,4.98e-06,4.96e-06,4.98e-06,1165468843.0
2026-06-17 13:00:00,4.98e-06,4.98e-06,4.96e-06,4.97e-06,1606624184.0
2026-06-17 13:05:00,4.97e-06,4.98e-06,4.96e-06,4.97e-06,1716431931.0
2026-06-17 13:10:00,4.97e-06,4.98e-06,4.96e-06,4.98e-06,312217957.0
2026-06-17 13:15:00,4.97e-06,4.97e-06,4.96e-06,4.97e-06,984836189.0
2026-06-17 13:20:00,4.96e-06,4.97e-06,4.95e-06,4.95e-06,1074387168.0
2026-06-17 13:25:00,4.96e-06,4.96e-06,4.94e-06,4.95e-06,7515963700.0
2026-06-17 13:30:00,4.95e-06,4.97e-06,4.95e-06,4.96e-06,2843674775.0
2026-06-17 13:35:00,4.95e-06,4.98e-06,4.95e-06,4.98e-06,5340591614.0
2026-06-17 13:40:00,4.97e-06,4.98e-06,4.97e-06,4.98e-06,1079268386.0
2026-06-17 13:45:00,4.98e-06,4.99e-06,4.97e-06,4.97e-06,3045106751.0
2026-06-17 13:50:00,4.97e-06,4.98e-06,4.96e-06,4.96e-06,487458430.0
2026-06-17 13:55:00,4.96e-06,4.97e-06,4.96e-06,4.96e-06,1627044222.0
2026-06-17 14:00:00,4.96e-06,4.97e-06,4.95e-06,4.95e-06,2583690474.0
2026-06-17 14:05:00,4.95e-06,4.97e-06,4.95e-06,4.96e-06,275241922.0
2026-06-17 14:10:00,4.96e-06,4.97e-06,4.95e-06,4.97e-06,354139221.0
2026-06-17 14:15:00,4.97e-06,4.98e-06,4.96e-06,4.97e-06,934229181.0
2026-06-17 14:20:00,4.97e-06,4.98e-06,4.96e-06,4.97e-06,1427558235.0
2026-06-17 14:25:00,4.97e-06,4.97e-06,4.96e-06,4.97e-06,302601377.0
2026-06-17 14:30:00,4.98e-06,4.98e-06,4.96e-06,4.97e-06,2398950392.0
2026-06-17 14:35:00,4.97e-06,4.98e-06,4.96e-06,4.97e-06,615245640.0
2026-06-17 14:40:00,4.96e-06,4.98e-06,4.96e-06,4.97e-06,472370066.0
2026-06-17 14:45:00,4.96e-06,4.97e-06,4.93e-06,4.95e-06,2745355459.0
2026-06-17 14:50:00,4.95e-06,4.97e-06,4.95e-06,4.97e-06,2221067712.0
2026-06-17 14:55:00,4.97e-06,4.97e-06,4.95e-06,4.97e-06,855039810.0
2026-06-17 15:00:00,4.97e-06,4.98e-06,4.96e-06,4.97e-06,4747973674.0
2026-06-17 15:05:00,4.97e-06,4.97e-06,4.95e-06,4.96e-06,360636028.0
2026-06-17 15:10:00,4.95e-06,4.97e-06,4.95e-06,4.96e-06,1301000046.0
2026-06-17 15:15:00,4.97e-06,4.98e-06,4.96e-06,4.97e-06,1062894594.0
2026-06-17 15:20:00,4.97e-06,4.98e-06,4.96e-06,4.98e-06,1100495726.0
2026-06-17 15:25:00,4.98e-06,4.99e-06,4.97e-06,4.97e-06,4314603498.0
2026-06-17 15:30:00,4.98e-06,4.99e-06,4.97e-06,4.99e-06,1015594336.0
2026-06-17 15:35:00,4.99e-06,5e-06,4.98e-06,4.98e-06,8736701846.0
2026-06-17 15:40:00,4.99e-06,5e-06,4.98e-06,4.99e-06,2360073302.0
2026-06-17 15:45:00,4.99e-06,5e-06,4.98e-06,5e-06,1600459831.0
2026-06-17 15:50:00,5e-06,5.01e-06,5e-06,5.01e-06,3216335545.0
2026-06-17 15:55:00,5.01e-06,5.02e-06,5e-06,5.02e-06,1243900785.0
2026-06-17 16:00:00,5.02e-06,5.03e-06,5.01e-06,5.03e-06,5789127845.0
2026-06-17 16:05:00,5.03e-06,5.03e-06,5.01e-06,5.02e-06,1643113551.0
2026-06-17 16:10:00,5.02e-06,5.02e-06,5e-06,5.01e-06,13577933817.0
2026-06-17 16:15:00,5.02e-06,5.03e-06,5.01e-06,5.02e-06,3008051770.0
2026-06-17 16:20:00,5.02e-06,5.02e-06,5.01e-06,5.02e-06,754980137.0
2026-06-17 16:25:00,5.02e-06,5.06e-06,5.02e-06,5.04e-06,10256413727.0
2026-06-17 16:30:00,5.05e-06,5.05e-06,5.03e-06,5.04e-06,10924755886.0
2026-06-17 16:35:00,5.04e-06,5.04e-06,5.02e-06,5.03e-06,3192692759.0
2026-06-17 16:40:00,5.03e-06,5.04e-06,5.02e-06,5.03e-06,1676948141.0
2026-06-17 16:45:00,5.03e-06,5.03e-06,5.01e-06,5.01e-06,1124090668.0
2026-06-17 16:50:00,5.01e-06,5.02e-06,5.01e-06,5.01e-06,3819588580.0
2026-06-17 16:55:00,5.01e-06,5.02e-06,5e-06,5e-06,2270920256.0
2026-06-17 17:00:00,5e-06,5.01e-06,5e-06,5.01e-06,526789105.0
2026-06-17 17:05:00,5.01e-06,5.01e-06,4.99e-06,4.99e-06,2259774633.0
2026-06-17 17:10:00,4.99e-06,5.01e-06,4.99e-06,4.99e-06,2963679277.0
2026-06-17 17:15:00,5e-06,5.01e-06,4.99e-06,5e-06,1547252251.0
2026-06-17 17:20:00,5.01e-06,5.01e-06,5e-06,5e-06,647314213.0
2026-06-17 17:25:00,5e-06,5.01e-06,5e-06,5e-06,7578088680.0
2026-06-17 17:30:00,5e-06,5.01e-06,5e-06,5.01e-06,77749849.0
2026-06-17 17:35:00,5e-06,5e-06,4.99e-06,5e-06,1549855418.0
2026-06-17 17:40:00,5e-06,5.01e-06,4.98e-06,4.99e-06,2137213478.0
2026-06-17 17:45:00,4.99e-06,5e-06,4.98e-06,4.99e-06,705877426.0
2026-06-17 17:50:00,4.99e-06,5.02e-06,4.99e-06,5.01e-06,1423095673.0
2026-06-17 17:55:00,5.02e-06,5.02e-06,5.01e-06,5.01e-06,1714764526.0
2026-06-17 18:00:00,5.01e-06,5.01e-06,4.95e-06,4.95e-06,33467798309.0
2026-06-17 18:05:00,4.95e-06,4.99e-06,4.92e-06,4.99e-06,13161571554.0
2026-06-17 18:10:00,4.99e-06,5e-06,4.98e-06,4.98e-06,1092954411.0
2026-06-17 18:15:00,4.98e-06,5e-06,4.98e-06,5e-06,2984152147.0
2026-06-17 18:20:00,5e-06,5e-06,4.97e-06,4.98e-06,1583904865.0
2026-06-17 18:25:00,4.98e-06,4.98e-06,4.97e-06,4.97e-06,1573873692.0
2026-06-17 18:30:00,4.97e-06,5e-06,4.97e-06,4.98e-06,10288212823.0
2026-06-17 18:35:00,4.98e-06,5e-06,4.97e-06,5e-06,9713498430.0
2026-06-17 18:40:00,5e-06,5.03e-06,4.99e-06,5.03e-06,3958483305.0
2026-06-17 18:45:00,5.03e-06,5.04e-06,5.02e-06,5.02e-06,4498376065.0
2026-06-17 18:50:00,5.02e-06,5.03e-06,5.02e-06,5.03e-06,4111786269.0
2026-06-17 18:55:00,5.02e-06,5.02e-06,5e-06,5e-06,1821109036.0
2026-06-17 19:00:00,5e-06,5.01e-06,4.99e-06,4.99e-06,3040407235.0
2026-06-17 19:05:00,4.99e-06,5e-06,4.98e-06,4.98e-06,4707728510.0
2026-06-17 19:10:00,4.98e-06,5e-06,4.97e-06,5e-06,3397005693.0
2026-06-17 19:15:00,5e-06,5e-06,4.95e-06,4.96e-06,2162758673.0
2026-06-17 19:20:00,4.95e-06,4.96e-06,4.93e-06,4.94e-06,16305342230.0
2026-06-17 19:25:00,4.94e-06,4.96e-06,4.91e-06,4.93e-06,8734609120.0
2026-06-17 19:30:00,4.93e-06,4.93e-06,4.91e-06,4.93e-06,10836859431.0
2026-06-17 19:35:00,4.92e-06,4.94e-06,4.91e-06,4.91e-06,6985089294.0
2026-06-17 19:40:00,4.91e-06,4.91e-06,4.88e-06,4.89e-06,14579430830.0
2026-06-17 19:45:00,4.9e-06,4.92e-06,4.89e-06,4.9e-06,6860190581.0
2026-06-17 19:50:00,4.9e-06,4.92e-06,4.89e-06,4.9e-06,10464701242.0
2026-06-17 19:55:00,4.9e-06,4.92e-06,4.9e-06,4.91e-06,3541772612.0
2026-06-17 20:00:00,4.91e-06,4.92e-06,4.89e-06,4.91e-06,1967798838.0
2026-06-17 20:05:00,4.91e-06,4.93e-06,4.91e-06,4.93e-06,2268374890.0
2026-06-17 20:10:00,4.93e-06,4.93e-06,4.9e-06,4.9e-06,2434474668.0
2026-06-17 20:15:00,4.91e-06,4.92e-06,4.9e-06,4.91e-06,2554766895.0
2026-06-17 20:20:00,4.91e-06,4.93e-06,4.91e-06,4.92e-06,2485975069.0
2026-06-17 20:25:00,4.93e-06,4.93e-06,4.92e-06,4.93e-06,755520548.0
2026-06-17 20:30:00,4.93e-06,4.95e-06,4.92e-06,4.95e-06,1911560341.0
2026-06-17 20:35:00,4.95e-06,4.95e-06,4.94e-06,4.94e-06,1500868453.0
2026-06-17 20:40:00,4.94e-06,4.95e-06,4.93e-06,4.94e-06,1044911179.0
2026-06-17 20:45:00,4.93e-06,4.95e-06,4.93e-06,4.95e-06,3035114689.0
2026-06-17 20:50:00,4.95e-06,4.95e-06,4.94e-06,4.95e-06,570713166.0
2026-06-17 20:55:00,4.94e-06,4.97e-06,4.94e-06,4.95e-06,7358401367.0
2026-06-17 21:00:00,4.96e-06,4.97e-06,4.95e-06,4.96e-06,1961068698.0
2026-06-17 21:05:00,4.96e-06,4.96e-06,4.95e-06,4.95e-06,3013551163.0
2026-06-17 21:10:00,4.96e-06,4.96e-06,4.94e-06,4.94e-06,492481021.0
2026-06-17 21:15:00,4.94e-06,4.95e-06,4.94e-06,4.95e-06,144378003.0
2026-06-17 21:20:00,4.95e-06,4.95e-06,4.94e-06,4.95e-06,1155499469.0
2026-06-17 21:25:00,4.95e-06,4.95e-06,4.94e-06,4.94e-06,33819096.0
2026-06-17 21:30:00,4.95e-06,4.95e-06,4.94e-06,4.95e-06,208356145.0
2026-06-17 21:35:00,4.95e-06,4.96e-06,4.95e-06,4.95e-06,1462394867.0
2026-06-17 21:40:00,4.95e-06,4.95e-06,4.93e-06,4.94e-06,1204587591.0
2026-06-17 21:45:00,4.94e-06,4.94e-06,4.91e-06,4.92e-06,677544073.0
2026-06-17 21:50:00,4.92e-06,4.93e-06,4.91e-06,4.92e-06,652016065.0
2026-06-17 21:55:00,4.93e-06,4.93e-06,4.91e-06,4.93e-06,662299416.0
2026-06-17 22:00:00,4.92e-06,4.92e-06,4.88e-06,4.9e-06,2666531928.0
2026-06-17 22:05:00,4.9e-06,4.92e-06,4.9e-06,4.92e-06,1809555939.0
2026-06-17 22:10:00,4.92e-06,4.92e-06,4.91e-06,4.92e-06,2673021846.0
2026-06-17 22:15:00,4.91e-06,4.93e-06,4.91e-06,4.93e-06,1353456863.0
2026-06-17 22:20:00,4.93e-06,4.94e-06,4.93e-06,4.94e-06,1134894525.0
2026-06-17 22:25:00,4.93e-06,4.95e-06,4.93e-06,4.95e-06,439736547.0
2026-06-17 22:30:00,4.95e-06,4.95e-06,4.94e-06,4.95e-06,290838500.0
2026-06-17 22:35:00,4.94e-06,4.95e-06,4.94e-06,4.94e-06,239080995.0
2026-06-17 22:40:00,4.94e-06,4.95e-06,4.94e-06,4.94e-06,438139925.0
2026-06-17 22:45:00,4.94e-06,4.96e-06,4.94e-06,4.96e-06,353646399.0
2026-06-17 22:50:00,4.96e-06,4.96e-06,4.94e-06,4.95e-06,2890952004.0
2026-06-17 22:55:00,4.94e-06,4.95e-06,4.94e-06,4.95e-06,161843779.0
2026-06-17 23:00:00,4.95e-06,4.96e-06,4.94e-06,4.96e-06,1408920125.0
2026-06-17 23:05:00,4.95e-06,4.95e-06,4.94e-06,4.95e-06,1220063822.0
2026-06-17 23:10:00,4.95e-06,4.95e-06,4.94e-06,4.95e-06,615877393.0
2026-06-17 23:15:00,4.95e-06,4.97e-06,4.95e-06,4.97e-06,3907483238.0
2026-06-17 23:20:00,4.96e-06,4.97e-06,4.96e-06,4.96e-06,1792927463.0
2026-06-17 23:25:00,4.97e-06,4.97e-06,4.96e-06,4.96e-06,123926522.0
2026-06-17 23:30:00,4.97e-06,4.97e-06,4.96e-06,4.97e-06,510134742.0
2026-06-17 23:35:00,4.97e-06,4.97e-06,4.96e-06,4.96e-06,132301550.0
2026-06-17 23:40:00,4.96e-06,4.96e-06,4.96e-06,4.96e-06,321589690.0
2026-06-17 23:45:00,4.95e-06,4.97e-06,4.95e-06,4.96e-06,2699198171.0
2026-06-17 23:50:00,4.96e-06,4.96e-06,4.95e-06,4.96e-06,1232031954.0
2026-06-17 23:55:00,4.96e-06,4.96e-06,4.95e-06,4.95e-06,552466391.0
2026-06-18 00:00:00,4.96e-06,4.97e-06,4.95e-06,4.97e-06,1853426980.0
2026-06-18 00:05:00,4.97e-06,4.97e-06,4.96e-06,4.96e-06,2296422635.0
2026-06-18 00:10:00,4.97e-06,4.98e-06,4.97e-06,4.97e-06,1466061170.0
2026-06-18 00:15:00,4.98e-06,4.98e-06,4.97e-06,4.97e-06,82778219.0
2026-06-18 00:20:00,4.98e-06,4.98e-06,4.97e-06,4.97e-06,3836217124.0
2026-06-18 00:25:00,4.96e-06,4.98e-06,4.96e-06,4.97e-06,3492164516.0
2026-06-18 00:30:00,4.97e-06,4.98e-06,4.96e-06,4.97e-06,485771206.0
2026-06-18 00:35:00,4.97e-06,4.97e-06,4.96e-06,4.97e-06,1092064231.0
2026-06-18 00:40:00,4.97e-06,4.97e-06,4.95e-06,4.96e-06,3211516390.0
2026-06-18 00:45:00,4.96e-06,4.97e-06,4.95e-06,4.96e-06,2362762106.0
2026-06-18 00:50:00,4.96e-06,4.96e-06,4.94e-06,4.94e-06,818919422.0
2026-06-18 00:55:00,4.95e-06,4.95e-06,4.94e-06,4.95e-06,277317087.0
2026-06-18 01:00:00,4.95e-06,4.96e-06,4.94e-06,4.96e-06,1273697017.0
2026-06-18 01:05:00,4.95e-06,4.97e-06,4.95e-06,4.97e-06,258780141.0
2026-06-18 01:10:00,4.96e-06,4.97e-06,4.96e-06,4.96e-06,1469272776.0
2026-06-18 01:15:00,4.96e-06,4.96e-06,4.95e-06,4.96e-06,169517200.0
2026-06-18 01:20:00,4.96e-06,4.97e-06,4.96e-06,4.96e-06,1383275642.0
2026-06-18 01:25:00,4.96e-06,4.96e-06,4.95e-06,4.96e-06,229116178.0
2026-06-18 01:30:00,4.96e-06,4.97e-06,4.95e-06,4.95e-06,1533136006.0
2026-06-18 01:35:00,4.96e-06,4.96e-06,4.95e-06,4.95e-06,76302992.0
2026-06-18 01:40:00,4.96e-06,4.96e-06,4.94e-06,4.94e-06,1426247359.0
2026-06-18 01:45:00,4.95e-06,4.95e-06,4.94e-06,4.94e-06,95139975.0
2026-06-18 01:50:00,4.94e-06,4.94e-06,4.93e-06,4.94e-06,318620970.0
2026-06-18 01:55:00,4.94e-06,4.95e-06,4.93e-06,4.94e-06,2374685723.0
2026-06-18 02:00:00,4.94e-06,4.95e-06,4.94e-06,4.95e-06,1593239601.0
2026-06-18 02:05:00,4.94e-06,4.96e-06,4.94e-06,4.94e-06,902637881.0
2026-06-18 02:10:00,4.94e-06,4.94e-06,4.93e-06,4.94e-06,1208579238.0
2026-06-18 02:15:00,4.94e-06,4.94e-06,4.93e-06,4.94e-06,126040866.0
2026-06-18 02:20:00,4.94e-06,4.95e-06,4.94e-06,4.95e-06,873249817.0
2026-06-18 02:25:00,4.95e-06,4.96e-06,4.95e-06,4.96e-06,182317093.0
2026-06-18 02:30:00,4.96e-06,4.96e-06,4.95e-06,4.95e-06,680041685.0
2026-06-18 02:35:00,4.95e-06,4.95e-06,4.95e-06,4.95e-06,122705634.0
2026-06-18 02:40:00,4.95e-06,4.96e-06,4.95e-06,4.96e-06,318073215.0
2026-06-18 02:45:00,4.95e-06,4.96e-06,4.95e-06,4.96e-06,221082220.0
2026-06-18 02:50:00,4.96e-06,4.96e-06,4.95e-06,4.95e-06,298953888.0
2026-06-18 02:55:00,4.95e-06,4.95e-06,4.94e-06,4.94e-06,260317617.0
2026-06-18 03:00:00,4.94e-06,4.95e-06,4.93e-06,4.94e-06,323661992.0
2026-06-18 03:05:00,4.94e-06,4.94e-06,4.93e-06,4.93e-06,57179768.0
2026-06-18 03:10:00,4.93e-06,4.94e-06,4.92e-06,4.92e-06,1051622584.0
2026-06-18 03:15:00,4.93e-06,4.93e-06,4.92e-06,4.92e-06,65287871.0
2026-06-18 03:20:00,4.93e-06,4.93e-06,4.91e-06,4.91e-06,321320427.0
2026-06-18 03:25:00,4.91e-06,4.92e-06,4.9e-06,4.9e-06,1578056348.0
2026-06-18 03:30:00,4.91e-06,4.91e-06,4.9e-06,4.9e-06,13685176940.0
2026-06-18 03:35:00,4.9e-06,4.9e-06,4.89e-06,4.9e-06,2492473037.0
2026-06-18 03:40:00,4.9e-06,4.9e-06,4.89e-06,4.9e-06,2617162712.0
2026-06-18 03:45:00,4.9e-06,4.91e-06,4.9e-06,4.91e-06,1124620418.0
2026-06-18 03:50:00,4.91e-06,4.91e-06,4.9e-06,4.91e-06,686402411.0
2026-06-18 03:55:00,4.9e-06,4.91e-06,4.9e-06,4.91e-06,34762001.0
2026-06-18 04:00:00,4.91e-06,4.91e-06,4.88e-06,4.88e-06,1301523146.0
2026-06-18 04:05:00,4.89e-06,4.9e-06,4.88e-06,4.88e-06,1914205840.0
2026-06-18 04:10:00,4.88e-06,4.89e-06,4.87e-06,4.88e-06,5797463590.0
2026-06-18 04:15:00,4.87e-06,4.89e-06,4.87e-06,4.87e-06,1470285668.0
2026-06-18 04:20:00,4.87e-06,4.88e-06,4.86e-06,4.88e-06,1122755548.0
2026-06-18 04:25:00,4.88e-06,4.89e-06,4.88e-06,4.88e-06,1700456404.0
2026-06-18 04:30:00,4.87e-06,4.89e-06,4.87e-06,4.88e-06,1363882589.0
2026-06-18 04:35:00,4.88e-06,4.89e-06,4.86e-06,4.87e-06,2148960074.0
2026-06-18 04:40:00,4.86e-06,4.88e-06,4.86e-06,4.87e-06,1342312400.0
2026-06-18 04:45:00,4.87e-06,4.88e-06,4.86e-06,4.87e-06,3300766357.0
2026-06-18 04:50:00,4.87e-06,4.88e-06,4.86e-06,4.87e-06,3168018295.0
2026-06-18 04:55:00,4.88e-06,4.89e-06,4.87e-06,4.87e-06,1417791198.0
2026-06-18 05:00:00,4.87e-06,4.88e-06,4.86e-06,4.86e-06,12136422520.0
2026-06-18 05:05:00,4.86e-06,4.86e-06,4.85e-06,4.86e-06,3246782330.0
2026-06-18 05:10:00,4.86e-06,4.88e-06,4.86e-06,4.87e-06,2126922306.0
2026-06-18 05:15:00,4.87e-06,4.87e-06,4.86e-06,4.87e-06,3389460715.0
2026-06-18 05:20:00,4.87e-06,4.87e-06,4.86e-06,4.87e-06,1186210473.0
2026-06-18 05:25:00,4.86e-06,4.88e-06,4.86e-06,4.87e-06,2271069163.0
2026-06-18 05:30:00,4.87e-06,4.88e-06,4.86e-06,4.87e-06,3129204815.0
2026-06-18 05:35:00,4.87e-06,4.89e-06,4.87e-06,4.88e-06,2012992736.0
2026-06-18 05:40:00,4.88e-06,4.88e-06,4.87e-06,4.88e-06,597731754.0
2026-06-18 05:45:00,4.88e-06,4.88e-06,4.87e-06,4.88e-06,1655337438.0
2026-06-18 05:50:00,4.87e-06,4.88e-06,4.86e-06,4.88e-06,3465479632.0
2026-06-18 05:55:00,4.88e-06,4.88e-06,4.87e-06,4.88e-06,1371718801.0
2026-06-18 06:00:00,4.88e-06,4.89e-06,4.87e-06,4.89e-06,2168063975.0
2026-06-18 06:05:00,4.88e-06,4.89e-06,4.87e-06,4.87e-06,557553321.0
2026-06-18 06:10:00,4.88e-06,4.88e-06,4.86e-06,4.88e-06,2171384186.0
2026-06-18 06:15:00,4.88e-06,4.88e-06,4.86e-06,4.86e-06,1749364161.0
2026-06-18 06:20:00,4.87e-06,4.88e-06,4.86e-06,4.87e-06,1432900708.0
2026-06-18 06:25:00,4.87e-06,4.88e-06,4.87e-06,4.87e-06,68986834.0
2026-06-18 06:30:00,4.88e-06,4.88e-06,4.87e-06,4.88e-06,3098241214.0
2026-06-18 06:35:00,4.88e-06,4.88e-06,4.87e-06,4.87e-06,217476082.0
2026-06-18 06:40:00,4.87e-06,4.89e-06,4.87e-06,4.88e-06,1459712878.0
2026-06-18 06:45:00,4.87e-06,4.89e-06,4.87e-06,4.88e-06,2399063134.0
2026-06-18 06:50:00,4.88e-06,4.89e-06,4.88e-06,4.89e-06,173098617.0
2026-06-18 06:55:00,4.89e-06,4.89e-06,4.88e-06,4.89e-06,666547402.0
2026-06-18 07:00:00,4.89e-06,4.89e-06,4.87e-06,4.87e-06,219681071.0
2026-06-18 07:05:00,4.88e-06,4.88e-06,4.87e-06,4.87e-06,21760354.0
2026-06-18 07:10:00,4.88e-06,4.88e-06,4.87e-06,4.87e-06,439135561.0
2026-06-18 07:15:00,4.88e-06,4.89e-06,4.87e-06,4.88e-06,474950067.0
2026-06-18 07:20:00,4.89e-06,4.9e-06,4.88e-06,4.9e-06,1892162695.0
2026-06-18 07:25:00,4.9e-06,4.9e-06,4.89e-06,4.9e-06,877576460.0
2026-06-18 07:30:00,4.89e-06,4.9e-06,4.89e-06,4.89e-06,343638702.0
2026-06-18 07:35:00,4.89e-06,4.9e-06,4.89e-06,4.9e-06,1719984874.0
2026-06-18 07:40:00,4.89e-06,4.9e-06,4.89e-06,4.89e-06,497461170.0
2026-06-18 07:45:00,4.89e-06,4.9e-06,4.89e-06,4.9e-06,416629830.0
2026-06-18 07:50:00,4.9e-06,4.9e-06,4.89e-06,4.89e-06,94131516.0
2026-06-18 07:55:00,4.89e-06,4.89e-06,4.88e-06,4.89e-06,1237358225.0
2026-06-18 08:00:00,4.89e-06,4.89e-06,4.87e-06,4.88e-06,401772456.0
2026-06-18 08:05:00,4.89e-06,4.9e-06,4.88e-06,4.9e-06,1369313925.0
2026-06-18 08:10:00,4.9e-06,4.91e-06,4.89e-06,4.9e-06,1481946530.0
2026-06-18 08:15:00,4.9e-06,4.9e-06,4.89e-06,4.9e-06,3820870678.0
2026-06-18 08:20:00,4.9e-06,4.9e-06,4.89e-06,4.9e-06,6483569461.0
2026-06-18 08:25:00,4.9e-06,4.9e-06,4.89e-06,4.9e-06,161783419.0
2026-06-18 08:30:00,4.9e-06,4.91e-06,4.89e-06,4.9e-06,1483358620.0
2026-06-18 08:35:00,4.91e-06,4.91e-06,4.9e-06,4.9e-06,558966527.0
2026-06-18 08:40:00,4.91e-06,4.91e-06,4.89e-06,4.9e-06,1804973598.0
2026-06-18 08:45:00,4.89e-06,4.9e-06,4.89e-06,4.9e-06,2578905356.0
2026-06-18 08:50:00,4.89e-06,4.9e-06,4.89e-06,4.9e-06,6928561504.0
2026-06-18 08:55:00,4.89e-06,4.9e-06,4.89e-06,4.89e-06,257391431.0
2026-06-18 09:00:00,4.9e-06,4.9e-06,4.89e-06,4.89e-06,249928158.0
2026-06-18 09:05:00,4.89e-06,4.9e-06,4.89e-06,4.89e-06,170187485.0
2026-06-18 09:10:00,4.9e-06,4.9e-06,4.89e-06,4.9e-06,221306180.0
2026-06-18 09:15:00,4.9e-06,4.9e-06,4.89e-06,4.9e-06,1814516845.0
2026-06-18 09:20:00,4.9e-06,4.9e-06,4.88e-06,4.89e-06,2047135940.0
2026-06-18 09:25:00,4.88e-06,4.88e-06,4.86e-06,4.88e-06,4033747012.0
2026-06-18 09:30:00,4.88e-06,4.88e-06,4.86e-06,4.87e-06,1317543966.0
2026-06-18 09:35:00,4.87e-06,4.88e-06,4.87e-06,4.88e-06,268197042.0
2026-06-18 09:40:00,4.88e-06,4.89e-06,4.87e-06,4.89e-06,2154598465.0
2026-06-18 09:45:00,4.88e-06,4.89e-06,4.87e-06,4.87e-06,303301539.0
2026-06-18 09:50:00,4.87e-06,4.88e-06,4.87e-06,4.88e-06,60934807.0
2026-06-18 09:55:00,4.87e-06,4.88e-06,4.87e-06,4.88e-06,200209321.0
2026-06-18 10:00:00,4.88e-06,4.88e-06,4.87e-06,4.88e-06,1052507560.0
2026-06-18 10:05:00,4.88e-06,4.88e-06,4.86e-06,4.86e-06,6648157253.0
2026-06-18 10:10:00,4.86e-06,4.86e-06,4.85e-06,4.86e-06,748215374.0
2026-06-18 10:15:00,4.86e-06,4.86e-06,4.85e-06,4.85e-06,85404673.0
2026-06-18 10:20:00,4.85e-06,4.86e-06,4.85e-06,4.86e-06,388038140.0
2026-06-18 10:25:00,4.86e-06,4.87e-06,4.85e-06,4.87e-06,2793948911.0
2026-06-18 10:30:00,4.87e-06,4.87e-06,4.86e-06,4.87e-06,296257168.0
2026-06-18 10:35:00,4.87e-06,4.87e-06,4.85e-06,4.86e-06,1173272674.0
2026-06-18 10:40:00,4.86e-06,4.87e-06,4.86e-06,4.87e-06,426175312.0
2026-06-18 10:45:00,4.86e-06,4.86e-06,4.85e-06,4.86e-06,575669967.0
2026-06-18 10:50:00,4.85e-06,4.87e-06,4.85e-06,4.87e-06,1910000775.0
2026-06-18 10:55:00,4.87e-06,4.87e-06,4.86e-06,4.87e-06,247107112.0
2026-06-18 11:00:00,4.87e-06,4.87e-06,4.86e-06,4.87e-06,1069845309.0
2026-06-18 11:05:00,4.87e-06,4.87e-06,4.86e-06,4.86e-06,762867167.0
2026-06-18 11:10:00,4.86e-06,4.86e-06,4.85e-06,4.86e-06,999667371.0
2026-06-18 11:15:00,4.86e-06,4.87e-06,4.85e-06,4.86e-06,1304372524.0
2026-06-18 11:20:00,4.86e-06,4.86e-06,4.85e-06,4.85e-06,2221823857.0
2026-06-18 11:25:00,4.85e-06,4.86e-06,4.84e-06,4.86e-06,906836631.0
2026-06-18 11:30:00,4.86e-06,4.86e-06,4.85e-06,4.85e-06,709934275.0
2026-06-18 11:35:00,4.86e-06,4.86e-06,4.84e-06,4.84e-06,854785713.0
2026-06-18 11:40:00,4.84e-06,4.85e-06,4.83e-06,4.83e-06,978685495.0
2026-06-18 11:45:00,4.84e-06,4.85e-06,4.83e-06,4.84e-06,2675129216.0
2026-06-18 11:50:00,4.83e-06,4.84e-06,4.83e-06,4.84e-06,1471842024.0
2026-06-18 11:55:00,4.84e-06,4.85e-06,4.83e-06,4.85e-06,1123756238.0
2026-06-18 12:00:00,4.84e-06,4.85e-06,4.83e-06,4.84e-06,2121623119.0
2026-06-18 12:05:00,4.84e-06,4.84e-06,4.83e-06,4.84e-06,304236339.0
2026-06-18 12:10:00,4.84e-06,4.84e-06,4.83e-06,4.84e-06,1642967688.0
2026-06-18 12:15:00,4.83e-06,4.85e-06,4.83e-06,4.84e-06,649076537.0
2026-06-18 12:20:00,4.84e-06,4.86e-06,4.84e-06,4.84e-06,2507986813.0
2026-06-18 12:25:00,4.85e-06,4.85e-06,4.85e-06,4.85e-06,4793797258.0
2026-06-18 12:30:00,4.85e-06,4.85e-06,4.85e-06,4.85e-06,212829930.0
2026-06-18 12:35:00,4.85e-06,4.85e-06,4.84e-06,4.84e-06,178659735.0
2026-06-18 12:40:00,4.85e-06,4.86e-06,4.84e-06,4.85e-06,6601770510.0
2026-06-18 12:45:00,4.85e-06,4.86e-06,4.85e-06,4.86e-06,6148804705.0
2026-06-18 12:50:00,4.85e-06,4.86e-06,4.84e-06,4.86e-06,2009583904.0
2026-06-18 12:55:00,4.85e-06,4.86e-06,4.85e-06,4.85e-06,164970262.0
2026-06-18 13:00:00,4.86e-06,4.86e-06,4.84e-06,4.84e-06,1064764922.0
2026-06-18 13:05:00,4.84e-06,4.85e-06,4.84e-06,4.85e-06,922685272.0
2026-06-18 13:10:00,4.84e-06,4.86e-06,4.84e-06,4.85e-06,3270452381.0
2026-06-18 13:15:00,4.84e-06,4.85e-06,4.84e-06,4.84e-06,251247292.0
2026-06-18 13:20:00,4.84e-06,4.85e-06,4.84e-06,4.84e-06,972083383.0
2026-06-18 13:25:00,4.84e-06,4.85e-06,4.84e-06,4.84e-06,1480206281.0
2026-06-18 13:30:00,4.84e-06,4.85e-06,4.82e-06,4.82e-06,5073469711.0
2026-06-18 13:35:00,4.81e-06,4.82e-06,4.78e-06,4.78e-06,8402168389.0
2026-06-18 13:40:00,4.79e-06,4.79e-06,4.76e-06,4.77e-06,8152958924.0
2026-06-18 13:45:00,4.76e-06,4.8e-06,4.76e-06,4.8e-06,6978156512.0
2026-06-18 13:50:00,4.8e-06,4.8e-06,4.79e-06,4.8e-06,1021183705.0
2026-06-18 13:55:00,4.79e-06,4.8e-06,4.77e-06,4.77e-06,2125196064.0
2026-06-18 14:00:00,4.78e-06,4.79e-06,4.77e-06,4.78e-06,2584588387.0
2026-06-18 14:05:00,4.78e-06,4.79e-06,4.77e-06,4.79e-06,3998596035.0
2026-06-18 14:10:00,4.79e-06,4.79e-06,4.76e-06,4.77e-06,4121803565.0
2026-06-18 14:15:00,4.77e-06,4.79e-06,4.76e-06,4.79e-06,6778687631.0
2026-06-18 14:20:00,4.78e-06,4.81e-06,4.77e-06,4.8e-06,3249086921.0
2026-06-18 14:25:00,4.79e-06,4.8e-06,4.76e-06,4.77e-06,3044635923.0
2026-06-18 14:30:00,4.77e-06,4.79e-06,4.76e-06,4.77e-06,3242852490.0
2026-06-18 14:35:00,4.78e-06,4.79e-06,4.77e-06,4.79e-06,997025450.0
2026-06-18 14:40:00,4.79e-06,4.79e-06,4.77e-06,4.77e-06,1159551800.0
2026-06-18 14:45:00,4.77e-06,4.79e-06,4.77e-06,4.79e-06,2052517120.0
2026-06-18 14:50:00,4.79e-06,4.79e-06,4.76e-06,4.77e-06,1940006778.0
2026-06-18 14:55:00,4.76e-06,4.79e-06,4.76e-06,4.78e-06,1485439113.0
2026-06-18 15:00:00,4.78e-06,4.78e-06,4.76e-06,4.78e-06,2001873956.0
2026-06-18 15:05:00,4.77e-06,4.78e-06,4.76e-06,4.78e-06,1580582996.0
2026-06-18 15:10:00,4.78e-06,4.78e-06,4.76e-06,4.76e-06,2399132103.0
2026-06-18 15:15:00,4.77e-06,4.77e-06,4.74e-06,4.77e-06,13481969621.0
2026-06-18 15:20:00,4.76e-06,4.76e-06,4.72e-06,4.74e-06,5132471931.0
2026-06-18 15:25:00,4.73e-06,4.74e-06,4.72e-06,4.72e-06,6390815706.0
2026-06-18 15:30:00,4.72e-06,4.74e-06,4.72e-06,4.74e-06,2534483778.0
2026-06-18 15:35:00,4.73e-06,4.74e-06,4.7e-06,4.71e-06,4058660497.0
2026-06-18 15:40:00,4.71e-06,4.71e-06,4.68e-06,4.69e-06,12972869003.0
2026-06-18 15:45:00,4.7e-06,4.7e-06,4.68e-06,4.69e-06,5595496586.0
2026-06-18 15:50:00,4.69e-06,4.69e-06,4.66e-06,4.67e-06,8634996494.0
2026-06-18 15:55:00,4.67e-06,4.68e-06,4.65e-06,4.66e-06,9193749476.0
2026-06-18 16:00:00,4.65e-06,4.67e-06,4.64e-06,4.65e-06,6620352002.0
2026-06-18 16:05:00,4.65e-06,4.68e-06,4.65e-06,4.68e-06,1310304397.0
2026-06-18 16:10:00,4.67e-06,4.69e-06,4.67e-06,4.69e-06,2101820555.0
2026-06-18 16:15:00,4.68e-06,4.69e-06,4.66e-06,4.68e-06,4209272133.0
2026-06-18 16:20:00,4.67e-06,4.7e-06,4.67e-06,4.7e-06,2401428431.0
2026-06-18 16:25:00,4.7e-06,4.7e-06,4.67e-06,4.67e-06,2089475554.0
2026-06-18 16:30:00,4.68e-06,4.68e-06,4.65e-06,4.68e-06,7644673645.0
2026-06-18 16:35:00,4.68e-06,4.68e-06,4.66e-06,4.68e-06,3243363447.0
2026-06-18 16:40:00,4.67e-06,4.68e-06,4.67e-06,4.68e-06,2393573763.0
2026-06-18 16:45:00,4.68e-06,4.69e-06,4.68e-06,4.68e-06,8494255584.0
2026-06-18 16:50:00,4.68e-06,4.7e-06,4.68e-06,4.69e-06,2127941536.0
2026-06-18 16:55:00,4.69e-06,4.7e-06,4.69e-06,4.7e-06,2579044985.0
2026-06-18 17:00:00,4.7e-06,4.7e-06,4.66e-06,4.67e-06,7710540272.0
2026-06-18 17:05:00,4.67e-06,4.67e-06,4.66e-06,4.67e-06,652471303.0
2026-06-18 17:10:00,4.67e-06,4.67e-06,4.64e-06,4.66e-06,5272368898.0
2026-06-18 17:15:00,4.66e-06,4.67e-06,4.65e-06,4.67e-06,1673255712.0
2026-06-18 17:20:00,4.67e-06,4.67e-06,4.63e-06,4.63e-06,6289021102.0
2026-06-18 17:25:00,4.64e-06,4.66e-06,4.63e-06,4.66e-06,9114461826.0
2026-06-18 17:30:00,4.66e-06,4.67e-06,4.65e-06,4.67e-06,2029281225.0
2026-06-18 17:35:00,4.67e-06,4.67e-06,4.65e-06,4.65e-06,2318020279.0
2026-06-18 17:40:00,4.66e-06,4.66e-06,4.64e-06,4.65e-06,625379414.0
2026-06-18 17:45:00,4.66e-06,4.66e-06,4.65e-06,4.66e-06,1733423081.0
2026-06-18 17:50:00,4.66e-06,4.67e-06,4.65e-06,4.66e-06,2567276099.0
2026-06-18 17:55:00,4.65e-06,4.66e-06,4.64e-06,4.65e-06,1836626807.0
2026-06-18 18:00:00,4.65e-06,4.66e-06,4.65e-06,4.66e-06,917489554.0
2026-06-18 18:05:00,4.65e-06,4.67e-06,4.65e-06,4.66e-06,2970429694.0
2026-06-18 18:10:00,4.67e-06,4.67e-06,4.66e-06,4.66e-06,677750868.0
2026-06-18 18:15:00,4.67e-06,4.68e-06,4.65e-06,4.68e-06,3102106447.0
2026-06-18 18:20:00,4.68e-06,4.69e-06,4.67e-06,4.69e-06,1654863123.0
2026-06-18 18:25:00,4.68e-06,4.69e-06,4.68e-06,4.68e-06,708891271.0
2026-06-18 18:30:00,4.68e-06,4.68e-06,4.67e-06,4.68e-06,565341075.0
2026-06-18 18:35:00,4.67e-06,4.68e-06,4.67e-06,4.68e-06,117876623.0
2026-06-18 18:40:00,4.68e-06,4.69e-06,4.68e-06,4.69e-06,1713793204.0
2026-06-18 18:45:00,4.69e-06,4.69e-06,4.68e-06,4.69e-06,247766809.0
2026-06-18 18:50:00,4.69e-06,4.69e-06,4.68e-06,4.68e-06,1821288397.0
2026-06-18 18:55:00,4.68e-06,4.69e-06,4.67e-06,4.69e-06,3068414484.0
2026-06-18 19:00:00,4.69e-06,4.7e-06,4.68e-06,4.69e-06,828999339.0
2026-06-18 19:05:00,4.69e-06,4.7e-06,4.68e-06,4.69e-06,3234679445.0
2026-06-18 19:10:00,4.69e-06,4.69e-06,4.68e-06,4.69e-06,812900775.0
2026-06-18 19:15:00,4.68e-06,4.69e-06,4.68e-06,4.68e-06,1605264872.0
2026-06-18 19:20:00,4.69e-06,4.69e-06,4.68e-06,4.69e-06,1077060371.0
2026-06-18 19:25:00,4.68e-06,4.7e-06,4.67e-06,4.69e-06,12653647826.0
2026-06-18 19:30:00,4.68e-06,4.7e-06,4.68e-06,4.7e-06,1888626803.0
2026-06-18 19:35:00,4.7e-06,4.7e-06,4.69e-06,4.69e-06,207490386.0
2026-06-18 19:40:00,4.7e-06,4.72e-06,4.69e-06,4.7e-06,2036405932.0
2026-06-18 19:45:00,4.71e-06,4.72e-06,4.7e-06,4.71e-06,2190053399.0
2026-06-18 19:50:00,4.71e-06,4.73e-06,4.71e-06,4.73e-06,4053301635.0
2026-06-18 19:55:00,4.73e-06,4.73e-06,4.71e-06,4.71e-06,1813647639.0
2026-06-18 20:00:00,4.72e-06,4.74e-06,4.72e-06,4.73e-06,904947308.0
2026-06-18 20:05:00,4.74e-06,4.74e-06,4.73e-06,4.73e-06,2461297295.0
2026-06-18 20:10:00,4.74e-06,4.74e-06,4.73e-06,4.73e-06,360820662.0
2026-06-18 20:15:00,4.73e-06,4.75e-06,4.73e-06,4.75e-06,2965421705.0
2026-06-18 20:20:00,4.75e-06,4.75e-06,4.73e-06,4.74e-06,659806667.0
2026-06-18 20:25:00,4.74e-06,4.75e-06,4.73e-06,4.74e-06,383832290.0
2026-06-18 20:30:00,4.74e-06,4.75e-06,4.74e-06,4.75e-06,2874661951.0
2026-06-18 20:35:00,4.76e-06,4.76e-06,4.74e-06,4.74e-06,1295080229.0
2026-06-18 20:40:00,4.75e-06,4.75e-06,4.74e-06,4.75e-06,67962521.0
2026-06-18 20:45:00,4.74e-06,4.75e-06,4.74e-06,4.75e-06,138759715.0
2026-06-18 20:50:00,4.74e-06,4.75e-06,4.74e-06,4.75e-06,1959031065.0
2026-06-18 20:55:00,4.75e-06,4.75e-06,4.74e-06,4.75e-06,187067414.0
2026-06-18 21:00:00,4.75e-06,4.75e-06,4.74e-06,4.75e-06,1263309916.0
2026-06-18 21:05:00,4.74e-06,4.75e-06,4.74e-06,4.75e-06,107762520.0
2026-06-18 21:10:00,4.75e-06,4.76e-06,4.74e-06,4.75e-06,3021390385.0
2026-06-18 21:15:00,4.74e-06,4.75e-06,4.74e-06,4.75e-06,1121555731.0
2026-06-18 21:20:00,4.74e-06,4.75e-06,4.74e-06,4.75e-06,26946468.0
2026-06-18 21:25:00,4.75e-06,4.75e-06,4.74e-06,4.75e-06,1421837577.0
2026-06-18 21:30:00,4.74e-06,4.76e-06,4.74e-06,4.76e-06,380377760.0
2026-06-18 21:35:00,4.75e-06,4.76e-06,4.74e-06,4.74e-06,1604486636.0
2026-06-18 21:40:00,4.74e-06,4.75e-06,4.74e-06,4.75e-06,1252611226.0
2026-06-18 21:45:00,4.75e-06,4.75e-06,4.74e-06,4.75e-06,986569259.0
2026-06-18 21:50:00,4.75e-06,4.75e-06,4.74e-06,4.75e-06,213072115.0
2026-06-18 21:55:00,4.74e-06,4.75e-06,4.74e-06,4.75e-06,406522362.0
2026-06-18 22:00:00,4.75e-06,4.76e-06,4.74e-06,4.74e-06,2316402761.0
2026-06-18 22:05:00,4.74e-06,4.75e-06,4.74e-06,4.75e-06,133884562.0
2026-06-18 22:10:00,4.75e-06,4.75e-06,4.74e-06,4.75e-06,63740530.0
2026-06-18 22:15:00,4.75e-06,4.75e-06,4.73e-06,4.73e-06,1249157160.0
2026-06-18 22:20:00,4.74e-06,4.74e-06,4.73e-06,4.74e-06,1831511503.0
2026-06-18 22:25:00,4.75e-06,4.75e-06,4.74e-06,4.75e-06,87081156.0
2026-06-18 22:30:00,4.75e-06,4.75e-06,4.74e-06,4.74e-06,25241012.0
2026-06-18 22:35:00,4.75e-06,4.75e-06,4.74e-06,4.75e-06,827616360.0
2026-06-18 22:40:00,4.74e-06,4.75e-06,4.74e-06,4.75e-06,57088709.0
2026-06-18 22:45:00,4.74e-06,4.76e-06,4.74e-06,4.75e-06,2001653678.0
2026-06-18 22:50:00,4.75e-06,4.77e-06,4.75e-06,4.75e-06,2240349216.0
2026-06-18 22:55:00,4.76e-06,4.76e-06,4.75e-06,4.76e-06,66054446.0
2026-06-18 23:00:00,4.76e-06,4.76e-06,4.75e-06,4.75e-06,196510176.0
2026-06-18 23:05:00,4.75e-06,4.76e-06,4.75e-06,4.76e-06,61740187.0
2026-06-18 23:10:00,4.75e-06,4.75e-06,4.75e-06,4.75e-06,2099754023.0
2026-06-18 23:15:00,4.75e-06,4.75e-06,4.74e-06,4.75e-06,166195706.0
2026-06-18 23:20:00,4.75e-06,4.75e-06,4.74e-06,4.75e-06,99276047.0
2026-06-18 23:25:00,4.74e-06,4.75e-06,4.74e-06,4.75e-06,1266257972.0
2026-06-18 23:30:00,4.76e-06,4.77e-06,4.75e-06,4.77e-06,1149671786.0
2026-06-18 23:35:00,4.76e-06,4.77e-06,4.76e-06,4.77e-06,46344542.0
2026-06-18 23:40:00,4.77e-06,4.77e-06,4.76e-06,4.76e-06,205373984.0
2026-06-18 23:45:00,4.76e-06,4.77e-06,4.75e-06,4.76e-06,4065215865.0
2026-06-18 23:50:00,4.76e-06,4.77e-06,4.76e-06,4.76e-06,353870013.0
2026-06-18 23:55:00,4.77e-06,4.77e-06,4.76e-06,4.76e-06,234091569.0
2026-06-19 00:00:00,4.77e-06,4.77e-06,4.75e-06,4.76e-06,1865314035.0
2026-06-19 00:05:00,4.76e-06,4.77e-06,4.75e-06,4.76e-06,1926577691.0
2026-06-19 00:10:00,4.76e-06,4.77e-06,4.76e-06,4.76e-06,136693141.0
2026-06-19 00:15:00,4.77e-06,4.77e-06,4.76e-06,4.76e-06,3287789676.0
2026-06-19 00:20:00,4.76e-06,4.77e-06,4.76e-06,4.76e-06,252471070.0
2026-06-19 00:25:00,4.77e-06,4.77e-06,4.76e-06,4.76e-06,111270844.0
2026-06-19 00:30:00,4.76e-06,4.77e-06,4.76e-06,4.77e-06,378687664.0
2026-06-19 00:35:00,4.76e-06,4.77e-06,4.76e-06,4.77e-06,1533733643.0
2026-06-19 00:40:00,4.77e-06,4.77e-06,4.76e-06,4.77e-06,87771756.0
2026-06-19 00:45:00,4.77e-06,4.78e-06,4.77e-06,4.78e-06,1620687136.0
2026-06-19 00:50:00,4.78e-06,4.78e-06,4.76e-06,4.77e-06,2849396545.0
2026-06-19 00:55:00,4.77e-06,4.78e-06,4.77e-06,4.78e-06,200223914.0
2026-06-19 01:00:00,4.78e-06,4.8e-06,4.77e-06,4.78e-06,1738496636.0
2026-06-19 01:05:00,4.79e-06,4.79e-06,4.78e-06,4.78e-06,32900184.0
2026-06-19 01:10:00,4.78e-06,4.78e-06,4.77e-06,4.77e-06,550408940.0
2026-06-19 01:15:00,4.77e-06,4.79e-06,4.77e-06,4.79e-06,1580428517.0
2026-06-19 01:20:00,4.79e-06,4.79e-06,4.78e-06,4.79e-06,1998922379.0
2026-06-19 01:25:00,4.79e-06,4.79e-06,4.78e-06,4.78e-06,543485605.0
2026-06-19 01:30:00,4.78e-06,4.78e-06,4.76e-06,4.76e-06,652845406.0
2026-06-19 01:35:00,4.77e-06,4.78e-06,4.76e-06,4.78e-06,410083352.0
2026-06-19 01:40:00,4.78e-06,4.79e-06,4.77e-06,4.79e-06,531080516.0
2026-06-19 01:45:00,4.78e-06,4.79e-06,4.78e-06,4.79e-06,200831600.0
2026-06-19 01:50:00,4.79e-06,4.8e-06,4.78e-06,4.79e-06,662607125.0
2026-06-19 01:55:00,4.79e-06,4.8e-06,4.79e-06,4.8e-06,205516512.0
2026-06-19 02:00:00,4.8e-06,4.8e-06,4.79e-06,4.79e-06,1628677641.0
2026-06-19 02:05:00,4.8e-06,4.8e-06,4.79e-06,4.8e-06,496594741.0
2026-06-19 02:10:00,4.79e-06,4.8e-06,4.78e-06,4.79e-06,3176986579.0
2026-06-19 02:15:00,4.79e-06,4.79e-06,4.78e-06,4.79e-06,909995902.0
2026-06-19 02:20:00,4.78e-06,4.78e-06,4.78e-06,4.78e-06,1632609618.0
2026-06-19 02:25:00,4.78e-06,4.79e-06,4.78e-06,4.79e-06,284826973.0
2026-06-19 02:30:00,4.78e-06,4.79e-06,4.77e-06,4.78e-06,1731329185.0
2026-06-19 02:35:00,4.79e-06,4.79e-06,4.78e-06,4.79e-06,567403133.0
2026-06-19 02:40:00,4.79e-06,4.79e-06,4.78e-06,4.78e-06,53164578.0
2026-06-19 02:45:00,4.78e-06,4.79e-06,4.78e-06,4.79e-06,324447022.0
2026-06-19 02:50:00,4.78e-06,4.8e-06,4.78e-06,4.8e-06,1351682954.0
2026-06-19 02:55:00,4.8e-06,4.8e-06,4.79e-06,4.8e-06,29462925.0
2026-06-19 03:00:00,4.79e-06,4.8e-06,4.79e-06,4.79e-06,363102741.0
2026-06-19 03:05:00,4.8e-06,4.8e-06,4.78e-06,4.79e-06,1544557057.0
2026-06-19 03:10:00,4.79e-06,4.79e-06,4.76e-06,4.77e-06,1576065382.0
2026-06-19 03:15:00,4.77e-06,4.77e-06,4.72e-06,4.74e-06,7261351301.0
2026-06-19 03:20:00,4.75e-06,4.76e-06,4.73e-06,4.76e-06,3692948053.0
2026-06-19 03:25:00,4.76e-06,4.76e-06,4.75e-06,4.76e-06,1268998938.0
2026-06-19 03:30:00,4.76e-06,4.76e-06,4.74e-06,4.74e-06,3290682214.0
2026-06-19 03:35:00,4.75e-06,4.75e-06,4.73e-06,4.74e-06,1421840007.0
2026-06-19 03:40:00,4.74e-06,4.75e-06,4.73e-06,4.75e-06,2005525190.0
2026-06-19 03:45:00,4.75e-06,4.75e-06,4.74e-06,4.75e-06,517860553.0
2026-06-19 03:50:00,4.75e-06,4.75e-06,4.74e-06,4.74e-06,862474273.0
2026-06-19 03:55:00,4.74e-06,4.76e-06,4.74e-06,4.75e-06,1870180012.0
2026-06-19 04:00:00,4.75e-06,4.75e-06,4.72e-06,4.73e-06,3152876655.0
2026-06-19 04:05:00,4.73e-06,4.74e-06,4.73e-06,4.73e-06,546401805.0
2026-06-19 04:10:00,4.74e-06,4.75e-06,4.74e-06,4.74e-06,441393277.0
2026-06-19 04:15:00,4.75e-06,4.76e-06,4.74e-06,4.75e-06,1842537982.0
2026-06-19 04:20:00,4.74e-06,4.75e-06,4.73e-06,4.74e-06,877471777.0
2026-06-19 04:25:00,4.74e-06,4.74e-06,4.72e-06,4.72e-06,1459856096.0
2026-06-19 04:30:00,4.73e-06,4.73e-06,4.7e-06,4.71e-06,1789550225.0
2026-06-19 04:35:00,4.71e-06,4.71e-06,4.7e-06,4.7e-06,1863018877.0
2026-06-19 04:40:00,4.7e-06,4.72e-06,4.7e-06,4.72e-06,2089729389.0
2026-06-19 04:45:00,4.72e-06,4.72e-06,4.71e-06,4.71e-06,130378947.0
2026-06-19 04:50:00,4.72e-06,4.72e-06,4.69e-06,4.69e-06,2838165868.0
2026-06-19 04:55:00,4.69e-06,4.71e-06,4.69e-06,4.71e-06,645866343.0
2026-06-19 05:00:00,4.71e-06,4.72e-06,4.7e-06,4.71e-06,674900874.0
2026-06-19 05:05:00,4.72e-06,4.73e-06,4.71e-06,4.73e-06,298127150.0
2026-06-19 05:10:00,4.72e-06,4.73e-06,4.72e-06,4.72e-06,233413050.0
2026-06-19 05:15:00,4.72e-06,4.72e-06,4.7e-06,4.71e-06,2631942670.0
2026-06-19 05:20:00,4.71e-06,4.71e-06,4.7e-06,4.71e-06,965951463.0
2026-06-19 05:25:00,4.71e-06,4.72e-06,4.71e-06,4.72e-06,1090996741.0
2026-06-19 05:30:00,4.71e-06,4.72e-06,4.71e-06,4.71e-06,862999193.0
2026-06-19 05:35:00,4.71e-06,4.72e-06,4.71e-06,4.72e-06,30196914.0
2026-06-19 05:40:00,4.72e-06,4.72e-06,4.71e-06,4.72e-06,34379096.0
2026-06-19 05:45:00,4.71e-06,4.73e-06,4.71e-06,4.71e-06,5570152514.0
2026-06-19 05:50:00,4.72e-06,4.73e-06,4.71e-06,4.72e-06,3436951665.0
2026-06-19 05:55:00,4.72e-06,4.73e-06,4.72e-06,4.73e-06,130089085.0
2026-06-19 06:00:00,4.73e-06,4.73e-06,4.72e-06,4.73e-06,366241996.0
2026-06-19 06:05:00,4.74e-06,4.74e-06,4.73e-06,4.73e-06,157776903.0
2026-06-19 06:10:00,4.73e-06,4.73e-06,4.72e-06,4.72e-06,80565712.0
2026-06-19 06:15:00,4.72e-06,4.73e-06,4.72e-06,4.73e-06,30361729.0
2026-06-19 06:20:00,4.72e-06,4.73e-06,4.72e-06,4.72e-06,332779511.0
2026-06-19 06:25:00,4.72e-06,4.73e-06,4.72e-06,4.73e-06,54232526.0
2026-06-19 06:30:00,4.73e-06,4.73e-06,4.72e-06,4.73e-06,1634899014.0
2026-06-19 06:35:00,4.72e-06,4.73e-06,4.71e-06,4.72e-06,1743399115.0
2026-06-19 06:40:00,4.71e-06,4.72e-06,4.71e-06,4.72e-06,789632990.0
2026-06-19 06:45:00,4.73e-06,4.73e-06,4.71e-06,4.71e-06,1438294390.0
2026-06-19 06:50:00,4.72e-06,4.72e-06,4.71e-06,4.72e-06,799393643.0
2026-06-19 06:55:00,4.72e-06,4.73e-06,4.71e-06,4.73e-06,3933886465.0
2026-06-19 07:00:00,4.73e-06,4.73e-06,4.72e-06,4.72e-06,447046574.0
2026-06-19 07:05:00,4.73e-06,4.73e-06,4.71e-06,4.71e-06,606410994.0
2026-06-19 07:10:00,4.71e-06,4.72e-06,4.71e-06,4.71e-06,38076356.0
2026-06-19 07:15:00,4.72e-06,4.72e-06,4.71e-06,4.71e-06,1240638866.0
2026-06-19 07:20:00,4.72e-06,4.72e-06,4.71e-06,4.71e-06,75202473.0
2026-06-19 07:25:00,4.72e-06,4.73e-06,4.71e-06,4.72e-06,1053118404.0
2026-06-19 07:30:00,4.72e-06,4.72e-06,4.71e-06,4.71e-06,6156037834.0
2026-06-19 07:35:00,4.71e-06,4.71e-06,4.69e-06,4.7e-06,1960873590.0
2026-06-19 07:40:00,4.69e-06,4.7e-06,4.69e-06,4.7e-06,90262241.0
2026-06-19 07:45:00,4.7e-06,4.7e-06,4.69e-06,4.7e-06,159329816.0
2026-06-19 07:50:00,4.69e-06,4.71e-06,4.69e-06,4.71e-06,3125044322.0
2026-06-19 07:55:00,4.71e-06,4.71e-06,4.7e-06,4.71e-06,219379723.0
2026-06-19 08:00:00,4.71e-06,4.72e-06,4.7e-06,4.71e-06,2479771070.0
2026-06-19 08:05:00,4.71e-06,4.72e-06,4.71e-06,4.71e-06,205571716.0
2026-06-19 08:10:00,4.71e-06,4.72e-06,4.7e-06,4.72e-06,2301978445.0
2026-06-19 08:15:00,4.72e-06,4.72e-06,4.71e-06,4.72e-06,107375961.0
2026-06-19 08:20:00,4.72e-06,4.73e-06,4.72e-06,4.73e-06,2081499894.0
2026-06-19 08:25:00,4.72e-06,4.73e-06,4.72e-06,4.72e-06,1627090602.0
2026-06-19 08:30:00,4.72e-06,4.73e-06,4.71e-06,4.71e-06,1591560796.0
2026-06-19 08:35:00,4.71e-06,4.73e-06,4.71e-06,4.73e-06,1562785995.0
2026-06-19 08:40:00,4.73e-06,4.73e-06,4.71e-06,4.71e-06,483642333.0
2026-06-19 08:45:00,4.72e-06,4.72e-06,4.71e-06,4.72e-06,479652820.0
2026-06-19 08:50:00,4.71e-06,4.72e-06,4.71e-06,4.71e-06,262210039.0
2026-06-19 08:55:00,4.71e-06,4.72e-06,4.7e-06,4.7e-06,3603254154.0
2026-06-19 09:00:00,4.71e-06,4.72e-06,4.71e-06,4.71e-06,3642083479.0
2026-06-19 09:05:00,4.71e-06,4.71e-06,4.7e-06,4.71e-06,166455507.0
2026-06-19 09:10:00,4.7e-06,4.71e-06,4.69e-06,4.7e-06,7358403980.0
2026-06-19 09:15:00,4.7e-06,4.71e-06,4.7e-06,4.71e-06,670355233.0
2026-06-19 09:20:00,4.71e-06,4.71e-06,4.7e-06,4.71e-06,1348653472.0
2026-06-19 09:25:00,4.71e-06,4.71e-06,4.7e-06,4.71e-06,154215726.0
2026-06-19 09:30:00,4.71e-06,4.72e-06,4.71e-06,4.72e-06,284069459.0
2026-06-19 09:35:00,4.72e-06,4.72e-06,4.71e-06,4.72e-06,1949966489.0
2026-06-19 09:40:00,4.71e-06,4.72e-06,4.71e-06,4.72e-06,652515943.0
2026-06-19 09:45:00,4.72e-06,4.72e-06,4.71e-06,4.71e-06,300287546.0
2026-06-19 09:50:00,4.71e-06,4.71e-06,4.7e-06,4.71e-06,904699372.0
2026-06-19 09:55:00,4.71e-06,4.72e-06,4.71e-06,4.71e-06,146911952.0
2026-06-19 10:00:00,4.72e-06,4.72e-06,4.71e-06,4.72e-06,2512744342.0
2026-06-19 10:05:00,4.72e-06,4.72e-06,4.7e-06,4.71e-06,385760948.0
2026-06-19 10:10:00,4.71e-06,4.72e-06,4.71e-06,4.72e-06,61887939.0
2026-06-19 10:15:00,4.72e-06,4.72e-06,4.7e-06,4.7e-06,2986614145.0
2026-06-19 10:20:00,4.7e-06,4.72e-06,4.7e-06,4.71e-06,1500797530.0
2026-06-19 10:25:00,4.72e-06,4.73e-06,4.71e-06,4.72e-06,893904512.0
2026-06-19 10:30:00,4.71e-06,4.72e-06,4.71e-06,4.71e-06,261001328.0
2026-06-19 10:35:00,4.71e-06,4.72e-06,4.71e-06,4.72e-06,98641912.0
2026-06-19 10:40:00,4.72e-06,4.72e-06,4.71e-06,4.72e-06,235110767.0
2026-06-19 10:45:00,4.72e-06,4.72e-06,4.71e-06,4.72e-06,278199333.0
2026-06-19 10:50:00,4.72e-06,4.74e-06,4.72e-06,4.73e-06,1224004488.0
2026-06-19 10:55:00,4.73e-06,4.74e-06,4.72e-06,4.73e-06,1685541454.0
2026-06-19 11:00:00,4.73e-06,4.73e-06,4.72e-06,4.72e-06,629262130.0
2026-06-19 11:05:00,4.73e-06,4.73e-06,4.71e-06,4.72e-06,3064819786.0
2026-06-19 11:10:00,4.72e-06,4.72e-06,4.71e-06,4.72e-06,584628642.0
2026-06-19 11:15:00,4.72e-06,4.73e-06,4.71e-06,4.73e-06,308949580.0
2026-06-19 11:20:00,4.73e-06,4.73e-06,4.72e-06,4.73e-06,1309154585.0
2026-06-19 11:25:00,4.73e-06,4.73e-06,4.72e-06,4.72e-06,55699440.0
2026-06-19 11:30:00,4.73e-06,4.73e-06,4.72e-06,4.72e-06,2723820038.0
2026-06-19 11:35:00,4.72e-06,4.72e-06,4.71e-06,4.72e-06,24983337.0
2026-06-19 11:40:00,4.72e-06,4.73e-06,4.72e-06,4.72e-06,3097170528.0
2026-06-19 11:45:00,4.73e-06,4.73e-06,4.72e-06,4.72e-06,273448382.0
2026-06-19 11:50:00,4.73e-06,4.73e-06,4.72e-06,4.73e-06,115697824.0
2026-06-19 11:55:00,4.73e-06,4.73e-06,4.72e-06,4.72e-06,208513594.0
2026-06-19 12:00:00,4.73e-06,4.73e-06,4.72e-06,4.73e-06,251738023.0
2026-06-19 12:05:00,4.73e-06,4.73e-06,4.72e-06,4.73e-06,873524328.0
2026-06-19 12:10:00,4.73e-06,4.73e-06,4.72e-06,4.72e-06,106669632.0
2026-06-19 12:15:00,4.72e-06,4.73e-06,4.71e-06,4.71e-06,2545398749.0
2026-06-19 12:20:00,4.71e-06,4.72e-06,4.71e-06,4.71e-06,339273549.0
2026-06-19 12:25:00,4.71e-06,4.72e-06,4.7e-06,4.71e-06,2486281298.0
2026-06-19 12:30:00,4.71e-06,4.72e-06,4.7e-06,4.7e-06,3467640705.0
2026-06-19 12:35:00,4.7e-06,4.72e-06,4.7e-06,4.72e-06,1160430940.0
2026-06-19 12:40:00,4.71e-06,4.72e-06,4.7e-06,4.7e-06,1263298921.0
2026-06-19 12:45:00,4.7e-06,4.7e-06,4.69e-06,4.69e-06,417976320.0
2026-06-19 12:50:00,4.7e-06,4.74e-06,4.7e-06,4.73e-06,2735342795.0
2026-06-19 12:55:00,4.73e-06,4.73e-06,4.72e-06,4.73e-06,555880835.0
2026-06-19 13:00:00,4.73e-06,4.74e-06,4.72e-06,4.73e-06,691974036.0
2026-06-19 13:05:00,4.74e-06,4.74e-06,4.73e-06,4.74e-06,658269507.0
2026-06-19 13:10:00,4.74e-06,4.74e-06,4.73e-06,4.74e-06,181557219.0
2026-06-19 13:15:00,4.74e-06,4.74e-06,4.72e-06,4.73e-06,395613764.0
2026-06-19 13:20:00,4.73e-06,4.74e-06,4.73e-06,4.73e-06,332443175.0
2026-06-19 13:25:00,4.74e-06,4.74e-06,4.73e-06,4.74e-06,570060522.0
2026-06-19 13:30:00,4.74e-06,4.74e-06,4.73e-06,4.74e-06,884675027.0
2026-06-19 13:35:00,4.74e-06,4.75e-06,4.73e-06,4.75e-06,1390949598.0
2026-06-19 13:40:00,4.75e-06,4.76e-06,4.74e-06,4.76e-06,2052679814.0
2026-06-19 13:45:00,4.76e-06,4.78e-06,4.76e-06,4.76e-06,4572267984.0
2026-06-19 13:50:00,4.76e-06,4.77e-06,4.76e-06,4.76e-06,407572949.0
2026-06-19 13:55:00,4.76e-06,4.77e-06,4.76e-06,4.76e-06,209505753.0
2026-06-19 14:00:00,4.76e-06,4.78e-06,4.76e-06,4.77e-06,1763662225.0
2026-06-19 14:05:00,4.77e-06,4.77e-06,4.75e-06,4.76e-06,1118630694.0
2026-06-19 14:10:00,4.76e-06,4.77e-06,4.76e-06,4.76e-06,2696923406.0
2026-06-19 14:15:00,4.76e-06,4.77e-06,4.76e-06,4.76e-06,5400816219.0
2026-06-19 14:20:00,4.76e-06,4.76e-06,4.75e-06,4.75e-06,1768842493.0
2026-06-19 14:25:00,4.76e-06,4.78e-06,4.76e-06,4.76e-06,3643368167.0
2026-06-19 14:30:00,4.76e-06,4.77e-06,4.76e-06,4.76e-06,1092776726.0
2026-06-19 14:35:00,4.76e-06,4.78e-06,4.76e-06,4.77e-06,2053518358.0
2026-06-19 14:40:00,4.77e-06,4.77e-06,4.76e-06,4.77e-06,35914802.0
2026-06-19 14:45:00,4.76e-06,4.77e-06,4.76e-06,4.76e-06,184789697.0
2026-06-19 14:50:00,4.77e-06,4.77e-06,4.76e-06,4.76e-06,3994378837.0
2026-06-19 14:55:00,4.76e-06,4.76e-06,4.75e-06,4.75e-06,1245341850.0
2026-06-19 15:00:00,4.76e-06,4.77e-06,4.75e-06,4.76e-06,6200199004.0
2026-06-19 15:05:00,4.76e-06,4.77e-06,4.75e-06,4.76e-06,1447457020.0
2026-06-19 15:10:00,4.76e-06,4.77e-06,4.76e-06,4.76e-06,80611445.0
2026-06-19 15:15:00,4.76e-06,4.77e-06,4.76e-06,4.77e-06,550833139.0
2026-06-19 15:20:00,4.77e-06,4.77e-06,4.76e-06,4.77e-06,278888944.0
2026-06-19 15:25:00,4.76e-06,4.77e-06,4.76e-06,4.77e-06,182616456.0
2026-06-19 15:30:00,4.77e-06,4.78e-06,4.76e-06,4.78e-06,772857497.0
2026-06-19 15:35:00,4.78e-06,4.78e-06,4.77e-06,4.77e-06,222110200.0
2026-06-19 15:40:00,4.78e-06,4.79e-06,4.77e-06,4.78e-06,2533107375.0
2026-06-19 15:45:00,4.78e-06,4.78e-06,4.77e-06,4.77e-06,320228720.0
2026-06-19 15:50:00,4.78e-06,4.78e-06,4.77e-06,4.77e-06,93316837.0
2026-06-19 15:55:00,4.78e-06,4.78e-06,4.77e-06,4.78e-06,78759859.0
2026-06-19 16:00:00,4.78e-06,4.78e-06,4.77e-06,4.77e-06,105420122.0
2026-06-19 16:05:00,4.78e-06,4.78e-06,4.77e-06,4.77e-06,388254891.0
2026-06-19 16:10:00,4.76e-06,4.78e-06,4.76e-06,4.78e-06,775561722.0
2026-06-19 16:15:00,4.78e-06,4.78e-06,4.77e-06,4.78e-06,178213138.0
2026-06-19 16:20:00,4.78e-06,4.78e-06,4.77e-06,4.77e-06,240200805.0
2026-06-19 16:25:00,4.78e-06,4.78e-06,4.77e-06,4.78e-06,262113420.0
2026-06-19 16:30:00,4.78e-06,4.78e-06,4.76e-06,4.77e-06,3092383616.0
2026-06-19 16:35:00,4.77e-06,4.78e-06,4.77e-06,4.78e-06,173223245.0
2026-06-19 16:40:00,4.78e-06,4.78e-06,4.77e-06,4.77e-06,768597053.0
2026-06-19 16:45:00,4.77e-06,4.78e-06,4.76e-06,4.76e-06,780378429.0
2026-06-19 16:50:00,4.77e-06,4.77e-06,4.75e-06,4.76e-06,6572479018.0
2026-06-19 16:55:00,4.76e-06,4.76e-06,4.74e-06,4.75e-06,4109187576.0
2026-06-19 17:00:00,4.75e-06,4.75e-06,4.74e-06,4.75e-06,102244618.0
2026-06-19 17:05:00,4.75e-06,4.76e-06,4.74e-06,4.75e-06,374476463.0
2026-06-19 17:10:00,4.75e-06,4.76e-06,4.75e-06,4.76e-06,807877978.0
2026-06-19 17:15:00,4.76e-06,4.77e-06,4.75e-06,4.76e-06,806112255.0
2026-06-19 17:20:00,4.77e-06,4.77e-06,4.76e-06,4.76e-06,3824998448.0
2026-06-19 17:25:00,4.76e-06,4.76e-06,4.75e-06,4.75e-06,2352212404.0
2026-06-19 17:30:00,4.75e-06,4.77e-06,4.75e-06,4.77e-06,1185658412.0
2026-06-19 17:35:00,4.76e-06,4.77e-06,4.76e-06,4.76e-06,260837081.0
2026-06-19 17:40:00,4.76e-06,4.78e-06,4.76e-06,4.77e-06,2410125601.0
2026-06-19 17:45:00,4.78e-06,4.79e-06,4.77e-06,4.79e-06,2048276889.0
2026-06-19 17:50:00,4.79e-06,4.79e-06,4.77e-06,4.79e-06,3429297545.0
2026-06-19 17:55:00,4.78e-06,4.79e-06,4.78e-06,4.79e-06,870195214.0
2026-06-19 18:00:00,4.79e-06,4.79e-06,4.77e-06,4.78e-06,783068401.0
2026-06-19 18:05:00,4.78e-06,4.78e-06,4.77e-06,4.77e-06,213919849.0
2026-06-19 18:10:00,4.77e-06,4.78e-06,4.77e-06,4.78e-06,336137797.0
2026-06-19 18:15:00,4.78e-06,4.78e-06,4.77e-06,4.78e-06,259655447.0
2026-06-19 18:20:00,4.78e-06,4.78e-06,4.77e-06,4.78e-06,495801708.0
2026-06-19 18:25:00,4.77e-06,4.78e-06,4.76e-06,4.77e-06,1641522060.0
2026-06-19 18:30:00,4.76e-06,4.77e-06,4.76e-06,4.76e-06,120452776.0
2026-06-19 18:35:00,4.77e-06,4.77e-06,4.75e-06,4.75e-06,98299492.0
2026-06-19 18:40:00,4.76e-06,4.76e-06,4.75e-06,4.75e-06,213693648.0
2026-06-19 18:45:00,4.76e-06,4.76e-06,4.75e-06,4.76e-06,229562395.0
2026-06-19 18:50:00,4.75e-06,4.76e-06,4.75e-06,4.75e-06,92412484.0
2026-06-19 18:55:00,4.76e-06,4.76e-06,4.75e-06,4.76e-06,2026188904.0
2026-06-19 19:00:00,4.75e-06,4.76e-06,4.75e-06,4.76e-06,532457099.0
2026-06-19 19:05:00,4.76e-06,4.76e-06,4.75e-06,4.75e-06,507400171.0
2026-06-19 19:10:00,4.75e-06,4.75e-06,4.74e-06,4.75e-06,193108224.0
2026-06-19 19:15:00,4.74e-06,4.75e-06,4.74e-06,4.74e-06,240602065.0
2026-06-19 19:20:00,4.74e-06,4.75e-06,4.74e-06,4.74e-06,3394081432.0
2026-06-19 19:25:00,4.74e-06,4.75e-06,4.73e-06,4.74e-06,927942311.0
2026-06-19 19:30:00,4.74e-06,4.74e-06,4.73e-06,4.73e-06,212910002.0
2026-06-19 19:35:00,4.73e-06,4.74e-06,4.73e-06,4.74e-06,358459712.0
2026-06-19 19:40:00,4.74e-06,4.74e-06,4.73e-06,4.74e-06,607862727.0
2026-06-19 19:45:00,4.74e-06,4.75e-06,4.73e-06,4.74e-06,2363457471.0
2026-06-19 19:50:00,4.74e-06,4.76e-06,4.74e-06,4.75e-06,2270590945.0
2026-06-19 19:55:00,4.75e-06,4.75e-06,4.74e-06,4.75e-06,442207258.0
2026-06-19 20:00:00,4.75e-06,4.76e-06,4.74e-06,4.75e-06,482192937.0
2026-06-19 20:05:00,4.75e-06,4.76e-06,4.75e-06,4.76e-06,590882787.0
2026-06-19 20:10:00,4.75e-06,4.76e-06,4.75e-06,4.76e-06,106513471.0
2026-06-19 20:15:00,4.76e-06,4.76e-06,4.74e-06,4.74e-06,1769308846.0
2026-06-19 20:20:00,4.74e-06,4.75e-06,4.74e-06,4.75e-06,704536089.0
2026-06-19 20:25:00,4.75e-06,4.75e-06,4.74e-06,4.75e-06,45859463.0
2026-06-19 20:30:00,4.74e-06,4.75e-06,4.74e-06,4.74e-06,875709455.0
2026-06-19 20:35:00,4.74e-06,4.75e-06,4.74e-06,4.74e-06,2170788463.0
2026-06-19 20:40:00,4.73e-06,4.74e-06,4.73e-06,4.73e-06,272158830.0
2026-06-19 20:45:00,4.73e-06,4.76e-06,4.73e-06,4.75e-06,2477314315.0
2026-06-19 20:50:00,4.75e-06,4.76e-06,4.75e-06,4.75e-06,86680228.0
2026-06-19 20:55:00,4.75e-06,4.76e-06,4.75e-06,4.76e-06,998585829.0
2026-06-19 21:00:00,4.76e-06,4.77e-06,4.75e-06,4.75e-06,824224837.0
2026-06-19 21:05:00,4.75e-06,4.76e-06,4.75e-06,4.75e-06,178050965.0
2026-06-19 21:10:00,4.75e-06,4.77e-06,4.75e-06,4.76e-06,534940834.0
2026-06-19 21:15:00,4.76e-06,4.77e-06,4.76e-06,4.77e-06,329758805.0
2026-06-19 21:20:00,4.76e-06,4.76e-06,4.75e-06,4.76e-06,1683703261.0
2026-06-19 21:25:00,4.75e-06,4.76e-06,4.74e-06,4.75e-06,808119860.0
2026-06-19 21:30:00,4.75e-06,4.75e-06,4.74e-06,4.74e-06,315233126.0
2026-06-19 21:35:00,4.75e-06,4.75e-06,4.74e-06,4.74e-06,906537629.0
2026-06-19 21:40:00,4.74e-06,4.74e-06,4.73e-06,4.73e-06,1001453530.0
2026-06-19 21:45:00,4.74e-06,4.75e-06,4.73e-06,4.75e-06,1042184205.0
2026-06-19 21:50:00,4.75e-06,4.75e-06,4.74e-06,4.74e-06,86081429.0
2026-06-19 21:55:00,4.74e-06,4.74e-06,4.73e-06,4.74e-06,215910970.0
2026-06-19 22:00:00,4.74e-06,4.74e-06,4.73e-06,4.74e-06,991307555.0
2026-06-19 22:05:00,4.74e-06,4.74e-06,4.73e-06,4.74e-06,80811107.0
2026-06-19 22:10:00,4.73e-06,4.74e-06,4.73e-06,4.74e-06,49635125.0
2026-06-19 22:15:00,4.73e-06,4.75e-06,4.73e-06,4.75e-06,1880170403.0
2026-06-19 22:20:00,4.75e-06,4.75e-06,4.74e-06,4.75e-06,1061114416.0
2026-06-19 22:25:00,4.75e-06,4.75e-06,4.74e-06,4.74e-06,534164856.0
2026-06-19 22:30:00,4.74e-06,4.75e-06,4.74e-06,4.74e-06,209621629.0
2026-06-19 22:35:00,4.75e-06,4.75e-06,4.74e-06,4.75e-06,84476281.0
2026-06-19 22:40:00,4.75e-06,4.75e-06,4.74e-06,4.75e-06,3660069885.0
2026-06-19 22:45:00,4.75e-06,4.75e-06,4.74e-06,4.75e-06,1704219189.0
2026-06-19 22:50:00,4.75e-06,4.75e-06,4.74e-06,4.74e-06,211513888.0
2026-06-19 22:55:00,4.75e-06,4.75e-06,4.74e-06,4.74e-06,68781448.0
2026-06-19 23:00:00,4.74e-06,4.75e-06,4.74e-06,4.75e-06,523172490.0
2026-06-19 23:05:00,4.74e-06,4.75e-06,4.74e-06,4.75e-06,11539044.0
2026-06-19 23:10:00,4.74e-06,4.74e-06,4.73e-06,4.73e-06,2933153326.0
2026-06-19 23:15:00,4.73e-06,4.74e-06,4.73e-06,4.74e-06,23628808.0
2026-06-19 23:20:00,4.73e-06,4.74e-06,4.73e-06,4.73e-06,273748756.0
2026-06-19 23:25:00,4.74e-06,4.75e-06,4.74e-06,4.75e-06,1238193548.0
2026-06-19 23:30:00,4.75e-06,4.75e-06,4.74e-06,4.75e-06,83672862.0
2026-06-19 23:35:00,4.75e-06,4.75e-06,4.74e-06,4.75e-06,128545553.0
2026-06-19 23:40:00,4.75e-06,4.75e-06,4.74e-06,4.75e-06,1853390209.0
2026-06-19 23:45:00,4.74e-06,4.74e-06,4.73e-06,4.73e-06,2416180541.0
2026-06-19 23:50:00,4.74e-06,4.75e-06,4.73e-06,4.75e-06,1852089113.0
2026-06-19 23:55:00,4.75e-06,4.77e-06,4.75e-06,4.75e-06,6487773261.0
2026-06-20 00:00:00,4.75e-06,4.76e-06,4.75e-06,4.76e-06,237072073.0
2026-06-20 00:05:00,4.75e-06,4.76e-06,4.74e-06,4.75e-06,2336914541.0
2026-06-20 00:10:00,4.75e-06,4.75e-06,4.74e-06,4.75e-06,2998050334.0
2026-06-20 00:15:00,4.76e-06,4.76e-06,4.75e-06,4.75e-06,120511232.0
2026-06-20 00:20:00,4.76e-06,4.76e-06,4.75e-06,4.76e-06,102015004.0
2026-06-20 00:25:00,4.76e-06,4.77e-06,4.76e-06,4.77e-06,3810378550.0
2026-06-20 00:30:00,4.76e-06,4.78e-06,4.75e-06,4.78e-06,4005852966.0
2026-06-20 00:35:00,4.77e-06,4.77e-06,4.76e-06,4.77e-06,1705682576.0
2026-06-20 00:40:00,4.76e-06,4.76e-06,4.75e-06,4.76e-06,2275185643.0
2026-06-20 00:45:00,4.75e-06,4.76e-06,4.75e-06,4.76e-06,2766889419.0
2026-06-20 00:50:00,4.76e-06,4.76e-06,4.75e-06,4.75e-06,213861446.0
2026-06-20 00:55:00,4.75e-06,4.76e-06,4.74e-06,4.75e-06,102901636.0
2026-06-20 01:00:00,4.75e-06,4.75e-06,4.73e-06,4.73e-06,936799445.0
2026-06-20 01:05:00,4.73e-06,4.75e-06,4.73e-06,4.74e-06,1664107876.0
2026-06-20 01:10:00,4.73e-06,4.74e-06,4.73e-06,4.73e-06,28527873.0
2026-06-20 01:15:00,4.73e-06,4.74e-06,4.73e-06,4.73e-06,399290593.0
2026-06-20 01:20:00,4.74e-06,4.74e-06,4.73e-06,4.74e-06,303167397.0
2026-06-20 01:25:00,4.73e-06,4.73e-06,4.72e-06,4.73e-06,460288211.0
2026-06-20 01:30:00,4.73e-06,4.74e-06,4.73e-06,4.74e-06,1848648040.0
2026-06-20 01:35:00,4.74e-06,4.75e-06,4.73e-06,4.74e-06,902451339.0
2026-06-20 01:40:00,4.73e-06,4.74e-06,4.73e-06,4.73e-06,28851216.0
2026-06-20 01:45:00,4.74e-06,4.74e-06,4.74e-06,4.74e-06,1836471371.0
2026-06-20 01:50:00,4.74e-06,4.75e-06,4.73e-06,4.75e-06,782775350.0
2026-06-20 01:55:00,4.75e-06,4.75e-06,4.73e-06,4.73e-06,834653004.0
2026-06-20 02:00:00,4.74e-06,4.75e-06,4.73e-06,4.74e-06,692152743.0
2026-06-20 02:05:00,4.74e-06,4.74e-06,4.73e-06,4.73e-06,1024830995.0
2026-06-20 02:10:00,4.74e-06,4.74e-06,4.73e-06,4.74e-06,45532058.0
2026-06-20 02:15:00,4.74e-06,4.74e-06,4.72e-06,4.73e-06,1202907975.0
2026-06-20 02:20:00,4.73e-06,4.73e-06,4.72e-06,4.73e-06,358828701.0
2026-06-20 02:25:00,4.73e-06,4.73e-06,4.72e-06,4.73e-06,236552513.0
2026-06-20 02:30:00,4.73e-06,4.73e-06,4.73e-06,4.73e-06,771397613.0
2026-06-20 02:35:00,4.73e-06,4.73e-06,4.72e-06,4.73e-06,1683065845.0
2026-06-20 02:40:00,4.73e-06,4.73e-06,4.72e-06,4.72e-06,401102513.0
2026-06-20 02:45:00,4.72e-06,4.73e-06,4.72e-06,4.72e-06,71111878.0
2026-06-20 02:50:00,4.72e-06,4.72e-06,4.71e-06,4.72e-06,2437447217.0
2026-06-20 02:55:00,4.72e-06,4.72e-06,4.71e-06,4.72e-06,517102226.0
2026-06-20 03:00:00,4.71e-06,4.72e-06,4.71e-06,4.72e-06,4985175081.0
2026-06-20 03:05:00,4.72e-06,4.72e-06,4.71e-06,4.71e-06,691430350.0
2026-06-20 03:10:00,4.71e-06,4.72e-06,4.7e-06,4.71e-06,1369769986.0
2026-06-20 03:15:00,4.7e-06,4.72e-06,4.7e-06,4.72e-06,1322030742.0
2026-06-20 03:20:00,4.71e-06,4.71e-06,4.7e-06,4.71e-06,835320816.0
2026-06-20 03:25:00,4.71e-06,4.71e-06,4.7e-06,4.7e-06,201746681.0
2026-06-20 03:30:00,4.71e-06,4.71e-06,4.7e-06,4.71e-06,205886824.0
2026-06-20 03:35:00,4.7e-06,4.71e-06,4.7e-06,4.71e-06,143205782.0
2026-06-20 03:40:00,4.71e-06,4.72e-06,4.7e-06,4.71e-06,2896618258.0
2026-06-20 03:45:00,4.71e-06,4.71e-06,4.7e-06,4.7e-06,695782943.0
2026-06-20 03:50:00,4.71e-06,4.71e-06,4.7e-06,4.71e-06,13417337.0
2026-06-20 03:55:00,4.71e-06,4.71e-06,4.7e-06,4.71e-06,29031727.0
2026-06-20 04:00:00,4.71e-06,4.71e-06,4.7e-06,4.7e-06,446909819.0
2026-06-20 04:05:00,4.71e-06,4.71e-06,4.7e-06,4.7e-06,2750806159.0
2026-06-20 04:10:00,4.71e-06,4.71e-06,4.7e-06,4.7e-06,54126652.0
2026-06-20 04:15:00,4.7e-06,4.71e-06,4.7e-06,4.7e-06,72832680.0
2026-06-20 04:20:00,4.71e-06,4.72e-06,4.7e-06,4.71e-06,1119800564.0
2026-06-20 04:25:00,4.71e-06,4.72e-06,4.7e-06,4.72e-06,2851551507.0
2026-06-20 04:30:00,4.72e-06,4.72e-06,4.71e-06,4.71e-06,238554349.0
2026-06-20 04:35:00,4.71e-06,4.72e-06,4.71e-06,4.71e-06,55754293.0
2026-06-20 04:40:00,4.72e-06,4.73e-06,4.72e-06,4.72e-06,1350804955.0
2026-06-20 04:45:00,4.72e-06,4.72e-06,4.71e-06,4.72e-06,208083349.0
2026-06-20 04:50:00,4.72e-06,4.72e-06,4.71e-06,4.72e-06,1895169890.0
2026-06-20 04:55:00,4.71e-06,4.72e-06,4.71e-06,4.72e-06,161067749.0
2026-06-20 05:00:00,4.71e-06,4.73e-06,4.71e-06,4.72e-06,1376626445.0
2026-06-20 05:05:00,4.72e-06,4.74e-06,4.72e-06,4.74e-06,1567637371.0
2026-06-20 05:10:00,4.74e-06,4.77e-06,4.74e-06,4.76e-06,7197190519.0
2026-06-20 05:15:00,4.75e-06,4.75e-06,4.74e-06,4.75e-06,170759633.0
2026-06-20 05:20:00,4.74e-06,4.75e-06,4.73e-06,4.74e-06,2583543459.0
2026-06-20 05:25:00,4.74e-06,4.74e-06,4.73e-06,4.74e-06,199963344.0
2026-06-20 05:30:00,4.73e-06,4.74e-06,4.72e-06,4.73e-06,1824917320.0
2026-06-20 05:35:00,4.73e-06,4.73e-06,4.72e-06,4.72e-06,187153353.0
2026-06-20 05:40:00,4.73e-06,4.73e-06,4.72e-06,4.73e-06,35260395.0
2026-06-20 05:45:00,4.73e-06,4.74e-06,4.72e-06,4.73e-06,2207664026.0
2026-06-20 05:50:00,4.73e-06,4.74e-06,4.72e-06,4.74e-06,466668462.0
2026-06-20 05:55:00,4.74e-06,4.74e-06,4.73e-06,4.74e-06,573247133.0
2026-06-20 06:00:00,4.73e-06,4.74e-06,4.73e-06,4.73e-06,1046524951.0
2026-06-20 06:05:00,4.73e-06,4.73e-06,4.72e-06,4.72e-06,2153243795.0
2026-06-20 06:10:00,4.73e-06,4.74e-06,4.72e-06,4.73e-06,7464418677.0
2026-06-20 06:15:00,4.73e-06,4.74e-06,4.73e-06,4.73e-06,546008484.0
2026-06-20 06:20:00,4.74e-06,4.75e-06,4.73e-06,4.73e-06,3152354384.0
2026-06-20 06:25:00,4.74e-06,4.74e-06,4.73e-06,4.74e-06,156778015.0
2026-06-20 06:30:00,4.74e-06,4.74e-06,4.73e-06,4.73e-06,968681393.0
2026-06-20 06:35:00,4.73e-06,4.73e-06,4.72e-06,4.72e-06,1165715292.0
2026-06-20 06:40:00,4.72e-06,4.74e-06,4.72e-06,4.74e-06,842195627.0
2026-06-20 06:45:00,4.73e-06,4.74e-06,4.73e-06,4.74e-06,146571867.0
2026-06-20 06:50:00,4.73e-06,4.74e-06,4.73e-06,4.73e-06,225173012.0
2026-06-20 06:55:00,4.73e-06,4.74e-06,4.73e-06,4.73e-06,256641250.0
2026-06-20 07:00:00,4.74e-06,4.74e-06,4.72e-06,4.73e-06,850584748.0
2026-06-20 07:05:00,4.72e-06,4.72e-06,4.71e-06,4.71e-06,582473113.0
2026-06-20 07:10:00,4.72e-06,4.72e-06,4.71e-06,4.72e-06,74539859.0
2026-06-20 07:15:00,4.72e-06,4.72e-06,4.71e-06,4.72e-06,994334958.0
2026-06-20 07:20:00,4.72e-06,4.73e-06,4.71e-06,4.73e-06,2134699441.0
2026-06-20 07:25:00,4.73e-06,4.73e-06,4.72e-06,4.73e-06,400765785.0
2026-06-20 07:30:00,4.73e-06,4.73e-06,4.72e-06,4.72e-06,227787241.0
2026-06-20 07:35:00,4.73e-06,4.73e-06,4.72e-06,4.73e-06,89160831.0
2026-06-20 07:40:00,4.73e-06,4.73e-06,4.72e-06,4.73e-06,295596365.0
2026-06-20 07:45:00,4.73e-06,4.73e-06,4.72e-06,4.73e-06,111048117.0
2026-06-20 07:50:00,4.73e-06,4.73e-06,4.71e-06,4.72e-06,853288405.0
2026-06-20 07:55:00,4.72e-06,4.72e-06,4.71e-06,4.72e-06,111557036.0
2026-06-20 08:00:00,4.72e-06,4.72e-06,4.7e-06,4.72e-06,1258228467.0
2026-06-20 08:05:00,4.72e-06,4.72e-06,4.71e-06,4.72e-06,537498058.0
2026-06-20 08:10:00,4.72e-06,4.72e-06,4.71e-06,4.72e-06,130223262.0
2026-06-20 08:15:00,4.71e-06,4.72e-06,4.71e-06,4.71e-06,422538879.0
2026-06-20 08:20:00,4.72e-06,4.72e-06,4.72e-06,4.72e-06,34342006.0
2026-06-20 08:25:00,4.71e-06,4.72e-06,4.71e-06,4.71e-06,141346311.0
2026-06-20 08:30:00,4.72e-06,4.72e-06,4.71e-06,4.72e-06,138554332.0
2026-06-20 08:35:00,4.72e-06,4.72e-06,4.71e-06,4.72e-06,253929818.0
2026-06-20 08:40:00,4.72e-06,4.72e-06,4.71e-06,4.71e-06,395956937.0
2026-06-20 08:45:00,4.72e-06,4.72e-06,4.71e-06,4.71e-06,19400907.0
2026-06-20 08:50:00,4.71e-06,4.72e-06,4.71e-06,4.72e-06,160908086.0
2026-06-20 08:55:00,4.72e-06,4.72e-06,4.71e-06,4.72e-06,93176807.0
2026-06-20 09:00:00,4.71e-06,4.73e-06,4.71e-06,4.72e-06,1082596958.0
2026-06-20 09:05:00,4.73e-06,4.73e-06,4.72e-06,4.73e-06,464901151.0
2026-06-20 09:10:00,4.72e-06,4.74e-06,4.72e-06,4.73e-06,1850517264.0
2026-06-20 09:15:00,4.73e-06,4.73e-06,4.72e-06,4.72e-06,88750304.0
2026-06-20 09:20:00,4.72e-06,4.74e-06,4.72e-06,4.74e-06,86034021.0
2026-06-20 09:25:00,4.73e-06,4.74e-06,4.73e-06,4.74e-06,121231280.0
2026-06-20 09:30:00,4.73e-06,4.74e-06,4.73e-06,4.73e-06,95610361.0
2026-06-20 09:35:00,4.74e-06,4.74e-06,4.73e-06,4.73e-06,153760908.0
2026-06-20 09:40:00,4.73e-06,4.75e-06,4.73e-06,4.74e-06,1181945496.0
2026-06-20 09:45:00,4.74e-06,4.75e-06,4.74e-06,4.74e-06,201999606.0
2026-06-20 09:50:00,4.74e-06,4.75e-06,4.74e-06,4.75e-06,283688883.0
2026-06-20 09:55:00,4.75e-06,4.75e-06,4.73e-06,4.73e-06,2812549924.0
2026-06-20 10:00:00,4.74e-06,4.74e-06,4.73e-06,4.74e-06,48168204.0
2026-06-20 10:05:00,4.74e-06,4.74e-06,4.73e-06,4.74e-06,99563737.0
2026-06-20 10:10:00,4.74e-06,4.74e-06,4.73e-06,4.74e-06,609181093.0
2026-06-20 10:15:00,4.74e-06,4.74e-06,4.73e-06,4.73e-06,41214895.0
2026-06-20 10:20:00,4.73e-06,4.73e-06,4.72e-06,4.73e-06,798388255.0
2026-06-20 10:25:00,4.73e-06,4.73e-06,4.72e-06,4.73e-06,820656581.0
2026-06-20 10:30:00,4.73e-06,4.73e-06,4.72e-06,4.73e-06,173416436.0
2026-06-20 10:35:00,4.73e-06,4.73e-06,4.71e-06,4.72e-06,1894584141.0
2026-06-20 10:40:00,4.72e-06,4.73e-06,4.71e-06,4.72e-06,269467714.0
2026-06-20 10:45:00,4.72e-06,4.73e-06,4.72e-06,4.73e-06,815471414.0
2026-06-20 10:50:00,4.73e-06,4.73e-06,4.72e-06,4.72e-06,260248934.0
2026-06-20 10:55:00,4.72e-06,4.73e-06,4.72e-06,4.72e-06,818313668.0
2026-06-20 11:00:00,4.72e-06,4.73e-06,4.72e-06,4.73e-06,94390526.0
2026-06-20 11:05:00,4.72e-06,4.72e-06,4.71e-06,4.71e-06,1695163775.0
2026-06-20 11:10:00,4.71e-06,4.72e-06,4.71e-06,4.71e-06,26328743.0
2026-06-20 11:15:00,4.71e-06,4.72e-06,4.71e-06,4.71e-06,91795251.0
2026-06-20 11:20:00,4.72e-06,4.72e-06,4.71e-06,4.71e-06,61087634.0
2026-06-20 11:25:00,4.72e-06,4.72e-06,4.71e-06,4.72e-06,737384885.0
2026-06-20 11:30:00,4.72e-06,4.72e-06,4.71e-06,4.72e-06,121176116.0
2026-06-20 11:35:00,4.71e-06,4.72e-06,4.71e-06,4.72e-06,58776517.0
2026-06-20 11:40:00,4.71e-06,4.72e-06,4.71e-06,4.71e-06,184679790.0
2026-06-20 11:45:00,4.71e-06,4.72e-06,4.71e-06,4.72e-06,167143298.0
2026-06-20 11:50:00,4.72e-06,4.72e-06,4.71e-06,4.72e-06,423526558.0
2026-06-20 11:55:00,4.72e-06,4.72e-06,4.72e-06,4.72e-06,36697851.0
2026-06-20 12:00:00,4.72e-06,4.72e-06,4.7e-06,4.72e-06,1262483651.0
2026-06-20 12:05:00,4.72e-06,4.72e-06,4.7e-06,4.72e-06,724958307.0
2026-06-20 12:10:00,4.72e-06,4.72e-06,4.71e-06,4.71e-06,165989356.0
2026-06-20 12:15:00,4.71e-06,4.72e-06,4.71e-06,4.71e-06,3191214947.0
2026-06-20 12:20:00,4.7e-06,4.71e-06,4.7e-06,4.7e-06,250425212.0
2026-06-20 12:25:00,4.71e-06,4.71e-06,4.7e-06,4.71e-06,1391565054.0
2026-06-20 12:30:00,4.7e-06,4.71e-06,4.7e-06,4.71e-06,55854458.0
2026-06-20 12:35:00,4.7e-06,4.71e-06,4.7e-06,4.71e-06,588748877.0
2026-06-20 12:40:00,4.7e-06,4.71e-06,4.7e-06,4.7e-06,419822639.0
2026-06-20 12:45:00,4.7e-06,4.71e-06,4.7e-06,4.71e-06,1141707114.0
2026-06-20 12:50:00,4.7e-06,4.71e-06,4.7e-06,4.7e-06,85183907.0
2026-06-20 12:55:00,4.7e-06,4.71e-06,4.7e-06,4.71e-06,754961928.0
2026-06-20 13:00:00,4.7e-06,4.7e-06,4.69e-06,4.7e-06,2607287704.0
2026-06-20 13:05:00,4.69e-06,4.71e-06,4.69e-06,4.7e-06,4555520247.0
2026-06-20 13:10:00,4.71e-06,4.71e-06,4.69e-06,4.7e-06,1189513703.0
2026-06-20 13:15:00,4.7e-06,4.71e-06,4.7e-06,4.7e-06,265734467.0
2026-06-20 13:20:00,4.7e-06,4.71e-06,4.68e-06,4.69e-06,6225874765.0
2026-06-20 13:25:00,4.68e-06,4.69e-06,4.67e-06,4.68e-06,3396067581.0
2026-06-20 13:30:00,4.68e-06,4.69e-06,4.68e-06,4.69e-06,536612779.0
2026-06-20 13:35:00,4.69e-06,4.7e-06,4.69e-06,4.7e-06,1035367600.0
2026-06-20 13:40:00,4.7e-06,4.7e-06,4.69e-06,4.7e-06,4311567765.0
2026-06-20 13:45:00,4.7e-06,4.7e-06,4.69e-06,4.69e-06,275737554.0
2026-06-20 13:50:00,4.7e-06,4.7e-06,4.69e-06,4.7e-06,513370758.0
2026-06-20 13:55:00,4.69e-06,4.7e-06,4.69e-06,4.7e-06,353511319.0
2026-06-20 14:00:00,4.69e-06,4.7e-06,4.67e-06,4.68e-06,6472397697.0
2026-06-20 14:05:00,4.68e-06,4.68e-06,4.66e-06,4.66e-06,3324964536.0
2026-06-20 14:10:00,4.66e-06,4.67e-06,4.66e-06,4.66e-06,2999833164.0
2026-06-20 14:15:00,4.67e-06,4.67e-06,4.66e-06,4.67e-06,140063239.0
2026-06-20 14:20:00,4.67e-06,4.68e-06,4.66e-06,4.67e-06,931413118.0
2026-06-20 14:25:00,4.67e-06,4.68e-06,4.67e-06,4.68e-06,187751050.0
2026-06-20 14:30:00,4.68e-06,4.68e-06,4.66e-06,4.67e-06,822160169.0
2026-06-20 14:35:00,4.67e-06,4.68e-06,4.67e-06,4.68e-06,73055746.0
2026-06-20 14:40:00,4.68e-06,4.68e-06,4.67e-06,4.68e-06,1292283305.0
2026-06-20 14:45:00,4.68e-06,4.73e-06,4.68e-06,4.71e-06,4543118084.0
2026-06-20 14:50:00,4.72e-06,4.72e-06,4.7e-06,4.7e-06,1753352418.0
2026-06-20 14:55:00,4.71e-06,4.71e-06,4.7e-06,4.71e-06,317852600.0
2026-06-20 15:00:00,4.71e-06,4.72e-06,4.69e-06,4.71e-06,2327121359.0
2026-06-20 15:05:00,4.71e-06,4.71e-06,4.69e-06,4.7e-06,415873193.0
2026-06-20 15:10:00,4.7e-06,4.7e-06,4.69e-06,4.7e-06,381495408.0
2026-06-20 15:15:00,4.7e-06,4.74e-06,4.7e-06,4.73e-06,8348814259.0
2026-06-20 15:20:00,4.73e-06,4.74e-06,4.72e-06,4.73e-06,3824425012.0
2026-06-20 15:25:00,4.72e-06,4.73e-06,4.72e-06,4.73e-06,439673924.0
2026-06-20 15:30:00,4.73e-06,4.74e-06,4.72e-06,4.72e-06,930177739.0
2026-06-20 15:35:00,4.72e-06,4.72e-06,4.71e-06,4.72e-06,377236581.0
2026-06-20 15:40:00,4.71e-06,4.72e-06,4.71e-06,4.72e-06,249693875.0
2026-06-20 15:45:00,4.71e-06,4.73e-06,4.71e-06,4.72e-06,1204773886.0
2026-06-20 15:50:00,4.72e-06,4.73e-06,4.71e-06,4.71e-06,963476595.0
2026-06-20 15:55:00,4.71e-06,4.72e-06,4.71e-06,4.72e-06,403831936.0
2026-06-20 16:00:00,4.73e-06,4.73e-06,4.71e-06,4.72e-06,693795490.0
2026-06-20 16:05:00,4.71e-06,4.73e-06,4.71e-06,4.73e-06,762464188.0
2026-06-20 16:10:00,4.72e-06,4.73e-06,4.71e-06,4.71e-06,1160107558.0
2026-06-20 16:15:00,4.72e-06,4.72e-06,4.71e-06,4.72e-06,124012820.0
2026-06-20 16:20:00,4.71e-06,4.72e-06,4.71e-06,4.71e-06,358325460.0
2026-06-20 16:25:00,4.72e-06,4.72e-06,4.71e-06,4.71e-06,430291213.0
2026-06-20 16:30:00,4.7e-06,4.71e-06,4.7e-06,4.71e-06,543657128.0
2026-06-20 16:35:00,4.71e-06,4.72e-06,4.7e-06,4.71e-06,1365163582.0
2026-06-20 16:40:00,4.71e-06,4.72e-06,4.71e-06,4.71e-06,570543715.0
2026-06-20 16:45:00,4.71e-06,4.72e-06,4.7e-06,4.71e-06,1413698510.0
2026-06-20 16:50:00,4.71e-06,4.72e-06,4.7e-06,4.71e-06,704272417.0
2026-06-20 16:55:00,4.72e-06,4.72e-06,4.71e-06,4.71e-06,420952310.0
2026-06-20 17:00:00,4.71e-06,4.71e-06,4.7e-06,4.7e-06,643621762.0
2026-06-20 17:05:00,4.7e-06,4.71e-06,4.7e-06,4.71e-06,44347526.0
2026-06-20 17:10:00,4.71e-06,4.72e-06,4.7e-06,4.71e-06,13199526393.0
2026-06-20 17:15:00,4.71e-06,4.72e-06,4.7e-06,4.71e-06,2457729171.0
2026-06-20 17:20:00,4.7e-06,4.71e-06,4.7e-06,4.71e-06,357910675.0
2026-06-20 17:25:00,4.7e-06,4.71e-06,4.7e-06,4.7e-06,284795153.0
2026-06-20 17:30:00,4.7e-06,4.71e-06,4.7e-06,4.7e-06,158553173.0
2026-06-20 17:35:00,4.71e-06,4.71e-06,4.67e-06,4.68e-06,4483011502.0
2026-06-20 17:40:00,4.69e-06,4.7e-06,4.68e-06,4.69e-06,707415635.0
2026-06-20 17:45:00,4.69e-06,4.7e-06,4.68e-06,4.69e-06,799298357.0
2026-06-20 17:50:00,4.69e-06,4.7e-06,4.68e-06,4.69e-06,739937850.0
2026-06-20 17:55:00,4.69e-06,4.7e-06,4.69e-06,4.69e-06,192156660.0
2026-06-20 18:00:00,4.69e-06,4.7e-06,4.69e-06,4.7e-06,3837930440.0
2026-06-20 18:05:00,4.7e-06,4.71e-06,4.69e-06,4.71e-06,2058071602.0
2026-06-20 18:10:00,4.71e-06,4.71e-06,4.7e-06,4.71e-06,24919925.0
2026-06-20 18:15:00,4.71e-06,4.72e-06,4.7e-06,4.71e-06,1837920080.0
2026-06-20 18:20:00,4.7e-06,4.71e-06,4.7e-06,4.71e-06,249388988.0
2026-06-20 18:25:00,4.71e-06,4.72e-06,4.7e-06,4.72e-06,1996164016.0
2026-06-20 18:30:00,4.72e-06,4.72e-06,4.71e-06,4.72e-06,156252043.0
2026-06-20 18:35:00,4.72e-06,4.72e-06,4.71e-06,4.71e-06,184697870.0
2026-06-20 18:40:00,4.71e-06,4.71e-06,4.7e-06,4.71e-06,791787668.0
2026-06-20 18:45:00,4.71e-06,4.72e-06,4.71e-06,4.71e-06,2094729884.0
2026-06-20 18:50:00,4.71e-06,4.71e-06,4.7e-06,4.71e-06,234939940.0
2026-06-20 18:55:00,4.71e-06,4.71e-06,4.7e-06,4.7e-06,84306452.0
2026-06-20 19:00:00,4.7e-06,4.71e-06,4.7e-06,4.7e-06,44781222.0
2026-06-20 19:05:00,4.71e-06,4.71e-06,4.7e-06,4.7e-06,31451346.0
2026-06-20 19:10:00,4.71e-06,4.71e-06,4.7e-06,4.7e-06,199285971.0
2026-06-20 19:15:00,4.71e-06,4.71e-06,4.7e-06,4.7e-06,41964198.0
2026-06-20 19:20:00,4.71e-06,4.71e-06,4.7e-06,4.7e-06,224456924.0
2026-06-20 19:25:00,4.7e-06,4.71e-06,4.7e-06,4.7e-06,192741520.0
2026-06-20 19:30:00,4.7e-06,4.7e-06,4.7e-06,4.7e-06,1392762.0
2026-06-20 19:35:00,4.7e-06,4.71e-06,4.7e-06,4.71e-06,2014710104.0
2026-06-20 19:40:00,4.72e-06,4.72e-06,4.71e-06,4.71e-06,1026945501.0
2026-06-20 19:45:00,4.71e-06,4.72e-06,4.71e-06,4.71e-06,1167233684.0
2026-06-20 19:50:00,4.71e-06,4.72e-06,4.71e-06,4.71e-06,184706492.0
2026-06-20 19:55:00,4.71e-06,4.72e-06,4.71e-06,4.72e-06,12368775.0
2026-06-20 20:00:00,4.72e-06,4.72e-06,4.71e-06,4.72e-06,215404910.0
2026-06-20 20:05:00,4.71e-06,4.72e-06,4.71e-06,4.72e-06,4058857807.0
2026-06-20 20:10:00,4.71e-06,4.72e-06,4.71e-06,4.72e-06,61725522.0
2026-06-20 20:15:00,4.72e-06,4.72e-06,4.71e-06,4.71e-06,49234569.0
2026-06-20 20:20:00,4.71e-06,4.72e-06,4.71e-06,4.71e-06,120519578.0
2026-06-20 20:25:00,4.71e-06,4.72e-06,4.7e-06,4.7e-06,542332094.0
2026-06-20 20:30:00,4.7e-06,4.71e-06,4.7e-06,4.71e-06,66684108.0
2026-06-20 20:35:00,4.71e-06,4.71e-06,4.7e-06,4.71e-06,418859362.0
2026-06-20 20:40:00,4.71e-06,4.71e-06,4.7e-06,4.71e-06,40778053.0
2026-06-20 20:45:00,4.71e-06,4.72e-06,4.71e-06,4.72e-06,399621119.0
2026-06-20 20:50:00,4.71e-06,4.72e-06,4.71e-06,4.71e-06,172221028.0
2026-06-20 20:55:00,4.72e-06,4.72e-06,4.71e-06,4.72e-06,94057142.0
2026-06-20 21:00:00,4.72e-06,4.72e-06,4.72e-06,4.72e-06,19043763.0
2026-06-20 21:05:00,4.72e-06,4.72e-06,4.71e-06,4.72e-06,122048677.0
2026-06-20 21:10:00,4.72e-06,4.73e-06,4.71e-06,4.73e-06,846014419.0
2026-06-20 21:15:00,4.73e-06,4.73e-06,4.72e-06,4.72e-06,57959161.0
2026-06-20 21:20:00,4.72e-06,4.73e-06,4.72e-06,4.73e-06,206247903.0
2026-06-20 21:25:00,4.72e-06,4.73e-06,4.71e-06,4.72e-06,1762196545.0
2026-06-20 21:30:00,4.72e-06,4.72e-06,4.71e-06,4.72e-06,246972234.0
2026-06-20 21:35:00,4.72e-06,4.72e-06,4.71e-06,4.72e-06,99735062.0
2026-06-20 21:40:00,4.72e-06,4.73e-06,4.72e-06,4.73e-06,5927775614.0
2026-06-20 21:45:00,4.73e-06,4.73e-06,4.72e-06,4.72e-06,83066803.0
2026-06-20 21:50:00,4.72e-06,4.73e-06,4.72e-06,4.72e-06,1158073759.0
2026-06-20 21:55:00,4.72e-06,4.73e-06,4.72e-06,4.73e-06,654244236.0
2026-06-20 22:00:00,4.74e-06,4.74e-06,4.73e-06,4.73e-06,326481508.0
2026-06-20 22:05:00,4.74e-06,4.74e-06,4.73e-06,4.73e-06,546121183.0
2026-06-20 22:10:00,4.74e-06,4.75e-06,4.73e-06,4.75e-06,4989760311.0
2026-06-20 22:15:00,4.75e-06,4.75e-06,4.74e-06,4.75e-06,5640843344.0
2026-06-20 22:20:00,4.75e-06,4.76e-06,4.74e-06,4.75e-06,1387034865.0
2026-06-20 22:25:00,4.75e-06,4.76e-06,4.74e-06,4.75e-06,4416461899.0
2026-06-20 22:30:00,4.75e-06,4.76e-06,4.75e-06,4.76e-06,1579197986.0
2026-06-20 22:35:00,4.75e-06,4.76e-06,4.74e-06,4.74e-06,668949606.0
2026-06-20 22:40:00,4.75e-06,4.75e-06,4.74e-06,4.74e-06,534749610.0
2026-06-20 22:45:00,4.74e-06,4.75e-06,4.74e-06,4.74e-06,281232566.0
2026-06-20 22:50:00,4.74e-06,4.76e-06,4.74e-06,4.75e-06,1946413091.0
2026-06-20 22:55:00,4.75e-06,4.76e-06,4.75e-06,4.75e-06,980192215.0
2026-06-20 23:00:00,4.75e-06,4.75e-06,4.74e-06,4.74e-06,62139871.0
2026-06-20 23:05:00,4.75e-06,4.75e-06,4.74e-06,4.75e-06,24544735.0
2026-06-20 23:10:00,4.75e-06,4.75e-06,4.74e-06,4.75e-06,60991687.0
2026-06-20 23:15:00,4.74e-06,4.75e-06,4.74e-06,4.74e-06,1039649768.0
2026-06-20 23:20:00,4.74e-06,4.75e-06,4.74e-06,4.75e-06,13665617.0
2026-06-20 23:25:00,4.75e-06,4.75e-06,4.74e-06,4.75e-06,485661633.0
2026-06-20 23:30:00,4.75e-06,4.75e-06,4.74e-06,4.75e-06,134949207.0
2026-06-20 23:35:00,4.75e-06,4.75e-06,4.75e-06,4.75e-06,1498922227.0
2026-06-20 23:40:00,4.76e-06,4.76e-06,4.75e-06,4.76e-06,278260852.0
2026-06-20 23:45:00,4.75e-06,4.75e-06,4.74e-06,4.75e-06,2717211771.0
2026-06-20 23:50:00,4.75e-06,4.75e-06,4.74e-06,4.74e-06,563716529.0
2026-06-20 23:55:00,4.74e-06,4.75e-06,4.74e-06,4.75e-06,267279650.0
2026-06-21 00:00:00,4.75e-06,4.75e-06,4.75e-06,4.75e-06,81510986.0
2026-06-21 00:05:00,4.74e-06,4.75e-06,4.74e-06,4.75e-06,695009498.0
2026-06-21 00:10:00,4.75e-06,4.75e-06,4.74e-06,4.74e-06,198522352.0
2026-06-21 00:15:00,4.74e-06,4.75e-06,4.74e-06,4.75e-06,56211810.0
2026-06-21 00:20:00,4.75e-06,4.75e-06,4.74e-06,4.74e-06,185726487.0
2026-06-21 00:25:00,4.74e-06,4.75e-06,4.74e-06,4.75e-06,532978003.0
2026-06-21 00:30:00,4.74e-06,4.75e-06,4.73e-06,4.74e-06,4136251641.0
2026-06-21 00:35:00,4.74e-06,4.75e-06,4.74e-06,4.74e-06,3671890944.0
2026-06-21 00:40:00,4.74e-06,4.74e-06,4.74e-06,4.74e-06,624028436.0
2026-06-21 00:45:00,4.74e-06,4.74e-06,4.73e-06,4.73e-06,132375536.0
2026-06-21 00:50:00,4.73e-06,4.74e-06,4.73e-06,4.73e-06,1113694828.0
2026-06-21 00:55:00,4.74e-06,4.74e-06,4.74e-06,4.74e-06,23076170.0
2026-06-21 01:00:00,4.73e-06,4.74e-06,4.73e-06,4.73e-06,57952906.0
2026-06-21 01:05:00,4.73e-06,4.74e-06,4.73e-06,4.73e-06,56821521.0
2026-06-21 01:10:00,4.73e-06,4.74e-06,4.73e-06,4.73e-06,322032390.0
2026-06-21 01:15:00,4.73e-06,4.74e-06,4.73e-06,4.73e-06,444357288.0
2026-06-21 01:20:00,4.73e-06,4.74e-06,4.73e-06,4.73e-06,122930919.0
2026-06-21 01:25:00,4.73e-06,4.74e-06,4.73e-06,4.73e-06,835603959.0
2026-06-21 01:30:00,4.74e-06,4.74e-06,4.72e-06,4.74e-06,740058322.0
2026-06-21 01:35:00,4.74e-06,4.74e-06,4.73e-06,4.74e-06,439145981.0
2026-06-21 01:40:00,4.73e-06,4.74e-06,4.73e-06,4.74e-06,130559865.0
2026-06-21 01:45:00,4.74e-06,4.74e-06,4.73e-06,4.73e-06,247727660.0
2026-06-21 01:50:00,4.73e-06,4.73e-06,4.73e-06,4.73e-06,87327841.0
2026-06-21 01:55:00,4.74e-06,4.74e-06,4.73e-06,4.74e-06,121423902.0
2026-06-21 02:00:00,4.73e-06,4.73e-06,4.72e-06,4.73e-06,2011279269.0
2026-06-21 02:05:00,4.73e-06,4.74e-06,4.73e-06,4.73e-06,299263504.0
2026-06-21 02:10:00,4.74e-06,4.74e-06,4.73e-06,4.74e-06,65722606.0
2026-06-21 02:15:00,4.73e-06,4.73e-06,4.72e-06,4.73e-06,1544094353.0
2026-06-21 02:20:00,4.72e-06,4.73e-06,4.72e-06,4.72e-06,120542224.0
2026-06-21 02:25:00,4.73e-06,4.73e-06,4.72e-06,4.72e-06,18611653.0
2026-06-21 02:30:00,4.72e-06,4.73e-06,4.72e-06,4.72e-06,15837616.0
2026-06-21 02:35:00,4.72e-06,4.73e-06,4.72e-06,4.73e-06,64187911.0
2026-06-21 02:40:00,4.73e-06,4.73e-06,4.72e-06,4.72e-06,232849047.0
2026-06-21 02:45:00,4.72e-06,4.73e-06,4.72e-06,4.72e-06,175728926.0
2026-06-21 02:50:00,4.72e-06,4.73e-06,4.72e-06,4.73e-06,117796047.0
2026-06-21 02:55:00,4.73e-06,4.73e-06,4.73e-06,4.73e-06,11125128.0
2026-06-21 03:00:00,4.72e-06,4.73e-06,4.71e-06,4.73e-06,2296444047.0
2026-06-21 03:05:00,4.73e-06,4.73e-06,4.72e-06,4.73e-06,86832380.0
2026-06-21 03:10:00,4.73e-06,4.74e-06,4.72e-06,4.74e-06,472807301.0
2026-06-21 03:15:00,4.73e-06,4.73e-06,4.72e-06,4.73e-06,607372503.0
2026-06-21 03:20:00,4.72e-06,4.74e-06,4.72e-06,4.73e-06,5568004092.0
2026-06-21 03:25:00,4.73e-06,4.74e-06,4.73e-06,4.73e-06,490605978.0
2026-06-21 03:30:00,4.73e-06,4.73e-06,4.72e-06,4.72e-06,80026932.0
2026-06-21 03:35:00,4.72e-06,4.73e-06,4.72e-06,4.72e-06,593029351.0
2026-06-21 03:40:00,4.73e-06,4.73e-06,4.72e-06,4.73e-06,247909405.0
2026-06-21 03:45:00,4.72e-06,4.73e-06,4.72e-06,4.73e-06,163330943.0
2026-06-21 03:50:00,4.73e-06,4.73e-06,4.72e-06,4.73e-06,87010185.0
2026-06-21 03:55:00,4.73e-06,4.73e-06,4.73e-06,4.73e-06,51259888.0
2026-06-21 04:00:00,4.73e-06,4.73e-06,4.72e-06,4.72e-06,82209393.0
2026-06-21 04:05:00,4.72e-06,4.73e-06,4.72e-06,4.73e-06,1102817089.0
2026-06-21 04:10:00,4.73e-06,4.73e-06,4.72e-06,4.73e-06,34604514.0
2026-06-21 04:15:00,4.73e-06,4.73e-06,4.72e-06,4.73e-06,70811171.0
2026-06-21 04:20:00,4.72e-06,4.73e-06,4.72e-06,4.73e-06,313193743.0
2026-06-21 04:25:00,4.72e-06,4.73e-06,4.72e-06,4.73e-06,39587580.0
2026-06-21 04:30:00,4.73e-06,4.73e-06,4.72e-06,4.73e-06,72483595.0
2026-06-21 04:35:00,4.73e-06,4.74e-06,4.72e-06,4.73e-06,4668971036.0
2026-06-21 04:40:00,4.73e-06,4.74e-06,4.73e-06,4.73e-06,504633276.0
2026-06-21 04:45:00,4.72e-06,4.73e-06,4.72e-06,4.73e-06,23192725.0
2026-06-21 04:50:00,4.73e-06,4.73e-06,4.71e-06,4.71e-06,196989917.0
2026-06-21 04:55:00,4.72e-06,4.72e-06,4.71e-06,4.71e-06,694079229.0
2026-06-21 05:00:00,4.72e-06,4.72e-06,4.7e-06,4.7e-06,854606244.0
2026-06-21 05:05:00,4.7e-06,4.71e-06,4.7e-06,4.71e-06,77181853.0
2026-06-21 05:10:00,4.71e-06,4.72e-06,4.7e-06,4.7e-06,1313124466.0
2026-06-21 05:15:00,4.7e-06,4.71e-06,4.7e-06,4.7e-06,155364809.0
2026-06-21 05:20:00,4.71e-06,4.72e-06,4.7e-06,4.71e-06,2022618393.0
2026-06-21 05:25:00,4.7e-06,4.71e-06,4.7e-06,4.71e-06,165264604.0
2026-06-21 05:30:00,4.71e-06,4.71e-06,4.7e-06,4.71e-06,15184334.0
2026-06-21 05:35:00,4.7e-06,4.71e-06,4.7e-06,4.71e-06,42541386.0
2026-06-21 05:40:00,4.71e-06,4.71e-06,4.7e-06,4.71e-06,54216267.0
2026-06-21 05:45:00,4.7e-06,4.71e-06,4.7e-06,4.7e-06,2882802721.0
2026-06-21 05:50:00,4.7e-06,4.7e-06,4.69e-06,4.69e-06,1838264972.0
2026-06-21 05:55:00,4.7e-06,4.7e-06,4.69e-06,4.7e-06,149643499.0
2026-06-21 06:00:00,4.7e-06,4.7e-06,4.69e-06,4.7e-06,154767966.0
2026-06-21 06:05:00,4.7e-06,4.71e-06,4.69e-06,4.7e-06,719272587.0
2026-06-21 06:10:00,4.71e-06,4.71e-06,4.7e-06,4.7e-06,174138660.0
2026-06-21 06:15:00,4.7e-06,4.71e-06,4.7e-06,4.71e-06,85725191.0
2026-06-21 06:20:00,4.7e-06,4.7e-06,4.7e-06,4.7e-06,312877765.0
2026-06-21 06:25:00,4.71e-06,4.71e-06,4.69e-06,4.69e-06,321247371.0
2026-06-21 06:30:00,4.69e-06,4.7e-06,4.69e-06,4.7e-06,144959687.0
2026-06-21 06:35:00,4.69e-06,4.71e-06,4.69e-06,4.7e-06,1429086864.0
2026-06-21 06:40:00,4.71e-06,4.71e-06,4.7e-06,4.71e-06,115022287.0
2026-06-21 06:45:00,4.7e-06,4.71e-06,4.7e-06,4.7e-06,53480565.0
2026-06-21 06:50:00,4.7e-06,4.71e-06,4.7e-06,4.71e-06,93447734.0
2026-06-21 06:55:00,4.7e-06,4.71e-06,4.7e-06,4.7e-06,88266716.0
2026-06-21 07:00:00,4.7e-06,4.71e-06,4.7e-06,4.7e-06,472092266.0
2026-06-21 07:05:00,4.71e-06,4.71e-06,4.7e-06,4.7e-06,105401248.0
2026-06-21 07:10:00,4.71e-06,4.71e-06,4.7e-06,4.7e-06,72172046.0
2026-06-21 07:15:00,4.7e-06,4.71e-06,4.69e-06,4.7e-06,4086750517.0
2026-06-21 07:20:00,4.7e-06,4.71e-06,4.69e-06,4.69e-06,3264283854.0
2026-06-21 07:25:00,4.69e-06,4.7e-06,4.69e-06,4.7e-06,2420654726.0
2026-06-21 07:30:00,4.7e-06,4.72e-06,4.7e-06,4.7e-06,2507539053.0
2026-06-21 07:35:00,4.71e-06,4.71e-06,4.7e-06,4.7e-06,182819820.0
2026-06-21 07:40:00,4.7e-06,4.71e-06,4.7e-06,4.7e-06,140532280.0
2026-06-21 07:45:00,4.7e-06,4.71e-06,4.7e-06,4.7e-06,328744503.0
2026-06-21 07:50:00,4.7e-06,4.71e-06,4.7e-06,4.7e-06,535327257.0
2026-06-21 07:55:00,4.7e-06,4.71e-06,4.7e-06,4.71e-06,153445823.0
2026-06-21 08:00:00,4.71e-06,4.71e-06,4.7e-06,4.7e-06,788008690.0
2026-06-21 08:05:00,4.7e-06,4.71e-06,4.7e-06,4.7e-06,147075166.0
2026-06-21 08:10:00,4.7e-06,4.71e-06,4.7e-06,4.71e-06,112432747.0
2026-06-21 08:15:00,4.71e-06,4.71e-06,4.69e-06,4.69e-06,6036771252.0
2026-06-21 08:20:00,4.69e-06,4.7e-06,4.69e-06,4.7e-06,101920609.0
2026-06-21 08:25:00,4.69e-06,4.7e-06,4.69e-06,4.69e-06,369247753.0
2026-06-21 08:30:00,4.7e-06,4.7e-06,4.69e-06,4.7e-06,80373284.0
2026-06-21 08:35:00,4.69e-06,4.69e-06,4.68e-06,4.69e-06,3066518747.0
2026-06-21 08:40:00,4.68e-06,4.69e-06,4.68e-06,4.69e-06,718414910.0
2026-06-21 08:45:00,4.69e-06,4.69e-06,4.68e-06,4.68e-06,292110855.0
2026-06-21 08:50:00,4.69e-06,4.69e-06,4.67e-06,4.67e-06,5166591753.0
2026-06-21 08:55:00,4.68e-06,4.68e-06,4.67e-06,4.68e-06,3241770012.0
2026-06-21 09:00:00,4.69e-06,4.69e-06,4.67e-06,4.67e-06,847924832.0
2026-06-21 09:05:00,4.68e-06,4.68e-06,4.67e-06,4.67e-06,670768475.0
2026-06-21 09:10:00,4.67e-06,4.68e-06,4.67e-06,4.67e-06,940311719.0
2026-06-21 09:15:00,4.68e-06,4.69e-06,4.68e-06,4.68e-06,1907657162.0
2026-06-21 09:20:00,4.69e-06,4.7e-06,4.68e-06,4.69e-06,6995679684.0
2026-06-21 09:25:00,4.69e-06,4.7e-06,4.68e-06,4.69e-06,542385633.0
2026-06-21 09:30:00,4.69e-06,4.7e-06,4.69e-06,4.7e-06,389675661.0
2026-06-21 09:35:00,4.7e-06,4.7e-06,4.69e-06,4.7e-06,472426924.0
2026-06-21 09:40:00,4.7e-06,4.71e-06,4.69e-06,4.7e-06,522279755.0
2026-06-21 09:45:00,4.7e-06,4.71e-06,4.7e-06,4.7e-06,1278129761.0
2026-06-21 09:50:00,4.71e-06,4.71e-06,4.7e-06,4.71e-06,143565204.0
2026-06-21 09:55:00,4.71e-06,4.71e-06,4.7e-06,4.71e-06,128656112.0
2026-06-21 10:00:00,4.71e-06,4.71e-06,4.7e-06,4.71e-06,111366734.0
2026-06-21 10:05:00,4.71e-06,4.71e-06,4.7e-06,4.71e-06,193353250.0
2026-06-21 10:10:00,4.7e-06,4.71e-06,4.7e-06,4.71e-06,134966560.0
2026-06-21 10:15:00,4.7e-06,4.71e-06,4.7e-06,4.71e-06,291883056.0
2026-06-21 10:20:00,4.71e-06,4.72e-06,4.7e-06,4.72e-06,2008890967.0
2026-06-21 10:25:00,4.72e-06,4.72e-06,4.71e-06,4.72e-06,188621332.0
2026-06-21 10:30:00,4.72e-06,4.72e-06,4.7e-06,4.7e-06,1597552335.0
2026-06-21 10:35:00,4.7e-06,4.71e-06,4.7e-06,4.71e-06,118124375.0
2026-06-21 10:40:00,4.7e-06,4.71e-06,4.7e-06,4.7e-06,129757321.0
2026-06-21 10:45:00,4.7e-06,4.71e-06,4.69e-06,4.7e-06,15092402678.0
2026-06-21 10:50:00,4.7e-06,4.71e-06,4.7e-06,4.7e-06,1776973583.0
2026-06-21 10:55:00,4.7e-06,4.7e-06,4.69e-06,4.69e-06,752937985.0
2026-06-21 11:00:00,4.69e-06,4.7e-06,4.69e-06,4.69e-06,474924540.0
2026-06-21 11:05:00,4.7e-06,4.7e-06,4.68e-06,4.68e-06,2047424893.0
2026-06-21 11:10:00,4.69e-06,4.7e-06,4.68e-06,4.69e-06,1161530931.0
2026-06-21 11:15:00,4.69e-06,4.69e-06,4.66e-06,4.68e-06,1467435533.0
2026-06-21 11:20:00,4.68e-06,4.69e-06,4.68e-06,4.69e-06,1836099349.0
2026-06-21 11:25:00,4.69e-06,4.69e-06,4.68e-06,4.69e-06,2782845116.0
2026-06-21 11:30:00,4.69e-06,4.69e-06,4.68e-06,4.69e-06,1511523960.0
2026-06-21 11:35:00,4.69e-06,4.69e-06,4.68e-06,4.68e-06,77068106.0
2026-06-21 11:40:00,4.68e-06,4.69e-06,4.68e-06,4.69e-06,126863745.0
2026-06-21 11:45:00,4.69e-06,4.69e-06,4.68e-06,4.69e-06,232911746.0
2026-06-21 11:50:00,4.69e-06,4.69e-06,4.68e-06,4.69e-06,241142223.0
2026-06-21 11:55:00,4.68e-06,4.69e-06,4.68e-06,4.68e-06,190990329.0
2026-06-21 12:00:00,4.69e-06,4.69e-06,4.68e-06,4.69e-06,991220556.0
2026-06-21 12:05:00,4.69e-06,4.69e-06,4.68e-06,4.69e-06,652784038.0
2026-06-21 12:10:00,4.69e-06,4.69e-06,4.67e-06,4.68e-06,437065565.0
2026-06-21 12:15:00,4.68e-06,4.68e-06,4.67e-06,4.68e-06,136982723.0
2026-06-21 12:20:00,4.68e-06,4.68e-06,4.67e-06,4.67e-06,366383778.0
2026-06-21 12:25:00,4.68e-06,4.69e-06,4.67e-06,4.68e-06,427313913.0
2026-06-21 12:30:00,4.69e-06,4.69e-06,4.67e-06,4.69e-06,469909192.0
2026-06-21 12:35:00,4.68e-06,4.69e-06,4.68e-06,4.69e-06,495121991.0
2026-06-21 12:40:00,4.69e-06,4.69e-06,4.68e-06,4.68e-06,3599308836.0
2026-06-21 12:45:00,4.68e-06,4.69e-06,4.68e-06,4.68e-06,1947287129.0
2026-06-21 12:50:00,4.68e-06,4.7e-06,4.68e-06,4.69e-06,392159678.0
2026-06-21 12:55:00,4.69e-06,4.71e-06,4.69e-06,4.69e-06,2298541128.0
2026-06-21 13:00:00,4.69e-06,4.7e-06,4.69e-06,4.7e-06,311924469.0
2026-06-21 13:05:00,4.7e-06,4.7e-06,4.69e-06,4.69e-06,179770018.0
2026-06-21 13:10:00,4.7e-06,4.7e-06,4.69e-06,4.7e-06,284075675.0
2026-06-21 13:15:00,4.7e-06,4.71e-06,4.7e-06,4.7e-06,669368450.0
2026-06-21 13:20:00,4.71e-06,4.71e-06,4.7e-06,4.71e-06,433971306.0
2026-06-21 13:25:00,4.7e-06,4.71e-06,4.69e-06,4.7e-06,889247216.0
2026-06-21 13:30:00,4.7e-06,4.71e-06,4.69e-06,4.69e-06,2012159802.0
2026-06-21 13:35:00,4.7e-06,4.71e-06,4.69e-06,4.7e-06,915226327.0
2026-06-21 13:40:00,4.7e-06,4.71e-06,4.7e-06,4.7e-06,64465677.0
2026-06-21 13:45:00,4.71e-06,4.71e-06,4.7e-06,4.7e-06,521767390.0
2026-06-21 13:50:00,4.7e-06,4.71e-06,4.7e-06,4.7e-06,77180725.0
2026-06-21 13:55:00,4.7e-06,4.71e-06,4.7e-06,4.7e-06,57126258.0
2026-06-21 14:00:00,4.7e-06,4.71e-06,4.7e-06,4.71e-06,439516622.0
2026-06-21 14:05:00,4.71e-06,4.71e-06,4.7e-06,4.71e-06,99254601.0
2026-06-21 14:10:00,4.7e-06,4.71e-06,4.7e-06,4.71e-06,13553068.0
2026-06-21 14:15:00,4.7e-06,4.7e-06,4.69e-06,4.69e-06,690630200.0
2026-06-21 14:20:00,4.7e-06,4.71e-06,4.69e-06,4.71e-06,805013807.0
2026-06-21 14:25:00,4.71e-06,4.71e-06,4.69e-06,4.7e-06,1207379337.0
2026-06-21 14:30:00,4.7e-06,4.7e-06,4.69e-06,4.69e-06,181114725.0
2026-06-21 14:35:00,4.7e-06,4.71e-06,4.69e-06,4.7e-06,700835739.0
2026-06-21 14:40:00,4.71e-06,4.71e-06,4.7e-06,4.71e-06,112273910.0
2026-06-21 14:45:00,4.71e-06,4.71e-06,4.7e-06,4.7e-06,68379644.0
2026-06-21 14:50:00,4.71e-06,4.71e-06,4.7e-06,4.7e-06,149009848.0
2026-06-21 14:55:00,4.7e-06,4.71e-06,4.7e-06,4.7e-06,336150376.0
2026-06-21 15:00:00,4.7e-06,4.71e-06,4.7e-06,4.71e-06,396162940.0
2026-06-21 15:05:00,4.71e-06,4.71e-06,4.7e-06,4.7e-06,254433411.0
2026-06-21 15:10:00,4.71e-06,4.71e-06,4.7e-06,4.7e-06,512123519.0
2026-06-21 15:15:00,4.71e-06,4.71e-06,4.7e-06,4.71e-06,79745699.0
2026-06-21 15:20:00,4.71e-06,4.71e-06,4.7e-06,4.71e-06,2740871234.0
2026-06-21 15:25:00,4.71e-06,4.71e-06,4.7e-06,4.7e-06,651463923.0
2026-06-21 15:30:00,4.71e-06,4.71e-06,4.7e-06,4.71e-06,120586126.0
2026-06-21 15:35:00,4.7e-06,4.71e-06,4.7e-06,4.7e-06,162205006.0
2026-06-21 15:40:00,4.71e-06,4.71e-06,4.7e-06,4.7e-06,1531037164.0
2026-06-21 15:45:00,4.7e-06,4.71e-06,4.7e-06,4.71e-06,248187564.0
2026-06-21 15:50:00,4.71e-06,4.71e-06,4.7e-06,4.7e-06,395203067.0
2026-06-21 15:55:00,4.7e-06,4.71e-06,4.7e-06,4.71e-06,124574233.0
2026-06-21 16:00:00,4.71e-06,4.71e-06,4.7e-06,4.71e-06,67915731.0
2026-06-21 16:05:00,4.71e-06,4.71e-06,4.7e-06,4.71e-06,47223087.0
2026-06-21 16:10:00,4.7e-06,4.71e-06,4.69e-06,4.7e-06,1557905392.0
2026-06-21 16:15:00,4.71e-06,4.71e-06,4.69e-06,4.71e-06,688074417.0
2026-06-21 16:20:00,4.7e-06,4.71e-06,4.69e-06,4.7e-06,396809631.0
2026-06-21 16:25:00,4.7e-06,4.71e-06,4.69e-06,4.69e-06,763168096.0
2026-06-21 16:30:00,4.69e-06,4.7e-06,4.68e-06,4.68e-06,589504729.0
2026-06-21 16:35:00,4.68e-06,4.69e-06,4.68e-06,4.68e-06,339092344.0
2026-06-21 16:40:00,4.69e-06,4.7e-06,4.68e-06,4.69e-06,523291938.0
2026-06-21 16:45:00,4.69e-06,4.7e-06,4.69e-06,4.69e-06,432348927.0
2026-06-21 16:50:00,4.69e-06,4.7e-06,4.69e-06,4.7e-06,122714125.0
2026-06-21 16:55:00,4.7e-06,4.7e-06,4.69e-06,4.7e-06,437842483.0
2026-06-21 17:00:00,4.69e-06,4.7e-06,4.69e-06,4.7e-06,399963643.0
2026-06-21 17:05:00,4.7e-06,4.71e-06,4.7e-06,4.7e-06,2014530165.0
2026-06-21 17:10:00,4.7e-06,4.71e-06,4.7e-06,4.7e-06,89781584.0
2026-06-21 17:15:00,4.71e-06,4.71e-06,4.69e-06,4.7e-06,207068194.0
2026-06-21 17:20:00,4.7e-06,4.7e-06,4.69e-06,4.7e-06,61503880.0
2026-06-21 17:25:00,4.7e-06,4.7e-06,4.69e-06,4.7e-06,210346392.0
2026-06-21 17:30:00,4.7e-06,4.7e-06,4.69e-06,4.7e-06,183481637.0
2026-06-21 17:35:00,4.7e-06,4.7e-06,4.68e-06,4.69e-06,1607525729.0
2026-06-21 17:40:00,4.68e-06,4.69e-06,4.68e-06,4.69e-06,363115685.0
2026-06-21 17:45:00,4.68e-06,4.69e-06,4.68e-06,4.69e-06,62207298.0
2026-06-21 17:50:00,4.68e-06,4.69e-06,4.68e-06,4.69e-06,336549030.0
2026-06-21 17:55:00,4.69e-06,4.69e-06,4.68e-06,4.68e-06,308311142.0
2026-06-21 18:00:00,4.69e-06,4.69e-06,4.67e-06,4.67e-06,950534317.0
2026-06-21 18:05:00,4.68e-06,4.68e-06,4.67e-06,4.67e-06,99379341.0
2026-06-21 18:10:00,4.68e-06,4.68e-06,4.67e-06,4.68e-06,1381033567.0
2026-06-21 18:15:00,4.68e-06,4.69e-06,4.68e-06,4.68e-06,298097487.0
2026-06-21 18:20:00,4.69e-06,4.69e-06,4.68e-06,4.68e-06,949282109.0
2026-06-21 18:25:00,4.69e-06,4.69e-06,4.68e-06,4.69e-06,267641448.0
2026-06-21 18:30:00,4.69e-06,4.7e-06,4.68e-06,4.7e-06,537779882.0
2026-06-21 18:35:00,4.7e-06,4.7e-06,4.69e-06,4.69e-06,14653021.0
2026-06-21 18:40:00,4.7e-06,4.7e-06,4.69e-06,4.7e-06,33767967.0
2026-06-21 18:45:00,4.7e-06,4.7e-06,4.69e-06,4.7e-06,395046815.0
2026-06-21 18:50:00,4.69e-06,4.7e-06,4.69e-06,4.7e-06,317561458.0
2026-06-21 18:55:00,4.7e-06,4.7e-06,4.7e-06,4.7e-06,168996921.0
2026-06-21 19:00:00,4.69e-06,4.7e-06,4.69e-06,4.7e-06,3825150580.0
2026-06-21 19:05:00,4.7e-06,4.7e-06,4.69e-06,4.7e-06,3255991752.0
2026-06-21 19:10:00,4.69e-06,4.7e-06,4.69e-06,4.7e-06,317697612.0
2026-06-21 19:15:00,4.7e-06,4.7e-06,4.69e-06,4.7e-06,129720427.0
2026-06-21 19:20:00,4.7e-06,4.7e-06,4.69e-06,4.69e-06,176148386.0
2026-06-21 19:25:00,4.69e-06,4.7e-06,4.69e-06,4.69e-06,90291755.0
2026-06-21 19:30:00,4.7e-06,4.7e-06,4.69e-06,4.69e-06,104720508.0
2026-06-21 19:35:00,4.69e-06,4.7e-06,4.69e-06,4.7e-06,135727553.0
2026-06-21 19:40:00,4.69e-06,4.69e-06,4.69e-06,4.69e-06,611665857.0
2026-06-21 19:45:00,4.7e-06,4.7e-06,4.69e-06,4.7e-06,397067225.0
2026-06-21 19:50:00,4.7e-06,4.7e-06,4.69e-06,4.7e-06,40880674.0
2026-06-21 19:55:00,4.7e-06,4.7e-06,4.69e-06,4.69e-06,121266694.0
2026-06-21 20:00:00,4.7e-06,4.7e-06,4.68e-06,4.69e-06,130772458.0
2026-06-21 20:05:00,4.69e-06,4.7e-06,4.68e-06,4.7e-06,560738646.0
2026-06-21 20:10:00,4.7e-06,4.7e-06,4.69e-06,4.7e-06,1261474004.0
2026-06-21 20:15:00,4.69e-06,4.7e-06,4.69e-06,4.7e-06,38062014.0
2026-06-21 20:20:00,4.7e-06,4.7e-06,4.69e-06,4.69e-06,259357027.0
2026-06-21 20:25:00,4.69e-06,4.7e-06,4.69e-06,4.69e-06,29512691.0
2026-06-21 20:30:00,4.7e-06,4.7e-06,4.69e-06,4.69e-06,408707437.0
2026-06-21 20:35:00,4.69e-06,4.7e-06,4.69e-06,4.69e-06,55747215.0
2026-06-21 20:40:00,4.69e-06,4.69e-06,4.68e-06,4.68e-06,1299820182.0
2026-06-21 20:45:00,4.68e-06,4.69e-06,4.67e-06,4.67e-06,364677189.0
2026-06-21 20:50:00,4.68e-06,4.68e-06,4.67e-06,4.68e-06,543452959.0
2026-06-21 20:55:00,4.67e-06,4.69e-06,4.67e-06,4.68e-06,1196633070.0
2026-06-21 21:00:00,4.67e-06,4.68e-06,4.67e-06,4.68e-06,72702542.0
2026-06-21 21:05:00,4.68e-06,4.68e-06,4.64e-06,4.65e-06,9104540452.0
2026-06-21 21:10:00,4.64e-06,4.66e-06,4.64e-06,4.66e-06,5478112976.0
2026-06-21 21:15:00,4.66e-06,4.66e-06,4.64e-06,4.65e-06,659851324.0
2026-06-21 21:20:00,4.65e-06,4.67e-06,4.65e-06,4.66e-06,3288999662.0
2026-06-21 21:25:00,4.65e-06,4.66e-06,4.65e-06,4.66e-06,115105707.0
2026-06-21 21:30:00,4.66e-06,4.66e-06,4.65e-06,4.66e-06,181068608.0
2026-06-21 21:35:00,4.66e-06,4.68e-06,4.65e-06,4.68e-06,756898099.0
2026-06-21 21:40:00,4.67e-06,4.68e-06,4.67e-06,4.68e-06,787021524.0
2026-06-21 21:45:00,4.68e-06,4.68e-06,4.67e-06,4.67e-06,82440534.0
2026-06-21 21:50:00,4.68e-06,4.68e-06,4.67e-06,4.68e-06,314238884.0
2026-06-21 21:55:00,4.67e-06,4.67e-06,4.66e-06,4.67e-06,2200807397.0
2026-06-21 22:00:00,4.67e-06,4.68e-06,4.66e-06,4.68e-06,802493411.0
2026-06-21 22:05:00,4.68e-06,4.68e-06,4.66e-06,4.66e-06,1085324049.0
2026-06-21 22:10:00,4.67e-06,4.67e-06,4.66e-06,4.66e-06,2293152077.0
2026-06-21 22:15:00,4.66e-06,4.67e-06,4.66e-06,4.66e-06,260053027.0
2026-06-21 22:20:00,4.67e-06,4.67e-06,4.66e-06,4.66e-06,456114019.0
2026-06-21 22:25:00,4.67e-06,4.67e-06,4.66e-06,4.66e-06,60709674.0
2026-06-21 22:30:00,4.66e-06,4.66e-06,4.65e-06,4.65e-06,1760100348.0
2026-06-21 22:35:00,4.66e-06,4.66e-06,4.65e-06,4.65e-06,79802552.0
2026-06-21 22:40:00,4.65e-06,4.66e-06,4.65e-06,4.65e-06,484716950.0
2026-06-21 22:45:00,4.66e-06,4.66e-06,4.65e-06,4.66e-06,74738758.0
2026-06-21 22:50:00,4.66e-06,4.66e-06,4.65e-06,4.66e-06,402254177.0
2026-06-21 22:55:00,4.67e-06,4.67e-06,4.66e-06,4.67e-06,46990181.0
2026-06-21 23:00:00,4.67e-06,4.67e-06,4.65e-06,4.66e-06,1499803563.0
2026-06-21 23:05:00,4.66e-06,4.66e-06,4.65e-06,4.66e-06,895387315.0
2026-06-21 23:10:00,4.66e-06,4.66e-06,4.65e-06,4.66e-06,111549065.0
2026-06-21 23:15:00,4.66e-06,4.66e-06,4.65e-06,4.66e-06,432614728.0
2026-06-21 23:20:00,4.66e-06,4.66e-06,4.65e-06,4.66e-06,684501771.0
2026-06-21 23:25:00,4.66e-06,4.67e-06,4.65e-06,4.66e-06,1862388636.0
2026-06-21 23:30:00,4.65e-06,4.66e-06,4.64e-06,4.64e-06,997840965.0
2026-06-21 23:35:00,4.64e-06,4.65e-06,4.63e-06,4.64e-06,3260390612.0
2026-06-21 23:40:00,4.63e-06,4.64e-06,4.63e-06,4.64e-06,1266694779.0
2026-06-21 23:45:00,4.64e-06,4.65e-06,4.64e-06,4.64e-06,705866480.0
2026-06-21 23:50:00,4.64e-06,4.65e-06,4.64e-06,4.64e-06,299089588.0
2026-06-21 23:55:00,4.64e-06,4.65e-06,4.64e-06,4.65e-06,1076888720.0
2026-06-22 00:00:00,4.65e-06,4.66e-06,4.64e-06,4.66e-06,3158903999.0
2026-06-22 00:05:00,4.65e-06,4.67e-06,4.65e-06,4.65e-06,1574643414.0
2026-06-22 00:10:00,4.66e-06,4.66e-06,4.65e-06,4.65e-06,1363927492.0
2026-06-22 00:15:00,4.65e-06,4.67e-06,4.65e-06,4.66e-06,2095466102.0
2026-06-22 00:20:00,4.66e-06,4.66e-06,4.65e-06,4.66e-06,139118546.0
2026-06-22 00:25:00,4.66e-06,4.67e-06,4.66e-06,4.66e-06,2511283501.0
2026-06-22 00:30:00,4.66e-06,4.67e-06,4.66e-06,4.67e-06,1647306972.0
2026-06-22 00:35:00,4.66e-06,4.69e-06,4.66e-06,4.68e-06,1374827613.0
2026-06-22 00:40:00,4.68e-06,4.68e-06,4.67e-06,4.68e-06,1007614545.0
2026-06-22 00:45:00,4.67e-06,4.69e-06,4.67e-06,4.67e-06,1498663064.0
2026-06-22 00:50:00,4.68e-06,4.68e-06,4.66e-06,4.67e-06,214798509.0
2026-06-22 00:55:00,4.68e-06,4.69e-06,4.67e-06,4.69e-06,253489062.0
2026-06-22 01:00:00,4.69e-06,4.69e-06,4.68e-06,4.69e-06,724742060.0
2026-06-22 01:05:00,4.68e-06,4.68e-06,4.67e-06,4.67e-06,2441487154.0
2026-06-22 01:10:00,4.68e-06,4.68e-06,4.67e-06,4.68e-06,9921843.0
2026-06-22 01:15:00,4.68e-06,4.69e-06,4.68e-06,4.69e-06,109892606.0
2026-06-22 01:20:00,4.68e-06,4.7e-06,4.68e-06,4.7e-06,3825156266.0
2026-06-22 01:25:00,4.7e-06,4.73e-06,4.7e-06,4.72e-06,6023388641.0
2026-06-22 01:30:00,4.72e-06,4.72e-06,4.7e-06,4.7e-06,2458772493.0
2026-06-22 01:35:00,4.7e-06,4.71e-06,4.69e-06,4.7e-06,1127392255.0
2026-06-22 01:40:00,4.7e-06,4.71e-06,4.7e-06,4.7e-06,599824674.0
2026-06-22 01:45:00,4.7e-06,4.7e-06,4.69e-06,4.7e-06,974015445.0
2026-06-22 01:50:00,4.71e-06,4.71e-06,4.7e-06,4.7e-06,374312371.0
2026-06-22 01:55:00,4.71e-06,4.71e-06,4.7e-06,4.71e-06,130369897.0
2026-06-22 02:00:00,4.71e-06,4.72e-06,4.7e-06,4.7e-06,1039745955.0
2026-06-22 02:05:00,4.71e-06,4.71e-06,4.7e-06,4.71e-06,1769647233.0
2026-06-22 02:10:00,4.71e-06,4.71e-06,4.7e-06,4.7e-06,1586352359.0
2026-06-22 02:15:00,4.7e-06,4.72e-06,4.7e-06,4.71e-06,3369053409.0
2026-06-22 02:20:00,4.71e-06,4.71e-06,4.7e-06,4.7e-06,297398119.0
2026-06-22 02:25:00,4.7e-06,4.71e-06,4.7e-06,4.7e-06,375919005.0
2026-06-22 02:30:00,4.7e-06,4.71e-06,4.7e-06,4.71e-06,430394035.0
2026-06-22 02:35:00,4.7e-06,4.7e-06,4.69e-06,4.7e-06,616662556.0
2026-06-22 02:40:00,4.7e-06,4.71e-06,4.7e-06,4.7e-06,1458581554.0
2026-06-22 02:45:00,4.69e-06,4.7e-06,4.69e-06,4.69e-06,854785627.0
2026-06-22 02:50:00,4.69e-06,4.69e-06,4.68e-06,4.69e-06,406491945.0
2026-06-22 02:55:00,4.69e-06,4.69e-06,4.68e-06,4.68e-06,839353239.0
2026-06-22 03:00:00,4.69e-06,4.69e-06,4.67e-06,4.69e-06,7986557298.0
2026-06-22 03:05:00,4.68e-06,4.68e-06,4.67e-06,4.67e-06,4231187385.0
2026-06-22 03:10:00,4.68e-06,4.68e-06,4.67e-06,4.68e-06,8070869.0
2026-06-22 03:15:00,4.67e-06,4.69e-06,4.67e-06,4.69e-06,1533251945.0
2026-06-22 03:20:00,4.68e-06,4.69e-06,4.68e-06,4.68e-06,142339709.0
2026-06-22 03:25:00,4.69e-06,4.69e-06,4.67e-06,4.68e-06,883391729.0
2026-06-22 03:30:00,4.69e-06,4.69e-06,4.68e-06,4.68e-06,114274232.0
2026-06-22 03:35:00,4.68e-06,4.69e-06,4.67e-06,4.68e-06,1528346071.0
2026-06-22 03:40:00,4.68e-06,4.68e-06,4.67e-06,4.67e-06,351767774.0
2026-06-22 03:45:00,4.67e-06,4.67e-06,4.66e-06,4.67e-06,875112922.0
2026-06-22 03:50:00,4.67e-06,4.67e-06,4.66e-06,4.67e-06,2691821626.0
2026-06-22 03:55:00,4.67e-06,4.67e-06,4.65e-06,4.65e-06,11757266304.0
2026-06-22 04:00:00,4.66e-06,4.67e-06,4.64e-06,4.66e-06,5495081191.0
2026-06-22 04:05:00,4.66e-06,4.67e-06,4.66e-06,4.67e-06,686999969.0
2026-06-22 04:10:00,4.67e-06,4.68e-06,4.67e-06,4.68e-06,202116612.0
2026-06-22 04:15:00,4.68e-06,4.68e-06,4.67e-06,4.67e-06,202865956.0
2026-06-22 04:20:00,4.68e-06,4.68e-06,4.67e-06,4.68e-06,378924704.0
2026-06-22 04:25:00,4.67e-06,4.68e-06,4.66e-06,4.67e-06,2869687844.0
2026-06-22 04:30:00,4.67e-06,4.68e-06,4.66e-06,4.67e-06,1160535094.0
2026-06-22 04:35:00,4.67e-06,4.67e-06,4.66e-06,4.66e-06,2906794034.0
2026-06-22 04:40:00,4.66e-06,4.67e-06,4.66e-06,4.67e-06,3952677468.0
2026-06-22 04:45:00,4.66e-06,4.67e-06,4.66e-06,4.67e-06,4744100123.0
2026-06-22 04:50:00,4.67e-06,4.68e-06,4.66e-06,4.67e-06,723755178.0
2026-06-22 04:55:00,4.67e-06,4.68e-06,4.66e-06,4.67e-06,1843766995.0
2026-06-22 05:00:00,4.67e-06,4.68e-06,4.66e-06,4.67e-06,534336224.0
2026-06-22 05:05:00,4.66e-06,4.68e-06,4.66e-06,4.68e-06,1212687293.0
2026-06-22 05:10:00,4.67e-06,4.68e-06,4.67e-06,4.67e-06,20948703.0
2026-06-22 05:15:00,4.68e-06,4.68e-06,4.67e-06,4.68e-06,28706102.0
2026-06-22 05:20:00,4.68e-06,4.68e-06,4.67e-06,4.68e-06,533552450.0
2026-06-22 05:25:00,4.68e-06,4.68e-06,4.68e-06,4.68e-06,158250969.0
2026-06-22 05:30:00,4.68e-06,4.69e-06,4.67e-06,4.68e-06,2547579305.0
2026-06-22 05:35:00,4.67e-06,4.69e-06,4.67e-06,4.69e-06,5030735275.0
2026-06-22 05:40:00,4.69e-06,4.69e-06,4.68e-06,4.69e-06,236447995.0
2026-06-22 05:45:00,4.69e-06,4.69e-06,4.68e-06,4.69e-06,426612967.0
2026-06-22 05:50:00,4.69e-06,4.69e-06,4.68e-06,4.69e-06,260525433.0
2026-06-22 05:55:00,4.69e-06,4.69e-06,4.67e-06,4.68e-06,694373692.0
2026-06-22 06:00:00,4.68e-06,4.69e-06,4.67e-06,4.68e-06,692386699.0
2026-06-22 06:05:00,4.68e-06,4.69e-06,4.67e-06,4.69e-06,780944978.0
2026-06-22 06:10:00,4.69e-06,4.69e-06,4.68e-06,4.68e-06,408168413.0
2026-06-22 06:15:00,4.69e-06,4.69e-06,4.68e-06,4.69e-06,88888903.0
2026-06-22 06:20:00,4.68e-06,4.68e-06,4.67e-06,4.68e-06,979647982.0
2026-06-22 06:25:00,4.68e-06,4.68e-06,4.67e-06,4.67e-06,53504700.0
2026-06-22 06:30:00,4.67e-06,4.68e-06,4.67e-06,4.68e-06,1334577223.0
2026-06-22 06:35:00,4.67e-06,4.67e-06,4.67e-06,4.67e-06,499461154.0
2026-06-22 06:40:00,4.67e-06,4.68e-06,4.66e-06,4.67e-06,576456773.0
2026-06-22 06:45:00,4.67e-06,4.67e-06,4.66e-06,4.66e-06,31191902.0
2026-06-22 06:50:00,4.66e-06,4.67e-06,4.65e-06,4.66e-06,372573177.0
2026-06-22 06:55:00,4.65e-06,4.66e-06,4.65e-06,4.66e-06,1630820604.0
2026-06-22 07:00:00,4.67e-06,4.67e-06,4.66e-06,4.67e-06,217485501.0
2026-06-22 07:05:00,4.68e-06,4.68e-06,4.66e-06,4.67e-06,886369456.0
2026-06-22 07:10:00,4.67e-06,4.68e-06,4.66e-06,4.68e-06,2348182195.0
2026-06-22 07:15:00,4.68e-06,4.68e-06,4.67e-06,4.67e-06,76829235.0
2026-06-22 07:20:00,4.68e-06,4.69e-06,4.67e-06,4.67e-06,1402994912.0
2026-06-22 07:25:00,4.67e-06,4.69e-06,4.67e-06,4.67e-06,1260595427.0
2026-06-22 07:30:00,4.67e-06,4.69e-06,4.67e-06,4.68e-06,869169087.0
2026-06-22 07:35:00,4.68e-06,4.68e-06,4.67e-06,4.67e-06,223799763.0
2026-06-22 07:40:00,4.67e-06,4.68e-06,4.67e-06,4.68e-06,225435562.0
2026-06-22 07:45:00,4.67e-06,4.68e-06,4.67e-06,4.68e-06,232793929.0
2026-06-22 07:50:00,4.67e-06,4.69e-06,4.67e-06,4.67e-06,1644951793.0
2026-06-22 07:55:00,4.67e-06,4.67e-06,4.67e-06,4.67e-06,112284969.0
2026-06-22 08:00:00,4.68e-06,4.68e-06,4.67e-06,4.67e-06,58023541.0
2026-06-22 08:05:00,4.67e-06,4.68e-06,4.66e-06,4.68e-06,1484192229.0
2026-06-22 08:10:00,4.68e-06,4.68e-06,4.67e-06,4.67e-06,18467105.0
2026-06-22 08:15:00,4.68e-06,4.68e-06,4.67e-06,4.67e-06,76585647.0
2026-06-22 08:20:00,4.67e-06,4.68e-06,4.67e-06,4.68e-06,35689591.0
2026-06-22 08:25:00,4.68e-06,4.68e-06,4.67e-06,4.67e-06,328938066.0
2026-06-22 08:30:00,4.67e-06,4.68e-06,4.66e-06,4.67e-06,1350847304.0
2026-06-22 08:35:00,4.67e-06,4.68e-06,4.66e-06,4.66e-06,2753139559.0
2026-06-22 08:40:00,4.66e-06,4.68e-06,4.66e-06,4.68e-06,2322104945.0
2026-06-22 08:45:00,4.68e-06,4.69e-06,4.67e-06,4.67e-06,1507910516.0
2026-06-22 08:50:00,4.68e-06,4.68e-06,4.67e-06,4.68e-06,30735343.0
2026-06-22 08:55:00,4.67e-06,4.68e-06,4.67e-06,4.67e-06,323938100.0
2026-06-22 09:00:00,4.67e-06,4.67e-06,4.66e-06,4.67e-06,1381631070.0
2026-06-22 09:05:00,4.67e-06,4.68e-06,4.67e-06,4.68e-06,383700237.0
2026-06-22 09:10:00,4.68e-06,4.68e-06,4.67e-06,4.67e-06,228346518.0
2026-06-22 09:15:00,4.67e-06,4.68e-06,4.67e-06,4.67e-06,113574406.0
2026-06-22 09:20:00,4.67e-06,4.68e-06,4.67e-06,4.67e-06,262193001.0
2026-06-22 09:25:00,4.67e-06,4.68e-06,4.67e-06,4.67e-06,66202507.0
2026-06-22 09:30:00,4.68e-06,4.68e-06,4.67e-06,4.67e-06,157565318.0
2026-06-22 09:35:00,4.67e-06,4.67e-06,4.66e-06,4.67e-06,1449562669.0
2026-06-22 09:40:00,4.67e-06,4.67e-06,4.66e-06,4.67e-06,293528821.0
2026-06-22 09:45:00,4.67e-06,4.67e-06,4.67e-06,4.67e-06,36827282.0
2026-06-22 09:50:00,4.68e-06,4.68e-06,4.67e-06,4.67e-06,163305035.0
2026-06-22 09:55:00,4.67e-06,4.68e-06,4.67e-06,4.67e-06,2011680163.0
2026-06-22 10:00:00,4.67e-06,4.68e-06,4.67e-06,4.68e-06,304394593.0
2026-06-22 10:05:00,4.68e-06,4.69e-06,4.67e-06,4.68e-06,978968229.0
2026-06-22 10:10:00,4.68e-06,4.69e-06,4.68e-06,4.68e-06,6699184377.0
2026-06-22 10:15:00,4.68e-06,4.69e-06,4.67e-06,4.67e-06,3323411580.0
2026-06-22 10:20:00,4.68e-06,4.69e-06,4.68e-06,4.69e-06,5449256848.0
2026-06-22 10:25:00,4.68e-06,4.69e-06,4.67e-06,4.68e-06,1232741196.0
2026-06-22 10:30:00,4.68e-06,4.68e-06,4.67e-06,4.67e-06,1382089317.0
2026-06-22 10:35:00,4.67e-06,4.68e-06,4.67e-06,4.67e-06,31265586.0
2026-06-22 10:40:00,4.67e-06,4.68e-06,4.67e-06,4.68e-06,27471979.0
2026-06-22 10:45:00,4.68e-06,4.68e-06,4.67e-06,4.67e-06,142310190.0
2026-06-22 10:50:00,4.68e-06,4.68e-06,4.67e-06,4.68e-06,335093650.0
2026-06-22 10:55:00,4.67e-06,4.68e-06,4.67e-06,4.67e-06,64547397.0
2026-06-22 11:00:00,4.67e-06,4.69e-06,4.67e-06,4.69e-06,1194049798.0
2026-06-22 11:05:00,4.69e-06,4.71e-06,4.69e-06,4.7e-06,10597693808.0
2026-06-22 11:10:00,4.7e-06,4.71e-06,4.7e-06,4.7e-06,1611457399.0
2026-06-22 11:15:00,4.71e-06,4.71e-06,4.7e-06,4.7e-06,6288058718.0
2026-06-22 11:20:00,4.71e-06,4.72e-06,4.7e-06,4.72e-06,1719264052.0
2026-06-22 11:25:00,4.71e-06,4.72e-06,4.7e-06,4.71e-06,2625319791.0
2026-06-22 11:30:00,4.72e-06,4.73e-06,4.71e-06,4.73e-06,1621531841.0
2026-06-22 11:35:00,4.73e-06,4.73e-06,4.72e-06,4.72e-06,4774373260.0
2026-06-22 11:40:00,4.72e-06,4.73e-06,4.71e-06,4.71e-06,2130470090.0
2026-06-22 11:45:00,4.72e-06,4.73e-06,4.71e-06,4.73e-06,6935148864.0
2026-06-22 11:50:00,4.73e-06,4.73e-06,4.72e-06,4.73e-06,625295373.0
2026-06-22 11:55:00,4.73e-06,4.73e-06,4.72e-06,4.72e-06,635040154.0
2026-06-22 12:00:00,4.73e-06,4.73e-06,4.72e-06,4.73e-06,3640377228.0
2026-06-22 12:05:00,4.73e-06,4.73e-06,4.72e-06,4.73e-06,43784654.0
2026-06-22 12:10:00,4.72e-06,4.73e-06,4.72e-06,4.72e-06,101218578.0
2026-06-22 12:15:00,4.73e-06,4.73e-06,4.72e-06,4.73e-06,1896586139.0
2026-06-22 12:20:00,4.72e-06,4.73e-06,4.72e-06,4.72e-06,274392631.0
2026-06-22 12:25:00,4.73e-06,4.73e-06,4.72e-06,4.73e-06,216136890.0
2026-06-22 12:30:00,4.73e-06,4.73e-06,4.71e-06,4.71e-06,755550353.0
2026-06-22 12:35:00,4.71e-06,4.73e-06,4.71e-06,4.73e-06,405282406.0
2026-06-22 12:40:00,4.73e-06,4.74e-06,4.73e-06,4.73e-06,2150337671.0
2026-06-22 12:45:00,4.73e-06,4.75e-06,4.72e-06,4.74e-06,27632152298.0
2026-06-22 12:50:00,4.74e-06,4.76e-06,4.74e-06,4.75e-06,2240745409.0
2026-06-22 12:55:00,4.75e-06,4.76e-06,4.74e-06,4.74e-06,2281725771.0
2026-06-22 13:00:00,4.74e-06,4.75e-06,4.74e-06,4.75e-06,1133047122.0
2026-06-22 13:05:00,4.75e-06,4.75e-06,4.74e-06,4.74e-06,2355317255.0
2026-06-22 13:10:00,4.74e-06,4.76e-06,4.74e-06,4.75e-06,1787543806.0
2026-06-22 13:15:00,4.74e-06,4.75e-06,4.74e-06,4.75e-06,133160511.0
2026-06-22 13:20:00,4.74e-06,4.75e-06,4.74e-06,4.75e-06,388978001.0
2026-06-22 13:25:00,4.75e-06,4.75e-06,4.73e-06,4.73e-06,949252351.0
2026-06-22 13:30:00,4.73e-06,4.76e-06,4.73e-06,4.75e-06,1835364687.0
2026-06-22 13:35:00,4.75e-06,4.77e-06,4.75e-06,4.76e-06,2444912317.0
2026-06-22 13:40:00,4.75e-06,4.76e-06,4.74e-06,4.76e-06,2660327408.0
2026-06-22 13:45:00,4.76e-06,4.77e-06,4.75e-06,4.76e-06,1808776222.0
2026-06-22 13:50:00,4.76e-06,4.77e-06,4.76e-06,4.76e-06,685002123.0
2026-06-22 13:55:00,4.76e-06,4.77e-06,4.76e-06,4.77e-06,595166000.0
2026-06-22 14:00:00,4.77e-06,4.77e-06,4.75e-06,4.76e-06,1095438230.0
2026-06-22 14:05:00,4.76e-06,4.76e-06,4.75e-06,4.76e-06,484174422.0
2026-06-22 14:10:00,4.75e-06,4.76e-06,4.74e-06,4.74e-06,1133392723.0
2026-06-22 14:15:00,4.75e-06,4.75e-06,4.74e-06,4.74e-06,192815409.0
2026-06-22 14:20:00,4.74e-06,4.75e-06,4.73e-06,4.75e-06,3619949002.0
2026-06-22 14:25:00,4.74e-06,4.75e-06,4.72e-06,4.73e-06,1496850550.0
2026-06-22 14:30:00,4.72e-06,4.72e-06,4.71e-06,4.72e-06,4398505193.0
2026-06-22 14:35:00,4.72e-06,4.73e-06,4.71e-06,4.72e-06,468665083.0
2026-06-22 14:40:00,4.72e-06,4.72e-06,4.71e-06,4.71e-06,366977529.0
2026-06-22 14:45:00,4.72e-06,4.72e-06,4.7e-06,4.72e-06,3875592775.0
2026-06-22 14:50:00,4.72e-06,4.73e-06,4.72e-06,4.72e-06,445292349.0
2026-06-22 14:55:00,4.72e-06,4.73e-06,4.71e-06,4.73e-06,157439548.0
2026-06-22 15:00:00,4.73e-06,4.74e-06,4.72e-06,4.74e-06,1911583277.0
2026-06-22 15:05:00,4.73e-06,4.73e-06,4.71e-06,4.72e-06,901216810.0
2026-06-22 15:10:00,4.73e-06,4.74e-06,4.72e-06,4.74e-06,546233585.0
2026-06-22 15:15:00,4.74e-06,4.74e-06,4.71e-06,4.71e-06,1746998902.0
2026-06-22 15:20:00,4.71e-06,4.72e-06,4.71e-06,4.71e-06,784441916.0
2026-06-22 15:25:00,4.72e-06,4.73e-06,4.71e-06,4.72e-06,2651416487.0
2026-06-22 15:30:00,4.72e-06,4.73e-06,4.71e-06,4.73e-06,2233373124.0
2026-06-22 15:35:00,4.72e-06,4.73e-06,4.71e-06,4.71e-06,1247203052.0
2026-06-22 15:40:00,4.72e-06,4.72e-06,4.71e-06,4.71e-06,444822532.0
2026-06-22 15:45:00,4.72e-06,4.72e-06,4.68e-06,4.68e-06,3374692926.0
2026-06-22 15:50:00,4.69e-06,4.7e-06,4.68e-06,4.69e-06,2178157024.0
2026-06-22 15:55:00,4.69e-06,4.7e-06,4.68e-06,4.69e-06,2786055883.0
2026-06-22 16:00:00,4.69e-06,4.69e-06,4.68e-06,4.68e-06,3444638955.0
2026-06-22 16:05:00,4.67e-06,4.68e-06,4.66e-06,4.68e-06,1966699322.0
2026-06-22 16:10:00,4.68e-06,4.68e-06,4.66e-06,4.67e-06,1548141438.0
2026-06-22 16:15:00,4.67e-06,4.68e-06,4.67e-06,4.68e-06,1816894591.0
2026-06-22 16:20:00,4.67e-06,4.68e-06,4.67e-06,4.67e-06,2948715427.0
2026-06-22 16:25:00,4.67e-06,4.7e-06,4.66e-06,4.69e-06,21888721278.0
2026-06-22 16:30:00,4.68e-06,4.69e-06,4.68e-06,4.68e-06,665403169.0
2026-06-22 16:35:00,4.68e-06,4.69e-06,4.67e-06,4.68e-06,1567138999.0
2026-06-22 16:40:00,4.68e-06,4.69e-06,4.67e-06,4.68e-06,1837193946.0
2026-06-22 16:45:00,4.68e-06,4.68e-06,4.67e-06,4.68e-06,725867247.0
2026-06-22 16:50:00,4.67e-06,4.69e-06,4.67e-06,4.69e-06,288081326.0
2026-06-22 16:55:00,4.68e-06,4.69e-06,4.67e-06,4.68e-06,2671680487.0
2026-06-22 17:00:00,4.68e-06,4.68e-06,4.67e-06,4.67e-06,1456584674.0
2026-06-22 17:05:00,4.67e-06,4.69e-06,4.67e-06,4.67e-06,1355814664.0
2026-06-22 17:10:00,4.67e-06,4.68e-06,4.67e-06,4.68e-06,515295370.0
2026-06-22 17:15:00,4.68e-06,4.68e-06,4.67e-06,4.68e-06,345919740.0
2026-06-22 17:20:00,4.68e-06,4.69e-06,4.67e-06,4.69e-06,1438695514.0
2026-06-22 17:25:00,4.69e-06,4.69e-06,4.67e-06,4.68e-06,6031170130.0
2026-06-22 17:30:00,4.68e-06,4.68e-06,4.67e-06,4.68e-06,5473976848.0
2026-06-22 17:35:00,4.67e-06,4.68e-06,4.67e-06,4.68e-06,10558127183.0
2026-06-22 17:40:00,4.69e-06,4.69e-06,4.67e-06,4.68e-06,842751708.0
2026-06-22 17:45:00,4.68e-06,4.69e-06,4.68e-06,4.68e-06,408837175.0
2026-06-22 17:50:00,4.69e-06,4.69e-06,4.68e-06,4.69e-06,873999191.0
2026-06-22 17:55:00,4.7e-06,4.7e-06,4.69e-06,4.69e-06,1643844779.0
2026-06-22 18:00:00,4.69e-06,4.7e-06,4.69e-06,4.69e-06,784319555.0
2026-06-22 18:05:00,4.7e-06,4.71e-06,4.7e-06,4.7e-06,1910865847.0
2026-06-22 18:10:00,4.7e-06,4.71e-06,4.7e-06,4.7e-06,40496418.0
2026-06-22 18:15:00,4.7e-06,4.71e-06,4.7e-06,4.7e-06,59402528.0
2026-06-22 18:20:00,4.7e-06,4.71e-06,4.7e-06,4.7e-06,1900547589.0
2026-06-22 18:25:00,4.7e-06,4.7e-06,4.69e-06,4.69e-06,117356268.0
2026-06-22 18:30:00,4.69e-06,4.7e-06,4.69e-06,4.69e-06,245902103.0
2026-06-22 18:35:00,4.7e-06,4.7e-06,4.69e-06,4.69e-06,45443588.0
2026-06-22 18:40:00,4.7e-06,4.7e-06,4.69e-06,4.7e-06,143165176.0
2026-06-22 18:45:00,4.69e-06,4.69e-06,4.67e-06,4.69e-06,880457478.0
2026-06-22 18:50:00,4.69e-06,4.69e-06,4.67e-06,4.67e-06,1423604572.0
2026-06-22 18:55:00,4.68e-06,4.69e-06,4.67e-06,4.68e-06,2406489478.0
2026-06-22 19:00:00,4.67e-06,4.68e-06,4.67e-06,4.68e-06,107584981.0
2026-06-22 19:05:00,4.68e-06,4.68e-06,4.67e-06,4.67e-06,656003804.0
2026-06-22 19:10:00,4.67e-06,4.68e-06,4.66e-06,4.67e-06,692908629.0
2026-06-22 19:15:00,4.67e-06,4.68e-06,4.67e-06,4.68e-06,389374557.0
2026-06-22 19:20:00,4.67e-06,4.68e-06,4.67e-06,4.67e-06,455694602.0
2026-06-22 19:25:00,4.67e-06,4.68e-06,4.66e-06,4.67e-06,1812282113.0
2026-06-22 19:30:00,4.67e-06,4.68e-06,4.67e-06,4.68e-06,261602677.0
2026-06-22 19:35:00,4.67e-06,4.68e-06,4.67e-06,4.67e-06,93078268.0
2026-06-22 19:40:00,4.67e-06,4.68e-06,4.67e-06,4.67e-06,346359099.0
2026-06-22 19:45:00,4.67e-06,4.68e-06,4.66e-06,4.66e-06,724503291.0
2026-06-22 19:50:00,4.67e-06,4.68e-06,4.67e-06,4.67e-06,1471767182.0
2026-06-22 19:55:00,4.68e-06,4.68e-06,4.67e-06,4.68e-06,68103574.0
2026-06-22 20:00:00,4.67e-06,4.69e-06,4.66e-06,4.69e-06,3023868647.0
2026-06-22 20:05:00,4.69e-06,4.69e-06,4.67e-06,4.68e-06,717905578.0
2026-06-22 20:10:00,4.67e-06,4.68e-06,4.67e-06,4.68e-06,44067530.0
2026-06-22 20:15:00,4.67e-06,4.68e-06,4.67e-06,4.67e-06,251328212.0
2026-06-22 20:20:00,4.67e-06,4.68e-06,4.66e-06,4.66e-06,307823230.0
2026-06-22 20:25:00,4.67e-06,4.68e-06,4.66e-06,4.68e-06,583093304.0
2026-06-22 20:30:00,4.68e-06,4.68e-06,4.67e-06,4.68e-06,308236627.0
2026-06-22 20:35:00,4.67e-06,4.68e-06,4.67e-06,4.68e-06,198589147.0
2026-06-22 20:40:00,4.68e-06,4.68e-06,4.67e-06,4.68e-06,71042710.0
2026-06-22 20:45:00,4.68e-06,4.68e-06,4.67e-06,4.67e-06,333772011.0
2026-06-22 20:50:00,4.67e-06,4.68e-06,4.66e-06,4.67e-06,2446058758.0
2026-06-22 20:55:00,4.67e-06,4.68e-06,4.66e-06,4.68e-06,1144335645.0
2026-06-22 21:00:00,4.67e-06,4.68e-06,4.67e-06,4.67e-06,257355888.0
2026-06-22 21:05:00,4.68e-06,4.68e-06,4.67e-06,4.67e-06,53291376.0
2026-06-22 21:10:00,4.67e-06,4.67e-06,4.66e-06,4.67e-06,2167036303.0
2026-06-22 21:15:00,4.67e-06,4.67e-06,4.67e-06,4.67e-06,89762074.0
2026-06-22 21:20:00,4.67e-06,4.67e-06,4.66e-06,4.66e-06,391036852.0
2026-06-22 21:25:00,4.67e-06,4.67e-06,4.66e-06,4.66e-06,72035897.0
2026-06-22 21:30:00,4.67e-06,4.67e-06,4.66e-06,4.66e-06,289174942.0
2026-06-22 21:35:00,4.67e-06,4.67e-06,4.64e-06,4.65e-06,1680216660.0
2026-06-22 21:40:00,4.65e-06,4.66e-06,4.65e-06,4.66e-06,538421865.0
2026-06-22 21:45:00,4.65e-06,4.66e-06,4.65e-06,4.65e-06,337305765.0
2026-06-22 21:50:00,4.66e-06,4.67e-06,4.65e-06,4.66e-06,3175615465.0
2026-06-22 21:55:00,4.66e-06,4.67e-06,4.66e-06,4.66e-06,142009206.0
2026-06-22 22:00:00,4.67e-06,4.67e-06,4.66e-06,4.66e-06,1857323530.0
2026-06-22 22:05:00,4.66e-06,4.67e-06,4.66e-06,4.66e-06,1860664993.0
2026-06-22 22:10:00,4.67e-06,4.67e-06,4.66e-06,4.66e-06,15890524.0
2026-06-22 22:15:00,4.66e-06,4.67e-06,4.66e-06,4.66e-06,259631132.0
2026-06-22 22:20:00,4.65e-06,4.66e-06,4.64e-06,4.66e-06,286599580.0
2026-06-22 22:25:00,4.66e-06,4.66e-06,4.62e-06,4.63e-06,15688199972.0
2026-06-22 22:30:00,4.63e-06,4.63e-06,4.61e-06,4.63e-06,4794221356.0
2026-06-22 22:35:00,4.63e-06,4.63e-06,4.61e-06,4.62e-06,1746414217.0
2026-06-22 22:40:00,4.61e-06,4.63e-06,4.61e-06,4.62e-06,869540343.0
2026-06-22 22:45:00,4.62e-06,4.63e-06,4.62e-06,4.63e-06,526239390.0
2026-06-22 22:50:00,4.63e-06,4.64e-06,4.62e-06,4.64e-06,669715453.0
2026-06-22 22:55:00,4.63e-06,4.64e-06,4.62e-06,4.63e-06,1229270698.0
2026-06-22 23:00:00,4.62e-06,4.63e-06,4.62e-06,4.62e-06,474410660.0
2026-06-22 23:05:00,4.62e-06,4.63e-06,4.62e-06,4.63e-06,1087314050.0
2026-06-22 23:10:00,4.63e-06,4.64e-06,4.62e-06,4.63e-06,779227814.0
2026-06-22 23:15:00,4.62e-06,4.64e-06,4.62e-06,4.64e-06,411962729.0
2026-06-22 23:20:00,4.64e-06,4.65e-06,4.63e-06,4.64e-06,991519829.0
2026-06-22 23:25:00,4.64e-06,4.65e-06,4.64e-06,4.65e-06,276224780.0
2026-06-22 23:30:00,4.65e-06,4.65e-06,4.63e-06,4.64e-06,640617979.0
2026-06-22 23:35:00,4.64e-06,4.64e-06,4.63e-06,4.64e-06,968743882.0
2026-06-22 23:40:00,4.64e-06,4.65e-06,4.63e-06,4.65e-06,1563691706.0
2026-06-22 23:45:00,4.64e-06,4.65e-06,4.63e-06,4.64e-06,4021440724.0
2026-06-22 23:50:00,4.64e-06,4.64e-06,4.63e-06,4.64e-06,673611919.0
2026-06-22 23:55:00,4.65e-06,4.65e-06,4.65e-06,4.65e-06,16028138.0
2026-06-23 00:00:00,4.64e-06,4.65e-06,4.64e-06,4.64e-06,8404018475.0
2026-06-23 00:05:00,4.65e-06,4.65e-06,4.64e-06,4.64e-06,189500637.0
2026-06-23 00:10:00,4.65e-06,4.65e-06,4.64e-06,4.64e-06,313417011.0
2026-06-23 00:15:00,4.64e-06,4.65e-06,4.64e-06,4.64e-06,804105200.0
2026-06-23 00:20:00,4.64e-06,4.64e-06,4.63e-06,4.63e-06,714545216.0
2026-06-23 00:25:00,4.64e-06,4.64e-06,4.62e-06,4.63e-06,566479755.0
2026-06-23 00:30:00,4.63e-06,4.65e-06,4.63e-06,4.64e-06,3227341051.0
2026-06-23 00:35:00,4.65e-06,4.65e-06,4.63e-06,4.63e-06,332782937.0
2026-06-23 00:40:00,4.64e-06,4.65e-06,4.64e-06,4.65e-06,1631643507.0
2026-06-23 00:45:00,4.65e-06,4.66e-06,4.64e-06,4.66e-06,1877071483.0
2026-06-23 00:50:00,4.66e-06,4.66e-06,4.65e-06,4.66e-06,181580257.0
2026-06-23 00:55:00,4.66e-06,4.66e-06,4.65e-06,4.65e-06,697976070.0
2026-06-23 01:00:00,4.65e-06,4.67e-06,4.65e-06,4.66e-06,2844685732.0
2026-06-23 01:05:00,4.65e-06,4.67e-06,4.65e-06,4.66e-06,2027751104.0
2026-06-23 01:10:00,4.66e-06,4.67e-06,4.66e-06,4.66e-06,425403052.0
2026-06-23 01:15:00,4.66e-06,4.67e-06,4.66e-06,4.67e-06,146209811.0
2026-06-23 01:20:00,4.67e-06,4.67e-06,4.66e-06,4.67e-06,242592048.0
2026-06-23 01:25:00,4.66e-06,4.67e-06,4.66e-06,4.67e-06,976783093.0
2026-06-23 01:30:00,4.67e-06,4.67e-06,4.65e-06,4.66e-06,552962003.0
2026-06-23 01:35:00,4.65e-06,4.66e-06,4.64e-06,4.64e-06,550418839.0
2026-06-23 01:40:00,4.65e-06,4.66e-06,4.64e-06,4.65e-06,1831184144.0
2026-06-23 01:45:00,4.64e-06,4.65e-06,4.63e-06,4.64e-06,757060172.0
2026-06-23 01:50:00,4.63e-06,4.64e-06,4.62e-06,4.64e-06,2778360896.0
2026-06-23 01:55:00,4.64e-06,4.65e-06,4.64e-06,4.64e-06,523756677.0
2026-06-23 02:00:00,4.65e-06,4.65e-06,4.64e-06,4.65e-06,241769380.0
2026-06-23 02:05:00,4.64e-06,4.65e-06,4.63e-06,4.63e-06,4904277697.0
2026-06-23 02:10:00,4.64e-06,4.65e-06,4.63e-06,4.64e-06,1924766096.0
2026-06-23 02:15:00,4.65e-06,4.65e-06,4.64e-06,4.65e-06,833295046.0
2026-06-23 02:20:00,4.64e-06,4.65e-06,4.64e-06,4.64e-06,376894432.0
2026-06-23 02:25:00,4.64e-06,4.65e-06,4.64e-06,4.65e-06,2839217886.0
2026-06-23 02:30:00,4.64e-06,4.65e-06,4.64e-06,4.65e-06,1151774924.0
2026-06-23 02:35:00,4.65e-06,4.65e-06,4.64e-06,4.64e-06,85326509.0
2026-06-23 02:40:00,4.64e-06,4.66e-06,4.64e-06,4.65e-06,582503777.0
2026-06-23 02:45:00,4.65e-06,4.65e-06,4.64e-06,4.64e-06,40854351.0
2026-06-23 02:50:00,4.64e-06,4.66e-06,4.64e-06,4.66e-06,620263235.0
2026-06-23 02:55:00,4.65e-06,4.66e-06,4.65e-06,4.66e-06,729445765.0
2026-06-23 03:00:00,4.65e-06,4.66e-06,4.63e-06,4.63e-06,1028576897.0
2026-06-23 03:05:00,4.63e-06,4.64e-06,4.63e-06,4.64e-06,252634992.0
2026-06-23 03:10:00,4.64e-06,4.64e-06,4.63e-06,4.64e-06,235023232.0
2026-06-23 03:15:00,4.63e-06,4.65e-06,4.63e-06,4.64e-06,503872977.0
2026-06-23 03:20:00,4.65e-06,4.65e-06,4.64e-06,4.64e-06,284931648.0
2026-06-23 03:25:00,4.64e-06,4.66e-06,4.64e-06,4.66e-06,1098912068.0
2026-06-23 03:30:00,4.65e-06,4.65e-06,4.64e-06,4.64e-06,449043266.0
2026-06-23 03:35:00,4.65e-06,4.65e-06,4.64e-06,4.64e-06,697866402.0
2026-06-23 03:40:00,4.64e-06,4.65e-06,4.64e-06,4.65e-06,13885556.0
2026-06-23 03:45:00,4.65e-06,4.66e-06,4.64e-06,4.66e-06,3368648155.0
2026-06-23 03:50:00,4.65e-06,4.66e-06,4.65e-06,4.65e-06,31623119.0
2026-06-23 03:55:00,4.66e-06,4.66e-06,4.65e-06,4.66e-06,146348268.0
2026-06-23 04:00:00,4.65e-06,4.66e-06,4.65e-06,4.65e-06,314391767.0
2026-06-23 04:05:00,4.65e-06,4.66e-06,4.65e-06,4.65e-06,41999269.0
2026-06-23 04:10:00,4.65e-06,4.66e-06,4.65e-06,4.65e-06,299920625.0
2026-06-23 04:15:00,4.66e-06,4.66e-06,4.64e-06,4.65e-06,1008402973.0
2026-06-23 04:20:00,4.65e-06,4.66e-06,4.64e-06,4.65e-06,1012009619.0
2026-06-23 04:25:00,4.66e-06,4.66e-06,4.65e-06,4.66e-06,796371857.0
2026-06-23 04:30:00,4.66e-06,4.66e-06,4.65e-06,4.65e-06,1904221281.0
2026-06-23 04:35:00,4.65e-06,4.65e-06,4.64e-06,4.64e-06,328234535.0
2026-06-23 04:40:00,4.65e-06,4.65e-06,4.64e-06,4.64e-06,1400626372.0
2026-06-23 04:45:00,4.64e-06,4.65e-06,4.63e-06,4.64e-06,309872776.0
2026-06-23 04:50:00,4.64e-06,4.64e-06,4.63e-06,4.64e-06,7015501903.0
2026-06-23 04:55:00,4.63e-06,4.64e-06,4.63e-06,4.63e-06,117263695.0
2026-06-23 05:00:00,4.64e-06,4.64e-06,4.63e-06,4.64e-06,18930897.0
2026-06-23 05:05:00,4.63e-06,4.64e-06,4.63e-06,4.64e-06,1191061152.0
2026-06-23 05:10:00,4.64e-06,4.65e-06,4.64e-06,4.65e-06,504842809.0
2026-06-23 05:15:00,4.64e-06,4.65e-06,4.63e-06,4.64e-06,2219747073.0
2026-06-23 05:20:00,4.63e-06,4.64e-06,4.62e-06,4.62e-06,5160579488.0
2026-06-23 05:25:00,4.62e-06,4.63e-06,4.62e-06,4.63e-06,402629035.0
2026-06-23 05:30:00,4.62e-06,4.63e-06,4.62e-06,4.63e-06,871132071.0
2026-06-23 05:35:00,4.62e-06,4.63e-06,4.62e-06,4.62e-06,697555166.0
2026-06-23 05:40:00,4.62e-06,4.63e-06,4.62e-06,4.63e-06,481363640.0
2026-06-23 05:45:00,4.62e-06,4.63e-06,4.62e-06,4.63e-06,279544735.0
2026-06-23 05:50:00,4.62e-06,4.63e-06,4.62e-06,4.63e-06,63533463.0
2026-06-23 05:55:00,4.62e-06,4.64e-06,4.62e-06,4.63e-06,1748231398.0
2026-06-23 06:00:00,4.63e-06,4.63e-06,4.62e-06,4.63e-06,1981493014.0
2026-06-23 06:05:00,4.62e-06,4.62e-06,4.59e-06,4.6e-06,3533092277.0
2026-06-23 06:10:00,4.61e-06,4.61e-06,4.59e-06,4.6e-06,1303391181.0
2026-06-23 06:15:00,4.6e-06,4.61e-06,4.57e-06,4.58e-06,5390758186.0
2026-06-23 06:20:00,4.59e-06,4.59e-06,4.5e-06,4.53e-06,79705524427.0
2026-06-23 06:25:00,4.53e-06,4.55e-06,4.53e-06,4.54e-06,4188927967.0
2026-06-23 06:30:00,4.54e-06,4.56e-06,4.53e-06,4.55e-06,2483192253.0
2026-06-23 06:35:00,4.55e-06,4.56e-06,4.54e-06,4.55e-06,653333802.0
2026-06-23 06:40:00,4.56e-06,4.56e-06,4.54e-06,4.55e-06,1057414832.0
2026-06-23 06:45:00,4.55e-06,4.56e-06,4.54e-06,4.54e-06,1374856162.0
2026-06-23 06:50:00,4.54e-06,4.56e-06,4.54e-06,4.55e-06,472900057.0
2026-06-23 06:55:00,4.56e-06,4.56e-06,4.55e-06,4.56e-06,1256777030.0
2026-06-23 07:00:00,4.56e-06,4.56e-06,4.55e-06,4.56e-06,2419733547.0
2026-06-23 07:05:00,4.55e-06,4.57e-06,4.55e-06,4.57e-06,2141368700.0
2026-06-23 07:10:00,4.57e-06,4.57e-06,4.56e-06,4.56e-06,107826642.0
2026-06-23 07:15:00,4.57e-06,4.57e-06,4.56e-06,4.57e-06,320570849.0
2026-06-23 07:20:00,4.57e-06,4.57e-06,4.56e-06,4.56e-06,283872278.0
2026-06-23 07:25:00,4.57e-06,4.57e-06,4.55e-06,4.56e-06,850424698.0
2026-06-23 07:30:00,4.56e-06,4.56e-06,4.55e-06,4.55e-06,2104076153.0
2026-06-23 07:35:00,4.55e-06,4.56e-06,4.55e-06,4.55e-06,1667297125.0
2026-06-23 07:40:00,4.55e-06,4.56e-06,4.54e-06,4.55e-06,3964154767.0
2026-06-23 07:45:00,4.55e-06,4.56e-06,4.54e-06,4.56e-06,973180383.0
2026-06-23 07:50:00,4.56e-06,4.56e-06,4.54e-06,4.56e-06,2559921481.0
2026-06-23 07:55:00,4.55e-06,4.56e-06,4.54e-06,4.55e-06,1559614137.0
2026-06-23 08:00:00,4.54e-06,4.55e-06,4.53e-06,4.54e-06,3523042149.0
2026-06-23 08:05:00,4.54e-06,4.55e-06,4.53e-06,4.55e-06,1346775395.0
2026-06-23 08:10:00,4.55e-06,4.56e-06,4.53e-06,4.53e-06,4651702803.0
2026-06-23 08:15:00,4.53e-06,4.53e-06,4.48e-06,4.49e-06,13100018196.0
2026-06-23 08:20:00,4.49e-06,4.51e-06,4.47e-06,4.49e-06,3593516814.0
2026-06-23 08:25:00,4.48e-06,4.5e-06,4.47e-06,4.47e-06,6634786915.0
2026-06-23 08:30:00,4.48e-06,4.51e-06,4.48e-06,4.5e-06,4810615699.0
2026-06-23 08:35:00,4.5e-06,4.51e-06,4.49e-06,4.5e-06,2459813119.0
2026-06-23 08:40:00,4.5e-06,4.51e-06,4.5e-06,4.51e-06,1296933626.0
2026-06-23 08:45:00,4.51e-06,4.51e-06,4.49e-06,4.5e-06,11328795528.0
2026-06-23 08:50:00,4.49e-06,4.51e-06,4.49e-06,4.51e-06,515199301.0
2026-06-23 08:55:00,4.5e-06,4.51e-06,4.49e-06,4.5e-06,258529373.0
2026-06-23 09:00:00,4.5e-06,4.51e-06,4.5e-06,4.5e-06,549327736.0
2026-06-23 09:05:00,4.51e-06,4.51e-06,4.5e-06,4.51e-06,3345939073.0
2026-06-23 09:10:00,4.51e-06,4.51e-06,4.5e-06,4.51e-06,797626768.0
2026-06-23 09:15:00,4.51e-06,4.51e-06,4.5e-06,4.51e-06,4504582347.0
2026-06-23 09:20:00,4.51e-06,4.52e-06,4.5e-06,4.52e-06,1872760361.0
2026-06-23 09:25:00,4.51e-06,4.52e-06,4.51e-06,4.52e-06,719319726.0
2026-06-23 09:30:00,4.52e-06,4.52e-06,4.51e-06,4.52e-06,818244241.0
2026-06-23 09:35:00,4.51e-06,4.52e-06,4.51e-06,4.51e-06,1598423621.0
2026-06-23 09:40:00,4.51e-06,4.51e-06,4.5e-06,4.51e-06,430203623.0
2026-06-23 09:45:00,4.51e-06,4.52e-06,4.51e-06,4.52e-06,588906061.0
2026-06-23 09:50:00,4.51e-06,4.52e-06,4.51e-06,4.51e-06,289201536.0
2026-06-23 09:55:00,4.51e-06,4.53e-06,4.5e-06,4.51e-06,20410708201.0
2026-06-23 10:00:00,4.51e-06,4.53e-06,4.51e-06,4.53e-06,1703564785.0
2026-06-23 10:05:00,4.53e-06,4.53e-06,4.52e-06,4.53e-06,347113158.0
2026-06-23 10:10:00,4.52e-06,4.53e-06,4.52e-06,4.53e-06,112225064.0
2026-06-23 10:15:00,4.52e-06,4.53e-06,4.51e-06,4.52e-06,2102696382.0
2026-06-23 10:20:00,4.52e-06,4.52e-06,4.51e-06,4.51e-06,284289622.0
2026-06-23 10:25:00,4.51e-06,4.52e-06,4.51e-06,4.52e-06,108322478.0
2026-06-23 10:30:00,4.51e-06,4.52e-06,4.51e-06,4.52e-06,1609615187.0
2026-06-23 10:35:00,4.51e-06,4.52e-06,4.51e-06,4.51e-06,2882516760.0
2026-06-23 10:40:00,4.51e-06,4.51e-06,4.5e-06,4.5e-06,348128227.0
2026-06-23 10:45:00,4.51e-06,4.51e-06,4.5e-06,4.5e-06,824516217.0
2026-06-23 10:50:00,4.5e-06,4.51e-06,4.49e-06,4.5e-06,3284288797.0
2026-06-23 10:55:00,4.5e-06,4.51e-06,4.49e-06,4.51e-06,1508908106.0
2026-06-23 11:00:00,4.5e-06,4.51e-06,4.5e-06,4.51e-06,317494838.0
2026-06-23 11:05:00,4.5e-06,4.52e-06,4.5e-06,4.52e-06,1964394537.0
2026-06-23 11:10:00,4.51e-06,4.52e-06,4.51e-06,4.52e-06,124648809.0
2026-06-23 11:15:00,4.52e-06,4.52e-06,4.51e-06,4.52e-06,245920530.0
2026-06-23 11:20:00,4.51e-06,4.54e-06,4.51e-06,4.53e-06,3279720257.0
2026-06-23 11:25:00,4.53e-06,4.53e-06,4.52e-06,4.53e-06,342555717.0
2026-06-23 11:30:00,4.52e-06,4.53e-06,4.52e-06,4.52e-06,629566855.0
2026-06-23 11:35:00,4.52e-06,4.53e-06,4.52e-06,4.53e-06,224222479.0
2026-06-23 11:40:00,4.53e-06,4.53e-06,4.52e-06,4.53e-06,447812856.0
2026-06-23 11:45:00,4.52e-06,4.53e-06,4.52e-06,4.52e-06,623880904.0
2026-06-23 11:50:00,4.52e-06,4.52e-06,4.51e-06,4.52e-06,441178808.0
2026-06-23 11:55:00,4.52e-06,4.53e-06,4.52e-06,4.52e-06,66726784.0
2026-06-23 12:00:00,4.52e-06,4.54e-06,4.52e-06,4.53e-06,4361273155.0
2026-06-23 12:05:00,4.52e-06,4.63e-06,4.52e-06,4.61e-06,50952454069.0
2026-06-23 12:10:00,4.6e-06,4.64e-06,4.58e-06,4.59e-06,20187516432.0
2026-06-23 12:15:00,4.58e-06,4.59e-06,4.57e-06,4.58e-06,5011862466.0
2026-06-23 12:20:00,4.57e-06,4.58e-06,4.56e-06,4.58e-06,3680640523.0
2026-06-23 12:25:00,4.57e-06,4.57e-06,4.56e-06,4.57e-06,1706030726.0
2026-06-23 12:30:00,4.57e-06,4.58e-06,4.56e-06,4.56e-06,3403633072.0
2026-06-23 12:35:00,4.56e-06,4.57e-06,4.56e-06,4.57e-06,4670389356.0
2026-06-23 12:40:00,4.56e-06,4.58e-06,4.56e-06,4.57e-06,2159153963.0
2026-06-23 12:45:00,4.57e-06,4.57e-06,4.57e-06,4.57e-06,74547211.0
2026-06-23 12:50:00,4.56e-06,4.56e-06,4.55e-06,4.55e-06,6887343453.0
2026-06-23 12:55:00,4.55e-06,4.56e-06,4.55e-06,4.56e-06,193388257.0
2026-06-23 13:00:00,4.56e-06,4.56e-06,4.54e-06,4.55e-06,731642241.0
2026-06-23 13:05:00,4.55e-06,4.56e-06,4.55e-06,4.55e-06,1812504026.0
2026-06-23 13:10:00,4.55e-06,4.56e-06,4.55e-06,4.56e-06,2419034122.0
2026-06-23 13:15:00,4.56e-06,4.56e-06,4.54e-06,4.56e-06,1252986334.0
2026-06-23 13:20:00,4.56e-06,4.56e-06,4.55e-06,4.56e-06,522244033.0
2026-06-23 13:25:00,4.56e-06,4.56e-06,4.55e-06,4.56e-06,443349520.0
2026-06-23 13:30:00,4.55e-06,4.61e-06,4.54e-06,4.59e-06,15804993847.0
2026-06-23 13:35:00,4.58e-06,4.6e-06,4.58e-06,4.59e-06,5230606730.0
2026-06-23 13:40:00,4.59e-06,4.6e-06,4.58e-06,4.6e-06,1597427493.0
2026-06-23 13:45:00,4.59e-06,4.61e-06,4.58e-06,4.59e-06,3089945068.0
2026-06-23 13:50:00,4.6e-06,4.61e-06,4.59e-06,4.6e-06,2094543861.0
2026-06-23 13:55:00,4.59e-06,4.6e-06,4.59e-06,4.6e-06,1701713061.0
2026-06-23 14:00:00,4.6e-06,4.62e-06,4.6e-06,4.61e-06,2456455745.0
2026-06-23 14:05:00,4.6e-06,4.61e-06,4.59e-06,4.61e-06,764631849.0
2026-06-23 14:10:00,4.61e-06,4.61e-06,4.59e-06,4.6e-06,2664301500.0
2026-06-23 14:15:00,4.6e-06,4.61e-06,4.6e-06,4.6e-06,742722631.0
2026-06-23 14:20:00,4.61e-06,4.61e-06,4.59e-06,4.59e-06,784510367.0
2026-06-23 14:25:00,4.59e-06,4.59e-06,4.58e-06,4.59e-06,2882273007.0
2026-06-23 14:30:00,4.59e-06,4.6e-06,4.58e-06,4.59e-06,3323015268.0
2026-06-23 14:35:00,4.59e-06,4.61e-06,4.58e-06,4.58e-06,5471663087.0
2026-06-23 14:40:00,4.58e-06,4.59e-06,4.57e-06,4.58e-06,709649814.0
2026-06-23 14:45:00,4.58e-06,4.58e-06,4.56e-06,4.58e-06,4349846265.0
2026-06-23 14:50:00,4.57e-06,4.58e-06,4.57e-06,4.58e-06,2464213226.0
2026-06-23 14:55:00,4.57e-06,4.57e-06,4.55e-06,4.56e-06,3377207204.0
2026-06-23 15:00:00,4.55e-06,4.57e-06,4.55e-06,4.56e-06,1209130511.0
2026-06-23 15:05:00,4.56e-06,4.56e-06,4.54e-06,4.55e-06,1115158865.0
2026-06-23 15:10:00,4.55e-06,4.55e-06,4.54e-06,4.55e-06,981174044.0
2026-06-23 15:15:00,4.55e-06,4.55e-06,4.54e-06,4.54e-06,34197958.0
2026-06-23 15:20:00,4.55e-06,4.55e-06,4.53e-06,4.54e-06,2108720998.0
2026-06-23 15:25:00,4.53e-06,4.54e-06,4.53e-06,4.53e-06,166917957.0
2026-06-23 15:30:00,4.54e-06,4.55e-06,4.54e-06,4.55e-06,2301274621.0
2026-06-23 15:35:00,4.54e-06,4.55e-06,4.54e-06,4.55e-06,127216874.0
2026-06-23 15:40:00,4.54e-06,4.55e-06,4.53e-06,4.54e-06,1069306250.0
2026-06-23 15:45:00,4.54e-06,4.54e-06,4.53e-06,4.53e-06,756023358.0
2026-06-23 15:50:00,4.52e-06,4.53e-06,4.52e-06,4.53e-06,696337846.0
2026-06-23 15:55:00,4.53e-06,4.55e-06,4.53e-06,4.55e-06,820694960.0
2026-06-23 16:00:00,4.54e-06,4.55e-06,4.54e-06,4.54e-06,483279625.0
2026-06-23 16:05:00,4.54e-06,4.57e-06,4.54e-06,4.57e-06,7650087157.0
2026-06-23 16:10:00,4.57e-06,4.57e-06,4.55e-06,4.57e-06,1099039659.0
2026-06-23 16:15:00,4.56e-06,4.56e-06,4.55e-06,4.56e-06,714318245.0
2026-06-23 16:20:00,4.56e-06,4.56e-06,4.55e-06,4.55e-06,358016416.0
2026-06-23 16:25:00,4.56e-06,4.56e-06,4.55e-06,4.56e-06,278143090.0
2026-06-23 16:30:00,4.55e-06,4.57e-06,4.55e-06,4.56e-06,836386522.0
2026-06-23 16:35:00,4.57e-06,4.57e-06,4.56e-06,4.57e-06,48537329.0
2026-06-23 16:40:00,4.57e-06,4.58e-06,4.57e-06,4.57e-06,478472938.0
2026-06-23 16:45:00,4.58e-06,4.58e-06,4.57e-06,4.58e-06,66141841.0
2026-06-23 16:50:00,4.57e-06,4.58e-06,4.56e-06,4.57e-06,1680472052.0
2026-06-23 16:55:00,4.57e-06,4.57e-06,4.55e-06,4.56e-06,8125397274.0
2026-06-23 17:00:00,4.55e-06,4.55e-06,4.54e-06,4.54e-06,4132995811.0
2026-06-23 17:05:00,4.55e-06,4.55e-06,4.54e-06,4.54e-06,3470049853.0
2026-06-23 17:10:00,4.54e-06,4.55e-06,4.54e-06,4.55e-06,569129185.0
2026-06-23 17:15:00,4.55e-06,4.55e-06,4.55e-06,4.55e-06,7428270743.0
2026-06-23 17:20:00,4.56e-06,4.56e-06,4.55e-06,4.56e-06,48351109.0
2026-06-23 17:25:00,4.56e-06,4.57e-06,4.56e-06,4.57e-06,1723175793.0
2026-06-23 17:30:00,4.56e-06,4.57e-06,4.55e-06,4.55e-06,1941965973.0
2026-06-23 17:35:00,4.55e-06,4.56e-06,4.54e-06,4.54e-06,551065059.0
2026-06-23 17:40:00,4.54e-06,4.55e-06,4.54e-06,4.54e-06,1407262683.0
2026-06-23 17:45:00,4.54e-06,4.54e-06,4.53e-06,4.54e-06,1860323604.0
2026-06-23 17:50:00,4.54e-06,4.54e-06,4.53e-06,4.54e-06,1369080944.0
2026-06-23 17:55:00,4.54e-06,4.54e-06,4.53e-06,4.54e-06,45623387.0
2026-06-23 18:00:00,4.54e-06,4.54e-06,4.53e-06,4.54e-06,133856432.0
2026-06-23 18:05:00,4.54e-06,4.54e-06,4.53e-06,4.53e-06,2157313348.0
2026-06-23 18:10:00,4.54e-06,4.54e-06,4.53e-06,4.54e-06,3285928901.0
2026-06-23 18:15:00,4.54e-06,4.54e-06,4.53e-06,4.54e-06,1623734270.0
2026-06-23 18:20:00,4.54e-06,4.54e-06,4.53e-06,4.54e-06,568584910.0
2026-06-23 18:25:00,4.54e-06,4.54e-06,4.53e-06,4.54e-06,65326311.0
2026-06-23 18:30:00,4.53e-06,4.54e-06,4.53e-06,4.54e-06,550703608.0
2026-06-23 18:35:00,4.53e-06,4.54e-06,4.53e-06,4.53e-06,630523730.0
2026-06-23 18:40:00,4.54e-06,4.54e-06,4.52e-06,4.52e-06,1601006822.0
2026-06-23 18:45:00,4.52e-06,4.54e-06,4.52e-06,4.53e-06,416325480.0
2026-06-23 18:50:00,4.53e-06,4.54e-06,4.53e-06,4.53e-06,130643308.0
2026-06-23 18:55:00,4.54e-06,4.54e-06,4.53e-06,4.53e-06,111163117.0
2026-06-23 19:00:00,4.53e-06,4.54e-06,4.53e-06,4.54e-06,1343014568.0
2026-06-23 19:05:00,4.55e-06,4.55e-06,4.53e-06,4.54e-06,1418645869.0
2026-06-23 19:10:00,4.54e-06,4.54e-06,4.53e-06,4.54e-06,235736626.0
2026-06-23 19:15:00,4.54e-06,4.54e-06,4.53e-06,4.54e-06,34443326.0
2026-06-23 19:20:00,4.54e-06,4.54e-06,4.53e-06,4.54e-06,13999917.0
2026-06-23 19:25:00,4.53e-06,4.54e-06,4.53e-06,4.53e-06,23322802.0
2026-06-23 19:30:00,4.54e-06,4.54e-06,4.53e-06,4.54e-06,552079534.0
2026-06-23 19:35:00,4.53e-06,4.54e-06,4.53e-06,4.53e-06,93560489.0
2026-06-23 19:40:00,4.53e-06,4.54e-06,4.53e-06,4.53e-06,89359677.0
2026-06-23 19:45:00,4.53e-06,4.54e-06,4.53e-06,4.53e-06,191529805.0
2026-06-23 19:50:00,4.54e-06,4.55e-06,4.53e-06,4.54e-06,3242468035.0
2026-06-23 19:55:00,4.54e-06,4.55e-06,4.53e-06,4.54e-06,1195084627.0
2026-06-23 20:00:00,4.54e-06,4.55e-06,4.54e-06,4.55e-06,357800086.0
2026-06-23 20:05:00,4.54e-06,4.56e-06,4.54e-06,4.55e-06,1971054629.0
2026-06-23 20:10:00,4.56e-06,4.56e-06,4.55e-06,4.56e-06,110710892.0
2026-06-23 20:15:00,4.55e-06,4.57e-06,4.55e-06,4.55e-06,430592673.0
2026-06-23 20:20:00,4.55e-06,4.56e-06,4.55e-06,4.55e-06,43705723.0
2026-06-23 20:25:00,4.56e-06,4.56e-06,4.55e-06,4.55e-06,50169374.0
2026-06-23 20:30:00,4.55e-06,4.56e-06,4.55e-06,4.56e-06,60213986.0
2026-06-23 20:35:00,4.55e-06,4.56e-06,4.55e-06,4.55e-06,206896016.0
2026-06-23 20:40:00,4.55e-06,4.56e-06,4.55e-06,4.55e-06,182989907.0
2026-06-23 20:45:00,4.55e-06,4.56e-06,4.55e-06,4.56e-06,62236437.0
2026-06-23 20:50:00,4.55e-06,4.56e-06,4.55e-06,4.55e-06,84515744.0
2026-06-23 20:55:00,4.55e-06,4.56e-06,4.55e-06,4.55e-06,95520077.0
2026-06-23 21:00:00,4.55e-06,4.57e-06,4.55e-06,4.56e-06,2015100685.0
2026-06-23 21:05:00,4.56e-06,4.57e-06,4.56e-06,4.56e-06,198824948.0
2026-06-23 21:10:00,4.56e-06,4.57e-06,4.55e-06,4.55e-06,455573946.0
2026-06-23 21:15:00,4.56e-06,4.57e-06,4.55e-06,4.55e-06,805857496.0
2026-06-23 21:20:00,4.56e-06,4.56e-06,4.55e-06,4.55e-06,182859410.0
2026-06-23 21:25:00,4.55e-06,4.56e-06,4.55e-06,4.56e-06,311363010.0
2026-06-23 21:30:00,4.56e-06,4.57e-06,4.56e-06,4.57e-06,374214761.0
2026-06-23 21:35:00,4.57e-06,4.57e-06,4.56e-06,4.56e-06,880091049.0
2026-06-23 21:40:00,4.56e-06,4.57e-06,4.56e-06,4.56e-06,2802346426.0
2026-06-23 21:45:00,4.56e-06,4.57e-06,4.56e-06,4.57e-06,87573718.0
2026-06-23 21:50:00,4.56e-06,4.57e-06,4.56e-06,4.57e-06,365304841.0
2026-06-23 21:55:00,4.56e-06,4.56e-06,4.55e-06,4.56e-06,99476081.0
2026-06-23 22:00:00,4.55e-06,4.57e-06,4.55e-06,4.56e-06,3541614707.0
2026-06-23 22:05:00,4.57e-06,4.58e-06,4.56e-06,4.58e-06,1241827096.0
2026-06-23 22:10:00,4.58e-06,4.58e-06,4.57e-06,4.58e-06,194722545.0
2026-06-23 22:15:00,4.58e-06,4.58e-06,4.57e-06,4.57e-06,949981242.0
2026-06-23 22:20:00,4.56e-06,4.57e-06,4.56e-06,4.56e-06,1166506010.0
2026-06-23 22:25:00,4.56e-06,4.57e-06,4.56e-06,4.57e-06,123032700.0
2026-06-23 22:30:00,4.56e-06,4.57e-06,4.56e-06,4.56e-06,161720208.0
2026-06-23 22:35:00,4.56e-06,4.56e-06,4.55e-06,4.56e-06,1285147793.0
2026-06-23 22:40:00,4.56e-06,4.57e-06,4.56e-06,4.56e-06,68512801.0
2026-06-23 22:45:00,4.56e-06,4.57e-06,4.56e-06,4.56e-06,148247847.0
2026-06-23 22:50:00,4.56e-06,4.57e-06,4.56e-06,4.56e-06,139601696.0
2026-06-23 22:55:00,4.56e-06,4.57e-06,4.56e-06,4.57e-06,400850355.0
2026-06-23 23:00:00,4.57e-06,4.57e-06,4.55e-06,4.56e-06,949095869.0
2026-06-23 23:05:00,4.56e-06,4.56e-06,4.55e-06,4.55e-06,434350569.0
2026-06-23 23:10:00,4.55e-06,4.56e-06,4.55e-06,4.56e-06,99264795.0
2026-06-23 23:15:00,4.56e-06,4.56e-06,4.55e-06,4.56e-06,172530343.0
2026-06-23 23:20:00,4.56e-06,4.57e-06,4.55e-06,4.56e-06,1441960473.0
2026-06-23 23:25:00,4.57e-06,4.57e-06,4.56e-06,4.57e-06,58027195.0
2026-06-23 23:30:00,4.57e-06,4.57e-06,4.56e-06,4.56e-06,795123450.0
2026-06-23 23:35:00,4.56e-06,4.57e-06,4.56e-06,4.56e-06,59001991.0
2026-06-23 23:40:00,4.56e-06,4.56e-06,4.55e-06,4.56e-06,561894619.0
2026-06-23 23:45:00,4.56e-06,4.58e-06,4.55e-06,4.57e-06,636646826.0
2026-06-23 23:50:00,4.58e-06,4.58e-06,4.56e-06,4.57e-06,1615516272.0
2026-06-23 23:55:00,4.57e-06,4.57e-06,4.56e-06,4.57e-06,15365081.0
2026-06-24 00:00:00,4.57e-06,4.58e-06,4.56e-06,4.57e-06,2148866137.0
2026-06-24 00:05:00,4.57e-06,4.58e-06,4.57e-06,4.58e-06,1083621396.0
2026-06-24 00:10:00,4.57e-06,4.59e-06,4.57e-06,4.57e-06,2142057897.0
2026-06-24 00:15:00,4.58e-06,4.58e-06,4.57e-06,4.58e-06,47730256.0
2026-06-24 00:20:00,4.57e-06,4.58e-06,4.57e-06,4.58e-06,172201649.0
2026-06-24 00:25:00,4.57e-06,4.58e-06,4.57e-06,4.57e-06,2161812625.0
2026-06-24 00:30:00,4.58e-06,4.58e-06,4.57e-06,4.57e-06,373534578.0
2026-06-24 00:35:00,4.58e-06,4.6e-06,4.57e-06,4.59e-06,4225264444.0
2026-06-24 00:40:00,4.58e-06,4.59e-06,4.57e-06,4.58e-06,4472664451.0
2026-06-24 00:45:00,4.58e-06,4.59e-06,4.57e-06,4.58e-06,1346857878.0
2026-06-24 00:50:00,4.59e-06,4.59e-06,4.58e-06,4.58e-06,9210825.0
2026-06-24 00:55:00,4.59e-06,4.59e-06,4.57e-06,4.59e-06,721440839.0
2026-06-24 01:00:00,4.59e-06,4.59e-06,4.57e-06,4.57e-06,627519465.0
2026-06-24 01:05:00,4.57e-06,4.58e-06,4.57e-06,4.58e-06,131323616.0
2026-06-24 01:10:00,4.57e-06,4.58e-06,4.57e-06,4.58e-06,19660406.0
2026-06-24 01:15:00,4.57e-06,4.58e-06,4.56e-06,4.56e-06,555307002.0
2026-06-24 01:20:00,4.57e-06,4.58e-06,4.56e-06,4.58e-06,451533050.0
2026-06-24 01:25:00,4.58e-06,4.58e-06,4.57e-06,4.57e-06,525143015.0
2026-06-24 01:30:00,4.58e-06,4.6e-06,4.58e-06,4.59e-06,3563544678.0
2026-06-24 01:35:00,4.6e-06,4.6e-06,4.59e-06,4.59e-06,168406884.0
2026-06-24 01:40:00,4.6e-06,4.6e-06,4.58e-06,4.59e-06,1436344934.0
2026-06-24 01:45:00,4.58e-06,4.59e-06,4.58e-06,4.59e-06,10052953.0
2026-06-24 01:50:00,4.58e-06,4.59e-06,4.58e-06,4.58e-06,485412649.0
2026-06-24 01:55:00,4.59e-06,4.59e-06,4.58e-06,4.58e-06,355533632.0
2026-06-24 02:00:00,4.58e-06,4.58e-06,4.57e-06,4.58e-06,20203403.0
2026-06-24 02:05:00,4.58e-06,4.58e-06,4.56e-06,4.58e-06,1135568390.0
2026-06-24 02:10:00,4.57e-06,4.58e-06,4.57e-06,4.57e-06,25592295.0
2026-06-24 02:15:00,4.57e-06,4.58e-06,4.56e-06,4.56e-06,688198467.0
2026-06-24 02:20:00,4.56e-06,4.57e-06,4.56e-06,4.57e-06,33622801.0
2026-06-24 02:25:00,4.56e-06,4.57e-06,4.56e-06,4.56e-06,330219447.0
2026-06-24 02:30:00,4.57e-06,4.57e-06,4.56e-06,4.57e-06,62325652.0
2026-06-24 02:35:00,4.56e-06,4.57e-06,4.56e-06,4.56e-06,733040089.0
2026-06-24 02:40:00,4.56e-06,4.57e-06,4.56e-06,4.56e-06,519182574.0
2026-06-24 02:45:00,4.56e-06,4.57e-06,4.56e-06,4.57e-06,104176729.0
2026-06-24 02:50:00,4.56e-06,4.57e-06,4.56e-06,4.56e-06,1541285971.0
2026-06-24 02:55:00,4.56e-06,4.57e-06,4.55e-06,4.55e-06,1688239490.0
2026-06-24 03:00:00,4.56e-06,4.57e-06,4.55e-06,4.55e-06,1519852018.0
2026-06-24 03:05:00,4.55e-06,4.56e-06,4.55e-06,4.56e-06,23511993.0
2026-06-24 03:10:00,4.55e-06,4.56e-06,4.55e-06,4.55e-06,333234152.0
2026-06-24 03:15:00,4.54e-06,4.55e-06,4.54e-06,4.54e-06,35027909.0
2026-06-24 03:20:00,4.54e-06,4.55e-06,4.54e-06,4.55e-06,896127466.0
2026-06-24 03:25:00,4.54e-06,4.56e-06,4.54e-06,4.56e-06,1749368754.0
2026-06-24 03:30:00,4.55e-06,4.56e-06,4.55e-06,4.55e-06,687763806.0
2026-06-24 03:35:00,4.56e-06,4.57e-06,4.56e-06,4.56e-06,1505813393.0
2026-06-24 03:40:00,4.56e-06,4.57e-06,4.56e-06,4.56e-06,21981958.0
2026-06-24 03:45:00,4.57e-06,4.57e-06,4.56e-06,4.56e-06,97020842.0
2026-06-24 03:50:00,4.56e-06,4.56e-06,4.55e-06,4.56e-06,950277865.0
2026-06-24 03:55:00,4.55e-06,4.56e-06,4.55e-06,4.56e-06,49606373.0
2026-06-24 04:00:00,4.55e-06,4.56e-06,4.55e-06,4.55e-06,16113527.0
2026-06-24 04:05:00,4.55e-06,4.56e-06,4.55e-06,4.55e-06,301054054.0
2026-06-24 04:10:00,4.55e-06,4.56e-06,4.55e-06,4.55e-06,61417123.0
2026-06-24 04:15:00,4.56e-06,4.56e-06,4.55e-06,4.56e-06,928471447.0
2026-06-24 04:20:00,4.56e-06,4.56e-06,4.54e-06,4.54e-06,1982383518.0
2026-06-24 04:25:00,4.53e-06,4.55e-06,4.53e-06,4.55e-06,614701400.0
2026-06-24 04:30:00,4.54e-06,4.55e-06,4.54e-06,4.54e-06,77174145.0
2026-06-24 04:35:00,4.55e-06,4.55e-06,4.54e-06,4.55e-06,794350784.0
2026-06-24 04:40:00,4.55e-06,4.55e-06,4.54e-06,4.55e-06,268465766.0
2026-06-24 04:45:00,4.55e-06,4.57e-06,4.55e-06,4.57e-06,1604928539.0
2026-06-24 04:50:00,4.57e-06,4.57e-06,4.56e-06,4.57e-06,636015827.0
2026-06-24 04:55:00,4.56e-06,4.57e-06,4.56e-06,4.56e-06,125496630.0
2026-06-24 05:00:00,4.56e-06,4.58e-06,4.56e-06,4.57e-06,339254179.0
2026-06-24 05:05:00,4.57e-06,4.57e-06,4.56e-06,4.57e-06,1817874801.0
2026-06-24 05:10:00,4.57e-06,4.58e-06,4.56e-06,4.57e-06,2395396215.0
2026-06-24 05:15:00,4.57e-06,4.58e-06,4.56e-06,4.58e-06,2593397591.0
2026-06-24 05:20:00,4.57e-06,4.57e-06,4.56e-06,4.57e-06,1200376576.0
2026-06-24 05:25:00,4.57e-06,4.58e-06,4.56e-06,4.57e-06,1261928977.0
2026-06-24 05:30:00,4.58e-06,4.58e-06,4.56e-06,4.57e-06,1455003513.0
2026-06-24 05:35:00,4.58e-06,4.58e-06,4.57e-06,4.58e-06,159980875.0
2026-06-24 05:40:00,4.57e-06,4.58e-06,4.57e-06,4.58e-06,79940538.0
2026-06-24 05:45:00,4.57e-06,4.58e-06,4.57e-06,4.58e-06,96993300.0
2026-06-24 05:50:00,4.58e-06,4.58e-06,4.57e-06,4.58e-06,61591094.0
2026-06-24 05:55:00,4.57e-06,4.58e-06,4.57e-06,4.57e-06,317691727.0
2026-06-24 06:00:00,4.58e-06,4.58e-06,4.56e-06,4.56e-06,1783331225.0
2026-06-24 06:05:00,4.56e-06,4.57e-06,4.56e-06,4.57e-06,76722068.0
2026-06-24 06:10:00,4.56e-06,4.58e-06,4.56e-06,4.57e-06,766728125.0
2026-06-24 06:15:00,4.57e-06,4.57e-06,4.56e-06,4.57e-06,98209344.0
2026-06-24 06:20:00,4.56e-06,4.57e-06,4.56e-06,4.57e-06,58268176.0
2026-06-24 06:25:00,4.57e-06,4.57e-06,4.56e-06,4.57e-06,87089792.0
2026-06-24 06:30:00,4.57e-06,4.58e-06,4.56e-06,4.57e-06,2586906853.0
2026-06-24 06:35:00,4.57e-06,4.58e-06,4.57e-06,4.57e-06,1175098315.0
2026-06-24 06:40:00,4.58e-06,4.58e-06,4.57e-06,4.58e-06,51794768.0
2026-06-24 06:45:00,4.57e-06,4.58e-06,4.57e-06,4.57e-06,126032444.0
2026-06-24 06:50:00,4.58e-06,4.58e-06,4.57e-06,4.58e-06,26557971.0
2026-06-24 06:55:00,4.57e-06,4.58e-06,4.57e-06,4.57e-06,4521930147.0
2026-06-24 07:00:00,4.58e-06,4.58e-06,4.56e-06,4.57e-06,1671987916.0
2026-06-24 07:05:00,4.57e-06,4.57e-06,4.56e-06,4.57e-06,30418166.0
2026-06-24 07:10:00,4.57e-06,4.57e-06,4.56e-06,4.57e-06,921438500.0
2026-06-24 07:15:00,4.57e-06,4.57e-06,4.56e-06,4.56e-06,71739329.0
2026-06-24 07:20:00,4.57e-06,4.57e-06,4.56e-06,4.57e-06,60527443.0
2026-06-24 07:25:00,4.57e-06,4.57e-06,4.56e-06,4.57e-06,265571132.0
2026-06-24 07:30:00,4.56e-06,4.58e-06,4.56e-06,4.57e-06,3327310957.0
2026-06-24 07:35:00,4.57e-06,4.57e-06,4.55e-06,4.56e-06,2165523773.0
2026-06-24 07:40:00,4.55e-06,4.56e-06,4.55e-06,4.56e-06,2538870862.0
2026-06-24 07:45:00,4.55e-06,4.56e-06,4.55e-06,4.55e-06,985857840.0
2026-06-24 07:50:00,4.55e-06,4.56e-06,4.55e-06,4.56e-06,357308170.0
2026-06-24 07:55:00,4.56e-06,4.56e-06,4.55e-06,4.55e-06,537709368.0
2026-06-24 08:00:00,4.55e-06,4.56e-06,4.55e-06,4.55e-06,1118286022.0
2026-06-24 08:05:00,4.55e-06,4.56e-06,4.55e-06,4.55e-06,287690088.0
2026-06-24 08:10:00,4.56e-06,4.57e-06,4.55e-06,4.57e-06,1376172675.0
2026-06-24 08:15:00,4.56e-06,4.57e-06,4.56e-06,4.57e-06,558063478.0
2026-06-24 08:20:00,4.57e-06,4.58e-06,4.56e-06,4.56e-06,2024971954.0
2026-06-24 08:25:00,4.57e-06,4.57e-06,4.56e-06,4.57e-06,63637411.0
2026-06-24 08:30:00,4.56e-06,4.57e-06,4.56e-06,4.56e-06,5647075764.0
2026-06-24 08:35:00,4.56e-06,4.57e-06,4.56e-06,4.56e-06,145958428.0
2026-06-24 08:40:00,4.57e-06,4.57e-06,4.56e-06,4.56e-06,90126289.0
2026-06-24 08:45:00,4.57e-06,4.57e-06,4.56e-06,4.56e-06,2949858085.0
2026-06-24 08:50:00,4.56e-06,4.57e-06,4.56e-06,4.57e-06,93613104.0
2026-06-24 08:55:00,4.56e-06,4.57e-06,4.56e-06,4.57e-06,96278426.0
2026-06-24 09:00:00,4.56e-06,4.57e-06,4.56e-06,4.57e-06,396970549.0
2026-06-24 09:05:00,4.57e-06,4.57e-06,4.56e-06,4.56e-06,1605657975.0
2026-06-24 09:10:00,4.56e-06,4.57e-06,4.56e-06,4.57e-06,134359515.0
2026-06-24 09:15:00,4.56e-06,4.56e-06,4.56e-06,4.56e-06,1864832671.0
2026-06-24 09:20:00,4.56e-06,4.56e-06,4.55e-06,4.56e-06,145545130.0
2026-06-24 09:25:00,4.55e-06,4.56e-06,4.55e-06,4.56e-06,515718570.0
2026-06-24 09:30:00,4.55e-06,4.56e-06,4.55e-06,4.55e-06,702800417.0
2026-06-24 09:35:00,4.56e-06,4.56e-06,4.55e-06,4.56e-06,437225807.0
2026-06-24 09:40:00,4.55e-06,4.56e-06,4.55e-06,4.56e-06,508358415.0
2026-06-24 09:45:00,4.55e-06,4.57e-06,4.55e-06,4.56e-06,1908146882.0
2026-06-24 09:50:00,4.56e-06,4.57e-06,4.56e-06,4.56e-06,60341014.0
2026-06-24 09:55:00,4.56e-06,4.57e-06,4.56e-06,4.56e-06,227669131.0
2026-06-24 10:00:00,4.57e-06,4.57e-06,4.55e-06,4.56e-06,2549874520.0
2026-06-24 10:05:00,4.56e-06,4.56e-06,4.55e-06,4.55e-06,134152238.0
2026-06-24 10:10:00,4.56e-06,4.56e-06,4.55e-06,4.55e-06,220241712.0
2026-06-24 10:15:00,4.55e-06,4.55e-06,4.54e-06,4.54e-06,5685163651.0
2026-06-24 10:20:00,4.54e-06,4.55e-06,4.53e-06,4.54e-06,671257810.0
2026-06-24 10:25:00,4.54e-06,4.55e-06,4.54e-06,4.54e-06,44378798.0
2026-06-24 10:30:00,4.54e-06,4.55e-06,4.54e-06,4.54e-06,744255917.0
2026-06-24 10:35:00,4.54e-06,4.55e-06,4.54e-06,4.54e-06,996137089.0
2026-06-24 10:40:00,4.54e-06,4.55e-06,4.54e-06,4.55e-06,162739889.0
2026-06-24 10:45:00,4.54e-06,4.55e-06,4.54e-06,4.54e-06,131136438.0
2026-06-24 10:50:00,4.54e-06,4.55e-06,4.54e-06,4.54e-06,43097054.0
2026-06-24 10:55:00,4.54e-06,4.55e-06,4.54e-06,4.55e-06,397425828.0
2026-06-24 11:00:00,4.54e-06,4.55e-06,4.54e-06,4.54e-06,214383312.0
2026-06-24 11:05:00,4.55e-06,4.55e-06,4.53e-06,4.53e-06,1878558290.0
2026-06-24 11:10:00,4.53e-06,4.54e-06,4.53e-06,4.54e-06,448372852.0
2026-06-24 11:15:00,4.53e-06,4.54e-06,4.52e-06,4.53e-06,1452350786.0
2026-06-24 11:20:00,4.53e-06,4.54e-06,4.52e-06,4.53e-06,1245655967.0
2026-06-24 11:25:00,4.53e-06,4.54e-06,4.53e-06,4.53e-06,510920526.0
2026-06-24 11:30:00,4.53e-06,4.55e-06,4.53e-06,4.54e-06,909317409.0
2026-06-24 11:35:00,4.54e-06,4.56e-06,4.54e-06,4.56e-06,794611623.0
2026-06-24 11:40:00,4.55e-06,4.56e-06,4.54e-06,4.55e-06,1300221363.0
2026-06-24 11:45:00,4.55e-06,4.6e-06,4.55e-06,4.59e-06,11207455879.0
2026-06-24 11:50:00,4.59e-06,4.6e-06,4.57e-06,4.58e-06,3649394714.0
2026-06-24 11:55:00,4.57e-06,4.58e-06,4.56e-06,4.56e-06,625960320.0
2026-06-24 12:00:00,4.57e-06,4.58e-06,4.56e-06,4.58e-06,1004404379.0
2026-06-24 12:05:00,4.58e-06,4.58e-06,4.56e-06,4.57e-06,1080825184.0
2026-06-24 12:10:00,4.57e-06,4.57e-06,4.56e-06,4.57e-06,2548916203.0
2026-06-24 12:15:00,4.56e-06,4.57e-06,4.56e-06,4.56e-06,873328576.0
2026-06-24 12:20:00,4.57e-06,4.57e-06,4.55e-06,4.56e-06,1072968379.0
2026-06-24 12:25:00,4.55e-06,4.56e-06,4.55e-06,4.55e-06,55861642.0
2026-06-24 12:30:00,4.55e-06,4.56e-06,4.54e-06,4.55e-06,5401315386.0
2026-06-24 12:35:00,4.56e-06,4.56e-06,4.56e-06,4.56e-06,28690553.0
2026-06-24 12:40:00,4.55e-06,4.56e-06,4.55e-06,4.55e-06,103310524.0
2026-06-24 12:45:00,4.55e-06,4.55e-06,4.54e-06,4.55e-06,1113991746.0
2026-06-24 12:50:00,4.54e-06,4.55e-06,4.54e-06,4.55e-06,243150744.0
2026-06-24 12:55:00,4.54e-06,4.55e-06,4.54e-06,4.54e-06,395347377.0
2026-06-24 13:00:00,4.54e-06,4.55e-06,4.53e-06,4.54e-06,2956212063.0
2026-06-24 13:05:00,4.53e-06,4.54e-06,4.51e-06,4.52e-06,1827766284.0
2026-06-24 13:10:00,4.53e-06,4.53e-06,4.5e-06,4.51e-06,7842056401.0
2026-06-24 13:15:00,4.51e-06,4.51e-06,4.5e-06,4.51e-06,2708461084.0
2026-06-24 13:20:00,4.5e-06,4.51e-06,4.46e-06,4.48e-06,8906674720.0
2026-06-24 13:25:00,4.48e-06,4.49e-06,4.47e-06,4.48e-06,3864509748.0
2026-06-24 13:30:00,4.48e-06,4.51e-06,4.46e-06,4.51e-06,11224741985.0
2026-06-24 13:35:00,4.5e-06,4.51e-06,4.48e-06,4.48e-06,3742259572.0
2026-06-24 13:40:00,4.49e-06,4.49e-06,4.46e-06,4.48e-06,7075383348.0
2026-06-24 13:45:00,4.47e-06,4.48e-06,4.45e-06,4.47e-06,14866503317.0
2026-06-24 13:50:00,4.46e-06,4.48e-06,4.46e-06,4.48e-06,2403800807.0
2026-06-24 13:55:00,4.47e-06,4.48e-06,4.46e-06,4.47e-06,2127008150.0
2026-06-24 14:00:00,4.47e-06,4.47e-06,4.45e-06,4.45e-06,13464591638.0
2026-06-24 14:05:00,4.45e-06,4.48e-06,4.45e-06,4.46e-06,9735683763.0
2026-06-24 14:10:00,4.46e-06,4.48e-06,4.46e-06,4.47e-06,6756495997.0
2026-06-24 14:15:00,4.47e-06,4.47e-06,4.45e-06,4.46e-06,2450709560.0
2026-06-24 14:20:00,4.46e-06,4.48e-06,4.45e-06,4.47e-06,3101016087.0
2026-06-24 14:25:00,4.47e-06,4.48e-06,4.47e-06,4.48e-06,512687912.0
2026-06-24 14:30:00,4.47e-06,4.49e-06,4.47e-06,4.48e-06,1138086075.0
2026-06-24 14:35:00,4.48e-06,4.49e-06,4.48e-06,4.48e-06,4786863641.0
2026-06-24 14:40:00,4.47e-06,4.49e-06,4.47e-06,4.48e-06,1858998209.0
2026-06-24 14:45:00,4.48e-06,4.49e-06,4.47e-06,4.48e-06,5107421835.0
2026-06-24 14:50:00,4.48e-06,4.49e-06,4.47e-06,4.48e-06,2542069098.0
2026-06-24 14:55:00,4.47e-06,4.48e-06,4.47e-06,4.48e-06,1310052214.0
2026-06-24 15:00:00,4.48e-06,4.48e-06,4.46e-06,4.46e-06,1253959271.0
2026-06-24 15:05:00,4.46e-06,4.47e-06,4.45e-06,4.46e-06,2003359714.0
2026-06-24 15:10:00,4.46e-06,4.47e-06,4.45e-06,4.45e-06,1959400929.0
2026-06-24 15:15:00,4.46e-06,4.47e-06,4.45e-06,4.47e-06,5846350120.0
2026-06-24 15:20:00,4.47e-06,4.49e-06,4.47e-06,4.48e-06,5713281526.0
2026-06-24 15:25:00,4.47e-06,4.49e-06,4.47e-06,4.48e-06,1460216544.0
2026-06-24 15:30:00,4.47e-06,4.47e-06,4.44e-06,4.45e-06,7685490916.0
2026-06-24 15:35:00,4.45e-06,4.45e-06,4.43e-06,4.45e-06,804212033.0
2026-06-24 15:40:00,4.45e-06,4.45e-06,4.39e-06,4.4e-06,29246237617.0
2026-06-24 15:45:00,4.41e-06,4.41e-06,4.35e-06,4.37e-06,41045405380.0
2026-06-24 15:50:00,4.36e-06,4.38e-06,4.36e-06,4.37e-06,5835426999.0
2026-06-24 15:55:00,4.38e-06,4.38e-06,4.36e-06,4.37e-06,4538543882.0
2026-06-24 16:00:00,4.36e-06,4.39e-06,4.36e-06,4.38e-06,3706681199.0
2026-06-24 16:05:00,4.38e-06,4.39e-06,4.36e-06,4.38e-06,3655916247.0
2026-06-24 16:10:00,4.38e-06,4.42e-06,4.38e-06,4.41e-06,5989937320.0
2026-06-24 16:15:00,4.41e-06,4.42e-06,4.4e-06,4.4e-06,2134475374.0
2026-06-24 16:20:00,4.4e-06,4.42e-06,4.39e-06,4.41e-06,2719000534.0
2026-06-24 16:25:00,4.4e-06,4.42e-06,4.39e-06,4.4e-06,4256344788.0
2026-06-24 16:30:00,4.41e-06,4.41e-06,4.4e-06,4.4e-06,190336250.0
2026-06-24 16:35:00,4.4e-06,4.41e-06,4.39e-06,4.39e-06,2640036408.0
2026-06-24 16:40:00,4.39e-06,4.4e-06,4.38e-06,4.39e-06,9367867908.0
2026-06-24 16:45:00,4.39e-06,4.39e-06,4.35e-06,4.36e-06,12584633938.0
2026-06-24 16:50:00,4.35e-06,4.36e-06,4.28e-06,4.31e-06,52908681667.0
2026-06-24 16:55:00,4.32e-06,4.32e-06,4.29e-06,4.3e-06,38463699417.0
2026-06-24 17:00:00,4.3e-06,4.33e-06,4.29e-06,4.3e-06,15199501144.0
2026-06-24 17:05:00,4.3e-06,4.31e-06,4.27e-06,4.27e-06,7309947683.0
2026-06-24 17:10:00,4.28e-06,4.29e-06,4.26e-06,4.27e-06,21947467416.0
2026-06-24 17:15:00,4.28e-06,4.28e-06,4.26e-06,4.26e-06,7849673463.0
2026-06-24 17:20:00,4.27e-06,4.27e-06,4.23e-06,4.25e-06,19875119256.0
2026-06-24 17:25:00,4.24e-06,4.27e-06,4.23e-06,4.25e-06,10922128857.0
2026-06-24 17:30:00,4.25e-06,4.25e-06,4.23e-06,4.25e-06,10466239867.0
2026-06-24 17:35:00,4.25e-06,4.26e-06,4.23e-06,4.24e-06,5172246654.0
2026-06-24 17:40:00,4.24e-06,4.24e-06,4.22e-06,4.23e-06,7640048533.0
2026-06-24 17:45:00,4.23e-06,4.24e-06,4.21e-06,4.22e-06,12560389196.0
2026-06-24 17:50:00,4.22e-06,4.24e-06,4.22e-06,4.23e-06,5257638715.0
2026-06-24 17:55:00,4.23e-06,4.23e-06,4.21e-06,4.23e-06,2395941008.0
2026-06-24 18:00:00,4.23e-06,4.24e-06,4.21e-06,4.23e-06,4996618443.0
2026-06-24 18:05:00,4.23e-06,4.26e-06,4.23e-06,4.25e-06,4422487877.0
2026-06-24 18:10:00,4.25e-06,4.26e-06,4.24e-06,4.25e-06,2251337806.0
2026-06-24 18:15:00,4.26e-06,4.28e-06,4.26e-06,4.27e-06,3302118840.0
2026-06-24 18:20:00,4.27e-06,4.3e-06,4.27e-06,4.29e-06,3111488642.0
2026-06-24 18:25:00,4.3e-06,4.3e-06,4.28e-06,4.28e-06,2273223315.0
2026-06-24 18:30:00,4.28e-06,4.3e-06,4.28e-06,4.28e-06,3865737515.0
2026-06-24 18:35:00,4.29e-06,4.29e-06,4.28e-06,4.28e-06,413243708.0
2026-06-24 18:40:00,4.29e-06,4.29e-06,4.27e-06,4.28e-06,1426070110.0
2026-06-24 18:45:00,4.27e-06,4.28e-06,4.27e-06,4.27e-06,1117144208.0
2026-06-24 18:50:00,4.27e-06,4.27e-06,4.26e-06,4.26e-06,2056296885.0
2026-06-24 18:55:00,4.27e-06,4.28e-06,4.26e-06,4.26e-06,1936490919.0
2026-06-24 19:00:00,4.27e-06,4.28e-06,4.26e-06,4.27e-06,5006626585.0
2026-06-24 19:05:00,4.27e-06,4.28e-06,4.26e-06,4.27e-06,7062858090.0
2026-06-24 19:10:00,4.26e-06,4.27e-06,4.24e-06,4.24e-06,1937979560.0
2026-06-24 19:15:00,4.24e-06,4.25e-06,4.24e-06,4.25e-06,948664290.0
2026-06-24 19:20:00,4.25e-06,4.26e-06,4.24e-06,4.25e-06,2516081702.0
2026-06-24 19:25:00,4.25e-06,4.26e-06,4.25e-06,4.25e-06,822702149.0
2026-06-24 19:30:00,4.25e-06,4.26e-06,4.25e-06,4.26e-06,783537215.0
2026-06-24 19:35:00,4.26e-06,4.27e-06,4.25e-06,4.25e-06,2014213402.0
2026-06-24 19:40:00,4.25e-06,4.26e-06,4.25e-06,4.25e-06,531724644.0
2026-06-24 19:45:00,4.26e-06,4.26e-06,4.25e-06,4.26e-06,240315227.0
2026-06-24 19:50:00,4.26e-06,4.28e-06,4.26e-06,4.27e-06,8753895866.0
2026-06-24 19:55:00,4.27e-06,4.28e-06,4.26e-06,4.27e-06,2916267330.0
2026-06-24 20:00:00,4.28e-06,4.32e-06,4.26e-06,4.31e-06,10834899413.0
2026-06-24 20:05:00,4.31e-06,4.34e-06,4.31e-06,4.33e-06,7552447907.0
2026-06-24 20:10:00,4.33e-06,4.34e-06,4.32e-06,4.32e-06,1947599585.0
2026-06-24 20:15:00,4.33e-06,4.34e-06,4.32e-06,4.34e-06,839697933.0
2026-06-24 20:20:00,4.33e-06,4.34e-06,4.33e-06,4.34e-06,1015977051.0
2026-06-24 20:25:00,4.33e-06,4.34e-06,4.33e-06,4.34e-06,1200461134.0
2026-06-24 20:30:00,4.34e-06,4.35e-06,4.33e-06,4.35e-06,3919905241.0
2026-06-24 20:35:00,4.34e-06,4.35e-06,4.34e-06,4.35e-06,2548024725.0
2026-06-24 20:40:00,4.34e-06,4.35e-06,4.34e-06,4.34e-06,559779176.0
2026-06-24 20:45:00,4.35e-06,4.36e-06,4.34e-06,4.36e-06,2455903748.0
2026-06-24 20:50:00,4.36e-06,4.37e-06,4.34e-06,4.35e-06,7439389137.0
2026-06-24 20:55:00,4.35e-06,4.36e-06,4.34e-06,4.35e-06,3723379230.0
2026-06-24 21:00:00,4.35e-06,4.35e-06,4.33e-06,4.34e-06,5564617692.0
2026-06-24 21:05:00,4.34e-06,4.34e-06,4.34e-06,4.34e-06,352033608.0
2026-06-24 21:10:00,4.34e-06,4.35e-06,4.33e-06,4.34e-06,1453760469.0
2026-06-24 21:15:00,4.34e-06,4.35e-06,4.33e-06,4.34e-06,4662146283.0
2026-06-24 21:20:00,4.34e-06,4.35e-06,4.34e-06,4.34e-06,322295996.0
2026-06-24 21:25:00,4.34e-06,4.35e-06,4.34e-06,4.35e-06,183686626.0
2026-06-24 21:30:00,4.35e-06,4.35e-06,4.34e-06,4.34e-06,137681994.0
2026-06-24 21:35:00,4.35e-06,4.36e-06,4.34e-06,4.35e-06,4836149336.0
2026-06-24 21:40:00,4.35e-06,4.36e-06,4.34e-06,4.35e-06,2645399630.0
2026-06-24 21:45:00,4.35e-06,4.36e-06,4.35e-06,4.36e-06,3760666539.0
2026-06-24 21:50:00,4.35e-06,4.36e-06,4.35e-06,4.35e-06,696185858.0
2026-06-24 21:55:00,4.35e-06,4.37e-06,4.35e-06,4.36e-06,5799337766.0
2026-06-24 22:00:00,4.37e-06,4.38e-06,4.37e-06,4.37e-06,2835059419.0
2026-06-24 22:05:00,4.37e-06,4.38e-06,4.37e-06,4.37e-06,2992967554.0
2026-06-24 22:10:00,4.37e-06,4.38e-06,4.37e-06,4.37e-06,1293193702.0
2026-06-24 22:15:00,4.37e-06,4.38e-06,4.37e-06,4.37e-06,2958523326.0
2026-06-24 22:20:00,4.37e-06,4.38e-06,4.37e-06,4.37e-06,337689535.0
2026-06-24 22:25:00,4.37e-06,4.38e-06,4.36e-06,4.36e-06,9793693843.0
2026-06-24 22:30:00,4.36e-06,4.38e-06,4.36e-06,4.37e-06,2662806115.0
2026-06-24 22:35:00,4.37e-06,4.38e-06,4.36e-06,4.36e-06,1467860850.0
2026-06-24 22:40:00,4.37e-06,4.37e-06,4.36e-06,4.36e-06,826514900.0
2026-06-24 22:45:00,4.36e-06,4.37e-06,4.35e-06,4.35e-06,756098533.0
2026-06-24 22:50:00,4.36e-06,4.37e-06,4.35e-06,4.36e-06,1429321288.0
2026-06-24 22:55:00,4.36e-06,4.37e-06,4.36e-06,4.37e-06,2330435739.0
2026-06-24 23:00:00,4.37e-06,4.37e-06,4.36e-06,4.37e-06,1269376081.0
2026-06-24 23:05:00,4.38e-06,4.38e-06,4.37e-06,4.37e-06,273104325.0
2026-06-24 23:10:00,4.37e-06,4.38e-06,4.36e-06,4.36e-06,4248104554.0
2026-06-24 23:15:00,4.37e-06,4.38e-06,4.37e-06,4.37e-06,3424719046.0
2026-06-24 23:20:00,4.37e-06,4.39e-06,4.37e-06,4.38e-06,2999285984.0
2026-06-24 23:25:00,4.39e-06,4.39e-06,4.38e-06,4.39e-06,3533660779.0
2026-06-24 23:30:00,4.38e-06,4.39e-06,4.38e-06,4.38e-06,236245069.0
2026-06-24 23:35:00,4.39e-06,4.39e-06,4.38e-06,4.39e-06,113379140.0
2026-06-24 23:40:00,4.39e-06,4.39e-06,4.38e-06,4.39e-06,212526835.0
2026-06-24 23:45:00,4.39e-06,4.4e-06,4.38e-06,4.38e-06,1034332057.0
2026-06-24 23:50:00,4.39e-06,4.39e-06,4.38e-06,4.38e-06,4705228193.0
2026-06-24 23:55:00,4.39e-06,4.39e-06,4.38e-06,4.38e-06,226547184.0
2026-06-25 00:00:00,4.38e-06,4.39e-06,4.38e-06,4.39e-06,653707706.0
2026-06-25 00:05:00,4.39e-06,4.4e-06,4.38e-06,4.39e-06,1442331911.0
2026-06-25 00:10:00,4.38e-06,4.39e-06,4.38e-06,4.39e-06,3392484617.0
2026-06-25 00:15:00,4.39e-06,4.39e-06,4.38e-06,4.39e-06,914421220.0
2026-06-25 00:20:00,4.39e-06,4.4e-06,4.38e-06,4.39e-06,2355220805.0
2026-06-25 00:25:00,4.39e-06,4.4e-06,4.39e-06,4.39e-06,713996399.0
2026-06-25 00:30:00,4.39e-06,4.4e-06,4.39e-06,4.4e-06,2932969444.0
2026-06-25 00:35:00,4.39e-06,4.39e-06,4.38e-06,4.39e-06,7578518063.0
2026-06-25 00:40:00,4.39e-06,4.39e-06,4.38e-06,4.39e-06,1349173912.0
2026-06-25 00:45:00,4.39e-06,4.46e-06,4.39e-06,4.4e-06,32519205519.0
2026-06-25 00:50:00,4.4e-06,4.41e-06,4.39e-06,4.4e-06,11332189734.0
2026-06-25 00:55:00,4.41e-06,4.41e-06,4.39e-06,4.39e-06,552772212.0
2026-06-25 01:00:00,4.39e-06,4.41e-06,4.39e-06,4.39e-06,1290722821.0
2026-06-25 01:05:00,4.4e-06,4.4e-06,4.38e-06,4.39e-06,7306207517.0
2026-06-25 01:10:00,4.39e-06,4.39e-06,4.38e-06,4.38e-06,2194749556.0
2026-06-25 01:15:00,4.39e-06,4.39e-06,4.38e-06,4.38e-06,1811638616.0
2026-06-25 01:20:00,4.38e-06,4.4e-06,4.38e-06,4.4e-06,1235233800.0
2026-06-25 01:25:00,4.39e-06,4.4e-06,4.38e-06,4.39e-06,5942093229.0
2026-06-25 01:30:00,4.39e-06,4.39e-06,4.38e-06,4.39e-06,89262024.0
2026-06-25 01:35:00,4.38e-06,4.4e-06,4.38e-06,4.4e-06,906589714.0
2026-06-25 01:40:00,4.4e-06,4.4e-06,4.38e-06,4.39e-06,1764665391.0
2026-06-25 01:45:00,4.39e-06,4.39e-06,4.39e-06,4.39e-06,1071391957.0
2026-06-25 01:50:00,4.39e-06,4.4e-06,4.39e-06,4.4e-06,148279231.0
2026-06-25 01:55:00,4.4e-06,4.4e-06,4.39e-06,4.4e-06,370189534.0
2026-06-25 02:00:00,4.4e-06,4.4e-06,4.39e-06,4.39e-06,3549140393.0
2026-06-25 02:05:00,4.39e-06,4.4e-06,4.38e-06,4.39e-06,1702630738.0
2026-06-25 02:10:00,4.39e-06,4.39e-06,4.38e-06,4.39e-06,45433225.0
2026-06-25 02:15:00,4.38e-06,4.39e-06,4.38e-06,4.39e-06,293143479.0
2026-06-25 02:20:00,4.39e-06,4.4e-06,4.38e-06,4.39e-06,1406384533.0
2026-06-25 02:25:00,4.38e-06,4.39e-06,4.38e-06,4.39e-06,1397655386.0
2026-06-25 02:30:00,4.39e-06,4.39e-06,4.38e-06,4.39e-06,2821597678.0
2026-06-25 02:35:00,4.38e-06,4.4e-06,4.38e-06,4.38e-06,204993754.0
2026-06-25 02:40:00,4.39e-06,4.39e-06,4.37e-06,4.38e-06,2936512444.0
2026-06-25 02:45:00,4.38e-06,4.38e-06,4.37e-06,4.38e-06,104374989.0
2026-06-25 02:50:00,4.38e-06,4.38e-06,4.37e-06,4.38e-06,107857447.0
2026-06-25 02:55:00,4.38e-06,4.38e-06,4.37e-06,4.38e-06,69818400.0
2026-06-25 03:00:00,4.37e-06,4.38e-06,4.37e-06,4.38e-06,1081699675.0
2026-06-25 03:05:00,4.38e-06,4.38e-06,4.37e-06,4.38e-06,109148626.0
2026-06-25 03:10:00,4.38e-06,4.38e-06,4.36e-06,4.37e-06,3272970731.0
2026-06-25 03:15:00,4.38e-06,4.38e-06,4.37e-06,4.37e-06,3813413243.0
2026-06-25 03:20:00,4.38e-06,4.38e-06,4.37e-06,4.38e-06,359516520.0
2026-06-25 03:25:00,4.38e-06,4.38e-06,4.37e-06,4.38e-06,55887448.0
2026-06-25 03:30:00,4.38e-06,4.38e-06,4.37e-06,4.38e-06,74382462.0
2026-06-25 03:35:00,4.38e-06,4.38e-06,4.37e-06,4.38e-06,137584637.0
2026-06-25 03:40:00,4.38e-06,4.39e-06,4.38e-06,4.38e-06,2030380886.0
2026-06-25 03:45:00,4.37e-06,4.39e-06,4.37e-06,4.39e-06,897612356.0
2026-06-25 03:50:00,4.38e-06,4.39e-06,4.38e-06,4.38e-06,121697397.0
2026-06-25 03:55:00,4.38e-06,4.39e-06,4.38e-06,4.39e-06,224998260.0
2026-06-25 04:00:00,4.38e-06,4.39e-06,4.38e-06,4.39e-06,172252438.0
2026-06-25 04:05:00,4.38e-06,4.39e-06,4.38e-06,4.38e-06,397028990.0
2026-06-25 04:10:00,4.38e-06,4.39e-06,4.37e-06,4.37e-06,934597954.0
2026-06-25 04:15:00,4.38e-06,4.38e-06,4.37e-06,4.37e-06,225025190.0
2026-06-25 04:20:00,4.37e-06,4.38e-06,4.37e-06,4.37e-06,286825714.0
2026-06-25 04:25:00,4.37e-06,4.38e-06,4.37e-06,4.37e-06,87936013.0
2026-06-25 04:30:00,4.37e-06,4.38e-06,4.37e-06,4.37e-06,1011457711.0
2026-06-25 04:35:00,4.37e-06,4.38e-06,4.37e-06,4.37e-06,236324517.0
2026-06-25 04:40:00,4.37e-06,4.38e-06,4.37e-06,4.37e-06,250542874.0
2026-06-25 04:45:00,4.37e-06,4.39e-06,4.37e-06,4.39e-06,3362567448.0
2026-06-25 04:50:00,4.38e-06,4.4e-06,4.38e-06,4.4e-06,3038485452.0
2026-06-25 04:55:00,4.39e-06,4.42e-06,4.39e-06,4.4e-06,4251893816.0
2026-06-25 05:00:00,4.41e-06,4.43e-06,4.4e-06,4.42e-06,4773246635.0
2026-06-25 05:05:00,4.42e-06,4.44e-06,4.42e-06,4.43e-06,3034872020.0
2026-06-25 05:10:00,4.43e-06,4.44e-06,4.43e-06,4.43e-06,3285403585.0
2026-06-25 05:15:00,4.44e-06,4.44e-06,4.42e-06,4.42e-06,1124580672.0
2026-06-25 05:20:00,4.43e-06,4.45e-06,4.42e-06,4.44e-06,1134596134.0
2026-06-25 05:25:00,4.44e-06,4.44e-06,4.43e-06,4.43e-06,872882831.0
2026-06-25 05:30:00,4.43e-06,4.44e-06,4.43e-06,4.43e-06,1108399429.0
2026-06-25 05:35:00,4.43e-06,4.44e-06,4.43e-06,4.43e-06,200241126.0
2026-06-25 05:40:00,4.43e-06,4.44e-06,4.43e-06,4.43e-06,998284093.0
2026-06-25 05:45:00,4.43e-06,4.44e-06,4.42e-06,4.44e-06,3026500857.0
2026-06-25 05:50:00,4.44e-06,4.44e-06,4.42e-06,4.43e-06,1299978229.0
2026-06-25 05:55:00,4.43e-06,4.43e-06,4.42e-06,4.43e-06,257234044.0
2026-06-25 06:00:00,4.43e-06,4.44e-06,4.42e-06,4.42e-06,1130365735.0
2026-06-25 06:05:00,4.43e-06,4.44e-06,4.42e-06,4.44e-06,1097345568.0
2026-06-25 06:10:00,4.43e-06,4.44e-06,4.43e-06,4.43e-06,202783586.0
2026-06-25 06:15:00,4.43e-06,4.44e-06,4.43e-06,4.44e-06,204278314.0
2026-06-25 06:20:00,4.43e-06,4.43e-06,4.42e-06,4.43e-06,423133636.0
2026-06-25 06:25:00,4.42e-06,4.43e-06,4.42e-06,4.42e-06,499094307.0
2026-06-25 06:30:00,4.42e-06,4.43e-06,4.42e-06,4.42e-06,359879168.0
2026-06-25 06:35:00,4.43e-06,4.43e-06,4.42e-06,4.42e-06,347512633.0
2026-06-25 06:40:00,4.42e-06,4.43e-06,4.42e-06,4.43e-06,970023154.0
2026-06-25 06:45:00,4.43e-06,4.43e-06,4.42e-06,4.43e-06,671872916.0
2026-06-25 06:50:00,4.42e-06,4.43e-06,4.42e-06,4.42e-06,254472488.0
2026-06-25 06:55:00,4.42e-06,4.44e-06,4.42e-06,4.43e-06,440369007.0
2026-06-25 07:00:00,4.43e-06,4.43e-06,4.42e-06,4.42e-06,2503044394.0
2026-06-25 07:05:00,4.42e-06,4.43e-06,4.41e-06,4.43e-06,10481073541.0
2026-06-25 07:10:00,4.42e-06,4.43e-06,4.42e-06,4.42e-06,381562611.0
2026-06-25 07:15:00,4.43e-06,4.43e-06,4.42e-06,4.42e-06,266594086.0
2026-06-25 07:20:00,4.42e-06,4.43e-06,4.42e-06,4.42e-06,1547223610.0
2026-06-25 07:25:00,4.42e-06,4.43e-06,4.42e-06,4.42e-06,167257209.0
2026-06-25 07:30:00,4.43e-06,4.43e-06,4.42e-06,4.42e-06,1110019943.0
2026-06-25 07:35:00,4.42e-06,4.43e-06,4.42e-06,4.42e-06,455446411.0
2026-06-25 07:40:00,4.42e-06,4.43e-06,4.42e-06,4.43e-06,1077839772.0
2026-06-25 07:45:00,4.42e-06,4.43e-06,4.42e-06,4.42e-06,1072589825.0
2026-06-25 07:50:00,4.43e-06,4.43e-06,4.42e-06,4.42e-06,108685715.0
2026-06-25 07:55:00,4.42e-06,4.43e-06,4.42e-06,4.42e-06,38890577.0
2026-06-25 08:00:00,4.43e-06,4.43e-06,4.42e-06,4.42e-06,386013651.0
2026-06-25 08:05:00,4.43e-06,4.43e-06,4.42e-06,4.42e-06,821739487.0
2026-06-25 08:10:00,4.43e-06,4.43e-06,4.42e-06,4.43e-06,367010322.0
2026-06-25 08:15:00,4.43e-06,4.43e-06,4.42e-06,4.43e-06,271216895.0
2026-06-25 08:20:00,4.43e-06,4.44e-06,4.42e-06,4.43e-06,3052433760.0
2026-06-25 08:25:00,4.44e-06,4.44e-06,4.43e-06,4.43e-06,825232167.0
2026-06-25 08:30:00,4.43e-06,4.44e-06,4.43e-06,4.43e-06,356433264.0
2026-06-25 08:35:00,4.43e-06,4.44e-06,4.43e-06,4.44e-06,309315720.0
2026-06-25 08:40:00,4.44e-06,4.44e-06,4.43e-06,4.43e-06,172405039.0
2026-06-25 08:45:00,4.43e-06,4.44e-06,4.42e-06,4.43e-06,239691867.0
2026-06-25 08:50:00,4.43e-06,4.43e-06,4.42e-06,4.43e-06,57951592.0
2026-06-25 08:55:00,4.42e-06,4.43e-06,4.42e-06,4.43e-06,168772839.0
2026-06-25 09:00:00,4.43e-06,4.44e-06,4.42e-06,4.43e-06,2093755910.0
2026-06-25 09:05:00,4.43e-06,4.43e-06,4.42e-06,4.43e-06,861643503.0
2026-06-25 09:10:00,4.43e-06,4.44e-06,4.42e-06,4.43e-06,4426619768.0
2026-06-25 09:15:00,4.43e-06,4.43e-06,4.42e-06,4.43e-06,850724980.0
2026-06-25 09:20:00,4.42e-06,4.43e-06,4.41e-06,4.42e-06,3815095808.0
2026-06-25 09:25:00,4.41e-06,4.42e-06,4.41e-06,4.42e-06,700697151.0
2026-06-25 09:30:00,4.41e-06,4.43e-06,4.4e-06,4.42e-06,2373855450.0
2026-06-25 09:35:00,4.41e-06,4.42e-06,4.41e-06,4.42e-06,145379109.0
2026-06-25 09:40:00,4.42e-06,4.42e-06,4.41e-06,4.42e-06,3722016872.0
2026-06-25 09:45:00,4.42e-06,4.42e-06,4.41e-06,4.42e-06,209717788.0
2026-06-25 09:50:00,4.42e-06,4.42e-06,4.41e-06,4.42e-06,990020506.0
2026-06-25 09:55:00,4.42e-06,4.42e-06,4.41e-06,4.41e-06,171705073.0
2026-06-25 10:00:00,4.42e-06,4.42e-06,4.41e-06,4.41e-06,1259236495.0
2026-06-25 10:05:00,4.41e-06,4.42e-06,4.41e-06,4.42e-06,2221111497.0
2026-06-25 10:10:00,4.42e-06,4.42e-06,4.41e-06,4.42e-06,122423917.0
2026-06-25 10:15:00,4.42e-06,4.42e-06,4.41e-06,4.42e-06,205331614.0
2026-06-25 10:20:00,4.42e-06,4.42e-06,4.4e-06,4.41e-06,331359009.0
2026-06-25 10:25:00,4.4e-06,4.41e-06,4.4e-06,4.41e-06,333907065.0
2026-06-25 10:30:00,4.4e-06,4.41e-06,4.39e-06,4.4e-06,2270031861.0
2026-06-25 10:35:00,4.4e-06,4.4e-06,4.39e-06,4.39e-06,47091875.0
2026-06-25 10:40:00,4.39e-06,4.4e-06,4.39e-06,4.4e-06,188260549.0
2026-06-25 10:45:00,4.39e-06,4.4e-06,4.38e-06,4.39e-06,3139879980.0
2026-06-25 10:50:00,4.39e-06,4.4e-06,4.38e-06,4.38e-06,922643752.0
2026-06-25 10:55:00,4.38e-06,4.39e-06,4.38e-06,4.38e-06,133843037.0
2026-06-25 11:00:00,4.38e-06,4.39e-06,4.38e-06,4.38e-06,284856227.0
2026-06-25 11:05:00,4.38e-06,4.38e-06,4.37e-06,4.37e-06,491279929.0
2026-06-25 11:10:00,4.38e-06,4.38e-06,4.37e-06,4.38e-06,1237687841.0
2026-06-25 11:15:00,4.38e-06,4.39e-06,4.37e-06,4.37e-06,555030525.0
2026-06-25 11:20:00,4.37e-06,4.38e-06,4.37e-06,4.37e-06,196892367.0
2026-06-25 11:25:00,4.38e-06,4.38e-06,4.37e-06,4.37e-06,1346228927.0
2026-06-25 11:30:00,4.37e-06,4.38e-06,4.37e-06,4.38e-06,162415544.0
2026-06-25 11:35:00,4.38e-06,4.38e-06,4.37e-06,4.38e-06,3501176953.0
2026-06-25 11:40:00,4.38e-06,4.39e-06,4.37e-06,4.37e-06,1657433811.0
2026-06-25 11:45:00,4.37e-06,4.38e-06,4.37e-06,4.37e-06,894167832.0
2026-06-25 11:50:00,4.37e-06,4.38e-06,4.37e-06,4.37e-06,203390690.0
2026-06-25 11:55:00,4.37e-06,4.38e-06,4.37e-06,4.37e-06,125299911.0
2026-06-25 12:00:00,4.38e-06,4.38e-06,4.37e-06,4.37e-06,126673675.0
2026-06-25 12:05:00,4.37e-06,4.38e-06,4.37e-06,4.38e-06,1235489388.0
2026-06-25 12:10:00,4.38e-06,4.38e-06,4.37e-06,4.37e-06,805584593.0
2026-06-25 12:15:00,4.37e-06,4.38e-06,4.36e-06,4.37e-06,385405172.0
2026-06-25 12:20:00,4.37e-06,4.37e-06,4.36e-06,4.36e-06,155782066.0
2026-06-25 12:25:00,4.36e-06,4.37e-06,4.34e-06,4.35e-06,6821833287.0
2026-06-25 12:30:00,4.35e-06,4.39e-06,4.33e-06,4.37e-06,30980625799.0
2026-06-25 12:35:00,4.37e-06,4.38e-06,4.36e-06,4.37e-06,1910182438.0
2026-06-25 12:40:00,4.37e-06,4.38e-06,4.37e-06,4.37e-06,992841559.0
2026-06-25 12:45:00,4.38e-06,4.38e-06,4.37e-06,4.38e-06,862176083.0
2026-06-25 12:50:00,4.37e-06,4.38e-06,4.37e-06,4.38e-06,46243377.0
2026-06-25 12:55:00,4.37e-06,4.39e-06,4.37e-06,4.38e-06,6287485819.0
2026-06-25 13:00:00,4.38e-06,4.38e-06,4.37e-06,4.38e-06,1587348685.0
2026-06-25 13:05:00,4.37e-06,4.38e-06,4.37e-06,4.37e-06,135103586.0
2026-06-25 13:10:00,4.37e-06,4.38e-06,4.37e-06,4.37e-06,425723242.0
2026-06-25 13:15:00,4.37e-06,4.38e-06,4.37e-06,4.38e-06,1768816695.0
2026-06-25 13:20:00,4.38e-06,4.38e-06,4.37e-06,4.37e-06,706451414.0
2026-06-25 13:25:00,4.37e-06,4.39e-06,4.37e-06,4.38e-06,1855028248.0
2026-06-25 13:30:00,4.38e-06,4.4e-06,4.35e-06,4.35e-06,11216198794.0
2026-06-25 13:35:00,4.36e-06,4.36e-06,4.34e-06,4.34e-06,1591794704.0
2026-06-25 13:40:00,4.34e-06,4.34e-06,4.29e-06,4.29e-06,4195825119.0
2026-06-25 13:45:00,4.29e-06,4.31e-06,4.2e-06,4.23e-06,39214247262.0
2026-06-25 13:50:00,4.23e-06,4.24e-06,4.15e-06,4.16e-06,35304172826.0
2026-06-25 13:55:00,4.17e-06,4.17e-06,4.05e-06,4.07e-06,88188384550.0
2026-06-25 14:00:00,4.07e-06,4.14e-06,4.07e-06,4.12e-06,26096757404.0
2026-06-25 14:05:00,4.13e-06,4.17e-06,4.13e-06,4.17e-06,11248055622.0
2026-06-25 14:10:00,4.16e-06,4.19e-06,4.16e-06,4.17e-06,9758902728.0
2026-06-25 14:15:00,4.17e-06,4.18e-06,4.13e-06,4.14e-06,16987486271.0
2026-06-25 14:20:00,4.14e-06,4.18e-06,4.14e-06,4.15e-06,15304032735.0
2026-06-25 14:25:00,4.15e-06,4.18e-06,4.15e-06,4.16e-06,21449562520.0
2026-06-25 14:30:00,4.16e-06,4.22e-06,4.15e-06,4.2e-06,43085864990.0
2026-06-25 14:35:00,4.2e-06,4.2e-06,4.17e-06,4.18e-06,7548871476.0
2026-06-25 14:40:00,4.18e-06,4.18e-06,4.15e-06,4.16e-06,8955720485.0
2026-06-25 14:45:00,4.15e-06,4.16e-06,4.14e-06,4.16e-06,9500817790.0
2026-06-25 14:50:00,4.16e-06,4.17e-06,4.15e-06,4.17e-06,5546595122.0
2026-06-25 14:55:00,4.17e-06,4.17e-06,4.14e-06,4.15e-06,5648496504.0
2026-06-25 15:00:00,4.15e-06,4.16e-06,4.13e-06,4.14e-06,6498242696.0
2026-06-25 15:05:00,4.14e-06,4.15e-06,4.13e-06,4.14e-06,6424311212.0
2026-06-25 15:10:00,4.14e-06,4.14e-06,4.12e-06,4.13e-06,6723071929.0
2026-06-25 15:15:00,4.12e-06,4.14e-06,4.1e-06,4.13e-06,8522983665.0
2026-06-25 15:20:00,4.13e-06,4.14e-06,4.12e-06,4.14e-06,2599885533.0
2026-06-25 15:25:00,4.14e-06,4.14e-06,4.12e-06,4.13e-06,2826419079.0
2026-06-25 15:30:00,4.13e-06,4.14e-06,4.13e-06,4.14e-06,4928431037.0
2026-06-25 15:35:00,4.14e-06,4.15e-06,4.14e-06,4.15e-06,2096430032.0
2026-06-25 15:40:00,4.14e-06,4.15e-06,4.12e-06,4.14e-06,6426602598.0
2026-06-25 15:45:00,4.14e-06,4.15e-06,4.14e-06,4.15e-06,2620250877.0
2026-06-25 15:50:00,4.15e-06,4.17e-06,4.14e-06,4.16e-06,1863371252.0
2026-06-25 15:55:00,4.16e-06,4.18e-06,4.16e-06,4.18e-06,5729899416.0
2026-06-25 16:00:00,4.17e-06,4.23e-06,4.17e-06,4.2e-06,23892809749.0
2026-06-25 16:05:00,4.2e-06,4.26e-06,4.2e-06,4.24e-06,53952841170.0
2026-06-25 16:10:00,4.23e-06,4.24e-06,4.21e-06,4.22e-06,4601349868.0
2026-06-25 16:15:00,4.22e-06,4.22e-06,4.21e-06,4.22e-06,1666863138.0
2026-06-25 16:20:00,4.22e-06,4.22e-06,4.21e-06,4.22e-06,984573554.0
2026-06-25 16:25:00,4.22e-06,4.22e-06,4.21e-06,4.21e-06,1750028355.0
2026-06-25 16:30:00,4.21e-06,4.21e-06,4.18e-06,4.18e-06,5853475135.0
2026-06-25 16:35:00,4.18e-06,4.2e-06,4.18e-06,4.18e-06,4685966095.0
2026-06-25 16:40:00,4.19e-06,4.19e-06,4.18e-06,4.19e-06,1685759064.0
2026-06-25 16:45:00,4.18e-06,4.19e-06,4.17e-06,4.18e-06,911389913.0
2026-06-25 16:50:00,4.19e-06,4.19e-06,4.18e-06,4.18e-06,2628860616.0
2026-06-25 16:55:00,4.19e-06,4.2e-06,4.18e-06,4.19e-06,2294434692.0
2026-06-25 17:00:00,4.2e-06,4.22e-06,4.19e-06,4.21e-06,4774947619.0
2026-06-25 17:05:00,4.22e-06,4.26e-06,4.21e-06,4.22e-06,28873880121.0
2026-06-25 17:10:00,4.21e-06,4.24e-06,4.21e-06,4.24e-06,8770500363.0
2026-06-25 17:15:00,4.24e-06,4.28e-06,4.24e-06,4.26e-06,20952791224.0
2026-06-25 17:20:00,4.25e-06,4.27e-06,4.24e-06,4.27e-06,3909989215.0
2026-06-25 17:25:00,4.26e-06,4.28e-06,4.25e-06,4.25e-06,3446972322.0
2026-06-25 17:30:00,4.26e-06,4.27e-06,4.25e-06,4.26e-06,2134233686.0
2026-06-25 17:35:00,4.26e-06,4.27e-06,4.25e-06,4.27e-06,929878468.0
2026-06-25 17:40:00,4.26e-06,4.27e-06,4.25e-06,4.25e-06,902817700.0
2026-06-25 17:45:00,4.25e-06,4.26e-06,4.24e-06,4.25e-06,3685743931.0
2026-06-25 17:50:00,4.26e-06,4.28e-06,4.25e-06,4.28e-06,598089533.0
2026-06-25 17:55:00,4.28e-06,4.29e-06,4.26e-06,4.29e-06,5930051371.0
2026-06-25 18:00:00,4.28e-06,4.29e-06,4.27e-06,4.29e-06,6587254186.0
2026-06-25 18:05:00,4.29e-06,4.29e-06,4.28e-06,4.28e-06,4136760854.0
2026-06-25 18:10:00,4.29e-06,4.29e-06,4.25e-06,4.25e-06,4875686357.0
2026-06-25 18:15:00,4.26e-06,4.28e-06,4.25e-06,4.27e-06,6249078477.0
2026-06-25 18:20:00,4.27e-06,4.27e-06,4.25e-06,4.26e-06,2984179529.0
2026-06-25 18:25:00,4.25e-06,4.26e-06,4.25e-06,4.25e-06,902651020.0
2026-06-25 18:30:00,4.25e-06,4.25e-06,4.18e-06,4.2e-06,12451027991.0
2026-06-25 18:35:00,4.2e-06,4.2e-06,4.19e-06,4.2e-06,1334096301.0
2026-06-25 18:40:00,4.2e-06,4.21e-06,4.19e-06,4.19e-06,4268100067.0
2026-06-25 18:45:00,4.19e-06,4.2e-06,4.18e-06,4.18e-06,2901809038.0
2026-06-25 18:50:00,4.19e-06,4.19e-06,4.18e-06,4.19e-06,581851384.0
2026-06-25 18:55:00,4.19e-06,4.2e-06,4.18e-06,4.19e-06,2564544473.0
2026-06-25 19:00:00,4.2e-06,4.2e-06,4.18e-06,4.18e-06,4654210841.0
2026-06-25 19:05:00,4.18e-06,4.19e-06,4.17e-06,4.17e-06,5061884569.0
2026-06-25 19:10:00,4.18e-06,4.18e-06,4.16e-06,4.16e-06,1520394281.0
2026-06-25 19:15:00,4.17e-06,4.18e-06,4.16e-06,4.17e-06,1797239695.0
2026-06-25 19:20:00,4.16e-06,4.17e-06,4.15e-06,4.16e-06,3452702972.0
2026-06-25 19:25:00,4.17e-06,4.17e-06,4.15e-06,4.16e-06,757182295.0
2026-06-25 19:30:00,4.16e-06,4.17e-06,4.15e-06,4.17e-06,709681442.0
2026-06-25 19:35:00,4.16e-06,4.18e-06,4.16e-06,4.17e-06,3568513190.0
2026-06-25 19:40:00,4.17e-06,4.19e-06,4.17e-06,4.18e-06,1771373695.0
2026-06-25 19:45:00,4.18e-06,4.18e-06,4.17e-06,4.17e-06,320421182.0
2026-06-25 19:50:00,4.18e-06,4.18e-06,4.17e-06,4.17e-06,509019235.0
2026-06-25 19:55:00,4.18e-06,4.19e-06,4.17e-06,4.18e-06,2699320559.0
2026-06-25 20:00:00,4.18e-06,4.22e-06,4.18e-06,4.2e-06,3337900202.0
2026-06-25 20:05:00,4.2e-06,4.21e-06,4.19e-06,4.19e-06,840344110.0
2026-06-25 20:10:00,4.19e-06,4.2e-06,4.19e-06,4.19e-06,598085488.0
2026-06-25 20:15:00,4.2e-06,4.22e-06,4.19e-06,4.21e-06,1864101493.0
2026-06-25 20:20:00,4.21e-06,4.22e-06,4.2e-06,4.22e-06,588299567.0
2026-06-25 20:25:00,4.21e-06,4.22e-06,4.21e-06,4.21e-06,171398717.0
2026-06-25 20:30:00,4.21e-06,4.21e-06,4.19e-06,4.21e-06,2587897445.0
2026-06-25 20:35:00,4.21e-06,4.22e-06,4.19e-06,4.19e-06,1616822061.0
2026-06-25 20:40:00,4.2e-06,4.21e-06,4.2e-06,4.2e-06,286502529.0
2026-06-25 20:45:00,4.2e-06,4.21e-06,4.19e-06,4.2e-06,1370899941.0
2026-06-25 20:50:00,4.19e-06,4.2e-06,4.19e-06,4.19e-06,145311644.0
2026-06-25 20:55:00,4.19e-06,4.2e-06,4.19e-06,4.19e-06,355956917.0
2026-06-25 21:00:00,4.2e-06,4.2e-06,4.19e-06,4.19e-06,918909059.0
2026-06-25 21:05:00,4.19e-06,4.2e-06,4.19e-06,4.19e-06,516508017.0
2026-06-25 21:10:00,4.19e-06,4.2e-06,4.18e-06,4.19e-06,4388331741.0
2026-06-25 21:15:00,4.19e-06,4.2e-06,4.18e-06,4.2e-06,1771566528.0
2026-06-25 21:20:00,4.19e-06,4.21e-06,4.19e-06,4.21e-06,744983260.0
2026-06-25 21:25:00,4.21e-06,4.21e-06,4.2e-06,4.21e-06,217547571.0
2026-06-25 21:30:00,4.21e-06,4.24e-06,4.21e-06,4.23e-06,868547300.0
2026-06-25 21:35:00,4.23e-06,4.25e-06,4.23e-06,4.25e-06,2642900398.0
2026-06-25 21:40:00,4.24e-06,4.25e-06,4.23e-06,4.24e-06,1673482031.0
2026-06-25 21:45:00,4.24e-06,4.24e-06,4.22e-06,4.23e-06,987147091.0
2026-06-25 21:50:00,4.23e-06,4.24e-06,4.23e-06,4.24e-06,774564803.0
2026-06-25 21:55:00,4.24e-06,4.25e-06,4.23e-06,4.24e-06,1863873713.0
2026-06-25 22:00:00,4.24e-06,4.26e-06,4.24e-06,4.25e-06,665025166.0
2026-06-25 22:05:00,4.25e-06,4.25e-06,4.24e-06,4.24e-06,2223576864.0
2026-06-25 22:10:00,4.24e-06,4.25e-06,4.23e-06,4.23e-06,4869922651.0
2026-06-25 22:15:00,4.24e-06,4.25e-06,4.23e-06,4.23e-06,2704516972.0
2026-06-25 22:20:00,4.23e-06,4.24e-06,4.23e-06,4.24e-06,260675913.0
2026-06-25 22:25:00,4.24e-06,4.24e-06,4.23e-06,4.24e-06,178310590.0
2026-06-25 22:30:00,4.24e-06,4.24e-06,4.19e-06,4.22e-06,15509384815.0
2026-06-25 22:35:00,4.22e-06,4.23e-06,4.22e-06,4.23e-06,5719173208.0
2026-06-25 22:40:00,4.22e-06,4.23e-06,4.22e-06,4.22e-06,2208862972.0
2026-06-25 22:45:00,4.22e-06,4.23e-06,4.22e-06,4.22e-06,1417515465.0
2026-06-25 22:50:00,4.23e-06,4.23e-06,4.22e-06,4.23e-06,2034451405.0
2026-06-25 22:55:00,4.23e-06,4.24e-06,4.23e-06,4.23e-06,2662932986.0
2026-06-25 23:00:00,4.23e-06,4.24e-06,4.23e-06,4.23e-06,1140548263.0
2026-06-25 23:05:00,4.24e-06,4.24e-06,4.22e-06,4.22e-06,1955166021.0
2026-06-25 23:10:00,4.22e-06,4.23e-06,4.22e-06,4.23e-06,2595146663.0
2026-06-25 23:15:00,4.23e-06,4.25e-06,4.23e-06,4.25e-06,1582050816.0
2026-06-25 23:20:00,4.25e-06,4.25e-06,4.24e-06,4.24e-06,598996199.0
2026-06-25 23:25:00,4.25e-06,4.25e-06,4.24e-06,4.25e-06,65983945.0
2026-06-25 23:30:00,4.25e-06,4.26e-06,4.25e-06,4.26e-06,2631970327.0
2026-06-25 23:35:00,4.26e-06,4.26e-06,4.25e-06,4.26e-06,1292626332.0
2026-06-25 23:40:00,4.26e-06,4.26e-06,4.24e-06,4.26e-06,1920128987.0
2026-06-25 23:45:00,4.25e-06,4.25e-06,4.24e-06,4.25e-06,3722549424.0
2026-06-25 23:50:00,4.24e-06,4.25e-06,4.24e-06,4.24e-06,2716971174.0
2026-06-25 23:55:00,4.24e-06,4.25e-06,4.24e-06,4.25e-06,3595118990.0
2026-06-26 00:00:00,4.25e-06,4.25e-06,4.24e-06,4.25e-06,641807021.0
2026-06-26 00:05:00,4.25e-06,4.25e-06,4.23e-06,4.25e-06,780821026.0
2026-06-26 00:10:00,4.25e-06,4.25e-06,4.24e-06,4.25e-06,244722306.0
2026-06-26 00:15:00,4.25e-06,4.25e-06,4.24e-06,4.24e-06,191844524.0
2026-06-26 00:20:00,4.24e-06,4.25e-06,4.24e-06,4.25e-06,481397109.0
2026-06-26 00:25:00,4.25e-06,4.25e-06,4.23e-06,4.25e-06,1125767228.0
2026-06-26 00:30:00,4.24e-06,4.25e-06,4.24e-06,4.24e-06,504752002.0
2026-06-26 00:35:00,4.24e-06,4.25e-06,4.24e-06,4.25e-06,1656994430.0
2026-06-26 00:40:00,4.25e-06,4.26e-06,4.25e-06,4.25e-06,2459824683.0
2026-06-26 00:45:00,4.25e-06,4.25e-06,4.23e-06,4.24e-06,1367411318.0
2026-06-26 00:50:00,4.23e-06,4.24e-06,4.21e-06,4.21e-06,2513682551.0
2026-06-26 00:55:00,4.22e-06,4.23e-06,4.22e-06,4.22e-06,673779805.0
2026-06-26 01:00:00,4.23e-06,4.23e-06,4.22e-06,4.22e-06,572565598.0
2026-06-26 01:05:00,4.22e-06,4.22e-06,4.21e-06,4.22e-06,1947591289.0
2026-06-26 01:10:00,4.21e-06,4.23e-06,4.21e-06,4.21e-06,866041274.0
2026-06-26 01:15:00,4.22e-06,4.23e-06,4.21e-06,4.21e-06,3229216884.0
2026-06-26 01:20:00,4.21e-06,4.22e-06,4.2e-06,4.21e-06,1217389326.0
2026-06-26 01:25:00,4.2e-06,4.21e-06,4.19e-06,4.19e-06,8582623579.0
2026-06-26 01:30:00,4.19e-06,4.2e-06,4.18e-06,4.18e-06,1003339841.0
2026-06-26 01:35:00,4.19e-06,4.2e-06,4.18e-06,4.18e-06,2865600967.0
2026-06-26 01:40:00,4.19e-06,4.2e-06,4.19e-06,4.19e-06,2784113887.0
2026-06-26 01:45:00,4.19e-06,4.2e-06,4.18e-06,4.2e-06,2638300630.0
2026-06-26 01:50:00,4.2e-06,4.2e-06,4.18e-06,4.2e-06,2314503261.0
2026-06-26 01:55:00,4.19e-06,4.2e-06,4.18e-06,4.19e-06,821205573.0
2026-06-26 02:00:00,4.19e-06,4.19e-06,4.18e-06,4.18e-06,570871300.0
2026-06-26 02:05:00,4.18e-06,4.19e-06,4.18e-06,4.19e-06,1610013677.0
2026-06-26 02:10:00,4.19e-06,4.19e-06,4.1e-06,4.12e-06,15161959543.0
2026-06-26 02:15:00,4.12e-06,4.14e-06,4.11e-06,4.13e-06,7274890566.0
2026-06-26 02:20:00,4.12e-06,4.12e-06,4.11e-06,4.11e-06,4644113972.0
2026-06-26 02:25:00,4.11e-06,4.15e-06,4.11e-06,4.14e-06,1769584558.0
2026-06-26 02:30:00,4.15e-06,4.16e-06,4.13e-06,4.15e-06,3327313840.0
2026-06-26 02:35:00,4.16e-06,4.16e-06,4.13e-06,4.14e-06,2171004462.0
2026-06-26 02:40:00,4.14e-06,4.15e-06,4.14e-06,4.15e-06,2328722351.0
2026-06-26 02:45:00,4.14e-06,4.15e-06,4.12e-06,4.12e-06,3997909419.0
2026-06-26 02:50:00,4.13e-06,4.14e-06,4.11e-06,4.12e-06,4460579007.0
2026-06-26 02:55:00,4.12e-06,4.12e-06,4.1e-06,4.12e-06,2936195835.0
2026-06-26 03:00:00,4.12e-06,4.12e-06,4.05e-06,4.08e-06,31339292633.0
2026-06-26 03:05:00,4.08e-06,4.09e-06,4.07e-06,4.09e-06,7011842104.0
2026-06-26 03:10:00,4.09e-06,4.12e-06,4.08e-06,4.11e-06,6630067424.0
2026-06-26 03:15:00,4.12e-06,4.13e-06,4.11e-06,4.11e-06,1289506527.0
2026-06-26 03:20:00,4.12e-06,4.13e-06,4.11e-06,4.11e-06,3094506365.0
2026-06-26 03:25:00,4.11e-06,4.15e-06,4.11e-06,4.14e-06,2068746926.0
2026-06-26 03:30:00,4.14e-06,4.14e-06,4.12e-06,4.14e-06,2773633768.0
2026-06-26 03:35:00,4.14e-06,4.15e-06,4.13e-06,4.15e-06,2247052857.0
2026-06-26 03:40:00,4.14e-06,4.16e-06,4.14e-06,4.16e-06,3368833718.0
2026-06-26 03:45:00,4.16e-06,4.2e-06,4.16e-06,4.19e-06,6916496390.0
2026-06-26 03:50:00,4.18e-06,4.2e-06,4.18e-06,4.2e-06,8655635569.0
2026-06-26 03:55:00,4.19e-06,4.22e-06,4.19e-06,4.21e-06,2570853158.0
2026-06-26 04:00:00,4.2e-06,4.21e-06,4.19e-06,4.2e-06,3035085821.0
2026-06-26 04:05:00,4.2e-06,4.2e-06,4.19e-06,4.19e-06,833273478.0
2026-06-26 04:10:00,4.2e-06,4.2e-06,4.18e-06,4.2e-06,1664207597.0
2026-06-26 04:15:00,4.19e-06,4.21e-06,4.18e-06,4.2e-06,1688930820.0
2026-06-26 04:20:00,4.2e-06,4.2e-06,4.2e-06,4.2e-06,1677205052.0
2026-06-26 04:25:00,4.2e-06,4.2e-06,4.19e-06,4.19e-06,327302744.0
2026-06-26 04:30:00,4.2e-06,4.2e-06,4.19e-06,4.2e-06,149625853.0
2026-06-26 04:35:00,4.19e-06,4.2e-06,4.19e-06,4.2e-06,1602699292.0
2026-06-26 04:40:00,4.2e-06,4.2e-06,4.19e-06,4.2e-06,18290661.0
2026-06-26 04:45:00,4.2e-06,4.2e-06,4.19e-06,4.19e-06,210879445.0
2026-06-26 04:50:00,4.19e-06,4.2e-06,4.19e-06,4.2e-06,172828406.0
2026-06-26 04:55:00,4.19e-06,4.2e-06,4.19e-06,4.19e-06,18708112.0
2026-06-26 05:00:00,4.2e-06,4.2e-06,4.18e-06,4.18e-06,1573110777.0
2026-06-26 05:05:00,4.19e-06,4.19e-06,4.18e-06,4.18e-06,204440586.0
2026-06-26 05:10:00,4.19e-06,4.2e-06,4.19e-06,4.19e-06,864307660.0
2026-06-26 05:15:00,4.2e-06,4.2e-06,4.18e-06,4.18e-06,108381740.0
2026-06-26 05:20:00,4.18e-06,4.19e-06,4.17e-06,4.17e-06,4877345529.0
2026-06-26 05:25:00,4.18e-06,4.2e-06,4.18e-06,4.2e-06,1102860404.0
2026-06-26 05:30:00,4.19e-06,4.2e-06,4.19e-06,4.2e-06,2427890445.0
2026-06-26 05:35:00,4.2e-06,4.2e-06,4.2e-06,4.2e-06,854843795.0
2026-06-26 05:40:00,4.2e-06,4.2e-06,4.19e-06,4.19e-06,89324411.0
2026-06-26 05:45:00,4.2e-06,4.2e-06,4.18e-06,4.18e-06,728718105.0
2026-06-26 05:50:00,4.19e-06,4.2e-06,4.18e-06,4.19e-06,815413414.0
2026-06-26 05:55:00,4.19e-06,4.2e-06,4.19e-06,4.19e-06,621175342.0
2026-06-26 06:00:00,4.19e-06,4.19e-06,4.17e-06,4.18e-06,730223519.0
2026-06-26 06:05:00,4.17e-06,4.18e-06,4.17e-06,4.18e-06,193872998.0
2026-06-26 06:10:00,4.18e-06,4.18e-06,4.17e-06,4.18e-06,104459365.0
2026-06-26 06:15:00,4.18e-06,4.19e-06,4.17e-06,4.18e-06,1218425257.0
2026-06-26 06:20:00,4.18e-06,4.23e-06,4.18e-06,4.22e-06,12256175528.0
2026-06-26 06:25:00,4.23e-06,4.23e-06,4.21e-06,4.22e-06,557005588.0
2026-06-26 06:30:00,4.22e-06,4.22e-06,4.21e-06,4.22e-06,138764587.0
2026-06-26 06:35:00,4.22e-06,4.23e-06,4.21e-06,4.23e-06,3473077265.0
2026-06-26 06:40:00,4.23e-06,4.24e-06,4.22e-06,4.24e-06,2851060149.0
2026-06-26 06:45:00,4.23e-06,4.24e-06,4.22e-06,4.23e-06,2946941725.0
2026-06-26 06:50:00,4.23e-06,4.23e-06,4.22e-06,4.23e-06,1260364560.0
2026-06-26 06:55:00,4.24e-06,4.25e-06,4.23e-06,4.23e-06,3572016389.0
2026-06-26 07:00:00,4.24e-06,4.25e-06,4.23e-06,4.25e-06,2864598644.0
2026-06-26 07:05:00,4.25e-06,4.25e-06,4.24e-06,4.25e-06,1865270197.0
2026-06-26 07:10:00,4.25e-06,4.27e-06,4.24e-06,4.26e-06,1874556998.0
2026-06-26 07:15:00,4.26e-06,4.26e-06,4.25e-06,4.26e-06,1289300247.0
2026-06-26 07:20:00,4.25e-06,4.26e-06,4.25e-06,4.25e-06,701745596.0
2026-06-26 07:25:00,4.26e-06,4.27e-06,4.25e-06,4.26e-06,1765334687.0
2026-06-26 07:30:00,4.26e-06,4.27e-06,4.26e-06,4.26e-06,3327809434.0
2026-06-26 07:35:00,4.25e-06,4.27e-06,4.25e-06,4.26e-06,1959630075.0
2026-06-26 07:40:00,4.27e-06,4.27e-06,4.25e-06,4.25e-06,1410941942.0
2026-06-26 07:45:00,4.25e-06,4.26e-06,4.25e-06,4.25e-06,3965723881.0
2026-06-26 07:50:00,4.26e-06,4.27e-06,4.25e-06,4.26e-06,2650362955.0
2026-06-26 07:55:00,4.26e-06,4.28e-06,4.26e-06,4.27e-06,2720047457.0
2026-06-26 08:00:00,4.27e-06,4.28e-06,4.26e-06,4.26e-06,424753129.0
2026-06-26 08:05:00,4.27e-06,4.27e-06,4.26e-06,4.27e-06,705481604.0
2026-06-26 08:10:00,4.26e-06,4.27e-06,4.24e-06,4.25e-06,4926473716.0
2026-06-26 08:15:00,4.25e-06,4.25e-06,4.24e-06,4.24e-06,415612879.0
2026-06-26 08:20:00,4.25e-06,4.25e-06,4.24e-06,4.25e-06,167381547.0
2026-06-26 08:25:00,4.25e-06,4.25e-06,4.24e-06,4.25e-06,371294424.0
2026-06-26 08:30:00,4.24e-06,4.25e-06,4.23e-06,4.23e-06,378649796.0
2026-06-26 08:35:00,4.23e-06,4.24e-06,4.23e-06,4.23e-06,985867022.0
2026-06-26 08:40:00,4.23e-06,4.23e-06,4.17e-06,4.21e-06,33084140175.0
2026-06-26 08:45:00,4.21e-06,4.22e-06,4.21e-06,4.21e-06,1159235979.0
2026-06-26 08:50:00,4.21e-06,4.22e-06,4.21e-06,4.22e-06,1935382813.0
2026-06-26 08:55:00,4.22e-06,4.22e-06,4.21e-06,4.22e-06,271401962.0
2026-06-26 09:00:00,4.21e-06,4.22e-06,4.21e-06,4.21e-06,2426515600.0
2026-06-26 09:05:00,4.21e-06,4.22e-06,4.21e-06,4.22e-06,465982934.0
2026-06-26 09:10:00,4.22e-06,4.22e-06,4.21e-06,4.22e-06,51893257.0
2026-06-26 09:15:00,4.22e-06,4.22e-06,4.21e-06,4.21e-06,394884717.0
2026-06-26 09:20:00,4.22e-06,4.23e-06,4.21e-06,4.22e-06,1959655767.0
2026-06-26 09:25:00,4.22e-06,4.23e-06,4.22e-06,4.22e-06,354800079.0
2026-06-26 09:30:00,4.22e-06,4.23e-06,4.21e-06,4.21e-06,861824141.0
2026-06-26 09:35:00,4.22e-06,4.23e-06,4.22e-06,4.22e-06,1016012500.0
2026-06-26 09:40:00,4.22e-06,4.23e-06,4.21e-06,4.21e-06,1036788869.0
2026-06-26 09:45:00,4.22e-06,4.22e-06,4.21e-06,4.21e-06,1101098925.0
2026-06-26 09:50:00,4.2e-06,4.21e-06,4.19e-06,4.2e-06,1447106239.0
2026-06-26 09:55:00,4.2e-06,4.21e-06,4.18e-06,4.18e-06,2185879162.0
2026-06-26 10:00:00,4.19e-06,4.19e-06,4.18e-06,4.19e-06,707837218.0
2026-06-26 10:05:00,4.19e-06,4.2e-06,4.18e-06,4.18e-06,1556757653.0
2026-06-26 10:10:00,4.19e-06,4.2e-06,4.18e-06,4.19e-06,1395481054.0
2026-06-26 10:15:00,4.19e-06,4.2e-06,4.18e-06,4.19e-06,870393434.0
2026-06-26 10:20:00,4.19e-06,4.19e-06,4.18e-06,4.18e-06,1409893745.0
2026-06-26 10:25:00,4.19e-06,4.2e-06,4.19e-06,4.19e-06,304586061.0
2026-06-26 10:30:00,4.19e-06,4.2e-06,4.18e-06,4.19e-06,1720864073.0
2026-06-26 10:35:00,4.2e-06,4.2e-06,4.17e-06,4.17e-06,3064091450.0
2026-06-26 10:40:00,4.18e-06,4.18e-06,4.17e-06,4.17e-06,356865044.0
2026-06-26 10:45:00,4.17e-06,4.18e-06,4.16e-06,4.16e-06,2458927614.0
2026-06-26 10:50:00,4.16e-06,4.18e-06,4.16e-06,4.17e-06,1582512412.0
2026-06-26 10:55:00,4.17e-06,4.17e-06,4.16e-06,4.16e-06,1575287777.0
2026-06-26 11:00:00,4.17e-06,4.18e-06,4.16e-06,4.18e-06,2356379838.0
2026-06-26 11:05:00,4.18e-06,4.19e-06,4.16e-06,4.16e-06,2145617359.0
2026-06-26 11:10:00,4.16e-06,4.18e-06,4.16e-06,4.17e-06,1819389687.0
2026-06-26 11:15:00,4.16e-06,4.17e-06,4.15e-06,4.16e-06,1017951827.0
2026-06-26 11:20:00,4.16e-06,4.17e-06,4.15e-06,4.16e-06,590584517.0
2026-06-26 11:25:00,4.16e-06,4.17e-06,4.15e-06,4.15e-06,512671272.0
2026-06-26 11:30:00,4.15e-06,4.17e-06,4.15e-06,4.17e-06,881634042.0
2026-06-26 11:35:00,4.16e-06,4.17e-06,4.16e-06,4.17e-06,143147118.0
2026-06-26 11:40:00,4.17e-06,4.17e-06,4.15e-06,4.16e-06,881520094.0
2026-06-26 11:45:00,4.16e-06,4.17e-06,4.15e-06,4.16e-06,1523178420.0
2026-06-26 11:50:00,4.16e-06,4.17e-06,4.13e-06,4.14e-06,2749698945.0
2026-06-26 11:55:00,4.15e-06,4.15e-06,4.14e-06,4.15e-06,4017816657.0
2026-06-26 12:00:00,4.15e-06,4.16e-06,4.14e-06,4.15e-06,3646570352.0
2026-06-26 12:05:00,4.16e-06,4.17e-06,4.15e-06,4.15e-06,1385675868.0
2026-06-26 12:10:00,4.15e-06,4.16e-06,4.15e-06,4.15e-06,2511160508.0
2026-06-26 12:15:00,4.15e-06,4.17e-06,4.15e-06,4.16e-06,1773265956.0
2026-06-26 12:20:00,4.16e-06,4.17e-06,4.15e-06,4.16e-06,4153695048.0
2026-06-26 12:25:00,4.16e-06,4.17e-06,4.16e-06,4.17e-06,965195244.0
2026-06-26 12:30:00,4.17e-06,4.19e-06,4.17e-06,4.19e-06,891548013.0
2026-06-26 12:35:00,4.18e-06,4.18e-06,4.16e-06,4.16e-06,5476599336.0
2026-06-26 12:40:00,4.15e-06,4.15e-06,4.12e-06,4.14e-06,4816528704.0
2026-06-26 12:45:00,4.14e-06,4.17e-06,4.13e-06,4.15e-06,7203613478.0
2026-06-26 12:50:00,4.15e-06,4.16e-06,4.14e-06,4.15e-06,3113088020.0
2026-06-26 12:55:00,4.15e-06,4.15e-06,4.14e-06,4.14e-06,759503780.0
2026-06-26 13:00:00,4.15e-06,4.15e-06,4.14e-06,4.15e-06,3755438762.0
2026-06-26 13:05:00,4.15e-06,4.15e-06,4.13e-06,4.13e-06,4738302589.0
2026-06-26 13:10:00,4.14e-06,4.17e-06,4.13e-06,4.15e-06,4358984761.0
2026-06-26 13:15:00,4.15e-06,4.15e-06,4.11e-06,4.12e-06,6036336877.0
2026-06-26 13:20:00,4.12e-06,4.14e-06,4.12e-06,4.12e-06,1518587860.0
2026-06-26 13:25:00,4.13e-06,4.14e-06,4.12e-06,4.13e-06,2143103806.0
2026-06-26 13:30:00,4.13e-06,4.16e-06,4.13e-06,4.14e-06,10261736046.0
2026-06-26 13:35:00,4.15e-06,4.17e-06,4.14e-06,4.15e-06,1949800661.0
2026-06-26 13:40:00,4.15e-06,4.17e-06,4.15e-06,4.17e-06,3374243390.0
2026-06-26 13:45:00,4.17e-06,4.17e-06,4.15e-06,4.16e-06,5897662427.0
2026-06-26 13:50:00,4.16e-06,4.2e-06,4.15e-06,4.18e-06,8001310136.0
2026-06-26 13:55:00,4.19e-06,4.22e-06,4.18e-06,4.22e-06,4933542589.0
2026-06-26 14:00:00,4.21e-06,4.23e-06,4.2e-06,4.21e-06,4725005870.0
2026-06-26 14:05:00,4.21e-06,4.21e-06,4.19e-06,4.21e-06,4516556365.0
2026-06-26 14:10:00,4.21e-06,4.22e-06,4.2e-06,4.21e-06,4840059767.0
2026-06-26 14:15:00,4.21e-06,4.22e-06,4.2e-06,4.2e-06,2385868444.0
2026-06-26 14:20:00,4.2e-06,4.23e-06,4.2e-06,4.22e-06,7438802054.0
2026-06-26 14:25:00,4.22e-06,4.23e-06,4.21e-06,4.21e-06,3644389698.0
2026-06-26 14:30:00,4.21e-06,4.22e-06,4.2e-06,4.2e-06,4257386160.0
2026-06-26 14:35:00,4.2e-06,4.21e-06,4.18e-06,4.18e-06,2911741935.0
2026-06-26 14:40:00,4.18e-06,4.19e-06,4.18e-06,4.19e-06,2417703998.0
2026-06-26 14:45:00,4.18e-06,4.21e-06,4.18e-06,4.19e-06,2679860189.0
2026-06-26 14:50:00,4.2e-06,4.21e-06,4.19e-06,4.19e-06,2430122369.0
2026-06-26 14:55:00,4.19e-06,4.2e-06,4.18e-06,4.19e-06,1574443763.0
2026-06-26 15:00:00,4.18e-06,4.2e-06,4.18e-06,4.19e-06,1811978992.0
2026-06-26 15:05:00,4.18e-06,4.21e-06,4.17e-06,4.21e-06,6880922752.0
2026-06-26 15:10:00,4.21e-06,4.22e-06,4.19e-06,4.2e-06,2684800194.0
2026-06-26 15:15:00,4.2e-06,4.21e-06,4.19e-06,4.21e-06,2845155590.0
2026-06-26 15:20:00,4.2e-06,4.23e-06,4.2e-06,4.22e-06,2268231960.0
2026-06-26 15:25:00,4.23e-06,4.24e-06,4.22e-06,4.22e-06,3009868993.0
2026-06-26 15:30:00,4.22e-06,4.24e-06,4.22e-06,4.23e-06,2076397228.0
2026-06-26 15:35:00,4.23e-06,4.25e-06,4.23e-06,4.25e-06,1009748674.0
2026-06-26 15:40:00,4.25e-06,4.26e-06,4.24e-06,4.25e-06,3951335116.0
2026-06-26 15:45:00,4.25e-06,4.25e-06,4.24e-06,4.24e-06,503636949.0
2026-06-26 15:50:00,4.24e-06,4.24e-06,4.2e-06,4.23e-06,10529186853.0
2026-06-26 15:55:00,4.23e-06,4.24e-06,4.22e-06,4.23e-06,2518534153.0
2026-06-26 16:00:00,4.24e-06,4.28e-06,4.24e-06,4.26e-06,5411208380.0
2026-06-26 16:05:00,4.26e-06,4.26e-06,4.24e-06,4.25e-06,1951488438.0
2026-06-26 16:10:00,4.25e-06,4.25e-06,4.24e-06,4.25e-06,438732323.0
2026-06-26 16:15:00,4.24e-06,4.26e-06,4.24e-06,4.24e-06,2906276383.0
2026-06-26 16:20:00,4.24e-06,4.25e-06,4.22e-06,4.23e-06,7802375676.0
2026-06-26 16:25:00,4.24e-06,4.25e-06,4.23e-06,4.24e-06,1283369149.0
2026-06-26 16:30:00,4.24e-06,4.26e-06,4.24e-06,4.26e-06,2210050451.0
2026-06-26 16:35:00,4.27e-06,4.28e-06,4.26e-06,4.26e-06,527146522.0
2026-06-26 16:40:00,4.27e-06,4.27e-06,4.25e-06,4.26e-06,1199414311.0
2026-06-26 16:45:00,4.25e-06,4.26e-06,4.25e-06,4.25e-06,1995801064.0
2026-06-26 16:50:00,4.26e-06,4.26e-06,4.24e-06,4.26e-06,3456176331.0
2026-06-26 16:55:00,4.25e-06,4.26e-06,4.24e-06,4.25e-06,2756506008.0
2026-06-26 17:00:00,4.25e-06,4.26e-06,4.24e-06,4.26e-06,1567048568.0
2026-06-26 17:05:00,4.26e-06,4.27e-06,4.25e-06,4.27e-06,402810805.0
2026-06-26 17:10:00,4.26e-06,4.28e-06,4.26e-06,4.27e-06,1038948044.0
2026-06-26 17:15:00,4.27e-06,4.28e-06,4.26e-06,4.26e-06,2013376464.0
2026-06-26 17:20:00,4.27e-06,4.28e-06,4.26e-06,4.27e-06,1226548487.0
2026-06-26 17:25:00,4.28e-06,4.29e-06,4.27e-06,4.28e-06,869939562.0
2026-06-26 17:30:00,4.28e-06,4.28e-06,4.27e-06,4.27e-06,297241484.0
2026-06-26 17:35:00,4.27e-06,4.27e-06,4.26e-06,4.26e-06,849814670.0
2026-06-26 17:40:00,4.26e-06,4.28e-06,4.25e-06,4.27e-06,2843737440.0
2026-06-26 17:45:00,4.27e-06,4.28e-06,4.26e-06,4.26e-06,252302443.0
2026-06-26 17:50:00,4.26e-06,4.28e-06,4.26e-06,4.27e-06,4987645410.0
2026-06-26 17:55:00,4.27e-06,4.27e-06,4.26e-06,4.27e-06,151706580.0
2026-06-26 18:00:00,4.27e-06,4.27e-06,4.26e-06,4.27e-06,121648457.0
2026-06-26 18:05:00,4.26e-06,4.27e-06,4.26e-06,4.27e-06,763091749.0
2026-06-26 18:10:00,4.27e-06,4.27e-06,4.26e-06,4.27e-06,189645245.0
2026-06-26 18:15:00,4.26e-06,4.26e-06,4.25e-06,4.26e-06,1129622307.0
2026-06-26 18:20:00,4.26e-06,4.27e-06,4.25e-06,4.26e-06,1713106139.0
2026-06-26 18:25:00,4.25e-06,4.26e-06,4.24e-06,4.24e-06,7273554241.0
2026-06-26 18:30:00,4.25e-06,4.25e-06,4.24e-06,4.24e-06,1173829012.0
2026-06-26 18:35:00,4.24e-06,4.25e-06,4.23e-06,4.24e-06,1379910810.0
2026-06-26 18:40:00,4.24e-06,4.25e-06,4.23e-06,4.24e-06,849681946.0
2026-06-26 18:45:00,4.24e-06,4.24e-06,4.23e-06,4.23e-06,580744672.0
2026-06-26 18:50:00,4.24e-06,4.24e-06,4.22e-06,4.23e-06,344282144.0
2026-06-26 18:55:00,4.23e-06,4.23e-06,4.22e-06,4.23e-06,1634174375.0
2026-06-26 19:00:00,4.22e-06,4.23e-06,4.22e-06,4.22e-06,2680835759.0
2026-06-26 19:05:00,4.23e-06,4.25e-06,4.23e-06,4.25e-06,7128848176.0
2026-06-26 19:10:00,4.25e-06,4.26e-06,4.24e-06,4.25e-06,2881507594.0
2026-06-26 19:15:00,4.25e-06,4.25e-06,4.24e-06,4.24e-06,97809960.0
2026-06-26 19:20:00,4.25e-06,4.25e-06,4.24e-06,4.24e-06,218978638.0
2026-06-26 19:25:00,4.24e-06,4.25e-06,4.24e-06,4.24e-06,24221342.0
2026-06-26 19:30:00,4.25e-06,4.26e-06,4.24e-06,4.25e-06,3756979402.0
2026-06-26 19:35:00,4.24e-06,4.25e-06,4.24e-06,4.24e-06,67746688.0
2026-06-26 19:40:00,4.25e-06,4.25e-06,4.24e-06,4.25e-06,60718026.0
2026-06-26 19:45:00,4.24e-06,4.25e-06,4.24e-06,4.24e-06,281347492.0
2026-06-26 19:50:00,4.25e-06,4.25e-06,4.24e-06,4.24e-06,290012808.0
2026-06-26 19:55:00,4.24e-06,4.25e-06,4.22e-06,4.22e-06,7165845628.0
2026-06-26 20:00:00,4.22e-06,4.26e-06,4.22e-06,4.23e-06,13059839482.0
2026-06-26 20:05:00,4.23e-06,4.24e-06,4.23e-06,4.24e-06,741944248.0
2026-06-26 20:10:00,4.23e-06,4.24e-06,4.23e-06,4.24e-06,86468525.0
2026-06-26 20:15:00,4.23e-06,4.24e-06,4.23e-06,4.23e-06,224401278.0
2026-06-26 20:20:00,4.23e-06,4.24e-06,4.23e-06,4.24e-06,374932183.0
2026-06-26 20:25:00,4.24e-06,4.25e-06,4.23e-06,4.24e-06,3781896073.0
2026-06-26 20:30:00,4.24e-06,4.24e-06,4.22e-06,4.22e-06,4097715858.0
2026-06-26 20:35:00,4.22e-06,4.23e-06,4.21e-06,4.22e-06,7290812259.0
2026-06-26 20:40:00,4.23e-06,4.23e-06,4.21e-06,4.22e-06,1520405905.0
2026-06-26 20:45:00,4.21e-06,4.23e-06,4.21e-06,4.23e-06,2647268903.0
2026-06-26 20:50:00,4.22e-06,4.23e-06,4.22e-06,4.23e-06,141078212.0
2026-06-26 20:55:00,4.22e-06,4.23e-06,4.22e-06,4.22e-06,2350456045.0
2026-06-26 21:00:00,4.23e-06,4.23e-06,4.21e-06,4.21e-06,2831187911.0
2026-06-26 21:05:00,4.22e-06,4.22e-06,4.21e-06,4.22e-06,1967613005.0
2026-06-26 21:10:00,4.22e-06,4.22e-06,4.21e-06,4.21e-06,63656751.0
2026-06-26 21:15:00,4.21e-06,4.22e-06,4.21e-06,4.21e-06,222450162.0
2026-06-26 21:20:00,4.22e-06,4.22e-06,4.21e-06,4.21e-06,733293006.0
2026-06-26 21:25:00,4.22e-06,4.22e-06,4.21e-06,4.21e-06,65581906.0
2026-06-26 21:30:00,4.21e-06,4.23e-06,4.21e-06,4.22e-06,1940538653.0
2026-06-26 21:35:00,4.22e-06,4.23e-06,4.22e-06,4.22e-06,526783709.0
2026-06-26 21:40:00,4.23e-06,4.23e-06,4.22e-06,4.23e-06,210335575.0
2026-06-26 21:45:00,4.23e-06,4.24e-06,4.22e-06,4.23e-06,2108496118.0
2026-06-26 21:50:00,4.23e-06,4.23e-06,4.22e-06,4.23e-06,101126984.0
2026-06-26 21:55:00,4.23e-06,4.23e-06,4.22e-06,4.22e-06,2210446228.0
2026-06-26 22:00:00,4.22e-06,4.22e-06,4.2e-06,4.21e-06,1552565054.0
2026-06-26 22:05:00,4.2e-06,4.21e-06,4.2e-06,4.21e-06,196193472.0
2026-06-26 22:10:00,4.21e-06,4.22e-06,4.21e-06,4.22e-06,3086226127.0
2026-06-26 22:15:00,4.21e-06,4.23e-06,4.21e-06,4.23e-06,281026889.0
2026-06-26 22:20:00,4.23e-06,4.23e-06,4.22e-06,4.22e-06,204182891.0
2026-06-26 22:25:00,4.22e-06,4.23e-06,4.22e-06,4.22e-06,308602384.0
2026-06-26 22:30:00,4.22e-06,4.23e-06,4.21e-06,4.22e-06,12539298827.0
2026-06-26 22:35:00,4.22e-06,4.23e-06,4.22e-06,4.22e-06,4106184963.0
2026-06-26 22:40:00,4.22e-06,4.24e-06,4.22e-06,4.23e-06,883551430.0
2026-06-26 22:45:00,4.24e-06,4.24e-06,4.23e-06,4.23e-06,1217846926.0
2026-06-26 22:50:00,4.23e-06,4.24e-06,4.23e-06,4.24e-06,228657264.0
2026-06-26 22:55:00,4.23e-06,4.25e-06,4.23e-06,4.24e-06,1087299459.0
2026-06-26 23:00:00,4.24e-06,4.26e-06,4.24e-06,4.26e-06,1228433749.0
2026-06-26 23:05:00,4.25e-06,4.26e-06,4.24e-06,4.24e-06,481183619.0
2026-06-26 23:10:00,4.24e-06,4.25e-06,4.24e-06,4.24e-06,671651960.0
2026-06-26 23:15:00,4.25e-06,4.25e-06,4.25e-06,4.25e-06,1994198365.0
2026-06-26 23:20:00,4.25e-06,4.25e-06,4.24e-06,4.25e-06,412302995.0
2026-06-26 23:25:00,4.25e-06,4.25e-06,4.24e-06,4.25e-06,9782628.0
2026-06-26 23:30:00,4.25e-06,4.25e-06,4.24e-06,4.24e-06,408877996.0
2026-06-26 23:35:00,4.24e-06,4.25e-06,4.23e-06,4.25e-06,1137510743.0
2026-06-26 23:40:00,4.24e-06,4.25e-06,4.24e-06,4.24e-06,140592268.0
2026-06-26 23:45:00,4.24e-06,4.26e-06,4.24e-06,4.25e-06,667127168.0
2026-06-26 23:50:00,4.25e-06,4.26e-06,4.24e-06,4.25e-06,965644419.0
2026-06-26 23:55:00,4.24e-06,4.25e-06,4.24e-06,4.24e-06,109875918.0
2026-06-27 00:00:00,4.25e-06,4.25e-06,4.24e-06,4.24e-06,685301549.0
2026-06-27 00:05:00,4.24e-06,4.26e-06,4.24e-06,4.26e-06,2536947533.0
2026-06-27 00:10:00,4.26e-06,4.26e-06,4.25e-06,4.25e-06,50685592.0
2026-06-27 00:15:00,4.25e-06,4.26e-06,4.24e-06,4.24e-06,1759433492.0
2026-06-27 00:20:00,4.25e-06,4.25e-06,4.24e-06,4.24e-06,181931017.0
2026-06-27 00:25:00,4.24e-06,4.25e-06,4.24e-06,4.24e-06,103059793.0
2026-06-27 00:30:00,4.24e-06,4.25e-06,4.23e-06,4.23e-06,260252363.0
2026-06-27 00:35:00,4.22e-06,4.24e-06,4.22e-06,4.24e-06,1585233449.0
2026-06-27 00:40:00,4.24e-06,4.24e-06,4.23e-06,4.23e-06,203987005.0
2026-06-27 00:45:00,4.23e-06,4.24e-06,4.23e-06,4.24e-06,484364252.0
2026-06-27 00:50:00,4.24e-06,4.25e-06,4.24e-06,4.24e-06,208957345.0
2026-06-27 00:55:00,4.25e-06,4.25e-06,4.24e-06,4.24e-06,118604341.0
2026-06-27 01:00:00,4.24e-06,4.25e-06,4.24e-06,4.24e-06,50696184.0
2026-06-27 01:05:00,4.25e-06,4.25e-06,4.24e-06,4.24e-06,553094322.0
2026-06-27 01:10:00,4.24e-06,4.24e-06,4.24e-06,4.24e-06,114535730.0
2026-06-27 01:15:00,4.24e-06,4.25e-06,4.24e-06,4.24e-06,17071468.0
2026-06-27 01:20:00,4.25e-06,4.25e-06,4.24e-06,4.24e-06,62538137.0
2026-06-27 01:25:00,4.24e-06,4.24e-06,4.24e-06,4.24e-06,24179336.0
2026-06-27 01:30:00,4.24e-06,4.24e-06,4.23e-06,4.24e-06,3801688062.0
2026-06-27 01:35:00,4.24e-06,4.25e-06,4.24e-06,4.25e-06,238930549.0
2026-06-27 01:40:00,4.25e-06,4.25e-06,4.24e-06,4.24e-06,278666975.0
2026-06-27 01:45:00,4.24e-06,4.25e-06,4.24e-06,4.25e-06,65350041.0
2026-06-27 01:50:00,4.24e-06,4.25e-06,4.24e-06,4.24e-06,168565585.0
2026-06-27 01:55:00,4.25e-06,4.25e-06,4.24e-06,4.24e-06,67205466.0
2026-06-27 02:00:00,4.25e-06,4.25e-06,4.24e-06,4.24e-06,50159043.0
2026-06-27 02:05:00,4.25e-06,4.27e-06,4.25e-06,4.27e-06,7634830785.0
2026-06-27 02:10:00,4.27e-06,4.28e-06,4.26e-06,4.28e-06,2461159516.0
2026-06-27 02:15:00,4.28e-06,4.29e-06,4.27e-06,4.28e-06,4080105398.0
2026-06-27 02:20:00,4.28e-06,4.3e-06,4.27e-06,4.29e-06,4863317127.0
2026-06-27 02:25:00,4.29e-06,4.3e-06,4.29e-06,4.29e-06,1347463066.0
2026-06-27 02:30:00,4.29e-06,4.29e-06,4.28e-06,4.29e-06,1697105920.0
2026-06-27 02:35:00,4.29e-06,4.3e-06,4.28e-06,4.3e-06,500870378.0
2026-06-27 02:40:00,4.29e-06,4.3e-06,4.29e-06,4.3e-06,409188700.0
2026-06-27 02:45:00,4.29e-06,4.3e-06,4.29e-06,4.29e-06,2062652147.0
2026-06-27 02:50:00,4.29e-06,4.3e-06,4.29e-06,4.3e-06,598240018.0
2026-06-27 02:55:00,4.29e-06,4.3e-06,4.29e-06,4.29e-06,1221633885.0
2026-06-27 03:00:00,4.28e-06,4.3e-06,4.28e-06,4.28e-06,2370121463.0
2026-06-27 03:05:00,4.29e-06,4.29e-06,4.27e-06,4.27e-06,3395037546.0
2026-06-27 03:10:00,4.27e-06,4.28e-06,4.26e-06,4.27e-06,329596166.0
2026-06-27 03:15:00,4.27e-06,4.28e-06,4.27e-06,4.28e-06,648181124.0
2026-06-27 03:20:00,4.27e-06,4.29e-06,4.27e-06,4.28e-06,1911985726.0
2026-06-27 03:25:00,4.29e-06,4.29e-06,4.28e-06,4.28e-06,308490320.0
2026-06-27 03:30:00,4.28e-06,4.29e-06,4.27e-06,4.28e-06,2935789619.0
2026-06-27 03:35:00,4.28e-06,4.29e-06,4.27e-06,4.28e-06,1918252229.0
2026-06-27 03:40:00,4.27e-06,4.28e-06,4.27e-06,4.28e-06,1384063427.0
2026-06-27 03:45:00,4.28e-06,4.29e-06,4.28e-06,4.28e-06,812946832.0
2026-06-27 03:50:00,4.28e-06,4.29e-06,4.28e-06,4.28e-06,563925911.0
2026-06-27 03:55:00,4.29e-06,4.29e-06,4.28e-06,4.28e-06,237551137.0
2026-06-27 04:00:00,4.28e-06,4.29e-06,4.28e-06,4.29e-06,491087931.0
2026-06-27 04:05:00,4.28e-06,4.29e-06,4.28e-06,4.28e-06,1021482011.0
2026-06-27 04:10:00,4.28e-06,4.3e-06,4.28e-06,4.3e-06,875268504.0
2026-06-27 04:15:00,4.29e-06,4.3e-06,4.29e-06,4.3e-06,647768163.0
2026-06-27 04:20:00,4.3e-06,4.3e-06,4.29e-06,4.3e-06,210431728.0
2026-06-27 04:25:00,4.3e-06,4.3e-06,4.29e-06,4.3e-06,2167196434.0
2026-06-27 04:30:00,4.3e-06,4.3e-06,4.29e-06,4.3e-06,431874557.0
2026-06-27 04:35:00,4.29e-06,4.29e-06,4.29e-06,4.29e-06,614278372.0
2026-06-27 04:40:00,4.28e-06,4.29e-06,4.28e-06,4.28e-06,113560984.0
2026-06-27 04:45:00,4.29e-06,4.29e-06,4.28e-06,4.28e-06,77544495.0
2026-06-27 04:50:00,4.29e-06,4.29e-06,4.28e-06,4.28e-06,161301062.0
2026-06-27 04:55:00,4.28e-06,4.28e-06,4.27e-06,4.27e-06,769125164.0
2026-06-27 05:00:00,4.27e-06,4.28e-06,4.26e-06,4.26e-06,1201562178.0
2026-06-27 05:05:00,4.27e-06,4.27e-06,4.26e-06,4.26e-06,95091153.0
2026-06-27 05:10:00,4.27e-06,4.28e-06,4.27e-06,4.27e-06,1219394352.0
2026-06-27 05:15:00,4.27e-06,4.28e-06,4.26e-06,4.27e-06,1667701965.0
2026-06-27 05:20:00,4.27e-06,4.27e-06,4.26e-06,4.27e-06,713482580.0
2026-06-27 05:25:00,4.26e-06,4.27e-06,4.25e-06,4.26e-06,3538464612.0
2026-06-27 05:30:00,4.26e-06,4.27e-06,4.25e-06,4.27e-06,1085079328.0
2026-06-27 05:35:00,4.27e-06,4.27e-06,4.26e-06,4.26e-06,1211757733.0
2026-06-27 05:40:00,4.26e-06,4.27e-06,4.26e-06,4.26e-06,303919604.0
2026-06-27 05:45:00,4.26e-06,4.28e-06,4.26e-06,4.26e-06,2493408712.0
2026-06-27 05:50:00,4.26e-06,4.28e-06,4.26e-06,4.27e-06,495543536.0
2026-06-27 05:55:00,4.28e-06,4.28e-06,4.27e-06,4.27e-06,710862457.0
2026-06-27 06:00:00,4.27e-06,4.28e-06,4.26e-06,4.27e-06,1457365602.0
2026-06-27 06:05:00,4.27e-06,4.27e-06,4.26e-06,4.27e-06,1596726362.0
2026-06-27 06:10:00,4.26e-06,4.26e-06,4.25e-06,4.26e-06,903066740.0
2026-06-27 06:15:00,4.26e-06,4.27e-06,4.25e-06,4.27e-06,496713808.0
2026-06-27 06:20:00,4.27e-06,4.27e-06,4.26e-06,4.27e-06,329730147.0
2026-06-27 06:25:00,4.27e-06,4.27e-06,4.26e-06,4.27e-06,141480331.0
2026-06-27 06:30:00,4.27e-06,4.28e-06,4.26e-06,4.28e-06,2066208192.0
2026-06-27 06:35:00,4.28e-06,4.28e-06,4.27e-06,4.27e-06,3061836622.0
2026-06-27 06:40:00,4.28e-06,4.28e-06,4.27e-06,4.28e-06,855395685.0
2026-06-27 06:45:00,4.28e-06,4.29e-06,4.28e-06,4.28e-06,848540913.0
2026-06-27 06:50:00,4.28e-06,4.28e-06,4.27e-06,4.27e-06,539009020.0
2026-06-27 06:55:00,4.27e-06,4.28e-06,4.27e-06,4.27e-06,171957628.0
2026-06-27 07:00:00,4.27e-06,4.28e-06,4.26e-06,4.26e-06,3539243563.0
2026-06-27 07:05:00,4.27e-06,4.27e-06,4.26e-06,4.26e-06,340317285.0
2026-06-27 07:10:00,4.26e-06,4.27e-06,4.26e-06,4.27e-06,230857290.0
2026-06-27 07:15:00,4.27e-06,4.27e-06,4.26e-06,4.27e-06,171406340.0
2026-06-27 07:20:00,4.27e-06,4.28e-06,4.26e-06,4.28e-06,619964206.0
2026-06-27 07:25:00,4.28e-06,4.28e-06,4.27e-06,4.28e-06,271104952.0
2026-06-27 07:30:00,4.27e-06,4.28e-06,4.27e-06,4.27e-06,118532539.0
2026-06-27 07:35:00,4.28e-06,4.28e-06,4.26e-06,4.27e-06,352713306.0
2026-06-27 07:40:00,4.27e-06,4.27e-06,4.26e-06,4.27e-06,215464770.0
2026-06-27 07:45:00,4.27e-06,4.28e-06,4.27e-06,4.28e-06,461182795.0
2026-06-27 07:50:00,4.27e-06,4.28e-06,4.27e-06,4.27e-06,351706147.0
2026-06-27 07:55:00,4.27e-06,4.28e-06,4.27e-06,4.28e-06,951845239.0
2026-06-27 08:00:00,4.27e-06,4.28e-06,4.27e-06,4.27e-06,238496817.0
2026-06-27 08:05:00,4.27e-06,4.28e-06,4.23e-06,4.25e-06,22586584686.0
2026-06-27 08:10:00,4.25e-06,4.26e-06,4.25e-06,4.25e-06,153878751.0
2026-06-27 08:15:00,4.26e-06,4.26e-06,4.25e-06,4.25e-06,184604100.0
2026-06-27 08:20:00,4.26e-06,4.26e-06,4.25e-06,4.25e-06,743995114.0
2026-06-27 08:25:00,4.25e-06,4.26e-06,4.25e-06,4.26e-06,67376380.0
2026-06-27 08:30:00,4.26e-06,4.26e-06,4.25e-06,4.26e-06,45078484.0
2026-06-27 08:35:00,4.26e-06,4.26e-06,4.25e-06,4.25e-06,2747589707.0
2026-06-27 08:40:00,4.26e-06,4.26e-06,4.25e-06,4.25e-06,110313740.0
2026-06-27 08:45:00,4.26e-06,4.26e-06,4.25e-06,4.25e-06,33663859.0
2026-06-27 08:50:00,4.26e-06,4.26e-06,4.25e-06,4.26e-06,27336224.0
2026-06-27 08:55:00,4.25e-06,4.26e-06,4.25e-06,4.26e-06,94352311.0
2026-06-27 09:00:00,4.25e-06,4.26e-06,4.25e-06,4.26e-06,591946279.0
2026-06-27 09:05:00,4.26e-06,4.27e-06,4.26e-06,4.26e-06,1081879015.0
2026-06-27 09:10:00,4.26e-06,4.26e-06,4.25e-06,4.25e-06,1599463394.0
2026-06-27 09:15:00,4.25e-06,4.26e-06,4.24e-06,4.24e-06,1329521450.0
2026-06-27 09:20:00,4.25e-06,4.25e-06,4.24e-06,4.25e-06,980862701.0
2026-06-27 09:25:00,4.25e-06,4.25e-06,4.25e-06,4.25e-06,37588003.0
2026-06-27 09:30:00,4.25e-06,4.26e-06,4.24e-06,4.25e-06,1667044267.0
2026-06-27 09:35:00,4.25e-06,4.26e-06,4.25e-06,4.25e-06,2310088125.0
2026-06-27 09:40:00,4.25e-06,4.25e-06,4.25e-06,4.25e-06,26633613.0
2026-06-27 09:45:00,4.25e-06,4.26e-06,4.25e-06,4.25e-06,736399744.0
2026-06-27 09:50:00,4.26e-06,4.27e-06,4.25e-06,4.26e-06,832953340.0
2026-06-27 09:55:00,4.26e-06,4.27e-06,4.26e-06,4.26e-06,225696193.0
2026-06-27 10:00:00,4.26e-06,4.27e-06,4.26e-06,4.26e-06,332664412.0
2026-06-27 10:05:00,4.26e-06,4.27e-06,4.26e-06,4.26e-06,242410825.0
2026-06-27 10:10:00,4.26e-06,4.27e-06,4.26e-06,4.27e-06,477853204.0
2026-06-27 10:15:00,4.26e-06,4.27e-06,4.26e-06,4.26e-06,308962362.0
2026-06-27 10:20:00,4.26e-06,4.27e-06,4.26e-06,4.26e-06,360049381.0
2026-06-27 10:25:00,4.26e-06,4.27e-06,4.25e-06,4.25e-06,1738102464.0
2026-06-27 10:30:00,4.25e-06,4.26e-06,4.25e-06,4.25e-06,553406411.0
2026-06-27 10:35:00,4.25e-06,4.26e-06,4.25e-06,4.25e-06,97343435.0
2026-06-27 10:40:00,4.26e-06,4.27e-06,4.25e-06,4.26e-06,1531136354.0
2026-06-27 10:45:00,4.26e-06,4.26e-06,4.25e-06,4.26e-06,157945426.0
2026-06-27 10:50:00,4.25e-06,4.26e-06,4.25e-06,4.25e-06,155363634.0
2026-06-27 10:55:00,4.25e-06,4.26e-06,4.25e-06,4.25e-06,240410509.0
2026-06-27 11:00:00,4.25e-06,4.26e-06,4.25e-06,4.25e-06,115547303.0
2026-06-27 11:05:00,4.26e-06,4.26e-06,4.24e-06,4.25e-06,4694177047.0
2026-06-27 11:10:00,4.24e-06,4.26e-06,4.24e-06,4.25e-06,825178056.0
2026-06-27 11:15:00,4.25e-06,4.25e-06,4.24e-06,4.24e-06,1602444517.0
2026-06-27 11:20:00,4.24e-06,4.25e-06,4.24e-06,4.24e-06,91826679.0
2026-06-27 11:25:00,4.25e-06,4.25e-06,4.23e-06,4.23e-06,332697234.0
2026-06-27 11:30:00,4.23e-06,4.25e-06,4.23e-06,4.25e-06,1416000815.0
2026-06-27 11:35:00,4.25e-06,4.25e-06,4.23e-06,4.25e-06,924774117.0
2026-06-27 11:40:00,4.24e-06,4.25e-06,4.24e-06,4.25e-06,123393126.0
2026-06-27 11:45:00,4.24e-06,4.26e-06,4.24e-06,4.25e-06,1280725058.0
2026-06-27 11:50:00,4.24e-06,4.26e-06,4.24e-06,4.25e-06,1524546992.0
2026-06-27 11:55:00,4.25e-06,4.26e-06,4.25e-06,4.26e-06,206450327.0
2026-06-27 12:00:00,4.26e-06,4.26e-06,4.25e-06,4.26e-06,101479866.0
2026-06-27 12:05:00,4.25e-06,4.26e-06,4.25e-06,4.25e-06,363707121.0
2026-06-27 12:10:00,4.25e-06,4.26e-06,4.25e-06,4.25e-06,399130089.0
2026-06-27 12:15:00,4.25e-06,4.26e-06,4.25e-06,4.25e-06,7397338607.0
2026-06-27 12:20:00,4.25e-06,4.26e-06,4.25e-06,4.26e-06,96154364.0
2026-06-27 12:25:00,4.26e-06,4.26e-06,4.25e-06,4.26e-06,186298228.0
2026-06-27 12:30:00,4.26e-06,4.26e-06,4.25e-06,4.26e-06,292005760.0
2026-06-27 12:35:00,4.26e-06,4.26e-06,4.25e-06,4.26e-06,23211327.0
2026-06-27 12:40:00,4.26e-06,4.26e-06,4.25e-06,4.26e-06,1832360584.0
2026-06-27 12:45:00,4.26e-06,4.26e-06,4.25e-06,4.25e-06,116651604.0
2026-06-27 12:50:00,4.25e-06,4.27e-06,4.25e-06,4.26e-06,1540119135.0
2026-06-27 12:55:00,4.26e-06,4.27e-06,4.26e-06,4.26e-06,485675468.0
2026-06-27 13:00:00,4.26e-06,4.27e-06,4.26e-06,4.27e-06,274829410.0
2026-06-27 13:05:00,4.27e-06,4.27e-06,4.26e-06,4.27e-06,151254030.0
2026-06-27 13:10:00,4.27e-06,4.27e-06,4.26e-06,4.27e-06,140043471.0
2026-06-27 13:15:00,4.27e-06,4.27e-06,4.26e-06,4.27e-06,86862667.0
2026-06-27 13:20:00,4.26e-06,4.28e-06,4.26e-06,4.26e-06,2109629112.0
2026-06-27 13:25:00,4.26e-06,4.27e-06,4.26e-06,4.26e-06,1543477939.0
2026-06-27 13:30:00,4.27e-06,4.27e-06,4.26e-06,4.27e-06,133417694.0
2026-06-27 13:35:00,4.27e-06,4.28e-06,4.26e-06,4.28e-06,508433850.0
2026-06-27 13:40:00,4.27e-06,4.28e-06,4.27e-06,4.28e-06,153787539.0
2026-06-27 13:45:00,4.28e-06,4.28e-06,4.27e-06,4.27e-06,416406002.0
2026-06-27 13:50:00,4.28e-06,4.28e-06,4.27e-06,4.27e-06,353614541.0
2026-06-27 13:55:00,4.27e-06,4.28e-06,4.27e-06,4.28e-06,892397040.0
2026-06-27 14:00:00,4.28e-06,4.28e-06,4.27e-06,4.28e-06,120540436.0
2026-06-27 14:05:00,4.27e-06,4.28e-06,4.27e-06,4.28e-06,373856315.0
2026-06-27 14:10:00,4.28e-06,4.3e-06,4.27e-06,4.29e-06,2558733980.0
2026-06-27 14:15:00,4.29e-06,4.29e-06,4.28e-06,4.28e-06,1955138486.0
2026-06-27 14:20:00,4.28e-06,4.29e-06,4.28e-06,4.29e-06,291180192.0
2026-06-27 14:25:00,4.28e-06,4.29e-06,4.28e-06,4.29e-06,127617141.0
2026-06-27 14:30:00,4.28e-06,4.29e-06,4.28e-06,4.29e-06,344859646.0
2026-06-27 14:35:00,4.29e-06,4.29e-06,4.27e-06,4.29e-06,2913494826.0
2026-06-27 14:40:00,4.28e-06,4.28e-06,4.27e-06,4.28e-06,2810136939.0
2026-06-27 14:45:00,4.27e-06,4.29e-06,4.27e-06,4.28e-06,5604783828.0
2026-06-27 14:50:00,4.28e-06,4.29e-06,4.28e-06,4.29e-06,207630461.0
2026-06-27 14:55:00,4.28e-06,4.29e-06,4.27e-06,4.29e-06,1208999194.0
2026-06-27 15:00:00,4.28e-06,4.29e-06,4.27e-06,4.28e-06,1340454807.0
2026-06-27 15:05:00,4.27e-06,4.29e-06,4.27e-06,4.28e-06,485819607.0
2026-06-27 15:10:00,4.28e-06,4.31e-06,4.28e-06,4.3e-06,4110011904.0
2026-06-27 15:15:00,4.29e-06,4.3e-06,4.29e-06,4.29e-06,1264226443.0
2026-06-27 15:20:00,4.29e-06,4.3e-06,4.28e-06,4.3e-06,6989079004.0
2026-06-27 15:25:00,4.3e-06,4.3e-06,4.28e-06,4.29e-06,3794605168.0
2026-06-27 15:30:00,4.29e-06,4.3e-06,4.28e-06,4.29e-06,2698600705.0
2026-06-27 15:35:00,4.3e-06,4.31e-06,4.29e-06,4.31e-06,4365874644.0
2026-06-27 15:40:00,4.3e-06,4.3e-06,4.29e-06,4.29e-06,650423672.0
2026-06-27 15:45:00,4.29e-06,4.3e-06,4.28e-06,4.29e-06,3422045828.0
2026-06-27 15:50:00,4.29e-06,4.29e-06,4.28e-06,4.28e-06,452828780.0
2026-06-27 15:55:00,4.28e-06,4.3e-06,4.28e-06,4.29e-06,3749631058.0
2026-06-27 16:00:00,4.3e-06,4.39e-06,4.29e-06,4.39e-06,46255420214.0
2026-06-27 16:05:00,4.39e-06,4.39e-06,4.35e-06,4.36e-06,12277411511.0
2026-06-27 16:10:00,4.35e-06,4.36e-06,4.32e-06,4.32e-06,9308981698.0
2026-06-27 16:15:00,4.33e-06,4.33e-06,4.3e-06,4.31e-06,6775388754.0
2026-06-27 16:20:00,4.31e-06,4.31e-06,4.3e-06,4.3e-06,2166153322.0
2026-06-27 16:25:00,4.3e-06,4.32e-06,4.3e-06,4.32e-06,1424224046.0
2026-06-27 16:30:00,4.32e-06,4.33e-06,4.31e-06,4.33e-06,2617891692.0
2026-06-27 16:35:00,4.33e-06,4.33e-06,4.31e-06,4.32e-06,7714872929.0
2026-06-27 16:40:00,4.32e-06,4.33e-06,4.31e-06,4.32e-06,7716617261.0
2026-06-27 16:45:00,4.32e-06,4.33e-06,4.31e-06,4.32e-06,4370007486.0
2026-06-27 16:50:00,4.32e-06,4.33e-06,4.32e-06,4.32e-06,3683467390.0
2026-06-27 16:55:00,4.33e-06,4.33e-06,4.31e-06,4.32e-06,703761012.0
2026-06-27 17:00:00,4.32e-06,4.32e-06,4.25e-06,4.26e-06,12747258975.0
2026-06-27 17:05:00,4.27e-06,4.29e-06,4.27e-06,4.27e-06,1956942609.0
2026-06-27 17:10:00,4.28e-06,4.29e-06,4.27e-06,4.28e-06,1160186701.0
2026-06-27 17:15:00,4.27e-06,4.29e-06,4.26e-06,4.28e-06,1841308291.0
2026-06-27 17:20:00,4.27e-06,4.28e-06,4.27e-06,4.27e-06,288529508.0
2026-06-27 17:25:00,4.27e-06,4.28e-06,4.27e-06,4.28e-06,236954485.0
2026-06-27 17:30:00,4.27e-06,4.28e-06,4.26e-06,4.27e-06,5327373738.0
2026-06-27 17:35:00,4.27e-06,4.29e-06,4.27e-06,4.27e-06,881739789.0
2026-06-27 17:40:00,4.27e-06,4.28e-06,4.27e-06,4.27e-06,44651828.0
2026-06-27 17:45:00,4.27e-06,4.28e-06,4.27e-06,4.27e-06,144330272.0
2026-06-27 17:50:00,4.27e-06,4.28e-06,4.27e-06,4.27e-06,98222009.0
2026-06-27 17:55:00,4.27e-06,4.28e-06,4.26e-06,4.27e-06,1050544633.0
2026-06-27 18:00:00,4.27e-06,4.27e-06,4.26e-06,4.26e-06,2114767976.0
2026-06-27 18:05:00,4.26e-06,4.27e-06,4.26e-06,4.26e-06,334392276.0
2026-06-27 18:10:00,4.27e-06,4.27e-06,4.26e-06,4.26e-06,193985397.0
2026-06-27 18:15:00,4.27e-06,4.27e-06,4.26e-06,4.27e-06,798049021.0
2026-06-27 18:20:00,4.27e-06,4.27e-06,4.25e-06,4.26e-06,2478857783.0
2026-06-27 18:25:00,4.26e-06,4.26e-06,4.25e-06,4.25e-06,118758053.0
2026-06-27 18:30:00,4.25e-06,4.26e-06,4.25e-06,4.26e-06,1238999420.0
2026-06-27 18:35:00,4.25e-06,4.26e-06,4.25e-06,4.26e-06,150839871.0
2026-06-27 18:40:00,4.25e-06,4.26e-06,4.25e-06,4.26e-06,40183641.0
2026-06-27 18:45:00,4.26e-06,4.26e-06,4.25e-06,4.26e-06,333444942.0
2026-06-27 18:50:00,4.26e-06,4.27e-06,4.26e-06,4.26e-06,527796873.0
2026-06-27 18:55:00,4.26e-06,4.27e-06,4.26e-06,4.26e-06,93437831.0
2026-06-27 19:00:00,4.26e-06,4.27e-06,4.26e-06,4.27e-06,2670809721.0
2026-06-27 19:05:00,4.27e-06,4.27e-06,4.26e-06,4.26e-06,1984247324.0
2026-06-27 19:10:00,4.27e-06,4.27e-06,4.26e-06,4.26e-06,44091644.0
2026-06-27 19:15:00,4.26e-06,4.27e-06,4.25e-06,4.25e-06,929474304.0
2026-06-27 19:20:00,4.25e-06,4.26e-06,4.24e-06,4.24e-06,1711915219.0
2026-06-27 19:25:00,4.24e-06,4.24e-06,4.22e-06,4.22e-06,15061186163.0
2026-06-27 19:30:00,4.23e-06,4.23e-06,4.21e-06,4.22e-06,5084800352.0
2026-06-27 19:35:00,4.22e-06,4.23e-06,4.21e-06,4.23e-06,1373740142.0
2026-06-27 19:40:00,4.23e-06,4.23e-06,4.22e-06,4.23e-06,101185583.0
2026-06-27 19:45:00,4.23e-06,4.24e-06,4.22e-06,4.24e-06,1615146179.0
2026-06-27 19:50:00,4.24e-06,4.24e-06,4.22e-06,4.24e-06,418681471.0
2026-06-27 19:55:00,4.24e-06,4.24e-06,4.23e-06,4.24e-06,265402157.0
2026-06-27 20:00:00,4.24e-06,4.25e-06,4.23e-06,4.24e-06,565749283.0
2026-06-27 20:05:00,4.25e-06,4.25e-06,4.24e-06,4.24e-06,156751867.0
2026-06-27 20:10:00,4.25e-06,4.25e-06,4.24e-06,4.25e-06,1180959971.0
2026-06-27 20:15:00,4.25e-06,4.25e-06,4.24e-06,4.25e-06,152360386.0
2026-06-27 20:20:00,4.25e-06,4.25e-06,4.24e-06,4.25e-06,77968929.0
2026-06-27 20:25:00,4.25e-06,4.25e-06,4.25e-06,4.25e-06,727093912.0
2026-06-27 20:30:00,4.24e-06,4.25e-06,4.24e-06,4.25e-06,139639321.0
2026-06-27 20:35:00,4.25e-06,4.25e-06,4.24e-06,4.24e-06,355088736.0
2026-06-27 20:40:00,4.25e-06,4.25e-06,4.24e-06,4.24e-06,861269752.0
2026-06-27 20:45:00,4.24e-06,4.24e-06,4.23e-06,4.23e-06,1214416751.0
2026-06-27 20:50:00,4.23e-06,4.24e-06,4.23e-06,4.24e-06,441541542.0
2026-06-27 20:55:00,4.23e-06,4.24e-06,4.23e-06,4.23e-06,228761810.0
2026-06-27 21:00:00,4.23e-06,4.25e-06,4.23e-06,4.24e-06,513436417.0
2026-06-27 21:05:00,4.24e-06,4.25e-06,4.23e-06,4.23e-06,630921977.0
2026-06-27 21:10:00,4.24e-06,4.24e-06,4.23e-06,4.24e-06,1393808091.0
2026-06-27 21:15:00,4.24e-06,4.25e-06,4.23e-06,4.24e-06,1072848564.0
2026-06-27 21:20:00,4.24e-06,4.25e-06,4.23e-06,4.24e-06,714377892.0
2026-06-27 21:25:00,4.23e-06,4.24e-06,4.23e-06,4.24e-06,174438265.0
2026-06-27 21:30:00,4.24e-06,4.24e-06,4.23e-06,4.24e-06,36765433.0
2026-06-27 21:35:00,4.24e-06,4.24e-06,4.22e-06,4.22e-06,860945088.0
2026-06-27 21:40:00,4.22e-06,4.23e-06,4.21e-06,4.21e-06,6110423084.0
2026-06-27 21:45:00,4.22e-06,4.23e-06,4.21e-06,4.22e-06,581276158.0
2026-06-27 21:50:00,4.22e-06,4.22e-06,4.21e-06,4.22e-06,426445931.0
2026-06-27 21:55:00,4.21e-06,4.22e-06,4.21e-06,4.22e-06,64919094.0
2026-06-27 22:00:00,4.22e-06,4.22e-06,4.21e-06,4.21e-06,116845587.0
2026-06-27 22:05:00,4.22e-06,4.22e-06,4.22e-06,4.22e-06,52565690.0
2026-06-27 22:10:00,4.22e-06,4.23e-06,4.22e-06,4.23e-06,1161472830.0
2026-06-27 22:15:00,4.22e-06,4.22e-06,4.19e-06,4.21e-06,14105305152.0
2026-06-27 22:20:00,4.21e-06,4.22e-06,4.21e-06,4.22e-06,1685129476.0
2026-06-27 22:25:00,4.22e-06,4.23e-06,4.21e-06,4.22e-06,1691708590.0
2026-06-27 22:30:00,4.23e-06,4.24e-06,4.22e-06,4.23e-06,4727492534.0
2026-06-27 22:35:00,4.23e-06,4.24e-06,4.23e-06,4.23e-06,493114527.0
2026-06-27 22:40:00,4.23e-06,4.24e-06,4.23e-06,4.24e-06,2175245113.0
2026-06-27 22:45:00,4.24e-06,4.24e-06,4.23e-06,4.23e-06,2336061574.0
2026-06-27 22:50:00,4.23e-06,4.24e-06,4.23e-06,4.23e-06,174414676.0
2026-06-27 22:55:00,4.23e-06,4.24e-06,4.23e-06,4.23e-06,131099778.0
2026-06-27 23:00:00,4.24e-06,4.24e-06,4.23e-06,4.23e-06,1879832284.0
2026-06-27 23:05:00,4.23e-06,4.25e-06,4.23e-06,4.23e-06,955347875.0
2026-06-27 23:10:00,4.24e-06,4.24e-06,4.22e-06,4.22e-06,973027194.0
2026-06-27 23:15:00,4.22e-06,4.23e-06,4.21e-06,4.22e-06,1285187737.0
2026-06-27 23:20:00,4.21e-06,4.22e-06,4.21e-06,4.21e-06,143363218.0
2026-06-27 23:25:00,4.21e-06,4.22e-06,4.21e-06,4.21e-06,141629351.0
2026-06-27 23:30:00,4.22e-06,4.22e-06,4.21e-06,4.21e-06,178437278.0
2026-06-27 23:35:00,4.21e-06,4.22e-06,4.21e-06,4.22e-06,3632707910.0
2026-06-27 23:40:00,4.22e-06,4.22e-06,4.21e-06,4.21e-06,975969749.0
2026-06-27 23:45:00,4.21e-06,4.22e-06,4.21e-06,4.22e-06,211555052.0
2026-06-27 23:50:00,4.22e-06,4.22e-06,4.21e-06,4.21e-06,1641989722.0
2026-06-27 23:55:00,4.21e-06,4.22e-06,4.21e-06,4.21e-06,141228059.0
2026-06-28 00:00:00,4.21e-06,4.22e-06,4.21e-06,4.21e-06,149287758.0
2026-06-28 00:05:00,4.21e-06,4.22e-06,4.21e-06,4.21e-06,107395447.0
2026-06-28 00:10:00,4.21e-06,4.22e-06,4.21e-06,4.22e-06,384020106.0
2026-06-28 00:15:00,4.21e-06,4.22e-06,4.21e-06,4.22e-06,2776265916.0
2026-06-28 00:20:00,4.22e-06,4.23e-06,4.21e-06,4.21e-06,600052507.0
2026-06-28 00:25:00,4.22e-06,4.23e-06,4.22e-06,4.23e-06,1243019946.0
2026-06-28 00:30:00,4.23e-06,4.23e-06,4.22e-06,4.23e-06,38101936.0
2026-06-28 00:35:00,4.22e-06,4.23e-06,4.22e-06,4.22e-06,4319445961.0
2026-06-28 00:40:00,4.23e-06,4.23e-06,4.22e-06,4.23e-06,483539662.0
2026-06-28 00:45:00,4.23e-06,4.24e-06,4.22e-06,4.22e-06,466855449.0
2026-06-28 00:50:00,4.23e-06,4.23e-06,4.22e-06,4.23e-06,92604999.0
2026-06-28 00:55:00,4.23e-06,4.23e-06,4.22e-06,4.23e-06,35485590.0
2026-06-28 01:00:00,4.22e-06,4.23e-06,4.21e-06,4.22e-06,586018667.0
2026-06-28 01:05:00,4.22e-06,4.22e-06,4.21e-06,4.22e-06,97990840.0
2026-06-28 01:10:00,4.21e-06,4.22e-06,4.21e-06,4.22e-06,20098634.0
2026-06-28 01:15:00,4.22e-06,4.22e-06,4.21e-06,4.21e-06,89280009.0
2026-06-28 01:20:00,4.22e-06,4.23e-06,4.22e-06,4.23e-06,1007445003.0
2026-06-28 01:25:00,4.23e-06,4.23e-06,4.22e-06,4.23e-06,70431812.0
2026-06-28 01:30:00,4.23e-06,4.23e-06,4.22e-06,4.22e-06,120486272.0
2026-06-28 01:35:00,4.23e-06,4.23e-06,4.22e-06,4.23e-06,168190070.0
2026-06-28 01:40:00,4.22e-06,4.23e-06,4.22e-06,4.22e-06,408686854.0
2026-06-28 01:45:00,4.22e-06,4.22e-06,4.21e-06,4.22e-06,1017676544.0
2026-06-28 01:50:00,4.22e-06,4.23e-06,4.22e-06,4.22e-06,1108347736.0
2026-06-28 01:55:00,4.22e-06,4.22e-06,4.21e-06,4.22e-06,135357728.0
2026-06-28 02:00:00,4.22e-06,4.23e-06,4.22e-06,4.23e-06,1366543602.0
2026-06-28 02:05:00,4.22e-06,4.23e-06,4.22e-06,4.23e-06,241044825.0
2026-06-28 02:10:00,4.23e-06,4.23e-06,4.23e-06,4.23e-06,51585224.0
2026-06-28 02:15:00,4.23e-06,4.23e-06,4.22e-06,4.23e-06,39848889.0
2026-06-28 02:20:00,4.22e-06,4.22e-06,4.21e-06,4.21e-06,4788924256.0
2026-06-28 02:25:00,4.21e-06,4.22e-06,4.2e-06,4.21e-06,500258931.0
2026-06-28 02:30:00,4.21e-06,4.22e-06,4.21e-06,4.21e-06,723337898.0
2026-06-28 02:35:00,4.21e-06,4.22e-06,4.21e-06,4.22e-06,138400038.0
2026-06-28 02:40:00,4.21e-06,4.22e-06,4.21e-06,4.21e-06,1553910886.0
2026-06-28 02:45:00,4.22e-06,4.22e-06,4.21e-06,4.21e-06,219229494.0
2026-06-28 02:50:00,4.21e-06,4.22e-06,4.21e-06,4.22e-06,1246669091.0
2026-06-28 02:55:00,4.21e-06,4.22e-06,4.21e-06,4.21e-06,280120882.0
2026-06-28 03:00:00,4.21e-06,4.22e-06,4.21e-06,4.21e-06,4734502766.0
2026-06-28 03:05:00,4.21e-06,4.22e-06,4.21e-06,4.21e-06,299586266.0
2026-06-28 03:10:00,4.22e-06,4.23e-06,4.21e-06,4.22e-06,195009360.0
2026-06-28 03:15:00,4.22e-06,4.22e-06,4.21e-06,4.21e-06,414971122.0
2026-06-28 03:20:00,4.21e-06,4.22e-06,4.21e-06,4.21e-06,151482911.0
2026-06-28 03:25:00,4.21e-06,4.22e-06,4.21e-06,4.21e-06,149669540.0
2026-06-28 03:30:00,4.21e-06,4.21e-06,4.21e-06,4.21e-06,118707314.0
2026-06-28 03:35:00,4.21e-06,4.22e-06,4.21e-06,4.21e-06,128073029.0
2026-06-28 03:40:00,4.21e-06,4.22e-06,4.21e-06,4.21e-06,165600308.0
2026-06-28 03:45:00,4.21e-06,4.22e-06,4.21e-06,4.21e-06,78779233.0
2026-06-28 03:50:00,4.21e-06,4.22e-06,4.21e-06,4.21e-06,71575647.0
2026-06-28 03:55:00,4.21e-06,4.22e-06,4.21e-06,4.22e-06,218755285.0
2026-06-28 04:00:00,4.22e-06,4.22e-06,4.21e-06,4.21e-06,147542640.0
2026-06-28 04:05:00,4.22e-06,4.22e-06,4.21e-06,4.22e-06,13279995.0
2026-06-28 04:10:00,4.21e-06,4.22e-06,4.21e-06,4.21e-06,278906287.0
2026-06-28 04:15:00,4.21e-06,4.22e-06,4.21e-06,4.21e-06,84874929.0
2026-06-28 04:20:00,4.21e-06,4.22e-06,4.21e-06,4.21e-06,143906301.0
2026-06-28 04:25:00,4.21e-06,4.22e-06,4.21e-06,4.21e-06,227630828.0
2026-06-28 04:30:00,4.22e-06,4.22e-06,4.2e-06,4.21e-06,3933743129.0
2026-06-28 04:35:00,4.21e-06,4.22e-06,4.21e-06,4.22e-06,29582366.0
2026-06-28 04:40:00,4.22e-06,4.22e-06,4.21e-06,4.21e-06,41984361.0
2026-06-28 04:45:00,4.22e-06,4.22e-06,4.21e-06,4.22e-06,601242364.0
2026-06-28 04:50:00,4.21e-06,4.22e-06,4.21e-06,4.22e-06,175419569.0
2026-06-28 04:55:00,4.22e-06,4.22e-06,4.21e-06,4.21e-06,19253055.0
2026-06-28 05:00:00,4.22e-06,4.22e-06,4.19e-06,4.2e-06,1611943982.0
2026-06-28 05:05:00,4.19e-06,4.2e-06,4.19e-06,4.2e-06,1258795581.0
2026-06-28 05:10:00,4.19e-06,4.2e-06,4.19e-06,4.2e-06,93711127.0
2026-06-28 05:15:00,4.2e-06,4.2e-06,4.19e-06,4.2e-06,680393944.0
2026-06-28 05:20:00,4.2e-06,4.2e-06,4.19e-06,4.19e-06,1579520100.0
2026-06-28 05:25:00,4.19e-06,4.2e-06,4.18e-06,4.19e-06,4458009995.0
2026-06-28 05:30:00,4.18e-06,4.2e-06,4.18e-06,4.2e-06,1584683490.0
2026-06-28 05:35:00,4.2e-06,4.2e-06,4.19e-06,4.2e-06,48823597.0
2026-06-28 05:40:00,4.2e-06,4.2e-06,4.19e-06,4.2e-06,94158387.0
2026-06-28 05:45:00,4.19e-06,4.2e-06,4.19e-06,4.2e-06,220313529.0
2026-06-28 05:50:00,4.2e-06,4.2e-06,4.19e-06,4.2e-06,274720909.0
2026-06-28 05:55:00,4.19e-06,4.2e-06,4.19e-06,4.2e-06,824104853.0
2026-06-28 06:00:00,4.2e-06,4.2e-06,4.19e-06,4.19e-06,151811900.0
2026-06-28 06:05:00,4.19e-06,4.2e-06,4.19e-06,4.19e-06,120277004.0
2026-06-28 06:10:00,4.2e-06,4.2e-06,4.15e-06,4.16e-06,16346430585.0
2026-06-28 06:15:00,4.16e-06,4.17e-06,4.15e-06,4.16e-06,3198314045.0
2026-06-28 06:20:00,4.15e-06,4.16e-06,4.15e-06,4.16e-06,349811417.0
2026-06-28 06:25:00,4.16e-06,4.16e-06,4.15e-06,4.16e-06,55553690.0
2026-06-28 06:30:00,4.15e-06,4.16e-06,4.15e-06,4.16e-06,237274042.0
2026-06-28 06:35:00,4.16e-06,4.16e-06,4.15e-06,4.16e-06,306667702.0
2026-06-28 06:40:00,4.16e-06,4.17e-06,4.15e-06,4.16e-06,2702408973.0
2026-06-28 06:45:00,4.16e-06,4.16e-06,4.15e-06,4.16e-06,188545873.0
2026-06-28 06:50:00,4.16e-06,4.17e-06,4.16e-06,4.17e-06,454000532.0
2026-06-28 06:55:00,4.16e-06,4.17e-06,4.16e-06,4.17e-06,148670151.0
2026-06-28 07:00:00,4.16e-06,4.17e-06,4.16e-06,4.17e-06,5543521511.0
2026-06-28 07:05:00,4.16e-06,4.17e-06,4.16e-06,4.17e-06,127509484.0
2026-06-28 07:10:00,4.16e-06,4.18e-06,4.16e-06,4.17e-06,1253790980.0
2026-06-28 07:15:00,4.17e-06,4.18e-06,4.16e-06,4.16e-06,1765897137.0
2026-06-28 07:20:00,4.17e-06,4.17e-06,4.16e-06,4.16e-06,222395539.0
2026-06-28 07:25:00,4.17e-06,4.17e-06,4.16e-06,4.16e-06,114940616.0
2026-06-28 07:30:00,4.16e-06,4.18e-06,4.16e-06,4.18e-06,225719836.0
2026-06-28 07:35:00,4.17e-06,4.18e-06,4.17e-06,4.18e-06,1075676398.0
2026-06-28 07:40:00,4.18e-06,4.18e-06,4.17e-06,4.17e-06,66467286.0
2026-06-28 07:45:00,4.18e-06,4.19e-06,4.17e-06,4.18e-06,826924122.0
2026-06-28 07:50:00,4.18e-06,4.18e-06,4.17e-06,4.18e-06,320999326.0
2026-06-28 07:55:00,4.17e-06,4.18e-06,4.17e-06,4.18e-06,160969011.0
2026-06-28 08:00:00,4.18e-06,4.19e-06,4.17e-06,4.18e-06,694362820.0
2026-06-28 08:05:00,4.18e-06,4.19e-06,4.18e-06,4.18e-06,1191831858.0
2026-06-28 08:10:00,4.19e-06,4.19e-06,4.18e-06,4.19e-06,1168226278.0
2026-06-28 08:15:00,4.19e-06,4.22e-06,4.17e-06,4.19e-06,15538072691.0
2026-06-28 08:20:00,4.2e-06,4.2e-06,4.19e-06,4.19e-06,112709266.0
2026-06-28 08:25:00,4.19e-06,4.2e-06,4.18e-06,4.19e-06,2840211342.0
2026-06-28 08:30:00,4.2e-06,4.2e-06,4.19e-06,4.19e-06,570710398.0
2026-06-28 08:35:00,4.19e-06,4.24e-06,4.19e-06,4.23e-06,9170138379.0
2026-06-28 08:40:00,4.23e-06,4.23e-06,4.22e-06,4.23e-06,1048247533.0
2026-06-28 08:45:00,4.22e-06,4.23e-06,4.21e-06,4.21e-06,811809295.0
2026-06-28 08:50:00,4.21e-06,4.22e-06,4.21e-06,4.22e-06,243929172.0
2026-06-28 08:55:00,4.22e-06,4.22e-06,4.21e-06,4.21e-06,1061531451.0
2026-06-28 09:00:00,4.21e-06,4.22e-06,4.21e-06,4.21e-06,445870383.0
2026-06-28 09:05:00,4.22e-06,4.23e-06,4.21e-06,4.22e-06,1508400507.0
2026-06-28 09:10:00,4.22e-06,4.23e-06,4.22e-06,4.22e-06,173687107.0
2026-06-28 09:15:00,4.22e-06,4.23e-06,4.22e-06,4.22e-06,693145764.0
2026-06-28 09:20:00,4.22e-06,4.23e-06,4.21e-06,4.22e-06,2675549078.0
2026-06-28 09:25:00,4.22e-06,4.22e-06,4.21e-06,4.22e-06,610742902.0
2026-06-28 09:30:00,4.21e-06,4.23e-06,4.21e-06,4.23e-06,898858193.0
2026-06-28 09:35:00,4.23e-06,4.23e-06,4.22e-06,4.23e-06,249153494.0
2026-06-28 09:40:00,4.23e-06,4.23e-06,4.22e-06,4.23e-06,484938501.0
2026-06-28 09:45:00,4.22e-06,4.23e-06,4.21e-06,4.21e-06,2255502827.0
2026-06-28 09:50:00,4.2e-06,4.21e-06,4.2e-06,4.2e-06,2074554342.0
2026-06-28 09:55:00,4.2e-06,4.2e-06,4.19e-06,4.2e-06,861704484.0
2026-06-28 10:00:00,4.19e-06,4.2e-06,4.19e-06,4.19e-06,223679111.0
2026-06-28 10:05:00,4.19e-06,4.2e-06,4.19e-06,4.2e-06,139178588.0
2026-06-28 10:10:00,4.19e-06,4.21e-06,4.19e-06,4.2e-06,229292583.0
2026-06-28 10:15:00,4.2e-06,4.21e-06,4.2e-06,4.2e-06,335032576.0
2026-06-28 10:20:00,4.2e-06,4.2e-06,4.19e-06,4.19e-06,120344813.0
2026-06-28 10:25:00,4.19e-06,4.2e-06,4.18e-06,4.18e-06,819799186.0
2026-06-28 10:30:00,4.18e-06,4.19e-06,4.18e-06,4.18e-06,249983902.0
2026-06-28 10:35:00,4.19e-06,4.19e-06,4.18e-06,4.18e-06,207742354.0
2026-06-28 10:40:00,4.18e-06,4.19e-06,4.18e-06,4.18e-06,898130250.0
2026-06-28 10:45:00,4.18e-06,4.2e-06,4.18e-06,4.19e-06,2465864470.0
2026-06-28 10:50:00,4.19e-06,4.2e-06,4.19e-06,4.19e-06,368870879.0
2026-06-28 10:55:00,4.19e-06,4.2e-06,4.19e-06,4.19e-06,361924469.0
2026-06-28 11:00:00,4.19e-06,4.2e-06,4.19e-06,4.2e-06,1227481027.0
2026-06-28 11:05:00,4.2e-06,4.2e-06,4.19e-06,4.19e-06,1533692318.0
2026-06-28 11:10:00,4.19e-06,4.2e-06,4.18e-06,4.19e-06,568941581.0
2026-06-28 11:15:00,4.18e-06,4.19e-06,4.18e-06,4.19e-06,1582641322.0
2026-06-28 11:20:00,4.19e-06,4.21e-06,4.19e-06,4.21e-06,356318717.0
2026-06-28 11:25:00,4.2e-06,4.21e-06,4.2e-06,4.21e-06,201103531.0
2026-06-28 11:30:00,4.2e-06,4.21e-06,4.19e-06,4.19e-06,776576217.0
2026-06-28 11:35:00,4.19e-06,4.2e-06,4.19e-06,4.2e-06,440731433.0
2026-06-28 11:40:00,4.2e-06,4.21e-06,4.2e-06,4.2e-06,271788808.0
2026-06-28 11:45:00,4.21e-06,4.21e-06,4.2e-06,4.21e-06,280272524.0
2026-06-28 11:50:00,4.2e-06,4.21e-06,4.2e-06,4.21e-06,505497679.0
2026-06-28 11:55:00,4.22e-06,4.22e-06,4.21e-06,4.21e-06,93954918.0
2026-06-28 12:00:00,4.21e-06,4.22e-06,4.2e-06,4.2e-06,772186063.0
2026-06-28 12:05:00,4.2e-06,4.21e-06,4.2e-06,4.2e-06,145876652.0
2026-06-28 12:10:00,4.2e-06,4.21e-06,4.2e-06,4.2e-06,464487701.0
2026-06-28 12:15:00,4.2e-06,4.21e-06,4.19e-06,4.2e-06,788043413.0
2026-06-28 12:20:00,4.2e-06,4.2e-06,4.19e-06,4.19e-06,152043260.0
2026-06-28 12:25:00,4.2e-06,4.2e-06,4.19e-06,4.2e-06,854971387.0
2026-06-28 12:30:00,4.2e-06,4.22e-06,4.2e-06,4.21e-06,592105973.0
2026-06-28 12:35:00,4.21e-06,4.21e-06,4.2e-06,4.2e-06,1463177345.0
2026-06-28 12:40:00,4.2e-06,4.21e-06,4.19e-06,4.19e-06,837977002.0
2026-06-28 12:45:00,4.2e-06,4.2e-06,4.19e-06,4.2e-06,614518866.0
2026-06-28 12:50:00,4.2e-06,4.21e-06,4.2e-06,4.2e-06,163331594.0
2026-06-28 12:55:00,4.2e-06,4.21e-06,4.2e-06,4.2e-06,263990713.0
2026-06-28 13:00:00,4.2e-06,4.2e-06,4.17e-06,4.18e-06,2452577171.0
2026-06-28 13:05:00,4.18e-06,4.19e-06,4.17e-06,4.17e-06,1479583833.0
2026-06-28 13:10:00,4.17e-06,4.19e-06,4.17e-06,4.19e-06,480562089.0
2026-06-28 13:15:00,4.18e-06,4.19e-06,4.18e-06,4.18e-06,155811189.0
2026-06-28 13:20:00,4.18e-06,4.19e-06,4.18e-06,4.18e-06,236295432.0
2026-06-28 13:25:00,4.18e-06,4.19e-06,4.18e-06,4.19e-06,659283509.0
2026-06-28 13:30:00,4.19e-06,4.19e-06,4.18e-06,4.19e-06,200947970.0
2026-06-28 13:35:00,4.18e-06,4.19e-06,4.18e-06,4.19e-06,298831266.0
2026-06-28 13:40:00,4.18e-06,4.19e-06,4.18e-06,4.19e-06,226557591.0
2026-06-28 13:45:00,4.19e-06,4.19e-06,4.18e-06,4.19e-06,236580328.0
2026-06-28 13:50:00,4.19e-06,4.19e-06,4.18e-06,4.19e-06,121728538.0
2026-06-28 13:55:00,4.19e-06,4.19e-06,4.17e-06,4.18e-06,2357472315.0
2026-06-28 14:00:00,4.19e-06,4.19e-06,4.18e-06,4.18e-06,248461900.0
2026-06-28 14:05:00,4.19e-06,4.19e-06,4.18e-06,4.19e-06,1363241565.0
2026-06-28 14:10:00,4.19e-06,4.2e-06,4.19e-06,4.19e-06,262830864.0
2026-06-28 14:15:00,4.19e-06,4.2e-06,4.19e-06,4.2e-06,2227636532.0
2026-06-28 14:20:00,4.2e-06,4.21e-06,4.2e-06,4.2e-06,828849124.0
2026-06-28 14:25:00,4.2e-06,4.2e-06,4.19e-06,4.2e-06,2383366649.0
2026-06-28 14:30:00,4.2e-06,4.21e-06,4.2e-06,4.2e-06,153700783.0
2026-06-28 14:35:00,4.21e-06,4.21e-06,4.19e-06,4.19e-06,1403959436.0
2026-06-28 14:40:00,4.19e-06,4.2e-06,4.19e-06,4.2e-06,134901936.0
2026-06-28 14:45:00,4.2e-06,4.21e-06,4.19e-06,4.2e-06,958278644.0
2026-06-28 14:50:00,4.2e-06,4.21e-06,4.19e-06,4.19e-06,771175113.0
2026-06-28 14:55:00,4.2e-06,4.2e-06,4.19e-06,4.2e-06,102308186.0
2026-06-28 15:00:00,4.2e-06,4.2e-06,4.19e-06,4.19e-06,327744931.0
2026-06-28 15:05:00,4.2e-06,4.2e-06,4.19e-06,4.19e-06,1193272260.0
2026-06-28 15:10:00,4.19e-06,4.2e-06,4.18e-06,4.2e-06,845258576.0
2026-06-28 15:15:00,4.2e-06,4.2e-06,4.19e-06,4.2e-06,943181194.0
2026-06-28 15:20:00,4.19e-06,4.2e-06,4.19e-06,4.2e-06,74644040.0
2026-06-28 15:25:00,4.2e-06,4.2e-06,4.19e-06,4.2e-06,131527153.0
2026-06-28 15:30:00,4.2e-06,4.2e-06,4.19e-06,4.2e-06,264150460.0
2026-06-28 15:35:00,4.2e-06,4.2e-06,4.19e-06,4.19e-06,1865761765.0
2026-06-28 15:40:00,4.19e-06,4.2e-06,4.18e-06,4.2e-06,671022352.0
2026-06-28 15:45:00,4.19e-06,4.2e-06,4.18e-06,4.18e-06,1044255951.0
2026-06-28 15:50:00,4.18e-06,4.2e-06,4.18e-06,4.18e-06,1598697474.0
2026-06-28 15:55:00,4.19e-06,4.19e-06,4.18e-06,4.18e-06,730036968.0
2026-06-28 16:00:00,4.19e-06,4.19e-06,4.18e-06,4.19e-06,2145945410.0
2026-06-28 16:05:00,4.19e-06,4.19e-06,4.17e-06,4.17e-06,355874864.0
2026-06-28 16:10:00,4.17e-06,4.19e-06,4.17e-06,4.18e-06,2143225552.0
2026-06-28 16:15:00,4.18e-06,4.19e-06,4.18e-06,4.18e-06,399037043.0
2026-06-28 16:20:00,4.19e-06,4.19e-06,4.17e-06,4.17e-06,2767773245.0
2026-06-28 16:25:00,4.18e-06,4.18e-06,4.16e-06,4.17e-06,3624759895.0
2026-06-28 16:30:00,4.17e-06,4.17e-06,4.15e-06,4.15e-06,5581958906.0
2026-06-28 16:35:00,4.16e-06,4.17e-06,4.15e-06,4.17e-06,653297311.0
2026-06-28 16:40:00,4.17e-06,4.18e-06,4.16e-06,4.17e-06,948025512.0
2026-06-28 16:45:00,4.16e-06,4.18e-06,4.16e-06,4.18e-06,1220069788.0
2026-06-28 16:50:00,4.18e-06,4.18e-06,4.17e-06,4.18e-06,2853164771.0
2026-06-28 16:55:00,4.18e-06,4.18e-06,4.17e-06,4.17e-06,303707597.0
2026-06-28 17:00:00,4.17e-06,4.18e-06,4.17e-06,4.18e-06,465790797.0
2026-06-28 17:05:00,4.17e-06,4.19e-06,4.17e-06,4.17e-06,2480486133.0
2026-06-28 17:10:00,4.17e-06,4.17e-06,4.15e-06,4.17e-06,780618334.0
2026-06-28 17:15:00,4.16e-06,4.17e-06,4.15e-06,4.16e-06,1979356431.0
2026-06-28 17:20:00,4.16e-06,4.16e-06,4.15e-06,4.15e-06,215841575.0
2026-06-28 17:25:00,4.16e-06,4.16e-06,4.14e-06,4.15e-06,2592498284.0
2026-06-28 17:30:00,4.15e-06,4.16e-06,4.14e-06,4.14e-06,635210723.0
2026-06-28 17:35:00,4.14e-06,4.15e-06,4.13e-06,4.15e-06,6197227053.0
2026-06-28 17:40:00,4.15e-06,4.15e-06,4.14e-06,4.15e-06,364525164.0
2026-06-28 17:45:00,4.14e-06,4.15e-06,4.14e-06,4.15e-06,215438387.0
2026-06-28 17:50:00,4.15e-06,4.16e-06,4.14e-06,4.16e-06,3879601659.0
2026-06-28 17:55:00,4.15e-06,4.17e-06,4.15e-06,4.16e-06,4274799994.0
2026-06-28 18:00:00,4.15e-06,4.17e-06,4.15e-06,4.16e-06,527180123.0
2026-06-28 18:05:00,4.16e-06,4.16e-06,4.15e-06,4.16e-06,2014760139.0
2026-06-28 18:10:00,4.17e-06,4.17e-06,4.15e-06,4.15e-06,966046958.0
2026-06-28 18:15:00,4.15e-06,4.16e-06,4.15e-06,4.16e-06,367889760.0
2026-06-28 18:20:00,4.16e-06,4.16e-06,4.15e-06,4.15e-06,280738510.0
2026-06-28 18:25:00,4.15e-06,4.16e-06,4.14e-06,4.15e-06,1599868774.0
2026-06-28 18:30:00,4.15e-06,4.16e-06,4.14e-06,4.15e-06,1355894163.0
2026-06-28 18:35:00,4.15e-06,4.16e-06,4.14e-06,4.15e-06,2552188079.0
2026-06-28 18:40:00,4.15e-06,4.16e-06,4.15e-06,4.15e-06,477046726.0
2026-06-28 18:45:00,4.15e-06,4.16e-06,4.14e-06,4.15e-06,1572813478.0
2026-06-28 18:50:00,4.14e-06,4.16e-06,4.14e-06,4.16e-06,1988618491.0
2026-06-28 18:55:00,4.15e-06,4.16e-06,4.15e-06,4.16e-06,103403585.0
2026-06-28 19:00:00,4.15e-06,4.16e-06,4.14e-06,4.14e-06,306871304.0
2026-06-28 19:05:00,4.14e-06,4.15e-06,4.14e-06,4.15e-06,273773186.0
2026-06-28 19:10:00,4.15e-06,4.15e-06,4.14e-06,4.15e-06,1674992264.0
2026-06-28 19:15:00,4.15e-06,4.16e-06,4.15e-06,4.15e-06,603190534.0
2026-06-28 19:20:00,4.15e-06,4.16e-06,4.14e-06,4.16e-06,2644013049.0
2026-06-28 19:25:00,4.15e-06,4.16e-06,4.15e-06,4.16e-06,130372281.0
2026-06-28 19:30:00,4.15e-06,4.17e-06,4.15e-06,4.16e-06,767874564.0
2026-06-28 19:35:00,4.16e-06,4.16e-06,4.14e-06,4.15e-06,1354461877.0
2026-06-28 19:40:00,4.15e-06,4.16e-06,4.14e-06,4.15e-06,139267877.0
2026-06-28 19:45:00,4.14e-06,4.15e-06,4.13e-06,4.14e-06,2381275246.0
2026-06-28 19:50:00,4.14e-06,4.16e-06,4.14e-06,4.15e-06,412185359.0
2026-06-28 19:55:00,4.15e-06,4.16e-06,4.14e-06,4.16e-06,849259136.0
2026-06-28 20:00:00,4.15e-06,4.16e-06,4.15e-06,4.16e-06,2976245082.0
2026-06-28 20:05:00,4.15e-06,4.16e-06,4.14e-06,4.14e-06,1399943998.0
2026-06-28 20:10:00,4.15e-06,4.17e-06,4.15e-06,4.16e-06,2144962391.0
2026-06-28 20:15:00,4.16e-06,4.17e-06,4.16e-06,4.17e-06,1681300071.0
2026-06-28 20:20:00,4.16e-06,4.17e-06,4.16e-06,4.17e-06,1165299660.0
2026-06-28 20:25:00,4.17e-06,4.18e-06,4.16e-06,4.16e-06,1021704392.0
2026-06-28 20:30:00,4.17e-06,4.17e-06,4.16e-06,4.17e-06,504097992.0
2026-06-28 20:35:00,4.17e-06,4.17e-06,4.16e-06,4.16e-06,21690539.0
2026-06-28 20:40:00,4.17e-06,4.17e-06,4.16e-06,4.17e-06,31278030.0
2026-06-28 20:45:00,4.16e-06,4.17e-06,4.16e-06,4.16e-06,238920531.0
2026-06-28 20:50:00,4.16e-06,4.16e-06,4.15e-06,4.16e-06,281125413.0
2026-06-28 20:55:00,4.16e-06,4.16e-06,4.15e-06,4.16e-06,132198384.0
2026-06-28 21:00:00,4.16e-06,4.16e-06,4.15e-06,4.16e-06,219763838.0
2026-06-28 21:05:00,4.15e-06,4.16e-06,4.15e-06,4.16e-06,183057277.0
2026-06-28 21:10:00,4.16e-06,4.16e-06,4.15e-06,4.15e-06,704495878.0
2026-06-28 21:15:00,4.16e-06,4.16e-06,4.15e-06,4.15e-06,227454613.0
2026-06-28 21:20:00,4.15e-06,4.16e-06,4.14e-06,4.15e-06,653952774.0
2026-06-28 21:25:00,4.15e-06,4.16e-06,4.15e-06,4.15e-06,403840402.0
2026-06-28 21:30:00,4.15e-06,4.16e-06,4.15e-06,4.15e-06,274934392.0
2026-06-28 21:35:00,4.15e-06,4.16e-06,4.14e-06,4.14e-06,1406805400.0
2026-06-28 21:40:00,4.15e-06,4.16e-06,4.14e-06,4.15e-06,1613350180.0
2026-06-28 21:45:00,4.15e-06,4.15e-06,4.12e-06,4.13e-06,2632008308.0
2026-06-28 21:50:00,4.12e-06,4.13e-06,4.12e-06,4.13e-06,1286698856.0
2026-06-28 21:55:00,4.12e-06,4.14e-06,4.12e-06,4.12e-06,1799870068.0
2026-06-28 22:00:00,4.13e-06,4.18e-06,4.13e-06,4.16e-06,3815007720.0
2026-06-28 22:05:00,4.17e-06,4.18e-06,4.16e-06,4.16e-06,975070257.0
2026-06-28 22:10:00,4.16e-06,4.16e-06,4.15e-06,4.15e-06,1804022803.0
2026-06-28 22:15:00,4.15e-06,4.16e-06,4.12e-06,4.13e-06,5329603637.0
2026-06-28 22:20:00,4.13e-06,4.15e-06,4.12e-06,4.14e-06,3969675361.0
2026-06-28 22:25:00,4.14e-06,4.14e-06,4.13e-06,4.14e-06,3056881599.0
2026-06-28 22:30:00,4.14e-06,4.15e-06,4.13e-06,4.14e-06,1880063541.0
2026-06-28 22:35:00,4.13e-06,4.14e-06,4.13e-06,4.13e-06,1889483210.0
2026-06-28 22:40:00,4.13e-06,4.13e-06,4.12e-06,4.12e-06,5879759700.0
2026-06-28 22:45:00,4.13e-06,4.13e-06,4.11e-06,4.13e-06,1648388630.0
2026-06-28 22:50:00,4.12e-06,4.12e-06,4.1e-06,4.1e-06,8748607925.0
2026-06-28 22:55:00,4.1e-06,4.12e-06,4.1e-06,4.12e-06,835333059.0
2026-06-28 23:00:00,4.11e-06,4.14e-06,4.1e-06,4.13e-06,5415962877.0
2026-06-28 23:05:00,4.13e-06,4.13e-06,4.12e-06,4.13e-06,790630894.0
2026-06-28 23:10:00,4.14e-06,4.14e-06,4.12e-06,4.13e-06,4175540140.0
2026-06-28 23:15:00,4.13e-06,4.15e-06,4.12e-06,4.13e-06,960418374.0
2026-06-28 23:20:00,4.14e-06,4.14e-06,4.13e-06,4.14e-06,299191882.0
2026-06-28 23:25:00,4.14e-06,4.15e-06,4.14e-06,4.15e-06,285534451.0
2026-06-28 23:30:00,4.15e-06,4.16e-06,4.15e-06,4.16e-06,389240804.0
2026-06-28 23:35:00,4.16e-06,4.18e-06,4.16e-06,4.17e-06,1506427565.0
2026-06-28 23:40:00,4.17e-06,4.17e-06,4.16e-06,4.16e-06,257306433.0
2026-06-28 23:45:00,4.16e-06,4.18e-06,4.16e-06,4.17e-06,4712684955.0
2026-06-28 23:50:00,4.18e-06,4.18e-06,4.16e-06,4.16e-06,2766180558.0
2026-06-28 23:55:00,4.16e-06,4.17e-06,4.16e-06,4.17e-06,178303889.0
2026-06-29 00:00:00,4.17e-06,4.17e-06,4.15e-06,4.15e-06,5607846634.0
2026-06-29 00:05:00,4.15e-06,4.17e-06,4.15e-06,4.17e-06,5176730608.0
2026-06-29 00:10:00,4.16e-06,4.17e-06,4.16e-06,4.17e-06,435673476.0
2026-06-29 00:15:00,4.17e-06,4.17e-06,4.15e-06,4.15e-06,1668813215.0
2026-06-29 00:20:00,4.15e-06,4.16e-06,4.14e-06,4.16e-06,1738726192.0
2026-06-29 00:25:00,4.15e-06,4.15e-06,4.14e-06,4.14e-06,309308458.0
2026-06-29 00:30:00,4.14e-06,4.15e-06,4.13e-06,4.14e-06,5448498491.0
2026-06-29 00:35:00,4.15e-06,4.15e-06,4.13e-06,4.14e-06,4599760605.0
2026-06-29 00:40:00,4.14e-06,4.16e-06,4.14e-06,4.16e-06,1554810531.0
2026-06-29 00:45:00,4.15e-06,4.16e-06,4.14e-06,4.15e-06,842846687.0
2026-06-29 00:50:00,4.15e-06,4.16e-06,4.15e-06,4.16e-06,2706618591.0
2026-06-29 00:55:00,4.16e-06,4.18e-06,4.16e-06,4.18e-06,1338714674.0
2026-06-29 01:00:00,4.18e-06,4.18e-06,4.16e-06,4.16e-06,618039555.0
2026-06-29 01:05:00,4.16e-06,4.18e-06,4.15e-06,4.16e-06,1664324752.0
2026-06-29 01:10:00,4.16e-06,4.17e-06,4.16e-06,4.17e-06,48831366.0
2026-06-29 01:15:00,4.17e-06,4.17e-06,4.15e-06,4.15e-06,3669409884.0
2026-06-29 01:20:00,4.16e-06,4.16e-06,4.16e-06,4.16e-06,538764714.0
2026-06-29 01:25:00,4.16e-06,4.17e-06,4.16e-06,4.17e-06,2132449298.0
2026-06-29 01:30:00,4.16e-06,4.17e-06,4.15e-06,4.16e-06,3609065878.0
2026-06-29 01:35:00,4.16e-06,4.18e-06,4.16e-06,4.17e-06,2950868326.0
2026-06-29 01:40:00,4.17e-06,4.18e-06,4.17e-06,4.18e-06,1769793170.0
2026-06-29 01:45:00,4.17e-06,4.18e-06,4.17e-06,4.18e-06,938811308.0
2026-06-29 01:50:00,4.18e-06,4.19e-06,4.17e-06,4.17e-06,2513546804.0
2026-06-29 01:55:00,4.17e-06,4.18e-06,4.17e-06,4.17e-06,487929302.0
2026-06-29 02:00:00,4.17e-06,4.18e-06,4.16e-06,4.17e-06,606448554.0
2026-06-29 02:05:00,4.17e-06,4.18e-06,4.15e-06,4.16e-06,1197316767.0
2026-06-29 02:10:00,4.16e-06,4.16e-06,4.11e-06,4.13e-06,4724573915.0
2026-06-29 02:15:00,4.13e-06,4.14e-06,4.13e-06,4.13e-06,1010967297.0
2026-06-29 02:20:00,4.14e-06,4.16e-06,4.14e-06,4.15e-06,2136423545.0
2026-06-29 02:25:00,4.14e-06,4.17e-06,4.14e-06,4.17e-06,2976258234.0
2026-06-29 02:30:00,4.17e-06,4.17e-06,4.16e-06,4.17e-06,80255536.0
2026-06-29 02:35:00,4.17e-06,4.18e-06,4.16e-06,4.17e-06,1733666901.0
2026-06-29 02:40:00,4.17e-06,4.19e-06,4.17e-06,4.18e-06,530233281.0
2026-06-29 02:45:00,4.19e-06,4.19e-06,4.18e-06,4.18e-06,949489754.0
2026-06-29 02:50:00,4.18e-06,4.19e-06,4.18e-06,4.18e-06,597910423.0
2026-06-29 02:55:00,4.18e-06,4.19e-06,4.18e-06,4.19e-06,312372931.0
2026-06-29 03:00:00,4.18e-06,4.2e-06,4.18e-06,4.19e-06,719210540.0
2026-06-29 03:05:00,4.2e-06,4.22e-06,4.2e-06,4.22e-06,4757118921.0
2026-06-29 03:10:00,4.22e-06,4.22e-06,4.2e-06,4.21e-06,1722104325.0
2026-06-29 03:15:00,4.21e-06,4.21e-06,4.2e-06,4.2e-06,415842549.0
2026-06-29 03:20:00,4.2e-06,4.22e-06,4.2e-06,4.22e-06,2392811542.0
2026-06-29 03:25:00,4.21e-06,4.22e-06,4.21e-06,4.22e-06,438926745.0
2026-06-29 03:30:00,4.21e-06,4.22e-06,4.2e-06,4.21e-06,414449778.0
2026-06-29 03:35:00,4.21e-06,4.21e-06,4.19e-06,4.19e-06,807924099.0
2026-06-29 03:40:00,4.2e-06,4.2e-06,4.18e-06,4.18e-06,863103044.0
2026-06-29 03:45:00,4.19e-06,4.19e-06,4.18e-06,4.18e-06,315586545.0
2026-06-29 03:50:00,4.18e-06,4.19e-06,4.18e-06,4.18e-06,1771621868.0
2026-06-29 03:55:00,4.18e-06,4.19e-06,4.18e-06,4.19e-06,201970411.0
2026-06-29 04:00:00,4.19e-06,4.19e-06,4.18e-06,4.19e-06,371535616.0
2026-06-29 04:05:00,4.19e-06,4.19e-06,4.18e-06,4.19e-06,403340696.0
2026-06-29 04:10:00,4.18e-06,4.19e-06,4.17e-06,4.17e-06,1423028548.0
2026-06-29 04:15:00,4.17e-06,4.18e-06,4.17e-06,4.18e-06,54376981.0
2026-06-29 04:20:00,4.18e-06,4.18e-06,4.17e-06,4.18e-06,127711011.0
2026-06-29 04:25:00,4.18e-06,4.19e-06,4.17e-06,4.18e-06,312099679.0
2026-06-29 04:30:00,4.18e-06,4.18e-06,4.17e-06,4.18e-06,174546923.0
2026-06-29 04:35:00,4.17e-06,4.18e-06,4.16e-06,4.17e-06,1710027160.0
2026-06-29 04:40:00,4.17e-06,4.17e-06,4.15e-06,4.15e-06,2033778319.0
2026-06-29 04:45:00,4.16e-06,4.16e-06,4.15e-06,4.15e-06,5853649374.0
2026-06-29 04:50:00,4.15e-06,4.17e-06,4.15e-06,4.17e-06,350279834.0
2026-06-29 04:55:00,4.16e-06,4.17e-06,4.15e-06,4.16e-06,3336577476.0
2026-06-29 05:00:00,4.16e-06,4.16e-06,4.15e-06,4.16e-06,3111136779.0
2026-06-29 05:05:00,4.15e-06,4.15e-06,4.13e-06,4.15e-06,2947971561.0
2026-06-29 05:10:00,4.15e-06,4.15e-06,4.13e-06,4.15e-06,1052028689.0
2026-06-29 05:15:00,4.15e-06,4.16e-06,4.14e-06,4.15e-06,1837359095.0
2026-06-29 05:20:00,4.14e-06,4.16e-06,4.14e-06,4.16e-06,171608409.0
2026-06-29 05:25:00,4.16e-06,4.16e-06,4.15e-06,4.15e-06,321320087.0
2026-06-29 05:30:00,4.16e-06,4.16e-06,4.14e-06,4.15e-06,1151244990.0
2026-06-29 05:35:00,4.16e-06,4.16e-06,4.14e-06,4.14e-06,5314291423.0
2026-06-29 05:40:00,4.15e-06,4.16e-06,4.14e-06,4.16e-06,1894191378.0
2026-06-29 05:45:00,4.16e-06,4.17e-06,4.16e-06,4.16e-06,479035307.0
2026-06-29 05:50:00,4.16e-06,4.17e-06,4.15e-06,4.16e-06,4840354186.0
2026-06-29 05:55:00,4.16e-06,4.17e-06,4.16e-06,4.16e-06,692475343.0
2026-06-29 06:00:00,4.17e-06,4.18e-06,4.17e-06,4.17e-06,1129481222.0
2026-06-29 06:05:00,4.17e-06,4.18e-06,4.17e-06,4.18e-06,980726877.0
2026-06-29 06:10:00,4.18e-06,4.19e-06,4.17e-06,4.18e-06,430426907.0
2026-06-29 06:15:00,4.19e-06,4.2e-06,4.18e-06,4.19e-06,875215660.0
2026-06-29 06:20:00,4.19e-06,4.2e-06,4.19e-06,4.2e-06,710737262.0
2026-06-29 06:25:00,4.2e-06,4.2e-06,4.19e-06,4.2e-06,468494295.0
2026-06-29 06:30:00,4.19e-06,4.2e-06,4.18e-06,4.19e-06,637139618.0
2026-06-29 06:35:00,4.19e-06,4.19e-06,4.18e-06,4.18e-06,299411349.0
2026-06-29 06:40:00,4.18e-06,4.19e-06,4.18e-06,4.18e-06,2307106546.0
2026-06-29 06:45:00,4.19e-06,4.19e-06,4.17e-06,4.19e-06,1194747889.0
2026-06-29 06:50:00,4.18e-06,4.19e-06,4.18e-06,4.19e-06,268254926.0
2026-06-29 06:55:00,4.19e-06,4.19e-06,4.18e-06,4.19e-06,139003118.0
2026-06-29 07:00:00,4.19e-06,4.19e-06,4.17e-06,4.19e-06,1729037651.0
2026-06-29 07:05:00,4.18e-06,4.19e-06,4.17e-06,4.18e-06,644766523.0
2026-06-29 07:10:00,4.18e-06,4.19e-06,4.18e-06,4.18e-06,348227047.0
2026-06-29 07:15:00,4.18e-06,4.2e-06,4.18e-06,4.19e-06,1711269311.0
2026-06-29 07:20:00,4.19e-06,4.2e-06,4.18e-06,4.19e-06,752806752.0
2026-06-29 07:25:00,4.19e-06,4.2e-06,4.18e-06,4.19e-06,195777312.0
2026-06-29 07:30:00,4.19e-06,4.19e-06,4.17e-06,4.18e-06,7041842178.0
2026-06-29 07:35:00,4.18e-06,4.19e-06,4.17e-06,4.18e-06,3490387956.0
2026-06-29 07:40:00,4.18e-06,4.19e-06,4.17e-06,4.18e-06,1310113960.0
2026-06-29 07:45:00,4.17e-06,4.19e-06,4.17e-06,4.19e-06,805274179.0
2026-06-29 07:50:00,4.18e-06,4.19e-06,4.18e-06,4.19e-06,36626733.0
2026-06-29 07:55:00,4.18e-06,4.19e-06,4.18e-06,4.18e-06,451737929.0
2026-06-29 08:00:00,4.19e-06,4.19e-06,4.18e-06,4.19e-06,1214416187.0
2026-06-29 08:05:00,4.19e-06,4.19e-06,4.17e-06,4.17e-06,1035333259.0
2026-06-29 08:10:00,4.17e-06,4.18e-06,4.17e-06,4.17e-06,1935926373.0
2026-06-29 08:15:00,4.18e-06,4.18e-06,4.17e-06,4.18e-06,95356195.0
2026-06-29 08:20:00,4.17e-06,4.18e-06,4.16e-06,4.17e-06,2411943956.0
2026-06-29 08:25:00,4.17e-06,4.17e-06,4.14e-06,4.14e-06,4907265883.0
2026-06-29 08:30:00,4.14e-06,4.16e-06,4.14e-06,4.16e-06,547376451.0
2026-06-29 08:35:00,4.16e-06,4.17e-06,4.15e-06,4.17e-06,6649744925.0
2026-06-29 08:40:00,4.16e-06,4.17e-06,4.15e-06,4.16e-06,863685428.0
2026-06-29 08:45:00,4.16e-06,4.17e-06,4.16e-06,4.17e-06,265914476.0
2026-06-29 08:50:00,4.17e-06,4.17e-06,4.16e-06,4.16e-06,176165854.0
2026-06-29 08:55:00,4.17e-06,4.17e-06,4.15e-06,4.15e-06,967037563.0
2026-06-29 09:00:00,4.15e-06,4.17e-06,4.15e-06,4.16e-06,1785715466.0
2026-06-29 09:05:00,4.16e-06,4.17e-06,4.16e-06,4.17e-06,368933022.0
2026-06-29 09:10:00,4.17e-06,4.17e-06,4.16e-06,4.16e-06,135924579.0
2026-06-29 09:15:00,4.16e-06,4.18e-06,4.16e-06,4.17e-06,625404883.0
2026-06-29 09:20:00,4.17e-06,4.18e-06,4.16e-06,4.17e-06,797659766.0
2026-06-29 09:25:00,4.17e-06,4.19e-06,4.16e-06,4.18e-06,2085843786.0
2026-06-29 09:30:00,4.18e-06,4.19e-06,4.18e-06,4.19e-06,175259453.0
2026-06-29 09:35:00,4.18e-06,4.19e-06,4.17e-06,4.19e-06,1190634450.0
2026-06-29 09:40:00,4.19e-06,4.19e-06,4.17e-06,4.19e-06,1207072013.0
2026-06-29 09:45:00,4.18e-06,4.2e-06,4.18e-06,4.19e-06,905279188.0
2026-06-29 09:50:00,4.19e-06,4.2e-06,4.18e-06,4.19e-06,3600532582.0
2026-06-29 09:55:00,4.2e-06,4.2e-06,4.19e-06,4.19e-06,4277626223.0
2026-06-29 10:00:00,4.2e-06,4.21e-06,4.2e-06,4.2e-06,838737264.0
2026-06-29 10:05:00,4.2e-06,4.22e-06,4.2e-06,4.21e-06,4952742781.0
2026-06-29 10:10:00,4.21e-06,4.22e-06,4.21e-06,4.21e-06,750383276.0
2026-06-29 10:15:00,4.22e-06,4.22e-06,4.21e-06,4.22e-06,687211493.0
2026-06-29 10:20:00,4.22e-06,4.22e-06,4.21e-06,4.21e-06,331173868.0
2026-06-29 10:25:00,4.21e-06,4.22e-06,4.21e-06,4.22e-06,1714756166.0
2026-06-29 10:30:00,4.21e-06,4.21e-06,4.2e-06,4.2e-06,1544083652.0
2026-06-29 10:35:00,4.21e-06,4.22e-06,4.2e-06,4.22e-06,530840842.0
2026-06-29 10:40:00,4.22e-06,4.22e-06,4.21e-06,4.22e-06,195110460.0
2026-06-29 10:45:00,4.22e-06,4.22e-06,4.21e-06,4.21e-06,4093089388.0
2026-06-29 10:50:00,4.21e-06,4.22e-06,4.21e-06,4.21e-06,204601881.0
2026-06-29 10:55:00,4.22e-06,4.22e-06,4.21e-06,4.21e-06,127010694.0
2026-06-29 11:00:00,4.21e-06,4.23e-06,4.21e-06,4.22e-06,4590170032.0
2026-06-29 11:05:00,4.22e-06,4.22e-06,4.2e-06,4.21e-06,3017701795.0
2026-06-29 11:10:00,4.2e-06,4.2e-06,4.19e-06,4.2e-06,6006170100.0
2026-06-29 11:15:00,4.2e-06,4.2e-06,4.19e-06,4.2e-06,1285727603.0
2026-06-29 11:20:00,4.19e-06,4.2e-06,4.19e-06,4.2e-06,787509771.0
2026-06-29 11:25:00,4.2e-06,4.21e-06,4.2e-06,4.2e-06,1776715811.0
2026-06-29 11:30:00,4.21e-06,4.23e-06,4.19e-06,4.2e-06,14466684004.0
2026-06-29 11:35:00,4.21e-06,4.21e-06,4.2e-06,4.2e-06,543946945.0
2026-06-29 11:40:00,4.2e-06,4.21e-06,4.2e-06,4.21e-06,778460882.0
2026-06-29 11:45:00,4.21e-06,4.21e-06,4.2e-06,4.2e-06,237812131.0
2026-06-29 11:50:00,4.2e-06,4.21e-06,4.19e-06,4.19e-06,2888125375.0
2026-06-29 11:55:00,4.2e-06,4.21e-06,4.2e-06,4.21e-06,1616873768.0
2026-06-29 12:00:00,4.21e-06,4.23e-06,4.18e-06,4.23e-06,7246855304.0
2026-06-29 12:05:00,4.23e-06,4.25e-06,4.23e-06,4.25e-06,5094998839.0
2026-06-29 12:10:00,4.24e-06,4.27e-06,4.24e-06,4.26e-06,3120232351.0
2026-06-29 12:15:00,4.27e-06,4.27e-06,4.25e-06,4.26e-06,1258690787.0
2026-06-29 12:20:00,4.26e-06,4.26e-06,4.24e-06,4.25e-06,939288903.0
2026-06-29 12:25:00,4.25e-06,4.26e-06,4.24e-06,4.25e-06,884346715.0
2026-06-29 12:30:00,4.25e-06,4.26e-06,4.24e-06,4.26e-06,578622714.0
2026-06-29 12:35:00,4.25e-06,4.26e-06,4.21e-06,4.22e-06,4078782573.0
2026-06-29 12:40:00,4.22e-06,4.22e-06,4.21e-06,4.21e-06,2544347412.0
2026-06-29 12:45:00,4.22e-06,4.23e-06,4.21e-06,4.21e-06,1057866944.0
2026-06-29 12:50:00,4.21e-06,4.22e-06,4.19e-06,4.21e-06,2788392770.0
2026-06-29 12:55:00,4.21e-06,4.22e-06,4.21e-06,4.21e-06,1703390446.0
2026-06-29 13:00:00,4.21e-06,4.23e-06,4.21e-06,4.22e-06,3142925159.0
2026-06-29 13:05:00,4.22e-06,4.23e-06,4.22e-06,4.22e-06,899557024.0
2026-06-29 13:10:00,4.22e-06,4.23e-06,4.22e-06,4.22e-06,12568358230.0
2026-06-29 13:15:00,4.22e-06,4.23e-06,4.22e-06,4.23e-06,3380707438.0
2026-06-29 13:20:00,4.23e-06,4.23e-06,4.21e-06,4.21e-06,5259191489.0
2026-06-29 13:25:00,4.21e-06,4.22e-06,4.2e-06,4.2e-06,2448217403.0
2026-06-29 13:30:00,4.2e-06,4.23e-06,4.19e-06,4.22e-06,6697563943.0
2026-06-29 13:35:00,4.22e-06,4.22e-06,4.19e-06,4.2e-06,1752322668.0
2026-06-29 13:40:00,4.2e-06,4.21e-06,4.18e-06,4.19e-06,4390901604.0
2026-06-29 13:45:00,4.19e-06,4.2e-06,4.18e-06,4.18e-06,3560572958.0
2026-06-29 13:50:00,4.18e-06,4.2e-06,4.17e-06,4.19e-06,3599129266.0
2026-06-29 13:55:00,4.19e-06,4.2e-06,4.18e-06,4.2e-06,5697720663.0
2026-06-29 14:00:00,4.2e-06,4.2e-06,4.19e-06,4.2e-06,2322336283.0
2026-06-29 14:05:00,4.2e-06,4.2e-06,4.18e-06,4.19e-06,949742814.0
2026-06-29 14:10:00,4.19e-06,4.19e-06,4.17e-06,4.17e-06,3816542704.0
2026-06-29 14:15:00,4.17e-06,4.19e-06,4.16e-06,4.17e-06,7450965053.0
2026-06-29 14:20:00,4.17e-06,4.18e-06,4.16e-06,4.17e-06,1510300591.0
2026-06-29 14:25:00,4.18e-06,4.2e-06,4.18e-06,4.2e-06,447851009.0
2026-06-29 14:30:00,4.2e-06,4.23e-06,4.19e-06,4.22e-06,5646128914.0
2026-06-29 14:35:00,4.21e-06,4.22e-06,4.2e-06,4.21e-06,904510675.0
2026-06-29 14:40:00,4.21e-06,4.22e-06,4.19e-06,4.19e-06,1541028229.0
2026-06-29 14:45:00,4.19e-06,4.2e-06,4.18e-06,4.19e-06,780943445.0
2026-06-29 14:50:00,4.19e-06,4.21e-06,4.18e-06,4.21e-06,2053678831.0
2026-06-29 14:55:00,4.21e-06,4.22e-06,4.2e-06,4.22e-06,593501625.0
2026-06-29 15:00:00,4.21e-06,4.22e-06,4.19e-06,4.19e-06,749279950.0
2026-06-29 15:05:00,4.19e-06,4.19e-06,4.18e-06,4.19e-06,2384967157.0
2026-06-29 15:10:00,4.19e-06,4.19e-06,4.17e-06,4.18e-06,1246993255.0
2026-06-29 15:15:00,4.18e-06,4.2e-06,4.18e-06,4.19e-06,1016234883.0
2026-06-29 15:20:00,4.19e-06,4.2e-06,4.17e-06,4.18e-06,4468065720.0
2026-06-29 15:25:00,4.18e-06,4.2e-06,4.17e-06,4.2e-06,8263127282.0
2026-06-29 15:30:00,4.21e-06,4.22e-06,4.2e-06,4.2e-06,5532446839.0
2026-06-29 15:35:00,4.21e-06,4.23e-06,4.21e-06,4.23e-06,2181918742.0
2026-06-29 15:40:00,4.23e-06,4.24e-06,4.22e-06,4.23e-06,2609214878.0
2026-06-29 15:45:00,4.24e-06,4.24e-06,4.22e-06,4.23e-06,2443735233.0
2026-06-29 15:50:00,4.23e-06,4.24e-06,4.22e-06,4.23e-06,3701214145.0
2026-06-29 15:55:00,4.23e-06,4.24e-06,4.22e-06,4.23e-06,636048344.0
2026-06-29 16:00:00,4.23e-06,4.24e-06,4.22e-06,4.24e-06,1617324694.0
2026-06-29 16:05:00,4.23e-06,4.24e-06,4.22e-06,4.23e-06,8790996006.0
2026-06-29 16:10:00,4.23e-06,4.24e-06,4.22e-06,4.23e-06,2001753474.0
2026-06-29 16:15:00,4.23e-06,4.23e-06,4.22e-06,4.23e-06,683804212.0
2026-06-29 16:20:00,4.23e-06,4.23e-06,4.22e-06,4.22e-06,3824826747.0
2026-06-29 16:25:00,4.22e-06,4.22e-06,4.2e-06,4.21e-06,4976015319.0
2026-06-29 16:30:00,4.22e-06,4.23e-06,4.21e-06,4.22e-06,4836906475.0
2026-06-29 16:35:00,4.22e-06,4.24e-06,4.22e-06,4.23e-06,810214446.0
2026-06-29 16:40:00,4.23e-06,4.25e-06,4.23e-06,4.25e-06,3848707048.0
2026-06-29 16:45:00,4.25e-06,4.25e-06,4.24e-06,4.25e-06,2601320053.0
2026-06-29 16:50:00,4.25e-06,4.26e-06,4.25e-06,4.25e-06,132627474.0
2026-06-29 16:55:00,4.25e-06,4.26e-06,4.25e-06,4.25e-06,60035588.0
2026-06-29 17:00:00,4.26e-06,4.28e-06,4.25e-06,4.27e-06,5628761828.0
2026-06-29 17:05:00,4.27e-06,4.29e-06,4.27e-06,4.27e-06,9791377806.0
2026-06-29 17:10:00,4.27e-06,4.32e-06,4.27e-06,4.31e-06,8863734542.0
2026-06-29 17:15:00,4.31e-06,4.34e-06,4.31e-06,4.33e-06,6172212981.0
2026-06-29 17:20:00,4.33e-06,4.33e-06,4.3e-06,4.31e-06,3610302412.0
2026-06-29 17:25:00,4.31e-06,4.32e-06,4.3e-06,4.31e-06,5217473996.0
2026-06-29 17:30:00,4.32e-06,4.33e-06,4.31e-06,4.31e-06,3132440844.0
2026-06-29 17:35:00,4.31e-06,4.32e-06,4.3e-06,4.3e-06,3049879974.0
2026-06-29 17:40:00,4.3e-06,4.32e-06,4.3e-06,4.31e-06,1738137924.0
2026-06-29 17:45:00,4.31e-06,4.32e-06,4.3e-06,4.31e-06,706757015.0
2026-06-29 17:50:00,4.31e-06,4.31e-06,4.3e-06,4.31e-06,467228982.0
2026-06-29 17:55:00,4.3e-06,4.32e-06,4.3e-06,4.3e-06,4195254973.0
2026-06-29 18:00:00,4.31e-06,4.31e-06,4.29e-06,4.29e-06,8287461457.0
2026-06-29 18:05:00,4.29e-06,4.31e-06,4.29e-06,4.3e-06,2511325152.0
2026-06-29 18:10:00,4.3e-06,4.3e-06,4.29e-06,4.3e-06,875476092.0
2026-06-29 18:15:00,4.3e-06,4.3e-06,4.29e-06,4.3e-06,141757777.0
2026-06-29 18:20:00,4.29e-06,4.3e-06,4.28e-06,4.29e-06,491406598.0
2026-06-29 18:25:00,4.29e-06,4.3e-06,4.28e-06,4.28e-06,1479665996.0
2026-06-29 18:30:00,4.28e-06,4.29e-06,4.28e-06,4.28e-06,638760239.0
2026-06-29 18:35:00,4.29e-06,4.29e-06,4.28e-06,4.29e-06,2517174550.0
2026-06-29 18:40:00,4.3e-06,4.3e-06,4.29e-06,4.29e-06,375267891.0
2026-06-29 18:45:00,4.29e-06,4.3e-06,4.29e-06,4.29e-06,1198733305.0
2026-06-29 18:50:00,4.29e-06,4.29e-06,4.28e-06,4.28e-06,1774460704.0
2026-06-29 18:55:00,4.28e-06,4.29e-06,4.28e-06,4.29e-06,177550071.0
2026-06-29 19:00:00,4.29e-06,4.29e-06,4.28e-06,4.28e-06,158670737.0
2026-06-29 19:05:00,4.29e-06,4.29e-06,4.28e-06,4.29e-06,136110300.0
2026-06-29 19:10:00,4.29e-06,4.29e-06,4.28e-06,4.28e-06,29216644.0
2026-06-29 19:15:00,4.28e-06,4.29e-06,4.28e-06,4.29e-06,861028113.0
2026-06-29 19:20:00,4.3e-06,4.3e-06,4.29e-06,4.3e-06,215756453.0
2026-06-29 19:25:00,4.3e-06,4.31e-06,4.29e-06,4.3e-06,3805889820.0
2026-06-29 19:30:00,4.31e-06,4.35e-06,4.3e-06,4.31e-06,14940729509.0
2026-06-29 19:35:00,4.31e-06,4.32e-06,4.3e-06,4.31e-06,338642020.0
2026-06-29 19:40:00,4.31e-06,4.32e-06,4.3e-06,4.31e-06,1688558057.0
2026-06-29 19:45:00,4.31e-06,4.32e-06,4.3e-06,4.31e-06,1529534386.0
2026-06-29 19:50:00,4.3e-06,4.31e-06,4.3e-06,4.3e-06,6772877045.0
2026-06-29 19:55:00,4.3e-06,4.31e-06,4.29e-06,4.31e-06,1347575852.0
2026-06-29 20:00:00,4.3e-06,4.31e-06,4.29e-06,4.3e-06,3554482318.0
2026-06-29 20:05:00,4.3e-06,4.31e-06,4.3e-06,4.31e-06,1948441054.0
2026-06-29 20:10:00,4.3e-06,4.31e-06,4.29e-06,4.31e-06,3582418075.0
2026-06-29 20:15:00,4.3e-06,4.3e-06,4.3e-06,4.3e-06,426256196.0
2026-06-29 20:20:00,4.3e-06,4.31e-06,4.3e-06,4.3e-06,450851131.0
2026-06-29 20:25:00,4.3e-06,4.31e-06,4.3e-06,4.3e-06,387169306.0
2026-06-29 20:30:00,4.3e-06,4.3e-06,4.29e-06,4.3e-06,4248531824.0
2026-06-29 20:35:00,4.29e-06,4.3e-06,4.29e-06,4.29e-06,267680897.0
2026-06-29 20:40:00,4.29e-06,4.3e-06,4.29e-06,4.3e-06,561170577.0
2026-06-29 20:45:00,4.29e-06,4.3e-06,4.28e-06,4.3e-06,2693192074.0
2026-06-29 20:50:00,4.29e-06,4.3e-06,4.28e-06,4.29e-06,918912734.0
2026-06-29 20:55:00,4.29e-06,4.29e-06,4.28e-06,4.29e-06,40824120.0
2026-06-29 21:00:00,4.28e-06,4.3e-06,4.28e-06,4.28e-06,1921393078.0
2026-06-29 21:05:00,4.29e-06,4.29e-06,4.28e-06,4.28e-06,266181037.0
2026-06-29 21:10:00,4.28e-06,4.3e-06,4.28e-06,4.29e-06,756840030.0
2026-06-29 21:15:00,4.3e-06,4.3e-06,4.28e-06,4.28e-06,209586243.0
2026-06-29 21:20:00,4.29e-06,4.3e-06,4.28e-06,4.29e-06,191775913.0
2026-06-29 21:25:00,4.29e-06,4.3e-06,4.29e-06,4.29e-06,407961447.0
2026-06-29 21:30:00,4.29e-06,4.31e-06,4.29e-06,4.31e-06,1560359850.0
2026-06-29 21:35:00,4.3e-06,4.31e-06,4.3e-06,4.3e-06,505673426.0
2026-06-29 21:40:00,4.31e-06,4.31e-06,4.3e-06,4.3e-06,591141018.0
2026-06-29 21:45:00,4.3e-06,4.31e-06,4.3e-06,4.3e-06,699046809.0
2026-06-29 21:50:00,4.31e-06,4.31e-06,4.29e-06,4.31e-06,1662218868.0
2026-06-29 21:55:00,4.3e-06,4.31e-06,4.29e-06,4.3e-06,117365283.0
2026-06-29 22:00:00,4.29e-06,4.3e-06,4.28e-06,4.29e-06,4286991754.0
2026-06-29 22:05:00,4.29e-06,4.3e-06,4.29e-06,4.3e-06,228159868.0
2026-06-29 22:10:00,4.3e-06,4.3e-06,4.28e-06,4.29e-06,914660408.0
2026-06-29 22:15:00,4.29e-06,4.3e-06,4.28e-06,4.29e-06,1351798133.0
2026-06-29 22:20:00,4.29e-06,4.3e-06,4.29e-06,4.29e-06,2175183670.0
2026-06-29 22:25:00,4.3e-06,4.3e-06,4.29e-06,4.29e-06,435221162.0
2026-06-29 22:30:00,4.29e-06,4.29e-06,4.28e-06,4.28e-06,824062668.0
2026-06-29 22:35:00,4.28e-06,4.28e-06,4.27e-06,4.27e-06,2136049595.0
2026-06-29 22:40:00,4.28e-06,4.29e-06,4.27e-06,4.29e-06,1387303405.0
2026-06-29 22:45:00,4.28e-06,4.29e-06,4.28e-06,4.28e-06,481445815.0
2026-06-29 22:50:00,4.29e-06,4.29e-06,4.27e-06,4.28e-06,5286555855.0
2026-06-29 22:55:00,4.28e-06,4.28e-06,4.27e-06,4.27e-06,8900990558.0
2026-06-29 23:00:00,4.28e-06,4.28e-06,4.27e-06,4.27e-06,110680991.0
2026-06-29 23:05:00,4.27e-06,4.28e-06,4.27e-06,4.28e-06,83684997.0
2026-06-29 23:10:00,4.28e-06,4.28e-06,4.27e-06,4.27e-06,343548951.0
2026-06-29 23:15:00,4.28e-06,4.28e-06,4.27e-06,4.27e-06,54173777.0
2026-06-29 23:20:00,4.27e-06,4.27e-06,4.25e-06,4.25e-06,8674094308.0
2026-06-29 23:25:00,4.26e-06,4.27e-06,4.25e-06,4.25e-06,2865279509.0
2026-06-29 23:30:00,4.26e-06,4.26e-06,4.25e-06,4.26e-06,1250912749.0
2026-06-29 23:35:00,4.26e-06,4.26e-06,4.25e-06,4.26e-06,3876774074.0
2026-06-29 23:40:00,4.26e-06,4.26e-06,4.25e-06,4.26e-06,978764519.0
2026-06-29 23:45:00,4.25e-06,4.27e-06,4.25e-06,4.26e-06,3246474733.0
2026-06-29 23:50:00,4.26e-06,4.26e-06,4.25e-06,4.26e-06,268371303.0
2026-06-29 23:55:00,4.26e-06,4.27e-06,4.26e-06,4.26e-06,819841727.0
2026-06-30 00:00:00,4.26e-06,4.27e-06,4.25e-06,4.27e-06,8063260700.0
2026-06-30 00:05:00,4.26e-06,4.27e-06,4.26e-06,4.26e-06,2194840463.0
2026-06-30 00:10:00,4.25e-06,4.27e-06,4.25e-06,4.26e-06,1757280054.0
2026-06-30 00:15:00,4.26e-06,4.27e-06,4.25e-06,4.26e-06,260821666.0
2026-06-30 00:20:00,4.26e-06,4.26e-06,4.26e-06,4.26e-06,3080223.0
2026-06-30 00:25:00,4.25e-06,4.26e-06,4.24e-06,4.24e-06,2689615855.0
2026-06-30 00:30:00,4.25e-06,4.25e-06,4.23e-06,4.24e-06,4322033565.0
2026-06-30 00:35:00,4.24e-06,4.24e-06,4.23e-06,4.23e-06,1604763566.0
2026-06-30 00:40:00,4.23e-06,4.24e-06,4.23e-06,4.24e-06,2925480123.0
2026-06-30 00:45:00,4.24e-06,4.24e-06,4.23e-06,4.24e-06,5232408310.0
2026-06-30 00:50:00,4.23e-06,4.25e-06,4.23e-06,4.24e-06,1810138265.0
2026-06-30 00:55:00,4.24e-06,4.24e-06,4.23e-06,4.23e-06,4286140005.0
2026-06-30 01:00:00,4.24e-06,4.24e-06,4.22e-06,4.22e-06,3606405682.0
2026-06-30 01:05:00,4.22e-06,4.23e-06,4.21e-06,4.21e-06,5668234787.0
2026-06-30 01:10:00,4.21e-06,4.22e-06,4.21e-06,4.22e-06,1984253465.0
2026-06-30 01:15:00,4.22e-06,4.23e-06,4.21e-06,4.22e-06,3895409419.0
2026-06-30 01:20:00,4.23e-06,4.24e-06,4.22e-06,4.24e-06,7434585129.0
2026-06-30 01:25:00,4.24e-06,4.24e-06,4.22e-06,4.24e-06,6106238945.0
2026-06-30 01:30:00,4.24e-06,4.25e-06,4.24e-06,4.25e-06,1937564124.0
2026-06-30 01:35:00,4.25e-06,4.25e-06,4.23e-06,4.24e-06,1594226674.0
2026-06-30 01:40:00,4.23e-06,4.24e-06,4.23e-06,4.23e-06,2780542243.0
2026-06-30 01:45:00,4.24e-06,4.24e-06,4.23e-06,4.24e-06,86629564.0
2026-06-30 01:50:00,4.23e-06,4.24e-06,4.23e-06,4.23e-06,265683427.0
2026-06-30 01:55:00,4.24e-06,4.24e-06,4.23e-06,4.23e-06,207804412.0
2026-06-30 02:00:00,4.24e-06,4.24e-06,4.23e-06,4.23e-06,199222894.0
2026-06-30 02:05:00,4.24e-06,4.24e-06,4.23e-06,4.24e-06,466294488.0
2026-06-30 02:10:00,4.24e-06,4.24e-06,4.22e-06,4.23e-06,6777472526.0
2026-06-30 02:15:00,4.23e-06,4.24e-06,4.22e-06,4.23e-06,3777795741.0
2026-06-30 02:20:00,4.23e-06,4.24e-06,4.23e-06,4.23e-06,2507336070.0
2026-06-30 02:25:00,4.24e-06,4.25e-06,4.23e-06,4.24e-06,2055890372.0
2026-06-30 02:30:00,4.25e-06,4.25e-06,4.24e-06,4.24e-06,2144703258.0
2026-06-30 02:35:00,4.24e-06,4.25e-06,4.24e-06,4.25e-06,474613807.0
2026-06-30 02:40:00,4.26e-06,4.26e-06,4.25e-06,4.25e-06,143466539.0
2026-06-30 02:45:00,4.26e-06,4.27e-06,4.25e-06,4.27e-06,2726720331.0
2026-06-30 02:50:00,4.26e-06,4.28e-06,4.26e-06,4.27e-06,2031010269.0
2026-06-30 02:55:00,4.27e-06,4.27e-06,4.25e-06,4.25e-06,4022548437.0
2026-06-30 03:00:00,4.26e-06,4.26e-06,4.25e-06,4.25e-06,57882212.0
2026-06-30 03:05:00,4.26e-06,4.27e-06,4.25e-06,4.25e-06,1846003407.0
2026-06-30 03:10:00,4.26e-06,4.26e-06,4.25e-06,4.26e-06,47630597.0
2026-06-30 03:15:00,4.25e-06,4.27e-06,4.25e-06,4.26e-06,2329578124.0
2026-06-30 03:20:00,4.26e-06,4.27e-06,4.25e-06,4.25e-06,1536368242.0
2026-06-30 03:25:00,4.25e-06,4.26e-06,4.25e-06,4.25e-06,1544909059.0
2026-06-30 03:30:00,4.25e-06,4.25e-06,4.24e-06,4.24e-06,847844919.0
2026-06-30 03:35:00,4.25e-06,4.26e-06,4.24e-06,4.24e-06,2711974677.0
2026-06-30 03:40:00,4.24e-06,4.25e-06,4.24e-06,4.24e-06,322957704.0
2026-06-30 03:45:00,4.25e-06,4.25e-06,4.24e-06,4.24e-06,364199624.0
2026-06-30 03:50:00,4.25e-06,4.25e-06,4.24e-06,4.25e-06,405786294.0
2026-06-30 03:55:00,4.25e-06,4.26e-06,4.24e-06,4.24e-06,36817202529.0
2026-06-30 04:00:00,4.25e-06,4.25e-06,4.24e-06,4.24e-06,35403935.0
2026-06-30 04:05:00,4.25e-06,4.25e-06,4.24e-06,4.24e-06,1728014737.0
2026-06-30 04:10:00,4.24e-06,4.25e-06,4.23e-06,4.24e-06,1814837846.0
2026-06-30 04:15:00,4.25e-06,4.25e-06,4.23e-06,4.23e-06,1466676396.0
2026-06-30 04:20:00,4.24e-06,4.25e-06,4.24e-06,4.25e-06,915144011.0
2026-06-30 04:25:00,4.24e-06,4.25e-06,4.24e-06,4.25e-06,176500749.0
2026-06-30 04:30:00,4.25e-06,4.26e-06,4.24e-06,4.26e-06,1348777542.0
2026-06-30 04:35:00,4.26e-06,4.26e-06,4.25e-06,4.25e-06,255437749.0
2026-06-30 04:40:00,4.26e-06,4.26e-06,4.25e-06,4.25e-06,1961424641.0
2026-06-30 04:45:00,4.26e-06,4.26e-06,4.25e-06,4.25e-06,185919284.0
2026-06-30 04:50:00,4.26e-06,4.26e-06,4.25e-06,4.25e-06,418365405.0
2026-06-30 04:55:00,4.26e-06,4.26e-06,4.25e-06,4.25e-06,86968647.0
2026-06-30 05:00:00,4.25e-06,4.26e-06,4.24e-06,4.25e-06,2437631996.0
2026-06-30 05:05:00,4.25e-06,4.26e-06,4.25e-06,4.26e-06,347655116.0
2026-06-30 05:10:00,4.25e-06,4.26e-06,4.24e-06,4.25e-06,1946422779.0
2026-06-30 05:15:00,4.26e-06,4.26e-06,4.24e-06,4.24e-06,480783864.0
2026-06-30 05:20:00,4.24e-06,4.25e-06,4.24e-06,4.24e-06,96865893.0
2026-06-30 05:25:00,4.24e-06,4.24e-06,4.23e-06,4.23e-06,1752794611.0
2026-06-30 05:30:00,4.24e-06,4.24e-06,4.23e-06,4.23e-06,230558761.0
2026-06-30 05:35:00,4.24e-06,4.24e-06,4.23e-06,4.23e-06,313749850.0
2026-06-30 05:40:00,4.24e-06,4.25e-06,4.23e-06,4.24e-06,910341039.0
2026-06-30 05:45:00,4.24e-06,4.24e-06,4.24e-06,4.24e-06,119043581.0
2026-06-30 05:50:00,4.25e-06,4.25e-06,4.24e-06,4.24e-06,101985233.0
2026-06-30 05:55:00,4.24e-06,4.25e-06,4.24e-06,4.24e-06,2050821111.0
2026-06-30 06:00:00,4.25e-06,4.25e-06,4.24e-06,4.25e-06,213345145.0
2026-06-30 06:05:00,4.24e-06,4.25e-06,4.24e-06,4.25e-06,245618623.0
2026-06-30 06:10:00,4.24e-06,4.25e-06,4.24e-06,4.24e-06,4497916840.0
2026-06-30 06:15:00,4.25e-06,4.25e-06,4.23e-06,4.24e-06,6621465435.0
2026-06-30 06:20:00,4.24e-06,4.25e-06,4.23e-06,4.25e-06,2534790185.0
2026-06-30 06:25:00,4.24e-06,4.25e-06,4.23e-06,4.24e-06,2515987900.0
2026-06-30 06:30:00,4.24e-06,4.25e-06,4.24e-06,4.24e-06,778438455.0
2026-06-30 06:35:00,4.24e-06,4.25e-06,4.24e-06,4.24e-06,1103778930.0
2026-06-30 06:40:00,4.24e-06,4.25e-06,4.24e-06,4.24e-06,226920451.0
2026-06-30 06:45:00,4.25e-06,4.25e-06,4.24e-06,4.25e-06,291939920.0
2026-06-30 06:50:00,4.24e-06,4.25e-06,4.24e-06,4.24e-06,199652938.0
2026-06-30 06:55:00,4.25e-06,4.25e-06,4.24e-06,4.25e-06,283531759.0
2026-06-30 07:00:00,4.25e-06,4.25e-06,4.24e-06,4.25e-06,118126633.0
2026-06-30 07:05:00,4.24e-06,4.25e-06,4.23e-06,4.24e-06,1569807168.0
2026-06-30 07:10:00,4.23e-06,4.24e-06,4.23e-06,4.24e-06,924495532.0
2026-06-30 07:15:00,4.25e-06,4.25e-06,4.23e-06,4.24e-06,2229440368.0
2026-06-30 07:20:00,4.24e-06,4.24e-06,4.23e-06,4.24e-06,891019187.0
2026-06-30 07:25:00,4.23e-06,4.24e-06,4.23e-06,4.24e-06,146140378.0
2026-06-30 07:30:00,4.23e-06,4.24e-06,4.23e-06,4.23e-06,151505936.0
2026-06-30 07:35:00,4.23e-06,4.24e-06,4.23e-06,4.23e-06,256317277.0
2026-06-30 07:40:00,4.23e-06,4.24e-06,4.23e-06,4.23e-06,293263738.0
2026-06-30 07:45:00,4.24e-06,4.24e-06,4.23e-06,4.23e-06,87313654.0
2026-06-30 07:50:00,4.23e-06,4.24e-06,4.23e-06,4.24e-06,1208318367.0
2026-06-30 07:55:00,4.23e-06,4.24e-06,4.23e-06,4.24e-06,491510421.0
2026-06-30 08:00:00,4.23e-06,4.24e-06,4.23e-06,4.24e-06,1434119405.0
2026-06-30 08:05:00,4.23e-06,4.25e-06,4.23e-06,4.23e-06,1098014212.0
2026-06-30 08:10:00,4.24e-06,4.24e-06,4.23e-06,4.23e-06,2274804292.0
2026-06-30 08:15:00,4.23e-06,4.24e-06,4.23e-06,4.23e-06,157633167.0
2026-06-30 08:20:00,4.24e-06,4.25e-06,4.24e-06,4.24e-06,947089207.0
2026-06-30 08:25:00,4.25e-06,4.25e-06,4.24e-06,4.24e-06,319036319.0
2026-06-30 08:30:00,4.24e-06,4.25e-06,4.23e-06,4.23e-06,2162481738.0
2026-06-30 08:35:00,4.24e-06,4.24e-06,4.22e-06,4.22e-06,1657714536.0
2026-06-30 08:40:00,4.23e-06,4.23e-06,4.22e-06,4.22e-06,96660795.0
2026-06-30 08:45:00,4.22e-06,4.23e-06,4.21e-06,4.23e-06,3193727334.0
2026-06-30 08:50:00,4.22e-06,4.24e-06,4.21e-06,4.24e-06,13159206132.0
2026-06-30 08:55:00,4.24e-06,4.24e-06,4.23e-06,4.24e-06,105265930.0
2026-06-30 09:00:00,4.23e-06,4.24e-06,4.23e-06,4.24e-06,811230183.0
2026-06-30 09:05:00,4.24e-06,4.24e-06,4.23e-06,4.23e-06,725068791.0
2026-06-30 09:10:00,4.22e-06,4.24e-06,4.22e-06,4.23e-06,1843746232.0
2026-06-30 09:15:00,4.23e-06,4.23e-06,4.22e-06,4.23e-06,1198673166.0
2026-06-30 09:20:00,4.22e-06,4.23e-06,4.22e-06,4.23e-06,212464780.0
2026-06-30 09:25:00,4.22e-06,4.23e-06,4.22e-06,4.23e-06,40908007.0
2026-06-30 09:30:00,4.22e-06,4.23e-06,4.22e-06,4.23e-06,44249994.0
2026-06-30 09:35:00,4.22e-06,4.24e-06,4.22e-06,4.24e-06,3055506207.0
2026-06-30 09:40:00,4.23e-06,4.24e-06,4.23e-06,4.23e-06,1159850673.0
2026-06-30 09:45:00,4.23e-06,4.24e-06,4.23e-06,4.23e-06,384482892.0
2026-06-30 09:50:00,4.23e-06,4.25e-06,4.23e-06,4.24e-06,473354379.0
2026-06-30 09:55:00,4.25e-06,4.25e-06,4.24e-06,4.24e-06,115150716.0
2026-06-30 10:00:00,4.24e-06,4.25e-06,4.24e-06,4.24e-06,461648369.0
2026-06-30 10:05:00,4.24e-06,4.25e-06,4.24e-06,4.24e-06,9871845175.0
2026-06-30 10:10:00,4.25e-06,4.25e-06,4.23e-06,4.24e-06,1744529314.0
2026-06-30 10:15:00,4.24e-06,4.25e-06,4.24e-06,4.24e-06,266501325.0
2026-06-30 10:20:00,4.24e-06,4.25e-06,4.24e-06,4.24e-06,3362049711.0
2026-06-30 10:25:00,4.24e-06,4.25e-06,4.24e-06,4.25e-06,863599439.0
2026-06-30 10:30:00,4.25e-06,4.25e-06,4.23e-06,4.24e-06,2596761958.0
2026-06-30 10:35:00,4.24e-06,4.25e-06,4.24e-06,4.24e-06,516217790.0
2026-06-30 10:40:00,4.25e-06,4.25e-06,4.24e-06,4.25e-06,301950114.0
2026-06-30 10:45:00,4.24e-06,4.26e-06,4.24e-06,4.25e-06,5946442249.0
2026-06-30 10:50:00,4.25e-06,4.25e-06,4.24e-06,4.25e-06,1409285831.0
2026-06-30 10:55:00,4.24e-06,4.26e-06,4.24e-06,4.25e-06,3461007790.0
2026-06-30 11:00:00,4.25e-06,4.25e-06,4.24e-06,4.25e-06,372340878.0
2026-06-30 11:05:00,4.24e-06,4.26e-06,4.24e-06,4.26e-06,2346178611.0
2026-06-30 11:10:00,4.26e-06,4.26e-06,4.25e-06,4.26e-06,3190464265.0
2026-06-30 11:15:00,4.25e-06,4.27e-06,4.24e-06,4.25e-06,6941995398.0
2026-06-30 11:20:00,4.25e-06,4.25e-06,4.24e-06,4.25e-06,198263513.0
2026-06-30 11:25:00,4.24e-06,4.25e-06,4.24e-06,4.24e-06,1589906563.0
2026-06-30 11:30:00,4.25e-06,4.25e-06,4.23e-06,4.23e-06,3096049490.0
2026-06-30 11:35:00,4.23e-06,4.24e-06,4.23e-06,4.23e-06,2554712014.0
2026-06-30 11:40:00,4.24e-06,4.25e-06,4.23e-06,4.24e-06,956314235.0
2026-06-30 11:45:00,4.24e-06,4.25e-06,4.24e-06,4.25e-06,302999657.0
2026-06-30 11:50:00,4.25e-06,4.25e-06,4.22e-06,4.22e-06,1653771446.0
2026-06-30 11:55:00,4.22e-06,4.22e-06,4.2e-06,4.22e-06,4086513389.0
2026-06-30 12:00:00,4.22e-06,4.22e-06,4.2e-06,4.21e-06,4810141699.0
2026-06-30 12:05:00,4.2e-06,4.21e-06,4.19e-06,4.2e-06,1280703758.0
2026-06-30 12:10:00,4.2e-06,4.2e-06,4.19e-06,4.19e-06,2090238360.0
2026-06-30 12:15:00,4.19e-06,4.2e-06,4.18e-06,4.2e-06,2050567302.0
2026-06-30 12:20:00,4.19e-06,4.19e-06,4.17e-06,4.18e-06,8624411787.0
2026-06-30 12:25:00,4.18e-06,4.19e-06,4.17e-06,4.19e-06,7291903224.0
2026-06-30 12:30:00,4.18e-06,4.19e-06,4.17e-06,4.17e-06,1429336055.0
2026-06-30 12:35:00,4.17e-06,4.19e-06,4.17e-06,4.17e-06,2105750347.0
2026-06-30 12:40:00,4.18e-06,4.19e-06,4.17e-06,4.18e-06,5036077915.0
2026-06-30 12:45:00,4.18e-06,4.19e-06,4.17e-06,4.17e-06,1266365194.0
2026-06-30 12:50:00,4.18e-06,4.18e-06,4.17e-06,4.17e-06,756956481.0
2026-06-30 12:55:00,4.17e-06,4.18e-06,4.16e-06,4.16e-06,2977418445.0
2026-06-30 13:00:00,4.17e-06,4.17e-06,4.15e-06,4.17e-06,4187406181.0
2026-06-30 13:05:00,4.16e-06,4.19e-06,4.16e-06,4.19e-06,4726433698.0
2026-06-30 13:10:00,4.18e-06,4.18e-06,4.17e-06,4.17e-06,5312486274.0
2026-06-30 13:15:00,4.18e-06,4.19e-06,4.17e-06,4.18e-06,1996980480.0
2026-06-30 13:20:00,4.17e-06,4.18e-06,4.17e-06,4.17e-06,655944167.0
2026-06-30 13:25:00,4.18e-06,4.18e-06,4.17e-06,4.17e-06,448693438.0
2026-06-30 13:30:00,4.18e-06,4.2e-06,4.15e-06,4.16e-06,7898161093.0
2026-06-30 13:35:00,4.16e-06,4.17e-06,4.15e-06,4.15e-06,4870485179.0
2026-06-30 13:40:00,4.15e-06,4.18e-06,4.15e-06,4.17e-06,1258596795.0
2026-06-30 13:45:00,4.18e-06,4.18e-06,4.16e-06,4.17e-06,1358536060.0
2026-06-30 13:50:00,4.17e-06,4.2e-06,4.17e-06,4.2e-06,6918755109.0
2026-06-30 13:55:00,4.19e-06,4.2e-06,4.19e-06,4.2e-06,1759547546.0
2026-06-30 14:00:00,4.2e-06,4.23e-06,4.19e-06,4.21e-06,5686995144.0
2026-06-30 14:05:00,4.21e-06,4.23e-06,4.21e-06,4.22e-06,2046662819.0
2026-06-30 14:10:00,4.21e-06,4.23e-06,4.21e-06,4.21e-06,1578522792.0
2026-06-30 14:15:00,4.22e-06,4.22e-06,4.21e-06,4.21e-06,1044716662.0
2026-06-30 14:20:00,4.21e-06,4.23e-06,4.21e-06,4.22e-06,1658183109.0
2026-06-30 14:25:00,4.22e-06,4.22e-06,4.21e-06,4.22e-06,496892094.0
2026-06-30 14:30:00,4.22e-06,4.23e-06,4.21e-06,4.22e-06,505265442.0
2026-06-30 14:35:00,4.22e-06,4.22e-06,4.2e-06,4.2e-06,2715123390.0
2026-06-30 14:40:00,4.2e-06,4.21e-06,4.19e-06,4.2e-06,2613645435.0
2026-06-30 14:45:00,4.2e-06,4.2e-06,4.18e-06,4.19e-06,3468633928.0
2026-06-30 14:50:00,4.18e-06,4.19e-06,4.18e-06,4.19e-06,59485435.0
2026-06-30 14:55:00,4.18e-06,4.19e-06,4.17e-06,4.19e-06,4664998277.0
2026-06-30 15:00:00,4.19e-06,4.2e-06,4.18e-06,4.18e-06,3055134292.0
2026-06-30 15:05:00,4.19e-06,4.19e-06,4.17e-06,4.18e-06,3847998156.0
2026-06-30 15:10:00,4.19e-06,4.2e-06,4.18e-06,4.19e-06,1860921546.0
2026-06-30 15:15:00,4.2e-06,4.2e-06,4.18e-06,4.2e-06,6466185244.0
2026-06-30 15:20:00,4.2e-06,4.21e-06,4.19e-06,4.2e-06,3427221972.0
2026-06-30 15:25:00,4.21e-06,4.21e-06,4.2e-06,4.21e-06,484907776.0
2026-06-30 15:30:00,4.21e-06,4.22e-06,4.2e-06,4.21e-06,3071245330.0
2026-06-30 15:35:00,4.21e-06,4.21e-06,4.19e-06,4.21e-06,1864287637.0
2026-06-30 15:40:00,4.21e-06,4.21e-06,4.2e-06,4.21e-06,237007422.0
2026-06-30 15:45:00,4.21e-06,4.23e-06,4.21e-06,4.23e-06,5904877199.0
2026-06-30 15:50:00,4.23e-06,4.23e-06,4.21e-06,4.22e-06,1833841989.0
2026-06-30 15:55:00,4.21e-06,4.23e-06,4.21e-06,4.22e-06,1194446765.0
2026-06-30 16:00:00,4.21e-06,4.23e-06,4.21e-06,4.22e-06,1886307433.0
2026-06-30 16:05:00,4.22e-06,4.23e-06,4.22e-06,4.23e-06,1795145938.0
2026-06-30 16:10:00,4.22e-06,4.23e-06,4.21e-06,4.21e-06,1235631582.0
2026-06-30 16:15:00,4.21e-06,4.22e-06,4.2e-06,4.22e-06,2191805832.0
2026-06-30 16:20:00,4.22e-06,4.22e-06,4.2e-06,4.21e-06,256651589.0
2026-06-30 16:25:00,4.2e-06,4.21e-06,4.2e-06,4.2e-06,183366180.0
2026-06-30 16:30:00,4.2e-06,4.21e-06,4.2e-06,4.21e-06,415862545.0
2026-06-30 16:35:00,4.21e-06,4.22e-06,4.2e-06,4.22e-06,5016408729.0
2026-06-30 16:40:00,4.22e-06,4.23e-06,4.21e-06,4.21e-06,2580035688.0
2026-06-30 16:45:00,4.22e-06,4.22e-06,4.21e-06,4.21e-06,233721789.0
2026-06-30 16:50:00,4.21e-06,4.23e-06,4.21e-06,4.22e-06,921372329.0
2026-06-30 16:55:00,4.22e-06,4.23e-06,4.21e-06,4.22e-06,2751553151.0
2026-06-30 17:00:00,4.22e-06,4.23e-06,4.22e-06,4.23e-06,332001830.0
2026-06-30 17:05:00,4.23e-06,4.24e-06,4.22e-06,4.24e-06,2601145207.0
2026-06-30 17:10:00,4.24e-06,4.24e-06,4.22e-06,4.22e-06,1266335333.0
2026-06-30 17:15:00,4.22e-06,4.23e-06,4.22e-06,4.22e-06,219119603.0
2026-06-30 17:20:00,4.23e-06,4.23e-06,4.22e-06,4.22e-06,403847266.0
2026-06-30 17:25:00,4.22e-06,4.22e-06,4.21e-06,4.22e-06,3573670318.0
2026-06-30 17:30:00,4.22e-06,4.24e-06,4.21e-06,4.23e-06,12431289499.0
2026-06-30 17:35:00,4.23e-06,4.24e-06,4.23e-06,4.23e-06,584073376.0
2026-06-30 17:40:00,4.23e-06,4.24e-06,4.23e-06,4.23e-06,539484044.0
2026-06-30 17:45:00,4.23e-06,4.24e-06,4.22e-06,4.22e-06,3098598572.0
2026-06-30 17:50:00,4.22e-06,4.23e-06,4.22e-06,4.22e-06,218577432.0
2026-06-30 17:55:00,4.22e-06,4.23e-06,4.22e-06,4.22e-06,278608240.0
2026-06-30 18:00:00,4.22e-06,4.23e-06,4.22e-06,4.22e-06,272022099.0
2026-06-30 18:05:00,4.22e-06,4.23e-06,4.22e-06,4.22e-06,1292118274.0
2026-06-30 18:10:00,4.23e-06,4.23e-06,4.22e-06,4.22e-06,549920782.0
2026-06-30 18:15:00,4.22e-06,4.26e-06,4.22e-06,4.25e-06,11033385477.0
2026-06-30 18:20:00,4.24e-06,4.25e-06,4.23e-06,4.24e-06,2723489798.0
2026-06-30 18:25:00,4.23e-06,4.24e-06,4.23e-06,4.23e-06,659768008.0
2026-06-30 18:30:00,4.23e-06,4.24e-06,4.23e-06,4.24e-06,623777784.0
2026-06-30 18:35:00,4.23e-06,4.24e-06,4.22e-06,4.22e-06,532308022.0
2026-06-30 18:40:00,4.22e-06,4.24e-06,4.22e-06,4.23e-06,3790311983.0
2026-06-30 18:45:00,4.23e-06,4.24e-06,4.23e-06,4.24e-06,2684265855.0
2026-06-30 18:50:00,4.24e-06,4.25e-06,4.24e-06,4.24e-06,746681390.0
2026-06-30 18:55:00,4.24e-06,4.25e-06,4.24e-06,4.24e-06,621530415.0
2026-06-30 19:00:00,4.24e-06,4.25e-06,4.23e-06,4.25e-06,1066297356.0
2026-06-30 19:05:00,4.24e-06,4.25e-06,4.23e-06,4.24e-06,1442138145.0
2026-06-30 19:10:00,4.24e-06,4.25e-06,4.23e-06,4.23e-06,618203168.0
2026-06-30 19:15:00,4.23e-06,4.24e-06,4.23e-06,4.23e-06,430684862.0
2026-06-30 19:20:00,4.23e-06,4.23e-06,4.22e-06,4.23e-06,692907547.0
2026-06-30 19:25:00,4.23e-06,4.23e-06,4.22e-06,4.23e-06,2156746822.0
2026-06-30 19:30:00,4.23e-06,4.24e-06,4.23e-06,4.24e-06,442327053.0
2026-06-30 19:35:00,4.24e-06,4.25e-06,4.23e-06,4.23e-06,3606176984.0
2026-06-30 19:40:00,4.23e-06,4.24e-06,4.23e-06,4.24e-06,311327296.0
2026-06-30 19:45:00,4.23e-06,4.24e-06,4.23e-06,4.23e-06,407470050.0
2026-06-30 19:50:00,4.23e-06,4.24e-06,4.23e-06,4.24e-06,2497601015.0
2026-06-30 19:55:00,4.23e-06,4.25e-06,4.23e-06,4.24e-06,2735355852.0
2026-06-30 20:00:00,4.24e-06,4.25e-06,4.23e-06,4.24e-06,2441418727.0
2026-06-30 20:05:00,4.25e-06,4.25e-06,4.23e-06,4.24e-06,1279812999.0
2026-06-30 20:10:00,4.24e-06,4.25e-06,4.23e-06,4.23e-06,1023910605.0
2026-06-30 20:15:00,4.23e-06,4.24e-06,4.23e-06,4.24e-06,449520480.0
2026-06-30 20:20:00,4.23e-06,4.23e-06,4.22e-06,4.22e-06,5515018324.0
2026-06-30 20:25:00,4.22e-06,4.23e-06,4.22e-06,4.23e-06,235283084.0
2026-06-30 20:30:00,4.22e-06,4.23e-06,4.22e-06,4.22e-06,203729263.0
2026-06-30 20:35:00,4.22e-06,4.23e-06,4.22e-06,4.22e-06,371964873.0
2026-06-30 20:40:00,4.23e-06,4.23e-06,4.22e-06,4.22e-06,505842126.0
2026-06-30 20:45:00,4.23e-06,4.23e-06,4.22e-06,4.22e-06,631224528.0
2026-06-30 20:50:00,4.22e-06,4.23e-06,4.21e-06,4.21e-06,514160597.0
2026-06-30 20:55:00,4.21e-06,4.22e-06,4.21e-06,4.21e-06,229043581.0
2026-06-30 21:00:00,4.21e-06,4.23e-06,4.21e-06,4.21e-06,5495437074.0
2026-06-30 21:05:00,4.21e-06,4.22e-06,4.21e-06,4.21e-06,303873841.0
2026-06-30 21:10:00,4.21e-06,4.22e-06,4.2e-06,4.2e-06,3138397460.0
2026-06-30 21:15:00,4.2e-06,4.21e-06,4.2e-06,4.21e-06,4550404644.0
2026-06-30 21:20:00,4.2e-06,4.21e-06,4.19e-06,4.19e-06,3017448642.0
2026-06-30 21:25:00,4.2e-06,4.21e-06,4.19e-06,4.2e-06,1257889057.0
2026-06-30 21:30:00,4.2e-06,4.21e-06,4.2e-06,4.2e-06,1497499341.0
2026-06-30 21:35:00,4.2e-06,4.21e-06,4.2e-06,4.2e-06,602115516.0
2026-06-30 21:40:00,4.2e-06,4.21e-06,4.2e-06,4.2e-06,666875386.0
2026-06-30 21:45:00,4.2e-06,4.21e-06,4.2e-06,4.2e-06,266118764.0
2026-06-30 21:50:00,4.2e-06,4.21e-06,4.2e-06,4.2e-06,237265614.0
2026-06-30 21:55:00,4.2e-06,4.21e-06,4.2e-06,4.2e-06,398614693.0
2026-06-30 22:00:00,4.2e-06,4.22e-06,4.2e-06,4.21e-06,3162480712.0
2026-06-30 22:05:00,4.21e-06,4.22e-06,4.21e-06,4.21e-06,459897267.0
2026-06-30 22:10:00,4.22e-06,4.22e-06,4.2e-06,4.21e-06,1288996221.0
2026-06-30 22:15:00,4.2e-06,4.21e-06,4.2e-06,4.21e-06,1969626385.0
2026-06-30 22:20:00,4.22e-06,4.22e-06,4.2e-06,4.21e-06,1857381794.0
2026-06-30 22:25:00,4.21e-06,4.21e-06,4.2e-06,4.2e-06,21170482.0
2026-06-30 22:30:00,4.21e-06,4.21e-06,4.19e-06,4.2e-06,4916934636.0
2026-06-30 22:35:00,4.2e-06,4.2e-06,4.19e-06,4.2e-06,33227000.0
2026-06-30 22:40:00,4.2e-06,4.2e-06,4.19e-06,4.2e-06,317959281.0
2026-06-30 22:45:00,4.19e-06,4.2e-06,4.19e-06,4.2e-06,63030203.0
2026-06-30 22:50:00,4.2e-06,4.2e-06,4.19e-06,4.19e-06,176542322.0
2026-06-30 22:55:00,4.2e-06,4.2e-06,4.19e-06,4.19e-06,87073892.0
2026-06-30 23:00:00,4.19e-06,4.2e-06,4.19e-06,4.2e-06,680161263.0
2026-06-30 23:05:00,4.2e-06,4.2e-06,4.19e-06,4.2e-06,75165836.0
2026-06-30 23:10:00,4.2e-06,4.2e-06,4.19e-06,4.2e-06,242522038.0
2026-06-30 23:15:00,4.19e-06,4.2e-06,4.19e-06,4.19e-06,889714869.0
2026-06-30 23:20:00,4.2e-06,4.2e-06,4.19e-06,4.2e-06,25243435.0
2026-06-30 23:25:00,4.2e-06,4.2e-06,4.19e-06,4.19e-06,216655649.0
2026-06-30 23:30:00,4.2e-06,4.2e-06,4.19e-06,4.2e-06,2589847049.0
2026-06-30 23:35:00,4.2e-06,4.2e-06,4.19e-06,4.19e-06,2984098301.0
2026-06-30 23:40:00,4.2e-06,4.2e-06,4.19e-06,4.2e-06,120943930.0
2026-06-30 23:45:00,4.2e-06,4.21e-06,4.2e-06,4.21e-06,3904350743.0
2026-06-30 23:50:00,4.21e-06,4.21e-06,4.2e-06,4.2e-06,54686429.0
2026-06-30 23:55:00,4.21e-06,4.21e-06,4.2e-06,4.2e-06,53512956.0
2026-07-01 00:00:00,4.2e-06,4.21e-06,4.19e-06,4.2e-06,1985156284.0
2026-07-01 00:05:00,4.2e-06,4.21e-06,4.2e-06,4.21e-06,2812099466.0
2026-07-01 00:10:00,4.2e-06,4.21e-06,4.2e-06,4.21e-06,94488446.0
2026-07-01 00:15:00,4.2e-06,4.21e-06,4.2e-06,4.21e-06,388050054.0
2026-07-01 00:20:00,4.2e-06,4.21e-06,4.19e-06,4.2e-06,6266622170.0
2026-07-01 00:25:00,4.2e-06,4.21e-06,4.19e-06,4.21e-06,2091845711.0
2026-07-01 00:30:00,4.2e-06,4.22e-06,4.2e-06,4.21e-06,2427822561.0
2026-07-01 00:35:00,4.21e-06,4.21e-06,4.2e-06,4.2e-06,904729994.0
2026-07-01 00:40:00,4.2e-06,4.21e-06,4.2e-06,4.2e-06,148292419.0
2026-07-01 00:45:00,4.2e-06,4.21e-06,4.2e-06,4.2e-06,189943193.0
2026-07-01 00:50:00,4.2e-06,4.22e-06,4.2e-06,4.2e-06,4094302601.0
2026-07-01 00:55:00,4.21e-06,4.21e-06,4.2e-06,4.2e-06,89120728.0
2026-07-01 01:00:00,4.2e-06,4.21e-06,4.19e-06,4.2e-06,1808563193.0
2026-07-01 01:05:00,4.19e-06,4.19e-06,4.18e-06,4.19e-06,2233559731.0
2026-07-01 01:10:00,4.18e-06,4.18e-06,4.13e-06,4.17e-06,13924909965.0
2026-07-01 01:15:00,4.17e-06,4.18e-06,4.15e-06,4.17e-06,6212035027.0
2026-07-01 01:20:00,4.18e-06,4.19e-06,4.17e-06,4.18e-06,4330438334.0
2026-07-01 01:25:00,4.18e-06,4.18e-06,4.17e-06,4.17e-06,882618298.0
2026-07-01 01:30:00,4.17e-06,4.19e-06,4.17e-06,4.17e-06,3265220650.0
2026-07-01 01:35:00,4.18e-06,4.21e-06,4.18e-06,4.21e-06,6622400709.0
2026-07-01 01:40:00,4.2e-06,4.22e-06,4.2e-06,4.22e-06,2458988089.0
2026-07-01 01:45:00,4.21e-06,4.22e-06,4.2e-06,4.2e-06,10590239999.0
2026-07-01 01:50:00,4.2e-06,4.21e-06,4.2e-06,4.2e-06,887224447.0
2026-07-01 01:55:00,4.21e-06,4.22e-06,4.2e-06,4.2e-06,5091790932.0
2026-07-01 02:00:00,4.2e-06,4.22e-06,4.2e-06,4.21e-06,2921951448.0
2026-07-01 02:05:00,4.21e-06,4.21e-06,4.2e-06,4.2e-06,1685080211.0
2026-07-01 02:10:00,4.2e-06,4.22e-06,4.2e-06,4.21e-06,2339099330.0
2026-07-01 02:15:00,4.22e-06,4.22e-06,4.21e-06,4.21e-06,168320312.0
2026-07-01 02:20:00,4.22e-06,4.23e-06,4.21e-06,4.22e-06,1603871873.0
2026-07-01 02:25:00,4.23e-06,4.23e-06,4.22e-06,4.23e-06,39355918.0
2026-07-01 02:30:00,4.23e-06,4.23e-06,4.22e-06,4.23e-06,2266871513.0
2026-07-01 02:35:00,4.23e-06,4.24e-06,4.23e-06,4.24e-06,1917588892.0
2026-07-01 02:40:00,4.24e-06,4.25e-06,4.23e-06,4.24e-06,1556362282.0
2026-07-01 02:45:00,4.25e-06,4.25e-06,4.23e-06,4.24e-06,2297253129.0
2026-07-01 02:50:00,4.23e-06,4.24e-06,4.23e-06,4.24e-06,172907873.0
2026-07-01 02:55:00,4.24e-06,4.24e-06,4.23e-06,4.24e-06,221374339.0
2026-07-01 03:00:00,4.23e-06,4.24e-06,4.23e-06,4.24e-06,590384885.0
2026-07-01 03:05:00,4.24e-06,4.25e-06,4.23e-06,4.24e-06,2582087757.0
2026-07-01 03:10:00,4.23e-06,4.24e-06,4.23e-06,4.23e-06,29706299.0
2026-07-01 03:15:00,4.24e-06,4.24e-06,4.22e-06,4.23e-06,1419758185.0
2026-07-01 03:20:00,4.22e-06,4.23e-06,4.22e-06,4.22e-06,1185488174.0
2026-07-01 03:25:00,4.23e-06,4.23e-06,4.22e-06,4.23e-06,798052930.0
2026-07-01 03:30:00,4.23e-06,4.23e-06,4.22e-06,4.23e-06,207185223.0
2026-07-01 03:35:00,4.22e-06,4.26e-06,4.22e-06,4.24e-06,3844996345.0
2026-07-01 03:40:00,4.24e-06,4.24e-06,4.23e-06,4.24e-06,896859194.0
2026-07-01 03:45:00,4.24e-06,4.25e-06,4.23e-06,4.25e-06,593119827.0
2026-07-01 03:50:00,4.25e-06,4.26e-06,4.24e-06,4.26e-06,4738603174.0
2026-07-01 03:55:00,4.25e-06,4.26e-06,4.25e-06,4.26e-06,2760884288.0
2026-07-01 04:00:00,4.26e-06,4.26e-06,4.24e-06,4.25e-06,2392176570.0
2026-07-01 04:05:00,4.25e-06,4.25e-06,4.24e-06,4.24e-06,3889656764.0
2026-07-01 04:10:00,4.25e-06,4.25e-06,4.24e-06,4.25e-06,271991457.0
2026-07-01 04:15:00,4.25e-06,4.25e-06,4.24e-06,4.24e-06,195235225.0
2026-07-01 04:20:00,4.24e-06,4.25e-06,4.24e-06,4.25e-06,1860592886.0
2026-07-01 04:25:00,4.25e-06,4.26e-06,4.24e-06,4.26e-06,2286979144.0
2026-07-01 04:30:00,4.26e-06,4.26e-06,4.24e-06,4.25e-06,3970997157.0
2026-07-01 04:35:00,4.25e-06,4.25e-06,4.24e-06,4.25e-06,731826468.0
2026-07-01 04:40:00,4.25e-06,4.26e-06,4.24e-06,4.26e-06,1911137782.0
2026-07-01 04:45:00,4.26e-06,4.27e-06,4.26e-06,4.26e-06,5992518303.0
2026-07-01 04:50:00,4.27e-06,4.27e-06,4.25e-06,4.26e-06,1027213939.0
2026-07-01 04:55:00,4.26e-06,4.26e-06,4.25e-06,4.25e-06,637208885.0
2026-07-01 05:00:00,4.26e-06,4.26e-06,4.25e-06,4.26e-06,428068349.0
2026-07-01 05:05:00,4.25e-06,4.26e-06,4.24e-06,4.24e-06,808970126.0
2026-07-01 05:10:00,4.24e-06,4.25e-06,4.24e-06,4.25e-06,376007086.0
2026-07-01 05:15:00,4.24e-06,4.25e-06,4.24e-06,4.24e-06,338138877.0
2026-07-01 05:20:00,4.25e-06,4.25e-06,4.23e-06,4.24e-06,6660422880.0
2026-07-01 05:25:00,4.25e-06,4.25e-06,4.23e-06,4.24e-06,854489330.0
2026-07-01 05:30:00,4.23e-06,4.24e-06,4.23e-06,4.24e-06,233189985.0
2026-07-01 05:35:00,4.24e-06,4.24e-06,4.23e-06,4.23e-06,1434273009.0
2026-07-01 05:40:00,4.24e-06,4.24e-06,4.23e-06,4.24e-06,143257388.0
2026-07-01 05:45:00,4.24e-06,4.24e-06,4.23e-06,4.23e-06,164320960.0
2026-07-01 05:50:00,4.24e-06,4.25e-06,4.23e-06,4.24e-06,4943650246.0
2026-07-01 05:55:00,4.24e-06,4.24e-06,4.23e-06,4.23e-06,297199162.0
2026-07-01 06:00:00,4.24e-06,4.24e-06,4.22e-06,4.23e-06,4447872429.0
2026-07-01 06:05:00,4.22e-06,4.23e-06,4.22e-06,4.22e-06,2003476210.0
2026-07-01 06:10:00,4.23e-06,4.23e-06,4.23e-06,4.23e-06,7513618.0
2026-07-01 06:15:00,4.23e-06,4.23e-06,4.22e-06,4.22e-06,595544834.0
2026-07-01 06:20:00,4.22e-06,4.22e-06,4.21e-06,4.21e-06,9089072720.0
2026-07-01 06:25:00,4.22e-06,4.22e-06,4.21e-06,4.21e-06,40231494.0
2026-07-01 06:30:00,4.22e-06,4.23e-06,4.21e-06,4.22e-06,3435240697.0
2026-07-01 06:35:00,4.22e-06,4.22e-06,4.19e-06,4.21e-06,3317169530.0
2026-07-01 06:40:00,4.2e-06,4.2e-06,4.19e-06,4.2e-06,1448686537.0
2026-07-01 06:45:00,4.21e-06,4.21e-06,4.18e-06,4.2e-06,3910230800.0
2026-07-01 06:50:00,4.2e-06,4.21e-06,4.2e-06,4.2e-06,3794880187.0
2026-07-01 06:55:00,4.2e-06,4.21e-06,4.19e-06,4.2e-06,1122738322.0
2026-07-01 07:00:00,4.19e-06,4.2e-06,4.19e-06,4.2e-06,1893414311.0
2026-07-01 07:05:00,4.19e-06,4.2e-06,4.19e-06,4.2e-06,5364190716.0
2026-07-01 07:10:00,4.2e-06,4.21e-06,4.19e-06,4.21e-06,2519925509.0
2026-07-01 07:15:00,4.2e-06,4.21e-06,4.2e-06,4.21e-06,2001639096.0
2026-07-01 07:20:00,4.21e-06,4.23e-06,4.2e-06,4.23e-06,4491549306.0
2026-07-01 07:25:00,4.23e-06,4.23e-06,4.21e-06,4.21e-06,1232659728.0
2026-07-01 07:30:00,4.22e-06,4.22e-06,4.2e-06,4.21e-06,1057565456.0
2026-07-01 07:35:00,4.22e-06,4.22e-06,4.21e-06,4.21e-06,181592247.0
2026-07-01 07:40:00,4.22e-06,4.23e-06,4.21e-06,4.23e-06,1135882567.0
2026-07-01 07:45:00,4.23e-06,4.23e-06,4.22e-06,4.22e-06,137425769.0
2026-07-01 07:50:00,4.23e-06,4.24e-06,4.22e-06,4.24e-06,2258336406.0
2026-07-01 07:55:00,4.24e-06,4.24e-06,4.23e-06,4.24e-06,191590022.0
2026-07-01 08:00:00,4.24e-06,4.24e-06,4.23e-06,4.23e-06,9198538350.0
2026-07-01 08:05:00,4.23e-06,4.24e-06,4.23e-06,4.23e-06,970661616.0
2026-07-01 08:10:00,4.24e-06,4.24e-06,4.22e-06,4.22e-06,1331683124.0
2026-07-01 08:15:00,4.22e-06,4.24e-06,4.22e-06,4.22e-06,2864620542.0
2026-07-01 08:20:00,4.22e-06,4.22e-06,4.21e-06,4.21e-06,1748863843.0
2026-07-01 08:25:00,4.21e-06,4.23e-06,4.21e-06,4.21e-06,2526052790.0
2026-07-01 08:30:00,4.21e-06,4.22e-06,4.21e-06,4.21e-06,2171057985.0
2026-07-01 08:35:00,4.21e-06,4.23e-06,4.21e-06,4.22e-06,1583698560.0
2026-07-01 08:40:00,4.22e-06,4.23e-06,4.21e-06,4.23e-06,2510935444.0
2026-07-01 08:45:00,4.22e-06,4.22e-06,4.22e-06,4.22e-06,224482970.0
2026-07-01 08:50:00,4.22e-06,4.23e-06,4.22e-06,4.22e-06,739165827.0
2026-07-01 08:55:00,4.23e-06,4.24e-06,4.22e-06,4.23e-06,2556236217.0
2026-07-01 09:00:00,4.23e-06,4.24e-06,4.23e-06,4.23e-06,815282633.0
2026-07-01 09:05:00,4.24e-06,4.25e-06,4.23e-06,4.25e-06,668668535.0
2026-07-01 09:10:00,4.24e-06,4.25e-06,4.23e-06,4.23e-06,1488431661.0
2026-07-01 09:15:00,4.23e-06,4.25e-06,4.23e-06,4.24e-06,3580772412.0
2026-07-01 09:20:00,4.24e-06,4.25e-06,4.23e-06,4.24e-06,4356345546.0
2026-07-01 09:25:00,4.24e-06,4.24e-06,4.24e-06,4.24e-06,962402798.0
2026-07-01 09:30:00,4.24e-06,4.25e-06,4.24e-06,4.24e-06,54695878.0
2026-07-01 09:35:00,4.24e-06,4.25e-06,4.24e-06,4.24e-06,778912104.0
2026-07-01 09:40:00,4.24e-06,4.25e-06,4.23e-06,4.24e-06,2488172819.0
2026-07-01 09:45:00,4.24e-06,4.25e-06,4.23e-06,4.23e-06,1782792666.0
2026-07-01 09:50:00,4.24e-06,4.25e-06,4.23e-06,4.24e-06,2625945124.0
2026-07-01 09:55:00,4.24e-06,4.25e-06,4.24e-06,4.24e-06,174482070.0
2026-07-01 10:00:00,4.24e-06,4.26e-06,4.24e-06,4.26e-06,1257682484.0
2026-07-01 10:05:00,4.25e-06,4.26e-06,4.24e-06,4.25e-06,2757116009.0
2026-07-01 10:10:00,4.24e-06,4.24e-06,4.23e-06,4.23e-06,446340855.0
2026-07-01 10:15:00,4.23e-06,4.24e-06,4.23e-06,4.23e-06,1085216531.0
2026-07-01 10:20:00,4.23e-06,4.24e-06,4.23e-06,4.23e-06,877467331.0
2026-07-01 10:25:00,4.22e-06,4.23e-06,4.21e-06,4.23e-06,860324920.0
2026-07-01 10:30:00,4.22e-06,4.23e-06,4.22e-06,4.22e-06,145124580.0
2026-07-01 10:35:00,4.22e-06,4.23e-06,4.21e-06,4.22e-06,1222883297.0
2026-07-01 10:40:00,4.22e-06,4.23e-06,4.21e-06,4.21e-06,759041862.0
2026-07-01 10:45:00,4.21e-06,4.23e-06,4.21e-06,4.22e-06,1244087988.0
2026-07-01 10:50:00,4.22e-06,4.23e-06,4.22e-06,4.22e-06,431544129.0
2026-07-01 10:55:00,4.23e-06,4.23e-06,4.22e-06,4.22e-06,294922205.0
2026-07-01 11:00:00,4.22e-06,4.23e-06,4.21e-06,4.22e-06,2314759242.0
2026-07-01 11:05:00,4.22e-06,4.23e-06,4.22e-06,4.22e-06,401135494.0
2026-07-01 11:10:00,4.22e-06,4.23e-06,4.22e-06,4.23e-06,2940416000.0
2026-07-01 11:15:00,4.23e-06,4.24e-06,4.22e-06,4.22e-06,3137405072.0
2026-07-01 11:20:00,4.22e-06,4.23e-06,4.22e-06,4.22e-06,346088638.0
2026-07-01 11:25:00,4.22e-06,4.23e-06,4.22e-06,4.22e-06,896538340.0
2026-07-01 11:30:00,4.22e-06,4.23e-06,4.22e-06,4.22e-06,559373271.0
2026-07-01 11:35:00,4.22e-06,4.23e-06,4.22e-06,4.22e-06,487178824.0
2026-07-01 11:40:00,4.22e-06,4.23e-06,4.22e-06,4.22e-06,550278379.0
2026-07-01 11:45:00,4.22e-06,4.23e-06,4.21e-06,4.21e-06,884982091.0
2026-07-01 11:50:00,4.21e-06,4.23e-06,4.21e-06,4.21e-06,961867098.0
2026-07-01 11:55:00,4.21e-06,4.22e-06,4.21e-06,4.21e-06,707186737.0
2026-07-01 12:00:00,4.21e-06,4.22e-06,4.2e-06,4.21e-06,2361415857.0
2026-07-01 12:05:00,4.2e-06,4.22e-06,4.2e-06,4.21e-06,3687951412.0
2026-07-01 12:10:00,4.21e-06,4.22e-06,4.2e-06,4.2e-06,1727904194.0
2026-07-01 12:15:00,4.2e-06,4.22e-06,4.2e-06,4.21e-06,754109109.0
2026-07-01 12:20:00,4.22e-06,4.22e-06,4.21e-06,4.21e-06,175237260.0
2026-07-01 12:25:00,4.22e-06,4.22e-06,4.21e-06,4.21e-06,1340855226.0
2026-07-01 12:30:00,4.21e-06,4.22e-06,4.21e-06,4.21e-06,1953822379.0
2026-07-01 12:35:00,4.21e-06,4.22e-06,4.2e-06,4.21e-06,785768431.0
2026-07-01 12:40:00,4.22e-06,4.22e-06,4.21e-06,4.22e-06,5604270630.0
2026-07-01 12:45:00,4.21e-06,4.21e-06,4.2e-06,4.21e-06,2039399497.0
2026-07-01 12:50:00,4.21e-06,4.22e-06,4.2e-06,4.21e-06,1426878425.0
2026-07-01 12:55:00,4.21e-06,4.22e-06,4.21e-06,4.21e-06,626297833.0
2026-07-01 13:00:00,4.22e-06,4.23e-06,4.22e-06,4.22e-06,1786510203.0
2026-07-01 13:05:00,4.23e-06,4.23e-06,4.21e-06,4.22e-06,2434009363.0
2026-07-01 13:10:00,4.23e-06,4.23e-06,4.22e-06,4.22e-06,249748748.0
2026-07-01 13:15:00,4.22e-06,4.23e-06,4.22e-06,4.22e-06,2630155938.0
2026-07-01 13:20:00,4.22e-06,4.24e-06,4.22e-06,4.23e-06,486481052.0
2026-07-01 13:25:00,4.23e-06,4.24e-06,4.23e-06,4.24e-06,5882757386.0
2026-07-01 13:30:00,4.24e-06,4.24e-06,4.2e-06,4.24e-06,18470792187.0
2026-07-01 13:35:00,4.24e-06,4.25e-06,4.23e-06,4.24e-06,4435043095.0
2026-07-01 13:40:00,4.24e-06,4.25e-06,4.24e-06,4.24e-06,752901254.0
2026-07-01 13:45:00,4.25e-06,4.27e-06,4.24e-06,4.26e-06,7217128442.0
2026-07-01 13:50:00,4.26e-06,4.29e-06,4.26e-06,4.28e-06,11326904304.0
2026-07-01 13:55:00,4.28e-06,4.28e-06,4.27e-06,4.28e-06,1426517074.0
2026-07-01 14:00:00,4.28e-06,4.29e-06,4.27e-06,4.29e-06,2917843349.0
2026-07-01 14:05:00,4.28e-06,4.29e-06,4.28e-06,4.29e-06,1860798794.0
2026-07-01 14:10:00,4.29e-06,4.31e-06,4.29e-06,4.3e-06,5956059828.0
2026-07-01 14:15:00,4.31e-06,4.33e-06,4.3e-06,4.32e-06,12350163570.0
2026-07-01 14:20:00,4.32e-06,4.32e-06,4.29e-06,4.3e-06,14111547436.0
2026-07-01 14:25:00,4.31e-06,4.31e-06,4.29e-06,4.29e-06,1968776520.0
2026-07-01 14:30:00,4.3e-06,4.3e-06,4.27e-06,4.29e-06,5122044442.0
2026-07-01 14:35:00,4.29e-06,4.29e-06,4.27e-06,4.29e-06,2817447997.0
2026-07-01 14:40:00,4.3e-06,4.3e-06,4.28e-06,4.29e-06,3291964132.0
2026-07-01 14:45:00,4.29e-06,4.29e-06,4.27e-06,4.28e-06,5606728544.0
2026-07-01 14:50:00,4.29e-06,4.3e-06,4.28e-06,4.3e-06,1704323901.0
2026-07-01 14:55:00,4.3e-06,4.3e-06,4.29e-06,4.3e-06,2252766596.0
2026-07-01 15:00:00,4.29e-06,4.31e-06,4.29e-06,4.3e-06,6812509971.0
2026-07-01 15:05:00,4.31e-06,4.33e-06,4.3e-06,4.3e-06,8737712715.0
2026-07-01 15:10:00,4.31e-06,4.31e-06,4.3e-06,4.31e-06,499237867.0
2026-07-01 15:15:00,4.31e-06,4.31e-06,4.3e-06,4.31e-06,1949560195.0
2026-07-01 15:20:00,4.3e-06,4.35e-06,4.3e-06,4.35e-06,9518938053.0
2026-07-01 15:25:00,4.34e-06,4.35e-06,4.33e-06,4.34e-06,5915677411.0
2026-07-01 15:30:00,4.33e-06,4.34e-06,4.33e-06,4.34e-06,3206962376.0
2026-07-01 15:35:00,4.33e-06,4.34e-06,4.32e-06,4.32e-06,3084253788.0
2026-07-01 15:40:00,4.33e-06,4.34e-06,4.32e-06,4.34e-06,1734540923.0
2026-07-01 15:45:00,4.34e-06,4.34e-06,4.32e-06,4.33e-06,4238237269.0
2026-07-01 15:50:00,4.33e-06,4.34e-06,4.33e-06,4.33e-06,1896628190.0
2026-07-01 15:55:00,4.33e-06,4.34e-06,4.33e-06,4.34e-06,790678464.0
2026-07-01 16:00:00,4.34e-06,4.35e-06,4.33e-06,4.34e-06,3406336303.0
2026-07-01 16:05:00,4.35e-06,4.35e-06,4.33e-06,4.34e-06,1086449346.0
2026-07-01 16:10:00,4.34e-06,4.35e-06,4.34e-06,4.35e-06,1915912536.0
2026-07-01 16:15:00,4.35e-06,4.35e-06,4.34e-06,4.35e-06,253769454.0
2026-07-01 16:20:00,4.35e-06,4.35e-06,4.33e-06,4.34e-06,2025643336.0
2026-07-01 16:25:00,4.34e-06,4.36e-06,4.33e-06,4.34e-06,7102943336.0
2026-07-01 16:30:00,4.34e-06,4.35e-06,4.33e-06,4.34e-06,1745341628.0
2026-07-01 16:35:00,4.33e-06,4.34e-06,4.33e-06,4.33e-06,127458099.0
2026-07-01 16:40:00,4.34e-06,4.34e-06,4.33e-06,4.33e-06,445624285.0
2026-07-01 16:45:00,4.33e-06,4.33e-06,4.31e-06,4.31e-06,2640380703.0
2026-07-01 16:50:00,4.32e-06,4.32e-06,4.31e-06,4.32e-06,84560373.0
2026-07-01 16:55:00,4.32e-06,4.32e-06,4.3e-06,4.32e-06,4928326754.0
2026-07-01 17:00:00,4.32e-06,4.32e-06,4.3e-06,4.31e-06,721208087.0
2026-07-01 17:05:00,4.3e-06,4.31e-06,4.29e-06,4.3e-06,1694921883.0
2026-07-01 17:10:00,4.3e-06,4.31e-06,4.29e-06,4.3e-06,9481122245.0
2026-07-01 17:15:00,4.3e-06,4.32e-06,4.3e-06,4.32e-06,3095978758.0
2026-07-01 17:20:00,4.31e-06,4.32e-06,4.31e-06,4.32e-06,1882525626.0
2026-07-01 17:25:00,4.32e-06,4.33e-06,4.31e-06,4.32e-06,1601562499.0
2026-07-01 17:30:00,4.32e-06,4.32e-06,4.31e-06,4.32e-06,793766388.0
2026-07-01 17:35:00,4.32e-06,4.32e-06,4.31e-06,4.32e-06,1077321039.0
2026-07-01 17:40:00,4.32e-06,4.32e-06,4.31e-06,4.32e-06,95679277.0
2026-07-01 17:45:00,4.32e-06,4.33e-06,4.31e-06,4.31e-06,1961186879.0
2026-07-01 17:50:00,4.32e-06,4.34e-06,4.32e-06,4.33e-06,1727156233.0
2026-07-01 17:55:00,4.33e-06,4.34e-06,4.32e-06,4.33e-06,988707665.0
2026-07-01 18:00:00,4.33e-06,4.33e-06,4.32e-06,4.32e-06,200753890.0
2026-07-01 18:05:00,4.33e-06,4.33e-06,4.32e-06,4.32e-06,280798291.0
2026-07-01 18:10:00,4.32e-06,4.33e-06,4.31e-06,4.31e-06,3573458540.0
2026-07-01 18:15:00,4.32e-06,4.32e-06,4.31e-06,4.32e-06,1140000116.0
2026-07-01 18:20:00,4.32e-06,4.32e-06,4.31e-06,4.31e-06,596538753.0
2026-07-01 18:25:00,4.32e-06,4.32e-06,4.31e-06,4.31e-06,2287659848.0
2026-07-01 18:30:00,4.32e-06,4.32e-06,4.3e-06,4.3e-06,242392037.0
2026-07-01 18:35:00,4.31e-06,4.31e-06,4.31e-06,4.31e-06,2124694867.0
2026-07-01 18:40:00,4.31e-06,4.32e-06,4.3e-06,4.31e-06,1106129415.0
2026-07-01 18:45:00,4.31e-06,4.31e-06,4.3e-06,4.31e-06,939462017.0
2026-07-01 18:50:00,4.31e-06,4.31e-06,4.3e-06,4.3e-06,3535488181.0
2026-07-01 18:55:00,4.3e-06,4.31e-06,4.29e-06,4.31e-06,680608778.0
2026-07-01 19:00:00,4.31e-06,4.32e-06,4.3e-06,4.31e-06,2380320723.0
2026-07-01 19:05:00,4.31e-06,4.32e-06,4.31e-06,4.32e-06,684950020.0
2026-07-01 19:10:00,4.32e-06,4.32e-06,4.31e-06,4.32e-06,182570111.0
2026-07-01 19:15:00,4.32e-06,4.32e-06,4.31e-06,4.32e-06,344176475.0
2026-07-01 19:20:00,4.31e-06,4.32e-06,4.31e-06,4.31e-06,374178380.0
2026-07-01 19:25:00,4.31e-06,4.31e-06,4.3e-06,4.3e-06,1418534638.0
2026-07-01 19:30:00,4.3e-06,4.31e-06,4.3e-06,4.3e-06,121149292.0
2026-07-01 19:35:00,4.3e-06,4.31e-06,4.3e-06,4.3e-06,372615321.0
2026-07-01 19:40:00,4.3e-06,4.31e-06,4.29e-06,4.29e-06,12205434757.0
2026-07-01 19:45:00,4.3e-06,4.3e-06,4.29e-06,4.29e-06,26081542.0
2026-07-01 19:50:00,4.3e-06,4.3e-06,4.29e-06,4.29e-06,2549347817.0
2026-07-01 19:55:00,4.3e-06,4.3e-06,4.29e-06,4.3e-06,54632967.0
2026-07-01 20:00:00,4.3e-06,4.31e-06,4.29e-06,4.29e-06,2567945444.0
2026-07-01 20:05:00,4.3e-06,4.3e-06,4.29e-06,4.29e-06,2978523374.0
2026-07-01 20:10:00,4.3e-06,4.3e-06,4.29e-06,4.3e-06,1612927997.0
2026-07-01 20:15:00,4.3e-06,4.3e-06,4.29e-06,4.3e-06,713766094.0
2026-07-01 20:20:00,4.29e-06,4.3e-06,4.28e-06,4.29e-06,1593007694.0
2026-07-01 20:25:00,4.3e-06,4.3e-06,4.29e-06,4.29e-06,58092076.0
2026-07-01 20:30:00,4.3e-06,4.3e-06,4.29e-06,4.3e-06,5168043401.0
2026-07-01 20:35:00,4.3e-06,4.3e-06,4.29e-06,4.3e-06,188444228.0
2026-07-01 20:40:00,4.3e-06,4.31e-06,4.29e-06,4.3e-06,1826878864.0
2026-07-01 20:45:00,4.3e-06,4.32e-06,4.3e-06,4.32e-06,1817166236.0
2026-07-01 20:50:00,4.31e-06,4.32e-06,4.31e-06,4.31e-06,1825156193.0
2026-07-01 20:55:00,4.31e-06,4.31e-06,4.3e-06,4.31e-06,444932026.0
2026-07-01 21:00:00,4.31e-06,4.31e-06,4.3e-06,4.31e-06,3098340134.0
2026-07-01 21:05:00,4.31e-06,4.32e-06,4.31e-06,4.31e-06,4130155415.0
2026-07-01 21:10:00,4.32e-06,4.34e-06,4.32e-06,4.33e-06,5865424800.0
2026-07-01 21:15:00,4.33e-06,4.34e-06,4.32e-06,4.33e-06,6197241147.0
2026-07-01 21:20:00,4.33e-06,4.33e-06,4.32e-06,4.32e-06,748556533.0
2026-07-01 21:25:00,4.32e-06,4.33e-06,4.32e-06,4.33e-06,281788537.0
2026-07-01 21:30:00,4.33e-06,4.34e-06,4.32e-06,4.34e-06,2938875908.0
2026-07-01 21:35:00,4.34e-06,4.34e-06,4.33e-06,4.34e-06,835317888.0
2026-07-01 21:40:00,4.33e-06,4.34e-06,4.33e-06,4.33e-06,948452680.0
2026-07-01 21:45:00,4.34e-06,4.36e-06,4.33e-06,4.36e-06,2446761585.0
2026-07-01 21:50:00,4.36e-06,4.37e-06,4.35e-06,4.36e-06,864026563.0
2026-07-01 21:55:00,4.37e-06,4.37e-06,4.35e-06,4.36e-06,4748319824.0
2026-07-01 22:00:00,4.35e-06,4.38e-06,4.35e-06,4.36e-06,3231747534.0
2026-07-01 22:05:00,4.36e-06,4.37e-06,4.35e-06,4.36e-06,4558483463.0
2026-07-01 22:10:00,4.36e-06,4.37e-06,4.36e-06,4.36e-06,1508979666.0
2026-07-01 22:15:00,4.36e-06,4.37e-06,4.36e-06,4.36e-06,1517738545.0
2026-07-01 22:20:00,4.36e-06,4.39e-06,4.36e-06,4.37e-06,10216005456.0
2026-07-01 22:25:00,4.37e-06,4.37e-06,4.35e-06,4.35e-06,2831847631.0
2026-07-01 22:30:00,4.35e-06,4.36e-06,4.34e-06,4.35e-06,1302848212.0
2026-07-01 22:35:00,4.35e-06,4.35e-06,4.34e-06,4.34e-06,477388647.0
2026-07-01 22:40:00,4.35e-06,4.35e-06,4.34e-06,4.34e-06,150609119.0
2026-07-01 22:45:00,4.34e-06,4.35e-06,4.33e-06,4.35e-06,4080987045.0
2026-07-01 22:50:00,4.34e-06,4.34e-06,4.33e-06,4.34e-06,1072285077.0
2026-07-01 22:55:00,4.34e-06,4.35e-06,4.33e-06,4.34e-06,2448139694.0
2026-07-01 23:00:00,4.33e-06,4.34e-06,4.31e-06,4.32e-06,1273224669.0
2026-07-01 23:05:00,4.32e-06,4.33e-06,4.32e-06,4.32e-06,640264719.0
2026-07-01 23:10:00,4.31e-06,4.32e-06,4.26e-06,4.3e-06,37265259906.0
2026-07-01 23:15:00,4.3e-06,4.31e-06,4.29e-06,4.3e-06,1285382034.0
2026-07-01 23:20:00,4.31e-06,4.31e-06,4.29e-06,4.3e-06,1199038366.0
2026-07-01 23:25:00,4.3e-06,4.3e-06,4.29e-06,4.29e-06,208248002.0
2026-07-01 23:30:00,4.3e-06,4.3e-06,4.29e-06,4.29e-06,2738146451.0
2026-07-01 23:35:00,4.29e-06,4.29e-06,4.28e-06,4.29e-06,8044325570.0
2026-07-01 23:40:00,4.29e-06,4.29e-06,4.28e-06,4.29e-06,85660021.0
2026-07-01 23:45:00,4.28e-06,4.29e-06,4.28e-06,4.28e-06,1887909082.0
2026-07-01 23:50:00,4.28e-06,4.29e-06,4.28e-06,4.29e-06,1680370618.0
2026-07-01 23:55:00,4.29e-06,4.29e-06,4.28e-06,4.29e-06,211346979.0
2026-07-02 00:00:00,4.29e-06,4.29e-06,4.27e-06,4.27e-06,3909876562.0
2026-07-02 00:05:00,4.28e-06,4.28e-06,4.26e-06,4.28e-06,7313535792.0
2026-07-02 00:10:00,4.27e-06,4.27e-06,4.27e-06,4.27e-06,145611355.0
2026-07-02 00:15:00,4.27e-06,4.28e-06,4.26e-06,4.26e-06,1246792491.0
2026-07-02 00:20:00,4.27e-06,4.27e-06,4.26e-06,4.26e-06,2316167399.0
2026-07-02 00:25:00,4.27e-06,4.27e-06,4.26e-06,4.26e-06,5023236569.0
2026-07-02 00:30:00,4.26e-06,4.27e-06,4.25e-06,4.26e-06,6808731659.0
2026-07-02 00:35:00,4.26e-06,4.27e-06,4.25e-06,4.26e-06,2393608608.0
2026-07-02 00:40:00,4.26e-06,4.26e-06,4.25e-06,4.26e-06,9805380.0
2026-07-02 00:45:00,4.26e-06,4.27e-06,4.26e-06,4.27e-06,1180491799.0
2026-07-02 00:50:00,4.27e-06,4.27e-06,4.26e-06,4.27e-06,1898006115.0
2026-07-02 00:55:00,4.27e-06,4.28e-06,4.27e-06,4.28e-06,1622074625.0
2026-07-02 01:00:00,4.28e-06,4.28e-06,4.27e-06,4.28e-06,102882610.0
2026-07-02 01:05:00,4.28e-06,4.28e-06,4.27e-06,4.28e-06,1843481735.0
2026-07-02 01:10:00,4.28e-06,4.29e-06,4.28e-06,4.29e-06,793404936.0
2026-07-02 01:15:00,4.28e-06,4.29e-06,4.28e-06,4.29e-06,2247430149.0
2026-07-02 01:20:00,4.3e-06,4.3e-06,4.29e-06,4.3e-06,2739738396.0
2026-07-02 01:25:00,4.29e-06,4.3e-06,4.29e-06,4.29e-06,92229312.0
2026-07-02 01:30:00,4.3e-06,4.31e-06,4.3e-06,4.3e-06,1313969040.0
2026-07-02 01:35:00,4.31e-06,4.32e-06,4.3e-06,4.32e-06,1405824066.0
2026-07-02 01:40:00,4.31e-06,4.33e-06,4.3e-06,4.32e-06,6224764715.0
2026-07-02 01:45:00,4.31e-06,4.32e-06,4.31e-06,4.32e-06,206809369.0
2026-07-02 01:50:00,4.31e-06,4.31e-06,4.3e-06,4.31e-06,3003276295.0
2026-07-02 01:55:00,4.31e-06,4.31e-06,4.3e-06,4.31e-06,141635902.0
2026-07-02 02:00:00,4.31e-06,4.31e-06,4.3e-06,4.31e-06,532751255.0
2026-07-02 02:05:00,4.31e-06,4.31e-06,4.3e-06,4.31e-06,1327183202.0
2026-07-02 02:10:00,4.3e-06,4.31e-06,4.3e-06,4.31e-06,1785893626.0
2026-07-02 02:15:00,4.31e-06,4.31e-06,4.3e-06,4.3e-06,109286440.0
2026-07-02 02:20:00,4.31e-06,4.31e-06,4.3e-06,4.3e-06,11686535.0
2026-07-02 02:25:00,4.31e-06,4.31e-06,4.3e-06,4.3e-06,27638202.0
2026-07-02 02:30:00,4.31e-06,4.32e-06,4.3e-06,4.31e-06,4777896724.0
2026-07-02 02:35:00,4.31e-06,4.32e-06,4.3e-06,4.32e-06,1460014731.0
2026-07-02 02:40:00,4.32e-06,4.32e-06,4.31e-06,4.32e-06,111286983.0
2026-07-02 02:45:00,4.32e-06,4.32e-06,4.31e-06,4.32e-06,271655110.0
2026-07-02 02:50:00,4.32e-06,4.32e-06,4.31e-06,4.32e-06,530118309.0
2026-07-02 02:55:00,4.31e-06,4.32e-06,4.31e-06,4.32e-06,75612054.0
2026-07-02 03:00:00,4.32e-06,4.32e-06,4.31e-06,4.32e-06,99802371.0
2026-07-02 03:05:00,4.32e-06,4.32e-06,4.31e-06,4.32e-06,70221830.0
2026-07-02 03:10:00,4.31e-06,4.32e-06,4.31e-06,4.31e-06,40293440.0
2026-07-02 03:15:00,4.32e-06,4.32e-06,4.31e-06,4.31e-06,1027258121.0
2026-07-02 03:20:00,4.32e-06,4.32e-06,4.3e-06,4.31e-06,1710769423.0
2026-07-02 03:25:00,4.31e-06,4.34e-06,4.3e-06,4.33e-06,9757264040.0
2026-07-02 03:30:00,4.32e-06,4.34e-06,4.32e-06,4.33e-06,731665941.0
2026-07-02 03:35:00,4.33e-06,4.34e-06,4.32e-06,4.34e-06,2448887532.0
2026-07-02 03:40:00,4.34e-06,4.34e-06,4.33e-06,4.34e-06,1359115028.0
2026-07-02 03:45:00,4.33e-06,4.35e-06,4.33e-06,4.34e-06,4881569430.0
2026-07-02 03:50:00,4.34e-06,4.36e-06,4.34e-06,4.35e-06,10996342787.0
2026-07-02 03:55:00,4.35e-06,4.36e-06,4.35e-06,4.36e-06,3653851116.0
2026-07-02 04:00:00,4.35e-06,4.36e-06,4.35e-06,4.35e-06,3971036900.0
2026-07-02 04:05:00,4.34e-06,4.35e-06,4.34e-06,4.34e-06,121197172.0
2026-07-02 04:10:00,4.35e-06,4.35e-06,4.35e-06,4.35e-06,35976733.0
2026-07-02 04:15:00,4.35e-06,4.35e-06,4.34e-06,4.34e-06,154780503.0
2026-07-02 04:20:00,4.35e-06,4.35e-06,4.33e-06,4.34e-06,2564610283.0
2026-07-02 04:25:00,4.33e-06,4.34e-06,4.33e-06,4.34e-06,82340269.0
2026-07-02 04:30:00,4.34e-06,4.34e-06,4.33e-06,4.33e-06,26094555.0
2026-07-02 04:35:00,4.34e-06,4.34e-06,4.33e-06,4.34e-06,296040645.0
2026-07-02 04:40:00,4.34e-06,4.34e-06,4.33e-06,4.34e-06,2751521863.0
2026-07-02 04:45:00,4.35e-06,4.35e-06,4.34e-06,4.35e-06,31197890.0
2026-07-02 04:50:00,4.34e-06,4.35e-06,4.34e-06,4.35e-06,113428251.0
2026-07-02 04:55:00,4.34e-06,4.35e-06,4.34e-06,4.34e-06,80499869.0
2026-07-02 05:00:00,4.35e-06,4.35e-06,4.32e-06,4.33e-06,6680328931.0
2026-07-02 05:05:00,4.33e-06,4.33e-06,4.32e-06,4.32e-06,248606337.0
2026-07-02 05:10:00,4.32e-06,4.33e-06,4.32e-06,4.33e-06,52820010.0
2026-07-02 05:15:00,4.33e-06,4.33e-06,4.32e-06,4.33e-06,74708376.0
2026-07-02 05:20:00,4.33e-06,4.33e-06,4.32e-06,4.33e-06,78085535.0
2026-07-02 05:25:00,4.32e-06,4.33e-06,4.32e-06,4.33e-06,41281653.0
2026-07-02 05:30:00,4.33e-06,4.33e-06,4.31e-06,4.32e-06,377839847.0
2026-07-02 05:35:00,4.31e-06,4.32e-06,4.31e-06,4.31e-06,1365487726.0
2026-07-02 05:40:00,4.31e-06,4.31e-06,4.3e-06,4.3e-06,110355240.0
2026-07-02 05:45:00,4.3e-06,4.31e-06,4.3e-06,4.3e-06,395699219.0
2026-07-02 05:50:00,4.3e-06,4.31e-06,4.3e-06,4.3e-06,175616501.0
2026-07-02 05:55:00,4.3e-06,4.31e-06,4.3e-06,4.3e-06,89825317.0
2026-07-02 06:00:00,4.3e-06,4.31e-06,4.29e-06,4.29e-06,2925921058.0
2026-07-02 06:05:00,4.3e-06,4.31e-06,4.29e-06,4.3e-06,4592758386.0
2026-07-02 06:10:00,4.3e-06,4.3e-06,4.29e-06,4.3e-06,16534771.0
2026-07-02 06:15:00,4.3e-06,4.3e-06,4.29e-06,4.3e-06,2110764199.0
2026-07-02 06:20:00,4.3e-06,4.31e-06,4.3e-06,4.31e-06,1265176945.0
2026-07-02 06:25:00,4.3e-06,4.3e-06,4.29e-06,4.3e-06,1866810965.0
2026-07-02 06:30:00,4.29e-06,4.31e-06,4.29e-06,4.31e-06,746047302.0
2026-07-02 06:35:00,4.31e-06,4.31e-06,4.29e-06,4.3e-06,961849468.0
2026-07-02 06:40:00,4.29e-06,4.3e-06,4.29e-06,4.3e-06,280789839.0
2026-07-02 06:45:00,4.29e-06,4.3e-06,4.28e-06,4.28e-06,151899376.0
2026-07-02 06:50:00,4.28e-06,4.29e-06,4.28e-06,4.29e-06,100899399.0
2026-07-02 06:55:00,4.29e-06,4.29e-06,4.28e-06,4.29e-06,183239225.0
2026-07-02 07:00:00,4.29e-06,4.29e-06,4.28e-06,4.28e-06,724682629.0
2026-07-02 07:05:00,4.28e-06,4.29e-06,4.27e-06,4.29e-06,2998565250.0
2026-07-02 07:10:00,4.29e-06,4.29e-06,4.27e-06,4.28e-06,2747841605.0
2026-07-02 07:15:00,4.27e-06,4.29e-06,4.27e-06,4.29e-06,5118165827.0
2026-07-02 07:20:00,4.28e-06,4.29e-06,4.28e-06,4.28e-06,275169539.0
2026-07-02 07:25:00,4.28e-06,4.29e-06,4.27e-06,4.28e-06,3770337816.0
2026-07-02 07:30:00,4.28e-06,4.29e-06,4.28e-06,4.29e-06,1517709573.0
2026-07-02 07:35:00,4.28e-06,4.29e-06,4.28e-06,4.29e-06,93392981.0
2026-07-02 07:40:00,4.29e-06,4.29e-06,4.28e-06,4.29e-06,1244137824.0
2026-07-02 07:45:00,4.28e-06,4.29e-06,4.28e-06,4.29e-06,45567049.0
2026-07-02 07:50:00,4.29e-06,4.29e-06,4.28e-06,4.29e-06,2101422595.0
2026-07-02 07:55:00,4.29e-06,4.29e-06,4.28e-06,4.29e-06,140922528.0
2026-07-02 08:00:00,4.29e-06,4.29e-06,4.28e-06,4.29e-06,149550386.0
2026-07-02 08:05:00,4.29e-06,4.3e-06,4.29e-06,4.3e-06,825642721.0
2026-07-02 08:10:00,4.3e-06,4.3e-06,4.29e-06,4.3e-06,109711743.0
2026-07-02 08:15:00,4.29e-06,4.3e-06,4.29e-06,4.3e-06,474819276.0
2026-07-02 08:20:00,4.29e-06,4.3e-06,4.29e-06,4.3e-06,77628184.0
2026-07-02 08:25:00,4.29e-06,4.3e-06,4.29e-06,4.3e-06,360057272.0
2026-07-02 08:30:00,4.3e-06,4.3e-06,4.29e-06,4.3e-06,592756687.0
2026-07-02 08:35:00,4.29e-06,4.31e-06,4.29e-06,4.3e-06,2510758152.0
2026-07-02 08:40:00,4.31e-06,4.31e-06,4.3e-06,4.3e-06,218408701.0
2026-07-02 08:45:00,4.3e-06,4.31e-06,4.3e-06,4.31e-06,106240632.0
2026-07-02 08:50:00,4.31e-06,4.31e-06,4.3e-06,4.3e-06,40022764.0
2026-07-02 08:55:00,4.3e-06,4.31e-06,4.3e-06,4.3e-06,213985427.0
2026-07-02 09:00:00,4.3e-06,4.31e-06,4.29e-06,4.3e-06,5820885378.0
2026-07-02 09:05:00,4.3e-06,4.3e-06,4.29e-06,4.29e-06,180355056.0
2026-07-02 09:10:00,4.3e-06,4.3e-06,4.29e-06,4.3e-06,78423736.0
2026-07-02 09:15:00,4.29e-06,4.3e-06,4.29e-06,4.3e-06,1367551052.0
2026-07-02 09:20:00,4.3e-06,4.3e-06,4.29e-06,4.29e-06,405178862.0
2026-07-02 09:25:00,4.3e-06,4.31e-06,4.29e-06,4.31e-06,3550830986.0
2026-07-02 09:30:00,4.3e-06,4.31e-06,4.3e-06,4.31e-06,5365291801.0
2026-07-02 09:35:00,4.31e-06,4.33e-06,4.29e-06,4.32e-06,16656726354.0
2026-07-02 09:40:00,4.32e-06,4.33e-06,4.32e-06,4.32e-06,6391107262.0
2026-07-02 09:45:00,4.33e-06,4.33e-06,4.3e-06,4.32e-06,3966383060.0
2026-07-02 09:50:00,4.31e-06,4.33e-06,4.31e-06,4.32e-06,7148214184.0
2026-07-02 09:55:00,4.32e-06,4.33e-06,4.31e-06,4.31e-06,2127010897.0
2026-07-02 10:00:00,4.32e-06,4.32e-06,4.3e-06,4.3e-06,560851186.0
2026-07-02 10:05:00,4.31e-06,4.32e-06,4.3e-06,4.31e-06,2660898505.0
2026-07-02 10:10:00,4.3e-06,4.32e-06,4.3e-06,4.31e-06,865537582.0
2026-07-02 10:15:00,4.32e-06,4.32e-06,4.3e-06,4.31e-06,2076051196.0
2026-07-02 10:20:00,4.32e-06,4.32e-06,4.3e-06,4.3e-06,1110349548.0
2026-07-02 10:25:00,4.3e-06,4.32e-06,4.3e-06,4.31e-06,4459315692.0
2026-07-02 10:30:00,4.32e-06,4.33e-06,4.31e-06,4.32e-06,4997751963.0
2026-07-02 10:35:00,4.33e-06,4.33e-06,4.32e-06,4.33e-06,2324905656.0
2026-07-02 10:40:00,4.33e-06,4.33e-06,4.32e-06,4.33e-06,508504772.0
2026-07-02 10:45:00,4.33e-06,4.33e-06,4.32e-06,4.32e-06,474568018.0
2026-07-02 10:50:00,4.33e-06,4.33e-06,4.32e-06,4.33e-06,447428307.0
2026-07-02 10:55:00,4.32e-06,4.33e-06,4.32e-06,4.33e-06,191065825.0
2026-07-02 11:00:00,4.33e-06,4.33e-06,4.31e-06,4.32e-06,10623523357.0
2026-07-02 11:05:00,4.32e-06,4.33e-06,4.32e-06,4.33e-06,3429875131.0
2026-07-02 11:10:00,4.33e-06,4.34e-06,4.32e-06,4.33e-06,5088544607.0
2026-07-02 11:15:00,4.33e-06,4.34e-06,4.32e-06,4.33e-06,4732666407.0
2026-07-02 11:20:00,4.33e-06,4.33e-06,4.32e-06,4.33e-06,1908461117.0
2026-07-02 11:25:00,4.33e-06,4.33e-06,4.32e-06,4.33e-06,375889325.0
2026-07-02 11:30:00,4.33e-06,4.34e-06,4.32e-06,4.32e-06,1057164122.0
2026-07-02 11:35:00,4.33e-06,4.33e-06,4.31e-06,4.32e-06,2183436446.0
2026-07-02 11:40:00,4.31e-06,4.33e-06,4.31e-06,4.33e-06,3801249849.0
2026-07-02 11:45:00,4.33e-06,4.33e-06,4.32e-06,4.32e-06,2878154618.0
2026-07-02 11:50:00,4.31e-06,4.33e-06,4.31e-06,4.32e-06,2668855719.0
2026-07-02 11:55:00,4.32e-06,4.32e-06,4.3e-06,4.32e-06,2479443330.0
2026-07-02 12:00:00,4.32e-06,4.32e-06,4.31e-06,4.32e-06,129509703.0
2026-07-02 12:05:00,4.31e-06,4.33e-06,4.31e-06,4.33e-06,3636161544.0
2026-07-02 12:10:00,4.33e-06,4.34e-06,4.32e-06,4.34e-06,4142544797.0
2026-07-02 12:15:00,4.33e-06,4.34e-06,4.33e-06,4.33e-06,3088592108.0
2026-07-02 12:20:00,4.33e-06,4.33e-06,4.31e-06,4.31e-06,2636597886.0
2026-07-02 12:25:00,4.31e-06,4.34e-06,4.31e-06,4.34e-06,3258914293.0
2026-07-02 12:30:00,4.34e-06,4.35e-06,4.32e-06,4.33e-06,9992318980.0
2026-07-02 12:35:00,4.32e-06,4.34e-06,4.32e-06,4.33e-06,5035107317.0
2026-07-02 12:40:00,4.34e-06,4.34e-06,4.31e-06,4.32e-06,3689436040.0
2026-07-02 12:45:00,4.32e-06,4.33e-06,4.32e-06,4.32e-06,592904478.0
2026-07-02 12:50:00,4.32e-06,4.34e-06,4.32e-06,4.34e-06,4059800294.0
2026-07-02 12:55:00,4.33e-06,4.34e-06,4.32e-06,4.33e-06,1428582809.0
2026-07-02 13:00:00,4.33e-06,4.33e-06,4.31e-06,4.32e-06,4151671913.0
2026-07-02 13:05:00,4.32e-06,4.33e-06,4.32e-06,4.33e-06,2161645751.0
2026-07-02 13:10:00,4.33e-06,4.33e-06,4.32e-06,4.33e-06,225027236.0
2026-07-02 13:15:00,4.33e-06,4.34e-06,4.32e-06,4.34e-06,2624449632.0
2026-07-02 13:20:00,4.34e-06,4.35e-06,4.33e-06,4.35e-06,3968772029.0
2026-07-02 13:25:00,4.34e-06,4.36e-06,4.34e-06,4.34e-06,8737112864.0
2026-07-02 13:30:00,4.34e-06,4.37e-06,4.32e-06,4.36e-06,8747456176.0
2026-07-02 13:35:00,4.36e-06,4.37e-06,4.36e-06,4.37e-06,12871036268.0
2026-07-02 13:40:00,4.38e-06,4.39e-06,4.36e-06,4.37e-06,22052033079.0
2026-07-02 13:45:00,4.37e-06,4.38e-06,4.36e-06,4.37e-06,8826231637.0
2026-07-02 13:50:00,4.37e-06,4.38e-06,4.35e-06,4.36e-06,3957177297.0
2026-07-02 13:55:00,4.35e-06,4.36e-06,4.35e-06,4.36e-06,323200107.0
2026-07-02 14:00:00,4.35e-06,4.37e-06,4.34e-06,4.35e-06,6879529687.0
2026-07-02 14:05:00,4.35e-06,4.35e-06,4.34e-06,4.34e-06,1928947386.0
2026-07-02 14:10:00,4.34e-06,4.37e-06,4.34e-06,4.36e-06,5187995374.0
2026-07-02 14:15:00,4.36e-06,4.37e-06,4.33e-06,4.33e-06,5419290373.0
2026-07-02 14:20:00,4.33e-06,4.34e-06,4.32e-06,4.32e-06,6024562772.0
2026-07-02 14:25:00,4.33e-06,4.33e-06,4.31e-06,4.32e-06,3413793831.0
2026-07-02 14:30:00,4.32e-06,4.33e-06,4.31e-06,4.32e-06,2467188614.0
2026-07-02 14:35:00,4.32e-06,4.33e-06,4.3e-06,4.31e-06,5418031515.0
2026-07-02 14:40:00,4.31e-06,4.32e-06,4.3e-06,4.31e-06,2512842761.0
2026-07-02 14:45:00,4.32e-06,4.32e-06,4.3e-06,4.31e-06,4443815380.0
2026-07-02 14:50:00,4.31e-06,4.33e-06,4.3e-06,4.3e-06,4804340052.0
2026-07-02 14:55:00,4.31e-06,4.32e-06,4.3e-06,4.31e-06,6228167277.0
2026-07-02 15:00:00,4.32e-06,4.32e-06,4.31e-06,4.31e-06,3566730030.0
2026-07-02 15:05:00,4.31e-06,4.32e-06,4.29e-06,4.3e-06,6165187464.0
2026-07-02 15:10:00,4.31e-06,4.32e-06,4.3e-06,4.32e-06,3054992985.0
2026-07-02 15:15:00,4.31e-06,4.32e-06,4.3e-06,4.31e-06,4598517799.0
2026-07-02 15:20:00,4.31e-06,4.32e-06,4.31e-06,4.32e-06,791124398.0
2026-07-02 15:25:00,4.31e-06,4.33e-06,4.31e-06,4.32e-06,3214098046.0
2026-07-02 15:30:00,4.32e-06,4.32e-06,4.31e-06,4.32e-06,307835212.0
2026-07-02 15:35:00,4.32e-06,4.32e-06,4.31e-06,4.31e-06,1598843354.0
2026-07-02 15:40:00,4.32e-06,4.33e-06,4.31e-06,4.32e-06,6994403863.0
2026-07-02 15:45:00,4.33e-06,4.33e-06,4.31e-06,4.32e-06,1409985847.0
2026-07-02 15:50:00,4.31e-06,4.32e-06,4.3e-06,4.31e-06,3451422340.0
2026-07-02 15:55:00,4.32e-06,4.32e-06,4.31e-06,4.32e-06,923080605.0
2026-07-02 16:00:00,4.32e-06,4.32e-06,4.3e-06,4.31e-06,3664297290.0
2026-07-02 16:05:00,4.31e-06,4.32e-06,4.31e-06,4.32e-06,395549763.0
2026-07-02 16:10:00,4.32e-06,4.33e-06,4.31e-06,4.32e-06,8458963558.0
2026-07-02 16:15:00,4.31e-06,4.32e-06,4.3e-06,4.32e-06,3870861786.0
2026-07-02 16:20:00,4.32e-06,4.32e-06,4.3e-06,4.3e-06,2582818000.0
2026-07-02 16:25:00,4.31e-06,4.32e-06,4.29e-06,4.3e-06,14240142491.0
2026-07-02 16:30:00,4.29e-06,4.31e-06,4.29e-06,4.3e-06,3025773597.0
2026-07-02 16:35:00,4.3e-06,4.31e-06,4.29e-06,4.31e-06,701138568.0
2026-07-02 16:40:00,4.31e-06,4.31e-06,4.3e-06,4.31e-06,163772159.0
2026-07-02 16:45:00,4.31e-06,4.31e-06,4.3e-06,4.31e-06,1236956998.0
2026-07-02 16:50:00,4.32e-06,4.32e-06,4.31e-06,4.31e-06,210447332.0
2026-07-02 16:55:00,4.32e-06,4.32e-06,4.3e-06,4.31e-06,2679461364.0
2026-07-02 17:00:00,4.31e-06,4.31e-06,4.3e-06,4.31e-06,236331390.0
2026-07-02 17:05:00,4.31e-06,4.32e-06,4.3e-06,4.31e-06,1452183184.0
2026-07-02 17:10:00,4.32e-06,4.32e-06,4.3e-06,4.32e-06,3449887104.0
2026-07-02 17:15:00,4.32e-06,4.32e-06,4.31e-06,4.32e-06,317826981.0
2026-07-02 17:20:00,4.32e-06,4.33e-06,4.31e-06,4.31e-06,2009501819.0
2026-07-02 17:25:00,4.32e-06,4.32e-06,4.31e-06,4.32e-06,64304097.0
2026-07-02 17:30:00,4.32e-06,4.32e-06,4.31e-06,4.32e-06,405506074.0
2026-07-02 17:35:00,4.32e-06,4.32e-06,4.3e-06,4.31e-06,1974970363.0
2026-07-02 17:40:00,4.31e-06,4.32e-06,4.31e-06,4.32e-06,3113542564.0
2026-07-02 17:45:00,4.32e-06,4.32e-06,4.3e-06,4.31e-06,629335594.0
2026-07-02 17:50:00,4.31e-06,4.32e-06,4.3e-06,4.32e-06,2338944823.0
2026-07-02 17:55:00,4.31e-06,4.31e-06,4.3e-06,4.31e-06,1965061110.0
2026-07-02 18:00:00,4.31e-06,4.32e-06,4.3e-06,4.32e-06,2451500651.0
2026-07-02 18:05:00,4.32e-06,4.32e-06,4.31e-06,4.32e-06,3474039428.0
2026-07-02 18:10:00,4.32e-06,4.32e-06,4.31e-06,4.32e-06,452230129.0
2026-07-02 18:15:00,4.32e-06,4.32e-06,4.31e-06,4.32e-06,4571166636.0
2026-07-02 18:20:00,4.32e-06,4.32e-06,4.31e-06,4.32e-06,202201843.0
2026-07-02 18:25:00,4.32e-06,4.33e-06,4.32e-06,4.32e-06,472334371.0
2026-07-02 18:30:00,4.32e-06,4.33e-06,4.32e-06,4.32e-06,2379719113.0
2026-07-02 18:35:00,4.32e-06,4.32e-06,4.31e-06,4.32e-06,100323084.0
2026-07-02 18:40:00,4.31e-06,4.32e-06,4.31e-06,4.32e-06,1535301873.0
2026-07-02 18:45:00,4.32e-06,4.32e-06,4.31e-06,4.32e-06,337432607.0
2026-07-02 18:50:00,4.32e-06,4.32e-06,4.31e-06,4.32e-06,200273740.0
2026-07-02 18:55:00,4.31e-06,4.31e-06,4.3e-06,4.31e-06,2064558633.0
2026-07-02 19:00:00,4.31e-06,4.31e-06,4.3e-06,4.31e-06,137793343.0
2026-07-02 19:05:00,4.3e-06,4.31e-06,4.3e-06,4.31e-06,56229297.0
2026-07-02 19:10:00,4.3e-06,4.31e-06,4.3e-06,4.31e-06,91559706.0
2026-07-02 19:15:00,4.31e-06,4.31e-06,4.3e-06,4.31e-06,79658479.0
2026-07-02 19:20:00,4.31e-06,4.31e-06,4.3e-06,4.31e-06,307262332.0
2026-07-02 19:25:00,4.31e-06,4.31e-06,4.3e-06,4.31e-06,247309289.0
2026-07-02 19:30:00,4.31e-06,4.31e-06,4.3e-06,4.31e-06,123041736.0
2026-07-02 19:35:00,4.3e-06,4.31e-06,4.3e-06,4.31e-06,52434071.0
2026-07-02 19:40:00,4.31e-06,4.31e-06,4.3e-06,4.31e-06,25704835.0
2026-07-02 19:45:00,4.31e-06,4.31e-06,4.3e-06,4.31e-06,19915715.0
2026-07-02 19:50:00,4.31e-06,4.32e-06,4.31e-06,4.32e-06,5949822839.0
2026-07-02 19:55:00,4.31e-06,4.31e-06,4.3e-06,4.31e-06,2300222431.0
2026-07-02 20:00:00,4.31e-06,4.31e-06,4.3e-06,4.31e-06,150580342.0
2026-07-02 20:05:00,4.3e-06,4.31e-06,4.3e-06,4.3e-06,544211483.0
2026-07-02 20:10:00,4.31e-06,4.31e-06,4.3e-06,4.31e-06,261546090.0
2026-07-02 20:15:00,4.31e-06,4.31e-06,4.3e-06,4.31e-06,2860439350.0
2026-07-02 20:20:00,4.3e-06,4.31e-06,4.3e-06,4.3e-06,1385471636.0
2026-07-02 20:25:00,4.3e-06,4.3e-06,4.29e-06,4.29e-06,779774917.0
2026-07-02 20:30:00,4.28e-06,4.29e-06,4.28e-06,4.29e-06,126276709.0
2026-07-02 20:35:00,4.29e-06,4.29e-06,4.28e-06,4.28e-06,327400014.0
2026-07-02 20:40:00,4.29e-06,4.29e-06,4.28e-06,4.28e-06,5866263705.0
2026-07-02 20:45:00,4.29e-06,4.29e-06,4.28e-06,4.29e-06,1615051325.0
2026-07-02 20:50:00,4.29e-06,4.29e-06,4.29e-06,4.29e-06,334228887.0
2026-07-02 20:55:00,4.28e-06,4.3e-06,4.28e-06,4.28e-06,18619408922.0
2026-07-02 21:00:00,4.28e-06,4.29e-06,4.28e-06,4.28e-06,108283095.0
2026-07-02 21:05:00,4.29e-06,4.29e-06,4.28e-06,4.29e-06,27800050.0
2026-07-02 21:10:00,4.28e-06,4.29e-06,4.28e-06,4.28e-06,66540205.0
2026-07-02 21:15:00,4.29e-06,4.29e-06,4.29e-06,4.29e-06,4170011.0
2026-07-02 21:20:00,4.29e-06,4.29e-06,4.28e-06,4.28e-06,1777017107.0
2026-07-02 21:25:00,4.28e-06,4.29e-06,4.28e-06,4.29e-06,259973910.0
2026-07-02 21:30:00,4.29e-06,4.29e-06,4.28e-06,4.29e-06,236254761.0
2026-07-02 21:35:00,4.29e-06,4.29e-06,4.28e-06,4.29e-06,1359969302.0
2026-07-02 21:40:00,4.28e-06,4.28e-06,4.22e-06,4.26e-06,26437542625.0
2026-07-02 21:45:00,4.25e-06,4.27e-06,4.25e-06,4.26e-06,10037693418.0
2026-07-02 21:50:00,4.25e-06,4.27e-06,4.25e-06,4.27e-06,1786136925.0
2026-07-02 21:55:00,4.27e-06,4.28e-06,4.26e-06,4.28e-06,2924744999.0
2026-07-02 22:00:00,4.27e-06,4.28e-06,4.26e-06,4.27e-06,4080114455.0
2026-07-02 22:05:00,4.27e-06,4.28e-06,4.27e-06,4.27e-06,2376577753.0
2026-07-02 22:10:00,4.27e-06,4.27e-06,4.26e-06,4.27e-06,350642010.0
2026-07-02 22:15:00,4.27e-06,4.27e-06,4.27e-06,4.27e-06,714199214.0
2026-07-02 22:20:00,4.26e-06,4.27e-06,4.26e-06,4.26e-06,398432641.0
2026-07-02 22:25:00,4.26e-06,4.26e-06,4.26e-06,4.26e-06,844286761.0
