timestamp,open,high,low,close,volume
2026-05-22 06:25:00,86.64,86.64,86.52,86.59,7496.526
2026-05-22 06:30:00,86.6,86.76,86.52,86.7,19223.683
2026-05-22 06:35:00,86.71,86.78,86.68,86.76,2071.03
2026-05-22 06:40:00,86.76,86.84,86.71,86.81,6998.502
2026-05-22 06:45:00,86.81,86.84,86.73,86.83,6808.636
2026-05-22 06:50:00,86.82,86.85,86.75,86.76,3541.625
2026-05-22 06:55:00,86.77,86.8,86.65,86.71,5432.757
2026-05-22 07:00:00,86.72,86.74,86.53,86.67,7415.581
2026-05-22 07:05:00,86.66,86.71,86.55,86.64,6013.576
2026-05-22 07:10:00,86.65,86.83,86.64,86.71,16413.082
2026-05-22 07:15:00,86.71,86.94,86.71,86.94,8806.049
2026-05-22 07:20:00,86.95,87.0,86.76,86.92,20747.644
2026-05-22 07:25:00,86.92,87.04,86.92,87.0,6133.014
2026-05-22 07:30:00,87.01,87.12,87.0,87.01,6232.749
2026-05-22 07:35:00,87.01,87.08,87.01,87.03,9603.775
2026-05-22 07:40:00,87.02,87.15,87.02,87.12,5883.703
2026-05-22 07:45:00,87.11,87.12,87.04,87.06,2035.266
2026-05-22 07:50:00,87.05,87.06,87.01,87.04,2329.707
2026-05-22 07:55:00,87.04,87.06,86.96,86.97,4314.668
2026-05-22 08:00:00,86.98,87.19,86.94,87.15,11734.802
2026-05-22 08:05:00,87.14,87.14,87.02,87.07,4096.956
2026-05-22 08:10:00,87.06,87.14,87.04,87.11,3723.035
2026-05-22 08:15:00,87.11,87.45,87.11,87.41,11385.181
2026-05-22 08:20:00,87.41,87.48,87.33,87.47,5091.454
2026-05-22 08:25:00,87.46,87.49,87.41,87.48,4119.595
2026-05-22 08:30:00,87.48,87.53,87.13,87.17,11873.266
2026-05-22 08:35:00,87.16,87.16,86.87,87.15,21569.046
2026-05-22 08:40:00,87.14,87.19,87.04,87.15,8933.978
2026-05-22 08:45:00,87.15,87.19,87.05,87.13,8478.764
2026-05-22 08:50:00,87.12,87.2,87.05,87.18,5389.804
2026-05-22 08:55:00,87.18,87.27,87.12,87.14,4151.029
2026-05-22 09:00:00,87.15,87.23,87.05,87.23,4453.353
2026-05-22 09:05:00,87.23,87.23,87.1,87.18,4053.642
2026-05-22 09:10:00,87.19,87.26,87.12,87.12,5554.22
2026-05-22 09:15:00,87.13,87.19,87.05,87.16,8123.827
2026-05-22 09:20:00,87.15,87.3,87.14,87.29,8303.087
2026-05-22 09:25:00,87.28,87.28,87.16,87.2,9880.104
2026-05-22 09:30:00,87.2,87.26,87.12,87.16,8091.464
2026-05-22 09:35:00,87.16,87.25,87.07,87.24,5357.926
2026-05-22 09:40:00,87.25,87.4,87.24,87.3,6415.06
2026-05-22 09:45:00,87.29,87.32,87.15,87.25,5124.719
2026-05-22 09:50:00,87.25,87.36,87.24,87.33,3995.923
2026-05-22 09:55:00,87.32,87.36,87.25,87.27,2907.543
2026-05-22 10:00:00,87.26,87.28,87.07,87.08,4535.371
2026-05-22 10:05:00,87.08,87.22,87.07,87.18,3095.147
2026-05-22 10:10:00,87.18,87.18,87.1,87.11,2981.075
2026-05-22 10:15:00,87.1,87.1,86.89,86.94,8103.658
2026-05-22 10:20:00,86.95,87.07,86.94,87.07,2824.494
2026-05-22 10:25:00,87.07,87.09,87.02,87.03,3160.412
2026-05-22 10:30:00,87.03,87.11,86.97,87.03,3277.318
2026-05-22 10:35:00,87.03,87.09,86.99,87.08,3469.785
2026-05-22 10:40:00,87.09,87.12,87.06,87.11,2687.75
2026-05-22 10:45:00,87.1,87.11,87.03,87.05,2400.648
2026-05-22 10:50:00,87.04,87.05,87.0,87.01,2283.398
2026-05-22 10:55:00,87.02,87.02,86.95,86.99,2881.738
2026-05-22 11:00:00,87.0,87.09,86.92,87.01,9888.855
2026-05-22 11:05:00,87.01,87.04,86.95,86.97,3398.571
2026-05-22 11:10:00,86.98,86.99,86.94,86.95,2216.889
2026-05-22 11:15:00,86.95,86.96,86.78,86.78,3999.141
2026-05-22 11:20:00,86.79,86.87,86.72,86.85,3224.936
2026-05-22 11:25:00,86.84,86.94,86.83,86.87,4254.767
2026-05-22 11:30:00,86.87,86.96,86.86,86.88,3421.332
2026-05-22 11:35:00,86.89,87.04,86.88,86.99,3944.066
2026-05-22 11:40:00,86.99,87.0,86.94,86.96,4607.979
2026-05-22 11:45:00,86.96,87.22,86.95,87.17,9926.95
2026-05-22 11:50:00,87.18,87.26,87.18,87.22,3640.816
2026-05-22 11:55:00,87.22,87.33,87.17,87.32,4353.777
2026-05-22 12:00:00,87.33,87.35,87.25,87.34,4851.243
2026-05-22 12:05:00,87.33,87.4,87.31,87.37,5344.412
2026-05-22 12:10:00,87.37,87.7,87.37,87.61,27325.257
2026-05-22 12:15:00,87.62,87.69,87.51,87.61,11411.766
2026-05-22 12:20:00,87.61,87.62,87.38,87.45,11056.071
2026-05-22 12:25:00,87.46,87.46,87.36,87.39,3915.508
2026-05-22 12:30:00,87.38,87.48,87.34,87.48,4229.615
2026-05-22 12:35:00,87.47,87.53,87.4,87.52,6443.549
2026-05-22 12:40:00,87.52,87.6,87.49,87.54,4676.04
2026-05-22 12:45:00,87.54,87.66,87.54,87.65,4237.811
2026-05-22 12:50:00,87.66,87.77,87.64,87.7,14210.526
2026-05-22 12:55:00,87.69,87.76,87.58,87.76,10638.573
2026-05-22 13:00:00,87.76,87.79,87.66,87.67,4629.542
2026-05-22 13:05:00,87.67,87.8,87.6,87.8,9277.694
2026-05-22 13:10:00,87.8,87.85,87.66,87.71,11773.995
2026-05-22 13:15:00,87.71,87.77,87.62,87.63,4677.514
2026-05-22 13:20:00,87.63,87.66,87.46,87.55,4565.226
2026-05-22 13:25:00,87.55,87.55,87.41,87.42,3982.017
2026-05-22 13:30:00,87.41,87.55,87.1,87.21,22625.765
2026-05-22 13:35:00,87.21,87.41,87.19,87.39,9937.981
2026-05-22 13:40:00,87.39,87.5,87.17,87.26,21047.037
2026-05-22 13:45:00,87.27,87.4,87.15,87.25,7846.717
2026-05-22 13:50:00,87.26,87.34,87.14,87.31,7281.344
2026-05-22 13:55:00,87.31,87.4,87.25,87.4,5546.759
2026-05-22 14:00:00,87.39,87.39,87.06,87.1,21130.387
2026-05-22 14:05:00,87.11,87.11,86.8,87.03,18322.107
2026-05-22 14:10:00,87.03,87.09,86.95,86.98,3797.271
2026-05-22 14:15:00,86.98,87.02,86.65,86.71,13607.822
2026-05-22 14:20:00,86.71,86.73,86.37,86.48,38177.348
2026-05-22 14:25:00,86.49,86.73,86.46,86.63,10013.229
2026-05-22 14:30:00,86.64,86.71,86.55,86.7,12478.48
2026-05-22 14:35:00,86.71,86.78,86.64,86.77,9090.964
2026-05-22 14:40:00,86.76,86.83,86.67,86.75,8953.177
2026-05-22 14:45:00,86.75,86.76,86.63,86.64,7238.519
2026-05-22 14:50:00,86.63,86.66,86.52,86.63,9239.898
2026-05-22 14:55:00,86.63,86.7,86.56,86.62,9662.921
2026-05-22 15:00:00,86.61,86.9,86.52,86.82,19614.268
2026-05-22 15:05:00,86.81,86.9,86.76,86.82,6627.383
2026-05-22 15:10:00,86.82,86.82,86.55,86.57,9602.983
2026-05-22 15:15:00,86.56,86.72,86.56,86.69,4580.041
2026-05-22 15:20:00,86.7,86.7,86.41,86.41,12337.539
2026-05-22 15:25:00,86.41,86.74,86.27,86.74,12307.328
2026-05-22 15:30:00,86.74,86.98,86.71,86.94,15796.477
2026-05-22 15:35:00,86.94,86.96,86.73,86.74,10279.513
2026-05-22 15:40:00,86.74,86.74,86.58,86.62,6774.664
2026-05-22 15:45:00,86.62,86.7,86.58,86.68,4123.068
2026-05-22 15:50:00,86.68,86.8,86.6,86.79,3737.755
2026-05-22 15:55:00,86.8,86.85,86.76,86.77,2628.125
2026-05-22 16:00:00,86.76,86.93,86.75,86.89,6397.865
2026-05-22 16:05:00,86.89,86.9,86.72,86.74,4918.992
2026-05-22 16:10:00,86.74,86.83,86.68,86.78,3448.563
2026-05-22 16:15:00,86.78,86.79,86.66,86.72,5371.356
2026-05-22 16:20:00,86.72,86.91,86.7,86.7,3532.499
2026-05-22 16:25:00,86.7,86.8,86.68,86.8,5427.66
2026-05-22 16:30:00,86.79,86.94,86.79,86.82,5202.541
2026-05-22 16:35:00,86.82,86.88,86.73,86.82,4964.45
2026-05-22 16:40:00,86.83,86.85,86.73,86.78,3426.569
2026-05-22 16:45:00,86.78,86.93,86.78,86.89,3793.173
2026-05-22 16:50:00,86.89,87.0,86.89,86.99,4712.545
2026-05-22 16:55:00,86.99,87.0,86.83,86.92,8446.266
2026-05-22 17:00:00,86.92,87.0,86.91,86.99,2947.834
2026-05-22 17:05:00,86.99,87.02,86.85,86.91,9716.558
2026-05-22 17:10:00,86.91,86.92,86.86,86.91,1910.085
2026-05-22 17:15:00,86.9,86.99,86.7,86.7,9888.421
2026-05-22 17:20:00,86.69,86.77,86.5,86.59,10291.599
2026-05-22 17:25:00,86.59,87.02,86.58,87.02,15636.288
2026-05-22 17:30:00,87.02,87.1,86.84,86.93,7642.685
2026-05-22 17:35:00,86.93,87.04,86.93,87.04,3896.524
2026-05-22 17:40:00,87.03,87.19,87.03,87.09,7326.166
2026-05-22 17:45:00,87.08,87.09,86.82,86.85,5408.878
2026-05-22 17:50:00,86.85,86.86,86.72,86.74,4382.349
2026-05-22 17:55:00,86.75,86.75,86.62,86.63,7592.223
2026-05-22 18:00:00,86.63,86.67,86.39,86.49,17520.114
2026-05-22 18:05:00,86.49,86.54,86.46,86.48,3846.51
2026-05-22 18:10:00,86.47,86.54,86.39,86.54,5347.716
2026-05-22 18:15:00,86.53,86.65,86.47,86.61,3439.585
2026-05-22 18:20:00,86.61,86.69,86.59,86.64,4233.021
2026-05-22 18:25:00,86.63,86.65,86.48,86.51,2796.051
2026-05-22 18:30:00,86.52,86.53,86.29,86.34,14037.697
2026-05-22 18:35:00,86.33,86.34,85.8,86.01,40230.185
2026-05-22 18:40:00,86.02,86.02,85.7,85.72,22850.524
2026-05-22 18:45:00,85.71,85.73,84.62,85.12,90692.975
2026-05-22 18:50:00,85.12,85.46,85.11,85.43,17093.33
2026-05-22 18:55:00,85.44,85.53,85.35,85.46,6794.092
2026-05-22 19:00:00,85.46,85.63,85.16,85.23,30708.838
2026-05-22 19:05:00,85.22,85.23,84.99,85.02,21949.037
2026-05-22 19:10:00,85.02,85.24,84.95,85.14,11261.935
2026-05-22 19:15:00,85.14,85.25,85.03,85.24,10154.389
2026-05-22 19:20:00,85.24,85.33,85.18,85.26,11115.41
2026-05-22 19:25:00,85.26,85.29,84.85,84.99,10046.542
2026-05-22 19:30:00,84.99,85.02,84.19,84.44,66507.293
2026-05-22 19:35:00,84.44,84.62,84.35,84.38,15126.067
2026-05-22 19:40:00,84.38,84.39,84.0,84.32,25054.323
2026-05-22 19:45:00,84.32,84.46,84.17,84.28,23592.897
2026-05-22 19:50:00,84.27,84.83,84.19,84.74,33280.528
2026-05-22 19:55:00,84.75,84.84,84.53,84.55,23935.548
2026-05-22 20:00:00,84.55,84.87,84.55,84.82,9545.324
2026-05-22 20:05:00,84.82,85.02,84.81,84.94,7962.622
2026-05-22 20:10:00,84.95,84.99,84.84,84.86,4016.887
2026-05-22 20:15:00,84.87,84.97,84.76,84.83,7334.962
2026-05-22 20:20:00,84.84,84.89,84.72,84.84,8746.009
2026-05-22 20:25:00,84.85,84.92,84.78,84.86,12812.293
2026-05-22 20:30:00,84.86,84.86,84.57,84.81,22314.564
2026-05-22 20:35:00,84.81,84.87,84.75,84.86,4534.191
2026-05-22 20:40:00,84.86,84.93,84.79,84.85,7569.34
2026-05-22 20:45:00,84.84,84.99,84.75,84.98,5903.356
2026-05-22 20:50:00,84.97,85.07,84.93,85.02,8059.171
2026-05-22 20:55:00,85.03,85.04,84.9,85.0,3256.344
2026-05-22 21:00:00,84.99,85.05,84.93,84.99,4007.033
2026-05-22 21:05:00,84.98,85.02,84.93,84.97,2899.941
2026-05-22 21:10:00,84.96,85.1,84.96,85.04,9358.302
2026-05-22 21:15:00,85.03,85.1,84.96,85.08,6490.846
2026-05-22 21:20:00,85.08,85.16,85.08,85.12,7382.469
2026-05-22 21:25:00,85.12,85.21,85.1,85.17,6061.626
2026-05-22 21:30:00,85.17,85.28,85.17,85.2,2243.966
2026-05-22 21:35:00,85.19,85.23,85.13,85.15,4267.649
2026-05-22 21:40:00,85.16,85.22,85.09,85.15,5591.913
2026-05-22 21:45:00,85.14,85.28,85.14,85.26,2983.316
2026-05-22 21:50:00,85.25,85.28,85.21,85.24,1013.228
2026-05-22 21:55:00,85.24,85.25,85.15,85.17,2397.198
2026-05-22 22:00:00,85.17,85.2,85.11,85.12,2460.399
2026-05-22 22:05:00,85.12,85.15,85.07,85.12,2706.062
2026-05-22 22:10:00,85.13,85.22,85.06,85.2,3732.976
2026-05-22 22:15:00,85.2,85.21,85.05,85.06,3300.668
2026-05-22 22:20:00,85.06,85.07,84.99,85.03,4216.688
2026-05-22 22:25:00,85.03,85.03,84.95,84.99,4229.329
2026-05-22 22:30:00,84.99,85.1,84.85,84.88,13145.493
2026-05-22 22:35:00,84.88,84.97,84.87,84.95,3795.843
2026-05-22 22:40:00,84.95,84.95,84.78,84.9,11920.014
2026-05-22 22:45:00,84.9,85.0,84.89,85.0,2324.254
2026-05-22 22:50:00,85.0,85.0,84.93,84.96,1655.807
2026-05-22 22:55:00,84.96,84.97,84.94,84.96,2669.904
2026-05-22 23:00:00,84.95,85.11,84.94,85.1,5731.306
2026-05-22 23:05:00,85.1,85.13,85.07,85.12,3407.084
2026-05-22 23:10:00,85.11,85.15,85.09,85.1,2373.72
2026-05-22 23:15:00,85.11,85.13,84.91,84.92,2974.505
2026-05-22 23:20:00,84.93,84.96,84.85,84.92,3575.421
2026-05-22 23:25:00,84.92,84.92,84.7,84.7,3798.773
2026-05-22 23:30:00,84.71,84.77,84.67,84.76,6570.0
2026-05-22 23:35:00,84.75,84.88,84.75,84.87,4247.207
2026-05-22 23:40:00,84.86,84.9,84.82,84.88,5051.531
2026-05-22 23:45:00,84.87,84.87,84.0,84.23,70450.792
2026-05-22 23:50:00,84.24,84.43,84.23,84.39,6297.561
2026-05-22 23:55:00,84.39,84.45,84.33,84.4,8881.595
2026-05-23 00:00:00,84.4,84.49,84.3,84.43,29076.971
2026-05-23 00:05:00,84.43,84.55,84.42,84.49,14855.179
2026-05-23 00:10:00,84.48,84.5,84.16,84.27,20975.583
2026-05-23 00:15:00,84.27,84.37,84.18,84.29,9693.612
2026-05-23 00:20:00,84.3,84.38,84.25,84.36,10706.272
2026-05-23 00:25:00,84.36,84.39,84.24,84.39,14979.578
2026-05-23 00:30:00,84.38,84.43,84.17,84.37,11193.968
2026-05-23 00:35:00,84.38,84.38,84.24,84.31,6498.284
2026-05-23 00:40:00,84.3,84.31,84.07,84.23,19220.345
2026-05-23 00:45:00,84.22,84.37,84.21,84.36,6261.208
2026-05-23 00:50:00,84.36,84.45,84.32,84.4,4891.226
2026-05-23 00:55:00,84.39,84.48,84.38,84.44,4330.715
2026-05-23 01:00:00,84.44,84.64,84.43,84.61,8390.196
2026-05-23 01:05:00,84.6,84.6,84.52,84.57,2928.307
2026-05-23 01:10:00,84.56,84.56,84.38,84.4,5667.196
2026-05-23 01:15:00,84.41,84.44,84.32,84.43,4369.531
2026-05-23 01:20:00,84.43,84.57,84.42,84.5,3253.442
2026-05-23 01:25:00,84.5,84.58,84.5,84.58,1691.753
2026-05-23 01:30:00,84.57,84.61,84.56,84.58,2242.061
2026-05-23 01:35:00,84.58,84.65,84.56,84.62,2225.472
2026-05-23 01:40:00,84.62,84.62,84.53,84.59,11119.66
2026-05-23 01:45:00,84.6,84.6,84.44,84.57,4348.147
2026-05-23 01:50:00,84.57,84.62,84.5,84.6,3800.167
2026-05-23 01:55:00,84.6,84.6,84.5,84.53,2430.559
2026-05-23 02:00:00,84.53,84.59,84.4,84.42,4935.258
2026-05-23 02:05:00,84.42,84.51,84.42,84.45,2533.887
2026-05-23 02:10:00,84.45,84.49,84.35,84.37,5581.381
2026-05-23 02:15:00,84.37,84.46,84.24,84.29,5606.848
2026-05-23 02:20:00,84.28,84.34,84.21,84.32,5376.032
2026-05-23 02:25:00,84.33,84.34,84.29,84.33,1592.634
2026-05-23 02:30:00,84.33,84.37,84.3,84.32,1972.362
2026-05-23 02:35:00,84.32,84.39,84.3,84.37,3371.473
2026-05-23 02:40:00,84.38,84.44,84.32,84.42,1577.462
2026-05-23 02:45:00,84.42,84.47,84.39,84.47,1118.909
2026-05-23 02:50:00,84.47,84.5,84.44,84.48,2027.541
2026-05-23 02:55:00,84.48,84.86,84.45,84.54,35738.293
2026-05-23 03:00:00,84.53,84.59,84.49,84.58,3472.789
2026-05-23 03:05:00,84.59,84.61,84.57,84.59,1861.92
2026-05-23 03:10:00,84.59,84.6,84.56,84.59,2325.508
2026-05-23 03:15:00,84.59,84.6,84.52,84.55,3599.426
2026-05-23 03:20:00,84.55,84.62,84.54,84.6,2765.95
2026-05-23 03:25:00,84.6,84.64,84.59,84.62,2313.32
2026-05-23 03:30:00,84.62,84.7,84.61,84.69,2743.6
2026-05-23 03:35:00,84.68,84.72,84.67,84.72,1757.411
2026-05-23 03:40:00,84.71,84.72,84.69,84.7,2718.394
2026-05-23 03:45:00,84.69,84.72,84.67,84.69,2069.053
2026-05-23 03:50:00,84.69,84.75,84.68,84.75,2659.626
2026-05-23 03:55:00,84.74,84.75,84.63,84.68,4600.196
2026-05-23 04:00:00,84.69,84.72,84.62,84.66,4855.09
2026-05-23 04:05:00,84.67,84.68,84.65,84.67,1182.572
2026-05-23 04:10:00,84.67,84.69,84.66,84.67,1963.067
2026-05-23 04:15:00,84.68,84.68,84.55,84.57,3194.465
2026-05-23 04:20:00,84.58,84.58,84.48,84.54,3689.021
2026-05-23 04:25:00,84.55,84.56,84.5,84.54,3016.199
2026-05-23 04:30:00,84.54,84.66,84.54,84.57,2822.393
2026-05-23 04:35:00,84.57,84.57,84.43,84.46,7357.693
2026-05-23 04:40:00,84.46,84.48,84.35,84.37,6351.524
2026-05-23 04:45:00,84.38,84.46,84.38,84.44,2465.985
2026-05-23 04:50:00,84.43,84.47,84.4,84.41,1633.223
2026-05-23 04:55:00,84.41,84.46,84.39,84.42,3653.125
2026-05-23 05:00:00,84.41,84.42,84.31,84.39,3657.652
2026-05-23 05:05:00,84.39,84.44,84.33,84.35,3640.262
2026-05-23 05:10:00,84.36,84.37,84.32,84.37,1300.269
2026-05-23 05:15:00,84.37,84.47,84.36,84.37,4508.231
2026-05-23 05:20:00,84.36,84.36,84.18,84.22,10969.064
2026-05-23 05:25:00,84.23,84.31,84.23,84.23,4121.522
2026-05-23 05:30:00,84.22,84.28,84.19,84.25,2408.004
2026-05-23 05:35:00,84.25,84.36,84.24,84.36,3267.912
2026-05-23 05:40:00,84.35,84.46,84.35,84.45,2401.125
2026-05-23 05:45:00,84.44,84.47,84.37,84.4,3144.354
2026-05-23 05:50:00,84.41,84.44,84.37,84.42,2690.146
2026-05-23 05:55:00,84.41,84.46,84.4,84.46,1065.283
2026-05-23 06:00:00,84.45,84.49,84.38,84.41,2521.767
2026-05-23 06:05:00,84.42,84.49,84.42,84.47,1986.622
2026-05-23 06:10:00,84.47,84.47,84.4,84.41,2664.333
2026-05-23 06:15:00,84.41,84.47,84.41,84.46,1200.177
2026-05-23 06:20:00,84.47,84.47,84.41,84.42,847.535
2026-05-23 06:25:00,84.41,84.41,84.34,84.39,2994.981
2026-05-23 06:30:00,84.39,84.49,84.38,84.42,3813.243
2026-05-23 06:35:00,84.42,84.44,84.24,84.32,13790.733
2026-05-23 06:40:00,84.32,84.37,84.32,84.33,2198.264
2026-05-23 06:45:00,84.33,84.34,84.23,84.23,3874.575
2026-05-23 06:50:00,84.24,84.25,84.2,84.21,3253.707
2026-05-23 06:55:00,84.21,84.28,84.18,84.27,4550.255
2026-05-23 07:00:00,84.27,84.33,84.2,84.23,3663.683
2026-05-23 07:05:00,84.23,84.27,84.09,84.27,7670.708
2026-05-23 07:10:00,84.26,84.28,84.2,84.25,2174.438
2026-05-23 07:15:00,84.24,84.24,84.08,84.14,8839.139
2026-05-23 07:20:00,84.14,84.18,84.03,84.17,4540.521
2026-05-23 07:25:00,84.17,84.17,84.07,84.12,2570.852
2026-05-23 07:30:00,84.13,84.13,83.82,84.01,30761.329
2026-05-23 07:35:00,84.02,84.12,83.97,84.02,3529.016
2026-05-23 07:40:00,84.02,84.02,83.82,83.9,8396.505
2026-05-23 07:45:00,83.91,83.91,82.25,82.47,200398.438
2026-05-23 07:50:00,82.47,82.61,81.5,81.97,226443.201
2026-05-23 07:55:00,81.97,82.27,81.94,82.25,52134.454
2026-05-23 08:00:00,82.25,82.28,81.91,82.06,36751.305
2026-05-23 08:05:00,82.06,82.15,81.9,82.05,24854.558
2026-05-23 08:10:00,82.05,82.29,81.97,82.0,29055.636
2026-05-23 08:15:00,82.0,82.26,82.0,82.16,15781.098
2026-05-23 08:20:00,82.15,82.36,82.06,82.35,24052.802
2026-05-23 08:25:00,82.34,82.34,82.05,82.07,17393.375
2026-05-23 08:30:00,82.07,82.08,81.99,82.05,13960.479
2026-05-23 08:35:00,82.06,82.07,81.73,81.75,28168.908
2026-05-23 08:40:00,81.76,81.88,81.63,81.87,25530.001
2026-05-23 08:45:00,81.86,82.07,81.83,82.07,10848.109
2026-05-23 08:50:00,82.07,82.13,82.03,82.03,8798.869
2026-05-23 08:55:00,82.03,82.13,82.02,82.13,3968.824
2026-05-23 09:00:00,82.13,82.25,82.03,82.15,11954.719
2026-05-23 09:05:00,82.14,82.15,82.01,82.08,13068.229
2026-05-23 09:10:00,82.08,82.14,82.05,82.08,4831.326
2026-05-23 09:15:00,82.08,82.1,82.01,82.05,3283.895
2026-05-23 09:20:00,82.04,82.12,82.03,82.09,3647.896
2026-05-23 09:25:00,82.1,82.11,82.07,82.09,3466.155
2026-05-23 09:30:00,82.1,82.13,82.08,82.12,3280.098
2026-05-23 09:35:00,82.12,82.13,81.99,82.02,6828.039
2026-05-23 09:40:00,82.02,82.14,82.01,82.11,8850.977
2026-05-23 09:45:00,82.11,82.15,82.0,82.05,5132.441
2026-05-23 09:50:00,82.05,82.08,82.01,82.02,3145.814
2026-05-23 09:55:00,82.02,82.04,82.0,82.01,6375.372
2026-05-23 10:00:00,82.01,82.14,82.01,82.11,11571.4
2026-05-23 10:05:00,82.12,82.17,82.11,82.17,2389.468
2026-05-23 10:10:00,82.17,82.28,82.17,82.28,4583.511
2026-05-23 10:15:00,82.28,82.31,82.25,82.29,3758.023
2026-05-23 10:20:00,82.29,82.29,82.22,82.22,3088.284
2026-05-23 10:25:00,82.23,82.32,82.21,82.32,2415.314
2026-05-23 10:30:00,82.32,82.36,82.25,82.36,3966.106
2026-05-23 10:35:00,82.36,82.38,82.32,82.37,2694.085
2026-05-23 10:40:00,82.38,82.38,82.29,82.34,4096.788
2026-05-23 10:45:00,82.35,82.39,82.3,82.31,3155.269
2026-05-23 10:50:00,82.31,82.35,82.24,82.24,8715.248
2026-05-23 10:55:00,82.24,82.27,82.23,82.26,3509.338
2026-05-23 11:00:00,82.27,82.32,82.26,82.3,5325.842
2026-05-23 11:05:00,82.29,82.4,82.23,82.36,6628.114
2026-05-23 11:10:00,82.36,82.38,82.33,82.35,4452.718
2026-05-23 11:15:00,82.34,82.4,82.34,82.39,2186.729
2026-05-23 11:20:00,82.4,82.47,82.4,82.44,2607.677
2026-05-23 11:25:00,82.44,82.49,82.43,82.45,3232.798
2026-05-23 11:30:00,82.44,82.47,82.41,82.45,2935.068
2026-05-23 11:35:00,82.45,82.45,82.36,82.39,2923.892
2026-05-23 11:40:00,82.39,82.39,82.35,82.36,2215.645
2026-05-23 11:45:00,82.36,82.38,82.33,82.34,2839.134
2026-05-23 11:50:00,82.33,82.35,82.31,82.35,2418.105
2026-05-23 11:55:00,82.35,82.39,82.3,82.31,3336.456
2026-05-23 12:00:00,82.3,82.35,82.24,82.28,5146.566
2026-05-23 12:05:00,82.29,82.35,82.27,82.35,2416.453
2026-05-23 12:10:00,82.34,82.35,82.24,82.29,4567.901
2026-05-23 12:15:00,82.3,82.34,82.21,82.21,3112.988
2026-05-23 12:20:00,82.22,82.28,82.15,82.28,4743.443
2026-05-23 12:25:00,82.27,82.34,82.25,82.31,4296.918
2026-05-23 12:30:00,82.3,82.36,82.3,82.32,3411.57
2026-05-23 12:35:00,82.33,82.42,82.32,82.39,2239.384
2026-05-23 12:40:00,82.38,82.4,82.32,82.34,2172.263
2026-05-23 12:45:00,82.34,82.42,82.34,82.41,1565.475
2026-05-23 12:50:00,82.41,82.54,82.37,82.47,9344.831
2026-05-23 12:55:00,82.48,82.56,82.47,82.49,2748.879
2026-05-23 13:00:00,82.5,82.91,82.49,82.89,53085.857
2026-05-23 13:05:00,82.89,82.98,82.8,82.89,15792.683
2026-05-23 13:10:00,82.89,82.9,82.81,82.89,6167.666
2026-05-23 13:15:00,82.89,83.27,82.88,83.1,17913.936
2026-05-23 13:20:00,83.11,83.28,83.09,83.21,6590.54
2026-05-23 13:25:00,83.22,83.24,83.17,83.24,3660.963
2026-05-23 13:30:00,83.23,83.32,83.13,83.14,11521.386
2026-05-23 13:35:00,83.13,83.14,83.01,83.07,3701.164
2026-05-23 13:40:00,83.08,83.1,83.01,83.1,2414.864
2026-05-23 13:45:00,83.09,83.49,83.09,83.39,9421.955
2026-05-23 13:50:00,83.39,83.4,83.2,83.31,5281.545
2026-05-23 13:55:00,83.31,83.33,83.2,83.22,8571.022
2026-05-23 14:00:00,83.23,83.29,83.14,83.16,4276.595
2026-05-23 14:05:00,83.16,83.33,83.1,83.26,6102.057
2026-05-23 14:10:00,83.27,83.37,83.25,83.32,4643.9
2026-05-23 14:15:00,83.31,83.37,83.3,83.33,5908.584
2026-05-23 14:20:00,83.33,83.56,83.31,83.53,7548.037
2026-05-23 14:25:00,83.52,83.58,83.45,83.57,4895.702
2026-05-23 14:30:00,83.56,83.74,83.49,83.68,15280.587
2026-05-23 14:35:00,83.69,83.77,83.65,83.72,4812.783
2026-05-23 14:40:00,83.73,83.99,83.69,83.95,10947.917
2026-05-23 14:45:00,83.96,84.02,83.77,83.84,8654.683
2026-05-23 14:50:00,83.84,83.97,83.84,83.96,9748.583
2026-05-23 14:55:00,83.96,84.47,83.95,84.13,37259.062
2026-05-23 15:00:00,84.14,84.23,84.01,84.13,12754.699
2026-05-23 15:05:00,84.13,84.54,84.07,84.39,31382.894
2026-05-23 15:10:00,84.4,84.49,84.34,84.41,6893.139
2026-05-23 15:15:00,84.41,84.41,84.24,84.24,8071.787
2026-05-23 15:20:00,84.23,84.23,84.09,84.16,5570.52
2026-05-23 15:25:00,84.15,84.15,83.91,83.93,12608.206
2026-05-23 15:30:00,83.93,83.95,83.66,83.66,9714.421
2026-05-23 15:35:00,83.67,83.96,83.63,83.85,25964.701
2026-05-23 15:40:00,83.85,83.93,83.82,83.88,4080.765
2026-05-23 15:45:00,83.88,84.08,83.88,83.97,11328.714
2026-05-23 15:50:00,83.97,84.09,83.96,84.03,5683.191
2026-05-23 15:55:00,84.03,84.11,84.02,84.1,3302.273
2026-05-23 16:00:00,84.09,84.23,84.04,84.22,9222.241
2026-05-23 16:05:00,84.22,84.23,84.12,84.19,3501.332
2026-05-23 16:10:00,84.19,84.25,83.95,84.03,25736.396
2026-05-23 16:15:00,84.02,84.14,84.01,84.09,4376.46
2026-05-23 16:20:00,84.09,84.11,83.96,83.96,4249.997
2026-05-23 16:25:00,83.97,84.11,83.93,84.05,5184.084
2026-05-23 16:30:00,84.06,84.13,84.04,84.06,2522.893
2026-05-23 16:35:00,84.07,84.31,84.06,84.28,6614.008
2026-05-23 16:40:00,84.28,84.29,84.15,84.16,2890.775
2026-05-23 16:45:00,84.16,84.21,84.14,84.17,2771.004
2026-05-23 16:50:00,84.18,84.24,84.1,84.1,2893.961
2026-05-23 16:55:00,84.09,84.19,84.07,84.11,2535.792
2026-05-23 17:00:00,84.11,84.27,84.11,84.14,5708.361
2026-05-23 17:05:00,84.14,84.29,84.14,84.27,2794.919
2026-05-23 17:10:00,84.28,84.28,84.19,84.27,3704.337
2026-05-23 17:15:00,84.27,84.35,84.22,84.3,3368.703
2026-05-23 17:20:00,84.3,84.3,84.14,84.17,4341.713
2026-05-23 17:25:00,84.17,84.24,84.1,84.23,4045.001
2026-05-23 17:30:00,84.23,84.27,84.19,84.19,2677.218
2026-05-23 17:35:00,84.2,84.2,84.1,84.18,4385.655
2026-05-23 17:40:00,84.17,84.17,84.06,84.14,5894.317
2026-05-23 17:45:00,84.15,84.16,83.99,84.13,4087.539
2026-05-23 17:50:00,84.13,84.26,84.12,84.22,3569.188
2026-05-23 17:55:00,84.23,84.29,84.21,84.21,5264.801
2026-05-23 18:00:00,84.22,84.3,84.17,84.3,2752.832
2026-05-23 18:05:00,84.29,84.49,84.29,84.49,9819.288
2026-05-23 18:10:00,84.5,84.9,84.39,84.8,33286.027
2026-05-23 18:15:00,84.8,85.0,84.78,84.87,19162.38
2026-05-23 18:20:00,84.86,85.03,84.81,84.83,20405.741
2026-05-23 18:25:00,84.83,84.88,84.74,84.85,6380.888
2026-05-23 18:30:00,84.86,85.14,84.86,84.94,8705.196
2026-05-23 18:35:00,84.94,85.02,84.77,84.81,4023.239
2026-05-23 18:40:00,84.82,84.92,84.82,84.85,4255.946
2026-05-23 18:45:00,84.85,84.88,84.67,84.7,7395.86
2026-05-23 18:50:00,84.69,84.77,84.68,84.74,2772.155
2026-05-23 18:55:00,84.74,84.82,84.7,84.71,2270.614
2026-05-23 19:00:00,84.72,84.79,84.63,84.73,4205.336
2026-05-23 19:05:00,84.72,84.74,84.63,84.67,4672.425
2026-05-23 19:10:00,84.68,84.71,84.62,84.7,2669.28
2026-05-23 19:15:00,84.7,85.03,84.7,84.97,22788.356
2026-05-23 19:20:00,84.97,85.04,84.87,84.91,7282.471
2026-05-23 19:25:00,84.91,85.07,84.9,85.05,5184.862
2026-05-23 19:30:00,85.06,85.11,84.91,85.0,6633.42
2026-05-23 19:35:00,84.99,84.99,84.88,84.88,5985.122
2026-05-23 19:40:00,84.89,84.91,84.75,84.83,7369.63
2026-05-23 19:45:00,84.84,84.97,84.81,84.96,3711.147
2026-05-23 19:50:00,84.96,84.97,84.85,84.9,3402.848
2026-05-23 19:55:00,84.89,84.98,84.85,84.96,7011.543
2026-05-23 20:00:00,84.97,85.01,84.9,84.96,12752.663
2026-05-23 20:05:00,84.96,84.97,84.81,84.89,8425.931
2026-05-23 20:10:00,84.88,85.09,84.88,84.95,9551.698
2026-05-23 20:15:00,84.96,85.12,84.9,85.07,5675.919
2026-05-23 20:20:00,85.07,85.14,84.88,84.94,10605.331
2026-05-23 20:25:00,84.94,84.97,84.85,84.86,2798.463
2026-05-23 20:30:00,84.87,85.49,84.8,85.37,21900.559
2026-05-23 20:35:00,85.37,86.55,85.37,86.38,81832.803
2026-05-23 20:40:00,86.39,86.68,86.32,86.44,48069.724
2026-05-23 20:45:00,86.44,86.82,86.22,86.71,118591.594
2026-05-23 20:50:00,86.72,86.8,86.5,86.7,50318.931
2026-05-23 20:55:00,86.69,87.09,86.67,87.08,71724.79
2026-05-23 21:00:00,87.08,87.5,86.66,86.88,50320.469
2026-05-23 21:05:00,86.88,87.02,86.83,86.97,16669.417
2026-05-23 21:10:00,86.96,86.99,86.65,86.66,18789.803
2026-05-23 21:15:00,86.66,86.74,86.55,86.74,18061.026
2026-05-23 21:20:00,86.74,86.87,86.65,86.65,13928.447
2026-05-23 21:25:00,86.66,86.66,86.32,86.34,18095.885
2026-05-23 21:30:00,86.33,86.41,86.0,86.39,25563.98
2026-05-23 21:35:00,86.39,86.58,86.27,86.27,12402.636
2026-05-23 21:40:00,86.26,86.32,86.16,86.29,9619.873
2026-05-23 21:45:00,86.3,86.34,86.0,86.1,9735.21
2026-05-23 21:50:00,86.1,86.27,86.07,86.23,5590.277
2026-05-23 21:55:00,86.23,86.36,86.2,86.28,7468.625
2026-05-23 22:00:00,86.28,86.61,86.28,86.55,9560.518
2026-05-23 22:05:00,86.55,86.55,86.32,86.32,3466.137
2026-05-23 22:10:00,86.32,86.33,86.26,86.27,3583.844
2026-05-23 22:15:00,86.26,86.3,86.2,86.29,4594.297
2026-05-23 22:20:00,86.28,86.3,86.1,86.11,4444.088
2026-05-23 22:25:00,86.11,86.17,86.07,86.08,5018.465
2026-05-23 22:30:00,86.08,86.14,85.92,86.06,12008.328
2026-05-23 22:35:00,86.06,86.06,85.52,85.71,26306.088
2026-05-23 22:40:00,85.72,85.96,85.71,85.84,12711.582
2026-05-23 22:45:00,85.85,85.87,85.72,85.85,5061.977
2026-05-23 22:50:00,85.85,85.89,85.79,85.84,3838.447
2026-05-23 22:55:00,85.84,85.88,85.77,85.81,1986.033
2026-05-23 23:00:00,85.81,85.81,85.7,85.72,6070.826
2026-05-23 23:05:00,85.72,85.94,85.71,85.85,5910.531
2026-05-23 23:10:00,85.85,85.88,85.77,85.8,3818.105
2026-05-23 23:15:00,85.8,85.9,85.78,85.79,3949.468
2026-05-23 23:20:00,85.8,85.83,85.73,85.75,22627.826
2026-05-23 23:25:00,85.75,85.75,85.67,85.72,2600.145
2026-05-23 23:30:00,85.71,85.87,85.71,85.83,2950.023
2026-05-23 23:35:00,85.83,85.83,85.72,85.75,3786.823
2026-05-23 23:40:00,85.75,85.78,85.72,85.75,2815.502
2026-05-23 23:45:00,85.75,85.77,85.69,85.69,2869.814
2026-05-23 23:50:00,85.69,85.76,85.67,85.74,2148.598
2026-05-23 23:55:00,85.75,85.81,85.72,85.75,2949.54
2026-05-24 00:00:00,85.76,85.84,85.67,85.67,4161.89
2026-05-24 00:05:00,85.68,85.73,85.64,85.64,3266.619
2026-05-24 00:10:00,85.64,85.72,85.64,85.69,1359.611
2026-05-24 00:15:00,85.68,85.79,85.66,85.72,5942.175
2026-05-24 00:20:00,85.73,85.77,85.62,85.63,2435.463
2026-05-24 00:25:00,85.64,85.79,85.64,85.78,1915.37
2026-05-24 00:30:00,85.78,85.92,85.76,85.85,4338.252
2026-05-24 00:35:00,85.85,85.98,85.84,85.98,3998.187
2026-05-24 00:40:00,85.98,86.03,85.85,85.85,6073.145
2026-05-24 00:45:00,85.85,86.0,85.82,85.86,6224.598
2026-05-24 00:50:00,85.86,85.87,85.78,85.8,3295.76
2026-05-24 00:55:00,85.8,85.92,85.8,85.89,1715.596
2026-05-24 01:00:00,85.89,86.02,85.88,86.0,4630.241
2026-05-24 01:05:00,86.0,86.0,85.87,85.99,3242.849
2026-05-24 01:10:00,85.98,86.02,85.93,85.99,1939.744
2026-05-24 01:15:00,85.99,86.07,85.98,86.03,2523.095
2026-05-24 01:20:00,86.03,86.11,86.02,86.07,4888.163
2026-05-24 01:25:00,86.07,86.14,85.98,86.13,4493.411
2026-05-24 01:30:00,86.12,86.22,85.96,86.22,12963.922
2026-05-24 01:35:00,86.22,86.23,86.13,86.17,2827.115
2026-05-24 01:40:00,86.17,86.17,85.97,85.99,4136.988
2026-05-24 01:45:00,86.0,86.13,86.0,86.11,3970.477
2026-05-24 01:50:00,86.11,86.13,86.03,86.03,1582.84
2026-05-24 01:55:00,86.04,86.05,85.98,86.01,1962.227
2026-05-24 02:00:00,86.02,86.1,86.0,86.01,2188.659
2026-05-24 02:05:00,86.01,86.02,85.86,86.02,4818.393
2026-05-24 02:10:00,86.01,86.09,86.01,86.08,2293.076
2026-05-24 02:15:00,86.08,86.09,86.03,86.07,1063.205
2026-05-24 02:20:00,86.06,86.11,85.81,85.82,4527.364
2026-05-24 02:25:00,85.82,85.84,85.7,85.77,10076.195
2026-05-24 02:30:00,85.78,85.84,85.75,85.8,2801.885
2026-05-24 02:35:00,85.81,85.89,85.75,85.83,2589.029
2026-05-24 02:40:00,85.83,85.92,85.83,85.9,1675.661
2026-05-24 02:45:00,85.91,86.0,85.89,85.92,2441.366
2026-05-24 02:50:00,85.92,86.03,85.9,85.98,1520.786
2026-05-24 02:55:00,85.98,86.02,85.95,85.98,1785.338
2026-05-24 03:00:00,85.99,86.13,85.91,86.13,3449.812
2026-05-24 03:05:00,86.12,86.12,86.03,86.06,1526.915
2026-05-24 03:10:00,86.06,86.08,85.91,85.92,4386.321
2026-05-24 03:15:00,85.93,85.93,85.84,85.87,3396.747
2026-05-24 03:20:00,85.86,85.91,85.82,85.87,1393.045
2026-05-24 03:25:00,85.87,85.89,85.85,85.86,967.908
2026-05-24 03:30:00,85.87,85.87,85.8,85.81,2381.74
2026-05-24 03:35:00,85.81,85.81,85.67,85.68,3995.731
2026-05-24 03:40:00,85.68,85.72,85.63,85.68,3514.918
2026-05-24 03:45:00,85.68,85.82,85.68,85.81,3404.58
2026-05-24 03:50:00,85.8,85.84,85.73,85.84,2483.673
2026-05-24 03:55:00,85.83,85.87,85.78,85.81,6594.485
2026-05-24 04:00:00,85.81,85.97,85.81,85.93,4436.052
2026-05-24 04:05:00,85.92,85.92,85.81,85.81,1503.231
2026-05-24 04:10:00,85.81,86.12,85.78,86.03,17177.988
2026-05-24 04:15:00,86.03,86.07,86.0,86.04,2093.528
2026-05-24 04:20:00,86.05,86.07,86.01,86.02,6570.443
2026-05-24 04:25:00,86.02,86.02,85.95,86.0,1092.982
2026-05-24 04:30:00,85.99,86.02,85.95,86.01,987.567
2026-05-24 04:35:00,86.02,86.05,85.92,85.94,1563.05
2026-05-24 04:40:00,85.94,86.0,85.93,85.99,1050.464
2026-05-24 04:45:00,85.99,86.0,85.88,85.94,2253.701
2026-05-24 04:50:00,85.95,86.02,85.94,86.02,1861.401
2026-05-24 04:55:00,86.01,86.01,85.93,85.93,1986.212
2026-05-24 05:00:00,85.94,85.95,85.88,85.95,1816.979
2026-05-24 05:05:00,85.95,85.95,85.83,85.84,2016.721
2026-05-24 05:10:00,85.84,85.86,85.75,85.86,2165.169
2026-05-24 05:15:00,85.86,85.86,85.75,85.76,1473.611
2026-05-24 05:20:00,85.77,85.79,85.71,85.76,1704.952
2026-05-24 05:25:00,85.75,85.75,85.64,85.72,2063.016
2026-05-24 05:30:00,85.71,85.77,85.69,85.73,1789.069
2026-05-24 05:35:00,85.72,85.72,85.62,85.64,3363.873
2026-05-24 05:40:00,85.64,85.74,85.58,85.67,4894.09
2026-05-24 05:45:00,85.67,85.98,85.67,85.96,7942.572
2026-05-24 05:50:00,85.96,86.09,85.96,86.09,25498.258
2026-05-24 05:55:00,86.08,86.18,86.07,86.16,3566.66
2026-05-24 06:00:00,86.16,86.21,86.09,86.1,4277.674
2026-05-24 06:05:00,86.11,86.13,86.07,86.11,2018.685
2026-05-24 06:10:00,86.11,86.14,86.08,86.1,1153.233
2026-05-24 06:15:00,86.1,86.12,86.03,86.04,3866.379
2026-05-24 06:20:00,86.03,86.08,85.97,85.98,1458.992
2026-05-24 06:25:00,85.98,86.01,85.95,85.96,1892.927
2026-05-24 06:30:00,85.96,86.0,85.93,85.94,2156.744
2026-05-24 06:35:00,85.95,86.0,85.95,85.97,2082.649
2026-05-24 06:40:00,85.97,86.13,85.96,86.12,3050.713
2026-05-24 06:45:00,86.12,86.17,86.06,86.16,2143.905
2026-05-24 06:50:00,86.16,86.45,86.16,86.34,8768.229
2026-05-24 06:55:00,86.35,86.49,86.35,86.45,5542.664
2026-05-24 07:00:00,86.46,86.7,86.35,86.63,14748.695
2026-05-24 07:05:00,86.62,86.63,86.39,86.44,3886.932
2026-05-24 07:10:00,86.43,86.44,86.32,86.33,2097.856
2026-05-24 07:15:00,86.33,86.35,86.21,86.26,4883.864
2026-05-24 07:20:00,86.26,86.26,86.19,86.21,1461.886
2026-05-24 07:25:00,86.2,86.23,86.2,86.23,2344.896
2026-05-24 07:30:00,86.22,86.27,86.17,86.27,4348.076
2026-05-24 07:35:00,86.28,86.3,86.21,86.25,5515.64
2026-05-24 07:40:00,86.25,86.25,86.23,86.23,1848.295
2026-05-24 07:45:00,86.23,86.26,86.1,86.12,4806.717
2026-05-24 07:50:00,86.11,86.17,86.04,86.06,14423.243
2026-05-24 07:55:00,86.07,86.07,86.0,86.07,3607.762
2026-05-24 08:00:00,86.07,86.14,86.05,86.05,4914.469
2026-05-24 08:05:00,86.04,86.08,86.02,86.03,5935.048
2026-05-24 08:10:00,86.04,86.05,86.01,86.05,1183.206
2026-05-24 08:15:00,86.05,86.16,86.04,86.16,7551.681
2026-05-24 08:20:00,86.16,86.31,86.16,86.29,2944.792
2026-05-24 08:25:00,86.28,86.34,86.27,86.28,3204.745
2026-05-24 08:30:00,86.28,86.38,86.27,86.31,3565.137
2026-05-24 08:35:00,86.32,86.54,86.27,86.46,13749.471
2026-05-24 08:40:00,86.46,86.46,86.37,86.37,2026.989
2026-05-24 08:45:00,86.38,86.52,86.36,86.41,4146.564
2026-05-24 08:50:00,86.4,86.43,86.38,86.4,2156.185
2026-05-24 08:55:00,86.41,86.52,86.41,86.51,3133.192
2026-05-24 09:00:00,86.51,86.54,86.37,86.48,8162.161
2026-05-24 09:05:00,86.48,86.55,86.42,86.53,4865.633
2026-05-24 09:10:00,86.53,86.57,86.51,86.53,4379.955
2026-05-24 09:15:00,86.52,86.65,86.51,86.54,17209.166
2026-05-24 09:20:00,86.54,87.0,86.52,86.93,41743.617
2026-05-24 09:25:00,86.93,86.96,86.6,86.66,14063.9
2026-05-24 09:30:00,86.65,86.67,86.56,86.63,6135.407
2026-05-24 09:35:00,86.62,86.77,86.62,86.64,5465.215
2026-05-24 09:40:00,86.64,86.72,86.63,86.67,3499.011
2026-05-24 09:45:00,86.67,86.67,86.53,86.57,3889.714
2026-05-24 09:50:00,86.56,86.64,86.56,86.6,1700.808
2026-05-24 09:55:00,86.61,86.61,86.55,86.55,1970.325
2026-05-24 10:00:00,86.55,86.56,86.36,86.41,7394.57
2026-05-24 10:05:00,86.4,86.47,86.36,86.38,10941.636
2026-05-24 10:10:00,86.37,86.37,86.24,86.31,4818.204
2026-05-24 10:15:00,86.31,86.36,86.26,86.32,2406.662
2026-05-24 10:20:00,86.32,86.33,86.25,86.28,2016.427
2026-05-24 10:25:00,86.27,86.73,86.26,86.43,26162.815
2026-05-24 10:30:00,86.43,86.46,86.28,86.42,10716.23
2026-05-24 10:35:00,86.41,86.52,86.26,86.38,26513.745
2026-05-24 10:40:00,86.38,86.39,86.34,86.38,2898.697
2026-05-24 10:45:00,86.37,86.38,86.3,86.35,2882.384
2026-05-24 10:50:00,86.35,86.44,86.32,86.39,2752.031
2026-05-24 10:55:00,86.39,86.52,86.39,86.5,2727.56
2026-05-24 11:00:00,86.5,86.71,86.49,86.61,4945.836
2026-05-24 11:05:00,86.62,86.7,86.58,86.63,6284.492
2026-05-24 11:10:00,86.63,86.68,86.58,86.64,2052.893
2026-05-24 11:15:00,86.65,86.75,86.63,86.7,5514.213
2026-05-24 11:20:00,86.71,86.8,86.71,86.8,9996.338
2026-05-24 11:25:00,86.8,86.92,86.58,86.63,50509.757
2026-05-24 11:30:00,86.62,86.7,86.62,86.7,2699.501
2026-05-24 11:35:00,86.7,86.71,86.56,86.58,2869.254
2026-05-24 11:40:00,86.58,86.62,86.52,86.52,3290.53
2026-05-24 11:45:00,86.53,86.6,86.49,86.49,9596.666
2026-05-24 11:50:00,86.49,86.51,86.41,86.48,16737.434
2026-05-24 11:55:00,86.48,86.74,86.46,86.66,12651.59
2026-05-24 12:00:00,86.67,86.69,86.5,86.54,3637.127
2026-05-24 12:05:00,86.53,86.56,86.49,86.51,2706.487
2026-05-24 12:10:00,86.5,86.53,86.41,86.53,3313.084
2026-05-24 12:15:00,86.52,86.53,86.33,86.35,3582.575
2026-05-24 12:20:00,86.35,86.35,86.26,86.26,4369.192
2026-05-24 12:25:00,86.26,86.29,86.2,86.24,3524.784
2026-05-24 12:30:00,86.25,86.36,86.18,86.2,25244.977
2026-05-24 12:35:00,86.21,86.31,86.21,86.31,1619.651
2026-05-24 12:40:00,86.31,86.38,86.3,86.35,4531.718
2026-05-24 12:45:00,86.35,86.35,86.28,86.34,2399.367
2026-05-24 12:50:00,86.34,86.34,86.28,86.29,1255.617
2026-05-24 12:55:00,86.3,86.38,86.28,86.35,1251.819
2026-05-24 13:00:00,86.36,86.42,86.3,86.37,6370.489
2026-05-24 13:05:00,86.38,86.41,86.33,86.37,6963.639
2026-05-24 13:10:00,86.37,86.39,86.3,86.39,2117.827
2026-05-24 13:15:00,86.39,86.46,86.39,86.42,2474.157
2026-05-24 13:20:00,86.42,86.46,86.35,86.35,2902.685
2026-05-24 13:25:00,86.36,86.39,86.15,86.17,28248.335
2026-05-24 13:30:00,86.17,86.3,86.17,86.21,6771.056
2026-05-24 13:35:00,86.21,86.27,86.08,86.16,8753.874
2026-05-24 13:40:00,86.16,86.26,86.15,86.24,2469.452
2026-05-24 13:45:00,86.25,86.34,86.19,86.19,6143.584
2026-05-24 13:50:00,86.2,86.2,85.91,85.91,7660.139
2026-05-24 13:55:00,85.91,85.99,85.73,85.9,12526.52
2026-05-24 14:00:00,85.9,86.01,85.73,85.81,7321.419
2026-05-24 14:05:00,85.82,85.9,85.81,85.84,5446.192
2026-05-24 14:10:00,85.85,85.92,85.13,85.35,42370.531
2026-05-24 14:15:00,85.35,85.36,84.48,84.9,58307.65
2026-05-24 14:20:00,84.89,85.31,84.89,85.23,39018.958
2026-05-24 14:25:00,85.23,85.23,85.04,85.08,11492.468
2026-05-24 14:30:00,85.07,85.25,85.05,85.22,11393.728
2026-05-24 14:35:00,85.22,85.32,85.13,85.3,8782.038
2026-05-24 14:40:00,85.31,85.31,85.24,85.26,4275.293
2026-05-24 14:45:00,85.26,85.35,85.23,85.25,3942.577
2026-05-24 14:50:00,85.24,85.33,85.18,85.27,4288.925
2026-05-24 14:55:00,85.27,85.28,85.19,85.25,4062.435
2026-05-24 15:00:00,85.25,85.35,85.21,85.35,3812.485
2026-05-24 15:05:00,85.35,85.35,85.21,85.3,3652.12
2026-05-24 15:10:00,85.3,85.35,85.29,85.32,3951.134
2026-05-24 15:15:00,85.32,85.38,85.14,85.25,9921.551
2026-05-24 15:20:00,85.25,85.33,85.16,85.31,2910.74
2026-05-24 15:25:00,85.31,85.38,85.29,85.32,3971.387
2026-05-24 15:30:00,85.31,85.46,85.29,85.32,3985.833
2026-05-24 15:35:00,85.32,85.37,85.31,85.34,2369.95
2026-05-24 15:40:00,85.34,85.35,85.26,85.3,3409.187
2026-05-24 15:45:00,85.3,85.38,85.25,85.37,4559.088
2026-05-24 15:50:00,85.38,85.4,85.3,85.38,3641.572
2026-05-24 15:55:00,85.37,85.39,85.29,85.31,2054.972
2026-05-24 16:00:00,85.3,85.46,85.11,85.43,38914.545
2026-05-24 16:05:00,85.43,85.56,85.36,85.47,10599.023
2026-05-24 16:10:00,85.47,85.57,85.47,85.57,5368.695
2026-05-24 16:15:00,85.56,85.88,85.54,85.71,23534.515
2026-05-24 16:20:00,85.7,85.74,85.57,85.58,6827.998
2026-05-24 16:25:00,85.57,85.57,85.46,85.53,6074.458
2026-05-24 16:30:00,85.53,85.56,85.45,85.45,4196.08
2026-05-24 16:35:00,85.46,85.46,85.27,85.36,7042.951
2026-05-24 16:40:00,85.35,85.4,85.29,85.33,3921.521
2026-05-24 16:45:00,85.33,85.47,85.32,85.46,1653.054
2026-05-24 16:50:00,85.47,85.56,85.41,85.55,2197.549
2026-05-24 16:55:00,85.54,85.71,85.52,85.64,5994.086
2026-05-24 17:00:00,85.65,85.76,85.59,85.68,4140.161
2026-05-24 17:05:00,85.68,85.75,85.68,85.72,4156.179
2026-05-24 17:10:00,85.72,85.72,85.59,85.6,2856.288
2026-05-24 17:15:00,85.61,85.67,85.52,85.52,1661.446
2026-05-24 17:20:00,85.52,85.58,85.49,85.58,3845.026
2026-05-24 17:25:00,85.58,85.59,85.51,85.54,1888.186
2026-05-24 17:30:00,85.54,85.66,85.5,85.65,3698.552
2026-05-24 17:35:00,85.64,85.79,85.63,85.79,2950.721
2026-05-24 17:40:00,85.78,85.78,85.7,85.72,4178.875
2026-05-24 17:45:00,85.73,85.74,85.65,85.72,2243.229
2026-05-24 17:50:00,85.73,85.79,85.65,85.7,8471.004
2026-05-24 17:55:00,85.7,85.7,85.64,85.65,1376.246
2026-05-24 18:00:00,85.64,85.68,85.55,85.56,3362.638
2026-05-24 18:05:00,85.55,85.64,85.54,85.6,3522.332
2026-05-24 18:10:00,85.6,85.64,85.51,85.58,6333.995
2026-05-24 18:15:00,85.58,85.66,85.54,85.58,1770.508
2026-05-24 18:20:00,85.58,85.59,85.33,85.35,8736.337
2026-05-24 18:25:00,85.36,85.42,85.29,85.37,8093.076
2026-05-24 18:30:00,85.37,85.37,85.27,85.32,2430.953
2026-05-24 18:35:00,85.32,85.49,85.32,85.48,3095.446
2026-05-24 18:40:00,85.48,85.48,85.33,85.35,2568.226
2026-05-24 18:45:00,85.36,85.43,85.29,85.32,2280.666
2026-05-24 18:50:00,85.33,85.4,85.29,85.4,2730.54
2026-05-24 18:55:00,85.39,85.43,85.37,85.4,1507.646
2026-05-24 19:00:00,85.41,85.51,85.36,85.4,3167.711
2026-05-24 19:05:00,85.4,85.45,85.37,85.38,1338.328
2026-05-24 19:10:00,85.39,85.44,85.29,85.3,2672.005
2026-05-24 19:15:00,85.29,85.4,85.24,85.38,16563.885
2026-05-24 19:20:00,85.38,85.4,85.32,85.35,2094.085
2026-05-24 19:25:00,85.35,85.36,85.26,85.29,2450.594
2026-05-24 19:30:00,85.29,85.34,85.23,85.29,4206.453
2026-05-24 19:35:00,85.3,85.33,85.27,85.3,3184.484
2026-05-24 19:40:00,85.31,85.4,85.31,85.34,3148.012
2026-05-24 19:45:00,85.33,85.41,85.31,85.4,1401.875
2026-05-24 19:50:00,85.39,85.41,85.36,85.39,1096.376
2026-05-24 19:55:00,85.4,85.42,85.34,85.37,1761.508
2026-05-24 20:00:00,85.38,85.43,85.16,85.18,9486.359
2026-05-24 20:05:00,85.19,85.23,85.1,85.17,5968.711
2026-05-24 20:10:00,85.16,85.18,85.03,85.04,5461.399
2026-05-24 20:15:00,85.05,85.12,84.98,85.04,7399.744
2026-05-24 20:20:00,85.04,85.08,84.91,85.02,3937.184
2026-05-24 20:25:00,85.02,85.05,84.92,85.05,3318.064
2026-05-24 20:30:00,85.05,85.13,85.01,85.03,4119.574
2026-05-24 20:35:00,85.03,85.07,84.94,84.95,3333.258
2026-05-24 20:40:00,84.95,85.01,84.95,84.98,1396.797
2026-05-24 20:45:00,84.98,85.08,84.58,84.68,159150.127
2026-05-24 20:50:00,84.68,84.7,84.49,84.69,29898.366
2026-05-24 20:55:00,84.7,84.76,84.7,84.76,6455.994
2026-05-24 21:00:00,84.76,84.92,84.72,84.88,15884.907
2026-05-24 21:05:00,84.87,84.91,84.84,84.88,10140.323
2026-05-24 21:10:00,84.88,84.95,84.87,84.95,3692.315
2026-05-24 21:15:00,84.94,84.96,84.9,84.96,3163.623
2026-05-24 21:20:00,84.96,84.96,84.88,84.88,3055.935
2026-05-24 21:25:00,84.88,84.88,84.5,84.56,10269.808
2026-05-24 21:30:00,84.56,84.66,84.35,84.43,20454.46
2026-05-24 21:35:00,84.44,84.44,83.88,84.03,56407.447
2026-05-24 21:40:00,84.03,84.21,83.8,83.85,27437.96
2026-05-24 21:45:00,83.85,84.11,83.7,84.01,14961.528
2026-05-24 21:50:00,84.02,84.16,83.98,84.09,4112.354
2026-05-24 21:55:00,84.09,84.14,83.88,83.97,6766.841
2026-05-24 22:00:00,83.96,84.68,83.94,84.65,40880.319
2026-05-24 22:05:00,84.64,85.07,84.61,85.03,20913.51
2026-05-24 22:10:00,85.03,85.3,84.9,85.22,19529.326
2026-05-24 22:15:00,85.21,85.22,85.05,85.14,13103.54
2026-05-24 22:20:00,85.15,85.33,85.1,85.26,7576.336
2026-05-24 22:25:00,85.26,85.33,85.06,85.07,15373.514
2026-05-24 22:30:00,85.07,85.26,85.02,85.03,17784.402
2026-05-24 22:35:00,85.03,85.05,84.84,84.95,8873.257
2026-05-24 22:40:00,84.95,84.95,84.78,84.93,13164.798
2026-05-24 22:45:00,84.93,85.26,84.92,85.1,11476.97
2026-05-24 22:50:00,85.1,85.2,84.99,85.0,8728.436
2026-05-24 22:55:00,85.0,85.04,84.95,84.99,5432.161
2026-05-24 23:00:00,85.0,85.19,85.0,85.11,7162.042
2026-05-24 23:05:00,85.1,85.15,85.06,85.12,6508.282
2026-05-24 23:10:00,85.11,85.18,85.06,85.15,6456.335
2026-05-24 23:15:00,85.16,85.24,85.08,85.12,4915.258
2026-05-24 23:20:00,85.12,85.19,85.07,85.07,2817.969
2026-05-24 23:25:00,85.08,85.12,85.01,85.08,2531.259
2026-05-24 23:30:00,85.08,85.33,85.08,85.3,5940.435
2026-05-24 23:35:00,85.3,85.47,85.24,85.4,9634.478
2026-05-24 23:40:00,85.39,85.52,85.28,85.47,12341.393
2026-05-24 23:45:00,85.47,85.47,85.34,85.44,4588.094
2026-05-24 23:50:00,85.44,85.49,85.37,85.42,2919.782
2026-05-24 23:55:00,85.42,85.43,85.25,85.27,5245.303
2026-05-25 00:00:00,85.27,85.41,85.26,85.33,10999.946
2026-05-25 00:05:00,85.34,85.42,85.26,85.37,5671.357
2026-05-25 00:10:00,85.38,85.45,85.34,85.4,2807.388
2026-05-25 00:15:00,85.41,85.48,85.35,85.41,5325.047
2026-05-25 00:20:00,85.42,85.51,85.36,85.49,4690.08
2026-05-25 00:25:00,85.5,85.53,85.38,85.5,5361.293
2026-05-25 00:30:00,85.5,85.59,85.41,85.45,7312.777
2026-05-25 00:35:00,85.46,85.6,85.46,85.55,9319.199
2026-05-25 00:40:00,85.55,85.56,85.42,85.45,3865.809
2026-05-25 00:45:00,85.45,85.67,85.39,85.58,7692.186
2026-05-25 00:50:00,85.57,85.57,85.47,85.51,5873.057
2026-05-25 00:55:00,85.5,85.51,85.43,85.5,2672.28
2026-05-25 01:00:00,85.5,85.55,85.33,85.43,8801.689
2026-05-25 01:05:00,85.44,85.48,85.41,85.45,4826.741
2026-05-25 01:10:00,85.44,85.5,85.4,85.49,3475.044
2026-05-25 01:15:00,85.5,85.59,85.48,85.52,7008.33
2026-05-25 01:20:00,85.53,85.59,85.49,85.51,3138.017
2026-05-25 01:25:00,85.51,85.54,85.41,85.45,2454.125
2026-05-25 01:30:00,85.46,85.48,85.36,85.44,3980.968
2026-05-25 01:35:00,85.45,85.49,85.37,85.4,2050.106
2026-05-25 01:40:00,85.39,85.4,85.31,85.31,5402.416
2026-05-25 01:45:00,85.31,85.36,85.26,85.27,3498.093
2026-05-25 01:50:00,85.27,85.3,85.09,85.12,4990.457
2026-05-25 01:55:00,85.12,85.15,84.83,84.87,8224.498
2026-05-25 02:00:00,84.87,85.16,84.87,85.13,5812.007
2026-05-25 02:05:00,85.12,85.85,85.1,85.63,45413.49
2026-05-25 02:10:00,85.64,85.76,85.6,85.69,10850.724
2026-05-25 02:15:00,85.68,85.68,85.36,85.44,14234.082
2026-05-25 02:20:00,85.44,85.47,85.31,85.31,4860.579
2026-05-25 02:25:00,85.32,85.32,85.01,85.16,7988.141
2026-05-25 02:30:00,85.16,85.27,85.07,85.08,5735.704
2026-05-25 02:35:00,85.09,85.23,85.01,85.17,7325.335
2026-05-25 02:40:00,85.17,85.18,85.04,85.17,3920.76
2026-05-25 02:45:00,85.17,85.22,85.08,85.18,4274.848
2026-05-25 02:50:00,85.18,85.24,85.18,85.21,2942.389
2026-05-25 02:55:00,85.22,85.25,85.04,85.08,7942.378
2026-05-25 03:00:00,85.08,85.18,84.96,84.96,5333.644
2026-05-25 03:05:00,84.96,85.03,84.91,84.96,6751.626
2026-05-25 03:10:00,84.96,85.04,84.86,84.94,6830.113
2026-05-25 03:15:00,84.94,85.03,84.9,84.96,3075.591
2026-05-25 03:20:00,84.96,85.06,84.95,84.95,3624.356
2026-05-25 03:25:00,84.96,85.02,84.9,84.91,5334.809
2026-05-25 03:30:00,84.92,84.96,84.8,84.89,5255.429
2026-05-25 03:35:00,84.88,84.96,84.86,84.95,2733.324
2026-05-25 03:40:00,84.94,84.97,84.91,84.95,1635.874
2026-05-25 03:45:00,84.95,84.98,84.85,84.94,2762.273
2026-05-25 03:50:00,84.93,84.98,84.86,84.95,6349.145
2026-05-25 03:55:00,84.94,84.97,84.92,84.95,2113.696
2026-05-25 04:00:00,84.95,85.04,84.94,84.96,2326.354
2026-05-25 04:05:00,84.96,85.04,84.93,85.04,2792.39
2026-05-25 04:10:00,85.03,85.09,84.98,85.02,2486.34
2026-05-25 04:15:00,85.02,85.05,84.94,85.04,2546.678
2026-05-25 04:20:00,85.03,85.16,85.03,85.13,5085.428
2026-05-25 04:25:00,85.13,85.25,85.12,85.24,5691.977
2026-05-25 04:30:00,85.24,85.37,85.21,85.26,6344.179
2026-05-25 04:35:00,85.27,85.36,85.26,85.31,5152.394
2026-05-25 04:40:00,85.31,85.53,85.31,85.51,4438.455
2026-05-25 04:45:00,85.51,85.66,85.49,85.65,5033.035
2026-05-25 04:50:00,85.65,85.93,85.64,85.8,17831.726
2026-05-25 04:55:00,85.8,85.87,85.78,85.84,5683.655
2026-05-25 05:00:00,85.85,85.86,85.76,85.82,7471.649
2026-05-25 05:05:00,85.82,86.1,85.81,85.97,16923.615
2026-05-25 05:10:00,85.98,86.04,85.89,86.02,6100.444
2026-05-25 05:15:00,86.02,86.18,85.96,86.07,13133.516
2026-05-25 05:20:00,86.07,86.1,85.93,85.96,7467.443
2026-05-25 05:25:00,85.97,85.99,85.93,85.99,5145.733
2026-05-25 05:30:00,85.98,86.08,85.96,86.02,7512.246
2026-05-25 05:35:00,86.03,86.11,86.0,86.01,4281.815
2026-05-25 05:40:00,86.02,86.16,86.01,86.13,5493.334
2026-05-25 05:45:00,86.13,86.15,86.02,86.06,4306.444
2026-05-25 05:50:00,86.06,86.06,86.0,86.04,2655.355
2026-05-25 05:55:00,86.04,86.04,85.96,85.98,3635.636
2026-05-25 06:00:00,85.99,86.06,85.95,86.01,3550.249
2026-05-25 06:05:00,86.02,86.19,85.98,86.1,9121.874
2026-05-25 06:10:00,86.1,86.1,85.84,85.85,7096.086
2026-05-25 06:15:00,85.85,85.87,85.73,85.78,6762.397
2026-05-25 06:20:00,85.79,85.79,85.65,85.69,6310.479
2026-05-25 06:25:00,85.69,85.77,85.66,85.77,3453.184
2026-05-25 06:30:00,85.77,86.01,85.77,86.0,5514.874
2026-05-25 06:35:00,85.99,86.05,85.93,85.93,4224.311
2026-05-25 06:40:00,85.93,85.99,85.92,85.95,2578.464
2026-05-25 06:45:00,85.94,86.04,85.9,86.0,12899.669
2026-05-25 06:50:00,86.0,86.01,85.98,85.99,1212.619
2026-05-25 06:55:00,85.98,86.01,85.93,85.99,2828.962
2026-05-25 07:00:00,85.99,86.16,85.99,86.07,7204.317
2026-05-25 07:05:00,86.07,86.08,85.93,85.98,3501.552
2026-05-25 07:10:00,85.98,85.98,85.81,85.85,2852.642
2026-05-25 07:15:00,85.86,85.95,85.64,85.67,9397.008
2026-05-25 07:20:00,85.67,85.76,85.59,85.76,4339.396
2026-05-25 07:25:00,85.75,85.75,85.64,85.65,1835.116
2026-05-25 07:30:00,85.66,85.87,85.63,85.78,8413.814
2026-05-25 07:35:00,85.79,85.79,85.72,85.77,2741.673
2026-05-25 07:40:00,85.76,85.77,85.72,85.75,1461.041
2026-05-25 07:45:00,85.75,85.8,85.48,85.77,32784.753
2026-05-25 07:50:00,85.77,85.89,85.73,85.89,4198.716
2026-05-25 07:55:00,85.89,85.96,85.87,85.96,2235.7
2026-05-25 08:00:00,85.95,85.96,85.87,85.92,9101.301
2026-05-25 08:05:00,85.92,85.92,85.86,85.9,2650.505
2026-05-25 08:10:00,85.9,85.9,85.8,85.8,3097.4
2026-05-25 08:15:00,85.8,85.82,85.78,85.8,1022.994
2026-05-25 08:20:00,85.79,85.92,85.78,85.78,6559.446
2026-05-25 08:25:00,85.79,85.83,85.75,85.82,5801.336
2026-05-25 08:30:00,85.83,85.94,85.83,85.9,4065.442
2026-05-25 08:35:00,85.91,86.05,85.91,85.93,4184.529
2026-05-25 08:40:00,85.93,85.98,85.85,85.96,7040.932
2026-05-25 08:45:00,85.97,85.98,85.9,85.96,2741.621
2026-05-25 08:50:00,85.96,86.04,85.94,86.03,3568.717
2026-05-25 08:55:00,86.03,86.08,86.01,86.02,2559.575
2026-05-25 09:00:00,86.03,86.1,85.99,85.99,10934.415
2026-05-25 09:05:00,85.99,86.13,85.97,86.13,4392.888
2026-05-25 09:10:00,86.12,86.17,86.03,86.03,3857.755
2026-05-25 09:15:00,86.03,86.04,85.98,86.01,2241.096
2026-05-25 09:20:00,86.01,86.04,85.94,86.02,3146.079
2026-05-25 09:25:00,86.02,86.05,85.98,86.05,3884.712
2026-05-25 09:30:00,86.05,86.22,86.03,86.12,8520.521
2026-05-25 09:35:00,86.12,86.12,85.99,86.02,4704.361
2026-05-25 09:40:00,86.01,86.02,85.96,85.99,4855.387
2026-05-25 09:45:00,85.98,85.99,85.93,85.97,2106.185
2026-05-25 09:50:00,85.97,86.03,85.96,85.97,2409.56
2026-05-25 09:55:00,85.97,85.98,85.93,85.94,3665.838
2026-05-25 10:00:00,85.94,85.97,85.91,85.93,2508.546
2026-05-25 10:05:00,85.93,86.0,85.92,85.99,1364.594
2026-05-25 10:10:00,85.99,86.02,85.97,86.01,2300.744
2026-05-25 10:15:00,86.02,86.11,86.01,86.06,3158.638
2026-05-25 10:20:00,86.07,86.07,85.9,86.01,5555.741
2026-05-25 10:25:00,86.01,86.02,85.92,86.02,4894.27
2026-05-25 10:30:00,86.01,86.02,85.96,86.02,2741.583
2026-05-25 10:35:00,86.02,86.07,85.96,85.97,3769.912
2026-05-25 10:40:00,85.97,86.0,85.95,85.99,3609.987
2026-05-25 10:45:00,86.0,86.06,85.98,86.06,1520.7
2026-05-25 10:50:00,86.05,86.09,86.01,86.09,2523.479
2026-05-25 10:55:00,86.09,86.11,86.05,86.08,4903.502
2026-05-25 11:00:00,86.07,86.07,85.95,86.04,4392.799
2026-05-25 11:05:00,86.03,86.05,85.98,86.05,2196.306
2026-05-25 11:10:00,86.05,86.06,86.0,86.01,3101.026
2026-05-25 11:15:00,86.01,86.01,85.95,85.97,3463.394
2026-05-25 11:20:00,85.97,86.0,85.93,85.96,3743.278
2026-05-25 11:25:00,85.95,85.96,85.9,85.92,2434.929
2026-05-25 11:30:00,85.92,86.07,85.9,86.07,3536.641
2026-05-25 11:35:00,86.07,86.14,86.01,86.1,4120.555
2026-05-25 11:40:00,86.09,86.1,85.96,85.96,3046.842
2026-05-25 11:45:00,85.97,86.03,85.89,85.91,3970.28
2026-05-25 11:50:00,85.92,85.92,85.76,85.79,4207.962
2026-05-25 11:55:00,85.79,85.8,85.7,85.76,6841.329
2026-05-25 12:00:00,85.77,85.78,85.66,85.75,6938.014
2026-05-25 12:05:00,85.74,85.83,85.73,85.82,5319.675
2026-05-25 12:10:00,85.81,85.87,85.8,85.87,6035.186
2026-05-25 12:15:00,85.86,85.92,85.84,85.91,4241.729
2026-05-25 12:20:00,85.92,86.0,85.83,85.99,8577.211
2026-05-25 12:25:00,85.98,86.07,85.96,85.97,4175.473
2026-05-25 12:30:00,85.97,86.02,85.9,85.93,3257.252
2026-05-25 12:35:00,85.93,86.07,85.93,85.96,4932.88
2026-05-25 12:40:00,85.95,85.99,85.93,85.96,4927.206
2026-05-25 12:45:00,85.96,85.99,85.82,85.91,10173.413
2026-05-25 12:50:00,85.9,85.99,85.9,85.98,3015.725
2026-05-25 12:55:00,85.98,86.01,85.87,85.87,8688.425
2026-05-25 13:00:00,85.87,85.98,85.85,85.98,2848.832
2026-05-25 13:05:00,85.97,86.03,85.93,85.97,3610.195
2026-05-25 13:10:00,85.98,85.99,85.85,85.91,3351.237
2026-05-25 13:15:00,85.91,85.94,85.85,85.85,1847.298
2026-05-25 13:20:00,85.86,85.9,85.83,85.9,2337.515
2026-05-25 13:25:00,85.89,85.92,85.84,85.85,3149.25
2026-05-25 13:30:00,85.85,85.89,85.8,85.81,4120.613
2026-05-25 13:35:00,85.81,85.85,85.77,85.85,4168.131
2026-05-25 13:40:00,85.85,85.89,85.82,85.89,3729.898
2026-05-25 13:45:00,85.9,85.99,85.85,85.98,3405.777
2026-05-25 13:50:00,85.98,85.99,85.9,85.96,2958.421
2026-05-25 13:55:00,85.96,86.03,85.96,86.01,3725.2
2026-05-25 14:00:00,86.01,86.12,85.9,86.11,12250.228
2026-05-25 14:05:00,86.12,86.27,86.07,86.15,11479.749
2026-05-25 14:10:00,86.15,86.23,86.11,86.12,5656.801
2026-05-25 14:15:00,86.11,86.25,86.1,86.23,6361.545
2026-05-25 14:20:00,86.22,86.26,86.16,86.25,8928.499
2026-05-25 14:25:00,86.26,86.38,86.26,86.37,9562.989
2026-05-25 14:30:00,86.37,86.38,86.24,86.32,6537.214
2026-05-25 14:35:00,86.31,86.32,86.23,86.23,4801.436
2026-05-25 14:40:00,86.23,86.24,86.16,86.23,3314.086
2026-05-25 14:45:00,86.22,86.45,86.22,86.34,10422.177
2026-05-25 14:50:00,86.34,86.37,86.26,86.3,3985.547
2026-05-25 14:55:00,86.3,86.35,86.26,86.34,2807.544
2026-05-25 15:00:00,86.34,86.38,86.29,86.3,7394.978
2026-05-25 15:05:00,86.31,86.39,86.3,86.32,3776.12
2026-05-25 15:10:00,86.31,86.52,86.25,86.27,19434.85
2026-05-25 15:15:00,86.28,86.32,86.17,86.28,17954.114
2026-05-25 15:20:00,86.28,86.29,86.07,86.16,7370.438
2026-05-25 15:25:00,86.17,86.23,86.1,86.11,3862.705
2026-05-25 15:30:00,86.1,86.22,86.06,86.21,4688.341
2026-05-25 15:35:00,86.2,86.31,86.2,86.29,3522.369
2026-05-25 15:40:00,86.29,86.31,86.24,86.31,3109.415
2026-05-25 15:45:00,86.31,86.31,86.16,86.21,3471.962
2026-05-25 15:50:00,86.22,86.22,86.14,86.19,3083.051
2026-05-25 15:55:00,86.18,86.28,86.17,86.26,1749.553
2026-05-25 16:00:00,86.26,86.28,86.18,86.23,6039.311
2026-05-25 16:05:00,86.23,86.24,86.15,86.16,6618.948
2026-05-25 16:10:00,86.16,86.2,86.07,86.07,3023.626
2026-05-25 16:15:00,86.07,86.13,86.02,86.04,3813.439
2026-05-25 16:20:00,86.04,86.09,86.0,86.05,4958.458
2026-05-25 16:25:00,86.04,86.09,85.99,86.02,10831.574
2026-05-25 16:30:00,86.02,86.09,85.98,86.05,2820.98
2026-05-25 16:35:00,86.05,86.16,86.05,86.12,4794.047
2026-05-25 16:40:00,86.12,86.14,86.05,86.13,4046.948
2026-05-25 16:45:00,86.14,86.35,86.11,86.35,5010.955
2026-05-25 16:50:00,86.34,86.44,86.22,86.25,7641.707
2026-05-25 16:55:00,86.25,86.33,86.21,86.27,10260.995
2026-05-25 17:00:00,86.26,86.35,86.26,86.32,7483.729
2026-05-25 17:05:00,86.33,86.38,86.3,86.34,4368.746
2026-05-25 17:10:00,86.34,86.34,86.26,86.27,3141.416
2026-05-25 17:15:00,86.27,86.27,86.08,86.16,5156.56
2026-05-25 17:20:00,86.16,86.2,86.14,86.18,3849.671
2026-05-25 17:25:00,86.19,86.31,86.18,86.3,3238.601
2026-05-25 17:30:00,86.29,86.32,86.15,86.22,15549.656
2026-05-25 17:35:00,86.23,86.25,86.16,86.18,1915.661
2026-05-25 17:40:00,86.19,86.19,86.12,86.13,1183.109
2026-05-25 17:45:00,86.13,86.13,86.08,86.12,4403.568
2026-05-25 17:50:00,86.12,86.16,86.1,86.13,9274.687
2026-05-25 17:55:00,86.13,86.16,86.06,86.13,10639.424
2026-05-25 18:00:00,86.12,86.23,86.09,86.21,3751.508
2026-05-25 18:05:00,86.21,86.3,86.2,86.27,4181.777
2026-05-25 18:10:00,86.27,86.29,86.22,86.23,2442.089
2026-05-25 18:15:00,86.23,86.27,86.21,86.22,1581.434
2026-05-25 18:20:00,86.22,86.25,86.16,86.17,1783.0
2026-05-25 18:25:00,86.18,86.21,86.16,86.21,1854.705
2026-05-25 18:30:00,86.2,86.21,86.07,86.1,4930.181
2026-05-25 18:35:00,86.1,86.12,86.06,86.1,2734.724
2026-05-25 18:40:00,86.09,86.09,86.0,86.05,2979.983
2026-05-25 18:45:00,86.04,86.08,86.0,86.04,2626.324
2026-05-25 18:50:00,86.03,86.06,85.93,85.93,3677.063
2026-05-25 18:55:00,85.94,85.94,85.88,85.91,3305.881
2026-05-25 19:00:00,85.91,85.91,85.73,85.79,16548.749
2026-05-25 19:05:00,85.79,85.88,85.79,85.81,3606.963
2026-05-25 19:10:00,85.8,85.87,85.78,85.86,4551.645
2026-05-25 19:15:00,85.86,85.87,85.8,85.83,5219.634
2026-05-25 19:20:00,85.84,85.92,85.82,85.9,4586.373
2026-05-25 19:25:00,85.9,85.92,85.89,85.92,3740.873
2026-05-25 19:30:00,85.91,85.92,85.7,85.7,6273.553
2026-05-25 19:35:00,85.7,85.7,85.52,85.54,13253.331
2026-05-25 19:40:00,85.53,85.64,85.53,85.63,6102.81
2026-05-25 19:45:00,85.64,85.67,85.59,85.64,3215.752
2026-05-25 19:50:00,85.63,85.66,85.6,85.6,6630.454
2026-05-25 19:55:00,85.6,85.64,85.59,85.64,4905.796
2026-05-25 20:00:00,85.64,85.76,85.6,85.74,4963.882
2026-05-25 20:05:00,85.73,85.79,85.72,85.79,2518.275
2026-05-25 20:10:00,85.78,85.81,85.77,85.79,3607.582
2026-05-25 20:15:00,85.8,85.87,85.79,85.86,4985.927
2026-05-25 20:20:00,85.86,85.86,85.73,85.74,2473.478
2026-05-25 20:25:00,85.74,85.77,85.62,85.65,4697.63
2026-05-25 20:30:00,85.66,85.72,85.57,85.59,4435.842
2026-05-25 20:35:00,85.58,85.6,85.42,85.47,6790.172
2026-05-25 20:40:00,85.47,85.48,85.3,85.39,9551.552
2026-05-25 20:45:00,85.39,85.45,85.34,85.38,3378.255
2026-05-25 20:50:00,85.39,85.47,85.39,85.46,1357.706
2026-05-25 20:55:00,85.47,85.55,85.37,85.41,5752.84
2026-05-25 21:00:00,85.4,85.53,85.4,85.53,5287.519
2026-05-25 21:05:00,85.52,85.56,85.46,85.48,2236.292
2026-05-25 21:10:00,85.48,85.49,85.36,85.44,4013.036
2026-05-25 21:15:00,85.43,85.44,85.34,85.42,3467.404
2026-05-25 21:20:00,85.42,85.44,85.34,85.36,2361.643
2026-05-25 21:25:00,85.36,85.48,85.35,85.47,2970.356
2026-05-25 21:30:00,85.46,85.47,85.44,85.45,1201.933
2026-05-25 21:35:00,85.45,85.46,85.34,85.38,5465.021
2026-05-25 21:40:00,85.39,85.44,85.31,85.35,4582.758
2026-05-25 21:45:00,85.34,85.41,85.27,85.4,2826.147
2026-05-25 21:50:00,85.4,85.45,85.39,85.41,1495.283
2026-05-25 21:55:00,85.42,85.43,85.36,85.38,1981.233
2026-05-25 22:00:00,85.38,85.42,85.19,85.27,7392.083
2026-05-25 22:05:00,85.26,85.43,85.26,85.38,4064.654
2026-05-25 22:10:00,85.38,85.54,85.35,85.49,4211.034
2026-05-25 22:15:00,85.48,85.53,85.41,85.47,3087.994
2026-05-25 22:20:00,85.46,85.54,85.44,85.51,1008.406
2026-05-25 22:25:00,85.5,85.52,85.24,85.31,5954.952
2026-05-25 22:30:00,85.3,85.3,84.83,84.94,28523.936
2026-05-25 22:35:00,84.94,84.95,84.71,84.84,23378.555
2026-05-25 22:40:00,84.84,84.98,84.77,84.82,7028.54
2026-05-25 22:45:00,84.82,84.92,84.82,84.91,3555.819
2026-05-25 22:50:00,84.92,84.97,84.88,84.94,2617.782
2026-05-25 22:55:00,84.94,84.95,84.8,84.81,6355.725
2026-05-25 23:00:00,84.8,84.91,84.73,84.88,7632.092
2026-05-25 23:05:00,84.88,85.09,84.87,85.05,9221.305
2026-05-25 23:10:00,85.05,85.08,84.98,85.07,2050.214
2026-05-25 23:15:00,85.07,85.15,85.02,85.04,13275.837
2026-05-25 23:20:00,85.04,85.09,85.02,85.06,1942.438
2026-05-25 23:25:00,85.07,85.1,85.03,85.1,3863.77
2026-05-25 23:30:00,85.09,85.21,85.06,85.15,2743.818
2026-05-25 23:35:00,85.14,85.14,85.07,85.1,3015.243
2026-05-25 23:40:00,85.11,85.15,85.05,85.06,1255.28
2026-05-25 23:45:00,85.05,85.08,84.96,85.0,2686.005
2026-05-25 23:50:00,84.99,85.1,84.94,85.1,4148.676
2026-05-25 23:55:00,85.1,85.12,85.05,85.06,1589.267
2026-05-26 00:00:00,85.06,85.09,84.94,84.97,7018.536
2026-05-26 00:05:00,84.97,85.03,84.85,84.91,7263.736
2026-05-26 00:10:00,84.9,84.91,84.84,84.88,2476.331
2026-05-26 00:15:00,84.87,84.9,84.7,84.77,6956.462
2026-05-26 00:20:00,84.78,84.78,84.67,84.72,10638.306
2026-05-26 00:25:00,84.72,84.79,84.66,84.71,4024.646
2026-05-26 00:30:00,84.7,84.82,84.7,84.74,4998.138
2026-05-26 00:35:00,84.73,84.73,84.42,84.48,11604.475
2026-05-26 00:40:00,84.49,84.49,84.25,84.38,20924.574
2026-05-26 00:45:00,84.38,84.45,84.29,84.36,9114.899
2026-05-26 00:50:00,84.35,84.36,83.9,84.2,41931.039
2026-05-26 00:55:00,84.19,84.44,84.19,84.4,5692.849
2026-05-26 01:00:00,84.4,84.41,84.14,84.16,8587.955
2026-05-26 01:05:00,84.16,84.31,84.14,84.19,7536.555
2026-05-26 01:10:00,84.19,84.52,84.17,84.51,10183.976
2026-05-26 01:15:00,84.51,84.57,84.45,84.52,6162.562
2026-05-26 01:20:00,84.52,84.56,84.39,84.43,3542.505
2026-05-26 01:25:00,84.44,84.44,84.2,84.32,5917.525
2026-05-26 01:30:00,84.31,84.31,83.93,84.0,12412.181
2026-05-26 01:35:00,84.01,84.15,83.98,84.08,9922.125
2026-05-26 01:40:00,84.07,84.07,83.85,84.01,12141.907
2026-05-26 01:45:00,84.01,84.11,83.95,84.08,7799.387
2026-05-26 01:50:00,84.07,84.21,84.07,84.18,5757.576
2026-05-26 01:55:00,84.18,84.25,84.11,84.11,6997.143
2026-05-26 02:00:00,84.12,84.19,84.03,84.08,6134.915
2026-05-26 02:05:00,84.07,84.23,84.07,84.18,4433.42
2026-05-26 02:10:00,84.18,84.23,84.11,84.16,3066.157
2026-05-26 02:15:00,84.16,84.23,84.07,84.23,4380.062
2026-05-26 02:20:00,84.23,84.23,84.1,84.16,4637.18
2026-05-26 02:25:00,84.16,84.17,83.99,84.01,4876.097
2026-05-26 02:30:00,84.01,84.07,83.95,84.05,7162.115
2026-05-26 02:35:00,84.05,84.14,84.04,84.09,4432.529
2026-05-26 02:40:00,84.09,84.12,83.99,84.01,3968.591
2026-05-26 02:45:00,84.01,84.09,83.9,84.06,5681.895
2026-05-26 02:50:00,84.06,84.13,84.03,84.05,4234.98
2026-05-26 02:55:00,84.05,84.08,83.97,84.03,2422.017
2026-05-26 03:00:00,84.03,84.03,83.92,83.92,2988.696
2026-05-26 03:05:00,83.92,84.0,83.85,83.88,3569.708
2026-05-26 03:10:00,83.89,83.99,83.86,83.88,7393.077
2026-05-26 03:15:00,83.88,83.98,83.85,83.93,4342.123
2026-05-26 03:20:00,83.93,84.0,83.93,83.96,2292.437
2026-05-26 03:25:00,83.97,84.01,83.85,84.01,5753.035
2026-05-26 03:30:00,84.02,84.17,83.96,84.16,4529.981
2026-05-26 03:35:00,84.17,84.21,84.15,84.15,3974.975
2026-05-26 03:40:00,84.15,84.18,84.12,84.15,1895.143
2026-05-26 03:45:00,84.16,84.19,84.12,84.19,2838.619
2026-05-26 03:50:00,84.18,84.27,84.14,84.25,6211.039
2026-05-26 03:55:00,84.25,84.25,84.2,84.22,1963.356
2026-05-26 04:00:00,84.23,84.3,84.12,84.18,5284.557
2026-05-26 04:05:00,84.17,84.18,84.1,84.11,2169.031
2026-05-26 04:10:00,84.12,84.16,84.08,84.11,4353.462
2026-05-26 04:15:00,84.11,84.14,84.01,84.11,3343.591
2026-05-26 04:20:00,84.1,84.25,84.09,84.22,1906.978
2026-05-26 04:25:00,84.23,84.5,84.22,84.46,13073.649
2026-05-26 04:30:00,84.46,84.52,84.44,84.45,6054.938
2026-05-26 04:35:00,84.45,84.52,84.43,84.43,3246.819
2026-05-26 04:40:00,84.43,84.44,84.36,84.38,4236.671
2026-05-26 04:45:00,84.37,84.43,84.34,84.38,3562.102
2026-05-26 04:50:00,84.38,84.41,84.35,84.4,3230.912
2026-05-26 04:55:00,84.39,84.47,84.37,84.37,2571.735
2026-05-26 05:00:00,84.37,84.45,84.28,84.39,9651.615
2026-05-26 05:05:00,84.39,84.49,84.33,84.41,3843.661
2026-05-26 05:10:00,84.42,84.51,84.42,84.48,4074.522
2026-05-26 05:15:00,84.48,84.58,84.47,84.56,4425.988
2026-05-26 05:20:00,84.55,84.68,84.55,84.64,9666.963
2026-05-26 05:25:00,84.63,84.67,84.62,84.66,13934.587
2026-05-26 05:30:00,84.65,84.74,84.62,84.73,4264.343
2026-05-26 05:35:00,84.74,84.97,84.74,84.85,8627.884
2026-05-26 05:40:00,84.85,84.85,84.72,84.78,3686.985
2026-05-26 05:45:00,84.77,84.77,84.61,84.63,4476.358
2026-05-26 05:50:00,84.63,84.65,84.52,84.57,5460.667
2026-05-26 05:55:00,84.57,84.67,84.57,84.67,3391.225
2026-05-26 06:00:00,84.66,84.66,84.48,84.55,7421.249
2026-05-26 06:05:00,84.56,84.6,84.52,84.59,4435.574
2026-05-26 06:10:00,84.58,84.58,84.5,84.55,3922.208
2026-05-26 06:15:00,84.54,84.61,84.52,84.58,2766.15
2026-05-26 06:20:00,84.58,84.61,84.49,84.57,3804.097
2026-05-26 06:25:00,84.57,84.62,84.4,84.5,10684.868
2026-05-26 06:30:00,84.51,84.59,84.51,84.59,4479.573
2026-05-26 06:35:00,84.59,84.73,84.58,84.73,4414.725
2026-05-26 06:40:00,84.73,84.83,84.72,84.76,5395.518
2026-05-26 06:45:00,84.76,84.77,84.66,84.68,3626.348
2026-05-26 06:50:00,84.68,84.72,84.65,84.68,2045.508
2026-05-26 06:55:00,84.68,84.69,84.57,84.6,3974.283
2026-05-26 07:00:00,84.61,84.63,84.48,84.52,3242.822
2026-05-26 07:05:00,84.51,84.51,84.35,84.35,7907.804
2026-05-26 07:10:00,84.36,84.38,84.21,84.27,7267.267
2026-05-26 07:15:00,84.27,84.27,84.12,84.23,13891.646
2026-05-26 07:20:00,84.22,84.31,84.19,84.3,7030.305
2026-05-26 07:25:00,84.3,84.34,84.25,84.28,3232.457
2026-05-26 07:30:00,84.28,84.33,84.12,84.19,12544.842
2026-05-26 07:35:00,84.19,84.19,84.1,84.17,4794.008
2026-05-26 07:40:00,84.18,84.29,84.17,84.27,5956.563
2026-05-26 07:45:00,84.27,84.41,84.27,84.41,5764.28
2026-05-26 07:50:00,84.41,84.5,84.4,84.49,2463.11
2026-05-26 07:55:00,84.48,84.49,84.28,84.35,6659.05
2026-05-26 08:00:00,84.36,84.43,84.34,84.39,3343.831
2026-05-26 08:05:00,84.39,84.46,84.35,84.46,3340.319
2026-05-26 08:10:00,84.46,84.53,84.43,84.49,2254.819
2026-05-26 08:15:00,84.49,84.51,84.36,84.5,8106.75
2026-05-26 08:20:00,84.49,84.52,84.46,84.46,3778.634
2026-05-26 08:25:00,84.46,84.53,84.43,84.48,7611.496
2026-05-26 08:30:00,84.47,84.49,84.34,84.37,4203.359
2026-05-26 08:35:00,84.37,84.57,84.36,84.57,15159.787
2026-05-26 08:40:00,84.56,84.56,84.5,84.54,2398.782
2026-05-26 08:45:00,84.54,84.55,84.43,84.43,3000.11
2026-05-26 08:50:00,84.44,84.55,84.35,84.53,3444.7
2026-05-26 08:55:00,84.54,84.55,84.44,84.44,2693.047
2026-05-26 09:00:00,84.44,84.49,84.36,84.43,3976.11
2026-05-26 09:05:00,84.43,84.44,84.37,84.4,1899.503
2026-05-26 09:10:00,84.39,84.51,84.39,84.43,2567.807
2026-05-26 09:15:00,84.42,84.64,84.39,84.58,9971.715
2026-05-26 09:20:00,84.58,84.62,84.41,84.46,4323.949
2026-05-26 09:25:00,84.46,84.59,84.45,84.58,4741.623
2026-05-26 09:30:00,84.59,84.72,84.55,84.58,6094.871
2026-05-26 09:35:00,84.58,84.6,84.49,84.49,5861.09
2026-05-26 09:40:00,84.5,84.52,84.43,84.49,3014.54
2026-05-26 09:45:00,84.49,84.54,84.29,84.4,8854.235
2026-05-26 09:50:00,84.41,84.47,84.4,84.46,4570.806
2026-05-26 09:55:00,84.47,84.51,84.46,84.48,2539.713
2026-05-26 10:00:00,84.47,84.49,84.42,84.43,5915.005
2026-05-26 10:05:00,84.43,84.48,84.36,84.48,4508.307
2026-05-26 10:10:00,84.49,84.69,84.48,84.65,7396.676
2026-05-26 10:15:00,84.66,85.03,84.66,85.0,19677.197
2026-05-26 10:20:00,85.01,85.15,84.96,85.07,17302.927
2026-05-26 10:25:00,85.06,85.57,85.03,85.55,28336.657
2026-05-26 10:30:00,85.55,85.7,85.47,85.59,23738.652
2026-05-26 10:35:00,85.6,85.79,85.55,85.65,23620.192
2026-05-26 10:40:00,85.65,85.8,85.64,85.66,15263.47
2026-05-26 10:45:00,85.67,85.72,85.54,85.68,14828.875
2026-05-26 10:50:00,85.68,85.76,85.54,85.58,13933.121
2026-05-26 10:55:00,85.58,85.64,85.55,85.56,9177.487
2026-05-26 11:00:00,85.57,85.64,85.57,85.62,6927.702
2026-05-26 11:05:00,85.63,85.66,85.54,85.55,9828.562
2026-05-26 11:10:00,85.55,85.59,85.43,85.45,8455.582
2026-05-26 11:15:00,85.44,85.59,85.43,85.53,12514.723
2026-05-26 11:20:00,85.54,85.54,85.33,85.38,7027.498
2026-05-26 11:25:00,85.37,85.44,85.36,85.37,4635.214
2026-05-26 11:30:00,85.37,85.52,85.34,85.37,11889.222
2026-05-26 11:35:00,85.38,85.41,85.21,85.33,8893.696
2026-05-26 11:40:00,85.33,85.41,85.32,85.35,5573.375
2026-05-26 11:45:00,85.34,85.4,85.31,85.4,3194.411
2026-05-26 11:50:00,85.39,85.41,85.34,85.35,1981.692
2026-05-26 11:55:00,85.36,85.36,85.21,85.21,10190.72
2026-05-26 12:00:00,85.22,85.33,85.18,85.26,14952.644
2026-05-26 12:05:00,85.26,85.28,84.81,84.86,31722.914
2026-05-26 12:10:00,84.85,85.14,84.83,85.09,18646.011
2026-05-26 12:15:00,85.1,85.18,85.0,85.07,16600.562
2026-05-26 12:20:00,85.07,85.08,84.94,84.98,8145.157
2026-05-26 12:25:00,84.98,85.08,84.95,85.07,6608.985
2026-05-26 12:30:00,85.08,85.09,84.97,85.02,7406.821
2026-05-26 12:35:00,85.02,85.07,84.99,85.05,8444.312
2026-05-26 12:40:00,85.04,85.19,85.03,85.13,14615.641
2026-05-26 12:45:00,85.13,85.26,85.13,85.21,7672.021
2026-05-26 12:50:00,85.22,85.4,85.14,85.37,19126.511
2026-05-26 12:55:00,85.36,85.39,85.3,85.32,6098.095
2026-05-26 13:00:00,85.32,85.37,85.25,85.29,9233.306
2026-05-26 13:05:00,85.29,85.33,85.24,85.27,7347.8
2026-05-26 13:10:00,85.27,85.31,85.25,85.28,4292.214
2026-05-26 13:15:00,85.28,85.29,85.11,85.11,6113.121
2026-05-26 13:20:00,85.11,85.2,85.01,85.12,16526.435
2026-05-26 13:25:00,85.12,85.12,84.94,84.96,8087.613
2026-05-26 13:30:00,84.96,84.97,84.69,84.82,21776.686
2026-05-26 13:35:00,84.82,85.05,84.74,85.01,9404.644
2026-05-26 13:40:00,85.0,85.25,84.98,85.1,19675.326
2026-05-26 13:45:00,85.1,85.66,85.1,85.59,12058.123
2026-05-26 13:50:00,85.59,85.77,85.41,85.45,19965.578
2026-05-26 13:55:00,85.46,85.64,85.42,85.5,11816.783
2026-05-26 14:00:00,85.51,85.6,85.44,85.45,13287.066
2026-05-26 14:05:00,85.45,85.66,85.39,85.59,15092.886
2026-05-26 14:10:00,85.59,85.7,85.59,85.7,8610.793
2026-05-26 14:15:00,85.7,85.87,85.61,85.66,19600.088
2026-05-26 14:20:00,85.67,85.95,85.67,85.87,19533.844
2026-05-26 14:25:00,85.88,86.13,85.88,86.02,25165.339
2026-05-26 14:30:00,86.01,86.08,85.72,85.73,16711.14
2026-05-26 14:35:00,85.73,85.76,84.9,84.96,32314.403
2026-05-26 14:40:00,84.95,85.14,84.77,84.95,26447.991
2026-05-26 14:45:00,84.96,85.18,84.86,85.17,21240.074
2026-05-26 14:50:00,85.17,85.54,85.13,85.35,15382.968
2026-05-26 14:55:00,85.36,85.37,85.23,85.24,7327.314
2026-05-26 15:00:00,85.23,85.36,84.88,85.03,16115.556
2026-05-26 15:05:00,85.04,85.2,85.01,85.09,13875.891
2026-05-26 15:10:00,85.09,85.29,85.06,85.29,4803.498
2026-05-26 15:15:00,85.3,85.34,85.16,85.17,7160.952
2026-05-26 15:20:00,85.18,85.21,84.67,84.91,20305.221
2026-05-26 15:25:00,84.9,85.01,84.84,84.86,7403.172
2026-05-26 15:30:00,84.87,84.91,84.4,84.63,32542.044
2026-05-26 15:35:00,84.62,84.62,84.45,84.56,23930.648
2026-05-26 15:40:00,84.57,84.72,84.5,84.67,7899.424
2026-05-26 15:45:00,84.66,84.66,84.51,84.57,8040.096
2026-05-26 15:50:00,84.57,84.6,84.03,84.14,34482.631
2026-05-26 15:55:00,84.14,84.54,84.09,84.49,18373.738
2026-05-26 16:00:00,84.49,84.57,84.38,84.42,12978.673
2026-05-26 16:05:00,84.43,84.45,84.27,84.38,11095.029
2026-05-26 16:10:00,84.37,84.39,83.95,84.16,21831.12
2026-05-26 16:15:00,84.15,84.42,84.13,84.38,15593.758
2026-05-26 16:20:00,84.39,84.41,84.29,84.37,7816.91
2026-05-26 16:25:00,84.38,84.43,84.22,84.32,15826.267
2026-05-26 16:30:00,84.31,84.41,84.22,84.41,10240.733
2026-05-26 16:35:00,84.41,84.53,84.38,84.42,8531.427
2026-05-26 16:40:00,84.43,84.45,84.26,84.37,7281.86
2026-05-26 16:45:00,84.38,84.48,84.2,84.22,5819.992
2026-05-26 16:50:00,84.23,84.27,84.0,84.21,19933.23
2026-05-26 16:55:00,84.21,84.24,84.17,84.23,6548.999
2026-05-26 17:00:00,84.23,84.39,84.2,84.3,18088.175
2026-05-26 17:05:00,84.29,84.29,84.09,84.23,5922.184
2026-05-26 17:10:00,84.23,84.29,84.15,84.17,3726.401
2026-05-26 17:15:00,84.16,84.17,83.93,83.98,8992.659
2026-05-26 17:20:00,83.98,83.98,83.63,83.72,27998.858
2026-05-26 17:25:00,83.73,83.73,83.41,83.48,39399.312
2026-05-26 17:30:00,83.48,83.48,83.15,83.32,35423.84
2026-05-26 17:35:00,83.32,83.66,83.28,83.59,8613.031
2026-05-26 17:40:00,83.58,83.65,83.38,83.63,18137.286
2026-05-26 17:45:00,83.63,83.85,83.57,83.78,17532.483
2026-05-26 17:50:00,83.78,83.83,83.68,83.73,4566.142
2026-05-26 17:55:00,83.72,83.75,83.53,83.59,21523.808
2026-05-26 18:00:00,83.59,83.72,83.5,83.71,8979.165
2026-05-26 18:05:00,83.72,83.84,83.65,83.77,3682.374
2026-05-26 18:10:00,83.77,83.78,83.66,83.76,3337.131
2026-05-26 18:15:00,83.77,83.96,83.73,83.93,4017.711
2026-05-26 18:20:00,83.93,84.09,83.89,84.05,11373.549
2026-05-26 18:25:00,84.04,84.09,83.84,83.93,12932.415
2026-05-26 18:30:00,83.94,83.97,83.86,83.96,8159.371
2026-05-26 18:35:00,83.97,83.97,83.75,83.87,8867.356
2026-05-26 18:40:00,83.87,83.87,83.49,83.53,7792.211
2026-05-26 18:45:00,83.54,83.76,83.53,83.67,4378.407
2026-05-26 18:50:00,83.67,83.83,83.65,83.77,4404.045
2026-05-26 18:55:00,83.77,83.8,83.52,83.63,5138.336
2026-05-26 19:00:00,83.63,83.7,83.53,83.54,4387.029
2026-05-26 19:05:00,83.53,83.67,83.5,83.62,3898.225
2026-05-26 19:10:00,83.62,83.69,83.45,83.49,5735.511
2026-05-26 19:15:00,83.48,83.56,83.36,83.49,3279.845
2026-05-26 19:20:00,83.49,83.55,83.44,83.48,6608.997
2026-05-26 19:25:00,83.49,83.62,83.48,83.6,6061.952
2026-05-26 19:30:00,83.6,83.75,83.59,83.71,6431.539
2026-05-26 19:35:00,83.7,83.82,83.65,83.81,3825.204
2026-05-26 19:40:00,83.81,83.99,83.77,83.89,13840.527
2026-05-26 19:45:00,83.89,83.94,83.84,83.88,7370.234
2026-05-26 19:50:00,83.89,84.01,83.89,83.95,5366.277
2026-05-26 19:55:00,83.94,84.02,83.7,83.8,7942.54
2026-05-26 20:00:00,83.8,83.94,83.74,83.94,4254.013
2026-05-26 20:05:00,83.94,83.95,83.83,83.88,4263.639
2026-05-26 20:10:00,83.87,83.96,83.83,83.96,4538.073
2026-05-26 20:15:00,83.95,83.98,83.84,83.85,3290.729
2026-05-26 20:20:00,83.85,83.9,83.77,83.8,4941.441
2026-05-26 20:25:00,83.79,83.94,83.77,83.91,4123.497
2026-05-26 20:30:00,83.91,83.94,83.77,83.81,2376.26
2026-05-26 20:35:00,83.81,83.83,83.74,83.79,933.569
2026-05-26 20:40:00,83.79,83.88,83.77,83.87,785.826
2026-05-26 20:45:00,83.88,83.95,83.85,83.91,1035.495
2026-05-26 20:50:00,83.91,83.94,83.86,83.86,1741.675
2026-05-26 20:55:00,83.86,83.95,83.83,83.94,2738.688
2026-05-26 21:00:00,83.94,83.96,83.77,83.8,2269.096
2026-05-26 21:05:00,83.79,83.82,83.74,83.79,2382.006
2026-05-26 21:10:00,83.79,83.79,83.57,83.65,8807.486
2026-05-26 21:15:00,83.66,83.8,83.62,83.78,1814.28
2026-05-26 21:20:00,83.77,83.89,83.76,83.86,1501.109
2026-05-26 21:25:00,83.86,83.94,83.84,83.87,2233.182
2026-05-26 21:30:00,83.87,83.92,83.85,83.86,1413.156
2026-05-26 21:35:00,83.86,83.96,83.85,83.92,2420.692
2026-05-26 21:40:00,83.91,83.97,83.86,83.92,3205.069
2026-05-26 21:45:00,83.92,83.95,83.86,83.87,1033.73
2026-05-26 21:50:00,83.87,83.89,83.7,83.72,7123.114
2026-05-26 21:55:00,83.72,83.77,83.6,83.7,2215.876
2026-05-26 22:00:00,83.7,83.88,83.68,83.7,2334.864
2026-05-26 22:05:00,83.7,83.75,83.58,83.71,2984.077
2026-05-26 22:10:00,83.72,83.73,83.54,83.66,3412.148
2026-05-26 22:15:00,83.65,83.77,83.62,83.71,2537.198
2026-05-26 22:20:00,83.71,83.76,83.68,83.72,1919.562
2026-05-26 22:25:00,83.71,83.76,83.7,83.76,2671.911
2026-05-26 22:30:00,83.75,83.77,83.71,83.77,1326.172
2026-05-26 22:35:00,83.77,83.78,83.67,83.68,1506.765
2026-05-26 22:40:00,83.68,83.7,83.62,83.64,1479.617
2026-05-26 22:45:00,83.64,83.64,83.54,83.58,1980.796
2026-05-26 22:50:00,83.58,83.68,83.56,83.66,2596.524
2026-05-26 22:55:00,83.66,83.66,83.57,83.65,847.315
2026-05-26 23:00:00,83.66,83.85,83.66,83.83,6582.54
2026-05-26 23:05:00,83.83,83.85,83.74,83.82,2547.388
2026-05-26 23:10:00,83.82,83.85,83.77,83.82,8543.165
2026-05-26 23:15:00,83.81,83.83,83.76,83.8,1816.301
2026-05-26 23:20:00,83.79,83.81,83.72,83.73,1957.7
2026-05-26 23:25:00,83.73,83.75,83.63,83.7,4044.732
2026-05-26 23:30:00,83.69,83.73,83.67,83.69,1264.702
2026-05-26 23:35:00,83.69,83.81,83.68,83.76,1724.588
2026-05-26 23:40:00,83.76,83.8,83.76,83.78,1730.109
2026-05-26 23:45:00,83.79,83.82,83.76,83.76,1946.819
2026-05-26 23:50:00,83.77,83.77,83.67,83.7,3032.443
2026-05-26 23:55:00,83.7,83.72,83.67,83.72,1718.493
2026-05-27 00:00:00,83.73,83.95,83.72,83.88,3640.825
2026-05-27 00:05:00,83.88,83.95,83.88,83.93,2151.139
2026-05-27 00:10:00,83.93,83.96,83.83,83.9,2631.549
2026-05-27 00:15:00,83.9,83.91,83.75,83.82,1821.311
2026-05-27 00:20:00,83.82,83.89,83.81,83.86,1729.229
2026-05-27 00:25:00,83.85,83.99,83.85,83.95,10295.57
2026-05-27 00:30:00,83.96,84.18,83.96,84.06,11443.527
2026-05-27 00:35:00,84.06,84.06,83.92,83.92,3528.811
2026-05-27 00:40:00,83.92,84.03,83.89,83.96,2021.645
2026-05-27 00:45:00,83.96,84.1,83.95,83.99,5254.009
2026-05-27 00:50:00,84.0,84.15,83.99,84.11,4410.223
2026-05-27 00:55:00,84.11,84.16,84.09,84.14,2944.703
2026-05-27 01:00:00,84.13,84.19,84.07,84.1,6782.59
2026-05-27 01:05:00,84.1,84.13,84.04,84.11,2824.59
2026-05-27 01:10:00,84.12,84.13,84.04,84.12,2656.122
2026-05-27 01:15:00,84.12,84.13,83.93,83.94,2566.815
2026-05-27 01:20:00,83.93,83.95,83.83,83.87,3956.149
2026-05-27 01:25:00,83.87,83.9,83.8,83.9,3654.23
2026-05-27 01:30:00,83.9,83.95,83.83,83.86,2541.973
2026-05-27 01:35:00,83.86,83.92,83.8,83.92,2063.575
2026-05-27 01:40:00,83.91,84.04,83.91,83.91,2921.22
2026-05-27 01:45:00,83.91,84.06,83.88,84.04,4599.427
2026-05-27 01:50:00,84.03,84.05,83.97,83.97,2445.314
2026-05-27 01:55:00,83.97,84.01,83.81,83.86,2313.583
2026-05-27 02:00:00,83.85,83.9,83.7,83.83,4463.721
2026-05-27 02:05:00,83.83,83.85,83.7,83.7,3148.111
2026-05-27 02:10:00,83.71,83.81,83.69,83.79,2636.382
2026-05-27 02:15:00,83.8,83.84,83.55,83.59,5725.029
2026-05-27 02:20:00,83.6,83.73,83.6,83.71,2120.676
2026-05-27 02:25:00,83.71,83.8,83.68,83.74,2295.603
2026-05-27 02:30:00,83.73,83.81,83.67,83.81,2395.859
2026-05-27 02:35:00,83.81,83.85,83.62,83.63,1630.595
2026-05-27 02:40:00,83.63,83.72,83.63,83.7,2318.156
2026-05-27 02:45:00,83.71,83.81,83.71,83.73,1824.421
2026-05-27 02:50:00,83.73,83.81,83.69,83.78,973.5
2026-05-27 02:55:00,83.79,83.96,83.78,83.96,2474.364
2026-05-27 03:00:00,83.96,84.05,83.87,84.02,2322.295
2026-05-27 03:05:00,84.02,84.07,83.97,83.98,1948.702
2026-05-27 03:10:00,83.98,83.98,83.9,83.91,1403.53
2026-05-27 03:15:00,83.91,83.92,83.82,83.85,4760.283
2026-05-27 03:20:00,83.84,83.9,83.78,83.87,6316.86
2026-05-27 03:25:00,83.87,83.94,83.87,83.89,2409.234
2026-05-27 03:30:00,83.89,83.95,83.79,83.79,8988.096
2026-05-27 03:35:00,83.8,83.8,83.7,83.72,4139.005
2026-05-27 03:40:00,83.72,83.8,83.71,83.72,2243.703
2026-05-27 03:45:00,83.72,83.72,83.53,83.57,8587.41
2026-05-27 03:50:00,83.56,83.64,83.48,83.62,6080.29
2026-05-27 03:55:00,83.62,83.67,83.57,83.63,2796.881
2026-05-27 04:00:00,83.62,83.66,83.56,83.64,2463.622
2026-05-27 04:05:00,83.63,83.68,83.57,83.65,3162.812
2026-05-27 04:10:00,83.65,83.68,83.56,83.56,1892.827
2026-05-27 04:15:00,83.56,83.58,83.32,83.43,5975.422
2026-05-27 04:20:00,83.43,83.46,83.36,83.45,4125.813
2026-05-27 04:25:00,83.45,83.51,83.41,83.41,2043.157
2026-05-27 04:30:00,83.42,83.45,82.86,83.1,63056.062
2026-05-27 04:35:00,83.1,83.26,83.1,83.25,3607.424
2026-05-27 04:40:00,83.25,83.26,83.19,83.22,2015.302
2026-05-27 04:45:00,83.22,83.45,83.21,83.45,3808.461
2026-05-27 04:50:00,83.45,83.65,83.43,83.62,4043.888
2026-05-27 04:55:00,83.61,83.68,83.58,83.64,2753.561
2026-05-27 05:00:00,83.64,83.73,83.63,83.69,3989.333
2026-05-27 05:05:00,83.7,83.74,83.65,83.74,2913.928
2026-05-27 05:10:00,83.73,83.73,83.64,83.69,2330.861
2026-05-27 05:15:00,83.69,83.71,83.65,83.65,1068.543
2026-05-27 05:20:00,83.66,83.78,83.57,83.75,3292.358
2026-05-27 05:25:00,83.75,83.84,83.73,83.78,1893.984
2026-05-27 05:30:00,83.77,83.81,83.67,83.68,2520.999
2026-05-27 05:35:00,83.68,83.85,83.67,83.75,3072.639
2026-05-27 05:40:00,83.76,83.76,83.65,83.7,1901.258
2026-05-27 05:45:00,83.71,83.77,83.66,83.76,2292.405
2026-05-27 05:50:00,83.77,83.86,83.76,83.86,2861.7
2026-05-27 05:55:00,83.85,83.93,83.85,83.89,8989.142
2026-05-27 06:00:00,83.89,83.94,83.8,83.89,4057.72
2026-05-27 06:05:00,83.9,83.97,83.87,83.95,2962.076
2026-05-27 06:10:00,83.94,83.95,83.81,83.85,2447.881
2026-05-27 06:15:00,83.85,83.85,83.76,83.8,2072.811
2026-05-27 06:20:00,83.81,83.84,83.74,83.82,1600.483
2026-05-27 06:25:00,83.82,83.9,83.81,83.88,2398.858
2026-05-27 06:30:00,83.87,84.01,83.84,83.89,10899.183
2026-05-27 06:35:00,83.89,83.95,83.86,83.91,2953.713
2026-05-27 06:40:00,83.9,84.04,83.9,84.04,4277.384
2026-05-27 06:45:00,84.03,84.07,83.98,84.01,6997.318
2026-05-27 06:50:00,84.0,84.05,83.98,84.02,2608.06
2026-05-27 06:55:00,84.02,84.06,83.95,84.06,1600.291
2026-05-27 07:00:00,84.06,84.11,84.02,84.02,6556.297
2026-05-27 07:05:00,84.03,84.08,83.95,83.95,4613.258
2026-05-27 07:10:00,83.95,83.96,83.89,83.95,2571.753
2026-05-27 07:15:00,83.95,84.0,83.9,83.99,1828.038
2026-05-27 07:20:00,84.0,84.05,83.94,84.03,4525.974
2026-05-27 07:25:00,84.03,84.08,84.01,84.06,5380.98
2026-05-27 07:30:00,84.07,84.11,83.99,84.1,4700.06
2026-05-27 07:35:00,84.1,84.16,84.03,84.05,3555.199
2026-05-27 07:40:00,84.06,84.06,84.0,84.01,2031.288
2026-05-27 07:45:00,84.01,84.09,84.01,84.06,2483.017
2026-05-27 07:50:00,84.05,84.11,84.0,84.08,3728.7
2026-05-27 07:55:00,84.09,84.21,84.08,84.21,4845.236
2026-05-27 08:00:00,84.2,84.27,84.19,84.24,4253.858
2026-05-27 08:05:00,84.23,84.33,84.14,84.15,6161.237
2026-05-27 08:10:00,84.15,84.19,84.08,84.14,2575.668
2026-05-27 08:15:00,84.14,84.16,84.07,84.15,2089.392
2026-05-27 08:20:00,84.14,84.29,84.12,84.19,5366.242
2026-05-27 08:25:00,84.2,84.42,84.2,84.31,18671.437
2026-05-27 08:30:00,84.31,84.34,84.23,84.25,6438.259
2026-05-27 08:35:00,84.26,84.31,84.23,84.29,8165.923
2026-05-27 08:40:00,84.29,84.29,84.15,84.19,7705.336
2026-05-27 08:45:00,84.19,84.21,84.09,84.1,4423.068
2026-05-27 08:50:00,84.11,84.12,83.89,83.95,8217.033
2026-05-27 08:55:00,83.95,83.98,83.89,83.93,3591.795
2026-05-27 09:00:00,83.93,83.96,83.68,83.79,4058.462
2026-05-27 09:05:00,83.79,83.83,83.74,83.8,2320.189
2026-05-27 09:10:00,83.81,83.82,83.75,83.79,3409.231
2026-05-27 09:15:00,83.8,83.8,83.69,83.71,7959.611
2026-05-27 09:20:00,83.71,83.79,83.71,83.76,20284.952
2026-05-27 09:25:00,83.76,83.78,83.6,83.67,10394.581
2026-05-27 09:30:00,83.67,83.77,83.63,83.74,2821.466
2026-05-27 09:35:00,83.75,83.94,83.74,83.91,7975.005
2026-05-27 09:40:00,83.92,83.92,83.8,83.8,1399.936
2026-05-27 09:45:00,83.8,83.84,83.77,83.79,1529.863
2026-05-27 09:50:00,83.8,83.86,83.69,83.76,6421.528
2026-05-27 09:55:00,83.75,83.79,83.71,83.78,1536.113
2026-05-27 10:00:00,83.78,83.79,83.67,83.71,3507.775
2026-05-27 10:05:00,83.71,83.8,83.7,83.78,1055.206
2026-05-27 10:10:00,83.78,83.91,83.77,83.91,1914.265
2026-05-27 10:15:00,83.91,84.01,83.87,83.97,3337.528
2026-05-27 10:20:00,83.97,84.01,83.95,83.98,4378.998
2026-05-27 10:25:00,83.98,84.09,83.96,84.02,6969.734
2026-05-27 10:30:00,84.02,84.06,83.82,83.82,6552.647
2026-05-27 10:35:00,83.82,83.9,83.8,83.81,2164.326
2026-05-27 10:40:00,83.8,83.88,83.79,83.88,2633.09
2026-05-27 10:45:00,83.88,83.97,83.85,83.91,2310.007
2026-05-27 10:50:00,83.92,83.96,83.89,83.94,2518.981
2026-05-27 10:55:00,83.94,84.0,83.94,83.95,3446.422
2026-05-27 11:00:00,83.95,84.16,83.92,84.08,8616.543
2026-05-27 11:05:00,84.08,84.12,84.04,84.07,4613.618
2026-05-27 11:10:00,84.06,84.12,84.05,84.09,3743.538
2026-05-27 11:15:00,84.1,84.23,84.07,84.09,11416.278
2026-05-27 11:20:00,84.1,84.2,84.1,84.18,4823.544
2026-05-27 11:25:00,84.18,84.19,84.09,84.09,4318.518
2026-05-27 11:30:00,84.1,84.1,83.91,84.04,4321.25
2026-05-27 11:35:00,84.04,84.19,84.02,84.12,5400.756
2026-05-27 11:40:00,84.12,84.13,84.05,84.09,4882.199
2026-05-27 11:45:00,84.08,84.09,84.01,84.05,3519.122
2026-05-27 11:50:00,84.05,84.07,84.0,84.0,4683.223
2026-05-27 11:55:00,83.99,84.05,83.91,83.94,3769.424
2026-05-27 12:00:00,83.95,83.95,83.71,83.79,5773.797
2026-05-27 12:05:00,83.8,83.83,83.57,83.73,5941.748
2026-05-27 12:10:00,83.72,83.72,83.56,83.71,4604.262
2026-05-27 12:15:00,83.7,84.03,83.55,83.99,8280.472
2026-05-27 12:20:00,83.98,84.68,83.95,84.26,45754.461
2026-05-27 12:25:00,84.26,84.39,84.2,84.35,17122.53
2026-05-27 12:30:00,84.35,84.45,84.09,84.11,11440.734
2026-05-27 12:35:00,84.11,84.44,84.1,84.4,13800.335
2026-05-27 12:40:00,84.4,84.41,84.25,84.33,2968.899
2026-05-27 12:45:00,84.33,84.33,84.05,84.16,5316.218
2026-05-27 12:50:00,84.16,84.18,84.03,84.1,5209.23
2026-05-27 12:55:00,84.09,84.09,83.93,83.95,7927.292
2026-05-27 13:00:00,83.94,84.06,83.85,83.85,5541.072
2026-05-27 13:05:00,83.85,83.91,83.71,83.75,15080.126
2026-05-27 13:10:00,83.75,83.8,83.62,83.73,6722.193
2026-05-27 13:15:00,83.73,83.83,83.67,83.8,10445.451
2026-05-27 13:20:00,83.81,83.82,83.64,83.78,2205.524
2026-05-27 13:25:00,83.79,83.79,83.51,83.6,6648.165
2026-05-27 13:30:00,83.59,83.7,83.39,83.61,10025.018
2026-05-27 13:35:00,83.61,83.63,83.13,83.27,10341.241
2026-05-27 13:40:00,83.26,83.29,83.0,83.08,13894.846
2026-05-27 13:45:00,83.07,83.3,82.98,83.21,25414.17
2026-05-27 13:50:00,83.21,83.53,83.13,83.4,15694.199
2026-05-27 13:55:00,83.39,83.65,83.35,83.63,17098.848
2026-05-27 14:00:00,83.64,84.12,83.64,84.01,34002.437
2026-05-27 14:05:00,84.01,84.01,83.72,83.85,10603.87
2026-05-27 14:10:00,83.85,83.87,83.74,83.76,13752.133
2026-05-27 14:15:00,83.76,83.95,83.74,83.91,5904.684
2026-05-27 14:20:00,83.9,83.91,83.36,83.36,16472.784
2026-05-27 14:25:00,83.36,83.51,83.22,83.42,4772.35
2026-05-27 14:30:00,83.42,83.7,83.36,83.62,14309.595
2026-05-27 14:35:00,83.62,83.73,83.5,83.65,7337.72
2026-05-27 14:40:00,83.65,83.71,83.41,83.56,6657.096
2026-05-27 14:45:00,83.56,83.79,83.56,83.63,4781.026
2026-05-27 14:50:00,83.64,83.92,83.64,83.89,16893.783
2026-05-27 14:55:00,83.89,83.95,83.83,83.91,9141.219
2026-05-27 15:00:00,83.91,84.11,83.88,83.98,18899.154
2026-05-27 15:05:00,83.98,84.17,83.95,84.14,10080.664
2026-05-27 15:10:00,84.13,84.32,84.12,84.3,29382.512
2026-05-27 15:15:00,84.29,84.52,84.26,84.4,18252.57
2026-05-27 15:20:00,84.39,84.64,84.35,84.52,20515.545
2026-05-27 15:25:00,84.52,84.52,84.41,84.48,10101.647
2026-05-27 15:30:00,84.48,84.84,84.48,84.59,39152.463
2026-05-27 15:35:00,84.59,84.79,84.59,84.68,23514.165
2026-05-27 15:40:00,84.68,84.74,84.37,84.41,12960.921
2026-05-27 15:45:00,84.42,84.5,84.4,84.44,16282.594
2026-05-27 15:50:00,84.44,84.52,84.23,84.29,11832.356
2026-05-27 15:55:00,84.28,84.45,84.21,84.44,7444.798
2026-05-27 16:00:00,84.44,84.75,84.44,84.48,20100.931
2026-05-27 16:05:00,84.49,84.54,84.39,84.51,8123.419
2026-05-27 16:10:00,84.51,84.66,84.47,84.48,6661.295
2026-05-27 16:15:00,84.48,84.48,84.1,84.16,10345.172
2026-05-27 16:20:00,84.15,84.21,84.04,84.16,10073.305
2026-05-27 16:25:00,84.16,84.24,84.14,84.15,3403.889
2026-05-27 16:30:00,84.15,84.25,84.05,84.07,6162.602
2026-05-27 16:35:00,84.07,84.08,83.87,83.97,9933.818
2026-05-27 16:40:00,83.97,84.15,83.94,84.1,6071.559
2026-05-27 16:45:00,84.1,84.14,84.05,84.12,10957.111
2026-05-27 16:50:00,84.12,84.29,84.11,84.15,12317.95
2026-05-27 16:55:00,84.16,84.24,84.14,84.18,4385.403
2026-05-27 17:00:00,84.18,84.2,83.91,84.16,17336.332
2026-05-27 17:05:00,84.15,84.19,83.68,83.71,8615.024
2026-05-27 17:10:00,83.71,83.77,83.33,83.37,17684.985
2026-05-27 17:15:00,83.38,83.49,83.17,83.44,21775.013
2026-05-27 17:20:00,83.45,83.71,83.42,83.62,7641.238
2026-05-27 17:25:00,83.63,83.79,83.48,83.74,17581.282
2026-05-27 17:30:00,83.74,83.74,83.54,83.66,8344.083
2026-05-27 17:35:00,83.66,83.75,83.59,83.66,8999.089
2026-05-27 17:40:00,83.66,83.68,83.35,83.45,8252.186
2026-05-27 17:45:00,83.45,83.56,83.38,83.55,8852.434
2026-05-27 17:50:00,83.55,83.56,83.47,83.49,6245.774
2026-05-27 17:55:00,83.49,83.5,83.16,83.41,17570.175
2026-05-27 18:00:00,83.4,83.51,83.29,83.38,10404.893
2026-05-27 18:05:00,83.38,83.51,83.29,83.35,7033.44
2026-05-27 18:10:00,83.35,83.47,83.2,83.36,10360.314
2026-05-27 18:15:00,83.36,83.55,83.29,83.5,7784.888
2026-05-27 18:20:00,83.5,83.55,83.41,83.5,5340.345
2026-05-27 18:25:00,83.51,83.57,83.44,83.53,1636.972
2026-05-27 18:30:00,83.53,83.57,83.45,83.49,2031.015
2026-05-27 18:35:00,83.5,83.57,83.43,83.56,1706.548
2026-05-27 18:40:00,83.57,83.77,83.57,83.68,3472.088
2026-05-27 18:45:00,83.69,83.76,83.68,83.68,1745.206
2026-05-27 18:50:00,83.67,83.83,83.67,83.79,2685.057
2026-05-27 18:55:00,83.79,83.99,83.79,83.94,6666.854
2026-05-27 19:00:00,83.94,84.07,83.89,84.04,7755.951
2026-05-27 19:05:00,84.03,84.06,83.97,84.03,4838.5
2026-05-27 19:10:00,84.04,84.14,83.96,84.14,2872.242
2026-05-27 19:15:00,84.14,84.14,83.96,83.98,11260.859
2026-05-27 19:20:00,83.97,84.08,83.93,84.07,5459.909
2026-05-27 19:25:00,84.07,84.09,83.95,83.95,3066.899
2026-05-27 19:30:00,83.96,84.12,83.94,84.03,3878.255
2026-05-27 19:35:00,84.03,84.06,83.96,84.01,6947.083
2026-05-27 19:40:00,84.01,84.06,83.9,83.95,2913.824
2026-05-27 19:45:00,83.96,84.04,83.9,83.91,7563.826
2026-05-27 19:50:00,83.9,83.96,83.87,83.94,3405.078
2026-05-27 19:55:00,83.95,83.95,83.9,83.91,2351.222
2026-05-27 20:00:00,83.92,84.04,83.87,83.92,9182.376
2026-05-27 20:05:00,83.92,84.05,83.87,84.04,9485.147
2026-05-27 20:10:00,84.04,84.06,83.97,84.0,4701.138
2026-05-27 20:15:00,84.0,84.1,83.97,84.08,4691.313
2026-05-27 20:20:00,84.09,84.14,83.93,83.93,8807.709
2026-05-27 20:25:00,83.94,83.98,83.85,83.88,1241.82
2026-05-27 20:30:00,83.88,83.93,83.76,83.79,5669.386
2026-05-27 20:35:00,83.78,83.85,83.78,83.81,1079.174
2026-05-27 20:40:00,83.8,83.86,83.78,83.83,3114.19
2026-05-27 20:45:00,83.83,83.88,83.81,83.88,1097.182
2026-05-27 20:50:00,83.88,83.89,83.8,83.82,2418.593
2026-05-27 20:55:00,83.81,83.86,83.81,83.82,1890.009
2026-05-27 21:00:00,83.82,83.82,83.69,83.69,3739.633
2026-05-27 21:05:00,83.7,83.8,83.66,83.66,2596.442
2026-05-27 21:10:00,83.66,83.73,83.61,83.65,2913.024
2026-05-27 21:15:00,83.65,83.67,83.62,83.64,633.927
2026-05-27 21:20:00,83.64,83.65,83.61,83.63,1004.417
2026-05-27 21:25:00,83.63,83.64,83.45,83.45,2074.18
2026-05-27 21:30:00,83.45,83.45,83.22,83.25,58553.705
2026-05-27 21:35:00,83.25,83.35,83.21,83.23,19747.164
2026-05-27 21:40:00,83.22,83.22,82.42,82.74,62994.858
2026-05-27 21:45:00,82.75,82.76,82.18,82.41,24737.542
2026-05-27 21:50:00,82.41,82.42,82.1,82.15,13912.387
2026-05-27 21:55:00,82.15,82.51,82.12,82.49,13191.307
2026-05-27 22:00:00,82.49,82.91,82.24,82.86,16307.041
2026-05-27 22:05:00,82.86,83.03,82.73,82.77,13262.49
2026-05-27 22:10:00,82.78,82.78,82.37,82.61,18193.627
2026-05-27 22:15:00,82.61,82.63,82.22,82.53,20501.374
2026-05-27 22:20:00,82.53,82.7,82.52,82.59,6595.357
2026-05-27 22:25:00,82.59,82.75,82.57,82.69,11292.732
2026-05-27 22:30:00,82.7,82.72,82.53,82.66,5197.222
2026-05-27 22:35:00,82.65,82.75,82.64,82.74,3772.179
2026-05-27 22:40:00,82.75,82.82,82.68,82.69,8015.302
2026-05-27 22:45:00,82.69,82.73,82.55,82.56,3664.743
2026-05-27 22:50:00,82.56,82.66,82.55,82.63,3754.342
2026-05-27 22:55:00,82.63,82.69,82.44,82.47,5226.163
2026-05-27 23:00:00,82.46,82.57,82.36,82.54,5649.397
2026-05-27 23:05:00,82.54,82.6,82.44,82.59,6767.284
2026-05-27 23:10:00,82.58,82.6,82.52,82.58,2267.734
2026-05-27 23:15:00,82.58,82.7,82.56,82.65,9119.902
2026-05-27 23:20:00,82.66,82.68,82.34,82.36,12575.479
2026-05-27 23:25:00,82.36,82.36,82.22,82.31,6663.216
2026-05-27 23:30:00,82.3,82.49,82.28,82.33,4898.658
2026-05-27 23:35:00,82.33,82.33,82.2,82.33,5481.643
2026-05-27 23:40:00,82.33,82.37,82.24,82.35,3685.481
2026-05-27 23:45:00,82.36,82.55,82.31,82.5,4156.355
2026-05-27 23:50:00,82.49,82.52,82.3,82.48,6699.835
2026-05-27 23:55:00,82.49,82.53,82.43,82.44,3678.839
2026-05-28 00:00:00,82.43,82.59,82.4,82.54,10377.648
2026-05-28 00:05:00,82.55,82.61,82.42,82.55,4582.21
2026-05-28 00:10:00,82.55,82.57,82.36,82.41,5100.749
2026-05-28 00:15:00,82.42,82.67,82.42,82.58,3276.03
2026-05-28 00:20:00,82.57,82.65,82.5,82.51,5340.741
2026-05-28 00:25:00,82.52,82.56,82.39,82.56,3836.658
2026-05-28 00:30:00,82.57,82.65,82.56,82.63,5452.961
2026-05-28 00:35:00,82.63,82.66,82.57,82.58,4697.154
2026-05-28 00:40:00,82.58,82.67,82.58,82.67,4518.509
2026-05-28 00:45:00,82.67,82.74,82.64,82.69,6968.669
2026-05-28 00:50:00,82.68,82.71,82.54,82.68,3182.438
2026-05-28 00:55:00,82.67,82.72,82.56,82.71,4254.654
2026-05-28 01:00:00,82.72,82.76,82.67,82.68,4560.097
2026-05-28 01:05:00,82.67,82.71,82.57,82.63,8501.378
2026-05-28 01:10:00,82.63,82.68,82.49,82.62,5228.932
2026-05-28 01:15:00,82.62,82.62,82.21,82.44,21675.585
2026-05-28 01:20:00,82.44,82.63,82.3,82.47,7518.757
2026-05-28 01:25:00,82.47,82.48,81.93,82.16,37675.239
2026-05-28 01:30:00,82.16,82.34,82.11,82.25,10232.99
2026-05-28 01:35:00,82.25,82.43,82.19,82.32,16130.464
2026-05-28 01:40:00,82.33,82.34,82.12,82.32,11147.745
2026-05-28 01:45:00,82.31,82.48,82.29,82.37,10087.744
2026-05-28 01:50:00,82.37,82.38,82.1,82.22,12271.532
2026-05-28 01:55:00,82.22,82.29,82.12,82.27,7639.188
2026-05-28 02:00:00,82.28,82.4,82.12,82.2,6385.903
2026-05-28 02:05:00,82.19,82.44,82.16,82.36,8662.344
2026-05-28 02:10:00,82.36,82.4,82.29,82.36,3268.528
2026-05-28 02:15:00,82.37,82.43,82.22,82.25,3975.949
2026-05-28 02:20:00,82.24,82.28,82.03,82.16,7855.723
2026-05-28 02:25:00,82.16,82.21,82.1,82.19,3365.573
2026-05-28 02:30:00,82.19,82.26,82.06,82.16,6545.961
2026-05-28 02:35:00,82.16,82.23,82.0,82.22,7188.473
2026-05-28 02:40:00,82.23,82.25,82.1,82.11,5087.479
2026-05-28 02:45:00,82.11,82.22,82.05,82.22,11503.556
2026-05-28 02:50:00,82.22,82.22,82.07,82.17,10999.276
2026-05-28 02:55:00,82.17,82.24,82.09,82.1,3751.182
2026-05-28 03:00:00,82.11,82.16,82.01,82.1,5879.761
2026-05-28 03:05:00,82.1,82.25,82.02,82.05,5080.379
2026-05-28 03:10:00,82.05,82.05,81.8,81.96,13117.477
2026-05-28 03:15:00,81.97,82.0,80.72,81.08,119171.244
2026-05-28 03:20:00,81.09,81.68,81.07,81.68,33255.074
2026-05-28 03:25:00,81.69,81.7,81.37,81.39,13550.035
2026-05-28 03:30:00,81.38,81.44,81.25,81.27,10412.893
2026-05-28 03:35:00,81.26,81.26,81.04,81.13,28266.248
2026-05-28 03:40:00,81.14,81.22,81.0,81.01,15077.25
2026-05-28 03:45:00,81.02,81.22,80.98,81.03,9768.623
2026-05-28 03:50:00,81.03,81.05,80.66,80.74,28993.791
2026-05-28 03:55:00,80.73,80.8,80.5,80.7,23537.104
2026-05-28 04:00:00,80.7,80.78,80.01,80.54,86365.759
2026-05-28 04:05:00,80.54,80.83,80.42,80.82,11698.723
2026-05-28 04:10:00,80.83,80.91,80.54,80.56,12425.886
2026-05-28 04:15:00,80.56,80.65,80.32,80.32,15224.495
2026-05-28 04:20:00,80.32,80.38,80.0,80.16,35437.976
2026-05-28 04:25:00,80.16,80.37,80.09,80.34,10150.966
2026-05-28 04:30:00,80.33,80.62,80.28,80.61,6618.412
2026-05-28 04:35:00,80.6,80.82,80.58,80.77,7937.832
2026-05-28 04:40:00,80.78,80.9,80.77,80.87,10734.978
2026-05-28 04:45:00,80.86,80.89,80.75,80.83,8885.087
2026-05-28 04:50:00,80.82,80.89,80.77,80.84,5713.735
2026-05-28 04:55:00,80.84,80.98,80.84,80.9,10915.708
2026-05-28 05:00:00,80.9,81.0,80.86,80.89,11216.25
2026-05-28 05:05:00,80.89,80.9,80.74,80.79,4802.359
2026-05-28 05:10:00,80.8,80.81,80.71,80.75,5115.565
2026-05-28 05:15:00,80.75,80.77,80.46,80.56,8646.901
2026-05-28 05:20:00,80.57,80.6,80.42,80.57,19467.411
2026-05-28 05:25:00,80.57,80.62,80.5,80.51,9453.953
2026-05-28 05:30:00,80.51,80.82,80.51,80.79,9467.775
2026-05-28 05:35:00,80.78,80.89,80.73,80.88,3449.787
2026-05-28 05:40:00,80.87,80.91,80.81,80.84,2241.168
2026-05-28 05:45:00,80.84,80.89,80.63,80.74,10490.183
2026-05-28 05:50:00,80.73,80.8,80.72,80.79,2203.553
2026-05-28 05:55:00,80.79,80.8,80.64,80.7,5439.0
2026-05-28 06:00:00,80.7,80.8,80.66,80.78,3101.16
2026-05-28 06:05:00,80.77,80.88,80.76,80.82,11051.493
2026-05-28 06:10:00,80.82,80.9,80.8,80.85,6862.797
2026-05-28 06:15:00,80.84,80.9,80.8,80.86,5891.53
2026-05-28 06:20:00,80.86,80.91,80.7,80.75,3304.48
2026-05-28 06:25:00,80.75,80.78,80.65,80.77,6925.494
2026-05-28 06:30:00,80.77,80.79,80.6,80.66,2847.096
2026-05-28 06:35:00,80.66,80.66,80.53,80.63,4388.795
2026-05-28 06:40:00,80.62,80.7,80.56,80.69,2520.689
2026-05-28 06:45:00,80.69,81.12,80.69,80.97,15728.808
2026-05-28 06:50:00,80.97,81.01,80.88,80.95,13998.715
2026-05-28 06:55:00,80.95,81.03,80.92,80.97,4226.095
2026-05-28 07:00:00,80.97,81.03,80.89,80.94,8196.96
2026-05-28 07:05:00,80.94,81.03,80.86,81.02,4546.365
2026-05-28 07:10:00,81.02,81.02,80.9,80.99,11542.956
2026-05-28 07:15:00,80.99,81.17,80.99,81.01,13485.925
2026-05-28 07:20:00,81.0,81.18,81.0,81.14,15125.295
2026-05-28 07:25:00,81.14,81.16,81.04,81.05,5104.552
2026-05-28 07:30:00,81.05,81.22,81.05,81.21,6016.538
2026-05-28 07:35:00,81.22,81.3,81.19,81.19,6356.67
2026-05-28 07:40:00,81.2,81.28,81.17,81.27,4853.013
2026-05-28 07:45:00,81.27,81.27,81.16,81.17,6544.076
2026-05-28 07:50:00,81.18,81.18,81.08,81.12,3754.508
2026-05-28 07:55:00,81.12,81.27,81.11,81.26,11814.109
2026-05-28 08:00:00,81.26,81.3,81.05,81.11,6267.343
2026-05-28 08:05:00,81.11,81.27,81.1,81.17,3512.312
2026-05-28 08:10:00,81.17,81.22,81.09,81.22,5013.666
2026-05-28 08:15:00,81.22,81.22,81.08,81.12,3132.81
2026-05-28 08:20:00,81.12,81.12,80.96,81.02,8524.408
2026-05-28 08:25:00,81.02,81.03,80.87,80.94,4271.36
2026-05-28 08:30:00,80.94,81.0,80.83,80.98,3689.53
2026-05-28 08:35:00,80.98,81.1,80.96,81.08,3355.988
2026-05-28 08:40:00,81.07,81.07,80.98,81.0,3458.735
2026-05-28 08:45:00,81.01,81.11,80.99,81.04,4858.833
2026-05-28 08:50:00,81.04,81.05,80.99,81.05,2282.563
2026-05-28 08:55:00,81.04,81.05,80.98,80.99,2576.547
2026-05-28 09:00:00,80.99,81.1,80.98,81.03,4185.907
2026-05-28 09:05:00,81.03,81.07,80.91,80.92,6694.205
2026-05-28 09:10:00,80.92,81.01,80.83,81.01,5223.769
2026-05-28 09:15:00,81.0,81.11,80.95,81.11,2423.789
2026-05-28 09:20:00,81.1,81.16,81.06,81.15,2760.24
2026-05-28 09:25:00,81.15,81.2,81.14,81.17,3469.511
2026-05-28 09:30:00,81.17,81.18,81.1,81.17,2922.21
2026-05-28 09:35:00,81.17,81.26,81.06,81.1,7424.62
2026-05-28 09:40:00,81.1,81.21,81.1,81.2,9115.664
2026-05-28 09:45:00,81.2,81.31,81.19,81.29,7790.191
2026-05-28 09:50:00,81.3,81.32,81.27,81.28,20763.319
2026-05-28 09:55:00,81.28,81.3,81.18,81.22,11226.128
2026-05-28 10:00:00,81.23,81.29,81.18,81.22,6275.98
2026-05-28 10:05:00,81.22,81.26,81.17,81.21,9858.329
2026-05-28 10:10:00,81.21,81.32,81.19,81.23,5366.882
2026-05-28 10:15:00,81.22,81.27,81.07,81.11,5634.581
2026-05-28 10:20:00,81.11,81.14,80.93,80.95,5566.821
2026-05-28 10:25:00,80.95,81.04,80.91,81.04,3417.084
2026-05-28 10:30:00,81.04,81.05,80.95,81.03,4813.168
2026-05-28 10:35:00,81.04,81.11,81.01,81.06,1632.785
2026-05-28 10:40:00,81.07,81.09,81.02,81.04,2644.261
2026-05-28 10:45:00,81.04,81.1,80.98,80.99,3450.629
2026-05-28 10:50:00,80.98,80.99,80.73,80.9,12215.93
2026-05-28 10:55:00,80.9,80.9,80.72,80.75,3140.324
2026-05-28 11:00:00,80.75,80.88,80.69,80.74,7935.574
2026-05-28 11:05:00,80.73,80.76,80.6,80.72,2766.393
2026-05-28 11:10:00,80.72,80.84,80.72,80.84,5323.667
2026-05-28 11:15:00,80.84,80.89,80.76,80.85,4058.715
2026-05-28 11:20:00,80.85,80.85,80.76,80.82,2341.222
2026-05-28 11:25:00,80.82,80.83,80.68,80.76,3944.426
2026-05-28 11:30:00,80.75,80.77,80.65,80.74,4151.27
2026-05-28 11:35:00,80.73,80.79,80.7,80.78,1332.369
2026-05-28 11:40:00,80.78,80.84,80.73,80.84,1892.705
2026-05-28 11:45:00,80.84,80.84,80.77,80.81,1287.463
2026-05-28 11:50:00,80.81,80.93,80.74,80.93,3581.903
2026-05-28 11:55:00,80.93,80.93,80.86,80.88,1734.52
2026-05-28 12:00:00,80.88,80.97,80.81,80.87,3432.403
2026-05-28 12:05:00,80.87,80.9,80.81,80.88,1362.166
2026-05-28 12:10:00,80.88,80.91,80.8,80.82,3407.085
2026-05-28 12:15:00,80.82,80.87,80.67,80.72,10103.83
2026-05-28 12:20:00,80.73,80.75,80.59,80.59,4291.405
2026-05-28 12:25:00,80.6,80.81,80.59,80.75,2555.568
2026-05-28 12:30:00,80.75,80.99,80.73,80.92,5619.826
2026-05-28 12:35:00,80.92,81.09,80.85,81.09,6071.077
2026-05-28 12:40:00,81.1,81.17,81.09,81.1,3606.475
2026-05-28 12:45:00,81.1,81.25,81.09,81.23,4925.784
2026-05-28 12:50:00,81.23,81.25,81.1,81.13,7242.676
2026-05-28 12:55:00,81.13,81.15,81.09,81.13,1958.228
2026-05-28 13:00:00,81.14,81.36,81.13,81.23,9672.149
2026-05-28 13:05:00,81.23,81.24,80.87,80.9,5207.235
2026-05-28 13:10:00,80.9,80.98,80.89,80.95,4586.008
2026-05-28 13:15:00,80.94,81.01,80.87,80.96,2845.833
2026-05-28 13:20:00,80.95,80.98,80.86,80.93,2005.407
2026-05-28 13:25:00,80.92,81.05,80.73,81.05,10993.573
2026-05-28 13:30:00,81.05,81.06,80.76,80.79,7963.499
2026-05-28 13:35:00,80.78,80.85,80.57,80.78,21382.517
2026-05-28 13:40:00,80.78,80.82,80.54,80.57,7509.428
2026-05-28 13:45:00,80.58,80.73,80.53,80.63,8539.539
2026-05-28 13:50:00,80.63,80.94,80.57,80.79,15996.112
2026-05-28 13:55:00,80.8,80.86,80.72,80.79,3496.853
2026-05-28 14:00:00,80.79,80.8,80.29,80.48,16073.042
2026-05-28 14:05:00,80.47,80.53,80.02,80.52,28012.553
2026-05-28 14:10:00,80.53,81.19,80.14,81.14,59648.719
2026-05-28 14:15:00,81.13,81.66,81.0,81.56,32075.667
2026-05-28 14:20:00,81.56,81.59,80.91,81.04,19263.287
2026-05-28 14:25:00,81.04,81.25,80.96,81.1,9869.356
2026-05-28 14:30:00,81.1,81.27,80.95,80.95,11157.327
2026-05-28 14:35:00,80.94,81.04,80.82,80.9,6686.271
2026-05-28 14:40:00,80.89,81.1,80.75,80.86,7786.752
2026-05-28 14:45:00,80.87,80.97,80.7,80.79,9867.513
2026-05-28 14:50:00,80.8,81.17,80.8,81.04,9366.223
2026-05-28 14:55:00,81.04,81.24,81.04,81.19,8961.613
2026-05-28 15:00:00,81.2,81.24,81.02,81.08,10594.016
2026-05-28 15:05:00,81.08,81.31,80.87,80.92,7146.715
2026-05-28 15:10:00,80.92,81.02,80.78,80.81,4253.28
2026-05-28 15:15:00,80.8,80.9,80.65,80.68,4776.028
2026-05-28 15:20:00,80.67,80.92,80.56,80.82,3383.717
2026-05-28 15:25:00,80.83,81.02,80.81,81.01,3616.421
2026-05-28 15:30:00,81.01,81.05,80.81,80.94,2900.297
2026-05-28 15:35:00,80.93,81.17,80.93,81.03,10439.41
2026-05-28 15:40:00,81.02,81.26,81.0,81.23,12212.882
2026-05-28 15:45:00,81.24,81.38,81.14,81.16,12499.453
2026-05-28 15:50:00,81.17,81.21,81.11,81.13,2009.996
2026-05-28 15:55:00,81.12,81.19,81.03,81.14,3782.613
2026-05-28 16:00:00,81.15,81.15,80.93,80.94,8015.348
2026-05-28 16:05:00,80.94,81.15,80.91,81.14,5432.985
2026-05-28 16:10:00,81.15,81.47,81.12,81.43,12575.669
2026-05-28 16:15:00,81.44,81.59,81.29,81.51,17229.315
2026-05-28 16:20:00,81.51,81.79,81.48,81.68,21614.243
2026-05-28 16:25:00,81.68,81.73,81.53,81.53,7905.65
2026-05-28 16:30:00,81.53,81.71,81.48,81.71,4174.135
2026-05-28 16:35:00,81.71,81.79,81.65,81.74,3373.144
2026-05-28 16:40:00,81.73,81.91,81.69,81.91,11831.193
2026-05-28 16:45:00,81.91,82.04,81.84,81.89,11602.073
2026-05-28 16:50:00,81.89,82.05,81.88,82.0,4392.884
2026-05-28 16:55:00,82.0,82.18,81.99,82.07,11618.049
2026-05-28 17:00:00,82.08,82.17,81.91,81.95,5824.026
2026-05-28 17:05:00,81.94,82.14,81.84,82.07,7248.093
2026-05-28 17:10:00,82.08,82.16,82.03,82.12,4066.319
2026-05-28 17:15:00,82.12,82.29,82.02,82.27,8107.858
2026-05-28 17:20:00,82.26,82.31,82.17,82.17,4049.672
2026-05-28 17:25:00,82.17,82.25,82.05,82.16,4440.16
2026-05-28 17:30:00,82.17,82.41,82.15,82.39,3769.724
2026-05-28 17:35:00,82.39,82.49,82.29,82.49,5512.681
2026-05-28 17:40:00,82.49,82.51,82.29,82.29,4506.045
2026-05-28 17:45:00,82.3,82.64,82.3,82.4,9527.057
2026-05-28 17:50:00,82.39,82.41,82.27,82.28,6038.932
2026-05-28 17:55:00,82.29,82.35,82.19,82.3,2034.472
2026-05-28 18:00:00,82.3,82.66,82.25,82.59,4618.631
2026-05-28 18:05:00,82.6,82.9,82.56,82.76,26693.581
2026-05-28 18:10:00,82.76,82.8,82.65,82.74,5909.277
2026-05-28 18:15:00,82.74,82.98,82.74,82.76,25579.005
2026-05-28 18:20:00,82.77,82.8,82.57,82.69,9176.62
2026-05-28 18:25:00,82.7,82.71,82.61,82.63,2711.113
2026-05-28 18:30:00,82.63,82.78,82.63,82.72,6878.491
2026-05-28 18:35:00,82.71,82.73,82.59,82.64,5080.77
2026-05-28 18:40:00,82.64,82.83,82.63,82.78,4755.856
2026-05-28 18:45:00,82.78,82.96,82.77,82.79,12269.607
2026-05-28 18:50:00,82.79,82.98,82.79,82.94,7337.371
2026-05-28 18:55:00,82.93,83.01,82.82,82.9,6411.184
2026-05-28 19:00:00,82.89,82.89,82.57,82.63,5863.354
2026-05-28 19:05:00,82.63,82.7,82.53,82.53,3602.406
2026-05-28 19:10:00,82.54,82.57,82.45,82.52,4334.491
2026-05-28 19:15:00,82.52,82.52,82.41,82.52,2294.367
2026-05-28 19:20:00,82.52,82.63,82.49,82.63,1818.598
2026-05-28 19:25:00,82.63,82.7,82.58,82.7,2284.112
2026-05-28 19:30:00,82.71,82.76,82.48,82.49,1433.198
2026-05-28 19:35:00,82.48,82.5,82.35,82.4,5610.654
2026-05-28 19:40:00,82.4,82.42,82.33,82.34,3584.606
2026-05-28 19:45:00,82.35,82.44,82.35,82.43,2212.717
2026-05-28 19:50:00,82.42,82.48,82.32,82.41,6028.632
2026-05-28 19:55:00,82.4,82.4,82.17,82.19,11225.885
2026-05-28 20:00:00,82.18,82.24,81.99,82.05,5186.624
2026-05-28 20:05:00,82.06,82.07,81.78,81.97,8466.374
2026-05-28 20:10:00,81.96,82.25,81.95,82.1,7034.084
2026-05-28 20:15:00,82.1,82.34,82.06,82.34,3730.578
2026-05-28 20:20:00,82.33,82.4,82.28,82.29,2453.974
2026-05-28 20:25:00,82.3,82.46,82.29,82.43,2013.11
2026-05-28 20:30:00,82.42,82.49,82.33,82.41,2817.893
2026-05-28 20:35:00,82.41,82.51,82.41,82.44,2083.437
2026-05-28 20:40:00,82.45,82.6,82.44,82.55,2139.769
2026-05-28 20:45:00,82.55,82.55,82.45,82.5,1127.722
2026-05-28 20:50:00,82.5,82.53,82.44,82.49,3148.762
2026-05-28 20:55:00,82.49,82.49,82.29,82.3,2829.657
2026-05-28 21:00:00,82.3,82.39,82.25,82.27,2207.331
2026-05-28 21:05:00,82.27,82.45,82.22,82.42,4383.468
2026-05-28 21:10:00,82.42,82.66,82.41,82.59,5476.064
2026-05-28 21:15:00,82.59,82.66,82.54,82.55,2763.872
2026-05-28 21:20:00,82.55,82.65,82.54,82.59,4357.129
2026-05-28 21:25:00,82.58,82.7,82.53,82.54,2984.488
2026-05-28 21:30:00,82.53,82.56,82.5,82.54,2656.303
2026-05-28 21:35:00,82.53,82.65,82.47,82.61,5116.714
2026-05-28 21:40:00,82.61,82.68,82.52,82.62,8005.384
2026-05-28 21:45:00,82.61,82.62,82.5,82.52,3863.137
2026-05-28 21:50:00,82.52,82.56,82.48,82.51,5334.706
2026-05-28 21:55:00,82.5,82.55,82.44,82.44,6239.733
2026-05-28 22:00:00,82.44,82.63,82.37,82.37,3011.395
2026-05-28 22:05:00,82.37,82.43,82.32,82.4,1938.596
2026-05-28 22:10:00,82.4,82.4,82.3,82.37,1466.274
2026-05-28 22:15:00,82.37,82.37,82.19,82.19,1478.238
2026-05-28 22:20:00,82.19,82.23,82.11,82.22,3154.592
2026-05-28 22:25:00,82.21,82.36,82.07,82.09,16898.259
2026-05-28 22:30:00,82.09,82.13,81.97,81.98,3152.465
2026-05-28 22:35:00,81.99,82.05,81.93,81.99,4547.913
2026-05-28 22:40:00,81.98,82.01,81.91,81.95,1356.683
2026-05-28 22:45:00,81.95,82.12,81.94,82.07,3885.895
2026-05-28 22:50:00,82.07,82.15,82.05,82.08,1869.563
2026-05-28 22:55:00,82.09,82.09,82.02,82.04,844.268
2026-05-28 23:00:00,82.03,82.13,82.02,82.08,3040.594
2026-05-28 23:05:00,82.09,82.12,82.08,82.09,1354.771
2026-05-28 23:10:00,82.1,82.2,82.09,82.2,1854.626
2026-05-28 23:15:00,82.19,82.25,82.14,82.14,1532.98
2026-05-28 23:20:00,82.14,82.16,82.07,82.11,3749.789
2026-05-28 23:25:00,82.11,82.28,82.11,82.25,2461.932
2026-05-28 23:30:00,82.25,82.25,82.12,82.12,2256.889
2026-05-28 23:35:00,82.12,82.18,82.08,82.09,3942.406
2026-05-28 23:40:00,82.09,82.17,82.0,82.17,3551.947
2026-05-28 23:45:00,82.16,82.16,82.0,82.03,2623.327
2026-05-28 23:50:00,82.03,82.07,82.02,82.06,2320.258
2026-05-28 23:55:00,82.05,82.16,82.04,82.11,3879.299
2026-05-29 00:00:00,82.12,82.35,82.12,82.22,5512.929
2026-05-29 00:05:00,82.21,82.29,82.17,82.28,4075.569
2026-05-29 00:10:00,82.29,82.4,82.26,82.29,5293.709
2026-05-29 00:15:00,82.28,82.4,82.18,82.32,3533.924
2026-05-29 00:20:00,82.32,82.4,82.29,82.39,2373.682
2026-05-29 00:25:00,82.4,82.46,82.33,82.36,2993.965
2026-05-29 00:30:00,82.37,82.37,82.28,82.33,2624.403
2026-05-29 00:35:00,82.33,82.48,82.32,82.46,1336.674
2026-05-29 00:40:00,82.46,82.46,82.37,82.45,4435.038
2026-05-29 00:45:00,82.44,82.44,82.35,82.37,6163.208
2026-05-29 00:50:00,82.36,82.45,82.26,82.26,4164.845
2026-05-29 00:55:00,82.25,82.34,82.23,82.33,1719.217
2026-05-29 01:00:00,82.33,82.42,82.33,82.37,2740.941
2026-05-29 01:05:00,82.38,82.48,82.38,82.45,5111.179
2026-05-29 01:10:00,82.45,82.45,82.3,82.34,1913.104
2026-05-29 01:15:00,82.35,82.41,82.27,82.27,6271.959
2026-05-29 01:20:00,82.27,82.27,82.11,82.15,5811.302
2026-05-29 01:25:00,82.16,82.23,82.08,82.13,2426.258
2026-05-29 01:30:00,82.12,82.17,82.06,82.17,2680.027
2026-05-29 01:35:00,82.16,82.18,82.09,82.13,4262.081
2026-05-29 01:40:00,82.13,82.27,82.11,82.27,2237.218
2026-05-29 01:45:00,82.27,82.32,82.09,82.1,2741.194
2026-05-29 01:50:00,82.1,82.29,82.1,82.29,6766.802
2026-05-29 01:55:00,82.29,82.32,82.18,82.21,1809.575
2026-05-29 02:00:00,82.21,82.32,82.13,82.27,3758.147
2026-05-29 02:05:00,82.26,82.28,82.15,82.24,3892.049
2026-05-29 02:10:00,82.24,82.25,82.16,82.18,5454.64
2026-05-29 02:15:00,82.18,82.21,82.09,82.19,3398.4
2026-05-29 02:20:00,82.19,82.19,81.93,81.94,6667.023
2026-05-29 02:25:00,81.94,81.96,81.81,81.83,8268.431
2026-05-29 02:30:00,81.83,81.88,81.7,81.85,30173.137
2026-05-29 02:35:00,81.85,81.95,81.85,81.95,3448.077
2026-05-29 02:40:00,81.95,81.95,81.67,81.72,4329.275
2026-05-29 02:45:00,81.72,81.76,81.69,81.73,3570.05
2026-05-29 02:50:00,81.72,81.75,81.51,81.51,6124.219
2026-05-29 02:55:00,81.52,81.57,81.47,81.57,6318.339
2026-05-29 03:00:00,81.57,81.68,81.57,81.65,1964.961
2026-05-29 03:05:00,81.65,81.96,81.65,81.92,5217.036
2026-05-29 03:10:00,81.92,81.95,81.86,81.9,4957.264
2026-05-29 03:15:00,81.9,81.9,81.75,81.81,4736.878
2026-05-29 03:20:00,81.82,81.83,81.68,81.73,2627.662
2026-05-29 03:25:00,81.73,81.76,81.68,81.71,2237.412
2026-05-29 03:30:00,81.7,81.82,81.61,81.79,3560.133
2026-05-29 03:35:00,81.79,81.79,81.58,81.62,3711.009
2026-05-29 03:40:00,81.62,81.68,81.62,81.65,1473.034
2026-05-29 03:45:00,81.64,81.65,81.59,81.63,3572.385
2026-05-29 03:50:00,81.64,81.71,81.52,81.65,3490.272
2026-05-29 03:55:00,81.64,81.67,81.6,81.61,2581.753
2026-05-29 04:00:00,81.62,81.7,81.61,81.68,4346.374
2026-05-29 04:05:00,81.69,81.69,81.42,81.43,7590.447
2026-05-29 04:10:00,81.44,81.52,81.36,81.48,6799.568
2026-05-29 04:15:00,81.48,81.59,81.48,81.53,2979.961
2026-05-29 04:20:00,81.53,81.64,81.51,81.62,2033.448
2026-05-29 04:25:00,81.62,81.72,81.62,81.71,2655.123
2026-05-29 04:30:00,81.72,81.8,81.67,81.77,3682.17
2026-05-29 04:35:00,81.77,81.81,81.72,81.77,5814.086
2026-05-29 04:40:00,81.77,81.78,81.74,81.76,4779.467
2026-05-29 04:45:00,81.77,81.85,81.76,81.83,9249.845
2026-05-29 04:50:00,81.84,81.84,81.74,81.81,4376.426
2026-05-29 04:55:00,81.82,81.94,81.78,81.93,4342.627
2026-05-29 05:00:00,81.93,82.13,81.91,82.1,7608.306
2026-05-29 05:05:00,82.09,82.14,82.04,82.14,6371.156
2026-05-29 05:10:00,82.14,82.2,82.05,82.09,4922.635
2026-05-29 05:15:00,82.09,82.15,81.98,82.01,4589.897
2026-05-29 05:20:00,82.01,82.01,81.91,81.97,5374.295
2026-05-29 05:25:00,81.97,82.02,81.94,81.99,1322.87
2026-05-29 05:30:00,81.99,81.99,81.86,81.9,2665.157
2026-05-29 05:35:00,81.89,81.91,81.82,81.89,5008.143
2026-05-29 05:40:00,81.9,81.91,81.84,81.88,3112.278
2026-05-29 05:45:00,81.89,82.14,81.87,82.08,9317.157
2026-05-29 05:50:00,82.09,82.09,82.02,82.05,4582.378
2026-05-29 05:55:00,82.05,82.08,82.0,82.07,4027.137
2026-05-29 06:00:00,82.06,82.13,82.02,82.12,5122.393
2026-05-29 06:05:00,82.11,82.13,82.04,82.12,5625.396
2026-05-29 06:10:00,82.12,82.23,82.08,82.23,4117.693
2026-05-29 06:15:00,82.22,82.27,82.19,82.22,4130.858
2026-05-29 06:20:00,82.23,82.49,82.22,82.32,9173.767
2026-05-29 06:25:00,82.32,82.34,82.23,82.24,1729.148
2026-05-29 06:30:00,82.23,82.23,82.11,82.11,2436.519
2026-05-29 06:35:00,82.12,82.15,82.04,82.09,3104.74
2026-05-29 06:40:00,82.08,82.17,82.07,82.17,3981.551
2026-05-29 06:45:00,82.16,82.27,82.16,82.22,2671.736
2026-05-29 06:50:00,82.22,82.38,82.19,82.29,3793.74
2026-05-29 06:55:00,82.29,82.31,82.25,82.31,1905.206
2026-05-29 07:00:00,82.31,82.33,82.21,82.32,6159.956
2026-05-29 07:05:00,82.31,82.34,82.28,82.31,1199.195
2026-05-29 07:10:00,82.31,82.42,82.3,82.4,6194.303
2026-05-29 07:15:00,82.39,82.43,82.34,82.38,7640.068
2026-05-29 07:20:00,82.38,82.46,82.36,82.41,7087.057
2026-05-29 07:25:00,82.41,82.41,82.29,82.36,6666.944
2026-05-29 07:30:00,82.37,82.37,82.14,82.18,19312.751
2026-05-29 07:35:00,82.17,82.2,82.02,82.07,13854.236
2026-05-29 07:40:00,82.06,82.06,81.94,81.98,15428.017
2026-05-29 07:45:00,81.98,82.07,81.92,82.06,11227.283
2026-05-29 07:50:00,82.05,82.13,82.05,82.09,12491.184
2026-05-29 07:55:00,82.08,82.3,82.08,82.24,15366.978
2026-05-29 08:00:00,82.25,82.49,82.22,82.32,9578.739
2026-05-29 08:05:00,82.32,82.38,82.23,82.36,5439.964
2026-05-29 08:10:00,82.35,82.36,82.27,82.31,2726.712
2026-05-29 08:15:00,82.31,82.36,82.27,82.35,3632.913
2026-05-29 08:20:00,82.35,82.48,82.33,82.37,9791.523
2026-05-29 08:25:00,82.37,82.49,82.37,82.39,4608.302
2026-05-29 08:30:00,82.38,82.41,82.28,82.41,4501.449
2026-05-29 08:35:00,82.41,82.42,82.35,82.42,2481.584
2026-05-29 08:40:00,82.41,82.45,82.35,82.39,3323.222
2026-05-29 08:45:00,82.4,82.41,82.27,82.27,4706.374
2026-05-29 08:50:00,82.27,82.32,82.24,82.27,3839.504
2026-05-29 08:55:00,82.28,82.29,82.18,82.22,2435.329
2026-05-29 09:00:00,82.23,82.34,82.21,82.28,3231.839
2026-05-29 09:05:00,82.29,82.4,82.29,82.4,3170.335
2026-05-29 09:10:00,82.4,82.5,82.39,82.44,4808.035
2026-05-29 09:15:00,82.43,82.65,82.43,82.6,4446.201
2026-05-29 09:20:00,82.6,82.6,82.45,82.53,7184.401
2026-05-29 09:25:00,82.53,82.6,82.48,82.58,4859.985
2026-05-29 09:30:00,82.57,82.6,82.45,82.47,4541.196
2026-05-29 09:35:00,82.47,82.49,82.42,82.49,4128.432
2026-05-29 09:40:00,82.49,82.52,82.44,82.46,4857.468
2026-05-29 09:45:00,82.46,82.49,82.42,82.42,4897.084
2026-05-29 09:50:00,82.42,82.45,82.41,82.44,2651.271
2026-05-29 09:55:00,82.44,82.5,82.4,82.44,13300.79
2026-05-29 10:00:00,82.44,82.45,82.3,82.35,9475.893
2026-05-29 10:05:00,82.35,82.43,82.28,82.29,6914.02
2026-05-29 10:10:00,82.29,82.33,82.28,82.3,3889.093
2026-05-29 10:15:00,82.3,82.33,82.24,82.26,3646.996
2026-05-29 10:20:00,82.26,82.33,82.26,82.3,3742.4
2026-05-29 10:25:00,82.3,82.3,82.22,82.25,3850.524
2026-05-29 10:30:00,82.24,82.24,82.09,82.15,4626.532
2026-05-29 10:35:00,82.14,82.26,82.13,82.18,2832.182
2026-05-29 10:40:00,82.17,82.17,82.11,82.15,3366.385
2026-05-29 10:45:00,82.14,82.2,82.1,82.19,6006.707
2026-05-29 10:50:00,82.19,82.24,82.14,82.16,3435.803
2026-05-29 10:55:00,82.17,82.21,82.15,82.15,4175.897
2026-05-29 11:00:00,82.15,82.15,82.07,82.08,9048.395
2026-05-29 11:05:00,82.08,82.18,82.06,82.07,5429.965
2026-05-29 11:10:00,82.07,82.14,82.04,82.09,8484.669
2026-05-29 11:15:00,82.09,82.15,82.08,82.15,3053.074
2026-05-29 11:20:00,82.15,82.21,82.11,82.16,4430.088
2026-05-29 11:25:00,82.16,82.16,81.97,82.04,6043.624
2026-05-29 11:30:00,82.05,82.07,81.95,82.07,4615.365
2026-05-29 11:35:00,82.06,82.07,81.85,81.85,6593.168
2026-05-29 11:40:00,81.86,81.89,81.8,81.87,8152.464
2026-05-29 11:45:00,81.87,81.89,81.72,81.73,4533.751
2026-05-29 11:50:00,81.73,81.74,81.52,81.66,17040.079
2026-05-29 11:55:00,81.65,81.78,81.61,81.77,5049.544
2026-05-29 12:00:00,81.76,81.79,81.66,81.74,6703.897
2026-05-29 12:05:00,81.73,81.73,81.6,81.66,9674.577
2026-05-29 12:10:00,81.66,81.71,81.58,81.66,9343.311
2026-05-29 12:15:00,81.65,81.78,81.58,81.71,8804.998
2026-05-29 12:20:00,81.72,81.73,81.65,81.66,5395.042
2026-05-29 12:25:00,81.65,81.7,81.64,81.67,3429.816
2026-05-29 12:30:00,81.67,81.75,81.46,81.53,19335.789
2026-05-29 12:35:00,81.52,81.53,81.38,81.39,5791.191
2026-05-29 12:40:00,81.39,81.46,81.31,81.45,6557.519
2026-05-29 12:45:00,81.44,81.47,81.31,81.42,4179.034
2026-05-29 12:50:00,81.42,81.62,81.41,81.56,6212.903
2026-05-29 12:55:00,81.55,81.57,81.46,81.48,4079.45
2026-05-29 13:00:00,81.48,81.48,81.3,81.34,5990.746
2026-05-29 13:05:00,81.34,81.42,81.27,81.34,10208.118
2026-05-29 13:10:00,81.34,81.34,81.2,81.28,7694.756
2026-05-29 13:15:00,81.27,81.39,81.27,81.39,2569.997
2026-05-29 13:20:00,81.38,81.42,81.31,81.37,2954.715
2026-05-29 13:25:00,81.37,81.42,81.27,81.37,3387.04
2026-05-29 13:30:00,81.36,81.36,81.1,81.12,15381.735
2026-05-29 13:35:00,81.11,81.61,81.11,81.49,6227.493
2026-05-29 13:40:00,81.48,81.57,81.34,81.55,6164.25
2026-05-29 13:45:00,81.56,81.78,81.45,81.46,11310.308
2026-05-29 13:50:00,81.45,81.49,81.32,81.39,7450.913
2026-05-29 13:55:00,81.39,81.57,81.38,81.44,8063.415
2026-05-29 14:00:00,81.44,81.56,81.4,81.51,7138.013
2026-05-29 14:05:00,81.5,81.51,81.19,81.28,8205.488
2026-05-29 14:10:00,81.27,81.46,81.21,81.39,6863.631
2026-05-29 14:15:00,81.38,81.45,80.96,81.01,15165.177
2026-05-29 14:20:00,81.01,81.13,80.82,80.88,11371.953
2026-05-29 14:25:00,80.89,80.94,80.35,80.89,31771.075
2026-05-29 14:30:00,80.88,81.02,80.7,80.99,17271.879
2026-05-29 14:35:00,80.99,81.01,80.72,80.73,10485.573
2026-05-29 14:40:00,80.73,80.84,80.47,80.59,23554.947
2026-05-29 14:45:00,80.58,80.93,80.51,80.84,25911.655
2026-05-29 14:50:00,80.84,81.58,80.84,81.2,39898.731
2026-05-29 14:55:00,81.2,81.49,81.18,81.33,15864.914
2026-05-29 15:00:00,81.33,81.62,81.2,81.62,15573.828
2026-05-29 15:05:00,81.62,82.12,81.57,82.08,40785.998
2026-05-29 15:10:00,82.09,82.25,82.05,82.12,20960.777
2026-05-29 15:15:00,82.12,82.32,81.91,82.16,25692.801
2026-05-29 15:20:00,82.15,82.2,82.04,82.19,7572.979
2026-05-29 15:25:00,82.19,82.69,81.96,82.63,41486.949
2026-05-29 15:30:00,82.64,83.19,82.62,83.09,43117.963
2026-05-29 15:35:00,83.08,83.24,82.94,83.11,28089.766
2026-05-29 15:40:00,83.1,83.22,82.3,82.45,47513.005
2026-05-29 15:45:00,82.45,82.71,82.41,82.69,17696.339
2026-05-29 15:50:00,82.7,82.7,82.32,82.45,21950.358
2026-05-29 15:55:00,82.45,82.63,82.41,82.59,8535.97
2026-05-29 16:00:00,82.58,82.7,82.53,82.64,11507.07
2026-05-29 16:05:00,82.64,82.76,82.57,82.72,9783.895
2026-05-29 16:10:00,82.71,82.9,82.71,82.79,7001.314
2026-05-29 16:15:00,82.8,82.92,82.48,82.51,11461.304
2026-05-29 16:20:00,82.52,82.55,82.27,82.33,6162.464
2026-05-29 16:25:00,82.34,82.37,82.2,82.34,7123.331
2026-05-29 16:30:00,82.33,83.01,82.33,82.94,18844.948
2026-05-29 16:35:00,82.94,83.06,82.8,82.96,10786.372
2026-05-29 16:40:00,82.95,83.13,82.88,82.96,7870.27
2026-05-29 16:45:00,82.96,83.04,82.84,82.95,4921.194
2026-05-29 16:50:00,82.94,83.03,82.77,82.99,7047.238
2026-05-29 16:55:00,82.98,83.03,82.83,82.93,8970.669
2026-05-29 17:00:00,82.93,83.09,82.81,82.81,8518.606
2026-05-29 17:05:00,82.82,82.99,82.71,82.97,7395.018
2026-05-29 17:10:00,82.97,83.17,82.96,83.08,26577.431
2026-05-29 17:15:00,83.09,83.18,82.98,83.1,16038.169
2026-05-29 17:20:00,83.11,83.17,82.99,83.12,16896.072
2026-05-29 17:25:00,83.11,83.13,82.98,83.09,3003.954
2026-05-29 17:30:00,83.09,83.2,83.07,83.17,7031.6
2026-05-29 17:35:00,83.17,83.22,83.07,83.15,5855.831
2026-05-29 17:40:00,83.15,83.15,83.0,83.02,2989.317
2026-05-29 17:45:00,83.02,83.02,82.8,82.82,8745.607
2026-05-29 17:50:00,82.82,82.87,82.7,82.77,5977.235
2026-05-29 17:55:00,82.76,82.82,82.67,82.79,3690.25
2026-05-29 18:00:00,82.8,82.84,82.69,82.76,2593.031
2026-05-29 18:05:00,82.77,82.93,82.75,82.89,5749.754
2026-05-29 18:10:00,82.89,83.0,82.85,82.93,3479.978
2026-05-29 18:15:00,82.92,82.93,82.73,82.76,9056.602
2026-05-29 18:20:00,82.77,82.82,82.67,82.68,4538.638
2026-05-29 18:25:00,82.69,82.75,82.56,82.64,9526.914
2026-05-29 18:30:00,82.65,82.73,82.64,82.71,5057.948
2026-05-29 18:35:00,82.72,82.8,82.58,82.76,4255.953
2026-05-29 18:40:00,82.75,82.79,82.7,82.72,2421.653
2026-05-29 18:45:00,82.72,82.72,82.28,82.32,11230.294
2026-05-29 18:50:00,82.33,82.39,81.82,82.01,20362.294
2026-05-29 18:55:00,82.01,82.07,81.85,82.07,12624.606
2026-05-29 19:00:00,82.06,82.17,81.95,82.16,3525.647
2026-05-29 19:05:00,82.16,82.21,82.13,82.13,5495.801
2026-05-29 19:10:00,82.14,82.15,81.87,81.89,2828.091
2026-05-29 19:15:00,81.89,81.93,81.6,81.68,5297.948
2026-05-29 19:20:00,81.68,81.8,81.65,81.76,4363.123
2026-05-29 19:25:00,81.77,81.91,81.77,81.91,2028.36
2026-05-29 19:30:00,81.91,82.26,81.91,82.15,5426.922
2026-05-29 19:35:00,82.16,82.33,82.16,82.31,8547.645
2026-05-29 19:40:00,82.32,82.41,82.28,82.31,6178.039
2026-05-29 19:45:00,82.32,82.34,82.21,82.24,1779.655
2026-05-29 19:50:00,82.25,82.27,82.11,82.16,7655.246
2026-05-29 19:55:00,82.16,82.21,82.06,82.06,4088.005
2026-05-29 20:00:00,82.06,82.18,82.01,82.11,4360.907
2026-05-29 20:05:00,82.12,82.24,82.08,82.23,2600.15
2026-05-29 20:10:00,82.23,82.3,82.2,82.24,1841.461
2026-05-29 20:15:00,82.23,82.23,82.1,82.17,1574.662
2026-05-29 20:20:00,82.16,82.33,82.16,82.33,4231.309
2026-05-29 20:25:00,82.34,82.34,82.23,82.26,2218.759
2026-05-29 20:30:00,82.25,82.33,82.25,82.3,903.856
2026-05-29 20:35:00,82.3,82.32,82.22,82.25,3659.908
2026-05-29 20:40:00,82.24,82.3,82.23,82.28,1442.281
2026-05-29 20:45:00,82.28,82.39,82.23,82.27,8559.967
2026-05-29 20:50:00,82.27,82.29,82.11,82.15,2082.19
2026-05-29 20:55:00,82.14,82.25,82.05,82.22,8088.059
2026-05-29 21:00:00,82.23,82.24,82.16,82.19,1639.643
2026-05-29 21:05:00,82.19,82.3,82.19,82.22,1815.815
2026-05-29 21:10:00,82.23,82.4,82.21,82.32,14162.18
2026-05-29 21:15:00,82.32,82.32,82.21,82.23,2343.832
2026-05-29 21:20:00,82.23,82.23,81.99,82.08,13486.922
2026-05-29 21:25:00,82.08,82.08,81.93,81.95,1288.268
2026-05-29 21:30:00,81.94,81.98,81.86,81.9,3863.624
2026-05-29 21:35:00,81.89,81.97,81.84,81.97,3407.524
2026-05-29 21:40:00,81.97,82.1,81.97,82.05,5474.127
2026-05-29 21:45:00,82.06,82.1,81.9,81.92,2027.223
2026-05-29 21:50:00,81.91,81.94,81.76,81.79,2513.653
2026-05-29 21:55:00,81.78,81.78,81.7,81.71,4682.35
2026-05-29 22:00:00,81.71,81.82,81.62,81.64,3297.197
2026-05-29 22:05:00,81.64,81.68,81.62,81.65,10189.53
2026-05-29 22:10:00,81.65,81.73,81.63,81.69,6610.647
2026-05-29 22:15:00,81.69,81.89,81.68,81.89,3599.088
2026-05-29 22:20:00,81.89,82.02,81.88,81.89,4808.294
2026-05-29 22:25:00,81.88,81.9,81.85,81.89,2618.137
2026-05-29 22:30:00,81.9,82.01,81.9,81.93,14050.344
2026-05-29 22:35:00,81.93,81.95,81.86,81.89,3163.388
2026-05-29 22:40:00,81.9,81.93,81.87,81.92,1685.601
2026-05-29 22:45:00,81.93,81.96,81.89,81.92,9170.863
2026-05-29 22:50:00,81.93,81.95,81.81,81.9,4898.696
2026-05-29 22:55:00,81.91,82.0,81.91,81.99,7574.591
2026-05-29 23:00:00,81.98,82.0,81.89,82.0,2573.238
2026-05-29 23:05:00,82.0,82.09,81.98,81.99,7753.328
2026-05-29 23:10:00,82.0,82.06,81.92,81.96,3676.948
2026-05-29 23:15:00,81.96,82.03,81.92,81.95,1783.181
2026-05-29 23:20:00,81.95,82.0,81.86,81.9,5632.661
2026-05-29 23:25:00,81.9,81.96,81.89,81.94,1169.321
2026-05-29 23:30:00,81.94,81.98,81.83,81.88,5513.962
2026-05-29 23:35:00,81.88,81.91,81.76,81.91,5694.24
2026-05-29 23:40:00,81.9,82.0,81.9,82.0,2526.627
2026-05-29 23:45:00,81.99,81.99,81.94,81.97,2905.621
2026-05-29 23:50:00,81.96,82.11,81.96,82.03,6584.852
2026-05-29 23:55:00,82.04,82.07,82.0,82.04,6745.204
2026-05-30 00:00:00,82.04,82.14,81.97,81.98,3221.546
2026-05-30 00:05:00,81.98,82.18,81.94,82.17,5473.411
2026-05-30 00:10:00,82.17,82.21,82.07,82.08,2795.205
2026-05-30 00:15:00,82.09,82.2,82.09,82.13,1516.827
2026-05-30 00:20:00,82.13,82.22,82.13,82.18,2042.078
2026-05-30 00:25:00,82.18,82.23,82.12,82.12,1382.714
2026-05-30 00:30:00,82.13,82.16,82.07,82.13,1985.09
2026-05-30 00:35:00,82.12,82.24,82.08,82.24,2011.028
2026-05-30 00:40:00,82.24,82.31,82.19,82.29,9904.768
2026-05-30 00:45:00,82.28,82.31,82.24,82.26,4901.656
2026-05-30 00:50:00,82.25,82.34,82.25,82.29,5796.955
2026-05-30 00:55:00,82.29,82.35,82.28,82.29,3385.999
2026-05-30 01:00:00,82.3,82.36,82.22,82.31,3045.357
2026-05-30 01:05:00,82.31,82.4,82.27,82.4,1706.366
2026-05-30 01:10:00,82.39,82.5,82.38,82.49,7271.86
2026-05-30 01:15:00,82.5,82.6,82.46,82.6,4341.271
2026-05-30 01:20:00,82.6,82.62,82.53,82.6,2278.429
2026-05-30 01:25:00,82.6,82.68,82.6,82.63,4446.731
2026-05-30 01:30:00,82.62,83.0,82.58,82.77,17536.057
2026-05-30 01:35:00,82.76,82.83,82.74,82.76,3881.194
2026-05-30 01:40:00,82.77,82.81,82.72,82.75,2715.431
2026-05-30 01:45:00,82.75,82.85,82.75,82.84,3473.866
2026-05-30 01:50:00,82.84,82.85,82.73,82.8,5997.559
2026-05-30 01:55:00,82.8,82.85,82.79,82.82,2953.775
2026-05-30 02:00:00,82.82,83.02,82.81,82.97,8754.469
2026-05-30 02:05:00,82.97,82.99,82.93,82.97,1255.058
2026-05-30 02:10:00,82.97,82.99,82.89,82.95,3840.522
2026-05-30 02:15:00,82.95,83.03,82.92,82.92,2919.372
2026-05-30 02:20:00,82.92,82.93,82.78,82.8,3308.797
2026-05-30 02:25:00,82.8,82.82,82.77,82.81,2829.317
2026-05-30 02:30:00,82.8,82.98,82.8,82.94,3017.098
2026-05-30 02:35:00,82.95,82.96,82.89,82.89,1564.225
2026-05-30 02:40:00,82.88,82.99,82.86,82.93,5527.447
2026-05-30 02:45:00,82.94,82.96,82.85,82.85,1214.932
2026-05-30 02:50:00,82.86,82.98,82.86,82.98,1352.648
2026-05-30 02:55:00,82.97,83.01,82.94,82.98,4963.495
2026-05-30 03:00:00,82.97,83.1,82.94,83.09,5364.581
2026-05-30 03:05:00,83.09,83.09,83.03,83.05,2830.209
2026-05-30 03:10:00,83.04,83.05,82.96,82.97,2989.617
2026-05-30 03:15:00,82.97,82.97,82.89,82.9,3001.232
2026-05-30 03:20:00,82.9,83.0,82.88,82.89,2515.488
2026-05-30 03:25:00,82.9,82.92,82.85,82.87,1560.863
2026-05-30 03:30:00,82.87,82.87,82.76,82.83,4219.668
2026-05-30 03:35:00,82.83,82.84,82.78,82.81,933.09
2026-05-30 03:40:00,82.81,82.82,82.68,82.7,3787.765
2026-05-30 03:45:00,82.7,82.81,82.7,82.78,2160.395
2026-05-30 03:50:00,82.78,82.78,82.69,82.69,2102.035
2026-05-30 03:55:00,82.69,82.7,82.62,82.67,2931.539
2026-05-30 04:00:00,82.67,82.8,82.66,82.67,4058.809
2026-05-30 04:05:00,82.67,82.67,82.51,82.52,6553.362
2026-05-30 04:10:00,82.51,82.71,82.51,82.7,6628.257
2026-05-30 04:15:00,82.71,82.71,82.53,82.56,2454.723
2026-05-30 04:20:00,82.56,82.58,82.47,82.49,8102.705
2026-05-30 04:25:00,82.49,82.49,82.16,82.21,12092.888
2026-05-30 04:30:00,82.2,82.2,81.94,82.0,8360.333
2026-05-30 04:35:00,82.0,82.07,81.86,82.03,10337.349
2026-05-30 04:40:00,82.03,82.16,82.01,82.16,4194.221
2026-05-30 04:45:00,82.15,82.31,82.13,82.3,7064.377
2026-05-30 04:50:00,82.29,82.33,82.23,82.28,5279.14
2026-05-30 04:55:00,82.28,82.33,82.27,82.33,3759.55
2026-05-30 05:00:00,82.32,82.39,82.2,82.31,31938.657
2026-05-30 05:05:00,82.32,82.77,82.32,82.45,21894.164
2026-05-30 05:10:00,82.44,82.54,82.44,82.52,3646.035
2026-05-30 05:15:00,82.53,82.56,82.45,82.51,2324.209
2026-05-30 05:20:00,82.51,82.55,82.5,82.52,1838.02
2026-05-30 05:25:00,82.53,82.56,82.46,82.46,3629.474
2026-05-30 05:30:00,82.47,82.5,82.46,82.47,813.546
2026-05-30 05:35:00,82.47,82.55,82.44,82.54,3457.409
2026-05-30 05:40:00,82.53,82.54,82.49,82.52,1209.917
2026-05-30 05:45:00,82.52,82.68,82.52,82.62,3691.057
2026-05-30 05:50:00,82.62,82.66,82.56,82.59,1610.954
2026-05-30 05:55:00,82.59,82.63,82.58,82.6,1236.501
2026-05-30 06:00:00,82.59,82.61,82.5,82.5,1543.366
2026-05-30 06:05:00,82.51,82.51,82.39,82.43,2837.7
2026-05-30 06:10:00,82.43,82.49,82.42,82.45,2151.786
2026-05-30 06:15:00,82.44,82.48,82.43,82.47,1688.899
2026-05-30 06:20:00,82.47,82.56,82.47,82.56,1402.986
2026-05-30 06:25:00,82.55,82.7,82.55,82.69,6732.554
2026-05-30 06:30:00,82.7,82.74,82.63,82.68,3094.228
2026-05-30 06:35:00,82.67,82.74,82.66,82.67,1823.966
2026-05-30 06:40:00,82.67,82.67,82.63,82.64,1492.985
2026-05-30 06:45:00,82.64,82.65,82.52,82.53,1205.782
2026-05-30 06:50:00,82.52,82.56,82.49,82.53,2254.034
2026-05-30 06:55:00,82.53,82.54,82.43,82.47,3246.096
2026-05-30 07:00:00,82.48,82.48,82.27,82.3,5695.476
2026-05-30 07:05:00,82.31,82.39,82.28,82.36,4891.035
2026-05-30 07:10:00,82.35,82.39,82.31,82.37,2690.528
2026-05-30 07:15:00,82.36,82.42,82.35,82.39,1841.014
2026-05-30 07:20:00,82.38,82.43,82.36,82.43,1242.14
2026-05-30 07:25:00,82.43,82.49,82.42,82.46,3149.798
2026-05-30 07:30:00,82.46,82.52,82.43,82.47,1953.212
2026-05-30 07:35:00,82.47,82.47,82.32,82.33,3228.558
2026-05-30 07:40:00,82.33,82.34,82.3,82.31,876.07
2026-05-30 07:45:00,82.3,82.35,82.26,82.34,2225.507
2026-05-30 07:50:00,82.33,82.35,82.3,82.32,3531.743
2026-05-30 07:55:00,82.31,82.38,82.27,82.37,1429.379
2026-05-30 08:00:00,82.37,82.39,82.33,82.37,2253.606
2026-05-30 08:05:00,82.36,82.39,82.34,82.35,1065.126
2026-05-30 08:10:00,82.35,82.37,82.31,82.36,1050.069
2026-05-30 08:15:00,82.36,82.37,82.27,82.28,1096.279
2026-05-30 08:20:00,82.28,82.4,82.28,82.4,1103.444
2026-05-30 08:25:00,82.39,82.41,82.33,82.36,1575.976
2026-05-30 08:30:00,82.35,82.39,82.34,82.34,1374.285
2026-05-30 08:35:00,82.34,82.35,82.28,82.28,1409.582
2026-05-30 08:40:00,82.27,82.28,82.2,82.23,4220.088
2026-05-30 08:45:00,82.23,82.26,82.19,82.25,1059.305
2026-05-30 08:50:00,82.26,82.3,82.25,82.27,2595.375
2026-05-30 08:55:00,82.26,82.26,82.21,82.23,1964.794
2026-05-30 09:00:00,82.23,82.26,82.21,82.26,1879.994
2026-05-30 09:05:00,82.26,82.3,82.2,82.29,3832.106
2026-05-30 09:10:00,82.3,82.3,82.26,82.28,1763.277
2026-05-30 09:15:00,82.28,82.31,82.22,82.23,5917.607
2026-05-30 09:20:00,82.23,82.28,82.23,82.28,1340.477
2026-05-30 09:25:00,82.28,82.31,82.27,82.31,774.648
2026-05-30 09:30:00,82.31,82.37,82.27,82.29,4761.592
2026-05-30 09:35:00,82.3,82.35,82.28,82.32,4611.135
2026-05-30 09:40:00,82.32,82.33,82.29,82.32,733.933
2026-05-30 09:45:00,82.31,82.35,82.28,82.29,1441.873
2026-05-30 09:50:00,82.29,82.39,82.28,82.37,1845.026
2026-05-30 09:55:00,82.37,82.37,82.31,82.34,1359.269
2026-05-30 10:00:00,82.34,82.37,82.3,82.34,1630.615
2026-05-30 10:05:00,82.35,82.44,82.33,82.39,1776.919
2026-05-30 10:10:00,82.38,82.44,82.38,82.41,1209.648
2026-05-30 10:15:00,82.41,82.51,82.4,82.51,2709.188
2026-05-30 10:20:00,82.51,82.51,82.43,82.49,2393.635
2026-05-30 10:25:00,82.48,82.5,82.4,82.41,2519.584
2026-05-30 10:30:00,82.42,82.47,82.41,82.45,1430.533
2026-05-30 10:35:00,82.44,82.45,82.42,82.42,554.165
2026-05-30 10:40:00,82.42,82.49,82.42,82.47,1229.29
2026-05-30 10:45:00,82.46,82.47,82.44,82.45,455.697
2026-05-30 10:50:00,82.44,82.48,82.44,82.45,1520.615
2026-05-30 10:55:00,82.46,82.46,82.35,82.38,7898.509
2026-05-30 11:00:00,82.39,82.4,82.34,82.35,1260.893
2026-05-30 11:05:00,82.34,82.38,82.27,82.3,2016.826
2026-05-30 11:10:00,82.29,82.34,82.29,82.32,838.457
2026-05-30 11:15:00,82.33,82.34,82.22,82.23,2596.27
2026-05-30 11:20:00,82.23,82.28,82.22,82.28,2638.607
2026-05-30 11:25:00,82.28,82.36,82.28,82.33,1615.35
2026-05-30 11:30:00,82.33,82.38,82.32,82.37,738.475
2026-05-30 11:35:00,82.37,82.55,82.37,82.49,2577.637
2026-05-30 11:40:00,82.49,82.51,82.42,82.44,1233.93
2026-05-30 11:45:00,82.43,82.46,82.35,82.37,1987.124
2026-05-30 11:50:00,82.38,82.38,82.31,82.37,1464.03
2026-05-30 11:55:00,82.37,82.37,82.32,82.33,580.634
2026-05-30 12:00:00,82.33,82.33,82.27,82.3,3661.407
2026-05-30 12:05:00,82.29,82.33,82.29,82.3,1233.834
2026-05-30 12:10:00,82.29,82.3,82.25,82.28,4514.849
2026-05-30 12:15:00,82.28,82.36,82.27,82.36,7784.657
2026-05-30 12:20:00,82.35,82.37,82.32,82.36,2427.653
2026-05-30 12:25:00,82.35,82.41,82.33,82.34,3230.599
2026-05-30 12:30:00,82.34,82.41,82.34,82.36,1707.472
2026-05-30 12:35:00,82.36,82.36,82.31,82.32,5316.41
2026-05-30 12:40:00,82.32,82.34,82.29,82.34,3669.952
2026-05-30 12:45:00,82.33,82.36,82.28,82.32,4630.193
2026-05-30 12:50:00,82.32,82.34,82.28,82.34,2411.097
2026-05-30 12:55:00,82.33,82.44,82.33,82.43,2463.929
2026-05-30 13:00:00,82.43,82.54,82.42,82.5,6600.947
2026-05-30 13:05:00,82.49,82.51,82.45,82.51,3765.448
2026-05-30 13:10:00,82.51,82.53,82.5,82.5,973.943
2026-05-30 13:15:00,82.5,82.5,82.43,82.46,2730.05
2026-05-30 13:20:00,82.46,82.57,82.46,82.52,4716.575
2026-05-30 13:25:00,82.52,82.52,82.47,82.47,1051.517
2026-05-30 13:30:00,82.48,82.48,82.32,82.36,3422.561
2026-05-30 13:35:00,82.36,82.36,82.25,82.3,3784.561
2026-05-30 13:40:00,82.3,82.42,82.29,82.42,2250.929
2026-05-30 13:45:00,82.42,82.42,82.38,82.39,2624.763
2026-05-30 13:50:00,82.38,82.48,82.38,82.48,2483.414
2026-05-30 13:55:00,82.48,82.51,82.45,82.48,1084.778
2026-05-30 14:00:00,82.48,82.59,82.44,82.55,3622.897
2026-05-30 14:05:00,82.55,82.59,82.46,82.48,4672.076
2026-05-30 14:10:00,82.47,82.59,82.46,82.51,6955.262
2026-05-30 14:15:00,82.51,82.64,82.43,82.62,2804.876
2026-05-30 14:20:00,82.62,82.63,82.53,82.56,2575.64
2026-05-30 14:25:00,82.57,82.7,82.54,82.67,7689.59
2026-05-30 14:30:00,82.68,82.79,82.61,82.73,13206.344
2026-05-30 14:35:00,82.73,82.76,82.65,82.69,6910.112
2026-05-30 14:40:00,82.7,82.75,82.66,82.66,4124.196
2026-05-30 14:45:00,82.66,82.69,82.57,82.65,7118.34
2026-05-30 14:50:00,82.65,82.65,82.58,82.64,1715.825
2026-05-30 14:55:00,82.63,82.66,82.6,82.63,5670.779
2026-05-30 15:00:00,82.63,82.71,82.57,82.59,6816.733
2026-05-30 15:05:00,82.6,82.66,82.57,82.63,3668.071
2026-05-30 15:10:00,82.64,82.92,82.63,82.86,5063.228
2026-05-30 15:15:00,82.87,82.87,82.71,82.78,8951.661
2026-05-30 15:20:00,82.78,82.78,82.61,82.66,4133.597
2026-05-30 15:25:00,82.66,82.73,82.66,82.69,2028.389
2026-05-30 15:30:00,82.7,82.71,82.57,82.65,6154.72
2026-05-30 15:35:00,82.64,82.69,82.5,82.53,28308.702
2026-05-30 15:40:00,82.52,82.56,82.48,82.52,6534.96
2026-05-30 15:45:00,82.52,82.65,82.52,82.64,3667.094
2026-05-30 15:50:00,82.63,82.74,82.59,82.7,3921.83
2026-05-30 15:55:00,82.69,82.7,82.63,82.69,1802.952
2026-05-30 16:00:00,82.68,82.7,82.63,82.68,7787.303
2026-05-30 16:05:00,82.68,82.77,82.68,82.74,2563.15
2026-05-30 16:10:00,82.74,82.88,82.73,82.86,3159.22
2026-05-30 16:15:00,82.85,82.89,82.69,82.74,2664.549
2026-05-30 16:20:00,82.74,82.78,82.7,82.73,3048.445
2026-05-30 16:25:00,82.73,82.79,82.72,82.77,2171.875
2026-05-30 16:30:00,82.77,82.9,82.77,82.88,2671.947
2026-05-30 16:35:00,82.88,82.92,82.84,82.91,4053.56
2026-05-30 16:40:00,82.92,82.92,82.83,82.85,1877.685
2026-05-30 16:45:00,82.86,82.92,82.75,82.86,2926.525
2026-05-30 16:50:00,82.86,82.88,82.82,82.88,1619.766
2026-05-30 16:55:00,82.87,82.91,82.87,82.89,1953.12
2026-05-30 17:00:00,82.88,82.97,82.86,82.94,3751.506
2026-05-30 17:05:00,82.95,82.98,82.81,82.85,4596.208
2026-05-30 17:10:00,82.84,82.91,82.8,82.89,3188.32
2026-05-30 17:15:00,82.89,82.93,82.8,82.9,2616.809
2026-05-30 17:20:00,82.9,83.05,82.89,82.97,7141.703
2026-05-30 17:25:00,82.98,82.99,82.89,82.9,2856.81
2026-05-30 17:30:00,82.89,82.9,82.63,82.74,8468.791
2026-05-30 17:35:00,82.74,82.83,82.67,82.83,3362.091
2026-05-30 17:40:00,82.82,82.89,82.82,82.89,2337.796
2026-05-30 17:45:00,82.89,83.04,82.89,83.01,2989.124
2026-05-30 17:50:00,83.01,83.05,82.99,83.02,2040.949
2026-05-30 17:55:00,83.02,83.06,82.98,83.05,3709.038
2026-05-30 18:00:00,83.05,83.08,83.02,83.07,2489.759
2026-05-30 18:05:00,83.07,83.12,83.0,83.06,9687.504
2026-05-30 18:10:00,83.06,83.07,82.98,82.99,1202.709
2026-05-30 18:15:00,82.98,83.06,82.96,83.06,3757.301
2026-05-30 18:20:00,83.06,83.12,82.97,82.97,3513.608
2026-05-30 18:25:00,82.97,82.97,82.88,82.91,3475.48
2026-05-30 18:30:00,82.9,82.99,82.87,82.96,2102.698
2026-05-30 18:35:00,82.96,83.01,82.93,82.97,1620.12
2026-05-30 18:40:00,82.98,83.07,82.97,83.07,1430.282
2026-05-30 18:45:00,83.08,83.14,83.0,83.05,2426.125
2026-05-30 18:50:00,83.04,83.04,82.95,83.02,3028.191
2026-05-30 18:55:00,83.02,83.07,82.99,83.03,6177.206
2026-05-30 19:00:00,83.02,83.05,82.93,83.05,3447.338
2026-05-30 19:05:00,83.04,83.04,82.93,82.94,2014.715
2026-05-30 19:10:00,82.94,82.97,82.9,82.95,3220.083
2026-05-30 19:15:00,82.95,83.02,82.95,82.98,2555.054
2026-05-30 19:20:00,82.97,83.0,82.89,82.89,2945.223
2026-05-30 19:25:00,82.89,82.95,82.83,82.86,4205.721
2026-05-30 19:30:00,82.85,82.86,82.78,82.81,1964.761
2026-05-30 19:35:00,82.81,82.91,82.81,82.89,3124.929
2026-05-30 19:40:00,82.89,82.93,82.88,82.93,2387.497
2026-05-30 19:45:00,82.94,83.03,82.93,82.96,4380.874
2026-05-30 19:50:00,82.96,83.0,82.93,82.98,2884.095
2026-05-30 19:55:00,82.98,83.01,82.93,82.99,5458.873
2026-05-30 20:00:00,82.99,83.05,82.98,82.98,1515.01
2026-05-30 20:05:00,82.97,83.08,82.95,83.03,2235.825
2026-05-30 20:10:00,83.04,83.07,83.01,83.01,2332.075
2026-05-30 20:15:00,83.0,83.03,82.97,82.97,1856.817
2026-05-30 20:20:00,82.97,83.0,82.92,82.97,2574.426
2026-05-30 20:25:00,82.97,82.97,82.92,82.93,2347.554
2026-05-30 20:30:00,82.92,82.93,82.86,82.92,1498.181
2026-05-30 20:35:00,82.93,82.99,82.88,82.91,5884.919
2026-05-30 20:40:00,82.92,82.92,82.88,82.89,808.547
2026-05-30 20:45:00,82.9,82.97,82.9,82.93,678.581
2026-05-30 20:50:00,82.93,83.01,82.89,82.96,2474.569
2026-05-30 20:55:00,82.96,82.97,82.95,82.96,558.38
2026-05-30 21:00:00,82.96,82.99,82.91,82.93,2427.013
2026-05-30 21:05:00,82.92,82.99,82.92,82.98,2698.114
2026-05-30 21:10:00,82.99,83.1,82.98,83.06,6870.109
2026-05-30 21:15:00,83.07,83.07,82.98,83.01,4682.819
2026-05-30 21:20:00,83.02,83.1,83.01,83.02,1864.403
2026-05-30 21:25:00,83.03,83.06,83.02,83.04,1392.496
2026-05-30 21:30:00,83.04,83.06,83.0,83.03,2831.046
2026-05-30 21:35:00,83.03,83.09,83.0,83.09,1875.257
2026-05-30 21:40:00,83.08,83.17,83.06,83.1,7838.667
2026-05-30 21:45:00,83.1,83.16,83.03,83.04,3795.118
2026-05-30 21:50:00,83.03,83.12,83.03,83.12,1153.011
2026-05-30 21:55:00,83.12,83.12,83.01,83.02,4038.331
2026-05-30 22:00:00,83.02,83.02,82.73,82.73,11243.698
2026-05-30 22:05:00,82.73,82.73,82.57,82.7,5125.711
2026-05-30 22:10:00,82.7,82.78,82.69,82.74,7671.833
2026-05-30 22:15:00,82.74,82.84,82.71,82.75,2309.135
2026-05-30 22:20:00,82.76,82.78,82.65,82.72,1459.55
2026-05-30 22:25:00,82.72,82.73,82.67,82.73,1732.0
2026-05-30 22:30:00,82.73,82.76,82.69,82.72,1037.361
2026-05-30 22:35:00,82.71,82.75,82.52,82.52,4167.579
2026-05-30 22:40:00,82.52,82.59,82.45,82.53,3760.959
2026-05-30 22:45:00,82.53,82.61,82.52,82.6,1319.172
2026-05-30 22:50:00,82.6,82.62,82.56,82.62,718.211
2026-05-30 22:55:00,82.61,82.66,82.59,82.65,4096.268
2026-05-30 23:00:00,82.64,82.89,82.63,82.82,6625.006
2026-05-30 23:05:00,82.82,82.82,82.68,82.69,1922.402
2026-05-30 23:10:00,82.69,82.69,82.54,82.56,1781.044
2026-05-30 23:15:00,82.56,82.63,82.52,82.6,1806.074
2026-05-30 23:20:00,82.6,82.6,82.52,82.6,1672.293
2026-05-30 23:25:00,82.6,82.66,82.59,82.65,1332.102
2026-05-30 23:30:00,82.65,82.65,82.54,82.58,2642.677
2026-05-30 23:35:00,82.57,82.59,82.53,82.57,658.566
2026-05-30 23:40:00,82.57,82.61,82.57,82.58,1171.949
2026-05-30 23:45:00,82.58,82.65,82.58,82.65,1392.253
2026-05-30 23:50:00,82.65,82.69,82.64,82.67,1624.182
2026-05-30 23:55:00,82.67,82.74,82.64,82.73,1954.072
2026-05-31 00:00:00,82.74,82.83,82.64,82.65,2330.53
2026-05-31 00:05:00,82.66,82.74,82.62,82.74,1458.092
2026-05-31 00:10:00,82.73,82.83,82.73,82.76,1359.377
2026-05-31 00:15:00,82.76,82.82,82.75,82.79,994.097
2026-05-31 00:20:00,82.8,82.88,82.8,82.87,1562.19
2026-05-31 00:25:00,82.87,82.94,82.82,82.84,3916.008
2026-05-31 00:30:00,82.85,82.9,82.8,82.89,2097.679
2026-05-31 00:35:00,82.9,82.9,82.77,82.79,2610.734
2026-05-31 00:40:00,82.78,82.84,82.77,82.83,1634.847
2026-05-31 00:45:00,82.84,82.87,82.8,82.86,1611.241
2026-05-31 00:50:00,82.86,82.96,82.85,82.93,1982.124
2026-05-31 00:55:00,82.94,82.95,82.89,82.93,3180.721
2026-05-31 01:00:00,82.93,83.03,82.92,83.01,3331.667
2026-05-31 01:05:00,83.0,83.02,82.96,82.99,1605.83
2026-05-31 01:10:00,83.0,83.04,82.98,83.01,2172.909
2026-05-31 01:15:00,83.01,83.12,83.01,83.08,4607.565
2026-05-31 01:20:00,83.08,83.17,83.04,83.16,4237.27
2026-05-31 01:25:00,83.17,83.17,82.99,83.03,3869.621
2026-05-31 01:30:00,83.02,83.15,83.01,83.12,8433.785
2026-05-31 01:35:00,83.13,83.25,83.11,83.11,5494.559
2026-05-31 01:40:00,83.11,83.11,83.0,83.02,6394.578
2026-05-31 01:45:00,83.02,83.18,83.02,83.15,7039.253
2026-05-31 01:50:00,83.15,83.16,83.06,83.07,1464.483
2026-05-31 01:55:00,83.07,83.08,83.01,83.02,2416.604
2026-05-31 02:00:00,83.03,83.11,83.01,83.11,2239.605
2026-05-31 02:05:00,83.1,83.17,83.1,83.12,4482.4
2026-05-31 02:10:00,83.12,83.2,83.11,83.2,3232.713
2026-05-31 02:15:00,83.19,83.42,83.19,83.3,13943.354
2026-05-31 02:20:00,83.3,83.3,83.21,83.28,3262.616
2026-05-31 02:25:00,83.28,83.28,82.93,82.93,5017.335
2026-05-31 02:30:00,82.93,83.08,82.89,82.89,6818.118
2026-05-31 02:35:00,82.88,83.02,82.88,83.01,4323.872
2026-05-31 02:40:00,83.01,83.05,82.95,83.05,1767.138
2026-05-31 02:45:00,83.05,83.05,82.98,83.02,2382.199
2026-05-31 02:50:00,83.01,83.14,83.0,83.05,3567.405
2026-05-31 02:55:00,83.05,83.19,83.03,83.15,6401.425
2026-05-31 03:00:00,83.16,83.23,83.15,83.16,3553.207
2026-05-31 03:05:00,83.15,83.17,83.11,83.15,3047.7
2026-05-31 03:10:00,83.14,83.22,83.1,83.22,1921.434
2026-05-31 03:15:00,83.22,83.25,83.16,83.23,6911.449
2026-05-31 03:20:00,83.24,83.27,83.18,83.26,5620.69
2026-05-31 03:25:00,83.27,83.35,83.23,83.28,3700.581
2026-05-31 03:30:00,83.29,83.31,83.23,83.31,993.376
2026-05-31 03:35:00,83.31,83.32,83.17,83.17,1182.88
2026-05-31 03:40:00,83.17,83.24,83.13,83.24,770.533
2026-05-31 03:45:00,83.23,83.28,83.19,83.27,1220.702
2026-05-31 03:50:00,83.28,83.3,83.2,83.21,667.411
2026-05-31 03:55:00,83.21,83.25,83.2,83.25,943.451
2026-05-31 04:00:00,83.24,83.27,83.2,83.26,1603.752
2026-05-31 04:05:00,83.25,83.27,83.15,83.16,5813.095
2026-05-31 04:10:00,83.16,83.16,83.09,83.11,2340.064
2026-05-31 04:15:00,83.1,83.2,83.1,83.19,1655.195
2026-05-31 04:20:00,83.2,83.29,83.2,83.25,2800.153
2026-05-31 04:25:00,83.25,83.27,83.2,83.22,570.407
2026-05-31 04:30:00,83.23,83.24,83.16,83.19,960.366
2026-05-31 04:35:00,83.18,83.29,83.17,83.24,1176.569
2026-05-31 04:40:00,83.23,83.24,83.18,83.24,1003.238
2026-05-31 04:45:00,83.24,83.26,83.17,83.26,751.422
2026-05-31 04:50:00,83.25,83.3,83.23,83.24,1410.669
2026-05-31 04:55:00,83.24,83.28,83.22,83.22,1965.56
2026-05-31 05:00:00,83.21,83.21,83.03,83.07,3143.108
2026-05-31 05:05:00,83.07,83.14,83.07,83.11,3144.546
2026-05-31 05:10:00,83.11,83.16,83.07,83.07,1417.314
2026-05-31 05:15:00,83.07,83.14,83.07,83.11,1398.855
2026-05-31 05:20:00,83.11,83.13,83.04,83.06,2564.687
2026-05-31 05:25:00,83.05,83.13,83.02,83.12,3046.3
2026-05-31 05:30:00,83.12,83.19,83.1,83.14,1925.201
2026-05-31 05:35:00,83.13,83.22,83.09,83.1,1328.161
2026-05-31 05:40:00,83.11,83.12,83.07,83.08,4596.354
2026-05-31 05:45:00,83.07,83.08,83.0,83.02,1670.055
2026-05-31 05:50:00,83.03,83.08,83.0,83.02,1250.141
2026-05-31 05:55:00,83.01,83.05,83.0,83.03,2101.714
2026-05-31 06:00:00,83.03,83.03,82.89,82.92,3819.104
2026-05-31 06:05:00,82.91,82.94,82.89,82.92,2692.692
2026-05-31 06:10:00,82.92,82.94,82.9,82.91,1631.695
2026-05-31 06:15:00,82.91,82.94,82.89,82.94,3161.663
2026-05-31 06:20:00,82.94,82.96,82.92,82.94,3253.839
2026-05-31 06:25:00,82.95,82.95,82.84,82.9,8121.341
2026-05-31 06:30:00,82.9,83.0,82.87,82.96,2472.173
2026-05-31 06:35:00,82.95,82.98,82.92,82.98,3809.507
2026-05-31 06:40:00,82.98,82.98,82.94,82.94,2095.434
2026-05-31 06:45:00,82.94,83.03,82.94,82.99,3319.833
2026-05-31 06:50:00,82.99,82.99,82.94,82.98,1596.903
2026-05-31 06:55:00,82.98,83.0,82.95,82.95,1525.436
2026-05-31 07:00:00,82.96,82.96,82.81,82.84,3890.571
2026-05-31 07:05:00,82.84,82.93,82.84,82.88,1637.193
2026-05-31 07:10:00,82.88,82.89,82.73,82.79,5527.888
2026-05-31 07:15:00,82.78,82.85,82.76,82.79,3500.263
2026-05-31 07:20:00,82.79,82.8,82.63,82.65,3107.626
2026-05-31 07:25:00,82.66,82.72,82.62,82.68,3149.104
2026-05-31 07:30:00,82.67,82.68,82.52,82.56,7395.226
2026-05-31 07:35:00,82.56,82.67,82.52,82.61,3689.978
2026-05-31 07:40:00,82.61,82.7,82.6,82.62,2695.492
2026-05-31 07:45:00,82.61,82.69,82.59,82.63,2293.588
2026-05-31 07:50:00,82.63,82.68,82.62,82.68,1900.411
2026-05-31 07:55:00,82.67,82.7,82.65,82.66,1674.066
2026-05-31 08:00:00,82.67,82.83,82.66,82.82,2234.447
2026-05-31 08:05:00,82.83,82.86,82.69,82.72,2555.12
2026-05-31 08:10:00,82.71,82.73,82.67,82.72,1686.945
2026-05-31 08:15:00,82.72,82.84,82.72,82.75,5975.716
2026-05-31 08:20:00,82.75,82.86,82.74,82.83,5829.242
2026-05-31 08:25:00,82.83,82.84,82.79,82.83,1464.118
2026-05-31 08:30:00,82.83,82.83,82.75,82.79,1015.443
2026-05-31 08:35:00,82.79,82.82,82.71,82.73,2738.67
2026-05-31 08:40:00,82.74,82.74,82.62,82.7,1403.543
2026-05-31 08:45:00,82.71,82.71,82.63,82.64,1242.215
2026-05-31 08:50:00,82.64,82.71,82.59,82.71,2304.001
2026-05-31 08:55:00,82.71,82.84,82.71,82.81,2172.207
2026-05-31 09:00:00,82.8,82.81,82.67,82.68,4133.105
2026-05-31 09:05:00,82.69,82.75,82.66,82.75,1791.092
2026-05-31 09:10:00,82.74,82.76,82.7,82.7,1078.289
2026-05-31 09:15:00,82.69,82.87,82.66,82.84,1589.071
2026-05-31 09:20:00,82.85,82.85,82.76,82.8,2150.553
2026-05-31 09:25:00,82.8,82.88,82.77,82.83,2599.304
2026-05-31 09:30:00,82.83,82.9,82.83,82.9,2626.163
2026-05-31 09:35:00,82.9,82.94,82.82,82.92,2472.222
2026-05-31 09:40:00,82.92,83.05,82.91,83.0,4745.674
2026-05-31 09:45:00,83.0,83.04,82.94,83.01,2391.726
2026-05-31 09:50:00,83.01,83.01,82.83,82.86,1694.075
2026-05-31 09:55:00,82.87,82.87,82.64,82.75,5051.547
2026-05-31 10:00:00,82.75,82.75,82.62,82.71,3867.483
2026-05-31 10:05:00,82.71,82.74,82.68,82.73,2395.561
2026-05-31 10:10:00,82.72,82.75,82.69,82.73,3813.18
2026-05-31 10:15:00,82.73,82.75,82.61,82.62,3000.954
2026-05-31 10:20:00,82.62,82.63,82.49,82.55,13463.323
2026-05-31 10:25:00,82.55,82.64,82.54,82.63,714.247
2026-05-31 10:30:00,82.64,82.68,82.61,82.68,1873.509
2026-05-31 10:35:00,82.67,82.67,82.58,82.59,3702.068
2026-05-31 10:40:00,82.59,82.59,82.54,82.59,997.004
2026-05-31 10:45:00,82.6,82.6,82.52,82.6,1029.749
2026-05-31 10:50:00,82.59,82.64,82.58,82.63,1619.215
2026-05-31 10:55:00,82.63,82.72,82.61,82.71,1606.8
2026-05-31 11:00:00,82.71,82.83,82.71,82.76,1407.568
2026-05-31 11:05:00,82.77,82.81,82.76,82.81,1191.23
2026-05-31 11:10:00,82.81,82.84,82.78,82.82,1224.689
2026-05-31 11:15:00,82.81,82.82,82.77,82.77,838.256
2026-05-31 11:20:00,82.77,82.78,82.67,82.73,1100.102
2026-05-31 11:25:00,82.74,82.85,82.74,82.84,1409.227
2026-05-31 11:30:00,82.84,82.84,82.74,82.75,1270.767
2026-05-31 11:35:00,82.75,82.85,82.75,82.8,2356.896
2026-05-31 11:40:00,82.81,82.82,82.75,82.78,3693.265
2026-05-31 11:45:00,82.79,82.8,82.72,82.76,1019.621
2026-05-31 11:50:00,82.75,82.79,82.7,82.72,1324.498
2026-05-31 11:55:00,82.72,82.77,82.67,82.76,2415.528
2026-05-31 12:00:00,82.76,82.8,82.57,82.59,6563.611
2026-05-31 12:05:00,82.6,82.69,82.59,82.68,1233.003
2026-05-31 12:10:00,82.67,82.72,82.66,82.71,2235.87
2026-05-31 12:15:00,82.71,82.86,82.7,82.84,2223.168
2026-05-31 12:20:00,82.84,82.84,82.74,82.79,1799.296
2026-05-31 12:25:00,82.78,82.8,82.76,82.79,1399.229
2026-05-31 12:30:00,82.78,82.79,82.72,82.74,922.429
2026-05-31 12:35:00,82.74,82.83,82.74,82.79,1947.485
2026-05-31 12:40:00,82.8,82.92,82.78,82.92,2377.769
2026-05-31 12:45:00,82.92,82.93,82.85,82.86,2096.346
2026-05-31 12:50:00,82.86,82.94,82.78,82.79,4217.868
2026-05-31 12:55:00,82.79,82.82,82.76,82.82,1083.254
2026-05-31 13:00:00,82.82,82.86,82.75,82.76,2100.066
2026-05-31 13:05:00,82.76,82.89,82.75,82.88,1511.747
2026-05-31 13:10:00,82.89,82.95,82.89,82.93,1946.035
2026-05-31 13:15:00,82.93,83.07,82.92,83.07,3999.088
2026-05-31 13:20:00,83.07,83.12,82.98,83.02,3500.622
2026-05-31 13:25:00,83.03,83.07,82.95,82.99,3202.902
2026-05-31 13:30:00,83.0,83.03,82.92,82.92,2407.23
2026-05-31 13:35:00,82.92,83.0,82.81,82.86,1809.169
2026-05-31 13:40:00,82.86,82.86,82.78,82.82,2227.109
2026-05-31 13:45:00,82.82,82.85,82.74,82.74,1710.52
2026-05-31 13:50:00,82.75,82.77,82.66,82.72,3685.39
2026-05-31 13:55:00,82.73,82.77,82.72,82.77,1714.928
2026-05-31 14:00:00,82.76,82.77,82.58,82.65,5678.905
2026-05-31 14:05:00,82.64,82.72,82.6,82.71,1960.87
2026-05-31 14:10:00,82.71,82.76,82.3,82.38,15914.674
2026-05-31 14:15:00,82.38,82.5,81.79,81.99,58182.177
2026-05-31 14:20:00,81.99,82.12,81.87,82.01,13137.27
2026-05-31 14:25:00,82.01,82.08,81.93,82.0,6924.762
2026-05-31 14:30:00,82.0,82.11,81.95,82.1,12972.671
2026-05-31 14:35:00,82.09,82.19,82.01,82.12,8028.849
2026-05-31 14:40:00,82.12,82.12,81.91,81.96,6567.174
2026-05-31 14:45:00,81.95,82.1,81.95,82.0,4945.485
2026-05-31 14:50:00,82.0,82.08,81.99,82.07,5144.668
2026-05-31 14:55:00,82.06,82.06,81.89,81.96,8554.545
2026-05-31 15:00:00,81.96,82.05,81.91,81.97,5041.51
2026-05-31 15:05:00,81.97,82.05,81.96,82.01,5747.559
2026-05-31 15:10:00,82.0,82.09,81.98,82.08,3998.203
2026-05-31 15:15:00,82.09,82.14,82.03,82.14,2317.808
2026-05-31 15:20:00,82.14,82.21,82.12,82.21,2349.201
2026-05-31 15:25:00,82.21,82.27,82.19,82.22,3592.091
2026-05-31 15:30:00,82.23,82.23,82.15,82.19,1642.796
2026-05-31 15:35:00,82.2,82.21,82.16,82.2,862.004
2026-05-31 15:40:00,82.2,82.2,81.98,81.98,5433.589
2026-05-31 15:45:00,81.99,82.09,81.98,81.99,3414.784
2026-05-31 15:50:00,81.98,82.05,81.95,82.02,1740.78
2026-05-31 15:55:00,82.02,82.03,81.81,81.88,7844.926
2026-05-31 16:00:00,81.88,82.04,81.83,82.01,5538.175
2026-05-31 16:05:00,82.01,82.04,81.92,81.92,1578.262
2026-05-31 16:10:00,81.93,81.94,81.69,81.77,5431.809
2026-05-31 16:15:00,81.78,81.85,81.78,81.85,2543.104
2026-05-31 16:20:00,81.84,81.87,81.65,81.74,11336.25
2026-05-31 16:25:00,81.74,81.76,81.61,81.75,3624.325
2026-05-31 16:30:00,81.74,81.75,81.42,81.46,20211.221
2026-05-31 16:35:00,81.46,81.62,81.43,81.61,12897.787
2026-05-31 16:40:00,81.61,81.67,81.56,81.58,4149.319
2026-05-31 16:45:00,81.58,81.58,81.45,81.49,3801.24
2026-05-31 16:50:00,81.49,81.61,81.47,81.6,3431.963
2026-05-31 16:55:00,81.6,81.61,81.54,81.59,3853.201
2026-05-31 17:00:00,81.58,81.69,81.54,81.56,5460.229
2026-05-31 17:05:00,81.56,81.65,81.55,81.56,7026.504
2026-05-31 17:10:00,81.55,81.57,81.46,81.55,8362.198
2026-05-31 17:15:00,81.55,81.67,81.54,81.61,4200.768
2026-05-31 17:20:00,81.61,81.68,81.6,81.67,551.399
2026-05-31 17:25:00,81.68,81.75,81.67,81.73,1246.944
2026-05-31 17:30:00,81.74,81.84,81.73,81.8,2668.855
2026-05-31 17:35:00,81.81,81.9,81.81,81.88,1683.872
2026-05-31 17:40:00,81.89,81.9,81.84,81.87,2520.429
2026-05-31 17:45:00,81.87,81.9,81.85,81.86,1804.848
2026-05-31 17:50:00,81.85,81.88,81.82,81.88,2389.15
2026-05-31 17:55:00,81.87,81.88,81.83,81.87,1480.996
2026-05-31 18:00:00,81.87,81.87,81.69,81.73,2817.685
2026-05-31 18:05:00,81.73,81.81,81.73,81.77,1778.855
2026-05-31 18:10:00,81.76,81.82,81.73,81.74,1505.339
2026-05-31 18:15:00,81.73,81.73,81.61,81.69,2277.236
2026-05-31 18:20:00,81.68,81.71,81.63,81.67,1364.205
2026-05-31 18:25:00,81.67,81.76,81.67,81.73,1843.537
2026-05-31 18:30:00,81.72,81.85,81.71,81.8,2274.198
2026-05-31 18:35:00,81.8,81.81,81.76,81.79,864.35
2026-05-31 18:40:00,81.79,81.83,81.74,81.76,1845.144
2026-05-31 18:45:00,81.75,81.76,81.69,81.69,1250.269
2026-05-31 18:50:00,81.69,81.73,81.66,81.73,1453.917
2026-05-31 18:55:00,81.73,81.78,81.71,81.76,1672.641
2026-05-31 19:00:00,81.75,81.8,81.67,81.67,3107.965
2026-05-31 19:05:00,81.68,81.72,81.66,81.69,1115.115
2026-05-31 19:10:00,81.68,81.71,81.62,81.63,1833.734
2026-05-31 19:15:00,81.62,81.67,81.6,81.64,2755.533
2026-05-31 19:20:00,81.64,81.67,81.5,81.5,4000.342
2026-05-31 19:25:00,81.5,81.54,81.43,81.53,4901.969
2026-05-31 19:30:00,81.53,81.57,81.33,81.44,4391.718
2026-05-31 19:35:00,81.43,81.52,81.43,81.51,883.69
2026-05-31 19:40:00,81.52,81.6,81.49,81.58,1154.841
2026-05-31 19:45:00,81.58,81.61,81.52,81.56,691.443
2026-05-31 19:50:00,81.55,81.59,81.53,81.59,876.553
2026-05-31 19:55:00,81.59,81.66,81.58,81.58,1890.644
2026-05-31 20:00:00,81.59,81.77,81.59,81.67,3873.299
2026-05-31 20:05:00,81.66,81.82,81.65,81.81,5675.827
2026-05-31 20:10:00,81.8,81.8,81.7,81.75,1347.972
2026-05-31 20:15:00,81.76,81.85,81.74,81.81,2048.611
2026-05-31 20:20:00,81.81,81.89,81.78,81.79,1403.587
2026-05-31 20:25:00,81.8,81.83,81.79,81.79,979.381
2026-05-31 20:30:00,81.8,81.84,81.79,81.8,1014.28
2026-05-31 20:35:00,81.8,81.82,81.79,81.79,760.067
2026-05-31 20:40:00,81.8,81.82,81.74,81.82,2775.981
2026-05-31 20:45:00,81.82,81.86,81.82,81.85,1547.472
2026-05-31 20:50:00,81.85,81.93,81.85,81.93,1382.455
2026-05-31 20:55:00,81.93,82.01,81.93,81.97,1998.604
2026-05-31 21:00:00,81.97,81.99,81.88,81.93,1530.2
2026-05-31 21:05:00,81.93,81.95,81.88,81.92,796.134
2026-05-31 21:10:00,81.91,81.94,81.89,81.91,1375.952
2026-05-31 21:15:00,81.91,82.07,81.9,81.97,1817.322
2026-05-31 21:20:00,81.96,81.99,81.94,81.97,1857.516
2026-05-31 21:25:00,81.97,82.0,81.92,81.93,1006.453
2026-05-31 21:30:00,81.92,81.98,81.91,81.98,2262.096
2026-05-31 21:35:00,81.98,82.06,81.98,82.01,2240.287
2026-05-31 21:40:00,82.02,82.17,82.0,82.14,6352.445
2026-05-31 21:45:00,82.13,82.37,82.12,82.27,3031.454
2026-05-31 21:50:00,82.28,82.37,82.22,82.24,3790.612
2026-05-31 21:55:00,82.24,82.32,82.23,82.3,2106.501
2026-05-31 22:00:00,82.31,82.46,82.04,82.06,7525.325
2026-05-31 22:05:00,82.07,82.23,82.07,82.23,2208.666
2026-05-31 22:10:00,82.24,82.44,82.23,82.44,2898.686
2026-05-31 22:15:00,82.44,82.61,82.43,82.44,7953.491
2026-05-31 22:20:00,82.45,82.45,82.28,82.4,4086.12
2026-05-31 22:25:00,82.39,82.66,82.39,82.42,8779.465
2026-05-31 22:30:00,82.42,82.61,82.39,82.6,6313.395
2026-05-31 22:35:00,82.59,82.59,82.41,82.44,4099.651
2026-05-31 22:40:00,82.44,82.54,82.43,82.52,1474.184
2026-05-31 22:45:00,82.53,82.69,82.53,82.58,4981.818
2026-05-31 22:50:00,82.58,82.62,82.47,82.47,2630.458
2026-05-31 22:55:00,82.48,82.59,82.45,82.53,2969.819
2026-05-31 23:00:00,82.52,82.92,82.52,82.75,12498.628
2026-05-31 23:05:00,82.74,82.79,82.61,82.69,6838.865
2026-05-31 23:10:00,82.68,82.72,82.58,82.59,3612.448
2026-05-31 23:15:00,82.58,82.7,82.58,82.6,3009.418
2026-05-31 23:20:00,82.6,82.61,82.36,82.41,6547.503
2026-05-31 23:25:00,82.41,82.5,82.4,82.46,4135.01
2026-05-31 23:30:00,82.46,82.46,82.11,82.21,4468.984
2026-05-31 23:35:00,82.2,82.21,82.0,82.09,4957.189
2026-05-31 23:40:00,82.1,82.12,81.95,82.1,5693.295
2026-05-31 23:45:00,82.1,82.3,82.06,82.3,2381.948
2026-05-31 23:50:00,82.29,82.39,82.29,82.33,1259.441
2026-05-31 23:55:00,82.34,82.46,82.34,82.44,1672.607
2026-06-01 00:00:00,82.45,82.74,82.37,82.72,9094.943
2026-06-01 00:05:00,82.73,82.76,82.57,82.61,11249.318
2026-06-01 00:10:00,82.6,82.73,82.53,82.73,2224.864
2026-06-01 00:15:00,82.73,82.79,82.61,82.65,4498.898
2026-06-01 00:20:00,82.65,82.82,82.62,82.76,4777.223
2026-06-01 00:25:00,82.77,83.0,82.77,82.94,9153.652
2026-06-01 00:30:00,82.94,83.1,82.75,82.88,13780.527
2026-06-01 00:35:00,82.89,82.96,82.82,82.86,5390.089
2026-06-01 00:40:00,82.86,83.03,82.8,82.96,10609.562
2026-06-01 00:45:00,82.95,83.03,82.92,82.92,6144.963
2026-06-01 00:50:00,82.93,83.04,82.85,82.89,4019.941
2026-06-01 00:55:00,82.9,82.9,82.8,82.83,4130.557
2026-06-01 01:00:00,82.83,82.87,82.68,82.68,5299.64
2026-06-01 01:05:00,82.69,82.75,82.39,82.44,10174.464
2026-06-01 01:10:00,82.44,82.47,82.32,82.34,7493.978
2026-06-01 01:15:00,82.34,82.46,82.34,82.36,3771.21
2026-06-01 01:20:00,82.36,82.44,82.29,82.3,7432.829
2026-06-01 01:25:00,82.29,82.4,82.22,82.3,11708.537
2026-06-01 01:30:00,82.29,82.34,82.2,82.33,2907.111
2026-06-01 01:35:00,82.34,82.4,82.25,82.28,1523.356
2026-06-01 01:40:00,82.28,82.39,82.06,82.12,5961.912
2026-06-01 01:45:00,82.11,82.26,82.04,82.24,2685.982
2026-06-01 01:50:00,82.24,82.24,81.99,82.03,7073.456
2026-06-01 01:55:00,82.02,82.02,81.75,81.76,8083.99
2026-06-01 02:00:00,81.76,81.88,81.63,81.87,7834.61
2026-06-01 02:05:00,81.87,82.26,81.87,82.24,4412.451
2026-06-01 02:10:00,82.25,82.34,82.21,82.31,4157.479
2026-06-01 02:15:00,82.31,82.33,82.13,82.16,2586.327
2026-06-01 02:20:00,82.15,82.31,82.15,82.23,3004.229
2026-06-01 02:25:00,82.23,82.3,82.2,82.25,1161.311
2026-06-01 02:30:00,82.24,82.24,82.11,82.19,3694.3
2026-06-01 02:35:00,82.2,82.35,82.13,82.32,2784.405
2026-06-01 02:40:00,82.33,82.9,82.27,82.66,14469.34
2026-06-01 02:45:00,82.65,82.86,82.61,82.71,7004.618
2026-06-01 02:50:00,82.71,82.8,82.65,82.76,5069.173
2026-06-01 02:55:00,82.75,82.79,82.68,82.68,2025.236
2026-06-01 03:00:00,82.68,82.96,82.64,82.88,13114.429
2026-06-01 03:05:00,82.89,82.95,82.81,82.92,8621.232
2026-06-01 03:10:00,82.93,82.93,82.75,82.77,4922.513
2026-06-01 03:15:00,82.76,82.86,82.62,82.82,9475.094
2026-06-01 03:20:00,82.83,82.93,82.82,82.89,5256.404
2026-06-01 03:25:00,82.89,82.91,82.82,82.89,5463.276
2026-06-01 03:30:00,82.89,82.99,82.88,82.94,10567.235
2026-06-01 03:35:00,82.94,82.95,82.72,82.73,7522.988
2026-06-01 03:40:00,82.74,82.77,82.66,82.76,2918.84
2026-06-01 03:45:00,82.76,82.8,82.69,82.76,2042.874
2026-06-01 03:50:00,82.76,82.79,82.56,82.56,2909.383
2026-06-01 03:55:00,82.57,82.63,82.56,82.63,1499.074
2026-06-01 04:00:00,82.63,82.78,82.62,82.63,3146.946
2026-06-01 04:05:00,82.63,82.63,82.44,82.44,2930.761
2026-06-01 04:10:00,82.45,82.45,82.26,82.33,3478.894
2026-06-01 04:15:00,82.33,82.37,82.11,82.11,4034.752
2026-06-01 04:20:00,82.11,82.15,81.91,82.0,16848.398
2026-06-01 04:25:00,81.99,82.0,81.85,81.91,4728.704
2026-06-01 04:30:00,81.9,82.06,81.88,82.02,5044.888
2026-06-01 04:35:00,82.01,82.12,82.0,82.05,2278.324
2026-06-01 04:40:00,82.06,82.12,82.0,82.09,5076.719
2026-06-01 04:45:00,82.09,82.09,81.77,81.87,7761.949
2026-06-01 04:50:00,81.86,82.0,81.86,81.98,4835.19
2026-06-01 04:55:00,81.99,82.1,81.96,82.04,3591.12
2026-06-01 05:00:00,82.03,82.05,81.91,82.05,12910.644
2026-06-01 05:05:00,82.05,82.08,81.94,81.95,2551.832
2026-06-01 05:10:00,81.94,82.03,81.88,82.03,3565.729
2026-06-01 05:15:00,82.02,82.06,81.92,81.97,2757.263
2026-06-01 05:20:00,81.96,82.11,81.96,81.99,2131.134
2026-06-01 05:25:00,81.99,81.99,81.76,81.77,2705.883
2026-06-01 05:30:00,81.78,81.88,81.75,81.76,3353.739
2026-06-01 05:35:00,81.76,81.83,81.63,81.83,4523.399
2026-06-01 05:40:00,81.83,81.93,81.83,81.92,1263.084
2026-06-01 05:45:00,81.92,82.03,81.86,81.97,1709.364
2026-06-01 05:50:00,81.97,81.98,81.88,81.9,3676.456
2026-06-01 05:55:00,81.9,81.92,81.77,81.82,2544.251
2026-06-01 06:00:00,81.82,81.87,81.72,81.77,3456.63
2026-06-01 06:05:00,81.76,81.76,81.49,81.54,16954.323
2026-06-01 06:10:00,81.54,81.68,81.54,81.64,2233.228
2026-06-01 06:15:00,81.64,81.69,81.58,81.58,2433.821
2026-06-01 06:20:00,81.57,81.57,81.39,81.51,7804.367
2026-06-01 06:25:00,81.5,81.5,81.39,81.45,3655.005
2026-06-01 06:30:00,81.44,81.49,81.3,81.41,7786.264
2026-06-01 06:35:00,81.41,81.41,81.3,81.4,3767.066
2026-06-01 06:40:00,81.39,81.39,81.17,81.18,7591.872
2026-06-01 06:45:00,81.18,81.48,81.13,81.47,7438.526
2026-06-01 06:50:00,81.46,81.52,81.43,81.44,5531.17
2026-06-01 06:55:00,81.44,81.47,81.36,81.45,3192.507
2026-06-01 07:00:00,81.45,81.49,81.34,81.47,2751.323
2026-06-01 07:05:00,81.48,81.58,81.45,81.53,4046.276
2026-06-01 07:10:00,81.54,81.56,81.4,81.46,1709.708
2026-06-01 07:15:00,81.46,81.51,81.3,81.51,7099.701
2026-06-01 07:20:00,81.51,81.52,81.28,81.34,4174.508
2026-06-01 07:25:00,81.34,81.39,81.25,81.25,4255.648
2026-06-01 07:30:00,81.25,81.26,80.93,81.08,12981.502
2026-06-01 07:35:00,81.08,81.18,81.02,81.12,4690.04
2026-06-01 07:40:00,81.12,81.2,81.06,81.08,3140.306
2026-06-01 07:45:00,81.08,81.15,80.63,80.69,15123.777
2026-06-01 07:50:00,80.69,80.92,80.69,80.82,5400.747
2026-06-01 07:55:00,80.82,80.85,80.69,80.74,4611.68
2026-06-01 08:00:00,80.74,80.82,80.69,80.81,4733.628
2026-06-01 08:05:00,80.81,80.87,80.76,80.82,5375.783
2026-06-01 08:10:00,80.81,80.91,80.76,80.76,4797.167
2026-06-01 08:15:00,80.76,80.82,80.64,80.81,5057.333
2026-06-01 08:20:00,80.8,80.92,80.79,80.89,4572.535
2026-06-01 08:25:00,80.89,80.92,80.57,80.66,9986.755
2026-06-01 08:30:00,80.66,80.89,80.46,80.8,17458.691
2026-06-01 08:35:00,80.79,80.88,80.77,80.84,5868.475
2026-06-01 08:40:00,80.83,80.83,80.62,80.78,6513.468
2026-06-01 08:45:00,80.79,80.92,80.78,80.84,6524.001
2026-06-01 08:50:00,80.84,80.91,80.8,80.88,2317.039
2026-06-01 08:55:00,80.87,81.05,80.87,80.99,3350.964
2026-06-01 09:00:00,80.99,81.17,80.99,81.11,8395.086
2026-06-01 09:05:00,81.1,81.21,81.1,81.17,1521.106
2026-06-01 09:10:00,81.18,81.19,81.11,81.17,3390.105
2026-06-01 09:15:00,81.18,81.24,81.12,81.24,6392.859
2026-06-01 09:20:00,81.25,81.28,81.14,81.19,4632.24
2026-06-01 09:25:00,81.2,81.29,81.14,81.14,3880.066
2026-06-01 09:30:00,81.14,81.22,81.08,81.21,4276.796
2026-06-01 09:35:00,81.22,81.24,81.08,81.13,5740.965
2026-06-01 09:40:00,81.14,81.19,81.0,81.13,8032.928
2026-06-01 09:45:00,81.13,81.28,81.13,81.22,9024.288
2026-06-01 09:50:00,81.22,81.26,81.06,81.06,15189.641
2026-06-01 09:55:00,81.06,81.09,81.03,81.08,3170.26
2026-06-01 10:00:00,81.08,81.12,80.92,80.96,19172.631
2026-06-01 10:05:00,80.96,81.09,80.91,81.01,4895.447
2026-06-01 10:10:00,81.01,81.06,80.94,80.98,3155.683
2026-06-01 10:15:00,80.98,81.03,80.93,80.98,2211.786
2026-06-01 10:20:00,80.98,81.06,80.86,80.91,3324.24
2026-06-01 10:25:00,80.91,80.95,80.83,80.87,3141.363
2026-06-01 10:30:00,80.87,81.04,80.83,80.85,11332.936
2026-06-01 10:35:00,80.86,80.93,80.83,80.92,2413.181
2026-06-01 10:40:00,80.93,81.04,80.89,81.03,2755.576
2026-06-01 10:45:00,81.04,81.16,81.04,81.12,2789.677
2026-06-01 10:50:00,81.12,81.19,81.1,81.14,3849.389
2026-06-01 10:55:00,81.13,81.17,81.06,81.1,2890.712
2026-06-01 11:00:00,81.1,81.12,81.04,81.05,3198.621
2026-06-01 11:05:00,81.04,81.17,81.01,81.16,1955.682
2026-06-01 11:10:00,81.17,81.19,81.06,81.1,3113.757
2026-06-01 11:15:00,81.1,81.2,81.06,81.2,2341.971
2026-06-01 11:20:00,81.2,81.26,81.11,81.17,8370.245
2026-06-01 11:25:00,81.17,81.18,81.09,81.14,3568.647
2026-06-01 11:30:00,81.14,81.15,81.08,81.14,3973.452
2026-06-01 11:35:00,81.15,81.2,81.05,81.08,9182.309
2026-06-01 11:40:00,81.08,81.16,81.07,81.07,10081.209
2026-06-01 11:45:00,81.07,81.1,80.88,80.92,9678.988
2026-06-01 11:50:00,80.92,80.93,80.81,80.85,13616.091
2026-06-01 11:55:00,80.85,80.87,80.6,80.81,32165.742
2026-06-01 12:00:00,80.82,81.0,80.62,80.79,14151.0
2026-06-01 12:05:00,80.78,80.88,80.46,80.54,11643.759
2026-06-01 12:10:00,80.55,80.63,80.23,80.52,34392.006
2026-06-01 12:15:00,80.53,80.73,80.53,80.59,11765.638
2026-06-01 12:20:00,80.59,80.88,80.59,80.86,15095.612
2026-06-01 12:25:00,80.86,81.0,80.86,80.91,8989.928
2026-06-01 12:30:00,80.91,80.97,80.83,80.85,6182.817
2026-06-01 12:35:00,80.85,81.05,80.81,81.04,11445.67
2026-06-01 12:40:00,81.03,81.05,80.89,81.03,10833.529
2026-06-01 12:45:00,81.03,81.07,80.84,80.89,4521.502
2026-06-01 12:50:00,80.89,80.93,80.81,80.83,4250.223
2026-06-01 12:55:00,80.83,80.94,80.78,80.82,6747.783
2026-06-01 13:00:00,80.82,80.86,80.58,80.59,11622.206
2026-06-01 13:05:00,80.59,80.66,80.57,80.6,11534.385
2026-06-01 13:10:00,80.6,80.6,80.1,80.3,52740.79
2026-06-01 13:15:00,80.3,80.62,80.29,80.5,11584.599
2026-06-01 13:20:00,80.5,80.56,80.26,80.28,12225.582
2026-06-01 13:25:00,80.27,80.37,80.18,80.32,8114.062
2026-06-01 13:30:00,80.33,80.61,80.21,80.45,24021.782
2026-06-01 13:35:00,80.45,80.6,80.36,80.43,13260.625
2026-06-01 13:40:00,80.43,80.44,80.11,80.17,14100.455
2026-06-01 13:45:00,80.16,80.37,80.1,80.15,8307.054
2026-06-01 13:50:00,80.15,80.27,79.67,79.74,62922.701
2026-06-01 13:55:00,79.74,80.07,79.28,79.84,84217.735
2026-06-01 14:00:00,79.84,80.11,79.65,79.98,18089.851
2026-06-01 14:05:00,79.99,79.99,79.67,79.71,17996.081
2026-06-01 14:10:00,79.7,79.75,79.5,79.68,16871.259
2026-06-01 14:15:00,79.68,79.86,79.44,79.73,25320.469
2026-06-01 14:20:00,79.73,79.84,79.67,79.74,11147.833
2026-06-01 14:25:00,79.75,79.82,79.5,79.54,11055.41
2026-06-01 14:30:00,79.54,79.67,79.43,79.49,10180.509
2026-06-01 14:35:00,79.49,79.64,79.48,79.53,8401.498
2026-06-01 14:40:00,79.54,79.7,79.52,79.61,7995.774
2026-06-01 14:45:00,79.62,79.78,79.59,79.63,9393.782
2026-06-01 14:50:00,79.63,79.82,79.53,79.55,4254.224
2026-06-01 14:55:00,79.55,79.71,79.53,79.71,4884.25
2026-06-01 15:00:00,79.71,79.79,79.65,79.78,4222.409
2026-06-01 15:05:00,79.78,79.92,79.66,79.79,6207.418
2026-06-01 15:10:00,79.79,79.88,79.68,79.79,6392.08
2026-06-01 15:15:00,79.8,79.83,79.39,79.51,14994.035
2026-06-01 15:20:00,79.51,79.6,79.34,79.34,9932.157
2026-06-01 15:25:00,79.34,79.44,79.2,79.26,17548.808
2026-06-01 15:30:00,79.26,79.96,79.25,79.93,23246.147
2026-06-01 15:35:00,79.92,80.05,79.8,79.81,15273.72
2026-06-01 15:40:00,79.8,79.94,79.74,79.87,8248.14
2026-06-01 15:45:00,79.87,79.96,79.69,79.73,4875.415
2026-06-01 15:50:00,79.73,79.75,79.66,79.68,4556.261
2026-06-01 15:55:00,79.67,79.72,79.55,79.6,4505.901
2026-06-01 16:00:00,79.61,79.76,79.6,79.67,9362.595
2026-06-01 16:05:00,79.66,79.67,79.38,79.41,11902.563
2026-06-01 16:10:00,79.41,79.47,79.11,79.45,15906.395
2026-06-01 16:15:00,79.44,79.58,79.34,79.55,10855.962
2026-06-01 16:20:00,79.55,79.6,79.47,79.58,4474.75
2026-06-01 16:25:00,79.59,79.72,79.55,79.72,5240.419
2026-06-01 16:30:00,79.72,79.88,79.67,79.83,13892.654
2026-06-01 16:35:00,79.84,79.84,79.72,79.79,6590.322
2026-06-01 16:40:00,79.78,79.96,79.73,79.87,14681.272
2026-06-01 16:45:00,79.86,80.11,79.86,80.03,5459.467
2026-06-01 16:50:00,80.02,80.2,80.0,80.19,4261.466
2026-06-01 16:55:00,80.2,80.46,80.2,80.41,16776.335
2026-06-01 17:00:00,80.4,80.58,80.29,80.56,13778.262
2026-06-01 17:05:00,80.56,80.69,80.52,80.53,7077.373
2026-06-01 17:10:00,80.54,80.64,80.54,80.55,3654.248
2026-06-01 17:15:00,80.54,80.68,80.41,80.51,17027.099
2026-06-01 17:20:00,80.52,80.69,80.46,80.58,7958.853
2026-06-01 17:25:00,80.58,80.87,80.52,80.84,11984.595
2026-06-01 17:30:00,80.83,81.01,80.65,80.65,16921.287
2026-06-01 17:35:00,80.65,80.82,80.64,80.72,6411.061
2026-06-01 17:40:00,80.72,81.11,80.7,81.11,31121.263
2026-06-01 17:45:00,81.1,81.21,81.01,81.08,10724.11
2026-06-01 17:50:00,81.07,81.07,80.89,80.96,5403.026
2026-06-01 17:55:00,80.96,81.07,80.92,80.93,2525.659
2026-06-01 18:00:00,80.92,81.01,80.86,80.86,2437.366
2026-06-01 18:05:00,80.85,80.85,80.72,80.79,9805.956
2026-06-01 18:10:00,80.79,80.83,80.58,80.65,7282.316
2026-06-01 18:15:00,80.65,80.74,80.59,80.73,2083.406
2026-06-01 18:20:00,80.74,80.81,80.69,80.81,1855.345
2026-06-01 18:25:00,80.81,81.01,80.78,80.99,4980.8
2026-06-01 18:30:00,81.0,81.17,81.0,81.13,3338.546
2026-06-01 18:35:00,81.13,81.22,81.06,81.09,4292.186
2026-06-01 18:40:00,81.09,81.17,80.99,81.0,2988.232
2026-06-01 18:45:00,81.0,81.0,80.87,80.89,3693.617
2026-06-01 18:50:00,80.88,81.01,80.85,80.95,3675.22
2026-06-01 18:55:00,80.95,80.98,80.8,80.86,6488.761
2026-06-01 19:00:00,80.86,80.86,80.74,80.76,2117.534
2026-06-01 19:05:00,80.75,80.79,80.69,80.71,4619.065
2026-06-01 19:10:00,80.72,80.8,80.6,80.76,4305.728
2026-06-01 19:15:00,80.77,80.81,80.65,80.74,3279.329
2026-06-01 19:20:00,80.75,80.85,80.73,80.81,4118.004
2026-06-01 19:25:00,80.81,81.06,80.8,81.04,4818.879
2026-06-01 19:30:00,81.03,81.14,81.01,81.11,3276.359
2026-06-01 19:35:00,81.12,81.3,81.0,81.29,7853.903
2026-06-01 19:40:00,81.3,81.31,81.14,81.26,8048.263
2026-06-01 19:45:00,81.26,81.27,81.15,81.15,2698.83
2026-06-01 19:50:00,81.16,81.26,81.1,81.23,4732.591
2026-06-01 19:55:00,81.22,81.27,81.18,81.2,2351.31
2026-06-01 20:00:00,81.19,81.22,81.06,81.11,5240.41
2026-06-01 20:05:00,81.11,81.16,81.02,81.03,3537.739
2026-06-01 20:10:00,81.03,81.1,80.96,81.1,4610.583
2026-06-01 20:15:00,81.09,81.19,80.98,81.19,3334.95
2026-06-01 20:20:00,81.19,81.24,81.11,81.12,11192.873
2026-06-01 20:25:00,81.12,81.12,81.01,81.12,3646.147
2026-06-01 20:30:00,81.11,81.15,81.04,81.13,3564.338
2026-06-01 20:35:00,81.12,81.24,81.12,81.19,3605.638
2026-06-01 20:40:00,81.18,81.2,81.1,81.15,3941.538
2026-06-01 20:45:00,81.16,81.21,81.13,81.2,3664.896
2026-06-01 20:50:00,81.21,81.21,81.08,81.09,1878.096
2026-06-01 20:55:00,81.1,81.14,81.01,81.13,4213.028
2026-06-01 21:00:00,81.14,81.14,80.99,81.03,16638.914
2026-06-01 21:05:00,81.03,81.05,80.75,80.75,14375.011
2026-06-01 21:10:00,80.76,80.81,80.64,80.78,15875.506
2026-06-01 21:15:00,80.77,80.79,80.5,80.61,17882.151
2026-06-01 21:20:00,80.61,80.82,80.61,80.79,15371.924
2026-06-01 21:25:00,80.79,80.89,80.75,80.8,9278.674
2026-06-01 21:30:00,80.8,80.87,80.8,80.84,5208.519
2026-06-01 21:35:00,80.84,80.87,80.77,80.78,5189.634
2026-06-01 21:40:00,80.78,80.87,80.67,80.74,6964.939
2026-06-01 21:45:00,80.74,80.84,80.7,80.83,3442.919
2026-06-01 21:50:00,80.83,80.84,80.67,80.7,2114.603
2026-06-01 21:55:00,80.69,80.77,80.6,80.68,2813.568
2026-06-01 22:00:00,80.67,80.67,80.4,80.45,12379.543
2026-06-01 22:05:00,80.45,80.53,80.32,80.43,5206.033
2026-06-01 22:10:00,80.44,80.55,80.4,80.5,3421.07
2026-06-01 22:15:00,80.51,80.73,80.43,80.67,4462.777
2026-06-01 22:20:00,80.67,80.73,80.66,80.68,3458.873
2026-06-01 22:25:00,80.69,80.98,80.69,80.94,6088.391
2026-06-01 22:30:00,80.95,81.02,80.75,80.77,3458.531
2026-06-01 22:35:00,80.77,80.81,80.56,80.62,3725.433
2026-06-01 22:40:00,80.62,80.77,80.59,80.76,7680.38
2026-06-01 22:45:00,80.76,81.32,80.76,81.24,25407.997
2026-06-01 22:50:00,81.24,81.42,81.18,81.37,13300.881
2026-06-01 22:55:00,81.38,81.48,81.37,81.4,6025.229
2026-06-01 23:00:00,81.41,81.42,81.26,81.3,8267.285
2026-06-01 23:05:00,81.29,81.37,81.25,81.33,8398.785
2026-06-01 23:10:00,81.34,81.48,81.33,81.36,6895.016
2026-06-01 23:15:00,81.35,81.65,81.35,81.56,16180.727
2026-06-01 23:20:00,81.56,81.56,81.37,81.37,6427.562
2026-06-01 23:25:00,81.38,81.43,81.16,81.16,10262.939
2026-06-01 23:30:00,81.16,81.27,81.07,81.26,9797.534
2026-06-01 23:35:00,81.27,81.58,81.25,81.41,9445.675
2026-06-01 23:40:00,81.41,81.46,81.34,81.38,10489.932
2026-06-01 23:45:00,81.38,81.46,81.27,81.35,9886.011
2026-06-01 23:50:00,81.36,81.36,81.15,81.16,7597.636
2026-06-01 23:55:00,81.16,81.3,81.13,81.28,9530.347
2026-06-02 00:00:00,81.28,81.3,81.14,81.16,3770.873
2026-06-02 00:05:00,81.17,81.25,81.07,81.08,5579.012
2026-06-02 00:10:00,81.07,81.25,81.07,81.13,5346.887
2026-06-02 00:15:00,81.12,81.2,81.0,81.05,5317.052
2026-06-02 00:20:00,81.04,81.1,80.97,80.98,2394.266
2026-06-02 00:25:00,80.98,81.01,80.93,80.98,4352.877
2026-06-02 00:30:00,80.98,81.14,80.98,81.12,3053.107
2026-06-02 00:35:00,81.12,81.2,80.97,81.01,2752.432
2026-06-02 00:40:00,81.0,81.06,80.89,80.99,2581.767
2026-06-02 00:45:00,80.99,81.01,80.95,80.97,1716.722
2026-06-02 00:50:00,80.98,81.08,80.94,81.03,3478.946
2026-06-02 00:55:00,81.04,81.04,80.87,80.89,1933.504
2026-06-02 01:00:00,80.89,81.01,80.81,80.82,3245.981
2026-06-02 01:05:00,80.81,80.92,80.72,80.73,4164.547
2026-06-02 01:10:00,80.73,80.93,80.73,80.93,5051.886
2026-06-02 01:15:00,80.93,80.96,80.78,80.83,2272.0
2026-06-02 01:20:00,80.83,80.95,80.78,80.91,5456.525
2026-06-02 01:25:00,80.9,80.96,80.62,80.63,6249.733
2026-06-02 01:30:00,80.63,80.68,80.45,80.49,6837.151
2026-06-02 01:35:00,80.48,80.52,80.16,80.25,17943.502
2026-06-02 01:40:00,80.24,80.49,80.22,80.43,9219.238
2026-06-02 01:45:00,80.44,80.44,80.2,80.32,5175.505
2026-06-02 01:50:00,80.32,80.36,80.18,80.18,3159.138
2026-06-02 01:55:00,80.19,80.24,80.04,80.11,6840.336
2026-06-02 02:00:00,80.11,80.16,79.92,80.01,24927.923
2026-06-02 02:05:00,80.02,80.03,79.41,79.53,27367.724
2026-06-02 02:10:00,79.53,79.83,79.44,79.83,7853.621
2026-06-02 02:15:00,79.82,79.86,79.69,79.79,11825.249
2026-06-02 02:20:00,79.8,80.31,79.79,80.27,11163.762
2026-06-02 02:25:00,80.28,80.54,80.25,80.51,8034.607
2026-06-02 02:30:00,80.52,80.56,80.41,80.45,4752.538
2026-06-02 02:35:00,80.45,80.56,80.39,80.39,4545.905
2026-06-02 02:40:00,80.39,80.39,80.14,80.18,3997.776
2026-06-02 02:45:00,80.17,80.44,80.13,80.34,7113.176
2026-06-02 02:50:00,80.34,80.48,80.33,80.4,4198.666
2026-06-02 02:55:00,80.39,80.78,80.38,80.78,6446.695
2026-06-02 03:00:00,80.78,80.79,80.64,80.78,4264.669
2026-06-02 03:05:00,80.79,80.99,80.79,80.94,8595.423
2026-06-02 03:10:00,80.94,80.94,80.75,80.81,5316.543
2026-06-02 03:15:00,80.8,80.95,80.76,80.77,7183.764
2026-06-02 03:20:00,80.77,80.92,80.67,80.88,3254.586
2026-06-02 03:25:00,80.89,80.95,80.82,80.9,6788.774
2026-06-02 03:30:00,80.91,80.97,80.77,80.85,6753.656
2026-06-02 03:35:00,80.84,80.92,80.82,80.88,3361.799
2026-06-02 03:40:00,80.88,81.0,80.87,81.0,5020.249
2026-06-02 03:45:00,81.0,81.02,80.86,80.88,5444.401
2026-06-02 03:50:00,80.88,81.05,80.88,81.03,6615.766
2026-06-02 03:55:00,81.03,81.03,80.91,80.92,3763.948
2026-06-02 04:00:00,80.92,81.02,80.88,80.91,4874.144
2026-06-02 04:05:00,80.91,80.93,80.56,80.56,7147.238
2026-06-02 04:10:00,80.57,80.65,80.47,80.58,3858.024
2026-06-02 04:15:00,80.58,80.77,80.58,80.76,1841.285
2026-06-02 04:20:00,80.77,80.81,80.6,80.71,3620.438
2026-06-02 04:25:00,80.7,80.96,80.65,80.88,5119.085
2026-06-02 04:30:00,80.88,80.92,80.73,80.91,2565.185
2026-06-02 04:35:00,80.91,80.95,80.76,80.94,7817.308
2026-06-02 04:40:00,80.94,80.94,80.75,80.79,5568.014
2026-06-02 04:45:00,80.78,80.78,80.56,80.59,4652.577
2026-06-02 04:50:00,80.59,80.64,80.46,80.53,10717.107
2026-06-02 04:55:00,80.52,80.52,80.38,80.44,3689.356
2026-06-02 05:00:00,80.44,80.49,80.11,80.13,9844.575
2026-06-02 05:05:00,80.12,80.31,80.09,80.29,4103.811
2026-06-02 05:10:00,80.28,80.59,80.27,80.54,3172.211
2026-06-02 05:15:00,80.55,80.56,80.37,80.38,3257.439
2026-06-02 05:20:00,80.37,80.43,80.34,80.34,1531.243
2026-06-02 05:25:00,80.33,80.33,80.08,80.08,4581.38
2026-06-02 05:30:00,80.09,80.26,79.97,80.1,11189.178
2026-06-02 05:35:00,80.11,80.14,80.01,80.06,4792.86
2026-06-02 05:40:00,80.06,80.1,79.88,80.1,7333.212
2026-06-02 05:45:00,80.09,80.11,79.94,79.97,10948.979
2026-06-02 05:50:00,79.97,80.02,79.75,79.84,9018.271
2026-06-02 05:55:00,79.84,79.84,79.57,79.63,13256.825
2026-06-02 06:00:00,79.63,79.78,79.6,79.72,8967.028
2026-06-02 06:05:00,79.73,79.82,79.69,79.76,10975.917
2026-06-02 06:10:00,79.76,79.76,79.38,79.5,19352.307
2026-06-02 06:15:00,79.5,79.64,79.44,79.45,10831.91
2026-06-02 06:20:00,79.45,79.55,79.4,79.48,6910.867
2026-06-02 06:25:00,79.47,79.68,79.45,79.66,6252.529
2026-06-02 06:30:00,79.66,79.73,79.59,79.69,8853.083
2026-06-02 06:35:00,79.69,79.71,79.58,79.65,5097.105
2026-06-02 06:40:00,79.65,79.66,79.52,79.53,5314.657
2026-06-02 06:45:00,79.53,79.68,79.33,79.62,15240.074
2026-06-02 06:50:00,79.62,79.76,79.49,79.59,9083.22
2026-06-02 06:55:00,79.58,79.6,79.4,79.59,6251.915
2026-06-02 07:00:00,79.6,79.67,79.16,79.24,14917.19
2026-06-02 07:05:00,79.25,79.5,79.25,79.45,7755.234
2026-06-02 07:10:00,79.44,79.63,79.44,79.63,4094.014
2026-06-02 07:15:00,79.64,79.94,79.63,79.86,6256.621
2026-06-02 07:20:00,79.85,79.85,79.72,79.73,6557.559
2026-06-02 07:25:00,79.73,79.73,79.42,79.5,3986.446
2026-06-02 07:30:00,79.5,79.76,79.48,79.73,5073.874
2026-06-02 07:35:00,79.73,79.92,79.7,79.85,4820.813
2026-06-02 07:40:00,79.86,79.86,79.78,79.8,2883.982
2026-06-02 07:45:00,79.8,79.8,79.6,79.72,5769.718
2026-06-02 07:50:00,79.73,79.79,79.66,79.73,6821.548
2026-06-02 07:55:00,79.74,79.82,79.65,79.67,6104.989
2026-06-02 08:00:00,79.67,79.77,79.58,79.58,6236.274
2026-06-02 08:05:00,79.59,79.71,79.55,79.58,8112.431
2026-06-02 08:10:00,79.57,79.72,79.54,79.68,7042.285
2026-06-02 08:15:00,79.68,79.72,79.56,79.61,3385.022
2026-06-02 08:20:00,79.62,79.65,79.5,79.56,11566.462
2026-06-02 08:25:00,79.56,79.78,79.53,79.7,4484.442
2026-06-02 08:30:00,79.7,79.8,79.68,79.75,2079.917
2026-06-02 08:35:00,79.76,79.77,79.63,79.67,2166.23
2026-06-02 08:40:00,79.67,79.68,79.54,79.54,1121.611
2026-06-02 08:45:00,79.55,79.64,79.45,79.5,6264.464
2026-06-02 08:50:00,79.49,79.59,79.47,79.55,3217.05
2026-06-02 08:55:00,79.54,79.63,79.49,79.61,3588.21
2026-06-02 09:00:00,79.62,79.64,79.35,79.46,8093.039
2026-06-02 09:05:00,79.46,79.57,79.38,79.45,5273.852
2026-06-02 09:10:00,79.44,79.44,79.21,79.29,11821.981
2026-06-02 09:15:00,79.29,79.43,79.26,79.4,6716.762
2026-06-02 09:20:00,79.4,79.4,79.08,79.1,12344.511
2026-06-02 09:25:00,79.1,79.1,78.78,78.91,39941.031
2026-06-02 09:30:00,78.91,79.07,78.82,79.05,15262.109
2026-06-02 09:35:00,79.04,79.17,79.01,79.14,6456.571
2026-06-02 09:40:00,79.14,79.23,79.08,79.14,5738.838
2026-06-02 09:45:00,79.13,79.25,79.05,79.18,5830.409
2026-06-02 09:50:00,79.19,79.19,79.06,79.08,8306.953
2026-06-02 09:55:00,79.08,79.16,79.07,79.1,3615.773
2026-06-02 10:00:00,79.11,79.13,78.97,79.12,8227.209
2026-06-02 10:05:00,79.12,79.36,79.09,79.35,4762.574
2026-06-02 10:10:00,79.35,79.42,79.32,79.35,5815.392
2026-06-02 10:15:00,79.36,79.47,79.35,79.45,6036.897
2026-06-02 10:20:00,79.45,79.46,79.28,79.34,6082.148
2026-06-02 10:25:00,79.34,79.43,79.28,79.41,1947.397
2026-06-02 10:30:00,79.41,79.45,79.23,79.29,3870.295
2026-06-02 10:35:00,79.28,79.34,79.25,79.34,2367.372
2026-06-02 10:40:00,79.33,79.37,79.22,79.23,4573.189
2026-06-02 10:45:00,79.23,79.28,79.21,79.23,1871.796
2026-06-02 10:50:00,79.23,79.45,79.23,79.36,9703.778
2026-06-02 10:55:00,79.36,79.48,79.34,79.44,4659.128
2026-06-02 11:00:00,79.43,79.45,79.31,79.32,6755.705
2026-06-02 11:05:00,79.33,79.34,79.31,79.33,3441.238
2026-06-02 11:10:00,79.33,79.33,79.13,79.17,10434.435
2026-06-02 11:15:00,79.16,79.16,78.9,78.94,11109.547
2026-06-02 11:20:00,78.94,79.08,78.93,79.07,5025.923
2026-06-02 11:25:00,79.06,79.08,78.93,79.02,5807.576
2026-06-02 11:30:00,79.02,79.04,78.85,78.97,11539.382
2026-06-02 11:35:00,78.97,79.07,78.91,79.06,3925.433
2026-06-02 11:40:00,79.07,79.12,78.99,78.99,2386.931
2026-06-02 11:45:00,78.99,79.16,78.95,79.11,2243.819
2026-06-02 11:50:00,79.12,79.2,79.05,79.12,6207.732
2026-06-02 11:55:00,79.11,79.11,78.93,78.94,3203.944
2026-06-02 12:00:00,78.93,79.05,78.83,79.02,6997.554
2026-06-02 12:05:00,79.01,79.01,78.79,78.93,5945.581
2026-06-02 12:10:00,78.93,78.94,78.72,78.79,9447.731
2026-06-02 12:15:00,78.79,78.81,78.66,78.7,10785.429
2026-06-02 12:20:00,78.7,78.98,78.68,78.94,3580.603
2026-06-02 12:25:00,78.94,78.97,78.88,78.95,3250.425
2026-06-02 12:30:00,78.94,78.94,78.79,78.82,5368.821
2026-06-02 12:35:00,78.82,78.88,78.77,78.83,5811.351
2026-06-02 12:40:00,78.84,79.13,78.82,79.13,10205.311
2026-06-02 12:45:00,79.13,79.16,78.97,78.97,8381.968
2026-06-02 12:50:00,78.97,78.98,78.9,78.91,2857.789
2026-06-02 12:55:00,78.91,79.02,78.9,78.98,6429.949
2026-06-02 13:00:00,78.97,79.1,78.9,79.02,13975.586
2026-06-02 13:05:00,79.01,79.06,78.93,79.0,6432.253
2026-06-02 13:10:00,79.0,79.05,78.8,78.82,4412.696
2026-06-02 13:15:00,78.82,79.15,78.82,79.06,5838.979
2026-06-02 13:20:00,79.06,79.19,79.06,79.16,6116.468
2026-06-02 13:25:00,79.15,79.22,79.08,79.15,4492.272
2026-06-02 13:30:00,79.16,79.22,79.03,79.1,6224.584
2026-06-02 13:35:00,79.1,79.18,78.93,79.05,8770.219
2026-06-02 13:40:00,79.06,79.21,78.94,79.08,4550.862
2026-06-02 13:45:00,79.08,79.2,78.97,79.04,10801.776
2026-06-02 13:50:00,79.04,79.07,78.83,78.89,6650.569
2026-06-02 13:55:00,78.88,78.97,78.85,78.95,4935.661
2026-06-02 14:00:00,78.95,78.99,78.77,78.78,16888.354
2026-06-02 14:05:00,78.79,78.94,78.43,78.44,28354.739
2026-06-02 14:10:00,78.44,78.8,78.25,78.69,29346.032
2026-06-02 14:15:00,78.69,78.73,78.3,78.41,10499.295
2026-06-02 14:20:00,78.42,78.52,77.39,77.71,105662.328
2026-06-02 14:25:00,77.71,77.98,76.75,77.26,113757.95
2026-06-02 14:30:00,77.26,77.71,77.21,77.6,38701.38
2026-06-02 14:35:00,77.6,77.94,77.57,77.67,24901.855
2026-06-02 14:40:00,77.67,77.67,77.03,77.21,33458.442
2026-06-02 14:45:00,77.2,77.72,77.2,77.59,13828.358
2026-06-02 14:50:00,77.59,77.73,77.55,77.57,9439.567
2026-06-02 14:55:00,77.57,77.68,77.34,77.44,8148.493
2026-06-02 15:00:00,77.44,77.49,76.92,76.96,47121.907
2026-06-02 15:05:00,76.96,77.31,76.96,77.26,27271.827
2026-06-02 15:10:00,77.27,77.28,77.02,77.06,20125.137
2026-06-02 15:15:00,77.05,77.09,76.88,76.91,21826.673
2026-06-02 15:20:00,76.92,77.08,76.5,76.86,69416.63
2026-06-02 15:25:00,76.87,76.87,76.26,76.35,37145.33
2026-06-02 15:30:00,76.36,76.41,75.58,76.05,98776.579
2026-06-02 15:35:00,76.04,76.29,75.82,76.18,31192.052
2026-06-02 15:40:00,76.19,76.34,76.18,76.22,18217.069
2026-06-02 15:45:00,76.22,76.51,76.05,76.08,19794.003
2026-06-02 15:50:00,76.08,76.23,76.0,76.09,14938.18
2026-06-02 15:55:00,76.09,76.42,76.06,76.38,13088.797
2026-06-02 16:00:00,76.38,76.6,76.15,76.56,19229.006
2026-06-02 16:05:00,76.56,76.83,76.48,76.82,52295.232
2026-06-02 16:10:00,76.82,77.28,76.67,77.27,28600.973
2026-06-02 16:15:00,77.26,77.67,77.22,77.49,28133.604
2026-06-02 16:20:00,77.49,77.56,77.14,77.22,13922.733
2026-06-02 16:25:00,77.22,77.27,77.13,77.24,5973.775
2026-06-02 16:30:00,77.23,77.25,77.15,77.21,11008.81
2026-06-02 16:35:00,77.21,77.25,76.98,77.03,17738.344
2026-06-02 16:40:00,77.02,77.15,76.96,77.01,10055.112
2026-06-02 16:45:00,77.01,77.28,77.0,77.2,11736.557
2026-06-02 16:50:00,77.2,77.21,76.86,76.9,15826.679
2026-06-02 16:55:00,76.9,76.94,76.7,76.71,13748.909
2026-06-02 17:00:00,76.72,76.9,76.7,76.85,16339.133
2026-06-02 17:05:00,76.84,76.96,76.48,76.62,17415.337
2026-06-02 17:10:00,76.62,76.8,76.62,76.79,11060.579
2026-06-02 17:15:00,76.78,76.88,76.71,76.81,51354.081
2026-06-02 17:20:00,76.81,77.11,76.8,77.09,10806.091
2026-06-02 17:25:00,77.1,77.15,77.0,77.06,9485.278
2026-06-02 17:30:00,77.06,77.19,76.89,76.96,11176.569
2026-06-02 17:35:00,76.95,77.17,76.93,77.11,10202.002
2026-06-02 17:40:00,77.1,77.1,76.85,76.86,8412.252
2026-06-02 17:45:00,76.86,76.89,76.78,76.85,7949.954
2026-06-02 17:50:00,76.85,76.95,76.75,76.87,6182.079
2026-06-02 17:55:00,76.87,76.9,76.8,76.84,4226.606
2026-06-02 18:00:00,76.84,77.08,76.83,76.9,7013.304
2026-06-02 18:05:00,76.9,76.99,76.81,76.85,8280.215
2026-06-02 18:10:00,76.85,76.91,76.69,76.7,6885.652
2026-06-02 18:15:00,76.7,76.73,76.57,76.6,5973.664
2026-06-02 18:20:00,76.61,76.66,76.43,76.45,5971.998
2026-06-02 18:25:00,76.45,76.5,76.3,76.33,4688.977
2026-06-02 18:30:00,76.34,76.42,76.21,76.23,5896.22
2026-06-02 18:35:00,76.22,76.32,76.14,76.2,5121.723
2026-06-02 18:40:00,76.19,76.26,76.14,76.25,7337.16
2026-06-02 18:45:00,76.26,76.28,76.08,76.19,6282.242
2026-06-02 18:50:00,76.18,76.19,75.81,75.83,15803.412
2026-06-02 18:55:00,75.83,76.21,75.83,76.15,12129.807
2026-06-02 19:00:00,76.16,76.27,75.95,75.96,7533.062
2026-06-02 19:05:00,75.97,76.09,75.96,76.04,5976.608
2026-06-02 19:10:00,76.05,76.19,76.05,76.14,4277.922
2026-06-02 19:15:00,76.13,76.17,75.81,75.89,7995.541
2026-06-02 19:20:00,75.88,76.02,75.71,75.74,8342.765
2026-06-02 19:25:00,75.74,75.84,75.54,75.57,50510.69
2026-06-02 19:30:00,75.57,75.65,74.5,74.96,147986.276
2026-06-02 19:35:00,74.96,75.32,74.91,75.15,42393.729
2026-06-02 19:40:00,75.14,75.25,74.8,75.23,31115.426
2026-06-02 19:45:00,75.24,75.63,75.22,75.61,12187.684
2026-06-02 19:50:00,75.6,75.99,75.56,75.59,18263.422
2026-06-02 19:55:00,75.59,75.63,75.47,75.53,7503.288
2026-06-02 20:00:00,75.53,75.73,75.41,75.72,6584.57
2026-06-02 20:05:00,75.72,75.95,75.7,75.76,6921.597
2026-06-02 20:10:00,75.75,75.8,75.6,75.67,3840.791
2026-06-02 20:15:00,75.68,75.72,75.21,75.28,9521.384
2026-06-02 20:20:00,75.28,75.28,74.94,75.0,11787.017
2026-06-02 20:25:00,75.01,75.08,74.77,74.9,19577.18
2026-06-02 20:30:00,74.89,75.32,74.89,75.08,9066.854
2026-06-02 20:35:00,75.08,75.25,75.08,75.2,11752.261
2026-06-02 20:40:00,75.2,75.21,75.06,75.18,4702.864
2026-06-02 20:45:00,75.18,75.41,75.13,75.36,12610.523
2026-06-02 20:50:00,75.36,75.54,75.28,75.48,15828.523
2026-06-02 20:55:00,75.47,75.55,75.43,75.44,4706.709
2026-06-02 21:00:00,75.44,75.62,75.44,75.55,12046.555
2026-06-02 21:05:00,75.55,75.83,75.55,75.69,7988.342
2026-06-02 21:10:00,75.7,75.73,75.33,75.43,9376.431
2026-06-02 21:15:00,75.43,75.73,75.41,75.72,15153.067
2026-06-02 21:20:00,75.72,75.85,75.67,75.76,3623.179
2026-06-02 21:25:00,75.76,75.96,75.75,75.91,7226.483
2026-06-02 21:30:00,75.92,76.02,75.87,75.98,10718.986
2026-06-02 21:35:00,75.98,76.08,75.9,75.91,6511.115
2026-06-02 21:40:00,75.9,75.95,75.8,75.92,5468.794
2026-06-02 21:45:00,75.93,75.93,75.72,75.72,3807.955
2026-06-02 21:50:00,75.73,75.76,75.6,75.61,4821.79
2026-06-02 21:55:00,75.61,75.73,75.6,75.67,10052.958
2026-06-02 22:00:00,75.66,75.67,75.29,75.36,9638.152
2026-06-02 22:05:00,75.37,75.53,75.29,75.36,6122.438
2026-06-02 22:10:00,75.36,75.41,75.13,75.14,9039.768
2026-06-02 22:15:00,75.14,75.18,74.61,74.83,29392.196
2026-06-02 22:20:00,74.84,75.44,74.79,75.39,18239.17
2026-06-02 22:25:00,75.39,75.57,75.35,75.35,7461.51
2026-06-02 22:30:00,75.35,75.4,74.94,74.96,10698.262
2026-06-02 22:35:00,74.96,75.15,74.82,74.91,21109.827
2026-06-02 22:40:00,74.91,74.95,74.74,74.85,19200.138
2026-06-02 22:45:00,74.85,74.86,74.21,74.4,35070.428
2026-06-02 22:50:00,74.4,74.48,73.37,73.82,84901.764
2026-06-02 22:55:00,73.82,74.08,73.5,73.67,39588.233
2026-06-02 23:00:00,73.68,73.78,73.38,73.75,45737.096
2026-06-02 23:05:00,73.76,73.96,73.63,73.66,22720.16
2026-06-02 23:10:00,73.66,73.98,73.66,73.96,11217.919
2026-06-02 23:15:00,73.95,74.01,73.48,73.48,25671.748
2026-06-02 23:20:00,73.47,73.82,73.26,73.36,38507.326
2026-06-02 23:25:00,73.36,73.44,72.73,73.07,60546.877
2026-06-02 23:30:00,73.07,73.67,72.86,73.57,42400.17
2026-06-02 23:35:00,73.58,73.85,73.49,73.6,29938.053
2026-06-02 23:40:00,73.61,73.95,73.54,73.94,15927.065
2026-06-02 23:45:00,73.93,74.16,73.87,74.13,24433.534
2026-06-02 23:50:00,74.13,74.16,74.0,74.14,8884.753
2026-06-02 23:55:00,74.13,74.32,74.09,74.23,10056.887
2026-06-03 00:00:00,74.23,74.4,74.11,74.16,30018.667
2026-06-03 00:05:00,74.17,74.56,74.0,74.53,30301.753
2026-06-03 00:10:00,74.53,74.85,74.47,74.8,38415.971
2026-06-03 00:15:00,74.8,75.13,74.75,75.1,34377.674
2026-06-03 00:20:00,75.1,75.1,74.76,74.79,10830.982
2026-06-03 00:25:00,74.79,74.88,74.68,74.73,9944.463
2026-06-03 00:30:00,74.73,75.06,74.6,75.05,9979.719
2026-06-03 00:35:00,75.04,75.13,74.97,75.01,13340.001
2026-06-03 00:40:00,75.0,75.02,74.89,74.99,7490.584
2026-06-03 00:45:00,74.98,75.07,74.9,74.94,9701.886
2026-06-03 00:50:00,74.93,75.01,74.91,74.95,4177.344
2026-06-03 00:55:00,74.95,74.98,74.84,74.85,3968.258
2026-06-03 01:00:00,74.85,75.02,74.7,75.01,11365.603
2026-06-03 01:05:00,75.0,75.01,74.8,74.8,8535.177
2026-06-03 01:10:00,74.81,74.84,74.66,74.84,8829.174
2026-06-03 01:15:00,74.84,75.01,74.79,74.82,9488.128
2026-06-03 01:20:00,74.81,74.95,74.78,74.91,5954.443
2026-06-03 01:25:00,74.9,75.04,74.88,74.97,7589.738
2026-06-03 01:30:00,74.97,75.05,74.77,74.82,10097.593
2026-06-03 01:35:00,74.83,74.87,74.4,74.44,7765.707
2026-06-03 01:40:00,74.44,74.46,74.15,74.21,9141.949
2026-06-03 01:45:00,74.21,74.45,74.21,74.45,13135.928
2026-06-03 01:50:00,74.45,74.91,74.4,74.85,13784.17
2026-06-03 01:55:00,74.85,74.85,74.72,74.75,5321.566
2026-06-03 02:00:00,74.75,74.78,74.5,74.75,8821.698
2026-06-03 02:05:00,74.75,74.81,74.59,74.66,5696.559
2026-06-03 02:10:00,74.66,74.72,74.55,74.55,4078.512
2026-06-03 02:15:00,74.55,74.67,74.45,74.65,8407.909
2026-06-03 02:20:00,74.65,74.65,74.22,74.25,10260.273
2026-06-03 02:25:00,74.25,74.43,74.24,74.38,6440.119
2026-06-03 02:30:00,74.39,74.48,74.27,74.37,7229.996
2026-06-03 02:35:00,74.37,74.54,74.28,74.52,5015.03
2026-06-03 02:40:00,74.52,74.55,74.35,74.37,5872.825
2026-06-03 02:45:00,74.38,74.46,74.21,74.36,5744.527
2026-06-03 02:50:00,74.36,74.45,74.35,74.37,3545.759
2026-06-03 02:55:00,74.37,74.43,74.32,74.4,8592.049
2026-06-03 03:00:00,74.41,74.54,74.39,74.49,3310.711
2026-06-03 03:05:00,74.49,74.51,74.23,74.27,8220.06
2026-06-03 03:10:00,74.27,74.38,74.17,74.34,7313.527
2026-06-03 03:15:00,74.35,74.49,74.12,74.16,8065.738
2026-06-03 03:20:00,74.15,74.25,74.0,74.18,7671.277
2026-06-03 03:25:00,74.17,74.19,73.77,73.86,18237.258
2026-06-03 03:30:00,73.86,74.1,73.73,73.79,34535.041
2026-06-03 03:35:00,73.79,73.8,73.07,73.15,41777.169
2026-06-03 03:40:00,73.14,73.33,72.81,72.83,23156.997
2026-06-03 03:45:00,72.83,73.05,72.42,72.53,28942.016
2026-06-03 03:50:00,72.53,73.0,72.28,72.98,61460.039
2026-06-03 03:55:00,72.99,73.02,72.68,72.71,11808.62
2026-06-03 04:00:00,72.71,73.52,72.69,73.5,22910.134
2026-06-03 04:05:00,73.5,73.79,73.31,73.33,27981.014
2026-06-03 04:10:00,73.32,73.42,73.28,73.34,11799.323
2026-06-03 04:15:00,73.34,73.57,73.28,73.3,10007.952
2026-06-03 04:20:00,73.3,73.48,73.29,73.44,10748.43
2026-06-03 04:25:00,73.44,73.68,73.41,73.62,8380.976
2026-06-03 04:30:00,73.63,73.69,73.33,73.61,10850.642
2026-06-03 04:35:00,73.61,73.66,73.45,73.56,7016.687
2026-06-03 04:40:00,73.56,73.89,73.56,73.81,8326.296
2026-06-03 04:45:00,73.8,74.0,73.79,73.91,6614.644
2026-06-03 04:50:00,73.92,73.95,73.67,73.86,10773.164
2026-06-03 04:55:00,73.86,74.11,73.85,74.06,8279.542
2026-06-03 05:00:00,74.06,74.68,74.05,74.64,24690.539
2026-06-03 05:05:00,74.63,74.8,74.5,74.74,29252.644
2026-06-03 05:10:00,74.74,74.87,74.72,74.79,18249.261
2026-06-03 05:15:00,74.79,74.92,74.69,74.76,11894.918
2026-06-03 05:20:00,74.76,74.76,74.53,74.64,9714.691
2026-06-03 05:25:00,74.64,74.65,74.5,74.64,7966.045
2026-06-03 05:30:00,74.64,74.64,74.23,74.52,8195.424
2026-06-03 05:35:00,74.52,74.56,74.35,74.53,7418.508
2026-06-03 05:40:00,74.52,74.64,74.52,74.56,17492.436
2026-06-03 05:45:00,74.56,74.62,74.45,74.49,7214.536
2026-06-03 05:50:00,74.5,74.74,74.49,74.7,18406.241
2026-06-03 05:55:00,74.7,74.82,74.7,74.75,8603.639
2026-06-03 06:00:00,74.75,74.87,74.72,74.73,18399.228
2026-06-03 06:05:00,74.73,74.89,74.67,74.85,21985.438
2026-06-03 06:10:00,74.85,74.92,74.78,74.92,6427.36
2026-06-03 06:15:00,74.91,75.0,74.78,74.84,7463.484
2026-06-03 06:20:00,74.84,75.08,74.83,75.03,22014.246
2026-06-03 06:25:00,75.04,75.14,74.99,75.05,14863.989
2026-06-03 06:30:00,75.04,75.33,74.97,75.33,13418.646
2026-06-03 06:35:00,75.33,75.33,75.13,75.29,14041.994
2026-06-03 06:40:00,75.29,75.33,75.14,75.17,17796.641
2026-06-03 06:45:00,75.17,75.2,75.04,75.05,15737.05
2026-06-03 06:50:00,75.04,75.05,74.91,74.94,7245.92
2026-06-03 06:55:00,74.94,74.95,74.83,74.86,3277.765
2026-06-03 07:00:00,74.86,74.94,74.76,74.94,7728.005
2026-06-03 07:05:00,74.94,75.03,74.92,75.01,8003.952
2026-06-03 07:10:00,75.01,75.22,75.01,75.14,6002.825
2026-06-03 07:15:00,75.14,75.4,75.08,75.3,15436.74
2026-06-03 07:20:00,75.3,75.35,75.13,75.18,4244.41
2026-06-03 07:25:00,75.18,75.22,75.11,75.15,2960.013
2026-06-03 07:30:00,75.14,75.21,75.13,75.21,6538.515
2026-06-03 07:35:00,75.2,75.39,75.13,75.3,5863.367
2026-06-03 07:40:00,75.3,75.32,75.13,75.3,4266.539
2026-06-03 07:45:00,75.3,75.4,75.27,75.4,23986.625
2026-06-03 07:50:00,75.4,75.4,75.3,75.33,4124.386
2026-06-03 07:55:00,75.32,75.33,75.19,75.27,4311.645
2026-06-03 08:00:00,75.26,75.33,75.22,75.3,7069.979
2026-06-03 08:05:00,75.31,75.33,75.07,75.1,8362.247
2026-06-03 08:10:00,75.09,75.13,74.98,75.01,5214.08
2026-06-03 08:15:00,75.01,75.07,74.91,75.04,15866.322
2026-06-03 08:20:00,75.03,75.03,74.86,74.87,4569.245
2026-06-03 08:25:00,74.87,75.0,74.87,75.0,2247.377
2026-06-03 08:30:00,75.0,75.23,74.98,75.04,5777.195
2026-06-03 08:35:00,75.05,75.09,74.97,75.01,6017.366
2026-06-03 08:40:00,75.0,75.14,74.97,75.08,4659.941
2026-06-03 08:45:00,75.09,75.18,74.97,75.14,4211.356
2026-06-03 08:50:00,75.14,75.2,74.91,75.02,11191.939
2026-06-03 08:55:00,75.02,75.04,74.96,75.01,2898.848
2026-06-03 09:00:00,75.0,75.1,74.97,75.03,4566.115
2026-06-03 09:05:00,75.03,75.09,74.92,75.09,3248.23
2026-06-03 09:10:00,75.08,75.09,74.97,74.98,5920.682
2026-06-03 09:15:00,74.98,74.98,74.78,74.78,9174.989
2026-06-03 09:20:00,74.79,75.03,74.78,74.9,22517.539
2026-06-03 09:25:00,74.9,75.02,74.88,74.92,5647.897
2026-06-03 09:30:00,74.92,75.03,74.85,75.0,3394.323
2026-06-03 09:35:00,75.0,75.0,74.86,74.91,9436.966
2026-06-03 09:40:00,74.91,74.95,74.78,74.79,11860.39
2026-06-03 09:45:00,74.79,75.08,74.73,75.07,25713.5
2026-06-03 09:50:00,75.06,75.41,75.06,75.14,30649.539
2026-06-03 09:55:00,75.14,75.24,75.0,75.01,8376.169
2026-06-03 10:00:00,75.01,75.14,74.97,75.13,4420.673
2026-06-03 10:05:00,75.14,75.59,75.13,75.55,20466.261
2026-06-03 10:10:00,75.56,75.58,75.24,75.31,18735.931
2026-06-03 10:15:00,75.3,75.39,75.2,75.24,11269.88
2026-06-03 10:20:00,75.25,75.33,75.19,75.28,4036.866
2026-06-03 10:25:00,75.28,75.5,75.28,75.5,14592.248
2026-06-03 10:30:00,75.5,75.6,75.43,75.51,14523.58
2026-06-03 10:35:00,75.51,75.58,75.35,75.51,4143.632
2026-06-03 10:40:00,75.52,75.52,75.34,75.39,8171.382
2026-06-03 10:45:00,75.38,75.47,75.35,75.46,3129.705
2026-06-03 10:50:00,75.47,75.47,75.34,75.44,4738.927
2026-06-03 10:55:00,75.44,75.57,75.44,75.55,2950.481
2026-06-03 11:00:00,75.55,75.71,75.5,75.54,7182.517
2026-06-03 11:05:00,75.55,75.59,75.49,75.51,6292.681
2026-06-03 11:10:00,75.5,75.67,75.49,75.66,8657.102
2026-06-03 11:15:00,75.66,75.69,75.56,75.65,5202.447
2026-06-03 11:20:00,75.65,75.65,75.55,75.65,2683.8
2026-06-03 11:25:00,75.65,75.67,75.54,75.63,4177.671
2026-06-03 11:30:00,75.63,75.63,75.37,75.37,9974.123
2026-06-03 11:35:00,75.38,75.4,75.25,75.27,5064.662
2026-06-03 11:40:00,75.27,75.42,75.25,75.26,4345.038
2026-06-03 11:45:00,75.25,75.27,75.09,75.12,6592.015
2026-06-03 11:50:00,75.12,75.15,75.0,75.1,7307.144
2026-06-03 11:55:00,75.1,75.16,75.06,75.12,7760.404
2026-06-03 12:00:00,75.12,75.18,74.97,75.16,9005.887
2026-06-03 12:05:00,75.16,75.17,75.07,75.15,4407.817
2026-06-03 12:10:00,75.15,75.17,74.92,74.99,12456.582
2026-06-03 12:15:00,74.98,74.98,74.68,74.86,12164.805
2026-06-03 12:20:00,74.85,74.94,74.76,74.87,7594.651
2026-06-03 12:25:00,74.87,75.09,74.86,75.07,12779.764
2026-06-03 12:30:00,75.07,75.16,75.03,75.09,5138.38
2026-06-03 12:35:00,75.09,75.15,74.9,74.93,6805.578
2026-06-03 12:40:00,74.92,75.04,74.85,75.01,2501.984
2026-06-03 12:45:00,75.02,75.07,74.94,75.05,4187.743
2026-06-03 12:50:00,75.06,75.27,75.05,75.18,3544.574
2026-06-03 12:55:00,75.17,75.21,75.11,75.18,2849.739
2026-06-03 13:00:00,75.19,75.34,75.1,75.11,6037.693
2026-06-03 13:05:00,75.1,75.17,75.0,75.11,6659.476
2026-06-03 13:10:00,75.12,75.22,75.11,75.14,10559.621
2026-06-03 13:15:00,75.13,75.37,75.11,75.37,5445.484
2026-06-03 13:20:00,75.37,75.37,74.94,75.0,17496.086
2026-06-03 13:25:00,74.99,74.99,74.72,74.8,7820.848
2026-06-03 13:30:00,74.8,75.14,74.8,75.1,10333.636
2026-06-03 13:35:00,75.09,75.09,74.83,74.95,13806.882
2026-06-03 13:40:00,74.95,74.97,74.51,74.53,16320.141
2026-06-03 13:45:00,74.53,74.6,74.39,74.5,17135.229
2026-06-03 13:50:00,74.51,74.82,74.47,74.71,8133.421
2026-06-03 13:55:00,74.7,74.79,74.44,74.57,8036.501
2026-06-03 14:00:00,74.56,74.61,74.28,74.29,8866.171
2026-06-03 14:05:00,74.29,74.46,74.22,74.35,26567.041
2026-06-03 14:10:00,74.36,74.53,74.32,74.51,6377.993
2026-06-03 14:15:00,74.5,74.56,74.08,74.09,19052.346
2026-06-03 14:20:00,74.09,74.17,73.94,74.03,13708.132
2026-06-03 14:25:00,74.03,74.11,73.84,74.07,8000.764
2026-06-03 14:30:00,74.06,74.17,73.85,73.94,19230.548
2026-06-03 14:35:00,73.94,74.45,73.94,74.43,13376.31
2026-06-03 14:40:00,74.44,74.44,74.14,74.15,16432.046
2026-06-03 14:45:00,74.15,74.42,74.14,74.38,6415.257
2026-06-03 14:50:00,74.38,74.45,74.21,74.35,8172.036
2026-06-03 14:55:00,74.36,74.46,74.2,74.46,5302.117
2026-06-03 15:00:00,74.46,74.48,74.24,74.29,6592.919
2026-06-03 15:05:00,74.28,74.29,73.97,74.08,11850.781
2026-06-03 15:10:00,74.08,74.17,73.93,74.06,7531.839
2026-06-03 15:15:00,74.06,74.12,73.78,73.85,12596.207
2026-06-03 15:20:00,73.86,73.91,73.72,73.87,16289.445
2026-06-03 15:25:00,73.87,74.3,73.8,74.22,22916.416
2026-06-03 15:30:00,74.22,74.33,73.58,73.61,20931.294
2026-06-03 15:35:00,73.61,73.71,73.41,73.46,8808.665
2026-06-03 15:40:00,73.45,73.71,73.36,73.59,6026.731
2026-06-03 15:45:00,73.59,73.66,73.32,73.61,7482.839
2026-06-03 15:50:00,73.61,73.65,73.41,73.43,5891.93
2026-06-03 15:55:00,73.42,73.52,73.24,73.31,9286.732
2026-06-03 16:00:00,73.31,73.44,73.04,73.27,14546.826
2026-06-03 16:05:00,73.27,73.48,72.93,73.14,18865.383
2026-06-03 16:10:00,73.13,73.28,72.97,73.07,10370.082
2026-06-03 16:15:00,73.07,73.26,72.8,72.92,13383.789
2026-06-03 16:20:00,72.92,72.92,72.17,72.24,49357.444
2026-06-03 16:25:00,72.24,72.56,72.02,72.4,47871.968
2026-06-03 16:30:00,72.41,72.62,72.39,72.46,17196.661
2026-06-03 16:35:00,72.46,72.79,72.38,72.76,35744.162
2026-06-03 16:40:00,72.76,72.82,72.62,72.71,14840.056
2026-06-03 16:45:00,72.71,72.89,72.6,72.68,9884.487
2026-06-03 16:50:00,72.69,72.84,72.63,72.78,9122.386
2026-06-03 16:55:00,72.77,73.01,72.74,73.01,12620.443
2026-06-03 17:00:00,73.01,73.14,72.63,72.64,7203.78
2026-06-03 17:05:00,72.64,72.66,72.4,72.52,12668.014
2026-06-03 17:10:00,72.53,72.77,72.53,72.72,6947.652
2026-06-03 17:15:00,72.72,73.11,72.68,73.08,9094.67
2026-06-03 17:20:00,73.09,73.18,73.01,73.08,10503.92
2026-06-03 17:25:00,73.09,73.48,73.09,73.46,22612.35
2026-06-03 17:30:00,73.46,74.09,73.42,74.05,21903.616
2026-06-03 17:35:00,74.05,74.1,73.8,73.91,11889.651
2026-06-03 17:40:00,73.91,73.91,73.7,73.71,3966.491
2026-06-03 17:45:00,73.71,73.72,73.2,73.27,13172.131
2026-06-03 17:50:00,73.28,73.3,72.99,73.16,8363.005
2026-06-03 17:55:00,73.16,73.2,73.05,73.17,8452.84
2026-06-03 18:00:00,73.17,73.41,73.17,73.25,8883.566
2026-06-03 18:05:00,73.25,73.49,73.25,73.43,14111.808
2026-06-03 18:10:00,73.43,73.43,73.04,73.23,7475.217
2026-06-03 18:15:00,73.23,73.23,72.83,72.93,9231.497
2026-06-03 18:20:00,72.93,72.93,72.68,72.81,12414.631
2026-06-03 18:25:00,72.81,72.89,72.64,72.77,4282.625
2026-06-03 18:30:00,72.77,72.85,72.54,72.57,9165.551
2026-06-03 18:35:00,72.56,72.88,72.46,72.83,8154.703
2026-06-03 18:40:00,72.83,73.08,72.83,72.91,8487.68
2026-06-03 18:45:00,72.91,73.08,72.85,73.01,16386.214
2026-06-03 18:50:00,73.02,73.12,72.97,73.09,7445.825
2026-06-03 18:55:00,73.09,73.22,73.02,73.09,6526.019
2026-06-03 19:00:00,73.1,73.17,73.02,73.13,4645.932
2026-06-03 19:05:00,73.14,73.16,72.76,72.77,9542.718
2026-06-03 19:10:00,72.77,72.91,72.77,72.85,7124.45
2026-06-03 19:15:00,72.85,72.88,72.48,72.52,23767.437
2026-06-03 19:20:00,72.52,72.52,72.15,72.23,17515.185
2026-06-03 19:25:00,72.23,72.24,72.0,72.08,17095.348
2026-06-03 19:30:00,72.09,72.24,71.82,72.21,60176.946
2026-06-03 19:35:00,72.21,72.41,72.08,72.34,8998.248
2026-06-03 19:40:00,72.34,72.53,72.3,72.46,5386.562
2026-06-03 19:45:00,72.46,72.62,72.44,72.52,11606.914
2026-06-03 19:50:00,72.51,72.51,71.89,71.95,40039.056
2026-06-03 19:55:00,71.94,72.15,71.71,71.99,37549.54
2026-06-03 20:00:00,71.99,71.99,71.61,71.8,31621.309
2026-06-03 20:05:00,71.8,72.06,71.8,71.98,21777.935
2026-06-03 20:10:00,71.98,72.36,71.97,72.32,8211.068
2026-06-03 20:15:00,72.31,72.31,71.75,71.98,34218.904
2026-06-03 20:20:00,71.97,72.3,71.97,72.26,7613.882
2026-06-03 20:25:00,72.26,72.43,72.26,72.36,5194.492
2026-06-03 20:30:00,72.35,72.42,72.01,72.15,21738.175
2026-06-03 20:35:00,72.15,72.26,71.72,71.91,16990.936
2026-06-03 20:40:00,71.92,71.98,71.67,71.71,9626.251
2026-06-03 20:45:00,71.71,71.82,71.36,71.51,106604.047
2026-06-03 20:50:00,71.52,71.62,71.31,71.35,20680.422
2026-06-03 20:55:00,71.35,71.39,70.93,71.23,127995.687
2026-06-03 21:00:00,71.22,71.58,71.03,71.42,13527.773
2026-06-03 21:05:00,71.43,72.01,71.43,71.96,19862.882
2026-06-03 21:10:00,71.95,71.95,71.57,71.66,11536.196
2026-06-03 21:15:00,71.65,71.89,71.63,71.77,8010.429
2026-06-03 21:20:00,71.77,71.81,71.64,71.72,7416.328
2026-06-03 21:25:00,71.72,71.84,71.68,71.78,6048.083
2026-06-03 21:30:00,71.77,72.27,71.72,72.21,34619.393
2026-06-03 21:35:00,72.21,72.35,71.99,72.0,8948.936
2026-06-03 21:40:00,71.99,72.25,71.75,72.07,29339.11
2026-06-03 21:45:00,72.08,72.86,72.08,72.72,10736.623
2026-06-03 21:50:00,72.72,72.84,72.64,72.71,12274.065
2026-06-03 21:55:00,72.71,72.85,72.66,72.82,7573.307
2026-06-03 22:00:00,72.81,73.18,72.71,72.79,11649.456
2026-06-03 22:05:00,72.79,72.99,72.68,72.79,6778.319
2026-06-03 22:10:00,72.8,72.81,72.48,72.54,7968.191
2026-06-03 22:15:00,72.53,72.53,72.18,72.47,9928.827
2026-06-03 22:20:00,72.47,72.53,72.13,72.48,7636.094
2026-06-03 22:25:00,72.49,72.58,72.31,72.34,3667.586
2026-06-03 22:30:00,72.34,72.44,72.26,72.33,5424.833
2026-06-03 22:35:00,72.33,72.37,71.94,72.1,14519.965
2026-06-03 22:40:00,72.11,72.42,72.11,72.3,11111.269
2026-06-03 22:45:00,72.29,72.34,72.05,72.13,6928.246
2026-06-03 22:50:00,72.14,72.26,71.97,72.01,7271.463
2026-06-03 22:55:00,72.01,72.35,71.95,72.22,7397.794
2026-06-03 23:00:00,72.22,72.28,71.73,71.84,14943.865
2026-06-03 23:05:00,71.84,72.0,71.64,71.69,6572.644
2026-06-03 23:10:00,71.69,72.0,71.58,71.84,9361.865
2026-06-03 23:15:00,71.83,71.93,71.57,71.7,6505.285
2026-06-03 23:20:00,71.71,71.86,71.62,71.64,6251.402
2026-06-03 23:25:00,71.65,71.84,71.65,71.78,8574.74
2026-06-03 23:30:00,71.79,71.96,71.69,71.77,6923.403
2026-06-03 23:35:00,71.76,71.79,71.58,71.71,8276.951
2026-06-03 23:40:00,71.72,71.85,71.66,71.68,7573.005
2026-06-03 23:45:00,71.68,71.81,71.62,71.79,10212.36
2026-06-03 23:50:00,71.79,71.88,71.72,71.75,10912.793
2026-06-03 23:55:00,71.75,71.78,71.59,71.61,9466.471
2026-06-04 00:00:00,71.61,72.05,71.59,71.95,21474.992
2026-06-04 00:05:00,71.94,72.02,71.72,71.85,9634.055
2026-06-04 00:10:00,71.85,71.95,71.73,71.94,4921.095
2026-06-04 00:15:00,71.93,72.09,71.83,71.96,9963.345
2026-06-04 00:20:00,71.97,72.07,71.61,71.67,10754.636
2026-06-04 00:25:00,71.67,71.72,70.5,70.51,40919.026
2026-06-04 00:30:00,70.52,71.2,70.43,71.04,44743.25
2026-06-04 00:35:00,71.04,71.2,70.33,70.42,28304.021
2026-06-04 00:40:00,70.42,71.29,70.41,71.22,41585.879
2026-06-04 00:45:00,71.22,71.24,70.57,70.66,14426.659
2026-06-04 00:50:00,70.66,70.85,70.42,70.6,22928.564
2026-06-04 00:55:00,70.61,70.77,70.41,70.75,13152.952
2026-06-04 01:00:00,70.76,70.96,70.58,70.84,24361.632
2026-06-04 01:05:00,70.84,70.96,70.25,70.47,27788.342
2026-06-04 01:10:00,70.47,70.57,70.1,70.19,29855.099
2026-06-04 01:15:00,70.18,70.25,69.67,69.79,126179.893
2026-06-04 01:20:00,69.78,70.0,69.0,69.14,71766.078
2026-06-04 01:25:00,69.15,69.76,69.14,69.3,33053.098
2026-06-04 01:30:00,69.31,69.74,69.22,69.62,32958.857
2026-06-04 01:35:00,69.61,70.0,69.42,69.5,26730.04
2026-06-04 01:40:00,69.5,69.8,69.5,69.57,13905.439
2026-06-04 01:45:00,69.56,69.61,69.08,69.08,20165.574
2026-06-04 01:50:00,69.07,69.12,68.42,68.49,83157.143
2026-06-04 01:55:00,68.5,68.82,68.44,68.63,42903.355
2026-06-04 02:00:00,68.63,68.73,66.8,66.97,248456.481
2026-06-04 02:05:00,66.98,68.52,66.9,67.79,120586.716
2026-06-04 02:10:00,67.78,68.41,67.73,68.25,36919.094
2026-06-04 02:15:00,68.25,68.6,67.81,68.54,31729.231
2026-06-04 02:20:00,68.54,69.61,68.5,69.58,43758.822
2026-06-04 02:25:00,69.58,69.58,69.23,69.32,29100.313
2026-06-04 02:30:00,69.32,69.9,69.18,69.72,27091.89
2026-06-04 02:35:00,69.72,70.0,69.5,69.98,19716.542
2026-06-04 02:40:00,69.97,70.24,69.87,70.12,30208.36
2026-06-04 02:45:00,70.12,70.41,70.01,70.3,22645.936
2026-06-04 02:50:00,70.3,70.47,70.15,70.21,20805.515
2026-06-04 02:55:00,70.21,70.26,70.0,70.07,11055.808
2026-06-04 03:00:00,70.07,70.78,70.04,70.74,46127.489
2026-06-04 03:05:00,70.75,71.05,70.65,70.86,30671.444
2026-06-04 03:10:00,70.87,71.04,70.68,70.98,19499.648
2026-06-04 03:15:00,70.98,71.3,70.95,71.17,25804.041
2026-06-04 03:20:00,71.17,71.21,70.92,71.09,27703.224
2026-06-04 03:25:00,71.09,71.23,71.0,71.03,15731.399
2026-06-04 03:30:00,71.04,71.53,71.02,71.5,25407.972
2026-06-04 03:35:00,71.5,71.52,71.29,71.48,28351.888
2026-06-04 03:40:00,71.48,71.65,71.43,71.57,39665.629
2026-06-04 03:45:00,71.56,71.65,71.42,71.51,13250.305
2026-06-04 03:50:00,71.51,71.55,71.33,71.45,11268.902
2026-06-04 03:55:00,71.44,71.5,71.38,71.48,11350.31
2026-06-04 04:00:00,71.49,71.62,71.47,71.59,12624.621
2026-06-04 04:05:00,71.6,71.65,71.44,71.5,7691.485
2026-06-04 04:10:00,71.51,71.8,71.51,71.72,10018.65
2026-06-04 04:15:00,71.72,71.79,71.42,71.52,15477.421
2026-06-04 04:20:00,71.53,71.65,71.48,71.6,17215.927
2026-06-04 04:25:00,71.59,71.6,71.47,71.47,4413.662
2026-06-04 04:30:00,71.47,71.52,71.08,71.12,24921.348
2026-06-04 04:35:00,71.13,71.21,70.95,71.01,16112.394
2026-06-04 04:40:00,71.01,71.14,70.89,71.07,10183.599
2026-06-04 04:45:00,71.07,71.11,70.92,70.93,7801.423
2026-06-04 04:50:00,70.93,70.98,70.84,70.93,9508.831
2026-06-04 04:55:00,70.94,70.95,70.8,70.9,6755.134
2026-06-04 05:00:00,70.89,70.89,70.35,70.39,13045.567
2026-06-04 05:05:00,70.39,70.52,70.05,70.06,20253.328
2026-06-04 05:10:00,70.05,70.29,69.91,70.29,17275.289
2026-06-04 05:15:00,70.28,70.43,70.06,70.25,12676.74
2026-06-04 05:20:00,70.25,70.3,70.0,70.22,9252.117
2026-06-04 05:25:00,70.21,70.31,70.09,70.11,13510.472
2026-06-04 05:30:00,70.11,70.58,69.97,70.54,13834.823
2026-06-04 05:35:00,70.53,70.66,70.33,70.35,9998.906
2026-06-04 05:40:00,70.36,70.58,70.32,70.58,5890.279
2026-06-04 05:45:00,70.57,70.6,70.33,70.35,5156.33
2026-06-04 05:50:00,70.34,70.44,70.17,70.37,4580.809
2026-06-04 05:55:00,70.38,70.39,70.22,70.35,5544.52
2026-06-04 06:00:00,70.34,70.61,70.26,70.59,6876.419
2026-06-04 06:05:00,70.58,70.73,70.46,70.72,6929.861
2026-06-04 06:10:00,70.73,70.77,70.64,70.73,4462.615
2026-06-04 06:15:00,70.73,71.21,70.71,71.0,14024.254
2026-06-04 06:20:00,71.0,71.09,70.8,70.82,6533.771
2026-06-04 06:25:00,70.82,70.92,70.79,70.82,7571.301
2026-06-04 06:30:00,70.82,70.82,70.54,70.59,13502.374
2026-06-04 06:35:00,70.59,71.09,70.58,70.95,14182.753
2026-06-04 06:40:00,70.96,71.0,70.86,70.94,4830.929
2026-06-04 06:45:00,70.93,70.93,70.6,70.61,5607.825
2026-06-04 06:50:00,70.6,70.73,70.5,70.52,7076.612
2026-06-04 06:55:00,70.52,70.53,70.34,70.35,13002.711
2026-06-04 07:00:00,70.36,70.4,70.05,70.11,12798.443
2026-06-04 07:05:00,70.11,70.15,69.8,70.04,16382.711
2026-06-04 07:10:00,70.05,70.08,69.85,70.01,16122.98
2026-06-04 07:15:00,70.01,70.09,69.61,69.73,18256.658
2026-06-04 07:20:00,69.73,69.74,69.46,69.57,21829.988
2026-06-04 07:25:00,69.57,69.7,69.45,69.67,7746.551
2026-06-04 07:30:00,69.67,69.94,69.57,69.72,9868.238
2026-06-04 07:35:00,69.71,69.92,69.65,69.92,8604.913
2026-06-04 07:40:00,69.91,70.0,69.77,69.83,7284.573
2026-06-04 07:45:00,69.83,69.87,69.57,69.72,6801.749
2026-06-04 07:50:00,69.73,69.74,69.54,69.58,3838.039
2026-06-04 07:55:00,69.59,69.62,69.14,69.15,15797.683
2026-06-04 08:00:00,69.16,69.44,69.04,69.38,26159.432
2026-06-04 08:05:00,69.37,69.41,68.89,68.94,19360.227
2026-06-04 08:10:00,68.93,69.1,68.5,68.51,30349.007
2026-06-04 08:15:00,68.52,68.93,68.33,68.92,21747.236
2026-06-04 08:20:00,68.92,69.08,68.58,69.04,19439.529
2026-06-04 08:25:00,69.04,69.08,68.83,69.01,28974.469
2026-06-04 08:30:00,69.01,69.39,68.91,69.14,16868.94
2026-06-04 08:35:00,69.14,69.22,68.98,69.03,9573.819
2026-06-04 08:40:00,69.02,69.14,68.79,68.88,11655.067
2026-06-04 08:45:00,68.89,69.12,68.88,69.11,8331.002
2026-06-04 08:50:00,69.11,69.22,69.01,69.16,6031.877
2026-06-04 08:55:00,69.16,69.43,69.13,69.25,9938.422
2026-06-04 09:00:00,69.24,69.27,68.7,68.77,17008.111
2026-06-04 09:05:00,68.78,68.88,68.41,68.63,20337.924
2026-06-04 09:10:00,68.63,68.74,68.31,68.45,12896.274
2026-06-04 09:15:00,68.44,68.5,68.15,68.16,17560.483
2026-06-04 09:20:00,68.15,68.33,68.02,68.07,20118.163
2026-06-04 09:25:00,68.07,68.23,67.79,67.92,27833.005
2026-06-04 09:30:00,67.92,68.16,67.74,68.16,21007.917
2026-06-04 09:35:00,68.15,68.18,67.79,68.08,16096.15
2026-06-04 09:40:00,68.09,68.2,68.02,68.1,10684.265
2026-06-04 09:45:00,68.11,68.58,68.08,68.43,22471.541
2026-06-04 09:50:00,68.43,68.49,68.26,68.47,10819.146
2026-06-04 09:55:00,68.47,68.88,68.43,68.86,9993.678
2026-06-04 10:00:00,68.87,68.94,68.55,68.61,11670.83
2026-06-04 10:05:00,68.6,68.64,68.3,68.43,13374.532
2026-06-04 10:10:00,68.44,68.66,68.29,68.52,16529.584
2026-06-04 10:15:00,68.51,68.77,68.31,68.71,10550.552
2026-06-04 10:20:00,68.7,68.71,68.53,68.61,7518.336
2026-06-04 10:25:00,68.62,68.67,68.35,68.36,12433.078
2026-06-04 10:30:00,68.37,68.79,68.2,68.72,13613.246
2026-06-04 10:35:00,68.71,68.73,68.33,68.53,12930.649
2026-06-04 10:40:00,68.53,68.61,68.31,68.38,17966.698
2026-06-04 10:45:00,68.37,68.41,67.7,67.9,36871.25
2026-06-04 10:50:00,67.9,68.02,67.57,67.66,38813.148
2026-06-04 10:55:00,67.66,67.96,67.51,67.89,19533.922
2026-06-04 11:00:00,67.89,68.13,67.76,68.11,14529.014
2026-06-04 11:05:00,68.11,68.14,67.6,67.6,53464.908
2026-06-04 11:10:00,67.6,67.76,67.37,67.64,32109.71
2026-06-04 11:15:00,67.64,68.12,67.56,68.1,13496.933
2026-06-04 11:20:00,68.1,68.27,67.88,68.27,9546.839
2026-06-04 11:25:00,68.28,68.43,68.15,68.2,13787.5
2026-06-04 11:30:00,68.21,68.58,68.21,68.38,19976.457
2026-06-04 11:35:00,68.38,68.47,68.06,68.27,16208.253
2026-06-04 11:40:00,68.27,68.28,67.94,68.01,9555.437
2026-06-04 11:45:00,68.0,68.6,68.0,68.6,12810.304
2026-06-04 11:50:00,68.6,68.67,68.36,68.6,8401.071
2026-06-04 11:55:00,68.61,68.71,68.54,68.7,8565.834
2026-06-04 12:00:00,68.69,69.07,68.66,69.06,26200.109
2026-06-04 12:05:00,69.05,69.05,68.5,68.55,17996.331
2026-06-04 12:10:00,68.56,68.67,68.32,68.47,10746.613
2026-06-04 12:15:00,68.47,68.78,68.42,68.47,8918.765
2026-06-04 12:20:00,68.46,69.28,68.45,69.17,26676.36
2026-06-04 12:25:00,69.17,69.41,68.92,69.38,19070.249
2026-06-04 12:30:00,69.37,69.96,69.29,69.78,37390.483
2026-06-04 12:35:00,69.79,70.18,69.61,70.08,33779.261
2026-06-04 12:40:00,70.07,70.08,69.86,69.9,11209.839
2026-06-04 12:45:00,69.89,70.38,69.81,70.25,34911.242
2026-06-04 12:50:00,70.25,70.26,70.02,70.21,25631.186
2026-06-04 12:55:00,70.21,70.21,69.93,70.12,13831.059
2026-06-04 13:00:00,70.12,70.18,69.93,70.04,13512.119
2026-06-04 13:05:00,70.03,70.15,69.87,69.97,9634.555
2026-06-04 13:10:00,69.97,70.04,69.78,69.79,5948.545
2026-06-04 13:15:00,69.78,69.9,69.39,69.4,16977.248
2026-06-04 13:20:00,69.4,69.43,69.17,69.18,12374.878
2026-06-04 13:25:00,69.18,69.41,69.02,69.37,19403.167
2026-06-04 13:30:00,69.36,70.15,69.28,70.04,23114.425
2026-06-04 13:35:00,70.04,70.58,69.89,70.46,29091.628
2026-06-04 13:40:00,70.45,70.52,70.01,70.07,18482.149
2026-06-04 13:45:00,70.07,70.36,69.86,70.15,14888.672
2026-06-04 13:50:00,70.15,70.19,69.85,70.02,9603.955
2026-06-04 13:55:00,70.01,70.4,69.93,70.38,12371.922
2026-06-04 14:00:00,70.38,70.59,70.16,70.19,11685.235
2026-06-04 14:05:00,70.18,70.53,70.07,70.35,22659.245
2026-06-04 14:10:00,70.34,70.64,70.3,70.51,7218.868
2026-06-04 14:15:00,70.51,70.53,70.22,70.22,7428.694
2026-06-04 14:20:00,70.21,70.25,70.04,70.17,16521.902
2026-06-04 14:25:00,70.17,70.22,70.03,70.16,19800.181
2026-06-04 14:30:00,70.15,70.16,69.77,69.98,27733.291
2026-06-04 14:35:00,69.97,69.98,69.59,69.75,25671.074
2026-06-04 14:40:00,69.75,69.94,69.74,69.89,23912.05
2026-06-04 14:45:00,69.88,69.96,69.58,69.72,20977.481
2026-06-04 14:50:00,69.73,69.87,69.56,69.65,21697.157
2026-06-04 14:55:00,69.65,69.8,69.58,69.77,18213.301
2026-06-04 15:00:00,69.76,69.85,69.61,69.77,19875.931
2026-06-04 15:05:00,69.78,70.46,69.78,70.46,38650.818
2026-06-04 15:10:00,70.46,70.5,70.05,70.29,58628.024
2026-06-04 15:15:00,70.28,70.34,69.78,69.91,19854.008
2026-06-04 15:20:00,69.91,69.93,69.38,69.64,44856.351
2026-06-04 15:25:00,69.64,69.91,69.63,69.85,20111.175
2026-06-04 15:30:00,69.84,69.88,69.58,69.79,15490.301
2026-06-04 15:35:00,69.8,69.94,69.72,69.73,10126.303
2026-06-04 15:40:00,69.74,69.87,69.63,69.72,13846.068
2026-06-04 15:45:00,69.71,69.75,69.5,69.61,16139.693
2026-06-04 15:50:00,69.62,69.77,69.58,69.61,9025.517
2026-06-04 15:55:00,69.61,69.87,69.41,69.64,21871.793
2026-06-04 16:00:00,69.64,69.67,69.4,69.4,10254.95
2026-06-04 16:05:00,69.39,69.53,69.3,69.38,8275.94
2026-06-04 16:10:00,69.38,69.48,69.26,69.3,5860.749
2026-06-04 16:15:00,69.3,69.47,69.3,69.39,6350.895
2026-06-04 16:20:00,69.38,69.52,69.32,69.46,8058.664
2026-06-04 16:25:00,69.46,69.58,69.09,69.1,11737.848
2026-06-04 16:30:00,69.09,69.17,68.98,69.05,13042.832
2026-06-04 16:35:00,69.06,69.55,68.98,69.49,8174.809
2026-06-04 16:40:00,69.48,69.58,69.37,69.44,14615.559
2026-06-04 16:45:00,69.44,69.66,69.4,69.44,9357.162
2026-06-04 16:50:00,69.45,69.57,69.41,69.45,4367.544
2026-06-04 16:55:00,69.44,69.46,69.24,69.41,4353.283
2026-06-04 17:00:00,69.41,69.45,69.22,69.42,4107.613
2026-06-04 17:05:00,69.43,69.55,69.38,69.51,3544.294
2026-06-04 17:10:00,69.51,69.74,69.45,69.65,11100.389
2026-06-04 17:15:00,69.65,69.65,69.03,69.05,7634.815
2026-06-04 17:20:00,69.06,69.26,69.02,69.05,6038.4
2026-06-04 17:25:00,69.06,69.29,69.03,69.2,4962.484
2026-06-04 17:30:00,69.21,69.28,68.74,68.83,8677.802
2026-06-04 17:35:00,68.83,68.91,68.61,68.66,6298.292
2026-06-04 17:40:00,68.65,68.69,68.52,68.65,7572.14
2026-06-04 17:45:00,68.64,68.79,68.48,68.72,9479.177
2026-06-04 17:50:00,68.72,69.56,68.69,69.43,20104.741
2026-06-04 17:55:00,69.43,69.46,69.17,69.25,9113.404
2026-06-04 18:00:00,69.25,69.32,68.96,68.97,11426.622
2026-06-04 18:05:00,68.97,69.05,68.85,68.97,4768.92
2026-06-04 18:10:00,68.97,68.97,68.65,68.69,10862.953
2026-06-04 18:15:00,68.69,69.17,68.69,69.02,5158.17
2026-06-04 18:20:00,69.02,69.34,68.96,69.28,7455.514
2026-06-04 18:25:00,69.27,69.64,69.16,69.64,13618.884
2026-06-04 18:30:00,69.65,69.89,69.47,69.59,20124.237
2026-06-04 18:35:00,69.59,69.7,69.48,69.64,8816.685
2026-06-04 18:40:00,69.64,69.76,69.55,69.61,5164.032
2026-06-04 18:45:00,69.6,69.74,69.46,69.69,8869.809
2026-06-04 18:50:00,69.68,69.82,69.67,69.72,7283.016
2026-06-04 18:55:00,69.71,69.85,69.5,69.5,8768.351
2026-06-04 19:00:00,69.49,69.57,69.2,69.27,14079.712
2026-06-04 19:05:00,69.26,69.33,69.11,69.23,8995.964
2026-06-04 19:10:00,69.23,69.44,69.1,69.43,4084.352
2026-06-04 19:15:00,69.43,69.57,69.27,69.4,9874.687
2026-06-04 19:20:00,69.4,69.52,69.37,69.51,4585.126
2026-06-04 19:25:00,69.5,69.71,69.42,69.57,22216.111
2026-06-04 19:30:00,69.57,69.63,69.38,69.56,8687.944
2026-06-04 19:35:00,69.56,69.57,69.23,69.49,6923.217
2026-06-04 19:40:00,69.49,69.49,69.27,69.27,4157.929
2026-06-04 19:45:00,69.27,69.3,69.15,69.15,8878.563
2026-06-04 19:50:00,69.16,69.21,69.03,69.12,4279.605
2026-06-04 19:55:00,69.12,69.29,69.05,69.1,13094.97
2026-06-04 20:00:00,69.09,69.15,68.71,68.78,11910.935
2026-06-04 20:05:00,68.77,68.79,68.44,68.63,15061.787
2026-06-04 20:10:00,68.62,68.96,68.61,68.88,8200.203
2026-06-04 20:15:00,68.88,69.1,68.84,68.98,7089.067
2026-06-04 20:20:00,68.99,69.04,68.87,68.89,4839.854
2026-06-04 20:25:00,68.89,68.92,68.62,68.79,7480.688
2026-06-04 20:30:00,68.78,69.01,68.75,69.01,5513.503
2026-06-04 20:35:00,69.0,69.0,68.74,68.83,4466.921
2026-06-04 20:40:00,68.84,69.02,68.83,68.89,4701.451
2026-06-04 20:45:00,68.9,69.01,68.55,68.64,8007.378
2026-06-04 20:50:00,68.64,68.69,68.54,68.65,7539.051
2026-06-04 20:55:00,68.65,68.85,68.6,68.82,5972.894
2026-06-04 21:00:00,68.81,68.89,68.65,68.86,6327.347
2026-06-04 21:05:00,68.86,69.06,68.81,69.04,7702.23
2026-06-04 21:10:00,69.03,69.05,68.74,68.87,6046.767
2026-06-04 21:15:00,68.88,68.92,68.51,68.69,9601.585
2026-06-04 21:20:00,68.7,68.73,68.42,68.56,8100.81
2026-06-04 21:25:00,68.56,68.64,68.21,68.32,10317.619
2026-06-04 21:30:00,68.32,68.35,68.01,68.06,9596.169
2026-06-04 21:35:00,68.07,68.11,67.74,67.77,19592.315
2026-06-04 21:40:00,67.77,68.07,67.61,68.06,15903.022
2026-06-04 21:45:00,68.06,68.12,67.92,67.97,4585.239
2026-06-04 21:50:00,67.98,68.15,67.89,68.09,6477.924
2026-06-04 21:55:00,68.08,68.09,67.8,67.8,5542.979
2026-06-04 22:00:00,67.79,68.15,67.72,67.82,8002.711
2026-06-04 22:05:00,67.82,67.96,67.57,67.7,13267.302
2026-06-04 22:10:00,67.69,67.97,67.63,67.82,19524.896
2026-06-04 22:15:00,67.81,68.07,67.81,68.04,18794.076
2026-06-04 22:20:00,68.05,68.12,67.9,68.02,13236.285
2026-06-04 22:25:00,68.02,68.1,67.86,67.96,7036.349
2026-06-04 22:30:00,67.95,67.98,67.64,67.65,11633.187
2026-06-04 22:35:00,67.64,67.93,67.6,67.91,14000.384
2026-06-04 22:40:00,67.91,68.09,67.88,68.0,13183.838
2026-06-04 22:45:00,67.99,68.21,67.83,68.16,16142.532
2026-06-04 22:50:00,68.16,68.23,68.06,68.22,10076.65
2026-06-04 22:55:00,68.22,68.58,68.19,68.49,17291.112
2026-06-04 23:00:00,68.48,68.78,68.4,68.78,9958.423
2026-06-04 23:05:00,68.78,68.88,68.69,68.76,9188.599
2026-06-04 23:10:00,68.76,68.79,68.52,68.58,5259.975
2026-06-04 23:15:00,68.58,68.62,68.02,68.02,9583.001
2026-06-04 23:20:00,68.02,68.25,68.0,68.13,7354.97
2026-06-04 23:25:00,68.12,68.42,68.08,68.26,8993.653
2026-06-04 23:30:00,68.27,68.53,68.24,68.52,4942.111
2026-06-04 23:35:00,68.53,68.67,68.49,68.66,6857.293
2026-06-04 23:40:00,68.65,68.74,68.64,68.72,3284.762
2026-06-04 23:45:00,68.73,68.75,68.58,68.7,4448.197
2026-06-04 23:50:00,68.7,68.89,68.7,68.87,4395.409
2026-06-04 23:55:00,68.86,68.93,68.7,68.88,6466.279
2026-06-05 00:00:00,68.87,68.87,68.6,68.64,7265.1
2026-06-05 00:05:00,68.65,68.81,68.58,68.73,4779.258
2026-06-05 00:10:00,68.73,68.78,68.46,68.5,6273.091
2026-06-05 00:15:00,68.51,68.6,68.35,68.48,7057.529
2026-06-05 00:20:00,68.47,68.93,68.47,68.84,9810.59
2026-06-05 00:25:00,68.84,69.08,68.64,69.06,9953.75
2026-06-05 00:30:00,69.07,69.1,68.89,68.97,6530.551
2026-06-05 00:35:00,68.97,69.02,68.68,69.02,7983.445
2026-06-05 00:40:00,69.02,69.02,68.72,68.8,3219.6
2026-06-05 00:45:00,68.8,69.06,68.75,68.95,9633.132
2026-06-05 00:50:00,68.95,68.96,68.57,68.66,7313.967
2026-06-05 00:55:00,68.65,68.65,68.27,68.31,14662.77
2026-06-05 01:00:00,68.3,68.3,67.58,67.62,33411.388
2026-06-05 01:05:00,67.63,68.22,67.63,68.04,12498.912
2026-06-05 01:10:00,68.03,68.27,67.88,68.27,12663.917
2026-06-05 01:15:00,68.26,68.47,68.04,68.38,11890.733
2026-06-05 01:20:00,68.38,68.42,68.01,68.35,8901.801
2026-06-05 01:25:00,68.34,68.44,68.22,68.44,11372.599
2026-06-05 01:30:00,68.45,68.82,68.45,68.61,17867.713
2026-06-05 01:35:00,68.61,68.82,68.37,68.46,11522.03
2026-06-05 01:40:00,68.45,68.57,68.3,68.57,21534.917
2026-06-05 01:45:00,68.57,68.57,68.35,68.49,11795.954
2026-06-05 01:50:00,68.48,68.54,68.32,68.51,7518.352
2026-06-05 01:55:00,68.5,68.73,68.38,68.52,9999.51
2026-06-05 02:00:00,68.52,68.62,68.32,68.51,11034.4
2026-06-05 02:05:00,68.51,68.52,68.19,68.29,16173.721
2026-06-05 02:10:00,68.28,68.4,68.21,68.21,8654.47
2026-06-05 02:15:00,68.21,68.37,67.9,67.92,19145.88
2026-06-05 02:20:00,67.93,68.1,67.75,68.09,21385.186
2026-06-05 02:25:00,68.1,68.13,67.74,67.74,10455.265
2026-06-05 02:30:00,67.74,68.01,67.7,67.83,10881.351
2026-06-05 02:35:00,67.83,68.09,67.81,67.98,18426.524
2026-06-05 02:40:00,67.97,68.05,67.42,67.74,30798.723
2026-06-05 02:45:00,67.74,68.0,67.72,67.78,13260.609
2026-06-05 02:50:00,67.78,67.89,67.53,67.55,21246.567
2026-06-05 02:55:00,67.55,67.64,67.21,67.33,24234.739
2026-06-05 03:00:00,67.33,67.42,67.1,67.35,16734.312
2026-06-05 03:05:00,67.35,67.35,67.02,67.21,21369.808
2026-06-05 03:10:00,67.21,67.32,67.07,67.1,21942.891
2026-06-05 03:15:00,67.1,67.87,67.1,67.73,18833.212
2026-06-05 03:20:00,67.73,67.73,67.34,67.5,11373.265
2026-06-05 03:25:00,67.5,67.52,67.14,67.33,15003.202
2026-06-05 03:30:00,67.33,67.66,67.31,67.54,11244.098
2026-06-05 03:35:00,67.54,67.55,67.21,67.37,6813.79
2026-06-05 03:40:00,67.37,67.46,66.94,67.03,41212.803
2026-06-05 03:45:00,67.02,67.25,66.98,67.08,20805.313
2026-06-05 03:50:00,67.08,67.21,66.99,67.13,11084.676
2026-06-05 03:55:00,67.13,67.23,66.97,67.09,8924.178
2026-06-05 04:00:00,67.1,67.13,66.52,66.89,49392.364
2026-06-05 04:05:00,66.89,67.75,66.85,67.57,43808.491
2026-06-05 04:10:00,67.57,67.59,67.28,67.42,16804.458
2026-06-05 04:15:00,67.42,67.45,67.04,67.16,20802.99
2026-06-05 04:20:00,67.17,67.36,67.03,67.36,16583.829
2026-06-05 04:25:00,67.37,67.9,67.36,67.88,27440.431
2026-06-05 04:30:00,67.88,67.89,67.37,67.43,18568.517
2026-06-05 04:35:00,67.43,67.58,67.36,67.44,17033.642
2026-06-05 04:40:00,67.43,67.51,67.18,67.25,8867.673
2026-06-05 04:45:00,67.24,67.29,66.93,67.07,15392.589
2026-06-05 04:50:00,67.07,67.75,67.07,67.71,7573.909
2026-06-05 04:55:00,67.71,68.01,67.44,67.94,36964.265
2026-06-05 05:00:00,67.95,68.1,67.74,67.75,11090.027
2026-06-05 05:05:00,67.75,67.91,67.56,67.59,8122.021
2026-06-05 05:10:00,67.59,67.76,67.57,67.72,5875.255
2026-06-05 05:15:00,67.72,67.75,67.5,67.63,5458.511
2026-06-05 05:20:00,67.64,67.87,67.58,67.63,10792.692
2026-06-05 05:25:00,67.63,67.94,67.6,67.82,10932.067
2026-06-05 05:30:00,67.81,68.01,67.63,67.63,10528.169
2026-06-05 05:35:00,67.64,67.66,66.98,67.2,35352.738
2026-06-05 05:40:00,67.21,67.25,66.69,66.73,23815.819
2026-06-05 05:45:00,66.73,66.82,66.21,66.52,46989.544
2026-06-05 05:50:00,66.52,66.84,66.3,66.31,20596.814
2026-06-05 05:55:00,66.31,66.46,66.07,66.24,37498.478
2026-06-05 06:00:00,66.24,66.36,65.68,65.91,96135.907
2026-06-05 06:05:00,65.9,66.56,65.88,66.25,34739.305
2026-06-05 06:10:00,66.24,66.28,65.65,65.67,27190.295
2026-06-05 06:15:00,65.67,65.92,65.12,65.17,69849.028
2026-06-05 06:20:00,65.17,65.34,63.87,64.33,186185.148
2026-06-05 06:25:00,64.33,64.92,63.98,64.65,55635.828
2026-06-05 06:30:00,64.64,65.18,64.45,64.68,47864.614
2026-06-05 06:35:00,64.68,65.1,64.54,64.85,33856.493
2026-06-05 06:40:00,64.85,65.53,64.74,65.43,51323.311
2026-06-05 06:45:00,65.42,65.52,64.94,65.02,35676.722
2026-06-05 06:50:00,65.02,65.13,64.75,65.11,46155.089
2026-06-05 06:55:00,65.11,65.27,64.98,65.05,26954.941
2026-06-05 07:00:00,65.05,65.17,64.58,64.62,34439.673
2026-06-05 07:05:00,64.62,64.71,64.14,64.37,52528.143
2026-06-05 07:10:00,64.38,64.56,63.93,64.13,70214.978
2026-06-05 07:15:00,64.14,64.65,64.14,64.46,40489.358
2026-06-05 07:20:00,64.46,65.18,64.35,64.84,27320.518
2026-06-05 07:25:00,64.83,65.57,64.7,65.48,30839.296
2026-06-05 07:30:00,65.48,65.95,65.31,65.89,28378.764
2026-06-05 07:35:00,65.88,66.15,65.79,66.05,34564.144
2026-06-05 07:40:00,66.05,66.2,65.85,66.19,19115.909
2026-06-05 07:45:00,66.2,66.31,65.94,66.15,34699.913
2026-06-05 07:50:00,66.16,66.17,65.93,66.05,15471.874
2026-06-05 07:55:00,66.06,66.21,65.88,66.18,16592.142
2026-06-05 08:00:00,66.18,66.2,65.86,65.89,14197.465
2026-06-05 08:05:00,65.88,65.99,65.57,65.66,17280.64
2026-06-05 08:10:00,65.65,65.74,65.52,65.67,18517.208
2026-06-05 08:15:00,65.68,65.71,65.43,65.64,18215.244
2026-06-05 08:20:00,65.64,65.9,65.61,65.8,14221.39
2026-06-05 08:25:00,65.79,66.03,65.76,65.93,18261.593
2026-06-05 08:30:00,65.94,66.11,65.76,65.84,16427.979
2026-06-05 08:35:00,65.85,65.95,65.53,65.54,10510.136
2026-06-05 08:40:00,65.53,65.66,65.37,65.37,12273.553
2026-06-05 08:45:00,65.38,65.57,65.29,65.53,14202.41
2026-06-05 08:50:00,65.54,65.55,65.12,65.18,8807.551
2026-06-05 08:55:00,65.18,65.35,65.1,65.31,12546.647
2026-06-05 09:00:00,65.32,65.69,65.31,65.56,21334.485
2026-06-05 09:05:00,65.55,65.83,65.42,65.77,18159.211
2026-06-05 09:10:00,65.76,66.32,65.57,66.32,41771.735
2026-06-05 09:15:00,66.33,66.54,66.04,66.13,27529.471
2026-06-05 09:20:00,66.12,66.28,66.03,66.23,10986.1
2026-06-05 09:25:00,66.23,66.43,66.17,66.41,12534.832
2026-06-05 09:30:00,66.41,66.45,66.14,66.26,17661.804
2026-06-05 09:35:00,66.26,66.38,66.14,66.18,12925.775
2026-06-05 09:40:00,66.18,66.24,66.09,66.15,7221.857
2026-06-05 09:45:00,66.14,66.36,66.13,66.31,12960.438
2026-06-05 09:50:00,66.3,66.62,66.24,66.49,15737.651
2026-06-05 09:55:00,66.49,66.6,66.42,66.55,9260.275
2026-06-05 10:00:00,66.56,66.74,66.5,66.64,14254.939
2026-06-05 10:05:00,66.65,66.67,66.42,66.45,11329.532
2026-06-05 10:10:00,66.45,66.65,66.41,66.6,11333.804
2026-06-05 10:15:00,66.6,66.6,66.22,66.24,6370.919
2026-06-05 10:20:00,66.25,66.45,66.21,66.37,15411.565
2026-06-05 10:25:00,66.38,66.6,66.36,66.51,11548.16
2026-06-05 10:30:00,66.51,66.74,66.51,66.61,11175.981
2026-06-05 10:35:00,66.6,66.65,66.2,66.27,7805.306
2026-06-05 10:40:00,66.26,66.64,66.21,66.6,5033.418
2026-06-05 10:45:00,66.59,66.6,66.26,66.36,5617.271
2026-06-05 10:50:00,66.37,66.4,66.16,66.31,6402.987
2026-06-05 10:55:00,66.31,66.42,66.2,66.42,4184.274
2026-06-05 11:00:00,66.41,66.45,66.0,66.12,11576.458
2026-06-05 11:05:00,66.12,66.23,65.9,65.91,7400.782
2026-06-05 11:10:00,65.9,66.08,65.84,66.01,6351.524
2026-06-05 11:15:00,66.01,66.69,65.93,66.65,26724.748
2026-06-05 11:20:00,66.66,66.8,66.26,66.29,28327.718
2026-06-05 11:25:00,66.29,66.63,66.25,66.6,9797.539
2026-06-05 11:30:00,66.6,66.65,66.24,66.31,16700.648
2026-06-05 11:35:00,66.31,66.42,66.23,66.29,9784.805
2026-06-05 11:40:00,66.3,66.32,66.05,66.06,6637.958
2026-06-05 11:45:00,66.06,66.3,65.98,66.22,11576.252
2026-06-05 11:50:00,66.23,66.36,66.09,66.1,7170.112
2026-06-05 11:55:00,66.1,66.21,66.05,66.08,9957.975
2026-06-05 12:00:00,66.08,66.14,65.45,65.47,21941.59
2026-06-05 12:05:00,65.47,66.26,65.47,65.95,19160.79
2026-06-05 12:10:00,65.95,66.24,65.88,65.89,10065.568
2026-06-05 12:15:00,65.9,66.25,65.89,66.19,12671.746
2026-06-05 12:20:00,66.2,66.37,65.94,66.23,13474.277
2026-06-05 12:25:00,66.23,66.23,65.79,65.91,8479.203
2026-06-05 12:30:00,65.91,66.25,65.35,65.4,40954.172
2026-06-05 12:35:00,65.39,65.87,65.2,65.66,27014.683
2026-06-05 12:40:00,65.66,65.89,65.53,65.7,8687.845
2026-06-05 12:45:00,65.7,65.86,65.58,65.64,9203.663
2026-06-05 12:50:00,65.64,65.69,65.38,65.55,8873.844
2026-06-05 12:55:00,65.54,65.83,65.47,65.83,12080.671
2026-06-05 13:00:00,65.82,66.33,65.81,66.3,33231.5
2026-06-05 13:05:00,66.31,66.43,66.13,66.18,28504.304
2026-06-05 13:10:00,66.17,66.4,66.09,66.29,28148.549
2026-06-05 13:15:00,66.29,66.43,66.12,66.36,16356.749
2026-06-05 13:20:00,66.35,66.67,66.34,66.47,16003.529
2026-06-05 13:25:00,66.47,66.72,66.42,66.49,23909.539
2026-06-05 13:30:00,66.49,66.83,66.29,66.64,24288.95
2026-06-05 13:35:00,66.63,66.79,66.09,66.12,33754.3
2026-06-05 13:40:00,66.12,66.22,65.75,65.88,19845.417
2026-06-05 13:45:00,65.89,65.99,65.14,65.21,22687.19
2026-06-05 13:50:00,65.21,65.38,64.96,65.17,73673.646
2026-06-05 13:55:00,65.18,65.21,64.3,64.32,51952.038
2026-06-05 14:00:00,64.33,64.88,64.21,64.28,68827.014
2026-06-05 14:05:00,64.28,65.3,63.94,65.27,62647.38
2026-06-05 14:10:00,65.27,65.33,64.59,65.0,28960.27
2026-06-05 14:15:00,65.01,65.37,64.91,65.09,32240.833
2026-06-05 14:20:00,65.1,65.37,64.73,64.84,30193.113
2026-06-05 14:25:00,64.84,64.91,64.59,64.87,33629.93
2026-06-05 14:30:00,64.88,65.3,64.68,65.29,36470.787
2026-06-05 14:35:00,65.3,65.76,65.08,65.3,44572.879
2026-06-05 14:40:00,65.29,65.67,65.21,65.47,34116.405
2026-06-05 14:45:00,65.48,65.85,65.13,65.15,23910.379
2026-06-05 14:50:00,65.16,65.52,65.05,65.05,22501.01
2026-06-05 14:55:00,65.05,65.45,64.89,65.27,21076.751
2026-06-05 15:00:00,65.27,65.34,64.74,65.26,37359.986
2026-06-05 15:05:00,65.27,65.29,64.59,64.8,21110.426
2026-06-05 15:10:00,64.8,64.88,64.31,64.43,24881.04
2026-06-05 15:15:00,64.43,64.76,64.2,64.75,42490.101
2026-06-05 15:20:00,64.76,64.83,64.32,64.7,42925.039
2026-06-05 15:25:00,64.71,65.03,64.45,64.61,29497.27
2026-06-05 15:30:00,64.6,64.77,64.35,64.53,29675.971
2026-06-05 15:35:00,64.53,64.66,64.0,64.04,42430.928
2026-06-05 15:40:00,64.04,64.58,64.0,64.39,49053.565
2026-06-05 15:45:00,64.38,64.53,63.78,64.48,86156.886
2026-06-05 15:50:00,64.48,64.49,64.15,64.21,36486.022
2026-06-05 15:55:00,64.2,64.41,64.19,64.24,25439.912
2026-06-05 16:00:00,64.25,64.25,63.81,64.0,31173.444
2026-06-05 16:05:00,64.0,64.31,63.6,63.78,52810.59
2026-06-05 16:10:00,63.78,64.77,63.18,64.57,131195.157
2026-06-05 16:15:00,64.56,65.22,64.36,64.99,82686.605
2026-06-05 16:20:00,64.98,65.51,64.79,65.4,69300.046
2026-06-05 16:25:00,65.41,65.48,64.94,64.95,32096.651
2026-06-05 16:30:00,64.96,65.22,64.64,64.75,24356.107
2026-06-05 16:35:00,64.74,64.89,64.56,64.77,45672.185
2026-06-05 16:40:00,64.78,64.8,64.45,64.61,29232.544
2026-06-05 16:45:00,64.6,65.32,64.6,65.31,27640.158
2026-06-05 16:50:00,65.31,65.85,65.21,65.84,40967.756
2026-06-05 16:55:00,65.84,65.98,65.67,65.86,37925.79
2026-06-05 17:00:00,65.86,66.06,65.54,65.97,26717.856
2026-06-05 17:05:00,65.96,66.02,65.65,65.93,15619.118
2026-06-05 17:10:00,65.92,65.92,65.3,65.46,33188.572
2026-06-05 17:15:00,65.47,65.48,64.92,64.94,28741.588
2026-06-05 17:20:00,64.95,65.25,64.87,64.99,19910.161
2026-06-05 17:25:00,64.99,65.07,64.8,64.9,13390.462
2026-06-05 17:30:00,64.9,65.12,64.81,65.09,17301.406
2026-06-05 17:35:00,65.08,65.21,64.91,65.17,9600.62
2026-06-05 17:40:00,65.17,65.58,65.02,65.02,19747.002
2026-06-05 17:45:00,65.03,65.17,64.97,65.0,15606.527
2026-06-05 17:50:00,65.01,65.17,64.97,65.07,9426.319
2026-06-05 17:55:00,65.06,65.15,64.9,65.09,12167.247
2026-06-05 18:00:00,65.1,65.31,64.99,65.1,21360.597
2026-06-05 18:05:00,65.1,65.39,65.08,65.16,14354.787
2026-06-05 18:10:00,65.15,65.21,64.92,64.97,17527.056
2026-06-05 18:15:00,64.96,65.0,64.63,64.67,17365.165
2026-06-05 18:20:00,64.66,64.75,64.32,64.37,25528.475
2026-06-05 18:25:00,64.37,64.39,63.99,64.01,34532.03
2026-06-05 18:30:00,64.01,64.24,63.9,64.03,18034.684
2026-06-05 18:35:00,64.03,64.17,63.58,64.13,45246.634
2026-06-05 18:40:00,64.14,64.29,63.46,63.85,20637.374
2026-06-05 18:45:00,63.84,63.88,63.38,63.66,23102.87
2026-06-05 18:50:00,63.66,63.72,62.7,62.77,91267.074
2026-06-05 18:55:00,62.76,63.39,62.63,62.91,45958.836
2026-06-05 19:00:00,62.9,63.03,62.42,62.48,56183.742
2026-06-05 19:05:00,62.47,62.55,61.93,62.25,100041.317
2026-06-05 19:10:00,62.24,62.36,61.78,61.91,63088.918
2026-06-05 19:15:00,61.92,61.98,61.48,61.73,56163.6
2026-06-05 19:20:00,61.73,62.52,61.69,62.51,35204.257
2026-06-05 19:25:00,62.51,62.82,62.31,62.79,25354.712
2026-06-05 19:30:00,62.8,62.83,61.97,62.25,24122.067
2026-06-05 19:35:00,62.24,62.49,62.16,62.45,25090.731
2026-06-05 19:40:00,62.46,62.68,62.16,62.46,23720.167
2026-06-05 19:45:00,62.46,63.84,62.45,63.6,70250.041
2026-06-05 19:50:00,63.61,63.81,63.25,63.48,43425.444
2026-06-05 19:55:00,63.47,63.68,63.31,63.44,20830.917
2026-06-05 20:00:00,63.44,63.69,62.85,63.01,30870.178
2026-06-05 20:05:00,63.0,64.3,62.68,64.05,66685.048
2026-06-05 20:10:00,64.04,64.21,63.77,64.05,33623.928
2026-06-05 20:15:00,64.05,64.32,63.87,64.12,34599.984
2026-06-05 20:20:00,64.12,64.28,63.92,64.18,20935.967
2026-06-05 20:25:00,64.18,64.38,64.11,64.2,14506.9
2026-06-05 20:30:00,64.21,64.52,64.03,64.16,22334.074
2026-06-05 20:35:00,64.16,64.52,64.13,64.48,13129.752
2026-06-05 20:40:00,64.47,64.5,64.28,64.45,10903.786
2026-06-05 20:45:00,64.44,64.61,64.26,64.51,15563.081
2026-06-05 20:50:00,64.51,64.82,64.42,64.46,24548.801
2026-06-05 20:55:00,64.46,64.72,64.45,64.64,13732.51
2026-06-05 21:00:00,64.63,65.05,64.53,64.84,24657.79
2026-06-05 21:05:00,64.84,64.96,64.6,64.86,16474.854
2026-06-05 21:10:00,64.86,64.92,64.58,64.91,18557.56
2026-06-05 21:15:00,64.9,65.11,64.8,64.88,23314.487
2026-06-05 21:20:00,64.89,65.03,64.82,64.9,8703.499
2026-06-05 21:25:00,64.91,65.03,64.86,64.94,20813.521
2026-06-05 21:30:00,64.94,64.95,64.75,64.85,17983.045
2026-06-05 21:35:00,64.85,65.31,64.81,65.28,23863.368
2026-06-05 21:40:00,65.27,65.42,65.11,65.35,22454.68
2026-06-05 21:45:00,65.35,65.37,65.13,65.2,4725.582
2026-06-05 21:50:00,65.19,65.23,64.92,65.06,4381.866
2026-06-05 21:55:00,65.05,65.06,64.87,64.89,3914.56
2026-06-05 22:00:00,64.88,64.91,64.2,64.25,22015.443
2026-06-05 22:05:00,64.25,64.5,63.78,64.32,44521.127
2026-06-05 22:10:00,64.31,64.43,64.16,64.28,17661.968
2026-06-05 22:15:00,64.28,64.65,64.16,64.64,25420.837
2026-06-05 22:20:00,64.64,64.7,64.29,64.41,16400.988
2026-06-05 22:25:00,64.4,64.49,64.11,64.14,14687.843
2026-06-05 22:30:00,64.14,64.34,63.98,64.24,13893.904
2026-06-05 22:35:00,64.24,64.67,64.15,64.63,13011.713
2026-06-05 22:40:00,64.62,64.66,64.42,64.57,6119.525
2026-06-05 22:45:00,64.57,64.61,64.28,64.57,8539.738
2026-06-05 22:50:00,64.57,64.62,64.27,64.6,13884.746
2026-06-05 22:55:00,64.61,64.61,64.35,64.41,12347.401
2026-06-05 23:00:00,64.41,64.7,64.41,64.62,12101.064
2026-06-05 23:05:00,64.62,64.79,64.33,64.35,10206.241
2026-06-05 23:10:00,64.34,64.37,64.06,64.08,15681.004
2026-06-05 23:15:00,64.08,64.1,63.75,63.84,20677.628
2026-06-05 23:20:00,63.83,63.97,63.52,63.57,14518.899
2026-06-05 23:25:00,63.57,63.68,63.41,63.57,10178.238
2026-06-05 23:30:00,63.57,63.58,62.64,62.8,34110.117
2026-06-05 23:35:00,62.81,63.36,62.81,63.17,13439.13
2026-06-05 23:40:00,63.17,63.29,62.98,63.26,16128.225
2026-06-05 23:45:00,63.27,63.3,63.02,63.21,10668.394
2026-06-05 23:50:00,63.21,63.61,63.21,63.51,11432.854
2026-06-05 23:55:00,63.52,63.66,63.42,63.64,11158.171
2026-06-06 00:00:00,63.64,64.39,63.63,64.34,21273.949
2026-06-06 00:05:00,64.34,64.44,64.12,64.44,14471.534
2026-06-06 00:10:00,64.43,64.57,64.34,64.51,15759.106
2026-06-06 00:15:00,64.51,64.68,64.35,64.41,9909.628
2026-06-06 00:20:00,64.41,64.49,64.22,64.22,10143.902
2026-06-06 00:25:00,64.22,64.48,64.2,64.46,8016.609
2026-06-06 00:30:00,64.46,64.69,64.4,64.67,10930.883
2026-06-06 00:35:00,64.66,64.66,64.45,64.66,6405.007
2026-06-06 00:40:00,64.66,64.69,64.52,64.59,4642.12
2026-06-06 00:45:00,64.59,64.78,64.55,64.63,9748.859
2026-06-06 00:50:00,64.62,64.76,64.57,64.75,4765.166
2026-06-06 00:55:00,64.76,64.83,64.66,64.68,4814.524
2026-06-06 01:00:00,64.68,64.86,64.68,64.78,5989.749
2026-06-06 01:05:00,64.77,64.84,64.72,64.76,5565.558
2026-06-06 01:10:00,64.77,64.78,64.31,64.37,12475.452
2026-06-06 01:15:00,64.38,64.44,64.09,64.12,6481.48
2026-06-06 01:20:00,64.13,64.14,63.86,63.89,19135.865
2026-06-06 01:25:00,63.88,64.47,63.85,64.43,8804.266
2026-06-06 01:30:00,64.42,64.53,64.29,64.47,8461.121
2026-06-06 01:35:00,64.47,64.48,64.14,64.22,6818.27
2026-06-06 01:40:00,64.22,64.22,63.91,64.05,11720.833
2026-06-06 01:45:00,64.04,64.21,64.0,64.03,8181.031
2026-06-06 01:50:00,64.03,64.11,63.78,64.1,9406.573
2026-06-06 01:55:00,64.09,64.11,63.85,63.85,5777.173
2026-06-06 02:00:00,63.86,63.88,63.7,63.75,8104.546
2026-06-06 02:05:00,63.75,63.82,63.51,63.75,11933.648
2026-06-06 02:10:00,63.74,63.88,63.56,63.59,7402.641
2026-06-06 02:15:00,63.59,63.67,63.28,63.29,11059.279
2026-06-06 02:20:00,63.29,63.77,63.27,63.57,12261.008
2026-06-06 02:25:00,63.58,63.66,63.5,63.52,6987.8
2026-06-06 02:30:00,63.53,63.81,63.43,63.8,7337.49
2026-06-06 02:35:00,63.79,63.86,63.47,63.75,12286.581
2026-06-06 02:40:00,63.74,63.82,63.55,63.62,9234.256
2026-06-06 02:45:00,63.62,63.86,63.5,63.86,7699.3
2026-06-06 02:50:00,63.87,63.96,63.76,63.82,6791.484
2026-06-06 02:55:00,63.81,63.81,63.51,63.53,13543.876
2026-06-06 03:00:00,63.52,63.54,63.17,63.2,8028.32
2026-06-06 03:05:00,63.2,63.28,63.09,63.14,11160.983
2026-06-06 03:10:00,63.14,63.34,63.08,63.26,8544.069
2026-06-06 03:15:00,63.26,63.39,63.08,63.36,8873.335
2026-06-06 03:20:00,63.36,63.38,62.93,63.06,12061.047
2026-06-06 03:25:00,63.07,63.1,62.9,63.06,9868.684
2026-06-06 03:30:00,63.06,63.1,62.65,62.67,18218.626
2026-06-06 03:35:00,62.68,63.1,62.58,62.81,14643.648
2026-06-06 03:40:00,62.82,62.93,62.67,62.87,17212.16
2026-06-06 03:45:00,62.87,62.94,62.66,62.76,10424.23
2026-06-06 03:50:00,62.77,63.07,62.71,62.76,12658.611
2026-06-06 03:55:00,62.77,62.98,62.77,62.84,7859.38
2026-06-06 04:00:00,62.84,63.12,62.64,62.75,12204.264
2026-06-06 04:05:00,62.75,62.75,61.87,61.9,54985.009
2026-06-06 04:10:00,61.89,62.05,61.56,61.7,30361.37
2026-06-06 04:15:00,61.7,62.02,61.23,61.29,44889.07
2026-06-06 04:20:00,61.29,61.52,61.18,61.45,25409.799
2026-06-06 04:25:00,61.45,61.6,61.0,61.22,38786.718
2026-06-06 04:30:00,61.22,61.29,60.5,60.54,70121.413
2026-06-06 04:35:00,60.54,60.99,60.36,60.57,50080.444
2026-06-06 04:40:00,60.57,60.85,60.51,60.6,33828.481
2026-06-06 04:45:00,60.6,61.0,60.35,60.62,32972.786
2026-06-06 04:50:00,60.62,61.33,60.53,61.25,15057.013
2026-06-06 04:55:00,61.25,61.26,60.63,60.88,11120.887
2026-06-06 05:00:00,60.89,60.91,60.13,60.43,29351.419
2026-06-06 05:05:00,60.44,60.89,60.36,60.87,18349.284
2026-06-06 05:10:00,60.87,61.24,60.66,60.67,18594.07
2026-06-06 05:15:00,60.68,61.2,60.63,61.19,22524.747
2026-06-06 05:20:00,61.19,62.62,61.12,62.39,73560.836
2026-06-06 05:25:00,62.39,62.68,62.03,62.14,23340.188
2026-06-06 05:30:00,62.13,62.24,61.93,61.94,21049.612
2026-06-06 05:35:00,61.94,62.4,61.94,62.09,25751.049
2026-06-06 05:40:00,62.1,62.5,62.1,62.34,15168.389
2026-06-06 05:45:00,62.34,62.72,62.21,62.56,24296.146
2026-06-06 05:50:00,62.56,62.7,62.37,62.46,15137.392
2026-06-06 05:55:00,62.47,62.66,62.43,62.62,6687.334
2026-06-06 06:00:00,62.62,63.07,62.59,62.86,25741.913
2026-06-06 06:05:00,62.85,63.01,62.74,62.9,11572.756
2026-06-06 06:10:00,62.9,63.03,62.74,63.02,8422.441
2026-06-06 06:15:00,63.01,63.09,62.8,62.91,9193.196
2026-06-06 06:20:00,62.92,63.35,62.89,63.16,22422.919
2026-06-06 06:25:00,63.15,63.18,62.96,63.02,12038.945
2026-06-06 06:30:00,63.02,63.1,62.9,62.95,10526.911
2026-06-06 06:35:00,62.95,63.28,62.9,62.91,11109.168
2026-06-06 06:40:00,62.92,63.01,62.66,62.66,8405.861
2026-06-06 06:45:00,62.67,62.71,62.39,62.4,16471.146
2026-06-06 06:50:00,62.39,62.5,62.16,62.34,12659.096
2026-06-06 06:55:00,62.34,62.34,62.08,62.22,8966.704
2026-06-06 07:00:00,62.22,62.24,62.06,62.15,5094.914
2026-06-06 07:05:00,62.15,62.88,62.15,62.79,16806.125
2026-06-06 07:10:00,62.79,63.0,62.71,62.94,27488.886
2026-06-06 07:15:00,62.95,63.16,62.83,62.95,16779.009
2026-06-06 07:20:00,62.94,63.0,62.68,62.75,8123.934
2026-06-06 07:25:00,62.75,62.75,62.57,62.66,7554.389
2026-06-06 07:30:00,62.66,62.9,62.61,62.86,6917.658
2026-06-06 07:35:00,62.86,62.92,62.61,62.85,6173.68
2026-06-06 07:40:00,62.86,63.02,62.79,62.99,12005.783
2026-06-06 07:45:00,63.0,63.13,62.82,62.9,7564.365
2026-06-06 07:50:00,62.91,62.91,62.75,62.79,6524.305
2026-06-06 07:55:00,62.8,62.87,62.74,62.78,2660.349
2026-06-06 08:00:00,62.79,62.81,62.54,62.62,9191.886
2026-06-06 08:05:00,62.63,62.88,62.62,62.88,4114.978
2026-06-06 08:10:00,62.89,63.02,62.77,62.96,6129.336
2026-06-06 08:15:00,62.96,63.01,62.78,62.9,9765.14
2026-06-06 08:20:00,62.9,63.01,62.81,62.95,4878.323
2026-06-06 08:25:00,62.96,63.45,62.9,63.35,18505.308
2026-06-06 08:30:00,63.35,63.6,63.3,63.41,19671.98
2026-06-06 08:35:00,63.42,63.42,63.23,63.32,10298.155
2026-06-06 08:40:00,63.32,63.39,63.26,63.31,5587.429
2026-06-06 08:45:00,63.3,63.3,63.11,63.2,10369.786
2026-06-06 08:50:00,63.2,63.42,63.2,63.34,7955.096
2026-06-06 08:55:00,63.35,63.43,63.13,63.18,9736.262
2026-06-06 09:00:00,63.17,63.36,63.11,63.19,5373.905
2026-06-06 09:05:00,63.19,63.24,63.05,63.18,8919.811
2026-06-06 09:10:00,63.19,63.32,63.15,63.2,2977.47
2026-06-06 09:15:00,63.19,63.32,63.17,63.18,4194.348
2026-06-06 09:20:00,63.18,63.24,63.08,63.2,4904.95
2026-06-06 09:25:00,63.19,63.55,63.17,63.54,9180.976
2026-06-06 09:30:00,63.54,63.56,63.38,63.47,3197.208
2026-06-06 09:35:00,63.47,63.54,63.42,63.49,2626.034
2026-06-06 09:40:00,63.48,63.48,63.15,63.23,7154.145
2026-06-06 09:45:00,63.23,63.25,62.55,62.58,16363.951
2026-06-06 09:50:00,62.57,62.73,62.53,62.58,12045.216
2026-06-06 09:55:00,62.57,62.75,62.49,62.71,7611.146
2026-06-06 10:00:00,62.7,62.71,62.05,62.22,28171.606
2026-06-06 10:05:00,62.21,62.28,61.99,62.1,11810.612
2026-06-06 10:10:00,62.1,62.13,61.93,61.96,15475.286
2026-06-06 10:15:00,61.96,62.1,61.8,61.82,19306.611
2026-06-06 10:20:00,61.81,62.12,61.71,61.96,11623.921
2026-06-06 10:25:00,61.97,62.07,61.85,61.86,9237.118
2026-06-06 10:30:00,61.87,61.9,61.32,61.43,50904.544
2026-06-06 10:35:00,61.42,61.46,61.2,61.31,15522.658
2026-06-06 10:40:00,61.3,61.61,61.28,61.55,16405.228
2026-06-06 10:45:00,61.55,61.57,61.32,61.48,9945.448
2026-06-06 10:50:00,61.47,61.8,61.4,61.76,17847.608
2026-06-06 10:55:00,61.76,61.91,61.73,61.84,19766.878
2026-06-06 11:00:00,61.84,62.25,61.77,62.14,25980.24
2026-06-06 11:05:00,62.13,62.19,62.01,62.15,6987.212
2026-06-06 11:10:00,62.15,62.16,61.93,62.03,13430.345
2026-06-06 11:15:00,62.03,62.35,61.84,62.1,18518.987
2026-06-06 11:20:00,62.1,62.24,62.02,62.13,4825.204
2026-06-06 11:25:00,62.14,62.31,62.08,62.3,6801.331
2026-06-06 11:30:00,62.3,62.47,62.19,62.45,8215.233
2026-06-06 11:35:00,62.45,62.51,62.33,62.49,11714.034
2026-06-06 11:40:00,62.49,62.49,62.36,62.43,10046.42
2026-06-06 11:45:00,62.42,62.69,62.39,62.55,15477.5
2026-06-06 11:50:00,62.55,62.68,62.51,62.63,7034.831
2026-06-06 11:55:00,62.64,62.65,62.35,62.46,6908.908
2026-06-06 12:00:00,62.46,62.77,62.45,62.56,14795.172
2026-06-06 12:05:00,62.56,62.76,62.51,62.7,6254.728
2026-06-06 12:10:00,62.7,62.7,62.52,62.64,6594.27
2026-06-06 12:15:00,62.64,62.72,62.45,62.46,5838.94
2026-06-06 12:20:00,62.45,62.55,62.3,62.34,9353.362
2026-06-06 12:25:00,62.33,62.39,62.22,62.22,13322.221
2026-06-06 12:30:00,62.22,62.38,62.04,62.32,10773.927
2026-06-06 12:35:00,62.33,62.43,62.23,62.26,8169.909
2026-06-06 12:40:00,62.26,62.66,62.25,62.6,21683.409
2026-06-06 12:45:00,62.59,62.99,62.45,62.95,28486.144
2026-06-06 12:50:00,62.94,63.11,62.84,63.08,32979.446
2026-06-06 12:55:00,63.07,63.11,62.91,62.92,4223.943
2026-06-06 13:00:00,62.93,63.06,62.8,63.05,7228.095
2026-06-06 13:05:00,63.04,63.04,62.76,62.84,5012.164
2026-06-06 13:10:00,62.84,62.96,62.77,62.77,2450.298
2026-06-06 13:15:00,62.77,62.79,62.63,62.7,5230.587
2026-06-06 13:20:00,62.7,62.93,62.65,62.67,5380.738
2026-06-06 13:25:00,62.68,62.73,62.55,62.55,10185.33
2026-06-06 13:30:00,62.55,62.57,62.17,62.33,20985.134
2026-06-06 13:35:00,62.34,62.49,62.27,62.38,7547.27
2026-06-06 13:40:00,62.39,62.55,62.35,62.55,4991.242
2026-06-06 13:45:00,62.54,62.79,62.42,62.45,7944.666
2026-06-06 13:50:00,62.45,62.5,62.31,62.33,6086.077
2026-06-06 13:55:00,62.34,62.48,62.31,62.45,5333.135
2026-06-06 14:00:00,62.45,62.7,62.35,62.7,7312.449
2026-06-06 14:05:00,62.7,62.84,62.64,62.67,5817.539
2026-06-06 14:10:00,62.66,62.88,62.63,62.78,6357.165
2026-06-06 14:15:00,62.78,62.88,62.73,62.86,6495.636
2026-06-06 14:20:00,62.87,62.93,62.66,62.72,6986.502
2026-06-06 14:25:00,62.72,62.72,62.48,62.65,5845.033
2026-06-06 14:30:00,62.64,62.82,62.52,62.76,6891.338
2026-06-06 14:35:00,62.76,62.88,62.67,62.86,10552.403
2026-06-06 14:40:00,62.86,62.91,62.74,62.82,13865.332
2026-06-06 14:45:00,62.82,62.88,62.73,62.82,13333.653
2026-06-06 14:50:00,62.82,62.86,62.67,62.8,20960.677
2026-06-06 14:55:00,62.8,62.8,62.3,62.33,22116.602
2026-06-06 15:00:00,62.33,62.48,61.96,62.02,32937.606
2026-06-06 15:05:00,62.01,62.05,61.74,61.98,46317.086
2026-06-06 15:10:00,61.98,61.98,61.57,61.66,28391.248
2026-06-06 15:15:00,61.66,61.79,61.32,61.46,32912.909
2026-06-06 15:20:00,61.47,61.76,61.37,61.42,24993.773
2026-06-06 15:25:00,61.41,61.69,61.4,61.64,20564.223
2026-06-06 15:30:00,61.64,61.93,61.52,61.85,24417.572
2026-06-06 15:35:00,61.84,62.08,61.77,62.06,23055.92
2026-06-06 15:40:00,62.06,62.26,62.03,62.15,19989.872
2026-06-06 15:45:00,62.15,62.33,61.94,62.09,16881.007
2026-06-06 15:50:00,62.09,62.26,61.97,62.09,15808.207
2026-06-06 15:55:00,62.09,62.21,61.99,62.03,10067.791
2026-06-06 16:00:00,62.04,62.29,61.92,62.28,21127.977
2026-06-06 16:05:00,62.29,62.4,62.03,62.1,21368.368
2026-06-06 16:10:00,62.09,62.12,61.86,61.97,17381.679
2026-06-06 16:15:00,61.96,62.04,61.87,61.92,16662.619
2026-06-06 16:20:00,61.92,61.93,61.6,61.73,21787.776
2026-06-06 16:25:00,61.72,61.96,61.53,61.56,36053.148
2026-06-06 16:30:00,61.55,61.73,61.38,61.49,36656.269
2026-06-06 16:35:00,61.49,61.62,61.43,61.59,16862.543
2026-06-06 16:40:00,61.6,61.85,61.58,61.84,14125.151
2026-06-06 16:45:00,61.85,62.13,61.8,62.12,15379.18
2026-06-06 16:50:00,62.12,62.22,62.08,62.13,9618.952
2026-06-06 16:55:00,62.13,62.13,61.92,62.13,13018.048
2026-06-06 17:00:00,62.13,62.22,62.0,62.08,5444.58
2026-06-06 17:05:00,62.09,62.09,61.8,61.81,3576.203
2026-06-06 17:10:00,61.8,62.03,61.72,61.94,5783.655
2026-06-06 17:15:00,61.94,62.01,61.83,61.94,7254.915
2026-06-06 17:20:00,61.94,62.03,61.62,61.68,12754.516
2026-06-06 17:25:00,61.67,61.84,61.66,61.83,7204.275
2026-06-06 17:30:00,61.82,62.12,61.81,62.11,6966.631
2026-06-06 17:35:00,62.11,62.28,61.76,61.82,16108.704
2026-06-06 17:40:00,61.82,61.96,61.7,61.92,8787.46
2026-06-06 17:45:00,61.93,61.98,61.58,61.68,9757.771
2026-06-06 17:50:00,61.68,61.74,61.56,61.56,7445.992
2026-06-06 17:55:00,61.56,61.66,61.46,61.63,8962.575
2026-06-06 18:00:00,61.62,61.71,61.59,61.65,5104.476
2026-06-06 18:05:00,61.65,61.68,61.41,61.49,8518.189
2026-06-06 18:10:00,61.48,61.71,61.46,61.55,7625.148
2026-06-06 18:15:00,61.54,61.61,61.46,61.56,4291.883
2026-06-06 18:20:00,61.56,61.74,61.54,61.67,5726.335
2026-06-06 18:25:00,61.66,62.14,61.66,62.04,13424.883
2026-06-06 18:30:00,62.03,62.04,61.69,61.74,5287.214
2026-06-06 18:35:00,61.74,61.88,61.65,61.84,6282.189
2026-06-06 18:40:00,61.83,61.84,61.68,61.81,4922.873
2026-06-06 18:45:00,61.8,61.83,61.58,61.61,5622.682
2026-06-06 18:50:00,61.61,61.75,61.53,61.73,7294.909
2026-06-06 18:55:00,61.73,61.83,61.7,61.73,3316.812
2026-06-06 19:00:00,61.74,61.77,61.62,61.67,5546.432
2026-06-06 19:05:00,61.67,62.14,61.65,62.1,18092.801
2026-06-06 19:10:00,62.1,62.2,62.06,62.07,4903.005
2026-06-06 19:15:00,62.06,62.09,61.91,62.04,15123.193
2026-06-06 19:20:00,62.04,62.04,61.91,61.97,4296.711
2026-06-06 19:25:00,61.96,61.96,61.76,61.78,8139.994
2026-06-06 19:30:00,61.79,61.88,61.74,61.83,4101.776
2026-06-06 19:35:00,61.83,61.83,61.67,61.72,3026.184
2026-06-06 19:40:00,61.72,61.79,61.67,61.78,2573.521
2026-06-06 19:45:00,61.77,61.84,61.7,61.74,4374.769
2026-06-06 19:50:00,61.73,61.79,61.7,61.75,3181.569
2026-06-06 19:55:00,61.74,61.85,61.64,61.64,4590.726
2026-06-06 20:00:00,61.64,61.74,61.42,61.44,21568.574
2026-06-06 20:05:00,61.44,61.61,61.38,61.58,22885.748
2026-06-06 20:10:00,61.58,61.7,61.5,61.62,5291.936
2026-06-06 20:15:00,61.62,61.76,61.53,61.63,6447.249
2026-06-06 20:20:00,61.64,61.69,61.55,61.6,4132.18
2026-06-06 20:25:00,61.59,61.66,61.48,61.51,15943.665
2026-06-06 20:30:00,61.5,61.71,61.4,61.68,25813.51
2026-06-06 20:35:00,61.67,61.72,61.56,61.63,8402.515
2026-06-06 20:40:00,61.63,61.8,61.56,61.76,7241.487
2026-06-06 20:45:00,61.76,61.85,61.63,61.74,24643.683
2026-06-06 20:50:00,61.74,61.88,61.73,61.8,7116.905
2026-06-06 20:55:00,61.8,61.94,61.76,61.84,6839.012
2026-06-06 21:00:00,61.85,61.94,61.83,61.86,7156.066
2026-06-06 21:05:00,61.86,61.97,61.85,61.87,4490.401
2026-06-06 21:10:00,61.88,62.2,61.87,62.13,23898.708
2026-06-06 21:15:00,62.14,62.18,62.01,62.09,5451.884
2026-06-06 21:20:00,62.1,62.23,62.07,62.17,5977.464
2026-06-06 21:25:00,62.17,62.17,62.05,62.13,6941.295
2026-06-06 21:30:00,62.13,62.38,62.12,62.35,7188.103
2026-06-06 21:35:00,62.35,62.35,62.11,62.13,3485.184
2026-06-06 21:40:00,62.12,62.26,62.05,62.09,6010.642
2026-06-06 21:45:00,62.09,62.09,61.97,62.05,2064.746
2026-06-06 21:50:00,62.05,62.13,62.02,62.05,2777.941
2026-06-06 21:55:00,62.06,62.07,61.9,61.91,2001.462
2026-06-06 22:00:00,61.9,61.97,61.54,61.67,8062.291
2026-06-06 22:05:00,61.66,61.78,61.5,61.58,7142.222
2026-06-06 22:10:00,61.58,61.79,61.58,61.69,6995.498
2026-06-06 22:15:00,61.69,61.98,61.65,61.95,4804.656
2026-06-06 22:20:00,61.95,61.98,61.56,61.58,6011.739
2026-06-06 22:25:00,61.59,61.67,61.47,61.52,7117.704
2026-06-06 22:30:00,61.53,61.71,61.47,61.57,6593.725
2026-06-06 22:35:00,61.56,61.74,61.56,61.6,3590.399
2026-06-06 22:40:00,61.6,61.7,61.58,61.68,3314.191
2026-06-06 22:45:00,61.69,61.86,61.69,61.83,3552.498
2026-06-06 22:50:00,61.82,61.9,61.7,61.89,12456.695
2026-06-06 22:55:00,61.89,61.92,61.72,61.73,4622.938
2026-06-06 23:00:00,61.72,62.04,61.68,61.95,3927.978
2026-06-06 23:05:00,61.95,62.07,61.92,62.06,2810.696
2026-06-06 23:10:00,62.06,62.13,62.03,62.05,5482.968
2026-06-06 23:15:00,62.05,62.08,61.87,61.88,4123.818
2026-06-06 23:20:00,61.88,62.0,61.87,61.88,2789.022
2026-06-06 23:25:00,61.87,61.98,61.81,61.97,2547.443
2026-06-06 23:30:00,61.97,62.03,61.92,62.03,2820.398
2026-06-06 23:35:00,62.03,62.14,61.99,62.11,5259.424
2026-06-06 23:40:00,62.11,62.3,62.07,62.15,7237.272
2026-06-06 23:45:00,62.16,62.23,62.1,62.13,6970.331
2026-06-06 23:50:00,62.13,62.19,62.1,62.19,3700.157
2026-06-06 23:55:00,62.2,62.26,62.18,62.2,4501.187
2026-06-07 00:00:00,62.21,62.33,62.17,62.2,13779.861
2026-06-07 00:05:00,62.19,62.2,62.04,62.14,6390.43
2026-06-07 00:10:00,62.15,62.15,61.96,62.04,8884.48
2026-06-07 00:15:00,62.05,62.27,62.05,62.27,3958.057
2026-06-07 00:20:00,62.27,62.27,62.13,62.19,3822.412
2026-06-07 00:25:00,62.19,62.28,62.1,62.28,6251.629
2026-06-07 00:30:00,62.28,62.64,62.28,62.54,18494.623
2026-06-07 00:35:00,62.54,62.58,62.45,62.52,4479.366
2026-06-07 00:40:00,62.52,62.52,62.27,62.28,5276.651
2026-06-07 00:45:00,62.27,62.32,62.23,62.24,5707.685
2026-06-07 00:50:00,62.24,62.31,62.2,62.27,4144.108
2026-06-07 00:55:00,62.26,62.26,62.1,62.11,5280.864
2026-06-07 01:00:00,62.11,62.78,62.04,62.77,18422.213
2026-06-07 01:05:00,62.77,63.09,62.43,63.06,29190.407
2026-06-07 01:10:00,63.07,63.21,62.87,63.12,16556.56
2026-06-07 01:15:00,63.12,63.56,63.04,63.49,39643.415
2026-06-07 01:20:00,63.48,63.54,63.2,63.53,14425.277
2026-06-07 01:25:00,63.53,63.79,63.47,63.76,16614.37
2026-06-07 01:30:00,63.76,63.78,63.52,63.65,18784.934
2026-06-07 01:35:00,63.65,63.86,63.53,63.59,13070.284
2026-06-07 01:40:00,63.58,63.66,63.45,63.6,7621.187
2026-06-07 01:45:00,63.6,63.84,63.49,63.67,12691.905
2026-06-07 01:50:00,63.67,63.67,63.44,63.53,8399.963
2026-06-07 01:55:00,63.53,63.74,63.49,63.67,7798.367
2026-06-07 02:00:00,63.67,63.75,63.57,63.62,7510.819
2026-06-07 02:05:00,63.62,63.79,63.6,63.77,11112.526
2026-06-07 02:10:00,63.76,63.78,63.58,63.64,9804.02
2026-06-07 02:15:00,63.64,63.68,63.32,63.39,13156.26
2026-06-07 02:20:00,63.4,63.44,63.19,63.33,13751.643
2026-06-07 02:25:00,63.33,63.34,63.13,63.23,8074.401
2026-06-07 02:30:00,63.22,63.35,63.07,63.28,10617.048
2026-06-07 02:35:00,63.28,63.32,63.08,63.27,7324.485
2026-06-07 02:40:00,63.27,63.32,63.18,63.3,3853.695
2026-06-07 02:45:00,63.3,63.58,63.28,63.57,16801.509
2026-06-07 02:50:00,63.58,63.65,63.35,63.49,11071.744
2026-06-07 02:55:00,63.49,63.63,63.49,63.55,7235.128
2026-06-07 03:00:00,63.55,63.56,63.41,63.49,6763.024
2026-06-07 03:05:00,63.49,63.64,63.43,63.59,10322.848
2026-06-07 03:10:00,63.59,63.7,63.54,63.68,5814.511
2026-06-07 03:15:00,63.68,63.99,63.55,63.96,21916.813
2026-06-07 03:20:00,63.96,63.97,63.78,63.84,20955.784
2026-06-07 03:25:00,63.85,64.15,63.74,64.04,24788.303
2026-06-07 03:30:00,64.04,64.04,63.81,63.84,13228.814
2026-06-07 03:35:00,63.84,63.88,63.7,63.7,4617.268
2026-06-07 03:40:00,63.71,63.77,63.57,63.77,3597.276
2026-06-07 03:45:00,63.76,63.76,63.62,63.68,3028.975
2026-06-07 03:50:00,63.67,63.71,63.63,63.65,6277.786
2026-06-07 03:55:00,63.64,63.84,63.64,63.84,11327.512
2026-06-07 04:00:00,63.84,63.85,63.59,63.66,15517.926
2026-06-07 04:05:00,63.66,63.73,63.6,63.62,5025.158
2026-06-07 04:10:00,63.62,63.62,63.47,63.59,6527.096
2026-06-07 04:15:00,63.6,63.63,63.52,63.62,5421.395
2026-06-07 04:20:00,63.63,63.63,63.39,63.41,4559.491
2026-06-07 04:25:00,63.4,63.43,63.31,63.4,4178.273
2026-06-07 04:30:00,63.39,63.65,63.38,63.65,5889.446
2026-06-07 04:35:00,63.64,64.02,63.64,63.91,20854.76
2026-06-07 04:40:00,63.92,64.13,63.9,63.98,11910.716
2026-06-07 04:45:00,63.97,64.05,63.86,64.05,5636.953
2026-06-07 04:50:00,64.05,64.08,63.96,64.02,7358.802
2026-06-07 04:55:00,64.02,64.13,63.98,64.1,9702.65
2026-06-07 05:00:00,64.09,64.09,63.97,64.0,9561.72
2026-06-07 05:05:00,63.99,64.06,63.9,63.99,8679.615
2026-06-07 05:10:00,63.99,64.42,63.9,64.18,21434.159
2026-06-07 05:15:00,64.18,64.5,64.04,64.4,21359.455
2026-06-07 05:20:00,64.39,64.41,64.11,64.39,12447.155
2026-06-07 05:25:00,64.39,64.46,64.18,64.23,11184.913
2026-06-07 05:30:00,64.23,64.33,64.03,64.2,11261.541
2026-06-07 05:35:00,64.2,64.38,64.2,64.38,8236.288
2026-06-07 05:40:00,64.38,64.46,64.22,64.45,8725.672
2026-06-07 05:45:00,64.45,64.47,64.23,64.27,8862.169
2026-06-07 05:50:00,64.28,64.31,64.15,64.26,9011.639
2026-06-07 05:55:00,64.26,64.31,64.15,64.26,5765.746
2026-06-07 06:00:00,64.27,64.3,64.03,64.05,8528.492
2026-06-07 06:05:00,64.05,64.24,64.04,64.16,3277.018
2026-06-07 06:10:00,64.15,64.24,64.14,64.17,3827.807
2026-06-07 06:15:00,64.17,64.46,64.11,64.46,14841.226
2026-06-07 06:20:00,64.46,64.58,64.36,64.54,7257.399
2026-06-07 06:25:00,64.54,64.86,64.39,64.76,29390.361
2026-06-07 06:30:00,64.77,64.83,64.68,64.78,16128.707
2026-06-07 06:35:00,64.78,64.99,64.74,64.93,23955.858
2026-06-07 06:40:00,64.94,64.98,64.83,64.92,7373.362
2026-06-07 06:45:00,64.91,65.0,64.84,64.88,6785.94
2026-06-07 06:50:00,64.87,64.98,64.75,64.79,9552.67
2026-06-07 06:55:00,64.8,64.93,64.76,64.85,6223.327
2026-06-07 07:00:00,64.85,64.88,64.61,64.79,16688.349
2026-06-07 07:05:00,64.79,64.99,64.75,64.93,10193.253
2026-06-07 07:10:00,64.93,64.95,64.75,64.8,6681.308
2026-06-07 07:15:00,64.8,64.87,64.66,64.75,15906.637
2026-06-07 07:20:00,64.75,64.91,64.72,64.9,8386.45
2026-06-07 07:25:00,64.9,65.0,64.87,64.96,10165.859
2026-06-07 07:30:00,64.95,65.02,64.91,64.92,11470.214
2026-06-07 07:35:00,64.92,64.99,64.86,64.92,6547.272
2026-06-07 07:40:00,64.92,64.94,64.8,64.85,12376.258
2026-06-07 07:45:00,64.85,64.87,64.77,64.78,16589.847
2026-06-07 07:50:00,64.78,64.88,64.76,64.88,15032.32
2026-06-07 07:55:00,64.87,64.94,64.79,64.93,8545.278
2026-06-07 08:00:00,64.92,64.97,64.69,64.7,14721.824
2026-06-07 08:05:00,64.69,64.71,64.52,64.6,13202.986
2026-06-07 08:10:00,64.6,64.68,64.54,64.67,10427.29
2026-06-07 08:15:00,64.67,64.69,64.5,64.68,9850.159
2026-06-07 08:20:00,64.68,64.79,64.6,64.74,6250.859
2026-06-07 08:25:00,64.75,64.9,64.68,64.89,5087.494
2026-06-07 08:30:00,64.88,64.9,64.74,64.85,4176.704
2026-06-07 08:35:00,64.85,65.21,64.82,65.13,19526.3
2026-06-07 08:40:00,65.14,65.28,64.94,65.28,9729.749
2026-06-07 08:45:00,65.27,65.64,65.26,65.49,53243.768
2026-06-07 08:50:00,65.48,65.65,65.42,65.64,18910.226
2026-06-07 08:55:00,65.63,65.97,65.6,65.97,27598.96
2026-06-07 09:00:00,65.96,66.0,65.72,65.83,16943.403
2026-06-07 09:05:00,65.83,65.98,65.83,65.9,8775.31
2026-06-07 09:10:00,65.9,66.0,65.82,66.0,7985.286
2026-06-07 09:15:00,66.0,66.11,65.83,65.93,12696.089
2026-06-07 09:20:00,65.93,65.93,65.55,65.65,15934.435
2026-06-07 09:25:00,65.65,65.8,65.56,65.79,4907.776
2026-06-07 09:30:00,65.79,65.81,65.19,65.23,8841.098
2026-06-07 09:35:00,65.24,65.31,65.12,65.3,11385.643
2026-06-07 09:40:00,65.3,65.33,65.08,65.19,6459.649
2026-06-07 09:45:00,65.19,65.19,64.85,65.0,17929.215
2026-06-07 09:50:00,64.99,65.18,64.95,65.06,8283.449
2026-06-07 09:55:00,65.05,65.12,64.97,65.02,5011.614
2026-06-07 10:00:00,65.03,65.09,64.63,64.86,20872.348
2026-06-07 10:05:00,64.87,64.9,64.71,64.72,8589.017
2026-06-07 10:10:00,64.72,64.89,64.72,64.77,5104.707
2026-06-07 10:15:00,64.77,64.93,64.76,64.86,5887.521
2026-06-07 10:20:00,64.85,65.07,64.83,65.03,14529.606
2026-06-07 10:25:00,65.03,65.09,64.88,64.98,3918.619
2026-06-07 10:30:00,64.98,65.05,64.73,64.9,8547.952
2026-06-07 10:35:00,64.91,64.97,64.71,64.75,5131.624
2026-06-07 10:40:00,64.74,64.76,64.59,64.69,13238.131
2026-06-07 10:45:00,64.7,64.71,64.46,64.67,10044.426
2026-06-07 10:50:00,64.66,64.73,64.52,64.64,6374.129
2026-06-07 10:55:00,64.64,64.82,64.61,64.67,3742.059
2026-06-07 11:00:00,64.67,64.76,64.55,64.58,4868.805
2026-06-07 11:05:00,64.58,64.82,64.58,64.82,4720.264
2026-06-07 11:10:00,64.81,64.84,64.59,64.67,4521.813
2026-06-07 11:15:00,64.66,64.8,64.6,64.65,3410.405
2026-06-07 11:20:00,64.66,64.78,64.61,64.76,1958.281
2026-06-07 11:25:00,64.77,64.87,64.73,64.85,6313.498
2026-06-07 11:30:00,64.84,64.89,64.74,64.8,3584.609
2026-06-07 11:35:00,64.8,65.09,64.8,64.99,10275.23
2026-06-07 11:40:00,64.99,65.09,64.97,65.09,3268.761
2026-06-07 11:45:00,65.08,65.25,65.05,65.24,6022.803
2026-06-07 11:50:00,65.23,65.23,65.02,65.14,4628.346
2026-06-07 11:55:00,65.13,65.13,64.97,65.04,5152.392
2026-06-07 12:00:00,65.05,65.11,64.97,65.02,10457.879
2026-06-07 12:05:00,65.01,65.02,64.53,64.63,11252.76
2026-06-07 12:10:00,64.64,64.66,63.96,63.99,41489.21
2026-06-07 12:15:00,63.99,64.29,63.88,64.02,15217.459
2026-06-07 12:20:00,64.03,64.26,63.92,64.01,17542.582
2026-06-07 12:25:00,64.01,64.17,63.93,64.05,7399.207
2026-06-07 12:30:00,64.04,64.16,63.75,63.93,18857.527
2026-06-07 12:35:00,63.93,64.1,63.92,64.04,9500.889
2026-06-07 12:40:00,64.04,64.08,63.67,63.92,27474.07
2026-06-07 12:45:00,63.91,64.29,63.91,64.29,13307.94
2026-06-07 12:50:00,64.29,64.34,64.13,64.25,6475.735
2026-06-07 12:55:00,64.25,64.41,64.21,64.33,6585.196
2026-06-07 13:00:00,64.33,64.33,64.12,64.14,12970.113
2026-06-07 13:05:00,64.14,64.3,64.09,64.21,8467.014
2026-06-07 13:10:00,64.21,64.34,64.18,64.33,6078.285
2026-06-07 13:15:00,64.34,64.36,64.14,64.14,10954.102
2026-06-07 13:20:00,64.14,64.25,64.14,64.19,3402.771
2026-06-07 13:25:00,64.2,64.4,64.17,64.38,6279.237
2026-06-07 13:30:00,64.38,64.44,64.25,64.34,2870.829
2026-06-07 13:35:00,64.34,64.35,64.15,64.28,4335.716
2026-06-07 13:40:00,64.28,64.38,64.28,64.34,3429.014
2026-06-07 13:45:00,64.34,64.4,64.27,64.29,7533.283
2026-06-07 13:50:00,64.29,64.42,64.25,64.25,8554.492
2026-06-07 13:55:00,64.26,64.41,64.26,64.34,3121.397
2026-06-07 14:00:00,64.34,64.57,64.33,64.5,4960.269
2026-06-07 14:05:00,64.5,64.58,64.47,64.48,8500.43
2026-06-07 14:10:00,64.48,64.51,64.41,64.47,5940.65
2026-06-07 14:15:00,64.47,64.73,64.42,64.69,6345.5
2026-06-07 14:20:00,64.68,64.98,64.61,64.94,16988.337
2026-06-07 14:25:00,64.94,65.07,64.88,64.98,7787.433
2026-06-07 14:30:00,64.98,65.31,64.98,65.26,15038.313
2026-06-07 14:35:00,65.25,65.35,65.11,65.14,10355.567
2026-06-07 14:40:00,65.13,65.14,64.78,64.81,13428.264
2026-06-07 14:45:00,64.81,64.83,64.63,64.68,8949.307
2026-06-07 14:50:00,64.69,64.93,64.62,64.83,10571.156
2026-06-07 14:55:00,64.83,64.95,64.8,64.92,5829.959
2026-06-07 15:00:00,64.92,64.92,64.71,64.78,7105.978
2026-06-07 15:05:00,64.79,64.89,64.64,64.85,11598.448
2026-06-07 15:10:00,64.85,64.92,64.76,64.91,3390.536
2026-06-07 15:15:00,64.9,64.98,64.63,64.71,8839.499
2026-06-07 15:20:00,64.7,64.82,64.64,64.82,3146.203
2026-06-07 15:25:00,64.83,64.97,64.77,64.97,5893.825
2026-06-07 15:30:00,64.96,65.1,64.91,65.08,6519.702
2026-06-07 15:35:00,65.09,65.19,65.01,65.17,8027.361
2026-06-07 15:40:00,65.17,65.24,65.09,65.14,4516.779
2026-06-07 15:45:00,65.14,65.14,64.78,64.88,5994.438
2026-06-07 15:50:00,64.89,65.08,64.85,64.9,10345.711
2026-06-07 15:55:00,64.9,65.0,64.79,64.99,7771.475
2026-06-07 16:00:00,64.99,65.04,64.86,64.93,5110.916
2026-06-07 16:05:00,64.94,64.96,64.75,64.91,11254.328
2026-06-07 16:10:00,64.91,65.09,64.79,65.04,7489.545
2026-06-07 16:15:00,65.04,65.16,65.0,65.11,7750.708
2026-06-07 16:20:00,65.11,65.17,65.06,65.12,4042.419
2026-06-07 16:25:00,65.13,65.18,64.98,65.02,4509.343
2026-06-07 16:30:00,65.03,65.22,64.97,65.18,3362.721
2026-06-07 16:35:00,65.18,65.33,65.16,65.3,3519.457
2026-06-07 16:40:00,65.3,65.31,65.17,65.18,2633.245
2026-06-07 16:45:00,65.18,65.27,65.08,65.2,2394.594
2026-06-07 16:50:00,65.2,65.33,65.18,65.29,8367.829
2026-06-07 16:55:00,65.29,65.29,64.95,65.15,6367.838
2026-06-07 17:00:00,65.15,65.4,65.09,65.38,5182.418
2026-06-07 17:05:00,65.38,65.62,65.31,65.52,6292.743
2026-06-07 17:10:00,65.51,65.57,65.38,65.48,4654.516
2026-06-07 17:15:00,65.49,65.54,65.37,65.43,3812.028
2026-06-07 17:20:00,65.42,65.55,65.39,65.42,4683.326
2026-06-07 17:25:00,65.43,65.5,65.4,65.46,3861.261
2026-06-07 17:30:00,65.46,65.54,65.43,65.49,6020.183
2026-06-07 17:35:00,65.49,65.6,65.44,65.46,5359.572
2026-06-07 17:40:00,65.46,65.57,65.42,65.44,4802.529
2026-06-07 17:45:00,65.45,65.45,65.22,65.39,7392.37
2026-06-07 17:50:00,65.38,65.41,65.16,65.3,5972.601
2026-06-07 17:55:00,65.3,65.37,65.29,65.32,2568.148
2026-06-07 18:00:00,65.33,65.49,65.31,65.31,3780.919
2026-06-07 18:05:00,65.32,65.48,65.32,65.42,2898.389
2026-06-07 18:10:00,65.43,65.58,65.41,65.54,1977.713
2026-06-07 18:15:00,65.55,65.55,65.22,65.31,4748.426
2026-06-07 18:20:00,65.31,65.41,65.31,65.39,2450.462
2026-06-07 18:25:00,65.39,65.46,65.35,65.43,1598.841
2026-06-07 18:30:00,65.43,65.56,65.37,65.37,3276.284
2026-06-07 18:35:00,65.37,65.43,65.27,65.35,1997.62
2026-06-07 18:40:00,65.35,65.35,65.28,65.29,2903.308
2026-06-07 18:45:00,65.28,65.36,65.08,65.1,2225.93
2026-06-07 18:50:00,65.09,65.14,65.0,65.14,7141.898
2026-06-07 18:55:00,65.15,65.16,64.91,64.95,7035.944
2026-06-07 19:00:00,64.96,64.98,64.35,64.73,15532.852
2026-06-07 19:05:00,64.73,64.73,64.17,64.17,12840.712
2026-06-07 19:10:00,64.17,64.52,64.17,64.34,10046.035
2026-06-07 19:15:00,64.34,64.34,63.84,63.9,23264.306
2026-06-07 19:20:00,63.9,64.2,63.89,64.08,12057.297
2026-06-07 19:25:00,64.09,64.1,63.77,64.05,20248.347
2026-06-07 19:30:00,64.05,64.07,63.82,63.86,6924.945
2026-06-07 19:35:00,63.86,63.92,63.75,63.84,7823.576
2026-06-07 19:40:00,63.84,63.96,63.69,63.79,8524.916
2026-06-07 19:45:00,63.8,64.1,63.64,64.02,8810.388
2026-06-07 19:50:00,64.01,64.14,63.86,63.97,16257.843
2026-06-07 19:55:00,63.97,64.02,63.88,63.95,8702.613
2026-06-07 20:00:00,63.94,64.1,63.75,64.1,9769.515
2026-06-07 20:05:00,64.1,64.2,64.05,64.2,6053.049
2026-06-07 20:10:00,64.2,64.41,64.19,64.29,18940.901
2026-06-07 20:15:00,64.28,64.34,64.1,64.27,4419.566
2026-06-07 20:20:00,64.28,64.7,64.28,64.51,12805.668
2026-06-07 20:25:00,64.5,64.59,64.44,64.5,4918.517
2026-06-07 20:30:00,64.51,64.65,64.49,64.59,7648.183
2026-06-07 20:35:00,64.6,64.61,64.47,64.52,5338.239
2026-06-07 20:40:00,64.52,64.55,64.42,64.55,2695.07
2026-06-07 20:45:00,64.55,64.61,64.46,64.61,6540.573
2026-06-07 20:50:00,64.6,64.8,64.56,64.65,3348.492
2026-06-07 20:55:00,64.66,64.8,64.62,64.7,3193.45
2026-06-07 21:00:00,64.69,64.76,64.53,64.56,3488.014
2026-06-07 21:05:00,64.56,64.63,64.47,64.5,5841.129
2026-06-07 21:10:00,64.5,64.93,64.5,64.87,7256.882
2026-06-07 21:15:00,64.87,64.9,64.7,64.7,3622.911
2026-06-07 21:20:00,64.7,64.72,64.58,64.68,3579.732
2026-06-07 21:25:00,64.67,64.72,64.57,64.58,2079.571
2026-06-07 21:30:00,64.59,64.63,64.43,64.43,5632.423
2026-06-07 21:35:00,64.43,64.52,64.37,64.49,5766.618
2026-06-07 21:40:00,64.49,64.49,64.31,64.35,5708.677
2026-06-07 21:45:00,64.36,64.51,64.34,64.42,2958.134
2026-06-07 21:50:00,64.43,64.44,64.33,64.39,1749.345
2026-06-07 21:55:00,64.39,64.63,64.38,64.63,3415.606
2026-06-07 22:00:00,64.64,64.83,64.53,64.67,11459.266
2026-06-07 22:05:00,64.67,65.01,64.6,65.01,11037.036
2026-06-07 22:10:00,65.01,67.49,64.96,67.31,114682.392
2026-06-07 22:15:00,67.33,67.92,66.6,66.6,53652.347
2026-06-07 22:20:00,66.6,66.75,66.25,66.33,25946.456
2026-06-07 22:25:00,66.32,66.45,66.05,66.26,13239.676
2026-06-07 22:30:00,66.27,66.35,65.87,66.21,16139.55
2026-06-07 22:35:00,66.21,66.78,66.14,66.23,18253.835
2026-06-07 22:40:00,66.23,66.43,66.12,66.32,7554.237
2026-06-07 22:45:00,66.33,66.48,66.17,66.34,15114.709
2026-06-07 22:50:00,66.33,66.36,66.08,66.08,8434.525
2026-06-07 22:55:00,66.09,66.14,65.74,65.83,23321.297
2026-06-07 23:00:00,65.82,66.15,65.77,65.93,15044.714
2026-06-07 23:05:00,65.93,65.99,65.8,65.92,11974.385
2026-06-07 23:10:00,65.93,66.14,65.91,66.13,10074.009
2026-06-07 23:15:00,66.14,66.19,65.79,65.93,13675.254
2026-06-07 23:20:00,65.93,66.11,65.82,65.97,10915.754
2026-06-07 23:25:00,65.96,66.37,65.9,66.36,17111.08
2026-06-07 23:30:00,66.35,66.38,66.15,66.22,16276.949
2026-06-07 23:35:00,66.22,66.27,66.04,66.22,8948.441
2026-06-07 23:40:00,66.22,66.28,66.15,66.25,5134.564
2026-06-07 23:45:00,66.24,66.67,66.17,66.29,32511.044
2026-06-07 23:50:00,66.29,66.33,66.19,66.25,14061.82
2026-06-07 23:55:00,66.25,66.52,66.22,66.5,8297.897
2026-06-08 00:00:00,66.5,66.6,66.31,66.43,12160.222
2026-06-08 00:05:00,66.43,66.43,66.14,66.21,16922.082
2026-06-08 00:10:00,66.21,66.24,66.02,66.21,10077.482
2026-06-08 00:15:00,66.21,66.25,66.06,66.16,6246.885
2026-06-08 00:20:00,66.16,66.29,66.05,66.19,7552.882
2026-06-08 00:25:00,66.18,66.6,66.17,66.56,17224.655
2026-06-08 00:30:00,66.56,66.8,66.4,66.52,15420.59
2026-06-08 00:35:00,66.51,67.11,66.49,67.08,23512.941
2026-06-08 00:40:00,67.08,67.1,66.76,66.8,20276.997
2026-06-08 00:45:00,66.79,66.92,66.56,66.91,11282.498
2026-06-08 00:50:00,66.9,66.99,66.74,66.79,11340.988
2026-06-08 00:55:00,66.79,66.82,66.56,66.71,11086.291
2026-06-08 01:00:00,66.72,66.81,66.45,66.46,11689.697
2026-06-08 01:05:00,66.45,66.46,66.27,66.27,9144.024
2026-06-08 01:10:00,66.26,66.26,65.98,65.99,11822.239
2026-06-08 01:15:00,65.99,66.03,65.78,65.88,24088.886
2026-06-08 01:20:00,65.89,66.0,65.64,65.67,15676.005
2026-06-08 01:25:00,65.67,65.82,65.47,65.54,14369.236
2026-06-08 01:30:00,65.55,65.88,65.4,65.88,17423.914
2026-06-08 01:35:00,65.87,65.96,65.71,65.87,15129.581
2026-06-08 01:40:00,65.88,66.02,65.82,65.97,11173.052
2026-06-08 01:45:00,65.98,66.12,65.96,66.03,10683.372
2026-06-08 01:50:00,66.02,66.15,65.88,66.01,9103.119
2026-06-08 01:55:00,66.01,66.28,66.01,66.19,9802.76
2026-06-08 02:00:00,66.19,66.27,66.06,66.16,5345.46
2026-06-08 02:05:00,66.15,66.35,66.09,66.2,8482.637
2026-06-08 02:10:00,66.19,66.47,66.19,66.45,7197.211
2026-06-08 02:15:00,66.45,66.45,66.2,66.2,6016.699
2026-06-08 02:20:00,66.21,66.54,66.21,66.53,5795.038
2026-06-08 02:25:00,66.54,66.65,66.36,66.51,15811.059
2026-06-08 02:30:00,66.5,66.58,66.24,66.24,12668.76
2026-06-08 02:35:00,66.23,66.46,66.12,66.35,10078.212
2026-06-08 02:40:00,66.34,66.46,66.24,66.4,10128.088
2026-06-08 02:45:00,66.41,66.41,66.21,66.39,2923.473
2026-06-08 02:50:00,66.4,66.48,66.37,66.43,5411.433
2026-06-08 02:55:00,66.43,66.48,66.38,66.46,4334.42
2026-06-08 03:00:00,66.46,66.52,66.31,66.33,6588.871
2026-06-08 03:05:00,66.33,66.56,66.24,66.51,9135.477
2026-06-08 03:10:00,66.51,66.75,66.51,66.56,7809.699
2026-06-08 03:15:00,66.57,66.61,66.38,66.4,7876.134
2026-06-08 03:20:00,66.4,66.56,66.32,66.45,8306.543
2026-06-08 03:25:00,66.45,66.47,66.27,66.27,6010.337
2026-06-08 03:30:00,66.27,66.44,66.27,66.41,6527.565
2026-06-08 03:35:00,66.41,66.43,66.23,66.27,7941.518
2026-06-08 03:40:00,66.27,66.42,66.2,66.28,6125.117
2026-06-08 03:45:00,66.28,66.35,66.18,66.24,3023.379
2026-06-08 03:50:00,66.23,66.39,66.22,66.37,3447.201
2026-06-08 03:55:00,66.37,66.43,66.3,66.37,2029.376
2026-06-08 04:00:00,66.37,66.42,66.06,66.12,4111.715
2026-06-08 04:05:00,66.11,66.11,65.81,65.99,21315.176
2026-06-08 04:10:00,66.0,66.02,65.83,65.95,5157.428
2026-06-08 04:15:00,65.96,65.97,65.72,65.72,4411.174
2026-06-08 04:20:00,65.72,65.81,65.58,65.73,7267.702
2026-06-08 04:25:00,65.73,65.82,65.68,65.76,4903.591
2026-06-08 04:30:00,65.76,65.87,65.52,65.54,6023.229
2026-06-08 04:35:00,65.54,65.56,65.43,65.54,12435.619
2026-06-08 04:40:00,65.54,65.54,65.37,65.44,5342.571
2026-06-08 04:45:00,65.45,65.68,65.43,65.64,3628.132
2026-06-08 04:50:00,65.64,65.74,65.53,65.61,5058.768
2026-06-08 04:55:00,65.61,65.68,65.43,65.44,5064.341
2026-06-08 05:00:00,65.44,65.65,65.44,65.55,2740.166
2026-06-08 05:05:00,65.55,65.56,65.27,65.43,7243.295
2026-06-08 05:10:00,65.43,65.48,65.16,65.18,8035.81
2026-06-08 05:15:00,65.18,65.43,65.09,65.38,8601.377
2026-06-08 05:20:00,65.38,65.42,65.3,65.34,8334.426
2026-06-08 05:25:00,65.34,65.52,65.21,65.43,8631.257
2026-06-08 05:30:00,65.43,65.44,65.25,65.29,4380.89
2026-06-08 05:35:00,65.28,65.32,65.09,65.18,5566.181
2026-06-08 05:40:00,65.18,65.21,64.98,65.11,7541.304
2026-06-08 05:45:00,65.12,65.25,65.06,65.11,7123.515
2026-06-08 05:50:00,65.12,65.28,65.09,65.26,5846.186
2026-06-08 05:55:00,65.26,65.34,65.22,65.34,5001.92
2026-06-08 06:00:00,65.33,65.63,65.27,65.58,21778.974
2026-06-08 06:05:00,65.58,65.69,65.47,65.67,5424.044
2026-06-08 06:10:00,65.68,65.69,65.53,65.56,4595.017
2026-06-08 06:15:00,65.56,65.8,65.48,65.71,11329.372
2026-06-08 06:20:00,65.71,65.82,65.65,65.66,9414.66
2026-06-08 06:25:00,65.67,65.89,65.66,65.77,8971.013
2026-06-08 06:30:00,65.77,65.85,65.72,65.74,6786.97
2026-06-08 06:35:00,65.75,65.8,65.63,65.65,9000.819
2026-06-08 06:40:00,65.65,65.78,65.59,65.75,7056.89
2026-06-08 06:45:00,65.76,65.78,65.63,65.69,3230.386
2026-06-08 06:50:00,65.69,65.78,65.61,65.77,3187.272
2026-06-08 06:55:00,65.77,65.78,65.63,65.68,1671.698
2026-06-08 07:00:00,65.68,65.75,65.43,65.44,5385.049
2026-06-08 07:05:00,65.44,65.57,65.38,65.52,6155.809
2026-06-08 07:10:00,65.52,65.89,65.49,65.7,6989.656
2026-06-08 07:15:00,65.69,65.81,65.55,65.76,9550.241
2026-06-08 07:20:00,65.76,65.91,65.76,65.91,7486.064
2026-06-08 07:25:00,65.91,66.05,65.84,65.97,9921.43
2026-06-08 07:30:00,65.98,66.09,65.91,65.96,6424.563
2026-06-08 07:35:00,65.96,66.11,65.91,66.09,7741.045
2026-06-08 07:40:00,66.08,66.08,65.9,65.97,5102.099
2026-06-08 07:45:00,65.97,66.23,65.94,66.2,8415.531
2026-06-08 07:50:00,66.2,66.2,66.05,66.07,4873.1
2026-06-08 07:55:00,66.07,66.17,66.06,66.11,4438.254
2026-06-08 08:00:00,66.1,66.11,65.78,65.89,9711.559
2026-06-08 08:05:00,65.9,66.0,65.8,65.98,5568.886
2026-06-08 08:10:00,65.98,65.98,65.85,65.95,3711.584
2026-06-08 08:15:00,65.94,65.99,65.77,65.86,6490.364
2026-06-08 08:20:00,65.85,65.86,65.52,65.67,3693.077
2026-06-08 08:25:00,65.66,65.77,65.64,65.74,7039.033
2026-06-08 08:30:00,65.75,65.86,65.67,65.86,12989.045
2026-06-08 08:35:00,65.86,65.88,65.66,65.66,13356.643
2026-06-08 08:40:00,65.66,65.73,65.57,65.69,4479.144
2026-06-08 08:45:00,65.69,65.71,65.51,65.57,6159.416
2026-06-08 08:50:00,65.58,65.6,65.45,65.57,6098.218
2026-06-08 08:55:00,65.57,65.71,65.5,65.63,3806.365
2026-06-08 09:00:00,65.63,65.87,65.62,65.81,5246.323
2026-06-08 09:05:00,65.8,65.89,65.63,65.63,5216.914
2026-06-08 09:10:00,65.64,65.87,65.6,65.87,6123.717
2026-06-08 09:15:00,65.86,66.16,65.8,66.05,12511.096
2026-06-08 09:20:00,66.05,66.17,66.03,66.03,5089.659
2026-06-08 09:25:00,66.03,66.09,66.0,66.03,3616.188
2026-06-08 09:30:00,66.02,66.06,65.8,65.8,4743.622
2026-06-08 09:35:00,65.81,66.21,65.78,66.09,27179.056
2026-06-08 09:40:00,66.08,66.17,65.95,66.16,8372.135
2026-06-08 09:45:00,66.16,66.28,66.1,66.25,10308.189
2026-06-08 09:50:00,66.25,66.29,66.21,66.27,7001.706
2026-06-08 09:55:00,66.27,66.39,66.24,66.38,6345.577
2026-06-08 10:00:00,66.37,66.44,66.21,66.31,11414.025
2026-06-08 10:05:00,66.31,66.38,66.22,66.22,4220.651
2026-06-08 10:10:00,66.22,66.32,66.17,66.25,7245.462
2026-06-08 10:15:00,66.24,66.25,66.05,66.05,8311.117
2026-06-08 10:20:00,66.05,66.12,65.93,65.96,8134.247
2026-06-08 10:25:00,65.96,65.98,65.81,65.93,4975.73
2026-06-08 10:30:00,65.93,66.47,65.88,66.3,23107.331
2026-06-08 10:35:00,66.3,66.37,66.15,66.22,10581.966
2026-06-08 10:40:00,66.22,66.27,66.14,66.16,8130.183
2026-06-08 10:45:00,66.16,66.22,66.04,66.17,7771.807
2026-06-08 10:50:00,66.16,66.21,66.06,66.18,6086.449
2026-06-08 10:55:00,66.18,66.21,66.09,66.21,4559.156
2026-06-08 11:00:00,66.21,66.21,66.05,66.08,8230.244
2026-06-08 11:05:00,66.07,66.24,66.04,66.24,17708.074
2026-06-08 11:10:00,66.23,66.54,66.14,66.47,17950.844
2026-06-08 11:15:00,66.48,66.73,66.47,66.72,28929.162
2026-06-08 11:20:00,66.72,66.93,66.61,66.8,23897.013
2026-06-08 11:25:00,66.81,66.89,66.78,66.82,12335.217
2026-06-08 11:30:00,66.81,66.91,66.69,66.75,25851.994
2026-06-08 11:35:00,66.75,67.06,66.73,66.95,22870.566
2026-06-08 11:40:00,66.94,66.98,66.8,66.85,10700.698
2026-06-08 11:45:00,66.85,66.88,66.59,66.61,27966.957
2026-06-08 11:50:00,66.62,66.8,66.62,66.72,6414.102
2026-06-08 11:55:00,66.72,66.76,66.64,66.68,15025.165
2026-06-08 12:00:00,66.69,66.92,66.15,66.16,41350.76
2026-06-08 12:05:00,66.17,66.37,66.07,66.27,26772.969
2026-06-08 12:10:00,66.27,66.4,65.99,66.02,19390.778
2026-06-08 12:15:00,66.02,66.3,66.01,66.06,9044.997
2026-06-08 12:20:00,66.07,66.26,66.01,66.23,15755.935
2026-06-08 12:25:00,66.23,66.46,66.23,66.46,7193.35
2026-06-08 12:30:00,66.46,66.68,66.46,66.52,8727.139
2026-06-08 12:35:00,66.52,66.77,66.51,66.66,22832.464
2026-06-08 12:40:00,66.65,67.25,66.62,67.09,28318.994
2026-06-08 12:45:00,67.09,67.12,66.93,66.98,8559.805
2026-06-08 12:50:00,66.97,67.04,66.88,66.95,13219.193
2026-06-08 12:55:00,66.96,67.32,66.95,67.26,23687.711
2026-06-08 13:00:00,67.26,67.29,66.99,67.01,13929.406
2026-06-08 13:05:00,67.01,67.13,66.97,67.0,12763.561
2026-06-08 13:10:00,67.0,67.06,66.85,66.89,9030.788
2026-06-08 13:15:00,66.9,67.01,66.8,66.9,9882.603
2026-06-08 13:20:00,66.9,67.14,66.88,67.01,15531.773
2026-06-08 13:25:00,67.01,67.02,66.8,66.84,7980.132
2026-06-08 13:30:00,66.83,66.92,66.53,66.72,19171.053
2026-06-08 13:35:00,66.71,67.0,66.55,66.55,15844.224
2026-06-08 13:40:00,66.55,66.74,66.55,66.59,14336.839
2026-06-08 13:45:00,66.6,66.78,66.42,66.64,11186.373
2026-06-08 13:50:00,66.64,66.98,66.6,66.76,13472.52
2026-06-08 13:55:00,66.77,66.88,66.67,66.78,8690.572
2026-06-08 14:00:00,66.78,66.9,66.45,66.53,11086.965
2026-06-08 14:05:00,66.52,66.83,66.46,66.81,15423.628
2026-06-08 14:10:00,66.81,66.91,66.66,66.85,23643.566
2026-06-08 14:15:00,66.85,66.95,66.58,66.75,39357.966
2026-06-08 14:20:00,66.75,66.96,66.65,66.84,43470.944
2026-06-08 14:25:00,66.85,66.94,66.75,66.8,25455.211
2026-06-08 14:30:00,66.8,67.04,66.8,67.01,24075.58
2026-06-08 14:35:00,67.01,67.07,66.83,66.96,30151.96
2026-06-08 14:40:00,66.95,67.0,66.72,66.88,30457.786
2026-06-08 14:45:00,66.89,67.05,66.86,66.89,18827.591
2026-06-08 14:50:00,66.9,67.07,66.84,67.06,16249.581
2026-06-08 14:55:00,67.05,67.31,67.01,67.28,37474.125
2026-06-08 15:00:00,67.28,67.52,67.26,67.28,27935.051
2026-06-08 15:05:00,67.28,67.5,67.22,67.49,14058.568
2026-06-08 15:10:00,67.49,67.8,67.45,67.77,31804.377
2026-06-08 15:15:00,67.78,67.82,67.39,67.72,39788.38
2026-06-08 15:20:00,67.71,67.78,67.47,67.65,15875.8
2026-06-08 15:25:00,67.64,67.67,67.43,67.43,12070.087
2026-06-08 15:30:00,67.43,67.46,67.2,67.25,17329.99
2026-06-08 15:35:00,67.25,67.45,67.17,67.37,7020.9
2026-06-08 15:40:00,67.37,67.45,67.27,67.39,9186.077
2026-06-08 15:45:00,67.4,67.45,67.25,67.28,6917.71
2026-06-08 15:50:00,67.28,67.56,67.26,67.33,11269.496
2026-06-08 15:55:00,67.32,67.33,67.06,67.18,11123.872
2026-06-08 16:00:00,67.19,67.29,67.01,67.27,12033.06
2026-06-08 16:05:00,67.27,67.39,67.25,67.3,7007.147
2026-06-08 16:10:00,67.31,67.46,67.25,67.39,9544.017
2026-06-08 16:15:00,67.39,67.67,67.39,67.57,9738.579
2026-06-08 16:20:00,67.57,67.74,67.52,67.71,16807.436
2026-06-08 16:25:00,67.71,67.75,67.5,67.52,8699.192
2026-06-08 16:30:00,67.51,67.54,67.11,67.12,9801.809
2026-06-08 16:35:00,67.12,67.26,67.07,67.21,15452.188
2026-06-08 16:40:00,67.22,67.35,67.1,67.21,11102.65
2026-06-08 16:45:00,67.22,67.23,67.08,67.14,12450.596
2026-06-08 16:50:00,67.14,67.2,67.01,67.02,9232.681
2026-06-08 16:55:00,67.02,67.03,66.9,66.96,17387.118
2026-06-08 17:00:00,66.95,67.03,66.59,66.82,35647.605
2026-06-08 17:05:00,66.82,66.92,66.62,66.68,16815.909
2026-06-08 17:10:00,66.69,66.75,66.56,66.69,24528.019
2026-06-08 17:15:00,66.69,66.8,66.68,66.77,6515.136
2026-06-08 17:20:00,66.78,66.97,66.77,66.96,5358.431
2026-06-08 17:25:00,66.96,67.15,66.96,67.14,10163.173
2026-06-08 17:30:00,67.13,67.14,66.78,66.9,17060.22
2026-06-08 17:35:00,66.89,66.9,66.71,66.88,5083.242
2026-06-08 17:40:00,66.88,66.98,66.71,66.95,4870.743
2026-06-08 17:45:00,66.95,67.13,66.95,67.13,10268.878
2026-06-08 17:50:00,67.14,67.29,67.14,67.27,3201.845
2026-06-08 17:55:00,67.27,67.39,67.2,67.38,7796.234
2026-06-08 18:00:00,67.38,67.56,67.38,67.48,6164.126
2026-06-08 18:05:00,67.49,67.6,67.42,67.53,6804.762
2026-06-08 18:10:00,67.53,67.57,67.39,67.46,11219.773
2026-06-08 18:15:00,67.46,67.5,67.38,67.45,5692.996
2026-06-08 18:20:00,67.46,67.53,67.39,67.41,7062.233
2026-06-08 18:25:00,67.4,67.54,67.4,67.53,6368.346
2026-06-08 18:30:00,67.52,67.62,67.33,67.34,4532.011
2026-06-08 18:35:00,67.35,67.41,67.28,67.29,3478.064
2026-06-08 18:40:00,67.28,67.38,67.23,67.33,5140.194
2026-06-08 18:45:00,67.33,67.46,67.2,67.24,9445.52
2026-06-08 18:50:00,67.23,67.41,67.16,67.36,9832.018
2026-06-08 18:55:00,67.36,67.54,67.33,67.43,7211.229
2026-06-08 19:00:00,67.43,67.71,67.38,67.65,9592.252
2026-06-08 19:05:00,67.65,67.71,67.49,67.49,5131.295
2026-06-08 19:10:00,67.48,67.7,67.42,67.53,4165.752
2026-06-08 19:15:00,67.54,67.61,67.43,67.6,3494.445
2026-06-08 19:20:00,67.61,67.8,67.59,67.64,9244.399
2026-06-08 19:25:00,67.64,67.82,67.59,67.64,14894.115
2026-06-08 19:30:00,67.64,67.73,67.55,67.7,11063.877
2026-06-08 19:35:00,67.7,67.72,67.49,67.54,10963.081
2026-06-08 19:40:00,67.53,67.65,67.44,67.57,11049.969
2026-06-08 19:45:00,67.56,67.6,67.45,67.49,4983.871
2026-06-08 19:50:00,67.5,67.59,67.39,67.41,16493.817
2026-06-08 19:55:00,67.42,67.49,67.28,67.46,20560.32
2026-06-08 20:00:00,67.46,67.52,67.37,67.44,5923.903
2026-06-08 20:05:00,67.43,67.53,67.19,67.29,19941.465
2026-06-08 20:10:00,67.28,67.35,67.03,67.09,10197.51
2026-06-08 20:15:00,67.1,67.13,66.95,67.02,7758.146
2026-06-08 20:20:00,67.01,67.2,66.94,67.15,6076.852
2026-06-08 20:25:00,67.15,67.18,67.01,67.02,9513.944
2026-06-08 20:30:00,67.03,67.17,66.97,67.17,4182.899
2026-06-08 20:35:00,67.17,67.29,67.17,67.29,4022.992
2026-06-08 20:40:00,67.3,67.4,67.22,67.32,3829.556
2026-06-08 20:45:00,67.31,67.36,67.24,67.35,3878.732
2026-06-08 20:50:00,67.34,67.35,67.24,67.32,4972.422
2026-06-08 20:55:00,67.32,67.48,67.32,67.48,3358.419
2026-06-08 21:00:00,67.48,67.66,67.42,67.59,10532.026
2026-06-08 21:05:00,67.59,68.17,67.52,68.14,37273.714
2026-06-08 21:10:00,68.13,68.14,67.89,67.94,11556.375
2026-06-08 21:15:00,67.93,68.05,67.71,67.83,12757.662
2026-06-08 21:20:00,67.83,67.87,67.75,67.85,4844.514
2026-06-08 21:25:00,67.84,67.94,67.79,67.8,3885.721
2026-06-08 21:30:00,67.81,67.85,67.73,67.77,5784.368
2026-06-08 21:35:00,67.76,67.91,67.76,67.8,6576.412
2026-06-08 21:40:00,67.79,67.92,67.77,67.89,4244.82
2026-06-08 21:45:00,67.9,67.94,67.72,67.76,2408.623
2026-06-08 21:50:00,67.75,67.78,67.65,67.69,2816.088
2026-06-08 21:55:00,67.69,67.73,67.48,67.48,7657.717
2026-06-08 22:00:00,67.48,67.48,67.19,67.31,13399.178
2026-06-08 22:05:00,67.32,67.4,67.17,67.18,5586.457
2026-06-08 22:10:00,67.17,67.25,67.02,67.06,7568.258
2026-06-08 22:15:00,67.06,67.09,66.84,66.93,8172.427
2026-06-08 22:20:00,66.93,67.24,66.92,67.14,7765.984
2026-06-08 22:25:00,67.14,67.17,67.07,67.09,3994.788
2026-06-08 22:30:00,67.08,67.16,66.94,67.0,5303.038
2026-06-08 22:35:00,67.01,67.19,66.99,67.1,5524.068
2026-06-08 22:40:00,67.09,67.15,67.06,67.06,2569.909
2026-06-08 22:45:00,67.06,67.1,66.91,67.09,3271.579
2026-06-08 22:50:00,67.09,67.14,67.05,67.08,2053.876
2026-06-08 22:55:00,67.08,67.21,67.04,67.2,3748.268
2026-06-08 23:00:00,67.2,67.35,67.15,67.19,3303.306
2026-06-08 23:05:00,67.2,67.41,67.16,67.34,3444.96
2026-06-08 23:10:00,67.34,67.42,67.22,67.38,7081.615
2026-06-08 23:15:00,67.39,67.41,66.81,66.84,8003.924
2026-06-08 23:20:00,66.84,66.98,66.78,66.92,12205.865
2026-06-08 23:25:00,66.92,66.94,66.67,66.82,6374.427
2026-06-08 23:30:00,66.82,66.86,66.65,66.77,6854.101
2026-06-08 23:35:00,66.78,66.94,66.78,66.83,2751.885
2026-06-08 23:40:00,66.82,66.94,66.81,66.87,4373.552
2026-06-08 23:45:00,66.86,66.86,66.66,66.67,8323.749
2026-06-08 23:50:00,66.67,66.79,66.67,66.73,3544.658
2026-06-08 23:55:00,66.74,66.85,66.66,66.82,3701.582
2026-06-09 00:00:00,66.82,66.86,66.69,66.73,3472.953
2026-06-09 00:05:00,66.72,66.8,66.58,66.59,7636.372
2026-06-09 00:10:00,66.59,66.71,66.55,66.57,6207.858
2026-06-09 00:15:00,66.57,66.89,66.53,66.62,12426.66
2026-06-09 00:20:00,66.63,66.65,66.02,66.02,43119.216
2026-06-09 00:25:00,66.02,66.12,65.85,65.93,44222.472
2026-06-09 00:30:00,65.94,66.0,65.67,65.83,21292.362
2026-06-09 00:35:00,65.82,65.85,65.47,65.52,27973.516
2026-06-09 00:40:00,65.52,65.85,65.5,65.79,9095.407
2026-06-09 00:45:00,65.78,65.78,65.29,65.39,31051.143
2026-06-09 00:50:00,65.38,65.57,65.31,65.51,23459.677
2026-06-09 00:55:00,65.5,65.58,65.31,65.42,19107.929
2026-06-09 01:00:00,65.41,65.63,65.39,65.49,21143.489
2026-06-09 01:05:00,65.49,65.65,65.39,65.54,13087.837
2026-06-09 01:10:00,65.55,65.67,65.53,65.59,9993.179
2026-06-09 01:15:00,65.58,65.72,65.52,65.62,8557.354
2026-06-09 01:20:00,65.62,66.0,65.61,65.85,8836.707
2026-06-09 01:25:00,65.85,65.96,65.76,65.88,6819.38
2026-06-09 01:30:00,65.89,66.05,65.84,66.05,4474.277
2026-06-09 01:35:00,66.05,66.07,65.83,65.92,7723.248
2026-06-09 01:40:00,65.92,65.97,65.77,65.85,4773.306
2026-06-09 01:45:00,65.86,66.08,65.86,65.88,4564.458
2026-06-09 01:50:00,65.87,65.95,65.76,65.91,4462.843
2026-06-09 01:55:00,65.92,66.05,65.88,65.99,5451.997
2026-06-09 02:00:00,65.99,66.08,65.97,66.01,2736.333
2026-06-09 02:05:00,66.0,66.04,65.88,66.03,2590.247
2026-06-09 02:10:00,66.04,66.06,65.86,65.87,2678.328
2026-06-09 02:15:00,65.87,65.88,65.6,65.65,5200.113
2026-06-09 02:20:00,65.65,65.84,65.6,65.77,7371.547
2026-06-09 02:25:00,65.77,65.9,65.67,65.9,2817.47
2026-06-09 02:30:00,65.9,65.97,65.83,65.83,4301.991
2026-06-09 02:35:00,65.83,65.83,65.53,65.62,10304.432
2026-06-09 02:40:00,65.62,65.73,65.61,65.73,3471.149
2026-06-09 02:45:00,65.74,65.88,65.74,65.8,3207.084
2026-06-09 02:50:00,65.79,65.85,65.65,65.84,3997.036
2026-06-09 02:55:00,65.84,65.92,65.83,65.91,4173.821
2026-06-09 03:00:00,65.92,66.0,65.81,65.87,6227.349
2026-06-09 03:05:00,65.86,65.97,65.79,65.91,5782.463
2026-06-09 03:10:00,65.91,66.02,65.87,65.98,4831.233
2026-06-09 03:15:00,65.99,66.1,65.98,65.99,7768.798
2026-06-09 03:20:00,65.99,66.04,65.86,65.88,3178.979
2026-06-09 03:25:00,65.88,65.94,65.85,65.9,2998.801
2026-06-09 03:30:00,65.9,65.96,65.68,65.69,5007.533
2026-06-09 03:35:00,65.69,65.81,65.68,65.74,3076.36
2026-06-09 03:40:00,65.73,65.9,65.73,65.88,3262.58
2026-06-09 03:45:00,65.88,65.95,65.79,65.94,5631.23
2026-06-09 03:50:00,65.94,65.94,65.82,65.89,2811.882
2026-06-09 03:55:00,65.89,66.06,65.85,66.01,4627.567
2026-06-09 04:00:00,66.01,66.02,65.85,65.85,4278.555
2026-06-09 04:05:00,65.85,66.11,65.83,66.09,4540.674
2026-06-09 04:10:00,66.1,66.22,66.09,66.13,5769.053
2026-06-09 04:15:00,66.12,66.16,66.07,66.11,4976.625
2026-06-09 04:20:00,66.11,66.22,66.07,66.09,6937.151
2026-06-09 04:25:00,66.09,66.11,65.96,65.97,4803.229
2026-06-09 04:30:00,65.97,66.78,65.89,66.77,45722.75
2026-06-09 04:35:00,66.77,67.14,66.75,67.1,37785.406
2026-06-09 04:40:00,67.1,67.32,66.97,67.07,28729.151
2026-06-09 04:45:00,67.07,67.35,66.99,67.35,20703.302
2026-06-09 04:50:00,67.34,67.41,67.01,67.1,11644.391
2026-06-09 04:55:00,67.1,67.2,67.02,67.02,5143.222
2026-06-09 05:00:00,67.02,67.18,66.91,67.1,7272.71
2026-06-09 05:05:00,67.11,67.13,66.76,66.76,6537.595
2026-06-09 05:10:00,66.77,67.15,66.7,67.05,89095.803
2026-06-09 05:15:00,67.05,67.17,66.94,67.1,99808.957
2026-06-09 05:20:00,67.09,67.18,67.04,67.1,9617.092
2026-06-09 05:25:00,67.1,67.14,67.02,67.06,5459.918
2026-06-09 05:30:00,67.06,67.39,67.04,67.36,13295.699
2026-06-09 05:35:00,67.35,67.37,67.15,67.22,18123.912
2026-06-09 05:40:00,67.22,67.28,67.12,67.19,7254.258
2026-06-09 05:45:00,67.18,67.29,67.17,67.28,6238.215
2026-06-09 05:50:00,67.27,67.35,67.15,67.2,7743.936
2026-06-09 05:55:00,67.2,67.21,67.11,67.18,5868.716
2026-06-09 06:00:00,67.19,67.24,67.11,67.21,8315.055
2026-06-09 06:05:00,67.21,67.31,67.18,67.19,10295.742
2026-06-09 06:10:00,67.18,67.28,67.15,67.23,8635.176
2026-06-09 06:15:00,67.23,67.4,67.23,67.4,6568.467
2026-06-09 06:20:00,67.4,67.47,67.29,67.29,7342.944
2026-06-09 06:25:00,67.3,67.37,67.28,67.29,5831.708
2026-06-09 06:30:00,67.3,67.36,67.2,67.2,7198.233
2026-06-09 06:35:00,67.21,67.31,67.21,67.28,2256.027
2026-06-09 06:40:00,67.29,67.34,67.18,67.24,5912.615
2026-06-09 06:45:00,67.25,67.34,67.12,67.12,5248.913
2026-06-09 06:50:00,67.12,67.12,66.98,67.05,6864.778
2026-06-09 06:55:00,67.05,67.09,67.01,67.05,4605.322
2026-06-09 07:00:00,67.06,67.29,67.06,67.27,8252.633
2026-06-09 07:05:00,67.28,67.34,67.17,67.32,6703.588
2026-06-09 07:10:00,67.33,67.34,67.01,67.02,8311.073
2026-06-09 07:15:00,67.01,67.2,66.95,67.15,8020.44
2026-06-09 07:20:00,67.14,67.21,67.06,67.07,6376.182
2026-06-09 07:25:00,67.08,67.09,66.62,66.69,33917.449
2026-06-09 07:30:00,66.69,66.92,66.68,66.84,4915.314
2026-06-09 07:35:00,66.84,66.92,66.74,66.89,5424.53
2026-06-09 07:40:00,66.9,66.94,66.87,66.91,2175.397
2026-06-09 07:45:00,66.91,66.97,66.85,66.86,3380.217
2026-06-09 07:50:00,66.86,66.94,66.8,66.9,5500.361
2026-06-09 07:55:00,66.91,66.92,66.85,66.89,6603.978
2026-06-09 08:00:00,66.9,66.94,66.76,66.78,7534.744
2026-06-09 08:05:00,66.78,66.78,66.41,66.53,21498.64
2026-06-09 08:10:00,66.54,66.64,66.39,66.59,13205.017
2026-06-09 08:15:00,66.59,66.61,66.46,66.55,8183.658
2026-06-09 08:20:00,66.55,66.62,66.53,66.61,4309.564
2026-06-09 08:25:00,66.61,66.72,66.6,66.62,5828.323
2026-06-09 08:30:00,66.61,66.73,66.56,66.62,5365.162
2026-06-09 08:35:00,66.63,66.74,66.52,66.73,10822.758
2026-06-09 08:40:00,66.74,66.79,66.65,66.72,4094.936
2026-06-09 08:45:00,66.71,66.78,66.61,66.64,8019.666
2026-06-09 08:50:00,66.64,66.78,66.63,66.73,5047.29
2026-06-09 08:55:00,66.73,66.73,66.57,66.6,4033.65
2026-06-09 09:00:00,66.6,66.71,66.6,66.6,5849.415
2026-06-09 09:05:00,66.61,66.71,66.5,66.57,3852.965
2026-06-09 09:10:00,66.58,66.72,66.57,66.71,2882.132
2026-06-09 09:15:00,66.72,66.82,66.71,66.82,7051.537
2026-06-09 09:20:00,66.81,66.83,66.68,66.69,4748.114
2026-06-09 09:25:00,66.68,66.72,66.41,66.42,9657.113
2026-06-09 09:30:00,66.41,66.44,66.09,66.14,13321.484
2026-06-09 09:35:00,66.15,66.26,66.08,66.14,7356.749
2026-06-09 09:40:00,66.14,66.22,66.08,66.15,4764.948
2026-06-09 09:45:00,66.15,66.2,66.13,66.2,3787.612
2026-06-09 09:50:00,66.2,66.24,66.12,66.12,3222.441
2026-06-09 09:55:00,66.11,66.21,66.11,66.18,2252.518
2026-06-09 10:00:00,66.18,66.27,66.16,66.23,2482.094
2026-06-09 10:05:00,66.23,66.28,66.0,66.04,20578.132
2026-06-09 10:10:00,66.05,66.22,66.05,66.21,6275.468
2026-06-09 10:15:00,66.22,66.22,66.09,66.16,3791.743
2026-06-09 10:20:00,66.15,66.22,66.12,66.16,1597.152
2026-06-09 10:25:00,66.15,66.24,66.15,66.21,1159.393
2026-06-09 10:30:00,66.21,66.22,66.05,66.06,5176.814
2026-06-09 10:35:00,66.06,66.22,66.06,66.12,3009.863
2026-06-09 10:40:00,66.12,66.19,66.12,66.17,1998.647
2026-06-09 10:45:00,66.16,66.23,66.1,66.18,3321.382
2026-06-09 10:50:00,66.17,66.42,66.15,66.31,10984.295
2026-06-09 10:55:00,66.31,66.49,66.29,66.42,8672.863
2026-06-09 11:00:00,66.41,66.47,66.19,66.23,6339.094
2026-06-09 11:05:00,66.24,66.32,66.15,66.31,3574.868
2026-06-09 11:10:00,66.31,66.31,66.03,66.05,21312.793
2026-06-09 11:15:00,66.05,66.13,66.03,66.07,6582.437
2026-06-09 11:20:00,66.06,66.1,65.9,66.03,16630.289
2026-06-09 11:25:00,66.03,66.07,65.95,66.01,3655.236
2026-06-09 11:30:00,66.01,66.07,65.98,66.03,5061.743
2026-06-09 11:35:00,66.03,66.05,65.92,66.03,6240.638
2026-06-09 11:40:00,66.03,66.16,66.01,66.07,7163.794
2026-06-09 11:45:00,66.08,66.11,66.04,66.04,3532.906
2026-06-09 11:50:00,66.05,66.1,66.03,66.05,2732.938
2026-06-09 11:55:00,66.05,66.23,65.97,66.11,18017.765
2026-06-09 12:00:00,66.11,66.48,66.09,66.38,44645.278
2026-06-09 12:05:00,66.38,66.52,66.31,66.42,5672.979
2026-06-09 12:10:00,66.41,66.43,66.27,66.41,5080.357
2026-06-09 12:15:00,66.42,66.43,66.28,66.39,3690.779
2026-06-09 12:20:00,66.38,66.38,66.22,66.33,5374.532
2026-06-09 12:25:00,66.33,66.35,66.25,66.26,4331.667
2026-06-09 12:30:00,66.27,66.31,66.16,66.18,4801.943
2026-06-09 12:35:00,66.18,66.33,66.12,66.22,5483.836
2026-06-09 12:40:00,66.23,66.26,66.07,66.08,4781.437
2026-06-09 12:45:00,66.07,66.1,65.95,66.05,9324.695
2026-06-09 12:50:00,66.05,66.1,65.97,66.02,3873.805
2026-06-09 12:55:00,66.02,66.27,66.01,66.21,8118.839
2026-06-09 13:00:00,66.22,66.35,66.16,66.22,14710.834
2026-06-09 13:05:00,66.23,66.38,66.23,66.34,7928.154
2026-06-09 13:10:00,66.34,66.36,66.18,66.2,8440.046
2026-06-09 13:15:00,66.21,66.23,65.82,65.85,31855.514
2026-06-09 13:20:00,65.86,65.97,65.78,65.79,13443.057
2026-06-09 13:25:00,65.8,65.84,65.67,65.74,15138.369
2026-06-09 13:30:00,65.75,65.96,65.63,65.75,16738.71
2026-06-09 13:35:00,65.75,65.86,65.6,65.69,16430.841
2026-06-09 13:40:00,65.68,66.05,65.66,66.03,18153.255
2026-06-09 13:45:00,66.04,66.14,65.92,66.06,9136.18
2026-06-09 13:50:00,66.06,66.22,65.89,65.91,10695.276
2026-06-09 13:55:00,65.92,66.05,65.84,65.86,5756.332
2026-06-09 14:00:00,65.86,65.99,65.57,65.68,13638.413
2026-06-09 14:05:00,65.68,65.9,65.57,65.63,18208.246
2026-06-09 14:10:00,65.62,65.67,65.37,65.38,23947.411
2026-06-09 14:15:00,65.37,65.48,64.95,65.09,38180.13
2026-06-09 14:20:00,65.08,65.15,64.76,65.14,38461.075
2026-06-09 14:25:00,65.15,65.25,64.73,64.77,18852.943
2026-06-09 14:30:00,64.77,65.0,64.63,64.81,35625.9
2026-06-09 14:35:00,64.81,64.86,64.65,64.71,25719.716
2026-06-09 14:40:00,64.71,64.87,64.5,64.54,22824.454
2026-06-09 14:45:00,64.53,64.66,64.39,64.55,30998.243
2026-06-09 14:50:00,64.54,64.91,64.51,64.83,17384.943
2026-06-09 14:55:00,64.84,65.08,64.8,65.08,14642.238
2026-06-09 15:00:00,65.08,65.09,64.82,64.93,10627.756
2026-06-09 15:05:00,64.94,65.24,64.89,65.23,18214.891
2026-06-09 15:10:00,65.23,65.31,65.07,65.2,18021.874
2026-06-09 15:15:00,65.19,65.29,65.06,65.1,6902.849
2026-06-09 15:20:00,65.1,65.21,64.81,64.87,12249.147
2026-06-09 15:25:00,64.87,64.94,64.67,64.67,19158.31
2026-06-09 15:30:00,64.67,64.83,64.47,64.69,17349.885
2026-06-09 15:35:00,64.69,64.72,64.45,64.68,19603.892
2026-06-09 15:40:00,64.67,64.8,64.63,64.68,8893.857
2026-06-09 15:45:00,64.68,64.75,64.5,64.59,7398.649
2026-06-09 15:50:00,64.59,64.7,64.44,64.5,15556.552
2026-06-09 15:55:00,64.49,64.53,64.26,64.33,21376.396
2026-06-09 16:00:00,64.33,64.5,64.15,64.18,16735.34
2026-06-09 16:05:00,64.18,64.22,63.97,64.19,28267.414
2026-06-09 16:10:00,64.18,64.27,64.01,64.01,12573.549
2026-06-09 16:15:00,64.02,64.17,63.83,63.83,16802.178
2026-06-09 16:20:00,63.84,64.19,63.83,64.09,16749.066
2026-06-09 16:25:00,64.08,64.21,63.9,64.1,9769.315
2026-06-09 16:30:00,64.1,64.26,64.05,64.2,7756.022
2026-06-09 16:35:00,64.19,64.38,63.58,63.6,42608.421
2026-06-09 16:40:00,63.6,64.13,63.54,64.13,24056.054
2026-06-09 16:45:00,64.12,64.33,64.03,64.11,24461.653
2026-06-09 16:50:00,64.11,64.16,63.85,63.85,15559.038
2026-06-09 16:55:00,63.86,64.27,63.85,64.14,16228.528
2026-06-09 17:00:00,64.15,64.53,64.09,64.43,16468.165
2026-06-09 17:05:00,64.43,64.53,64.31,64.39,15448.437
2026-06-09 17:10:00,64.39,64.66,64.23,64.55,23207.084
2026-06-09 17:15:00,64.55,65.09,64.55,65.01,33954.819
2026-06-09 17:20:00,65.0,65.15,64.94,64.99,30053.91
2026-06-09 17:25:00,64.98,65.1,64.8,64.96,10772.29
2026-06-09 17:30:00,64.96,65.13,64.87,65.04,16316.436
2026-06-09 17:35:00,65.04,65.09,64.9,64.99,6152.515
2026-06-09 17:40:00,64.99,65.17,64.91,64.91,25485.309
2026-06-09 17:45:00,64.92,64.94,64.75,64.79,13499.557
2026-06-09 17:50:00,64.79,65.02,64.75,64.87,5948.381
2026-06-09 17:55:00,64.87,64.93,64.79,64.79,3432.312
2026-06-09 18:00:00,64.8,64.91,64.66,64.8,7195.833
2026-06-09 18:05:00,64.79,65.05,64.78,65.03,10292.921
2026-06-09 18:10:00,65.03,65.03,64.84,64.97,6955.386
2026-06-09 18:15:00,64.97,65.49,64.92,65.47,20040.277
2026-06-09 18:20:00,65.48,65.55,65.2,65.27,9495.415
2026-06-09 18:25:00,65.28,65.28,64.99,65.08,5993.332
2026-06-09 18:30:00,65.07,65.27,65.06,65.22,5060.728
2026-06-09 18:35:00,65.23,65.39,65.18,65.32,15088.0
2026-06-09 18:40:00,65.31,65.31,65.05,65.05,5666.689
2026-06-09 18:45:00,65.05,65.19,65.05,65.14,8614.055
2026-06-09 18:50:00,65.14,65.25,65.1,65.12,5218.876
2026-06-09 18:55:00,65.11,65.34,65.11,65.3,3647.638
2026-06-09 19:00:00,65.29,65.4,65.18,65.4,4180.301
2026-06-09 19:05:00,65.39,65.47,65.19,65.22,6064.358
2026-06-09 19:10:00,65.21,65.3,65.17,65.21,3798.534
2026-06-09 19:15:00,65.2,65.24,65.12,65.16,6627.92
2026-06-09 19:20:00,65.15,65.33,65.12,65.31,12578.763
2026-06-09 19:25:00,65.31,65.37,65.15,65.35,5735.536
2026-06-09 19:30:00,65.35,65.65,65.32,65.54,20594.326
2026-06-09 19:35:00,65.55,65.59,65.34,65.37,7105.221
2026-06-09 19:40:00,65.36,65.36,65.16,65.31,10073.283
2026-06-09 19:45:00,65.31,65.33,65.05,65.17,12891.955
2026-06-09 19:50:00,65.17,65.62,65.17,65.5,17257.914
2026-06-09 19:55:00,65.5,65.64,65.41,65.41,12020.973
2026-06-09 20:00:00,65.42,65.52,65.29,65.51,9889.908
2026-06-09 20:05:00,65.51,65.54,65.38,65.51,6517.185
2026-06-09 20:10:00,65.51,65.61,65.38,65.59,9939.5
2026-06-09 20:15:00,65.58,65.7,65.44,65.45,7996.218
2026-06-09 20:20:00,65.44,65.46,65.31,65.32,4048.166
2026-06-09 20:25:00,65.32,65.53,65.32,65.49,6275.603
2026-06-09 20:30:00,65.48,65.48,65.33,65.46,4879.216
2026-06-09 20:35:00,65.46,65.59,65.41,65.51,3858.682
2026-06-09 20:40:00,65.52,65.68,65.46,65.61,3760.679
2026-06-09 20:45:00,65.61,65.63,65.5,65.53,1851.044
2026-06-09 20:50:00,65.53,65.57,65.47,65.56,2351.007
2026-06-09 20:55:00,65.56,65.63,65.53,65.62,1494.004
2026-06-09 21:00:00,65.63,65.65,65.41,65.46,4161.835
2026-06-09 21:05:00,65.47,65.58,65.46,65.58,1630.664
2026-06-09 21:10:00,65.57,65.59,65.49,65.55,6876.74
2026-06-09 21:15:00,65.54,65.56,65.29,65.29,5259.726
2026-06-09 21:20:00,65.28,65.31,65.2,65.27,7203.08
2026-06-09 21:25:00,65.28,65.28,65.11,65.13,3422.925
2026-06-09 21:30:00,65.14,65.17,65.08,65.12,6251.718
2026-06-09 21:35:00,65.12,65.19,65.09,65.14,8193.946
2026-06-09 21:40:00,65.14,65.14,64.98,65.01,7504.106
2026-06-09 21:45:00,65.02,65.07,64.95,64.99,2950.753
2026-06-09 21:50:00,64.99,65.0,64.91,64.92,1338.632
2026-06-09 21:55:00,64.93,65.03,64.88,65.02,2060.041
2026-06-09 22:00:00,65.02,65.05,64.86,64.87,1768.045
2026-06-09 22:05:00,64.87,64.98,64.87,64.98,1007.113
2026-06-09 22:10:00,64.98,65.11,64.97,65.1,2872.592
2026-06-09 22:15:00,65.1,65.26,65.05,65.26,4902.321
2026-06-09 22:20:00,65.26,65.35,65.18,65.23,8664.515
2026-06-09 22:25:00,65.22,65.22,65.08,65.14,3264.295
2026-06-09 22:30:00,65.15,65.29,65.08,65.27,4367.831
2026-06-09 22:35:00,65.28,65.28,65.09,65.19,6750.935
2026-06-09 22:40:00,65.19,65.21,65.05,65.14,4324.18
2026-06-09 22:45:00,65.15,65.18,65.0,65.03,4457.518
2026-06-09 22:50:00,65.03,65.04,64.9,64.99,15246.188
2026-06-09 22:55:00,64.99,65.03,64.82,64.89,7058.656
2026-06-09 23:00:00,64.89,64.97,64.76,64.93,9431.216
2026-06-09 23:05:00,64.94,65.03,64.87,64.96,5377.981
2026-06-09 23:10:00,64.96,64.98,64.8,64.96,5516.064
2026-06-09 23:15:00,64.95,65.13,64.91,65.09,6267.296
2026-06-09 23:20:00,65.09,65.18,65.0,65.07,4812.797
2026-06-09 23:25:00,65.07,65.08,64.9,64.92,4624.271
2026-06-09 23:30:00,64.92,65.0,64.85,64.9,4943.295
2026-06-09 23:35:00,64.89,64.91,64.69,64.85,7128.735
2026-06-09 23:40:00,64.85,64.95,64.82,64.94,5858.393
2026-06-09 23:45:00,64.95,65.05,64.85,64.89,4015.104
2026-06-09 23:50:00,64.88,65.1,64.83,65.05,4113.465
2026-06-09 23:55:00,65.05,65.11,64.92,64.96,4116.404
2026-06-10 00:00:00,64.97,65.17,64.97,65.13,4908.763
2026-06-10 00:05:00,65.14,65.22,64.96,65.11,5472.931
2026-06-10 00:10:00,65.11,65.14,64.97,65.11,7454.467
2026-06-10 00:15:00,65.11,65.12,64.95,65.03,4405.09
2026-06-10 00:20:00,65.04,65.04,64.85,65.0,2583.561
2026-06-10 00:25:00,64.99,65.12,64.91,65.09,6068.83
2026-06-10 00:30:00,65.09,65.11,64.75,64.76,5176.889
2026-06-10 00:35:00,64.77,64.91,64.64,64.8,9073.275
2026-06-10 00:40:00,64.81,64.82,64.49,64.58,14708.481
2026-06-10 00:45:00,64.58,64.85,64.54,64.84,7527.306
2026-06-10 00:50:00,64.83,64.91,64.67,64.89,5436.476
2026-06-10 00:55:00,64.89,65.2,64.87,65.19,11417.039
2026-06-10 01:00:00,65.18,65.28,65.09,65.27,9697.136
2026-06-10 01:05:00,65.27,65.27,64.95,64.95,12250.319
2026-06-10 01:10:00,64.95,65.16,64.89,65.11,4796.271
2026-06-10 01:15:00,65.11,65.24,65.06,65.23,4434.398
2026-06-10 01:20:00,65.22,65.22,65.05,65.11,4049.577
2026-06-10 01:25:00,65.12,65.32,65.12,65.19,12519.874
2026-06-10 01:30:00,65.19,65.23,65.07,65.2,3371.017
2026-06-10 01:35:00,65.21,65.22,64.93,65.08,3698.241
2026-06-10 01:40:00,65.07,65.1,64.81,64.91,2276.556
2026-06-10 01:45:00,64.9,65.21,64.86,65.19,5669.314
2026-06-10 01:50:00,65.19,65.27,65.08,65.17,9635.411
2026-06-10 01:55:00,65.17,65.21,65.08,65.09,4599.008
2026-06-10 02:00:00,65.1,65.25,65.07,65.07,7593.671
2026-06-10 02:05:00,65.06,65.16,64.98,65.04,5096.494
2026-06-10 02:10:00,65.05,65.06,64.87,64.88,4856.293
2026-06-10 02:15:00,64.89,64.92,64.59,64.62,14997.519
2026-06-10 02:20:00,64.62,64.78,64.61,64.63,7415.965
2026-06-10 02:25:00,64.63,64.73,64.53,64.73,5748.76
2026-06-10 02:30:00,64.73,64.79,64.38,64.46,11857.475
2026-06-10 02:35:00,64.46,64.49,64.34,64.37,7484.757
2026-06-10 02:40:00,64.37,64.48,64.33,64.42,7428.827
2026-06-10 02:45:00,64.42,64.42,64.25,64.36,4209.565
2026-06-10 02:50:00,64.37,64.39,64.25,64.27,3602.269
2026-06-10 02:55:00,64.27,64.4,64.26,64.31,6634.853
2026-06-10 03:00:00,64.31,64.51,64.27,64.5,3937.947
2026-06-10 03:05:00,64.51,64.68,64.51,64.62,4528.817
2026-06-10 03:10:00,64.62,64.64,64.5,64.51,2836.839
2026-06-10 03:15:00,64.51,64.66,64.47,64.55,4980.933
2026-06-10 03:20:00,64.54,64.62,64.49,64.59,3402.788
2026-06-10 03:25:00,64.59,64.86,64.59,64.8,1923.682
2026-06-10 03:30:00,64.81,64.82,64.55,64.6,3592.189
2026-06-10 03:35:00,64.6,64.67,64.53,64.63,2594.892
2026-06-10 03:40:00,64.62,64.62,64.51,64.61,2212.06
2026-06-10 03:45:00,64.61,64.74,64.52,64.54,7723.001
2026-06-10 03:50:00,64.55,64.57,64.47,64.56,4227.715
2026-06-10 03:55:00,64.56,64.56,64.47,64.51,2162.575
2026-06-10 04:00:00,64.52,64.58,64.39,64.47,3553.437
2026-06-10 04:05:00,64.48,64.54,64.45,64.51,8220.435
2026-06-10 04:10:00,64.51,64.58,64.4,64.52,6329.546
2026-06-10 04:15:00,64.51,64.6,64.5,64.53,3300.422
2026-06-10 04:20:00,64.53,64.58,64.43,64.58,3470.48
2026-06-10 04:25:00,64.59,64.66,64.48,64.49,2589.339
2026-06-10 04:30:00,64.49,64.5,64.32,64.37,4135.102
2026-06-10 04:35:00,64.37,64.38,64.15,64.27,5593.292
2026-06-10 04:40:00,64.28,64.34,64.18,64.19,4457.999
2026-06-10 04:45:00,64.19,64.35,64.12,64.32,4617.678
2026-06-10 04:50:00,64.31,64.34,64.18,64.21,5527.516
2026-06-10 04:55:00,64.22,64.29,64.19,64.29,3835.623
2026-06-10 05:00:00,64.29,64.36,64.15,64.32,5012.375
2026-06-10 05:05:00,64.31,64.38,64.15,64.26,4122.35
2026-06-10 05:10:00,64.26,64.28,64.08,64.12,6130.556
2026-06-10 05:15:00,64.11,64.11,63.92,63.96,9485.702
2026-06-10 05:20:00,63.97,64.1,63.95,64.03,6790.814
2026-06-10 05:25:00,64.03,64.19,64.01,64.19,3261.786
2026-06-10 05:30:00,64.2,64.23,64.03,64.17,3749.682
2026-06-10 05:35:00,64.16,64.16,64.0,64.11,3371.118
2026-06-10 05:40:00,64.1,64.16,64.06,64.1,3554.531
2026-06-10 05:45:00,64.1,64.12,63.97,64.0,6527.764
2026-06-10 05:50:00,64.0,64.16,64.0,64.13,2840.916
2026-06-10 05:55:00,64.14,64.19,64.1,64.13,5218.109
2026-06-10 06:00:00,64.13,64.14,63.92,64.06,7256.032
2026-06-10 06:05:00,64.06,64.17,63.96,63.99,6039.702
2026-06-10 06:10:00,63.98,64.04,63.94,64.02,3622.555
2026-06-10 06:15:00,64.02,64.21,64.0,64.21,4209.863
2026-06-10 06:20:00,64.21,64.23,64.04,64.07,7562.495
2026-06-10 06:25:00,64.08,64.21,64.07,64.11,2595.626
2026-06-10 06:30:00,64.1,64.14,63.83,63.87,6282.736
2026-06-10 06:35:00,63.87,64.35,63.83,64.25,4534.329
2026-06-10 06:40:00,64.26,64.31,64.18,64.22,6654.477
2026-06-10 06:45:00,64.23,64.37,64.19,64.27,3655.607
2026-06-10 06:50:00,64.26,64.3,64.19,64.29,4655.627
2026-06-10 06:55:00,64.29,64.3,64.18,64.2,2537.909
2026-06-10 07:00:00,64.21,64.37,64.14,64.31,6144.819
2026-06-10 07:05:00,64.31,64.42,64.27,64.42,6176.985
2026-06-10 07:10:00,64.42,64.47,64.3,64.4,6408.66
2026-06-10 07:15:00,64.4,64.55,64.36,64.5,5296.391
2026-06-10 07:20:00,64.49,64.6,64.48,64.59,7434.871
2026-06-10 07:25:00,64.59,64.59,64.44,64.53,4864.466
2026-06-10 07:30:00,64.53,64.72,64.45,64.69,3859.556
2026-06-10 07:35:00,64.69,64.8,64.6,64.63,7808.376
2026-06-10 07:40:00,64.63,64.67,64.6,64.62,2152.167
2026-06-10 07:45:00,64.63,64.63,64.51,64.61,3713.151
2026-06-10 07:50:00,64.61,64.64,64.52,64.59,6214.134
2026-06-10 07:55:00,64.59,64.61,64.48,64.5,6996.257
2026-06-10 08:00:00,64.5,64.52,64.16,64.25,12604.042
2026-06-10 08:05:00,64.26,64.29,64.04,64.11,5178.361
2026-06-10 08:10:00,64.12,64.29,64.1,64.12,3182.174
2026-06-10 08:15:00,64.11,64.29,64.1,64.15,7882.369
2026-06-10 08:20:00,64.16,64.21,63.8,63.84,14365.019
2026-06-10 08:25:00,63.85,63.93,63.81,63.86,11784.669
2026-06-10 08:30:00,63.86,63.94,63.67,63.69,16857.263
2026-06-10 08:35:00,63.69,63.8,63.53,63.56,13937.743
2026-06-10 08:40:00,63.57,63.62,63.52,63.54,8017.697
2026-06-10 08:45:00,63.54,63.57,63.43,63.51,19006.747
2026-06-10 08:50:00,63.51,63.73,63.5,63.67,12512.105
2026-06-10 08:55:00,63.68,63.69,63.59,63.61,4661.792
2026-06-10 09:00:00,63.62,63.69,63.51,63.53,7768.981
2026-06-10 09:05:00,63.52,63.7,63.52,63.65,7579.35
2026-06-10 09:10:00,63.64,63.76,63.44,63.45,9009.414
2026-06-10 09:15:00,63.46,63.49,63.3,63.33,11325.593
2026-06-10 09:20:00,63.33,63.34,63.07,63.21,18754.092
2026-06-10 09:25:00,63.21,63.52,63.19,63.48,10093.932
2026-06-10 09:30:00,63.47,63.57,63.45,63.56,7257.468
2026-06-10 09:35:00,63.56,63.73,63.52,63.68,5101.371
2026-06-10 09:40:00,63.67,63.67,63.54,63.57,4936.613
2026-06-10 09:45:00,63.57,63.6,63.39,63.44,8592.026
2026-06-10 09:50:00,63.43,63.61,63.41,63.54,5537.549
2026-06-10 09:55:00,63.53,63.71,63.53,63.64,2703.47
2026-06-10 10:00:00,63.64,63.67,63.49,63.51,5781.027
2026-06-10 10:05:00,63.51,63.52,63.37,63.49,4468.237
2026-06-10 10:10:00,63.49,63.53,63.37,63.47,4408.085
2026-06-10 10:15:00,63.46,63.51,63.3,63.34,6914.7
2026-06-10 10:20:00,63.34,63.47,63.27,63.42,6569.884
2026-06-10 10:25:00,63.42,63.61,63.38,63.56,12066.176
2026-06-10 10:30:00,63.55,63.79,63.53,63.6,8298.676
2026-06-10 10:35:00,63.6,63.64,63.51,63.54,12440.204
2026-06-10 10:40:00,63.55,63.57,63.41,63.52,14415.511
2026-06-10 10:45:00,63.53,63.6,63.49,63.59,12198.397
2026-06-10 10:50:00,63.6,63.65,63.54,63.57,11362.348
2026-06-10 10:55:00,63.57,63.74,63.57,63.68,7781.436
2026-06-10 11:00:00,63.68,63.77,63.01,63.1,46477.412
2026-06-10 11:05:00,63.1,63.33,62.95,63.33,29841.196
2026-06-10 11:10:00,63.33,63.46,63.19,63.42,14377.683
2026-06-10 11:15:00,63.42,63.47,63.22,63.24,14357.03
2026-06-10 11:20:00,63.24,63.57,63.24,63.29,16772.118
2026-06-10 11:25:00,63.3,63.33,63.06,63.23,19658.31
2026-06-10 11:30:00,63.24,63.34,63.18,63.3,13959.527
2026-06-10 11:35:00,63.3,63.36,63.25,63.31,10213.027
2026-06-10 11:40:00,63.3,63.45,63.29,63.38,7321.102
2026-06-10 11:45:00,63.37,63.61,63.33,63.51,16447.887
2026-06-10 11:50:00,63.51,63.62,63.49,63.56,7133.328
2026-06-10 11:55:00,63.56,63.62,63.48,63.49,4419.431
2026-06-10 12:00:00,63.5,63.52,63.31,63.47,9418.803
2026-06-10 12:05:00,63.48,63.57,63.38,63.48,8285.619
2026-06-10 12:10:00,63.49,63.65,63.48,63.52,16106.573
2026-06-10 12:15:00,63.52,63.62,63.3,63.36,19120.01
2026-06-10 12:20:00,63.36,63.46,63.31,63.38,11633.28
2026-06-10 12:25:00,63.38,63.53,63.38,63.52,6135.738
2026-06-10 12:30:00,63.51,64.68,63.42,64.36,113889.036
2026-06-10 12:35:00,64.36,64.5,64.13,64.33,35175.561
2026-06-10 12:40:00,64.33,64.41,64.24,64.3,19449.35
2026-06-10 12:45:00,64.29,64.48,64.23,64.48,11489.822
2026-06-10 12:50:00,64.47,64.47,64.25,64.29,12570.437
2026-06-10 12:55:00,64.3,64.35,64.12,64.13,37102.488
2026-06-10 13:00:00,64.12,64.19,64.01,64.09,8157.159
2026-06-10 13:05:00,64.1,64.23,64.06,64.22,7751.309
2026-06-10 13:10:00,64.23,64.25,64.14,64.16,9091.065
2026-06-10 13:15:00,64.17,64.21,64.1,64.21,4066.245
2026-06-10 13:20:00,64.2,64.31,64.15,64.3,5900.737
2026-06-10 13:25:00,64.3,64.44,64.15,64.39,11219.135
2026-06-10 13:30:00,64.39,64.89,64.28,64.76,47545.126
2026-06-10 13:35:00,64.76,65.19,64.7,65.11,45503.506
2026-06-10 13:40:00,65.11,65.47,65.01,65.41,45837.448
2026-06-10 13:45:00,65.41,65.54,65.23,65.48,28338.661
2026-06-10 13:50:00,65.48,65.49,65.07,65.16,17451.888
2026-06-10 13:55:00,65.16,65.2,65.02,65.08,19969.902
2026-06-10 14:00:00,65.08,65.17,64.85,65.17,13386.977
2026-06-10 14:05:00,65.17,65.28,65.1,65.23,8816.783
2026-06-10 14:10:00,65.23,65.25,64.91,64.92,15998.054
2026-06-10 14:15:00,64.93,64.99,64.77,64.79,17625.087
2026-06-10 14:20:00,64.79,65.14,64.65,65.14,17257.398
2026-06-10 14:25:00,65.14,65.18,64.97,65.02,7016.152
2026-06-10 14:30:00,65.01,65.05,64.72,65.02,13980.727
2026-06-10 14:35:00,65.02,65.02,64.59,64.71,10532.036
2026-06-10 14:40:00,64.71,65.17,64.71,64.88,11174.675
2026-06-10 14:45:00,64.88,64.98,64.76,64.87,7598.419
2026-06-10 14:50:00,64.87,64.97,64.78,64.85,12886.881
2026-06-10 14:55:00,64.86,65.06,64.6,65.06,19458.956
2026-06-10 15:00:00,65.07,65.33,64.95,65.06,13903.557
2026-06-10 15:05:00,65.06,65.06,64.73,64.75,8759.332
2026-06-10 15:10:00,64.74,64.87,64.57,64.76,9381.031
2026-06-10 15:15:00,64.75,64.94,64.56,64.92,15532.446
2026-06-10 15:20:00,64.92,65.29,64.89,65.24,16211.035
2026-06-10 15:25:00,65.23,65.34,65.2,65.23,7906.891
2026-06-10 15:30:00,65.22,65.43,65.19,65.34,12154.547
2026-06-10 15:35:00,65.33,65.4,65.1,65.23,20100.856
2026-06-10 15:40:00,65.22,65.42,65.07,65.39,21356.624
2026-06-10 15:45:00,65.4,65.65,64.78,65.02,40852.852
2026-06-10 15:50:00,65.01,65.77,64.86,65.66,35761.196
2026-06-10 15:55:00,65.65,65.66,65.36,65.44,24633.723
2026-06-10 16:00:00,65.44,65.49,65.21,65.22,15404.133
2026-06-10 16:05:00,65.21,65.46,65.19,65.36,17189.308
2026-06-10 16:10:00,65.35,65.36,65.08,65.11,8998.32
2026-06-10 16:15:00,65.11,65.29,65.04,65.11,9281.818
2026-06-10 16:20:00,65.11,65.15,64.84,64.84,13745.944
2026-06-10 16:25:00,64.85,64.98,64.68,64.96,21371.829
2026-06-10 16:30:00,64.96,65.09,64.76,65.09,11448.606
2026-06-10 16:35:00,65.09,65.13,64.88,64.94,6247.015
2026-06-10 16:40:00,64.93,65.02,64.76,64.77,5174.408
2026-06-10 16:45:00,64.76,64.77,64.3,64.37,17904.548
2026-06-10 16:50:00,64.36,64.63,64.24,64.58,13435.094
2026-06-10 16:55:00,64.58,64.65,64.46,64.62,9713.218
2026-06-10 17:00:00,64.62,64.97,64.54,64.94,12033.737
2026-06-10 17:05:00,64.94,64.94,64.64,64.72,4107.252
2026-06-10 17:10:00,64.73,64.73,64.44,64.52,7214.067
2026-06-10 17:15:00,64.52,64.71,64.5,64.64,7129.554
2026-06-10 17:20:00,64.65,64.65,64.47,64.54,4761.375
2026-06-10 17:25:00,64.55,64.66,64.06,64.1,14532.465
2026-06-10 17:30:00,64.1,64.11,63.85,64.02,17845.417
2026-06-10 17:35:00,64.03,64.06,63.72,63.82,16875.023
2026-06-10 17:40:00,63.82,63.93,63.63,63.75,27112.688
2026-06-10 17:45:00,63.75,64.24,63.67,64.24,16716.006
2026-06-10 17:50:00,64.23,64.23,63.78,63.91,20496.98
2026-06-10 17:55:00,63.91,64.09,63.9,64.04,6073.142
2026-06-10 18:00:00,64.05,64.22,64.05,64.16,9748.081
2026-06-10 18:05:00,64.16,64.19,63.88,63.99,5830.334
2026-06-10 18:10:00,63.98,64.03,63.84,63.96,6120.185
2026-06-10 18:15:00,63.96,64.01,63.75,63.83,5150.924
2026-06-10 18:20:00,63.83,64.0,63.75,63.95,16938.262
2026-06-10 18:25:00,63.94,64.07,63.75,64.07,7976.479
2026-06-10 18:30:00,64.06,64.06,63.76,63.82,8629.044
2026-06-10 18:35:00,63.81,63.81,63.52,63.63,16016.958
2026-06-10 18:40:00,63.63,63.63,63.44,63.51,11189.894
2026-06-10 18:45:00,63.51,63.69,63.42,63.65,7458.133
2026-06-10 18:50:00,63.66,63.77,63.36,63.74,15189.067
2026-06-10 18:55:00,63.75,63.87,63.63,63.84,3574.901
2026-06-10 19:00:00,63.84,63.87,63.69,63.74,5560.74
2026-06-10 19:05:00,63.74,63.95,63.59,63.92,6347.148
2026-06-10 19:10:00,63.92,63.93,63.59,63.64,4361.712
2026-06-10 19:15:00,63.64,63.72,63.48,63.56,7398.842
2026-06-10 19:20:00,63.56,63.62,63.43,63.59,5081.097
2026-06-10 19:25:00,63.59,63.72,63.46,63.64,9405.315
2026-06-10 19:30:00,63.64,63.85,63.62,63.81,10050.214
2026-06-10 19:35:00,63.81,63.91,63.67,63.77,11371.767
2026-06-10 19:40:00,63.77,63.86,63.69,63.76,5581.791
2026-06-10 19:45:00,63.75,63.78,63.52,63.62,5862.547
2026-06-10 19:50:00,63.62,63.65,63.39,63.61,18270.168
2026-06-10 19:55:00,63.6,63.71,63.54,63.56,17479.538
2026-06-10 20:00:00,63.56,63.63,63.38,63.51,6880.707
2026-06-10 20:05:00,63.51,63.54,63.21,63.29,13774.17
2026-06-10 20:10:00,63.28,63.5,63.27,63.47,5207.713
2026-06-10 20:15:00,63.47,63.5,63.3,63.43,5280.285
2026-06-10 20:20:00,63.43,63.65,63.26,63.63,11940.888
2026-06-10 20:25:00,63.63,63.66,63.59,63.6,2689.108
2026-06-10 20:30:00,63.6,63.64,63.46,63.6,4905.768
2026-06-10 20:35:00,63.6,63.63,63.43,63.44,5731.233
2026-06-10 20:40:00,63.44,63.53,63.4,63.42,8562.253
2026-06-10 20:45:00,63.42,63.47,63.32,63.42,9192.473
2026-06-10 20:50:00,63.42,63.46,63.21,63.3,6897.491
2026-06-10 20:55:00,63.31,63.39,63.18,63.33,6239.856
2026-06-10 21:00:00,63.32,63.32,63.2,63.2,4965.511
2026-06-10 21:05:00,63.21,63.21,62.95,62.98,17193.02
2026-06-10 21:10:00,62.97,62.98,62.67,62.76,16514.254
2026-06-10 21:15:00,62.76,63.0,62.76,62.96,4562.25
2026-06-10 21:20:00,62.96,63.06,62.83,62.86,4433.445
2026-06-10 21:25:00,62.86,63.04,62.85,62.99,4240.906
2026-06-10 21:30:00,62.99,63.15,62.97,63.06,4317.303
2026-06-10 21:35:00,63.07,63.11,62.94,62.94,6516.825
2026-06-10 21:40:00,62.93,63.08,62.93,63.07,4566.597
2026-06-10 21:45:00,63.07,63.11,62.88,62.88,3836.112
2026-06-10 21:50:00,62.87,62.87,62.34,62.49,14112.652
2026-06-10 21:55:00,62.5,62.61,62.36,62.59,9813.223
2026-06-10 22:00:00,62.6,62.68,62.37,62.43,10786.551
2026-06-10 22:05:00,62.44,62.63,62.44,62.6,5414.715
2026-06-10 22:10:00,62.61,62.69,62.5,62.58,6867.188
2026-06-10 22:15:00,62.58,62.58,62.37,62.39,17206.213
2026-06-10 22:20:00,62.38,62.59,62.37,62.56,11603.559
2026-06-10 22:25:00,62.57,62.73,62.52,62.61,6508.07
2026-06-10 22:30:00,62.6,62.87,62.57,62.75,15890.571
2026-06-10 22:35:00,62.75,62.9,62.7,62.88,11380.676
2026-06-10 22:40:00,62.88,63.07,62.85,62.93,18065.261
2026-06-10 22:45:00,62.94,62.94,62.8,62.83,9203.964
2026-06-10 22:50:00,62.83,62.9,62.76,62.87,6919.599
2026-06-10 22:55:00,62.87,62.91,62.77,62.77,2842.262
2026-06-10 23:00:00,62.78,62.78,62.64,62.74,8050.408
2026-06-10 23:05:00,62.75,62.77,62.6,62.62,3540.098
2026-06-10 23:10:00,62.62,62.64,62.54,62.57,7605.344
2026-06-10 23:15:00,62.58,62.9,62.46,62.85,16940.563
2026-06-10 23:20:00,62.85,63.04,62.81,62.92,11645.815
2026-06-10 23:25:00,62.93,63.1,62.88,63.08,10873.664
2026-06-10 23:30:00,63.08,63.16,62.96,63.1,9867.433
2026-06-10 23:35:00,63.1,63.23,63.06,63.07,4359.937
2026-06-10 23:40:00,63.06,63.26,63.03,63.19,8759.61
2026-06-10 23:45:00,63.19,63.23,63.12,63.16,12751.697
2026-06-10 23:50:00,63.16,63.31,63.13,63.25,4935.788
2026-06-10 23:55:00,63.26,63.27,63.16,63.19,3638.26
2026-06-11 00:00:00,63.19,63.38,63.19,63.26,8138.977
2026-06-11 00:05:00,63.26,63.39,63.26,63.34,5514.067
2026-06-11 00:10:00,63.34,63.45,63.3,63.42,5160.971
2026-06-11 00:15:00,63.42,63.74,63.42,63.7,23108.938
2026-06-11 00:20:00,63.69,63.74,63.56,63.61,18277.262
2026-06-11 00:25:00,63.61,63.69,63.53,63.68,3336.412
2026-06-11 00:30:00,63.69,63.71,63.58,63.59,6212.524
2026-06-11 00:35:00,63.59,63.63,63.47,63.5,9428.299
2026-06-11 00:40:00,63.5,63.7,63.5,63.58,4557.156
2026-06-11 00:45:00,63.58,63.77,63.58,63.75,5938.798
2026-06-11 00:50:00,63.75,63.75,63.62,63.64,3787.388
2026-06-11 00:55:00,63.64,63.73,63.6,63.67,2051.691
2026-06-11 01:00:00,63.67,64.01,63.67,63.97,14941.402
2026-06-11 01:05:00,63.98,64.15,63.93,63.97,11878.467
2026-06-11 01:10:00,63.98,64.27,63.98,64.16,11778.116
2026-06-11 01:15:00,64.15,64.36,64.13,64.36,9478.67
2026-06-11 01:20:00,64.35,64.35,64.21,64.28,3581.485
2026-06-11 01:25:00,64.28,64.36,64.19,64.28,5752.626
2026-06-11 01:30:00,64.28,64.36,64.19,64.23,3116.66
2026-06-11 01:35:00,64.22,64.6,64.14,64.59,24430.356
2026-06-11 01:40:00,64.59,65.14,64.54,64.9,43694.189
2026-06-11 01:45:00,64.9,64.99,64.78,64.82,24135.864
2026-06-11 01:50:00,64.82,65.16,64.78,64.99,39329.82
2026-06-11 01:55:00,64.99,65.0,64.86,64.9,11175.236
2026-06-11 02:00:00,64.91,65.0,64.83,65.0,13427.225
2026-06-11 02:05:00,64.99,65.0,64.76,64.84,9836.496
2026-06-11 02:10:00,64.84,64.84,64.69,64.8,9172.525
2026-06-11 02:15:00,64.79,64.87,64.72,64.78,8348.448
2026-06-11 02:20:00,64.77,64.78,64.5,64.61,16305.71
2026-06-11 02:25:00,64.61,64.68,64.53,64.55,8703.187
2026-06-11 02:30:00,64.55,64.61,64.37,64.44,27116.881
2026-06-11 02:35:00,64.44,64.57,64.43,64.47,10954.566
2026-06-11 02:40:00,64.47,64.62,64.47,64.48,16255.446
2026-06-11 02:45:00,64.48,64.48,64.37,64.4,5028.141
2026-06-11 02:50:00,64.41,64.57,64.4,64.48,7430.05
2026-06-11 02:55:00,64.49,64.67,64.47,64.52,13728.469
2026-06-11 03:00:00,64.53,64.6,64.5,64.5,3824.326
2026-06-11 03:05:00,64.5,64.53,64.39,64.48,4331.129
2026-06-11 03:10:00,64.48,64.5,64.35,64.44,4398.62
2026-06-11 03:15:00,64.43,64.51,64.41,64.42,5453.314
2026-06-11 03:20:00,64.41,64.48,64.33,64.48,3434.042
2026-06-11 03:25:00,64.48,64.52,64.46,64.51,2824.732
2026-06-11 03:30:00,64.51,65.03,64.5,64.88,36435.98
2026-06-11 03:35:00,64.87,64.94,64.78,64.84,8570.809
2026-06-11 03:40:00,64.85,64.91,64.83,64.86,6609.668
2026-06-11 03:45:00,64.87,64.99,64.86,64.91,12805.474
2026-06-11 03:50:00,64.91,64.96,64.86,64.91,6782.025
2026-06-11 03:55:00,64.91,65.48,64.9,65.27,52531.342
2026-06-11 04:00:00,65.27,65.3,65.13,65.17,8826.838
2026-06-11 04:05:00,65.16,65.16,65.03,65.08,5022.596
2026-06-11 04:10:00,65.09,65.18,65.03,65.1,4697.301
2026-06-11 04:15:00,65.1,65.21,65.07,65.12,4656.484
2026-06-11 04:20:00,65.12,65.2,65.05,65.11,6912.401
2026-06-11 04:25:00,65.11,65.16,65.08,65.11,3633.089
2026-06-11 04:30:00,65.1,65.14,64.95,64.99,6112.97
2026-06-11 04:35:00,65.0,65.18,64.99,65.18,3241.74
2026-06-11 04:40:00,65.18,65.21,65.11,65.19,4644.54
2026-06-11 04:45:00,65.18,65.32,65.16,65.27,4796.478
2026-06-11 04:50:00,65.28,65.35,65.24,65.32,6678.536
2026-06-11 04:55:00,65.31,65.32,65.15,65.21,5145.128
2026-06-11 05:00:00,65.21,65.21,65.04,65.07,4818.932
2026-06-11 05:05:00,65.06,65.11,65.01,65.11,1446.037
2026-06-11 05:10:00,65.11,65.13,65.07,65.08,1427.599
2026-06-11 05:15:00,65.08,65.22,65.07,65.13,3585.698
2026-06-11 05:20:00,65.14,65.26,65.11,65.16,13331.799
2026-06-11 05:25:00,65.15,65.17,65.06,65.13,2804.632
2026-06-11 05:30:00,65.13,65.19,65.06,65.11,2495.141
2026-06-11 05:35:00,65.11,65.17,65.09,65.09,2303.388
2026-06-11 05:40:00,65.1,65.18,65.08,65.17,1816.65
2026-06-11 05:45:00,65.18,65.21,65.08,65.08,3316.49
2026-06-11 05:50:00,65.09,65.15,65.03,65.03,9398.787
2026-06-11 05:55:00,65.04,65.09,64.95,64.97,7943.768
2026-06-11 06:00:00,64.97,64.99,64.86,64.86,4403.94
2026-06-11 06:05:00,64.86,64.94,64.81,64.94,11790.132
2026-06-11 06:10:00,64.93,65.2,64.92,65.18,16982.969
2026-06-11 06:15:00,65.18,65.3,65.15,65.21,12648.686
2026-06-11 06:20:00,65.21,65.41,65.21,65.38,10674.877
2026-06-11 06:25:00,65.38,65.39,65.25,65.33,11700.502
2026-06-11 06:30:00,65.34,65.41,65.31,65.38,8099.19
2026-06-11 06:35:00,65.37,65.43,65.34,65.36,7814.982
2026-06-11 06:40:00,65.36,65.39,65.27,65.31,9133.057
2026-06-11 06:45:00,65.3,65.35,65.2,65.21,4620.159
2026-06-11 06:50:00,65.21,65.21,65.12,65.15,3036.458
2026-06-11 06:55:00,65.15,65.16,65.1,65.12,6473.606
2026-06-11 07:00:00,65.12,65.12,64.99,65.0,9146.754
2026-06-11 07:05:00,65.0,65.02,64.92,64.95,6514.193
2026-06-11 07:10:00,64.96,65.01,64.9,64.96,9136.856
2026-06-11 07:15:00,64.97,65.07,64.95,65.05,6407.936
2026-06-11 07:20:00,65.05,65.15,65.0,65.06,7485.368
2026-06-11 07:25:00,65.06,65.12,65.03,65.12,5715.157
2026-06-11 07:30:00,65.12,65.18,65.02,65.02,15098.238
2026-06-11 07:35:00,65.02,65.06,64.8,64.8,10058.547
2026-06-11 07:40:00,64.8,64.92,64.77,64.88,19200.266
2026-06-11 07:45:00,64.89,65.02,64.89,64.98,4994.48
2026-06-11 07:50:00,64.97,64.99,64.93,64.95,3957.947
2026-06-11 07:55:00,64.95,65.05,64.94,65.04,4545.562
2026-06-11 08:00:00,65.04,65.21,65.03,65.1,9142.366
2026-06-11 08:05:00,65.1,65.17,65.06,65.1,10090.618
2026-06-11 08:10:00,65.11,65.27,65.1,65.19,3052.113
2026-06-11 08:15:00,65.2,65.24,65.16,65.22,2756.021
2026-06-11 08:20:00,65.22,65.42,65.2,65.39,8373.533
2026-06-11 08:25:00,65.39,65.53,65.36,65.48,11901.672
2026-06-11 08:30:00,65.49,65.53,65.39,65.49,10618.345
2026-06-11 08:35:00,65.49,65.53,65.43,65.46,7744.558
2026-06-11 08:40:00,65.46,65.46,65.31,65.32,4509.517
2026-06-11 08:45:00,65.31,65.43,65.28,65.28,7833.861
2026-06-11 08:50:00,65.29,65.35,65.27,65.29,2789.315
2026-06-11 08:55:00,65.29,65.34,65.27,65.31,6278.758
2026-06-11 09:00:00,65.31,65.32,65.18,65.18,14942.654
2026-06-11 09:05:00,65.19,65.22,65.11,65.13,9569.906
2026-06-11 09:10:00,65.14,65.18,65.09,65.12,5780.613
2026-06-11 09:15:00,65.13,65.13,65.04,65.09,10714.958
2026-06-11 09:20:00,65.08,65.17,65.01,65.11,25491.825
2026-06-11 09:25:00,65.11,65.18,65.08,65.17,3111.834
2026-06-11 09:30:00,65.16,65.48,65.16,65.45,11622.753
2026-06-11 09:35:00,65.45,65.48,65.36,65.36,7472.734
2026-06-11 09:40:00,65.35,65.47,65.35,65.39,11699.586
2026-06-11 09:45:00,65.39,65.45,65.37,65.45,5468.438
2026-06-11 09:50:00,65.44,65.56,65.43,65.5,28610.542
2026-06-11 09:55:00,65.49,65.52,65.38,65.38,3680.97
2026-06-11 10:00:00,65.39,65.46,65.36,65.37,8699.635
2026-06-11 10:05:00,65.37,65.5,65.36,65.47,7502.9
2026-06-11 10:10:00,65.47,65.5,65.38,65.39,4755.383
2026-06-11 10:15:00,65.39,65.42,65.28,65.32,5101.197
2026-06-11 10:20:00,65.32,65.47,65.32,65.44,10989.635
2026-06-11 10:25:00,65.43,65.46,65.41,65.44,2627.54
2026-06-11 10:30:00,65.44,65.53,65.42,65.5,4106.109
2026-06-11 10:35:00,65.5,65.57,65.46,65.48,6347.946
2026-06-11 10:40:00,65.48,65.5,65.43,65.44,2771.434
2026-06-11 10:45:00,65.44,65.51,65.43,65.49,2441.522
2026-06-11 10:50:00,65.49,65.63,65.48,65.59,10146.521
2026-06-11 10:55:00,65.59,65.66,65.47,65.5,14599.553
2026-06-11 11:00:00,65.5,65.56,65.44,65.51,5510.66
2026-06-11 11:05:00,65.51,65.52,65.33,65.48,6658.645
2026-06-11 11:10:00,65.48,65.62,65.48,65.59,7562.915
2026-06-11 11:15:00,65.6,65.61,65.45,65.48,5264.996
2026-06-11 11:20:00,65.48,65.54,65.41,65.51,3951.618
2026-06-11 11:25:00,65.52,65.57,65.41,65.5,5046.925
2026-06-11 11:30:00,65.5,65.62,65.49,65.56,6426.469
2026-06-11 11:35:00,65.56,65.57,65.38,65.47,4671.538
2026-06-11 11:40:00,65.47,65.52,65.45,65.52,2248.577
2026-06-11 11:45:00,65.51,65.58,65.5,65.58,8039.851
2026-06-11 11:50:00,65.57,66.15,65.56,66.01,57730.532
2026-06-11 11:55:00,66.0,66.02,65.86,65.88,21755.268
2026-06-11 12:00:00,65.89,65.93,65.73,65.78,13770.812
2026-06-11 12:05:00,65.77,65.81,65.63,65.64,10143.522
2026-06-11 12:10:00,65.64,65.75,65.6,65.66,11658.111
2026-06-11 12:15:00,65.66,65.73,65.54,65.55,8588.166
2026-06-11 12:20:00,65.55,65.57,64.97,65.09,43173.984
2026-06-11 12:25:00,65.09,65.26,65.04,65.11,25286.154
2026-06-11 12:30:00,65.11,65.32,64.89,65.13,33845.516
2026-06-11 12:35:00,65.12,65.2,65.04,65.05,12270.59
2026-06-11 12:40:00,65.05,65.35,65.01,65.31,15512.729
2026-06-11 12:45:00,65.3,65.31,65.15,65.24,14357.186
2026-06-11 12:50:00,65.24,65.39,65.14,65.24,9879.883
2026-06-11 12:55:00,65.23,65.34,65.22,65.26,6943.324
2026-06-11 13:00:00,65.26,65.26,65.1,65.22,5695.333
2026-06-11 13:05:00,65.22,65.24,65.16,65.17,2498.651
2026-06-11 13:10:00,65.18,65.24,65.13,65.21,3780.057
2026-06-11 13:15:00,65.2,65.39,65.2,65.38,6456.098
2026-06-11 13:20:00,65.38,65.49,65.21,65.23,8222.651
2026-06-11 13:25:00,65.23,65.32,65.22,65.26,6271.226
2026-06-11 13:30:00,65.25,65.28,65.06,65.27,12623.708
2026-06-11 13:35:00,65.26,65.53,65.21,65.34,9336.554
2026-06-11 13:40:00,65.34,65.41,65.14,65.41,12648.377
2026-06-11 13:45:00,65.41,65.68,65.38,65.57,23132.978
2026-06-11 13:50:00,65.57,65.74,65.53,65.59,29673.251
2026-06-11 13:55:00,65.59,65.59,65.42,65.53,11444.348
2026-06-11 14:00:00,65.52,65.61,65.44,65.51,11365.858
2026-06-11 14:05:00,65.52,65.52,65.29,65.31,5769.187
2026-06-11 14:10:00,65.3,65.34,65.09,65.15,6235.431
2026-06-11 14:15:00,65.14,65.25,64.99,65.1,9537.276
2026-06-11 14:20:00,65.1,65.39,65.06,65.34,9207.22
2026-06-11 14:25:00,65.33,65.41,65.26,65.4,8113.239
2026-06-11 14:30:00,65.39,65.52,65.3,65.52,8491.124
2026-06-11 14:35:00,65.53,65.72,65.46,65.55,6097.948
2026-06-11 14:40:00,65.54,65.63,65.53,65.57,5125.986
2026-06-11 14:45:00,65.57,65.69,65.53,65.64,6573.911
2026-06-11 14:50:00,65.64,65.78,65.57,65.6,22257.167
2026-06-11 14:55:00,65.6,65.62,65.32,65.35,15519.029
2026-06-11 15:00:00,65.35,65.37,65.0,65.18,18789.405
2026-06-11 15:05:00,65.19,65.42,65.09,65.37,12588.554
2026-06-11 15:10:00,65.38,65.69,65.32,65.56,18517.736
2026-06-11 15:15:00,65.55,65.64,65.47,65.55,7358.637
2026-06-11 15:20:00,65.55,65.81,65.53,65.73,16399.605
2026-06-11 15:25:00,65.74,65.78,65.67,65.73,5707.248
2026-06-11 15:30:00,65.72,65.76,65.59,65.75,9896.185
2026-06-11 15:35:00,65.75,65.87,65.72,65.78,8506.161
2026-06-11 15:40:00,65.77,65.85,65.52,65.53,6706.01
2026-06-11 15:45:00,65.52,65.57,65.42,65.46,6639.562
2026-06-11 15:50:00,65.46,65.51,65.36,65.44,8495.779
2026-06-11 15:55:00,65.45,65.57,65.37,65.55,5354.534
2026-06-11 16:00:00,65.56,65.68,65.52,65.53,7710.3
2026-06-11 16:05:00,65.53,65.74,65.51,65.61,6541.789
2026-06-11 16:10:00,65.61,65.8,65.59,65.79,5058.533
2026-06-11 16:15:00,65.79,65.8,65.66,65.69,3573.236
2026-06-11 16:20:00,65.69,65.7,65.4,65.41,13539.219
2026-06-11 16:25:00,65.41,65.51,65.38,65.46,9583.575
2026-06-11 16:30:00,65.45,65.62,65.31,65.55,16080.864
2026-06-11 16:35:00,65.55,65.77,65.53,65.6,8363.639
2026-06-11 16:40:00,65.61,65.65,65.54,65.58,5565.381
2026-06-11 16:45:00,65.58,65.6,65.46,65.48,4201.237
2026-06-11 16:50:00,65.48,65.51,65.38,65.46,2817.274
2026-06-11 16:55:00,65.45,65.45,65.37,65.38,2801.508
2026-06-11 17:00:00,65.39,65.52,65.19,65.25,14448.667
2026-06-11 17:05:00,65.26,65.43,65.26,65.4,9238.234
2026-06-11 17:10:00,65.41,65.49,65.2,65.25,10153.507
2026-06-11 17:15:00,65.24,65.29,65.08,65.12,8604.401
2026-06-11 17:20:00,65.11,65.15,65.05,65.12,3074.124
2026-06-11 17:25:00,65.12,65.9,65.05,65.9,32740.385
2026-06-11 17:30:00,65.9,66.68,65.87,66.57,85182.744
2026-06-11 17:35:00,66.58,66.75,66.43,66.49,34885.131
2026-06-11 17:40:00,66.5,66.69,66.44,66.66,15966.439
2026-06-11 17:45:00,66.66,67.19,66.61,67.14,51762.744
2026-06-11 17:50:00,67.15,67.18,66.87,66.92,20645.818
2026-06-11 17:55:00,66.93,67.18,66.77,67.15,22771.15
2026-06-11 18:00:00,67.15,67.31,66.93,66.96,22018.052
2026-06-11 18:05:00,66.96,66.96,66.84,66.9,14095.448
2026-06-11 18:10:00,66.9,67.11,66.89,67.08,11336.108
2026-06-11 18:15:00,67.09,67.29,67.08,67.14,10461.558
2026-06-11 18:20:00,67.13,67.18,66.68,66.78,35939.13
2026-06-11 18:25:00,66.78,66.86,66.7,66.76,6174.173
2026-06-11 18:30:00,66.77,66.85,66.64,66.72,7132.864
2026-06-11 18:35:00,66.72,66.88,66.69,66.84,7226.381
2026-06-11 18:40:00,66.83,67.0,66.79,66.99,8347.381
2026-06-11 18:45:00,66.98,67.01,66.88,66.89,7903.97
2026-06-11 18:50:00,66.89,66.92,66.81,66.83,4159.568
2026-06-11 18:55:00,66.83,66.94,66.79,66.8,9536.219
2026-06-11 19:00:00,66.8,66.92,66.72,66.76,10672.838
2026-06-11 19:05:00,66.76,66.78,66.6,66.64,9021.238
2026-06-11 19:10:00,66.64,66.95,66.6,66.76,16811.672
2026-06-11 19:15:00,66.76,67.0,66.74,66.99,18574.169
2026-06-11 19:20:00,67.0,67.11,66.97,67.1,8519.301
2026-06-11 19:25:00,67.11,67.13,66.91,66.96,18066.932
2026-06-11 19:30:00,66.96,67.42,66.93,67.17,39226.175
2026-06-11 19:35:00,67.17,67.22,66.95,66.95,14157.059
2026-06-11 19:40:00,66.95,67.13,66.95,66.99,13623.478
2026-06-11 19:45:00,66.99,67.05,66.93,66.99,7745.327
2026-06-11 19:50:00,67.0,67.03,66.91,67.02,13977.984
2026-06-11 19:55:00,67.01,67.01,66.89,66.93,5816.8
2026-06-11 20:00:00,66.93,66.98,66.82,66.97,10062.302
2026-06-11 20:05:00,66.98,67.04,66.89,66.93,4877.915
2026-06-11 20:10:00,66.92,66.92,66.82,66.87,5844.434
2026-06-11 20:15:00,66.86,66.92,66.8,66.91,3977.408
2026-06-11 20:20:00,66.91,66.92,66.82,66.86,2863.765
2026-06-11 20:25:00,66.86,66.87,66.51,66.55,22710.621
2026-06-11 20:30:00,66.56,66.61,66.48,66.58,4573.427
2026-06-11 20:35:00,66.57,66.59,66.38,66.4,6921.002
2026-06-11 20:40:00,66.39,66.47,66.36,66.42,7532.406
2026-06-11 20:45:00,66.42,66.46,66.39,66.44,2135.35
2026-06-11 20:50:00,66.43,66.58,66.42,66.57,3770.169
2026-06-11 20:55:00,66.57,66.6,66.55,66.6,2504.137
2026-06-11 21:00:00,66.6,66.71,66.58,66.71,3636.614
2026-06-11 21:05:00,66.71,66.77,66.68,66.76,2583.052
2026-06-11 21:10:00,66.76,67.1,66.76,67.04,6486.021
2026-06-11 21:15:00,67.03,67.04,66.97,66.98,3286.86
2026-06-11 21:20:00,66.99,67.04,66.93,67.0,3427.716
2026-06-11 21:25:00,67.0,67.02,66.9,66.97,2809.994
2026-06-11 21:30:00,66.97,67.03,66.96,66.97,2882.852
2026-06-11 21:35:00,66.96,67.02,66.95,67.02,4720.875
2026-06-11 21:40:00,67.01,67.04,66.93,67.0,4645.768
2026-06-11 21:45:00,67.0,67.1,66.97,67.1,3298.836
2026-06-11 21:50:00,67.1,67.1,66.97,66.99,2319.982
2026-06-11 21:55:00,66.98,66.98,66.83,66.91,5025.696
2026-06-11 22:00:00,66.91,67.11,66.89,66.94,6665.286
2026-06-11 22:05:00,66.94,67.11,66.91,67.05,5366.886
2026-06-11 22:10:00,67.05,67.08,66.92,67.06,4023.983
2026-06-11 22:15:00,67.06,67.14,67.01,67.05,3125.262
2026-06-11 22:20:00,67.05,67.06,66.94,66.95,3128.829
2026-06-11 22:25:00,66.94,66.99,66.89,66.98,3808.513
2026-06-11 22:30:00,66.99,67.13,66.9,66.91,7723.208
2026-06-11 22:35:00,66.9,67.01,66.89,66.97,1769.577
2026-06-11 22:40:00,66.98,67.01,66.91,66.94,5371.628
2026-06-11 22:45:00,66.93,67.0,66.87,66.96,2714.672
2026-06-11 22:50:00,66.97,67.02,66.96,66.97,2440.912
2026-06-11 22:55:00,66.98,67.04,66.89,66.9,4099.394
2026-06-11 23:00:00,66.89,66.89,66.69,66.81,8479.403
2026-06-11 23:05:00,66.81,66.83,66.71,66.72,2088.474
2026-06-11 23:10:00,66.72,66.82,66.72,66.79,2008.877
2026-06-11 23:15:00,66.78,66.82,66.74,66.8,3517.918
2026-06-11 23:20:00,66.81,66.87,66.76,66.79,1730.709
2026-06-11 23:25:00,66.78,66.82,66.71,66.73,1622.299
2026-06-11 23:30:00,66.73,66.95,66.73,66.89,8172.696
2026-06-11 23:35:00,66.9,66.96,66.85,66.95,3435.216
2026-06-11 23:40:00,66.95,67.13,66.95,67.04,11328.291
2026-06-11 23:45:00,67.04,67.06,66.94,66.95,2781.911
2026-06-11 23:50:00,66.94,66.94,66.77,66.9,6474.72
2026-06-11 23:55:00,66.89,66.93,66.84,66.93,4439.718
2026-06-12 00:00:00,66.93,66.93,66.75,66.8,6100.586
2026-06-12 00:05:00,66.8,67.09,66.8,67.0,7436.269
2026-06-12 00:10:00,67.0,67.03,66.9,66.98,2759.265
2026-06-12 00:15:00,66.98,66.98,66.8,66.92,4657.654
2026-06-12 00:20:00,66.91,66.95,66.8,66.8,3295.408
2026-06-12 00:25:00,66.8,66.93,66.76,66.9,5696.54
2026-06-12 00:30:00,66.89,67.02,66.84,66.95,4817.086
2026-06-12 00:35:00,66.95,67.11,66.95,66.95,3043.598
2026-06-12 00:40:00,66.94,67.02,66.93,66.98,4193.396
2026-06-12 00:45:00,66.97,67.05,66.96,67.0,8497.122
2026-06-12 00:50:00,67.01,67.05,66.95,67.04,8249.105
2026-06-12 00:55:00,67.05,67.06,66.87,66.87,4943.523
2026-06-12 01:00:00,66.87,66.87,66.62,66.71,14164.326
2026-06-12 01:05:00,66.71,66.84,66.71,66.78,2337.38
2026-06-12 01:10:00,66.77,66.81,66.69,66.71,4602.152
2026-06-12 01:15:00,66.72,66.82,66.68,66.68,4459.006
2026-06-12 01:20:00,66.67,66.72,66.6,66.63,11605.734
2026-06-12 01:25:00,66.62,66.64,66.42,66.53,11457.873
2026-06-12 01:30:00,66.53,66.6,66.46,66.56,6268.624
2026-06-12 01:35:00,66.55,66.59,66.48,66.58,2754.321
2026-06-12 01:40:00,66.58,66.64,66.54,66.56,3613.517
2026-06-12 01:45:00,66.57,66.68,66.56,66.66,1148.429
2026-06-12 01:50:00,66.66,66.7,66.62,66.7,10691.761
2026-06-12 01:55:00,66.7,66.7,66.56,66.7,2738.83
2026-06-12 02:00:00,66.69,66.82,66.68,66.75,3889.542
2026-06-12 02:05:00,66.75,67.03,66.69,67.02,9255.307
2026-06-12 02:10:00,67.03,67.18,67.01,67.06,17665.716
2026-06-12 02:15:00,67.07,67.09,66.91,67.03,3662.457
2026-06-12 02:20:00,67.02,67.13,67.0,67.1,3944.487
2026-06-12 02:25:00,67.09,67.09,66.95,67.01,8712.797
2026-06-12 02:30:00,67.02,67.1,66.98,67.02,6981.86
2026-06-12 02:35:00,67.01,67.23,67.0,67.2,10577.056
2026-06-12 02:40:00,67.2,67.29,67.13,67.29,4937.914
2026-06-12 02:45:00,67.29,67.3,67.17,67.2,4778.154
2026-06-12 02:50:00,67.19,67.26,67.18,67.18,5336.93
2026-06-12 02:55:00,67.19,67.2,67.08,67.14,3446.122
2026-06-12 03:00:00,67.15,67.18,67.02,67.04,4605.294
2026-06-12 03:05:00,67.03,67.09,66.99,67.09,4669.767
2026-06-12 03:10:00,67.09,67.09,66.93,66.99,2980.522
2026-06-12 03:15:00,66.98,67.01,66.9,66.92,2404.575
2026-06-12 03:20:00,66.92,66.95,66.72,66.79,8817.084
2026-06-12 03:25:00,66.78,66.87,66.68,66.83,6733.106
2026-06-12 03:30:00,66.83,66.97,66.83,66.96,3673.082
2026-06-12 03:35:00,66.97,67.0,66.89,66.94,5461.586
2026-06-12 03:40:00,66.94,66.96,66.81,66.9,4339.762
2026-06-12 03:45:00,66.91,67.05,66.83,66.93,18978.548
2026-06-12 03:50:00,66.93,67.03,66.93,66.99,3576.52
2026-06-12 03:55:00,66.99,67.05,66.97,67.04,4265.817
2026-06-12 04:00:00,67.04,67.06,66.92,66.98,4550.876
2026-06-12 04:05:00,66.97,66.98,66.85,66.94,4347.371
2026-06-12 04:10:00,66.93,67.04,66.87,66.91,4377.639
2026-06-12 04:15:00,66.9,67.14,66.9,67.05,10744.488
2026-06-12 04:20:00,67.05,67.09,66.97,67.09,6456.421
2026-06-12 04:25:00,67.08,67.17,67.07,67.12,6801.325
2026-06-12 04:30:00,67.12,67.24,67.1,67.13,7138.564
2026-06-12 04:35:00,67.13,67.15,67.06,67.12,10551.832
2026-06-12 04:40:00,67.11,67.13,67.03,67.12,3628.603
2026-06-12 04:45:00,67.12,67.16,67.07,67.13,3057.689
2026-06-12 04:50:00,67.13,67.18,67.08,67.11,4472.417
2026-06-12 04:55:00,67.1,67.13,67.04,67.07,3353.602
2026-06-12 05:00:00,67.07,67.08,66.94,66.95,3365.778
2026-06-12 05:05:00,66.95,67.01,66.83,66.9,2193.711
2026-06-12 05:10:00,66.9,66.91,66.74,66.76,4839.577
2026-06-12 05:15:00,66.77,66.91,66.77,66.87,4927.689
2026-06-12 05:20:00,66.86,66.86,66.77,66.81,3582.249
2026-06-12 05:25:00,66.81,66.85,66.77,66.78,4339.587
2026-06-12 05:30:00,66.78,66.87,66.72,66.82,10324.271
2026-06-12 05:35:00,66.81,66.86,66.63,66.71,12153.076
2026-06-12 05:40:00,66.72,66.75,66.66,66.75,2333.078
2026-06-12 05:45:00,66.75,66.79,66.7,66.79,4915.056
2026-06-12 05:50:00,66.79,66.8,66.65,66.76,5469.552
2026-06-12 05:55:00,66.76,66.81,66.73,66.74,1992.374
2026-06-12 06:00:00,66.75,66.79,66.68,66.78,7674.175
2026-06-12 06:05:00,66.79,66.82,66.68,66.69,8275.698
2026-06-12 06:10:00,66.69,66.74,66.61,66.69,5019.28
2026-06-12 06:15:00,66.69,66.69,66.52,66.56,3867.731
2026-06-12 06:20:00,66.57,66.59,66.41,66.58,10473.507
2026-06-12 06:25:00,66.58,66.59,66.47,66.47,3973.514
2026-06-12 06:30:00,66.46,66.46,66.03,66.1,15775.201
2026-06-12 06:35:00,66.1,66.15,65.95,66.08,38683.615
2026-06-12 06:40:00,66.08,66.1,65.99,66.01,9242.222
2026-06-12 06:45:00,66.02,66.2,66.02,66.11,14447.307
2026-06-12 06:50:00,66.12,66.18,66.09,66.15,4414.381
2026-06-12 06:55:00,66.15,66.22,66.1,66.11,7458.306
2026-06-12 07:00:00,66.12,66.31,66.12,66.28,5902.714
2026-06-12 07:05:00,66.28,66.35,66.24,66.32,5348.87
2026-06-12 07:10:00,66.32,66.33,66.17,66.18,4284.945
2026-06-12 07:15:00,66.18,66.34,66.13,66.26,6000.479
2026-06-12 07:20:00,66.27,66.36,66.24,66.36,4331.847
2026-06-12 07:25:00,66.35,66.35,66.25,66.28,5043.848
2026-06-12 07:30:00,66.28,66.33,66.24,66.25,7554.713
2026-06-12 07:35:00,66.26,66.35,66.25,66.34,5297.216
2026-06-12 07:40:00,66.33,66.37,66.27,66.29,4913.92
2026-06-12 07:45:00,66.29,66.29,66.17,66.18,4197.765
2026-06-12 07:50:00,66.19,66.28,66.18,66.27,9110.593
2026-06-12 07:55:00,66.28,66.49,66.26,66.32,17873.755
2026-06-12 08:00:00,66.32,66.46,66.31,66.41,5069.714
2026-06-12 08:05:00,66.41,66.66,66.4,66.64,7499.843
2026-06-12 08:10:00,66.63,66.69,66.61,66.62,4057.201
2026-06-12 08:15:00,66.62,66.9,66.59,66.89,9414.371
2026-06-12 08:20:00,66.89,67.05,66.82,66.9,17919.256
2026-06-12 08:25:00,66.89,66.96,66.86,66.95,3174.611
2026-06-12 08:30:00,66.95,67.02,66.89,66.96,3853.273
2026-06-12 08:35:00,66.96,66.98,66.82,66.96,4043.962
2026-06-12 08:40:00,66.96,66.96,66.8,66.81,5814.206
2026-06-12 08:45:00,66.81,66.88,66.77,66.87,8668.281
2026-06-12 08:50:00,66.87,66.91,66.82,66.9,5389.357
2026-06-12 08:55:00,66.9,66.97,66.89,66.92,10149.931
2026-06-12 09:00:00,66.92,67.0,66.86,66.86,12155.101
2026-06-12 09:05:00,66.87,66.99,66.85,66.93,6013.015
2026-06-12 09:10:00,66.92,67.01,66.89,67.0,7020.99
2026-06-12 09:15:00,67.0,67.09,66.97,67.06,9215.183
2026-06-12 09:20:00,67.06,67.22,67.06,67.19,14404.286
2026-06-12 09:25:00,67.19,67.27,67.16,67.23,25814.56
2026-06-12 09:30:00,67.22,67.49,67.22,67.35,48244.24
2026-06-12 09:35:00,67.36,67.39,67.26,67.28,26339.599
2026-06-12 09:40:00,67.28,67.33,67.21,67.29,13322.278
2026-06-12 09:45:00,67.28,67.38,67.2,67.3,13226.31
2026-06-12 09:50:00,67.3,67.34,67.21,67.22,8514.842
2026-06-12 09:55:00,67.23,67.3,67.17,67.17,7878.277
2026-06-12 10:00:00,67.18,67.25,67.11,67.17,9704.932
2026-06-12 10:05:00,67.17,67.32,67.12,67.32,7137.816
2026-06-12 10:10:00,67.31,67.35,67.13,67.18,7978.022
2026-06-12 10:15:00,67.18,67.24,67.07,67.08,9284.901
2026-06-12 10:20:00,67.09,67.09,66.84,66.88,9825.768
2026-06-12 10:25:00,66.89,66.91,66.59,66.7,12792.839
2026-06-12 10:30:00,66.7,66.86,66.69,66.86,9256.373
2026-06-12 10:35:00,66.86,66.88,66.79,66.81,2346.08
2026-06-12 10:40:00,66.8,66.82,66.72,66.77,4334.63
2026-06-12 10:45:00,66.77,66.89,66.73,66.89,3032.303
2026-06-12 10:50:00,66.89,66.92,66.82,66.85,5230.687
2026-06-12 10:55:00,66.85,66.89,66.79,66.79,4137.531
2026-06-12 11:00:00,66.79,66.95,66.78,66.87,7950.541
2026-06-12 11:05:00,66.87,67.0,66.85,66.86,7146.473
2026-06-12 11:10:00,66.86,66.97,66.83,66.93,3611.327
2026-06-12 11:15:00,66.94,66.98,66.82,66.9,6104.052
2026-06-12 11:20:00,66.9,67.04,66.89,67.02,2660.364
2026-06-12 11:25:00,67.03,67.06,66.98,66.98,1300.06
2026-06-12 11:30:00,66.97,67.01,66.86,66.91,7199.238
2026-06-12 11:35:00,66.92,66.93,66.8,66.87,2403.095
2026-06-12 11:40:00,66.87,67.01,66.87,67.01,3323.127
2026-06-12 11:45:00,67.01,67.1,66.98,67.0,4592.964
2026-06-12 11:50:00,67.0,67.02,66.91,67.02,4254.13
2026-06-12 11:55:00,67.01,67.02,66.92,66.93,13111.069
2026-06-12 12:00:00,66.92,66.96,66.77,66.83,15410.468
2026-06-12 12:05:00,66.82,66.9,66.79,66.86,3972.412
2026-06-12 12:10:00,66.87,66.98,66.86,66.9,7487.833
2026-06-12 12:15:00,66.91,67.0,66.85,66.95,3578.429
2026-06-12 12:20:00,66.95,66.97,66.86,66.92,5015.005
2026-06-12 12:25:00,66.92,66.93,66.75,66.76,7789.618
2026-06-12 12:30:00,66.76,66.92,66.73,66.89,11707.426
2026-06-12 12:35:00,66.9,66.92,66.68,66.7,11428.422
2026-06-12 12:40:00,66.71,66.89,66.63,66.8,16771.488
2026-06-12 12:45:00,66.8,66.97,66.75,66.88,6082.108
2026-06-12 12:50:00,66.87,66.92,66.75,66.78,5017.055
2026-06-12 12:55:00,66.78,66.8,66.66,66.77,10440.818
2026-06-12 13:00:00,66.77,66.84,66.72,66.77,4377.205
2026-06-12 13:05:00,66.77,66.89,66.75,66.81,3511.129
2026-06-12 13:10:00,66.82,66.85,66.7,66.85,7335.768
2026-06-12 13:15:00,66.85,66.98,66.8,66.97,3153.807
2026-06-12 13:20:00,66.98,66.99,66.75,66.79,4241.086
2026-06-12 13:25:00,66.8,66.85,66.71,66.84,3782.809
2026-06-12 13:30:00,66.85,66.93,66.53,66.66,38181.609
2026-06-12 13:35:00,66.66,66.98,66.62,66.97,18762.791
2026-06-12 13:40:00,66.97,67.01,66.37,66.59,51385.214
2026-06-12 13:45:00,66.59,66.79,66.59,66.72,20884.617
2026-06-12 13:50:00,66.73,66.87,66.59,66.63,15256.536
2026-06-12 13:55:00,66.63,66.74,66.51,66.72,9091.344
2026-06-12 14:00:00,66.73,67.08,66.65,66.92,48154.703
2026-06-12 14:05:00,66.92,67.08,66.85,66.94,6319.048
2026-06-12 14:10:00,66.93,66.99,66.74,66.95,8329.297
2026-06-12 14:15:00,66.94,67.08,66.85,66.88,10925.376
2026-06-12 14:20:00,66.88,67.05,66.7,66.88,10690.832
2026-06-12 14:25:00,66.87,67.24,66.87,67.19,18520.661
2026-06-12 14:30:00,67.18,67.35,67.07,67.3,18356.829
2026-06-12 14:35:00,67.31,67.55,67.26,67.44,18764.78
2026-06-12 14:40:00,67.43,67.45,67.15,67.22,32373.466
2026-06-12 14:45:00,67.23,67.33,67.11,67.19,7899.656
2026-06-12 14:50:00,67.19,67.87,67.19,67.86,32438.043
2026-06-12 14:55:00,67.86,67.99,67.81,67.94,18331.356
2026-06-12 15:00:00,67.93,68.1,67.67,67.97,109786.029
2026-06-12 15:05:00,67.97,68.68,67.97,68.52,142436.245
2026-06-12 15:10:00,68.52,68.78,68.44,68.78,56107.431
2026-06-12 15:15:00,68.78,68.82,68.46,68.5,26699.035
2026-06-12 15:20:00,68.5,68.58,68.3,68.43,36539.325
2026-06-12 15:25:00,68.42,68.5,68.2,68.2,27119.295
2026-06-12 15:30:00,68.2,68.2,67.92,67.92,59875.907
2026-06-12 15:35:00,67.92,68.27,67.8,67.91,32612.427
2026-06-12 15:40:00,67.92,67.93,67.65,67.75,15012.858
2026-06-12 15:45:00,67.74,67.85,67.37,67.44,22698.89
2026-06-12 15:50:00,67.44,67.67,67.36,67.67,22289.669
2026-06-12 15:55:00,67.68,67.68,67.18,67.25,16700.487
2026-06-12 16:00:00,67.26,67.43,67.09,67.39,23884.228
2026-06-12 16:05:00,67.38,67.44,67.28,67.44,12213.417
2026-06-12 16:10:00,67.43,67.8,67.34,67.68,27335.879
2026-06-12 16:15:00,67.67,67.85,67.51,67.53,14273.693
2026-06-12 16:20:00,67.54,67.61,67.41,67.53,11675.601
2026-06-12 16:25:00,67.53,67.73,67.45,67.64,11842.573
2026-06-12 16:30:00,67.64,67.77,67.59,67.66,11744.446
2026-06-12 16:35:00,67.65,67.93,67.54,67.87,10073.463
2026-06-12 16:40:00,67.87,67.98,67.62,67.74,11251.471
2026-06-12 16:45:00,67.74,67.97,67.71,67.95,6957.116
2026-06-12 16:50:00,67.95,68.0,67.88,67.9,9816.383
2026-06-12 16:55:00,67.9,68.01,67.85,68.01,7099.761
2026-06-12 17:00:00,68.02,68.04,67.88,68.04,9189.437
2026-06-12 17:05:00,68.04,68.22,68.02,68.06,16566.734
2026-06-12 17:10:00,68.07,68.08,67.75,67.86,14541.324
2026-06-12 17:15:00,67.85,67.85,67.55,67.59,13066.679
2026-06-12 17:20:00,67.59,67.65,67.35,67.44,12077.819
2026-06-12 17:25:00,67.44,67.56,67.35,67.56,8558.156
2026-06-12 17:30:00,67.56,67.67,67.47,67.57,10923.99
2026-06-12 17:35:00,67.58,67.7,67.48,67.55,6387.991
2026-06-12 17:40:00,67.55,67.56,67.38,67.45,7326.707
2026-06-12 17:45:00,67.44,67.5,67.41,67.46,5404.338
2026-06-12 17:50:00,67.46,67.46,67.33,67.38,5469.03
2026-06-12 17:55:00,67.37,67.41,67.27,67.4,6765.633
2026-06-12 18:00:00,67.4,67.48,67.34,67.34,7109.705
2026-06-12 18:05:00,67.34,67.34,67.01,67.18,16283.821
2026-06-12 18:10:00,67.18,67.41,67.12,67.23,13432.624
2026-06-12 18:15:00,67.22,67.29,67.08,67.12,7821.251
2026-06-12 18:20:00,67.11,67.18,67.03,67.18,3850.389
2026-06-12 18:25:00,67.18,67.25,67.12,67.25,5280.012
2026-06-12 18:30:00,67.25,67.32,67.16,67.25,6682.498
2026-06-12 18:35:00,67.24,67.41,67.19,67.37,8665.764
2026-06-12 18:40:00,67.38,67.48,67.37,67.39,6773.435
2026-06-12 18:45:00,67.38,67.42,67.29,67.29,4632.8
2026-06-12 18:50:00,67.3,67.32,67.22,67.25,3363.567
2026-06-12 18:55:00,67.24,67.25,67.06,67.07,4843.942
2026-06-12 19:00:00,67.07,67.2,67.04,67.16,5500.469
2026-06-12 19:05:00,67.16,67.27,67.06,67.19,6935.859
2026-06-12 19:10:00,67.18,67.23,67.1,67.19,3530.776
2026-06-12 19:15:00,67.2,67.25,67.1,67.23,3157.639
2026-06-12 19:20:00,67.23,67.24,67.07,67.14,4449.724
2026-06-12 19:25:00,67.14,67.3,67.14,67.21,3977.673
2026-06-12 19:30:00,67.21,67.25,67.08,67.08,7274.065
2026-06-12 19:35:00,67.08,67.42,67.01,67.14,11939.076
2026-06-12 19:40:00,67.14,67.16,66.98,67.01,9816.859
2026-06-12 19:45:00,67.01,67.07,66.75,66.87,31550.901
2026-06-12 19:50:00,66.87,66.93,66.69,66.72,10305.874
2026-06-12 19:55:00,66.72,66.81,66.68,66.78,6125.696
2026-06-12 20:00:00,66.79,66.81,66.42,66.66,74141.744
2026-06-12 20:05:00,66.66,66.77,66.56,66.61,7764.767
2026-06-12 20:10:00,66.61,66.75,66.55,66.73,2522.803
2026-06-12 20:15:00,66.72,66.74,66.59,66.65,3186.68
2026-06-12 20:20:00,66.66,66.75,66.65,66.7,2331.706
2026-06-12 20:25:00,66.7,66.74,66.64,66.73,2948.749
2026-06-12 20:30:00,66.74,66.83,66.68,66.73,10055.951
2026-06-12 20:35:00,66.74,66.79,66.69,66.75,3760.198
2026-06-12 20:40:00,66.75,66.83,66.75,66.81,4262.949
2026-06-12 20:45:00,66.82,66.82,66.59,66.62,10229.2
2026-06-12 20:50:00,66.62,66.64,66.55,66.58,3841.106
2026-06-12 20:55:00,66.58,66.71,66.57,66.68,2324.962
2026-06-12 21:00:00,66.69,66.71,66.62,66.62,1334.966
2026-06-12 21:05:00,66.63,66.81,66.63,66.81,1095.985
2026-06-12 21:10:00,66.8,66.85,66.74,66.82,3163.313
2026-06-12 21:15:00,66.81,66.9,66.81,66.85,3055.334
2026-06-12 21:20:00,66.85,66.95,66.83,66.84,7507.494
2026-06-12 21:25:00,66.83,66.84,66.78,66.79,1517.119
2026-06-12 21:30:00,66.79,66.82,66.74,66.74,4776.403
2026-06-12 21:35:00,66.75,66.79,66.73,66.77,1397.122
2026-06-12 21:40:00,66.77,66.81,66.72,66.72,8644.748
2026-06-12 21:45:00,66.72,66.72,66.62,66.71,3025.184
2026-06-12 21:50:00,66.7,66.7,66.6,66.63,1750.585
2026-06-12 21:55:00,66.64,66.65,66.47,66.57,4289.028
2026-06-12 22:00:00,66.57,66.6,66.46,66.6,3774.607
2026-06-12 22:05:00,66.61,66.61,66.43,66.58,6443.379
2026-06-12 22:10:00,66.58,66.65,66.5,66.65,5913.739
2026-06-12 22:15:00,66.66,66.7,66.59,66.62,1756.885
2026-06-12 22:20:00,66.62,66.76,66.62,66.65,1832.4
2026-06-12 22:25:00,66.66,66.73,66.65,66.7,1143.925
2026-06-12 22:30:00,66.7,66.72,66.49,66.53,2742.403
2026-06-12 22:35:00,66.53,66.64,66.53,66.56,2993.634
2026-06-12 22:40:00,66.55,66.61,66.53,66.57,872.43
2026-06-12 22:45:00,66.57,66.64,66.55,66.59,4121.532
2026-06-12 22:50:00,66.59,66.61,66.52,66.57,3559.855
2026-06-12 22:55:00,66.58,66.65,66.57,66.63,2115.694
2026-06-12 23:00:00,66.64,66.64,66.48,66.58,2172.496
2026-06-12 23:05:00,66.58,66.66,66.52,66.55,1176.446
2026-06-12 23:10:00,66.54,66.59,66.54,66.59,1339.326
2026-06-12 23:15:00,66.59,66.64,66.53,66.54,1497.277
2026-06-12 23:20:00,66.54,66.61,66.5,66.61,2264.892
2026-06-12 23:25:00,66.61,66.67,66.59,66.63,845.437
2026-06-12 23:30:00,66.64,66.67,66.55,66.57,2895.455
2026-06-12 23:35:00,66.57,66.7,66.57,66.7,1430.485
2026-06-12 23:40:00,66.69,66.74,66.6,66.62,3220.261
2026-06-12 23:45:00,66.62,66.72,66.61,66.7,2839.877
2026-06-12 23:50:00,66.7,66.83,66.7,66.79,2551.187
2026-06-12 23:55:00,66.79,66.82,66.76,66.82,1529.089
2026-06-13 00:00:00,66.83,66.85,66.78,66.79,2401.255
2026-06-13 00:05:00,66.79,66.9,66.78,66.84,2414.729
2026-06-13 00:10:00,66.83,66.94,66.81,66.91,1343.974
2026-06-13 00:15:00,66.92,66.96,66.87,66.9,1603.622
2026-06-13 00:20:00,66.9,67.03,66.89,66.99,3877.668
2026-06-13 00:25:00,67.0,67.02,66.9,66.9,2280.986
2026-06-13 00:30:00,66.9,67.05,66.87,66.94,3235.238
2026-06-13 00:35:00,66.95,67.04,66.91,67.04,1311.224
2026-06-13 00:40:00,67.05,67.05,66.93,66.93,6263.548
2026-06-13 00:45:00,66.93,67.02,66.88,66.97,5187.649
2026-06-13 00:50:00,66.96,66.99,66.9,66.98,5913.888
2026-06-13 00:55:00,66.98,67.08,66.98,66.99,1629.657
2026-06-13 01:00:00,67.0,67.07,66.98,67.06,2818.615
2026-06-13 01:05:00,67.05,67.19,67.04,67.12,4029.82
2026-06-13 01:10:00,67.12,67.15,67.09,67.14,1330.21
2026-06-13 01:15:00,67.15,67.16,67.06,67.06,3095.167
2026-06-13 01:20:00,67.06,67.16,67.05,67.11,4309.864
2026-06-13 01:25:00,67.11,67.21,67.11,67.2,3919.769
2026-06-13 01:30:00,67.21,67.21,67.15,67.16,2679.194
2026-06-13 01:35:00,67.16,67.28,67.15,67.2,3049.279
2026-06-13 01:40:00,67.2,67.48,67.16,67.36,10259.414
2026-06-13 01:45:00,67.36,67.47,67.36,67.46,4601.957
2026-06-13 01:50:00,67.46,67.51,67.42,67.44,3232.642
2026-06-13 01:55:00,67.44,67.45,67.39,67.45,2687.439
2026-06-13 02:00:00,67.44,67.46,67.35,67.38,2727.951
2026-06-13 02:05:00,67.38,67.5,67.34,67.5,2885.743
2026-06-13 02:10:00,67.5,67.51,67.27,67.27,8141.96
2026-06-13 02:15:00,67.28,67.3,67.22,67.26,3537.197
2026-06-13 02:20:00,67.25,67.25,67.15,67.2,10965.742
2026-06-13 02:25:00,67.2,67.2,67.11,67.14,5489.852
2026-06-13 02:30:00,67.14,67.17,67.07,67.1,4762.223
2026-06-13 02:35:00,67.09,67.14,67.06,67.08,1477.358
2026-06-13 02:40:00,67.08,67.1,67.0,67.03,1984.484
2026-06-13 02:45:00,67.03,67.05,66.87,66.91,5126.146
2026-06-13 02:50:00,66.91,66.96,66.89,66.95,608.005
2026-06-13 02:55:00,66.95,67.0,66.92,66.97,3369.1
2026-06-13 03:00:00,66.97,67.02,66.96,67.02,4727.089
2026-06-13 03:05:00,67.01,67.05,66.99,67.03,6296.639
2026-06-13 03:10:00,67.03,67.04,66.95,66.96,2786.007
2026-06-13 03:15:00,66.96,67.0,66.84,66.9,8076.773
2026-06-13 03:20:00,66.91,66.93,66.78,66.84,1542.038
2026-06-13 03:25:00,66.85,66.87,66.7,66.8,7504.015
2026-06-13 03:30:00,66.8,66.83,66.77,66.83,4162.078
2026-06-13 03:35:00,66.83,66.88,66.8,66.87,1634.722
2026-06-13 03:40:00,66.88,66.9,66.84,66.89,3494.288
2026-06-13 03:45:00,66.89,66.93,66.88,66.92,1619.334
2026-06-13 03:50:00,66.92,66.94,66.88,66.94,1283.578
2026-06-13 03:55:00,66.94,66.96,66.87,66.88,1037.071
2026-06-13 04:00:00,66.87,66.92,66.76,66.76,3181.171
2026-06-13 04:05:00,66.76,66.82,66.72,66.72,1789.012
2026-06-13 04:10:00,66.72,66.75,66.72,66.74,5030.807
2026-06-13 04:15:00,66.74,66.78,66.7,66.77,6486.853
2026-06-13 04:20:00,66.78,66.86,66.76,66.78,13170.931
2026-06-13 04:25:00,66.78,66.8,66.75,66.76,817.692
2026-06-13 04:30:00,66.76,66.9,66.75,66.9,666.905
2026-06-13 04:35:00,66.89,66.94,66.87,66.91,2234.805
2026-06-13 04:40:00,66.92,66.95,66.88,66.91,1858.585
2026-06-13 04:45:00,66.91,66.95,66.9,66.95,362.317
2026-06-13 04:50:00,66.95,66.96,66.79,66.85,7044.865
2026-06-13 04:55:00,66.84,66.85,66.64,66.67,3817.242
2026-06-13 05:00:00,66.67,66.74,66.63,66.73,4066.38
2026-06-13 05:05:00,66.72,66.87,66.63,66.79,16238.452
2026-06-13 05:10:00,66.8,66.85,66.79,66.8,1667.918
2026-06-13 05:15:00,66.8,66.84,66.76,66.81,1353.339
2026-06-13 05:20:00,66.82,66.88,66.73,66.76,2817.876
2026-06-13 05:25:00,66.75,66.75,66.69,66.7,3476.189
2026-06-13 05:30:00,66.7,66.81,66.68,66.74,6719.642
2026-06-13 05:35:00,66.74,66.79,66.71,66.79,1892.139
2026-06-13 05:40:00,66.79,66.84,66.74,66.77,3790.458
2026-06-13 05:45:00,66.77,66.79,66.64,66.7,2594.068
2026-06-13 05:50:00,66.71,66.72,66.59,66.68,4347.534
2026-06-13 05:55:00,66.67,66.8,66.67,66.79,1902.305
2026-06-13 06:00:00,66.79,66.82,66.71,66.76,1777.811
2026-06-13 06:05:00,66.76,66.8,66.72,66.8,1372.615
2026-06-13 06:10:00,66.8,66.81,66.72,66.72,980.851
2026-06-13 06:15:00,66.73,66.74,66.67,66.71,1442.627
2026-06-13 06:20:00,66.72,66.79,66.72,66.74,1678.564
2026-06-13 06:25:00,66.74,66.86,66.73,66.86,4003.735
2026-06-13 06:30:00,66.87,66.95,66.81,66.95,2384.084
2026-06-13 06:35:00,66.94,66.98,66.87,66.89,3159.393
2026-06-13 06:40:00,66.89,66.94,66.88,66.93,724.868
2026-06-13 06:45:00,66.92,67.06,66.92,67.03,15725.882
2026-06-13 06:50:00,67.04,67.21,66.98,67.2,14578.421
2026-06-13 06:55:00,67.19,67.22,67.16,67.16,1381.133
2026-06-13 07:00:00,67.16,67.17,67.01,67.06,14869.662
2026-06-13 07:05:00,67.06,67.1,67.0,67.1,5983.821
2026-06-13 07:10:00,67.09,67.15,67.07,67.11,2985.393
2026-06-13 07:15:00,67.11,67.11,66.96,67.1,5531.677
2026-06-13 07:20:00,67.09,67.14,67.06,67.12,5880.457
2026-06-13 07:25:00,67.11,67.34,67.11,67.27,12364.753
2026-06-13 07:30:00,67.26,67.28,67.2,67.21,1957.068
2026-06-13 07:35:00,67.21,67.29,67.2,67.22,3898.826
2026-06-13 07:40:00,67.22,67.29,67.15,67.27,5979.427
2026-06-13 07:45:00,67.26,67.4,67.24,67.36,12207.555
2026-06-13 07:50:00,67.37,67.47,67.33,67.44,5964.416
2026-06-13 07:55:00,67.44,67.45,67.34,67.37,4980.005
2026-06-13 08:00:00,67.38,67.38,67.27,67.31,29777.702
2026-06-13 08:05:00,67.32,67.43,67.27,67.4,6562.937
2026-06-13 08:10:00,67.39,67.45,67.27,67.31,6231.392
2026-06-13 08:15:00,67.31,67.45,67.31,67.45,6835.65
2026-06-13 08:20:00,67.44,67.46,67.27,67.28,8955.856
2026-06-13 08:25:00,67.27,67.39,67.26,67.36,2488.576
2026-06-13 08:30:00,67.36,67.44,67.32,67.35,4282.67
2026-06-13 08:35:00,67.34,67.57,67.34,67.49,6159.589
2026-06-13 08:40:00,67.49,67.53,67.45,67.46,7072.069
2026-06-13 08:45:00,67.47,67.48,67.4,67.4,5546.057
2026-06-13 08:50:00,67.39,67.41,67.36,67.37,974.128
2026-06-13 08:55:00,67.38,67.38,67.33,67.33,1717.977
2026-06-13 09:00:00,67.32,67.46,67.32,67.45,18019.399
2026-06-13 09:05:00,67.45,67.5,67.4,67.41,8727.413
2026-06-13 09:10:00,67.42,67.45,67.39,67.43,1918.749
2026-06-13 09:15:00,67.44,67.5,67.42,67.5,1721.498
2026-06-13 09:20:00,67.49,67.54,67.41,67.45,8604.501
2026-06-13 09:25:00,67.45,67.47,67.38,67.41,1879.914
2026-06-13 09:30:00,67.41,67.45,67.4,67.4,1786.525
2026-06-13 09:35:00,67.39,67.42,67.34,67.37,3979.851
2026-06-13 09:40:00,67.37,67.39,67.32,67.36,2445.621
2026-06-13 09:45:00,67.36,67.37,67.32,67.36,2945.256
2026-06-13 09:50:00,67.37,67.37,67.29,67.33,8671.664
2026-06-13 09:55:00,67.34,67.4,67.34,67.37,3466.965
2026-06-13 10:00:00,67.37,67.46,67.36,67.42,4504.269
2026-06-13 10:05:00,67.42,67.48,67.4,67.41,1360.104
2026-06-13 10:10:00,67.41,67.43,67.37,67.42,1714.012
2026-06-13 10:15:00,67.43,67.43,67.35,67.4,1787.478
2026-06-13 10:20:00,67.4,67.4,67.37,67.38,925.463
2026-06-13 10:25:00,67.39,67.46,67.38,67.41,2507.967
2026-06-13 10:30:00,67.42,67.53,67.41,67.5,5249.463
2026-06-13 10:35:00,67.5,67.5,67.45,67.47,1501.62
2026-06-13 10:40:00,67.46,67.52,67.43,67.51,3498.724
2026-06-13 10:45:00,67.51,67.61,67.5,67.53,3472.068
2026-06-13 10:50:00,67.52,67.56,67.42,67.45,2899.776
2026-06-13 10:55:00,67.44,67.47,67.34,67.44,7601.406
2026-06-13 11:00:00,67.44,67.47,67.38,67.43,2345.812
2026-06-13 11:05:00,67.43,67.6,67.43,67.59,3449.472
2026-06-13 11:10:00,67.59,67.71,67.58,67.71,5767.304
2026-06-13 11:15:00,67.7,67.9,67.69,67.89,7918.353
2026-06-13 11:20:00,67.89,67.93,67.83,67.9,5400.099
2026-06-13 11:25:00,67.9,67.96,67.86,67.94,5397.976
2026-06-13 11:30:00,67.93,67.93,67.85,67.86,3503.147
2026-06-13 11:35:00,67.87,67.9,67.82,67.86,2835.952
2026-06-13 11:40:00,67.85,67.88,67.79,67.8,1562.045
2026-06-13 11:45:00,67.8,67.82,67.78,67.8,846.672
2026-06-13 11:50:00,67.79,67.83,67.79,67.83,1713.411
2026-06-13 11:55:00,67.83,67.91,67.82,67.9,1189.207
2026-06-13 12:00:00,67.91,67.92,67.79,67.85,2793.278
2026-06-13 12:05:00,67.84,67.87,67.8,67.86,7008.385
2026-06-13 12:10:00,67.87,67.93,67.83,67.83,14735.117
2026-06-13 12:15:00,67.82,67.89,67.8,67.87,1565.568
2026-06-13 12:20:00,67.86,67.9,67.82,67.82,3144.224
2026-06-13 12:25:00,67.82,67.88,67.8,67.81,2851.939
2026-06-13 12:30:00,67.81,67.9,67.8,67.88,3584.662
2026-06-13 12:35:00,67.88,67.9,67.81,67.83,7086.474
2026-06-13 12:40:00,67.83,67.86,67.77,67.79,3928.05
2026-06-13 12:45:00,67.78,67.99,67.78,67.94,10122.826
2026-06-13 12:50:00,67.94,67.97,67.91,67.96,13873.405
2026-06-13 12:55:00,67.97,68.06,67.9,67.99,20770.794
2026-06-13 13:00:00,67.98,67.99,67.86,67.9,2744.75
2026-06-13 13:05:00,67.9,67.95,67.87,67.87,3063.215
2026-06-13 13:10:00,67.88,67.88,67.84,67.86,2207.85
2026-06-13 13:15:00,67.85,67.92,67.83,67.83,5604.936
2026-06-13 13:20:00,67.84,68.05,67.83,68.05,4966.024
2026-06-13 13:25:00,68.05,68.06,67.94,68.0,10755.377
2026-06-13 13:30:00,68.0,68.0,67.89,67.96,3392.697
2026-06-13 13:35:00,67.96,68.03,67.96,68.02,4095.107
2026-06-13 13:40:00,68.03,68.45,68.01,68.16,52471.587
2026-06-13 13:45:00,68.16,68.23,67.95,68.08,17931.326
2026-06-13 13:50:00,68.07,68.08,67.89,67.93,6427.726
2026-06-13 13:55:00,67.93,68.04,67.87,68.02,4902.329
2026-06-13 14:00:00,68.02,68.15,67.99,68.14,6637.763
2026-06-13 14:05:00,68.14,68.22,68.1,68.22,4604.984
2026-06-13 14:10:00,68.22,68.3,68.17,68.27,9312.674
2026-06-13 14:15:00,68.26,68.43,68.26,68.29,6122.599
2026-06-13 14:20:00,68.28,68.29,68.14,68.16,3935.607
2026-06-13 14:25:00,68.16,68.3,68.15,68.18,12742.901
2026-06-13 14:30:00,68.18,68.33,68.18,68.27,7316.747
2026-06-13 14:35:00,68.27,68.33,68.19,68.23,3405.846
2026-06-13 14:40:00,68.23,68.25,68.11,68.14,1856.479
2026-06-13 14:45:00,68.14,68.25,68.13,68.23,1953.275
2026-06-13 14:50:00,68.23,68.29,68.21,68.23,4258.488
2026-06-13 14:55:00,68.22,68.29,68.17,68.29,4278.298
2026-06-13 15:00:00,68.29,68.36,68.18,68.35,4112.211
2026-06-13 15:05:00,68.35,68.48,68.32,68.34,6521.746
2026-06-13 15:10:00,68.33,68.53,68.32,68.49,7720.199
2026-06-13 15:15:00,68.49,68.6,68.47,68.51,9726.768
2026-06-13 15:20:00,68.51,68.63,68.42,68.57,7182.527
2026-06-13 15:25:00,68.57,68.62,68.51,68.55,4259.914
2026-06-13 15:30:00,68.55,68.6,68.51,68.54,5411.457
2026-06-13 15:35:00,68.53,68.67,68.5,68.67,4539.542
2026-06-13 15:40:00,68.67,68.71,68.41,68.43,9415.186
2026-06-13 15:45:00,68.42,68.51,68.37,68.47,9627.5
2026-06-13 15:50:00,68.46,68.63,68.41,68.54,9188.405
2026-06-13 15:55:00,68.54,68.64,68.49,68.6,6177.298
2026-06-13 16:00:00,68.6,68.63,68.14,68.16,14274.111
2026-06-13 16:05:00,68.16,68.3,68.13,68.26,8632.025
2026-06-13 16:10:00,68.26,68.29,68.14,68.17,5439.321
2026-06-13 16:15:00,68.17,68.18,68.1,68.12,16914.764
2026-06-13 16:20:00,68.13,68.15,67.88,67.89,12155.184
2026-06-13 16:25:00,67.88,68.07,67.88,68.03,11171.843
2026-06-13 16:30:00,68.03,68.04,67.9,67.93,8746.084
2026-06-13 16:35:00,67.92,68.02,67.86,68.02,3176.665
2026-06-13 16:40:00,68.02,68.09,68.01,68.08,1292.748
2026-06-13 16:45:00,68.08,68.29,67.86,67.86,12689.108
2026-06-13 16:50:00,67.85,68.04,67.83,68.01,5238.445
2026-06-13 16:55:00,68.01,68.14,67.99,68.1,4538.788
2026-06-13 17:00:00,68.09,68.13,67.91,67.92,8528.646
2026-06-13 17:05:00,67.92,68.05,67.91,67.98,3066.276
2026-06-13 17:10:00,67.98,68.0,67.89,68.0,4781.719
2026-06-13 17:15:00,68.01,68.13,67.93,68.11,4096.916
2026-06-13 17:20:00,68.11,68.14,68.03,68.04,1941.186
2026-06-13 17:25:00,68.04,68.21,68.03,68.21,3443.508
2026-06-13 17:30:00,68.21,68.24,68.11,68.2,4170.008
2026-06-13 17:35:00,68.2,68.25,68.17,68.19,1448.415
2026-06-13 17:40:00,68.19,68.26,68.18,68.25,1138.17
2026-06-13 17:45:00,68.26,68.28,68.12,68.16,3860.223
2026-06-13 17:50:00,68.16,68.16,68.0,68.01,2644.264
2026-06-13 17:55:00,68.01,68.02,67.84,68.0,11005.79
2026-06-13 18:00:00,68.0,68.08,67.97,68.06,2020.925
2026-06-13 18:05:00,68.05,68.19,68.05,68.14,2042.825
2026-06-13 18:10:00,68.14,68.23,68.14,68.21,1358.664
2026-06-13 18:15:00,68.21,68.26,68.12,68.14,5227.865
2026-06-13 18:20:00,68.14,68.23,68.1,68.22,2022.772
2026-06-13 18:25:00,68.22,68.32,68.2,68.26,3364.355
2026-06-13 18:30:00,68.26,68.32,68.21,68.25,1422.48
2026-06-13 18:35:00,68.26,68.31,68.21,68.28,2282.954
2026-06-13 18:40:00,68.28,68.38,68.27,68.33,3527.692
2026-06-13 18:45:00,68.34,68.36,68.12,68.12,2009.848
2026-06-13 18:50:00,68.11,68.14,68.02,68.11,3263.75
2026-06-13 18:55:00,68.1,68.14,68.07,68.13,2264.915
2026-06-13 19:00:00,68.13,68.19,68.11,68.16,1589.989
2026-06-13 19:05:00,68.15,68.15,68.06,68.14,2843.383
2026-06-13 19:10:00,68.14,68.16,68.1,68.16,1114.544
2026-06-13 19:15:00,68.17,68.17,68.03,68.04,1918.71
2026-06-13 19:20:00,68.04,68.13,68.03,68.12,1087.866
2026-06-13 19:25:00,68.12,68.13,68.03,68.08,1570.463
2026-06-13 19:30:00,68.09,68.11,68.03,68.07,1915.731
2026-06-13 19:35:00,68.06,68.2,68.04,68.17,5382.384
2026-06-13 19:40:00,68.18,68.35,68.17,68.34,2650.831
2026-06-13 19:45:00,68.34,68.38,68.32,68.38,1735.537
2026-06-13 19:50:00,68.39,68.4,68.3,68.3,2481.82
2026-06-13 19:55:00,68.29,68.3,68.22,68.23,2649.81
2026-06-13 20:00:00,68.24,68.24,68.13,68.18,3058.22
2026-06-13 20:05:00,68.19,68.22,68.05,68.21,2031.126
2026-06-13 20:10:00,68.2,68.24,68.17,68.2,3507.352
2026-06-13 20:15:00,68.19,68.29,68.17,68.18,2589.57
2026-06-13 20:20:00,68.18,68.21,68.14,68.17,1917.534
2026-06-13 20:25:00,68.18,68.21,68.14,68.17,1333.95
2026-06-13 20:30:00,68.17,68.19,68.11,68.14,1787.867
2026-06-13 20:35:00,68.14,68.24,68.13,68.18,897.483
2026-06-13 20:40:00,68.18,68.2,68.14,68.18,1391.049
2026-06-13 20:45:00,68.19,68.21,68.15,68.21,842.419
2026-06-13 20:50:00,68.21,68.22,68.12,68.22,809.978
2026-06-13 20:55:00,68.22,68.29,68.22,68.28,1277.091
2026-06-13 21:00:00,68.28,68.37,68.27,68.36,1938.461
2026-06-13 21:05:00,68.36,68.37,68.29,68.34,2515.944
2026-06-13 21:10:00,68.35,68.35,68.26,68.28,3353.679
2026-06-13 21:15:00,68.28,68.42,68.23,68.4,5840.75
2026-06-13 21:20:00,68.4,68.43,68.34,68.36,4857.603
2026-06-13 21:25:00,68.36,68.4,68.32,68.38,1896.601
2026-06-13 21:30:00,68.37,68.42,68.37,68.41,1856.828
2026-06-13 21:35:00,68.4,68.49,68.39,68.44,4753.485
2026-06-13 21:40:00,68.44,69.38,68.42,69.28,83236.826
2026-06-13 21:45:00,69.27,69.59,69.27,69.33,30246.402
2026-06-13 21:50:00,69.33,69.53,69.23,69.43,8163.214
2026-06-13 21:55:00,69.43,69.43,69.23,69.27,13474.5
2026-06-13 22:00:00,69.27,69.28,69.05,69.05,8895.107
2026-06-13 22:05:00,69.05,69.16,68.88,69.14,9528.612
2026-06-13 22:10:00,69.13,69.13,69.0,69.03,4279.935
2026-06-13 22:15:00,69.04,69.08,68.92,69.0,7468.594
2026-06-13 22:20:00,69.01,69.1,69.0,69.05,4379.198
2026-06-13 22:25:00,69.05,69.14,69.01,69.13,3396.218
2026-06-13 22:30:00,69.13,69.23,69.11,69.14,7358.042
2026-06-13 22:35:00,69.13,69.2,69.02,69.05,4982.256
2026-06-13 22:40:00,69.05,69.11,68.93,68.94,21120.565
2026-06-13 22:45:00,68.95,69.0,68.91,68.99,4979.557
2026-06-13 22:50:00,68.99,69.02,68.91,68.93,3144.252
2026-06-13 22:55:00,68.94,68.95,68.88,68.91,2594.972
2026-06-13 23:00:00,68.9,68.96,68.86,68.91,3372.963
2026-06-13 23:05:00,68.92,68.97,68.87,68.88,3822.987
2026-06-13 23:10:00,68.88,69.01,68.88,68.95,1998.944
2026-06-13 23:15:00,68.95,69.18,68.94,69.18,6785.408
2026-06-13 23:20:00,69.18,69.18,69.05,69.05,6356.805
2026-06-13 23:25:00,69.05,69.07,68.94,68.95,3848.687
2026-06-13 23:30:00,68.95,68.97,68.9,68.95,1571.585
2026-06-13 23:35:00,68.94,69.07,68.91,69.0,3929.53
2026-06-13 23:40:00,69.0,69.02,68.92,68.93,2112.601
2026-06-13 23:45:00,68.92,68.96,68.84,68.85,5557.969
2026-06-13 23:50:00,68.85,68.85,68.79,68.84,4433.269
2026-06-13 23:55:00,68.85,68.94,68.84,68.94,5457.643
2026-06-14 00:00:00,68.94,68.94,68.72,68.76,7208.786
2026-06-14 00:05:00,68.77,68.86,68.76,68.8,3946.188
2026-06-14 00:10:00,68.81,68.85,68.77,68.79,2358.272
2026-06-14 00:15:00,68.8,68.85,68.7,68.71,1891.028
2026-06-14 00:20:00,68.71,68.8,68.69,68.76,4200.313
2026-06-14 00:25:00,68.76,68.84,68.71,68.71,4570.636
2026-06-14 00:30:00,68.71,68.86,68.69,68.86,6551.893
2026-06-14 00:35:00,68.85,68.89,68.81,68.85,2984.987
2026-06-14 00:40:00,68.85,68.87,68.78,68.81,3184.079
2026-06-14 00:45:00,68.81,68.85,68.76,68.76,3080.301
2026-06-14 00:50:00,68.76,68.77,68.65,68.68,4957.002
2026-06-14 00:55:00,68.68,68.79,68.68,68.75,9759.853
2026-06-14 01:00:00,68.75,68.8,68.64,68.73,9932.359
2026-06-14 01:05:00,68.72,68.87,68.71,68.87,2402.138
2026-06-14 01:10:00,68.86,68.91,68.8,68.81,4283.822
2026-06-14 01:15:00,68.81,69.06,68.81,68.98,4892.251
2026-06-14 01:20:00,68.98,69.04,68.95,69.03,6140.002
2026-06-14 01:25:00,69.04,69.1,68.93,69.0,5549.167
2026-06-14 01:30:00,68.99,69.0,68.81,68.97,5068.714
2026-06-14 01:35:00,68.98,68.99,68.87,68.89,1723.501
2026-06-14 01:40:00,68.88,68.98,68.87,68.91,2199.843
2026-06-14 01:45:00,68.9,69.01,68.87,68.97,3833.812
2026-06-14 01:50:00,68.98,68.98,68.86,68.88,2737.372
2026-06-14 01:55:00,68.87,68.91,68.79,68.82,3284.779
2026-06-14 02:00:00,68.82,68.85,68.72,68.83,2807.358
2026-06-14 02:05:00,68.83,68.93,68.83,68.89,14957.392
2026-06-14 02:10:00,68.89,69.04,68.89,69.01,10999.125
2026-06-14 02:15:00,69.0,69.11,69.0,69.07,3964.324
2026-06-14 02:20:00,69.07,69.08,68.95,68.98,1211.222
2026-06-14 02:25:00,68.98,68.98,68.92,68.95,1920.864
2026-06-14 02:30:00,68.96,69.02,68.92,69.01,2269.115
2026-06-14 02:35:00,69.0,69.02,68.95,68.95,2055.649
2026-06-14 02:40:00,68.96,68.97,68.84,68.89,5443.953
2026-06-14 02:45:00,68.88,68.89,68.79,68.87,2800.173
2026-06-14 02:50:00,68.87,68.9,68.83,68.84,3291.172
2026-06-14 02:55:00,68.84,68.85,68.81,68.83,1557.577
2026-06-14 03:00:00,68.83,68.87,68.77,68.85,3782.114
2026-06-14 03:05:00,68.84,68.89,68.83,68.84,1940.825
2026-06-14 03:10:00,68.84,68.89,68.81,68.81,1822.038
2026-06-14 03:15:00,68.81,68.91,68.8,68.89,3192.965
2026-06-14 03:20:00,68.9,68.96,68.89,68.91,3300.342
2026-06-14 03:25:00,68.92,69.01,68.92,68.96,1805.768
2026-06-14 03:30:00,68.96,68.99,68.9,68.99,1684.948
2026-06-14 03:35:00,68.99,69.0,68.87,68.88,2280.247
2026-06-14 03:40:00,68.89,68.9,68.77,68.78,4440.835
2026-06-14 03:45:00,68.79,68.85,68.76,68.85,3265.667
2026-06-14 03:50:00,68.84,68.98,68.84,68.98,4209.87
2026-06-14 03:55:00,68.98,69.04,68.94,68.94,3292.846
2026-06-14 04:00:00,68.95,69.01,68.9,68.94,3153.267
2026-06-14 04:05:00,68.94,68.94,68.81,68.85,1322.062
2026-06-14 04:10:00,68.85,68.9,68.78,68.9,4265.448
2026-06-14 04:15:00,68.9,68.98,68.84,68.96,3286.423
2026-06-14 04:20:00,68.97,68.98,68.91,68.94,1497.242
2026-06-14 04:25:00,68.94,68.94,68.84,68.86,1744.277
2026-06-14 04:30:00,68.86,68.87,68.82,68.83,1054.774
2026-06-14 04:35:00,68.82,68.85,68.77,68.84,9865.377
2026-06-14 04:40:00,68.83,68.85,68.63,68.64,9753.673
2026-06-14 04:45:00,68.64,68.65,68.44,68.54,21479.312
2026-06-14 04:50:00,68.54,68.57,68.46,68.48,5799.733
2026-06-14 04:55:00,68.49,68.57,68.47,68.52,7415.796
2026-06-14 05:00:00,68.53,68.58,68.5,68.5,3135.4
2026-06-14 05:05:00,68.51,68.6,68.5,68.57,5229.583
2026-06-14 05:10:00,68.56,68.58,68.45,68.49,15818.69
2026-06-14 05:15:00,68.49,68.49,68.34,68.39,8881.562
2026-06-14 05:20:00,68.39,68.42,68.36,68.38,4076.042
2026-06-14 05:25:00,68.38,68.4,68.09,68.22,38954.63
2026-06-14 05:30:00,68.22,68.22,68.0,68.13,37645.933
2026-06-14 05:35:00,68.13,68.28,68.09,68.28,8007.615
2026-06-14 05:40:00,68.28,68.37,68.25,68.29,5904.33
2026-06-14 05:45:00,68.29,68.33,68.29,68.33,2063.337
2026-06-14 05:50:00,68.34,68.37,68.31,68.35,4148.429
2026-06-14 05:55:00,68.35,68.35,67.88,68.24,59591.477
2026-06-14 06:00:00,68.25,68.38,68.25,68.34,3234.565
2026-06-14 06:05:00,68.34,68.49,68.33,68.48,6021.927
2026-06-14 06:10:00,68.48,68.5,68.45,68.45,4744.689
2026-06-14 06:15:00,68.44,68.45,68.37,68.38,2623.984
2026-06-14 06:20:00,68.38,68.38,68.29,68.31,4001.294
2026-06-14 06:25:00,68.31,68.39,68.27,68.39,2162.142
2026-06-14 06:30:00,68.39,68.4,68.24,68.24,2606.076
2026-06-14 06:35:00,68.23,68.24,68.13,68.17,5376.705
2026-06-14 06:40:00,68.17,68.21,68.15,68.16,3669.136
2026-06-14 06:45:00,68.16,68.21,68.13,68.16,9105.073
2026-06-14 06:50:00,68.16,68.2,68.1,68.17,6799.69
2026-06-14 06:55:00,68.18,68.21,68.17,68.19,3196.843
2026-06-14 07:00:00,68.2,68.21,68.14,68.17,2569.23
2026-06-14 07:05:00,68.16,68.16,68.05,68.09,4003.801
2026-06-14 07:10:00,68.09,68.13,68.08,68.1,3030.184
2026-06-14 07:15:00,68.1,68.21,68.09,68.18,4725.68
2026-06-14 07:20:00,68.19,68.25,68.18,68.24,2438.234
2026-06-14 07:25:00,68.24,68.24,68.2,68.2,1480.775
2026-06-14 07:30:00,68.21,68.21,68.12,68.16,1844.291
2026-06-14 07:35:00,68.17,68.18,68.1,68.12,1112.335
2026-06-14 07:40:00,68.12,68.13,68.04,68.06,1258.97
2026-06-14 07:45:00,68.05,68.19,68.05,68.18,14596.369
2026-06-14 07:50:00,68.17,68.23,68.16,68.18,4022.847
2026-06-14 07:55:00,68.17,68.24,68.17,68.23,2726.347
2026-06-14 08:00:00,68.23,68.24,68.11,68.12,1382.524
2026-06-14 08:05:00,68.12,68.27,68.11,68.25,2247.896
2026-06-14 08:10:00,68.26,68.27,68.21,68.22,2325.534
2026-06-14 08:15:00,68.22,68.37,68.22,68.3,5135.591
2026-06-14 08:20:00,68.3,68.34,68.3,68.32,1337.185
2026-06-14 08:25:00,68.31,68.32,68.28,68.32,2872.138
2026-06-14 08:30:00,68.32,68.32,68.2,68.23,4871.09
2026-06-14 08:35:00,68.24,68.34,68.23,68.26,1644.466
2026-06-14 08:40:00,68.26,68.3,68.25,68.26,2719.373
2026-06-14 08:45:00,68.26,68.32,68.25,68.29,2352.689
2026-06-14 08:50:00,68.3,68.31,68.21,68.24,1863.992
2026-06-14 08:55:00,68.25,68.26,68.18,68.25,5954.786
2026-06-14 09:00:00,68.25,68.26,68.13,68.25,4212.198
2026-06-14 09:05:00,68.25,68.27,68.11,68.18,14055.664
2026-06-14 09:10:00,68.19,68.2,68.11,68.12,2660.141
2026-06-14 09:15:00,68.12,68.13,67.92,67.94,7537.887
2026-06-14 09:20:00,67.94,68.05,67.93,68.01,3121.304
2026-06-14 09:25:00,68.0,68.15,67.98,68.15,3282.922
2026-06-14 09:30:00,68.15,68.3,68.12,68.25,4094.325
2026-06-14 09:35:00,68.24,68.33,68.23,68.32,2213.167
2026-06-14 09:40:00,68.32,68.47,68.32,68.42,3066.118
2026-06-14 09:45:00,68.42,68.42,68.38,68.38,1910.168
2026-06-14 09:50:00,68.39,68.45,68.37,68.44,3320.475
2026-06-14 09:55:00,68.44,68.5,68.43,68.47,4474.234
2026-06-14 10:00:00,68.48,68.49,68.4,68.41,4031.981
2026-06-14 10:05:00,68.41,68.41,68.32,68.38,1211.655
2026-06-14 10:10:00,68.38,68.4,68.3,68.37,1803.343
2026-06-14 10:15:00,68.37,68.42,68.33,68.41,1493.97
2026-06-14 10:20:00,68.42,68.52,68.39,68.5,1982.477
2026-06-14 10:25:00,68.51,68.51,68.4,68.41,2707.623
2026-06-14 10:30:00,68.4,68.49,68.39,68.49,4784.658
2026-06-14 10:35:00,68.48,68.51,68.45,68.46,8300.384
2026-06-14 10:40:00,68.46,68.47,68.38,68.38,1808.208
2026-06-14 10:45:00,68.39,68.4,68.25,68.25,1890.372
2026-06-14 10:50:00,68.25,68.31,68.22,68.29,4218.211
2026-06-14 10:55:00,68.28,68.29,68.15,68.16,3880.101
2026-06-14 11:00:00,68.16,68.19,68.06,68.09,2309.424
2026-06-14 11:05:00,68.1,68.14,68.02,68.14,4137.718
2026-06-14 11:10:00,68.13,68.21,68.13,68.16,1770.121
2026-06-14 11:15:00,68.17,68.19,68.09,68.09,2449.913
2026-06-14 11:20:00,68.08,68.16,68.06,68.15,1333.793
2026-06-14 11:25:00,68.15,68.24,68.15,68.21,1589.283
2026-06-14 11:30:00,68.21,68.32,68.19,68.31,1623.888
2026-06-14 11:35:00,68.31,68.35,68.3,68.31,5029.502
2026-06-14 11:40:00,68.31,68.31,68.24,68.26,2865.021
2026-06-14 11:45:00,68.27,68.29,68.23,68.25,1140.969
2026-06-14 11:50:00,68.25,68.28,68.19,68.2,3956.774
2026-06-14 11:55:00,68.19,68.21,68.1,68.11,2536.174
2026-06-14 12:00:00,68.11,68.16,68.11,68.15,1848.353
2026-06-14 12:05:00,68.14,68.17,68.02,68.04,2401.838
2026-06-14 12:10:00,68.04,68.1,68.02,68.05,4229.256
2026-06-14 12:15:00,68.04,68.07,68.04,68.04,1245.023
2026-06-14 12:20:00,68.04,68.12,68.04,68.11,2972.812
2026-06-14 12:25:00,68.11,68.14,68.0,68.01,5391.393
2026-06-14 12:30:00,68.01,68.04,67.82,67.89,8005.726
2026-06-14 12:35:00,67.89,67.89,67.7,67.83,10658.866
2026-06-14 12:40:00,67.84,67.89,67.83,67.88,1972.337
2026-06-14 12:45:00,67.88,67.9,67.79,67.84,3135.116
2026-06-14 12:50:00,67.84,67.86,67.71,67.76,2865.668
2026-06-14 12:55:00,67.76,67.8,67.76,67.78,3558.272
2026-06-14 13:00:00,67.78,67.87,67.75,67.75,6123.76
2026-06-14 13:05:00,67.76,67.87,67.76,67.77,2860.049
2026-06-14 13:10:00,67.77,67.8,67.69,67.79,5391.77
2026-06-14 13:15:00,67.8,67.86,67.66,67.69,3675.223
2026-06-14 13:20:00,67.68,67.76,67.66,67.69,12664.443
2026-06-14 13:25:00,67.69,67.72,67.6,67.64,4591.241
2026-06-14 13:30:00,67.63,67.7,67.56,67.64,5236.025
2026-06-14 13:35:00,67.64,67.7,67.51,67.55,10724.041
2026-06-14 13:40:00,67.55,67.81,67.52,67.77,4952.973
2026-06-14 13:45:00,67.77,67.83,67.68,67.69,7240.389
2026-06-14 13:50:00,67.7,67.74,67.62,67.67,7137.879
2026-06-14 13:55:00,67.68,67.77,67.67,67.77,1883.974
2026-06-14 14:00:00,67.77,67.77,67.66,67.75,2179.003
2026-06-14 14:05:00,67.76,67.77,67.68,67.71,2786.523
2026-06-14 14:10:00,67.7,67.73,67.6,67.71,2984.454
2026-06-14 14:15:00,67.71,67.71,67.6,67.69,7415.866
2026-06-14 14:20:00,67.7,67.83,67.65,67.69,5821.605
2026-06-14 14:25:00,67.69,67.73,67.6,67.61,3837.065
2026-06-14 14:30:00,67.61,67.61,67.26,67.32,18760.577
2026-06-14 14:35:00,67.32,67.32,66.96,66.98,21694.827
2026-06-14 14:40:00,66.97,67.06,66.94,67.03,29966.492
2026-06-14 14:45:00,67.04,67.14,67.03,67.12,6594.112
2026-06-14 14:50:00,67.13,67.25,67.07,67.19,5028.908
2026-06-14 14:55:00,67.19,67.28,67.18,67.27,6154.284
2026-06-14 15:00:00,67.27,67.42,67.26,67.38,8646.531
2026-06-14 15:05:00,67.38,67.42,67.34,67.4,4183.824
2026-06-14 15:10:00,67.4,67.47,67.37,67.4,5030.373
2026-06-14 15:15:00,67.4,67.47,67.32,67.37,5135.694
2026-06-14 15:20:00,67.38,67.5,67.37,67.45,3631.218
2026-06-14 15:25:00,67.44,67.46,67.34,67.43,4541.748
2026-06-14 15:30:00,67.42,67.44,67.35,67.43,3115.868
2026-06-14 15:35:00,67.43,67.54,67.43,67.47,3488.59
2026-06-14 15:40:00,67.47,67.52,67.46,67.47,2394.891
2026-06-14 15:45:00,67.46,67.5,67.39,67.5,3440.927
2026-06-14 15:50:00,67.5,67.55,67.47,67.49,3258.806
2026-06-14 15:55:00,67.49,67.5,67.43,67.43,1003.057
2026-06-14 16:00:00,67.43,67.52,67.41,67.49,2601.551
2026-06-14 16:05:00,67.48,67.55,67.47,67.47,4177.83
2026-06-14 16:10:00,67.47,67.67,67.47,67.62,5868.4
2026-06-14 16:15:00,67.61,67.68,67.58,67.65,1716.605
2026-06-14 16:20:00,67.64,67.73,67.61,67.7,1474.048
2026-06-14 16:25:00,67.71,67.76,67.67,67.69,2284.676
2026-06-14 16:30:00,67.68,67.73,67.65,67.69,2208.364
2026-06-14 16:35:00,67.7,67.73,67.6,67.63,1376.182
2026-06-14 16:40:00,67.63,67.72,67.62,67.7,1272.734
2026-06-14 16:45:00,67.7,67.73,67.54,67.54,4878.499
2026-06-14 16:50:00,67.54,67.62,67.49,67.49,4568.572
2026-06-14 16:55:00,67.49,67.54,67.46,67.49,1926.759
2026-06-14 17:00:00,67.48,67.63,67.45,67.6,1331.901
2026-06-14 17:05:00,67.61,67.64,67.52,67.59,2994.413
2026-06-14 17:10:00,67.58,67.67,67.57,67.65,1873.531
2026-06-14 17:15:00,67.64,67.74,67.64,67.65,1973.799
2026-06-14 17:20:00,67.65,67.67,67.6,67.61,1740.696
2026-06-14 17:25:00,67.6,67.63,67.58,67.59,1740.585
2026-06-14 17:30:00,67.59,67.67,67.57,67.64,1696.487
2026-06-14 17:35:00,67.64,67.66,67.47,67.49,2901.181
2026-06-14 17:40:00,67.49,67.65,67.49,67.59,4910.138
2026-06-14 17:45:00,67.59,67.62,67.41,67.41,3324.287
2026-06-14 17:50:00,67.4,67.44,67.35,67.36,3180.757
2026-06-14 17:55:00,67.36,67.39,67.3,67.34,2445.0
2026-06-14 18:00:00,67.34,67.46,67.34,67.45,1651.457
2026-06-14 18:05:00,67.46,67.47,67.36,67.41,1796.196
2026-06-14 18:10:00,67.41,67.48,67.38,67.48,1271.045
2026-06-14 18:15:00,67.47,67.5,67.3,67.3,2487.055
2026-06-14 18:20:00,67.31,67.33,67.19,67.27,2580.885
2026-06-14 18:25:00,67.28,67.34,67.26,67.28,1776.429
2026-06-14 18:30:00,67.29,67.34,67.26,67.28,1643.774
2026-06-14 18:35:00,67.27,67.4,67.27,67.38,1525.65
2026-06-14 18:40:00,67.38,67.42,67.37,67.41,1349.825
2026-06-14 18:45:00,67.41,67.45,67.39,67.39,1874.542
2026-06-14 18:50:00,67.4,67.45,67.39,67.41,724.893
2026-06-14 18:55:00,67.41,67.43,67.39,67.43,1072.153
2026-06-14 19:00:00,67.43,67.44,67.38,67.42,760.103
2026-06-14 19:05:00,67.41,67.46,67.35,67.46,2678.072
2026-06-14 19:10:00,67.46,67.59,67.46,67.53,4088.175
2026-06-14 19:15:00,67.53,67.7,67.53,67.66,1571.875
2026-06-14 19:20:00,67.66,67.66,67.62,67.65,742.557
2026-06-14 19:25:00,67.65,67.67,67.62,67.66,855.175
2026-06-14 19:30:00,67.65,67.75,67.61,67.72,2945.903
2026-06-14 19:35:00,67.72,67.72,67.62,67.65,2389.138
2026-06-14 19:40:00,67.66,67.66,67.53,67.59,1115.962
2026-06-14 19:45:00,67.59,67.6,67.55,67.57,797.022
2026-06-14 19:50:00,67.57,67.58,67.55,67.58,1610.267
2026-06-14 19:55:00,67.58,67.62,67.55,67.57,5295.101
2026-06-14 20:00:00,67.57,67.67,67.55,67.55,2244.781
2026-06-14 20:05:00,67.55,67.56,67.44,67.51,2994.292
2026-06-14 20:10:00,67.52,67.56,67.5,67.53,4327.252
2026-06-14 20:15:00,67.52,67.58,67.5,67.55,3086.975
2026-06-14 20:20:00,67.56,67.71,67.56,67.69,1877.686
2026-06-14 20:25:00,67.69,67.77,67.68,67.74,3579.723
2026-06-14 20:30:00,67.74,67.86,67.73,67.84,1914.771
2026-06-14 20:35:00,67.84,68.07,67.83,67.93,8290.685
2026-06-14 20:40:00,67.93,67.97,67.9,67.92,949.478
2026-06-14 20:45:00,67.92,67.97,67.92,67.92,1368.082
2026-06-14 20:50:00,67.93,67.95,67.88,67.91,993.914
2026-06-14 20:55:00,67.91,67.92,67.79,67.81,833.03
2026-06-14 21:00:00,67.8,67.87,67.8,67.83,820.985
2026-06-14 21:05:00,67.84,67.9,67.84,67.87,695.5
2026-06-14 21:10:00,67.88,68.04,67.87,68.02,2173.357
2026-06-14 21:15:00,68.03,69.17,68.03,68.92,51478.633
2026-06-14 21:20:00,68.91,69.21,68.86,69.15,26201.469
2026-06-14 21:25:00,69.15,69.49,69.03,69.27,44829.716
2026-06-14 21:30:00,69.27,69.8,69.27,69.77,49529.385
2026-06-14 21:35:00,69.77,69.99,69.56,69.93,26163.171
2026-06-14 21:40:00,69.92,70.38,69.92,70.23,52626.796
2026-06-14 21:45:00,70.23,70.38,69.98,70.38,19384.54
2026-06-14 21:50:00,70.38,70.55,70.26,70.37,27653.143
2026-06-14 21:55:00,70.36,70.47,70.12,70.16,15005.909
2026-06-14 22:00:00,70.16,70.52,69.95,70.28,33546.515
2026-06-14 22:05:00,70.28,70.3,69.73,69.8,36204.505
2026-06-14 22:10:00,69.8,70.37,69.68,70.17,15010.32
2026-06-14 22:15:00,70.16,70.34,69.92,70.3,16468.816
2026-06-14 22:20:00,70.3,70.44,70.13,70.26,12879.985
2026-06-14 22:25:00,70.27,70.28,69.96,70.18,9786.194
2026-06-14 22:30:00,70.17,70.39,70.13,70.28,10867.379
2026-06-14 22:35:00,70.28,70.5,70.25,70.3,12618.35
2026-06-14 22:40:00,70.31,70.73,70.27,70.6,25849.488
2026-06-14 22:45:00,70.61,70.66,70.43,70.53,9686.92
2026-06-14 22:50:00,70.53,70.62,70.43,70.47,8482.062
2026-06-14 22:55:00,70.47,70.52,70.32,70.45,10336.263
2026-06-14 23:00:00,70.45,70.46,70.19,70.23,8007.692
2026-06-14 23:05:00,70.22,70.63,70.15,70.4,13661.516
2026-06-14 23:10:00,70.41,70.68,70.38,70.58,12296.22
2026-06-14 23:15:00,70.59,70.75,70.5,70.5,7355.314
2026-06-14 23:20:00,70.5,70.64,70.42,70.55,9554.461
2026-06-14 23:25:00,70.55,70.89,70.55,70.79,14137.837
2026-06-14 23:30:00,70.79,70.89,70.56,70.74,19685.657
2026-06-14 23:35:00,70.74,70.81,70.67,70.73,12565.023
2026-06-14 23:40:00,70.74,70.79,70.7,70.71,4467.191
2026-06-14 23:45:00,70.71,71.08,70.7,71.02,23109.783
2026-06-14 23:50:00,71.02,71.28,70.98,71.21,49928.95
2026-06-14 23:55:00,71.21,71.29,71.17,71.28,21365.782
2026-06-15 00:00:00,71.29,71.44,71.14,71.25,23594.962
2026-06-15 00:05:00,71.24,71.55,71.17,71.35,22909.973
2026-06-15 00:10:00,71.35,71.73,71.34,71.68,21899.708
2026-06-15 00:15:00,71.69,71.72,71.46,71.55,15016.429
2026-06-15 00:20:00,71.56,71.6,71.3,71.42,18595.353
2026-06-15 00:25:00,71.43,71.67,71.38,71.6,16580.234
2026-06-15 00:30:00,71.6,71.6,71.23,71.26,24790.481
2026-06-15 00:35:00,71.26,71.3,71.11,71.12,7785.468
2026-06-15 00:40:00,71.12,71.18,70.94,71.04,16269.967
2026-06-15 00:45:00,71.04,71.14,70.96,71.02,17653.04
2026-06-15 00:50:00,71.03,71.06,70.95,71.04,4985.604
2026-06-15 00:55:00,71.04,71.18,71.04,71.12,10300.331
2026-06-15 01:00:00,71.13,71.14,70.74,70.76,10219.497
2026-06-15 01:05:00,70.77,70.98,70.66,70.87,10456.091
2026-06-15 01:10:00,70.88,71.02,70.81,70.99,5767.61
2026-06-15 01:15:00,70.99,71.01,70.82,70.87,4938.519
2026-06-15 01:20:00,70.87,70.88,70.71,70.85,8364.742
2026-06-15 01:25:00,70.85,70.9,70.7,70.8,6401.094
2026-06-15 01:30:00,70.8,70.94,70.74,70.89,4756.407
2026-06-15 01:35:00,70.89,71.29,70.87,71.26,8796.229
2026-06-15 01:40:00,71.25,71.33,71.15,71.33,7489.122
2026-06-15 01:45:00,71.33,71.35,71.24,71.24,5546.503
2026-06-15 01:50:00,71.25,71.26,71.05,71.05,8348.395
2026-06-15 01:55:00,71.06,71.11,70.91,71.01,9706.295
2026-06-15 02:00:00,71.0,71.12,70.92,71.1,4538.446
2026-06-15 02:05:00,71.1,71.3,71.1,71.27,5206.864
2026-06-15 02:10:00,71.27,71.33,71.25,71.29,3589.26
2026-06-15 02:15:00,71.3,71.59,71.3,71.5,22720.257
2026-06-15 02:20:00,71.5,71.51,71.31,71.4,5534.799
2026-06-15 02:25:00,71.39,71.39,71.26,71.28,7388.853
2026-06-15 02:30:00,71.27,71.32,71.15,71.17,3168.434
2026-06-15 02:35:00,71.17,71.29,71.17,71.25,2977.172
2026-06-15 02:40:00,71.26,71.26,71.15,71.15,2461.13
2026-06-15 02:45:00,71.14,71.17,71.0,71.05,6831.28
2026-06-15 02:50:00,71.05,71.07,70.96,71.0,5444.552
2026-06-15 02:55:00,71.01,71.01,70.9,70.99,4729.698
2026-06-15 03:00:00,70.98,71.06,70.91,71.06,8282.509
2026-06-15 03:05:00,71.06,71.11,71.02,71.09,4816.091
2026-06-15 03:10:00,71.09,71.25,71.09,71.23,7639.116
2026-06-15 03:15:00,71.23,71.25,71.17,71.19,4513.925
2026-06-15 03:20:00,71.2,71.21,71.12,71.18,3522.768
2026-06-15 03:25:00,71.18,71.25,71.17,71.2,5277.127
2026-06-15 03:30:00,71.21,71.22,71.11,71.15,4673.683
2026-06-15 03:35:00,71.15,71.22,71.07,71.12,5508.274
2026-06-15 03:40:00,71.12,71.36,71.12,71.35,4951.118
2026-06-15 03:45:00,71.34,71.37,71.23,71.26,3931.164
2026-06-15 03:50:00,71.26,71.35,71.22,71.3,5457.274
2026-06-15 03:55:00,71.3,71.32,71.21,71.24,7834.739
2026-06-15 04:00:00,71.24,71.24,71.07,71.13,6230.8
2026-06-15 04:05:00,71.12,71.22,71.1,71.21,2289.655
2026-06-15 04:10:00,71.21,71.22,71.14,71.19,3534.395
2026-06-15 04:15:00,71.2,71.23,71.14,71.23,5211.342
2026-06-15 04:20:00,71.23,71.27,71.2,71.21,1976.104
2026-06-15 04:25:00,71.22,71.22,71.07,71.09,2883.474
2026-06-15 04:30:00,71.09,71.14,71.02,71.08,3224.721
2026-06-15 04:35:00,71.08,71.1,70.98,71.03,3569.74
2026-06-15 04:40:00,71.03,71.03,70.9,70.94,3659.183
2026-06-15 04:45:00,70.95,71.02,70.88,70.96,3676.947
2026-06-15 04:50:00,70.97,71.04,70.95,70.98,3341.189
2026-06-15 04:55:00,70.97,71.0,70.9,70.93,5477.124
2026-06-15 05:00:00,70.92,70.92,70.81,70.87,2749.9
2026-06-15 05:05:00,70.87,70.92,70.81,70.86,2116.043
2026-06-15 05:10:00,70.86,71.03,70.86,70.97,4487.617
2026-06-15 05:15:00,70.97,71.03,70.96,71.0,2463.968
2026-06-15 05:20:00,71.0,71.23,71.0,71.11,5467.613
2026-06-15 05:25:00,71.12,71.21,71.07,71.21,4163.606
2026-06-15 05:30:00,71.22,71.24,71.04,71.08,7681.577
2026-06-15 05:35:00,71.09,71.11,70.9,70.94,4228.221
2026-06-15 05:40:00,70.94,71.04,70.94,71.0,2324.496
2026-06-15 05:45:00,71.0,71.16,70.98,71.1,3116.539
2026-06-15 05:50:00,71.1,71.26,71.1,71.25,2173.137
2026-06-15 05:55:00,71.25,71.31,71.22,71.22,6830.07
2026-06-15 06:00:00,71.22,71.23,71.15,71.21,4723.52
2026-06-15 06:05:00,71.21,71.28,71.15,71.15,5350.933
2026-06-15 06:10:00,71.16,71.25,71.11,71.21,5584.101
2026-06-15 06:15:00,71.21,71.3,71.16,71.18,10076.18
2026-06-15 06:20:00,71.18,71.33,71.17,71.32,2041.69
2026-06-15 06:25:00,71.33,71.45,71.31,71.41,6076.178
2026-06-15 06:30:00,71.4,71.47,71.21,71.24,4026.793
2026-06-15 06:35:00,71.23,71.32,71.2,71.29,4483.031
2026-06-15 06:40:00,71.29,71.37,71.24,71.37,2504.82
2026-06-15 06:45:00,71.36,71.5,71.35,71.49,2790.705
2026-06-15 06:50:00,71.48,71.48,71.38,71.38,1822.463
2026-06-15 06:55:00,71.39,71.43,71.34,71.36,4111.926
2026-06-15 07:00:00,71.36,71.36,71.12,71.27,5009.886
2026-06-15 07:05:00,71.26,71.33,71.25,71.3,4561.995
2026-06-15 07:10:00,71.3,71.4,71.25,71.28,5564.789
2026-06-15 07:15:00,71.29,71.5,71.28,71.42,23593.03
2026-06-15 07:20:00,71.42,71.5,71.35,71.46,6406.537
2026-06-15 07:25:00,71.46,71.47,71.37,71.41,6109.444
2026-06-15 07:30:00,71.42,71.42,71.14,71.19,6370.126
2026-06-15 07:35:00,71.19,71.3,71.19,71.29,4129.825
2026-06-15 07:40:00,71.3,71.36,71.27,71.33,5410.879
2026-06-15 07:45:00,71.33,71.36,71.27,71.28,5682.156
2026-06-15 07:50:00,71.28,71.41,71.23,71.41,6128.672
2026-06-15 07:55:00,71.4,71.4,71.19,71.28,9942.605
2026-06-15 08:00:00,71.28,71.44,71.17,71.44,11162.088
2026-06-15 08:05:00,71.43,71.46,71.38,71.41,5818.409
2026-06-15 08:10:00,71.4,71.5,71.4,71.49,6684.628
2026-06-15 08:15:00,71.49,71.62,71.47,71.47,19332.965
2026-06-15 08:20:00,71.46,71.46,71.23,71.24,6474.299
2026-06-15 08:25:00,71.24,71.39,71.21,71.38,4751.974
2026-06-15 08:30:00,71.38,71.5,71.31,71.49,7338.066
2026-06-15 08:35:00,71.49,71.52,71.42,71.43,6445.134
2026-06-15 08:40:00,71.42,71.55,71.38,71.44,5054.23
2026-06-15 08:45:00,71.43,71.51,71.35,71.35,2794.491
2026-06-15 08:50:00,71.35,71.4,71.26,71.31,6783.514
2026-06-15 08:55:00,71.31,71.33,71.27,71.3,3949.592
2026-06-15 09:00:00,71.3,71.38,71.29,71.34,10212.285
2026-06-15 09:05:00,71.34,71.39,71.32,71.33,3497.729
2026-06-15 09:10:00,71.32,71.33,71.25,71.29,5647.763
2026-06-15 09:15:00,71.29,71.48,71.25,71.45,11873.597
2026-06-15 09:20:00,71.45,71.45,71.25,71.27,5577.744
2026-06-15 09:25:00,71.27,71.33,71.2,71.21,4148.0
2026-06-15 09:30:00,71.2,71.2,70.98,71.0,12305.578
2026-06-15 09:35:00,71.01,71.04,70.8,70.89,10835.49
2026-06-15 09:40:00,70.9,71.03,70.9,71.01,6239.836
2026-06-15 09:45:00,71.0,71.05,70.91,71.05,9863.162
2026-06-15 09:50:00,71.04,71.15,71.04,71.13,5827.911
2026-06-15 09:55:00,71.12,71.23,71.11,71.23,3482.769
2026-06-15 10:00:00,71.23,71.36,71.19,71.36,9054.521
2026-06-15 10:05:00,71.36,71.47,71.36,71.41,7745.131
2026-06-15 10:10:00,71.41,71.46,71.38,71.39,6728.009
2026-06-15 10:15:00,71.39,71.45,71.34,71.42,10025.922
2026-06-15 10:20:00,71.43,71.5,71.41,71.47,6675.562
2026-06-15 10:25:00,71.46,71.48,71.38,71.42,4280.678
2026-06-15 10:30:00,71.42,71.49,71.4,71.49,1967.069
2026-06-15 10:35:00,71.48,71.53,71.43,71.45,4134.853
2026-06-15 10:40:00,71.44,71.52,71.44,71.5,4214.515
2026-06-15 10:45:00,71.5,71.53,71.42,71.53,3008.564
2026-06-15 10:50:00,71.53,72.12,71.48,71.95,65179.855
2026-06-15 10:55:00,71.96,72.04,71.75,71.88,24869.017
2026-06-15 11:00:00,71.88,71.88,71.65,71.78,15110.874
2026-06-15 11:05:00,71.79,72.09,71.79,72.07,24191.118
2026-06-15 11:10:00,72.08,72.18,72.02,72.05,12646.797
2026-06-15 11:15:00,72.05,72.47,72.03,72.4,16617.794
2026-06-15 11:20:00,72.39,72.66,72.32,72.56,36309.905
2026-06-15 11:25:00,72.57,72.82,72.52,72.68,31104.713
2026-06-15 11:30:00,72.68,72.78,72.39,72.65,29043.527
2026-06-15 11:35:00,72.64,72.66,72.47,72.63,7954.751
2026-06-15 11:40:00,72.64,72.7,72.48,72.49,9488.464
2026-06-15 11:45:00,72.49,72.64,72.42,72.6,12365.013
2026-06-15 11:50:00,72.6,72.74,72.6,72.7,6633.902
2026-06-15 11:55:00,72.7,72.7,72.56,72.61,6028.397
2026-06-15 12:00:00,72.61,72.68,72.47,72.47,9748.956
2026-06-15 12:05:00,72.47,72.69,72.44,72.62,10324.955
2026-06-15 12:10:00,72.63,72.7,72.58,72.64,8008.099
2026-06-15 12:15:00,72.64,72.65,72.33,72.46,9071.618
2026-06-15 12:20:00,72.46,72.57,72.31,72.55,7469.364
2026-06-15 12:25:00,72.55,72.59,72.45,72.57,6356.085
2026-06-15 12:30:00,72.56,72.59,72.42,72.46,12143.638
2026-06-15 12:35:00,72.46,72.74,72.43,72.71,22677.633
2026-06-15 12:40:00,72.71,73.0,72.66,72.95,17283.901
2026-06-15 12:45:00,72.95,72.97,72.77,72.79,15131.64
2026-06-15 12:50:00,72.78,72.86,72.76,72.82,7025.163
2026-06-15 12:55:00,72.81,72.86,72.76,72.86,6553.003
2026-06-15 13:00:00,72.85,72.9,72.72,72.9,12262.863
2026-06-15 13:05:00,72.9,73.23,72.86,73.06,58626.528
2026-06-15 13:10:00,73.06,73.42,73.04,73.35,23897.671
2026-06-15 13:15:00,73.35,74.02,73.34,74.0,40882.951
2026-06-15 13:20:00,73.99,74.23,73.91,73.97,47903.952
2026-06-15 13:25:00,73.96,74.06,73.8,73.93,20635.066
2026-06-15 13:30:00,73.93,74.15,73.7,74.09,20016.683
2026-06-15 13:35:00,74.09,74.18,73.68,73.72,15017.23
2026-06-15 13:40:00,73.71,73.71,73.44,73.7,25041.939
2026-06-15 13:45:00,73.69,73.78,73.46,73.71,18032.591
2026-06-15 13:50:00,73.71,73.86,73.58,73.61,17564.763
2026-06-15 13:55:00,73.61,73.69,73.55,73.64,13831.254
2026-06-15 14:00:00,73.63,73.66,73.27,73.46,16565.834
2026-06-15 14:05:00,73.46,73.58,73.28,73.35,18773.317
2026-06-15 14:10:00,73.34,73.5,73.2,73.49,8673.554
2026-06-15 14:15:00,73.49,73.66,73.39,73.6,7691.636
2026-06-15 14:20:00,73.59,73.7,73.47,73.54,6816.995
2026-06-15 14:25:00,73.53,73.85,73.5,73.84,31478.634
2026-06-15 14:30:00,73.85,73.94,73.76,73.88,21896.847
2026-06-15 14:35:00,73.89,73.9,73.61,73.79,9584.05
2026-06-15 14:40:00,73.79,73.94,73.77,73.78,6673.374
2026-06-15 14:45:00,73.79,73.98,73.78,73.89,8238.047
2026-06-15 14:50:00,73.88,73.96,73.72,73.81,13461.961
2026-06-15 14:55:00,73.8,73.89,73.75,73.82,9900.894
2026-06-15 15:00:00,73.81,73.96,73.79,73.82,6320.909
2026-06-15 15:05:00,73.82,74.0,73.82,73.96,10704.175
2026-06-15 15:10:00,73.96,74.0,73.85,73.91,11891.517
2026-06-15 15:15:00,73.91,74.06,73.82,74.01,18881.352
2026-06-15 15:20:00,74.01,74.02,73.86,73.98,8496.789
2026-06-15 15:25:00,73.98,74.22,73.97,74.07,13431.392
2026-06-15 15:30:00,74.06,74.23,73.84,73.93,28480.188
2026-06-15 15:35:00,73.94,74.53,73.93,74.4,17041.999
2026-06-15 15:40:00,74.4,74.78,74.4,74.69,17771.025
2026-06-15 15:45:00,74.7,75.05,74.66,74.97,55959.968
2026-06-15 15:50:00,74.96,75.25,74.91,75.18,24809.057
2026-06-15 15:55:00,75.18,75.26,75.02,75.25,19057.377
2026-06-15 16:00:00,75.25,75.26,74.97,75.04,33096.981
2026-06-15 16:05:00,75.04,75.6,75.02,75.59,30596.263
2026-06-15 16:10:00,75.59,75.96,75.54,75.79,35391.03
2026-06-15 16:15:00,75.8,75.87,75.27,75.35,25269.59
2026-06-15 16:20:00,75.34,75.76,75.34,75.7,12111.832
2026-06-15 16:25:00,75.7,75.87,75.64,75.77,13035.739
2026-06-15 16:30:00,75.77,76.09,75.77,75.97,27223.386
2026-06-15 16:35:00,75.98,76.01,75.51,75.62,17695.435
2026-06-15 16:40:00,75.62,76.08,75.61,75.94,9848.243
2026-06-15 16:45:00,75.94,76.03,75.57,75.63,21342.898
2026-06-15 16:50:00,75.63,75.72,75.58,75.69,14812.998
2026-06-15 16:55:00,75.69,75.78,75.46,75.48,11343.719
2026-06-15 17:00:00,75.47,75.48,74.86,74.91,49674.732
2026-06-15 17:05:00,74.92,75.2,74.88,74.89,30335.308
2026-06-15 17:10:00,74.89,75.18,74.81,75.16,25391.428
2026-06-15 17:15:00,75.15,75.3,75.02,75.1,12542.265
2026-06-15 17:20:00,75.09,75.09,74.9,75.04,14487.15
2026-06-15 17:25:00,75.04,75.13,74.96,74.96,24561.913
2026-06-15 17:30:00,74.97,75.03,74.65,74.85,33674.458
2026-06-15 17:35:00,74.85,75.25,74.82,75.23,13481.239
2026-06-15 17:40:00,75.22,75.36,75.1,75.19,8621.529
2026-06-15 17:45:00,75.18,75.32,75.15,75.28,4631.153
2026-06-15 17:50:00,75.28,75.36,75.19,75.3,12454.976
2026-06-15 17:55:00,75.3,75.31,75.17,75.28,9212.077
2026-06-15 18:00:00,75.28,75.29,75.1,75.16,6809.315
2026-06-15 18:05:00,75.15,75.42,75.12,75.29,9241.882
2026-06-15 18:10:00,75.28,75.38,75.17,75.37,4935.441
2026-06-15 18:15:00,75.37,75.53,75.36,75.48,5946.144
2026-06-15 18:20:00,75.48,75.52,75.36,75.48,4879.05
2026-06-15 18:25:00,75.47,75.5,75.36,75.41,18403.867
2026-06-15 18:30:00,75.41,75.69,75.31,75.63,12567.257
2026-06-15 18:35:00,75.63,75.64,75.45,75.52,6223.869
2026-06-15 18:40:00,75.52,75.61,75.44,75.46,4958.844
2026-06-15 18:45:00,75.47,75.61,75.46,75.57,7747.111
2026-06-15 18:50:00,75.57,75.57,75.28,75.36,6326.802
2026-06-15 18:55:00,75.37,75.46,75.24,75.3,5056.096
2026-06-15 19:00:00,75.3,75.59,75.17,75.57,6301.785
2026-06-15 19:05:00,75.56,75.69,75.5,75.69,6156.643
2026-06-15 19:10:00,75.69,75.76,75.59,75.66,5512.446
2026-06-15 19:15:00,75.67,75.81,74.63,74.67,25515.483
2026-06-15 19:20:00,74.66,75.01,74.58,74.99,15199.386
2026-06-15 19:25:00,74.98,75.12,74.92,74.93,8428.102
2026-06-15 19:30:00,74.93,75.24,74.9,75.24,10482.289
2026-06-15 19:35:00,75.24,75.33,75.13,75.33,3669.188
2026-06-15 19:40:00,75.34,75.54,75.32,75.5,4653.828
2026-06-15 19:45:00,75.5,75.55,75.15,75.25,5600.302
2026-06-15 19:50:00,75.25,75.25,75.02,75.16,10024.618
2026-06-15 19:55:00,75.16,75.28,75.02,75.28,6858.167
2026-06-15 20:00:00,75.27,75.39,75.05,75.33,7153.943
2026-06-15 20:05:00,75.32,75.46,75.28,75.34,3444.724
2026-06-15 20:10:00,75.34,75.34,75.15,75.25,2885.354
2026-06-15 20:15:00,75.25,75.28,75.04,75.07,3827.844
2026-06-15 20:20:00,75.07,75.14,74.96,74.99,6003.294
2026-06-15 20:25:00,74.98,75.09,74.94,75.05,4116.921
2026-06-15 20:30:00,75.05,75.18,74.96,75.1,4887.521
2026-06-15 20:35:00,75.1,75.1,74.96,75.09,5584.566
2026-06-15 20:40:00,75.09,75.21,74.97,74.97,6578.272
2026-06-15 20:45:00,74.97,74.98,74.79,74.85,7648.896
2026-06-15 20:50:00,74.86,74.98,74.77,74.88,7018.535
2026-06-15 20:55:00,74.89,74.95,74.79,74.95,8133.685
2026-06-15 21:00:00,74.95,74.98,74.79,74.8,3530.247
2026-06-15 21:05:00,74.8,74.89,74.68,74.79,7057.017
2026-06-15 21:10:00,74.79,75.03,74.77,74.99,14268.325
2026-06-15 21:15:00,74.99,75.0,74.89,74.89,2375.873
2026-06-15 21:20:00,74.88,74.88,74.79,74.81,3633.002
2026-06-15 21:25:00,74.81,74.81,74.45,74.46,15219.543
2026-06-15 21:30:00,74.46,74.52,74.4,74.5,9555.681
2026-06-15 21:35:00,74.5,74.6,74.47,74.48,7720.942
2026-06-15 21:40:00,74.48,74.65,74.48,74.63,4261.901
2026-06-15 21:45:00,74.62,74.65,74.46,74.47,2515.196
2026-06-15 21:50:00,74.48,74.59,74.47,74.5,3031.739
2026-06-15 21:55:00,74.5,74.52,74.4,74.45,5316.52
2026-06-15 22:00:00,74.46,74.53,74.44,74.49,5612.198
2026-06-15 22:05:00,74.5,74.59,74.5,74.57,2771.971
2026-06-15 22:10:00,74.57,74.61,74.32,74.35,3972.024
2026-06-15 22:15:00,74.35,74.46,74.28,74.33,6813.824
2026-06-15 22:20:00,74.34,74.35,73.98,73.99,33706.292
2026-06-15 22:25:00,73.98,74.02,73.72,73.81,36593.365
2026-06-15 22:30:00,73.8,73.96,73.62,73.91,17421.669
2026-06-15 22:35:00,73.9,74.09,73.85,74.03,12412.5
2026-06-15 22:40:00,74.04,74.14,73.86,73.91,7955.375
2026-06-15 22:45:00,73.91,73.98,73.7,73.73,14607.329
2026-06-15 22:50:00,73.73,73.86,73.7,73.74,5971.947
2026-06-15 22:55:00,73.74,73.86,73.71,73.78,4306.63
2026-06-15 23:00:00,73.77,73.81,73.67,73.79,13375.833
2026-06-15 23:05:00,73.78,73.9,73.71,73.82,6209.92
2026-06-15 23:10:00,73.83,73.9,73.8,73.88,3650.7
2026-06-15 23:15:00,73.88,73.94,73.71,73.76,8825.039
2026-06-15 23:20:00,73.76,73.8,73.66,73.67,6008.026
2026-06-15 23:25:00,73.67,73.99,73.66,73.89,3537.599
2026-06-15 23:30:00,73.88,73.9,73.7,73.71,7967.087
2026-06-15 23:35:00,73.71,73.87,73.62,73.81,5278.3
2026-06-15 23:40:00,73.8,73.96,73.77,73.95,2921.159
2026-06-15 23:45:00,73.95,74.04,73.9,73.93,6406.596
2026-06-15 23:50:00,73.92,74.07,73.92,74.01,6425.603
2026-06-15 23:55:00,74.01,74.05,73.96,73.98,4783.71
2026-06-16 00:00:00,73.99,74.0,73.86,73.93,3876.688
2026-06-16 00:05:00,73.92,74.13,73.87,74.11,6093.663
2026-06-16 00:10:00,74.12,74.16,74.09,74.11,4915.389
2026-06-16 00:15:00,74.12,74.19,74.04,74.09,7323.77
2026-06-16 00:20:00,74.08,74.09,73.91,73.91,5051.275
2026-06-16 00:25:00,73.91,74.04,73.86,73.9,5973.145
2026-06-16 00:30:00,73.91,74.06,73.85,73.99,6928.589
2026-06-16 00:35:00,73.99,74.16,73.97,74.12,3656.538
2026-06-16 00:40:00,74.13,74.42,74.13,74.29,11293.869
2026-06-16 00:45:00,74.28,74.37,74.21,74.23,4402.49
2026-06-16 00:50:00,74.23,74.26,74.12,74.18,4937.482
2026-06-16 00:55:00,74.19,74.2,74.0,74.04,4772.022
2026-06-16 01:00:00,74.05,74.28,74.01,74.28,4568.965
2026-06-16 01:05:00,74.27,74.35,74.15,74.23,8343.292
2026-06-16 01:10:00,74.22,74.24,74.09,74.16,3424.144
2026-06-16 01:15:00,74.15,74.22,74.07,74.14,7341.218
2026-06-16 01:20:00,74.15,74.27,74.14,74.16,3065.646
2026-06-16 01:25:00,74.15,74.27,74.14,74.21,4100.733
2026-06-16 01:30:00,74.22,74.27,74.11,74.15,4336.007
2026-06-16 01:35:00,74.15,74.19,74.07,74.19,5063.148
2026-06-16 01:40:00,74.2,74.24,74.12,74.14,3362.529
2026-06-16 01:45:00,74.14,74.27,74.12,74.23,3616.272
2026-06-16 01:50:00,74.24,74.27,74.02,74.03,11451.797
2026-06-16 01:55:00,74.03,74.05,73.85,73.88,7032.713
2026-06-16 02:00:00,73.89,73.89,73.66,73.76,9646.496
2026-06-16 02:05:00,73.76,73.84,73.68,73.69,11072.472
2026-06-16 02:10:00,73.69,73.7,73.4,73.42,19249.189
2026-06-16 02:15:00,73.43,73.53,73.29,73.36,14266.106
2026-06-16 02:20:00,73.36,73.48,73.36,73.45,6709.28
2026-06-16 02:25:00,73.44,73.46,72.82,72.82,22178.075
2026-06-16 02:30:00,72.82,73.07,72.77,72.92,16554.342
2026-06-16 02:35:00,72.91,73.08,72.8,73.06,7472.049
2026-06-16 02:40:00,73.06,73.09,72.99,73.05,4919.078
2026-06-16 02:45:00,73.06,73.17,73.05,73.17,5973.192
2026-06-16 02:50:00,73.17,73.18,73.02,73.07,5295.363
2026-06-16 02:55:00,73.06,73.07,72.88,73.01,8534.225
2026-06-16 03:00:00,73.02,73.04,72.92,73.03,11112.279
2026-06-16 03:05:00,73.03,73.08,72.87,72.95,5354.609
2026-06-16 03:10:00,72.94,73.12,72.93,73.12,5133.948
2026-06-16 03:15:00,73.12,73.14,73.02,73.09,3277.851
2026-06-16 03:20:00,73.09,73.24,72.89,73.23,6450.55
2026-06-16 03:25:00,73.24,73.51,73.24,73.49,9192.33
2026-06-16 03:30:00,73.49,73.61,73.43,73.56,6418.903
2026-06-16 03:35:00,73.57,73.63,73.51,73.61,3471.185
2026-06-16 03:40:00,73.62,73.68,73.59,73.63,2554.363
2026-06-16 03:45:00,73.63,73.81,73.59,73.76,12660.394
2026-06-16 03:50:00,73.76,73.76,73.67,73.71,6159.619
2026-06-16 03:55:00,73.72,73.77,73.64,73.74,8783.944
2026-06-16 04:00:00,73.75,73.89,73.73,73.87,6035.947
2026-06-16 04:05:00,73.87,73.94,73.64,73.71,6417.407
2026-06-16 04:10:00,73.7,73.84,73.7,73.73,2190.573
2026-06-16 04:15:00,73.72,73.77,73.63,73.67,2792.255
2026-06-16 04:20:00,73.68,73.68,73.59,73.59,3500.26
2026-06-16 04:25:00,73.59,73.64,73.47,73.48,4579.471
2026-06-16 04:30:00,73.47,73.47,73.19,73.31,7328.497
2026-06-16 04:35:00,73.31,73.36,73.26,73.29,4950.507
2026-06-16 04:40:00,73.29,73.36,73.22,73.28,5156.814
2026-06-16 04:45:00,73.28,73.31,73.22,73.25,5442.023
2026-06-16 04:50:00,73.25,73.33,73.25,73.31,2296.448
2026-06-16 04:55:00,73.32,73.43,73.23,73.36,4212.571
2026-06-16 05:00:00,73.37,73.6,73.36,73.54,5893.508
2026-06-16 05:05:00,73.55,73.59,73.45,73.5,5968.675
2026-06-16 05:10:00,73.49,73.76,73.45,73.64,6840.519
2026-06-16 05:15:00,73.64,73.71,73.55,73.7,4860.071
2026-06-16 05:20:00,73.69,73.77,73.67,73.72,2522.421
2026-06-16 05:25:00,73.72,73.8,73.67,73.72,4800.733
2026-06-16 05:30:00,73.72,73.76,73.6,73.63,5379.103
2026-06-16 05:35:00,73.64,73.8,73.63,73.77,4390.218
2026-06-16 05:40:00,73.78,73.79,73.65,73.73,2413.091
2026-06-16 05:45:00,73.72,73.84,73.72,73.75,3175.986
2026-06-16 05:50:00,73.74,73.82,73.7,73.7,3651.019
2026-06-16 05:55:00,73.71,73.75,73.66,73.67,3055.53
2026-06-16 06:00:00,73.67,73.84,73.67,73.77,5295.518
2026-06-16 06:05:00,73.77,73.91,73.72,73.9,3497.179
2026-06-16 06:10:00,73.9,73.93,73.83,73.87,3292.998
2026-06-16 06:15:00,73.87,73.91,73.79,73.86,4557.984
2026-06-16 06:20:00,73.86,73.88,73.79,73.82,6446.04
2026-06-16 06:25:00,73.82,74.02,73.82,73.98,5806.893
2026-06-16 06:30:00,73.99,74.09,73.95,74.01,8082.896
2026-06-16 06:35:00,74.01,74.15,73.97,74.1,17017.467
2026-06-16 06:40:00,74.11,74.12,74.03,74.08,5412.698
2026-06-16 06:45:00,74.07,74.2,74.05,74.17,7032.236
2026-06-16 06:50:00,74.18,74.27,74.15,74.27,6471.415
2026-06-16 06:55:00,74.27,74.32,74.17,74.19,4704.917
2026-06-16 07:00:00,74.19,74.26,74.13,74.25,10149.246
2026-06-16 07:05:00,74.26,74.49,74.26,74.42,6658.861
2026-06-16 07:10:00,74.43,74.44,74.15,74.23,13205.229
2026-06-16 07:15:00,74.22,74.33,74.2,74.27,12147.538
2026-06-16 07:20:00,74.26,74.31,74.14,74.29,7402.355
2026-06-16 07:25:00,74.3,74.32,74.24,74.32,6499.657
2026-06-16 07:30:00,74.32,74.49,74.27,74.41,6854.798
2026-06-16 07:35:00,74.41,74.48,74.36,74.43,3686.634
2026-06-16 07:40:00,74.43,74.54,74.31,74.33,6504.656
2026-06-16 07:45:00,74.33,74.53,74.29,74.41,4054.639
2026-06-16 07:50:00,74.41,74.53,74.4,74.49,4686.504
2026-06-16 07:55:00,74.48,74.52,74.44,74.46,3007.093
2026-06-16 08:00:00,74.45,74.5,74.35,74.45,11598.616
2026-06-16 08:05:00,74.45,74.64,74.44,74.62,4675.976
2026-06-16 08:10:00,74.63,74.8,74.62,74.77,8254.666
2026-06-16 08:15:00,74.78,75.06,74.75,74.75,16609.256
2026-06-16 08:20:00,74.76,74.76,74.56,74.7,8505.431
2026-06-16 08:25:00,74.7,74.82,74.67,74.77,8807.437
2026-06-16 08:30:00,74.78,74.9,74.75,74.89,5409.526
2026-06-16 08:35:00,74.89,74.99,74.76,74.8,6575.358
2026-06-16 08:40:00,74.81,75.04,74.81,75.04,9544.389
2026-06-16 08:45:00,75.03,75.17,74.99,75.16,8538.959
2026-06-16 08:50:00,75.15,75.65,75.14,75.64,27281.667
2026-06-16 08:55:00,75.64,75.64,75.35,75.4,12786.787
2026-06-16 09:00:00,75.39,75.46,75.24,75.37,10960.421
2026-06-16 09:05:00,75.36,75.42,75.18,75.2,10648.78
2026-06-16 09:10:00,75.2,75.33,75.19,75.33,5593.287
2026-06-16 09:15:00,75.33,75.33,75.03,75.03,9012.43
2026-06-16 09:20:00,75.02,75.04,74.81,74.95,10295.186
2026-06-16 09:25:00,74.95,75.06,74.9,74.94,3567.782
2026-06-16 09:30:00,74.95,75.1,74.92,75.04,6435.978
2026-06-16 09:35:00,75.03,75.07,74.84,74.95,4776.427
2026-06-16 09:40:00,74.96,75.14,74.95,75.14,4635.264
2026-06-16 09:45:00,75.14,75.2,74.88,74.91,5968.414
2026-06-16 09:50:00,74.91,75.0,74.83,74.99,4200.942
2026-06-16 09:55:00,74.99,75.03,74.83,74.85,3814.289
2026-06-16 10:00:00,74.85,74.91,74.83,74.9,4968.427
2026-06-16 10:05:00,74.9,74.96,74.89,74.93,2664.088
2026-06-16 10:10:00,74.93,74.93,74.77,74.82,6700.255
2026-06-16 10:15:00,74.81,74.99,74.81,74.94,6167.918
2026-06-16 10:20:00,74.95,75.11,74.95,75.0,7638.082
2026-06-16 10:25:00,75.0,75.06,74.93,75.05,3085.4
2026-06-16 10:30:00,75.04,75.11,74.9,75.11,5677.487
2026-06-16 10:35:00,75.12,75.12,74.99,75.0,1763.143
2026-06-16 10:40:00,74.99,75.04,74.96,75.03,3472.931
2026-06-16 10:45:00,75.04,75.05,74.91,74.98,4478.657
2026-06-16 10:50:00,74.98,75.02,74.82,74.91,5720.949
2026-06-16 10:55:00,74.92,74.93,74.69,74.7,6276.844
2026-06-16 11:00:00,74.7,74.9,74.7,74.84,5027.488
2026-06-16 11:05:00,74.85,74.87,74.58,74.7,12353.507
2026-06-16 11:10:00,74.7,74.71,74.58,74.64,6362.605
2026-06-16 11:15:00,74.65,74.85,74.65,74.85,4774.631
2026-06-16 11:20:00,74.85,74.89,74.6,74.62,3016.96
2026-06-16 11:25:00,74.62,74.66,74.46,74.55,12439.379
2026-06-16 11:30:00,74.56,74.58,74.42,74.43,4104.029
2026-06-16 11:35:00,74.44,74.48,74.38,74.46,5003.061
2026-06-16 11:40:00,74.46,74.55,74.44,74.54,3671.451
2026-06-16 11:45:00,74.54,74.54,74.42,74.47,6809.618
2026-06-16 11:50:00,74.47,74.54,74.42,74.49,9562.981
2026-06-16 11:55:00,74.48,74.67,74.47,74.66,6646.814
2026-06-16 12:00:00,74.67,74.68,74.53,74.54,5411.575
2026-06-16 12:05:00,74.54,74.75,74.49,74.74,7599.173
2026-06-16 12:10:00,74.74,74.84,74.64,74.74,11441.559
2026-06-16 12:15:00,74.73,75.08,74.73,75.06,22171.251
2026-06-16 12:20:00,75.06,75.12,74.89,74.93,11887.973
2026-06-16 12:25:00,74.92,75.03,74.91,75.02,9686.573
2026-06-16 12:30:00,75.03,75.53,74.97,75.47,18449.15
2026-06-16 12:35:00,75.47,75.48,75.22,75.27,8118.625
2026-06-16 12:40:00,75.28,75.28,74.83,74.99,14862.827
2026-06-16 12:45:00,74.98,75.05,74.76,74.84,10053.275
2026-06-16 12:50:00,74.84,74.92,74.72,74.87,7931.153
2026-06-16 12:55:00,74.87,75.01,74.84,74.94,7745.848
2026-06-16 13:00:00,74.94,74.97,74.82,74.84,8495.879
2026-06-16 13:05:00,74.84,74.86,74.37,74.38,13126.844
2026-06-16 13:10:00,74.37,74.4,73.95,74.33,29409.28
2026-06-16 13:15:00,74.33,74.45,74.28,74.42,12990.85
2026-06-16 13:20:00,74.43,74.44,74.11,74.24,10802.995
2026-06-16 13:25:00,74.24,74.24,74.03,74.06,12270.351
2026-06-16 13:30:00,74.05,74.34,73.98,74.0,14658.913
2026-06-16 13:35:00,73.99,74.3,73.87,74.23,31333.064
2026-06-16 13:40:00,74.23,74.36,74.18,74.3,20263.1
2026-06-16 13:45:00,74.3,74.38,74.18,74.38,8051.308
2026-06-16 13:50:00,74.37,74.37,73.94,73.96,11108.312
2026-06-16 13:55:00,73.96,74.15,73.93,73.99,10183.714
2026-06-16 14:00:00,73.99,74.25,73.99,74.25,8744.003
2026-06-16 14:05:00,74.25,74.3,73.8,73.95,20832.518
2026-06-16 14:10:00,73.95,74.06,73.71,73.78,13137.017
2026-06-16 14:15:00,73.77,73.87,73.22,73.25,24367.835
2026-06-16 14:20:00,73.24,73.35,72.93,73.15,29785.615
2026-06-16 14:25:00,73.14,73.2,72.77,72.77,17495.488
2026-06-16 14:30:00,72.78,72.92,72.29,72.68,73315.866
2026-06-16 14:35:00,72.68,72.84,72.62,72.82,14392.858
2026-06-16 14:40:00,72.83,73.04,72.79,72.88,12691.574
2026-06-16 14:45:00,72.88,73.05,72.86,72.89,13461.511
2026-06-16 14:50:00,72.89,73.07,72.89,73.0,11140.311
2026-06-16 14:55:00,72.99,73.09,72.86,72.98,11594.791
2026-06-16 15:00:00,72.97,73.2,72.87,73.04,9550.886
2026-06-16 15:05:00,73.05,73.36,73.05,73.23,17230.329
2026-06-16 15:10:00,73.24,73.47,73.2,73.45,10439.032
2026-06-16 15:15:00,73.45,73.47,73.24,73.25,12242.462
2026-06-16 15:20:00,73.24,73.28,73.0,73.14,7957.72
2026-06-16 15:25:00,73.15,73.23,73.02,73.21,3742.632
2026-06-16 15:30:00,73.21,73.33,73.1,73.25,5234.983
2026-06-16 15:35:00,73.25,73.65,73.25,73.35,16436.291
2026-06-16 15:40:00,73.35,73.44,73.2,73.21,5713.386
2026-06-16 15:45:00,73.21,73.25,73.02,73.21,11781.957
2026-06-16 15:50:00,73.21,73.44,73.19,73.38,5825.266
2026-06-16 15:55:00,73.38,73.55,73.29,73.29,8241.969
2026-06-16 16:00:00,73.29,73.48,73.28,73.4,4797.267
2026-06-16 16:05:00,73.41,73.45,73.22,73.32,4190.751
2026-06-16 16:10:00,73.31,73.42,73.23,73.24,5972.085
2026-06-16 16:15:00,73.23,73.38,73.21,73.28,6642.843
2026-06-16 16:20:00,73.28,73.39,73.26,73.38,5295.757
2026-06-16 16:25:00,73.39,73.4,73.2,73.39,8049.489
2026-06-16 16:30:00,73.39,73.39,73.02,73.08,13352.855
2026-06-16 16:35:00,73.08,73.3,73.05,73.3,4782.139
2026-06-16 16:40:00,73.29,73.33,73.17,73.25,3491.644
2026-06-16 16:45:00,73.26,73.3,73.02,73.04,5311.539
2026-06-16 16:50:00,73.04,73.17,73.01,73.06,6328.457
2026-06-16 16:55:00,73.06,73.14,73.01,73.1,9422.739
2026-06-16 17:00:00,73.11,73.3,73.11,73.2,6740.972
2026-06-16 17:05:00,73.19,73.31,73.17,73.2,4150.588
2026-06-16 17:10:00,73.2,73.33,73.2,73.26,3841.572
2026-06-16 17:15:00,73.26,73.44,73.22,73.29,8681.917
2026-06-16 17:20:00,73.28,73.35,73.06,73.35,5254.471
2026-06-16 17:25:00,73.35,73.36,73.26,73.27,3479.464
2026-06-16 17:30:00,73.27,73.49,73.14,73.43,8331.146
2026-06-16 17:35:00,73.43,73.44,73.19,73.21,6925.736
2026-06-16 17:40:00,73.21,73.3,73.18,73.29,4450.235
2026-06-16 17:45:00,73.3,73.7,73.25,73.69,13904.267
2026-06-16 17:50:00,73.7,73.84,73.62,73.69,11195.162
2026-06-16 17:55:00,73.69,73.72,73.6,73.67,8710.642
2026-06-16 18:00:00,73.68,74.34,73.64,74.09,21156.353
2026-06-16 18:05:00,74.08,74.19,73.99,74.06,13976.27
2026-06-16 18:10:00,74.07,74.16,74.0,74.1,6044.255
2026-06-16 18:15:00,74.09,74.11,73.87,73.99,6333.777
2026-06-16 18:20:00,73.98,73.98,73.68,73.73,9236.01
2026-06-16 18:25:00,73.73,73.75,73.58,73.72,5002.716
2026-06-16 18:30:00,73.73,73.9,73.71,73.85,11830.875
2026-06-16 18:35:00,73.85,73.85,73.72,73.82,15109.024
2026-06-16 18:40:00,73.81,73.95,73.78,73.92,6655.042
2026-06-16 18:45:00,73.93,74.16,73.9,74.11,6306.857
2026-06-16 18:50:00,74.11,74.2,73.99,74.01,4877.928
2026-06-16 18:55:00,74.0,74.12,73.98,74.0,5467.373
2026-06-16 19:00:00,74.0,74.0,73.65,73.73,7615.874
2026-06-16 19:05:00,73.74,73.96,73.69,73.9,4848.176
2026-06-16 19:10:00,73.9,73.93,73.74,73.76,10006.82
2026-06-16 19:15:00,73.75,73.76,73.48,73.72,13539.168
2026-06-16 19:20:00,73.72,73.99,73.71,73.95,6426.473
2026-06-16 19:25:00,73.95,74.04,73.88,74.0,3293.585
2026-06-16 19:30:00,74.0,74.23,74.0,74.08,4681.253
2026-06-16 19:35:00,74.08,74.16,73.97,73.98,7135.806
2026-06-16 19:40:00,73.99,74.05,73.92,74.05,3374.474
2026-06-16 19:45:00,74.06,74.2,74.03,74.03,5423.155
2026-06-16 19:50:00,74.04,74.12,73.82,73.91,9669.798
2026-06-16 19:55:00,73.9,73.9,73.73,73.84,8524.982
2026-06-16 20:00:00,73.85,73.85,73.68,73.76,5012.267
2026-06-16 20:05:00,73.77,73.82,73.67,73.82,2777.242
2026-06-16 20:10:00,73.82,74.09,73.8,74.03,6680.772
2026-06-16 20:15:00,74.03,74.18,74.01,74.09,4746.975
2026-06-16 20:20:00,74.1,74.2,74.01,74.02,4524.603
2026-06-16 20:25:00,74.02,74.02,73.83,73.88,2661.486
2026-06-16 20:30:00,73.88,74.02,73.87,74.01,5147.926
2026-06-16 20:35:00,74.01,74.17,73.95,74.16,3946.786
2026-06-16 20:40:00,74.17,74.22,74.13,74.19,8508.497
2026-06-16 20:45:00,74.19,74.19,74.07,74.11,6231.618
2026-06-16 20:50:00,74.11,74.26,74.11,74.18,4759.87
2026-06-16 20:55:00,74.18,74.19,74.11,74.14,4637.277
2026-06-16 21:00:00,74.14,74.19,74.08,74.13,4862.786
2026-06-16 21:05:00,74.13,74.22,74.02,74.18,4119.29
2026-06-16 21:10:00,74.17,74.17,74.01,74.07,3955.551
2026-06-16 21:15:00,74.07,74.08,73.81,73.91,9908.74
2026-06-16 21:20:00,73.91,73.95,73.84,73.88,1849.628
2026-06-16 21:25:00,73.88,73.88,73.79,73.8,1271.949
2026-06-16 21:30:00,73.8,73.9,73.79,73.86,5860.037
2026-06-16 21:35:00,73.85,73.86,73.73,73.75,5003.423
2026-06-16 21:40:00,73.76,73.93,73.76,73.91,5487.523
2026-06-16 21:45:00,73.91,73.91,73.85,73.9,4110.766
2026-06-16 21:50:00,73.9,73.95,73.9,73.94,1305.693
2026-06-16 21:55:00,73.94,73.98,73.88,73.94,3566.512
2026-06-16 22:00:00,73.94,73.94,73.77,73.83,6619.679
2026-06-16 22:05:00,73.82,73.93,73.8,73.9,1150.588
2026-06-16 22:10:00,73.9,74.1,73.9,73.97,5342.937
2026-06-16 22:15:00,73.97,74.01,73.88,74.01,2005.447
2026-06-16 22:20:00,74.01,74.01,73.7,73.71,3840.26
2026-06-16 22:25:00,73.7,73.87,73.69,73.87,3221.384
2026-06-16 22:30:00,73.86,73.92,73.79,73.81,1324.435
2026-06-16 22:35:00,73.8,73.84,73.77,73.79,6171.236
2026-06-16 22:40:00,73.8,73.82,73.69,73.7,2913.401
2026-06-16 22:45:00,73.7,73.7,73.62,73.66,1972.446
2026-06-16 22:50:00,73.65,73.76,73.65,73.75,2344.918
2026-06-16 22:55:00,73.74,73.87,73.74,73.84,872.719
2026-06-16 23:00:00,73.85,73.97,73.85,73.9,2157.882
2026-06-16 23:05:00,73.91,73.95,73.85,73.86,1950.403
2026-06-16 23:10:00,73.85,73.86,73.72,73.8,1194.629
2026-06-16 23:15:00,73.81,73.83,73.68,73.68,1267.776
2026-06-16 23:20:00,73.67,73.67,73.57,73.6,2762.264
2026-06-16 23:25:00,73.6,73.76,73.6,73.75,1629.371
2026-06-16 23:30:00,73.76,73.81,73.74,73.77,3060.48
2026-06-16 23:35:00,73.78,73.8,73.71,73.71,1735.427
2026-06-16 23:40:00,73.71,73.71,73.62,73.63,2986.895
2026-06-16 23:45:00,73.62,73.62,73.53,73.54,2632.151
2026-06-16 23:50:00,73.54,73.55,73.42,73.52,3349.177
2026-06-16 23:55:00,73.53,73.54,73.44,73.52,4628.503
2026-06-17 00:00:00,73.53,73.64,73.53,73.53,3174.581
2026-06-17 00:05:00,73.54,73.7,73.53,73.67,2468.011
2026-06-17 00:10:00,73.68,73.78,73.62,73.62,2022.209
2026-06-17 00:15:00,73.62,73.68,73.54,73.64,5205.93
2026-06-17 00:20:00,73.63,73.63,73.46,73.46,5006.051
2026-06-17 00:25:00,73.46,73.55,73.45,73.51,5260.817
2026-06-17 00:30:00,73.52,73.64,73.33,73.54,5461.961
2026-06-17 00:35:00,73.54,73.63,73.47,73.5,4245.861
2026-06-17 00:40:00,73.5,73.64,73.49,73.59,2230.577
2026-06-17 00:45:00,73.6,73.66,73.52,73.57,5922.039
2026-06-17 00:50:00,73.56,73.56,73.32,73.34,3562.79
2026-06-17 00:55:00,73.34,73.48,73.33,73.37,2436.892
2026-06-17 01:00:00,73.37,73.54,73.32,73.48,2022.315
2026-06-17 01:05:00,73.47,73.66,73.45,73.59,2710.038
2026-06-17 01:10:00,73.58,73.65,73.54,73.65,1820.893
2026-06-17 01:15:00,73.66,73.66,73.31,73.33,10597.484
2026-06-17 01:20:00,73.33,73.42,73.17,73.4,7597.053
2026-06-17 01:25:00,73.4,73.46,73.36,73.42,3173.958
2026-06-17 01:30:00,73.43,73.44,73.29,73.37,4652.713
2026-06-17 01:35:00,73.37,73.52,73.35,73.46,2012.495
2026-06-17 01:40:00,73.46,73.71,73.46,73.56,3603.229
2026-06-17 01:45:00,73.57,73.92,73.56,73.92,6694.459
2026-06-17 01:50:00,73.92,73.92,73.71,73.86,8498.857
2026-06-17 01:55:00,73.87,74.0,73.87,73.93,7271.634
2026-06-17 02:00:00,73.94,73.95,73.82,73.87,5591.357
2026-06-17 02:05:00,73.87,73.92,73.8,73.87,1892.752
2026-06-17 02:10:00,73.86,73.97,73.81,73.95,4637.582
2026-06-17 02:15:00,73.96,74.03,73.86,73.91,3989.855
2026-06-17 02:20:00,73.92,74.47,73.92,74.44,21817.901
2026-06-17 02:25:00,74.44,74.44,74.23,74.39,13760.283
2026-06-17 02:30:00,74.4,74.4,74.01,74.01,16275.292
2026-06-17 02:35:00,74.0,74.04,73.69,73.69,5123.937
2026-06-17 02:40:00,73.7,73.9,73.7,73.88,7722.125
2026-06-17 02:45:00,73.88,73.93,73.81,73.91,5211.679
2026-06-17 02:50:00,73.91,73.98,73.83,73.91,5819.233
2026-06-17 02:55:00,73.91,74.05,73.9,74.05,4972.024
2026-06-17 03:00:00,74.05,74.06,73.82,73.9,4297.868
2026-06-17 03:05:00,73.89,74.0,73.86,73.87,5415.353
2026-06-17 03:10:00,73.87,73.9,73.8,73.85,3195.605
2026-06-17 03:15:00,73.85,73.85,73.65,73.71,8503.827
2026-06-17 03:20:00,73.71,73.77,73.58,73.65,6243.043
2026-06-17 03:25:00,73.65,73.73,73.61,73.69,4378.852
2026-06-17 03:30:00,73.69,73.93,73.69,73.82,3879.418
2026-06-17 03:35:00,73.81,73.83,73.71,73.72,3365.622
2026-06-17 03:40:00,73.72,73.74,73.6,73.63,3309.217
2026-06-17 03:45:00,73.62,73.65,73.52,73.59,6177.239
2026-06-17 03:50:00,73.59,73.74,73.58,73.71,3989.658
2026-06-17 03:55:00,73.71,73.73,73.6,73.68,3505.374
2026-06-17 04:00:00,73.68,73.74,73.6,73.73,3173.907
2026-06-17 04:05:00,73.74,73.78,73.69,73.74,4594.591
2026-06-17 04:10:00,73.74,73.88,73.69,73.74,4518.635
2026-06-17 04:15:00,73.73,73.76,73.6,73.63,4717.868
2026-06-17 04:20:00,73.63,73.83,73.63,73.82,5429.54
2026-06-17 04:25:00,73.81,73.82,73.71,73.75,3233.931
2026-06-17 04:30:00,73.74,73.86,73.69,73.8,2953.011
2026-06-17 04:35:00,73.79,73.86,73.73,73.85,1913.073
2026-06-17 04:40:00,73.84,73.88,73.77,73.8,2711.696
2026-06-17 04:45:00,73.8,74.04,73.79,74.03,4446.079
2026-06-17 04:50:00,74.03,74.11,73.87,73.88,4583.897
2026-06-17 04:55:00,73.87,73.89,73.79,73.83,4168.481
2026-06-17 05:00:00,73.84,73.98,73.81,73.97,4262.708
2026-06-17 05:05:00,73.98,74.01,73.62,73.62,4460.568
2026-06-17 05:10:00,73.61,73.68,73.57,73.61,7296.993
2026-06-17 05:15:00,73.6,73.64,73.52,73.53,3683.206
2026-06-17 05:20:00,73.53,73.59,73.44,73.58,6180.229
2026-06-17 05:25:00,73.58,73.74,73.58,73.72,4088.427
2026-06-17 05:30:00,73.73,73.77,73.64,73.77,4409.161
2026-06-17 05:35:00,73.76,73.78,73.67,73.77,2461.62
2026-06-17 05:40:00,73.77,73.89,73.76,73.85,4061.29
2026-06-17 05:45:00,73.85,73.92,73.73,73.74,4055.409
2026-06-17 05:50:00,73.75,73.78,73.6,73.61,3920.508
2026-06-17 05:55:00,73.62,73.66,73.54,73.65,2840.641
2026-06-17 06:00:00,73.65,73.73,73.58,73.71,3820.69
2026-06-17 06:05:00,73.71,73.74,73.65,73.74,1359.038
2026-06-17 06:10:00,73.74,73.8,73.69,73.76,2169.093
2026-06-17 06:15:00,73.76,73.83,73.72,73.78,1614.786
2026-06-17 06:20:00,73.78,73.81,73.71,73.72,1961.431
2026-06-17 06:25:00,73.72,73.72,73.34,73.36,5643.476
2026-06-17 06:30:00,73.35,73.49,73.19,73.46,10608.976
2026-06-17 06:35:00,73.46,73.54,73.28,73.36,9637.497
2026-06-17 06:40:00,73.37,73.38,73.22,73.36,5547.432
2026-06-17 06:45:00,73.37,73.51,73.31,73.5,3396.672
2026-06-17 06:50:00,73.5,73.57,73.42,73.42,2172.826
2026-06-17 06:55:00,73.43,73.46,73.35,73.41,11727.352
2026-06-17 07:00:00,73.41,73.44,73.23,73.25,4600.743
2026-06-17 07:05:00,73.25,73.5,73.19,73.47,11710.497
2026-06-17 07:10:00,73.47,73.56,73.45,73.53,3178.953
2026-06-17 07:15:00,73.53,73.61,73.42,73.43,4874.369
2026-06-17 07:20:00,73.42,73.43,73.22,73.24,10008.698
2026-06-17 07:25:00,73.24,73.27,73.17,73.2,4665.239
2026-06-17 07:30:00,73.19,73.25,73.1,73.17,6415.04
2026-06-17 07:35:00,73.17,73.34,73.16,73.27,5492.322
2026-06-17 07:40:00,73.28,73.4,73.25,73.31,3056.17
2026-06-17 07:45:00,73.3,73.39,73.18,73.24,4548.606
2026-06-17 07:50:00,73.23,73.35,72.99,73.06,15229.683
2026-06-17 07:55:00,73.07,73.33,73.04,73.26,13477.029
2026-06-17 08:00:00,73.27,73.3,73.11,73.11,8949.943
2026-06-17 08:05:00,73.12,73.16,73.02,73.06,4610.599
2026-06-17 08:10:00,73.06,73.06,72.86,72.88,10935.265
2026-06-17 08:15:00,72.88,72.94,72.8,72.94,9082.671
2026-06-17 08:20:00,72.94,72.94,72.72,72.87,11397.779
2026-06-17 08:25:00,72.88,72.98,72.8,72.81,3331.849
2026-06-17 08:30:00,72.8,72.8,72.49,72.67,14140.541
2026-06-17 08:35:00,72.68,72.68,72.39,72.49,25494.686
2026-06-17 08:40:00,72.48,72.62,72.38,72.42,11809.935
2026-06-17 08:45:00,72.42,72.5,72.23,72.32,13453.02
2026-06-17 08:50:00,72.33,72.38,72.16,72.32,9127.415
2026-06-17 08:55:00,72.32,72.45,72.29,72.34,12892.818
2026-06-17 09:00:00,72.34,72.5,72.32,72.42,12239.754
2026-06-17 09:05:00,72.41,72.47,72.36,72.45,3060.027
2026-06-17 09:10:00,72.44,72.5,72.37,72.4,6609.09
2026-06-17 09:15:00,72.4,72.55,72.35,72.49,3425.817
2026-06-17 09:20:00,72.49,72.54,72.31,72.45,4902.332
2026-06-17 09:25:00,72.44,72.59,72.42,72.52,6168.226
2026-06-17 09:30:00,72.52,72.58,72.44,72.51,6473.766
2026-06-17 09:35:00,72.5,72.56,72.42,72.5,2520.669
2026-06-17 09:40:00,72.51,72.57,72.48,72.53,2229.514
2026-06-17 09:45:00,72.52,72.65,72.49,72.65,5454.642
2026-06-17 09:50:00,72.65,72.67,72.4,72.41,4951.722
2026-06-17 09:55:00,72.4,72.54,72.35,72.54,5470.663
2026-06-17 10:00:00,72.54,72.69,72.38,72.43,6100.74
2026-06-17 10:05:00,72.43,72.5,72.39,72.44,3196.861
2026-06-17 10:10:00,72.44,72.57,72.44,72.53,2648.971
2026-06-17 10:15:00,72.54,72.61,72.43,72.43,3485.874
2026-06-17 10:20:00,72.44,72.59,72.41,72.48,9002.126
2026-06-17 10:25:00,72.48,72.49,72.41,72.45,1887.148
2026-06-17 10:30:00,72.45,72.52,72.42,72.42,3035.064
2026-06-17 10:35:00,72.43,72.43,72.33,72.33,3650.243
2026-06-17 10:40:00,72.34,72.4,72.29,72.39,3662.332
2026-06-17 10:45:00,72.39,72.45,72.23,72.32,3615.523
2026-06-17 10:50:00,72.32,72.38,72.27,72.29,3172.763
2026-06-17 10:55:00,72.29,72.29,72.12,72.15,5484.199
2026-06-17 11:00:00,72.15,72.24,71.9,71.91,22272.396
2026-06-17 11:05:00,71.91,72.11,71.71,72.01,14518.918
2026-06-17 11:10:00,72.01,72.11,71.99,72.02,7132.991
2026-06-17 11:15:00,72.03,72.04,71.83,71.98,8449.4
2026-06-17 11:20:00,71.98,72.08,71.91,71.92,7426.592
2026-06-17 11:25:00,71.91,72.07,71.88,72.01,3399.581
2026-06-17 11:30:00,72.02,72.09,71.94,72.06,4366.66
2026-06-17 11:35:00,72.05,72.12,71.97,72.07,3154.191
2026-06-17 11:40:00,72.08,72.19,72.08,72.14,2835.79
2026-06-17 11:45:00,72.15,72.23,72.13,72.13,4759.391
2026-06-17 11:50:00,72.13,72.18,72.11,72.13,2171.484
2026-06-17 11:55:00,72.14,72.19,72.03,72.04,4399.521
2026-06-17 12:00:00,72.04,72.15,71.97,72.1,6591.931
2026-06-17 12:05:00,72.11,72.27,72.1,72.27,4891.804
2026-06-17 12:10:00,72.27,72.3,72.16,72.28,6292.412
2026-06-17 12:15:00,72.28,72.29,72.16,72.22,2296.612
2026-06-17 12:20:00,72.22,72.22,71.75,71.8,23465.208
2026-06-17 12:25:00,71.8,71.9,71.68,71.75,7272.345
2026-06-17 12:30:00,71.75,71.91,71.59,71.9,9594.305
2026-06-17 12:35:00,71.9,72.05,71.9,71.93,4834.927
2026-06-17 12:40:00,71.94,72.18,71.91,72.17,3263.185
2026-06-17 12:45:00,72.16,72.34,72.16,72.25,8049.35
2026-06-17 12:50:00,72.25,72.28,72.15,72.18,2047.472
2026-06-17 12:55:00,72.18,72.36,72.18,72.33,5012.948
2026-06-17 13:00:00,72.33,72.33,72.24,72.3,3603.426
2026-06-17 13:05:00,72.3,72.42,72.27,72.3,5373.627
2026-06-17 13:10:00,72.31,72.52,72.26,72.45,8652.705
2026-06-17 13:15:00,72.45,72.45,72.35,72.39,11625.435
2026-06-17 13:20:00,72.39,72.41,72.18,72.19,3860.857
2026-06-17 13:25:00,72.19,72.35,72.17,72.35,7108.651
2026-06-17 13:30:00,72.34,72.43,72.16,72.31,11479.369
2026-06-17 13:35:00,72.32,72.67,72.29,72.55,12025.572
2026-06-17 13:40:00,72.55,72.64,72.47,72.64,12386.573
2026-06-17 13:45:00,72.63,72.77,72.61,72.66,13582.779
2026-06-17 13:50:00,72.65,72.72,72.53,72.61,4918.351
2026-06-17 13:55:00,72.61,72.63,72.41,72.43,4190.024
2026-06-17 14:00:00,72.42,72.49,72.21,72.22,6010.426
2026-06-17 14:05:00,72.22,72.5,72.1,72.24,6287.79
2026-06-17 14:10:00,72.24,72.53,72.2,72.5,3996.28
2026-06-17 14:15:00,72.5,72.67,72.37,72.41,9619.209
2026-06-17 14:20:00,72.41,72.59,72.34,72.46,6440.08
2026-06-17 14:25:00,72.46,72.47,72.3,72.46,5036.062
2026-06-17 14:30:00,72.47,72.51,72.34,72.43,7308.439
2026-06-17 14:35:00,72.43,72.46,72.33,72.34,5766.119
2026-06-17 14:40:00,72.33,72.55,72.23,72.41,6656.339
2026-06-17 14:45:00,72.4,72.54,71.82,72.25,30766.273
2026-06-17 14:50:00,72.26,72.61,72.23,72.58,15240.362
2026-06-17 14:55:00,72.58,72.58,72.33,72.39,14730.507
2026-06-17 15:00:00,72.39,72.58,72.38,72.56,7741.612
2026-06-17 15:05:00,72.55,72.64,72.36,72.38,11652.415
2026-06-17 15:10:00,72.39,72.81,72.39,72.79,12862.714
2026-06-17 15:15:00,72.78,72.99,72.73,72.79,14864.808
2026-06-17 15:20:00,72.8,73.03,72.78,73.03,8274.842
2026-06-17 15:25:00,73.03,73.12,72.9,73.03,9123.287
2026-06-17 15:30:00,73.04,73.26,72.92,73.21,15805.803
2026-06-17 15:35:00,73.2,73.38,73.09,73.38,11405.462
2026-06-17 15:40:00,73.38,73.43,73.22,73.43,9727.831
2026-06-17 15:45:00,73.44,73.72,73.34,73.71,10376.334
2026-06-17 15:50:00,73.72,73.87,73.58,73.64,10261.946
2026-06-17 15:55:00,73.64,73.86,73.6,73.81,11641.828
2026-06-17 16:00:00,73.8,73.92,73.78,73.92,10009.099
2026-06-17 16:05:00,73.92,73.95,73.81,73.84,9594.463
2026-06-17 16:10:00,73.83,73.95,73.71,73.91,9626.954
2026-06-17 16:15:00,73.91,74.18,73.85,74.0,25160.307
2026-06-17 16:20:00,74.0,74.05,73.91,74.02,9453.072
2026-06-17 16:25:00,74.03,74.69,73.96,74.45,29409.781
2026-06-17 16:30:00,74.46,74.5,74.03,74.03,15848.579
2026-06-17 16:35:00,74.04,74.17,73.86,74.14,14334.942
2026-06-17 16:40:00,74.14,74.16,73.95,74.02,7801.443
2026-06-17 16:45:00,74.02,74.08,73.88,73.97,5644.514
2026-06-17 16:50:00,73.98,74.03,73.76,73.88,9241.103
2026-06-17 16:55:00,73.88,73.91,73.71,73.76,7524.78
2026-06-17 17:00:00,73.77,73.83,73.68,73.71,6986.862
2026-06-17 17:05:00,73.71,73.86,73.47,73.58,13565.074
2026-06-17 17:10:00,73.58,73.7,73.54,73.54,3104.287
2026-06-17 17:15:00,73.53,73.76,73.53,73.72,4545.944
2026-06-17 17:20:00,73.72,73.84,73.64,73.84,4375.17
2026-06-17 17:25:00,73.83,73.91,73.75,73.83,3963.982
2026-06-17 17:30:00,73.83,73.94,73.76,73.84,4749.326
2026-06-17 17:35:00,73.84,73.89,73.74,73.85,2750.284
2026-06-17 17:40:00,73.85,73.87,73.54,73.61,5368.782
2026-06-17 17:45:00,73.6,73.7,73.47,73.55,6743.929
2026-06-17 17:50:00,73.56,74.18,73.55,74.14,11370.507
2026-06-17 17:55:00,74.15,74.35,74.01,74.22,14257.84
2026-06-17 18:00:00,74.21,74.21,72.83,72.87,76472.493
2026-06-17 18:05:00,72.87,73.39,72.19,73.35,43958.721
2026-06-17 18:10:00,73.35,73.45,73.12,73.16,18895.86
2026-06-17 18:15:00,73.15,73.46,73.13,73.42,13030.264
2026-06-17 18:20:00,73.43,73.54,73.2,73.26,10409.38
2026-06-17 18:25:00,73.26,73.32,73.05,73.19,9409.411
2026-06-17 18:30:00,73.19,73.57,72.99,73.06,50905.05
2026-06-17 18:35:00,73.06,73.85,73.06,73.62,18261.098
2026-06-17 18:40:00,73.62,74.38,73.53,74.3,24366.421
2026-06-17 18:45:00,74.29,74.33,74.0,74.17,12886.466
2026-06-17 18:50:00,74.16,74.3,74.0,74.01,38185.973
2026-06-17 18:55:00,74.01,74.01,73.36,73.5,38969.186
2026-06-17 19:00:00,73.49,73.71,73.3,73.33,12361.214
2026-06-17 19:05:00,73.34,73.4,73.04,73.12,13657.935
2026-06-17 19:10:00,73.11,73.56,72.95,73.5,19615.92
2026-06-17 19:15:00,73.51,73.53,72.55,72.57,22307.106
2026-06-17 19:20:00,72.56,72.82,72.19,72.21,39401.712
2026-06-17 19:25:00,72.21,72.62,71.86,72.03,27112.512
2026-06-17 19:30:00,72.03,72.39,71.92,72.07,20526.841
2026-06-17 19:35:00,72.07,72.56,71.77,71.83,38032.118
2026-06-17 19:40:00,71.84,71.88,71.51,71.62,30285.743
2026-06-17 19:45:00,71.63,71.87,71.43,71.73,20646.464
2026-06-17 19:50:00,71.72,71.95,71.47,71.61,31259.691
2026-06-17 19:55:00,71.61,71.92,71.57,71.66,16894.565
2026-06-17 20:00:00,71.66,71.94,71.55,71.92,18141.869
2026-06-17 20:05:00,71.91,72.03,71.82,71.96,11934.878
2026-06-17 20:10:00,71.96,72.04,71.73,71.74,5246.153
2026-06-17 20:15:00,71.74,71.93,71.65,71.92,4223.898
2026-06-17 20:20:00,71.91,71.95,71.79,71.89,4008.803
2026-06-17 20:25:00,71.89,72.02,71.86,71.91,5385.056
2026-06-17 20:30:00,71.92,72.17,71.91,72.07,9441.346
2026-06-17 20:35:00,72.08,72.25,71.94,71.97,9951.737
2026-06-17 20:40:00,71.96,72.02,71.76,71.76,5085.391
2026-06-17 20:45:00,71.76,71.96,71.7,71.94,5112.772
2026-06-17 20:50:00,71.93,72.0,71.9,71.91,2683.011
2026-06-17 20:55:00,71.91,72.2,71.91,72.2,21425.985
2026-06-17 21:00:00,72.19,72.23,71.98,72.09,3427.326
2026-06-17 21:05:00,72.09,72.17,71.92,72.1,6149.063
2026-06-17 21:10:00,72.1,72.11,71.97,72.0,3801.507
2026-06-17 21:15:00,72.0,72.07,71.93,71.98,4107.956
2026-06-17 21:20:00,71.99,72.04,71.92,72.0,3108.456
2026-06-17 21:25:00,71.99,71.99,71.9,71.91,3200.841
2026-06-17 21:30:00,71.9,71.95,71.87,71.94,4002.313
2026-06-17 21:35:00,71.95,72.04,71.94,71.97,5904.475
2026-06-17 21:40:00,71.96,71.96,71.59,71.65,10485.236
2026-06-17 21:45:00,71.64,71.65,71.38,71.48,8770.687
2026-06-17 21:50:00,71.49,71.61,71.44,71.61,2457.29
2026-06-17 21:55:00,71.62,71.64,71.49,71.62,7167.374
2026-06-17 22:00:00,71.61,71.63,70.83,71.02,30469.954
2026-06-17 22:05:00,71.01,71.43,71.0,71.41,7232.129
2026-06-17 22:10:00,71.42,71.61,71.36,71.37,8264.473
2026-06-17 22:15:00,71.37,71.58,71.32,71.53,5465.617
2026-06-17 22:20:00,71.53,71.71,71.52,71.69,6527.559
2026-06-17 22:25:00,71.68,71.85,71.65,71.85,2836.084
2026-06-17 22:30:00,71.84,71.89,71.77,71.84,3190.168
2026-06-17 22:35:00,71.84,71.92,71.78,71.79,4341.547
2026-06-17 22:40:00,71.8,71.9,71.74,71.76,2763.434
2026-06-17 22:45:00,71.77,71.93,71.77,71.88,2303.675
2026-06-17 22:50:00,71.88,71.95,71.85,71.86,2698.523
2026-06-17 22:55:00,71.87,71.88,71.7,71.7,2867.781
2026-06-17 23:00:00,71.71,71.97,71.69,71.93,4294.51
2026-06-17 23:05:00,71.94,71.94,71.74,71.86,1457.228
2026-06-17 23:10:00,71.85,71.88,71.78,71.86,2637.757
2026-06-17 23:15:00,71.87,72.12,71.85,72.11,5728.3
2026-06-17 23:20:00,72.1,72.13,71.98,72.07,2258.023
2026-06-17 23:25:00,72.06,72.13,72.02,72.03,2074.813
2026-06-17 23:30:00,72.03,72.08,72.0,72.02,1308.916
2026-06-17 23:35:00,72.01,72.03,71.97,72.02,3558.017
2026-06-17 23:40:00,72.02,72.02,71.95,71.97,1553.044
2026-06-17 23:45:00,71.96,72.05,71.89,71.98,3155.158
2026-06-17 23:50:00,71.99,72.09,71.98,72.08,3763.176
2026-06-17 23:55:00,72.07,72.08,71.97,72.05,11594.746
2026-06-18 00:00:00,72.05,72.18,72.03,72.16,5607.735
2026-06-18 00:05:00,72.16,72.27,72.16,72.25,5187.307
2026-06-18 00:10:00,72.24,72.35,72.21,72.29,3333.556
2026-06-18 00:15:00,72.29,72.37,72.26,72.35,3083.63
2026-06-18 00:20:00,72.35,72.37,72.21,72.27,2377.068
2026-06-18 00:25:00,72.26,72.33,72.17,72.32,3948.773
2026-06-18 00:30:00,72.32,72.5,72.3,72.4,6120.707
2026-06-18 00:35:00,72.41,72.42,72.31,72.37,3688.72
2026-06-18 00:40:00,72.37,72.41,72.26,72.41,1622.859
2026-06-18 00:45:00,72.41,72.49,72.4,72.41,3195.137
2026-06-18 00:50:00,72.41,72.41,72.26,72.3,2595.942
2026-06-18 00:55:00,72.29,72.29,72.17,72.22,7786.073
2026-06-18 01:00:00,72.22,72.54,72.19,72.46,5246.891
2026-06-18 01:05:00,72.45,72.58,72.38,72.53,3966.788
2026-06-18 01:10:00,72.53,72.64,72.49,72.52,3700.078
2026-06-18 01:15:00,72.51,72.52,72.38,72.39,4380.581
2026-06-18 01:20:00,72.38,72.48,72.38,72.39,1353.464
2026-06-18 01:25:00,72.38,72.45,72.36,72.42,1725.563
2026-06-18 01:30:00,72.42,72.56,72.42,72.44,2574.384
2026-06-18 01:35:00,72.44,72.44,72.33,72.35,2313.928
2026-06-18 01:40:00,72.36,72.37,72.28,72.32,3713.586
2026-06-18 01:45:00,72.32,72.32,72.19,72.2,3624.534
2026-06-18 01:50:00,72.2,72.22,72.09,72.18,2550.878
2026-06-18 01:55:00,72.18,72.24,72.16,72.21,2805.916
2026-06-18 02:00:00,72.22,72.37,72.22,72.37,2988.587
2026-06-18 02:05:00,72.37,72.47,72.34,72.4,2915.871
2026-06-18 02:10:00,72.39,72.39,72.26,72.27,3786.585
2026-06-18 02:15:00,72.26,72.29,72.13,72.29,3503.804
2026-06-18 02:20:00,72.3,72.66,72.3,72.65,12487.062
2026-06-18 02:25:00,72.64,72.68,72.54,72.6,5456.309
2026-06-18 02:30:00,72.6,72.67,72.52,72.53,2689.651
2026-06-18 02:35:00,72.54,72.64,72.48,72.6,10923.06
2026-06-18 02:40:00,72.61,72.65,72.58,72.62,3167.38
2026-06-18 02:45:00,72.63,72.64,72.49,72.61,3644.416
2026-06-18 02:50:00,72.6,72.61,72.5,72.52,1696.25
2026-06-18 02:55:00,72.52,72.55,72.48,72.54,4998.525
2026-06-18 03:00:00,72.53,72.55,72.34,72.39,5221.759
2026-06-18 03:05:00,72.39,72.51,72.39,72.39,3116.477
2026-06-18 03:10:00,72.39,72.41,72.28,72.28,1807.061
2026-06-18 03:15:00,72.27,72.3,72.23,72.27,2762.739
2026-06-18 03:20:00,72.28,72.28,72.01,72.01,4736.766
2026-06-18 03:25:00,72.01,72.01,71.8,71.8,4529.385
2026-06-18 03:30:00,71.8,71.92,71.75,71.79,7731.875
2026-06-18 03:35:00,71.79,71.82,71.61,71.71,7090.577
2026-06-18 03:40:00,71.71,71.73,71.54,71.66,10150.184
2026-06-18 03:45:00,71.66,71.79,71.63,71.77,6935.891
2026-06-18 03:50:00,71.77,71.86,71.77,71.82,4978.152
2026-06-18 03:55:00,71.83,71.83,71.64,71.65,1065.388
2026-06-18 04:00:00,71.66,71.73,71.44,71.46,4888.651
2026-06-18 04:05:00,71.46,71.49,71.21,71.34,12753.563
2026-06-18 04:10:00,71.33,71.37,71.02,71.19,14506.849
2026-06-18 04:15:00,71.2,71.4,71.14,71.14,4536.418
2026-06-18 04:20:00,71.14,71.3,71.01,71.25,8732.396
2026-06-18 04:25:00,71.25,71.34,71.14,71.21,3206.39
2026-06-18 04:30:00,71.22,71.26,71.11,71.17,3123.455
2026-06-18 04:35:00,71.17,71.24,71.06,71.06,4514.745
2026-06-18 04:40:00,71.06,71.1,71.0,71.02,7298.148
2026-06-18 04:45:00,71.01,71.03,70.91,70.96,5554.361
2026-06-18 04:50:00,70.96,71.19,70.91,71.16,7724.959
2026-06-18 04:55:00,71.17,71.2,71.06,71.06,5031.794
2026-06-18 05:00:00,71.05,71.08,70.74,70.77,14424.111
2026-06-18 05:05:00,70.78,70.8,70.64,70.78,12319.551
2026-06-18 05:10:00,70.79,71.02,70.77,70.87,8332.529
2026-06-18 05:15:00,70.86,71.01,70.83,70.97,5961.865
2026-06-18 05:20:00,70.97,71.03,70.91,70.92,5021.098
2026-06-18 05:25:00,70.92,71.03,70.91,70.91,8957.328
2026-06-18 05:30:00,70.92,71.02,70.89,70.99,3354.791
2026-06-18 05:35:00,70.99,71.1,70.79,70.93,3660.876
2026-06-18 05:40:00,70.93,71.06,70.92,70.99,3315.649
2026-06-18 05:45:00,70.99,71.04,70.96,70.96,3611.082
2026-06-18 05:50:00,70.96,71.05,70.95,71.05,3556.258
2026-06-18 05:55:00,71.04,71.14,71.04,71.14,3175.696
2026-06-18 06:00:00,71.13,71.31,70.99,71.29,4098.299
2026-06-18 06:05:00,71.29,71.29,71.07,71.12,4763.844
2026-06-18 06:10:00,71.13,71.17,71.02,71.17,2451.274
2026-06-18 06:15:00,71.17,71.25,71.01,71.07,2840.679
2026-06-18 06:20:00,71.07,71.24,71.07,71.13,2102.324
2026-06-18 06:25:00,71.13,71.21,71.09,71.2,1801.247
2026-06-18 06:30:00,71.19,71.32,71.16,71.22,6317.092
2026-06-18 06:35:00,71.22,71.28,71.14,71.16,3481.921
2026-06-18 06:40:00,71.16,71.34,71.14,71.31,2312.173
2026-06-18 06:45:00,71.31,71.35,71.23,71.31,3533.894
2026-06-18 06:50:00,71.32,71.4,71.28,71.34,3877.304
2026-06-18 06:55:00,71.33,71.41,71.31,71.34,4872.483
2026-06-18 07:00:00,71.35,71.36,71.21,71.32,1909.181
2026-06-18 07:05:00,71.31,71.32,71.22,71.23,2460.567
2026-06-18 07:10:00,71.23,71.31,71.16,71.31,5585.126
2026-06-18 07:15:00,71.3,71.47,71.27,71.45,3623.47
2026-06-18 07:20:00,71.45,71.65,71.43,71.64,4236.72
2026-06-18 07:25:00,71.65,71.79,71.62,71.72,5315.131
2026-06-18 07:30:00,71.72,71.73,71.56,71.6,10586.488
2026-06-18 07:35:00,71.6,71.79,71.57,71.72,5600.721
2026-06-18 07:40:00,71.72,71.73,71.63,71.69,2986.625
2026-06-18 07:45:00,71.68,71.85,71.67,71.82,3865.867
2026-06-18 07:50:00,71.81,71.83,71.73,71.76,2746.945
2026-06-18 07:55:00,71.75,71.79,71.7,71.78,4904.148
2026-06-18 08:00:00,71.77,71.81,71.64,71.65,7505.147
2026-06-18 08:05:00,71.66,71.97,71.65,71.95,6500.785
2026-06-18 08:10:00,71.94,71.95,71.79,71.85,7407.693
2026-06-18 08:15:00,71.85,71.92,71.8,71.88,3967.73
2026-06-18 08:20:00,71.87,71.92,71.8,71.89,2022.137
2026-06-18 08:25:00,71.89,71.95,71.87,71.94,2625.633
2026-06-18 08:30:00,71.94,72.0,71.92,71.97,4269.612
2026-06-18 08:35:00,71.97,72.07,71.93,72.06,4392.607
2026-06-18 08:40:00,72.07,72.08,71.92,71.94,5798.584
2026-06-18 08:45:00,71.95,72.03,71.91,72.01,4123.55
2026-06-18 08:50:00,72.0,72.04,71.92,71.94,4875.517
2026-06-18 08:55:00,71.94,71.97,71.84,71.85,5595.133
2026-06-18 09:00:00,71.86,71.95,71.78,71.91,4373.455
2026-06-18 09:05:00,71.91,71.97,71.87,71.95,2830.106
2026-06-18 09:10:00,71.95,71.96,71.87,71.96,3075.998
2026-06-18 09:15:00,71.95,72.16,71.95,72.14,4186.747
2026-06-18 09:20:00,72.13,72.14,72.07,72.07,1894.712
2026-06-18 09:25:00,72.07,72.07,71.83,71.84,4387.143
2026-06-18 09:30:00,71.83,71.94,71.75,71.93,3968.806
2026-06-18 09:35:00,71.94,71.94,71.85,71.92,2892.231
2026-06-18 09:40:00,71.92,71.97,71.91,71.97,1426.501
2026-06-18 09:45:00,71.97,72.06,71.91,71.92,2613.362
2026-06-18 09:50:00,71.92,71.93,71.88,71.91,1562.423
2026-06-18 09:55:00,71.9,71.91,71.8,71.85,4443.334
2026-06-18 10:00:00,71.85,71.85,71.75,71.83,4209.567
2026-06-18 10:05:00,71.83,71.83,71.4,71.41,18210.464
2026-06-18 10:10:00,71.41,71.47,71.32,71.33,6080.087
2026-06-18 10:15:00,71.32,71.43,71.2,71.23,6567.527
2026-06-18 10:20:00,71.22,71.29,71.11,71.14,6297.289
2026-06-18 10:25:00,71.14,71.28,71.08,71.22,8421.847
2026-06-18 10:30:00,71.22,71.3,71.15,71.27,4337.976
2026-06-18 10:35:00,71.27,71.29,71.12,71.21,9421.618
2026-06-18 10:40:00,71.2,71.28,71.14,71.14,6277.863
2026-06-18 10:45:00,71.15,71.21,71.08,71.13,6850.675
2026-06-18 10:50:00,71.14,71.46,71.14,71.4,13109.359
2026-06-18 10:55:00,71.41,71.51,71.34,71.39,14225.837
2026-06-18 11:00:00,71.39,71.56,71.39,71.44,7476.151
2026-06-18 11:05:00,71.45,71.45,71.23,71.25,5586.13
2026-06-18 11:10:00,71.26,71.27,71.05,71.15,7627.085
2026-06-18 11:15:00,71.14,71.19,70.97,70.99,8158.254
2026-06-18 11:20:00,70.99,70.99,70.83,70.93,5878.391
2026-06-18 11:25:00,70.93,71.18,70.92,71.16,4670.818
2026-06-18 11:30:00,71.17,71.2,71.11,71.19,2630.035
2026-06-18 11:35:00,71.19,71.25,70.97,71.03,3977.133
2026-06-18 11:40:00,71.03,71.04,70.78,70.94,11062.438
2026-06-18 11:45:00,70.93,71.02,70.72,70.76,8955.257
2026-06-18 11:50:00,70.75,70.9,70.75,70.89,8777.429
2026-06-18 11:55:00,70.9,70.97,70.85,70.94,5036.891
2026-06-18 12:00:00,70.94,71.02,70.87,70.96,3668.797
2026-06-18 12:05:00,70.96,71.02,70.89,71.0,3344.71
2026-06-18 12:10:00,71.0,71.1,70.98,71.0,2954.86
2026-06-18 12:15:00,71.01,71.11,70.98,71.07,3255.383
2026-06-18 12:20:00,71.08,71.31,71.06,71.29,5594.969
2026-06-18 12:25:00,71.3,71.37,71.28,71.35,5466.357
2026-06-18 12:30:00,71.36,71.46,71.27,71.27,9259.295
2026-06-18 12:35:00,71.27,71.39,71.23,71.28,3993.433
2026-06-18 12:40:00,71.29,71.46,71.29,71.42,3937.646
2026-06-18 12:45:00,71.42,71.61,71.42,71.59,5664.529
2026-06-18 12:50:00,71.59,71.59,71.4,71.47,3888.287
2026-06-18 12:55:00,71.48,71.62,71.48,71.57,4952.98
2026-06-18 13:00:00,71.57,71.62,71.46,71.49,2926.101
2026-06-18 13:05:00,71.5,71.64,71.5,71.55,4385.45
2026-06-18 13:10:00,71.56,71.72,71.56,71.6,7459.183
2026-06-18 13:15:00,71.6,71.7,71.53,71.63,3886.959
2026-06-18 13:20:00,71.62,71.67,71.55,71.57,3402.855
2026-06-18 13:25:00,71.57,71.8,71.57,71.69,10895.15
2026-06-18 13:30:00,71.68,71.7,71.25,71.25,9503.7
2026-06-18 13:35:00,71.24,71.24,70.93,70.99,15623.774
2026-06-18 13:40:00,70.98,70.99,70.75,70.75,9671.89
2026-06-18 13:45:00,70.75,71.29,70.73,71.28,12367.952
2026-06-18 13:50:00,71.28,71.38,71.16,71.16,7049.52
2026-06-18 13:55:00,71.17,71.25,70.85,71.05,6408.935
2026-06-18 14:00:00,71.06,71.25,70.93,71.1,10644.647
2026-06-18 14:05:00,71.1,71.15,70.86,71.09,11693.541
2026-06-18 14:10:00,71.08,71.08,70.85,70.92,7753.878
2026-06-18 14:15:00,70.92,71.38,70.73,71.27,12190.134
2026-06-18 14:20:00,71.27,71.72,71.26,71.5,13577.616
2026-06-18 14:25:00,71.49,71.49,70.99,71.05,12181.505
2026-06-18 14:30:00,71.04,71.27,70.97,71.17,10513.679
2026-06-18 14:35:00,71.17,71.38,71.06,71.38,8307.67
2026-06-18 14:40:00,71.38,71.44,70.96,70.97,6384.333
2026-06-18 14:45:00,70.98,71.27,70.93,71.24,7636.034
2026-06-18 14:50:00,71.24,71.24,70.7,70.82,16794.445
2026-06-18 14:55:00,70.83,71.19,70.83,71.08,6707.459
2026-06-18 15:00:00,71.08,71.1,70.63,70.79,14655.84
2026-06-18 15:05:00,70.79,70.96,70.6,70.8,15744.297
2026-06-18 15:10:00,70.81,70.9,70.62,70.63,9311.24
2026-06-18 15:15:00,70.62,70.7,70.1,70.39,41448.667
2026-06-18 15:20:00,70.39,70.59,70.05,70.09,37359.501
2026-06-18 15:25:00,70.09,70.18,69.8,69.92,50127.741
2026-06-18 15:30:00,69.92,70.06,69.72,69.87,43027.546
2026-06-18 15:35:00,69.87,69.89,69.42,69.6,35277.562
2026-06-18 15:40:00,69.6,69.61,68.87,69.03,59529.204
2026-06-18 15:45:00,69.03,69.17,68.81,68.93,50526.533
2026-06-18 15:50:00,68.93,69.04,68.57,68.68,94401.831
2026-06-18 15:55:00,68.69,68.73,68.35,68.44,47374.646
2026-06-18 16:00:00,68.43,68.81,68.38,68.72,57729.929
2026-06-18 16:05:00,68.72,68.87,68.66,68.86,26548.163
2026-06-18 16:10:00,68.86,68.98,68.84,68.9,13532.715
2026-06-18 16:15:00,68.9,68.91,68.48,68.64,20202.856
2026-06-18 16:20:00,68.63,68.92,68.63,68.84,9256.746
2026-06-18 16:25:00,68.83,68.91,68.69,68.71,7043.501
2026-06-18 16:30:00,68.7,68.75,68.5,68.73,9325.607
2026-06-18 16:35:00,68.73,68.87,68.58,68.86,8633.106
2026-06-18 16:40:00,68.87,68.92,68.73,68.82,4610.367
2026-06-18 16:45:00,68.83,68.95,68.77,68.86,5297.506
2026-06-18 16:50:00,68.86,69.11,68.86,69.05,12380.465
2026-06-18 16:55:00,69.04,69.13,69.0,69.06,6740.568
2026-06-18 17:00:00,69.07,69.11,68.87,69.0,10257.055
2026-06-18 17:05:00,69.0,69.11,68.92,68.95,3648.018
2026-06-18 17:10:00,68.95,68.95,68.77,68.9,6006.927
2026-06-18 17:15:00,68.89,69.05,68.85,69.04,4895.935
2026-06-18 17:20:00,69.04,69.06,68.63,68.67,9287.237
2026-06-18 17:25:00,68.67,69.06,68.61,68.97,23291.325
2026-06-18 17:30:00,68.98,69.15,68.98,69.06,9430.339
2026-06-18 17:35:00,69.05,69.06,68.7,68.71,8457.975
2026-06-18 17:40:00,68.71,68.85,68.66,68.74,10317.59
2026-06-18 17:45:00,68.73,68.78,68.67,68.78,4049.728
2026-06-18 17:50:00,68.78,68.85,68.66,68.66,6586.56
2026-06-18 17:55:00,68.66,68.66,68.5,68.64,6740.873
2026-06-18 18:00:00,68.64,68.69,68.43,68.52,10294.343
2026-06-18 18:05:00,68.52,68.58,68.48,68.54,15729.641
2026-06-18 18:10:00,68.53,68.6,68.44,68.44,12524.434
2026-06-18 18:15:00,68.44,68.69,68.23,68.59,40948.514
2026-06-18 18:20:00,68.59,68.79,68.54,68.79,11846.718
2026-06-18 18:25:00,68.8,68.99,68.79,68.81,16039.002
2026-06-18 18:30:00,68.82,68.82,68.66,68.71,6299.894
2026-06-18 18:35:00,68.7,68.7,68.51,68.55,5046.397
2026-06-18 18:40:00,68.55,68.75,68.55,68.73,7952.797
2026-06-18 18:45:00,68.73,68.83,68.68,68.82,7327.809
2026-06-18 18:50:00,68.82,68.85,68.54,68.58,10587.948
2026-06-18 18:55:00,68.58,68.69,68.56,68.66,3243.429
2026-06-18 19:00:00,68.66,68.72,68.57,68.64,4622.2
2026-06-18 19:05:00,68.64,68.73,68.59,68.73,3454.536
2026-06-18 19:10:00,68.72,68.72,68.58,68.67,3758.09
2026-06-18 19:15:00,68.67,68.71,68.57,68.68,5974.888
2026-06-18 19:20:00,68.67,68.79,68.64,68.72,4059.049
2026-06-18 19:25:00,68.71,68.95,68.71,68.85,8712.502
2026-06-18 19:30:00,68.84,69.09,68.8,68.96,9494.21
2026-06-18 19:35:00,68.97,69.2,68.9,69.19,15767.968
2026-06-18 19:40:00,69.18,69.45,69.16,69.41,10068.328
2026-06-18 19:45:00,69.4,69.43,69.25,69.29,7799.454
2026-06-18 19:50:00,69.29,69.5,69.26,69.5,8544.016
2026-06-18 19:55:00,69.49,69.53,69.37,69.37,7384.316
2026-06-18 20:00:00,69.38,69.81,69.38,69.81,16710.276
2026-06-18 20:05:00,69.82,69.85,69.66,69.75,8391.029
2026-06-18 20:10:00,69.75,69.77,69.65,69.73,7381.436
2026-06-18 20:15:00,69.73,69.87,69.69,69.87,5808.457
2026-06-18 20:20:00,69.86,69.96,69.76,69.84,8943.332
2026-06-18 20:25:00,69.84,69.89,69.78,69.82,4871.252
2026-06-18 20:30:00,69.81,69.9,69.73,69.89,6470.532
2026-06-18 20:35:00,69.89,69.9,69.76,69.87,4342.93
2026-06-18 20:40:00,69.87,69.94,69.83,69.88,4687.625
2026-06-18 20:45:00,69.88,69.88,69.71,69.75,2860.309
2026-06-18 20:50:00,69.75,69.9,69.75,69.89,2597.642
2026-06-18 20:55:00,69.89,69.92,69.8,69.82,2500.912
2026-06-18 21:00:00,69.81,69.9,69.8,69.83,3268.362
2026-06-18 21:05:00,69.83,69.9,69.81,69.87,2378.364
2026-06-18 21:10:00,69.86,69.86,69.56,69.57,14517.415
2026-06-18 21:15:00,69.56,69.61,69.41,69.61,6051.397
2026-06-18 21:20:00,69.61,69.73,69.59,69.69,3516.369
2026-06-18 21:25:00,69.69,69.69,69.55,69.66,5366.613
2026-06-18 21:30:00,69.67,69.72,69.64,69.72,2003.453
2026-06-18 21:35:00,69.72,69.72,69.54,69.54,4280.701
2026-06-18 21:40:00,69.53,69.58,69.41,69.52,11716.159
2026-06-18 21:45:00,69.52,69.6,69.5,69.53,1133.464
2026-06-18 21:50:00,69.53,69.56,69.47,69.5,2628.196
2026-06-18 21:55:00,69.5,69.62,69.5,69.57,3503.107
2026-06-18 22:00:00,69.56,69.61,69.45,69.47,6778.438
2026-06-18 22:05:00,69.47,69.61,69.44,69.56,9024.525
2026-06-18 22:10:00,69.56,69.69,69.56,69.64,3945.54
2026-06-18 22:15:00,69.63,69.65,69.41,69.51,9407.944
2026-06-18 22:20:00,69.51,69.56,69.44,69.52,4875.236
2026-06-18 22:25:00,69.52,69.55,69.45,69.46,3186.037
2026-06-18 22:30:00,69.46,69.48,69.26,69.3,3942.867
2026-06-18 22:35:00,69.31,69.39,69.3,69.38,1642.536
2026-06-18 22:40:00,69.38,69.47,69.34,69.46,2935.94
2026-06-18 22:45:00,69.46,69.58,69.37,69.57,1932.126
2026-06-18 22:50:00,69.57,69.64,69.52,69.53,4393.269
2026-06-18 22:55:00,69.54,69.58,69.52,69.52,1863.325
2026-06-18 23:00:00,69.51,69.58,69.45,69.45,2638.578
2026-06-18 23:05:00,69.44,69.46,69.34,69.42,2393.038
2026-06-18 23:10:00,69.42,69.43,69.27,69.28,1315.774
2026-06-18 23:15:00,69.27,69.42,69.27,69.41,2118.808
2026-06-18 23:20:00,69.42,69.48,69.39,69.47,1553.042
2026-06-18 23:25:00,69.47,69.56,69.43,69.56,1519.863
2026-06-18 23:30:00,69.57,69.7,69.57,69.61,4222.282
2026-06-18 23:35:00,69.61,69.64,69.57,69.64,4359.092
2026-06-18 23:40:00,69.63,69.71,69.63,69.67,3879.61
2026-06-18 23:45:00,69.66,69.69,69.54,69.65,5445.595
2026-06-18 23:50:00,69.66,69.74,69.63,69.74,4069.456
2026-06-18 23:55:00,69.74,69.79,69.66,69.71,6547.233
2026-06-19 00:00:00,69.72,69.73,69.53,69.71,5829.72
2026-06-19 00:05:00,69.71,69.73,69.57,69.67,6515.696
2026-06-19 00:10:00,69.67,69.71,69.58,69.66,2975.592
2026-06-19 00:15:00,69.66,69.8,69.6,69.78,6574.413
2026-06-19 00:20:00,69.77,69.77,69.62,69.76,2109.01
2026-06-19 00:25:00,69.76,69.79,69.71,69.79,7034.684
2026-06-19 00:30:00,69.8,69.89,69.78,69.87,3711.842
2026-06-19 00:35:00,69.87,69.9,69.74,69.74,7317.935
2026-06-19 00:40:00,69.74,69.85,69.74,69.85,3986.959
2026-06-19 00:45:00,69.85,69.86,69.74,69.82,4030.867
2026-06-19 00:50:00,69.82,69.82,69.74,69.77,2769.302
2026-06-19 00:55:00,69.77,69.81,69.71,69.81,3206.921
2026-06-19 01:00:00,69.8,70.03,69.75,69.97,7225.598
2026-06-19 01:05:00,69.98,70.02,69.8,69.81,3622.296
2026-06-19 01:10:00,69.81,69.85,69.65,69.74,5595.309
2026-06-19 01:15:00,69.75,69.97,69.75,69.86,5496.522
2026-06-19 01:20:00,69.86,69.97,69.86,69.87,3095.126
2026-06-19 01:25:00,69.88,69.89,69.68,69.68,4212.96
2026-06-19 01:30:00,69.69,69.73,69.54,69.59,3376.387
2026-06-19 01:35:00,69.6,69.74,69.59,69.65,1659.898
2026-06-19 01:40:00,69.64,69.76,69.64,69.74,3010.98
2026-06-19 01:45:00,69.74,69.86,69.74,69.84,3693.833
2026-06-19 01:50:00,69.84,69.92,69.82,69.91,4581.616
2026-06-19 01:55:00,69.91,69.98,69.89,69.94,3109.619
2026-06-19 02:00:00,69.94,70.06,69.92,70.05,3077.038
2026-06-19 02:05:00,70.06,70.09,69.86,69.93,9694.044
2026-06-19 02:10:00,69.94,69.98,69.82,69.83,3183.392
2026-06-19 02:15:00,69.83,69.88,69.63,69.63,5693.824
2026-06-19 02:20:00,69.63,69.68,69.51,69.64,4020.399
2026-06-19 02:25:00,69.63,69.67,69.52,69.52,2183.629
2026-06-19 02:30:00,69.52,69.62,69.44,69.58,5231.1
2026-06-19 02:35:00,69.57,69.62,69.47,69.53,4102.74
2026-06-19 02:40:00,69.52,69.58,69.49,69.55,2122.112
2026-06-19 02:45:00,69.54,69.56,69.41,69.54,2659.359
2026-06-19 02:50:00,69.54,69.67,69.49,69.67,2983.81
2026-06-19 02:55:00,69.67,69.72,69.65,69.66,1511.444
2026-06-19 03:00:00,69.65,69.74,69.64,69.67,1895.851
2026-06-19 03:05:00,69.67,69.68,69.57,69.58,3718.977
2026-06-19 03:10:00,69.58,69.58,69.3,69.32,11089.262
2026-06-19 03:15:00,69.33,69.34,68.64,68.89,50658.521
2026-06-19 03:20:00,68.9,69.31,68.86,69.3,17810.316
2026-06-19 03:25:00,69.31,69.44,69.23,69.36,12880.086
2026-06-19 03:30:00,69.35,69.35,69.08,69.1,15181.929
2026-06-19 03:35:00,69.1,69.14,68.91,68.91,6530.363
2026-06-19 03:40:00,68.92,69.03,68.86,68.98,11357.389
2026-06-19 03:45:00,68.98,69.07,68.9,68.98,11329.909
2026-06-19 03:50:00,68.97,69.09,68.96,69.06,12320.094
2026-06-19 03:55:00,69.06,69.13,69.01,69.05,9308.997
2026-06-19 04:00:00,69.06,69.06,68.7,68.74,15886.628
2026-06-19 04:05:00,68.74,69.0,68.74,69.0,11947.4
2026-06-19 04:10:00,69.0,69.19,69.0,69.15,11171.935
2026-06-19 04:15:00,69.15,69.27,68.98,68.98,6638.302
2026-06-19 04:20:00,68.98,68.98,68.74,68.85,8464.744
2026-06-19 04:25:00,68.85,68.87,68.75,68.78,4762.508
2026-06-19 04:30:00,68.79,68.81,68.36,68.45,20246.306
2026-06-19 04:35:00,68.45,68.52,68.36,68.41,11212.025
2026-06-19 04:40:00,68.4,68.57,68.4,68.54,10826.41
2026-06-19 04:45:00,68.54,68.63,68.5,68.63,3340.301
2026-06-19 04:50:00,68.64,68.65,68.3,68.31,13953.852
2026-06-19 04:55:00,68.3,68.37,68.1,68.33,15483.457
2026-06-19 05:00:00,68.33,68.55,68.32,68.54,4331.314
2026-06-19 05:05:00,68.54,68.74,68.51,68.73,6356.211
2026-06-19 05:10:00,68.73,68.74,68.6,68.69,6902.008
2026-06-19 05:15:00,68.69,68.69,68.49,68.55,5306.431
2026-06-19 05:20:00,68.56,68.56,68.4,68.5,9343.28
2026-06-19 05:25:00,68.5,68.59,68.48,68.54,3274.608
2026-06-19 05:30:00,68.54,68.65,68.37,68.38,6507.17
2026-06-19 05:35:00,68.39,68.48,68.33,68.4,10440.828
2026-06-19 05:40:00,68.39,68.56,68.39,68.55,6117.969
2026-06-19 05:45:00,68.54,68.68,68.45,68.66,16467.268
2026-06-19 05:50:00,68.66,68.75,68.62,68.71,7610.886
2026-06-19 05:55:00,68.72,68.73,68.6,68.7,13447.305
2026-06-19 06:00:00,68.69,68.8,68.57,68.75,14388.796
2026-06-19 06:05:00,68.75,68.83,68.7,68.78,4856.644
2026-06-19 06:10:00,68.77,68.82,68.7,68.82,5803.33
2026-06-19 06:15:00,68.81,68.83,68.58,68.75,16276.926
2026-06-19 06:20:00,68.75,68.83,68.65,68.83,7472.325
2026-06-19 06:25:00,68.83,68.84,68.6,68.73,25893.214
2026-06-19 06:30:00,68.72,68.83,68.58,68.69,10081.809
2026-06-19 06:35:00,68.69,68.69,68.46,68.53,9313.502
2026-06-19 06:40:00,68.53,68.67,68.5,68.65,7824.424
2026-06-19 06:45:00,68.66,68.66,68.49,68.58,5134.695
2026-06-19 06:50:00,68.57,68.68,68.49,68.66,1337.481
2026-06-19 06:55:00,68.66,68.8,68.61,68.75,4463.739
2026-06-19 07:00:00,68.75,68.77,68.6,68.62,4651.754
2026-06-19 07:05:00,68.62,68.65,68.55,68.6,3554.895
2026-06-19 07:10:00,68.59,68.6,68.52,68.52,4296.306
2026-06-19 07:15:00,68.51,68.58,68.38,68.39,5801.855
2026-06-19 07:20:00,68.4,68.53,68.39,68.52,2613.849
2026-06-19 07:25:00,68.52,68.62,68.43,68.47,3849.71
2026-06-19 07:30:00,68.47,68.62,68.25,68.26,12653.04
2026-06-19 07:35:00,68.26,68.3,67.98,68.06,34336.557
2026-06-19 07:40:00,68.06,68.27,68.05,68.26,5945.627
2026-06-19 07:45:00,68.26,68.28,68.08,68.18,7140.11
2026-06-19 07:50:00,68.18,68.41,68.15,68.3,6954.054
2026-06-19 07:55:00,68.31,68.39,68.3,68.38,2725.088
2026-06-19 08:00:00,68.37,68.42,68.31,68.37,8183.341
2026-06-19 08:05:00,68.37,68.39,68.29,68.31,4773.828
2026-06-19 08:10:00,68.31,68.52,68.23,68.5,9730.163
2026-06-19 08:15:00,68.49,68.54,68.44,68.54,3859.352
2026-06-19 08:20:00,68.54,68.67,68.52,68.64,4936.056
2026-06-19 08:25:00,68.64,68.67,68.54,68.57,3513.711
2026-06-19 08:30:00,68.58,68.7,68.55,68.6,6897.082
2026-06-19 08:35:00,68.6,68.75,68.6,68.72,11197.187
2026-06-19 08:40:00,68.71,68.71,68.51,68.63,4369.042
2026-06-19 08:45:00,68.64,68.69,68.61,68.67,5744.607
2026-06-19 08:50:00,68.67,68.73,68.57,68.58,8989.59
2026-06-19 08:55:00,68.58,68.68,68.58,68.68,4174.96
2026-06-19 09:00:00,68.69,68.76,68.6,68.61,4672.78
2026-06-19 09:05:00,68.6,68.6,68.38,68.4,4833.173
2026-06-19 09:10:00,68.4,68.41,68.22,68.31,7001.419
2026-06-19 09:15:00,68.31,68.44,68.3,68.41,4375.826
2026-06-19 09:20:00,68.41,68.45,68.25,68.39,8325.537
2026-06-19 09:25:00,68.4,68.43,68.29,68.33,10090.31
2026-06-19 09:30:00,68.32,68.52,68.32,68.42,5961.106
2026-06-19 09:35:00,68.41,68.5,68.39,68.49,4317.171
2026-06-19 09:40:00,68.5,68.53,68.43,68.44,1912.172
2026-06-19 09:45:00,68.44,68.46,68.32,68.33,3380.03
2026-06-19 09:50:00,68.32,68.46,68.31,68.39,9166.544
2026-06-19 09:55:00,68.38,68.38,68.31,68.33,3242.411
2026-06-19 10:00:00,68.32,68.37,68.25,68.34,2588.422
2026-06-19 10:05:00,68.35,68.46,68.25,68.45,5092.712
2026-06-19 10:10:00,68.44,68.44,68.32,68.36,5200.75
2026-06-19 10:15:00,68.35,68.35,68.06,68.17,32980.725
2026-06-19 10:20:00,68.17,68.34,68.16,68.24,5993.319
2026-06-19 10:25:00,68.24,68.36,68.24,68.35,3640.538
2026-06-19 10:30:00,68.34,68.35,68.14,68.22,4232.888
2026-06-19 10:35:00,68.22,68.27,68.13,68.14,3387.051
2026-06-19 10:40:00,68.13,68.2,68.05,68.12,7086.694
2026-06-19 10:45:00,68.11,68.25,68.07,68.2,7654.34
2026-06-19 10:50:00,68.2,68.39,68.18,68.35,2760.795
2026-06-19 10:55:00,68.34,68.43,68.3,68.3,1623.168
2026-06-19 11:00:00,68.31,68.34,68.23,68.27,6589.427
2026-06-19 11:05:00,68.27,68.32,68.09,68.18,7105.072
2026-06-19 11:10:00,68.17,68.24,68.12,68.23,4677.108
2026-06-19 11:15:00,68.24,68.33,68.18,68.31,3003.518
2026-06-19 11:20:00,68.32,68.47,68.27,68.38,3794.087
2026-06-19 11:25:00,68.38,68.38,68.26,68.34,3130.421
2026-06-19 11:30:00,68.35,68.4,68.32,68.37,3998.657
2026-06-19 11:35:00,68.38,68.4,68.3,68.39,5792.597
2026-06-19 11:40:00,68.38,68.43,68.34,68.38,3413.033
2026-06-19 11:45:00,68.37,68.44,68.35,68.41,4153.926
2026-06-19 11:50:00,68.42,68.42,68.23,68.29,12145.323
2026-06-19 11:55:00,68.29,68.31,68.21,68.25,4059.045
2026-06-19 12:00:00,68.25,68.38,68.25,68.36,2101.743
2026-06-19 12:05:00,68.36,68.41,68.21,68.41,5555.218
2026-06-19 12:10:00,68.4,68.41,68.29,68.29,3489.127
2026-06-19 12:15:00,68.29,68.3,68.14,68.28,3508.562
2026-06-19 12:20:00,68.29,68.34,68.21,68.21,1939.508
2026-06-19 12:25:00,68.21,68.26,68.16,68.26,3656.533
2026-06-19 12:30:00,68.25,68.28,68.09,68.17,10270.245
2026-06-19 12:35:00,68.17,68.32,68.08,68.32,13772.966
2026-06-19 12:40:00,68.33,68.39,68.25,68.26,2253.231
2026-06-19 12:45:00,68.26,68.26,67.92,68.01,20584.635
2026-06-19 12:50:00,68.02,68.71,68.02,68.57,19966.368
2026-06-19 12:55:00,68.57,68.67,68.52,68.62,12878.094
2026-06-19 13:00:00,68.62,68.68,68.47,68.64,9275.19
2026-06-19 13:05:00,68.63,68.79,68.63,68.66,9961.348
2026-06-19 13:10:00,68.65,68.65,68.58,68.58,6033.291
2026-06-19 13:15:00,68.59,68.63,68.4,68.5,10441.032
2026-06-19 13:20:00,68.5,68.55,68.42,68.48,4731.298
2026-06-19 13:25:00,68.48,68.59,68.48,68.56,3460.705
2026-06-19 13:30:00,68.55,68.64,68.49,68.61,5167.784
2026-06-19 13:35:00,68.62,68.79,68.57,68.78,4022.737
2026-06-19 13:40:00,68.78,69.06,68.76,69.02,20763.675
2026-06-19 13:45:00,69.01,69.58,69.01,69.4,48663.047
2026-06-19 13:50:00,69.41,69.41,69.23,69.33,15140.027
2026-06-19 13:55:00,69.32,69.43,69.25,69.28,12272.268
2026-06-19 14:00:00,69.28,69.42,69.18,69.34,13803.571
2026-06-19 14:05:00,69.34,69.35,69.05,69.14,15669.606
2026-06-19 14:10:00,69.14,69.18,68.9,68.99,10143.957
2026-06-19 14:15:00,68.99,69.03,68.89,68.97,4822.281
2026-06-19 14:20:00,68.97,69.01,68.83,69.01,4379.534
2026-06-19 14:25:00,69.01,69.38,68.99,69.29,15834.83
2026-06-19 14:30:00,69.29,69.35,69.1,69.23,6378.546
2026-06-19 14:35:00,69.24,69.46,69.22,69.37,8858.69
2026-06-19 14:40:00,69.38,69.48,69.32,69.32,4515.692
2026-06-19 14:45:00,69.33,69.48,69.31,69.41,5069.086
2026-06-19 14:50:00,69.41,69.41,69.22,69.31,2510.867
2026-06-19 14:55:00,69.3,69.31,69.15,69.15,4841.732
2026-06-19 15:00:00,69.14,69.15,68.97,69.0,5320.69
2026-06-19 15:05:00,69.0,69.2,68.99,69.13,3223.447
2026-06-19 15:10:00,69.13,69.21,69.13,69.19,3377.008
2026-06-19 15:15:00,69.2,69.24,69.11,69.11,7462.111
2026-06-19 15:20:00,69.12,69.16,68.94,68.94,8216.829
2026-06-19 15:25:00,68.94,69.05,68.93,69.02,4347.42
2026-06-19 15:30:00,69.03,69.43,69.03,69.41,13259.583
2026-06-19 15:35:00,69.42,69.42,69.24,69.29,3079.653
2026-06-19 15:40:00,69.28,69.54,69.26,69.44,7950.557
2026-06-19 15:45:00,69.45,69.49,69.29,69.32,6009.672
2026-06-19 15:50:00,69.32,69.34,69.25,69.34,1940.242
2026-06-19 15:55:00,69.34,69.41,69.3,69.33,2047.539
2026-06-19 16:00:00,69.34,69.4,69.26,69.35,6473.787
2026-06-19 16:05:00,69.36,69.46,69.24,69.27,3586.582
2026-06-19 16:10:00,69.26,69.57,69.26,69.57,6624.453
2026-06-19 16:15:00,69.57,69.57,69.39,69.45,10409.402
2026-06-19 16:20:00,69.46,69.54,69.44,69.47,6298.149
2026-06-19 16:25:00,69.48,69.53,69.41,69.41,9068.993
2026-06-19 16:30:00,69.41,69.45,69.28,69.36,7961.78
2026-06-19 16:35:00,69.36,69.37,69.3,69.31,3307.023
2026-06-19 16:40:00,69.31,69.32,69.19,69.26,4608.862
2026-06-19 16:45:00,69.26,69.26,69.12,69.12,4865.804
2026-06-19 16:50:00,69.12,69.14,68.94,68.94,7520.455
2026-06-19 16:55:00,68.94,68.96,68.69,68.71,11774.805
2026-06-19 17:00:00,68.72,68.85,68.67,68.68,7774.894
2026-06-19 17:05:00,68.69,68.88,68.63,68.78,6250.058
2026-06-19 17:10:00,68.78,68.92,68.73,68.91,1788.486
2026-06-19 17:15:00,68.91,69.26,68.88,69.17,10142.179
2026-06-19 17:20:00,69.18,69.23,69.04,69.05,3339.204
2026-06-19 17:25:00,69.05,69.07,68.91,68.97,3880.285
2026-06-19 17:30:00,68.97,69.25,68.97,69.24,4691.616
2026-06-19 17:35:00,69.24,69.34,69.19,69.33,4112.497
2026-06-19 17:40:00,69.33,69.42,69.32,69.37,3826.547
2026-06-19 17:45:00,69.37,69.52,69.28,69.47,7532.295
2026-06-19 17:50:00,69.46,69.48,69.26,69.35,8893.505
2026-06-19 17:55:00,69.34,69.37,69.28,69.31,3324.033
2026-06-19 18:00:00,69.32,69.37,69.2,69.27,3523.38
2026-06-19 18:05:00,69.27,69.27,69.16,69.17,2084.394
2026-06-19 18:10:00,69.18,69.27,69.16,69.27,2809.482
2026-06-19 18:15:00,69.26,69.26,69.11,69.16,3328.672
2026-06-19 18:20:00,69.16,69.22,69.11,69.13,1186.135
2026-06-19 18:25:00,69.12,69.16,69.06,69.07,1532.425
2026-06-19 18:30:00,69.06,69.15,68.94,69.12,4508.152
2026-06-19 18:35:00,69.12,69.15,68.8,68.81,5258.185
2026-06-19 18:40:00,68.81,68.93,68.81,68.9,2966.062
2026-06-19 18:45:00,68.9,69.04,68.9,69.03,3261.812
2026-06-19 18:50:00,69.04,69.06,68.91,68.99,4155.899
2026-06-19 18:55:00,69.0,69.09,68.94,69.06,3438.06
2026-06-19 19:00:00,69.05,69.12,68.95,69.12,4037.367
2026-06-19 19:05:00,69.12,69.16,68.93,68.97,4249.973
2026-06-19 19:10:00,68.96,68.99,68.82,68.98,2515.705
2026-06-19 19:15:00,68.98,69.01,68.86,68.86,3376.897
2026-06-19 19:20:00,68.86,68.97,68.84,68.94,1725.775
2026-06-19 19:25:00,68.93,68.98,68.8,68.91,6449.86
2026-06-19 19:30:00,68.91,68.93,68.82,68.84,2033.154
2026-06-19 19:35:00,68.83,68.91,68.78,68.83,1648.677
2026-06-19 19:40:00,68.83,68.91,68.82,68.87,916.613
2026-06-19 19:45:00,68.88,68.99,68.83,68.96,1387.154
2026-06-19 19:50:00,68.95,69.13,68.94,69.11,11688.926
2026-06-19 19:55:00,69.12,69.13,68.93,68.97,4888.13
2026-06-19 20:00:00,68.97,69.09,68.94,68.95,3476.409
2026-06-19 20:05:00,68.95,69.08,68.95,69.02,1512.04
2026-06-19 20:10:00,69.02,69.04,68.94,69.01,2620.842
2026-06-19 20:15:00,69.01,69.01,68.85,68.87,2263.247
2026-06-19 20:20:00,68.86,68.87,68.72,68.82,1685.811
2026-06-19 20:25:00,68.83,68.95,68.83,68.95,1518.732
2026-06-19 20:30:00,68.94,69.02,68.85,68.89,2193.002
2026-06-19 20:35:00,68.88,68.98,68.86,68.86,4780.915
2026-06-19 20:40:00,68.87,68.96,68.83,68.93,1621.034
2026-06-19 20:45:00,68.92,69.15,68.92,69.12,2621.452
2026-06-19 20:50:00,69.11,69.18,69.07,69.15,3232.054
2026-06-19 20:55:00,69.15,69.31,69.15,69.25,3928.673
2026-06-19 21:00:00,69.25,69.25,69.11,69.15,3136.442
2026-06-19 21:05:00,69.15,69.19,69.09,69.16,2307.088
2026-06-19 21:10:00,69.15,69.31,69.15,69.3,3314.835
2026-06-19 21:15:00,69.29,69.31,69.24,69.27,1341.635
2026-06-19 21:20:00,69.27,69.28,69.16,69.2,1063.89
2026-06-19 21:25:00,69.2,69.2,69.03,69.14,3536.071
2026-06-19 21:30:00,69.14,69.2,69.09,69.1,1848.038
2026-06-19 21:35:00,69.1,69.11,68.97,68.98,4619.348
2026-06-19 21:40:00,68.98,69.01,68.93,68.95,5000.701
2026-06-19 21:45:00,68.95,68.99,68.94,68.96,2433.277
2026-06-19 21:50:00,68.97,69.02,68.94,68.96,3520.757
2026-06-19 21:55:00,68.96,69.02,68.91,69.02,2460.607
2026-06-19 22:00:00,69.01,69.09,69.0,69.05,4288.246
2026-06-19 22:05:00,69.04,69.07,69.0,69.07,3019.904
2026-06-19 22:10:00,69.06,69.09,69.01,69.09,1166.709
2026-06-19 22:15:00,69.08,69.22,69.08,69.21,2471.96
2026-06-19 22:20:00,69.22,69.38,69.22,69.36,5016.958
2026-06-19 22:25:00,69.36,69.4,69.31,69.32,2199.322
2026-06-19 22:30:00,69.32,69.36,69.29,69.36,2616.769
2026-06-19 22:35:00,69.36,69.37,69.27,69.36,4563.232
2026-06-19 22:40:00,69.36,69.44,69.31,69.37,20501.22
2026-06-19 22:45:00,69.36,69.44,69.26,69.44,3081.772
2026-06-19 22:50:00,69.44,69.44,69.34,69.4,1639.077
2026-06-19 22:55:00,69.39,69.43,69.34,69.42,10808.093
2026-06-19 23:00:00,69.43,69.45,69.33,69.38,2810.752
2026-06-19 23:05:00,69.39,69.41,69.3,69.3,2829.881
2026-06-19 23:10:00,69.3,69.34,69.24,69.31,3769.815
2026-06-19 23:15:00,69.31,69.34,69.27,69.34,2205.96
2026-06-19 23:20:00,69.33,69.37,69.3,69.37,1161.774
2026-06-19 23:25:00,69.38,69.46,69.35,69.45,2342.706
2026-06-19 23:30:00,69.45,69.54,69.42,69.47,3289.381
2026-06-19 23:35:00,69.47,69.54,69.44,69.49,4064.872
2026-06-19 23:40:00,69.49,69.49,69.41,69.47,3976.195
2026-06-19 23:45:00,69.46,69.46,69.4,69.42,16799.533
2026-06-19 23:50:00,69.43,69.54,69.41,69.49,3490.001
2026-06-19 23:55:00,69.49,69.87,69.49,69.74,25973.918
2026-06-20 00:00:00,69.73,69.87,69.68,69.73,12748.929
2026-06-20 00:05:00,69.74,69.82,69.65,69.66,6346.02
2026-06-20 00:10:00,69.66,69.7,69.61,69.7,4405.811
2026-06-20 00:15:00,69.69,69.78,69.69,69.75,8151.691
2026-06-20 00:20:00,69.75,69.89,69.71,69.88,7191.297
2026-06-20 00:25:00,69.89,69.95,69.83,69.9,7432.492
2026-06-20 00:30:00,69.89,70.12,69.79,70.1,16697.154
2026-06-20 00:35:00,70.1,70.1,69.83,69.85,6674.11
2026-06-20 00:40:00,69.85,69.85,69.73,69.82,5607.65
2026-06-20 00:45:00,69.81,69.81,69.69,69.79,5348.834
2026-06-20 00:50:00,69.78,69.78,69.65,69.77,6804.816
2026-06-20 00:55:00,69.77,69.77,69.61,69.63,2283.653
2026-06-20 01:00:00,69.62,69.69,69.61,69.63,3049.308
2026-06-20 01:05:00,69.62,69.69,69.55,69.58,2145.354
2026-06-20 01:10:00,69.57,69.59,69.55,69.58,2163.819
2026-06-20 01:15:00,69.58,69.68,69.55,69.67,1028.69
2026-06-20 01:20:00,69.67,69.73,69.64,69.64,2730.775
2026-06-20 01:25:00,69.64,69.65,69.54,69.63,1854.813
2026-06-20 01:30:00,69.62,69.79,69.62,69.78,4497.338
2026-06-20 01:35:00,69.78,69.95,69.75,69.93,4491.604
2026-06-20 01:40:00,69.93,69.93,69.75,69.79,2760.368
2026-06-20 01:45:00,69.79,69.85,69.75,69.82,1466.872
2026-06-20 01:50:00,69.83,69.85,69.77,69.84,5172.099
2026-06-20 01:55:00,69.84,69.84,69.77,69.8,948.662
2026-06-20 02:00:00,69.8,69.86,69.76,69.78,1667.384
2026-06-20 02:05:00,69.77,69.77,69.64,69.66,2430.618
2026-06-20 02:10:00,69.67,69.72,69.64,69.68,1288.644
2026-06-20 02:15:00,69.67,69.67,69.5,69.51,4071.5
2026-06-20 02:20:00,69.51,69.56,69.48,69.53,11699.217
2026-06-20 02:25:00,69.53,69.57,69.49,69.52,1359.339
2026-06-20 02:30:00,69.52,69.73,69.52,69.67,3274.641
2026-06-20 02:35:00,69.68,69.72,69.58,69.6,1365.061
2026-06-20 02:40:00,69.6,69.62,69.52,69.59,1750.86
2026-06-20 02:45:00,69.59,69.73,69.59,69.69,2152.88
2026-06-20 02:50:00,69.68,69.72,69.6,69.69,3875.567
2026-06-20 02:55:00,69.69,69.7,69.63,69.65,1597.352
2026-06-20 03:00:00,69.66,69.75,69.62,69.73,1279.351
2026-06-20 03:05:00,69.73,69.8,69.69,69.75,3226.053
2026-06-20 03:10:00,69.74,69.85,69.73,69.82,2006.462
2026-06-20 03:15:00,69.83,70.01,69.83,69.94,4773.152
2026-06-20 03:20:00,69.94,69.98,69.89,69.97,3921.816
2026-06-20 03:25:00,69.97,70.03,69.89,69.97,13218.979
2026-06-20 03:30:00,69.97,70.05,69.91,69.92,7471.105
2026-06-20 03:35:00,69.93,70.06,69.89,70.05,4419.061
2026-06-20 03:40:00,70.04,70.09,70.0,70.07,5593.684
2026-06-20 03:45:00,70.07,70.11,69.97,70.1,4282.275
2026-06-20 03:50:00,70.11,70.11,70.02,70.02,2607.166
2026-06-20 03:55:00,70.01,70.01,69.96,70.0,624.706
2026-06-20 04:00:00,70.0,70.01,69.9,69.97,5919.37
2026-06-20 04:05:00,69.97,70.06,69.91,69.92,2725.894
2026-06-20 04:10:00,69.91,70.03,69.89,70.02,2833.176
2026-06-20 04:15:00,70.03,70.27,70.0,70.2,13930.227
2026-06-20 04:20:00,70.2,70.26,70.16,70.26,4959.696
2026-06-20 04:25:00,70.25,70.43,70.25,70.43,7038.364
2026-06-20 04:30:00,70.42,70.47,70.35,70.4,10475.094
2026-06-20 04:35:00,70.4,70.63,70.4,70.62,14196.873
2026-06-20 04:40:00,70.63,70.92,70.59,70.89,12683.029
2026-06-20 04:45:00,70.89,70.95,70.74,70.94,11943.792
2026-06-20 04:50:00,70.95,71.09,70.89,70.9,10311.658
2026-06-20 04:55:00,70.9,70.91,70.78,70.86,6525.785
2026-06-20 05:00:00,70.87,70.96,70.72,70.94,5704.95
2026-06-20 05:05:00,70.95,71.55,70.91,71.52,23710.473
2026-06-20 05:10:00,71.52,72.46,71.52,72.21,66644.228
2026-06-20 05:15:00,72.2,72.36,71.95,72.01,17873.223
2026-06-20 05:20:00,72.01,72.01,71.61,71.69,10173.284
2026-06-20 05:25:00,71.7,71.7,71.44,71.46,8508.1
2026-06-20 05:30:00,71.47,71.73,71.47,71.63,11397.077
2026-06-20 05:35:00,71.64,71.8,71.59,71.8,8612.101
2026-06-20 05:40:00,71.8,71.87,71.63,71.63,4637.187
2026-06-20 05:45:00,71.64,71.74,71.56,71.68,6511.658
2026-06-20 05:50:00,71.68,71.84,71.59,71.78,5102.11
2026-06-20 05:55:00,71.78,71.85,71.74,71.8,4809.504
2026-06-20 06:00:00,71.8,71.94,71.8,71.86,5207.514
2026-06-20 06:05:00,71.87,71.94,71.71,71.74,4058.811
2026-06-20 06:10:00,71.73,71.91,71.71,71.91,4799.307
2026-06-20 06:15:00,71.92,72.07,71.82,72.04,8508.504
2026-06-20 06:20:00,72.05,72.39,72.02,72.26,11652.795
2026-06-20 06:25:00,72.27,72.28,72.05,72.07,18237.03
2026-06-20 06:30:00,72.07,72.11,71.99,72.1,6419.778
2026-06-20 06:35:00,72.1,72.3,72.07,72.28,7892.391
2026-06-20 06:40:00,72.27,72.3,72.18,72.2,11257.544
2026-06-20 06:45:00,72.2,72.3,72.14,72.26,15654.335
2026-06-20 06:50:00,72.26,72.27,72.08,72.13,6094.395
2026-06-20 06:55:00,72.13,72.14,72.03,72.12,4198.413
2026-06-20 07:00:00,72.12,72.15,71.7,71.74,14545.959
2026-06-20 07:05:00,71.74,71.74,71.57,71.65,10563.578
2026-06-20 07:10:00,71.65,71.74,71.64,71.71,4511.951
2026-06-20 07:15:00,71.71,71.81,71.66,71.79,5124.728
2026-06-20 07:20:00,71.79,71.91,71.7,71.88,2609.153
2026-06-20 07:25:00,71.88,71.98,71.85,71.92,4455.646
2026-06-20 07:30:00,71.93,71.97,71.81,71.81,4900.019
2026-06-20 07:35:00,71.82,71.87,71.74,71.8,2479.696
2026-06-20 07:40:00,71.81,71.83,71.72,71.73,3747.513
2026-06-20 07:45:00,71.73,71.77,71.65,71.67,5696.302
2026-06-20 07:50:00,71.67,71.67,71.45,71.51,10249.31
2026-06-20 07:55:00,71.51,71.6,71.47,71.6,7048.363
2026-06-20 08:00:00,71.6,71.63,71.35,71.57,14452.674
2026-06-20 08:05:00,71.57,71.57,71.44,71.46,3144.455
2026-06-20 08:10:00,71.47,71.52,71.45,71.52,3802.696
2026-06-20 08:15:00,71.52,71.65,71.52,71.63,4764.503
2026-06-20 08:20:00,71.64,71.64,71.53,71.61,3025.587
2026-06-20 08:25:00,71.61,71.61,71.53,71.53,4963.644
2026-06-20 08:30:00,71.54,71.54,71.42,71.49,4270.294
2026-06-20 08:35:00,71.48,71.5,71.31,71.43,6584.452
2026-06-20 08:40:00,71.44,71.45,71.37,71.44,2178.573
2026-06-20 08:45:00,71.44,71.44,71.34,71.38,3837.766
2026-06-20 08:50:00,71.38,71.38,71.27,71.32,11697.647
2026-06-20 08:55:00,71.32,71.38,71.32,71.34,1964.22
2026-06-20 09:00:00,71.34,71.49,71.34,71.44,3144.787
2026-06-20 09:05:00,71.44,71.46,71.36,71.36,2639.692
2026-06-20 09:10:00,71.35,71.42,71.34,71.38,2131.272
2026-06-20 09:15:00,71.38,71.39,71.22,71.22,3971.227
2026-06-20 09:20:00,71.22,71.41,71.21,71.36,9195.764
2026-06-20 09:25:00,71.36,71.39,71.3,71.38,2359.94
2026-06-20 09:30:00,71.38,71.51,71.36,71.5,5263.325
2026-06-20 09:35:00,71.5,71.6,71.44,71.46,3879.403
2026-06-20 09:40:00,71.46,71.57,71.43,71.57,2928.723
2026-06-20 09:45:00,71.58,71.59,71.48,71.51,13286.629
2026-06-20 09:50:00,71.52,71.63,71.51,71.6,3631.033
2026-06-20 09:55:00,71.61,71.63,71.55,71.57,2766.08
2026-06-20 10:00:00,71.57,71.59,71.42,71.59,3904.148
2026-06-20 10:05:00,71.59,71.65,71.56,71.56,3587.777
2026-06-20 10:10:00,71.57,71.57,71.51,71.51,1837.729
2026-06-20 10:15:00,71.51,71.65,71.51,71.59,2687.083
2026-06-20 10:20:00,71.59,71.61,71.51,71.57,2220.804
2026-06-20 10:25:00,71.58,71.61,71.56,71.61,2982.815
2026-06-20 10:30:00,71.61,71.64,71.57,71.57,7920.585
2026-06-20 10:35:00,71.58,71.58,71.44,71.5,2520.326
2026-06-20 10:40:00,71.5,71.52,71.41,71.47,2314.97
2026-06-20 10:45:00,71.48,71.69,71.48,71.66,3093.199
2026-06-20 10:50:00,71.65,71.72,71.61,71.66,3303.091
2026-06-20 10:55:00,71.65,71.7,71.64,71.69,1719.994
2026-06-20 11:00:00,71.69,71.76,71.68,71.68,2829.476
2026-06-20 11:05:00,71.68,71.68,71.45,71.48,2688.933
2026-06-20 11:10:00,71.48,71.53,71.47,71.53,1747.503
2026-06-20 11:15:00,71.53,71.6,71.47,71.48,7310.21
2026-06-20 11:20:00,71.48,71.62,71.48,71.57,3406.09
2026-06-20 11:25:00,71.57,71.61,71.54,71.61,2509.95
2026-06-20 11:30:00,71.61,71.66,71.58,71.58,1814.85
2026-06-20 11:35:00,71.58,71.69,71.58,71.69,1805.483
2026-06-20 11:40:00,71.69,71.9,71.69,71.85,6108.776
2026-06-20 11:45:00,71.85,71.93,71.8,71.93,6711.606
2026-06-20 11:50:00,71.93,72.1,71.86,71.86,16258.972
2026-06-20 11:55:00,71.86,71.92,71.76,71.78,3298.599
2026-06-20 12:00:00,71.78,71.83,71.72,71.83,3100.419
2026-06-20 12:05:00,71.83,71.93,71.78,71.9,6814.884
2026-06-20 12:10:00,71.91,71.93,71.8,71.9,3600.285
2026-06-20 12:15:00,71.9,71.94,71.78,71.86,4431.507
2026-06-20 12:20:00,71.86,71.9,71.8,71.84,6470.267
2026-06-20 12:25:00,71.85,71.85,71.77,71.8,5094.273
2026-06-20 12:30:00,71.79,71.8,71.68,71.71,4891.726
2026-06-20 12:35:00,71.7,71.7,71.47,71.55,17558.103
2026-06-20 12:40:00,71.54,71.59,71.5,71.59,2034.632
2026-06-20 12:45:00,71.58,71.59,71.53,71.55,2934.628
2026-06-20 12:50:00,71.56,71.56,71.38,71.51,4944.173
2026-06-20 12:55:00,71.51,71.59,71.44,71.56,4611.49
2026-06-20 13:00:00,71.55,71.56,71.49,71.53,2395.888
2026-06-20 13:05:00,71.52,71.57,71.49,71.56,1670.092
2026-06-20 13:10:00,71.55,71.57,71.47,71.5,2728.224
2026-06-20 13:15:00,71.5,71.58,71.46,71.47,3543.493
2026-06-20 13:20:00,71.46,71.46,71.07,71.08,16763.024
2026-06-20 13:25:00,71.09,71.11,70.75,70.89,23973.581
2026-06-20 13:30:00,70.88,71.0,70.87,70.94,8131.011
2026-06-20 13:35:00,70.94,71.08,70.91,71.04,5484.301
2026-06-20 13:40:00,71.05,71.16,71.04,71.15,6993.793
2026-06-20 13:45:00,71.16,71.31,71.14,71.3,4573.06
2026-06-20 13:50:00,71.29,71.31,71.13,71.14,4800.748
2026-06-20 13:55:00,71.13,71.26,71.13,71.19,4404.946
2026-06-20 14:00:00,71.19,71.2,70.99,70.99,5997.61
2026-06-20 14:05:00,70.98,70.98,70.61,70.62,10474.125
2026-06-20 14:10:00,70.61,70.69,70.47,70.53,11476.801
2026-06-20 14:15:00,70.53,70.75,70.53,70.74,4584.417
2026-06-20 14:20:00,70.73,70.82,70.62,70.79,7156.74
2026-06-20 14:25:00,70.79,70.8,70.74,70.79,1439.68
2026-06-20 14:30:00,70.78,70.94,70.72,70.89,10094.269
2026-06-20 14:35:00,70.88,71.0,70.88,70.94,3564.561
2026-06-20 14:40:00,70.94,71.17,70.87,71.16,4482.977
2026-06-20 14:45:00,71.15,72.18,71.06,72.04,60945.091
2026-06-20 14:50:00,72.04,72.04,71.8,71.83,28277.649
2026-06-20 14:55:00,71.84,71.98,71.81,71.93,17532.639
2026-06-20 15:00:00,71.94,72.0,71.49,71.97,107234.288
2026-06-20 15:05:00,71.96,71.96,71.67,71.76,6313.614
2026-06-20 15:10:00,71.76,71.99,71.71,71.99,10793.722
2026-06-20 15:15:00,71.98,72.57,71.85,72.37,51538.195
2026-06-20 15:20:00,72.36,72.62,72.08,72.21,100444.991
2026-06-20 15:25:00,72.21,72.23,72.13,72.17,8549.159
2026-06-20 15:30:00,72.17,72.27,72.03,72.11,18905.39
2026-06-20 15:35:00,72.11,72.11,72.0,72.02,12205.815
2026-06-20 15:40:00,72.02,72.03,71.75,71.8,11505.153
2026-06-20 15:45:00,71.8,72.05,71.8,71.98,7916.202
2026-06-20 15:50:00,71.99,72.01,71.91,71.97,4077.402
2026-06-20 15:55:00,71.97,72.08,71.94,72.02,5598.368
2026-06-20 16:00:00,72.03,72.05,71.59,71.74,64685.015
2026-06-20 16:05:00,71.74,71.75,71.66,71.74,4654.014
2026-06-20 16:10:00,71.75,71.77,71.64,71.71,4390.399
2026-06-20 16:15:00,71.71,71.84,71.69,71.75,7093.019
2026-06-20 16:20:00,71.76,71.76,71.48,71.59,8262.68
2026-06-20 16:25:00,71.58,71.62,71.46,71.47,5872.545
2026-06-20 16:30:00,71.48,71.51,71.32,71.48,9126.621
2026-06-20 16:35:00,71.48,71.59,71.43,71.59,5242.74
2026-06-20 16:40:00,71.59,71.59,71.51,71.55,4017.308
2026-06-20 16:45:00,71.55,71.65,71.48,71.61,4088.531
2026-06-20 16:50:00,71.62,71.65,71.58,71.59,4671.016
2026-06-20 16:55:00,71.59,71.67,71.55,71.67,5927.887
2026-06-20 17:00:00,71.67,71.68,71.49,71.57,3611.623
2026-06-20 17:05:00,71.57,71.57,71.41,71.42,2356.452
2026-06-20 17:10:00,71.41,71.51,71.39,71.5,3586.135
2026-06-20 17:15:00,71.5,71.52,71.31,71.52,4798.859
2026-06-20 17:20:00,71.51,71.55,71.38,71.42,2888.698
2026-06-20 17:25:00,71.43,71.58,71.36,71.55,2751.714
2026-06-20 17:30:00,71.55,71.63,71.45,71.52,3617.149
2026-06-20 17:35:00,71.51,71.51,71.09,71.29,15780.592
2026-06-20 17:40:00,71.3,71.44,71.23,71.44,3661.046
2026-06-20 17:45:00,71.44,71.56,71.4,71.44,5541.822
2026-06-20 17:50:00,71.43,71.55,71.43,71.51,2366.669
2026-06-20 17:55:00,71.52,71.67,71.52,71.55,1973.986
2026-06-20 18:00:00,71.56,71.78,71.53,71.68,6038.072
2026-06-20 18:05:00,71.67,71.71,71.58,71.7,4984.85
2026-06-20 18:10:00,71.69,71.78,71.66,71.67,3401.292
2026-06-20 18:15:00,71.67,71.87,71.67,71.72,10436.644
2026-06-20 18:20:00,71.73,71.75,71.69,71.73,3891.709
2026-06-20 18:25:00,71.73,71.89,71.72,71.88,7997.946
2026-06-20 18:30:00,71.88,71.99,71.86,71.89,9546.784
2026-06-20 18:35:00,71.88,71.89,71.81,71.88,7015.463
2026-06-20 18:40:00,71.87,71.87,71.72,71.79,4129.494
2026-06-20 18:45:00,71.79,71.84,71.73,71.78,6698.274
2026-06-20 18:50:00,71.78,71.81,71.7,71.74,1556.233
2026-06-20 18:55:00,71.74,71.77,71.71,71.75,3927.833
2026-06-20 19:00:00,71.75,71.85,71.72,71.79,7383.347
2026-06-20 19:05:00,71.79,71.79,71.61,71.79,7704.158
2026-06-20 19:10:00,71.8,71.85,71.76,71.79,4835.854
2026-06-20 19:15:00,71.8,71.82,71.66,71.7,5136.389
2026-06-20 19:20:00,71.71,71.77,71.68,71.73,5318.735
2026-06-20 19:25:00,71.73,71.77,71.6,71.66,7503.614
2026-06-20 19:30:00,71.67,71.79,71.64,71.79,2946.326
2026-06-20 19:35:00,71.79,71.81,71.75,71.78,3033.03
2026-06-20 19:40:00,71.78,71.92,71.78,71.89,4375.123
2026-06-20 19:45:00,71.89,71.91,71.81,71.84,1835.891
2026-06-20 19:50:00,71.84,71.87,71.81,71.81,2272.606
2026-06-20 19:55:00,71.8,71.88,71.78,71.86,1580.917
2026-06-20 20:00:00,71.86,71.96,71.86,71.91,8669.494
2026-06-20 20:05:00,71.92,71.99,71.9,71.9,3111.274
2026-06-20 20:10:00,71.9,71.95,71.88,71.91,1998.728
2026-06-20 20:15:00,71.91,71.94,71.85,71.92,2159.462
2026-06-20 20:20:00,71.91,71.93,71.87,71.91,1557.642
2026-06-20 20:25:00,71.9,71.94,71.82,71.84,2214.762
2026-06-20 20:30:00,71.85,71.85,71.7,71.79,6831.002
2026-06-20 20:35:00,71.78,71.83,71.75,71.81,3901.379
2026-06-20 20:40:00,71.82,71.91,71.77,71.86,2336.539
2026-06-20 20:45:00,71.86,71.93,71.85,71.92,2925.25
2026-06-20 20:50:00,71.91,72.03,71.89,71.96,6015.435
2026-06-20 20:55:00,71.97,72.07,71.97,72.01,4438.901
2026-06-20 21:00:00,72.02,72.09,71.96,72.07,3740.874
2026-06-20 21:05:00,72.07,72.1,72.06,72.08,1307.368
2026-06-20 21:10:00,72.08,72.4,72.07,72.28,9580.733
2026-06-20 21:15:00,72.29,72.31,72.22,72.27,4375.962
2026-06-20 21:20:00,72.26,72.27,72.17,72.25,2722.119
2026-06-20 21:25:00,72.24,72.26,72.14,72.15,2735.869
2026-06-20 21:30:00,72.16,72.25,72.12,72.21,5418.074
2026-06-20 21:35:00,72.22,72.32,72.22,72.28,3860.113
2026-06-20 21:40:00,72.27,72.38,72.27,72.34,4027.504
2026-06-20 21:45:00,72.34,72.43,72.27,72.42,3380.688
2026-06-20 21:50:00,72.42,72.42,72.29,72.32,2836.349
2026-06-20 21:55:00,72.32,72.45,72.28,72.41,5025.033
2026-06-20 22:00:00,72.41,72.5,72.36,72.47,5398.453
2026-06-20 22:05:00,72.46,72.58,72.44,72.58,8310.272
2026-06-20 22:10:00,72.58,73.38,72.54,73.37,46741.094
2026-06-20 22:15:00,73.36,73.39,72.99,73.02,21288.086
2026-06-20 22:20:00,73.01,73.66,72.98,73.65,30130.555
2026-06-20 22:25:00,73.65,73.98,73.46,73.96,19161.083
2026-06-20 22:30:00,73.96,74.3,73.6,74.14,55821.111
2026-06-20 22:35:00,74.15,74.26,73.83,73.9,28118.442
2026-06-20 22:40:00,73.91,74.1,73.82,73.89,13626.984
2026-06-20 22:45:00,73.9,73.91,73.53,73.69,13666.695
2026-06-20 22:50:00,73.69,73.84,73.6,73.64,9340.671
2026-06-20 22:55:00,73.63,73.68,73.54,73.56,3768.034
2026-06-20 23:00:00,73.56,73.62,73.47,73.62,8317.253
2026-06-20 23:05:00,73.62,73.65,73.42,73.52,7825.848
2026-06-20 23:10:00,73.52,73.56,73.43,73.46,5180.614
2026-06-20 23:15:00,73.46,73.63,73.44,73.5,6709.643
2026-06-20 23:20:00,73.49,73.55,73.38,73.53,8771.348
2026-06-20 23:25:00,73.52,73.53,73.29,73.34,5694.937
2026-06-20 23:30:00,73.33,73.47,73.26,73.27,4200.22
2026-06-20 23:35:00,73.27,73.44,73.24,73.44,4210.549
2026-06-20 23:40:00,73.43,73.43,73.34,73.39,3717.634
2026-06-20 23:45:00,73.39,73.39,73.26,73.29,2572.04
2026-06-20 23:50:00,73.29,73.3,73.23,73.3,4243.859
2026-06-20 23:55:00,73.3,73.3,73.21,73.22,4487.863
2026-06-21 00:00:00,73.22,73.26,73.07,73.21,3686.269
2026-06-21 00:05:00,73.21,73.28,73.12,73.12,3215.847
2026-06-21 00:10:00,73.13,73.21,73.08,73.2,7690.95
2026-06-21 00:15:00,73.2,73.24,73.13,73.16,5284.044
2026-06-21 00:20:00,73.16,73.28,73.07,73.09,4961.265
2026-06-21 00:25:00,73.09,73.1,73.02,73.04,4459.527
2026-06-21 00:30:00,73.04,73.11,73.02,73.11,2625.751
2026-06-21 00:35:00,73.12,73.23,73.07,73.14,4351.278
2026-06-21 00:40:00,73.13,73.13,73.05,73.08,3798.121
2026-06-21 00:45:00,73.08,73.17,73.04,73.16,3158.49
2026-06-21 00:50:00,73.17,73.21,73.1,73.15,5404.962
2026-06-21 00:55:00,73.15,73.2,73.07,73.2,2147.309
2026-06-21 01:00:00,73.2,73.32,73.15,73.17,12902.254
2026-06-21 01:05:00,73.18,73.24,73.12,73.21,2961.83
2026-06-21 01:10:00,73.21,73.24,73.15,73.17,2691.389
2026-06-21 01:15:00,73.17,73.18,73.07,73.11,2878.6
2026-06-21 01:20:00,73.1,73.1,72.9,72.98,10769.356
2026-06-21 01:25:00,72.98,73.02,72.96,72.97,3555.118
2026-06-21 01:30:00,72.96,73.02,72.88,73.01,4983.765
2026-06-21 01:35:00,73.02,73.16,72.99,73.02,4526.02
2026-06-21 01:40:00,73.01,73.12,73.0,73.12,3695.807
2026-06-21 01:45:00,73.12,73.24,73.09,73.12,2457.787
2026-06-21 01:50:00,73.13,73.25,73.12,73.25,1478.538
2026-06-21 01:55:00,73.24,73.26,73.19,73.19,2804.674
2026-06-21 02:00:00,73.19,73.21,73.08,73.19,3730.394
2026-06-21 02:05:00,73.19,73.2,73.1,73.18,1978.317
2026-06-21 02:10:00,73.17,73.26,73.13,73.26,2027.278
2026-06-21 02:15:00,73.25,73.25,73.12,73.24,1705.977
2026-06-21 02:20:00,73.24,73.24,73.15,73.16,1326.792
2026-06-21 02:25:00,73.17,73.2,73.15,73.18,3869.52
2026-06-21 02:30:00,73.18,73.23,73.12,73.22,3868.071
2026-06-21 02:35:00,73.23,73.3,73.21,73.28,2377.214
2026-06-21 02:40:00,73.27,73.31,73.23,73.24,4575.291
2026-06-21 02:45:00,73.23,73.39,73.22,73.38,3117.911
2026-06-21 02:50:00,73.38,73.38,73.26,73.29,2161.12
2026-06-21 02:55:00,73.29,73.35,73.28,73.34,1215.865
2026-06-21 03:00:00,73.34,73.41,73.13,73.2,51798.349
2026-06-21 03:05:00,73.21,73.45,73.2,73.38,9511.942
2026-06-21 03:10:00,73.37,73.69,73.37,73.69,8185.612
2026-06-21 03:15:00,73.69,73.69,73.46,73.63,14490.525
2026-06-21 03:20:00,73.64,73.86,73.6,73.7,8898.86
2026-06-21 03:25:00,73.7,73.78,73.53,73.53,3823.427
2026-06-21 03:30:00,73.54,73.66,73.43,73.64,2958.069
2026-06-21 03:35:00,73.64,73.77,73.57,73.68,4061.223
2026-06-21 03:40:00,73.67,73.76,73.62,73.75,2053.796
2026-06-21 03:45:00,73.75,73.78,73.66,73.78,3003.455
2026-06-21 03:50:00,73.78,73.78,73.6,73.6,3060.426
2026-06-21 03:55:00,73.6,73.66,73.58,73.63,1957.685
2026-06-21 04:00:00,73.63,73.66,73.54,73.54,6307.895
2026-06-21 04:05:00,73.53,73.56,73.48,73.52,4016.849
2026-06-21 04:10:00,73.51,73.52,73.46,73.51,1639.678
2026-06-21 04:15:00,73.52,73.64,73.51,73.64,1991.338
2026-06-21 04:20:00,73.64,73.76,73.64,73.74,4083.35
2026-06-21 04:25:00,73.73,73.84,73.7,73.78,3822.573
2026-06-21 04:30:00,73.78,73.8,73.71,73.79,2194.399
2026-06-21 04:35:00,73.79,73.82,73.63,73.71,3067.485
2026-06-21 04:40:00,73.71,73.82,73.69,73.75,2978.548
2026-06-21 04:45:00,73.74,73.75,73.65,73.69,3720.133
2026-06-21 04:50:00,73.69,73.69,73.42,73.5,8947.601
2026-06-21 04:55:00,73.49,73.5,73.39,73.44,2286.027
2026-06-21 05:00:00,73.44,73.52,73.33,73.33,3330.713
2026-06-21 05:05:00,73.34,73.36,73.25,73.26,2626.704
2026-06-21 05:10:00,73.25,73.29,73.21,73.21,2391.708
2026-06-21 05:15:00,73.21,73.22,73.05,73.09,9327.167
2026-06-21 05:20:00,73.09,73.25,73.03,73.21,6933.141
2026-06-21 05:25:00,73.21,73.24,73.19,73.21,2194.146
2026-06-21 05:30:00,73.21,73.27,73.17,73.19,2081.857
2026-06-21 05:35:00,73.19,73.2,73.16,73.17,3504.188
2026-06-21 05:40:00,73.17,73.22,73.11,73.15,2380.777
2026-06-21 05:45:00,73.14,73.15,73.07,73.15,4990.261
2026-06-21 05:50:00,73.14,73.15,73.01,73.06,4273.746
2026-06-21 05:55:00,73.07,73.1,73.03,73.09,1883.89
2026-06-21 06:00:00,73.09,73.2,73.05,73.06,6792.097
2026-06-21 06:05:00,73.07,73.15,73.05,73.1,1778.669
2026-06-21 06:10:00,73.1,73.13,73.04,73.07,2696.27
2026-06-21 06:15:00,73.06,73.22,73.05,73.15,3733.41
2026-06-21 06:20:00,73.15,73.25,73.13,73.19,6826.495
2026-06-21 06:25:00,73.19,73.29,73.16,73.23,4159.924
2026-06-21 06:30:00,73.24,73.24,73.13,73.24,3197.885
2026-06-21 06:35:00,73.25,73.33,73.23,73.33,2551.055
2026-06-21 06:40:00,73.33,73.36,73.3,73.3,4410.871
2026-06-21 06:45:00,73.31,73.33,73.21,73.21,2039.985
2026-06-21 06:50:00,73.21,73.27,73.2,73.27,1471.332
2026-06-21 06:55:00,73.27,73.31,73.23,73.24,1817.305
2026-06-21 07:00:00,73.25,73.28,73.2,73.22,2285.246
2026-06-21 07:05:00,73.22,73.35,73.22,73.32,3395.857
2026-06-21 07:10:00,73.32,73.37,73.3,73.35,1994.984
2026-06-21 07:15:00,73.34,73.45,73.34,73.35,2229.165
2026-06-21 07:20:00,73.34,73.36,73.29,73.3,2358.704
2026-06-21 07:25:00,73.29,73.31,73.2,73.29,4122.588
2026-06-21 07:30:00,73.28,73.44,73.25,73.4,30927.592
2026-06-21 07:35:00,73.4,73.41,73.07,73.25,101544.401
2026-06-21 07:40:00,73.24,73.37,73.2,73.34,8341.754
2026-06-21 07:45:00,73.35,73.37,73.29,73.3,2479.001
2026-06-21 07:50:00,73.29,73.29,73.15,73.15,2044.348
2026-06-21 07:55:00,73.16,73.22,73.11,73.21,5253.136
2026-06-21 08:00:00,73.21,73.25,73.17,73.2,3265.257
2026-06-21 08:05:00,73.21,73.25,73.07,73.08,4320.48
2026-06-21 08:10:00,73.08,73.2,73.06,73.14,4336.46
2026-06-21 08:15:00,73.13,73.14,73.02,73.03,1314.01
2026-06-21 08:20:00,73.02,73.08,72.96,73.06,15731.581
2026-06-21 08:25:00,73.05,73.08,73.0,73.01,3954.285
2026-06-21 08:30:00,73.01,73.05,72.91,72.92,7918.376
2026-06-21 08:35:00,72.92,72.95,72.75,72.87,16941.956
2026-06-21 08:40:00,72.88,73.06,72.87,73.0,12811.329
2026-06-21 08:45:00,72.99,73.01,72.9,73.0,11514.623
2026-06-21 08:50:00,73.0,73.1,72.92,73.06,4555.308
2026-06-21 08:55:00,73.05,73.16,73.05,73.15,10698.802
2026-06-21 09:00:00,73.16,73.24,73.08,73.23,7950.833
2026-06-21 09:05:00,73.23,73.26,73.14,73.16,2186.994
2026-06-21 09:10:00,73.16,73.23,73.13,73.23,2973.127
2026-06-21 09:15:00,73.23,73.41,73.21,73.36,14259.933
2026-06-21 09:20:00,73.36,73.54,73.33,73.46,11437.151
2026-06-21 09:25:00,73.46,73.7,73.46,73.58,10133.052
2026-06-21 09:30:00,73.59,73.83,73.59,73.82,9684.704
2026-06-21 09:35:00,73.81,74.02,73.8,73.89,18284.083
2026-06-21 09:40:00,73.9,73.94,73.78,73.8,11892.997
2026-06-21 09:45:00,73.8,74.0,73.74,73.97,11986.666
2026-06-21 09:50:00,73.96,74.07,73.94,73.95,7705.241
2026-06-21 09:55:00,73.96,74.1,73.9,74.05,14980.925
2026-06-21 10:00:00,74.04,74.05,73.87,73.91,9616.352
2026-06-21 10:05:00,73.91,74.14,73.9,74.14,11942.082
2026-06-21 10:10:00,74.13,74.15,74.04,74.04,7777.228
2026-06-21 10:15:00,74.04,74.14,73.97,74.13,6165.649
2026-06-21 10:20:00,74.14,74.4,74.09,74.29,21556.048
2026-06-21 10:25:00,74.29,74.29,74.16,74.17,6610.315
2026-06-21 10:30:00,74.17,74.18,74.09,74.15,5362.396
2026-06-21 10:35:00,74.16,74.28,74.12,74.15,8881.728
2026-06-21 10:40:00,74.15,74.21,74.03,74.06,5170.568
2026-06-21 10:45:00,74.06,74.18,74.05,74.15,3273.219
2026-06-21 10:50:00,74.15,74.16,73.96,74.02,6616.552
2026-06-21 10:55:00,74.01,74.08,73.87,73.9,13052.905
2026-06-21 11:00:00,73.91,74.04,73.83,73.84,4563.499
2026-06-21 11:05:00,73.84,73.88,73.73,73.88,2939.826
2026-06-21 11:10:00,73.87,73.96,73.86,73.92,4494.071
2026-06-21 11:15:00,73.92,73.92,73.36,73.44,15599.753
2026-06-21 11:20:00,73.45,73.62,73.43,73.55,6839.995
2026-06-21 11:25:00,73.56,73.61,73.48,73.57,4468.292
2026-06-21 11:30:00,73.57,73.59,73.28,73.35,10336.961
2026-06-21 11:35:00,73.35,73.45,73.35,73.38,2367.653
2026-06-21 11:40:00,73.38,73.45,73.3,73.44,2962.628
2026-06-21 11:45:00,73.44,73.51,73.39,73.49,4711.239
2026-06-21 11:50:00,73.49,73.49,73.27,73.35,4846.808
2026-06-21 11:55:00,73.34,73.38,73.07,73.21,11278.284
2026-06-21 12:00:00,73.21,73.23,73.1,73.19,14362.797
2026-06-21 12:05:00,73.18,73.29,73.17,73.29,17334.078
2026-06-21 12:10:00,73.29,73.29,73.11,73.14,9159.085
2026-06-21 12:15:00,73.14,73.14,72.95,73.04,28344.052
2026-06-21 12:20:00,73.04,73.06,72.93,72.98,9754.095
2026-06-21 12:25:00,72.99,73.19,72.99,73.07,12446.297
2026-06-21 12:30:00,73.06,73.19,73.04,73.1,9977.377
2026-06-21 12:35:00,73.1,73.16,73.01,73.15,4733.219
2026-06-21 12:40:00,73.15,73.26,73.14,73.25,5308.866
2026-06-21 12:45:00,73.25,73.27,73.19,73.24,5733.676
2026-06-21 12:50:00,73.24,73.55,73.21,73.49,10412.185
2026-06-21 12:55:00,73.49,73.69,73.45,73.65,7882.464
2026-06-21 13:00:00,73.65,73.69,73.56,73.65,8134.869
2026-06-21 13:05:00,73.65,73.82,73.63,73.76,17019.73
2026-06-21 13:10:00,73.76,73.8,73.71,73.77,16727.028
2026-06-21 13:15:00,73.78,73.93,73.72,73.86,19943.784
2026-06-21 13:20:00,73.86,73.87,73.72,73.76,4867.227
2026-06-21 13:25:00,73.76,73.78,73.7,73.76,4401.568
2026-06-21 13:30:00,73.76,73.8,73.51,73.58,10714.632
2026-06-21 13:35:00,73.59,73.61,73.48,73.49,6738.004
2026-06-21 13:40:00,73.48,73.58,73.47,73.51,6583.55
2026-06-21 13:45:00,73.51,73.66,73.49,73.61,3937.742
2026-06-21 13:50:00,73.6,73.73,73.6,73.71,4061.158
2026-06-21 13:55:00,73.71,73.92,73.67,73.91,13483.386
2026-06-21 14:00:00,73.92,73.99,73.84,73.86,7878.756
2026-06-21 14:05:00,73.86,73.95,73.82,73.85,7117.235
2026-06-21 14:10:00,73.84,73.94,73.78,73.78,5047.282
2026-06-21 14:15:00,73.78,73.79,73.63,73.73,12964.108
2026-06-21 14:20:00,73.73,73.97,73.71,73.96,5419.24
2026-06-21 14:25:00,73.96,73.97,73.81,73.81,4781.598
2026-06-21 14:30:00,73.81,73.89,73.77,73.79,18989.085
2026-06-21 14:35:00,73.8,73.99,73.78,73.99,11572.79
2026-06-21 14:40:00,73.98,74.15,73.96,74.0,23989.443
2026-06-21 14:45:00,74.01,74.01,73.81,73.89,2561.832
2026-06-21 14:50:00,73.9,73.98,73.9,73.95,4780.718
2026-06-21 14:55:00,73.96,74.11,73.94,74.11,9374.67
2026-06-21 15:00:00,74.11,74.23,73.99,74.18,10335.564
2026-06-21 15:05:00,74.18,74.26,74.0,74.07,8825.617
2026-06-21 15:10:00,74.08,74.12,73.99,74.01,3690.111
2026-06-21 15:15:00,74.01,74.09,73.99,74.02,2970.622
2026-06-21 15:20:00,74.01,74.05,73.91,73.94,3428.962
2026-06-21 15:25:00,73.94,74.19,73.93,74.16,8448.872
2026-06-21 15:30:00,74.16,74.21,74.07,74.13,5090.08
2026-06-21 15:35:00,74.13,74.22,74.05,74.21,6593.256
2026-06-21 15:40:00,74.2,74.29,74.11,74.2,4956.436
2026-06-21 15:45:00,74.2,74.21,74.04,74.05,3317.873
2026-06-21 15:50:00,74.05,74.1,74.04,74.04,2216.732
2026-06-21 15:55:00,74.04,74.17,74.01,74.14,6432.022
2026-06-21 16:00:00,74.14,74.14,74.0,74.03,3864.428
2026-06-21 16:05:00,74.03,74.05,73.91,73.97,8765.856
2026-06-21 16:10:00,73.97,74.03,73.85,73.89,5300.132
2026-06-21 16:15:00,73.9,73.97,73.86,73.92,3606.581
2026-06-21 16:20:00,73.91,74.09,73.88,74.03,7511.09
2026-06-21 16:25:00,74.02,74.09,73.99,74.02,3770.408
2026-06-21 16:30:00,74.02,74.07,73.8,73.8,3930.642
2026-06-21 16:35:00,73.8,73.99,73.8,73.9,3060.11
2026-06-21 16:40:00,73.9,74.05,73.88,74.05,3062.237
2026-06-21 16:45:00,74.05,74.35,74.05,74.23,10100.129
2026-06-21 16:50:00,74.24,74.68,74.24,74.55,26810.403
2026-06-21 16:55:00,74.54,74.59,74.31,74.34,11341.023
2026-06-21 17:00:00,74.34,74.43,74.19,74.43,10196.774
2026-06-21 17:05:00,74.43,74.57,74.4,74.4,6287.421
2026-06-21 17:10:00,74.41,74.55,74.39,74.52,5961.04
2026-06-21 17:15:00,74.52,74.59,74.27,74.41,9532.737
2026-06-21 17:20:00,74.41,74.57,74.38,74.57,5098.267
2026-06-21 17:25:00,74.57,74.64,74.45,74.49,7661.864
2026-06-21 17:30:00,74.49,74.52,74.37,74.37,14253.733
2026-06-21 17:35:00,74.37,74.39,74.11,74.13,9145.176
2026-06-21 17:40:00,74.14,74.23,74.04,74.2,6350.77
2026-06-21 17:45:00,74.2,74.42,74.2,74.4,10677.956
2026-06-21 17:50:00,74.39,74.45,74.31,74.4,4024.369
2026-06-21 17:55:00,74.39,74.4,74.24,74.24,5875.735
2026-06-21 18:00:00,74.25,74.26,73.88,73.89,19947.65
2026-06-21 18:05:00,73.89,74.1,73.86,73.99,5803.256
2026-06-21 18:10:00,73.99,74.03,73.91,73.96,4813.34
2026-06-21 18:15:00,73.96,74.07,73.96,74.03,3628.112
2026-06-21 18:20:00,74.03,74.06,73.99,74.03,3833.376
2026-06-21 18:25:00,74.03,74.16,74.02,74.13,4023.234
2026-06-21 18:30:00,74.13,74.44,74.04,74.34,13602.913
2026-06-21 18:35:00,74.35,74.39,74.22,74.32,13360.634
2026-06-21 18:40:00,74.32,74.33,74.26,74.3,5521.996
2026-06-21 18:45:00,74.3,74.35,74.18,74.24,9737.613
2026-06-21 18:50:00,74.24,74.26,74.12,74.2,11809.413
2026-06-21 18:55:00,74.21,74.22,74.13,74.22,2495.852
2026-06-21 19:00:00,74.21,74.39,74.11,74.11,8116.5
2026-06-21 19:05:00,74.12,74.23,74.11,74.22,3041.36
2026-06-21 19:10:00,74.23,74.47,74.22,74.4,5760.898
2026-06-21 19:15:00,74.39,74.41,74.26,74.31,3615.904
2026-06-21 19:20:00,74.32,74.34,74.25,74.3,3217.807
2026-06-21 19:25:00,74.3,74.34,74.23,74.27,2213.038
2026-06-21 19:30:00,74.27,74.36,74.26,74.29,1064.409
2026-06-21 19:35:00,74.28,74.29,74.21,74.25,1073.185
2026-06-21 19:40:00,74.26,74.39,74.25,74.38,3995.717
2026-06-21 19:45:00,74.39,74.46,74.33,74.46,1508.012
2026-06-21 19:50:00,74.46,74.46,74.36,74.42,2287.044
2026-06-21 19:55:00,74.42,74.45,74.39,74.42,1340.468
2026-06-21 20:00:00,74.42,74.47,74.33,74.43,2623.923
2026-06-21 20:05:00,74.42,74.55,74.35,74.36,5259.516
2026-06-21 20:10:00,74.36,74.36,74.18,74.24,5020.472
2026-06-21 20:15:00,74.23,74.27,73.98,74.02,4243.907
2026-06-21 20:20:00,74.02,74.09,74.01,74.09,2093.319
2026-06-21 20:25:00,74.09,74.12,74.03,74.11,2189.789
2026-06-21 20:30:00,74.11,74.14,73.95,73.96,3068.994
2026-06-21 20:35:00,73.96,74.03,73.93,73.95,2675.923
2026-06-21 20:40:00,73.95,73.95,73.85,73.87,8468.355
2026-06-21 20:45:00,73.86,73.87,73.38,73.41,22191.688
2026-06-21 20:50:00,73.41,73.57,73.38,73.54,10077.892
2026-06-21 20:55:00,73.54,73.57,73.34,73.42,12575.252
2026-06-21 21:00:00,73.43,73.47,73.34,73.4,7526.658
2026-06-21 21:05:00,73.4,73.41,72.43,72.6,36823.115
2026-06-21 21:10:00,72.61,72.78,72.42,72.74,25484.533
2026-06-21 21:15:00,72.74,72.79,72.46,72.68,15690.376
2026-06-21 21:20:00,72.68,73.1,72.64,72.96,16447.996
2026-06-21 21:25:00,72.95,72.96,72.75,72.77,7830.388
2026-06-21 21:30:00,72.78,72.99,72.76,72.91,7420.163
2026-06-21 21:35:00,72.91,73.34,72.76,73.32,15098.039
2026-06-21 21:40:00,73.31,73.33,73.16,73.25,6818.692
2026-06-21 21:45:00,73.25,73.37,73.19,73.33,3771.445
2026-06-21 21:50:00,73.33,73.34,73.13,73.17,3604.612
2026-06-21 21:55:00,73.18,73.21,73.04,73.15,4483.094
2026-06-21 22:00:00,73.14,73.23,72.92,73.13,12863.76
2026-06-21 22:05:00,73.13,73.18,72.9,72.95,10754.779
2026-06-21 22:10:00,72.95,73.1,72.91,73.05,8432.996
2026-06-21 22:15:00,73.06,73.26,73.01,73.13,8866.748
2026-06-21 22:20:00,73.12,73.2,73.05,73.07,3575.923
2026-06-21 22:25:00,73.06,73.09,72.96,72.99,3040.172
2026-06-21 22:30:00,72.99,72.99,72.63,72.7,8883.708
2026-06-21 22:35:00,72.71,72.83,72.71,72.78,3489.598
2026-06-21 22:40:00,72.79,72.97,72.71,72.91,4938.818
2026-06-21 22:45:00,72.9,72.99,72.86,72.97,2768.791
2026-06-21 22:50:00,72.97,73.16,72.93,73.15,3378.355
2026-06-21 22:55:00,73.15,73.24,73.06,73.06,2830.208
2026-06-21 23:00:00,73.05,73.05,72.71,72.86,9001.828
2026-06-21 23:05:00,72.86,73.03,72.84,73.0,3745.149
2026-06-21 23:10:00,73.01,73.01,72.8,72.82,6105.836
2026-06-21 23:15:00,72.81,72.93,72.74,72.85,5768.145
2026-06-21 23:20:00,72.86,73.08,72.86,73.08,5659.344
2026-06-21 23:25:00,73.07,73.1,72.88,72.89,5401.146
2026-06-21 23:30:00,72.89,72.97,72.48,72.52,24393.803
2026-06-21 23:35:00,72.52,72.55,72.31,72.49,19051.892
2026-06-21 23:40:00,72.49,72.6,72.45,72.51,8618.516
2026-06-21 23:45:00,72.52,72.62,72.47,72.57,7950.387
2026-06-21 23:50:00,72.57,72.63,72.42,72.44,6939.53
2026-06-21 23:55:00,72.44,72.54,72.41,72.46,5949.118
2026-06-22 00:00:00,72.47,72.68,72.46,72.64,10500.302
2026-06-22 00:05:00,72.64,72.86,72.62,72.85,9023.528
2026-06-22 00:10:00,72.85,72.9,72.61,72.73,5570.205
2026-06-22 00:15:00,72.72,73.16,72.68,72.91,7829.704
2026-06-22 00:20:00,72.92,72.98,72.73,72.95,6271.658
2026-06-22 00:25:00,72.95,73.03,72.88,73.0,4577.69
2026-06-22 00:30:00,73.0,73.11,72.94,72.96,7244.459
2026-06-22 00:35:00,72.97,73.59,72.97,73.4,17647.166
2026-06-22 00:40:00,73.4,73.48,73.26,73.28,9400.232
2026-06-22 00:45:00,73.29,73.41,73.21,73.25,7923.848
2026-06-22 00:50:00,73.24,73.25,73.03,73.19,12849.409
2026-06-22 00:55:00,73.2,73.49,73.18,73.36,4872.44
2026-06-22 01:00:00,73.37,73.66,73.37,73.48,9613.37
2026-06-22 01:05:00,73.48,73.57,73.32,73.35,4626.312
2026-06-22 01:10:00,73.35,73.43,73.27,73.32,4196.566
2026-06-22 01:15:00,73.33,73.84,73.33,73.68,9965.907
2026-06-22 01:20:00,73.68,74.29,73.65,74.1,16970.973
2026-06-22 01:25:00,74.11,74.99,74.11,74.61,72199.641
2026-06-22 01:30:00,74.61,74.76,74.11,74.22,28298.109
2026-06-22 01:35:00,74.21,74.35,74.13,74.33,8760.564
2026-06-22 01:40:00,74.34,74.52,74.25,74.4,10429.04
2026-06-22 01:45:00,74.4,74.49,74.3,74.49,10846.531
2026-06-22 01:50:00,74.5,74.51,74.35,74.49,10437.084
2026-06-22 01:55:00,74.5,74.52,74.36,74.37,5564.916
2026-06-22 02:00:00,74.37,74.46,74.08,74.22,5617.06
2026-06-22 02:05:00,74.22,74.26,74.1,74.12,8010.276
2026-06-22 02:10:00,74.13,74.14,74.0,74.07,7654.69
2026-06-22 02:15:00,74.07,74.33,73.99,74.24,12031.294
2026-06-22 02:20:00,74.24,74.27,74.08,74.15,6798.42
2026-06-22 02:25:00,74.16,74.28,74.11,74.25,7385.335
2026-06-22 02:30:00,74.24,74.26,74.12,74.14,4207.063
2026-06-22 02:35:00,74.15,74.22,74.06,74.22,6615.781
2026-06-22 02:40:00,74.21,74.29,74.05,74.08,3473.142
2026-06-22 02:45:00,74.07,74.09,73.84,73.87,10073.535
2026-06-22 02:50:00,73.88,73.89,73.77,73.84,7434.961
2026-06-22 02:55:00,73.84,73.9,73.8,73.83,2797.609
2026-06-22 03:00:00,73.84,73.84,73.29,73.69,14320.615
2026-06-22 03:05:00,73.69,73.74,73.4,73.57,6235.401
2026-06-22 03:10:00,73.56,73.72,73.48,73.55,5102.516
2026-06-22 03:15:00,73.55,73.89,73.55,73.86,6380.601
2026-06-22 03:20:00,73.87,73.95,73.8,73.95,6528.13
2026-06-22 03:25:00,73.96,74.04,73.76,73.81,5835.33
2026-06-22 03:30:00,73.81,74.06,73.8,73.95,6023.919
2026-06-22 03:35:00,73.95,73.96,73.81,73.88,4758.602
2026-06-22 03:40:00,73.88,74.0,73.7,73.71,14863.991
2026-06-22 03:45:00,73.72,73.74,73.57,73.71,8183.017
2026-06-22 03:50:00,73.71,73.76,73.59,73.59,8314.927
2026-06-22 03:55:00,73.59,73.6,73.38,73.52,8727.771
2026-06-22 04:00:00,73.53,73.56,73.36,73.55,12210.682
2026-06-22 04:05:00,73.55,73.59,73.45,73.55,3350.835
2026-06-22 04:10:00,73.55,73.68,73.54,73.59,7013.112
2026-06-22 04:15:00,73.59,73.7,73.55,73.56,3715.53
2026-06-22 04:20:00,73.57,73.72,73.56,73.7,2897.746
2026-06-22 04:25:00,73.69,73.69,73.53,73.65,2566.862
2026-06-22 04:30:00,73.66,73.71,73.55,73.61,4319.747
2026-06-22 04:35:00,73.61,73.65,73.52,73.57,22845.764
2026-06-22 04:40:00,73.57,73.61,73.45,73.47,15849.067
2026-06-22 04:45:00,73.47,73.8,73.46,73.8,6308.874
2026-06-22 04:50:00,73.8,73.9,73.75,73.9,4105.189
2026-06-22 04:55:00,73.9,73.91,73.82,73.86,3338.77
2026-06-22 05:00:00,73.87,73.93,73.8,73.81,3278.739
2026-06-22 05:05:00,73.82,74.15,73.82,74.07,10832.416
2026-06-22 05:10:00,74.06,74.14,74.03,74.14,5137.101
2026-06-22 05:15:00,74.13,74.15,74.01,74.13,4982.611
2026-06-22 05:20:00,74.13,74.14,74.06,74.11,3092.883
2026-06-22 05:25:00,74.12,74.15,74.03,74.04,2981.078
2026-06-22 05:30:00,74.05,74.14,73.97,74.04,7115.574
2026-06-22 05:35:00,74.03,74.09,73.98,74.0,4710.214
2026-06-22 05:40:00,74.01,74.13,74.01,74.03,2617.935
2026-06-22 05:45:00,74.03,74.03,73.9,73.99,7426.089
2026-06-22 05:50:00,73.99,73.99,73.87,73.88,3954.051
2026-06-22 05:55:00,73.88,73.95,73.87,73.95,3154.877
2026-06-22 06:00:00,73.96,74.0,73.86,73.9,4569.486
2026-06-22 06:05:00,73.9,74.18,73.83,74.16,5083.867
2026-06-22 06:10:00,74.16,74.21,74.01,74.02,4922.175
2026-06-22 06:15:00,74.02,74.1,73.94,73.95,4327.935
2026-06-22 06:20:00,73.95,74.0,73.81,73.95,6732.716
2026-06-22 06:25:00,73.94,74.0,73.85,73.86,3050.633
2026-06-22 06:30:00,73.86,73.86,73.61,73.7,10865.616
2026-06-22 06:35:00,73.69,73.77,73.63,73.76,5252.212
2026-06-22 06:40:00,73.77,73.79,73.68,73.69,3008.657
2026-06-22 06:45:00,73.68,73.77,73.63,73.63,3423.813
2026-06-22 06:50:00,73.63,73.73,73.56,73.7,5538.098
2026-06-22 06:55:00,73.7,73.78,73.68,73.71,4437.085
2026-06-22 07:00:00,73.72,74.03,73.67,74.02,6325.17
2026-06-22 07:05:00,74.02,74.08,73.9,74.0,5623.442
2026-06-22 07:10:00,74.01,74.3,73.99,74.2,7979.393
2026-06-22 07:15:00,74.19,74.32,74.14,74.17,7990.809
2026-06-22 07:20:00,74.17,74.31,74.16,74.27,6679.453
2026-06-22 07:25:00,74.26,74.39,74.25,74.32,6160.763
2026-06-22 07:30:00,74.31,74.48,74.25,74.31,7755.108
2026-06-22 07:35:00,74.32,74.35,74.25,74.3,3221.732
2026-06-22 07:40:00,74.3,74.37,74.18,74.19,9307.783
2026-06-22 07:45:00,74.2,74.24,74.15,74.24,3154.723
2026-06-22 07:50:00,74.24,74.24,74.03,74.08,10353.297
2026-06-22 07:55:00,74.08,74.13,74.05,74.1,10394.774
2026-06-22 08:00:00,74.1,74.16,74.0,74.03,8509.165
2026-06-22 08:05:00,74.04,74.3,74.02,74.25,8063.837
2026-06-22 08:10:00,74.24,74.33,74.12,74.33,6541.059
2026-06-22 08:15:00,74.32,74.32,74.04,74.1,5639.666
2026-06-22 08:20:00,74.09,74.27,74.08,74.18,5291.145
2026-06-22 08:25:00,74.18,74.19,73.99,74.01,4942.542
2026-06-22 08:30:00,74.01,74.03,73.93,73.98,5991.302
2026-06-22 08:35:00,73.99,74.01,73.71,73.79,10365.619
2026-06-22 08:40:00,73.79,74.04,73.78,74.03,6077.455
2026-06-22 08:45:00,74.04,74.1,73.82,73.94,6790.143
2026-06-22 08:50:00,73.95,73.98,73.88,73.89,5756.415
2026-06-22 08:55:00,73.89,73.93,73.86,73.9,5804.201
2026-06-22 09:00:00,73.89,74.0,73.82,74.0,7426.993
2026-06-22 09:05:00,74.0,74.03,73.85,73.89,7998.311
2026-06-22 09:10:00,73.89,73.99,73.89,73.91,4237.156
2026-06-22 09:15:00,73.92,73.95,73.83,73.84,4860.04
2026-06-22 09:20:00,73.83,73.84,73.76,73.79,5450.679
2026-06-22 09:25:00,73.79,73.81,73.67,73.7,6440.044
2026-06-22 09:30:00,73.69,73.83,73.63,73.76,7201.939
2026-06-22 09:35:00,73.77,73.77,73.57,73.61,5918.153
2026-06-22 09:40:00,73.61,73.77,73.61,73.77,3481.192
2026-06-22 09:45:00,73.77,73.82,73.71,73.76,4508.39
2026-06-22 09:50:00,73.77,73.84,73.7,73.84,2205.911
2026-06-22 09:55:00,73.83,73.88,73.76,73.8,2107.777
2026-06-22 10:00:00,73.79,73.88,73.71,73.83,8221.577
2026-06-22 10:05:00,73.84,74.01,73.77,73.98,4249.147
2026-06-22 10:10:00,73.98,73.99,73.88,73.89,2375.04
2026-06-22 10:15:00,73.9,73.96,73.79,73.79,2319.486
2026-06-22 10:20:00,73.78,73.81,73.68,73.75,6261.329
2026-06-22 10:25:00,73.75,73.77,73.66,73.68,3404.953
2026-06-22 10:30:00,73.67,73.79,73.62,73.73,5592.596
2026-06-22 10:35:00,73.72,73.77,73.67,73.68,2921.818
2026-06-22 10:40:00,73.68,73.69,73.6,73.63,4760.48
2026-06-22 10:45:00,73.63,73.83,73.63,73.83,5094.822
2026-06-22 10:50:00,73.83,73.89,73.82,73.85,3314.454
2026-06-22 10:55:00,73.86,73.87,73.76,73.78,2134.428
2026-06-22 11:00:00,73.77,73.83,73.66,73.81,5541.847
2026-06-22 11:05:00,73.8,74.21,73.8,74.1,21181.406
2026-06-22 11:10:00,74.09,74.14,73.9,73.97,27733.638
2026-06-22 11:15:00,73.98,74.02,73.86,73.89,6952.223
2026-06-22 11:20:00,73.88,73.91,73.64,73.91,23919.197
2026-06-22 11:25:00,73.91,74.08,73.75,73.88,44927.201
2026-06-22 11:30:00,73.89,74.32,73.88,74.25,14717.322
2026-06-22 11:35:00,74.25,74.44,74.22,74.26,21763.678
2026-06-22 11:40:00,74.25,74.25,74.12,74.22,12238.186
2026-06-22 11:45:00,74.21,74.41,74.15,74.4,15243.53
2026-06-22 11:50:00,74.41,74.41,74.04,74.21,40163.893
2026-06-22 11:55:00,74.2,74.26,74.1,74.17,15951.084
2026-06-22 12:00:00,74.18,74.33,74.0,74.18,42716.566
2026-06-22 12:05:00,74.19,74.2,74.04,74.07,14375.652
2026-06-22 12:10:00,74.08,74.21,74.03,74.16,7880.848
2026-06-22 12:15:00,74.15,74.19,74.0,74.09,8498.729
2026-06-22 12:20:00,74.09,74.25,74.0,74.25,9303.341
2026-06-22 12:25:00,74.26,74.4,74.2,74.37,24655.751
2026-06-22 12:30:00,74.37,74.38,74.16,74.34,8169.144
2026-06-22 12:35:00,74.34,74.54,74.34,74.5,14607.768
2026-06-22 12:40:00,74.5,74.56,74.36,74.41,12636.076
2026-06-22 12:45:00,74.42,74.56,74.28,74.42,16006.289
2026-06-22 12:50:00,74.43,74.45,74.3,74.3,6511.937
2026-06-22 12:55:00,74.29,74.48,74.25,74.41,8319.622
2026-06-22 13:00:00,74.42,74.5,74.33,74.47,12539.933
2026-06-22 13:05:00,74.48,74.49,74.27,74.32,12422.888
2026-06-22 13:10:00,74.32,74.56,74.32,74.44,11047.956
2026-06-22 13:15:00,74.44,74.5,74.38,74.39,8041.807
2026-06-22 13:20:00,74.38,74.54,74.33,74.54,13636.413
2026-06-22 13:25:00,74.53,74.53,74.24,74.32,7069.181
2026-06-22 13:30:00,74.33,74.83,74.26,74.43,36970.768
2026-06-22 13:35:00,74.43,74.87,74.42,74.8,27846.211
2026-06-22 13:40:00,74.81,74.82,74.47,74.69,16360.752
2026-06-22 13:45:00,74.69,74.87,74.66,74.73,15814.866
2026-06-22 13:50:00,74.74,74.95,74.74,74.91,23324.441
2026-06-22 13:55:00,74.92,74.98,74.87,74.98,6661.627
2026-06-22 14:00:00,74.97,75.0,74.64,74.66,15041.604
2026-06-22 14:05:00,74.65,74.69,74.37,74.44,14291.154
2026-06-22 14:10:00,74.44,74.53,74.24,74.33,10192.251
2026-06-22 14:15:00,74.34,74.36,74.01,74.11,26909.267
2026-06-22 14:20:00,74.11,74.27,74.0,74.04,17608.984
2026-06-22 14:25:00,74.05,74.12,73.74,73.77,14453.322
2026-06-22 14:30:00,73.77,73.81,73.51,73.72,24032.26
2026-06-22 14:35:00,73.72,73.83,73.37,73.56,23858.584
2026-06-22 14:40:00,73.56,73.67,73.42,73.42,11290.675
2026-06-22 14:45:00,73.42,73.64,73.38,73.63,36761.011
2026-06-22 14:50:00,73.63,73.68,73.41,73.44,16896.599
2026-06-22 14:55:00,73.43,73.52,73.19,73.44,9873.419
2026-06-22 15:00:00,73.45,73.7,73.45,73.61,7679.443
2026-06-22 15:05:00,73.6,73.6,73.24,73.48,9169.848
2026-06-22 15:10:00,73.47,73.72,73.38,73.65,15675.158
2026-06-22 15:15:00,73.64,73.71,73.48,73.53,7606.023
2026-06-22 15:20:00,73.53,73.65,73.43,73.62,6885.374
2026-06-22 15:25:00,73.63,73.75,73.55,73.69,10925.48
2026-06-22 15:30:00,73.7,73.8,73.57,73.7,12606.587
2026-06-22 15:35:00,73.69,73.76,73.53,73.56,6506.847
2026-06-22 15:40:00,73.57,73.64,73.48,73.51,7666.524
2026-06-22 15:45:00,73.51,73.56,73.01,73.14,21845.016
2026-06-22 15:50:00,73.14,73.19,72.98,73.11,17407.895
2026-06-22 15:55:00,73.1,73.2,72.99,73.14,8095.622
2026-06-22 16:00:00,73.15,73.21,72.9,72.97,19820.269
2026-06-22 16:05:00,72.98,73.02,72.7,72.75,19422.112
2026-06-22 16:10:00,72.76,72.92,72.69,72.76,13107.956
2026-06-22 16:15:00,72.77,72.88,72.61,72.88,8376.28
2026-06-22 16:20:00,72.88,72.96,72.79,72.79,10580.253
2026-06-22 16:25:00,72.79,72.82,72.66,72.8,6913.124
2026-06-22 16:30:00,72.79,72.79,72.65,72.74,8047.368
2026-06-22 16:35:00,72.75,72.78,72.58,72.72,10892.02
2026-06-22 16:40:00,72.72,72.76,72.55,72.72,10233.417
2026-06-22 16:45:00,72.73,72.84,72.63,72.74,6702.725
2026-06-22 16:50:00,72.74,72.94,72.72,72.93,5360.214
2026-06-22 16:55:00,72.92,73.06,72.84,72.95,7380.026
2026-06-22 17:00:00,72.95,73.03,72.85,72.97,2440.815
2026-06-22 17:05:00,72.96,72.99,72.83,72.96,3287.139
2026-06-22 17:10:00,72.96,73.01,72.93,72.98,2646.945
2026-06-22 17:15:00,72.98,73.03,72.88,72.97,4913.649
2026-06-22 17:20:00,72.98,73.0,72.81,72.91,5540.826
2026-06-22 17:25:00,72.91,72.93,72.77,72.78,3886.238
2026-06-22 17:30:00,72.78,72.8,72.63,72.79,7855.768
2026-06-22 17:35:00,72.8,72.93,72.7,72.84,5760.376
2026-06-22 17:40:00,72.84,72.93,72.81,72.92,4862.194
2026-06-22 17:45:00,72.92,73.13,72.91,73.09,5626.589
2026-06-22 17:50:00,73.09,73.31,73.09,73.29,6931.587
2026-06-22 17:55:00,73.29,73.34,73.26,73.28,6013.658
2026-06-22 18:00:00,73.28,73.48,73.27,73.46,6255.196
2026-06-22 18:05:00,73.46,73.48,73.35,73.44,3649.149
2026-06-22 18:10:00,73.45,73.53,73.42,73.48,2660.601
2026-06-22 18:15:00,73.49,73.57,73.4,73.43,4638.581
2026-06-22 18:20:00,73.43,73.51,73.39,73.5,6495.246
2026-06-22 18:25:00,73.49,73.5,73.3,73.36,8100.658
2026-06-22 18:30:00,73.37,73.41,73.28,73.28,6549.894
2026-06-22 18:35:00,73.28,73.42,73.27,73.29,4454.452
2026-06-22 18:40:00,73.29,73.34,73.27,73.28,2315.624
2026-06-22 18:45:00,73.29,73.32,72.91,73.02,21042.965
2026-06-22 18:50:00,73.02,73.03,72.67,72.72,13217.914
2026-06-22 18:55:00,72.71,72.82,72.58,72.64,24790.754
2026-06-22 19:00:00,72.64,72.74,72.55,72.66,14544.024
2026-06-22 19:05:00,72.67,72.71,72.52,72.58,4412.077
2026-06-22 19:10:00,72.58,72.71,72.52,72.67,6179.318
2026-06-22 19:15:00,72.68,72.77,72.64,72.76,8620.654
2026-06-22 19:20:00,72.77,72.81,72.61,72.63,5521.9
2026-06-22 19:25:00,72.63,72.67,72.45,72.63,15693.777
2026-06-22 19:30:00,72.64,72.78,72.6,72.71,5083.609
2026-06-22 19:35:00,72.7,72.81,72.68,72.74,3796.738
2026-06-22 19:40:00,72.74,72.77,72.71,72.74,2374.198
2026-06-22 19:45:00,72.74,72.74,72.56,72.62,3082.48
2026-06-22 19:50:00,72.62,72.76,72.61,72.73,8245.048
2026-06-22 19:55:00,72.73,72.8,72.68,72.71,8803.072
2026-06-22 20:00:00,72.71,72.96,72.69,72.93,7012.134
2026-06-22 20:05:00,72.94,72.97,72.8,72.8,3512.528
2026-06-22 20:10:00,72.81,72.83,72.69,72.79,4545.391
2026-06-22 20:15:00,72.79,72.82,72.75,72.8,4965.443
2026-06-22 20:20:00,72.8,72.8,72.6,72.6,2303.441
2026-06-22 20:25:00,72.6,72.63,72.49,72.62,4951.486
2026-06-22 20:30:00,72.63,72.77,72.62,72.75,1852.337
2026-06-22 20:35:00,72.74,72.83,72.7,72.81,1601.05
2026-06-22 20:40:00,72.8,72.82,72.77,72.82,2329.243
2026-06-22 20:45:00,72.82,72.86,72.76,72.82,2744.218
2026-06-22 20:50:00,72.81,72.81,72.62,72.71,2451.516
2026-06-22 20:55:00,72.72,72.83,72.72,72.83,1787.364
2026-06-22 21:00:00,72.82,72.89,72.81,72.82,3305.756
2026-06-22 21:05:00,72.82,72.86,72.8,72.81,1118.615
2026-06-22 21:10:00,72.81,72.82,72.73,72.81,3837.944
2026-06-22 21:15:00,72.81,72.83,72.73,72.75,2304.192
2026-06-22 21:20:00,72.75,72.76,72.59,72.65,3126.563
2026-06-22 21:25:00,72.64,72.72,72.64,72.69,2471.147
2026-06-22 21:30:00,72.69,72.69,72.65,72.67,1863.149
2026-06-22 21:35:00,72.67,72.68,72.28,72.41,11396.564
2026-06-22 21:40:00,72.42,72.47,72.35,72.37,8661.724
2026-06-22 21:45:00,72.37,72.63,72.37,72.61,5174.747
2026-06-22 21:50:00,72.6,72.65,72.58,72.62,1871.309
2026-06-22 21:55:00,72.62,72.73,72.62,72.73,2114.12
2026-06-22 22:00:00,72.74,72.96,72.72,72.83,4137.86
2026-06-22 22:05:00,72.82,72.84,72.64,72.8,2227.208
2026-06-22 22:10:00,72.81,72.83,72.72,72.75,3077.708
2026-06-22 22:15:00,72.74,72.79,72.63,72.65,1836.577
2026-06-22 22:20:00,72.66,72.66,72.47,72.57,1763.21
2026-06-22 22:25:00,72.58,72.58,71.37,71.87,68340.688
2026-06-22 22:30:00,71.88,72.04,71.73,72.04,16773.113
2026-06-22 22:35:00,72.04,72.04,71.59,71.71,14202.443
2026-06-22 22:40:00,71.71,71.88,71.67,71.73,5627.017
2026-06-22 22:45:00,71.74,71.89,71.7,71.88,5396.527
2026-06-22 22:50:00,71.89,72.01,71.87,72.01,6242.164
2026-06-22 22:55:00,72.0,72.15,71.95,72.11,4779.596
2026-06-22 23:00:00,72.11,72.16,72.01,72.08,4806.207
2026-06-22 23:05:00,72.08,72.12,71.96,72.07,6234.029
2026-06-22 23:10:00,72.07,72.11,72.01,72.03,2993.757
2026-06-22 23:15:00,72.03,72.05,71.92,71.99,5676.672
2026-06-22 23:20:00,71.99,72.17,71.98,72.06,2109.59
2026-06-22 23:25:00,72.07,72.16,72.06,72.1,3948.631
2026-06-22 23:30:00,72.09,72.09,71.93,71.99,1897.361
2026-06-22 23:35:00,71.98,72.11,71.94,72.05,2045.847
2026-06-22 23:40:00,72.04,72.05,71.95,71.97,2501.811
2026-06-22 23:45:00,71.96,72.0,71.84,71.89,2900.989
2026-06-22 23:50:00,71.88,72.02,71.82,72.01,3047.634
2026-06-22 23:55:00,72.01,72.03,71.95,71.95,1977.862
2026-06-23 00:00:00,71.95,72.01,71.86,71.97,3775.911
2026-06-23 00:05:00,71.97,71.98,71.88,71.92,3929.079
2026-06-23 00:10:00,71.91,71.91,71.79,71.85,8120.847
2026-06-23 00:15:00,71.85,71.9,71.73,71.73,4514.658
2026-06-23 00:20:00,71.73,71.77,71.64,71.66,4138.296
2026-06-23 00:25:00,71.66,71.69,71.46,71.49,9768.014
2026-06-23 00:30:00,71.49,71.81,71.46,71.64,13467.547
2026-06-23 00:35:00,71.64,71.65,71.5,71.63,3661.413
2026-06-23 00:40:00,71.64,71.87,71.64,71.86,4692.992
2026-06-23 00:45:00,71.87,71.87,71.65,71.8,5662.464
2026-06-23 00:50:00,71.8,71.92,71.77,71.81,3803.804
2026-06-23 00:55:00,71.81,71.9,71.79,71.88,3738.418
2026-06-23 01:00:00,71.89,72.04,71.86,71.94,6893.507
2026-06-23 01:05:00,71.94,71.98,71.81,71.89,3746.245
2026-06-23 01:10:00,71.89,71.96,71.85,71.86,3953.881
2026-06-23 01:15:00,71.86,71.92,71.84,71.88,3287.642
2026-06-23 01:20:00,71.89,72.02,71.84,71.86,2362.333
2026-06-23 01:25:00,71.87,71.91,71.84,71.89,3120.603
2026-06-23 01:30:00,71.89,72.01,71.8,71.81,4775.256
2026-06-23 01:35:00,71.8,71.8,71.6,71.72,8587.091
2026-06-23 01:40:00,71.71,71.78,71.65,71.68,4964.348
2026-06-23 01:45:00,71.68,71.7,71.39,71.43,9566.945
2026-06-23 01:50:00,71.43,71.68,71.31,71.62,9079.559
2026-06-23 01:55:00,71.62,71.79,71.61,71.72,5782.999
2026-06-23 02:00:00,71.71,71.8,71.67,71.76,6198.821
2026-06-23 02:05:00,71.76,71.8,71.62,71.67,3458.97
2026-06-23 02:10:00,71.68,71.8,71.54,71.76,5500.356
2026-06-23 02:15:00,71.75,71.91,71.75,71.88,4821.707
2026-06-23 02:20:00,71.87,71.99,71.86,71.95,6558.099
2026-06-23 02:25:00,71.95,72.01,71.89,71.9,4261.711
2026-06-23 02:30:00,71.9,72.0,71.86,71.98,2409.479
2026-06-23 02:35:00,71.99,72.01,71.87,71.91,3355.416
2026-06-23 02:40:00,71.92,72.02,71.91,71.97,4429.474
2026-06-23 02:45:00,71.96,71.96,71.89,71.9,3939.397
2026-06-23 02:50:00,71.91,72.06,71.91,71.99,8391.162
2026-06-23 02:55:00,71.99,72.06,71.95,72.0,4946.421
2026-06-23 03:00:00,71.99,72.01,71.75,71.79,6881.251
2026-06-23 03:05:00,71.79,71.84,71.73,71.75,6367.011
2026-06-23 03:10:00,71.74,71.83,71.74,71.8,2113.089
2026-06-23 03:15:00,71.79,71.95,71.78,71.9,2884.171
2026-06-23 03:20:00,71.89,71.89,71.75,71.83,3295.844
2026-06-23 03:25:00,71.83,71.96,71.79,71.93,4003.176
2026-06-23 03:30:00,71.92,71.93,71.82,71.82,2608.912
2026-06-23 03:35:00,71.82,71.91,71.76,71.77,4583.609
2026-06-23 03:40:00,71.78,71.86,71.75,71.86,2471.357
2026-06-23 03:45:00,71.85,71.96,71.85,71.91,2798.055
2026-06-23 03:50:00,71.91,72.0,71.91,71.91,3648.161
2026-06-23 03:55:00,71.91,72.0,71.9,72.0,2317.492
2026-06-23 04:00:00,71.99,72.03,71.9,71.95,3454.533
2026-06-23 04:05:00,71.94,71.97,71.91,71.94,2428.054
2026-06-23 04:10:00,71.94,71.94,71.79,71.93,2893.335
2026-06-23 04:15:00,71.93,71.93,71.75,71.77,2947.624
2026-06-23 04:20:00,71.77,71.85,71.68,71.85,5227.722
2026-06-23 04:25:00,71.85,71.95,71.83,71.95,1502.77
2026-06-23 04:30:00,71.94,71.98,71.85,71.85,5435.996
2026-06-23 04:35:00,71.84,71.91,71.8,71.82,2594.095
2026-06-23 04:40:00,71.82,71.84,71.76,71.8,2405.31
2026-06-23 04:45:00,71.8,71.82,71.68,71.72,3713.189
2026-06-23 04:50:00,71.71,71.71,71.45,71.45,7508.5
2026-06-23 04:55:00,71.45,71.58,71.37,71.45,10289.148
2026-06-23 05:00:00,71.46,71.6,71.46,71.6,3966.134
2026-06-23 05:05:00,71.59,71.6,71.35,71.49,6554.098
2026-06-23 05:10:00,71.49,71.57,71.44,71.46,3402.634
2026-06-23 05:15:00,71.46,71.54,71.33,71.34,6654.776
2026-06-23 05:20:00,71.34,71.47,71.22,71.29,9929.572
2026-06-23 05:25:00,71.28,71.28,71.03,71.19,9787.08
2026-06-23 05:30:00,71.19,71.2,70.9,70.99,11729.085
2026-06-23 05:35:00,70.99,71.14,70.93,71.05,6717.427
2026-06-23 05:40:00,71.05,71.18,70.98,71.17,5814.995
2026-06-23 05:45:00,71.17,71.19,71.0,71.03,5828.24
2026-06-23 05:50:00,71.04,71.12,70.93,71.0,6132.406
2026-06-23 05:55:00,71.0,71.09,70.96,71.02,5310.557
2026-06-23 06:00:00,71.03,71.07,70.83,70.89,14368.102
2026-06-23 06:05:00,70.89,70.94,70.57,70.78,14868.085
2026-06-23 06:10:00,70.78,70.93,70.72,70.79,8528.67
2026-06-23 06:15:00,70.79,70.86,70.3,70.4,36331.052
2026-06-23 06:20:00,70.4,70.42,69.68,69.95,68438.068
2026-06-23 06:25:00,69.95,70.01,69.81,70.0,26992.491
2026-06-23 06:30:00,70.0,70.18,69.83,70.13,22577.21
2026-06-23 06:35:00,70.12,70.25,70.1,70.22,9383.172
2026-06-23 06:40:00,70.22,70.29,70.12,70.17,9272.059
2026-06-23 06:45:00,70.18,70.39,70.14,70.28,7305.198
2026-06-23 06:50:00,70.28,70.37,70.28,70.35,3854.122
2026-06-23 06:55:00,70.35,70.4,70.31,70.33,4960.86
2026-06-23 07:00:00,70.33,70.47,70.29,70.37,22902.707
2026-06-23 07:05:00,70.37,70.52,70.36,70.52,5287.347
2026-06-23 07:10:00,70.51,70.55,70.45,70.51,6682.308
2026-06-23 07:15:00,70.51,70.52,70.27,70.43,36913.796
2026-06-23 07:20:00,70.42,70.56,70.42,70.48,10079.054
2026-06-23 07:25:00,70.48,70.51,70.44,70.45,5051.271
2026-06-23 07:30:00,70.45,70.47,70.22,70.31,17763.995
2026-06-23 07:35:00,70.31,70.33,70.17,70.32,9849.539
2026-06-23 07:40:00,70.33,70.35,70.14,70.14,9451.092
2026-06-23 07:45:00,70.15,70.27,70.14,70.21,7074.746
2026-06-23 07:50:00,70.21,70.23,70.07,70.15,5747.378
2026-06-23 07:55:00,70.14,70.18,69.97,70.01,11118.421
2026-06-23 08:00:00,70.01,70.04,69.85,69.88,17999.812
2026-06-23 08:05:00,69.89,70.05,69.88,70.04,7938.577
2026-06-23 08:10:00,70.03,70.11,68.94,69.12,79618.34
2026-06-23 08:15:00,69.12,69.12,68.46,68.52,77411.646
2026-06-23 08:20:00,68.53,68.89,68.16,68.35,43164.728
2026-06-23 08:25:00,68.35,68.64,68.16,68.37,40139.992
2026-06-23 08:30:00,68.37,68.77,68.36,68.76,22674.522
2026-06-23 08:35:00,68.76,68.89,68.67,68.77,17623.75
2026-06-23 08:40:00,68.78,68.94,68.75,68.79,19464.79
2026-06-23 08:45:00,68.79,68.79,68.56,68.58,11790.873
2026-06-23 08:50:00,68.58,68.79,68.58,68.74,7724.713
2026-06-23 08:55:00,68.75,68.77,68.61,68.7,8689.016
2026-06-23 09:00:00,68.71,68.93,68.71,68.87,9516.795
2026-06-23 09:05:00,68.87,68.99,68.68,68.72,16752.693
2026-06-23 09:10:00,68.73,68.86,68.7,68.84,13116.031
2026-06-23 09:15:00,68.85,68.92,68.84,68.84,7429.233
2026-06-23 09:20:00,68.85,69.03,68.85,69.01,9805.15
2026-06-23 09:25:00,69.0,69.0,68.89,68.98,7257.277
2026-06-23 09:30:00,68.99,69.03,68.88,68.92,6222.239
2026-06-23 09:35:00,68.91,68.97,68.85,68.85,13800.862
2026-06-23 09:40:00,68.86,68.9,68.75,68.88,9717.607
2026-06-23 09:45:00,68.87,68.96,68.83,68.96,4290.13
2026-06-23 09:50:00,68.96,69.06,68.95,69.03,8148.071
2026-06-23 09:55:00,69.03,69.03,68.83,68.93,9007.087
2026-06-23 10:00:00,68.93,69.22,68.92,69.18,7102.378
2026-06-23 10:05:00,69.18,69.18,68.97,69.02,7942.584
2026-06-23 10:10:00,69.03,69.04,68.98,68.99,2835.005
2026-06-23 10:15:00,68.99,69.02,68.9,68.99,3353.233
2026-06-23 10:20:00,69.0,69.04,68.92,68.92,2609.139
2026-06-23 10:25:00,68.93,68.95,68.89,68.92,3727.156
2026-06-23 10:30:00,68.92,68.98,68.83,68.84,4344.464
2026-06-23 10:35:00,68.83,68.9,68.83,68.85,4195.969
2026-06-23 10:40:00,68.85,68.86,68.69,68.71,8782.583
2026-06-23 10:45:00,68.71,68.77,68.67,68.7,9105.17
2026-06-23 10:50:00,68.71,68.81,68.61,68.74,8002.98
2026-06-23 10:55:00,68.75,68.84,68.74,68.82,4289.197
2026-06-23 11:00:00,68.82,68.98,68.82,68.91,4290.873
2026-06-23 11:05:00,68.9,68.99,68.85,68.93,4719.929
2026-06-23 11:10:00,68.93,69.0,68.91,68.97,2562.323
2026-06-23 11:15:00,68.98,69.1,68.97,69.01,11251.006
2026-06-23 11:20:00,69.02,69.31,68.94,69.16,19183.74
2026-06-23 11:25:00,69.16,69.19,69.03,69.18,8470.677
2026-06-23 11:30:00,69.18,69.32,69.16,69.19,9143.38
2026-06-23 11:35:00,69.2,69.31,69.14,69.3,8737.031
2026-06-23 11:40:00,69.3,69.3,69.21,69.23,4665.679
2026-06-23 11:45:00,69.23,69.38,69.13,69.15,7292.414
2026-06-23 11:50:00,69.15,69.23,69.09,69.22,4099.973
2026-06-23 11:55:00,69.21,69.33,69.2,69.33,4196.178
2026-06-23 12:00:00,69.33,69.38,69.24,69.25,7837.187
2026-06-23 12:05:00,69.24,69.31,69.21,69.25,3241.336
2026-06-23 12:10:00,69.25,69.27,69.12,69.2,3665.733
2026-06-23 12:15:00,69.2,69.25,69.11,69.22,2148.377
2026-06-23 12:20:00,69.21,69.21,69.1,69.14,6076.145
2026-06-23 12:25:00,69.14,69.2,69.05,69.19,5398.043
2026-06-23 12:30:00,69.2,69.34,69.09,69.09,6011.001
2026-06-23 12:35:00,69.08,69.21,69.06,69.12,8292.874
2026-06-23 12:40:00,69.11,69.23,69.1,69.14,11100.567
2026-06-23 12:45:00,69.14,69.15,69.04,69.05,3751.81
2026-06-23 12:50:00,69.04,69.05,68.87,68.93,11308.866
2026-06-23 12:55:00,68.92,68.99,68.9,68.98,7560.842
2026-06-23 13:00:00,68.98,69.01,68.82,68.86,6867.641
2026-06-23 13:05:00,68.87,68.89,68.81,68.82,6624.694
2026-06-23 13:10:00,68.82,68.98,68.77,68.97,6326.733
2026-06-23 13:15:00,68.97,68.97,68.86,68.92,5621.574
2026-06-23 13:20:00,68.93,68.94,68.74,68.79,8694.778
2026-06-23 13:25:00,68.78,68.83,68.68,68.82,8359.785
2026-06-23 13:30:00,68.81,69.37,68.64,69.23,40983.876
2026-06-23 13:35:00,69.22,69.3,69.0,69.05,16000.068
2026-06-23 13:40:00,69.04,69.09,68.8,69.0,14436.86
2026-06-23 13:45:00,68.99,69.25,68.83,69.01,13189.858
2026-06-23 13:50:00,69.01,69.31,69.01,69.12,10340.46
2026-06-23 13:55:00,69.12,69.27,69.01,69.2,9644.189
2026-06-23 14:00:00,69.2,69.41,69.18,69.3,12958.596
2026-06-23 14:05:00,69.3,69.42,69.08,69.39,10941.811
2026-06-23 14:10:00,69.38,69.53,69.25,69.52,13788.419
2026-06-23 14:15:00,69.52,69.65,69.41,69.63,12994.901
2026-06-23 14:20:00,69.63,69.68,69.3,69.32,11833.297
2026-06-23 14:25:00,69.31,69.35,69.12,69.32,9263.24
2026-06-23 14:30:00,69.32,69.5,69.15,69.29,6008.604
2026-06-23 14:35:00,69.29,69.61,69.23,69.33,10386.989
2026-06-23 14:40:00,69.33,69.4,69.24,69.27,5596.497
2026-06-23 14:45:00,69.28,69.34,69.06,69.31,8437.844
2026-06-23 14:50:00,69.32,69.4,69.14,69.28,6446.992
2026-06-23 14:55:00,69.28,69.32,69.08,69.2,11727.79
2026-06-23 15:00:00,69.2,69.2,69.04,69.11,5600.21
2026-06-23 15:05:00,69.12,69.15,68.78,68.79,10399.456
2026-06-23 15:10:00,68.8,68.88,68.71,68.86,6643.796
2026-06-23 15:15:00,68.85,68.86,68.68,68.79,10051.614
2026-06-23 15:20:00,68.78,68.84,68.61,68.65,6240.553
2026-06-23 15:25:00,68.65,68.78,68.54,68.62,5702.043
2026-06-23 15:30:00,68.63,69.03,68.63,68.91,7892.882
2026-06-23 15:35:00,68.92,69.01,68.76,68.86,5773.27
2026-06-23 15:40:00,68.86,68.87,68.63,68.71,7591.864
2026-06-23 15:45:00,68.71,68.74,68.4,68.48,13835.898
2026-06-23 15:50:00,68.48,68.67,68.41,68.64,3326.701
2026-06-23 15:55:00,68.64,68.93,68.59,68.92,4615.617
2026-06-23 16:00:00,68.93,69.0,68.81,68.81,13732.445
2026-06-23 16:05:00,68.82,69.34,68.82,69.3,17506.679
2026-06-23 16:10:00,69.29,69.41,69.2,69.26,18399.829
2026-06-23 16:15:00,69.27,69.31,69.04,69.16,6487.605
2026-06-23 16:20:00,69.16,69.16,69.02,69.1,8510.425
2026-06-23 16:25:00,69.1,69.15,69.0,69.08,3672.489
2026-06-23 16:30:00,69.08,69.16,69.04,69.1,2937.985
2026-06-23 16:35:00,69.1,69.15,68.98,69.02,5542.861
2026-06-23 16:40:00,69.03,69.11,69.01,69.02,5207.648
2026-06-23 16:45:00,69.03,69.11,68.98,68.99,7201.608
2026-06-23 16:50:00,68.99,68.99,68.87,68.89,4279.373
2026-06-23 16:55:00,68.9,68.98,68.83,68.9,3864.712
2026-06-23 17:00:00,68.89,68.89,68.73,68.79,3087.769
2026-06-23 17:05:00,68.79,68.85,68.64,68.7,3856.339
2026-06-23 17:10:00,68.7,68.84,68.69,68.72,3304.871
2026-06-23 17:15:00,68.72,69.0,68.72,69.0,2603.322
2026-06-23 17:20:00,69.0,69.1,68.98,69.06,3438.576
2026-06-23 17:25:00,69.06,69.12,69.05,69.08,2557.614
2026-06-23 17:30:00,69.08,69.11,68.88,69.07,2882.029
2026-06-23 17:35:00,69.07,69.19,68.97,69.0,3219.734
2026-06-23 17:40:00,69.01,69.02,68.86,68.9,1807.811
2026-06-23 17:45:00,68.9,68.97,68.85,68.87,3849.941
2026-06-23 17:50:00,68.86,68.9,68.72,68.72,2352.579
2026-06-23 17:55:00,68.72,68.81,68.66,68.78,4610.261
2026-06-23 18:00:00,68.78,68.93,68.77,68.82,2722.385
2026-06-23 18:05:00,68.81,68.86,68.69,68.78,1183.017
2026-06-23 18:10:00,68.78,68.95,68.76,68.89,2608.262
2026-06-23 18:15:00,68.89,68.93,68.8,68.89,5715.226
2026-06-23 18:20:00,68.9,69.05,68.86,69.03,4116.469
2026-06-23 18:25:00,69.03,69.05,68.92,68.94,2776.741
2026-06-23 18:30:00,68.95,68.95,68.87,68.91,2326.028
2026-06-23 18:35:00,68.91,68.92,68.79,68.87,6794.874
2026-06-23 18:40:00,68.87,68.87,68.7,68.74,3949.484
2026-06-23 18:45:00,68.75,68.82,68.7,68.8,4052.359
2026-06-23 18:50:00,68.8,68.92,68.79,68.91,3988.561
2026-06-23 18:55:00,68.92,68.95,68.88,68.91,3683.722
2026-06-23 19:00:00,68.9,69.04,68.86,69.02,1835.389
2026-06-23 19:05:00,69.01,69.11,68.9,68.97,3897.012
2026-06-23 19:10:00,68.97,68.99,68.89,68.94,1832.412
2026-06-23 19:15:00,68.94,68.95,68.8,68.81,3523.728
2026-06-23 19:20:00,68.81,68.96,68.76,68.86,4022.189
2026-06-23 19:25:00,68.86,68.98,68.81,68.96,4207.986
2026-06-23 19:30:00,68.96,69.03,68.85,68.94,5646.545
2026-06-23 19:35:00,68.94,68.99,68.8,68.85,3761.992
2026-06-23 19:40:00,68.86,68.87,68.75,68.75,3924.734
2026-06-23 19:45:00,68.76,68.84,68.73,68.84,1785.348
2026-06-23 19:50:00,68.84,69.05,68.82,69.03,8490.222
2026-06-23 19:55:00,69.02,69.02,68.84,68.84,5340.795
2026-06-23 20:00:00,68.84,69.05,68.83,68.95,2725.816
2026-06-23 20:05:00,68.95,69.05,68.94,69.05,2165.858
2026-06-23 20:10:00,69.05,69.06,68.94,68.95,2733.06
2026-06-23 20:15:00,68.95,69.06,68.92,69.02,2636.969
2026-06-23 20:20:00,69.02,69.05,68.93,68.96,1966.15
2026-06-23 20:25:00,68.96,69.04,68.92,69.0,3372.257
2026-06-23 20:30:00,69.0,69.06,68.97,68.98,4223.982
2026-06-23 20:35:00,68.97,69.0,68.93,69.0,1376.123
2026-06-23 20:40:00,69.0,69.0,68.94,68.96,2381.175
2026-06-23 20:45:00,68.95,68.96,68.91,68.93,4490.765
2026-06-23 20:50:00,68.94,68.99,68.85,68.9,3317.278
2026-06-23 20:55:00,68.91,69.02,68.9,69.01,1961.13
2026-06-23 21:00:00,69.02,69.19,68.97,69.11,6735.693
2026-06-23 21:05:00,69.11,69.2,69.08,69.2,3062.233
2026-06-23 21:10:00,69.19,69.19,69.09,69.15,4452.323
2026-06-23 21:15:00,69.16,69.24,69.06,69.1,3564.17
2026-06-23 21:20:00,69.1,69.19,69.08,69.18,2632.462
2026-06-23 21:25:00,69.18,69.25,69.07,69.24,2926.591
2026-06-23 21:30:00,69.25,69.31,69.23,69.26,8265.986
2026-06-23 21:35:00,69.25,69.29,69.21,69.26,1662.15
2026-06-23 21:40:00,69.27,69.31,69.22,69.28,3820.292
2026-06-23 21:45:00,69.27,69.29,69.24,69.24,1098.763
2026-06-23 21:50:00,69.25,69.27,69.23,69.26,3910.901
2026-06-23 21:55:00,69.25,69.29,69.25,69.27,2140.965
2026-06-23 22:00:00,69.27,69.37,69.26,69.36,2941.032
2026-06-23 22:05:00,69.35,69.54,69.35,69.52,9176.613
2026-06-23 22:10:00,69.53,69.74,69.5,69.68,10810.509
2026-06-23 22:15:00,69.69,69.84,69.59,69.68,7088.805
2026-06-23 22:20:00,69.67,69.67,69.4,69.42,6221.084
2026-06-23 22:25:00,69.41,69.46,69.35,69.46,1607.8
2026-06-23 22:30:00,69.46,69.56,69.46,69.46,2187.252
2026-06-23 22:35:00,69.47,69.6,69.37,69.59,4294.27
2026-06-23 22:40:00,69.58,69.6,69.46,69.46,3739.084
2026-06-23 22:45:00,69.47,69.57,69.46,69.5,3899.272
2026-06-23 22:50:00,69.49,69.58,69.43,69.49,3296.884
2026-06-23 22:55:00,69.49,69.6,69.48,69.56,3312.973
2026-06-23 23:00:00,69.56,69.56,69.4,69.5,3997.521
2026-06-23 23:05:00,69.5,69.5,69.31,69.34,5589.557
2026-06-23 23:10:00,69.35,69.46,69.34,69.37,1539.054
2026-06-23 23:15:00,69.37,69.47,69.37,69.44,1513.609
2026-06-23 23:20:00,69.45,69.57,69.43,69.57,2315.762
2026-06-23 23:25:00,69.58,69.62,69.48,69.52,3310.987
2026-06-23 23:30:00,69.52,69.61,69.49,69.55,3107.995
2026-06-23 23:35:00,69.56,69.56,69.4,69.4,2862.698
2026-06-23 23:40:00,69.4,69.47,69.4,69.43,1632.875
2026-06-23 23:45:00,69.43,69.82,69.43,69.71,7403.189
2026-06-23 23:50:00,69.7,69.75,69.64,69.68,3193.181
2026-06-23 23:55:00,69.69,69.76,69.66,69.71,2340.01
2026-06-24 00:00:00,69.7,69.81,69.63,69.63,5460.771
2026-06-24 00:05:00,69.64,69.93,69.59,69.86,5270.905
2026-06-24 00:10:00,69.87,69.96,69.79,69.94,4817.17
2026-06-24 00:15:00,69.94,70.0,69.87,69.95,8810.472
2026-06-24 00:20:00,69.94,69.94,69.82,69.85,3357.932
2026-06-24 00:25:00,69.86,69.97,69.8,69.86,2576.036
2026-06-24 00:30:00,69.87,69.91,69.81,69.91,6988.632
2026-06-24 00:35:00,69.92,70.14,69.9,70.13,5877.811
2026-06-24 00:40:00,70.12,70.12,69.99,70.03,2741.806
2026-06-24 00:45:00,70.03,70.13,69.9,70.05,4350.733
2026-06-24 00:50:00,70.05,70.12,69.96,70.0,6658.883
2026-06-24 00:55:00,69.99,70.0,69.84,69.99,5411.198
2026-06-24 01:00:00,70.0,70.07,69.83,69.84,10642.112
2026-06-24 01:05:00,69.84,69.86,69.69,69.8,3949.138
2026-06-24 01:10:00,69.8,70.01,69.78,69.98,3077.741
2026-06-24 01:15:00,69.99,69.99,69.67,69.72,4159.857
2026-06-24 01:20:00,69.72,69.96,69.72,69.92,3645.52
2026-06-24 01:25:00,69.92,69.97,69.83,69.97,4581.364
2026-06-24 01:30:00,69.97,70.31,69.97,70.29,14317.272
2026-06-24 01:35:00,70.28,70.41,70.25,70.31,12269.372
2026-06-24 01:40:00,70.31,70.33,70.13,70.17,7582.929
2026-06-24 01:45:00,70.16,70.25,70.14,70.23,3830.138
2026-06-24 01:50:00,70.23,70.33,70.21,70.3,7841.178
2026-06-24 01:55:00,70.3,70.3,70.08,70.09,4745.849
2026-06-24 02:00:00,70.09,70.15,69.95,70.0,15022.0
2026-06-24 02:05:00,69.99,69.99,69.83,69.9,10544.524
2026-06-24 02:10:00,69.9,69.98,69.86,69.92,5084.725
2026-06-24 02:15:00,69.92,69.92,69.68,69.68,8259.544
2026-06-24 02:20:00,69.68,69.71,69.56,69.58,4689.53
2026-06-24 02:25:00,69.58,69.76,69.58,69.73,2215.941
2026-06-24 02:30:00,69.73,69.77,69.65,69.66,3026.395
2026-06-24 02:35:00,69.67,69.69,69.5,69.6,6117.776
2026-06-24 02:40:00,69.59,69.81,69.59,69.66,4011.806
2026-06-24 02:45:00,69.66,69.68,69.55,69.63,2269.366
2026-06-24 02:50:00,69.64,69.66,69.43,69.46,7056.907
2026-06-24 02:55:00,69.47,69.57,69.43,69.46,3288.008
2026-06-24 03:00:00,69.46,69.52,69.35,69.39,4339.493
2026-06-24 03:05:00,69.39,69.43,69.31,69.34,5552.92
2026-06-24 03:10:00,69.34,69.45,69.34,69.36,3229.594
2026-06-24 03:15:00,69.37,69.37,69.1,69.12,4718.176
2026-06-24 03:20:00,69.12,69.3,69.11,69.26,4688.703
2026-06-24 03:25:00,69.25,69.36,69.25,69.36,1930.247
2026-06-24 03:30:00,69.35,69.54,69.35,69.54,5286.361
2026-06-24 03:35:00,69.53,69.77,69.53,69.74,4887.512
2026-06-24 03:40:00,69.74,69.74,69.68,69.72,3156.142
2026-06-24 03:45:00,69.73,69.75,69.68,69.68,3487.496
2026-06-24 03:50:00,69.68,69.71,69.56,69.59,5637.939
2026-06-24 03:55:00,69.59,69.62,69.55,69.56,2273.331
2026-06-24 04:00:00,69.57,69.62,69.47,69.48,7853.574
2026-06-24 04:05:00,69.49,69.5,69.42,69.44,3628.306
2026-06-24 04:10:00,69.44,69.52,69.43,69.5,1588.593
2026-06-24 04:15:00,69.5,69.59,69.38,69.44,2265.854
2026-06-24 04:20:00,69.44,69.44,69.0,69.01,8420.101
2026-06-24 04:25:00,69.01,69.2,69.0,69.15,4303.255
2026-06-24 04:30:00,69.15,69.41,69.12,69.32,4996.644
2026-06-24 04:35:00,69.32,69.37,69.28,69.3,2479.23
2026-06-24 04:40:00,69.3,69.36,69.25,69.33,2125.915
2026-06-24 04:45:00,69.33,69.66,69.33,69.64,6141.403
2026-06-24 04:50:00,69.64,69.7,69.51,69.54,5394.662
2026-06-24 04:55:00,69.53,69.63,69.5,69.58,3411.469
2026-06-24 05:00:00,69.59,69.68,69.56,69.62,3967.619
2026-06-24 05:05:00,69.61,69.76,69.52,69.75,3775.616
2026-06-24 05:10:00,69.75,69.82,69.7,69.72,6344.608
2026-06-24 05:15:00,69.72,69.85,69.72,69.78,4837.054
2026-06-24 05:20:00,69.79,69.9,69.7,69.9,6745.079
2026-06-24 05:25:00,69.9,70.0,69.9,69.99,5370.988
2026-06-24 05:30:00,69.99,70.06,69.92,69.98,7866.457
2026-06-24 05:35:00,69.97,70.22,69.97,70.08,11870.268
2026-06-24 05:40:00,70.08,70.09,70.0,70.04,7643.076
2026-06-24 05:45:00,70.04,70.08,69.96,69.97,5540.31
2026-06-24 05:50:00,69.96,69.97,69.88,69.91,4144.854
2026-06-24 05:55:00,69.92,69.96,69.91,69.95,1787.145
2026-06-24 06:00:00,69.95,69.96,69.75,69.77,8537.714
2026-06-24 06:05:00,69.78,69.96,69.76,69.95,6772.385
2026-06-24 06:10:00,69.95,69.99,69.9,69.93,5631.972
2026-06-24 06:15:00,69.94,69.94,69.85,69.89,3575.708
2026-06-24 06:20:00,69.9,69.98,69.85,69.96,5359.025
2026-06-24 06:25:00,69.96,70.04,69.86,69.92,10050.715
2026-06-24 06:30:00,69.93,69.98,69.91,69.95,4871.897
2026-06-24 06:35:00,69.96,70.02,69.9,69.93,3313.992
2026-06-24 06:40:00,69.92,69.95,69.76,69.76,3062.307
2026-06-24 06:45:00,69.76,69.84,69.7,69.78,6478.341
2026-06-24 06:50:00,69.78,69.84,69.74,69.79,2690.898
2026-06-24 06:55:00,69.78,69.78,69.73,69.75,3161.594
2026-06-24 07:00:00,69.75,69.79,69.57,69.74,7558.33
2026-06-24 07:05:00,69.74,69.75,69.54,69.59,8068.995
2026-06-24 07:10:00,69.58,69.72,69.57,69.7,4392.875
2026-06-24 07:15:00,69.7,69.7,69.58,69.65,5248.733
2026-06-24 07:20:00,69.65,69.71,69.6,69.61,4158.633
2026-06-24 07:25:00,69.61,69.64,69.54,69.56,4192.027
2026-06-24 07:30:00,69.56,69.66,69.53,69.59,3962.797
2026-06-24 07:35:00,69.59,69.61,69.43,69.51,5307.072
2026-06-24 07:40:00,69.51,69.56,69.48,69.53,5529.686
2026-06-24 07:45:00,69.53,69.55,69.38,69.4,5780.34
2026-06-24 07:50:00,69.4,69.44,69.28,69.33,7751.171
2026-06-24 07:55:00,69.33,69.38,69.29,69.38,3927.098
2026-06-24 08:00:00,69.38,69.46,69.33,69.42,7432.958
2026-06-24 08:05:00,69.42,69.49,69.31,69.36,8604.279
2026-06-24 08:10:00,69.36,69.37,69.25,69.36,5457.852
2026-06-24 08:15:00,69.37,69.41,69.27,69.27,6629.189
2026-06-24 08:20:00,69.27,69.43,69.26,69.39,4447.13
2026-06-24 08:25:00,69.39,69.45,69.35,69.43,2557.63
2026-06-24 08:30:00,69.44,69.63,69.41,69.54,8426.146
2026-06-24 08:35:00,69.54,69.56,69.45,69.45,3501.818
2026-06-24 08:40:00,69.46,69.51,69.42,69.51,3675.466
2026-06-24 08:45:00,69.51,69.52,69.4,69.4,2951.879
2026-06-24 08:50:00,69.41,69.47,69.38,69.46,7497.237
2026-06-24 08:55:00,69.46,69.49,69.43,69.48,1359.778
2026-06-24 09:00:00,69.48,69.53,69.29,69.5,19434.523
2026-06-24 09:05:00,69.51,69.55,69.41,69.41,6041.194
2026-06-24 09:10:00,69.42,69.46,69.33,69.39,10247.786
2026-06-24 09:15:00,69.39,69.53,69.37,69.46,14108.459
2026-06-24 09:20:00,69.45,69.48,69.41,69.42,6890.74
2026-06-24 09:25:00,69.43,69.49,69.32,69.32,2736.315
2026-06-24 09:30:00,69.33,69.36,69.24,69.31,14184.554
2026-06-24 09:35:00,69.32,69.37,69.26,69.34,5128.541
2026-06-24 09:40:00,69.33,69.34,69.25,69.29,6906.664
2026-06-24 09:45:00,69.28,69.33,69.2,69.29,3601.031
2026-06-24 09:50:00,69.3,69.35,69.29,69.32,3927.01
2026-06-24 09:55:00,69.32,69.37,69.31,69.31,4389.58
2026-06-24 10:00:00,69.31,69.33,69.21,69.25,5028.895
2026-06-24 10:05:00,69.26,69.35,69.21,69.22,4566.224
2026-06-24 10:10:00,69.21,69.27,69.11,69.25,5753.769
2026-06-24 10:15:00,69.26,69.26,68.97,68.98,7579.089
2026-06-24 10:20:00,68.97,69.12,68.96,69.08,6867.394
2026-06-24 10:25:00,69.09,69.14,69.04,69.13,2167.064
2026-06-24 10:30:00,69.14,69.21,69.09,69.2,4526.418
2026-06-24 10:35:00,69.2,69.2,69.08,69.15,3216.004
2026-06-24 10:40:00,69.14,69.27,69.1,69.22,6669.74
2026-06-24 10:45:00,69.21,69.22,69.11,69.12,1578.645
2026-06-24 10:50:00,69.12,69.13,69.0,69.05,8447.148
2026-06-24 10:55:00,69.04,69.07,68.99,69.05,7246.577
2026-06-24 11:00:00,69.05,69.18,69.03,69.1,8769.859
2026-06-24 11:05:00,69.1,69.1,68.86,68.89,11964.838
2026-06-24 11:10:00,68.9,69.05,68.88,68.88,4153.685
2026-06-24 11:15:00,68.89,68.94,68.81,68.82,6789.048
2026-06-24 11:20:00,68.81,68.96,68.77,68.96,4535.946
2026-06-24 11:25:00,68.96,68.96,68.86,68.88,3037.977
2026-06-24 11:30:00,68.88,69.04,68.88,69.01,6510.218
2026-06-24 11:35:00,69.01,69.41,68.98,69.31,14783.937
2026-06-24 11:40:00,69.31,69.56,69.28,69.53,4486.153
2026-06-24 11:45:00,69.52,70.44,69.47,70.21,23322.225
2026-06-24 11:50:00,70.2,70.2,69.85,69.86,15020.884
2026-06-24 11:55:00,69.85,69.86,69.75,69.82,12777.517
2026-06-24 12:00:00,69.82,69.91,69.67,69.86,10583.613
2026-06-24 12:05:00,69.86,69.88,69.71,69.85,7098.131
2026-06-24 12:10:00,69.84,69.89,69.72,69.84,5167.626
2026-06-24 12:15:00,69.84,69.93,69.73,69.85,3630.176
2026-06-24 12:20:00,69.85,69.88,69.72,69.77,8546.462
2026-06-24 12:25:00,69.77,69.81,69.62,69.76,6834.347
2026-06-24 12:30:00,69.76,69.83,69.61,69.73,3277.227
2026-06-24 12:35:00,69.73,69.79,69.61,69.78,2037.181
2026-06-24 12:40:00,69.78,69.81,69.67,69.76,3240.061
2026-06-24 12:45:00,69.76,69.78,69.59,69.62,3184.362
2026-06-24 12:50:00,69.62,69.67,69.47,69.53,6968.296
2026-06-24 12:55:00,69.53,69.55,69.41,69.46,3956.785
2026-06-24 13:00:00,69.46,69.5,69.11,69.16,9009.398
2026-06-24 13:05:00,69.17,69.22,68.93,69.05,12547.602
2026-06-24 13:10:00,69.06,69.06,68.6,68.74,22272.301
2026-06-24 13:15:00,68.75,68.95,68.7,68.94,17546.213
2026-06-24 13:20:00,68.93,68.93,68.37,68.7,23117.181
2026-06-24 13:25:00,68.7,69.01,68.66,69.0,20129.828
2026-06-24 13:30:00,68.99,69.47,68.71,69.35,45132.361
2026-06-24 13:35:00,69.34,69.46,69.03,69.04,12717.202
2026-06-24 13:40:00,69.04,69.09,68.63,68.78,17398.034
2026-06-24 13:45:00,68.77,69.04,68.66,68.99,44398.919
2026-06-24 13:50:00,69.0,69.33,68.98,69.08,14444.237
2026-06-24 13:55:00,69.07,69.08,68.83,68.88,11663.989
2026-06-24 14:00:00,68.87,68.94,68.7,68.82,14203.253
2026-06-24 14:05:00,68.82,69.18,68.81,68.98,22041.957
2026-06-24 14:10:00,68.98,69.17,68.72,69.0,21544.702
2026-06-24 14:15:00,69.0,69.09,68.65,68.76,20990.268
2026-06-24 14:20:00,68.75,69.01,68.59,68.99,22533.467
2026-06-24 14:25:00,68.98,69.1,68.92,69.03,10533.21
2026-06-24 14:30:00,69.03,69.35,69.02,69.3,14836.39
2026-06-24 14:35:00,69.29,69.43,68.92,68.92,13235.374
2026-06-24 14:40:00,68.93,69.09,68.78,69.07,11605.083
2026-06-24 14:45:00,69.07,69.18,69.01,69.06,6928.218
2026-06-24 14:50:00,69.07,69.16,68.9,68.9,4877.897
2026-06-24 14:55:00,68.9,68.96,68.74,68.85,11587.658
2026-06-24 15:00:00,68.86,68.9,68.66,68.71,6239.146
2026-06-24 15:05:00,68.7,68.8,68.44,68.56,10086.608
2026-06-24 15:10:00,68.56,68.67,68.3,68.38,9708.193
2026-06-24 15:15:00,68.38,68.51,68.34,68.46,7744.604
2026-06-24 15:20:00,68.46,68.69,68.43,68.45,5297.327
2026-06-24 15:25:00,68.45,68.59,68.3,68.45,4829.791
2026-06-24 15:30:00,68.46,68.47,68.0,68.19,18269.438
2026-06-24 15:35:00,68.19,68.21,68.0,68.04,16491.043
2026-06-24 15:40:00,68.03,68.09,67.67,67.76,32911.458
2026-06-24 15:45:00,67.76,67.78,67.34,67.42,30797.438
2026-06-24 15:50:00,67.43,67.62,67.42,67.45,18975.273
2026-06-24 15:55:00,67.45,67.52,67.24,67.33,17099.018
2026-06-24 16:00:00,67.32,67.57,67.29,67.47,15150.547
2026-06-24 16:05:00,67.46,67.59,67.32,67.47,24441.208
2026-06-24 16:10:00,67.48,67.73,67.36,67.69,30111.6
2026-06-24 16:15:00,67.68,67.8,67.54,67.69,46403.673
2026-06-24 16:20:00,67.7,68.03,67.2,67.8,143474.392
2026-06-24 16:25:00,67.79,67.91,67.6,67.81,16633.948
2026-06-24 16:30:00,67.81,67.88,67.72,67.78,12346.234
2026-06-24 16:35:00,67.78,67.9,67.5,67.51,12959.502
2026-06-24 16:40:00,67.51,67.59,67.23,67.36,55038.654
2026-06-24 16:45:00,67.36,67.36,66.8,66.93,62829.583
2026-06-24 16:50:00,66.92,67.04,66.32,66.64,91659.467
2026-06-24 16:55:00,66.63,66.64,66.28,66.52,57405.228
2026-06-24 17:00:00,66.52,66.92,66.52,66.84,21499.041
2026-06-24 17:05:00,66.85,66.85,66.31,66.55,17941.723
2026-06-24 17:10:00,66.55,66.59,66.22,66.38,16319.393
2026-06-24 17:15:00,66.38,66.44,65.88,65.91,49777.628
2026-06-24 17:20:00,65.91,65.92,65.2,65.35,53522.694
2026-06-24 17:25:00,65.36,65.79,65.21,65.59,39150.034
2026-06-24 17:30:00,65.59,65.72,65.37,65.66,30926.602
2026-06-24 17:35:00,65.66,65.68,65.35,65.44,18021.576
2026-06-24 17:40:00,65.43,65.53,65.22,65.29,20668.866
2026-06-24 17:45:00,65.28,65.36,64.71,65.12,73528.865
2026-06-24 17:50:00,65.11,65.2,64.9,64.92,31597.254
2026-06-24 17:55:00,64.92,65.11,64.77,64.98,36678.379
2026-06-24 18:00:00,64.98,65.18,64.83,65.06,23616.909
2026-06-24 18:05:00,65.05,65.29,64.95,65.28,17222.642
2026-06-24 18:10:00,65.29,65.51,65.25,65.5,16805.857
2026-06-24 18:15:00,65.51,65.97,65.51,65.96,36733.599
2026-06-24 18:20:00,65.97,66.34,65.97,66.24,39080.365
2026-06-24 18:25:00,66.23,66.5,66.12,66.2,27115.723
2026-06-24 18:30:00,66.2,66.3,66.11,66.19,19355.403
2026-06-24 18:35:00,66.2,66.24,66.02,66.17,10298.859
2026-06-24 18:40:00,66.17,66.21,65.94,66.05,16078.221
2026-06-24 18:45:00,66.04,66.13,65.82,65.87,8474.709
2026-06-24 18:50:00,65.88,65.97,65.8,65.96,9945.203
2026-06-24 18:55:00,65.97,66.17,65.93,66.03,7270.143
2026-06-24 19:00:00,66.04,66.39,66.01,66.17,5935.722
2026-06-24 19:05:00,66.17,66.17,65.96,66.11,8236.641
2026-06-24 19:10:00,66.1,66.1,65.63,65.77,22077.939
2026-06-24 19:15:00,65.77,65.78,65.54,65.76,6337.039
2026-06-24 19:20:00,65.76,65.87,65.67,65.86,7315.94
2026-06-24 19:25:00,65.87,65.99,65.82,65.92,10431.593
2026-06-24 19:30:00,65.91,65.96,65.76,65.9,4397.385
2026-06-24 19:35:00,65.91,66.03,65.82,65.92,8198.665
2026-06-24 19:40:00,65.92,66.03,65.76,65.83,5387.377
2026-06-24 19:45:00,65.83,65.92,65.73,65.84,7171.764
2026-06-24 19:50:00,65.83,66.21,65.73,66.08,30784.513
2026-06-24 19:55:00,66.07,66.25,65.97,66.13,11754.878
2026-06-24 20:00:00,66.13,66.98,65.98,66.74,45935.373
2026-06-24 20:05:00,66.74,67.45,66.71,67.27,46631.726
2026-06-24 20:10:00,67.26,67.37,67.09,67.26,12980.994
2026-06-24 20:15:00,67.25,67.44,67.14,67.38,12486.393
2026-06-24 20:20:00,67.37,67.52,67.26,67.36,13579.753
2026-06-24 20:25:00,67.36,67.66,67.35,67.49,35972.498
2026-06-24 20:30:00,67.5,67.66,67.31,67.35,24848.195
2026-06-24 20:35:00,67.35,67.59,67.3,67.54,10845.966
2026-06-24 20:40:00,67.55,67.64,67.51,67.51,8627.595
2026-06-24 20:45:00,67.52,67.95,67.52,67.93,25597.779
2026-06-24 20:50:00,67.93,68.01,67.69,67.71,27074.502
2026-06-24 20:55:00,67.7,67.78,67.62,67.68,5926.767
2026-06-24 21:00:00,67.69,67.73,67.42,67.46,20450.083
2026-06-24 21:05:00,67.45,67.46,67.29,67.35,17862.59
2026-06-24 21:10:00,67.35,67.52,67.24,67.32,21282.872
2026-06-24 21:15:00,67.31,67.51,67.22,67.46,9414.082
2026-06-24 21:20:00,67.46,67.52,67.39,67.44,3453.021
2026-06-24 21:25:00,67.43,67.58,67.42,67.57,4505.739
2026-06-24 21:30:00,67.56,67.62,67.44,67.54,2601.575
2026-06-24 21:35:00,67.53,67.9,67.52,67.89,17037.935
2026-06-24 21:40:00,67.9,67.94,67.78,67.84,9188.733
2026-06-24 21:45:00,67.83,67.97,67.83,67.87,5451.512
2026-06-24 21:50:00,67.87,67.88,67.78,67.81,4616.459
2026-06-24 21:55:00,67.81,68.12,67.81,68.09,7643.593
2026-06-24 22:00:00,68.08,68.55,68.02,68.17,18755.838
2026-06-24 22:05:00,68.17,68.23,68.09,68.14,6615.543
2026-06-24 22:10:00,68.15,68.24,68.06,68.07,5639.793
2026-06-24 22:15:00,68.06,68.08,67.86,67.88,9015.949
2026-06-24 22:20:00,67.88,67.98,67.86,67.9,2045.202
2026-06-24 22:25:00,67.9,67.96,67.81,67.87,3029.482
2026-06-24 22:30:00,67.87,68.02,67.87,67.9,5908.042
2026-06-24 22:35:00,67.91,67.98,67.82,67.83,5115.233
2026-06-24 22:40:00,67.83,67.94,67.74,67.92,5719.504
2026-06-24 22:45:00,67.93,67.94,67.69,67.75,2646.18
2026-06-24 22:50:00,67.76,67.87,67.75,67.85,3843.992
2026-06-24 22:55:00,67.86,67.89,67.81,67.83,1382.76
2026-06-24 23:00:00,67.84,67.92,67.76,67.9,2737.584
2026-06-24 23:05:00,67.9,67.93,67.8,67.82,1949.667
2026-06-24 23:10:00,67.82,67.92,67.79,67.88,1786.762
2026-06-24 23:15:00,67.89,67.94,67.84,67.85,2069.593
2026-06-24 23:20:00,67.85,68.15,67.84,68.1,5409.195
2026-06-24 23:25:00,68.1,68.2,67.98,68.0,6310.49
2026-06-24 23:30:00,67.99,68.1,67.97,68.06,1847.761
2026-06-24 23:35:00,68.07,68.12,68.0,68.0,2706.344
2026-06-24 23:40:00,68.0,68.06,67.94,68.05,8174.314
2026-06-24 23:45:00,68.05,68.17,67.96,68.0,3125.749
2026-06-24 23:50:00,68.0,68.09,67.86,68.07,2912.645
2026-06-24 23:55:00,68.07,68.15,68.03,68.11,3959.993
2026-06-25 00:00:00,68.12,68.18,68.01,68.18,5101.808
2026-06-25 00:05:00,68.17,68.32,68.14,68.15,5183.0
2026-06-25 00:10:00,68.15,68.27,68.09,68.2,5869.513
2026-06-25 00:15:00,68.2,68.2,67.97,68.0,4224.634
2026-06-25 00:20:00,68.0,68.16,67.97,68.0,3640.972
2026-06-25 00:25:00,68.01,68.02,67.89,67.94,4673.18
2026-06-25 00:30:00,67.94,67.99,67.87,67.94,5774.69
2026-06-25 00:35:00,67.94,67.97,67.79,67.82,6429.631
2026-06-25 00:40:00,67.83,67.9,67.77,67.79,2610.899
2026-06-25 00:45:00,67.79,67.83,67.68,67.78,6220.692
2026-06-25 00:50:00,67.79,67.92,67.78,67.78,3977.176
2026-06-25 00:55:00,67.79,67.79,67.57,67.72,8099.042
2026-06-25 01:00:00,67.72,67.79,67.54,67.58,3853.425
2026-06-25 01:05:00,67.57,67.68,67.48,67.52,16037.49
2026-06-25 01:10:00,67.51,67.55,67.49,67.51,2969.482
2026-06-25 01:15:00,67.52,67.6,67.4,67.5,5049.209
2026-06-25 01:20:00,67.51,67.76,67.51,67.68,4183.035
2026-06-25 01:25:00,67.68,67.69,67.56,67.64,2720.064
2026-06-25 01:30:00,67.64,67.74,67.61,67.68,4154.601
2026-06-25 01:35:00,67.67,67.84,67.67,67.75,17406.182
2026-06-25 01:40:00,67.75,67.8,67.72,67.76,6377.436
2026-06-25 01:45:00,67.77,67.86,67.75,67.86,3299.455
2026-06-25 01:50:00,67.87,67.97,67.87,67.95,4698.926
2026-06-25 01:55:00,67.96,68.01,67.86,67.89,4854.947
2026-06-25 02:00:00,67.89,67.94,67.83,67.88,5155.188
2026-06-25 02:05:00,67.88,67.88,67.77,67.82,3031.622
2026-06-25 02:10:00,67.82,67.82,67.66,67.69,4420.18
2026-06-25 02:15:00,67.68,67.86,67.61,67.86,2334.944
2026-06-25 02:20:00,67.86,67.9,67.74,67.75,4029.292
2026-06-25 02:25:00,67.76,67.89,67.74,67.88,1464.168
2026-06-25 02:30:00,67.88,67.88,67.8,67.84,1668.035
2026-06-25 02:35:00,67.84,67.9,67.81,67.84,1130.363
2026-06-25 02:40:00,67.85,67.88,67.64,67.67,2954.305
2026-06-25 02:45:00,67.67,67.73,67.62,67.69,3390.193
2026-06-25 02:50:00,67.69,67.74,67.64,67.74,2430.713
2026-06-25 02:55:00,67.74,67.76,67.68,67.74,3477.969
2026-06-25 03:00:00,67.75,67.87,67.74,67.74,2351.449
2026-06-25 03:05:00,67.74,67.82,67.7,67.77,4351.395
2026-06-25 03:10:00,67.77,67.77,67.59,67.61,3347.618
2026-06-25 03:15:00,67.61,67.7,67.47,67.69,5104.986
2026-06-25 03:20:00,67.69,67.69,67.61,67.65,2930.027
2026-06-25 03:25:00,67.65,67.7,67.58,67.66,2950.021
2026-06-25 03:30:00,67.65,67.76,67.64,67.68,1765.159
2026-06-25 03:35:00,67.69,67.69,67.55,67.56,3318.776
2026-06-25 03:40:00,67.57,67.63,67.48,67.52,15273.158
2026-06-25 03:45:00,67.52,67.64,67.51,67.61,2391.136
2026-06-25 03:50:00,67.6,67.72,67.59,67.68,2987.301
2026-06-25 03:55:00,67.69,67.73,67.65,67.7,13509.904
2026-06-25 04:00:00,67.7,67.73,67.58,67.68,9456.965
2026-06-25 04:05:00,67.68,67.72,67.63,67.67,1359.911
2026-06-25 04:10:00,67.66,67.68,67.6,67.61,864.688
2026-06-25 04:15:00,67.6,67.62,67.57,67.61,1224.363
2026-06-25 04:20:00,67.61,67.7,67.6,67.69,2903.119
2026-06-25 04:25:00,67.69,67.7,67.61,67.63,1564.8
2026-06-25 04:30:00,67.63,67.63,67.5,67.55,1780.185
2026-06-25 04:35:00,67.54,67.72,67.53,67.72,4710.583
2026-06-25 04:40:00,67.72,67.83,67.64,67.83,1586.274
2026-06-25 04:45:00,67.84,68.09,67.83,68.07,15249.098
2026-06-25 04:50:00,68.07,68.32,68.06,68.25,23105.493
2026-06-25 04:55:00,68.26,68.51,68.24,68.46,19553.917
2026-06-25 05:00:00,68.47,68.9,68.35,68.72,31062.203
2026-06-25 05:05:00,68.72,69.12,68.65,69.12,40865.443
2026-06-25 05:10:00,69.12,69.14,68.9,69.02,16382.81
2026-06-25 05:15:00,69.02,69.05,68.83,68.95,11620.243
2026-06-25 05:20:00,68.96,69.27,68.86,69.07,19765.131
2026-06-25 05:25:00,69.06,69.07,68.97,69.07,9452.563
2026-06-25 05:30:00,69.07,69.25,69.05,69.25,6945.848
2026-06-25 05:35:00,69.25,69.31,69.1,69.12,15140.068
2026-06-25 05:40:00,69.12,69.12,68.94,68.95,14014.551
2026-06-25 05:45:00,68.95,69.07,68.95,69.07,7344.252
2026-06-25 05:50:00,69.06,69.18,69.05,69.08,12005.353
2026-06-25 05:55:00,69.09,69.16,69.03,69.04,8953.537
2026-06-25 06:00:00,69.03,69.2,69.03,69.07,19177.166
2026-06-25 06:05:00,69.07,69.16,69.01,69.15,9398.297
2026-06-25 06:10:00,69.15,69.3,69.15,69.19,10525.082
2026-06-25 06:15:00,69.2,69.66,69.19,69.45,37485.065
2026-06-25 06:20:00,69.44,69.47,69.28,69.34,7706.957
2026-06-25 06:25:00,69.34,69.34,69.2,69.26,11404.289
2026-06-25 06:30:00,69.25,69.43,69.23,69.42,5027.98
2026-06-25 06:35:00,69.43,69.46,69.29,69.46,8128.264
2026-06-25 06:40:00,69.45,69.48,69.36,69.42,4928.34
2026-06-25 06:45:00,69.42,69.46,69.4,69.43,4478.019
2026-06-25 06:50:00,69.44,69.53,69.43,69.47,5558.697
2026-06-25 06:55:00,69.46,69.63,69.44,69.47,8706.447
2026-06-25 07:00:00,69.48,69.58,69.29,69.33,15544.029
2026-06-25 07:05:00,69.33,69.4,69.24,69.39,10149.974
2026-06-25 07:10:00,69.39,69.42,69.3,69.34,7714.589
2026-06-25 07:15:00,69.34,69.53,69.3,69.38,5456.874
2026-06-25 07:20:00,69.38,69.42,69.33,69.41,4551.262
2026-06-25 07:25:00,69.41,69.42,69.34,69.36,4306.961
2026-06-25 07:30:00,69.36,69.5,69.36,69.38,4727.75
2026-06-25 07:35:00,69.38,69.48,69.34,69.47,10306.222
2026-06-25 07:40:00,69.47,69.53,69.44,69.45,8869.296
2026-06-25 07:45:00,69.45,69.45,69.27,69.37,4256.617
2026-06-25 07:50:00,69.37,69.43,69.31,69.42,5514.145
2026-06-25 07:55:00,69.43,69.5,69.38,69.45,8654.938
2026-06-25 08:00:00,69.44,69.45,69.31,69.32,8621.968
2026-06-25 08:05:00,69.31,69.32,69.25,69.28,4460.641
2026-06-25 08:10:00,69.28,69.34,69.23,69.23,2437.052
2026-06-25 08:15:00,69.23,69.26,69.12,69.15,14450.831
2026-06-25 08:20:00,69.16,69.17,69.06,69.06,6317.37
2026-06-25 08:25:00,69.07,69.18,69.02,69.13,4482.17
2026-06-25 08:30:00,69.13,69.14,68.99,69.04,12632.842
2026-06-25 08:35:00,69.04,69.1,69.01,69.03,5900.357
2026-06-25 08:40:00,69.03,69.21,69.0,69.18,9570.389
2026-06-25 08:45:00,69.18,69.24,69.1,69.14,6051.417
2026-06-25 08:50:00,69.15,69.15,69.04,69.08,4807.791
2026-06-25 08:55:00,69.09,69.1,68.99,69.05,2908.745
2026-06-25 09:00:00,69.06,69.16,69.06,69.16,3886.689
2026-06-25 09:05:00,69.16,69.16,69.04,69.1,5028.308
2026-06-25 09:10:00,69.1,69.19,69.1,69.14,2210.204
2026-06-25 09:15:00,69.13,69.18,69.06,69.1,1537.861
2026-06-25 09:20:00,69.09,69.09,68.86,68.88,6854.366
2026-06-25 09:25:00,68.88,68.99,68.85,68.96,6730.59
2026-06-25 09:30:00,68.96,69.06,68.85,68.95,5276.278
2026-06-25 09:35:00,68.95,69.04,68.9,68.94,2412.708
2026-06-25 09:40:00,68.95,68.98,68.92,68.95,1695.429
2026-06-25 09:45:00,68.95,68.98,68.92,68.94,2208.496
2026-06-25 09:50:00,68.94,69.01,68.92,68.93,2513.423
2026-06-25 09:55:00,68.93,68.93,68.8,68.83,7208.269
2026-06-25 10:00:00,68.83,68.87,68.81,68.81,2256.922
2026-06-25 10:05:00,68.82,68.83,68.75,68.81,4827.03
2026-06-25 10:10:00,68.81,68.83,68.75,68.83,3241.664
2026-06-25 10:15:00,68.83,68.88,68.75,68.76,4114.625
2026-06-25 10:20:00,68.75,68.78,68.6,68.61,10491.475
2026-06-25 10:25:00,68.6,68.61,68.53,68.55,10627.79
2026-06-25 10:30:00,68.56,68.61,68.51,68.53,5249.96
2026-06-25 10:35:00,68.52,68.56,68.46,68.47,15667.434
2026-06-25 10:40:00,68.47,68.49,68.3,68.31,17161.56
2026-06-25 10:45:00,68.31,68.35,68.13,68.31,12596.319
2026-06-25 10:50:00,68.31,68.4,68.31,68.35,6205.363
2026-06-25 10:55:00,68.36,68.36,68.27,68.29,4683.413
2026-06-25 11:00:00,68.3,68.39,68.14,68.23,7562.272
2026-06-25 11:05:00,68.24,68.24,68.0,68.02,18808.296
2026-06-25 11:10:00,68.02,68.37,68.02,68.37,8912.759
2026-06-25 11:15:00,68.37,68.44,68.18,68.21,16021.359
2026-06-25 11:20:00,68.22,68.25,68.15,68.17,6983.533
2026-06-25 11:25:00,68.17,68.18,68.1,68.11,6740.733
2026-06-25 11:30:00,68.12,68.24,68.12,68.15,3414.703
2026-06-25 11:35:00,68.15,68.29,68.15,68.24,3891.031
2026-06-25 11:40:00,68.24,68.36,68.2,68.2,16393.01
2026-06-25 11:45:00,68.2,68.22,68.02,68.03,6827.819
2026-06-25 11:50:00,68.02,68.14,68.01,68.06,2913.101
2026-06-25 11:55:00,68.06,68.18,68.05,68.18,4195.231
2026-06-25 12:00:00,68.18,68.25,68.12,68.18,2002.295
2026-06-25 12:05:00,68.19,68.27,68.11,68.22,3851.513
2026-06-25 12:10:00,68.22,68.29,68.07,68.14,25508.893
2026-06-25 12:15:00,68.13,68.18,68.0,68.05,5081.102
2026-06-25 12:20:00,68.04,68.12,68.03,68.09,2488.796
2026-06-25 12:25:00,68.09,68.15,67.79,67.87,9047.037
2026-06-25 12:30:00,67.87,68.92,67.87,68.5,75040.937
2026-06-25 12:35:00,68.51,68.54,68.3,68.38,17167.809
2026-06-25 12:40:00,68.39,68.45,68.29,68.37,7519.955
2026-06-25 12:45:00,68.37,68.52,68.3,68.46,6985.15
2026-06-25 12:50:00,68.46,68.5,68.33,68.35,6453.588
2026-06-25 12:55:00,68.35,68.38,68.19,68.29,6503.356
2026-06-25 13:00:00,68.29,68.45,68.22,68.27,8014.857
2026-06-25 13:05:00,68.27,68.27,68.11,68.21,9393.32
2026-06-25 13:10:00,68.21,68.45,68.16,68.36,14699.969
2026-06-25 13:15:00,68.35,68.42,68.29,68.37,8379.205
2026-06-25 13:20:00,68.37,68.37,68.23,68.27,8588.786
2026-06-25 13:25:00,68.27,68.31,68.16,68.2,14229.039
2026-06-25 13:30:00,68.19,68.42,67.72,67.88,73440.167
2026-06-25 13:35:00,67.88,68.0,67.39,67.41,30901.137
2026-06-25 13:40:00,67.4,67.46,66.51,66.52,53478.118
2026-06-25 13:45:00,66.52,66.77,65.4,65.86,111016.969
2026-06-25 13:50:00,65.86,66.01,64.73,64.94,112273.544
2026-06-25 13:55:00,64.94,65.09,64.04,64.23,126457.587
2026-06-25 14:00:00,64.23,65.48,64.23,65.11,120418.965
2026-06-25 14:05:00,65.12,66.07,65.1,66.01,87608.878
2026-06-25 14:10:00,66.0,66.4,65.87,65.89,72359.263
2026-06-25 14:15:00,65.88,66.14,65.26,65.71,58069.295
2026-06-25 14:20:00,65.71,66.25,65.64,65.67,40094.197
2026-06-25 14:25:00,65.68,66.06,65.66,65.75,20170.753
2026-06-25 14:30:00,65.74,67.24,65.56,66.73,97924.283
2026-06-25 14:35:00,66.73,66.76,66.06,66.3,35439.73
2026-06-25 14:40:00,66.3,66.3,66.01,66.13,17348.036
2026-06-25 14:45:00,66.13,66.25,65.96,66.16,14156.776
2026-06-25 14:50:00,66.16,66.76,66.16,66.67,21165.193
2026-06-25 14:55:00,66.67,66.68,66.26,66.36,21452.054
2026-06-25 15:00:00,66.37,66.39,65.84,66.15,22059.145
2026-06-25 15:05:00,66.15,66.25,65.86,66.04,19614.375
2026-06-25 15:10:00,66.04,66.07,65.69,65.76,15844.574
2026-06-25 15:15:00,65.76,65.99,65.24,65.9,42109.097
2026-06-25 15:20:00,65.9,66.04,65.63,66.02,43443.54
2026-06-25 15:25:00,66.01,66.03,65.79,65.91,13850.255
2026-06-25 15:30:00,65.91,66.01,65.76,65.85,13776.301
2026-06-25 15:35:00,65.85,66.25,65.84,65.88,8634.247
2026-06-25 15:40:00,65.87,65.94,65.65,65.79,10219.015
2026-06-25 15:45:00,65.79,66.05,65.75,65.83,10279.265
2026-06-25 15:50:00,65.84,66.11,65.81,66.05,9391.737
2026-06-25 15:55:00,66.05,66.39,66.04,66.32,15717.153
2026-06-25 16:00:00,66.32,66.52,66.28,66.38,10648.799
2026-06-25 16:05:00,66.39,67.04,66.3,67.0,24116.159
2026-06-25 16:10:00,67.0,67.05,66.6,66.65,15922.612
2026-06-25 16:15:00,66.66,66.74,66.51,66.7,9488.828
2026-06-25 16:20:00,66.69,66.74,66.52,66.65,6895.377
2026-06-25 16:25:00,66.66,66.74,66.58,66.71,4528.117
2026-06-25 16:30:00,66.7,66.7,66.15,66.22,12623.143
2026-06-25 16:35:00,66.22,66.42,66.14,66.22,11957.744
2026-06-25 16:40:00,66.23,66.24,65.99,66.03,5808.39
2026-06-25 16:45:00,66.04,66.05,65.65,65.91,61906.106
2026-06-25 16:50:00,65.91,65.97,65.81,65.85,10220.546
2026-06-25 16:55:00,65.86,66.0,65.77,65.98,9402.173
2026-06-25 17:00:00,65.98,66.08,65.85,65.86,6892.748
2026-06-25 17:05:00,65.85,66.13,65.82,66.11,4148.971
2026-06-25 17:10:00,66.11,66.51,66.09,66.44,9264.324
2026-06-25 17:15:00,66.45,66.81,66.45,66.68,15283.684
2026-06-25 17:20:00,66.67,66.93,66.52,66.81,15399.993
2026-06-25 17:25:00,66.8,67.35,66.79,67.32,24367.434
2026-06-25 17:30:00,67.31,67.35,66.91,67.02,11300.424
2026-06-25 17:35:00,67.02,67.24,66.97,67.17,17530.209
2026-06-25 17:40:00,67.17,67.29,66.91,66.92,19895.732
2026-06-25 17:45:00,66.91,66.92,66.73,66.79,17711.245
2026-06-25 17:50:00,66.79,67.0,66.7,66.93,18226.676
2026-06-25 17:55:00,66.93,67.13,66.73,67.13,16468.016
2026-06-25 18:00:00,67.12,67.16,66.68,66.83,20916.489
2026-06-25 18:05:00,66.84,66.86,66.61,66.72,24966.337
2026-06-25 18:10:00,66.71,66.71,66.06,66.07,26947.774
2026-06-25 18:15:00,66.08,66.7,66.06,66.61,32519.56
2026-06-25 18:20:00,66.6,66.67,66.32,66.33,22438.53
2026-06-25 18:25:00,66.34,66.6,66.34,66.56,13773.799
2026-06-25 18:30:00,66.56,66.56,66.03,66.07,13145.781
2026-06-25 18:35:00,66.07,66.16,65.98,66.06,19700.8
2026-06-25 18:40:00,66.07,66.15,65.98,66.09,11024.47
2026-06-25 18:45:00,66.09,66.21,65.91,66.16,10600.11
2026-06-25 18:50:00,66.16,66.3,66.05,66.18,10257.498
2026-06-25 18:55:00,66.17,66.31,66.12,66.18,7221.029
2026-06-25 19:00:00,66.19,66.21,65.96,65.96,11263.292
2026-06-25 19:05:00,65.96,66.03,65.86,65.96,7209.484
2026-06-25 19:10:00,65.97,66.0,65.76,65.83,5518.2
2026-06-25 19:15:00,65.82,65.9,65.75,65.79,6453.208
2026-06-25 19:20:00,65.79,65.93,65.65,65.86,14419.088
2026-06-25 19:25:00,65.87,66.01,65.84,65.99,12823.813
2026-06-25 19:30:00,65.99,66.22,65.98,66.2,4213.893
2026-06-25 19:35:00,66.2,66.2,66.0,66.14,7220.333
2026-06-25 19:40:00,66.15,66.2,66.08,66.09,3235.166
2026-06-25 19:45:00,66.09,66.09,65.97,66.08,4960.989
2026-06-25 19:50:00,66.08,66.18,65.88,65.93,14908.244
2026-06-25 19:55:00,65.93,66.21,65.93,66.2,11000.61
2026-06-25 20:00:00,66.19,66.64,66.15,66.63,23062.256
2026-06-25 20:05:00,66.63,66.64,66.49,66.57,8575.138
2026-06-25 20:10:00,66.56,66.61,66.44,66.48,6758.719
2026-06-25 20:15:00,66.48,66.75,66.48,66.68,9639.232
2026-06-25 20:20:00,66.69,66.76,66.56,66.72,13428.723
2026-06-25 20:25:00,66.72,66.8,66.7,66.72,5938.196
2026-06-25 20:30:00,66.72,66.74,66.44,66.59,8086.227
2026-06-25 20:35:00,66.59,66.67,66.34,66.36,7452.934
2026-06-25 20:40:00,66.35,66.46,66.32,66.46,3983.17
2026-06-25 20:45:00,66.45,66.45,66.19,66.24,4800.135
2026-06-25 20:50:00,66.24,66.24,66.09,66.11,3646.761
2026-06-25 20:55:00,66.1,66.31,66.08,66.27,4392.029
2026-06-25 21:00:00,66.28,66.42,66.27,66.4,3276.187
2026-06-25 21:05:00,66.41,66.49,66.34,66.47,4713.128
2026-06-25 21:10:00,66.48,66.53,66.3,66.49,7212.314
2026-06-25 21:15:00,66.5,66.54,66.38,66.42,3058.0
2026-06-25 21:20:00,66.42,66.55,66.42,66.52,3269.9
2026-06-25 21:25:00,66.52,66.86,66.5,66.83,5719.602
2026-06-25 21:30:00,66.82,67.11,66.74,67.06,9932.034
2026-06-25 21:35:00,67.06,67.22,66.94,66.99,12956.336
2026-06-25 21:40:00,66.99,66.99,66.87,66.95,3911.361
2026-06-25 21:45:00,66.95,67.06,66.92,66.97,3746.68
2026-06-25 21:50:00,66.98,67.17,66.97,67.16,5209.454
2026-06-25 21:55:00,67.15,67.31,67.01,67.28,6769.568
2026-06-25 22:00:00,67.28,67.35,67.19,67.22,12913.763
2026-06-25 22:05:00,67.23,67.27,67.13,67.14,5692.753
2026-06-25 22:10:00,67.13,67.13,66.94,66.95,9650.419
2026-06-25 22:15:00,66.96,67.16,66.96,67.05,3639.106
2026-06-25 22:20:00,67.05,67.07,66.96,67.07,3621.305
2026-06-25 22:25:00,67.07,67.1,67.01,67.07,3693.764
2026-06-25 22:30:00,67.07,67.18,67.05,67.15,4388.675
2026-06-25 22:35:00,67.14,67.27,67.11,67.18,4145.467
2026-06-25 22:40:00,67.18,67.21,67.09,67.2,10219.681
2026-06-25 22:45:00,67.2,67.29,67.08,67.09,3683.391
2026-06-25 22:50:00,67.1,67.17,67.08,67.17,3694.77
2026-06-25 22:55:00,67.18,67.23,67.09,67.15,5772.115
2026-06-25 23:00:00,67.16,67.27,67.14,67.23,3074.833
2026-06-25 23:05:00,67.24,67.24,67.04,67.04,2621.353
2026-06-25 23:10:00,67.03,67.21,67.0,67.19,4506.537
2026-06-25 23:15:00,67.19,67.5,67.18,67.47,13688.109
2026-06-25 23:20:00,67.46,67.72,67.42,67.7,18400.71
2026-06-25 23:25:00,67.7,68.5,67.7,68.34,32307.874
2026-06-25 23:30:00,68.34,68.81,68.19,68.28,39424.445
2026-06-25 23:35:00,68.29,68.35,68.08,68.11,15795.933
2026-06-25 23:40:00,68.1,68.11,67.81,67.95,9023.155
2026-06-25 23:45:00,67.94,67.95,67.79,67.81,9219.179
2026-06-25 23:50:00,67.81,67.81,67.65,67.71,13074.518
2026-06-25 23:55:00,67.71,67.73,67.58,67.72,6038.494
2026-06-26 00:00:00,67.72,67.81,67.62,67.7,12409.814
2026-06-26 00:05:00,67.7,67.83,67.64,67.83,8905.704
2026-06-26 00:10:00,67.84,67.9,67.65,67.9,9218.627
2026-06-26 00:15:00,67.89,68.08,67.85,67.98,8921.808
2026-06-26 00:20:00,67.97,68.1,67.91,67.94,6010.404
2026-06-26 00:25:00,67.93,67.95,67.7,67.93,8644.482
2026-06-26 00:30:00,67.93,67.93,67.81,67.86,5327.947
2026-06-26 00:35:00,67.87,67.93,67.76,67.9,3944.065
2026-06-26 00:40:00,67.9,68.09,67.88,67.93,4824.038
2026-06-26 00:45:00,67.93,67.98,67.84,67.85,5672.211
2026-06-26 00:50:00,67.85,67.93,67.67,67.67,5617.903
2026-06-26 00:55:00,67.67,67.8,67.66,67.74,6195.202
2026-06-26 01:00:00,67.74,67.91,67.51,67.53,8944.357
2026-06-26 01:05:00,67.54,67.61,67.47,67.53,12198.877
2026-06-26 01:10:00,67.52,67.7,67.52,67.6,4367.413
2026-06-26 01:15:00,67.6,67.81,67.58,67.72,5701.165
2026-06-26 01:20:00,67.72,67.77,67.35,67.41,12125.393
2026-06-26 01:25:00,67.41,67.43,67.21,67.21,34395.869
2026-06-26 01:30:00,67.21,67.29,67.15,67.21,6860.359
2026-06-26 01:35:00,67.21,67.31,67.14,67.28,6570.322
2026-06-26 01:40:00,67.29,67.38,67.24,67.34,6561.029
2026-06-26 01:45:00,67.34,67.41,67.24,67.41,9800.594
2026-06-26 01:50:00,67.42,67.48,67.26,67.3,2531.81
2026-06-26 01:55:00,67.3,67.34,67.2,67.32,3481.312
2026-06-26 02:00:00,67.32,67.36,67.19,67.23,5208.446
2026-06-26 02:05:00,67.23,67.26,66.97,67.02,12533.598
2026-06-26 02:10:00,67.02,67.07,66.03,66.14,47498.367
2026-06-26 02:15:00,66.15,66.57,66.05,66.22,33250.393
2026-06-26 02:20:00,66.21,66.29,65.93,66.06,18234.517
2026-06-26 02:25:00,66.06,66.71,66.03,66.66,16391.491
2026-06-26 02:30:00,66.66,66.8,66.35,66.72,30662.662
2026-06-26 02:35:00,66.72,66.81,66.44,66.6,8920.793
2026-06-26 02:40:00,66.6,66.73,66.54,66.62,8603.794
2026-06-26 02:45:00,66.63,66.63,66.34,66.42,8219.037
2026-06-26 02:50:00,66.43,66.55,66.09,66.14,11052.397
2026-06-26 02:55:00,66.14,66.25,66.03,66.2,11668.115
2026-06-26 03:00:00,66.21,66.5,65.91,66.5,30803.463
2026-06-26 03:05:00,66.49,66.69,66.35,66.67,18035.363
2026-06-26 03:10:00,66.68,67.13,66.66,66.96,27172.458
2026-06-26 03:15:00,66.95,67.01,66.82,66.87,9801.55
2026-06-26 03:20:00,66.87,66.91,66.53,66.53,13525.702
2026-06-26 03:25:00,66.54,67.05,66.53,66.85,17879.45
2026-06-26 03:30:00,66.84,67.02,66.64,66.92,13968.288
2026-06-26 03:35:00,66.92,67.44,66.84,67.38,22391.44
2026-06-26 03:40:00,67.38,67.6,67.19,67.57,19746.646
2026-06-26 03:45:00,67.56,68.04,67.5,67.88,38883.336
2026-06-26 03:50:00,67.87,68.22,67.82,68.14,30118.185
2026-06-26 03:55:00,68.14,68.5,68.08,68.21,30889.064
2026-06-26 04:00:00,68.22,68.24,68.01,68.12,22776.414
2026-06-26 04:05:00,68.11,68.28,68.03,68.03,9107.623
2026-06-26 04:10:00,68.02,68.18,67.98,68.01,5087.763
2026-06-26 04:15:00,68.01,68.38,67.97,68.04,11634.447
2026-06-26 04:20:00,68.03,68.15,67.98,68.05,8766.944
2026-06-26 04:25:00,68.05,68.18,68.01,68.1,7920.008
2026-06-26 04:30:00,68.11,68.14,68.03,68.06,3956.782
2026-06-26 04:35:00,68.06,68.08,67.99,68.07,9248.953
2026-06-26 04:40:00,68.07,68.15,68.02,68.15,8469.496
2026-06-26 04:45:00,68.15,68.16,68.01,68.02,4774.142
2026-06-26 04:50:00,68.02,68.14,67.96,68.06,16291.695
2026-06-26 04:55:00,68.06,68.08,68.0,68.06,6250.241
2026-06-26 05:00:00,68.07,68.13,67.99,68.01,10165.693
2026-06-26 05:05:00,68.01,68.13,67.97,68.07,4842.799
2026-06-26 05:10:00,68.08,68.21,68.07,68.2,5024.084
2026-06-26 05:15:00,68.21,68.4,68.2,68.35,9807.627
2026-06-26 05:20:00,68.35,68.35,68.02,68.03,6266.52
2026-06-26 05:25:00,68.03,68.32,68.03,68.3,5603.447
2026-06-26 05:30:00,68.3,68.47,68.24,68.44,9295.628
2026-06-26 05:35:00,68.44,68.44,68.28,68.31,12351.458
2026-06-26 05:40:00,68.3,68.4,68.25,68.25,14523.94
2026-06-26 05:45:00,68.25,68.29,68.11,68.29,6991.594
2026-06-26 05:50:00,68.29,68.42,68.29,68.41,8232.047
2026-06-26 05:55:00,68.4,68.44,68.31,68.38,6272.802
2026-06-26 06:00:00,68.37,68.37,68.12,68.18,20303.12
2026-06-26 06:05:00,68.17,68.18,68.01,68.03,9697.411
2026-06-26 06:10:00,68.03,68.16,68.01,68.11,12584.468
2026-06-26 06:15:00,68.11,68.64,68.11,68.62,65493.418
2026-06-26 06:20:00,68.61,69.4,68.58,69.23,53906.541
2026-06-26 06:25:00,69.24,69.31,68.98,69.2,38356.53
2026-06-26 06:30:00,69.21,69.22,69.03,69.06,13399.984
2026-06-26 06:35:00,69.06,69.6,69.06,69.44,22869.41
2026-06-26 06:40:00,69.44,69.81,69.28,69.77,41487.719
2026-06-26 06:45:00,69.77,69.86,69.64,69.65,22185.403
2026-06-26 06:50:00,69.65,69.79,69.52,69.77,16591.894
2026-06-26 06:55:00,69.77,70.01,69.68,69.99,30300.501
2026-06-26 07:00:00,70.0,70.68,69.93,70.33,83676.996
2026-06-26 07:05:00,70.34,70.8,70.27,70.37,56918.712
2026-06-26 07:10:00,70.37,70.7,70.37,70.61,38033.505
2026-06-26 07:15:00,70.6,70.77,70.51,70.68,20052.889
2026-06-26 07:20:00,70.67,70.67,70.39,70.58,19927.492
2026-06-26 07:25:00,70.58,70.64,70.36,70.52,19327.97
2026-06-26 07:30:00,70.51,70.85,70.46,70.61,16714.827
2026-06-26 07:35:00,70.6,70.99,70.55,70.99,17801.959
2026-06-26 07:40:00,70.98,70.99,70.65,70.65,16481.0
2026-06-26 07:45:00,70.64,70.79,70.58,70.64,19958.69
2026-06-26 07:50:00,70.63,70.77,70.63,70.75,8558.483
2026-06-26 07:55:00,70.75,70.83,70.68,70.77,9454.978
2026-06-26 08:00:00,70.78,70.88,70.54,70.71,26268.567
2026-06-26 08:05:00,70.71,70.72,70.29,70.3,14104.215
2026-06-26 08:10:00,70.31,70.31,69.96,70.01,37280.075
2026-06-26 08:15:00,70.02,70.15,69.84,69.88,29361.886
2026-06-26 08:20:00,69.88,70.03,69.85,69.97,10786.783
2026-06-26 08:25:00,69.97,70.05,69.83,69.91,13913.39
2026-06-26 08:30:00,69.92,69.94,69.72,69.79,8658.186
2026-06-26 08:35:00,69.8,69.9,69.76,69.8,8795.244
2026-06-26 08:40:00,69.8,69.98,69.78,69.88,8088.235
2026-06-26 08:45:00,69.88,69.92,69.78,69.78,10647.13
2026-06-26 08:50:00,69.78,70.13,69.78,69.88,21778.34
2026-06-26 08:55:00,69.88,69.99,69.72,69.94,14823.613
2026-06-26 09:00:00,69.95,69.95,69.69,69.72,6367.789
2026-06-26 09:05:00,69.73,69.79,69.54,69.62,12085.405
2026-06-26 09:10:00,69.63,69.85,69.59,69.8,12247.874
2026-06-26 09:15:00,69.8,69.86,69.68,69.77,14584.894
2026-06-26 09:20:00,69.77,69.9,69.74,69.78,5878.048
2026-06-26 09:25:00,69.79,69.86,69.75,69.8,7388.894
2026-06-26 09:30:00,69.8,69.8,69.61,69.74,10718.243
2026-06-26 09:35:00,69.75,69.9,69.66,69.67,29219.05
2026-06-26 09:40:00,69.68,69.82,69.55,69.58,5973.778
2026-06-26 09:45:00,69.59,69.63,69.16,69.17,18562.058
2026-06-26 09:50:00,69.18,69.28,68.85,69.22,25217.035
2026-06-26 09:55:00,69.22,69.28,68.99,69.01,14099.792
2026-06-26 10:00:00,69.01,69.12,68.91,69.12,9475.197
2026-06-26 10:05:00,69.12,69.2,69.02,69.13,5493.425
2026-06-26 10:10:00,69.14,69.18,69.02,69.07,4615.626
2026-06-26 10:15:00,69.07,69.19,69.04,69.04,5135.74
2026-06-26 10:20:00,69.04,69.12,69.0,69.07,3343.238
2026-06-26 10:25:00,69.06,69.23,69.05,69.16,4450.413
2026-06-26 10:30:00,69.16,69.25,69.07,69.12,5942.702
2026-06-26 10:35:00,69.12,69.17,68.7,68.76,8437.251
2026-06-26 10:40:00,68.76,68.99,68.71,68.95,4830.557
2026-06-26 10:45:00,68.96,69.04,68.69,68.83,7386.573
2026-06-26 10:50:00,68.84,68.87,68.64,68.74,4848.276
2026-06-26 10:55:00,68.74,68.86,68.65,68.78,4165.136
2026-06-26 11:00:00,68.78,69.1,68.74,68.98,7423.316
2026-06-26 11:05:00,68.98,69.05,68.68,68.72,5119.941
2026-06-26 11:10:00,68.71,68.87,68.7,68.79,5385.785
2026-06-26 11:15:00,68.79,68.79,68.61,68.69,6262.679
2026-06-26 11:20:00,68.68,68.78,68.63,68.71,2916.799
2026-06-26 11:25:00,68.72,68.75,68.54,68.59,6694.29
2026-06-26 11:30:00,68.59,68.68,68.57,68.67,5781.62
2026-06-26 11:35:00,68.67,68.76,68.65,68.67,3168.367
2026-06-26 11:40:00,68.67,68.75,68.57,68.64,4695.964
2026-06-26 11:45:00,68.63,68.67,68.57,68.67,6189.851
2026-06-26 11:50:00,68.67,68.67,68.39,68.46,8980.55
2026-06-26 11:55:00,68.46,68.64,68.46,68.61,5623.95
2026-06-26 12:00:00,68.61,68.77,68.6,68.7,6464.759
2026-06-26 12:05:00,68.7,68.91,68.7,68.87,5370.277
2026-06-26 12:10:00,68.87,68.95,68.77,68.86,6984.653
2026-06-26 12:15:00,68.86,69.19,68.81,69.08,10242.807
2026-06-26 12:20:00,69.09,69.11,68.85,69.06,8121.299
2026-06-26 12:25:00,69.05,69.3,69.05,69.27,14700.105
2026-06-26 12:30:00,69.27,69.74,69.13,69.47,14747.563
2026-06-26 12:35:00,69.47,69.47,68.79,68.81,15706.262
2026-06-26 12:40:00,68.81,68.81,68.37,68.6,16561.482
2026-06-26 12:45:00,68.6,69.19,68.51,68.91,17271.951
2026-06-26 12:50:00,68.91,69.08,68.87,69.0,7834.596
2026-06-26 12:55:00,69.01,69.05,68.86,68.87,6718.509
2026-06-26 13:00:00,68.87,68.97,68.79,68.84,8696.272
2026-06-26 13:05:00,68.84,68.96,68.68,68.68,10559.845
2026-06-26 13:10:00,68.69,69.32,68.64,68.94,16186.318
2026-06-26 13:15:00,68.93,69.04,68.19,68.5,27137.594
2026-06-26 13:20:00,68.5,68.82,68.5,68.64,19513.429
2026-06-26 13:25:00,68.64,68.82,68.6,68.79,9734.041
2026-06-26 13:30:00,68.79,69.16,68.66,68.95,31800.829
2026-06-26 13:35:00,68.95,69.47,68.9,69.32,28662.264
2026-06-26 13:40:00,69.31,69.68,69.17,69.65,16499.098
2026-06-26 13:45:00,69.65,69.98,69.44,69.64,18107.734
2026-06-26 13:50:00,69.65,70.4,69.53,70.34,32405.483
2026-06-26 13:55:00,70.35,70.94,70.35,70.71,50326.748
2026-06-26 14:00:00,70.71,70.87,70.24,70.64,31565.7
2026-06-26 14:05:00,70.64,70.8,70.37,70.79,26361.895
2026-06-26 14:10:00,70.79,71.26,70.62,71.0,45816.878
2026-06-26 14:15:00,70.99,71.44,70.83,71.0,33442.909
2026-06-26 14:20:00,71.01,71.66,71.01,71.54,42317.337
2026-06-26 14:25:00,71.55,71.99,71.43,71.71,29990.923
2026-06-26 14:30:00,71.71,71.89,71.19,71.22,54520.665
2026-06-26 14:35:00,71.23,71.28,70.81,70.92,29312.885
2026-06-26 14:40:00,70.92,71.05,70.71,70.75,22272.722
2026-06-26 14:45:00,70.76,71.14,70.53,71.02,32249.498
2026-06-26 14:50:00,71.01,71.17,70.71,70.74,15825.62
2026-06-26 14:55:00,70.75,70.79,70.39,70.46,16002.222
2026-06-26 15:00:00,70.47,70.66,70.31,70.41,12711.349
2026-06-26 15:05:00,70.41,71.43,70.33,71.31,22947.992
2026-06-26 15:10:00,71.3,71.3,70.78,70.82,8931.081
2026-06-26 15:15:00,70.82,71.16,70.75,71.09,12728.247
2026-06-26 15:20:00,71.09,71.81,71.09,71.8,26964.796
2026-06-26 15:25:00,71.8,71.87,71.35,71.44,24074.376
2026-06-26 15:30:00,71.44,71.67,71.43,71.6,16961.468
2026-06-26 15:35:00,71.6,72.17,71.6,72.1,44791.568
2026-06-26 15:40:00,72.1,72.24,72.02,72.13,20010.617
2026-06-26 15:45:00,72.14,72.16,71.77,71.92,18846.205
2026-06-26 15:50:00,71.92,72.11,71.56,71.92,33897.029
2026-06-26 15:55:00,71.92,72.11,71.86,72.07,17683.38
2026-06-26 16:00:00,72.06,73.53,72.06,72.76,101620.823
2026-06-26 16:05:00,72.75,72.79,72.4,72.51,24913.762
2026-06-26 16:10:00,72.51,72.61,72.38,72.44,18469.489
2026-06-26 16:15:00,72.45,72.71,72.21,72.29,24850.234
2026-06-26 16:20:00,72.29,72.39,72.01,72.24,20362.534
2026-06-26 16:25:00,72.24,72.36,72.13,72.23,15820.108
2026-06-26 16:30:00,72.24,73.05,72.24,73.0,34520.991
2026-06-26 16:35:00,73.0,73.23,72.74,72.82,19128.466
2026-06-26 16:40:00,72.82,72.93,72.59,72.59,16989.195
2026-06-26 16:45:00,72.6,72.84,72.58,72.78,16773.148
2026-06-26 16:50:00,72.77,72.9,72.45,72.53,25411.622
2026-06-26 16:55:00,72.54,72.6,72.46,72.48,13387.674
2026-06-26 17:00:00,72.49,72.65,72.39,72.56,16400.721
2026-06-26 17:05:00,72.56,72.66,72.49,72.66,9015.808
2026-06-26 17:10:00,72.66,72.88,72.65,72.76,12967.754
2026-06-26 17:15:00,72.76,72.78,72.18,72.37,24757.535
2026-06-26 17:20:00,72.37,72.59,72.28,72.46,13429.575
2026-06-26 17:25:00,72.45,72.66,72.37,72.62,7781.204
2026-06-26 17:30:00,72.61,72.8,72.55,72.64,9596.415
2026-06-26 17:35:00,72.63,72.63,72.25,72.37,16602.692
2026-06-26 17:40:00,72.37,72.72,72.3,72.6,9523.432
2026-06-26 17:45:00,72.61,72.82,72.6,72.63,10110.184
2026-06-26 17:50:00,72.62,72.73,72.51,72.64,6873.044
2026-06-26 17:55:00,72.63,72.71,72.5,72.56,4962.697
2026-06-26 18:00:00,72.57,72.88,72.57,72.86,8926.919
2026-06-26 18:05:00,72.85,72.97,72.82,72.9,8841.294
2026-06-26 18:10:00,72.9,73.1,72.84,72.94,10155.142
2026-06-26 18:15:00,72.95,73.0,72.65,72.67,11389.688
2026-06-26 18:20:00,72.67,72.92,72.65,72.69,9502.765
2026-06-26 18:25:00,72.7,72.8,72.39,72.43,19248.45
2026-06-26 18:30:00,72.42,72.7,72.37,72.68,9101.795
2026-06-26 18:35:00,72.69,72.7,72.46,72.52,9247.123
2026-06-26 18:40:00,72.52,72.74,72.51,72.7,11213.096
2026-06-26 18:45:00,72.71,72.71,72.4,72.48,11710.68
2026-06-26 18:50:00,72.49,72.58,72.41,72.49,5106.603
2026-06-26 18:55:00,72.5,72.62,72.41,72.6,4228.862
2026-06-26 19:00:00,72.6,72.69,72.48,72.57,6441.444
2026-06-26 19:05:00,72.57,73.33,72.55,73.3,16827.231
2026-06-26 19:10:00,73.29,73.38,73.03,73.22,33197.511
2026-06-26 19:15:00,73.21,73.25,73.09,73.25,7476.74
2026-06-26 19:20:00,73.24,73.4,73.14,73.22,16990.114
2026-06-26 19:25:00,73.21,73.34,73.21,73.32,5721.723
2026-06-26 19:30:00,73.33,73.9,73.33,73.78,31913.874
2026-06-26 19:35:00,73.77,73.79,73.56,73.65,11461.305
2026-06-26 19:40:00,73.65,73.93,73.64,73.7,14836.354
2026-06-26 19:45:00,73.71,73.86,73.32,73.36,8903.674
2026-06-26 19:50:00,73.37,73.47,73.21,73.26,34244.36
2026-06-26 19:55:00,73.26,73.52,72.98,73.01,31080.126
2026-06-26 20:00:00,73.01,73.68,72.95,73.29,54153.964
2026-06-26 20:05:00,73.3,73.34,73.01,73.04,9141.456
2026-06-26 20:10:00,73.05,73.07,72.7,72.77,28064.408
2026-06-26 20:15:00,72.77,72.97,72.74,72.85,13119.401
2026-06-26 20:20:00,72.85,72.92,72.74,72.78,12195.112
2026-06-26 20:25:00,72.79,73.07,72.79,73.07,12810.939
2026-06-26 20:30:00,73.07,73.08,72.25,72.32,30931.576
2026-06-26 20:35:00,72.32,72.44,72.11,72.35,34014.131
2026-06-26 20:40:00,72.35,72.44,72.22,72.23,13387.944
2026-06-26 20:45:00,72.23,72.31,72.17,72.3,12794.417
2026-06-26 20:50:00,72.31,72.45,72.2,72.22,15736.359
2026-06-26 20:55:00,72.23,72.29,72.05,72.17,9229.469
2026-06-26 21:00:00,72.18,72.24,71.8,71.87,20653.065
2026-06-26 21:05:00,71.88,72.0,71.82,71.97,11852.145
2026-06-26 21:10:00,71.97,72.07,71.86,71.99,8858.328
2026-06-26 21:15:00,71.99,72.01,71.81,71.92,7106.546
2026-06-26 21:20:00,71.91,72.11,71.91,72.05,7944.7
2026-06-26 21:25:00,72.05,72.32,71.99,72.27,16358.948
2026-06-26 21:30:00,72.27,72.4,72.24,72.3,7166.61
2026-06-26 21:35:00,72.29,72.3,72.0,72.02,5057.288
2026-06-26 21:40:00,72.02,72.3,72.02,72.25,6740.389
2026-06-26 21:45:00,72.24,72.31,72.03,72.08,6300.755
2026-06-26 21:50:00,72.08,72.24,72.05,72.15,6294.05
2026-06-26 21:55:00,72.16,72.16,71.93,71.99,4389.246
2026-06-26 22:00:00,71.98,72.09,71.41,71.61,22782.367
2026-06-26 22:05:00,71.6,71.73,71.56,71.65,11384.84
2026-06-26 22:10:00,71.65,71.92,71.65,71.74,7314.104
2026-06-26 22:15:00,71.74,71.89,71.71,71.81,8776.194
2026-06-26 22:20:00,71.82,71.85,71.73,71.77,4541.372
2026-06-26 22:25:00,71.77,71.79,71.62,71.65,4949.444
2026-06-26 22:30:00,71.66,71.72,71.48,71.72,8474.118
2026-06-26 22:35:00,71.72,71.83,71.67,71.78,7460.455
2026-06-26 22:40:00,71.77,71.89,71.77,71.85,6510.085
2026-06-26 22:45:00,71.86,71.88,71.74,71.86,3167.7
2026-06-26 22:50:00,71.86,71.91,71.75,71.84,5206.351
2026-06-26 22:55:00,71.85,71.93,71.8,71.83,4448.532
2026-06-26 23:00:00,71.82,72.0,71.8,71.94,6362.726
2026-06-26 23:05:00,71.94,71.97,71.8,71.83,4254.568
2026-06-26 23:10:00,71.83,71.94,71.81,71.92,4435.325
2026-06-26 23:15:00,71.92,71.93,71.75,71.75,3211.156
2026-06-26 23:20:00,71.76,71.87,71.7,71.83,7489.852
2026-06-26 23:25:00,71.83,71.86,71.69,71.69,1264.818
2026-06-26 23:30:00,71.69,71.93,71.68,71.89,5344.367
2026-06-26 23:35:00,71.88,71.91,71.85,71.9,1777.762
2026-06-26 23:40:00,71.9,72.02,71.87,71.94,4435.312
2026-06-26 23:45:00,71.95,72.01,71.94,71.96,812.015
2026-06-26 23:50:00,71.97,71.97,71.89,71.94,1479.092
2026-06-26 23:55:00,71.94,71.96,71.89,71.9,4416.578
2026-06-27 00:00:00,71.9,72.05,71.89,72.03,9950.184
2026-06-27 00:05:00,72.03,72.5,71.95,72.41,49147.029
2026-06-27 00:10:00,72.4,72.47,72.23,72.38,8832.874
2026-06-27 00:15:00,72.39,72.42,72.22,72.3,4657.824
2026-06-27 00:20:00,72.31,72.31,72.11,72.17,4856.482
2026-06-27 00:25:00,72.17,72.2,72.05,72.07,3013.024
2026-06-27 00:30:00,72.07,72.08,71.58,71.67,21763.729
2026-06-27 00:35:00,71.67,71.79,71.63,71.79,6716.905
2026-06-27 00:40:00,71.8,71.83,71.64,71.7,5040.509
2026-06-27 00:45:00,71.71,71.88,71.63,71.87,4065.683
2026-06-27 00:50:00,71.88,71.91,71.82,71.87,4364.842
2026-06-27 00:55:00,71.87,71.89,71.81,71.82,1965.587
2026-06-27 01:00:00,71.83,71.83,71.61,71.61,5029.542
2026-06-27 01:05:00,71.6,71.73,71.6,71.65,6539.913
2026-06-27 01:10:00,71.65,71.71,71.63,71.67,2444.843
2026-06-27 01:15:00,71.66,71.74,71.62,71.74,3874.647
2026-06-27 01:20:00,71.74,71.77,71.64,71.75,2205.485
2026-06-27 01:25:00,71.75,71.77,71.7,71.74,1775.589
2026-06-27 01:30:00,71.73,71.73,71.49,71.59,9705.69
2026-06-27 01:35:00,71.6,71.67,71.54,71.58,3296.362
2026-06-27 01:40:00,71.58,71.65,71.55,71.59,6127.284
2026-06-27 01:45:00,71.6,71.64,71.51,71.59,3045.05
2026-06-27 01:50:00,71.59,71.66,71.5,71.51,4870.837
2026-06-27 01:55:00,71.52,71.53,71.36,71.44,9368.208
2026-06-27 02:00:00,71.44,71.57,71.39,71.57,8852.314
2026-06-27 02:05:00,71.56,71.71,71.51,71.7,6138.683
2026-06-27 02:10:00,71.69,71.85,71.63,71.85,5477.028
2026-06-27 02:15:00,71.85,72.0,71.75,71.84,9730.51
2026-06-27 02:20:00,71.85,72.18,71.85,72.17,10477.026
2026-06-27 02:25:00,72.17,72.24,72.09,72.15,7172.747
2026-06-27 02:30:00,72.15,72.15,71.91,72.1,6458.047
2026-06-27 02:35:00,72.1,72.12,71.96,72.12,3287.901
2026-06-27 02:40:00,72.12,72.19,72.06,72.09,3535.144
2026-06-27 02:45:00,72.08,72.18,72.03,72.04,4423.187
2026-06-27 02:50:00,72.05,72.26,72.01,72.24,5270.875
2026-06-27 02:55:00,72.24,72.25,72.11,72.12,6334.124
2026-06-27 03:00:00,72.11,72.22,71.99,72.01,8815.707
2026-06-27 03:05:00,72.01,72.04,71.87,71.9,8599.63
2026-06-27 03:10:00,71.89,71.95,71.84,71.86,3497.12
2026-06-27 03:15:00,71.85,72.08,71.85,72.07,2143.343
2026-06-27 03:20:00,72.07,72.39,72.04,72.3,10770.517
2026-06-27 03:25:00,72.31,72.31,72.16,72.19,8349.221
2026-06-27 03:30:00,72.18,72.23,72.04,72.13,5534.539
2026-06-27 03:35:00,72.13,72.27,72.09,72.23,17154.934
2026-06-27 03:40:00,72.23,72.35,72.19,72.32,12852.513
2026-06-27 03:45:00,72.31,72.43,72.26,72.36,12372.272
2026-06-27 03:50:00,72.37,72.37,72.2,72.22,8631.441
2026-06-27 03:55:00,72.21,72.36,72.21,72.27,9463.417
2026-06-27 04:00:00,72.26,72.34,72.25,72.34,7123.551
2026-06-27 04:05:00,72.34,72.5,72.34,72.39,13768.894
2026-06-27 04:10:00,72.38,72.43,72.28,72.38,12937.992
2026-06-27 04:15:00,72.38,72.39,72.27,72.35,5010.185
2026-06-27 04:20:00,72.34,72.48,72.29,72.46,6438.612
2026-06-27 04:25:00,72.45,72.59,72.34,72.35,11226.564
2026-06-27 04:30:00,72.35,72.43,72.29,72.39,4055.023
2026-06-27 04:35:00,72.39,72.39,72.24,72.29,3098.939
2026-06-27 04:40:00,72.28,72.31,72.18,72.25,4541.407
2026-06-27 04:45:00,72.24,72.25,72.08,72.08,2461.413
2026-06-27 04:50:00,72.07,72.1,71.97,71.98,4378.409
2026-06-27 04:55:00,71.98,72.0,71.9,71.94,4139.181
2026-06-27 05:00:00,71.93,71.98,71.84,71.85,3239.389
2026-06-27 05:05:00,71.84,71.99,71.81,71.98,3978.73
2026-06-27 05:10:00,71.97,72.03,71.96,72.01,3120.875
2026-06-27 05:15:00,72.01,72.01,71.84,71.96,3652.349
2026-06-27 05:20:00,71.96,72.01,71.94,72.0,2853.969
2026-06-27 05:25:00,72.0,72.03,71.51,71.58,52524.435
2026-06-27 05:30:00,71.58,71.74,71.58,71.73,26839.77
2026-06-27 05:35:00,71.74,71.79,71.72,71.76,9285.208
2026-06-27 05:40:00,71.76,71.76,71.7,71.73,2299.57
2026-06-27 05:45:00,71.74,71.82,71.68,71.72,3136.44
2026-06-27 05:50:00,71.73,71.86,71.73,71.76,3214.693
2026-06-27 05:55:00,71.76,71.88,71.75,71.81,4507.854
2026-06-27 06:00:00,71.81,71.84,71.71,71.77,2946.251
2026-06-27 06:05:00,71.77,71.83,71.76,71.76,2035.154
2026-06-27 06:10:00,71.77,71.78,71.62,71.71,5404.914
2026-06-27 06:15:00,71.71,71.79,71.66,71.79,2566.813
2026-06-27 06:20:00,71.79,71.88,71.79,71.87,4956.404
2026-06-27 06:25:00,71.88,71.96,71.87,71.9,5066.128
2026-06-27 06:30:00,71.9,72.18,71.9,72.09,6327.464
2026-06-27 06:35:00,72.09,72.19,71.99,72.14,11169.273
2026-06-27 06:40:00,72.14,72.31,72.14,72.22,4572.764
2026-06-27 06:45:00,72.22,72.33,72.22,72.29,7055.709
2026-06-27 06:50:00,72.28,72.28,72.04,72.15,9516.216
2026-06-27 06:55:00,72.15,72.17,72.1,72.13,1952.273
2026-06-27 07:00:00,72.13,72.15,72.04,72.09,3082.723
2026-06-27 07:05:00,72.08,72.11,72.02,72.02,5014.32
2026-06-27 07:10:00,72.01,72.08,72.01,72.05,4732.44
2026-06-27 07:15:00,72.05,72.1,72.04,72.05,4346.368
2026-06-27 07:20:00,72.05,72.26,72.05,72.19,4419.706
2026-06-27 07:25:00,72.18,72.19,72.12,72.14,3010.471
2026-06-27 07:30:00,72.14,72.14,72.04,72.1,2538.017
2026-06-27 07:35:00,72.1,72.1,72.01,72.05,3718.27
2026-06-27 07:40:00,72.05,72.14,72.04,72.08,5796.267
2026-06-27 07:45:00,72.08,72.21,72.08,72.18,4051.64
2026-06-27 07:50:00,72.17,72.27,72.17,72.23,4452.451
2026-06-27 07:55:00,72.24,72.35,72.24,72.31,10530.315
2026-06-27 08:00:00,72.31,72.31,72.19,72.23,2354.384
2026-06-27 08:05:00,72.22,72.32,72.19,72.24,1682.781
2026-06-27 08:10:00,72.25,72.29,72.18,72.28,10317.451
2026-06-27 08:15:00,72.29,72.33,72.06,72.13,6500.808
2026-06-27 08:20:00,72.14,72.21,72.13,72.2,3386.828
2026-06-27 08:25:00,72.2,72.28,72.13,72.2,12618.585
2026-06-27 08:30:00,72.2,72.2,72.16,72.17,1670.239
2026-06-27 08:35:00,72.17,72.19,72.01,72.03,3596.194
2026-06-27 08:40:00,72.03,72.03,71.88,71.92,2548.056
2026-06-27 08:45:00,71.91,71.97,71.9,71.93,3166.829
2026-06-27 08:50:00,71.92,72.15,71.92,72.08,4960.568
2026-06-27 08:55:00,72.07,72.07,72.0,72.03,1782.529
2026-06-27 09:00:00,72.03,72.06,71.93,72.02,7732.439
2026-06-27 09:05:00,72.03,72.11,72.02,72.02,2969.872
2026-06-27 09:10:00,72.03,72.03,71.79,71.79,6452.431
2026-06-27 09:15:00,71.79,71.8,71.72,71.75,4106.028
2026-06-27 09:20:00,71.76,71.8,71.74,71.76,1451.594
2026-06-27 09:25:00,71.76,71.83,71.76,71.8,2369.184
2026-06-27 09:30:00,71.79,71.91,71.79,71.83,6140.193
2026-06-27 09:35:00,71.83,71.86,71.77,71.79,2060.948
2026-06-27 09:40:00,71.79,71.83,71.73,71.76,3889.872
2026-06-27 09:45:00,71.75,71.8,71.74,71.76,2049.545
2026-06-27 09:50:00,71.77,71.8,71.76,71.78,1861.854
2026-06-27 09:55:00,71.79,71.88,71.78,71.86,1334.405
2026-06-27 10:00:00,71.85,71.92,71.83,71.88,1330.268
2026-06-27 10:05:00,71.87,71.91,71.87,71.88,1086.855
2026-06-27 10:10:00,71.89,71.95,71.88,71.89,2865.439
2026-06-27 10:15:00,71.89,71.93,71.87,71.92,1476.217
2026-06-27 10:20:00,71.92,72.05,71.92,72.05,3443.497
2026-06-27 10:25:00,72.04,72.05,71.94,71.97,1984.894
2026-06-27 10:30:00,71.96,71.97,71.87,71.94,1731.603
2026-06-27 10:35:00,71.94,72.04,71.92,72.04,2704.539
2026-06-27 10:40:00,72.03,72.05,71.88,71.94,11163.12
2026-06-27 10:45:00,71.94,72.01,71.93,72.0,1399.771
2026-06-27 10:50:00,71.99,72.01,71.94,71.98,2302.702
2026-06-27 10:55:00,71.98,72.04,71.98,72.04,792.575
2026-06-27 11:00:00,72.04,72.09,72.0,72.05,2830.398
2026-06-27 11:05:00,72.04,72.05,71.88,71.91,2174.009
2026-06-27 11:10:00,71.92,71.94,71.87,71.89,1631.188
2026-06-27 11:15:00,71.89,71.9,71.63,71.7,13770.783
2026-06-27 11:20:00,71.69,71.8,71.68,71.78,2959.591
2026-06-27 11:25:00,71.78,71.82,71.55,71.63,6095.459
2026-06-27 11:30:00,71.62,71.72,71.62,71.71,3567.041
2026-06-27 11:35:00,71.7,71.71,71.53,71.65,8646.153
2026-06-27 11:40:00,71.65,71.71,71.6,71.69,3679.474
2026-06-27 11:45:00,71.69,71.91,71.69,71.85,4990.943
2026-06-27 11:50:00,71.84,71.84,71.77,71.81,1404.58
2026-06-27 11:55:00,71.8,71.84,71.77,71.81,3892.154
2026-06-27 12:00:00,71.81,71.89,71.78,71.83,11205.988
2026-06-27 12:05:00,71.83,71.83,71.71,71.75,5132.376
2026-06-27 12:10:00,71.75,71.77,71.64,71.75,7393.323
2026-06-27 12:15:00,71.74,71.85,71.71,71.82,3146.671
2026-06-27 12:20:00,71.82,71.91,71.78,71.82,19492.447
2026-06-27 12:25:00,71.81,71.84,71.78,71.83,5711.994
2026-06-27 12:30:00,71.83,71.92,71.76,71.82,25820.2
2026-06-27 12:35:00,71.82,71.93,71.76,71.78,4723.212
2026-06-27 12:40:00,71.78,71.85,71.76,71.84,3693.504
2026-06-27 12:45:00,71.85,71.92,71.79,71.91,5332.224
2026-06-27 12:50:00,71.91,72.1,71.9,72.09,4523.236
2026-06-27 12:55:00,72.1,72.18,72.1,72.17,4974.63
2026-06-27 13:00:00,72.17,72.33,72.13,72.27,4445.183
2026-06-27 13:05:00,72.28,72.28,72.18,72.26,3507.582
2026-06-27 13:10:00,72.26,72.28,72.23,72.25,7184.486
2026-06-27 13:15:00,72.25,72.28,72.17,72.21,9338.164
2026-06-27 13:20:00,72.22,72.35,72.21,72.27,5214.796
2026-06-27 13:25:00,72.28,72.47,72.28,72.4,9668.903
2026-06-27 13:30:00,72.4,72.4,72.34,72.36,4682.654
2026-06-27 13:35:00,72.36,72.61,72.31,72.52,17220.861
2026-06-27 13:40:00,72.53,72.54,72.43,72.48,6365.342
2026-06-27 13:45:00,72.47,72.53,72.32,72.34,9884.16
2026-06-27 13:50:00,72.34,72.46,72.31,72.38,3622.001
2026-06-27 13:55:00,72.39,72.4,72.32,72.36,4066.334
2026-06-27 14:00:00,72.36,72.37,72.21,72.25,4942.018
2026-06-27 14:05:00,72.25,72.42,72.25,72.39,2496.606
2026-06-27 14:10:00,72.39,72.71,72.38,72.62,15066.619
2026-06-27 14:15:00,72.62,72.62,72.52,72.59,4780.934
2026-06-27 14:20:00,72.59,72.68,72.57,72.66,5270.05
2026-06-27 14:25:00,72.66,72.82,72.65,72.72,10315.201
2026-06-27 14:30:00,72.72,72.83,72.7,72.78,3378.741
2026-06-27 14:35:00,72.78,72.79,72.59,72.78,10214.802
2026-06-27 14:40:00,72.78,72.88,72.76,72.84,4897.018
2026-06-27 14:45:00,72.83,72.9,72.8,72.81,4929.154
2026-06-27 14:50:00,72.81,72.81,72.65,72.7,6768.545
2026-06-27 14:55:00,72.69,72.73,72.66,72.7,2872.574
2026-06-27 15:00:00,72.71,72.75,72.62,72.69,6316.286
2026-06-27 15:05:00,72.69,72.91,72.69,72.89,7082.906
2026-06-27 15:10:00,72.89,73.19,72.84,73.03,34880.739
2026-06-27 15:15:00,73.04,73.05,72.88,72.91,5753.56
2026-06-27 15:20:00,72.92,72.95,72.83,72.95,5073.904
2026-06-27 15:25:00,72.94,73.0,72.88,72.91,4073.3
2026-06-27 15:30:00,72.91,72.93,72.79,72.89,7160.016
2026-06-27 15:35:00,72.88,73.07,72.81,73.04,9915.672
2026-06-27 15:40:00,73.05,73.06,72.98,73.01,3944.694
2026-06-27 15:45:00,73.02,73.02,72.86,72.94,3569.263
2026-06-27 15:50:00,72.93,72.93,72.77,72.82,3098.522
2026-06-27 15:55:00,72.81,72.85,72.74,72.84,5140.186
2026-06-27 16:00:00,72.83,72.86,72.69,72.81,8428.732
2026-06-27 16:05:00,72.81,73.01,72.74,72.95,8494.573
2026-06-27 16:10:00,72.95,72.95,72.75,72.75,4494.139
2026-06-27 16:15:00,72.75,72.76,72.63,72.65,6452.92
2026-06-27 16:20:00,72.66,72.79,72.66,72.66,2162.396
2026-06-27 16:25:00,72.67,72.86,72.67,72.83,9384.4
2026-06-27 16:30:00,72.82,72.83,72.68,72.78,2986.486
2026-06-27 16:35:00,72.78,72.81,72.66,72.81,4060.804
2026-06-27 16:40:00,72.8,72.83,72.75,72.76,4752.757
2026-06-27 16:45:00,72.76,72.84,72.66,72.8,3324.66
2026-06-27 16:50:00,72.8,72.84,72.69,72.69,4674.894
2026-06-27 16:55:00,72.7,72.74,72.64,72.64,2079.111
2026-06-27 17:00:00,72.64,72.65,71.9,71.91,40684.073
2026-06-27 17:05:00,71.92,72.2,71.92,72.09,12334.275
2026-06-27 17:10:00,72.09,72.25,72.08,72.22,5921.286
2026-06-27 17:15:00,72.23,72.28,72.04,72.25,8320.824
2026-06-27 17:20:00,72.26,72.31,72.2,72.3,5019.916
2026-06-27 17:25:00,72.3,72.32,72.17,72.27,9981.908
2026-06-27 17:30:00,72.27,72.31,72.13,72.16,17630.994
2026-06-27 17:35:00,72.17,72.35,72.16,72.22,8396.527
2026-06-27 17:40:00,72.23,72.27,72.2,72.27,3363.91
2026-06-27 17:45:00,72.27,72.29,72.17,72.2,6098.135
2026-06-27 17:50:00,72.19,72.28,72.18,72.24,8029.567
2026-06-27 17:55:00,72.24,72.26,72.06,72.06,9405.404
2026-06-27 18:00:00,72.05,72.07,71.94,72.03,7701.153
2026-06-27 18:05:00,72.03,72.18,71.96,72.18,5014.763
2026-06-27 18:10:00,72.17,72.18,72.04,72.05,2437.848
2026-06-27 18:15:00,72.05,72.16,72.05,72.05,3342.31
2026-06-27 18:20:00,72.04,72.09,71.82,71.89,9074.294
2026-06-27 18:25:00,71.89,71.95,71.76,71.89,7984.377
2026-06-27 18:30:00,71.89,71.98,71.87,71.95,4963.616
2026-06-27 18:35:00,71.95,72.05,71.95,72.01,3337.371
2026-06-27 18:40:00,72.01,72.02,71.92,71.96,5735.972
2026-06-27 18:45:00,71.96,71.96,71.92,71.93,2601.888
2026-06-27 18:50:00,71.93,71.98,71.86,71.98,3176.425
2026-06-27 18:55:00,71.98,71.98,71.9,71.92,3003.346
2026-06-27 19:00:00,71.92,72.01,71.88,71.99,5770.791
2026-06-27 19:05:00,71.98,71.98,71.87,71.94,2179.661
2026-06-27 19:10:00,71.93,71.97,71.91,71.91,2981.156
2026-06-27 19:15:00,71.92,71.92,71.63,71.64,19033.516
2026-06-27 19:20:00,71.64,71.73,71.48,71.48,13347.197
2026-06-27 19:25:00,71.47,71.47,71.04,71.33,47878.046
2026-06-27 19:30:00,71.32,71.32,70.98,71.11,20383.127
2026-06-27 19:35:00,71.1,71.19,70.94,71.07,10079.265
2026-06-27 19:40:00,71.08,71.19,71.08,71.16,4524.303
2026-06-27 19:45:00,71.15,71.25,71.1,71.2,2514.224
2026-06-27 19:50:00,71.2,71.22,71.06,71.12,6819.593
2026-06-27 19:55:00,71.11,71.16,71.05,71.11,6312.234
2026-06-27 20:00:00,71.11,71.24,71.09,71.24,4522.544
2026-06-27 20:05:00,71.23,71.27,71.2,71.26,2407.299
2026-06-27 20:10:00,71.26,71.28,71.2,71.23,2501.705
2026-06-27 20:15:00,71.23,71.33,71.19,71.19,3031.882
2026-06-27 20:20:00,71.2,71.27,71.2,71.24,2371.373
2026-06-27 20:25:00,71.23,71.26,71.17,71.25,3212.03
2026-06-27 20:30:00,71.25,71.29,71.22,71.28,3317.315
2026-06-27 20:35:00,71.27,71.29,71.22,71.27,2767.327
2026-06-27 20:40:00,71.26,71.27,71.16,71.18,3512.045
2026-06-27 20:45:00,71.17,71.35,71.17,71.26,3202.918
2026-06-27 20:50:00,71.26,71.28,71.2,71.22,2938.329
2026-06-27 20:55:00,71.23,71.3,71.21,71.3,1368.669
2026-06-27 21:00:00,71.31,71.43,71.31,71.38,4652.391
2026-06-27 21:05:00,71.38,71.51,71.38,71.46,2761.414
2026-06-27 21:10:00,71.46,71.51,71.37,71.51,4893.727
2026-06-27 21:15:00,71.51,71.52,71.41,71.47,4648.828
2026-06-27 21:20:00,71.48,71.58,71.47,71.47,4541.045
2026-06-27 21:25:00,71.46,71.57,71.46,71.57,4645.244
2026-06-27 21:30:00,71.57,71.63,71.51,71.55,5185.711
2026-06-27 21:35:00,71.55,71.56,71.29,71.31,8816.763
2026-06-27 21:40:00,71.31,71.31,71.0,71.04,28062.219
2026-06-27 21:45:00,71.05,71.17,71.02,71.13,13262.78
2026-06-27 21:50:00,71.13,71.13,70.81,70.98,16878.287
2026-06-27 21:55:00,70.98,71.02,70.89,70.98,3371.059
2026-06-27 22:00:00,70.98,70.98,70.6,70.75,19158.304
2026-06-27 22:05:00,70.76,70.85,70.71,70.74,3864.038
2026-06-27 22:10:00,70.74,70.88,70.74,70.8,3674.535
2026-06-27 22:15:00,70.79,70.79,70.25,70.58,26150.794
2026-06-27 22:20:00,70.57,70.63,70.45,70.6,12551.269
2026-06-27 22:25:00,70.59,70.75,70.56,70.71,2591.214
2026-06-27 22:30:00,70.71,70.98,70.69,70.98,11135.997
2026-06-27 22:35:00,70.98,71.05,70.88,71.01,4229.47
2026-06-27 22:40:00,71.02,71.02,70.9,70.9,4393.468
2026-06-27 22:45:00,70.91,70.98,70.83,70.95,3673.202
2026-06-27 22:50:00,70.96,71.02,70.93,70.98,2696.383
2026-06-27 22:55:00,70.99,71.1,70.99,71.09,2083.942
2026-06-27 23:00:00,71.09,71.12,71.02,71.02,2522.162
2026-06-27 23:05:00,71.02,71.16,71.01,71.02,3836.903
2026-06-27 23:10:00,71.03,71.05,70.6,70.6,10566.942
2026-06-27 23:15:00,70.6,70.7,70.53,70.62,13931.493
2026-06-27 23:20:00,70.62,70.65,70.42,70.53,7626.795
2026-06-27 23:25:00,70.54,70.55,70.44,70.48,5578.619
2026-06-27 23:30:00,70.47,70.63,70.44,70.63,4744.731
2026-06-27 23:35:00,70.63,70.68,70.53,70.68,3110.544
2026-06-27 23:40:00,70.68,70.69,70.6,70.61,1750.681
2026-06-27 23:45:00,70.61,70.62,70.54,70.57,2194.294
2026-06-27 23:50:00,70.58,70.62,70.51,70.56,4729.972
2026-06-27 23:55:00,70.56,70.57,70.47,70.5,3170.121
2026-06-28 00:00:00,70.49,70.57,70.45,70.48,4511.529
2026-06-28 00:05:00,70.47,70.65,70.46,70.6,6158.025
2026-06-28 00:10:00,70.6,70.64,70.56,70.64,3414.117
2026-06-28 00:15:00,70.63,70.77,70.62,70.72,5795.452
2026-06-28 00:20:00,70.73,70.74,70.6,70.67,3861.75
2026-06-28 00:25:00,70.66,70.78,70.64,70.77,2369.299
2026-06-28 00:30:00,70.78,70.78,70.64,70.67,4136.07
2026-06-28 00:35:00,70.68,70.74,70.58,70.73,6170.9
2026-06-28 00:40:00,70.73,70.77,70.68,70.77,5344.17
2026-06-28 00:45:00,70.76,70.82,70.7,70.74,3468.281
2026-06-28 00:50:00,70.74,70.74,70.61,70.69,6149.748
2026-06-28 00:55:00,70.68,70.77,70.66,70.72,2900.16
2026-06-28 01:00:00,70.72,70.73,70.49,70.54,5387.477
2026-06-28 01:05:00,70.54,70.58,70.44,70.51,5481.888
2026-06-28 01:10:00,70.5,70.6,70.5,70.6,2614.432
2026-06-28 01:15:00,70.6,70.7,70.55,70.66,3306.7
2026-06-28 01:20:00,70.66,70.77,70.65,70.74,3220.395
2026-06-28 01:25:00,70.75,70.82,70.73,70.78,4105.982
2026-06-28 01:30:00,70.77,70.85,70.74,70.83,3032.734
2026-06-28 01:35:00,70.82,70.87,70.8,70.83,1678.758
2026-06-28 01:40:00,70.82,70.89,70.8,70.88,1990.278
2026-06-28 01:45:00,70.89,70.89,70.81,70.86,2571.092
2026-06-28 01:50:00,70.86,70.93,70.83,70.83,2936.514
2026-06-28 01:55:00,70.84,70.88,70.81,70.83,1665.348
2026-06-28 02:00:00,70.84,71.01,70.83,70.97,2440.651
2026-06-28 02:05:00,70.97,70.97,70.89,70.95,1708.018
2026-06-28 02:10:00,70.94,71.0,70.94,70.97,1963.803
2026-06-28 02:15:00,70.97,71.01,70.87,70.92,3573.146
2026-06-28 02:20:00,70.93,70.93,70.5,70.56,6107.943
2026-06-28 02:25:00,70.55,70.78,70.49,70.7,7446.246
2026-06-28 02:30:00,70.7,70.74,70.69,70.72,1646.37
2026-06-28 02:35:00,70.71,70.81,70.71,70.78,1239.877
2026-06-28 02:40:00,70.79,70.81,70.7,70.74,1664.48
2026-06-28 02:45:00,70.73,70.78,70.67,70.7,3256.602
2026-06-28 02:50:00,70.71,70.81,70.71,70.75,2036.329
2026-06-28 02:55:00,70.76,70.79,70.72,70.73,3396.676
2026-06-28 03:00:00,70.72,70.95,70.72,70.88,3262.33
2026-06-28 03:05:00,70.87,70.87,70.8,70.85,2171.444
2026-06-28 03:10:00,70.84,70.98,70.84,70.94,1927.388
2026-06-28 03:15:00,70.94,70.94,70.81,70.89,4202.221
2026-06-28 03:20:00,70.9,70.92,70.82,70.82,1392.141
2026-06-28 03:25:00,70.83,70.85,70.81,70.84,268.569
2026-06-28 03:30:00,70.84,70.93,70.8,70.84,5787.019
2026-06-28 03:35:00,70.83,70.87,70.82,70.83,2657.256
2026-06-28 03:40:00,70.82,70.86,70.82,70.86,2270.961
2026-06-28 03:45:00,70.87,70.93,70.84,70.93,1269.319
2026-06-28 03:50:00,70.93,70.93,70.81,70.83,11933.16
2026-06-28 03:55:00,70.82,70.9,70.78,70.87,3841.835
2026-06-28 04:00:00,70.86,70.89,70.77,70.87,2941.77
2026-06-28 04:05:00,70.86,70.87,70.8,70.82,2242.511
2026-06-28 04:10:00,70.82,70.82,70.76,70.79,2168.314
2026-06-28 04:15:00,70.8,70.82,70.72,70.73,1888.606
2026-06-28 04:20:00,70.74,70.83,70.72,70.81,3209.582
2026-06-28 04:25:00,70.81,70.86,70.73,70.75,2531.193
2026-06-28 04:30:00,70.75,70.75,70.55,70.64,6453.397
2026-06-28 04:35:00,70.63,70.79,70.61,70.77,2272.932
2026-06-28 04:40:00,70.77,70.89,70.77,70.87,5276.833
2026-06-28 04:45:00,70.88,70.99,70.87,70.93,3376.315
2026-06-28 04:50:00,70.92,70.93,70.83,70.84,2158.774
2026-06-28 04:55:00,70.83,70.84,70.75,70.77,1904.727
2026-06-28 05:00:00,70.77,70.77,70.45,70.5,13522.338
2026-06-28 05:05:00,70.5,70.59,70.47,70.57,7741.8
2026-06-28 05:10:00,70.57,70.63,70.53,70.56,4652.384
2026-06-28 05:15:00,70.55,70.65,70.48,70.63,9951.107
2026-06-28 05:20:00,70.62,70.63,70.4,70.44,10591.594
2026-06-28 05:25:00,70.44,70.45,70.15,70.24,17724.824
2026-06-28 05:30:00,70.24,70.42,70.14,70.41,9755.906
2026-06-28 05:35:00,70.42,70.47,70.4,70.42,6683.123
2026-06-28 05:40:00,70.42,70.45,70.41,70.44,3841.925
2026-06-28 05:45:00,70.43,70.45,70.39,70.39,4123.25
2026-06-28 05:50:00,70.4,70.44,70.38,70.44,4378.929
2026-06-28 05:55:00,70.44,70.56,70.43,70.52,6505.515
2026-06-28 06:00:00,70.52,70.56,70.45,70.45,3420.319
2026-06-28 06:05:00,70.45,70.55,70.42,70.52,3153.893
2026-06-28 06:10:00,70.51,70.51,70.19,70.2,9683.435
2026-06-28 06:15:00,70.21,70.44,70.17,70.37,7991.278
2026-06-28 06:20:00,70.36,70.46,70.35,70.41,3729.482
2026-06-28 06:25:00,70.4,70.43,70.36,70.42,3770.895
2026-06-28 06:30:00,70.42,70.52,70.41,70.49,3385.821
2026-06-28 06:35:00,70.49,70.5,70.44,70.46,2113.594
2026-06-28 06:40:00,70.47,70.53,70.45,70.45,2712.719
2026-06-28 06:45:00,70.45,70.46,70.39,70.46,4244.696
2026-06-28 06:50:00,70.46,70.53,70.46,70.52,1950.044
2026-06-28 06:55:00,70.52,70.52,70.43,70.45,7677.816
2026-06-28 07:00:00,70.45,70.88,70.44,70.7,12702.861
2026-06-28 07:05:00,70.71,70.76,70.66,70.67,7404.361
2026-06-28 07:10:00,70.66,70.79,70.66,70.79,3808.434
2026-06-28 07:15:00,70.79,70.8,70.75,70.77,3670.313
2026-06-28 07:20:00,70.76,70.79,70.75,70.77,1892.602
2026-06-28 07:25:00,70.77,70.78,70.67,70.69,2690.385
2026-06-28 07:30:00,70.69,70.78,70.67,70.74,1883.225
2026-06-28 07:35:00,70.75,70.97,70.72,70.89,4158.943
2026-06-28 07:40:00,70.89,70.94,70.84,70.86,3141.089
2026-06-28 07:45:00,70.86,70.99,70.84,70.99,4976.374
2026-06-28 07:50:00,70.99,71.09,70.95,70.99,4629.724
2026-06-28 07:55:00,71.0,71.09,70.93,71.08,4643.965
2026-06-28 08:00:00,71.08,71.32,71.06,71.23,13644.238
2026-06-28 08:05:00,71.23,71.24,71.09,71.09,4465.313
2026-06-28 08:10:00,71.09,71.14,71.09,71.14,2592.023
2026-06-28 08:15:00,71.14,71.28,71.11,71.15,6624.871
2026-06-28 08:20:00,71.16,71.3,71.15,71.21,4561.014
2026-06-28 08:25:00,71.21,71.24,71.19,71.24,2539.208
2026-06-28 08:30:00,71.24,71.37,71.23,71.36,3390.334
2026-06-28 08:35:00,71.36,71.99,71.32,71.95,46544.276
2026-06-28 08:40:00,71.94,72.2,71.91,72.07,31992.602
2026-06-28 08:45:00,72.08,72.19,71.96,71.99,8301.249
2026-06-28 08:50:00,71.98,72.01,71.87,71.88,8893.202
2026-06-28 08:55:00,71.89,71.99,71.88,71.91,5583.111
2026-06-28 09:00:00,71.91,71.95,71.65,71.73,7594.602
2026-06-28 09:05:00,71.73,71.86,71.73,71.78,3953.338
2026-06-28 09:10:00,71.77,71.96,71.72,71.74,5810.599
2026-06-28 09:15:00,71.75,71.82,71.74,71.77,5696.211
2026-06-28 09:20:00,71.77,71.77,71.7,71.77,5014.18
2026-06-28 09:25:00,71.77,71.8,71.71,71.77,5237.206
2026-06-28 09:30:00,71.77,71.85,71.71,71.85,3016.724
2026-06-28 09:35:00,71.84,71.87,71.77,71.81,2898.604
2026-06-28 09:40:00,71.81,72.01,71.8,71.97,4270.508
2026-06-28 09:45:00,71.97,72.05,71.76,71.77,6439.721
2026-06-28 09:50:00,71.76,71.77,71.52,71.64,15230.432
2026-06-28 09:55:00,71.64,71.65,71.45,71.54,6162.746
2026-06-28 10:00:00,71.53,71.6,71.36,71.4,4890.009
2026-06-28 10:05:00,71.4,71.43,71.29,71.34,5293.538
2026-06-28 10:10:00,71.35,71.57,71.34,71.52,4694.502
2026-06-28 10:15:00,71.51,71.6,71.39,71.39,3697.353
2026-06-28 10:20:00,71.39,71.41,71.3,71.32,4099.288
2026-06-28 10:25:00,71.31,71.32,71.11,71.2,13225.699
2026-06-28 10:30:00,71.19,71.33,71.19,71.32,5241.591
2026-06-28 10:35:00,71.32,71.34,71.26,71.34,2712.668
2026-06-28 10:40:00,71.33,71.44,71.33,71.4,2701.651
2026-06-28 10:45:00,71.4,71.46,71.38,71.42,1782.497
2026-06-28 10:50:00,71.41,71.49,71.39,71.45,2686.054
2026-06-28 10:55:00,71.44,71.49,71.44,71.48,1629.686
2026-06-28 11:00:00,71.48,71.79,71.47,71.7,8772.658
2026-06-28 11:05:00,71.7,71.7,71.49,71.5,6005.218
2026-06-28 11:10:00,71.5,71.55,71.47,71.53,2291.65
2026-06-28 11:15:00,71.53,71.56,71.41,71.54,4278.334
2026-06-28 11:20:00,71.55,71.94,71.55,71.81,7161.8
2026-06-28 11:25:00,71.81,71.93,71.81,71.87,5467.831
2026-06-28 11:30:00,71.87,71.9,71.74,71.75,4511.34
2026-06-28 11:35:00,71.75,71.85,71.62,71.85,7564.745
2026-06-28 11:40:00,71.84,71.93,71.83,71.92,5938.788
2026-06-28 11:45:00,71.92,71.99,71.83,71.88,4056.713
2026-06-28 11:50:00,71.88,72.02,71.8,71.99,14431.343
2026-06-28 11:55:00,71.99,72.03,71.87,71.92,4222.928
2026-06-28 12:00:00,71.92,71.92,71.79,71.85,3845.921
2026-06-28 12:05:00,71.85,72.0,71.84,71.84,5006.305
2026-06-28 12:10:00,71.85,71.9,71.77,71.87,8379.418
2026-06-28 12:15:00,71.87,71.92,71.65,71.65,7174.592
2026-06-28 12:20:00,71.66,71.76,71.65,71.74,3105.093
2026-06-28 12:25:00,71.74,72.13,71.71,72.11,8986.95
2026-06-28 12:30:00,72.11,72.41,72.0,72.0,21527.152
2026-06-28 12:35:00,72.01,72.02,71.82,71.87,5665.869
2026-06-28 12:40:00,71.87,71.9,71.75,71.81,3384.352
2026-06-28 12:45:00,71.8,71.91,71.8,71.86,3180.664
2026-06-28 12:50:00,71.87,71.95,71.85,71.91,1933.25
2026-06-28 12:55:00,71.91,71.93,71.85,71.88,3402.498
2026-06-28 13:00:00,71.87,71.87,71.36,71.36,11722.127
2026-06-28 13:05:00,71.36,71.55,71.33,71.43,5411.653
2026-06-28 13:10:00,71.42,71.65,71.41,71.6,3309.935
2026-06-28 13:15:00,71.61,71.65,71.5,71.52,2361.613
2026-06-28 13:20:00,71.51,71.68,71.5,71.67,3232.029
2026-06-28 13:25:00,71.68,71.73,71.61,71.68,2268.209
2026-06-28 13:30:00,71.68,71.88,71.62,71.79,3949.887
2026-06-28 13:35:00,71.8,71.93,71.77,71.88,2384.876
2026-06-28 13:40:00,71.88,72.1,71.78,72.06,10094.288
2026-06-28 13:45:00,72.07,72.1,71.91,71.97,4552.173
2026-06-28 13:50:00,71.97,71.97,71.83,71.9,4303.231
2026-06-28 13:55:00,71.9,71.9,71.67,71.74,5776.6
2026-06-28 14:00:00,71.74,71.91,71.74,71.8,2800.636
2026-06-28 14:05:00,71.79,71.96,71.71,71.95,2267.556
2026-06-28 14:10:00,71.95,71.99,71.9,71.95,2887.965
2026-06-28 14:15:00,71.95,72.19,71.83,72.13,4199.548
2026-06-28 14:20:00,72.12,72.2,71.84,71.86,5927.202
2026-06-28 14:25:00,71.86,71.92,71.77,71.88,2460.601
2026-06-28 14:30:00,71.87,71.98,71.81,71.88,2476.725
2026-06-28 14:35:00,71.87,71.93,71.77,71.84,9139.23
2026-06-28 14:40:00,71.84,71.88,71.79,71.88,2602.049
2026-06-28 14:45:00,71.88,72.05,71.8,71.88,4808.074
2026-06-28 14:50:00,71.87,71.9,71.72,71.72,2387.452
2026-06-28 14:55:00,71.73,71.76,71.65,71.65,2311.488
2026-06-28 15:00:00,71.66,71.9,71.64,71.86,3734.922
2026-06-28 15:05:00,71.86,71.91,71.53,71.54,6869.51
2026-06-28 15:10:00,71.53,71.83,71.45,71.82,5713.087
2026-06-28 15:15:00,71.81,72.0,71.67,71.83,5134.593
2026-06-28 15:20:00,71.83,71.88,71.79,71.83,4397.852
2026-06-28 15:25:00,71.83,71.93,71.8,71.82,2553.033
2026-06-28 15:30:00,71.81,72.12,71.77,72.05,4052.812
2026-06-28 15:35:00,72.05,72.05,71.72,71.81,7715.594
2026-06-28 15:40:00,71.82,71.94,71.75,71.89,4508.913
2026-06-28 15:45:00,71.88,71.88,71.72,71.75,2523.845
2026-06-28 15:50:00,71.74,72.02,71.72,71.84,11457.389
2026-06-28 15:55:00,71.85,72.09,71.8,72.09,8415.757
2026-06-28 16:00:00,72.09,72.13,71.95,72.03,11492.371
2026-06-28 16:05:00,72.04,72.11,71.86,71.9,8888.319
2026-06-28 16:10:00,71.9,71.96,71.78,71.89,8107.495
2026-06-28 16:15:00,71.89,72.02,71.8,71.95,13831.642
2026-06-28 16:20:00,71.95,71.97,71.72,71.72,6774.094
2026-06-28 16:25:00,71.72,71.76,71.41,71.59,13578.553
2026-06-28 16:30:00,71.58,71.62,71.16,71.24,15627.903
2026-06-28 16:35:00,71.25,71.38,71.2,71.25,8253.502
2026-06-28 16:40:00,71.25,71.48,71.23,71.26,6373.977
2026-06-28 16:45:00,71.26,71.51,71.18,71.42,8191.512
2026-06-28 16:50:00,71.42,71.52,71.4,71.49,3087.865
2026-06-28 16:55:00,71.49,71.59,71.46,71.56,2491.173
2026-06-28 17:00:00,71.56,71.67,71.56,71.61,5185.925
2026-06-28 17:05:00,71.61,71.98,71.57,71.76,7771.163
2026-06-28 17:10:00,71.75,71.75,71.45,71.64,4662.482
2026-06-28 17:15:00,71.64,71.7,71.47,71.5,2236.172
2026-06-28 17:20:00,71.5,71.58,71.43,71.54,4521.796
2026-06-28 17:25:00,71.55,71.55,71.34,71.35,3186.461
2026-06-28 17:30:00,71.35,71.47,71.31,71.35,4797.383
2026-06-28 17:35:00,71.35,71.35,70.97,71.09,16646.238
2026-06-28 17:40:00,71.09,71.39,71.09,71.32,6281.576
2026-06-28 17:45:00,71.33,71.46,71.31,71.4,4010.956
2026-06-28 17:50:00,71.39,71.61,71.39,71.54,5329.349
2026-06-28 17:55:00,71.53,71.64,71.53,71.55,3048.814
2026-06-28 18:00:00,71.55,71.73,71.52,71.59,3846.145
2026-06-28 18:05:00,71.59,71.63,71.51,71.54,2206.088
2026-06-28 18:10:00,71.54,71.54,71.37,71.39,2992.056
2026-06-28 18:15:00,71.38,71.41,71.29,71.36,4080.14
2026-06-28 18:20:00,71.36,71.37,71.3,71.31,4674.672
2026-06-28 18:25:00,71.31,71.37,71.14,71.21,3418.555
2026-06-28 18:30:00,71.22,71.26,71.03,71.06,5235.989
2026-06-28 18:35:00,71.07,71.14,71.01,71.07,4159.766
2026-06-28 18:40:00,71.06,71.19,71.06,71.13,3002.545
2026-06-28 18:45:00,71.13,71.18,71.0,71.04,3957.045
2026-06-28 18:50:00,71.04,71.18,71.01,71.12,7388.78
2026-06-28 18:55:00,71.12,71.29,71.08,71.18,2610.881
2026-06-28 19:00:00,71.18,71.18,70.83,70.97,8767.856
2026-06-28 19:05:00,70.96,71.07,70.96,71.06,2764.419
2026-06-28 19:10:00,71.06,71.11,71.04,71.06,1979.011
2026-06-28 19:15:00,71.07,71.09,70.97,70.99,1583.506
2026-06-28 19:20:00,70.98,71.05,70.89,70.97,2858.707
2026-06-28 19:25:00,70.97,71.06,70.97,71.06,2038.05
2026-06-28 19:30:00,71.06,71.32,71.04,71.19,4553.381
2026-06-28 19:35:00,71.18,71.18,70.9,70.96,4901.211
2026-06-28 19:40:00,70.95,70.97,70.8,70.81,4542.265
2026-06-28 19:45:00,70.8,70.81,70.25,70.54,24143.65
2026-06-28 19:50:00,70.53,70.71,70.43,70.7,9891.414
2026-06-28 19:55:00,70.69,70.76,70.62,70.74,4161.066
2026-06-28 20:00:00,70.73,70.82,70.66,70.8,4388.352
2026-06-28 20:05:00,70.81,70.85,70.72,70.72,3025.502
2026-06-28 20:10:00,70.72,71.16,70.72,71.09,4978.59
2026-06-28 20:15:00,71.08,71.29,71.04,71.16,5742.651
2026-06-28 20:20:00,71.16,71.17,71.03,71.14,3104.427
2026-06-28 20:25:00,71.14,71.21,70.99,71.02,3288.753
2026-06-28 20:30:00,71.02,71.04,70.93,70.98,3232.834
2026-06-28 20:35:00,70.99,71.04,70.75,70.77,21243.319
2026-06-28 20:40:00,70.77,70.78,70.71,70.74,2365.475
2026-06-28 20:45:00,70.73,70.9,70.67,70.85,4924.102
2026-06-28 20:50:00,70.84,70.87,70.74,70.86,3756.781
2026-06-28 20:55:00,70.86,70.96,70.86,70.92,3868.356
2026-06-28 21:00:00,70.92,70.92,70.81,70.83,2191.067
2026-06-28 21:05:00,70.84,70.93,70.82,70.92,1799.589
2026-06-28 21:10:00,70.92,70.94,70.62,70.81,6418.537
2026-06-28 21:15:00,70.8,70.8,70.68,70.78,3243.63
2026-06-28 21:20:00,70.79,70.83,70.67,70.83,4663.388
2026-06-28 21:25:00,70.82,70.88,70.75,70.84,4797.263
2026-06-28 21:30:00,70.84,71.0,70.83,71.0,2137.947
2026-06-28 21:35:00,71.0,71.07,70.83,70.85,7221.236
2026-06-28 21:40:00,70.85,70.89,70.74,70.77,3677.228
2026-06-28 21:45:00,70.78,70.83,70.26,70.28,9412.374
2026-06-28 21:50:00,70.28,70.5,70.28,70.38,14215.703
2026-06-28 21:55:00,70.38,70.47,70.3,70.46,4013.192
2026-06-28 22:00:00,70.47,71.53,70.47,71.31,28712.703
2026-06-28 22:05:00,71.3,71.44,71.11,71.12,12140.7
2026-06-28 22:10:00,71.12,71.16,70.96,71.05,5889.488
2026-06-28 22:15:00,71.05,71.1,70.47,70.58,8069.582
2026-06-28 22:20:00,70.58,71.07,70.43,70.98,14214.862
2026-06-28 22:25:00,70.99,70.99,70.71,70.88,7468.875
2026-06-28 22:30:00,70.88,71.0,70.54,70.64,9610.182
2026-06-28 22:35:00,70.63,70.77,70.57,70.71,8645.209
2026-06-28 22:40:00,70.71,70.71,70.47,70.51,10330.675
2026-06-28 22:45:00,70.5,70.65,70.39,70.53,9878.133
2026-06-28 22:50:00,70.53,70.54,69.74,69.97,43588.423
2026-06-28 22:55:00,69.97,70.27,69.97,70.24,14160.38
2026-06-28 23:00:00,70.23,70.66,70.14,70.43,14142.531
2026-06-28 23:05:00,70.44,70.66,70.38,70.59,7268.746
2026-06-28 23:10:00,70.58,70.83,70.54,70.59,6891.178
2026-06-28 23:15:00,70.58,70.9,70.54,70.8,6486.876
2026-06-28 23:20:00,70.81,70.95,70.71,70.85,6431.373
2026-06-28 23:25:00,70.84,71.15,70.81,71.03,7754.285
2026-06-28 23:30:00,71.02,71.38,70.98,71.36,14559.852
2026-06-28 23:35:00,71.36,71.82,71.32,71.68,24515.13
2026-06-28 23:40:00,71.68,71.71,71.47,71.52,7726.959
2026-06-28 23:45:00,71.51,71.72,71.49,71.58,7740.414
2026-06-28 23:50:00,71.59,71.64,71.4,71.43,7855.458
2026-06-28 23:55:00,71.42,71.44,71.33,71.38,4161.175
2026-06-29 00:00:00,71.39,71.4,71.01,71.19,11108.325
2026-06-29 00:05:00,71.18,71.18,70.93,71.16,8423.637
2026-06-29 00:10:00,71.16,71.59,71.12,71.42,12027.015
2026-06-29 00:15:00,71.42,71.48,71.12,71.39,13703.388
2026-06-29 00:20:00,71.39,71.39,70.88,71.06,11011.885
2026-06-29 00:25:00,71.07,71.12,70.73,70.74,9002.663
2026-06-29 00:30:00,70.74,70.91,70.35,70.9,22976.528
2026-06-29 00:35:00,70.89,70.89,70.52,70.67,11416.578
2026-06-29 00:40:00,70.67,71.19,70.65,71.14,6624.35
2026-06-29 00:45:00,71.14,71.14,70.73,70.98,13696.728
2026-06-29 00:50:00,70.98,71.27,70.94,71.27,5277.753
2026-06-29 00:55:00,71.28,71.7,71.28,71.66,14438.146
2026-06-29 01:00:00,71.66,71.7,71.32,71.34,9956.102
2026-06-29 01:05:00,71.34,71.63,71.34,71.47,5965.839
2026-06-29 01:10:00,71.46,71.51,71.28,71.36,6817.534
2026-06-29 01:15:00,71.37,71.43,70.98,71.13,10217.842
2026-06-29 01:20:00,71.13,71.34,71.04,71.2,6222.424
2026-06-29 01:25:00,71.21,71.32,71.07,71.09,6782.821
2026-06-29 01:30:00,71.08,71.27,70.95,71.07,7138.914
2026-06-29 01:35:00,71.07,71.51,71.02,71.48,8070.645
2026-06-29 01:40:00,71.49,71.69,71.49,71.6,10333.825
2026-06-29 01:45:00,71.61,71.69,71.49,71.64,8902.427
2026-06-29 01:50:00,71.65,71.69,71.48,71.57,6122.235
2026-06-29 01:55:00,71.58,71.61,71.44,71.49,4039.555
2026-06-29 02:00:00,71.49,71.65,71.35,71.44,9986.043
2026-06-29 02:05:00,71.44,71.5,71.11,71.14,5275.375
2026-06-29 02:10:00,71.15,71.2,70.51,70.69,16484.299
2026-06-29 02:15:00,70.69,71.12,70.69,71.02,11199.714
2026-06-29 02:20:00,71.02,71.54,71.01,71.36,8207.872
2026-06-29 02:25:00,71.36,71.85,71.31,71.78,21865.614
2026-06-29 02:30:00,71.79,71.82,71.62,71.7,7952.929
2026-06-29 02:35:00,71.7,71.98,71.68,71.85,13258.229
2026-06-29 02:40:00,71.84,72.17,71.78,72.09,14047.767
2026-06-29 02:45:00,72.1,72.21,72.04,72.2,7563.055
2026-06-29 02:50:00,72.2,72.2,71.95,72.0,7574.387
2026-06-29 02:55:00,72.0,72.21,71.98,72.18,14183.601
2026-06-29 03:00:00,72.19,72.63,72.18,72.56,37093.744
2026-06-29 03:05:00,72.57,73.16,72.56,73.09,38440.517
2026-06-29 03:10:00,73.09,73.33,72.9,72.92,25596.475
2026-06-29 03:15:00,72.93,72.93,72.79,72.92,12312.155
2026-06-29 03:20:00,72.93,73.13,72.86,73.11,11778.597
2026-06-29 03:25:00,73.1,73.29,73.01,73.19,12175.754
2026-06-29 03:30:00,73.19,73.28,72.99,73.17,13845.512
2026-06-29 03:35:00,73.17,73.18,72.76,72.83,9036.749
2026-06-29 03:40:00,72.83,72.87,72.68,72.74,5781.132
2026-06-29 03:45:00,72.73,72.92,72.65,72.75,8010.006
2026-06-29 03:50:00,72.75,72.87,72.68,72.73,6523.532
2026-06-29 03:55:00,72.73,72.75,72.58,72.68,4714.427
2026-06-29 04:00:00,72.68,72.69,72.52,72.55,5409.92
2026-06-29 04:05:00,72.54,72.66,72.48,72.56,4081.45
2026-06-29 04:10:00,72.56,72.58,72.38,72.44,5039.637
2026-06-29 04:15:00,72.44,72.48,72.33,72.33,2818.461
2026-06-29 04:20:00,72.33,72.35,72.16,72.31,9432.346
2026-06-29 04:25:00,72.32,72.46,72.31,72.39,7710.8
2026-06-29 04:30:00,72.39,72.42,72.23,72.24,3033.665
2026-06-29 04:35:00,72.23,72.24,71.97,71.97,8992.572
2026-06-29 04:40:00,71.97,71.97,71.78,71.91,8078.133
2026-06-29 04:45:00,71.91,71.92,71.64,71.73,8931.103
2026-06-29 04:50:00,71.73,71.9,71.65,71.88,9443.29
2026-06-29 04:55:00,71.88,71.88,71.64,71.68,5579.83
2026-06-29 05:00:00,71.69,71.75,71.45,71.48,12227.359
2026-06-29 05:05:00,71.47,71.47,71.03,71.29,18017.906
2026-06-29 05:10:00,71.29,71.32,71.03,71.27,9483.933
2026-06-29 05:15:00,71.28,71.53,71.27,71.32,9636.965
2026-06-29 05:20:00,71.33,71.52,71.33,71.49,9119.223
2026-06-29 05:25:00,71.49,71.52,71.39,71.45,9883.515
2026-06-29 05:30:00,71.44,71.61,71.3,71.61,8456.817
2026-06-29 05:35:00,71.61,71.74,71.47,71.56,5154.37
2026-06-29 05:40:00,71.56,71.83,71.41,71.82,8229.031
2026-06-29 05:45:00,71.81,71.85,71.72,71.73,4331.929
2026-06-29 05:50:00,71.73,72.02,71.72,72.02,6130.099
2026-06-29 05:55:00,72.03,72.35,72.01,72.32,8254.503
2026-06-29 06:00:00,72.33,72.58,72.21,72.34,14048.615
2026-06-29 06:05:00,72.34,72.53,72.26,72.53,8388.843
2026-06-29 06:10:00,72.53,72.53,72.4,72.48,8613.827
2026-06-29 06:15:00,72.49,72.8,72.43,72.75,14248.14
2026-06-29 06:20:00,72.75,72.99,72.68,72.99,11947.828
2026-06-29 06:25:00,72.99,73.12,72.66,72.68,12292.871
2026-06-29 06:30:00,72.69,72.76,72.53,72.55,6603.232
2026-06-29 06:35:00,72.56,72.59,72.32,72.32,8188.895
2026-06-29 06:40:00,72.32,72.58,72.3,72.4,11134.496
2026-06-29 06:45:00,72.39,72.45,72.3,72.3,7417.727
2026-06-29 06:50:00,72.3,72.45,72.3,72.39,4911.42
2026-06-29 06:55:00,72.38,72.47,72.3,72.39,6389.207
2026-06-29 07:00:00,72.39,72.4,72.08,72.32,6011.478
2026-06-29 07:05:00,72.31,72.33,72.24,72.25,1963.092
2026-06-29 07:10:00,72.25,72.4,72.14,72.38,4018.315
2026-06-29 07:15:00,72.39,72.62,72.38,72.43,5455.955
2026-06-29 07:20:00,72.42,72.49,72.3,72.36,4843.367
2026-06-29 07:25:00,72.36,72.54,72.27,72.43,7228.178
2026-06-29 07:30:00,72.43,72.48,72.36,72.39,4120.654
2026-06-29 07:35:00,72.39,72.61,72.38,72.52,7901.254
2026-06-29 07:40:00,72.52,72.54,72.34,72.38,2521.718
2026-06-29 07:45:00,72.37,72.57,72.3,72.56,5173.436
2026-06-29 07:50:00,72.56,72.93,72.56,72.77,10107.424
2026-06-29 07:55:00,72.78,72.81,72.68,72.72,6737.564
2026-06-29 08:00:00,72.72,72.96,72.69,72.89,10201.464
2026-06-29 08:05:00,72.89,72.9,72.52,72.73,12309.773
2026-06-29 08:10:00,72.73,72.78,72.6,72.76,11373.205
2026-06-29 08:15:00,72.77,72.96,72.74,72.75,8300.99
2026-06-29 08:20:00,72.75,72.8,72.64,72.71,9478.433
2026-06-29 08:25:00,72.72,72.75,72.41,72.48,7974.132
2026-06-29 08:30:00,72.47,72.64,72.39,72.61,7236.558
2026-06-29 08:35:00,72.61,72.8,72.55,72.72,7072.894
2026-06-29 08:40:00,72.73,72.8,72.59,72.74,4420.768
2026-06-29 08:45:00,72.75,72.92,72.72,72.86,8226.433
2026-06-29 08:50:00,72.86,73.02,72.79,72.83,16477.03
2026-06-29 08:55:00,72.83,72.83,72.67,72.73,6531.514
2026-06-29 09:00:00,72.72,72.85,72.7,72.8,3692.79
2026-06-29 09:05:00,72.8,72.81,72.71,72.77,5719.36
2026-06-29 09:10:00,72.76,72.9,72.61,72.88,8001.724
2026-06-29 09:15:00,72.87,73.17,72.85,72.92,11015.107
2026-06-29 09:20:00,72.93,73.01,72.78,72.81,5434.175
2026-06-29 09:25:00,72.81,72.99,72.62,72.91,8382.314
2026-06-29 09:30:00,72.92,73.0,72.9,72.93,8678.562
2026-06-29 09:35:00,72.93,72.93,72.77,72.84,5568.433
2026-06-29 09:40:00,72.83,72.89,72.74,72.79,3906.862
2026-06-29 09:45:00,72.79,72.95,72.78,72.82,3446.847
2026-06-29 09:50:00,72.83,72.9,72.66,72.83,10569.591
2026-06-29 09:55:00,72.82,72.96,72.82,72.94,3855.838
2026-06-29 10:00:00,72.94,73.12,72.94,73.05,6461.012
2026-06-29 10:05:00,73.05,73.47,73.02,73.46,11079.559
2026-06-29 10:10:00,73.45,73.53,73.26,73.46,22692.381
2026-06-29 10:15:00,73.46,73.65,73.34,73.64,9654.78
2026-06-29 10:20:00,73.64,73.68,73.45,73.47,11744.942
2026-06-29 10:25:00,73.47,73.48,73.37,73.44,13578.454
2026-06-29 10:30:00,73.44,73.45,73.19,73.26,6878.794
2026-06-29 10:35:00,73.26,73.38,73.14,73.36,9715.58
2026-06-29 10:40:00,73.36,73.43,73.18,73.24,5803.439
2026-06-29 10:45:00,73.24,73.37,73.21,73.28,14987.721
2026-06-29 10:50:00,73.28,73.32,73.2,73.21,5254.403
2026-06-29 10:55:00,73.21,73.26,73.2,73.25,4505.932
2026-06-29 11:00:00,73.25,73.28,72.96,73.01,10262.245
2026-06-29 11:05:00,73.01,73.01,72.76,72.88,24866.47
2026-06-29 11:10:00,72.88,72.88,72.61,72.64,8610.98
2026-06-29 11:15:00,72.63,72.67,72.47,72.54,11504.809
2026-06-29 11:20:00,72.53,72.59,72.47,72.59,3744.763
2026-06-29 11:25:00,72.6,72.77,72.6,72.74,6909.995
2026-06-29 11:30:00,72.73,73.2,72.59,72.78,37897.323
2026-06-29 11:35:00,72.77,72.77,72.41,72.46,4607.356
2026-06-29 11:40:00,72.45,72.53,72.38,72.44,8364.245
2026-06-29 11:45:00,72.44,72.52,72.36,72.36,5324.86
2026-06-29 11:50:00,72.36,72.47,72.25,72.26,4422.478
2026-06-29 11:55:00,72.27,72.58,72.25,72.52,7131.687
2026-06-29 12:00:00,72.53,73.0,72.12,72.96,43865.131
2026-06-29 12:05:00,72.96,73.5,72.96,73.3,38560.956
2026-06-29 12:10:00,73.31,74.1,73.27,73.96,60677.383
2026-06-29 12:15:00,73.97,74.14,73.79,74.02,15009.882
2026-06-29 12:20:00,74.03,74.07,73.67,73.7,26819.256
2026-06-29 12:25:00,73.71,74.12,73.7,74.0,14201.909
2026-06-29 12:30:00,74.0,74.12,73.78,74.12,52226.019
2026-06-29 12:35:00,74.12,74.55,73.36,73.4,137852.44
2026-06-29 12:40:00,73.41,73.43,73.21,73.39,18373.336
2026-06-29 12:45:00,73.4,73.63,73.28,73.37,26895.727
2026-06-29 12:50:00,73.37,73.52,73.08,73.33,15449.846
2026-06-29 12:55:00,73.33,73.53,73.33,73.52,8772.147
2026-06-29 13:00:00,73.52,74.05,73.51,73.89,22183.9
2026-06-29 13:05:00,73.9,74.01,73.72,73.78,15487.036
2026-06-29 13:10:00,73.79,74.34,73.76,74.15,25242.456
2026-06-29 13:15:00,74.15,74.35,74.14,74.27,11991.604
2026-06-29 13:20:00,74.27,74.28,73.75,73.85,20220.689
2026-06-29 13:25:00,73.86,73.88,73.59,73.59,14776.407
2026-06-29 13:30:00,73.58,74.14,73.19,74.08,35104.294
2026-06-29 13:35:00,74.07,74.08,73.27,73.37,25083.711
2026-06-29 13:40:00,73.37,73.45,72.92,72.95,32977.486
2026-06-29 13:45:00,72.95,73.23,72.81,72.91,35670.344
2026-06-29 13:50:00,72.91,73.4,72.72,73.16,84209.395
2026-06-29 13:55:00,73.15,73.76,73.03,73.74,69610.173
2026-06-29 14:00:00,73.74,74.01,73.45,73.76,70068.048
2026-06-29 14:05:00,73.76,73.76,73.01,73.01,28726.801
2026-06-29 14:10:00,73.01,73.25,72.51,72.53,47833.286
2026-06-29 14:15:00,72.52,72.84,72.32,72.75,38916.103
2026-06-29 14:20:00,72.74,72.89,72.56,72.88,14870.585
2026-06-29 14:25:00,72.88,73.34,72.85,73.19,14758.002
2026-06-29 14:30:00,73.19,73.63,72.92,73.34,13882.21
2026-06-29 14:35:00,73.34,73.49,73.27,73.46,10524.446
2026-06-29 14:40:00,73.46,73.47,73.01,73.03,8416.347
2026-06-29 14:45:00,73.02,73.21,72.91,73.07,8002.816
2026-06-29 14:50:00,73.08,73.88,73.06,73.81,15184.549
2026-06-29 14:55:00,73.81,73.85,73.44,73.73,18269.999
2026-06-29 15:00:00,73.74,73.75,73.13,73.16,15656.45
2026-06-29 15:05:00,73.15,73.16,72.81,73.13,11860.261
2026-06-29 15:10:00,73.13,73.29,72.79,73.24,32522.873
2026-06-29 15:15:00,73.24,73.54,73.17,73.5,10465.597
2026-06-29 15:20:00,73.49,73.72,73.3,73.51,15697.988
2026-06-29 15:25:00,73.52,73.97,73.42,73.93,13454.388
2026-06-29 15:30:00,73.94,74.43,73.94,74.1,49136.399
2026-06-29 15:35:00,74.1,74.38,74.01,74.24,15202.238
2026-06-29 15:40:00,74.23,74.24,73.78,74.02,15656.448
2026-06-29 15:45:00,74.01,74.02,73.82,74.0,16013.638
2026-06-29 15:50:00,74.0,74.2,73.93,74.19,23303.095
2026-06-29 15:55:00,74.19,74.19,73.8,73.92,6452.227
2026-06-29 16:00:00,73.92,73.95,73.79,73.81,6509.393
2026-06-29 16:05:00,73.81,74.07,73.65,73.65,12117.813
2026-06-29 16:10:00,73.65,73.77,73.51,73.57,7657.762
2026-06-29 16:15:00,73.57,73.74,73.55,73.59,7272.346
2026-06-29 16:20:00,73.59,73.59,73.21,73.21,9104.27
2026-06-29 16:25:00,73.22,73.25,72.89,72.95,17887.459
2026-06-29 16:30:00,72.95,73.2,72.95,73.17,7484.032
2026-06-29 16:35:00,73.17,73.61,73.12,73.57,13064.857
2026-06-29 16:40:00,73.57,73.79,73.48,73.75,19462.028
2026-06-29 16:45:00,73.75,74.16,73.66,74.13,29236.846
2026-06-29 16:50:00,74.14,74.14,73.74,73.89,20443.677
2026-06-29 16:55:00,73.88,74.05,73.84,74.03,5645.061
2026-06-29 17:00:00,74.02,74.41,74.0,74.41,22479.559
2026-06-29 17:05:00,74.41,74.87,74.4,74.57,48125.768
2026-06-29 17:10:00,74.57,75.5,74.57,75.27,86388.121
2026-06-29 17:15:00,75.27,76.49,75.24,75.93,135060.947
2026-06-29 17:20:00,75.93,76.07,75.2,75.37,44009.152
2026-06-29 17:25:00,75.36,76.07,75.32,75.91,28568.865
2026-06-29 17:30:00,75.9,76.17,75.63,75.7,21264.904
2026-06-29 17:35:00,75.69,75.76,75.52,75.58,11695.367
2026-06-29 17:40:00,75.58,75.87,75.55,75.76,18108.335
2026-06-29 17:45:00,75.75,75.88,75.51,75.56,11992.949
2026-06-29 17:50:00,75.55,75.57,75.26,75.29,11152.534
2026-06-29 17:55:00,75.29,75.42,75.26,75.31,7575.802
2026-06-29 18:00:00,75.31,75.4,75.14,75.35,9848.236
2026-06-29 18:05:00,75.35,75.84,75.31,75.68,14948.27
2026-06-29 18:10:00,75.68,75.74,75.59,75.63,5931.028
2026-06-29 18:15:00,75.63,75.63,75.34,75.51,9541.534
2026-06-29 18:20:00,75.5,75.71,75.44,75.44,8065.527
2026-06-29 18:25:00,75.44,75.45,75.18,75.23,6575.919
2026-06-29 18:30:00,75.23,75.45,75.17,75.38,5089.727
2026-06-29 18:35:00,75.37,75.64,75.37,75.64,8798.341
2026-06-29 18:40:00,75.64,75.76,75.63,75.74,6410.705
2026-06-29 18:45:00,75.73,75.74,75.46,75.48,4753.042
2026-06-29 18:50:00,75.47,75.56,75.4,75.52,4633.093
2026-06-29 18:55:00,75.52,75.6,75.51,75.59,6287.206
2026-06-29 19:00:00,75.6,75.62,75.41,75.52,9316.485
2026-06-29 19:05:00,75.52,75.69,75.47,75.64,7290.112
2026-06-29 19:10:00,75.64,75.8,75.47,75.5,7662.634
2026-06-29 19:15:00,75.5,75.86,75.45,75.82,12457.18
2026-06-29 19:20:00,75.81,76.02,75.81,75.97,9698.779
2026-06-29 19:25:00,75.98,76.2,75.83,76.05,18255.375
2026-06-29 19:30:00,76.05,76.07,75.68,75.75,12779.685
2026-06-29 19:35:00,75.75,75.94,75.72,75.92,5426.851
2026-06-29 19:40:00,75.91,76.0,75.8,76.0,4019.405
2026-06-29 19:45:00,76.0,76.1,75.88,76.08,8444.426
2026-06-29 19:50:00,76.08,76.22,75.88,75.99,16363.363
2026-06-29 19:55:00,75.99,76.05,75.93,75.98,18231.775
2026-06-29 20:00:00,75.98,76.0,75.79,75.84,11837.822
2026-06-29 20:05:00,75.84,75.95,75.77,75.81,5445.959
2026-06-29 20:10:00,75.82,75.83,75.59,75.77,4630.091
2026-06-29 20:15:00,75.76,75.77,75.64,75.68,3260.321
2026-06-29 20:20:00,75.68,75.72,75.58,75.58,7695.06
2026-06-29 20:25:00,75.58,75.68,75.5,75.52,4576.823
2026-06-29 20:30:00,75.53,75.72,75.47,75.68,4990.105
2026-06-29 20:35:00,75.69,75.71,75.47,75.54,9956.433
2026-06-29 20:40:00,75.54,75.54,75.38,75.43,7106.588
2026-06-29 20:45:00,75.43,75.51,75.27,75.5,3234.053
2026-06-29 20:50:00,75.5,75.53,75.38,75.39,3954.653
2026-06-29 20:55:00,75.39,75.45,75.31,75.37,4381.625
2026-06-29 21:00:00,75.38,75.5,75.31,75.32,7066.663
2026-06-29 21:05:00,75.31,75.46,75.23,75.38,5742.209
2026-06-29 21:10:00,75.38,75.7,75.37,75.54,5638.637
2026-06-29 21:15:00,75.54,75.61,75.48,75.52,5657.581
2026-06-29 21:20:00,75.52,75.58,75.45,75.47,14393.679
2026-06-29 21:25:00,75.47,75.5,75.44,75.44,6833.014
2026-06-29 21:30:00,75.44,75.67,75.44,75.59,10086.679
2026-06-29 21:35:00,75.6,75.8,75.58,75.77,16938.677
2026-06-29 21:40:00,75.76,75.79,75.51,75.63,6568.98
2026-06-29 21:45:00,75.64,75.75,75.61,75.65,3220.73
2026-06-29 21:50:00,75.64,75.67,75.58,75.65,3550.033
2026-06-29 21:55:00,75.65,75.65,75.46,75.53,2771.924
2026-06-29 22:00:00,75.52,75.6,75.45,75.54,3991.391
2026-06-29 22:05:00,75.54,75.65,75.46,75.63,5983.265
2026-06-29 22:10:00,75.64,75.65,75.49,75.58,2059.608
2026-06-29 22:15:00,75.59,75.66,75.28,75.39,11512.132
2026-06-29 22:20:00,75.4,75.51,75.32,75.34,3140.834
2026-06-29 22:25:00,75.34,75.47,75.29,75.38,4170.691
2026-06-29 22:30:00,75.38,75.42,75.23,75.25,3119.312
2026-06-29 22:35:00,75.26,75.3,75.2,75.23,3145.235
2026-06-29 22:40:00,75.22,75.34,75.17,75.33,5164.447
2026-06-29 22:45:00,75.34,75.34,75.24,75.26,2688.343
2026-06-29 22:50:00,75.27,75.48,75.05,75.48,12371.409
2026-06-29 22:55:00,75.48,75.48,75.24,75.27,6717.69
2026-06-29 23:00:00,75.28,75.36,75.27,75.33,2049.111
2026-06-29 23:05:00,75.33,75.44,75.27,75.43,6268.903
2026-06-29 23:10:00,75.42,75.43,75.25,75.37,6766.375
2026-06-29 23:15:00,75.37,75.39,75.28,75.31,3214.825
2026-06-29 23:20:00,75.31,75.31,75.05,75.21,8837.601
2026-06-29 23:25:00,75.2,75.28,75.19,75.19,4775.457
2026-06-29 23:30:00,75.19,75.19,74.89,75.0,15173.061
2026-06-29 23:35:00,75.0,75.1,74.99,75.02,4625.962
2026-06-29 23:40:00,75.02,75.06,74.96,75.03,7004.92
2026-06-29 23:45:00,75.03,75.26,75.03,75.17,9356.247
2026-06-29 23:50:00,75.18,75.22,75.03,75.06,4518.092
2026-06-29 23:55:00,75.06,75.21,75.03,75.16,11447.942
2026-06-30 00:00:00,75.17,75.24,75.1,75.19,22711.173
2026-06-30 00:05:00,75.18,75.19,74.97,74.97,7518.842
2026-06-30 00:10:00,74.97,75.12,74.91,75.01,4005.706
2026-06-30 00:15:00,75.01,75.08,74.88,74.88,3755.201
2026-06-30 00:20:00,74.88,74.9,74.8,74.84,3033.488
2026-06-30 00:25:00,74.84,74.87,74.6,74.63,10228.738
2026-06-30 00:30:00,74.63,74.65,74.3,74.5,22084.833
2026-06-30 00:35:00,74.51,74.54,74.25,74.29,15428.28
2026-06-30 00:40:00,74.3,74.4,74.19,74.38,9014.085
2026-06-30 00:45:00,74.38,74.6,74.34,74.57,12714.99
2026-06-30 00:50:00,74.58,74.64,74.31,74.48,7578.038
2026-06-30 00:55:00,74.48,74.51,74.4,74.42,4181.687
2026-06-30 01:00:00,74.43,74.48,74.23,74.35,10291.979
2026-06-30 01:05:00,74.35,74.35,74.15,74.18,6688.132
2026-06-30 01:10:00,74.17,74.24,74.05,74.24,13904.219
2026-06-30 01:15:00,74.24,74.43,74.2,74.41,6464.957
2026-06-30 01:20:00,74.4,74.43,74.24,74.3,11443.752
2026-06-30 01:25:00,74.31,74.67,74.27,74.65,20336.48
2026-06-30 01:30:00,74.65,74.66,74.56,74.57,3003.984
2026-06-30 01:35:00,74.57,74.57,74.33,74.38,5266.714
2026-06-30 01:40:00,74.37,74.4,74.2,74.3,7064.321
2026-06-30 01:45:00,74.3,74.41,74.27,74.41,3980.779
2026-06-30 01:50:00,74.41,74.42,74.33,74.36,3047.773
2026-06-30 01:55:00,74.35,74.46,74.34,74.41,3398.168
2026-06-30 02:00:00,74.41,74.42,74.23,74.23,4646.199
2026-06-30 02:05:00,74.24,74.28,74.23,74.26,1411.322
2026-06-30 02:10:00,74.26,74.26,74.04,74.1,6981.483
2026-06-30 02:15:00,74.1,74.15,74.07,74.15,5163.372
2026-06-30 02:20:00,74.14,74.29,74.13,74.28,4040.416
2026-06-30 02:25:00,74.27,74.34,74.27,74.34,3771.382
2026-06-30 02:30:00,74.34,74.35,74.2,74.27,6706.481
2026-06-30 02:35:00,74.27,74.49,74.24,74.49,4386.939
2026-06-30 02:40:00,74.48,74.57,74.48,74.57,3353.723
2026-06-30 02:45:00,74.57,74.76,74.57,74.75,4740.125
2026-06-30 02:50:00,74.76,74.84,74.68,74.74,6213.457
2026-06-30 02:55:00,74.74,74.74,74.58,74.59,1659.798
2026-06-30 03:00:00,74.6,74.68,74.58,74.63,3482.493
2026-06-30 03:05:00,74.63,74.77,74.6,74.71,6624.871
2026-06-30 03:10:00,74.7,74.76,74.66,74.67,3858.735
2026-06-30 03:15:00,74.67,74.89,74.67,74.85,4669.443
2026-06-30 03:20:00,74.86,74.89,74.57,74.58,4741.542
2026-06-30 03:25:00,74.57,74.62,74.52,74.62,4122.723
2026-06-30 03:30:00,74.62,74.65,74.33,74.38,8352.932
2026-06-30 03:35:00,74.39,74.51,74.37,74.5,3987.259
2026-06-30 03:40:00,74.5,74.5,74.41,74.46,2637.269
2026-06-30 03:45:00,74.45,74.47,74.34,74.34,5190.801
2026-06-30 03:50:00,74.34,74.4,74.19,74.21,4572.048
2026-06-30 03:55:00,74.2,74.23,74.14,74.19,4231.611
2026-06-30 04:00:00,74.19,74.25,74.1,74.11,10070.135
2026-06-30 04:05:00,74.1,74.14,73.92,73.94,14760.761
2026-06-30 04:10:00,73.93,74.19,73.78,74.14,15414.354
2026-06-30 04:15:00,74.14,74.19,73.73,73.76,12600.707
2026-06-30 04:20:00,73.76,73.95,73.69,73.75,20791.201
2026-06-30 04:25:00,73.74,73.99,73.74,73.96,6064.1
2026-06-30 04:30:00,73.96,74.08,73.96,74.08,4482.508
2026-06-30 04:35:00,74.08,74.17,74.07,74.11,2395.207
2026-06-30 04:40:00,74.1,74.1,73.98,74.08,5421.867
2026-06-30 04:45:00,74.08,74.1,73.98,74.05,6951.31
2026-06-30 04:50:00,74.05,74.09,74.02,74.03,4231.064
2026-06-30 04:55:00,74.03,74.07,73.99,74.02,3226.703
2026-06-30 05:00:00,74.03,74.17,74.02,74.07,5089.953
2026-06-30 05:05:00,74.08,74.11,74.03,74.11,4937.588
2026-06-30 05:10:00,74.11,74.11,73.95,74.05,3606.315
2026-06-30 05:15:00,74.05,74.06,73.87,73.87,3394.927
2026-06-30 05:20:00,73.86,74.09,73.86,74.09,4340.461
2026-06-30 05:25:00,74.09,74.1,73.9,73.97,3395.229
2026-06-30 05:30:00,73.97,74.01,73.89,73.91,4946.843
2026-06-30 05:35:00,73.91,74.07,73.85,74.06,5853.714
2026-06-30 05:40:00,74.05,74.2,74.03,74.11,4241.343
2026-06-30 05:45:00,74.11,74.18,74.11,74.18,2292.856
2026-06-30 05:50:00,74.18,74.19,74.11,74.17,2650.118
2026-06-30 05:55:00,74.16,74.23,74.15,74.23,5512.57
2026-06-30 06:00:00,74.23,74.26,74.11,74.14,3278.536
2026-06-30 06:05:00,74.14,74.14,74.04,74.05,4164.203
2026-06-30 06:10:00,74.06,74.08,74.0,74.05,2239.446
2026-06-30 06:15:00,74.05,74.06,73.92,73.97,3420.921
2026-06-30 06:20:00,73.97,74.1,73.91,74.08,5530.254
2026-06-30 06:25:00,74.08,74.26,74.01,74.25,3656.188
2026-06-30 06:30:00,74.24,74.26,74.05,74.05,7925.729
2026-06-30 06:35:00,74.06,74.21,74.04,74.12,3841.936
2026-06-30 06:40:00,74.12,74.15,74.08,74.09,3181.974
2026-06-30 06:45:00,74.09,74.21,74.06,74.2,2043.741
2026-06-30 06:50:00,74.2,74.2,74.11,74.11,1857.362
2026-06-30 06:55:00,74.12,74.22,74.11,74.17,10708.481
2026-06-30 07:00:00,74.17,74.25,74.12,74.14,5436.745
2026-06-30 07:05:00,74.14,74.15,73.92,73.95,3723.151
2026-06-30 07:10:00,73.96,73.97,73.86,73.97,4942.233
2026-06-30 07:15:00,73.97,74.05,73.92,73.96,2543.439
2026-06-30 07:20:00,73.96,73.97,73.9,73.97,1631.326
2026-06-30 07:25:00,73.97,74.02,73.91,73.93,3294.603
2026-06-30 07:30:00,73.93,74.01,73.92,74.01,2500.497
2026-06-30 07:35:00,74.0,74.08,74.0,74.04,2461.161
2026-06-30 07:40:00,74.04,74.12,74.04,74.04,3204.101
2026-06-30 07:45:00,74.04,74.19,74.01,74.17,3320.495
2026-06-30 07:50:00,74.17,74.17,74.06,74.13,19379.387
2026-06-30 07:55:00,74.12,74.23,74.09,74.16,4560.218
2026-06-30 08:00:00,74.16,74.18,74.06,74.12,5196.435
2026-06-30 08:05:00,74.12,74.23,73.98,74.0,9078.724
2026-06-30 08:10:00,74.01,74.12,73.89,73.92,7136.608
2026-06-30 08:15:00,73.91,73.96,73.84,73.95,5838.308
2026-06-30 08:20:00,73.95,74.01,73.94,74.0,2851.3
2026-06-30 08:25:00,73.99,74.04,73.97,74.01,2903.586
2026-06-30 08:30:00,74.01,74.05,73.85,73.88,3737.347
2026-06-30 08:35:00,73.88,73.88,73.39,73.5,45956.857
2026-06-30 08:40:00,73.5,73.91,73.43,73.57,31056.139
2026-06-30 08:45:00,73.57,75.8,73.3,73.45,70136.34
2026-06-30 08:50:00,73.44,73.61,73.32,73.61,25222.023
2026-06-30 08:55:00,73.61,73.68,73.5,73.64,13007.152
2026-06-30 09:00:00,73.63,73.77,73.6,73.75,15880.662
2026-06-30 09:05:00,73.75,73.76,73.61,73.62,10314.973
2026-06-30 09:10:00,73.63,73.81,73.6,73.8,11047.206
2026-06-30 09:15:00,73.81,73.84,73.65,73.75,6854.212
2026-06-30 09:20:00,73.76,73.76,73.6,73.67,15680.643
2026-06-30 09:25:00,73.68,73.74,73.63,73.63,4490.153
2026-06-30 09:30:00,73.64,73.7,73.55,73.64,5809.498
2026-06-30 09:35:00,73.64,73.77,73.63,73.71,3261.805
2026-06-30 09:40:00,73.71,73.79,73.7,73.74,6227.567
2026-06-30 09:45:00,73.73,73.83,73.73,73.82,1597.093
2026-06-30 09:50:00,73.83,73.88,73.81,73.82,2967.561
2026-06-30 09:55:00,73.82,73.83,73.76,73.8,13669.375
2026-06-30 10:00:00,73.8,73.88,73.76,73.78,5271.085
2026-06-30 10:05:00,73.79,73.9,73.75,73.76,3874.628
2026-06-30 10:10:00,73.75,73.78,73.63,73.77,11193.689
2026-06-30 10:15:00,73.77,73.85,73.76,73.79,2650.463
2026-06-30 10:20:00,73.79,73.8,73.63,73.68,2880.503
2026-06-30 10:25:00,73.69,73.79,73.66,73.66,3393.157
2026-06-30 10:30:00,73.66,73.67,73.55,73.66,6665.331
2026-06-30 10:35:00,73.65,73.65,73.48,73.62,5540.252
2026-06-30 10:40:00,73.62,73.65,73.56,73.62,6464.39
2026-06-30 10:45:00,73.63,73.75,73.57,73.69,2875.988
2026-06-30 10:50:00,73.69,73.72,73.61,73.7,3101.849
2026-06-30 10:55:00,73.7,73.81,73.62,73.69,3903.877
2026-06-30 11:00:00,73.69,73.74,73.63,73.74,5654.171
2026-06-30 11:05:00,73.73,73.78,73.67,73.72,2626.592
2026-06-30 11:10:00,73.72,73.73,73.67,73.7,3964.194
2026-06-30 11:15:00,73.71,73.75,73.44,73.45,11668.096
2026-06-30 11:20:00,73.46,73.54,73.4,73.45,11821.608
2026-06-30 11:25:00,73.44,73.5,73.4,73.45,7332.476
2026-06-30 11:30:00,73.45,73.49,73.36,73.41,5154.672
2026-06-30 11:35:00,73.42,73.59,73.42,73.49,4294.381
2026-06-30 11:40:00,73.48,73.58,73.46,73.56,2912.823
2026-06-30 11:45:00,73.56,73.66,73.55,73.62,5910.201
2026-06-30 11:50:00,73.62,73.74,73.45,73.47,8049.568
2026-06-30 11:55:00,73.47,73.47,73.34,73.4,5563.251
2026-06-30 12:00:00,73.41,73.42,73.17,73.18,6656.528
2026-06-30 12:05:00,73.17,73.25,73.05,73.07,19567.715
2026-06-30 12:10:00,73.07,73.17,72.94,72.98,7663.454
2026-06-30 12:15:00,72.99,73.06,72.95,72.99,8399.804
2026-06-30 12:20:00,72.98,72.98,72.61,72.62,15924.8
2026-06-30 12:25:00,72.62,72.8,72.59,72.67,9055.123
2026-06-30 12:30:00,72.68,72.75,72.47,72.49,11358.616
2026-06-30 12:35:00,72.48,72.58,72.39,72.51,11501.9
2026-06-30 12:40:00,72.51,72.59,72.49,72.52,5379.96
2026-06-30 12:45:00,72.51,72.55,72.26,72.28,10712.398
2026-06-30 12:50:00,72.29,72.38,72.25,72.32,12550.584
2026-06-30 12:55:00,72.33,72.39,72.06,72.08,19097.604
2026-06-30 13:00:00,72.08,72.32,71.9,72.18,40246.352
2026-06-30 13:05:00,72.18,72.5,72.14,72.44,13773.801
2026-06-30 13:10:00,72.44,72.47,72.24,72.4,14233.266
2026-06-30 13:15:00,72.39,72.59,72.39,72.5,8718.408
2026-06-30 13:20:00,72.5,72.59,72.43,72.46,9596.411
2026-06-30 13:25:00,72.47,72.59,72.45,72.52,6501.723
2026-06-30 13:30:00,72.52,72.85,71.96,72.18,275753.197
2026-06-30 13:35:00,72.19,72.26,72.0,72.14,18361.438
2026-06-30 13:40:00,72.14,72.53,72.12,72.48,18494.476
2026-06-30 13:45:00,72.47,72.55,72.3,72.41,13248.078
2026-06-30 13:50:00,72.41,72.87,72.4,72.72,29543.319
2026-06-30 13:55:00,72.72,72.94,72.7,72.88,11147.709
2026-06-30 14:00:00,72.87,73.61,72.76,73.41,53590.168
2026-06-30 14:05:00,73.41,73.48,73.21,73.45,10111.121
2026-06-30 14:10:00,73.44,73.46,73.21,73.38,7111.929
2026-06-30 14:15:00,73.37,73.47,73.26,73.32,5899.457
2026-06-30 14:20:00,73.32,73.78,73.24,73.64,16657.447
2026-06-30 14:25:00,73.64,73.8,73.53,73.79,7270.762
2026-06-30 14:30:00,73.78,73.91,73.61,73.82,13116.92
2026-06-30 14:35:00,73.83,73.83,73.13,73.28,16153.486
2026-06-30 14:40:00,73.28,73.63,73.22,73.63,7499.266
2026-06-30 14:45:00,73.63,73.63,73.07,73.09,9513.6
2026-06-30 14:50:00,73.09,73.17,72.78,72.86,10173.779
2026-06-30 14:55:00,72.85,73.07,72.74,72.95,9221.224
2026-06-30 15:00:00,72.96,73.18,72.7,72.74,7690.598
2026-06-30 15:05:00,72.73,72.96,72.6,72.86,10576.794
2026-06-30 15:10:00,72.85,73.08,72.83,73.0,7410.401
2026-06-30 15:15:00,73.0,73.1,72.66,73.09,41067.567
2026-06-30 15:20:00,73.1,73.44,73.09,73.38,17078.217
2026-06-30 15:25:00,73.39,73.45,73.22,73.24,7392.551
2026-06-30 15:30:00,73.24,73.52,73.17,73.37,12550.84
2026-06-30 15:35:00,73.36,73.36,73.06,73.14,6636.386
2026-06-30 15:40:00,73.13,73.39,73.1,73.32,11184.255
2026-06-30 15:45:00,73.32,74.1,73.32,73.75,51633.185
2026-06-30 15:50:00,73.75,73.75,73.45,73.46,7490.206
2026-06-30 15:55:00,73.46,73.6,73.08,73.13,15666.65
2026-06-30 16:00:00,73.14,73.3,73.08,73.29,11615.244
2026-06-30 16:05:00,73.28,73.6,73.25,73.41,19031.774
2026-06-30 16:10:00,73.42,73.5,72.89,72.93,19879.803
2026-06-30 16:15:00,72.92,73.06,72.75,73.02,15016.764
2026-06-30 16:20:00,73.02,73.03,72.84,72.85,4795.873
2026-06-30 16:25:00,72.84,72.85,72.73,72.8,6412.886
2026-06-30 16:30:00,72.8,73.05,72.76,73.03,9894.651
2026-06-30 16:35:00,73.02,73.31,72.83,73.31,9678.638
2026-06-30 16:40:00,73.31,73.31,73.06,73.1,6813.337
2026-06-30 16:45:00,73.09,73.39,73.08,73.37,7829.864
2026-06-30 16:50:00,73.36,73.67,73.27,73.59,21186.33
2026-06-30 16:55:00,73.58,73.72,73.44,73.52,9708.499
2026-06-30 17:00:00,73.52,73.73,73.46,73.67,8331.412
2026-06-30 17:05:00,73.66,73.93,73.61,73.78,9301.942
2026-06-30 17:10:00,73.77,73.79,73.45,73.49,12940.794
2026-06-30 17:15:00,73.49,73.62,73.43,73.54,14057.772
2026-06-30 17:20:00,73.54,73.57,73.25,73.44,11751.489
2026-06-30 17:25:00,73.44,73.52,73.38,73.43,4098.492
2026-06-30 17:30:00,73.44,73.57,73.33,73.47,6784.096
2026-06-30 17:35:00,73.46,73.54,73.34,73.35,4731.194
2026-06-30 17:40:00,73.36,73.47,73.35,73.35,4187.988
2026-06-30 17:45:00,73.34,73.4,73.27,73.3,4311.671
2026-06-30 17:50:00,73.29,73.43,73.27,73.39,3946.065
2026-06-30 17:55:00,73.38,73.54,73.16,73.18,8117.933
2026-06-30 18:00:00,73.17,73.29,73.1,73.19,9012.752
2026-06-30 18:05:00,73.2,73.34,73.09,73.31,8836.164
2026-06-30 18:10:00,73.31,73.37,73.2,73.32,5347.023
2026-06-30 18:15:00,73.32,73.8,73.21,73.68,11595.336
2026-06-30 18:20:00,73.69,73.69,73.25,73.25,5560.179
2026-06-30 18:25:00,73.26,73.44,73.25,73.41,2472.173
2026-06-30 18:30:00,73.42,73.46,73.16,73.18,7434.064
2026-06-30 18:35:00,73.19,73.28,72.95,73.06,15538.998
2026-06-30 18:40:00,73.05,73.28,73.04,73.26,4154.285
2026-06-30 18:45:00,73.26,73.66,73.26,73.66,5764.637
2026-06-30 18:50:00,73.66,73.7,73.53,73.58,10838.872
2026-06-30 18:55:00,73.59,73.65,73.54,73.6,6377.161
2026-06-30 19:00:00,73.6,73.75,73.5,73.56,6015.465
2026-06-30 19:05:00,73.55,73.69,73.46,73.62,4307.236
2026-06-30 19:10:00,73.63,73.63,73.47,73.57,2552.473
2026-06-30 19:15:00,73.58,73.58,73.48,73.49,3374.044
2026-06-30 19:20:00,73.5,73.53,73.38,73.4,3314.459
2026-06-30 19:25:00,73.4,73.57,73.35,73.57,2930.157
2026-06-30 19:30:00,73.57,73.85,73.51,73.84,8620.652
2026-06-30 19:35:00,73.85,73.97,73.73,73.76,12147.768
2026-06-30 19:40:00,73.77,73.85,73.65,73.83,6923.136
2026-06-30 19:45:00,73.82,73.83,73.62,73.7,4589.145
2026-06-30 19:50:00,73.69,73.71,73.53,73.57,12427.185
2026-06-30 19:55:00,73.56,73.81,73.56,73.75,11479.72
2026-06-30 20:00:00,73.74,73.94,73.64,73.85,9497.049
2026-06-30 20:05:00,73.85,73.91,73.74,73.84,5268.438
2026-06-30 20:10:00,73.84,73.92,73.74,73.87,9671.856
2026-06-30 20:15:00,73.88,73.88,73.72,73.73,8821.351
2026-06-30 20:20:00,73.73,73.81,73.57,73.67,15692.477
2026-06-30 20:25:00,73.66,73.73,73.61,73.71,2642.511
2026-06-30 20:30:00,73.71,73.71,73.53,73.66,2917.176
2026-06-30 20:35:00,73.67,73.74,73.6,73.71,5350.68
2026-06-30 20:40:00,73.72,73.8,73.61,73.62,9800.458
2026-06-30 20:45:00,73.61,73.93,73.57,73.75,22988.365
2026-06-30 20:50:00,73.75,73.75,73.57,73.66,12423.749
2026-06-30 20:55:00,73.66,73.75,73.65,73.69,2947.864
2026-06-30 21:00:00,73.69,73.8,73.63,73.63,2396.321
2026-06-30 21:05:00,73.64,73.73,73.56,73.57,5602.008
2026-06-30 21:10:00,73.56,73.58,73.19,73.32,19523.655
2026-06-30 21:15:00,73.32,73.43,73.32,73.34,5659.243
2026-06-30 21:20:00,73.34,73.36,73.26,73.27,3586.701
2026-06-30 21:25:00,73.26,73.38,73.24,73.3,3556.901
2026-06-30 21:30:00,73.31,73.49,73.3,73.49,6607.514
2026-06-30 21:35:00,73.49,73.49,73.37,73.43,2760.922
2026-06-30 21:40:00,73.43,73.49,73.36,73.36,6321.185
2026-06-30 21:45:00,73.37,73.41,73.29,73.34,4140.682
2026-06-30 21:50:00,73.33,73.44,73.31,73.37,2625.704
2026-06-30 21:55:00,73.38,73.49,73.37,73.49,1691.712
2026-06-30 22:00:00,73.5,73.71,73.47,73.64,7479.667
2026-06-30 22:05:00,73.64,73.7,73.59,73.61,2068.24
2026-06-30 22:10:00,73.61,73.64,73.49,73.63,4449.237
2026-06-30 22:15:00,73.63,73.75,73.6,73.73,5663.61
2026-06-30 22:20:00,73.73,73.73,73.58,73.63,3403.05
2026-06-30 22:25:00,73.63,73.63,73.52,73.52,1851.112
2026-06-30 22:30:00,73.52,73.52,73.27,73.35,8566.968
2026-06-30 22:35:00,73.34,73.46,73.29,73.44,1938.078
2026-06-30 22:40:00,73.44,73.48,73.41,73.46,4138.159
2026-06-30 22:45:00,73.45,73.46,73.36,73.46,4628.698
2026-06-30 22:50:00,73.46,73.46,73.35,73.38,2627.176
2026-06-30 22:55:00,73.39,73.48,73.38,73.43,2820.257
2026-06-30 23:00:00,73.44,73.46,73.34,73.35,2712.69
2026-06-30 23:05:00,73.35,73.48,73.32,73.45,2195.95
2026-06-30 23:10:00,73.45,73.45,73.32,73.37,2938.134
2026-06-30 23:15:00,73.37,73.48,73.36,73.46,2460.433
2026-06-30 23:20:00,73.46,73.58,73.45,73.56,4696.601
2026-06-30 23:25:00,73.57,73.67,73.57,73.58,4437.143
2026-06-30 23:30:00,73.57,73.71,73.52,73.71,1769.544
2026-06-30 23:35:00,73.71,73.71,73.55,73.56,1668.309
2026-06-30 23:40:00,73.56,73.61,73.5,73.6,2940.212
2026-06-30 23:45:00,73.59,73.7,73.56,73.66,2501.055
2026-06-30 23:50:00,73.65,73.68,73.58,73.62,3352.416
2026-06-30 23:55:00,73.61,73.69,73.59,73.67,3862.258
2026-07-01 00:00:00,73.67,73.73,73.55,73.67,7572.845
2026-07-01 00:05:00,73.67,73.73,73.61,73.62,5294.352
2026-07-01 00:10:00,73.62,73.74,73.6,73.73,8425.859
2026-07-01 00:15:00,73.73,73.82,73.54,73.54,10555.06
2026-07-01 00:20:00,73.54,73.63,73.41,73.48,7004.571
2026-07-01 00:25:00,73.49,73.56,73.36,73.52,9995.495
2026-07-01 00:30:00,73.52,73.88,73.51,73.7,11983.506
2026-07-01 00:35:00,73.69,73.7,73.58,73.6,3702.579
2026-07-01 00:40:00,73.6,73.65,73.56,73.62,2380.195
2026-07-01 00:45:00,73.62,73.67,73.57,73.64,3434.697
2026-07-01 00:50:00,73.64,73.83,73.6,73.67,8853.024
2026-07-01 00:55:00,73.66,73.72,73.61,73.65,5433.211
2026-07-01 01:00:00,73.65,73.67,73.38,73.38,6012.014
2026-07-01 01:05:00,73.38,73.38,72.97,72.99,12842.673
2026-07-01 01:10:00,72.99,73.0,72.25,72.87,42173.254
2026-07-01 01:15:00,72.88,73.22,72.73,73.14,18938.822
2026-07-01 01:20:00,73.13,73.48,73.05,73.17,15544.592
2026-07-01 01:25:00,73.17,73.37,73.08,73.26,6916.421
2026-07-01 01:30:00,73.26,73.47,73.22,73.33,9451.802
2026-07-01 01:35:00,73.33,74.18,73.33,74.0,21029.188
2026-07-01 01:40:00,73.99,74.36,73.91,74.21,22833.193
2026-07-01 01:45:00,74.2,74.3,73.9,73.93,11440.767
2026-07-01 01:50:00,73.93,74.06,73.8,74.05,7322.499
2026-07-01 01:55:00,74.05,74.15,73.94,73.95,4307.858
2026-07-01 02:00:00,73.95,74.12,73.95,74.0,5477.582
2026-07-01 02:05:00,73.99,73.99,73.79,73.96,4666.317
2026-07-01 02:10:00,73.95,74.28,73.94,74.15,8534.023
2026-07-01 02:15:00,74.15,74.39,74.09,74.18,11059.168
2026-07-01 02:20:00,74.18,74.51,74.13,74.41,9909.76
2026-07-01 02:25:00,74.42,74.61,74.39,74.5,6391.303
2026-07-01 02:30:00,74.5,74.8,74.44,74.69,14695.299
2026-07-01 02:35:00,74.69,75.0,74.65,74.85,15455.271
2026-07-01 02:40:00,74.84,75.03,74.75,75.01,16898.82
2026-07-01 02:45:00,75.0,75.03,74.7,74.75,23567.166
2026-07-01 02:50:00,74.75,74.92,74.74,74.92,11401.558
2026-07-01 02:55:00,74.93,74.96,74.77,74.78,3941.627
2026-07-01 03:00:00,74.78,74.85,74.57,74.58,19690.04
2026-07-01 03:05:00,74.59,74.92,74.59,74.73,8428.825
2026-07-01 03:10:00,74.72,74.73,74.62,74.66,4130.089
2026-07-01 03:15:00,74.66,74.66,74.42,74.43,8407.542
2026-07-01 03:20:00,74.42,74.53,74.35,74.47,4002.304
2026-07-01 03:25:00,74.48,74.55,74.39,74.54,8736.15
2026-07-01 03:30:00,74.55,74.6,74.42,74.53,3633.607
2026-07-01 03:35:00,74.54,75.23,74.54,75.0,25499.665
2026-07-01 03:40:00,75.01,75.03,74.79,74.82,9019.907
2026-07-01 03:45:00,74.82,75.52,74.81,75.25,88094.169
2026-07-01 03:50:00,75.26,75.65,75.26,75.58,17898.543
2026-07-01 03:55:00,75.58,75.69,75.44,75.48,13736.376
2026-07-01 04:00:00,75.48,75.56,75.33,75.54,20562.232
2026-07-01 04:05:00,75.55,75.65,75.46,75.48,5065.733
2026-07-01 04:10:00,75.49,75.54,75.37,75.37,9496.861
2026-07-01 04:15:00,75.37,75.46,75.33,75.34,5770.749
2026-07-01 04:20:00,75.33,75.39,75.25,75.28,5443.005
2026-07-01 04:25:00,75.27,75.47,75.25,75.42,5506.274
2026-07-01 04:30:00,75.42,75.81,75.35,75.54,35746.565
2026-07-01 04:35:00,75.55,75.55,75.37,75.46,4888.6
2026-07-01 04:40:00,75.46,75.64,75.44,75.6,10999.387
2026-07-01 04:45:00,75.6,75.87,75.58,75.73,11909.369
2026-07-01 04:50:00,75.74,75.76,75.61,75.67,8369.063
2026-07-01 04:55:00,75.68,75.69,75.53,75.57,5904.206
2026-07-01 05:00:00,75.56,75.65,75.55,75.61,6775.756
2026-07-01 05:05:00,75.6,75.79,75.43,75.44,5815.453
2026-07-01 05:10:00,75.44,75.51,75.41,75.49,6879.264
2026-07-01 05:15:00,75.49,75.64,75.49,75.55,4626.89
2026-07-01 05:20:00,75.56,75.56,75.28,75.36,6369.752
2026-07-01 05:25:00,75.35,75.4,75.15,75.18,10108.305
2026-07-01 05:30:00,75.18,75.31,75.16,75.26,8425.28
2026-07-01 05:35:00,75.26,75.32,75.14,75.25,6151.317
2026-07-01 05:40:00,75.25,75.36,75.25,75.36,9018.771
2026-07-01 05:45:00,75.36,75.4,75.16,75.19,5941.646
2026-07-01 05:50:00,75.19,75.31,75.18,75.19,4869.704
2026-07-01 05:55:00,75.19,75.27,75.18,75.25,2843.976
2026-07-01 06:00:00,75.24,75.28,75.05,75.05,5207.619
2026-07-01 06:05:00,75.06,75.12,74.93,74.94,7851.543
2026-07-01 06:10:00,74.94,75.07,74.94,75.01,5599.473
2026-07-01 06:15:00,75.02,75.07,74.85,74.86,7841.696
2026-07-01 06:20:00,74.86,74.88,74.57,74.72,21337.055
2026-07-01 06:25:00,74.71,74.75,74.64,74.75,4331.48
2026-07-01 06:30:00,74.74,74.8,74.43,74.44,10125.874
2026-07-01 06:35:00,74.44,74.48,73.96,74.15,47365.238
2026-07-01 06:40:00,74.15,74.27,74.07,74.27,8656.856
2026-07-01 06:45:00,74.27,74.27,74.01,74.18,6994.476
2026-07-01 06:50:00,74.18,74.35,74.17,74.27,6392.817
2026-07-01 06:55:00,74.27,74.35,74.18,74.31,6208.726
2026-07-01 07:00:00,74.32,74.38,74.22,74.26,6609.799
2026-07-01 07:05:00,74.26,74.28,74.1,74.27,6359.599
2026-07-01 07:10:00,74.28,74.44,74.17,74.43,7755.585
2026-07-01 07:15:00,74.43,74.55,74.35,74.47,9738.054
2026-07-01 07:20:00,74.46,74.78,74.24,74.72,14783.652
2026-07-01 07:25:00,74.71,74.73,74.58,74.59,4001.193
2026-07-01 07:30:00,74.59,74.67,74.41,74.66,35773.374
2026-07-01 07:35:00,74.66,74.73,74.55,74.62,5282.087
2026-07-01 07:40:00,74.63,74.89,74.58,74.7,12133.08
2026-07-01 07:45:00,74.7,74.94,74.63,74.9,4191.182
2026-07-01 07:50:00,74.9,74.96,74.76,74.78,5251.709
2026-07-01 07:55:00,74.79,74.92,74.75,74.87,5268.812
2026-07-01 08:00:00,74.87,74.98,74.65,74.91,14370.103
2026-07-01 08:05:00,74.91,75.09,74.88,74.94,12603.922
2026-07-01 08:10:00,74.94,75.01,74.83,74.84,8428.376
2026-07-01 08:15:00,74.85,74.92,74.76,74.77,9036.715
2026-07-01 08:20:00,74.77,74.77,74.52,74.57,5418.685
2026-07-01 08:25:00,74.58,74.77,74.57,74.67,3665.491
2026-07-01 08:30:00,74.66,74.79,74.46,74.71,9539.164
2026-07-01 08:35:00,74.7,74.73,74.56,74.7,6695.329
2026-07-01 08:40:00,74.69,74.88,74.66,74.86,11096.949
2026-07-01 08:45:00,74.87,74.87,74.7,74.71,5365.348
2026-07-01 08:50:00,74.71,74.87,74.68,74.86,3532.974
2026-07-01 08:55:00,74.87,75.52,74.83,75.44,21638.863
2026-07-01 09:00:00,75.44,75.44,75.13,75.23,10616.584
2026-07-01 09:05:00,75.23,75.43,75.22,75.3,9172.267
2026-07-01 09:10:00,75.3,75.32,75.05,75.16,15426.512
2026-07-01 09:15:00,75.16,75.41,75.15,75.23,32425.784
2026-07-01 09:20:00,75.23,75.23,75.1,75.15,6450.407
2026-07-01 09:25:00,75.15,75.2,75.07,75.17,15705.936
2026-07-01 09:30:00,75.18,75.35,75.09,75.3,5317.313
2026-07-01 09:35:00,75.3,75.33,75.21,75.26,5245.33
2026-07-01 09:40:00,75.27,75.3,75.16,75.19,5115.366
2026-07-01 09:45:00,75.2,75.31,75.08,75.22,17170.539
2026-07-01 09:50:00,75.21,75.44,75.17,75.41,8915.532
2026-07-01 09:55:00,75.42,75.58,75.33,75.45,35397.478
2026-07-01 10:00:00,75.46,75.54,75.26,75.49,10756.989
2026-07-01 10:05:00,75.49,75.57,75.36,75.5,8138.523
2026-07-01 10:10:00,75.5,75.51,75.28,75.31,9157.246
2026-07-01 10:15:00,75.32,75.48,75.22,75.47,6363.351
2026-07-01 10:20:00,75.46,75.52,75.3,75.31,5050.356
2026-07-01 10:25:00,75.31,75.35,75.15,75.35,8980.612
2026-07-01 10:30:00,75.34,75.39,75.22,75.24,7610.269
2026-07-01 10:35:00,75.24,75.27,75.15,75.15,4285.281
2026-07-01 10:40:00,75.14,75.19,75.02,75.06,7046.921
2026-07-01 10:45:00,75.05,75.18,75.04,75.18,2902.046
2026-07-01 10:50:00,75.18,75.23,75.09,75.11,2541.033
2026-07-01 10:55:00,75.11,75.13,74.97,74.99,5218.387
2026-07-01 11:00:00,74.99,75.04,74.67,74.9,17557.748
2026-07-01 11:05:00,74.89,75.05,74.79,74.83,16791.403
2026-07-01 11:10:00,74.84,75.16,74.8,75.14,7850.93
2026-07-01 11:15:00,75.15,75.32,75.1,75.19,7823.913
2026-07-01 11:20:00,75.19,75.2,75.03,75.09,6650.018
2026-07-01 11:25:00,75.09,75.18,75.02,75.02,4212.611
2026-07-01 11:30:00,75.02,75.11,74.84,74.86,11778.427
2026-07-01 11:35:00,74.87,75.04,74.86,74.93,12517.034
2026-07-01 11:40:00,74.93,74.97,74.87,74.97,3932.253
2026-07-01 11:45:00,74.97,75.04,74.69,74.79,33020.169
2026-07-01 11:50:00,74.8,74.86,74.76,74.81,9970.879
2026-07-01 11:55:00,74.81,74.86,74.64,74.84,4944.879
2026-07-01 12:00:00,74.84,74.96,74.67,74.69,4807.711
2026-07-01 12:05:00,74.7,74.81,74.55,74.76,10356.548
2026-07-01 12:10:00,74.76,74.87,74.37,74.47,51962.652
2026-07-01 12:15:00,74.48,74.66,74.48,74.62,6033.381
2026-07-01 12:20:00,74.62,74.68,74.53,74.68,7852.185
2026-07-01 12:25:00,74.68,74.68,74.55,74.61,3519.691
2026-07-01 12:30:00,74.6,74.72,74.36,74.43,10899.141
2026-07-01 12:35:00,74.43,74.53,74.38,74.44,11089.326
2026-07-01 12:40:00,74.44,74.54,74.4,74.5,11494.096
2026-07-01 12:45:00,74.51,74.52,74.37,74.44,3923.735
2026-07-01 12:50:00,74.45,74.57,74.27,74.38,13172.389
2026-07-01 12:55:00,74.39,74.62,74.39,74.62,13169.481
2026-07-01 13:00:00,74.61,75.02,74.61,74.83,33802.026
2026-07-01 13:05:00,74.82,74.96,74.8,74.85,5780.698
2026-07-01 13:10:00,74.85,75.07,74.84,74.95,15228.122
2026-07-01 13:15:00,74.95,75.15,74.86,74.89,10715.388
2026-07-01 13:20:00,74.89,75.34,74.87,75.25,13881.591
2026-07-01 13:25:00,75.24,75.42,75.04,75.37,10216.081
2026-07-01 13:30:00,75.36,75.43,74.66,75.33,48130.869
2026-07-01 13:35:00,75.33,75.6,75.15,75.34,14762.415
2026-07-01 13:40:00,75.33,75.7,75.25,75.49,46312.728
2026-07-01 13:45:00,75.48,75.77,75.34,75.63,30477.177
2026-07-01 13:50:00,75.63,76.34,75.55,75.99,66731.152
2026-07-01 13:55:00,75.99,76.14,75.88,76.04,18181.843
2026-07-01 14:00:00,76.04,76.27,75.64,75.94,57149.735
2026-07-01 14:05:00,75.94,75.99,75.78,75.98,24682.214
2026-07-01 14:10:00,75.97,76.32,75.95,76.3,27512.918
2026-07-01 14:15:00,76.31,77.27,76.24,76.93,101775.649
2026-07-01 14:20:00,76.94,77.09,76.83,76.87,29372.57
2026-07-01 14:25:00,76.87,76.93,76.6,76.67,16947.713
2026-07-01 14:30:00,76.67,76.95,76.34,76.61,30247.844
2026-07-01 14:35:00,76.61,76.84,76.45,76.84,14407.902
2026-07-01 14:40:00,76.85,77.0,76.74,76.87,20013.776
2026-07-01 14:45:00,76.87,77.1,76.42,76.96,22967.273
2026-07-01 14:50:00,76.96,77.15,76.88,76.98,22212.895
2026-07-01 14:55:00,76.97,76.98,76.73,76.97,14673.696
2026-07-01 15:00:00,76.97,77.17,76.85,77.1,14363.406
2026-07-01 15:05:00,77.11,77.47,76.99,77.04,24329.554
2026-07-01 15:10:00,77.04,77.14,76.96,77.02,9935.103
2026-07-01 15:15:00,77.02,77.08,76.85,76.91,9106.586
2026-07-01 15:20:00,76.91,77.8,76.82,77.48,49038.042
2026-07-01 15:25:00,77.49,77.71,77.41,77.54,23401.089
2026-07-01 15:30:00,77.55,77.64,77.22,77.27,16006.526
2026-07-01 15:35:00,77.27,77.4,77.22,77.26,18001.37
2026-07-01 15:40:00,77.27,77.48,77.24,77.45,11170.239
2026-07-01 15:45:00,77.44,77.46,77.14,77.17,7945.465
2026-07-01 15:50:00,77.17,77.3,77.1,77.17,10344.208
2026-07-01 15:55:00,77.17,77.5,77.17,77.43,14287.49
2026-07-01 16:00:00,77.43,77.45,77.18,77.24,19218.821
2026-07-01 16:05:00,77.23,77.49,77.2,77.36,7162.526
2026-07-01 16:10:00,77.36,77.5,77.27,77.29,7595.008
2026-07-01 16:15:00,77.28,77.66,77.27,77.59,14550.773
2026-07-01 16:20:00,77.59,77.59,77.33,77.34,8131.94
2026-07-01 16:25:00,77.35,78.25,77.33,77.77,100064.216
2026-07-01 16:30:00,77.77,77.83,77.59,77.64,9091.944
2026-07-01 16:35:00,77.65,77.65,77.49,77.52,8201.778
2026-07-01 16:40:00,77.52,77.68,77.49,77.67,19389.238
2026-07-01 16:45:00,77.68,77.68,77.3,77.37,8573.248
2026-07-01 16:50:00,77.38,77.44,77.15,77.18,9566.611
2026-07-01 16:55:00,77.18,77.2,76.91,77.17,15879.165
2026-07-01 17:00:00,77.17,77.21,76.85,76.99,6945.402
2026-07-01 17:05:00,77.0,77.21,76.87,77.21,20693.001
2026-07-01 17:10:00,77.21,77.29,77.13,77.24,13332.529
2026-07-01 17:15:00,77.25,77.57,77.19,77.5,16037.67
2026-07-01 17:20:00,77.5,77.9,77.45,77.81,13736.697
2026-07-01 17:25:00,77.82,77.98,77.71,77.74,8129.78
2026-07-01 17:30:00,77.73,77.87,77.58,77.72,7628.529
2026-07-01 17:35:00,77.72,77.93,77.66,77.77,9328.648
2026-07-01 17:40:00,77.77,77.83,77.65,77.67,2662.405
2026-07-01 17:45:00,77.67,77.89,77.65,77.79,5552.536
2026-07-01 17:50:00,77.8,77.88,77.73,77.82,2935.57
2026-07-01 17:55:00,77.82,77.83,77.71,77.77,2507.827
2026-07-01 18:00:00,77.77,77.91,77.69,77.91,6931.926
2026-07-01 18:05:00,77.91,77.91,77.65,77.67,8858.781
2026-07-01 18:10:00,77.67,77.78,77.51,77.76,10494.017
2026-07-01 18:15:00,77.75,77.86,77.55,77.86,9493.419
2026-07-01 18:20:00,77.86,77.86,77.53,77.64,4839.318
2026-07-01 18:25:00,77.63,77.66,77.57,77.62,3784.409
2026-07-01 18:30:00,77.61,77.65,77.35,77.61,5493.279
2026-07-01 18:35:00,77.62,77.77,77.53,77.75,12124.193
2026-07-01 18:40:00,77.76,77.78,77.65,77.75,5539.746
2026-07-01 18:45:00,77.75,77.76,77.39,77.54,8638.98
2026-07-01 18:50:00,77.54,77.63,77.29,77.36,5777.943
2026-07-01 18:55:00,77.37,77.45,77.3,77.42,6130.467
2026-07-01 19:00:00,77.42,77.67,77.4,77.61,3802.171
2026-07-01 19:05:00,77.61,77.69,77.55,77.65,4106.13
2026-07-01 19:10:00,77.65,77.67,77.42,77.52,4486.643
2026-07-01 19:15:00,77.53,77.61,77.49,77.56,5345.318
2026-07-01 19:20:00,77.55,77.55,77.43,77.45,4736.748
2026-07-01 19:25:00,77.45,77.45,77.16,77.24,5629.107
2026-07-01 19:30:00,77.24,77.42,77.22,77.33,6343.315
2026-07-01 19:35:00,77.33,77.35,77.2,77.32,7500.438
2026-07-01 19:40:00,77.31,77.35,77.22,77.35,3566.678
2026-07-01 19:45:00,77.34,77.34,77.1,77.17,6297.131
2026-07-01 19:50:00,77.18,77.3,77.01,77.04,13150.249
2026-07-01 19:55:00,77.04,77.05,76.8,77.0,13244.131
2026-07-01 20:00:00,77.01,77.05,76.76,76.85,8736.002
2026-07-01 20:05:00,76.85,76.94,76.71,76.74,7136.291
2026-07-01 20:10:00,76.74,76.91,76.7,76.85,5552.447
2026-07-01 20:15:00,76.84,76.9,76.59,76.65,8731.416
2026-07-01 20:20:00,76.64,76.73,76.61,76.69,4966.019
2026-07-01 20:25:00,76.7,76.92,76.7,76.88,6476.973
2026-07-01 20:30:00,76.88,77.03,76.83,76.97,8610.027
2026-07-01 20:35:00,76.97,77.02,76.88,77.02,4082.016
2026-07-01 20:40:00,77.03,77.36,77.02,77.23,17527.043
2026-07-01 20:45:00,77.24,77.51,77.24,77.44,7988.767
2026-07-01 20:50:00,77.44,77.45,77.29,77.38,7163.099
2026-07-01 20:55:00,77.37,77.48,77.37,77.42,4136.946
2026-07-01 21:00:00,77.43,77.79,77.43,77.75,7920.441
2026-07-01 21:05:00,77.76,77.95,77.7,77.9,16183.668
2026-07-01 21:10:00,77.9,78.14,77.75,77.87,17770.002
2026-07-01 21:15:00,77.87,77.93,77.73,77.86,9687.206
2026-07-01 21:20:00,77.87,77.89,77.75,77.8,7004.409
2026-07-01 21:25:00,77.79,77.94,77.68,77.84,6779.258
2026-07-01 21:30:00,77.83,78.63,77.82,78.28,20759.999
2026-07-01 21:35:00,78.27,78.44,78.19,78.29,18015.684
2026-07-01 21:40:00,78.3,78.36,78.14,78.22,11537.773
2026-07-01 21:45:00,78.22,78.35,78.15,78.34,5548.853
2026-07-01 21:50:00,78.33,78.7,78.24,78.4,10755.123
2026-07-01 21:55:00,78.4,78.6,78.39,78.42,11880.565
2026-07-01 22:00:00,78.41,78.41,78.24,78.29,7965.2
2026-07-01 22:05:00,78.28,78.36,78.2,78.28,4923.334
2026-07-01 22:10:00,78.28,78.37,78.28,78.29,2481.367
2026-07-01 22:15:00,78.29,78.42,78.29,78.39,9101.076
2026-07-01 22:20:00,78.39,78.96,78.34,78.74,55183.071
2026-07-01 22:25:00,78.73,78.92,78.22,78.23,17575.006
2026-07-01 22:30:00,78.23,78.42,78.13,78.2,8555.2
2026-07-01 22:35:00,78.21,78.29,78.02,78.07,8937.35
2026-07-01 22:40:00,78.07,78.25,78.04,78.05,7910.625
2026-07-01 22:45:00,78.04,78.06,77.85,77.85,15404.456
2026-07-01 22:50:00,77.86,77.96,77.79,77.92,7157.214
2026-07-01 22:55:00,77.93,77.94,77.77,77.87,7691.693
2026-07-01 23:00:00,77.86,77.9,77.56,77.63,12654.715
2026-07-01 23:05:00,77.64,77.74,77.61,77.71,5314.453
2026-07-01 23:10:00,77.72,77.74,77.49,77.54,4896.668
2026-07-01 23:15:00,77.54,77.7,77.38,77.65,12371.343
2026-07-01 23:20:00,77.66,77.74,77.61,77.63,4779.697
2026-07-01 23:25:00,77.63,77.72,77.58,77.68,6275.965
2026-07-01 23:30:00,77.68,77.79,77.61,77.66,9169.863
2026-07-01 23:35:00,77.66,77.68,77.5,77.53,14565.13
2026-07-01 23:40:00,77.53,77.61,77.46,77.53,10573.999
2026-07-01 23:45:00,77.53,77.62,77.26,77.43,16405.135
2026-07-01 23:50:00,77.43,77.5,77.36,77.5,4158.218
2026-07-01 23:55:00,77.5,77.52,77.41,77.46,5975.433
2026-07-02 00:00:00,77.46,77.46,77.12,77.26,21485.04
2026-07-02 00:05:00,77.26,77.45,77.24,77.4,16155.345
2026-07-02 00:10:00,77.41,77.42,77.32,77.33,3830.71
2026-07-02 00:15:00,77.33,77.38,77.09,77.11,7360.196
2026-07-02 00:20:00,77.12,77.38,77.09,77.29,7803.894
2026-07-02 00:25:00,77.29,77.34,77.17,77.18,2382.693
2026-07-02 00:30:00,77.19,77.21,77.05,77.05,4421.181
2026-07-02 00:35:00,77.04,77.1,76.96,76.98,5934.779
2026-07-02 00:40:00,76.98,77.03,76.9,76.98,6573.138
2026-07-02 00:45:00,76.98,77.27,76.98,77.26,9417.148
2026-07-02 00:50:00,77.27,77.36,77.22,77.25,8315.459
2026-07-02 00:55:00,77.25,77.3,77.18,77.26,6302.53
2026-07-02 01:00:00,77.27,77.42,77.23,77.29,4501.965
2026-07-02 01:05:00,77.3,77.49,77.24,77.47,3585.64
2026-07-02 01:10:00,77.47,77.65,77.41,77.63,7343.64
2026-07-02 01:15:00,77.63,77.84,77.56,77.76,4966.134
2026-07-02 01:20:00,77.76,77.82,77.68,77.82,4637.766
2026-07-02 01:25:00,77.82,77.95,77.77,77.95,5646.632
2026-07-02 01:30:00,77.96,78.38,77.95,78.31,14596.896
2026-07-02 01:35:00,78.3,78.48,78.25,78.48,8539.15
2026-07-02 01:40:00,78.48,78.71,78.3,78.32,11022.6
2026-07-02 01:45:00,78.33,78.43,78.2,78.21,11702.135
2026-07-02 01:50:00,78.21,78.26,78.01,78.09,8127.277
2026-07-02 01:55:00,78.08,78.2,78.01,78.2,3603.954
2026-07-02 02:00:00,78.2,78.2,77.97,78.1,9195.114
2026-07-02 02:05:00,78.1,78.12,77.91,77.94,3132.048
2026-07-02 02:10:00,77.94,78.14,77.8,78.05,3822.544
2026-07-02 02:15:00,78.05,78.23,78.04,78.13,4070.199
2026-07-02 02:20:00,78.13,78.2,78.08,78.2,4827.804
2026-07-02 02:25:00,78.2,78.26,78.17,78.19,3647.319
2026-07-02 02:30:00,78.19,78.38,78.11,78.33,5180.212
2026-07-02 02:35:00,78.33,78.52,78.3,78.44,5218.155
2026-07-02 02:40:00,78.43,78.53,78.42,78.5,4170.939
2026-07-02 02:45:00,78.5,78.6,78.38,78.39,6786.798
2026-07-02 02:50:00,78.38,78.43,78.33,78.4,6487.061
2026-07-02 02:55:00,78.4,78.49,78.39,78.44,6527.118
2026-07-02 03:00:00,78.44,78.56,78.41,78.45,5088.405
2026-07-02 03:05:00,78.44,78.53,78.41,78.42,4258.704
2026-07-02 03:10:00,78.42,78.49,78.36,78.45,2677.586
2026-07-02 03:15:00,78.45,78.46,77.94,78.15,39667.648
2026-07-02 03:20:00,78.15,78.16,77.76,77.99,27037.921
2026-07-02 03:25:00,77.99,78.72,77.94,78.47,24906.193
2026-07-02 03:30:00,78.46,78.46,78.07,78.43,30898.692
2026-07-02 03:35:00,78.43,78.61,78.29,78.58,6697.642
2026-07-02 03:40:00,78.57,78.6,78.49,78.54,4233.775
2026-07-02 03:45:00,78.53,78.57,78.38,78.57,4860.552
2026-07-02 03:50:00,78.56,78.96,78.56,78.77,32420.745
2026-07-02 03:55:00,78.78,78.89,78.67,78.72,7199.9
2026-07-02 04:00:00,78.71,78.72,78.49,78.64,15534.242
2026-07-02 04:05:00,78.64,78.64,78.36,78.46,7591.279
2026-07-02 04:10:00,78.46,78.56,78.43,78.51,3429.891
2026-07-02 04:15:00,78.5,78.5,78.36,78.43,7784.802
2026-07-02 04:20:00,78.44,78.48,78.26,78.31,6120.728
2026-07-02 04:25:00,78.31,78.34,78.24,78.3,6946.45
2026-07-02 04:30:00,78.3,78.3,78.12,78.18,4597.88
2026-07-02 04:35:00,78.19,78.2,78.11,78.16,3292.493
2026-07-02 04:40:00,78.16,78.23,78.06,78.21,5095.282
2026-07-02 04:45:00,78.21,78.31,78.15,78.29,2980.514
2026-07-02 04:50:00,78.29,78.41,78.25,78.33,9118.565
2026-07-02 04:55:00,78.33,78.34,78.26,78.29,2125.781
2026-07-02 05:00:00,78.28,78.29,78.09,78.15,4235.876
2026-07-02 05:05:00,78.15,78.33,78.15,78.33,1798.467
2026-07-02 05:10:00,78.33,78.36,78.23,78.29,5048.953
2026-07-02 05:15:00,78.29,78.33,78.19,78.31,2284.656
2026-07-02 05:20:00,78.3,78.3,78.11,78.16,4845.346
2026-07-02 05:25:00,78.16,78.16,78.05,78.05,6626.754
2026-07-02 05:30:00,78.05,78.1,77.99,78.1,4668.661
2026-07-02 05:35:00,78.1,78.15,77.86,77.87,6212.753
2026-07-02 05:40:00,77.88,77.91,77.79,77.84,4380.902
2026-07-02 05:45:00,77.85,77.93,77.8,77.93,4147.272
2026-07-02 05:50:00,77.93,78.11,77.91,78.08,4736.303
2026-07-02 05:55:00,78.08,78.14,78.03,78.11,2205.342
2026-07-02 06:00:00,78.11,78.2,77.99,78.02,3724.957
2026-07-02 06:05:00,78.02,78.09,77.93,78.01,15159.281
2026-07-02 06:10:00,78.02,78.1,77.98,78.07,6808.407
2026-07-02 06:15:00,78.07,78.24,78.03,78.22,7317.451
2026-07-02 06:20:00,78.22,78.39,78.22,78.29,5488.287
2026-07-02 06:25:00,78.29,78.4,78.23,78.24,4024.817
2026-07-02 06:30:00,78.24,78.64,78.23,78.55,13554.015
2026-07-02 06:35:00,78.54,78.55,78.35,78.35,4765.474
2026-07-02 06:40:00,78.34,78.39,78.08,78.13,8265.038
2026-07-02 06:45:00,78.14,78.17,77.86,77.87,9249.881
2026-07-02 06:50:00,77.88,77.91,77.74,77.91,8013.54
2026-07-02 06:55:00,77.9,77.99,77.88,77.9,2870.302
2026-07-02 07:00:00,77.91,78.0,77.79,77.81,10917.8
2026-07-02 07:05:00,77.81,77.86,77.67,77.84,8058.272
2026-07-02 07:10:00,77.83,77.9,77.74,77.8,5412.437
2026-07-02 07:15:00,77.81,77.95,77.59,77.69,7392.101
2026-07-02 07:20:00,77.69,77.85,77.69,77.84,4062.784
2026-07-02 07:25:00,77.83,77.83,77.66,77.74,2750.571
2026-07-02 07:30:00,77.74,77.83,77.65,77.76,5100.154
2026-07-02 07:35:00,77.76,77.89,77.75,77.86,5770.282
2026-07-02 07:40:00,77.86,77.98,77.83,77.97,11520.115
2026-07-02 07:45:00,77.98,78.18,77.91,78.11,7336.053
2026-07-02 07:50:00,78.11,78.2,77.98,78.01,4353.283
2026-07-02 07:55:00,78.0,78.02,77.91,77.99,5827.325
2026-07-02 08:00:00,78.0,78.08,77.94,78.05,2947.73
2026-07-02 08:05:00,78.06,78.23,78.03,78.18,10501.456
2026-07-02 08:10:00,78.18,78.2,78.01,78.14,6501.322
2026-07-02 08:15:00,78.14,78.27,78.14,78.27,3139.361
2026-07-02 08:20:00,78.26,78.3,78.19,78.24,5235.047
2026-07-02 08:25:00,78.25,78.31,78.19,78.21,11210.239
2026-07-02 08:30:00,78.2,78.4,78.1,78.4,12792.79
2026-07-02 08:35:00,78.4,78.48,78.3,78.39,8290.935
2026-07-02 08:40:00,78.39,78.41,78.31,78.41,5141.295
2026-07-02 08:45:00,78.41,78.52,78.34,78.41,6501.031
2026-07-02 08:50:00,78.41,78.45,78.37,78.45,4134.792
2026-07-02 08:55:00,78.44,78.49,78.41,78.48,4966.817
2026-07-02 09:00:00,78.48,78.53,78.38,78.44,5768.961
2026-07-02 09:05:00,78.44,78.51,78.29,78.48,29507.875
2026-07-02 09:10:00,78.48,78.62,78.43,78.43,13953.148
2026-07-02 09:15:00,78.44,78.48,78.35,78.41,7934.901
2026-07-02 09:20:00,78.42,78.71,78.42,78.62,25506.135
2026-07-02 09:25:00,78.62,78.88,78.57,78.82,16895.196
2026-07-02 09:30:00,78.82,79.52,78.76,79.33,50899.733
2026-07-02 09:35:00,79.33,79.7,79.29,79.63,40183.444
2026-07-02 09:40:00,79.63,79.8,79.44,79.48,39235.771
2026-07-02 09:45:00,79.47,79.5,79.25,79.48,15498.7
2026-07-02 09:50:00,79.48,79.69,79.35,79.6,17116.294
2026-07-02 09:55:00,79.6,79.72,79.47,79.5,18392.372
2026-07-02 10:00:00,79.49,79.59,79.43,79.56,6644.998
2026-07-02 10:05:00,79.56,79.87,79.51,79.57,14178.294
2026-07-02 10:10:00,79.57,79.74,79.55,79.69,9035.061
2026-07-02 10:15:00,79.7,79.8,79.46,79.8,15047.512
2026-07-02 10:20:00,79.79,80.29,79.74,80.16,58666.199
2026-07-02 10:25:00,80.17,80.59,80.12,80.25,37359.805
2026-07-02 10:30:00,80.25,80.69,80.2,80.67,36809.892
2026-07-02 10:35:00,80.67,80.93,80.57,80.84,53256.952
2026-07-02 10:40:00,80.84,81.34,80.71,81.05,100373.331
2026-07-02 10:45:00,81.06,81.4,80.89,81.39,81972.434
2026-07-02 10:50:00,81.4,81.97,81.29,81.74,73742.701
2026-07-02 10:55:00,81.74,82.18,81.46,82.09,59572.766
2026-07-02 11:00:00,82.09,82.11,81.51,81.61,46073.801
2026-07-02 11:05:00,81.62,82.0,81.56,81.73,27167.863
2026-07-02 11:10:00,81.73,82.66,81.69,82.29,82266.705
2026-07-02 11:15:00,82.29,82.35,81.97,82.08,33845.858
2026-07-02 11:20:00,82.08,82.76,81.95,82.61,32925.144
2026-07-02 11:25:00,82.6,82.78,82.24,82.54,53009.001
2026-07-02 11:30:00,82.54,82.73,82.2,82.24,27738.874
2026-07-02 11:35:00,82.25,82.55,82.18,82.3,35255.889
2026-07-02 11:40:00,82.3,82.57,82.25,82.43,15408.898
2026-07-02 11:45:00,82.43,82.57,82.27,82.31,40534.444
2026-07-02 11:50:00,82.32,82.48,82.27,82.3,20036.344
2026-07-02 11:55:00,82.3,82.49,81.99,82.38,37227.235
2026-07-02 12:00:00,82.37,82.38,82.15,82.26,17816.184
2026-07-02 12:05:00,82.26,82.45,82.25,82.29,18415.047
2026-07-02 12:10:00,82.29,82.4,82.17,82.28,23390.943
2026-07-02 12:15:00,82.29,82.4,81.66,81.76,38960.434
2026-07-02 12:20:00,81.77,81.89,81.7,81.79,25700.162
2026-07-02 12:25:00,81.79,82.24,81.77,82.07,27130.359
2026-07-02 12:30:00,82.07,82.41,81.24,81.47,82863.578
2026-07-02 12:35:00,81.48,81.5,81.25,81.35,33410.784
2026-07-02 12:40:00,81.35,81.47,81.12,81.22,23515.411
2026-07-02 12:45:00,81.21,81.44,81.21,81.42,15237.694
2026-07-02 12:50:00,81.42,81.5,81.27,81.49,16916.227
2026-07-02 12:55:00,81.48,81.49,81.25,81.41,19568.197
2026-07-02 13:00:00,81.4,81.51,81.23,81.31,12193.437
2026-07-02 13:05:00,81.31,81.67,81.3,81.56,19081.624
2026-07-02 13:10:00,81.57,81.69,81.43,81.47,13991.297
2026-07-02 13:15:00,81.47,81.54,81.17,81.31,19679.586
2026-07-02 13:20:00,81.31,81.58,81.24,81.52,16981.513
2026-07-02 13:25:00,81.51,81.67,80.72,80.95,41997.988
2026-07-02 13:30:00,80.96,81.64,80.78,81.58,46570.308
2026-07-02 13:35:00,81.57,81.82,81.42,81.63,37242.36
2026-07-02 13:40:00,81.63,81.79,81.59,81.77,13621.21
2026-07-02 13:45:00,81.77,81.99,81.59,81.73,30099.055
2026-07-02 13:50:00,81.73,81.73,81.49,81.6,9701.877
2026-07-02 13:55:00,81.59,81.6,81.35,81.51,10245.382
2026-07-02 14:00:00,81.5,81.53,81.14,81.24,19042.542
2026-07-02 14:05:00,81.25,81.32,81.12,81.15,12668.901
2026-07-02 14:10:00,81.16,81.45,81.06,81.3,11992.923
2026-07-02 14:15:00,81.29,81.46,81.02,81.08,13477.468
2026-07-02 14:20:00,81.08,81.09,80.61,80.64,32704.195
2026-07-02 14:25:00,80.65,80.74,80.41,80.58,21074.097
2026-07-02 14:30:00,80.59,80.83,80.53,80.54,11817.284
2026-07-02 14:35:00,80.55,80.91,80.41,80.7,11884.142
2026-07-02 14:40:00,80.69,80.71,80.45,80.53,14847.075
2026-07-02 14:45:00,80.53,80.84,80.53,80.79,9709.966
2026-07-02 14:50:00,80.78,80.87,80.19,80.25,42723.295
2026-07-02 14:55:00,80.25,80.54,80.12,80.54,23189.98
2026-07-02 15:00:00,80.54,80.68,80.35,80.37,9140.093
2026-07-02 15:05:00,80.38,80.43,80.09,80.24,11859.124
2026-07-02 15:10:00,80.23,80.43,80.17,80.37,9804.993
2026-07-02 15:15:00,80.36,80.52,80.25,80.38,10179.037
2026-07-02 15:20:00,80.39,80.72,80.39,80.71,11103.173
2026-07-02 15:25:00,80.71,80.8,80.61,80.69,8650.953
2026-07-02 15:30:00,80.68,80.79,80.63,80.73,8807.466
2026-07-02 15:35:00,80.73,80.86,80.54,80.66,8438.039
2026-07-02 15:40:00,80.67,80.84,80.66,80.76,5856.362
2026-07-02 15:45:00,80.75,80.84,80.64,80.66,3867.078
2026-07-02 15:50:00,80.67,80.75,80.57,80.75,3998.274
2026-07-02 15:55:00,80.75,80.92,80.71,80.86,15031.159
2026-07-02 16:00:00,80.87,80.96,80.67,80.91,12756.011
2026-07-02 16:05:00,80.91,81.09,80.86,80.91,7981.602
2026-07-02 16:10:00,80.91,81.11,80.91,81.01,5928.048
2026-07-02 16:15:00,81.02,81.03,80.68,80.74,9544.185
2026-07-02 16:20:00,80.75,80.78,80.65,80.77,6110.395
2026-07-02 16:25:00,80.77,80.81,80.37,80.52,15801.278
2026-07-02 16:30:00,80.53,80.72,80.33,80.35,11350.803
2026-07-02 16:35:00,80.34,80.44,80.15,80.28,11630.524
2026-07-02 16:40:00,80.28,80.41,80.21,80.25,11477.635
2026-07-02 16:45:00,80.25,80.61,80.24,80.61,13919.925
2026-07-02 16:50:00,80.61,80.76,80.52,80.71,13885.569
2026-07-02 16:55:00,80.71,80.71,80.52,80.56,10047.932
2026-07-02 17:00:00,80.55,80.72,80.51,80.71,14393.893
2026-07-02 17:05:00,80.72,81.0,80.56,80.73,81201.442
2026-07-02 17:10:00,80.74,81.01,80.62,80.93,31124.612
2026-07-02 17:15:00,80.94,81.07,80.9,81.01,6231.015
2026-07-02 17:20:00,81.02,81.24,80.96,81.09,10864.916
2026-07-02 17:25:00,81.1,81.18,81.04,81.13,11022.87
2026-07-02 17:30:00,81.12,81.12,80.88,80.89,7869.224
2026-07-02 17:35:00,80.88,80.89,80.68,80.79,4986.05
2026-07-02 17:40:00,80.8,80.95,80.78,80.88,3861.391
2026-07-02 17:45:00,80.87,80.94,80.69,80.71,2764.336
2026-07-02 17:50:00,80.71,80.85,80.64,80.84,3459.589
2026-07-02 17:55:00,80.83,80.83,80.58,80.63,4002.86
2026-07-02 18:00:00,80.64,80.8,80.64,80.77,2203.048
2026-07-02 18:05:00,80.77,81.03,80.77,81.03,6193.145
2026-07-02 18:10:00,81.03,81.15,80.96,81.1,3317.461
2026-07-02 18:15:00,81.09,81.1,80.87,81.01,6899.257
2026-07-02 18:20:00,81.01,81.05,80.86,80.88,2635.948
2026-07-02 18:25:00,80.88,80.99,80.87,80.96,8447.13
2026-07-02 18:30:00,80.96,81.07,80.87,80.98,6432.028
2026-07-02 18:35:00,80.99,81.08,80.91,81.02,5421.059
2026-07-02 18:40:00,81.02,81.1,80.99,81.06,5612.268
2026-07-02 18:45:00,81.07,81.24,81.02,81.21,5816.501
2026-07-02 18:50:00,81.21,81.26,81.0,81.0,5146.778
2026-07-02 18:55:00,81.01,81.06,80.93,81.04,17709.707
2026-07-02 19:00:00,81.04,81.11,80.92,81.04,9276.225
2026-07-02 19:05:00,81.05,81.09,80.91,80.98,6206.659
2026-07-02 19:10:00,80.98,81.12,80.92,81.09,6207.782
2026-07-02 19:15:00,81.1,81.1,80.87,80.95,3742.057
2026-07-02 19:20:00,80.95,80.97,80.82,80.88,3341.747
2026-07-02 19:25:00,80.89,80.99,80.8,80.88,5417.167
2026-07-02 19:30:00,80.89,80.95,80.85,80.9,3416.238
2026-07-02 19:35:00,80.89,80.99,80.89,80.94,11746.469
2026-07-02 19:40:00,80.95,81.09,80.94,81.08,3133.176
2026-07-02 19:45:00,81.09,81.16,81.06,81.07,2236.246
2026-07-02 19:50:00,81.07,81.32,81.01,81.03,10163.723
2026-07-02 19:55:00,81.03,81.05,80.83,80.83,8018.287
2026-07-02 20:00:00,80.84,80.88,80.6,80.68,14815.962
2026-07-02 20:05:00,80.67,80.75,80.6,80.71,7970.741
2026-07-02 20:10:00,80.71,80.81,80.67,80.81,3444.009
2026-07-02 20:15:00,80.81,80.88,80.71,80.72,1889.6
2026-07-02 20:20:00,80.71,80.73,80.65,80.65,5678.084
2026-07-02 20:25:00,80.65,80.7,80.58,80.63,8281.239
2026-07-02 20:30:00,80.63,80.73,80.59,80.73,2881.332
2026-07-02 20:35:00,80.74,80.82,80.68,80.79,4960.977
2026-07-02 20:40:00,80.8,80.82,80.77,80.79,2354.884
2026-07-02 20:45:00,80.79,80.98,80.78,80.98,5426.819
2026-07-02 20:50:00,80.98,81.02,80.87,80.9,4237.432
2026-07-02 20:55:00,80.9,81.11,80.9,81.03,9314.339
2026-07-02 21:00:00,81.03,81.08,80.94,80.98,6145.137
2026-07-02 21:05:00,80.97,81.01,80.93,80.98,2065.197
2026-07-02 21:10:00,80.98,81.17,80.97,81.08,4122.475
2026-07-02 21:15:00,81.08,81.12,81.03,81.07,3279.73
2026-07-02 21:20:00,81.07,81.07,81.0,81.06,1358.887
2026-07-02 21:25:00,81.07,81.07,80.93,80.93,1726.656
2026-07-02 21:30:00,80.92,80.92,80.8,80.86,4718.652
2026-07-02 21:35:00,80.85,81.01,80.85,80.9,1731.933
2026-07-02 21:40:00,80.9,80.9,80.7,80.75,2484.776
2026-07-02 21:45:00,80.75,80.75,80.5,80.55,7131.436
2026-07-02 21:50:00,80.55,80.77,80.53,80.7,3052.199
2026-07-02 21:55:00,80.7,80.8,80.64,80.8,2101.821
2026-07-02 22:00:00,80.79,80.87,80.51,80.59,14921.491
2026-07-02 22:05:00,80.58,80.64,80.51,80.54,3405.732
2026-07-02 22:10:00,80.54,80.57,80.45,80.48,8359.151
2026-07-02 22:15:00,80.48,80.68,80.41,80.59,13414.639
2026-07-02 22:20:00,80.59,80.63,80.49,80.63,2468.461
